real main.em.dem.trp.frgt.ProjF.TkmGlobalTot[28,8](t) = [1971, 
335661.7,
355743.3,
44141.61,
107253.1,
2595.248,
2348617,
0,
3194012,
1058035,
2173433,
542832.9,
1321100,
47573.39,
5524689,
0,
1.066766e+07,
0,
3005.459,
14295.47,
39701.78,
326.2227,
186278.4,
0,
243607.4,
53923.51,
554.285,
7844.275,
21606.9,
1289.457,
992992.1,
0,
1078211,
151263.8,
66580.16,
26825.49,
71841.47,
843.0681,
466195,
0,
783549,
189759.6,
18076.64,
34285.52,
95321.65,
1196.275,
1031910,
0,
1370550,
34025.61,
3681.128,
5980.505,
7737.371,
448.2917,
695029.8,
0,
746902.6,
26262.18,
3420.505,
4589.27,
11168.85,
462.9927,
787987.2,
0,
833891,
12123.66,
10937.05,
3054.981,
7393.081,
457.2861,
294694.4,
0,
328660.5,
0,
40060.93,
11586.13,
26864.88,
268.4576,
616322.6,
0,
695102.9,
1656141,
137035,
246925.8,
908611.6,
13638.46,
2.969366e+07,
0,
3.265602e+07,
130688.1,
36468.14,
32432.05,
120487.5,
1101.02,
2478382,
0,
2799559,
79111.91,
3988.674,
8249.521,
9177.697,
82.02919,
166566.4,
0,
267176.3,
393915.1,
306847.4,
10137.38,
38653.76,
2154.821,
265619.3,
0,
1017328,
196872.7,
181586.5,
3613.096,
8786.596,
1409.607,
134534.4,
0,
526802.9,
1207713,
1114015,
21939.52,
53528.94,
8647.789,
817555.4,
0,
3223400,
0,
442.8484,
14763.81,
19407.79,
3026.291,
2101300,
0,
2138941,
66266.65,
22819.31,
6096.767,
30174.21,
518.0073,
396472.5,
0,
522347.4,
51052.16,
0,
2669.126,
11155.4,
0,
200331.5,
0,
265208.2,
35553.32,
12812.24,
7846.148,
36369.52,
1263.081,
1140927,
0,
1234771,
64136.38,
0,
15764.05,
51335.5,
3516.41,
869489.7,
0,
1004242,
9301.472,
0,
4729.219,
15385.08,
242.9687,
249849.6,
0,
279508.3,
911682.4,
95579.76,
42709.44,
211399.3,
3575.462,
3888686,
0,
5153632,
226387.5,
15051.27,
15363.34,
48278.24,
1242.532,
778730.9,
0,
1085054,
6289.88,
6950.864,
1903.956,
9508.546,
347.1545,
191841.5,
0,
216841.9,
476.118,
4092.375,
2670.598,
6353.074,
186.0623,
461260.8,
0,
475039.1,
0,
0,
0,
0,
0,
0,
0,
0,
6896643,
4613181,
1133250,
3288602,
96412.38,
5.677992e+07,
0,
7.280802e+07,
1972, 
368029.8,
373554.3,
47184.13,
114640.9,
2739.275,
2441427,
0,
3347575,
856149.5,
2448002,
579093.1,
1409241,
48348.7,
5711827,
0,
1.105266e+07,
0,
3645.967,
15408.37,
42762.16,
376.639,
189835.6,
0,
252028.8,
44293.93,
578.9241,
8029.997,
22130.37,
1053.979,
967112.6,
0,
1043200,
178803,
68778.48,
30159.76,
81048.65,
953.7645,
525097,
0,
884840.6,
196460.3,
20601.29,
36257.89,
100766,
1266.309,
995056.5,
0,
1350408,
35369.86,
4024.5,
7048.629,
9130.495,
448.7015,
732248.1,
0,
788270.3,
27650.48,
3564.097,
5099.233,
12391.97,
474.825,
785749.3,
0,
834929.9,
13972.14,
11685.68,
3182.914,
7699.991,
489.8626,
280664.5,
0,
317695.1,
0,
41647.79,
12616.82,
29414.59,
266.8225,
588087.9,
0,
672033.9,
1650500,
133687.3,
261870.4,
967812.9,
14748.03,
3.103096e+07,
0,
3.405958e+07,
141311.6,
38471.94,
33872.02,
125816.7,
1125.201,
2594502,
0,
2935099,
95416.17,
4229.46,
9398.821,
10398.79,
118.9423,
187023.2,
0,
306585.3,
422434.8,
318366.5,
11110.85,
42424.83,
2223.697,
277885.8,
0,
1074447,
211127.3,
188301.5,
3959.843,
9631.229,
1454.662,
140190.6,
0,
554665.1,
1295159,
1155210,
24032.46,
58610.94,
8924.203,
854707.9,
0,
3396645,
0,
442.8484,
16475.29,
21668.44,
3420.756,
2089664,
0,
2131672,
54207.4,
24550.68,
6520.407,
32337.42,
557.6437,
381768.3,
0,
499941.9,
51047.23,
537.1093,
2679.687,
11166.99,
0,
211627.4,
0,
277058.5,
46816.98,
14044.67,
9115.507,
42438.79,
1886.928,
1257498,
0,
1371800,
62078.71,
0,
16306.06,
53054.39,
3708.751,
871572,
0,
1006720,
11928.63,
0,
5045.967,
16420.96,
285.0642,
292068.4,
0,
325749.1,
821608.8,
93106.7,
45146.47,
225207.6,
3970.547,
4102754,
0,
5291795,
191968.9,
15841.56,
16233.4,
51358.5,
1286.25,
783914.8,
0,
1060603,
6435.397,
5675.28,
2056.68,
10279.86,
361.2712,
298255.7,
0,
323064.2,
714.1758,
4882.133,
3380.521,
8060.81,
186.6309,
423636.2,
0,
440860.5,
0,
0,
0,
0,
0,
0,
0,
0,
6783484,
4973431,
1211285,
3515916,
100677.5,
5.901513e+07,
0,
7.559992e+07,
1973, 
386717.2,
381274.7,
51455.42,
125039,
3054.635,
2514837,
0,
3462378,
695591,
2624463,
608185.3,
1479950,
48656.73,
5874257,
0,
1.13311e+07,
0,
4385.014,
17015.31,
47222.56,
434.4694,
202795.2,
0,
271852.6,
44733.02,
603.5494,
8714.472,
24037.67,
1073.115,
1041587,
0,
1120748,
221283.8,
74287.78,
35173.53,
94665.16,
1113.802,
528637.2,
0,
955161.3,
160588.2,
28635.2,
38343.51,
106546.8,
1347.753,
1077780,
0,
1413241,
36662.31,
4314.141,
7423.765,
9621.498,
532.8274,
760511.5,
0,
819066.1,
29235.5,
3564.097,
5664.039,
13767.73,
572.4602,
840819.1,
0,
893622.9,
14662.22,
10896.09,
3471.561,
8405.547,
515.2858,
308652.8,
0,
346603.5,
0,
43354.43,
14136.72,
33083.29,
291.1515,
647228.7,
0,
738094.3,
1845234,
136619.8,
277174.3,
1028608,
15795.1,
3.151005e+07,
0,
3.481348e+07,
137713.7,
39805.91,
36164.22,
134702,
1177.131,
2644638,
0,
2994201,
127548.2,
4553.95,
10905.75,
12020.92,
116.4814,
188069.1,
0,
343214.4,
436545.3,
324388.5,
11995.41,
45868.11,
2253.215,
282789.1,
0,
1103840,
218179.7,
191756.9,
4279.742,
10417.08,
1473.972,
146249.5,
0,
572356.9,
1338423,
1176409,
25981.66,
63392.22,
9042.665,
868849.6,
0,
3482097,
0,
442.8484,
19012.4,
25018.19,
3620.389,
2267467,
0,
2315561,
41426.28,
25153.34,
6820.843,
33895.55,
526.731,
414359.3,
0,
522182,
63862.12,
570.2205,
2849.264,
11894.3,
399.8021,
218778,
0,
298353.7,
51935.6,
14899.34,
10666.05,
49829.71,
1858.033,
1275075,
0,
1404264,
60651.77,
0,
17316.86,
56333.05,
3915.682,
928364.6,
0,
1066582,
12850.94,
0,
5358.878,
17439.55,
289.5231,
289722.1,
0,
325661,
989393.2,
101622.7,
49112.7,
246163.4,
4797.818,
4195291,
0,
5586381,
257529.1,
21287.7,
17086.07,
54321.18,
1391.957,
827452.9,
0,
1179069,
6553.275,
3438.306,
2110.197,
10560.78,
347.3571,
260802.9,
0,
283812.8,
714.171,
5456.5,
3282.708,
7846.954,
218.9399,
477879.9,
0,
495399.2,
0,
0,
0,
0,
0,
0,
0,
0,
7178033,
5222183,
1289701,
3750651,
104817,
6.059294e+07,
0,
7.813833e+07,
1974, 
361513.2,
406007.3,
53601.93,
130276.2,
3285.829,
2368739,
0,
3323424,
609936.7,
2629089,
594474.3,
1446505,
45998.05,
5672515,
0,
1.099852e+07,
0,
4434.283,
17433.43,
48383.25,
577.5625,
197581.9,
0,
268410.4,
46009.38,
603.5635,
8501.341,
23470.47,
1034.943,
987441.1,
0,
1067061,
379358,
83581.42,
36825.19,
99285.98,
1253.989,
552821.1,
0,
1153126,
152327.5,
50116.7,
39813.16,
110612.6,
1390.901,
1014311,
0,
1368572,
37553.31,
4603.302,
8348.645,
10827.28,
586.2728,
761970.4,
0,
823889.3,
30434.26,
3414.496,
6142.234,
14933.62,
594.8887,
815374.3,
0,
870893.8,
15820.37,
11377.69,
3495.693,
8471.662,
443.6668,
281297,
0,
320906.1,
0,
46513.19,
13797.65,
32417.32,
307.8416,
607576.1,
0,
700612.1,
2080510,
134933.6,
264567.5,
986091.3,
14949.61,
3.094715e+07,
0,
3.44282e+07,
144665.3,
44439.24,
35966.5,
134517.9,
1215.385,
2580796,
0,
2941601,
127730.2,
4570.1,
11515,
12677.43,
140.2699,
191934.4,
0,
348567.4,
450948.7,
332264.2,
13072.3,
50060.27,
2341.769,
276796.3,
0,
1125484,
225378.4,
199301.8,
4664.65,
11362.57,
1531.9,
142734.3,
0,
584973.6,
1382584,
1206183,
28338.06,
69172.05,
9398.054,
849855.3,
0,
3545530,
0,
442.8484,
21225.82,
27946.05,
3641.866,
2253147,
0,
2306403,
38751.94,
24990.73,
7787.655,
38780.04,
560.7842,
383562.1,
0,
494433.2,
86976.11,
615.1112,
2632.392,
11025.28,
373.0939,
240308.4,
0,
341930.4,
44020.58,
15574.55,
12489.7,
58555.23,
1516.327,
1330479,
0,
1462636,
56119.59,
0,
16575.08,
53909.33,
3204.287,
934700.1,
0,
1064508,
15684.04,
0,
6084.823,
19803.26,
318.2309,
329959.1,
0,
371849.4,
1207056,
100804.1,
48030.49,
242008.5,
4201.083,
4194551,
0,
5796651,
246364.5,
25262.88,
17537.07,
56036.72,
1471.208,
807011.1,
0,
1153684,
14087.03,
4479.132,
2108.121,
10563.83,
359.5125,
282426.8,
0,
314024.5,
714.1657,
5755.244,
2954.617,
7081.83,
246.9116,
437117.8,
0,
453870.6,
0,
0,
0,
0,
0,
0,
0,
0,
7754543,
5339357,
1277983,
3714775,
100944.2,
5.944216e+07,
0,
7.762976e+07,
1975, 
293315.8,
376379.6,
55567.81,
135075.7,
3408.557,
2044317,
0,
2908065,
563579,
2371611,
604022.5,
1469661,
47414.44,
5161042,
0,
1.021733e+07,
0,
4458.918,
17756.15,
49278.78,
562.7343,
181076.3,
0,
253132.9,
49148.89,
652.8278,
8959.306,
24756.89,
1342.27,
953764.6,
0,
1038625,
384439.3,
84446.59,
39086.75,
105599.5,
1316.325,
564067.9,
0,
1178956,
188875.8,
50628.56,
40728.22,
113134,
1415.218,
943972.1,
0,
1338754,
37963.83,
4859.484,
8773.262,
11387.57,
618.1646,
795766.1,
0,
859368.4,
30482.28,
3342.262,
7111.563,
17294.38,
685.6631,
787367.4,
0,
846283.6,
16978.49,
9366.894,
3277.491,
7950.256,
494.8915,
233069.9,
0,
271137.9,
0,
47291.65,
15205.1,
35870.32,
362.3854,
535065.9,
0,
633795.3,
1973034,
132181.1,
274569.7,
1027965,
15100.67,
2.791964e+07,
0,
3.134249e+07,
132861.2,
46632.63,
38395.72,
144242.8,
1119.302,
2309525,
0,
2672777,
144770.9,
4909.06,
14179,
15595.63,
124.6844,
186988.5,
0,
366567.8,
432028.4,
356077.5,
14297,
54832.75,
2007.231,
242322.1,
0,
1101565,
215922.3,
208974.3,
5108.276,
12452.25,
1313.058,
125242.5,
0,
569012.7,
1324578,
1295721,
31068.46,
75867.89,
8055.474,
745040.3,
0,
3480331,
0,
442.8484,
24957.54,
32878.83,
3958.353,
2637728,
0,
2699966,
47971.42,
28504.31,
8129.143,
40565.95,
596.2097,
333368.5,
0,
459135.5,
70787.62,
1226.162,
2756.951,
11591.75,
362.0889,
250865.3,
0,
337589.9,
52181.12,
16608.51,
13514.11,
63586.43,
1377.964,
1247240,
0,
1394509,
56379.37,
0,
17085.87,
55558.96,
3047.74,
916394.6,
0,
1048467,
16798.2,
0,
6563.901,
21365.58,
409.816,
373465.4,
0,
418602.9,
1267109,
87653.55,
50214.34,
254397.8,
4842.925,
4028706,
0,
5692924,
217637.3,
26360.96,
18174.93,
58376.9,
1567.025,
718035,
0,
1040152,
20036.08,
5005.995,
2268.63,
11382.53,
346.7869,
281974.1,
0,
321014.2,
714.1601,
6185.518,
2967.582,
7133.218,
297.044,
361392.8,
0,
378690.3,
0,
0,
0,
0,
0,
0,
0,
0,
7537594,
5169521,
1324739,
3857803,
102147,
5.487744e+07,
0,
7.286924e+07,
1976, 
285578,
333025.2,
58817.5,
142999.8,
3338.965,
1912075,
0,
2735834,
594527.1,
2500107,
634044.8,
1542632,
46192.91,
5157956,
0,
1.047546e+07,
0,
4311.109,
18925.54,
52523.06,
652.4456,
185882.2,
0,
262294.4,
40094.52,
726.7319,
9317.709,
25772.96,
1316.67,
1066014,
0,
1143242,
420132.3,
87378.98,
41647.91,
112804.6,
1456.736,
602406.9,
0,
1265827,
193366.3,
59399.07,
42472.13,
117951,
1487.309,
983404,
0,
1398080,
39070.04,
5216.125,
9817.126,
12756.89,
635.569,
924968.8,
0,
992464.6,
36198.71,
3629.858,
8421.344,
20484.8,
718.7351,
870508.4,
0,
939961.9,
18588.72,
7712.347,
3199.278,
7768.442,
502.3529,
225051.5,
0,
262822.7,
0,
50240.84,
15483.69,
36697.1,
401.2787,
543152.5,
0,
645975.4,
1975187,
131317.3,
287330.5,
1081210,
15635.81,
2.775061e+07,
0,
3.124129e+07,
138179.4,
47639.43,
39831.91,
150403.2,
1254.694,
2362740,
0,
2740048,
147092.4,
5128.502,
15716.88,
17272.72,
148.4728,
200710.7,
0,
386069.7,
436533.5,
348895.6,
15367.16,
59036.88,
2066.266,
251696.5,
0,
1113596,
218173.9,
207822.1,
5491.346,
13397.08,
1351.677,
130658.9,
0,
576895,
1338395,
1273893,
33454.57,
81734.06,
8292.4,
775860.7,
0,
3511629,
0,
442.8484,
29764.96,
39238.54,
3448.202,
3343588,
0,
3416482,
49201.63,
31377.39,
8400.947,
42019.05,
630.1637,
345819.6,
0,
477448.8,
53095.82,
1236.78,
2703.702,
11421.16,
485.3434,
289009.4,
0,
357952.2,
56614.29,
17502.07,
13849.24,
65422.61,
1589.195,
1231507,
0,
1386485,
54962.16,
0,
17157.37,
55776.57,
2488.543,
998751.9,
0,
1129137,
18182.68,
0,
6729.965,
21911.61,
638.1934,
436454.3,
0,
483916.7,
1246888,
92704.49,
53025.03,
270328.7,
5025.978,
4140086,
0,
5808058,
195713.4,
26980.27,
18677.38,
60336.99,
1584.083,
701659.8,
0,
1004952,
18759.79,
5014.738,
2387.301,
11994.25,
383.9822,
261667.7,
0,
300207.8,
714.1543,
5467.703,
2901.342,
6995.423,
274.4217,
339176.9,
0,
355529.9,
0,
0,
0,
0,
0,
0,
0,
0,
7575249,
5247169,
1394937,
4060890,
102000.4,
5.603142e+07,
0,
7.441166e+07,
1977, 
288227.3,
336889.3,
59478.96,
144635.2,
3319.436,
1774238,
0,
2606789,
540053.8,
2509040,
651984.1,
1586209,
48580.54,
5031057,
0,
1.036692e+07,
0,
4582.093,
19827.86,
55029.36,
688.0334,
175711.3,
0,
255838.6,
41235.26,
763.6766,
9806.503,
27152.88,
1266.835,
1136245,
0,
1216470,
344119.6,
83175.46,
41321.17,
112192.9,
1673.384,
595700.8,
0,
1178183,
170495.1,
56221.4,
44915.67,
124711.9,
1707.748,
981355.2,
0,
1379407,
40627.15,
5380.354,
10910.34,
14194.36,
723.6262,
1001262,
0,
1073098,
36706.73,
3589.798,
10541.12,
25652.08,
795.2602,
942918.4,
0,
1020203,
19064.59,
6522.498,
3484.519,
8470.546,
507.57,
212244.5,
0,
250294.3,
0,
52965.45,
15105.84,
35968.94,
421.6064,
490692.2,
0,
595154,
1780477,
133244.9,
297352.6,
1124999,
16421.42,
2.624189e+07,
0,
2.959438e+07,
137805.4,
49982.93,
41077.83,
155946.6,
1322.146,
2283911,
0,
2670046,
145707.9,
5467.141,
19281.63,
21185.68,
153.3946,
208942.6,
0,
400738.3,
431726.9,
349046.8,
15548.16,
59833.69,
2125.303,
247139.7,
0,
1105421,
215771.5,
211362.8,
5558.748,
13573.22,
1390.296,
129550.3,
0,
577206.9,
1323663,
1277527,
33945.07,
82977.83,
8529.327,
764127.6,
0,
3490770,
0,
498.2045,
34969.75,
46130.69,
4475.235,
4009230,
0,
4095304,
43180.27,
32584.85,
8958.843,
44912.78,
680.8188,
342863.2,
0,
473180.7,
112823,
1577.364,
3197.995,
13580.23,
603.9888,
315264.4,
0,
447046.9,
56631.46,
18701.03,
14962.99,
70963.89,
1738.565,
1123214,
0,
1286212,
55377.87,
0,
17504.31,
56892.22,
2360.639,
1025804,
0,
1157940,
21885.55,
0,
7256.873,
23634.28,
624.8406,
465946.7,
0,
519348.2,
1238911,
96699.81,
55121.68,
282763.8,
5309.324,
4060539,
0,
5739345,
231623.8,
26995.03,
19502.49,
63373.88,
1625.371,
636372.9,
0,
979493.5,
20330.25,
5402.159,
2488.379,
12519.61,
393.4256,
240572.9,
0,
281706.7,
714.1484,
5456.5,
2607.802,
6307.326,
276.136,
284629.3,
0,
299991.3,
0,
0,
0,
0,
0,
0,
0,
0,
7297159,
5273676,
1446711,
4213812,
107714.3,
5.472142e+07,
0,
7.30605e+07,
1978, 
345875.1,
348482,
61550.25,
149700.2,
3403.406,
1685043,
0,
2594054,
496691,
2528743,
674216.4,
1640214,
49407.31,
4992976,
0,
1.038225e+07,
0,
5173.331,
21288.26,
59086.12,
719.9143,
161727,
0,
247994.7,
42888.68,
800.6352,
10263.95,
28447.76,
1462.899,
1125885,
0,
1209749,
393534.1,
83228.2,
44533.21,
121165.6,
1735.518,
558217.2,
0,
1202414,
141662,
54270.33,
47793.23,
132682.6,
1922.531,
964258.6,
0,
1342589,
41729.03,
5592.444,
11850.95,
15433.33,
790.0653,
1021837,
0,
1097233,
37558.43,
3699.708,
12318.98,
29992.25,
828.6129,
999952.3,
0,
1084350,
19135.72,
6560.167,
3748.252,
9121.896,
515.6328,
217058.1,
0,
256139.8,
0,
52651.07,
15889.13,
38009.75,
449.1852,
435424.6,
0,
542423.8,
1696846,
136207,
312146.1,
1187532,
17389.44,
2.594183e+07,
0,
2.929195e+07,
146157.1,
51188.59,
42400.18,
161785.9,
1394.006,
2312103,
0,
2715029,
119119.7,
4469.519,
21106.76,
23203.77,
141.0902,
212126.9,
0,
380167.7,
441034.4,
353160.1,
15863.59,
61151.85,
2184.339,
260941.1,
0,
1134335,
220423.1,
213724.2,
5669.92,
13856.86,
1428.916,
136974.9,
0,
592077.9,
1352204,
1291964,
34708.61,
84891.86,
8766.253,
807880.4,
0,
3580415,
0,
553.5606,
41858.25,
55254.06,
4563.039,
4078954,
0,
4181183,
43737.82,
31728.48,
9693.774,
48707.3,
749.0192,
345884.1,
0,
480500.5,
104122,
1981.393,
4182.269,
17857.23,
655.0534,
351558.1,
0,
480356.1,
61609.72,
19464.2,
16578.99,
78933.19,
1551.307,
1080819,
0,
1258956,
57541.09,
0,
18008.35,
58519.52,
2605.643,
1052362,
0,
1189036,
26913.52,
0,
7847.607,
25564.19,
850.2845,
476702.5,
0,
537878.1,
1252928,
101672.9,
58657.73,
302730.3,
5562.896,
3955758,
0,
5677310,
277089.8,
27173.43,
20100.97,
65710.94,
1745.37,
592855.9,
0,
984676.4,
20470.62,
6342.023,
2894.964,
14585.57,
432.9355,
226068.8,
0,
270794.9,
750.7753,
5539.728,
2992.878,
7260.979,
325.3242,
244761.5,
0,
261631.2,
0,
0,
0,
0,
0,
0,
0,
0,
7340022,
5334369,
1518164,
4431399,
111580,
5.423996e+07,
0,
7.29755e+07,
1979, 
334740.8,
363938.8,
64216.1,
156213.1,
3776.478,
1670997,
0,
2593883,
402061.1,
2597379,
646817.9,
1573479,
52046.58,
5252828,
0,
1.052461e+07,
0,
5074.791,
24436.1,
67827.49,
878.5772,
167431.5,
0,
265648.5,
62083.39,
899.1642,
10055.34,
27896.78,
1466.934,
1108862,
0,
1211263,
457719.2,
90212.25,
46234.06,
125965.3,
1986.887,
550465.6,
0,
1272583,
171552.4,
55347.68,
50433.95,
139999.2,
2290.543,
1000618,
0,
1420242,
45300.74,
5966.62,
12644.26,
16483.05,
1043.513,
1048134,
0,
1129573,
36400.98,
3556.593,
12304.91,
29972.12,
817.6992,
1043432,
0,
1126484,
18681.26,
5411.562,
3840.675,
9357.323,
569.5042,
223819.8,
0,
261680.1,
0,
55839.78,
13530.47,
32515.73,
433.5014,
414383.7,
0,
516703.2,
2142013,
136382.2,
317761.8,
1215898,
17841.7,
2.697028e+07,
0,
3.080018e+07,
135717.6,
50738.84,
42319.73,
162254.9,
1514.906,
2333447,
0,
2725993,
57284.72,
2751.911,
18528.29,
20385.66,
159.976,
203227.6,
0,
302338.2,
445832.3,
345759.9,
16358.24,
63164.75,
2243.375,
269788.1,
0,
1143147,
222821,
210762.2,
5850.047,
14309.25,
1467.536,
140915.3,
0,
596125.3,
1366921,
1267574,
35912.16,
87882.55,
9003.178,
832654.9,
0,
3599948,
0,
553.5606,
46784.56,
61793.79,
4359.247,
4209206,
0,
4322697,
63212.86,
35715.75,
10856.93,
54673.3,
737.0601,
346071.4,
0,
511267.3,
198166.2,
2217.768,
5304.672,
22771.44,
659.5651,
418906.9,
0,
648026.6,
49973.08,
18958.25,
18479.54,
88323.71,
1503.802,
1172589,
0,
1349827,
58808.68,
0,
19079.2,
61987.01,
2830.12,
1162229,
0,
1304934,
44979.7,
0,
8369.388,
27270.95,
738.8655,
499342.4,
0,
580701.3,
1262409,
102597.7,
61183.23,
317771.3,
5305.099,
4151330,
0,
5900596,
242153.3,
27609.02,
20588.08,
67717.38,
1750.782,
586421.3,
0,
946239.9,
25233.09,
6688.888,
3334.4,
16822.65,
504.4529,
232424.3,
0,
285007.8,
620.0996,
5683.516,
2663.464,
6481.476,
322.2939,
229542.9,
0,
245313.8,
0,
0,
0,
0,
0,
0,
0,
0,
7844686,
5397620,
1517888,
4469218,
116252.2,
5.623934e+07,
0,
7.558501e+07,
1980, 
412575.8,
367978.8,
64820.46,
157712.2,
3728.151,
1599598,
0,
2606414,
264346.6,
2462239,
605756.7,
1473523,
52138.46,
5346810,
0,
1.020481e+07,
0,
5345.775,
27753.69,
77040.01,
999.9403,
189541,
0,
300680.4,
50576.29,
911.498,
10083.65,
28003.28,
1395.214,
1049875,
0,
1140845,
374884.9,
92236.29,
44194.44,
120615.2,
2011.946,
545193.2,
0,
1179136,
152469.5,
50592.69,
52386.44,
145393.8,
2489.67,
1036777,
0,
1440109,
37262.91,
6234.807,
13873.79,
18104.76,
1163.586,
1063962,
0,
1140602,
38152.11,
3627.424,
13728.02,
33452.78,
921.2973,
1017495,
0,
1107377,
18299.98,
5324.081,
4179.127,
10193.06,
590.0627,
219337,
0,
257923.3,
0,
64717.26,
13850.98,
33434.49,
442.0453,
435589.8,
0,
548034.6,
2016572,
133728.7,
316191.4,
1216154,
17650.93,
2.776561e+07,
0,
3.14659e+07,
154912.3,
49938.71,
39814.36,
153418.4,
1564.469,
2318311,
0,
2717959,
51647.61,
2431.491,
17993.85,
19801.37,
130.6525,
178520.5,
0,
270525.4,
441319.4,
348929.2,
17558.75,
67911.54,
2295.83,
274506,
0,
1152521,
220565.4,
213970,
6284.333,
15384.56,
1501.848,
142548.9,
0,
600255.1,
1353087,
1278709,
38667.75,
94677.61,
9213.682,
843390.4,
0,
3617746,
0,
553.5605,
48992.09,
64750.96,
4245.482,
4314008,
0,
4432550,
76283.34,
33432.29,
11360.21,
57334.35,
722.275,
344689.8,
0,
523822.3,
160497,
2387.565,
5137.078,
22162.92,
534.1891,
463123.3,
0,
653842.1,
7674.458,
20171.89,
18116.91,
86917.17,
1594.685,
1262985,
0,
1397460,
48126.21,
0,
19432.49,
63122.63,
3031.551,
1278981,
0,
1412694,
41171.31,
0,
9384.359,
30585.23,
879.2061,
505338.6,
0,
587358.8,
1248993,
100764.4,
61401.91,
320803.9,
5715.051,
4166112,
0,
5903790,
273532.7,
27421.43,
20746.44,
68628.79,
1783.383,
571149.8,
0,
963262.4,
28315.42,
7190.306,
3561.418,
17992.3,
557.0892,
250886.9,
0,
308503.4,
317.4065,
7168.359,
3016.869,
7363.735,
331.8993,
230240.7,
0,
248439,
0,
0,
0,
0,
0,
0,
0,
0,
7471583,
5286005,
1488288,
4404483,
117632.6,
5.741458e+07,
0,
7.618257e+07,
1981, 
512680.3,
356561.8,
63155.3,
153665.9,
3716.917,
1446215,
0,
2535995,
261137.7,
2383780,
608439.1,
1480041,
49321.14,
5068673,
0,
9851391,
0,
5616.759,
31436.73,
87269.73,
1041.707,
244896.4,
0,
370261.3,
44352.79,
1010.027,
10026.29,
27846.72,
1362.768,
971914.8,
0,
1056513,
443688.6,
89284.2,
42754.12,
116683.9,
2264.427,
531028.3,
0,
1225704,
177573.1,
50522.23,
53939.41,
149707.6,
2199.13,
993040.6,
0,
1426982,
40600.81,
6686.002,
15317.11,
19987.75,
1223.167,
1023635,
0,
1107450,
40728.54,
3842.604,
14287.4,
34822.63,
925.8237,
954092.3,
0,
1048699,
18297.75,
4385.069,
4069.305,
9927.348,
594.069,
192093.4,
0,
229367,
0,
69642.53,
14721.5,
35546.41,
473.6964,
493811,
0,
614195.2,
1728561,
129755.7,
313364.6,
1205922,
17415.84,
2.653117e+07,
0,
2.992619e+07,
147420.8,
49064.02,
37645.96,
145170.8,
1571.219,
2138538,
0,
2519410,
55066.79,
2470.986,
17787.33,
19589.96,
128.6129,
156723,
0,
251766.7,
455721.5,
372809.1,
17627.74,
68190.29,
2358.842,
260049.5,
0,
1176757,
227763.4,
228268,
6303.417,
15433.81,
1543.067,
133874.7,
0,
613186.4,
1397251,
1364468,
38815.48,
95052.78,
9466.562,
796321.6,
0,
3701376,
0,
553.5606,
55553.09,
73412.72,
4238.114,
4408927,
0,
4542684,
67638.23,
36098.28,
11911.57,
60128.28,
725.6487,
329538.6,
0,
506040.6,
186251.1,
42044.7,
7149.6,
30881.5,
754.4999,
459980.1,
0,
727061.6,
6347.222,
21558.23,
17607.81,
84496.95,
1706.949,
1316955,
0,
1448672,
41815.06,
0,
19621.22,
63737.69,
3044.866,
1328242,
0,
1456461,
42491.77,
0,
10429.61,
33990.73,
827.3638,
496425.3,
0,
584164.8,
1005663,
91768.06,
61984.41,
323974.1,
5609.017,
3981439,
0,
5470438,
266919.4,
27219.46,
21076.98,
69759.23,
1765.377,
533665.3,
0,
920405.8,
25878.94,
7717.831,
3747.82,
18936.92,
550.3681,
254291.5,
0,
311123.3,
312.8617,
7312.105,
3055.76,
7461.116,
310.7488,
240891.7,
0,
259344.3,
0,
0,
0,
0,
0,
0,
0,
0,
7194161,
5352440,
1501829,
4431638,
115139.9,
5.528643e+07,
0,
7.388163e+07,
1982, 
414866.7,
327857.2,
55888.78,
135990.4,
3381.794,
1241729,
0,
2179714,
294016.2,
2156028,
607224.8,
1477073,
49620.86,
4427279,
0,
9011241,
0,
5530.537,
31834.9,
88384.16,
1021.351,
283468.1,
0,
410239.1,
48748.08,
985.4015,
9813.16,
27256.2,
1390.13,
852453.2,
0,
940646.2,
488512.7,
87661.27,
43740.01,
119272.8,
2335.146,
485828.8,
0,
1227351,
179770.7,
44340.31,
54265.94,
150623.7,
2834.694,
893970.3,
0,
1325806,
53852.01,
6227.272,
16253.85,
21202.57,
1015.168,
918568.9,
0,
1017120,
42386.05,
3842.566,
14966.41,
36485.14,
948.8238,
821632.4,
0,
920261.4,
17608.46,
3397.261,
4190.113,
10224.3,
547.6416,
158750.2,
0,
194718,
0,
73100.7,
15162,
36609.01,
458.1678,
481995.9,
0,
607325.8,
1523481,
122714.4,
318593.4,
1226518,
17719.1,
2.222991e+07,
0,
2.543893e+07,
134514.7,
49293.17,
36640.49,
141326.6,
1563.45,
1785674,
0,
2149012,
57907.88,
2552.789,
19134.66,
21090.43,
125.1866,
148617.4,
0,
249428.3,
474926.1,
369052.7,
17635.08,
68226.36,
2412.574,
223806.1,
0,
1156059,
237361.7,
227929.9,
6299.812,
15427.61,
1578.217,
115715.8,
0,
604313.1,
1456139,
1357824,
38826.66,
95090.02,
9682.205,
686934.9,
0,
3644496,
0,
830.3408,
63252.88,
83539.09,
4400.048,
4233666,
0,
4385689,
97529.39,
42474,
9747.146,
49202.52,
737.7385,
290547.9,
0,
490238.7,
181897.7,
43021.61,
7781.3,
33638.7,
885.3073,
420920.8,
0,
688145.4,
7545.244,
22921.41,
18942.71,
90909.37,
1708.224,
1245762,
0,
1387789,
80219.59,
0,
19727.99,
64090.55,
3724.001,
1252425,
0,
1420187,
43128.71,
0,
11105.5,
36187.43,
803.0001,
464966.9,
0,
556191.6,
916796.1,
87178.19,
60153.31,
314415,
6483.526,
3538610,
0,
4923636,
219989.1,
27290.38,
21863.64,
72393.75,
1884.591,
470112.7,
0,
813534.2,
29600.27,
9242.953,
4158.199,
21013.52,
554.0917,
227370.8,
0,
291939.8,
312.1681,
6381.285,
2746.639,
6708.455,
290.0148,
226537.8,
0,
242976.4,
0,
0,
0,
0,
0,
0,
0,
0,
7001110,
5077677,
1509949,
4442899,
118105,
4.812725e+07,
0,
6.627699e+07,
1983, 
308900.9,
309649.4,
54955.73,
133725,
3285.365,
1128695,
0,
1939212,
237677,
1818670,
622562.6,
1514375,
51450.35,
4096341,
0,
8341077,
0,
6491.299,
28379.27,
78801.11,
1003.033,
306169.7,
0,
420844.4,
53373.5,
1083.93,
10115.44,
28094.78,
1469.917,
806445.9,
0,
900583.4,
479111.2,
89424.2,
42429.76,
115494.7,
2367.53,
458830.9,
0,
1187658,
189209,
36216.56,
54179.65,
150402.5,
2588.965,
816551.6,
0,
1249148,
48994.36,
6228.848,
17332.35,
22595.95,
1115.181,
874836.7,
0,
971103.4,
39100.5,
3628.2,
15239.71,
37158.55,
937.2728,
736198.1,
0,
832262.4,
17607.87,
3324.143,
4191.473,
10229.62,
517.4885,
137936.9,
0,
173807.5,
0,
64956.78,
15428.31,
37230.36,
487.8639,
471266.6,
0,
589369.9,
1573237,
118610.6,
324360.6,
1248694,
17817.65,
1.964433e+07,
0,
2.292705e+07,
128906.4,
49766.93,
36728.34,
141599.9,
1541.133,
1608811,
0,
1967354,
57860,
2203.607,
20221.61,
22304.26,
135.1711,
163959.3,
0,
266683.9,
465319.2,
374046.7,
17383.66,
67253.33,
2477.006,
216670.3,
0,
1143150,
232560.5,
230767.1,
6203.105,
15193.01,
1620.363,
112489,
0,
598833.1,
1426690,
1375076,
38266.29,
93718.45,
9940.777,
668090,
0,
3611782,
0,
830.3408,
75718.6,
99891.42,
4652.123,
4056661,
0,
4237754,
104451.1,
44991.52,
9466.956,
47791.86,
778.8734,
281587.3,
0,
489067.7,
161994.8,
44228.12,
9646.324,
41717.66,
1074.495,
409570.7,
0,
668232,
22495.28,
26471.31,
20874.33,
100157.4,
1835.066,
1228638,
0,
1400471,
91911.7,
0,
21678.51,
70435.61,
3810.648,
1237948,
0,
1425784,
43922.8,
0,
10747.85,
35013.75,
782.5751,
483233.5,
0,
573700.5,
859873.1,
83019.3,
62912.08,
328664.5,
6732.888,
3367139,
0,
4708341,
213723,
25048.84,
21815.11,
72249.2,
1842.178,
447707.2,
0,
782385.6,
31938.8,
10627.63,
4168.192,
21066.07,
515.7333,
213702.8,
0,
282019.3,
314.1158,
7888.427,
2911.159,
7111.958,
300.3084,
221141.1,
0,
239667.1,
0,
0,
0,
0,
0,
0,
0,
0,
6789172,
4733250,
1547917,
4540970,
121080,
4.419495e+07,
0,
6.192734e+07,
1984, 
306350.1,
338645.8,
56089.95,
136489.6,
3519.837,
1212045,
0,
2053140,
822582.4,
1960643,
627741.4,
1526999,
58260.03,
4287999,
0,
9284225,
0,
7673.773,
30119.7,
83648.14,
1050.134,
318926,
0,
441417.7,
52933.81,
1281.002,
10635.6,
29535.57,
1488.095,
806929.5,
0,
902803.6,
493180.7,
90572.51,
43758.79,
118925.8,
2168.024,
464877.7,
0,
1213483,
215723.2,
38434.14,
53583.82,
148770.7,
2567.228,
779142.9,
0,
1238222,
40374.21,
6668.087,
18807.53,
24500.61,
1069.452,
886724.3,
0,
978144.1,
39757.18,
3771.648,
14289.04,
34845.61,
911.7353,
656153.9,
0,
749729.1,
18077,
3467.911,
4317.843,
10539.52,
561.7861,
137902.6,
0,
174866.7,
0,
68789.22,
16684.92,
40207.65,
512.9611,
453449.4,
0,
579644.1,
1660413,
118433.3,
334602.9,
1287162,
18621.96,
1.939576e+07,
0,
2.2815e+07,
131556.4,
51227.46,
37096.11,
142842.4,
1716.255,
1647493,
0,
2011931,
71723.46,
2383.587,
20132.8,
22218.51,
181.5419,
192247.6,
0,
308887.5,
493835.3,
374460.4,
17336.91,
67068.02,
2521.937,
240088.2,
0,
1195311,
246812.8,
230800.7,
6166.092,
15104.65,
1649.755,
125742.7,
0,
626276.6,
1514128,
1379559,
38076.41,
93246.08,
10121.09,
743450.2,
0,
3778581,
0,
688.908,
81389.05,
107200.4,
4503.744,
3875996,
0,
4069778,
106041.1,
47150.61,
10199.62,
51477.45,
861.2562,
292733.9,
0,
508464,
152827.8,
49444.93,
10514.16,
45461.66,
1133.783,
464864.4,
0,
724246.8,
52416.05,
29830.64,
22709.72,
108898.2,
2025.866,
1341257,
0,
1557137,
105029.2,
0,
23206.29,
75412.16,
3988.008,
1351333,
0,
1558969,
42729,
0,
11000,
35825.29,
815.7607,
528892.3,
0,
619262.3,
990888.1,
85026.29,
64280.32,
335371.8,
7416.838,
3535429,
0,
5018413,
210209.7,
27103.64,
22850.02,
75656.35,
1895.424,
460089.4,
0,
797804.5,
32658.89,
10562.52,
4551.371,
23002.93,
573.965,
226315.2,
0,
297664.9,
313.9048,
7959.313,
2812.639,
6871.97,
400.6041,
214568.5,
0,
232926.9,
0,
0,
0,
0,
0,
0,
0,
0,
7800562,
4934578,
1582953,
4647283,
130537.1,
4.464041e+07,
0,
6.373632e+07,
1985, 
284357.8,
333903.4,
56681.16,
137931.3,
3679.505,
1379075,
0,
2195628,
1037884,
1815118,
632518.6,
1538664,
61241.55,
4801011,
0,
9886436,
0,
8018.663,
30528.13,
84799.65,
1102.398,
325088.8,
0,
449537.6,
55236.04,
1145.529,
10465.54,
29056.89,
1558.561,
813868.1,
0,
911330.7,
584869.1,
93219.05,
46269.22,
125491.7,
2321.127,
484857.6,
0,
1337028,
204907.2,
33067.44,
53223.33,
147798.4,
2166.053,
750856.9,
0,
1192019,
44170.46,
6968.542,
22228.28,
28932.23,
1003.097,
914020.1,
0,
1017323,
41143.53,
3986.771,
14156.6,
34524.6,
936.2141,
608595.8,
0,
703343.5,
18072.95,
2894.163,
4796.933,
11709.18,
577.8513,
144886.1,
0,
182937.2,
0,
68669.45,
16223.88,
39003.57,
508.1944,
443948.3,
0,
568353.4,
1653901,
121307.5,
341473.6,
1311236,
19505.42,
2.051468e+07,
0,
2.39621e+07,
132542.2,
51689.36,
37432.32,
143828.6,
1744.786,
1767885,
0,
2135123,
58653.7,
1949.239,
21706.5,
23968.07,
168.1751,
228084.7,
0,
334530.4,
470116.5,
371718.2,
17619.15,
68149.75,
2567.399,
270013.7,
0,
1200185,
234958.5,
228116.3,
6229.251,
15261.81,
1679.493,
141074.7,
0,
627320,
1441411,
1368882,
38509.66,
94290.16,
10303.54,
834883.4,
0,
3788280,
0,
830.3408,
85140.98,
111912.1,
4596.574,
3575435,
0,
3777915,
90587.95,
48804.78,
11174.75,
56368.35,
935.7091,
317727.5,
0,
525599.1,
154423,
49422.38,
11545.08,
49875.82,
1111.734,
542222.6,
0,
808600.6,
47396.67,
37009.69,
23739.5,
113714.1,
2101.556,
1546020,
0,
1769982,
127328.1,
0,
24302.45,
78992.03,
3959.447,
1509513,
0,
1744095,
42939.34,
0,
11361.39,
36991.65,
828.8013,
572538,
0,
664659.2,
956873.4,
83937.96,
65626.2,
341577.8,
7792.212,
3847886,
0,
5303694,
193077.9,
28550.73,
23588.41,
78031.59,
2028.716,
495598.8,
0,
820876.1,
33884.5,
10989.48,
4800.771,
24260.04,
588.0155,
248987.6,
0,
323510.4,
311.6432,
7888.044,
3024.789,
7389.434,
547.738,
209051.4,
0,
228213,
0,
0,
0,
0,
0,
0,
0,
0,
7909046,
4778087,
1614367,
4733759,
135553.9,
4.72878e+07,
0,
6.645862e+07,
1986, 
291326.5,
293469.2,
57556.05,
140061.3,
3765.825,
1539957,
0,
2326136,
882619,
1740166,
651370.8,
1584584,
65667.57,
5199225,
0,
1.012363e+07,
0,
211397.9,
43170.29,
119955.9,
1109.156,
339560.8,
0,
715194.1,
54419.32,
1108.57,
10837.97,
30086.06,
1642.388,
753788.1,
0,
851882.4,
477679.1,
94705.34,
55451.36,
150086.7,
2538.229,
490458.9,
0,
1270920,
188770.8,
26992.75,
55018.23,
152814.8,
2404.717,
714518.7,
0,
1140520,
48079.53,
7104.821,
22491.36,
29247.16,
996.8388,
904154.6,
0,
1012074,
33821.22,
8770.739,
14002.42,
34152.21,
835.6078,
575073.8,
0,
666655.9,
22178.96,
3027.386,
4955.639,
12096.71,
597.4581,
142253.5,
0,
185109.7,
0,
67382,
16283.02,
39028.35,
476.1601,
414410.2,
0,
537579.7,
1650444,
118849.9,
362086.9,
1386705,
20583,
2.088411e+07,
0,
2.442278e+07,
128941.8,
52794.86,
41016.34,
157180,
1875.072,
1773549,
0,
2155357,
64156.14,
2706.318,
24202.12,
26737.61,
228.1295,
254843.4,
0,
372873.7,
469821.2,
377185,
19161.16,
74093.8,
2633.898,
276394.4,
0,
1219289,
234811,
229476.8,
6735.453,
16504.18,
1722.994,
143546.1,
0,
632796.6,
1440512,
1387223,
41687.55,
102046.6,
10570.42,
853344.9,
0,
3835384,
0,
687.9208,
83358,
109327.8,
4918.709,
3048107,
0,
3246399,
113684.7,
51799.75,
12215.72,
61577.89,
1029.039,
322727.1,
0,
563034.2,
185302.5,
50882,
12575.3,
54263.47,
1419.579,
605797.9,
0,
910240.8,
49423.87,
36587.5,
25834.71,
123599,
2358.445,
1765418,
0,
2003222,
151723.8,
0,
25598.06,
83224.03,
4583.04,
1539313,
0,
1804442,
41223.12,
0,
12222.36,
39783.76,
817.5916,
527474.9,
0,
621521.7,
948934.3,
87556.12,
68467.66,
355262.2,
8404.921,
4067258,
0,
5535883,
194864.6,
28308.75,
24320.23,
80329.65,
2163.735,
500904.6,
0,
830891.6,
31958.31,
9857.984,
5040.748,
25467.49,
616.1395,
260535.7,
0,
333476.4,
257.1058,
7506.567,
3076.206,
7513.981,
592.4357,
201247.7,
0,
220194,
0,
0,
0,
0,
0,
0,
0,
0,
7704953,
4895547,
1698736,
4995729,
144551.1,
4.809797e+07,
0,
6.753749e+07,
1987, 
308336.8,
296226.8,
59640.15,
145131.2,
4042.131,
1553550,
0,
2366927,
940181.1,
1775210,
676541.2,
1645893,
68299.4,
5282393,
0,
1.038852e+07,
0,
270190,
43955.38,
122160.2,
1136.698,
320457.3,
0,
757899.6,
53393.28,
1120.889,
11594.27,
32181.61,
1761.609,
664731.6,
0,
764783.3,
386654.2,
90951.29,
55666.57,
150386.4,
2711.851,
459925.2,
0,
1146296,
193450.9,
22032.44,
57299.64,
159184.9,
2696.675,
662690.3,
0,
1097355,
39486.46,
6748.247,
23936.93,
31097.09,
1048.88,
801089.8,
0,
903407.4,
29728.29,
7211.065,
13880.74,
33861.78,
822.8432,
489083.8,
0,
574588.6,
21319.43,
2590.932,
4788.987,
11689.68,
663.8784,
138414.3,
0,
179467.2,
0,
60615.36,
17696.29,
42265.79,
487.6913,
376191.2,
0,
497256.3,
1603227,
117433.3,
381701,
1456428,
21759.2,
2.123727e+07,
0,
2.481782e+07,
125626.9,
53244.39,
42237.19,
161376.6,
2013.202,
1670828,
0,
2055326,
73108.84,
3403.368,
27779.19,
30709.21,
233.791,
255534.8,
0,
390769.2,
465017.1,
378616.1,
19979.25,
77241.52,
2711.502,
266420.4,
0,
1209986,
232410,
228380.2,
6980.986,
17108.32,
1773.759,
137558.8,
0,
624212.1,
1425789,
1392220,
43248.07,
105848.5,
10881.86,
820979.3,
0,
3798966,
0,
550.1346,
90376.19,
118280.9,
5227.202,
2525428,
0,
2739863,
130432.6,
54244.94,
13564.34,
68320.86,
1056.266,
306672.5,
0,
574291.6,
319353,
52169.54,
14253.4,
61414.57,
1530.312,
621212.6,
0,
1069934,
47593.12,
40153.71,
28218.09,
134823.1,
2685.525,
1910083,
0,
2163557,
134528.8,
143.8772,
27879.87,
90665.31,
5013.088,
1417144,
0,
1675375,
43553.27,
0,
13341.34,
43413.33,
1076.195,
444505.2,
0,
545889.3,
976137.7,
86676.24,
71742.51,
370729.9,
9095.813,
4082197,
0,
5596579,
203324.2,
29342.93,
24778.79,
81656.57,
2374.305,
491467.7,
0,
832944.4,
32680.07,
12607.77,
5633.584,
28454.15,
595.4414,
248178.1,
0,
328149.2,
36.25607,
7910.406,
3126.798,
7634.984,
608.7764,
184158.5,
0,
203475.7,
0,
0,
0,
0,
0,
0,
0,
0,
7785368,
4989994,
1779841,
5227958,
152307.9,
4.736817e+07,
0,
6.730364e+07,
1988, 
365932.9,
329943.1,
62504.08,
152095.7,
4408.713,
1634580,
0,
2549464,
919754.4,
1854521,
709135.6,
1725262,
71586.41,
5614237,
0,
1.08945e+07,
0,
219882.6,
45397.76,
126179.2,
1030.991,
324908.1,
0,
717398.7,
52547.52,
1182.474,
11579.09,
32139.02,
1864.919,
636454.1,
0,
735767.1,
363252.6,
95244.18,
56951.68,
153678.6,
2701.171,
468030.3,
0,
1139858,
200991.6,
15104.17,
59405.42,
165064.3,
2702.651,
668674.6,
0,
1111943,
32399.58,
5537.097,
25194.49,
32703.12,
1006.469,
783660.6,
0,
880501.3,
34794.11,
5372.965,
15127.92,
36908.54,
873.742,
467864.7,
0,
560941.9,
22652.25,
2297.998,
5798.277,
14152.98,
686.3816,
148304.6,
0,
193892.5,
0,
61678.26,
19211.58,
45742.17,
541.4506,
390244,
0,
517417.5,
1627453,
116660.5,
410075.1,
1558266,
23352.17,
2.429784e+07,
0,
2.803364e+07,
115968.9,
52873.84,
45665.12,
173934.3,
2094.653,
1708925,
0,
2099462,
64222.36,
3435.358,
28511.64,
31526.22,
328.5843,
283402.9,
0,
411427.1,
465014.4,
374005.8,
20385.86,
78802.94,
2800.412,
281967.7,
0,
1222977,
232408.8,
223768.2,
7099.77,
17400.63,
1831.919,
145382,
0,
627891.4,
1425787,
1374104,
44023.45,
107728.6,
11238.67,
869813.9,
0,
3832696,
0,
603.2811,
94424.04,
123343,
5583.377,
2125430,
0,
2349383,
114700.5,
57220.55,
14911.81,
75063.38,
1086.13,
318644.7,
0,
581627,
322318.9,
53698.4,
16817.7,
72322.64,
1636.295,
706976.2,
0,
1173770,
53393.2,
45396.82,
31740.76,
151527.2,
3146.903,
2248941,
0,
2534146,
109977.1,
16653.72,
30641.65,
99661.73,
5581.801,
1485760,
0,
1748276,
42872.94,
0,
14531.71,
47273.02,
1180.735,
420304.3,
0,
526162.8,
1051854,
88863.16,
76028.95,
391350.5,
9912.311,
4393504,
0,
6011513,
195325.9,
29581.06,
25935.24,
85290.59,
2615.073,
517072,
0,
855819.8,
33554.16,
11560.9,
6016.643,
30381.93,
582.7361,
255757.5,
0,
337853.9,
29.83295,
8946.621,
3606.398,
8804.508,
646.847,
197833.9,
0,
219868.1,
0,
0,
0,
0,
0,
0,
0,
0,
7847206,
5048136,
1880722,
5536604,
161021.5,
5.139451e+07,
0,
7.18682e+07,
1989, 
384568.6,
352175.4,
63401.54,
154275.1,
4538.512,
1623492,
0,
2582452,
892044.6,
1817465,
716335.3,
1742844,
73987.02,
5599763,
0,
1.084244e+07,
0,
187768.4,
49883.9,
138653.7,
1223.567,
316686.8,
0,
694216.3,
54410.14,
1354.92,
12132.3,
33675.89,
1780.625,
575814.4,
0,
679168.3,
296102.7,
98049.58,
61532.3,
165914.1,
2912.806,
452605.5,
0,
1077117,
180937.8,
13407.17,
57493.24,
159774.6,
2348.144,
636384.1,
0,
1050345,
26563.18,
4539.654,
26684.04,
34610.92,
1110.218,
721550.7,
0,
815058.7,
28622.66,
4860.476,
15585.39,
38030.27,
954.6243,
389307.8,
0,
477361.2,
24745.87,
2148.594,
5640.834,
13768.92,
771.3082,
150496.9,
0,
197572.5,
0,
63310.04,
19960.98,
47390.02,
583.1646,
395801.5,
0,
527045.8,
1570244,
114103.9,
431766.3,
1633508,
24481.4,
2.550714e+07,
0,
2.928124e+07,
204645.5,
50801.7,
48977.96,
186012.1,
2515.531,
1638851,
0,
2131803,
63046.78,
3674.849,
29120.81,
32202.98,
356.6705,
279958.9,
0,
408361,
465011.4,
375076.2,
21077.76,
81471.05,
2848.658,
273598.8,
0,
1219084,
232407.5,
223614.8,
7322.089,
17947.13,
1863.479,
141991.7,
0,
625146.6,
1425783,
1379137,
45431.39,
111165.7,
11432.29,
844844.4,
0,
3817794,
0,
765.4511,
99571.17,
129858.9,
5800.385,
1786798,
0,
2022794,
133039.9,
57198.44,
17446.79,
87787.02,
1115.281,
307246.3,
0,
603833.7,
343356.1,
52934.38,
19215.06,
82463.25,
2069.591,
773082.9,
0,
1273121,
56586.28,
48354.63,
33740.46,
160985.8,
3604.866,
2495662,
0,
2798934,
134885.8,
19725.96,
34153.63,
111098.2,
6191.506,
1577139,
0,
1883194,
146727.7,
0,
15052.57,
48954.13,
1302.944,
392673.2,
0,
604710.5,
1124850,
91220.96,
82268.98,
421807.6,
10900.07,
4465400,
0,
6196448,
183494.9,
28487.54,
27112.27,
88980.93,
2862.177,
520238.8,
0,
851176.7,
31584.61,
11803.28,
6264.935,
31630.92,
538.0497,
243720.1,
0,
325541.9,
0,
8832.382,
3621.843,
8841.631,
658.2426,
194801.3,
0,
216755.3,
0,
0,
0,
0,
0,
0,
0,
0,
8003660,
5010810,
1950794,
5763653,
168751.1,
5.230504e+07,
0,
7.320271e+07,
1990, 
325654.8,
344004.6,
62080.06,
151056,
4403.676,
1715013,
0,
2602212,
855864.2,
1814166,
706388.2,
1718696,
76594.85,
5967994,
0,
1.11397e+07,
61025.65,
163409.6,
50807.66,
141222.3,
1311.699,
366903.6,
0,
784680.4,
57523.19,
5080.004,
12256.28,
34024.49,
1906.588,
556864.3,
0,
667654.9,
242430.5,
84967.72,
62249.05,
167870.9,
2892.046,
486435.6,
0,
1046846,
204442.9,
17695.1,
61256.26,
170252.2,
2585.026,
662465.3,
0,
1118697,
21756.88,
3718.257,
29409.34,
38125.76,
1134.247,
751902.8,
0,
846047.3,
23582.7,
4420.545,
13924.35,
33981.54,
921.5516,
397551.9,
0,
474382.6,
26144.76,
2283.666,
6645.235,
16221.15,
718.6423,
152311.3,
0,
204324.7,
0,
59253.04,
20684.29,
48987.89,
594.9617,
407280,
0,
536800.2,
1453425,
112495,
453709.8,
1709108,
24935.32,
2.728716e+07,
0,
3.104083e+07,
164007.8,
46377.82,
49810.08,
188710.9,
2016.006,
1616849,
0,
2067772,
56559.56,
2996.073,
32253.32,
35671.93,
408.7296,
301915.5,
0,
429805.1,
372889.6,
300771.1,
31552.01,
121941.9,
2284.32,
274282.7,
0,
1103722,
189453.5,
182285.9,
11825.79,
28983.49,
1519.068,
142907.9,
0,
556975.7,
1146189,
1108689,
63725.41,
155929,
12020.82,
847743.3,
0,
3334297,
0,
926.6265,
100181.8,
130497,
6295.123,
1830412,
0,
2068312,
123689.1,
57094.04,
17879.01,
89942.75,
1042.279,
328424.1,
0,
618071.2,
369881.7,
54730.18,
22302.73,
95533.54,
2466.167,
891013.5,
0,
1435928,
615918.1,
52418.1,
36937.29,
176200.1,
4471.764,
2872496,
0,
3758442,
220257.1,
22319.22,
37860.57,
123168.6,
7270.38,
1892527,
0,
2303403,
173720.7,
433.0928,
17258.15,
56111.7,
1061.247,
417885.2,
0,
666470.1,
938028.8,
73222.85,
94698.94,
483807.6,
10855.32,
4754283,
0,
6354896,
162263.1,
29319.71,
28187.84,
92344.39,
2810.404,
581096.8,
0,
896022.3,
31575.97,
12571.7,
6623.763,
33440.56,
538.8134,
249610.5,
0,
334361.3,
5600.447,
7968.926,
3998.949,
9762.906,
637.7391,
213026.1,
0,
240995,
0,
0,
0,
0,
0,
0,
0,
0,
7841885,
4563619,
2034506,
6051592,
173696.8,
5.596635e+07,
0,
7.663165e+07,
1991, 
338592.1,
317606.6,
60251.09,
146603.2,
3962.48,
1758187,
0,
2625202,
809674.8,
1708845,
699765.3,
1702622,
74854.1,
6184693,
0,
1.118045e+07,
80442.27,
133661.9,
54496,
151470.2,
1374.618,
416100.4,
0,
837545.4,
53669.07,
4139.804,
11677.09,
32421.95,
1894.483,
522128.9,
0,
625931.3,
232491.3,
84067.26,
65280.09,
176115.5,
3076.937,
493472.9,
0,
1054504,
208399.5,
15695.93,
63813.24,
177375.4,
2566.753,
687077.3,
0,
1154928,
0,
3042.017,
30899.05,
40045.7,
1050.052,
748019.6,
0,
823056.4,
23155.53,
4199.341,
16254.11,
39672.52,
946.3183,
409877.8,
0,
494105.6,
26619.47,
1878.098,
6269.458,
15305.21,
702.2101,
147019.4,
0,
197793.9,
0,
55166.11,
20881.52,
49360.39,
592.7475,
392740.1,
0,
518740.9,
1500012,
116533.1,
469345.4,
1760943,
24147.3,
2.871054e+07,
0,
3.258152e+07,
114299.6,
40511.37,
45350.86,
171498.1,
1406.828,
1471879,
0,
1844945,
46498.1,
2597.435,
31259.51,
34579.29,
425.5596,
319792.9,
0,
435152.8,
7000.833,
146935.9,
36823.51,
142312.4,
939.6297,
263805.4,
0,
597817.7,
2263.29,
107503.8,
11787.72,
28890.39,
1041.378,
138319.7,
0,
289806.3,
920028.3,
704676.6,
63206.83,
154665.9,
10390.67,
815218.2,
0,
2668187,
0,
978.1348,
102408.7,
133312.1,
6175.841,
1904674,
0,
2147549,
110122.4,
57852.26,
19003.26,
95597.05,
958.7444,
348116.3,
0,
631650.1,
421337.8,
54489.23,
24518.7,
104852,
2492.961,
948179.2,
0,
1555870,
552746.4,
53124.18,
41951.23,
200133.7,
4806.389,
3050611,
0,
3903373,
198260.7,
23602.45,
39299.43,
127859.4,
6915.002,
2196998,
0,
2592935,
201867.6,
448.1177,
18603.68,
60471.29,
1512.871,
452323.6,
0,
735227.1,
976938.8,
66437.88,
99777.97,
508222.4,
11578.8,
4925048,
0,
6588004,
138913.5,
29497.71,
27419.34,
89693.78,
3028.7,
609984.9,
0,
898538,
31175.21,
12954.95,
6845.364,
34560.38,
567.9849,
252967.4,
0,
339071.3,
5108.466,
6545.401,
4190.034,
10231.44,
622.6471,
221850.1,
0,
248548.1,
0,
0,
0,
0,
0,
0,
0,
0,
6999617,
3752991,
2071379,
6188815,
168032,
5.838962e+07,
0,
7.757046e+07,
1992, 
329090.6,
331250.2,
61482.98,
149598.9,
4116.451,
1828050,
0,
2703590,
949832.7,
1830375,
722627.3,
1758278,
74072.16,
6633884,
0,
1.196907e+07,
65621.23,
130716.8,
54960.83,
152755.4,
1533.012,
488121,
0,
893708.3,
43715.93,
3372.062,
12704.92,
35282.09,
1919.183,
521968.8,
0,
618962.9,
243549.2,
86407.44,
65368.88,
176504,
2930.978,
514829.3,
0,
1089590,
216145.1,
16826.92,
66241.77,
184136.5,
2907.715,
754282.2,
0,
1240540,
0,
521.989,
31449.44,
40756.86,
1179.141,
742321.4,
0,
816228.9,
26118.25,
4960.298,
18602.74,
45410.21,
964.5457,
451996.1,
0,
548052.1,
29619.42,
2119.312,
6064.137,
14805.48,
669.6158,
143024.9,
0,
196302.9,
0,
52276.81,
21128.21,
49874.31,
683.8074,
392959.8,
0,
516923,
1511576,
114476.1,
488346.1,
1826121,
25598.85,
3.130985e+07,
0,
3.527597e+07,
105560.1,
47284.58,
43403.63,
163937.6,
1375.447,
1371212,
0,
1732774,
55329.49,
2644.073,
31970.45,
35371.62,
474.8145,
354167.1,
0,
479957.5,
7000.779,
118852.9,
29518.33,
114080,
753.2225,
212968.4,
0,
483173.6,
1838.998,
94243.6,
9593.326,
23511.83,
953.1353,
112389.4,
0,
242530.3,
551268.4,
599605.6,
59082.59,
144587.1,
9599.634,
660625.1,
0,
2024769,
0,
812.6287,
112174.6,
146016.5,
6296.02,
2102470,
0,
2367770,
107299.9,
56905.88,
20163.98,
101450.9,
951.6251,
367539.5,
0,
654311.8,
495665.2,
54400.2,
27206.43,
116190.3,
2375.069,
1048127,
0,
1743964,
809710.1,
55735.64,
47625.56,
227264.8,
6127.131,
3409877,
0,
4556340,
202454.9,
23398.92,
42217.73,
137363.9,
8134.571,
2621244,
0,
3034814,
204711.3,
480.5623,
19712.93,
64063.14,
1698.533,
537582.4,
0,
828248.9,
962016.3,
66624.74,
102385,
520334.3,
12023.1,
5302689,
0,
6966073,
140752.2,
28747.65,
28187.98,
92100.26,
3186.536,
647551,
0,
940525.6,
33916.6,
12352.32,
7709.313,
38925.83,
599.9977,
275431.9,
0,
368936,
5108.56,
6972.866,
4723.38,
11536.7,
545.4282,
241126.1,
0,
270013,
0,
0,
0,
0,
0,
0,
0,
0,
7097901,
3742365,
2134653,
6370258,
171669.7,
6.304629e+07,
0,
8.256314e+07,
1993, 
288688.5,
329044.2,
63011.66,
153316.4,
3970.398,
1792776,
0,
2630808,
946030.6,
1664789,
742953.7,
1807779,
75589.7,
6670794,
0,
1.190794e+07,
48521.57,
127032.2,
56333.23,
156563.2,
1634.863,
536250.4,
0,
926335.4,
35590.72,
597.2938,
12888.42,
35797.8,
1899.459,
478304.5,
0,
565078.3,
276054.6,
87532.06,
67613.99,
182726.9,
3152.306,
506699.3,
0,
1123779,
218290.2,
19215.24,
70368.28,
195614.8,
2918.523,
810342,
0,
1316749,
0,
457.1414,
33163.8,
42979.09,
1318.863,
688723.2,
0,
766642.1,
24227.5,
4454.628,
16850.64,
41137.5,
956.6905,
450966.2,
0,
538593.2,
31720.08,
2252.699,
5407.175,
13202.83,
729.905,
137838.4,
0,
191151.1,
0,
87812.52,
20644.52,
48679.38,
748.6018,
374319.2,
0,
532204.2,
1529557,
113143.3,
498391.1,
1858606,
26468.78,
3.192944e+07,
0,
3.595561e+07,
84179.91,
47283.93,
42909.7,
161957.3,
1393.593,
1251727,
0,
1589451,
51430.7,
2818.483,
38504,
42611.81,
602.0201,
370911.2,
0,
506878.2,
7678.224,
138671.6,
23613.47,
91259.35,
602.5475,
170366.1,
0,
432191.3,
1488.149,
76263.54,
8038.19,
19700.07,
771.2934,
90947.41,
0,
197208.6,
464028.1,
635751.1,
47316.25,
115797.2,
8187.411,
528626.3,
0,
1799706,
0,
666.1816,
119679.1,
155831.7,
6560.583,
2145731,
0,
2428469,
122898.2,
58564.93,
21428.37,
107835.6,
1046.265,
366301.3,
0,
678074.7,
592856.9,
55545.34,
30406.73,
129699.9,
2538.166,
1063688,
0,
1874735,
963098.7,
64215.98,
55184.41,
263417.5,
6896.834,
3697066,
0,
5049879,
248809.9,
22387.09,
48740.75,
158598.2,
9144.425,
2864189,
0,
3351870,
236489.3,
532.8844,
20862.34,
67788.05,
1942.017,
589953.3,
0,
917567.9,
950872.2,
67459.28,
105159.4,
533506.3,
12033.02,
5325518,
0,
6994548,
123431,
28332.28,
28883.73,
94272.42,
3407.671,
624834.4,
0,
903161.5,
31747.39,
12309.27,
8622.699,
43542.86,
613.5621,
290633.5,
0,
387469.3,
5112.036,
5724.494,
4652.079,
11365.44,
562.9876,
241957.9,
0,
269374.9,
0,
0,
0,
0,
0,
0,
0,
0,
7282802,
3652856,
2191628,
6533587,
175690.5,
6.39989e+07,
0,
8.383546e+07,
1994, 
300586.4,
339324.2,
66011.83,
160614.7,
4208.922,
1863572,
0,
2734318,
767042.6,
1751159,
770552.6,
1874953,
79623.84,
7010902,
0,
1.225423e+07,
99185.65,
135893.5,
59100.26,
164245.5,
1806.24,
596517.9,
0,
1056749,
36074.79,
597.2938,
13761.9,
38230.77,
1985.689,
484937.8,
0,
575588.3,
250195.1,
71148.07,
71650.58,
193853.4,
3422.956,
543698.7,
0,
1133969,
235681.3,
15649.66,
71306.16,
198230.2,
3229.722,
883755.1,
0,
1407852,
0,
462.5455,
34259.08,
44404.38,
1638.867,
660179.5,
0,
740944.4,
23555.12,
4043.413,
14888.79,
36351.45,
1056.304,
438062.4,
0,
517957.5,
31504.54,
1841.999,
6036.557,
14740.87,
879.946,
137338,
0,
192341.9,
0,
87229.33,
21594.96,
50889.52,
731.0815,
375207.8,
0,
535652.7,
1532639,
111231.9,
504182.2,
1876495,
27373.86,
3.118058e+07,
0,
3.52325e+07,
39572.63,
44469.2,
44432.3,
167682,
1414.874,
1287186,
0,
1584757,
44311.56,
2874.757,
36925.53,
40877.6,
725.3585,
400877.9,
0,
526592.7,
6114.3,
110426.6,
16011.38,
61885.08,
479.8188,
135665.4,
0,
330582.6,
1200.724,
61533.79,
6485.671,
15895.14,
554.1673,
74266.53,
0,
159936,
370773.9,
507986.3,
42549.15,
104140,
6843.862,
422390,
0,
1454683,
0,
0,
127104.6,
165605.3,
6613.193,
2156364,
0,
2455687,
130655.4,
57474.84,
23070.47,
116132.8,
1129.953,
369084.4,
0,
697547.9,
478303.6,
53293.05,
33555.3,
142986.9,
2780.165,
1115231,
0,
1826150,
982313.3,
64401.95,
53088.52,
253508.4,
8055.632,
4233974,
0,
5595341,
246727.7,
19602.79,
53533.48,
174204.7,
10630.26,
3231863,
0,
3736562,
268102.8,
573.9339,
23462.42,
76229.62,
2143.93,
651094.2,
0,
1021607,
972271.2,
69217.98,
111005.7,
562577.8,
13183.49,
5537164,
0,
7265420,
119335.1,
27960.47,
29887.25,
97466.63,
3574.537,
636221.4,
0,
914445.4,
32540.13,
12575.66,
9098.572,
45952.5,
672.9781,
312013.5,
0,
412853.3,
5110.938,
5281.887,
4961.575,
12124.84,
748.3383,
242042.9,
0,
270270.5,
0,
0,
0,
0,
0,
0,
0,
0,
6973798,
3556254,
2248517,
6690278,
185508,
6.498019e+07,
0,
8.463454e+07,
1995, 
281698.4,
306445.5,
67693.48,
164705.2,
4578.382,
1941695,
0,
2766816,
738022.5,
1821228,
792137.8,
1927482,
79675.2,
7337186,
0,
1.269573e+07,
90021.45,
115281.9,
54297.26,
150890.1,
1763.016,
655868.4,
0,
1068122,
32363.82,
659.0821,
15003.73,
41687.48,
2183.756,
494205.4,
0,
586103.3,
246094.4,
72878.7,
78165.01,
211758.4,
4047.324,
596735.1,
0,
1209679,
224098.3,
15133.3,
75985.21,
211230,
3687.235,
952563.1,
0,
1482697,
0,
513.101,
35337.62,
45813.17,
1617.391,
642829.4,
0,
726110.7,
25255.46,
3906.884,
16601.94,
40536.93,
1132.561,
407126.1,
0,
494559.8,
31062.84,
1131.672,
6319.851,
15433.97,
825.4543,
145906.6,
0,
200680.4,
0,
76350.45,
24308.13,
57274.89,
839.9465,
374133.5,
0,
532906.9,
1487429,
113707.9,
510510.8,
1897775,
28431.17,
3.066083e+07,
0,
3.469869e+07,
36403.82,
42894.06,
45220.3,
170720.8,
1489.838,
1362661,
0,
1659390,
48608.18,
3250.321,
40708.05,
45083.85,
1019.758,
405452.8,
0,
544122.9,
4516.538,
99654.49,
16350.37,
63198.47,
87.04501,
124117.1,
0,
307924,
905.2824,
58635.54,
5617.528,
13767.78,
725.4748,
85975.57,
0,
165627.2,
295944.5,
415758.2,
38850.98,
95096.52,
6352.884,
486735.7,
0,
1338739,
0,
0,
123254.6,
160730.3,
6578.729,
2105901,
0,
2396465,
108018.5,
58423.48,
26145.03,
131654.2,
1221.368,
391875.2,
0,
717337.7,
319738,
54568.86,
38259.71,
162902.4,
3062.408,
1146467,
0,
1724999,
1208409,
66276.56,
56777.41,
271238.4,
9308.791,
4656948,
0,
6268958,
311355,
21725.31,
61189.08,
199124.8,
11125.79,
3634234,
0,
4238754,
300776.3,
466.9225,
25628.93,
83266.3,
2101.034,
682739.9,
0,
1094979,
1006676,
71413.3,
114361.4,
579350.3,
14197.38,
5654100,
0,
7440099,
155277.9,
27401.93,
30811.15,
100418.2,
4045.992,
655991.7,
0,
973946.9,
40282.61,
12848.58,
9573.97,
48361.2,
726.0139,
322116.5,
0,
433908.9,
5115.622,
4340.04,
5339.248,
13051.34,
702.8559,
235195.4,
0,
263744.5,
0,
0,
0,
0,
0,
0,
0,
0,
6998073,
3464894,
2314449,
6902552,
191526.8,
6.615959e+07,
0,
8.603109e+07,
1996, 
288143.6,
298729.8,
68826.35,
167461.9,
5118.41,
1999110,
0,
2827390,
690210.6,
1855505,
808647.6,
1967646,
83419.24,
7523355,
0,
1.292878e+07,
94724.29,
118755.6,
55517.33,
154273.4,
1712.728,
676691.4,
0,
1101675,
35211.21,
617.8939,
15549.55,
43211.12,
2368.331,
510915,
0,
607873.1,
308058.4,
67565.34,
84216.15,
228497.5,
4387.796,
662144.7,
0,
1354870,
288714,
15656.66,
81957.79,
227819,
4163.629,
1003914,
0,
1622225,
0,
538.9689,
36864.23,
47812.49,
1746.468,
626749.4,
0,
713711.6,
27451.12,
4318.663,
18646.48,
45531.51,
1282.328,
392062.4,
0,
489292.5,
30597.91,
1405.33,
6431.393,
15707.67,
854.0775,
150677.1,
0,
205673.5,
0,
65508.12,
23743.35,
55968.66,
950.3077,
378568.1,
0,
524738.5,
1598532,
114203.1,
522043.6,
1939882,
29615.05,
3.044951e+07,
0,
3.465378e+07,
51702.28,
44742.25,
52656.74,
198998.1,
1302.009,
1475020,
0,
1824422,
49681.29,
3349.348,
43063,
47708.43,
1104.608,
431117.6,
0,
576024.3,
4064.852,
88478.88,
14978.18,
57900.71,
177.673,
139469.8,
0,
305070.1,
729.7534,
57217.98,
6191.425,
15175.39,
688.3032,
88735.98,
0,
168738.8,
266510.9,
420931.8,
36628.77,
89671.11,
6078.265,
540485.5,
0,
1360306,
0,
0,
128188.2,
167355.2,
6224.08,
1985602,
0,
2287370,
118778.3,
62025.95,
28050.62,
141306.1,
1254.853,
415242.5,
0,
766658.3,
257660.6,
54695.46,
41635.23,
177178.6,
3011.066,
1238544,
0,
1772725,
2699216,
88940.91,
65525.48,
313191.9,
10260.67,
4949951,
0,
8127086,
332730.5,
24381.91,
67216.27,
218743.2,
12068.61,
4099783,
0,
4754923,
342525.7,
0,
28350.95,
92111.18,
2316.501,
706865.3,
0,
1172170,
1066685,
72848.32,
116873.8,
592261.4,
14961.61,
5769185,
0,
7632816,
159674.9,
27573.34,
31749.13,
103444.8,
4318.567,
670969.4,
0,
997730.2,
47867.02,
12818.22,
10973.96,
55442.63,
786.3293,
328785.1,
0,
456673.2,
8906.588,
2259.637,
5550.241,
13570.49,
675.8154,
223202,
0,
254164.8,
0,
0,
0,
0,
0,
0,
0,
0,
8768376,
3503069,
2400076,
7177871,
200847.3,
6.743666e+07,
0,
8.948689e+07,
1997, 
291632.8,
302805.7,
71196.8,
173231.6,
5252.928,
2035488,
0,
2879608,
662961.7,
1743187,
825502.4,
2008612,
84189.93,
7723967,
0,
1.304842e+07,
103474.5,
129404.8,
57687.65,
160294.7,
1803.416,
729583.8,
0,
1182249,
51735.7,
679.6822,
16773.22,
46619.5,
2656.67,
514960.3,
0,
633425,
250171.6,
56420.24,
88400.43,
240285.3,
4929.436,
713710.9,
0,
1353918,
311826.9,
17641.89,
81776.29,
227307.3,
4213.367,
1067738,
0,
1710504,
180220.4,
626.9471,
36015.65,
46741.7,
1869.965,
634572.1,
0,
900046.8,
30444.36,
4740.208,
22142.59,
54070.74,
1051.714,
398890.6,
0,
511340.2,
29467.21,
1543.46,
6796.101,
16599.61,
837.3093,
152083.8,
0,
207327.5,
0,
62526.84,
24319.4,
57381.73,
1048.969,
382620.4,
0,
527897.4,
1514736,
115562.4,
527788.3,
1961501,
30842.96,
3.15834e+07,
0,
3.573384e+07,
93319.65,
43736.96,
55762,
211060.2,
1360.295,
1618221,
0,
2023460,
48337.77,
2941.666,
39696.5,
43983.33,
1324.674,
454717.7,
0,
591001.6,
4290.644,
98357.73,
18290.79,
70717.6,
178.4064,
163677.7,
0,
355512.8,
452.6441,
51587.21,
5890.793,
14438.16,
644.261,
96460.61,
0,
169473.7,
240407.1,
378194.5,
36076.56,
88336.27,
6035.577,
619141.7,
0,
1368192,
0,
0,
129735.6,
169601.3,
6266.128,
1989478,
0,
2295081,
103505.5,
59127.59,
29008.68,
146198.6,
1218.652,
447154.4,
0,
786213.3,
243818,
55611.77,
41562.33,
176788.5,
3174.041,
1345825,
0,
1866779,
2176173,
89994.33,
62966.05,
301143.6,
12059.81,
5116294,
0,
7758631,
303915.1,
21114.48,
70051.94,
227972,
13340.66,
4479631,
0,
5116025,
384431.5,
0,
31599.51,
102666.8,
2403.832,
733241.7,
0,
1254343,
1136432,
74042.27,
117062.3,
593706,
15576.12,
5739700,
0,
7676519,
151440.5,
28058.57,
32407.12,
105587.7,
4449.584,
699022.9,
0,
1020966,
51595.21,
12904.75,
11149.66,
56340.81,
820.8302,
341771.1,
0,
474582.4,
9893.744,
2398.072,
5801.057,
14187.87,
685.8582,
223417.8,
0,
256384.4,
0,
0,
0,
0,
0,
0,
0,
0,
8374683,
3353209,
2445460,
7315373,
208235.4,
7.000478e+07,
0,
9.170174e+07,
1998, 
333087.2,
289049.5,
72591.77,
176626.8,
5400.513,
2064335,
0,
2941091,
635185.7,
1603927,
852330.4,
2073820,
85632.08,
7895866,
0,
1.314676e+07,
132780.3,
105283.8,
59149.36,
164346.6,
2010.897,
789154.3,
0,
1252725,
42023.36,
1213.115,
18332.08,
50959.8,
3207.434,
526144.6,
0,
641880.4,
238255,
60455.86,
91187.03,
248324.3,
5425.839,
753565.8,
0,
1397214,
287368.3,
18899.42,
83742.87,
232754.5,
4263.941,
1131683,
0,
1758712,
156868.5,
669.1646,
38578.7,
50104.64,
1747.956,
625976.9,
0,
873945.8,
31446.97,
4825.579,
18187.29,
44412.16,
1134.004,
417891.8,
0,
517897.8,
28553.4,
1404.407,
6887.609,
16824.25,
904.5412,
144975,
0,
199549.2,
0,
65607.68,
24021.81,
56752.68,
1096.423,
384507.3,
0,
531985.9,
1554649,
115088.4,
543456.6,
2020915,
32573.75,
3.13898e+07,
0,
3.565649e+07,
74399.33,
40332.11,
56634.09,
214752.9,
1277.509,
1729072,
0,
2116468,
50179.96,
2754.883,
36451.97,
40389.6,
1401.817,
512658.2,
0,
643836.4,
4290.612,
88279.63,
17110.33,
66166.8,
141.6108,
182543.8,
0,
358532.8,
678.9594,
69894.38,
7310.877,
17921.15,
795.5468,
99879.57,
0,
196480.5,
214694.5,
337542.7,
41476.93,
101592.7,
5699.358,
636038.3,
0,
1337044,
0,
0,
131565.5,
172229.7,
6259.702,
2020605,
0,
2330660,
114149.4,
60339.71,
30016.92,
151353,
1212.55,
470163.2,
0,
827234.8,
254988.9,
54234.76,
35108.46,
149264.2,
2624.635,
1387417,
0,
1883638,
1368684,
79108.74,
65634.72,
314102.7,
11567.09,
5194164,
0,
7033261,
346851.3,
18561.61,
65828.52,
214227.8,
13386.85,
4581698,
0,
5240554,
401538.1,
0,
31189.87,
101338.3,
1954.316,
775135.4,
0,
1311156,
1010532,
75621.22,
117397.1,
596061.1,
15855.59,
5524089,
0,
7339555,
126629.9,
27837.42,
32906.4,
107230.1,
4533.396,
700236.6,
0,
999373.8,
48479.91,
13493.76,
11638.03,
58821.13,
962.3052,
351091,
0,
484486.1,
9371.236,
2469.784,
5879.636,
14384.28,
572.7458,
225982.6,
0,
258660.3,
0,
0,
0,
0,
0,
0,
0,
0,
7465686,
3136895,
2494615,
7455677,
211642.4,
7.051467e+07,
0,
9.127919e+07,
1999, 
321076.5,
306032.5,
74408.3,
181050.4,
5655.253,
2280781,
0,
3169004,
713864.1,
1573600,
876161.9,
2131727,
88076.16,
8814360,
0,
1.419779e+07,
196001.6,
95324.92,
60187.93,
167222.9,
2147.167,
965610.6,
0,
1486495,
35259.07,
1679.168,
19273.55,
53584.55,
3299.439,
590726.9,
0,
703822.7,
243921.5,
60908.28,
89322.98,
243665,
4929.688,
818670,
0,
1461417,
256992.3,
22340.79,
80549.74,
223863.8,
4104.687,
1248802,
0,
1836653,
137133.6,
672.6201,
40957.41,
53238.05,
2048.04,
662010.3,
0,
896060,
37067.49,
5689.886,
21609.07,
52770.36,
1095.908,
438893.3,
0,
557125.9,
29249.57,
3813.039,
6649.453,
16243.58,
1029.084,
151711,
0,
208695.8,
0,
63943.51,
24204.45,
57273.57,
1154.22,
392435.3,
0,
539011,
1655459,
113982.3,
553458.1,
2060171,
34544.07,
3.358288e+07,
0,
3.800049e+07,
64158.61,
38537.87,
56810.52,
215859,
1260.951,
1968562,
0,
2345189,
45673,
2719.807,
40096.39,
44432.75,
1138.452,
578774,
0,
712834.4,
3404.557,
83728.72,
13822.68,
53465.97,
157.7285,
196843.7,
0,
351423.4,
546.111,
56218.52,
6763.966,
16580.8,
748.2737,
106371.6,
0,
187229.2,
227514.5,
380757,
40878.3,
100149.6,
5891.22,
650289.4,
0,
1405480,
0,
0,
133352.2,
174807.5,
6173.766,
2137396,
0,
2451729,
114608.9,
60190.7,
31627.51,
159551.9,
1251.242,
518907.3,
0,
886137.6,
332781.5,
57143.16,
37580.36,
159697.4,
2696.332,
1377362,
0,
1967261,
2172041,
86837.8,
68553.84,
328281.1,
12746.73,
5503264,
0,
8171724,
290190.3,
19122.86,
70710.85,
230109.1,
13793.6,
4647882,
0,
5271809,
377787.9,
0,
31356.61,
101880.2,
1631.448,
808021.8,
0,
1320678,
1005195,
75356.08,
118456.2,
602251.7,
15327.19,
5473257,
0,
7289843,
127328.4,
31130.16,
33571.45,
109433.3,
4537.833,
739326.4,
0,
1045328,
49284.52,
14111.72,
12088.55,
61109.29,
1008.081,
376144.5,
0,
513746.6,
8926.794,
6164.791,
6629.518,
16223.41,
727.5199,
239223,
0,
277895,
0,
0,
0,
0,
0,
0,
0,
0,
8445466,
3160006,
2549082,
7614643,
217174.1,
7.52685e+07,
0,
9.725487e+07,
2000, 
330160.5,
313674.8,
74163.81,
180460.9,
5718.354,
2472553,
0,
3376731,
754156.3,
1739192,
886559.4,
2156951,
91789.13,
9534114,
0,
1.516276e+07,
219246.1,
94722.96,
62792.04,
174447.7,
2188.578,
1116686,
0,
1670084,
34153.41,
1622.715,
19398.7,
53938.83,
3561.322,
646997.3,
0,
759672.3,
206154,
69672.88,
87431.37,
238961.1,
4924.524,
815008.5,
0,
1422152,
208694,
21374.72,
79310.83,
220405.4,
3857.507,
1250363,
0,
1784005,
166705,
733.1069,
42051.89,
54718.21,
2077.317,
671830.1,
0,
938115.7,
35883.79,
5341.92,
22376.64,
54644.07,
1159.725,
443895.9,
0,
563302,
24082.3,
3139.422,
7159.552,
17490.25,
1110.42,
153253.1,
0,
206235,
0,
63270.34,
23988.5,
56869.66,
1130.746,
377769.3,
0,
523028.6,
1489387,
115119.9,
553718.7,
2064028,
35687.63,
3.450054e+07,
0,
3.875848e+07,
51220.5,
39257.98,
54526.45,
207636.6,
1285.229,
2071459,
0,
2425386,
43312.03,
2859.708,
41992.8,
46533.41,
1157.439,
586878.6,
0,
722734,
225.8192,
72280.63,
13306.36,
51482.79,
147.6554,
184971.2,
0,
322414.4,
678.9442,
61848.52,
8028.477,
19678.9,
745.3939,
102861.5,
0,
193841.8,
261874.4,
461988.3,
40494.87,
99235.44,
6237.348,
596410.8,
0,
1466241,
0,
0,
141009.2,
185081.1,
6642.672,
2168715,
0,
2501448,
109014,
62646.32,
32295.24,
162976.4,
1281.557,
552686.3,
0,
920899.9,
296130.1,
60584.32,
41914.23,
178058.8,
2860.036,
1352246,
0,
1931794,
2715531,
660524.4,
97399.27,
466721.1,
13024.12,
5678698,
0,
9631898,
278318.3,
18068.43,
71952.35,
234136.5,
15097.86,
4605762,
0,
5223336,
371772.1,
0,
33628.71,
109259.9,
1805.688,
791775.8,
0,
1308242,
1023362,
74628.92,
117817.8,
599986.4,
14965.54,
5431824,
0,
7262585,
141834.9,
33153.51,
34410.98,
112247.8,
4749.333,
744770.3,
0,
1071167,
47998.09,
14057.63,
11963.89,
60491.8,
993.3741,
385127.8,
0,
520632.6,
8926.766,
5055.906,
6120.966,
14982.86,
856.1951,
244116.1,
0,
280058.8,
0,
0,
0,
0,
0,
0,
0,
0,
8818822,
3994819,
2605813,
7821425,
225054.7,
7.748131e+07,
0,
1.009472e+08,
2001, 
356873.1,
300349.2,
73829.66,
180734.6,
5289.5,
2381923,
0,
3298999,
664321.5,
1651476,
887598.3,
2172385,
88201.52,
9237909,
0,
1.470189e+07,
188384.7,
85555.58,
64765.95,
180363.1,
2219.421,
1146826,
0,
1668115,
41167.81,
1316.15,
20121.77,
56090.94,
3319.522,
624481.3,
0,
746497.4,
227943.1,
76213.19,
87415.89,
239920.5,
4977.879,
716822.8,
0,
1353293,
161478.1,
21945.79,
78528.41,
218752.6,
4050.433,
1108108,
0,
1592863,
135666.8,
1137.841,
42786.45,
55782.29,
1838.304,
631762.4,
0,
868974.1,
35976.2,
5376.045,
24305.48,
59359.06,
1133.043,
406340.8,
0,
532490.6,
4214.286,
1536.656,
7976.677,
19488.79,
1138.621,
140407.9,
0,
174763,
0,
62864.64,
24600.17,
58441.12,
1102.75,
324701.4,
0,
471710.1,
1462913,
114145.3,
557114.6,
2083564,
34794.14,
3.173332e+07,
0,
3.598585e+07,
39533.28,
33090.72,
58575.91,
223745.5,
1341.939,
1946607,
0,
2302895,
55814.12,
2420.807,
39972,
44365.62,
1160.056,
540537.2,
0,
684269.8,
225.8173,
72172.96,
13883.16,
53828.45,
143.9485,
160159.6,
0,
300413.9,
678.936,
58762.07,
7847.817,
19271.11,
658.6612,
96561.04,
0,
183779.6,
275603.6,
417554.8,
43232.85,
106161.3,
6597.288,
518721.1,
0,
1367871,
0,
0,
148191.7,
194887.2,
6513.297,
2101779,
0,
2451371,
110280.6,
66707.23,
32107.24,
162432.3,
1296.183,
528580.4,
0,
901403.9,
264333.3,
62340.07,
43904.11,
186861.9,
3025.978,
1266234,
0,
1826699,
2758715,
649385.9,
99799.41,
479039.6,
13525.3,
5412425,
0,
9412889,
269935.9,
19118.78,
74819.68,
243983.3,
15854.29,
4250062,
0,
4873774,
393317.4,
0,
35582.06,
115854.1,
2187.002,
704072.4,
0,
1251013,
989689.6,
74486.29,
119174.6,
607178.1,
14531.43,
5016416,
0,
6821476,
158157.9,
33102.13,
33901.8,
110558.3,
5254.897,
670072.4,
0,
1011047,
58502.55,
14753.73,
12178.97,
61718.77,
993.4178,
354097.8,
0,
502245.2,
10104.1,
4841.572,
6510.082,
15940.32,
856.3964,
219486.5,
0,
257738.9,
0,
0,
0,
0,
0,
0,
0,
0,
8663830,
3830653,
2638725,
7950707,
222005.2,
7.223841e+07,
0,
9.554433e+07,
2002, 
355451,
265745.1,
79858.4,
196660.5,
5586.225,
2471768,
0,
3375069,
706754.1,
1689080,
904636.3,
2227172,
87448.09,
9599701,
0,
1.521479e+07,
153016.8,
83701.1,
66645.23,
186045.3,
2182.002,
1239953,
0,
1731543,
33376.4,
2502.713,
21123.4,
59029.21,
3418.467,
648825.3,
0,
768275.4,
230712.1,
72658.19,
90325.83,
248806.2,
5025.743,
713019.4,
0,
1360548,
149901.5,
18931.68,
77879.64,
217471.1,
3819.628,
1087140,
0,
1555144,
113680,
1245.514,
45062.7,
58847.63,
1836.977,
657103.2,
0,
877776,
36443.43,
5911.663,
28188.07,
68847.09,
1136.563,
429383.9,
0,
569910.7,
4265.119,
2108.496,
8426.945,
20591.23,
1171.518,
141091.7,
0,
177655,
0,
64442.35,
25066.71,
59657.95,
1128.958,
321245.5,
0,
471541.4,
1449239,
114439.7,
561463.3,
2106312,
33986.79,
3.177456e+07,
0,
3.604e+07,
44884.52,
35828.54,
60448.9,
231496.4,
1319.978,
2017715,
0,
2391694,
56258.83,
2521.927,
41870.49,
46544.93,
1578.75,
534119.9,
0,
682894.8,
179.0529,
72868.63,
14960.06,
58124.35,
174.8452,
163368.9,
0,
309675.8,
678.9286,
62199.38,
8048.645,
19800.5,
799.4729,
105752.2,
0,
197279.2,
265449.1,
453253.3,
43244.04,
106400.6,
6892.921,
539673.2,
0,
1414913,
0,
0,
156744.3,
206477.5,
7059.238,
2297773,
0,
2668054,
90336.61,
68444.56,
33283.64,
168797.8,
1315.577,
556988.1,
0,
919166.3,
283331.9,
62896.43,
47104.24,
200837.8,
3450.771,
1344436,
0,
1942057,
2815909,
656389.8,
106808.1,
513471.5,
16512.84,
5733552,
0,
9842644,
276206.1,
18779.51,
79427.42,
259561.2,
16509,
4440544,
0,
5091027,
388230.7,
0,
36293.35,
118425.1,
2345.693,
716305.8,
0,
1261601,
999666,
75366.63,
117043.2,
596319.8,
15861.28,
5112496,
0,
6916753,
128117.8,
28077.6,
35581.43,
115992.1,
4576.355,
674411.7,
0,
986756.9,
64433.84,
14579.11,
12462.04,
63295.77,
1074.163,
363563.3,
0,
519408.2,
9863.533,
3968.879,
6910.013,
16923.6,
769.0603,
225366.5,
0,
263801.6,
0,
0,
0,
0,
0,
0,
0,
0,
8656386,
3875941,
2708906,
8171909,
226980.9,
7.390985e+07,
0,
9.754998e+07,
2003, 
399679.8,
258328.8,
81413.95,
201673.6,
5601.596,
2433256,
0,
3379954,
728093.9,
1657856,
920263.4,
2278902,
86320.83,
9531540,
0,
1.520298e+07,
149673.1,
82301.68,
70845.8,
198251.5,
2262.439,
1265968,
0,
1769302,
27047.63,
2028.153,
21079.94,
59052.3,
3386.817,
653485.6,
0,
766080.4,
212328.6,
85648.11,
89914.38,
248540.2,
4401.915,
711896.4,
0,
1352730,
157325.7,
18088.91,
76446.73,
214024,
3671.354,
1054100,
0,
1523657,
147101.5,
1381.292,
46829.71,
61258.11,
1815.255,
668743.9,
0,
927129.8,
34720.88,
5808.55,
30137.79,
73614.52,
1240.417,
434143.1,
0,
579665.3,
4399.001,
2404.604,
8373.565,
20462.98,
1232.32,
145348.5,
0,
182221,
0,
62595.58,
26512.27,
63204.57,
1196.204,
319114.8,
0,
472623.5,
1644935,
113646.6,
562610.6,
2116829,
34623.47,
3.165124e+07,
0,
3.612388e+07,
36535.93,
36436.16,
64803.46,
248733.9,
1423.369,
2152056,
0,
2539989,
62091.59,
2703.584,
41438.57,
46127.13,
1687.321,
564722.8,
0,
718770.9,
0,
74445.07,
14590.42,
56805.91,
213.5405,
179322.6,
0,
325377.5,
678.9211,
64455.56,
7784.635,
19186.61,
770.0598,
115291.6,
0,
208167.4,
258247.5,
453538.4,
44326.19,
109281.3,
7198.165,
590961.9,
0,
1463553,
0,
0,
160652.8,
211942.6,
7029.815,
2404339,
0,
2783964,
102969.8,
65768.29,
33928.52,
172479.8,
1456.002,
587070.3,
0,
963672.8,
283063.7,
64130.79,
48440.49,
206972.2,
3661.359,
1369280,
0,
1975548,
3310786,
761916,
117979.5,
568020.4,
16279.05,
6104258,
0,
1.087924e+07,
248017.6,
16884.2,
84264.35,
275954.2,
15986.97,
4496762,
0,
5137870,
368602.3,
0,
36912.52,
120705,
2862.983,
721959.4,
0,
1251042,
972667.5,
74879.84,
116380.3,
592778.9,
15583.95,
4978056,
0,
6750346,
108754.3,
31378.41,
36041.01,
117403.9,
4429.608,
672235.9,
0,
970243.1,
63171.7,
13817.62,
13161.12,
66995.02,
1091.229,
362969,
0,
521205.7,
35235.09,
3739.528,
7103.375,
17399.99,
821.5619,
226980.8,
0,
291280.3,
0,
0,
0,
0,
0,
0,
0,
0,
9356127,
3954182,
2762236,
8366599,
226247.6,
7.43951e+07,
0,
9.906049e+07,
2004, 
430360.8,
256490.2,
82935.33,
206638.1,
6023.616,
2566702,
0,
3549150,
703628.3,
1727791,
926975.8,
2308812,
90159.58,
1.005461e+07,
0,
1.581198e+07,
145242.2,
85526.81,
74998.79,
210384.6,
2447.909,
1330494,
0,
1849095,
28863.77,
1024.849,
21516.07,
60420.41,
4056.764,
705968,
0,
821849.9,
246460.8,
85330.6,
96603.46,
267865.8,
4637.743,
772272.8,
0,
1473171,
210175.8,
20708.77,
80562.56,
226107.6,
4705.959,
1097559,
0,
1639819,
119704.1,
2147.937,
49377.19,
64697.03,
1932.024,
737497.8,
0,
975356.1,
35985.52,
5850.74,
31508.24,
76969.49,
1322.669,
499978.5,
0,
651615.2,
4291.894,
2251.143,
8952.17,
21879.17,
1350.438,
165217.4,
0,
203942.2,
0,
59661.66,
28061.5,
66994.34,
1205.402,
362925.4,
0,
518848.3,
1668328,
118360.1,
570523.8,
2152286,
36897.39,
3.592813e+07,
0,
4.047453e+07,
30250.51,
36907.34,
70379.13,
270648.1,
1503.337,
2620861,
0,
3030550,
86024.05,
2612.739,
41317.02,
46065.43,
1837.315,
671445.8,
0,
849302.4,
0,
76700.55,
15321.99,
59778.89,
219.6744,
218189.9,
0,
370211,
678.914,
58532.26,
8205.304,
20260.63,
874.7155,
138234.3,
0,
226786.2,
251284,
493354.8,
47266.45,
116761,
7211.321,
703998.8,
0,
1619877,
0,
0,
171194.8,
226158,
6765.314,
2686421,
0,
3090539,
108434.8,
64442.34,
37048.71,
188770.4,
1668.853,
696548.6,
0,
1096914,
268878.2,
58475.36,
48883.11,
209314.9,
3936.898,
1489909,
0,
2079397,
3227224,
865151.5,
140042.6,
675086.1,
20498.03,
7114183,
0,
1.204218e+07,
259741.2,
16042.6,
91309.06,
299658,
18852.42,
4910533,
0,
5596136,
331388.7,
0,
37663.69,
123427.6,
3649.359,
754012.8,
0,
1250142,
888344.4,
77221.08,
117503.9,
598075.5,
15726.96,
5206514,
0,
6903386,
114140.4,
34779.12,
37795.87,
123073,
4641.862,
753899.4,
0,
1068330,
104914.3,
15672.06,
13917.61,
71008.6,
1231.706,
402540.8,
0,
609285.1,
28913.21,
3373.538,
7930.73,
19428.74,
935.8735,
262933.3,
0,
323515.4,
0,
0,
0,
0,
0,
0,
0,
0,
9293257,
4168409,
2857795,
8710568,
244293.1,
8.285158e+07,
0,
1.081259e+08,
2005, 
429617.8,
284158.6,
83142.18,
208338.9,
6502.985,
2530188,
0,
3541948,
881572.8,
1880300,
930363.8,
2330535,
94122.75,
9915598,
0,
1.603249e+07,
162030.5,
85792.45,
79752.96,
224272.8,
2533.098,
1290275,
0,
1844657,
23373.68,
1098.333,
22069.46,
62120.89,
4484.89,
693208,
0,
806355.3,
252559.5,
84356.44,
97931.67,
272318.8,
4947.481,
791925,
0,
1504039,
231451.8,
19998.86,
85558.71,
240717.9,
4792.15,
1123184,
0,
1705704,
97250.98,
2086.761,
50478.27,
66227.32,
1952.966,
784941.8,
0,
1002938,
36209.85,
6106.879,
29716.49,
72603.09,
1411.948,
556813.5,
0,
702861.8,
4487.08,
2192.38,
9410.885,
23002.84,
1456.64,
173200,
0,
213749.8,
0,
48182.55,
29620.68,
70776.39,
1257.988,
398009.2,
0,
547846.8,
1690646,
118466.7,
567370.6,
2144493,
38782.06,
3.769543e+07,
0,
4.225519e+07,
32837.63,
32272.29,
74903.55,
288391.7,
1659.082,
2971053,
0,
3401118,
91256.09,
3157.875,
42455.08,
47438.62,
2019.364,
804115.3,
0,
990442.3,
29424.34,
75550.98,
15487.67,
60544.11,
235.8669,
252799.1,
0,
434042.1,
678.908,
57440.66,
8393.72,
20765.35,
988.9949,
160515.1,
0,
248782.8,
279382.2,
507002,
46843.46,
115935.1,
8078.502,
791775,
0,
1749016,
0,
0,
184878.8,
244536.1,
6544.305,
2931172,
0,
3367132,
142412.5,
72126.66,
39037.86,
199345,
1985.885,
795233.1,
0,
1250141,
216045.9,
58170.46,
49503.48,
212357.1,
4140.619,
1607090,
0,
2147308,
3210445,
857381.4,
153527.4,
740747.2,
21725.58,
7959923,
0,
1.294375e+07,
241755.3,
19715.05,
91390.24,
300560.9,
19698.38,
5169987,
0,
5843107,
305260.8,
0,
38202.92,
125466.8,
3559.426,
761736.9,
0,
1234227,
889030.7,
78918.73,
116607.9,
592622.8,
15856.94,
5276760,
0,
6969797,
135937.8,
35846.18,
37785,
122937.3,
5018.866,
803237.1,
0,
1140762,
94547.44,
13770.86,
13737.52,
70265.91,
1451.839,
417217.8,
0,
610991.4,
23733.93,
4288.94,
7994.689,
19585.28,
768.2287,
294183.8,
0,
350554.8,
0,
0,
0,
0,
0,
0,
0,
0,
9501948,
4348383,
2906165,
8876906,
255976.8,
8.694957e+07,
0,
1.12839e+08,
2006, 
396638.5,
290766.2,
82519.97,
207944.4,
6550.351,
2581618,
0,
3566037,
858042.1,
2041126,
934836.1,
2355045,
91550.11,
1.003118e+07,
0,
1.631178e+07,
168840.4,
88876.76,
84375.99,
237867.5,
2686.002,
1275998,
0,
1858645,
21714.41,
1144.798,
22620.97,
63815,
4685.119,
726404,
0,
840384.3,
242233.7,
82139.05,
99643.85,
277774,
4997.255,
868546.4,
0,
1575334,
225347.7,
19254.35,
91070.15,
256870.2,
4542.643,
1280405,
0,
1877490,
89408.8,
2124.849,
53267.74,
69953.39,
2169.785,
886049.5,
0,
1102974,
35480.47,
6801.523,
28768.53,
70297.45,
1461.642,
660397.1,
0,
803206.7,
4693.382,
2638.298,
10536.57,
25756.8,
1534.486,
191724.1,
0,
236883.6,
0,
45209.83,
30635.64,
73209.02,
1309.724,
442904.3,
0,
593268.4,
1817674,
115029.3,
576332.9,
2181324,
40264.1,
3.936977e+07,
0,
4.410039e+07,
35795.17,
32074.15,
80303.48,
309379.6,
1769.815,
3320618,
0,
3779940,
102832.8,
3193.777,
48831.57,
54688.2,
1808.649,
934777.8,
0,
1146133,
31913.94,
83249.92,
16344.81,
64004.11,
202.3853,
286770.5,
0,
482485.7,
678.9026,
57218.38,
9037.287,
22400.82,
1162.7,
193707.9,
0,
284206,
271193,
535555.6,
50251.99,
124597.3,
8694.355,
938501.2,
0,
1928794,
0,
0,
196491.5,
260147.5,
6922.942,
3369109,
0,
3832671,
148665.5,
70379.46,
40870.4,
209143.5,
2436.022,
959318.8,
0,
1430814,
195565.2,
54552.35,
50119.63,
215350.3,
4471.396,
1736022,
0,
2256081,
3863340,
826747.8,
166727.5,
804889.6,
22441.66,
8860326,
0,
1.454447e+07,
228523.4,
20292.68,
87341.37,
287887,
21279.14,
5494383,
0,
6139706,
276247.1,
0,
36393.98,
119790.4,
3778.729,
821794.1,
0,
1258004,
864439.8,
78211.9,
115374.8,
584975.9,
15356.94,
5406312,
0,
7064671,
123533,
36551.73,
38293.86,
124417.8,
5620.095,
861337.7,
0,
1189754,
95734.45,
13494.34,
13927.54,
71417.39,
1431.503,
445938.4,
0,
641943.6,
14942.37,
4168.808,
8736.541,
21398.93,
643.1732,
339790.1,
0,
389679.9,
0,
0,
0,
0,
0,
0,
0,
0,
1.011348e+07,
4510802,
2973655,
9094345,
259770.7,
9.22837e+07,
0,
1.192358e+08,
2007, 
422516.5,
304539.8,
86570.01,
219316.9,
6726.459,
2642367,
0,
3682037,
852128.4,
1926830,
939110.2,
2379126,
92165.46,
1.028054e+07,
0,
1.64699e+07,
175234.5,
83327.13,
89739.5,
253631.3,
3026.636,
1318257,
0,
1923216,
22734.98,
1608.063,
24461.6,
69142.69,
5010.261,
782364.4,
0,
905322,
297892.7,
84903,
107907.9,
301395.8,
5496.024,
967579.3,
0,
1765175,
229268.2,
20393.49,
97807.63,
276568.9,
4315.421,
1494870,
0,
2123223,
94394.72,
1729.027,
57184.54,
75136.63,
2373.356,
1002668,
0,
1233486,
38796.11,
7357.483,
29052.89,
70998.14,
1544.138,
759949.1,
0,
907697.8,
5380.837,
2364.682,
11265.76,
27539.8,
1711.227,
214357,
0,
262619.3,
0,
45293.56,
33909.09,
80970.67,
1383.546,
482769,
0,
644325.8,
1744060,
118497.2,
583788.5,
2211023,
41570.53,
4.036713e+07,
0,
4.506607e+07,
43439.2,
36381.48,
85484.33,
329348.7,
1841.37,
3655873,
0,
4152368,
112341.7,
2586.868,
55392.14,
62170.9,
2261.943,
1045137,
0,
1279890,
33291.04,
82547.47,
19319.75,
75756.31,
175.6415,
319777.3,
0,
530867.6,
905.1749,
61975.92,
10107.29,
25101.81,
1207.095,
236255.7,
0,
335553,
251400.6,
499986.1,
50135.38,
124518,
8917.198,
1107638,
0,
2042595,
0,
0,
204955.8,
271494.6,
7310.334,
3827155,
0,
4310915,
209137.8,
75079,
48744.86,
249933.9,
2821.616,
1136251,
0,
1721968,
191775,
51194.97,
52252.06,
224801.8,
4792.826,
1855579,
0,
2380396,
4043409,
806983.6,
179665.5,
867066.3,
24257.27,
9691530,
0,
1.561291e+07,
247972.8,
19996.93,
94639.51,
312657.5,
22803.14,
5838749,
0,
6536819,
252884.4,
0,
37780.27,
124637.6,
3984.582,
890094.4,
0,
1309381,
829304.5,
79544.77,
113056.5,
571324.9,
14391.27,
5480227,
0,
7087849,
202159.2,
37931.81,
39102.17,
126813.7,
6037.208,
908584.1,
0,
1320628,
94050.66,
14389.92,
16243.6,
83472.55,
1227.844,
476550.3,
0,
685934.9,
16534.43,
3426.477,
9497.283,
23251.99,
680.0966,
386365.5,
0,
439755.8,
0,
0,
0,
0,
0,
0,
0,
0,
1.041101e+07,
4368869,
3077174,
9437200,
268032.5,
9.716862e+07,
0,
1.247309e+08,
2008, 
409873.3,
315750.6,
86531.58,
220357,
6771.735,
2583533,
0,
3622817,
788471.3,
1556492,
904158.8,
2303333,
87353.84,
1.001791e+07,
0,
1.565772e+07,
186928.8,
77961.96,
94000.09,
266354.8,
2947.141,
1305144,
0,
1933336,
25090.45,
2727.511,
23992.05,
67911.77,
5260.263,
816075.1,
0,
941057.1,
323142.8,
89288.16,
118027.1,
330071.1,
6021.432,
1030882,
0,
1897432,
222049.4,
25762.5,
104196.2,
295391.8,
5126.713,
1635360,
0,
2287886,
87693.8,
1601.408,
61946.55,
81404.85,
2489.241,
1086839,
0,
1321975,
43164.52,
8294.911,
33523.2,
81903.91,
2068.61,
813797.7,
0,
982752.8,
5374.777,
2233.436,
12566.86,
30712.27,
1681.974,
232803.8,
0,
285373.1,
0,
40061.6,
34308.13,
81758.87,
1366.735,
494982.1,
0,
652477.4,
1586621,
117494.4,
573304.7,
2170648,
41559.87,
3.991926e+07,
0,
4.440889e+07,
50741.89,
35743.3,
92107.46,
354899.7,
2009.443,
3910909,
0,
4446411,
111449.6,
2216.159,
52786.21,
59385.14,
2205.951,
1102288,
0,
1330332,
26476.31,
87759.2,
20136.98,
79016.19,
168.1237,
342582.2,
0,
556139,
1131.469,
50289.63,
11077.31,
27563.38,
1365.419,
274876.2,
0,
366303.3,
239460.5,
446256.6,
55993.71,
139254,
9616.888,
1247123,
0,
2137705,
0,
0,
219456.4,
290635.4,
7508.022,
4111685,
0,
4629285,
232831.1,
77993.74,
56360.59,
289459.6,
2792.152,
1288986,
0,
1948423,
195977.7,
48621.02,
51533.95,
222042.4,
4683.127,
1867478,
0,
2390336,
3255744,
796903.8,
201013.7,
968940.8,
24382.28,
1.005598e+07,
0,
1.530296e+07,
200933.2,
25716.96,
95144.63,
315119.5,
22991.28,
5866827,
0,
6526732,
265663.3,
0,
40472.7,
133827.8,
4234.743,
925049.4,
0,
1369248,
769953.6,
79636.83,
110396.2,
555329.8,
13659.68,
5246835,
0,
6775811,
198931.7,
44149.98,
39846.95,
128835.3,
6358.316,
918337.8,
0,
1336460,
100373.1,
13416.15,
16246.32,
83690.3,
1321.407,
479612.4,
0,
694659.7,
16311.98,
2674.582,
10679.01,
26118.63,
840.3322,
431188,
0,
487812.5,
0,
0,
0,
0,
0,
0,
0,
0,
9344389,
3949047,
3119807,
9603965,
266784.7,
9.800634e+07,
0,
1.242903e+08,
2009, 
428817.8,
255454.9,
87472.71,
223854.7,
5847.709,
2285651,
0,
3287099,
1025009,
1256669,
871150.1,
2231448,
79738.16,
8912285,
0,
1.43763e+07,
151404,
73872.02,
92955.14,
264052.4,
2532.147,
1176528,
0,
1761343,
24200.9,
2457.728,
24974.54,
70739.48,
5147.661,
758439.8,
0,
885960.1,
302392.1,
88242.41,
119931.4,
335583,
6137.747,
1042405,
0,
1894692,
193068.3,
24339.48,
104403.3,
296730.7,
4946.556,
1624370,
0,
2247858,
89170.34,
5515.789,
68073.45,
89445.38,
2534.435,
1099012,
0,
1353751,
45291.5,
8856.588,
34785.25,
84915.34,
1852.124,
810728.8,
0,
986429.6,
5828.935,
2128.397,
13459.33,
32866.61,
1700.346,
228718.1,
0,
284701.7,
0,
37094.08,
33385.61,
79289.42,
1350.33,
468863.3,
0,
619982.8,
1539745,
112028,
565376.4,
2138683,
38492.07,
3.650918e+07,
0,
4.090351e+07,
40503.34,
31336.69,
92486.89,
356197.4,
1767.945,
3886741,
0,
4409034,
132017.3,
2131.575,
52405.82,
59100.95,
2311.96,
1076757,
0,
1324725,
21077.35,
69863.63,
19057.56,
74760.25,
158.9659,
363356.2,
0,
548273.9,
2262.937,
39257.76,
10717.73,
26715.81,
1401.987,
300120,
0,
380476.2,
238844.2,
426113.6,
58225.55,
144914,
8874.813,
1294919,
0,
2171891,
0,
0,
230253.8,
304760.9,
7680.563,
4118854,
0,
4661549,
208721.3,
79645.73,
62609.34,
321949.6,
2971.254,
1348856,
0,
2024753,
183990.7,
44549.93,
53056.55,
228754.1,
4574.124,
1750193,
0,
2265118,
3460633,
715114.5,
207775.2,
999278.5,
26129.83,
9511272,
0,
1.49202e+07,
236447.3,
29250.32,
101430.3,
336639.4,
23066.16,
5463153,
0,
6189987,
318736.6,
0,
46389.72,
153760.4,
4516.563,
882625.6,
0,
1406029,
709700.4,
78152.24,
109596.1,
548095.3,
12353.04,
4727217,
0,
6185114,
198004,
45486.93,
39919.17,
128486.7,
6414.519,
872552.1,
0,
1290863,
96352.42,
12463.38,
17035.75,
87904.8,
1371.62,
448354.5,
0,
663482.4,
17460.33,
2867.135,
11698.04,
28556.44,
825.1201,
443838.8,
0,
505245.8,
0,
0,
0,
0,
0,
0,
0,
0,
9669679,
3442892,
3128625,
9647483,
254697.8,
9.140499e+07,
0,
1.175484e+08,
2010, 
444924.6,
252714.1,
90889.14,
233604.7,
6072.065,
2362402,
0,
3390607,
827105.9,
1221343,
904216.6,
2328768,
82229.52,
9310181,
0,
1.467384e+07,
157748,
77048.91,
95329.09,
271388.9,
2611.152,
1234480,
0,
1838606,
23031.86,
2691.836,
25611.62,
72506.7,
5240.763,
810392.9,
0,
939475.7,
306898.1,
122582.2,
134690.1,
376234.6,
7037.831,
1196652,
0,
2144095,
232539.4,
24365.45,
110716.8,
315448.5,
6168.271,
1828484,
0,
2517722,
115365.7,
7720.545,
74559.14,
97964.55,
2361.753,
1272900,
0,
1570872,
46955.16,
9778.713,
40195.45,
97900.16,
1997.409,
926955.1,
0,
1123782,
7175.565,
3510.003,
14709.56,
35844.51,
1869.218,
272945.5,
0,
336054.3,
1792.096,
38030.6,
34976.65,
82643.48,
1381.129,
503063.2,
0,
661887.1,
1566749,
109873.1,
569706.6,
2151277,
38568.36,
3.910878e+07,
0,
4.354495e+07,
37248.86,
32102.83,
94827.02,
364060.4,
1826.839,
4329849,
0,
4859915,
133670.4,
2359.894,
52569.16,
59460.14,
1874.4,
1190474,
0,
1440408,
17955.02,
59334.41,
20057.84,
78545.82,
181.7431,
401456.9,
0,
577531.7,
4073.324,
37913.45,
11220.54,
28003.43,
1553.097,
351795.4,
0,
434559.3,
191267.7,
414496.8,
60580.61,
150713.7,
9704.053,
1429768,
0,
2256531,
0,
0,
240585.4,
318236.2,
8056.085,
4699676,
0,
5266554,
180074.3,
81958.41,
68765.34,
353746.6,
3319.438,
1625039,
0,
2312903,
150834.5,
40294.13,
55148.06,
237896.5,
5068.485,
1929421,
0,
2418663,
3664534,
683640.2,
232473.5,
1112814,
31375.98,
1.072853e+07,
0,
1.645337e+07,
257124.4,
30632.04,
105245.2,
349842,
25890.06,
5979974,
0,
6748707,
342547.7,
0,
50823.13,
168836.1,
5855.893,
996194,
0,
1564257,
731820,
67135.6,
112708.9,
559842.3,
12473.6,
4946471,
0,
6430452,
199554.3,
44255.85,
41680.94,
133300.3,
7228.105,
989846.9,
0,
1415866,
94791.5,
11794.21,
18552.51,
95817.04,
1520.599,
504579.6,
0,
727055.4,
17854.72,
3590.098,
12643.33,
30757.95,
1009.847,
540155.4,
0,
606011.4,
0,
0,
0,
0,
0,
0,
0,
0,
9753636,
3379166,
3273482,
1.010545e+07,
272475.7,
9.947046e+07,
0,
1.262547e+08,
2011, 
371578.8,
283399.9,
91905.35,
237123.5,
6226.383,
2302582,
0,
3292816,
1633474,
1595838,
869261.2,
2250487,
82946.36,
9231892,
0,
1.56639e+07,
181684.1,
79792.68,
96452.47,
275132.6,
2654.872,
1245956,
0,
1881673,
21884.77,
2411.589,
25220.3,
71330.03,
5102.174,
791614.9,
0,
917563.8,
294377.2,
129228.8,
144637.3,
402840.4,
7829.361,
1305930,
0,
2284843,
249790.4,
24869.29,
120109.5,
342915.6,
5774.463,
1903564,
0,
2647023,
93848.69,
6280.578,
76278.53,
100214.8,
2198.143,
1325116,
0,
1603937,
47874.12,
11359.48,
43070.94,
104608,
1852.971,
988269.7,
0,
1197035,
7619.345,
4182.707,
15223.21,
37001.71,
2083.718,
287572.8,
0,
353683.5,
13524.93,
41924.79,
37004.45,
86955.46,
1437.994,
520134.9,
0,
700982.5,
1440279,
106577.9,
573291.6,
2159969,
40111.99,
3.764219e+07,
0,
4.196242e+07,
36400.55,
34140.85,
96214.76,
368003.4,
1840.606,
4267186,
0,
4803786,
157181.1,
2401.274,
53639.8,
60840.02,
1646.147,
1196616,
0,
1472325,
14297.32,
62894.51,
20624.31,
80568.3,
173.752,
404420.5,
0,
582978.7,
3310.127,
35425.74,
11748.76,
29348.15,
1262.101,
365046.4,
0,
446141.3,
273390.7,
460200.5,
62082.74,
154295.5,
11095.43,
1461758,
0,
2422823,
0,
0,
252602.2,
333850.8,
8256.179,
4870302,
0,
5465011,
178723.9,
82942.81,
75033.95,
386068.7,
3687.21,
1841567,
0,
2568024,
121413.2,
36824.25,
55668.06,
240122.6,
5325.125,
2021840,
0,
2481193,
3818638,
661567.8,
261270.9,
1244167,
32932.47,
1.150675e+07,
0,
1.752533e+07,
270416.8,
32060.34,
108097.9,
359776,
27902.88,
6252719,
0,
7050973,
485684.2,
24559.63,
61705.61,
205429.3,
6084.09,
1095120,
0,
1878583,
718678.3,
63944.52,
112029.8,
552214.7,
13305.34,
4981816,
0,
6441988,
197040.4,
45173.26,
42983.37,
136552.6,
7608.38,
1057775,
0,
1487133,
108118.2,
14428.88,
19996.53,
103302.8,
1771.786,
538305.8,
0,
785924.1,
14698.44,
5521.863,
14838.08,
35953.22,
983.9835,
571414.4,
0,
643410,
0,
0,
0,
0,
0,
0,
0,
0,
1.075393e+07,
3847952,
3340992,
1.035907e+07,
282093.9,
9.997746e+07,
0,
1.285615e+08,
2012, 
370259.3,
281106.6,
92109.91,
238445,
7151.447,
2104721,
0,
3093793,
1727014,
1381628,
856649.2,
2228566,
81495.6,
8535766,
0,
1.481112e+07,
176680,
75228.74,
97844.56,
279561.5,
2852.31,
1176715,
0,
1808883,
29105.79,
2583.587,
25686.16,
72518.9,
5198.83,
734059.8,
0,
869153,
288635.1,
131110.2,
157212.1,
436160,
8206.165,
1282743,
0,
2304066,
270872.3,
25174.72,
125887.2,
359793.6,
6651.228,
1837921,
0,
2626300,
76376.16,
4895.006,
85792.94,
112721.8,
2439.237,
1165771,
0,
1447996,
80097.2,
20458.71,
47857.44,
115822.3,
1875.92,
962596.4,
0,
1228708,
8161.447,
4757.696,
16958.47,
41091.19,
2168.051,
268001.6,
0,
341138.5,
10964.72,
46156.15,
37861.99,
88420.27,
1405.192,
502597.7,
0,
687406,
1406215,
115178.6,
561982.2,
2111721,
39341.48,
3.367019e+07,
0,
3.790463e+07,
34560.31,
34476.31,
96546.7,
367593.2,
1728.144,
3849360,
0,
4384265,
127615.7,
2366.049,
64196.92,
73015.53,
1599.514,
1117120,
0,
1385914,
11588.36,
57204.14,
21675.38,
84391.02,
214.5322,
369904.5,
0,
544978,
1209.333,
38599.3,
12841.65,
32102.63,
1095.088,
345455.8,
0,
431303.8,
219205.7,
426258.2,
62559.86,
155251.7,
11495.33,
1359232,
0,
2234003,
0,
0,
273300.1,
360997.8,
8618.242,
4592902,
0,
5235818,
153639,
86350.59,
80799.45,
415652.1,
3583.699,
1895577,
0,
2635602,
51000.13,
36514.4,
57429.7,
247688.5,
5759.157,
1954127,
0,
2352519,
4339418,
656218.1,
292256.8,
1383329,
34696.21,
1.142665e+07,
0,
1.813257e+07,
240588.5,
40915.97,
112457.6,
374685.8,
29898.47,
5998228,
0,
6796775,
638724.8,
19905.37,
74385.64,
248151.8,
6612.616,
1109000,
0,
2096780,
736035.2,
67404.98,
112566,
550335.2,
13960.48,
4567549,
0,
6047851,
163743.4,
50246.01,
43908.05,
138429.2,
7833.918,
1036698,
0,
1440859,
109869.5,
14519.44,
20988.92,
108413.6,
1667.527,
528400,
0,
783858.9,
13273.65,
5685.277,
17605.35,
42457.98,
851.2411,
549313.8,
0,
629187.3,
0,
0,
0,
0,
0,
0,
0,
0,
1.128485e+07,
3624942,
3449360,
1.066732e+07,
288399.6,
9.29406e+07,
0,
1.222555e+08,
2013, 
338166.7,
266312.1,
94501.82,
245462.5,
7530.745,
2054472,
0,
3006446,
1707270,
1468034,
884683,
2313093,
83843.58,
8356828,
0,
1.481375e+07,
153883,
80591.59,
97533.59,
279197.3,
3038.636,
1180197,
0,
1794441,
29104.28,
2737.921,
25858.77,
72877.96,
5634.758,
717479.3,
0,
853692.9,
289010.5,
127337.7,
168924.7,
466871,
8146.555,
1304853,
0,
2365144,
219107.3,
20720.62,
132807.5,
379961.7,
6834.623,
1868733,
0,
2628164,
59980.6,
4388.561,
89300.01,
117265.6,
2335.733,
1140199,
0,
1413470,
98094.44,
22230.1,
57793.75,
139250.4,
1870.9,
983617.4,
0,
1302857,
8161.064,
5468.789,
18830.13,
45439.38,
1979.703,
247349.5,
0,
327228.5,
27115.96,
56729.97,
42113.7,
97675.22,
1364.822,
508267.9,
0,
733267.6,
1289963,
92434.05,
568328.2,
2129087,
39371.99,
3.118984e+07,
0,
3.530902e+07,
37501.96,
32338.04,
94927.02,
359602.2,
1725.52,
3647748,
0,
4173843,
145847.8,
2442.695,
71351.56,
81340.37,
2458.207,
1127627,
0,
1431068,
10499.25,
55558.55,
21951.34,
85159.28,
171.0623,
388198.9,
0,
561538.4,
2715.61,
31431.51,
12429.68,
31094.91,
1117.21,
361180.2,
0,
439969.1,
197385,
397958.9,
65329.05,
161857.8,
10881.69,
1402002,
0,
2235414,
0,
0,
283220.4,
373636.4,
8640.978,
4688322,
0,
5353820,
149900.3,
87666.61,
83280.67,
428329.6,
3829.275,
2001099,
0,
2754106,
47075.51,
31932.57,
60992.93,
263007.9,
5914.866,
1941424,
0,
2350348,
4960615,
613981.8,
319862.3,
1504043,
37949.96,
1.167105e+07,
0,
1.91075e+07,
236259.7,
45465.31,
123918.4,
413033.5,
32988.18,
6019945,
0,
6871610,
647698.7,
22199.66,
79705.8,
266408.8,
7149.993,
1151175,
0,
2174338,
727488.4,
62503.68,
113108.2,
548547.9,
14348.39,
4463579,
0,
5929575,
150186.4,
53799.86,
44964.68,
140657.8,
8350.78,
1043208,
0,
1441167,
100848.6,
13836.04,
21462.6,
110781.8,
1655.92,
522686.1,
0,
771271,
16507.36,
6392.092,
19727.2,
47302.95,
940.3179,
548608.2,
0,
639478.1,
0,
0,
0,
0,
0,
0,
0,
0,
1.165039e+07,
3604493,
3596907,
1.110099e+07,
300074.4,
9.052968e+07,
0,
1.207825e+08,
2014, 
311627.4,
266796.1,
93526.26,
243598.5,
7457.912,
2098508,
0,
3021514,
1702532,
1444107,
883700.4,
2321442,
86715.7,
8591552,
0,
1.503005e+07,
167540.5,
78343.43,
98469.05,
282173.8,
3312.254,
1228622,
0,
1858461,
30934.95,
2833.137,
27084.17,
76124.34,
5875.364,
757546.8,
0,
900398.7,
300073.8,
123362.7,
178138,
490457.1,
8424.558,
1353716,
0,
2454172,
212833.9,
16759.27,
133476.9,
382043.7,
7349.468,
1973889,
0,
2726353,
71153.77,
9831.902,
95840.06,
125912.7,
2374.265,
1166862,
0,
1471975,
114976.5,
24393.34,
63365.97,
151867.1,
1805.739,
1034938,
0,
1391346,
9414.792,
6092.1,
20527.44,
49315.29,
2036.728,
251081.9,
0,
338468.3,
22037.42,
56314.07,
41028.38,
94480.86,
1356.74,
519512.2,
0,
734729.7,
1218974,
92614.38,
583986.7,
2181574,
39874.63,
3.149652e+07,
0,
3.561354e+07,
36866.55,
29232.55,
100384.7,
378345.8,
1806.344,
3742285,
0,
4288921,
119018.5,
2705.072,
75573.34,
86310.42,
4201.173,
1225560,
0,
1513368,
10214.33,
49904.6,
19512.4,
75360.16,
192.8737,
409607.9,
0,
564792.3,
2208.873,
35762.73,
13037.23,
32601.18,
1176.396,
401970.9,
0,
486757.3,
162320.4,
387385.9,
69692.9,
172042,
10346.37,
1486377,
0,
2288165,
0,
0,
293395.9,
386973,
9436.784,
5062213,
0,
5752019,
150755.4,
87410.46,
88078.95,
452466.6,
4085.878,
2135362,
0,
2918159,
37953.33,
26934.06,
62304.04,
268599.2,
6436.102,
1988668,
0,
2390894,
5132444,
558980.1,
337978.3,
1578687,
41726.36,
1.246937e+07,
0,
2.011918e+07,
254268.6,
50505.55,
130970.1,
436697.3,
33721.5,
6272022,
0,
7178185,
641514.6,
20807.98,
82314.12,
275776.3,
7430.08,
1199064,
0,
2226907,
727037,
62036.03,
111832.7,
537981.2,
14153.79,
4376560,
0,
5829600,
146139.6,
55238.05,
45667.07,
141672.5,
8855.106,
1071730,
0,
1469303,
112451.9,
14384.48,
23191.65,
119522.2,
1767.1,
551019.6,
0,
822337,
19120.2,
6332.14,
20279,
48325.07,
975.9132,
595952.4,
0,
690984.7,
0,
0,
0,
0,
0,
0,
0,
0,
1.171441e+07,
3509068,
3693356,
1.139035e+07,
312895.1,
9.34605e+07,
0,
1.240806e+08,
2015, 
304247.9,
248960,
93259.65,
243611.6,
7776.183,
2181080,
0,
3078935,
1823339,
1522412,
914677.1,
2414111,
93922.46,
9041432,
0,
1.580989e+07,
174847.9,
81569.75,
98627.81,
282950.1,
3630.441,
1312736,
0,
1954362,
32990.27,
2776.037,
30626.07,
85848.13,
6226.443,
772109.4,
0,
930576.3,
291006.5,
117143.4,
176880.1,
486170.7,
8398.17,
1358378,
0,
2437977,
186367.3,
13555.85,
135893.8,
389180.3,
8097.05,
1998489,
0,
2731583,
58016.13,
10876.76,
97869.37,
128627.1,
2183.418,
1221696,
0,
1519268,
101747.7,
25123.3,
61230.69,
146042.5,
1952.963,
1075075,
0,
1411172,
10418.24,
7962.356,
23277.24,
55689.7,
2351.951,
267969.9,
0,
367669.4,
17999.4,
59219.75,
43709.54,
99955.82,
1476.709,
518222.8,
0,
740584,
1328604,
91984.14,
597838.1,
2227480,
41882.66,
3.209223e+07,
0,
3.638002e+07,
37507.93,
28239.49,
106968.6,
401405.7,
1938.399,
3893606,
0,
4469666,
97084.84,
2368.375,
91575.3,
104703.8,
5747.738,
1305937,
0,
1607417,
11063.23,
45984.95,
17907.68,
68889.95,
192.6046,
392026.2,
0,
536064.6,
2041.729,
29094.33,
13002.82,
32539.98,
1416.335,
423973.3,
0,
502068.5,
134540.5,
361235.3,
69877.41,
172134.6,
9531.359,
1498700,
0,
2246019,
0,
0,
295737.3,
390047,
11471.87,
5263870,
0,
5961126,
155777.3,
85379.5,
97561.29,
500927.5,
4648.302,
2201102,
0,
3045396,
48891.49,
25392.1,
66678.39,
287189,
7003.136,
2041755,
0,
2476909,
4705356,
487886.5,
375797.5,
1742484,
46930.2,
1.342791e+07,
0,
2.078637e+07,
533307.6,
56093.52,
134935,
449974.5,
36774.5,
6617875,
0,
7828960,
575983.4,
17176.26,
79032.4,
265297.7,
7762.125,
1200480,
0,
2145732,
704424.3,
58526.59,
113872.2,
543444.8,
14387.07,
4305930,
0,
5740585,
161937.1,
60890.81,
46236.43,
142305.7,
9063.203,
1079321,
0,
1499754,
117292.1,
14959.3,
26211.8,
134943.2,
1661.343,
581779.7,
0,
876847.4,
15773.01,
6018.818,
21526.98,
51005.68,
1003.157,
622881.6,
0,
718209.2,
0,
0,
0,
0,
0,
0,
0,
0,
1.163056e+07,
3460830,
3830811,
1.184696e+07,
337429.8,
9.669656e+07,
0,
1.278032e+08,
2016, 
302046.6,
223203.5,
93727.85,
245333.8,
8171.843,
2276931,
0,
3149414,
1813337,
1462613,
925019.6,
2451166,
99630.85,
9731029,
0,
1.64828e+07,
194769,
79900.12,
103045.3,
295730.4,
4024.97,
1437619,
0,
2115089,
31903.61,
3043.211,
32633.46,
91133.84,
6797.481,
805091.3,
0,
970602.9,
265850.4,
113155.4,
175915.4,
481155.1,
7834.173,
1344715,
0,
2388626,
171836.5,
13089.59,
137877.3,
394691.2,
8139.676,
1951849,
0,
2677483,
53417.02,
11561.08,
102624.2,
134950.1,
2071.161,
1172982,
0,
1477605,
93281.79,
24541.45,
68617.8,
162631.8,
2078.396,
1056412,
0,
1407564,
15492.96,
9840.12,
26372.76,
62721.34,
2549.656,
294994.4,
0,
411971.3,
465.5855,
57308.7,
42525.3,
96407.39,
1589.493,
516240.4,
0,
714536.9,
1365365,
94178.27,
615912.3,
2286601,
44168.02,
3.326147e+07,
0,
3.766769e+07,
36832.83,
27976.42,
117281.8,
438005.4,
2201.54,
4143461,
0,
4765759,
68340.59,
1948.248,
100876.4,
115649.2,
5950.254,
1373708,
0,
1666473,
11040.38,
41116.93,
19728.38,
75498.01,
234.478,
348235.4,
0,
495853.6,
1660.693,
35642.1,
13706.21,
34244.98,
1484.409,
399914.9,
0,
486653.3,
107993.5,
348685,
69095.96,
169451.1,
9445.827,
1386904,
0,
2091576,
0,
0,
305441.6,
402760.2,
12500.59,
5179145,
0,
5899847,
156381.7,
80307.4,
102714.4,
526545.6,
5397.657,
2237089,
0,
3108436,
102386.5,
25274.64,
69403.95,
298896.4,
7863.502,
2115476,
0,
2619301,
4878808,
498147.8,
390206.4,
1795869,
52605.15,
1.449961e+07,
0,
2.211525e+07,
480356.4,
56664.26,
145076.2,
483106.8,
40177.98,
7001738,
0,
8207119,
497997.9,
15682.25,
81615.8,
274564.8,
8939.925,
1186519,
0,
2065320,
711446.6,
59256.79,
114820.5,
543777.9,
15071.54,
4201075,
0,
5645449,
157458.6,
64085.46,
47463.08,
144784,
10031.95,
1072258,
0,
1496081,
130061.1,
15508.8,
30022.6,
154230.9,
1945.927,
644860.3,
0,
976629.6,
18625.87,
7850.846,
22534.48,
53009.52,
890.2201,
608095.4,
0,
711006.3,
0,
0,
0,
0,
0,
0,
0,
0,
1.166716e+07,
3370581,
3954259,
1.221292e+07,
361796.7,
1.002474e+08,
0,
1.318141e+08,
2017, 
244586.8,
249903,
97643.2,
255961.3,
9049.785,
2424354,
0,
3281498,
1807655,
1424666,
925498.3,
2461850,
106008,
1.065746e+07,
0,
1.738314e+07,
157507.8,
77975.81,
101142.5,
290422.5,
4445.664,
1596664,
0,
2228158,
33441.09,
2956.54,
33723.04,
93848.02,
7076.842,
848077.2,
0,
1019123,
276446.8,
119069.3,
180639,
492330.2,
7871.425,
1314714,
0,
2391071,
170931.9,
12903.28,
140481.7,
401980.5,
8610.641,
1905009,
0,
2639917,
43496.65,
9414.006,
102365,
134688,
2289.694,
1147107,
0,
1439360,
99669.92,
20389.97,
69732.52,
164400.5,
2230.746,
1031444,
0,
1387867,
17770.97,
8076.032,
27169.71,
64284.89,
2865.078,
324087,
0,
444253.7,
59614.57,
68703.34,
46248.07,
104079.1,
1829.115,
513144.7,
0,
793618.8,
1408993,
92023.64,
628891.4,
2329078,
48035.45,
3.528345e+07,
0,
3.979047e+07,
38540,
28481.23,
129989.9,
483707.6,
2609.792,
4516132,
0,
5199461,
67768.47,
2199.568,
107107.7,
123090.7,
6101.638,
1430981,
0,
1737249,
8798.492,
43059.04,
20820.98,
79306.05,
326.6712,
321270.2,
0,
473581.4,
2113.55,
31597.79,
13076.99,
32649.2,
1592.132,
364403.4,
0,
445433.1,
106801.7,
381771.5,
71635.46,
175077.3,
10827.18,
1267810,
0,
2013924,
0,
0,
317778.7,
419077.8,
12515.04,
5109999,
0,
5859370,
269456.2,
78929.39,
112135.9,
574467.3,
6133.167,
2313114,
0,
3354236,
94709.4,
25220.45,
71767.59,
308753.3,
8348.203,
2208629,
0,
2717428,
5472643,
512352.7,
407892.7,
1863577,
59637.2,
1.551007e+07,
0,
2.382617e+07,
528887.4,
64587.16,
152679.2,
507899.3,
43935.52,
7559369,
0,
8857357,
538846.9,
21300.46,
84888.61,
286115.2,
10172.46,
1202230,
0,
2143554,
703310.4,
58310.96,
115972.1,
544712.7,
15875.29,
4341523,
0,
5779704,
165651.6,
65579.16,
49197.89,
148699.4,
10972.01,
1111386,
0,
1551487,
140830.1,
16391.56,
32571.33,
167137.5,
2197.469,
731864.6,
0,
1090993,
15364.34,
7351.628,
21757.8,
50860.97,
938.175,
573849.3,
0,
670122.3,
0,
0,
0,
0,
0,
0,
0,
0,
1.247384e+07,
3423214,
4062807,
1.255805e+07,
392494.4,
1.056081e+08,
0,
1.385185e+08,
2018, 
254656.1,
248582.5,
100604.1,
264473.1,
10410.45,
2415812,
0,
3294539,
1922670,
1670297,
933984.6,
2497046,
110054.1,
1.083637e+07,
0,
1.797042e+07,
141187.2,
72280.1,
99112.69,
284874,
4808.21,
1648403,
0,
2250666,
34482.39,
2777.504,
34703.59,
96303.91,
7166.626,
843168.7,
0,
1018603,
287004.9,
127805.6,
181367.8,
494080.3,
8551.372,
1265973,
0,
2364783,
220886.9,
12663.07,
141619.2,
405417.1,
9491.659,
1797516,
0,
2587594,
43789.37,
10473.49,
103916.3,
136857.5,
2514.195,
1101288,
0,
1398839,
103230.7,
21367.83,
75951.26,
178345.6,
2519.205,
912656.3,
0,
1294071,
18584.07,
8407.231,
29495.49,
69493.52,
3051.856,
337459.8,
0,
466491.9,
57614.76,
65861.28,
46097.06,
103149.1,
1708.519,
501424.4,
0,
775855.2,
1378520,
90155.1,
636032.2,
2352585,
50944.27,
3.531878e+07,
0,
3.982702e+07,
36927.11,
28280.07,
136115.5,
505623.3,
2810.782,
4642466,
0,
5352223,
86389.88,
2344.94,
108236.5,
124676.1,
6680.62,
1433560,
0,
1761888,
8827.042,
40431.98,
21556.48,
81814.96,
396.7421,
311784.7,
0,
464811.9,
1717.616,
25678.53,
16148.34,
40382.21,
2027.296,
323634.7,
0,
409588.7,
101977.2,
435957.1,
75274.51,
183631.3,
11777.04,
1160036,
0,
1968653,
0,
0,
322418.8,
425469.6,
12754.9,
4803089,
0,
5563732,
320853.5,
78740.46,
118447.4,
607045.3,
6945.509,
2333221,
0,
3465254,
76049.91,
25361.7,
72092.84,
309966.6,
8999.897,
2214677,
0,
2707148,
5339627,
537855.3,
455696.1,
2070208,
65538.16,
1.564289e+07,
0,
2.411181e+07,
520415.8,
67060.86,
156739.8,
520923,
47285.4,
7817158,
0,
9129583,
677486.5,
26363.46,
96028.85,
323603.7,
11055.17,
1193875,
0,
2328413,
701323.2,
56578.07,
116285,
542127.8,
16510.85,
4282732,
0,
5715557,
174840.5,
66762.07,
50874.75,
152706.2,
11815.08,
1120766,
0,
1577764,
165146.1,
15859.13,
31499.26,
161696,
2156.604,
784493.4,
0,
1160851,
13969.75,
6753.937,
23181.69,
53897.03,
964.3741,
515239.1,
0,
614005.8,
0,
0,
0,
0,
0,
0,
0,
0,
1.268818e+07,
3744698,
4183480,
1.29864e+07,
418938.9,
1.055585e+08,
0,
1.395802e+08,
2019, 
282313.2,
243376.3,
98464.66,
259607.8,
10714.84,
2329387,
0,
3223864,
1933740,
1575806,
927922.6,
2492742,
114612.1,
1.048205e+07,
0,
1.752687e+07,
152874.1,
71566.3,
101152,
291446.4,
5018.434,
1615051,
0,
2237108,
36146.56,
2724.69,
37110.79,
102832.1,
7415.761,
802156.9,
0,
988386.8,
260917.7,
115952.8,
190516.3,
518493.8,
8479.241,
1239718,
0,
2334078,
246876.1,
12662.1,
142927.3,
409717.3,
9628.473,
1717987,
0,
2539799,
62366.48,
9278.521,
102467.1,
135049.2,
2478.474,
1085623,
0,
1397262,
108653.7,
23876.75,
81546.8,
191172.9,
2481.783,
877312.2,
0,
1285044,
20803.01,
9365.882,
32102.65,
75450.27,
3181.646,
327221.8,
0,
468125.3,
59190.49,
63953.63,
43660.19,
97372.81,
1923.123,
482343.1,
0,
748443.3,
1405441,
88124.55,
644941.3,
2382400,
52878.54,
3.467707e+07,
0,
3.925085e+07,
40080.48,
27554.91,
142070.3,
526922.6,
2954.672,
4697513,
0,
5437096,
86371.36,
2256.992,
109993.1,
126925.4,
7631.541,
1375024,
0,
1708202,
30169.22,
32181.95,
22709.8,
85957.77,
433.2091,
318965.1,
0,
490417.1,
0,
17416.43,
16044.63,
40280.11,
1668.163,
322927.2,
0,
398336.5,
143501.6,
544096.4,
75428.02,
184012.9,
12599.67,
1173754,
0,
2133393,
0,
6535.766,
328766.9,
434019.9,
13185.63,
4645358,
0,
5427866,
341691,
71228.59,
120262.1,
617433.9,
6991.607,
2345575,
0,
3503182,
85963.77,
23803.74,
76915.77,
330322,
9391.133,
2160241,
0,
2686637,
5445834,
522563.5,
459105.5,
2079509,
70106.2,
1.524488e+07,
0,
2.3822e+07,
531597.1,
69243.42,
163483.1,
543601.4,
50896.65,
7869584,
0,
9228405,
641750.1,
29959.34,
99886.36,
336219,
9883.537,
1192325,
0,
2310024,
693874.3,
56671.69,
115298.5,
533873.9,
16837.53,
4168642,
0,
5585198,
187543.8,
66682.56,
51477.79,
153635.9,
12251.8,
1118184,
0,
1589776,
161175.5,
14279,
29929.89,
153795.3,
1896.944,
791865.1,
0,
1152942,
20237.79,
8332.336,
24753.71,
57353.73,
969.8269,
491667.3,
0,
603314.7,
0,
0,
0,
0,
0,
0,
0,
0,
1.297911e+07,
3709494,
4238937,
1.316015e+07,
436510.5,
1.035524e+08,
0,
1.380766e+08,
2020, 
239829.3,
196600.8,
83604.99,
221033.9,
8655.513,
2077087,
0,
2826811,
1554499,
1266762,
819619.2,
2212030,
92134.61,
9341244,
0,
1.528629e+07,
123192,
57670.93,
81512.23,
234858.9,
4044.05,
1460520,
0,
1961798,
35801.81,
2199.904,
31925.54,
88358.27,
5987.456,
704979.7,
0,
869252.7,
253864.4,
93381.31,
182553.4,
496348.6,
6828.665,
1145678,
0,
2178654,
220014.8,
10213.82,
115291.5,
330496.2,
7766.754,
1520825,
0,
2204608,
50673.09,
7538.846,
99232.66,
130927.7,
2013.773,
1006303,
0,
1296689,
93264.35,
19621.83,
76513.31,
179301.9,
2039.521,
819706.3,
0,
1190447,
18930.33,
7690.9,
30493.25,
71557.16,
2612.644,
295581.3,
0,
426865.6,
53584.35,
51792.56,
37857.7,
84287.99,
1557.432,
433857.3,
0,
662937.4,
1158799,
70659.35,
560727.4,
2070660,
42398.66,
3.091566e+07,
0,
3.48189e+07,
36574.89,
21967.7,
135027.7,
501078.3,
2355.563,
4299158,
0,
4996162,
90085.45,
1819.733,
106069.6,
122611.4,
6153.043,
1212563,
0,
1539302,
23980.26,
25580.09,
20621.61,
77893.37,
344.3399,
307493.4,
0,
455913.1,
0,
14155.57,
18153.07,
45613.98,
1355.835,
321515.8,
0,
400794.3,
114735.9,
435029.1,
72014.92,
175877.7,
10602.86,
1120087,
0,
1928348,
0,
5297.7,
289297.1,
382316.5,
10687.88,
4185922,
0,
4873521,
341943.5,
57529.79,
109024.6,
560683.9,
5646.97,
2176841,
0,
3251669,
71090.07,
19080.53,
72751.55,
312047.1,
7527.716,
1920635,
0,
2403132,
5220276,
418965.7,
439241.5,
1981388,
56207.7,
1.377695e+07,
0,
2.189303e+07,
456030.5,
55955.57,
145139.7,
482780.9,
41129.55,
7270265,
0,
8451301,
541921.9,
24180.61,
92164.77,
309133.5,
7977.145,
1086295,
0,
2061673,
671528.6,
45140.23,
107978.7,
497191.2,
13411.46,
3689709,
0,
5024959,
185909.6,
54063.05,
48271.27,
143385.5,
9933.177,
1023124,
0,
1464687,
142970.1,
11604.87,
32625.08,
167829.4,
1541.69,
712441.6,
0,
1069013,
16657.97,
6858.447,
20700.74,
47853.47,
798.2764,
435995.3,
0,
528864.2,
0,
0,
0,
0,
0,
0,
0,
0,
1.171616e+07,
2981361,
3828413,
1.192754e+07,
351712.3,
9.326044e+07,
0,
1.240656e+08,
2021, 
289184.7,
0,
87499.55,
232265.9,
5787.764,
2120760,
0,
2735498,
1718806,
80928.14,
895551.9,
2431334,
94881.02,
9656485,
0,
1.487799e+07,
83225.74,
4568.885,
71886.92,
208240.9,
3799.97,
1504098,
0,
1875821,
42507.26,
2257.077,
37679.27,
104238.4,
5675.438,
710801.4,
0,
903158.9,
251669.3,
16464.67,
196959.3,
535371.8,
5620.52,
1189307,
0,
2195393,
243155.8,
4721.335,
128524.3,
369740.5,
5593.066,
1516148,
0,
2267883,
51844.46,
1716.823,
102775.5,
135792.4,
1762.496,
1017499,
0,
1311391,
99761.39,
163.2068,
82910.44,
194515.4,
2163.351,
869128.6,
0,
1248642,
21586.29,
6311.431,
33086.8,
77604.68,
2150.87,
303181.7,
0,
443921.8,
59334.29,
28953.38,
41275.21,
91927.61,
1117.123,
433749.7,
0,
656357.3,
1275583,
29935.52,
613556.2,
2266381,
28064.62,
3.195889e+07,
0,
3.617241e+07,
41837.67,
7131.348,
147365.5,
545928.2,
1634.862,
4571075,
0,
5314973,
80559.72,
308.1852,
120719,
139764.2,
5249.067,
1247160,
0,
1593760,
643.7476,
8530.327,
22056.42,
83262.56,
303.5473,
320525.4,
0,
435322,
1501.501,
6743.181,
19066.16,
47977.26,
1325.757,
355141.8,
0,
431755.6,
101610.1,
112554.3,
78302.8,
191766.1,
13027.15,
1160691,
0,
1657951,
0,
0,
310187.8,
410658.6,
8308.352,
4226952,
0,
4956106,
359348.6,
6518.481,
118813.8,
612876.9,
4760.523,
2177765,
0,
3280083,
90813.3,
10026.44,
75243.24,
322420.2,
6381.618,
1937388,
0,
2442273,
5660499,
243549.7,
477630.1,
2149680,
59176.13,
1.477948e+07,
0,
2.337001e+07,
456048.7,
6157.268,
140064.5,
466716.6,
14612.46,
7688243,
0,
8771843,
606070.1,
2783.562,
98992.13,
332427.8,
6431.248,
1110287,
0,
2156991,
695974.6,
43193.43,
108854.6,
499289.1,
10283.44,
3739964,
0,
5097559,
260121.2,
5713.141,
47930.44,
141956,
8011.074,
1058065,
0,
1521797,
163904.7,
1.115512,
35231.11,
181623.2,
1399.705,
720230.1,
0,
1102390,
14763.99,
199.871,
26170,
60459.41,
577.6966,
431870,
0,
534040.9,
0,
0,
0,
0,
0,
0,
0,
0,
1.267035e+07,
629430.8,
4118333,
1.283422e+07,
298098.9,
9.680488e+07,
0,
1.273553e+08,
2022, 
292307.7,
248036.6,
100350.1,
264578.9,
11681.41,
2373991,
0,
3290946,
1958376,
1595882,
939744.1,
2524499,
129024.2,
1.061559e+07,
0,
1.776312e+07,
156345.5,
73191.38,
103448.9,
298064.3,
5701.688,
1651724,
0,
2288476,
43341.36,
2800.781,
39299.09,
108725.2,
9006.375,
824558.3,
0,
1027731,
265121.1,
117820.8,
204293.8,
555297.8,
10201.02,
1259690,
0,
2412425,
252638,
12957.63,
146263.1,
419279.7,
9978.647,
1758084,
0,
2599201,
65318.57,
9717.717,
107317.4,
141583.6,
3345.701,
1137010,
0,
1464293,
117939.1,
25917.23,
88515.7,
207510.3,
3541.225,
952286.3,
0,
1395710,
22454.9,
10109.59,
34651.81,
81441.52,
4155.694,
353205.4,
0,
506018.9,
60889.54,
65789.41,
44913.45,
100167.9,
1978.326,
496188.7,
0,
769927.3,
1412091,
88541.55,
647993.1,
2393673,
59545.62,
3.484115e+07,
0,
3.9443e+07,
42865.11,
27376.65,
154016.8,
569830.9,
4046.564,
4754593,
0,
5552729,
88409.28,
2310.245,
129058.8,
149433.9,
11960.67,
1407467,
0,
1788640,
28286.99,
30174.15,
21292.96,
80594.96,
482.5994,
299065.3,
0,
459896.9,
1549.806,
18244.18,
19984.37,
50316.99,
2626.079,
371424.5,
0,
464145.9,
143298.2,
543325.1,
78112.53,
191281.3,
17464.65,
1172090,
0,
2145572,
0,
6831.471,
343641.6,
453656.7,
15714.91,
4855533,
0,
5675377,
369984.5,
73061.13,
128254.1,
661724,
10498.13,
2405921,
0,
3649443,
91909.9,
23880.33,
78054.22,
334487.8,
11588.91,
2167192,
0,
2707113,
5731776,
524044.5,
496006.9,
2232397,
115171,
1.528809e+07,
0,
2.438748e+07,
546749,
71217.05,
168142.8,
559095.4,
59687.07,
8160621,
0,
9565512,
657507.6,
30694.96,
105980.7,
355852.9,
22996.21,
1221602,
0,
2394634,
698788.6,
55873.93,
113675.4,
526358.6,
18022.18,
4109960,
0,
5522678,
265655,
68676.39,
53016.99,
158229.7,
22714.16,
1151619,
0,
1719911,
169285.7,
14997.5,
37265.55,
192223.8,
3114.222,
831710.6,
0,
1248597,
22012.66,
9063.092,
27360.79,
63169.31,
1291.134,
534787.1,
0,
657684.1,
0,
0,
0,
0,
0,
0,
0,
0,
1.35049e+07,
3750535,
4410655,
1.367347e+07,
565538.4,
1.049952e+08,
0,
1.409003e+08,
2023, 
292523,
251154.5,
100697.7,
265669.9,
11697.75,
2371579,
0,
3293322,
1956902,
1622732,
955699.1,
2567492,
129413.1,
1.074682e+07,
0,
1.797905e+07,
157103.8,
74453.23,
105974.1,
305509,
5683.716,
1674027,
0,
2322750,
43722.76,
2889.452,
40229.11,
111302.7,
9209.584,
838002.4,
0,
1045356,
266768.5,
119872.3,
211225.3,
574131.4,
10302.18,
1290480,
0,
2472780,
253653.2,
13247.74,
147115,
421955.8,
9923.02,
1759165,
0,
2605060,
67809.23,
9949.734,
111234.1,
147180,
3543.922,
1191900,
0,
1531617,
122315.8,
26880.97,
92027.67,
215625.4,
3744.014,
995793.8,
0,
1456388,
22807.67,
10189.85,
34665.5,
81561.49,
4167.548,
350118.4,
0,
503510.4,
61260.01,
66057.07,
45367.54,
101133.9,
1986.238,
498984.8,
0,
774789.5,
1408629,
89419.31,
651760.3,
2407182,
59030.67,
3.466126e+07,
0,
3.927728e+07,
42954.08,
27611.73,
155550.5,
575201.4,
4158.559,
4773485,
0,
5578961,
89422.14,
2403.731,
134885.5,
156193.3,
12650.87,
1453765,
0,
1849321,
27973.81,
30539.27,
21796.89,
82574.57,
452.0171,
301259.4,
0,
464595.9,
1601.388,
19269.39,
20990.65,
52892.47,
2795.53,
389252.5,
0,
486801.9,
143764,
552295.8,
79642.98,
195108.1,
17552.37,
1182592,
0,
2170955,
0,
6831.821,
351061.1,
463677,
15879.74,
4931934,
0,
5769384,
377113.1,
75933.55,
135950.7,
701733.3,
10991.13,
2532228,
0,
3833950,
92334.85,
24191.91,
79569.17,
340999,
11780.09,
2194244,
0,
2743119,
5795274,
545443.9,
522271.8,
2350499,
122726,
1.570899e+07,
0,
2.50452e+07,
554780.9,
72846.55,
174509.5,
580593.7,
61507.07,
8382270,
0,
9826508,
677275,
31427.22,
112274.7,
376975.6,
24254.29,
1297246,
0,
2519453,
702043.4,
56643.88,
116226.8,
537840.5,
17993.06,
4165530,
0,
5596277,
267569.2,
69696.84,
53934.34,
160878.8,
22873.94,
1160636,
0,
1735589,
172352.9,
15326.84,
38169.91,
197014,
3221.19,
849764.9,
0,
1275850,
22610.49,
9372.324,
28285.99,
65270.97,
1357.303,
551660.3,
0,
678557.3,
0,
0,
0,
0,
0,
0,
0,
0,
1.362056e+07,
3826681,
4521116,
1.40362e+07,
578894.9,
1.06253e+08,
0,
1.428364e+08,
2024, 
291451.8,
253967.3,
100702.2,
265869.2,
11701.84,
2351351,
0,
3275043,
1942741,
1637780,
961455.4,
2584612,
128865.2,
1.06837e+07,
0,
1.793915e+07,
156958.4,
75257.3,
107245.7,
309405.7,
5681.226,
1673943,
0,
2328491,
43974.17,
2947.149,
41074.38,
113657.2,
9443.032,
846566.5,
0,
1057662,
266735.3,
120908.6,
214232.8,
582313.6,
10355.55,
1296366,
0,
2490912,
253012.9,
13579.3,
149366,
428818.4,
9873.245,
1747367,
0,
2602017,
67041.48,
10087.25,
111560.3,
148534.5,
3508.158,
1148175,
0,
1488907,
124126.6,
27654.29,
94292.94,
220886.7,
3835.728,
1009537,
0,
1480333,
23194.51,
10508.14,
35735.59,
84024.73,
4228.198,
358457.2,
0,
516148.4,
61432.28,
66022.04,
45885.64,
102227.9,
1995.919,
500613.4,
0,
778177.3,
1404591,
90198.41,
656926.5,
2426135,
58950.4,
3.44801e+07,
0,
3.91169e+07,
43257.48,
28073.94,
158964.5,
587354.6,
4305.305,
4823343,
0,
5645299,
90172.56,
2478.931,
139047.3,
161046.8,
13296.46,
1484083,
0,
1890125,
27624.33,
30877.74,
22323.72,
84660.59,
428.338,
302748.1,
0,
468662.8,
1620.077,
20117.08,
21690.03,
54768.18,
2882.304,
394676.2,
0,
495753.9,
142871.3,
553937.3,
80033.18,
196152.1,
17479.71,
1174290,
0,
2164763,
0,
6806.512,
351261.1,
466704.9,
15205.11,
4461289,
0,
5301266,
380765.5,
78667.3,
142543.4,
736268.6,
11402.48,
2621376,
0,
3971023,
92650.3,
24567.06,
81461.09,
349137.5,
12011.26,
2220927,
0,
2780754,
5828141,
565518.4,
542610.6,
2442146,
129877.4,
1.594987e+07,
0,
2.545816e+07,
559047.7,
74333.98,
180768.2,
601867.6,
63398.06,
8513250,
0,
9992666,
678293.1,
32001.43,
116939.1,
392974.9,
24992.24,
1305434,
0,
2550635,
698266.3,
56849.67,
117132,
541614.8,
17889.75,
4144371,
0,
5576123,
267795.3,
70320.88,
54385.36,
162125.5,
22900.79,
1156993,
0,
1734521,
174366.7,
15767.49,
39452.51,
203813.9,
3321,
866757.9,
0,
1303480,
23081.53,
9685.156,
29216.71,
67376.38,
1409.719,
564725.2,
0,
695494.7,
0,
0,
0,
0,
0,
0,
0,
0,
1.364321e+07,
3878913,
4596306,
1.43145e+07,
589238.4,
1.060803e+08,
0,
1.431025e+08,
2025, 
291434.7,
257028.5,
100919.2,
266627.1,
11817.19,
2345520,
0,
3273347,
1939048,
1657075,
971803.9,
2613796,
129207.9,
1.072748e+07,
0,
1.803841e+07,
157335.6,
75855.11,
108289,
312610.5,
5714.445,
1678134,
0,
2337939,
44371.43,
2986.372,
41976.26,
116178,
9705.549,
859342.6,
0,
1074560,
268044.2,
122491,
218371.1,
593602.8,
10471.01,
1312983,
0,
2525963,
254091.8,
13941.49,
152300.2,
437567.9,
9924.077,
1759925,
0,
2627750,
67629.91,
10262.01,
113341.3,
151605.2,
3554.707,
1148666,
0,
1495059,
126687.1,
28500.86,
96987,
227148,
3957.285,
1032640,
0,
1515920,
23800.38,
10958.96,
37340.5,
87705.7,
4352.479,
374165.9,
0,
538323.9,
61757.53,
65698.34,
46416.05,
103383.1,
2022.113,
503854.5,
0,
783131.6,
1405254,
91302.98,
665678.9,
2458591,
59311.75,
3.460121e+07,
0,
3.928135e+07,
43727.19,
28606.92,
163014.9,
601937.8,
4473.518,
4903175,
0,
5744936,
91137.55,
2559.789,
143440.7,
166189.6,
13961.79,
1518893,
0,
1936182,
27547.72,
31598.48,
23211.87,
88144.29,
414.8228,
309285.4,
0,
480202.6,
1648.69,
20977.68,
22466.96,
56828.71,
2991.723,
403692.7,
0,
508606.4,
142501.2,
555583.7,
80529.54,
197445.1,
17505.67,
1172179,
0,
2165744,
0,
6773.098,
355304.4,
473864,
15113.1,
4352125,
0,
5203179,
386279.3,
81521.51,
149332,
771827.3,
11914.67,
2721573,
0,
4122448,
93154.63,
24964.83,
83349.71,
357314.2,
12278.27,
2252653,
0,
2823714,
5875680,
583247.4,
562292.7,
2531102,
137253.1,
1.624432e+07,
0,
2.59339e+07,
566367,
75873.7,
187751.3,
625517.1,
65648.26,
8718253,
0,
1.023941e+07,
685055.6,
32632.66,
121956.2,
410101.4,
25855.5,
1332469,
0,
2608071,
695082.6,
56658.03,
117669.8,
543841.9,
17869.24,
4128815,
0,
5559937,
269700.3,
71331.63,
55322.7,
164850.1,
23115.52,
1165905,
0,
1750226,
177428.9,
16279.24,
41002.47,
211981.6,
3434.31,
892823.6,
0,
1342950,
23648.92,
10022.62,
30253.42,
69730.29,
1462.799,
582023.4,
0,
717141.5,
0,
0,
0,
0,
0,
0,
0,
0,
1.371841e+07,
3934732,
4690322,
1.463949e+07,
603330.8,
1.070421e+08,
0,
1.446284e+08,
2026, 
290978.3,
259788.4,
100991.2,
267005.7,
11814.36,
2333299,
0,
3263877,
1934832,
1678388,
981663.7,
2642301,
128383.6,
1.075084e+07,
0,
1.811641e+07,
157974.7,
76996.61,
110234.6,
318444.6,
5730.792,
1695527,
0,
2364908,
44807.53,
3035.881,
43028.79,
119110.1,
9909.662,
873041.6,
0,
1092934,
269243,
124046,
222173.3,
603970.7,
10488.24,
1326468,
0,
2556389,
255427.4,
14342,
155390,
446757.1,
9902.37,
1773081,
0,
2654900,
68438.05,
10488.41,
115431.5,
155184.1,
3588.315,
1154334,
0,
1507464,
129485.4,
29474.68,
100036.9,
234217.2,
4070.398,
1057459,
0,
1554744,
24481.66,
11504.15,
39190.56,
91946.09,
4456.076,
391698.6,
0,
563277.1,
61801.56,
65477.3,
46862.09,
104341.2,
2031.549,
505239.4,
0,
785753.2,
1403422,
92133.24,
672043.1,
2482191,
58801.48,
3.45335e+07,
0,
3.924209e+07,
44083.42,
29104.08,
166768.9,
615419,
4525.284,
4969222,
0,
5829123,
92362.3,
2671.249,
149623.5,
173401.3,
14507.06,
1565975,
0,
1998540,
27898.27,
32502.3,
24019.9,
91270.05,
411.4666,
316260.1,
0,
492362.1,
1672.187,
21804.02,
23137.3,
58618.08,
3069.65,
410498.3,
0,
518799.6,
141982.2,
558666.4,
81143.62,
199035.6,
17281.4,
1170674,
0,
2168784,
0,
6773.514,
359092.8,
480842.9,
14975.12,
4266379,
0,
5128064,
392434.3,
84914.89,
156954.3,
811751.3,
12338.74,
2828682,
0,
4287075,
93493.96,
25387.74,
85078.41,
364794.6,
12364.29,
2280822,
0,
2861941,
5918515,
602385.7,
582397.9,
2621910,
142458.1,
1.652165e+07,
0,
2.638932e+07,
574683.3,
77827.88,
196129.5,
653815.4,
66962.02,
8951884,
0,
1.05213e+07,
692476.9,
33406.48,
127249.1,
428170.7,
26612.55,
1359606,
0,
2667522,
691330.3,
56591.27,
118133.1,
545656.9,
17737.18,
4105196,
0,
5534645,
272099.3,
72659.65,
56560.09,
168451.5,
23372.14,
1179309,
0,
1772452,
181578.6,
17034.45,
43303.3,
224025,
3552.652,
931752,
0,
1401246,
24316.55,
10469.15,
31616.78,
72807.09,
1508.768,
604576.1,
0,
745294.4,
0,
0,
0,
0,
0,
0,
0,
0,
1.378982e+07,
3997874,
4788255,
1.497544e+07,
610853.3,
1.07857e+08,
0,
1.460192e+08,
2027, 
288311.8,
262576.8,
100482.8,
265810.5,
11729.66,
2293463,
0,
3222374,
1913689,
1707986,
984895.3,
2654582,
126140,
1.060675e+07,
0,
1.799404e+07,
156392.7,
78311.46,
110700.3,
320184.2,
5646.264,
1678924,
0,
2350159,
45111.56,
3077.926,
43885.67,
121439.2,
10010.12,
879387.6,
0,
1102912,
269701.5,
126557.3,
225636.8,
613176.9,
10473.15,
1332436,
0,
2577982,
255041.3,
14644.57,
157467.5,
453162.3,
9801.65,
1762198,
0,
2652315,
67699.15,
10733.54,
115427,
156120.1,
3516.333,
1126222,
0,
1479719,
130612.5,
30448.94,
101955.9,
238667.7,
4094.697,
1062121,
0,
1567901,
24969.95,
12080.48,
40711.81,
95381.58,
4501.463,
403685.8,
0,
581331.1,
61592.72,
65657.82,
47087.53,
104739.1,
2023.965,
501649.1,
0,
782750.3,
1394533,
93377.59,
675946.5,
2496009,
58096.79,
3.404037e+07,
0,
3.875834e+07,
44200.69,
29794.93,
169789.3,
626045.7,
4538.796,
4989179,
0,
5863549,
93544.62,
2783.155,
155041.5,
179791.6,
14932.69,
1603114,
0,
2049207,
28115.32,
33466.36,
24690.56,
93837.79,
408.3448,
320557.3,
0,
501075.7,
1676.295,
22622.28,
23553.72,
59779.58,
3089.705,
410353.6,
0,
521075.1,
140607.3,
563444.6,
81251.91,
199381.4,
16971.14,
1159133,
0,
2160790,
0,
6854.543,
358898.4,
482928.3,
14588.21,
4112151,
0,
4975421,
395299.3,
88450.72,
162753.2,
842209.6,
12571.22,
2894603,
0,
4395887,
93494.86,
25973.7,
86533.04,
371018.2,
12373.98,
2291906,
0,
2881300,
5928730,
621446.5,
598248.3,
2692625,
145794.8,
1.661791e+07,
0,
2.660475e+07,
578244.8,
80162.19,
202431,
675226.1,
67427.85,
9049945,
0,
1.065344e+07,
688611.2,
34373.36,
130958.3,
441319.2,
26653.39,
1349625,
0,
2671541,
683778.1,
56830.23,
118170.5,
545139.5,
17519.15,
4043724,
0,
5465161,
272330.3,
74249.81,
57467.04,
170766.7,
23209.46,
1178922,
0,
1776945,
184620.1,
17865.34,
45195.55,
233934.7,
3619.552,
958449.8,
0,
1443685,
24808.82,
10954.37,
32755.31,
75348.26,
1533.335,
618283.1,
0,
763683.1,
0,
0,
0,
0,
0,
0,
0,
0,
1.376572e+07,
4074725,
4851935,
1.520862e+07,
611265.8,
1.072851e+08,
0,
1.457973e+08,
2028, 
287279.2,
267167.3,
100660,
266349.1,
11679.53,
2279009,
0,
3212144,
1905030,
1739261,
989837.2,
2671035,
124781.4,
1.055766e+07,
0,
1.798761e+07,
157365.5,
80077.13,
112411.9,
325322.8,
5664.524,
1698341,
0,
2379183,
45597.4,
3163.185,
44810.99,
123932.1,
10123.06,
889919.4,
0,
1117546,
271344.4,
129404,
229712,
623884.8,
10542.75,
1350894,
0,
2615782,
254924.1,
14986.68,
159474.4,
459115.5,
9706.876,
1754693,
0,
2652900,
67226.38,
10959.43,
115623.3,
157109.3,
3463.738,
1108890,
0,
1463272,
131653.9,
31431.29,
103726.3,
242712.8,
4114.94,
1065363,
0,
1579002,
25532.8,
12684.61,
42236.45,
98832.9,
4552.195,
415469.4,
0,
599308.3,
61646.36,
65785.16,
47423.89,
105428.6,
2017.92,
500835.5,
0,
783137.4,
1391903,
94738.14,
681078.9,
2514761,
57651.79,
3.383914e+07,
0,
3.857927e+07,
44364.77,
30472.73,
172542.6,
635892.4,
4546.981,
5018159,
0,
5905978,
94993.29,
2897.763,
160193.8,
185892.1,
15338.33,
1641270,
0,
2100585,
28436.11,
34399.04,
25366.41,
96422.61,
406.9096,
326408.1,
0,
511439.2,
1679.487,
23378.21,
23915.72,
60779.7,
3103.469,
409929.4,
0,
522786,
139952.8,
567023.6,
81561.13,
200209.2,
16771.17,
1155452,
0,
2160970,
0,
6923.376,
359103.1,
485118.8,
14322.22,
4011494,
0,
4876962,
399508.5,
92033.96,
168239.3,
870629,
12801.79,
2965745,
0,
4508958,
93593.58,
26468.02,
87804.9,
376635,
12395.85,
2304693,
0,
2901590,
5956831,
640441.7,
613383.8,
2759800,
148770.9,
1.676813e+07,
0,
2.688736e+07,
583470.4,
82583.34,
208305.3,
694971.9,
67949.3,
9172321,
0,
1.08096e+07,
685470.3,
35352.92,
133934.6,
451989.9,
26556.47,
1341823,
0,
2675127,
676115.1,
56866.21,
118064.6,
544097.3,
17291.79,
3982474,
0,
5394909,
273296.9,
75933.34,
58444.93,
173281,
23161.61,
1185110,
0,
1789228,
187703.3,
18689.98,
46907.11,
242893.4,
3672.172,
981637,
0,
1481503,
25440.04,
11491.56,
33990.03,
78103.99,
1565.451,
635924.4,
0,
786515.4,
0,
0,
0,
0,
0,
0,
0,
0,
1.379036e+07,
4154613,
4918753,
1.54452e+07,
612953.1,
1.073608e+08,
0,
1.462827e+08,
2029, 
287767.9,
272229.1,
101128.3,
267635.3,
11674.75,
2282195,
0,
3222630,
1908920,
1773181,
997702.3,
2694784,
124371.8,
1.059746e+07,
0,
1.809642e+07,
159105.7,
82093.27,
114413.8,
331227.2,
5705.683,
1726964,
0,
2419510,
46286.38,
3257.832,
45824.47,
126666.5,
10271.73,
904681.8,
0,
1136989,
273979.5,
132491,
233942.3,
635148,
10610.72,
1368625,
0,
2654797,
257934.7,
15411.04,
162687.3,
468286.4,
9726.396,
1781759,
0,
2695805,
68678.32,
11321.35,
118518.9,
161281.6,
3536.735,
1135718,
0,
1499055,
135171.9,
32736.26,
106918.6,
250098.1,
4230.382,
1095174,
0,
1624329,
26382.21,
13367.7,
44013,
102924.3,
4662.758,
432072,
0,
623421.9,
62048.04,
66376.2,
47914.97,
106511.1,
2028.216,
503883.8,
0,
788762.4,
1392787,
96134.02,
686816.6,
2535854,
57382.89,
3.380652e+07,
0,
3.857549e+07,
44654.56,
31232.35,
175310.4,
645907.6,
4569.745,
5071115,
0,
5972789,
96764.11,
3012.422,
165234.3,
191832.6,
15747.22,
1681290,
0,
2153880,
28874.77,
35617.16,
26082.02,
99114.81,
407.3722,
334011.8,
0,
524107.9,
1711.696,
24182.51,
24558.03,
62439.29,
3168.605,
419115.6,
0,
535175.7,
140162.6,
574746.8,
82209.41,
201784.9,
16718.7,
1161244,
0,
2176867,
0,
7086.877,
366293.4,
495411,
14537.71,
4080552,
0,
4963881,
407448.9,
96221.5,
174299.5,
901579.9,
13115.45,
3059795,
0,
4652461,
94055.25,
27075.7,
89102.99,
382416.6,
12449.11,
2323982,
0,
2929082,
6007088,
659392.8,
628026.8,
2824869,
151895.2,
1.698814e+07,
0,
2.725941e+07,
593859.4,
85369.29,
214794.5,
716526.3,
69034.38,
9398454,
0,
1.107804e+07,
697747.4,
36550.33,
138161.6,
466559.5,
27082.33,
1376168,
0,
2742269,
672976.4,
56873.27,
118347.4,
545131.2,
17185.44,
3960152,
0,
5370666,
275603.1,
77836.54,
59575.66,
176270.1,
23275.94,
1200941,
0,
1813502,
192921.6,
19629.79,
48860.57,
253060.2,
3773.537,
1017922,
0,
1536168,
26275.53,
12084.49,
35382.68,
81236.73,
1613.083,
660690.7,
0,
817283.2,
0,
0,
0,
0,
0,
0,
0,
0,
1.389921e+07,
4245511,
5006120,
1.572456e+07,
618775.8,
1.083686e+08,
0,
1.478628e+08,
2030, 
288024.5,
277266.3,
101509.3,
268660.8,
11654.3,
2280807,
0,
3227922,
1911029,
1807048,
1003714,
2713400,
123827,
1.061078e+07,
0,
1.81698e+07,
160716.7,
84257.84,
116195.5,
336469.3,
5733.451,
1751716,
0,
2455089,
46947.48,
3353.831,
46755.34,
129172.7,
10393.8,
917475.6,
0,
1154099,
276429,
135671.7,
237931.6,
645762.6,
10673.53,
1387035,
0,
2693503,
260849.6,
15844.72,
165686.7,
476725.2,
9747.187,
1805558,
0,
2734411,
69980.52,
11729.5,
121260,
165170.7,
3601.189,
1159877,
0,
1531619,
138611.8,
34063.89,
109991.4,
257229.5,
4340.112,
1124937,
0,
1669173,
27228.36,
14066.35,
45681.42,
106812,
4770.85,
448504.8,
0,
647063.8,
62420.27,
67366.64,
48357.5,
107491.9,
2039.037,
507631.8,
0,
795307.1,
1393635,
97692.23,
692117.1,
2555317,
57048.6,
3.371811e+07,
0,
3.851392e+07,
44893.38,
31994.54,
177736.8,
654649.4,
4580.204,
5113842,
0,
6027696,
98677.58,
3127.125,
169798.5,
197227.8,
16126.32,
1717520,
0,
2202478,
29298.45,
36896.99,
26739.27,
101558.8,
406.4387,
340995.5,
0,
535895.4,
1741.69,
24982.2,
25150.67,
63953.21,
3229.469,
427489.3,
0,
546546.5,
140291.8,
582462.1,
82752.38,
203067.3,
16645.31,
1165539,
0,
2190758,
0,
7285.92,
373055.4,
505036.1,
14717.14,
4143291,
0,
5043386,
415143.4,
100452.8,
179708.5,
929071.9,
13370.49,
3137520,
0,
4775267,
94526.86,
27692.98,
90266.41,
387602.2,
12490.16,
2342309,
0,
2954887,
6054473,
678301.1,
640427.3,
2879635,
154366,
1.716552e+07,
0,
2.757272e+07,
603791.2,
88264.62,
220508.5,
735322.4,
69819.31,
9595267,
0,
1.131297e+07,
709465.8,
37783.73,
141826.5,
479191.9,
27488.2,
1406168,
0,
2801925,
669663.8,
57270.63,
118558.5,
545763.2,
17059.98,
3935292,
0,
5343608,
277702.7,
79914.75,
60664.51,
179098.9,
23397.43,
1216633,
0,
1837411,
198110.1,
20594.71,
50652.31,
262364.8,
3862.749,
1052249,
0,
1587834,
27107.46,
12693.79,
36729.35,
84268.62,
1659.143,
684647.3,
0,
847105.7,
0,
0,
0,
0,
0,
0,
0,
0,
1.400076e+07,
4338079,
5083775,
1.597002e+07,
623047.4,
1.091567e+08,
0,
1.491724e+08,
2031, 
288229.7,
282777.8,
101952,
269822.5,
11638.84,
2277771,
0,
3232192,
1910406,
1839450,
1007741,
2726310,
123291.4,
1.059195e+07,
0,
1.819915e+07,
162353.2,
86759.5,
117956.6,
341624.1,
5777.096,
1775325,
0,
2489796,
47643.91,
3462.793,
47729.67,
131788.5,
10560.75,
932350.3,
0,
1173536,
280049.9,
140280,
243281.2,
660096.2,
10756.29,
1413836,
0,
2748300,
263942,
16336.82,
168795.9,
485378.4,
9816.872,
1828733,
0,
2773003,
71325.42,
12228.32,
124327.8,
169438.7,
3666.815,
1186079,
0,
1567066,
142975.9,
35825.5,
113960.9,
266482.8,
4458.716,
1163055,
0,
1726758,
28229.65,
14930.06,
47607.53,
111340.4,
4885.545,
467042.3,
0,
674035.6,
63186.41,
69023.45,
49035.84,
109021,
2056.516,
514647.7,
0,
806970.9,
1393961,
99316.55,
696749.3,
2572332,
56833.12,
3.357541e+07,
0,
3.83946e+07,
45002.43,
32648.92,
179411.7,
660734.9,
4593.011,
5132409,
0,
6054800,
100637.7,
3241.773,
173772.8,
201974,
16480.84,
1750618,
0,
2246726,
29695.76,
38232.67,
27343.83,
103781.3,
404.9336,
347383.5,
0,
546841.9,
1773.097,
25898.92,
25773.22,
65530.89,
3290.281,
436208.3,
0,
558474.7,
140576.5,
591271.4,
83382.55,
204532.7,
16600.75,
1170712,
0,
2207076,
0,
7487.384,
379152.3,
513700.9,
14892.21,
4195105,
0,
5110338,
423033.8,
105035.9,
184791.5,
954828.8,
13637.14,
3211515,
0,
4892842,
94820.73,
28233.03,
91052.8,
391219.3,
12562.02,
2363057,
0,
2980945,
6086070,
695140.4,
649056.4,
2917169,
156729.4,
1.729806e+07,
0,
2.780222e+07,
613295.2,
91387.01,
225600.5,
751877.1,
70648.2,
9763991,
0,
1.15168e+07,
720183.7,
39043.71,
144903,
489821.2,
27848.38,
1430723,
0,
2852523,
666323.9,
57700.79,
118717.5,
546210.4,
16967.44,
3917279,
0,
5323199,
279641.3,
82090.33,
61722.52,
181842,
23542.73,
1232635,
0,
1861474,
203995.3,
21721.14,
52541.52,
272169.1,
3951.727,
1088687,
0,
1643066,
28098.94,
13453.47,
38317.95,
87867.4,
1709.42,
712132.1,
0,
881579.3,
0,
0,
0,
0,
0,
0,
0,
0,
1.408545e+07,
4432978,
5154678,
1.618689e+07,
627600.5,
1.097767e+08,
0,
1.502643e+08,
2032, 
289040.8,
288322,
102610.6,
271546.3,
11634.46,
2283142,
0,
3246297,
1916185,
1873692,
1014370,
2745438,
123030,
1.062187e+07,
0,
1.829458e+07,
164076.8,
89430.72,
119803.1,
346962.6,
5802.008,
1800437,
0,
2526512,
48343.2,
3571.955,
48703.95,
134399.3,
10700.87,
947488.4,
0,
1193208,
283737.9,
144974,
248560.1,
674300.1,
10809.65,
1440569,
0,
2802951,
267073.1,
16833.98,
171968.3,
494146,
9827.188,
1850808,
0,
2810657,
72693.33,
12734.44,
127420.6,
173729.6,
3729.493,
1213104,
0,
1603412,
147267.5,
37607.82,
117972.9,
275742.3,
4572.263,
1199979,
0,
1783142,
29224.28,
15805.31,
49560.61,
115905.2,
4996.682,
485465,
0,
700957.1,
63910.29,
71050.96,
49815.22,
110717.2,
2069.417,
521829.4,
0,
819392.5,
1397076,
100971,
702389.1,
2593408,
56529.05,
3.355152e+07,
0,
3.840189e+07,
45151.12,
33307.84,
181216.3,
667599.3,
4596.77,
5159084,
0,
6090956,
102521,
3357.553,
177885.7,
206886,
16808.23,
1785008,
0,
2292467,
30100.32,
39625.28,
27977.42,
106105.7,
400.4245,
353944.3,
0,
558153.4,
1803.545,
26819.82,
26395.92,
67085.12,
3348.52,
444627.6,
0,
570080.5,
140873.9,
599886.8,
84046.58,
206053.4,
16484.82,
1175956,
0,
2223301,
0,
7696.335,
385242.7,
522338,
15038.06,
4248713,
0,
5179028,
431258,
109636.7,
190027.6,
981202.4,
13878.4,
3286673,
0,
5012676,
95210.13,
28779.81,
91833.31,
394974.6,
12609.74,
2380850,
0,
3004258,
6121878,
712073,
658143.8,
2957030,
158952.5,
1.743557e+07,
0,
2.804365e+07,
623333.5,
94699.63,
230872.1,
768907.1,
71569.87,
9950047,
0,
1.173943e+07,
731388,
40362.63,
148080.1,
500679.2,
28238.22,
1457453,
0,
2906201,
664040.7,
57945.78,
118992.4,
547393.3,
16852.91,
3899643,
0,
5304868,
282212,
84233.24,
62844.66,
184900.8,
23688.93,
1251813,
0,
1889693,
209891,
22853.31,
54454.85,
282039.2,
4037.729,
1124978,
0,
1698254,
29075.13,
14219.79,
39922.11,
91476.08,
1758.274,
738820,
0,
915271.4,
0,
0,
0,
0,
0,
0,
0,
0,
1.418736e+07,
4530492,
5231110,
1.642096e+07,
631964.4,
1.106094e+08,
0,
1.516113e+08,
2033, 
289610.9,
293946.2,
103394.9,
273555.7,
11624,
2285510,
0,
3257641,
1919586,
1909410,
1020788,
2763292,
122652.5,
1.063111e+07,
0,
1.836684e+07,
165543.8,
91930.08,
121515.9,
351904.3,
5818.402,
1821822,
0,
2558535,
48966.84,
3681.389,
49648.48,
136950.5,
10827.73,
959898.3,
0,
1209973,
287029.3,
149710.4,
253547.3,
687828,
10850.21,
1464275,
0,
2853240,
269813.3,
17335.95,
174982.6,
502463.8,
9822.799,
1866628,
0,
2841047,
73889.16,
13245.59,
130258.6,
177689.9,
3783.917,
1236713,
0,
1635580,
151339.3,
39413,
122057.6,
284993.6,
4676.398,
1234727,
0,
1837207,
30170.3,
16693.07,
51594.93,
120542.1,
5094.941,
503255.1,
0,
727350.4,
64557.45,
73092.01,
50691.17,
112550,
2079.965,
528504.8,
0,
831475.4,
1399479,
102654,
707941,
2614431,
56204.21,
3.349147e+07,
0,
3.837218e+07,
45274.78,
33971.44,
183096.7,
674781.9,
4601.101,
5179752,
0,
6121478,
104310.1,
3474.863,
182016,
211828.3,
17124.64,
1816710,
0,
2335464,
30481.41,
41062.91,
28614.36,
108446.1,
397.2147,
360118.1,
0,
569120.1,
1830.557,
27745.35,
26980.12,
68536.69,
3402.871,
451942.4,
0,
580438,
141022.8,
609383,
84691.81,
207484.5,
16361.05,
1179834,
0,
2238777,
0,
7906.314,
390463.1,
529894.9,
15136.02,
4286208,
0,
5229608,
438779.6,
114268.6,
195060.6,
1006490,
14089.19,
3351138,
0,
5119826,
95558.53,
29333.86,
92730.05,
399111.8,
12687.65,
2405877,
0,
3035299,
6151772,
729110.2,
666397.1,
2994101,
160906.2,
1.753228e+07,
0,
2.823457e+07,
632436.4,
97896.96,
235855.8,
785012.5,
72327.65,
1.01022e+07,
0,
1.192573e+07,
741425.1,
41618.6,
151078.2,
510968.3,
28581.88,
1480257,
0,
2953929,
661367.4,
58213.37,
119266.6,
548631.1,
16755.91,
3889315,
0,
5293549,
284617.8,
86481.4,
63963.19,
187990.8,
23818.88,
1268798,
0,
1915670,
215458.7,
23991.59,
56360.09,
291763.4,
4120.295,
1159067,
0,
1750761,
30006.37,
14998.35,
41552.7,
95100.62,
1802.966,
763885.1,
0,
947346.1,
0,
0,
0,
0,
0,
0,
0,
0,
1.427433e+07,
4630569,
5304547,
1.664634e+07,
635548.6,
1.112513e+08,
0,
1.527426e+08,
2034, 
289824.9,
299659.8,
104236.4,
275691.9,
11600.97,
2284025,
0,
3265039,
1920055,
1947054,
1026769,
2779192,
122088.9,
1.061754e+07,
0,
1.84127e+07,
166736.3,
94640.13,
123130.3,
356480.1,
5827.646,
1839065,
0,
2585880,
49532.96,
3747.577,
50601.34,
139502.6,
10943.09,
969722.4,
0,
1224050,
290044.3,
154528.8,
258398.2,
701072.3,
10891.26,
1488830,
0,
2903765,
272094.4,
17843.02,
177878.1,
510384.2,
9806.555,
1876391,
0,
2864397,
74876.82,
13762.07,
132789.6,
181241.6,
3828.252,
1255799,
0,
1662297,
155155.2,
41242.73,
126212.5,
294213.7,
4773.761,
1266811,
0,
1888409,
31060.23,
17594.96,
53674.62,
125203.4,
5192.558,
520061.8,
0,
752787.6,
65124.93,
75034.02,
51610.71,
114448,
2090.001,
534380.3,
0,
842687.9,
1400770,
104367,
713501.6,
2635558,
55816.76,
3.335743e+07,
0,
3.826744e+07,
45377.73,
34640.05,
185000.1,
682077.6,
4601.96,
5193600,
0,
6145298,
106014.8,
3593.806,
186068,
216717.3,
17439.06,
1847104,
0,
2376937,
30835.08,
42246.86,
29235.63,
110757.8,
393.8067,
365790.3,
0,
579259.4,
1854.077,
28674.74,
27530.43,
69884.75,
3451.555,
458099.9,
0,
589495.4,
140961.9,
618903.1,
85282.09,
208762.5,
16206.68,
1181676,
0,
2251792,
0,
8074.151,
394567.2,
536040.9,
15188.13,
4303023,
0,
5256893,
445480.6,
118934.6,
199662.6,
1030002,
14270.44,
3402666,
0,
5211016,
95831.34,
29895.79,
93582.3,
403108.7,
12747.88,
2425762,
0,
3060928,
6175728,
746260,
674217.3,
3029340,
162652.3,
1.758559e+07,
0,
2.837379e+07,
640371.6,
101244.7,
240593.9,
800205.6,
73061.9,
1.02358e+07,
0,
1.209128e+07,
750060.6,
42861.41,
153963.3,
520802.6,
28894.42,
1499483,
0,
2996065,
657972.9,
58511,
119472.5,
549619.5,
16615.92,
3861820,
0,
5264012,
286794.8,
88764.21,
65072.12,
191091.4,
23907.27,
1282557,
0,
1938186,
220621.2,
25136.79,
58252.89,
301285.9,
4200.265,
1190254,
0,
1799751,
30886.61,
15789.41,
43213.45,
98739.47,
1846.168,
787043.7,
0,
977518.8,
0,
0,
0,
0,
0,
0,
0,
0,
1.434407e+07,
4733005,
5374516,
1.686142e+07,
638337.4,
1.116303e+08,
0,
1.535817e+08,
2035, 
289880.9,
305581.5,
105138.8,
277987,
11562.12,
2280273,
0,
3270423,
1918198,
1985619,
1032629,
2793956,
121334.5,
1.058757e+07,
0,
1.84393e+07,
167700.7,
97441.28,
124737,
360863.2,
5829.386,
1852723,
0,
2609294,
50213.09,
3824.668,
51790.93,
142691.5,
11047.57,
982135.4,
0,
1241703,
292765.8,
159358.7,
263143.8,
714097.8,
10940.54,
1516019,
0,
2956325,
274310.2,
18393.98,
180985.2,
518886.4,
9780.005,
1884609,
0,
2886965,
75636.45,
14274.13,
134968.5,
184302,
3860.843,
1269633,
0,
1682675,
158732.3,
43099.64,
130463.2,
303456.2,
4861.559,
1296275,
0,
1936888,
31895.42,
18509.25,
55827.06,
129916,
5282.269,
535661.4,
0,
777091.4,
65625.53,
76678.96,
52592.89,
116424.1,
2096.308,
539230.6,
0,
852648.4,
1401669,
106186.7,
719468,
2658409,
55344.56,
3.318097e+07,
0,
3.812205e+07,
45484.64,
35363.11,
187060.8,
690015.8,
4595.158,
5207831,
0,
6170350,
107642,
3713.798,
190235,
221707.3,
17720.66,
1873400,
0,
2414419,
31126.34,
43265.52,
29807.3,
112891.9,
390.1571,
370391.4,
0,
587872.6,
1875.155,
29620.5,
28071.46,
71181.98,
3494.945,
463417.3,
0,
597661.4,
140715.3,
628239.3,
85839.23,
209941.5,
16022.76,
1181769,
0,
2262527,
0,
8245.686,
397972,
541271.9,
15199.64,
4305716,
0,
5268405,
452174.6,
123980.8,
204478.6,
1054647,
14424.12,
3449719,
0,
5299424,
96081.58,
30478.56,
94457.19,
407239.1,
12821.76,
2452233,
0,
3093311,
6198155,
764185.3,
682343.4,
3065865,
164039.8,
1.760065e+07,
0,
2.847523e+07,
648075.3,
104938.4,
245635.7,
816219.3,
73629.52,
1.034703e+07,
0,
1.223553e+07,
757051.6,
44117.74,
156672.7,
529877.6,
29150.34,
1513770,
0,
3030640,
654775.8,
58485.15,
119709.2,
550947.9,
16467.13,
3838384,
0,
5238770,
288442.9,
90862.68,
66064.65,
193894.5,
23976.17,
1293596,
0,
1956837,
225803.5,
26373.57,
60307.1,
311472.4,
4276.267,
1221433,
0,
1849666,
31697.52,
16572.67,
44869.08,
102311.3,
1886.36,
807640.8,
0,
1004978,
0,
0,
0,
0,
0,
0,
0,
0,
1.440573e+07,
4837410,
5445268,
1.708047e+07,
640034.4,
1.118521e+08,
0,
1.54261e+08,
2036, 
289788.7,
311738.3,
106088.2,
280419.4,
11554.02,
2274579,
0,
3274167,
1912039,
2023111,
1037635,
2805926,
120774.2,
1.053591e+07,
0,
1.843539e+07,
168553,
100484.2,
126468.4,
365532.2,
5840.671,
1865226,
0,
2632105,
50867.19,
3912.761,
53041.4,
146054.2,
11202.69,
992187.3,
0,
1257266,
296145,
165284,
269100.6,
730484.3,
10984.07,
1532186,
0,
3004184,
276380.7,
19000.18,
184357.6,
528133.6,
9803.904,
1895089,
0,
2912765,
76391.19,
14859.47,
137358.5,
187616.5,
3914.761,
1282650,
0,
1702790,
162704.2,
45262.16,
135479.3,
314276.9,
4960.837,
1329128,
0,
1991812,
32808.77,
19586.39,
58344.3,
135395.5,
5381.148,
552375.8,
0,
803891.9,
66215.17,
78842.03,
53824.96,
118908,
2100.336,
544394.3,
0,
864284.8,
1402460,
107853.4,
725748.7,
2682837,
55295.95,
3.305151e+07,
0,
3.80257e+07,
45485.71,
35983.66,
188652.9,
696314.9,
4629.009,
5190006,
0,
6161072,
109041.1,
3829.652,
194231.2,
226455.9,
18075.99,
1891936,
0,
2443570,
31345.34,
44222.64,
30334.59,
114868.7,
388.9038,
373886.6,
0,
595046.8,
1892.788,
30573.58,
28598.55,
72433.01,
3552.853,
467524.3,
0,
604575,
140352.2,
637034.5,
86397.63,
211130.5,
15969.96,
1180650,
0,
2271535,
0,
8438.459,
400825.7,
545715.6,
15194.25,
4295676,
0,
5265850,
458092.5,
129269.1,
209378.8,
1079448,
14765.58,
3491049,
0,
5382003,
96107.86,
30994.5,
95220.86,
410830.2,
12971.76,
2478269,
0,
3124395,
6199032,
779116.4,
687853.4,
3091096,
167223.4,
1.752823e+07,
0,
2.845256e+07,
653522,
108460.8,
250090.4,
830244.3,
74844.09,
1.041656e+07,
0,
1.233372e+07,
762461.8,
45492.31,
159283.3,
538407.6,
29709.45,
1524821,
0,
3060175,
650744.8,
58266.9,
119795.9,
551703.3,
16352.08,
3803754,
0,
5200617,
290079.9,
93031.75,
67088.69,
196834.7,
24036.62,
1298856,
0,
1969927,
231103.5,
27764.28,
62549.05,
322582.3,
4395.429,
1253222,
0,
1901617,
32584.09,
17484.13,
46794.05,
106443.1,
1935.253,
830212.3,
0,
1035453,
0,
0,
0,
0,
0,
0,
0,
0,
1.44362e+07,
4939897,
5514542,
1.729009e+07,
645857.3,
1.118799e+08,
0,
1.547065e+08,
2037, 
289546.3,
318010.5,
107045.8,
282900.6,
11533.53,
2267035,
0,
3276072,
1903658,
2060632,
1042216,
2816630,
120022.8,
1.046901e+07,
0,
1.841217e+07,
169161.4,
103575.5,
128147.4,
370039.7,
5845.695,
1874337,
0,
2651107,
51449.7,
3982.008,
54253.93,
149349.1,
11332.51,
998215.3,
0,
1268583,
299268.3,
171260.5,
275108.7,
747094,
11022.89,
1545483,
0,
3049238,
277972.9,
19612.52,
187724.5,
537349.1,
9827.438,
1903637,
0,
2936123,
76919.79,
15448.88,
139501,
190505.5,
3959.204,
1290643,
0,
1716977,
166374.5,
47456.95,
140363.4,
324859.5,
5039.502,
1354935,
0,
2039029,
33647.35,
20684.85,
60811.21,
140752.9,
5466.266,
566810.2,
0,
828172.8,
66680.68,
80459.26,
54919.04,
121172.3,
2097.791,
546415.4,
0,
871744.5,
1402309,
108931.5,
731931.8,
2707216,
55263.29,
3.296157e+07,
0,
3.796722e+07,
45434.48,
36430.13,
190073.2,
702011,
4656.769,
5172731,
0,
6151336,
110353.9,
3946.75,
198421.6,
231370.3,
18516.4,
1925860,
0,
2488469,
31515.21,
45106.09,
30823.82,
116725.2,
387.337,
376236.8,
0,
600794.4,
1906.686,
31530.92,
29083.96,
73601.54,
3601.981,
469993.3,
0,
609718.4,
139800.5,
643483.7,
86890.43,
212208.8,
15890,
1176947,
0,
2275220,
0,
8649.364,
403050.8,
549147.8,
15153.37,
4273896,
0,
5249897,
462889.8,
134597.9,
213999.8,
1102949,
15103.16,
3531113,
0,
5460653,
96069.92,
31516.78,
95974.37,
414415.8,
13112.76,
2504172,
0,
3155262,
6194503,
792979.8,
693142.4,
3115641,
170006.6,
1.744895e+07,
0,
2.841522e+07,
657516.6,
111997.1,
254373.6,
843711,
75935.88,
1.045691e+07,
0,
1.240044e+07,
766067,
46882.83,
161740,
546317.1,
30204.73,
1531118,
0,
3082330,
646094.8,
58080.95,
119843,
552317.4,
16202.62,
3761664,
0,
5154203,
291604.7,
95194.8,
68131.3,
199855.2,
24098.47,
1306541,
0,
1985425,
235765.4,
29169.13,
64699.1,
333228.7,
4504.641,
1279053,
0,
1946420,
33399.22,
18405.42,
48665.03,
110472.3,
1979.127,
849266.7,
0,
1062188,
0,
0,
0,
0,
0,
0,
0,
0,
1.444991e+07,
5038026,
5580936,
1.749184e+07,
650764.8,
1.118425e+08,
0,
1.55054e+08,
2038, 
289277.9,
324405.6,
108039.8,
285483.8,
11484.83,
2253401,
0,
3272093,
1893990,
2098336,
1047021,
2827860,
119158.5,
1.039485e+07,
0,
1.838121e+07,
169595.5,
106714.9,
129838.9,
374587.3,
5849.246,
1881639,
0,
2668225,
52014.71,
4033.634,
55443.59,
152599.4,
11472.55,
1005529,
0,
1281093,
302311.1,
177288.9,
281353,
764313.3,
11082.31,
1561225,
0,
3097573,
279236.5,
20231.09,
191236.5,
546915,
9858.52,
1912536,
0,
2960014,
77295.2,
16043.15,
141526.5,
193141.9,
4000.459,
1295132,
0,
1727139,
169767,
49686.97,
145088.5,
335255.8,
5091.913,
1369341,
0,
2074231,
34430.05,
21809.7,
63222.24,
146044.4,
5536.723,
578396.9,
0,
849440,
67050.05,
82342.22,
55945.64,
123330.5,
2091.196,
546286,
0,
877045.6,
1401698,
110100.4,
738986.8,
2734310,
55256.75,
3.293225e+07,
0,
3.79726e+07,
45341.33,
36947.52,
191586.4,
707874.8,
4686.518,
5168741,
0,
6155178,
111654.3,
4065.019,
202955.2,
236600.5,
19075.35,
1975995,
0,
2550346,
31651.4,
46087.25,
31301.34,
118543.2,
385.8401,
378209.6,
0,
606178.6,
1917.569,
32490.02,
29553.53,
74737.05,
3635.687,
468993.4,
0,
611327.3,
139105.3,
650735.3,
87382.06,
213303.8,
15799.92,
1172090,
0,
2278417,
0,
8824.377,
405090.3,
552079.2,
15096.85,
4246445,
0,
5227536,
466838.7,
139973.3,
218600.2,
1126273,
15430.12,
3566338,
0,
5533454,
95994.47,
32000.79,
96689.06,
417865.1,
13222.41,
2522907,
0,
3178679,
6187236,
796677.6,
698815.1,
3141542,
172605.4,
1.738653e+07,
0,
2.83834e+07,
660444.1,
115550.9,
258675.4,
857209.3,
77026.81,
1.049239e+07,
0,
1.24613e+07,
768377.9,
48347.46,
164134,
553897,
30672.33,
1534184,
0,
3099612,
641377.8,
57763.3,
119886.5,
552977,
16071.77,
3729245,
0,
5117322,
293208.4,
97358.16,
69240.3,
203066.7,
24223.59,
1319051,
0,
2006148,
239912,
30588.86,
66789.06,
343624.1,
4606.931,
1299880,
0,
1985401,
34152.62,
19337.8,
50487.96,
114424.2,
2015.833,
862219.1,
0,
1082638,
0,
0,
0,
0,
0,
0,
0,
0,
1.445388e+07,
5127740,
5648889,
1.769786e+07,
655438.4,
1.118538e+08,
0,
1.554376e+08,
2039, 
289082.9,
330928.8,
109281,
288629.8,
11454.05,
2243995,
0,
3273372,
1883003,
2136216,
1053342,
2842261,
118149.7,
1.030119e+07,
0,
1.833416e+07,
169851.8,
109902.5,
131618.3,
379346.1,
5850.587,
1887295,
0,
2683864,
52522.54,
4097.104,
56727.69,
156051.4,
11596.67,
1009466,
0,
1290462,
305209.8,
183368.5,
288372.1,
783216.2,
11161.76,
1579344,
0,
3150672,
280159.9,
20855.8,
195232.5,
557521,
9902.333,
1922798,
0,
2986470,
77527.51,
16642.41,
143506,
195622.8,
4037.077,
1295298,
0,
1732634,
172986.7,
51954.08,
150066.4,
346213,
5230.365,
1417073,
0,
2143523,
35168.71,
22968.69,
65710.3,
151503.4,
5634,
594008.2,
0,
874993.3,
67347.8,
84806.48,
57038,
125604.2,
2104.905,
553418.1,
0,
890319.5,
1400504,
111393.3,
748013.4,
2767785,
55273.91,
3.296422e+07,
0,
3.804718e+07,
45202.45,
37481.68,
193434.2,
714775.6,
4714.287,
5170108,
0,
6165716,
112897.9,
4184.485,
208134.9,
242525.8,
19639.11,
2026578,
0,
2613960,
31755.46,
47191.44,
31786.09,
120378.4,
384.1988,
379583.9,
0,
611079.4,
1925.75,
33066.74,
30042.04,
75915.54,
3690.553,
471897.8,
0,
616538.4,
138281.5,
660203.2,
87941.19,
214542.5,
15719.97,
1168298,
0,
2284986,
0,
9001.513,
407164.4,
554722.3,
15018.24,
4211831,
0,
5197737,
469981.7,
144748.5,
223383.1,
1150250,
15748.26,
3596920,
0,
5601032,
95831.21,
31931.99,
97552.69,
421879.9,
13296.75,
2533733,
0,
3194225,
6173643,
800692.8,
705829.1,
3172601,
175053.5,
1.734364e+07,
0,
2.837146e+07,
662315.3,
119119.6,
263472.2,
871826.9,
78023.95,
1.049968e+07,
0,
1.249444e+07,
769446.3,
49897,
166546.9,
561344.5,
31110.99,
1533557,
0,
3111902,
636553.9,
57265.89,
119943.9,
553789,
15967.93,
3708561,
0,
5092082,
294785.3,
99521.79,
70494.91,
206629.5,
24390.77,
1334195,
0,
2030017,
243555.5,
32023.9,
68895.67,
354063.8,
4705.551,
1317608,
0,
2020852,
34845.45,
20281.98,
52366.88,
118476,
2051.826,
874506.5,
0,
1102529,
0,
0,
0,
0,
0,
0,
0,
0,
1.444439e+07,
5219747,
5725896,
1.792747e+07,
659911.2,
1.119388e+08,
0,
1.559162e+08,
2040, 
288963.9,
337592.5,
111288.2,
293968.3,
11451.94,
2239195,
0,
3282460,
1871306,
2174297,
1066256,
2876407,
117104.1,
1.020431e+07,
0,
1.830968e+07,
169932.6,
112926.8,
133725.1,
385405.8,
5848.73,
1890028,
0,
2697867,
52983.42,
4158.809,
58355.57,
160529.5,
11723.87,
1013350,
0,
1301101,
307910.5,
189499,
296460.6,
805184.6,
11277.69,
1600346,
0,
3210678,
280778.8,
21486.56,
200384.9,
572234.5,
9971.2,
1936469,
0,
3021325,
77647.61,
17246.9,
146141,
198986.9,
4068.835,
1291609,
0,
1735700,
176178.3,
54260.46,
155711.7,
358941.5,
5403.649,
1475586,
0,
2226082,
35876.56,
24168.95,
68567.48,
157947.5,
5768.685,
615620.1,
0,
907949.3,
67569.47,
87279.5,
58270.57,
128306.4,
2132.591,
564538.5,
0,
908097.1,
1398923,
112495.4,
760214.6,
2812931,
55430.9,
3.307017e+07,
0,
3.821017e+07,
45034.72,
37987.11,
196112.5,
725231.2,
4743.529,
5167874,
0,
6176983,
114038.1,
4305.181,
213377.3,
248634.3,
20207.26,
2077622,
0,
2678184,
31827.2,
48400.06,
32357.34,
122614,
382.769,
380437.8,
0,
616019.2,
1931.311,
33134.8,
30610.53,
77360.01,
3764.514,
477817.9,
0,
624619.1,
137327.5,
672601.4,
88817.57,
216669,
15635.06,
1162673,
0,
2293724,
0,
9207.398,
410338.6,
558671.3,
14915.15,
4168016,
0,
5161148,
472387.8,
149572.8,
229038.8,
1179177,
16071.51,
3625910,
0,
5672157,
95589.26,
31856.22,
98767.91,
427671.2,
13364.45,
2540724,
0,
3207973,
6153196,
803436.3,
716635.8,
3222835,
177639.5,
1.73303e+07,
0,
2.840405e+07,
663257.5,
122703.2,
269845.1,
892396.3,
79059.25,
1.051182e+07,
0,
1.253908e+07,
769410.3,
51461.6,
169429.2,
570623.1,
31541.08,
1531143,
0,
3123608,
631749.6,
57144.8,
120279.1,
555919.4,
15910.98,
3702972,
0,
5083976,
296425.2,
101686.7,
71931,
210838.8,
24640.08,
1355006,
0,
2060528,
246753.1,
33474.87,
71271.35,
366223.6,
4815.329,
1339361,
0,
2061899,
35495.47,
21238.73,
54561.69,
123340.3,
2108.89,
901517.3,
0,
1138262,
0,
0,
0,
0,
0,
0,
0,
0,
1.442249e+07,
5313624,
5828750,
1.824905e+07,
664981.6,
1.121744e+08,
0,
1.566533e+08,
2041, 
288831.9,
344129.2,
112670.1,
297919.5,
11447.32,
2232400,
0,
3287398,
1859980,
2212110,
1075339,
2901976,
115986.3,
1.00981e+07,
0,
1.826349e+07,
169976,
115758,
135494.9,
390731.5,
5840.317,
1891821,
0,
2709622,
53468.05,
4220.733,
59688.97,
164403.3,
11841.14,
1017600,
0,
1311222,
311224.9,
196615.1,
305589.4,
829978.3,
11403.54,
1630398,
0,
3285209,
281429.3,
21998.63,
205753.3,
586779.1,
10057.86,
1958173,
0,
3064191,
77865.3,
17930.32,
148983.9,
202762,
4103.25,
1291085,
0,
1742730,
179869.2,
56956.86,
161090.6,
371593.3,
5590.725,
1542415,
0,
2317516,
36725,
25630.45,
71502.97,
164814.7,
5878.701,
636545.9,
0,
941097.7,
67835.52,
90096.45,
59348,
130779.4,
2156.84,
575089.9,
0,
925306.1,
1397970,
113973.3,
769154.4,
2852319,
55621.25,
3.328541e+07,
0,
3.847445e+07,
44808.32,
38482.88,
197256.4,
730441.6,
4767.678,
5155532,
0,
6171289,
115020.1,
4422.834,
218449.2,
254544.3,
20705.36,
2127006,
0,
2740148,
31857.21,
49616.76,
32776.27,
124339,
381.0117,
380518.8,
0,
619489,
1933.569,
33128.36,
30983.02,
78387.2,
3820.201,
479501.9,
0,
627754.3,
136331.8,
686037.5,
89580.73,
218601.6,
15548,
1155685,
0,
2301784,
0,
9428.768,
413168.4,
562382.1,
14816.42,
4125697,
0,
5125493,
474470.1,
154628.5,
234181.4,
1206070,
16398.61,
3662518,
0,
5748267,
95172.67,
31663.44,
99156.24,
429940.5,
13403.61,
2540627,
0,
3209963,
6122135,
806168.2,
722677.6,
3253639,
180127.7,
1.733729e+07,
0,
2.842204e+07,
662891,
126176.7,
274600.7,
908407.4,
80028.97,
1.050785e+07,
0,
1.255995e+07,
768133.8,
53028.35,
171747.1,
578445.3,
31934.04,
1526207,
0,
3129496,
627398,
57303.66,
120266.2,
556259.7,
15921.01,
3719163,
0,
5096311,
298252.5,
103959.9,
73333.55,
215140.5,
24923.05,
1377831,
0,
2093441,
250290.9,
35133.4,
73726.66,
378957.2,
4919.237,
1363068,
0,
2106096,
36265.95,
22368.93,
56625.36,
128134.7,
2173.395,
937333,
0,
1182901,
0,
0,
0,
0,
0,
0,
0,
0,
1.439014e+07,
5410967,
5913145,
1.851775e+07,
669795.5,
1.125549e+08,
0,
1.574567e+08,
2042, 
288798.4,
350856.7,
114224.3,
302362.5,
11449.18,
2226034,
0,
3293725,
1849712,
2250150,
1086577,
2933719,
115426.5,
1.005338e+07,
0,
1.828896e+07,
170068.4,
119102.5,
137548.2,
396893.4,
5855.62,
1902557,
0,
2732026,
53931.01,
4294.261,
61080.74,
168431.4,
11968.23,
1023394,
0,
1323100,
314354.9,
203776.5,
314742.9,
854839,
11562.5,
1664765,
0,
3364041,
281977.7,
22334.01,
210803.9,
601298.6,
10175.42,
1987018,
0,
3113608,
77991.96,
18618.01,
151670.6,
206445.7,
4137.204,
1290991,
0,
1749854,
183464.1,
59700.3,
166801.6,
384986.3,
5751.131,
1610333,
0,
2411036,
37552.3,
27162.63,
74543.66,
172000.3,
5987.727,
659072.9,
0,
976319.6,
68055.66,
92914.27,
60439.79,
133322.5,
2185.798,
587090.3,
0,
944008.3,
1397175,
115757.1,
778058.3,
2889055,
55890.88,
3.35691e+07,
0,
3.880503e+07,
44588.38,
39065.1,
198635.2,
736373.3,
4796.349,
5150886,
0,
6174344,
115955.7,
4541.703,
223372.4,
260508.3,
21225.08,
2174669,
0,
2800273,
31864.77,
50924.01,
33238.23,
126248.3,
379.589,
380298.1,
0,
622952.9,
1933.33,
33225.28,
31357.97,
79443.41,
3871.714,
480572,
0,
630403.8,
135247.5,
699627.6,
90803.36,
221570.4,
15464.89,
1148201,
0,
2310915,
0,
9626.669,
416460.8,
566893.8,
14709.81,
4083996,
0,
5091687,
476102.7,
159780.4,
239627.2,
1234831,
16745.58,
3706672,
0,
5833759,
94711.8,
31691.95,
99695.47,
432736.8,
13439.54,
2540935,
0,
3213210,
6086379,
810123.5,
729290.4,
3287174,
182629.7,
1.738396e+07,
0,
2.847956e+07,
661854.8,
129660.1,
279739.1,
925819.4,
80930.38,
1.05003e+07,
0,
1.25783e+07,
766123.9,
54609.25,
174397.9,
587478.7,
32313.33,
1521349,
0,
3136272,
623151.2,
57506.45,
120335.8,
556964.8,
15973.31,
3751017,
0,
5124948,
299909.5,
106234.6,
74546.16,
218922.2,
25188.3,
1396676,
0,
2121477,
253656.5,
36808.91,
76267.36,
392242.5,
5028.383,
1388595,
0,
2152598,
37020.08,
23512.91,
58706.14,
133004.2,
2249.51,
980167.4,
0,
1234660,
0,
0,
0,
0,
0,
0,
0,
0,
1.435158e+07,
5511605,
6002964,
1.880356e+07,
675335.6,
1.13162e+08,
0,
1.585071e+08,
2043, 
288880.8,
357785.2,
115968.7,
307386.6,
11452.59,
2220542,
0,
3302016,
1840720,
2288479,
1099315,
2970473,
115689.8,
1.010548e+07,
0,
1.842015e+07,
170203.3,
122592.3,
139891.3,
403970.6,
5897.664,
1924209,
0,
2766765,
54371.8,
4383.814,
62596.3,
172810.2,
12113.09,
1031782,
0,
1338058,
317217.6,
210983.8,
323923.6,
879773.7,
11734.53,
1701957,
0,
3445590,
282475.2,
22655.34,
216095.4,
616720.1,
10317.54,
2021338,
0,
3169602,
78049.02,
19207,
154744.8,
210652.4,
4178.942,
1292916,
0,
1759748,
187003.1,
62493.98,
173095.6,
399689,
5926.449,
1679409,
0,
2507617,
38371.57,
28751.2,
77788.27,
179672.3,
6101.046,
682811.6,
0,
1013496,
68244.45,
95734.64,
61593.44,
136023.3,
2220.15,
599693.4,
0,
963509.4,
1396355,
117537.9,
787294.8,
2927582,
56127.36,
3.386461e+07,
0,
3.91495e+07,
44392.36,
39613.53,
200193.1,
743058.8,
4825.092,
5155087,
0,
6187170,
116844.5,
4661.787,
227932.8,
266522.3,
21722.85,
2218709,
0,
2856393,
31857,
52212.77,
33745.29,
128355.4,
378.1212,
379900.3,
0,
626448.9,
1931.644,
33388.14,
31744.85,
80552.3,
3922.613,
481882,
0,
633421.5,
134149.5,
713369.4,
92328.23,
225291.5,
15372.9,
1140487,
0,
2320999,
0,
9896.653,
421473.6,
573693.3,
14623.63,
4055073,
0,
5074760,
477490.7,
165133.8,
245438.5,
1265837,
17127.84,
3763951,
0,
5934979,
94263.73,
31966.35,
100529,
436701.6,
13475.36,
2542990,
0,
3219926,
6047995,
813427.6,
736171.9,
3322733,
185083,
1.746352e+07,
0,
2.856893e+07,
660296.5,
133157.2,
285274.3,
944772.3,
81734.52,
1.048878e+07,
0,
1.259402e+07,
763544.8,
56204.95,
177539.1,
598242.4,
32666.58,
1516427,
0,
3144625,
619079.4,
57934.8,
120565.5,
558362.5,
16042.37,
3789188,
0,
5161172,
301478.8,
108513.9,
75801.65,
222857.7,
25460.9,
1415388,
0,
2149501,
256969.6,
38502.91,
78868.84,
405996.8,
5144.594,
1417304,
0,
2202786,
37763.04,
24671.88,
60836.5,
138017.6,
2331.992,
1023518,
0,
1287139,
0,
0,
0,
0,
0,
0,
0,
0,
1.430995e+07,
5613260,
6100750,
1.911575e+07,
681671.6,
1.139769e+08,
0,
1.597983e+08,
2044, 
289092,
364898.7,
117913.3,
312997.4,
11451.62,
2216365,
0,
3312718,
1832334,
2327124,
1113518,
3012283,
116055.3,
1.01818e+07,
0,
1.858311e+07,
170382.4,
125541.9,
142311.2,
411468.8,
5938.269,
1946144,
0,
2801787,
54826.34,
4457.64,
64120.78,
177296.4,
12277.78,
1043054,
0,
1356033,
320034.2,
218236,
333132.1,
904784.1,
11934.24,
1744150,
0,
3532271,
282876.3,
22957.71,
221586.5,
632391.3,
10470.01,
2056752,
0,
3227034,
78081.79,
19794.41,
158330.7,
215563.5,
4231.423,
1298158,
0,
1774160,
190502.2,
65340.58,
179637.3,
415110.5,
6109.794,
1749706,
0,
2606406,
39165.85,
30368.55,
81146.91,
187663.1,
6216.26,
707075.7,
0,
1051636,
68381.91,
98559.22,
62898.58,
139063.9,
2249.882,
609132.5,
0,
980286,
1395666,
119265.4,
796695.1,
2967406,
56363.04,
3.417166e+07,
0,
3.950705e+07,
44222.05,
40099.13,
201857,
750276.3,
4855.732,
5166874,
0,
6208184,
117713.8,
4783.153,
232789.8,
272543.7,
22197.04,
2260820,
0,
2910848,
31841.97,
53404.86,
34298.4,
130668.4,
376.8294,
379468.8,
0,
630059.2,
1929.545,
33587.55,
32155.1,
81744.09,
3972.079,
483271.4,
0,
636659.8,
133111.1,
727259.5,
93884.36,
229088.6,
15280.56,
1132728,
0,
2331352,
0,
10172.8,
428074.2,
582687.3,
14571.2,
4042767,
0,
5078273,
478790.3,
170368.8,
251567.3,
1298979,
17558.78,
3836548,
0,
6053813,
93891.23,
32175.77,
101393.1,
440936.4,
13503.75,
2545545,
0,
3227445,
6014028,
816067.1,
743213,
3359977,
187442,
1.756245e+07,
0,
2.868318e+07,
658605.6,
136665.4,
290939.6,
964631.4,
82445.48,
1.047325e+07,
0,
1.260653e+07,
760591.1,
57815.64,
180742.5,
609577.1,
33002.24,
1511861,
0,
3153590,
615248.8,
58641.5,
121044.5,
560878.2,
16121.23,
3827640,
0,
5199574,
303082,
110799.3,
77024.23,
226772.2,
25734.39,
1433508,
0,
2176920,
260191.1,
40216.67,
81611.26,
420584.7,
5270.98,
1450492,
0,
2258367,
38491.34,
25846.42,
63039.96,
143229,
2418.092,
1067410,
0,
1340435,
0,
0,
0,
0,
0,
0,
0,
0,
1.427308e+07,
5714448,
6204925,
1.94486e+07,
688047.9,
1.148986e+08,
0,
1.612277e+08,
2045, 
289403.4,
372178.4,
120007.6,
318725.8,
11452.38,
2213727,
0,
3325494,
1824270,
2366125,
1128864,
3058147,
116329.7,
1.025281e+07,
0,
1.874654e+07,
170634.8,
127971.8,
144765,
419235.9,
5971.474,
1966549,
0,
2835128,
55299.37,
4528.54,
65675.26,
181916.3,
12432.47,
1053908,
0,
1373760,
322922.8,
225533.2,
342370.5,
929875.4,
12143.11,
1790774,
0,
3623619,
283255.1,
23213.82,
227117,
648175,
10622.51,
2092477,
0,
3284861,
78181.05,
20293.65,
162065.1,
220749.6,
4295.589,
1307421,
0,
1793006,
193976.8,
68242.62,
186497.6,
431393.7,
6293.663,
1817096,
0,
2703500,
39914.33,
31998.02,
84578.34,
195876.9,
6302.651,
727173.4,
0,
1085844,
68470.98,
101389.7,
64339.49,
142414.2,
2273.687,
615593,
0,
994481.1,
1394995,
121107.4,
807166.5,
3011221,
56543.89,
3.44584e+07,
0,
3.984943e+07,
44067.38,
40536.49,
203645.7,
758012.6,
4876.968,
5174409,
0,
6225548,
118605.9,
4905.865,
237692.8,
278677.9,
22623.69,
2298386,
0,
2960892,
31829.35,
54552.28,
34898.03,
133179.5,
375.5457,
379146.7,
0,
633981.4,
1927.845,
33863.31,
32608.04,
83058.24,
4020.514,
485076.4,
0,
640554.3,
132178.1,
741296.3,
95454.75,
232920.5,
15180.24,
1125102,
0,
2342132,
0,
10453.08,
435745.8,
593236.9,
14558.22,
4048423,
0,
5102417,
479970.1,
175238.5,
257920.2,
1333767,
17943.98,
3897570,
0,
6162409,
93649.85,
32296.59,
102206.5,
445093.5,
13516.85,
2548280,
0,
3235044,
5988279,
818052.5,
750160.1,
3397581,
189638.5,
1.767531e+07,
0,
2.881903e+07,
657090.4,
140185.6,
296940.4,
985851.4,
83044.1,
1.045449e+07,
0,
1.26176e+07,
757893.8,
59441.69,
184231.3,
622028.9,
33315.04,
1507922,
0,
3164833,
612267.6,
59303.92,
121551.2,
563557.2,
16221.5,
3866381,
0,
5239283,
304823.8,
113093.4,
78261.76,
230757.5,
26009.74,
1452306,
0,
2205253,
263390.3,
41951.69,
84520.01,
436110.5,
5407.949,
1488454,
0,
2319834,
39203.73,
27037.38,
65278.76,
148561.5,
2499.123,
1111877,
0,
1394457,
0,
0,
0,
0,
0,
0,
0,
0,
1.42465e+07,
5814791,
6314563,
1.980012e+07,
693893.1,
1.158091e+08,
0,
1.626789e+08,
2046, 
289646,
379296.2,
122133.4,
324371.7,
11457.01,
2210868,
0,
3337773,
1816379,
2405062,
1145380,
3106310,
116784,
1.034125e+07,
0,
1.893116e+07,
170986,
130375.3,
147273.5,
427352.1,
5991.816,
1985870,
0,
2867849,
55816.09,
4600.487,
67302.11,
186796.6,
12560.03,
1064935,
0,
1392010,
326223.9,
233614.8,
352380.1,
957061.3,
12338.12,
1842278,
0,
3723896,
283581.8,
23507.1,
232802.3,
664400.4,
10753.53,
2126562,
0,
3341608,
78484.8,
20850.65,
166381.7,
226801,
4367.293,
1323872,
0,
1820757,
198111.8,
71634.27,
194783.8,
450716.6,
6477.821,
1888181,
0,
2809905,
40809.98,
33887.86,
88606.78,
205525.6,
6381.364,
750816.1,
0,
1126028,
68653.45,
104448.3,
65927.7,
146054.7,
2300.644,
624576,
0,
1011961,
1394076,
122743.2,
816979.6,
3053417,
56657.42,
3.468374e+07,
0,
4.012762e+07,
43913.23,
40912.89,
205272.4,
765268.6,
4894.587,
5177429,
0,
6237691,
119375.8,
5023.545,
242543.6,
284517.8,
22980.4,
2328746,
0,
3003187,
31818.52,
55736.91,
35544.5,
135889,
374.2844,
378916.2,
0,
638279.4,
1925.383,
34206.02,
33100.6,
84484.33,
4063.594,
486725.4,
0,
644505.4,
131367.6,
755494,
97046.86,
236805.5,
15079.77,
1118142,
0,
2353936,
0,
10730.14,
444287.9,
605041.3,
14563.3,
4064559,
0,
5139182,
481567.9,
180162.5,
264427.8,
1370007,
18344.15,
3970853,
0,
6285362,
93504.22,
32296.18,
102836,
448570.4,
13512.41,
2548649,
0,
3239368,
5960602,
818121.9,
755869.5,
3430364,
190860.5,
1.769352e+07,
0,
2.884933e+07,
655317.9,
143624.6,
302975,
1007067,
83455.59,
1.042405e+07,
0,
1.261649e+07,
755111.6,
61034.64,
187696.6,
634629.4,
33571.73,
1503079,
0,
3175123,
609506.4,
59719.43,
121966.9,
565921.8,
16289.57,
3906611,
0,
5280015,
306624.2,
115425.7,
79484.1,
234743,
26264.43,
1468325,
0,
2230867,
267273.2,
43922.77,
87750.95,
453534.6,
5551.821,
1536010,
0,
2394043,
40050.63,
28442.71,
67932.58,
154876.8,
2574.947,
1162853,
0,
1456731,
0,
0,
0,
0,
0,
0,
0,
0,
1.422073e+07,
5914874,
6428686,
2.016053e+07,
698450.1,
1.166114e+08,
0,
1.640347e+08,
2047, 
290011.5,
386563.8,
124299.8,
330125.4,
11463.42,
2209284,
0,
3351748,
1809096,
2444392,
1163292,
3154982,
116858.7,
1.038988e+07,
0,
1.90785e+07,
171396.4,
132618.6,
149684.5,
435384.7,
6007.042,
2003169,
0,
2898260,
56345.38,
4666.048,
68911.98,
191681.7,
12664.58,
1073654,
0,
1407924,
329315.1,
241734.8,
362400.6,
984276.8,
12508.88,
1887628,
0,
3817864,
284133.7,
23778.38,
238505.3,
680676.6,
10908.2,
2155264,
0,
3393266,
78844.19,
21464.03,
171083.7,
233420,
4447.891,
1343627,
0,
1852886,
202186.4,
75090.16,
203069.4,
470371.3,
6656.33,
1954258,
0,
2911632,
41684.01,
35785.21,
92690.85,
215383.7,
6453.521,
773961.1,
0,
1165958,
68783.34,
107507.4,
67569.85,
149692.7,
2318.592,
630283,
0,
1026155,
1393725,
124278.2,
826262.5,
3094334,
56752.95,
3.490196e+07,
0,
4.039731e+07,
43769.76,
41264,
206804.5,
772297.9,
4900.176,
5172137,
0,
6241173,
120189.6,
5142.536,
247286,
290416.1,
23293.45,
2355003,
0,
3041330,
31818.71,
56942.21,
36230.81,
138712.8,
373.0618,
378816.1,
0,
642893.8,
1923.774,
34606.07,
33654.7,
86079.35,
4105.327,
488735.4,
0,
649104.6,
130673.5,
769825.9,
98652.3,
240723,
14971.99,
1112403,
0,
2367250,
0,
11010.7,
453928.3,
618446.4,
14593.51,
4089180,
0,
5187159,
483502.8,
184986.2,
270915.8,
1406824,
18786.05,
4054451,
0,
6419466,
93527.12,
32219.57,
103332.9,
451593.7,
13480.85,
2546196,
0,
3240350,
5943222,
818038.2,
761474.1,
3463299,
191857,
1.77098e+07,
0,
2.888769e+07,
653996.6,
147073.3,
309113.4,
1028346,
83769.19,
1.039233e+07,
0,
1.261463e+07,
753057.4,
62642.17,
191213.5,
647668,
33807.74,
1498796,
0,
3187185,
606144.9,
59914.23,
122207.6,
567595.9,
16292.28,
3918619,
0,
5290774,
308482.2,
117767.4,
80697.7,
238738.9,
26488.13,
1480529,
0,
2252704,
271149.1,
45917.31,
91157.31,
471166.6,
5701.995,
1585972,
0,
2471065,
40872.7,
29866.39,
70615.02,
161315.5,
2646.072,
1214414,
0,
1519729,
0,
0,
0,
0,
0,
0,
0,
0,
1.420785e+07,
6015095,
6545055,
2.052355e+07,
702107,
1.173204e+08,
0,
1.65314e+08,
2048, 
290529,
393977.1,
126505.9,
335984.5,
11470.3,
2209000,
0,
3367467,
1803420,
2484139,
1181362,
3204191,
116832.7,
1.042746e+07,
0,
1.921741e+07,
171911.3,
134767.1,
152163.8,
443744,
6019.525,
2019227,
0,
2927833,
56888.14,
4731.268,
70533.84,
196645.5,
12753.44,
1080692,
0,
1422244,
332384.9,
249892.3,
372433.1,
1011525,
12665.17,
1918601,
0,
3897502,
284713.3,
24023.99,
244242.9,
697051,
11059.89,
2179495,
0,
3440586,
79249.69,
22062.2,
176099.3,
240540,
4536.803,
1364874,
0,
1887362,
206232.3,
78612.56,
211358.8,
490370.3,
6836.391,
2015692,
0,
3009103,
42549.71,
37690.61,
96869.98,
225326.3,
6526.843,
796805,
0,
1205768,
68949.6,
110569.6,
69212.28,
153331.3,
2336.202,
635320.4,
0,
1039719,
1393878,
125799.4,
835595.8,
3135851,
56814.2,
3.510484e+07,
0,
4.065278e+07,
43643.21,
41534.21,
208185.3,
778876.6,
4897.587,
5162982,
0,
6240119,
121074.4,
5262.846,
252001.5,
296373.3,
23567.65,
2379097,
0,
3077377,
31834.48,
58070.97,
36948.93,
141555.2,
371.869,
378947.2,
0,
647728.6,
1923.367,
35037.19,
34267.86,
87836.98,
4145.654,
491187.2,
0,
654398.3,
130080.7,
784292.6,
100271.2,
244673.1,
14859.31,
1107834,
0,
2382011,
0,
11295.06,
464490.5,
633254.8,
14638.04,
4118772,
0,
5242450,
485125.5,
189360.6,
277330.6,
1443903,
19099.8,
4103535,
0,
6518355,
93658.88,
32084.2,
103677.3,
454052.2,
13428.21,
2542502,
0,
3239403,
5934738,
818749.6,
767412.1,
3498103,
192585.4,
1.771857e+07,
0,
2.893016e+07,
653156.9,
150530.9,
315398,
1049689,
84006.23,
1.036643e+07,
0,
1.261921e+07,
751682.8,
64264.64,
194848.9,
661335.6,
34031.52,
1496083,
0,
3202246,
603101.9,
60110.91,
122455.5,
569276.9,
16285.03,
3908091,
0,
5279321,
310501.1,
120120.5,
81891.34,
242709,
26690.77,
1490541,
0,
2272454,
275036.1,
47936.76,
94602.25,
488972.5,
5850.93,
1634828,
0,
2547226,
41684.22,
31309.89,
73369.85,
167970.6,
2718.387,
1255304,
0,
1572357,
0,
0,
0,
0,
0,
0,
0,
0,
1.420795e+07,
6116226,
6663529,
2.089314e+07,
705027.9,
1.179067e+08,
0,
1.664926e+08,
2049, 
291248.7,
397549.4,
128748.3,
341939.9,
11479.89,
2210500,
0,
3381467,
1800449,
2524240,
1198968,
3253876,
116730.4,
1.045599e+07,
0,
1.935026e+07,
172526.4,
137230.6,
154996.4,
453178,
6030.41,
2035027,
0,
2958989,
57448.71,
4796.248,
72153.35,
201649.8,
12830.41,
1086707,
0,
1435586,
335466.7,
258086.7,
382478.9,
1038810,
12803.63,
1942778,
0,
3970424,
285247.3,
24237.13,
250015.6,
713525.9,
11190.49,
2199498,
0,
3483714,
79719.63,
22656.35,
181479.5,
248001.5,
4630.281,
1387471,
0,
1923959,
210280,
82202.77,
219788.1,
510722,
7018.03,
2073586,
0,
3103597,
43438.1,
39605.16,
101152,
235304.8,
6639.89,
823831.1,
0,
1249971,
69163.33,
113639.6,
70857.57,
156976.3,
2352.213,
639958.3,
0,
1052947,
1393971,
127330.4,
845077.8,
3178257,
56796.3,
3.525632e+07,
0,
4.085775e+07,
43560.66,
41750.04,
209454.5,
785106.9,
4900.103,
5162540,
0,
6247312,
122060,
5384.494,
256824.5,
302390.3,
23797.59,
2400919,
0,
3111376,
31868.72,
59116.91,
37694.91,
144416.2,
370.8008,
379351.8,
0,
652819.3,
1923.932,
35493.3,
34936.88,
89597.1,
4182.734,
493680.4,
0,
659814.4,
129566.9,
798892.8,
101903.4,
248655.9,
14746.67,
1104310,
0,
2398076,
0,
11584.03,
475520.8,
648292.7,
14709.16,
4156739,
0,
5306845,
486990.7,
193114.6,
283544.2,
1480509,
19385.3,
4146985,
0,
6610529,
93867.81,
31979.06,
104000.4,
456469,
13358.39,
2538644,
0,
3238319,
5931228,
820529.7,
773864.3,
3535497,
193119.8,
1.772917e+07,
0,
2.898341e+07,
652807.6,
153998,
321831.2,
1071100,
84166.08,
1.034889e+07,
0,
1.26328e+07,
750955.4,
65902.92,
198723.1,
675939.5,
34239.76,
1495067,
0,
3220827,
600754.8,
60357.71,
122744.5,
571094.1,
16264.54,
3891227,
0,
5262443,
312718.2,
122490.6,
83133.65,
246830.8,
26867,
1499198,
0,
2291238,
278968.8,
49982.19,
98083.07,
506963.9,
5994.384,
1682043,
0,
2622035,
42493.08,
32774.5,
76197.49,
174849.7,
2791.998,
1292328,
0,
1621435,
0,
0,
0,
0,
0,
0,
0,
0,
1.421872e+07,
6214926,
6784173,
2.126995e+07,
707396.3,
1.184328e+08,
0,
1.676279e+08,
2050, 
292342.9,
400502.7,
131026,
347989.3,
11495.09,
2214564,
0,
3397920,
1801016,
2564529,
1214970,
3303880,
117166.6,
1.052708e+07,
0,
1.952864e+07,
173267.7,
140076.2,
158293.7,
463994.8,
6042.356,
2052820,
0,
2994494,
58033.35,
4857.704,
73719.04,
206580,
12904.17,
1092452,
0,
1448547,
338623.4,
266320.8,
392543.3,
1066144,
12933.9,
1962145,
0,
4038711,
286219.9,
24446.16,
255827.8,
730113.4,
11325.51,
2215731,
0,
3523664,
80265.59,
23238.8,
187009.7,
255558.9,
4740.746,
1416463,
0,
1967277,
214378.7,
85862.48,
228102.1,
531435.6,
7201.809,
2129294,
0,
3196274,
44362.91,
41530.85,
105462.3,
245331.7,
6804.194,
855309.1,
0,
1298801,
69516.02,
116730,
72511.81,
160641,
2375.422,
646733.5,
0,
1068508,
1395927,
128915.8,
854943.8,
3222308,
56819.1,
3.54081e+07,
0,
4.106701e+07,
43511.64,
41916.98,
210612.5,
790940.2,
4900.596,
5163604,
0,
6255486,
123163.8,
5507.637,
261726.2,
308474.2,
23989.33,
2421675,
0,
3144537,
31925.33,
60054.34,
38447.21,
147298.3,
369.7555,
380083.6,
0,
658178.5,
1925.559,
35934.98,
35620.01,
91349.04,
4218.12,
496383.3,
0,
665430.9,
129129.9,
813622.9,
103548.6,
252670.4,
14627.4,
1101791,
0,
2415390,
0,
11876.88,
486698.2,
663531.2,
14794.68,
4197343,
0,
5374244,
489444.1,
196441.5,
289665,
1517007,
19715.94,
4201700,
0,
6713973,
94089.42,
31929.37,
104353.5,
459063.2,
13280.91,
2534821,
0,
3237537,
5929703,
823464.4,
780865.8,
3575483,
193424.1,
1.772692e+07,
0,
2.902986e+07,
653042.6,
157078.8,
328307,
1092652,
84278.3,
1.034196e+07,
0,
1.265732e+07,
750831.9,
67561.55,
202743.7,
690701.6,
34427.75,
1495425,
0,
3241692,
597863.5,
60677.65,
123073.6,
573091.1,
16225.72,
3871723,
0,
5242655,
315153.2,
124912.7,
84414.48,
251072.7,
27016.62,
1505716,
0,
2308286,
282976.3,
52055.02,
101602.4,
525154.5,
6115.474,
1725094,
0,
2692998,
43311.51,
34263.29,
79107.52,
181962.4,
2867.428,
1328760,
0,
1670273,
0,
0,
0,
0,
0,
0,
0,
0,
1.424003e+07,
6314309,
6905195,
2.165443e+07,
710061.1,
1.190137e+08,
0,
1.688377e+08,
2051, 
294235,
405415.7,
133647.8,
354952.4,
11503.83,
2224945,
0,
3424699,
1803501,
2607108,
1226173,
3355834,
116760,
1.053609e+07,
0,
1.964547e+07,
173728.6,
142865.2,
161133.3,
472937.7,
6046.035,
2065546,
0,
3022257,
58644.06,
4936.955,
75087.59,
210714.2,
12952.71,
1098678,
0,
1461014,
341126.8,
273874,
401735.9,
1091111,
13034.59,
1971828,
0,
4092711,
287003.3,
24695.64,
260230.5,
746282,
11427.7,
2224313,
0,
3553952,
81078.23,
23966.99,
193179,
264169.1,
4831.434,
1441753,
0,
2008977,
219169.1,
90284.34,
236884.8,
554568.9,
7381.19,
2193105,
0,
3301393,
45411,
43725.29,
110140.4,
256486,
6924.628,
885202.9,
0,
1347890,
69995.17,
120296.3,
74186.36,
164743.2,
2391.498,
653049.7,
0,
1084662,
1398237,
130171.5,
863704.4,
3258773,
56716.23,
3.549961e+07,
0,
4.120721e+07,
43403.8,
41862.08,
210759.5,
792288.1,
4886.881,
5141465,
0,
6234665,
123970.7,
5607.87,
264887.1,
313510.8,
24092.31,
2426452,
0,
3158521,
31885.09,
60684.3,
38938.88,
149543.1,
368.4638,
379198.5,
0,
660618.3,
1936.097,
36656.75,
36415.93,
93659.41,
4242.032,
502090.7,
0,
675000.9,
128727.6,
828340.4,
105184.5,
256662.1,
14491.89,
1099376,
0,
2432782,
0,
12166.24,
497645.9,
678456.6,
14822.84,
4224731,
0,
5427822,
491878.9,
200067.4,
295015.5,
1547689,
19934.47,
4236147,
0,
6790733,
93884.44,
31807.25,
104092.4,
458509.7,
13171.01,
2516111,
0,
3217576,
5915036,
825679.8,
784321.9,
3595569,
193048.3,
1.765489e+07,
0,
2.896854e+07,
653741.3,
159558.7,
333711.2,
1114885,
84200.72,
1.034318e+07,
0,
1.268928e+07,
750126,
69129.44,
206023.6,
703651.9,
34534.88,
1493854,
0,
3257320,
594256.9,
60759.31,
123125,
573728.3,
16153.81,
3840111,
0,
5208135,
318827.6,
128209.6,
85893.68,
255739.7,
27107.37,
1517300,
0,
2333078,
287341.1,
54302.05,
105350.6,
544527.7,
6206.529,
1759083,
0,
2756811,
44195.55,
35848.26,
82089.58,
189133,
2941.352,
1367477,
0,
1721685,
0,
0,
0,
0,
0,
0,
0,
0,
1.425134e+07,
6418020,
7009559,
2.199813e+07,
710172.8,
1.192956e+08,
0,
1.696828e+08,
2052, 
296402.2,
409534.2,
135557.3,
362019.2,
11518.44,
2237582,
0,
3452614,
1808290,
2622046,
1234692,
3394157,
116890.4,
1.058097e+07,
0,
1.975705e+07,
174411.1,
145496.5,
164098,
482146.9,
6072.116,
2086059,
0,
3058284,
59308.27,
5016.505,
76366.3,
214566.7,
13010.93,
1106034,
0,
1474302,
343912,
281411.9,
408426.7,
1115981,
13133.75,
1980586,
0,
4143451,
288237.6,
24951.56,
263977.8,
762549.8,
11508.18,
2231389,
0,
3582614,
82001.97,
24635.85,
199074.6,
272860.7,
4933.725,
1471280,
0,
2054787,
224555.2,
94789.9,
245465.4,
575583.7,
7560.231,
2255349,
0,
3403304,
46531.48,
45943.72,
114689,
267734.8,
7115.257,
913318.9,
0,
1395333,
70568.84,
123894.4,
75716.13,
168871.5,
2410.664,
659960.9,
0,
1101422,
1402432,
131274.4,
871876.6,
3292504,
56681.46,
3.550006e+07,
0,
4.125483e+07,
43348.78,
41783.14,
210837.9,
793225.3,
4884.277,
5131873,
0,
6225953,
124935.2,
5709.133,
268232.8,
317992.7,
24162.31,
2429870,
0,
3170902,
31881.71,
61223.48,
39410.7,
151782.2,
367.4477,
378867.2,
0,
663532.8,
1948.305,
37275.01,
37127.52,
95834.13,
4266.867,
508416,
0,
684867.8,
128463.4,
839178.6,
106832.9,
260684.6,
14359.85,
1098506,
0,
2448025,
0,
12429.78,
508730.5,
693568.6,
14928.36,
4273959,
0,
5503616,
495029.1,
203333.1,
300177.4,
1576982,
20214.16,
4282870,
0,
6878605,
93642.96,
31718.3,
103848.9,
457976.8,
13062.41,
2498962,
0,
3199211,
5903031,
829113.4,
788032.1,
3615924,
192644.1,
1.758914e+07,
0,
2.891788e+07,
655046.3,
161339,
338643.3,
1137316,
84148.35,
1.035789e+07,
0,
1.273438e+07,
750240,
70707.89,
209199.5,
715433.6,
34650.56,
1494500,
0,
3274732,
591942.9,
60917.39,
123227.4,
574538.2,
16081.04,
3809204,
0,
5175911,
322722.7,
131554,
87375.62,
260358.9,
27187.81,
1527308,
0,
2356507,
291932,
56498.22,
108706.6,
564030.5,
6291.278,
1790726,
0,
2818185,
45221.86,
37182.4,
84982.7,
196093.9,
3016.176,
1405295,
0,
1771792,
0,
0,
0,
0,
0,
0,
0,
0,
1.427604e+07,
6488958,
7105306,
2.232072e+07,
711100.1,
1.196e+08,
0,
1.705021e+08,
2053, 
298832.9,
413922,
137249.9,
369189.6,
11538.92,
2252443,
0,
3483177,
1814498,
2624623,
1241395,
3416373,
116942.1,
1.063248e+07,
0,
1.984631e+07,
175296.5,
148062.8,
166931.4,
490832.4,
6102.095,
2109411,
0,
3096636,
60025.8,
5094.368,
77513.55,
218007.7,
13079.84,
1114556,
0,
1488278,
346985.6,
288941.5,
414194,
1140780,
13231.95,
1989436,
0,
4193569,
289749.1,
25196.89,
267095.2,
776364.3,
11589.87,
2238632,
0,
3608627,
83034.89,
25306.22,
204683.3,
281467.8,
5036.941,
1500681,
0,
2100210,
230200.7,
98610.09,
253815.1,
595937.3,
7739.934,
2315946,
0,
3502249,
47646.56,
48187.69,
119146.2,
279088,
7254.304,
940577.2,
0,
1441900,
71194.69,
126544.3,
77208.63,
173004.4,
2429.458,
668002,
0,
1118384,
1407315,
132359.2,
879325.3,
3322791,
56635.75,
3.548148e+07,
0,
4.12799e+07,
43323.7,
41753.52,
210879.4,
793826.8,
4878.693,
5122200,
0,
6216862,
126037.1,
5811.442,
271389.2,
321887.3,
24213.57,
2432873,
0,
3182211,
31915.1,
61819.33,
39867.79,
153927.2,
366.7138,
379095.9,
0,
666991.9,
1961.554,
37906.54,
37819.91,
97701.51,
4292.75,
515323.8,
0,
695006.1,
128360.3,
836800.2,
107948,
264738.3,
14233.1,
1099322,
0,
2451403,
0,
12614.72,
519953.9,
708869.9,
15036.89,
4322347,
0,
5578823,
498366.8,
206837.4,
305273.1,
1605358,
20453.94,
4319783,
0,
6956073,
93389.75,
31653.55,
103622.4,
457435.8,
12956.38,
2484156,
0,
3183214,
5894018,
833320.1,
791628,
3634693,
192207.1,
1.753057e+07,
0,
2.887644e+07,
656880,
162879.5,
342611.1,
1154399,
84122.06,
1.038457e+07,
0,
1.278547e+07,
751285.4,
72297.25,
212198,
726385.3,
34778.66,
1497249,
0,
3294194,
589868.6,
61103.02,
123337.6,
575379.3,
16011.93,
3780488,
0,
5146188,
326798.8,
134946.3,
88875.85,
264961.1,
27268.19,
1538227,
0,
2381077,
296745.8,
57946.46,
111580.7,
583677,
6375.646,
1821716,
0,
2878041,
46173.82,
38498.73,
87758.23,
202726.2,
3093.482,
1442119,
0,
1820369,
0,
0,
0,
0,
0,
0,
0,
0,
1.43099e+07,
6533036,
7193300,
2.26098e+07,
711870.3,
1.199137e+08,
0,
1.712716e+08,
2054, 
301493.8,
418190.7,
138650.4,
374008.1,
11564.68,
2269327,
0,
3513235,
1821474,
2629645,
1246447,
3432670,
116880.2,
1.069764e+07,
0,
1.994476e+07,
176371.7,
150410.7,
169447,
498404.2,
6135.751,
2135686,
0,
3136455,
60795.9,
5173.369,
78558.54,
221085.4,
13161.08,
1124316,
0,
1503091,
350318.3,
296469.3,
419155.2,
1157680,
13321.49,
1999091,
0,
4236035,
291504.7,
25429.91,
269561.4,
784233.6,
11674.82,
2247134,
0,
3629539,
84172.19,
25963.32,
209802,
288728.5,
5140.237,
1529340,
0,
2143146,
235948.5,
102028.9,
261919.4,
615561.3,
7921.413,
2374855,
0,
3598235,
48793.39,
50458.66,
123456,
289766.3,
7409.275,
970902.1,
0,
1490786,
71861.32,
129052.3,
78626.45,
176246.1,
2448.739,
677142.9,
0,
1135378,
1412646,
133392,
885891.9,
3348831,
56573.39,
3.548422e+07,
0,
4.132156e+07,
43323.88,
41738.88,
210783.5,
793718.6,
4868.223,
5111579,
0,
6206012,
127264.3,
5914.812,
274179.1,
325244.3,
24250.31,
2436262,
0,
3193115,
31980.25,
62437.66,
40279.2,
155507,
366.2587,
379818.8,
0,
670389.2,
1975.66,
38615.27,
38531.04,
99573.1,
4320.017,
522843.4,
0,
705858.5,
128414,
834356.8,
108170.1,
268157.7,
14111.01,
1101748,
0,
2454957,
0,
12790.87,
531317.9,
724362.8,
15141.79,
4369645,
0,
5653259,
502373.8,
210789.8,
310498.8,
1633725,
20749.06,
4367040,
0,
7045177,
93145.04,
31574.19,
103341.8,
456540.7,
12854.21,
2471782,
0,
3169238,
5888483,
837928,
794836.4,
3650350,
191757.1,
1.748343e+07,
0,
2.884678e+07,
659124.3,
164147.1,
345473.7,
1164955,
84115.47,
1.042128e+07,
0,
1.28391e+07,
753246,
73626.51,
214892.5,
735996.3,
34920.5,
1501974,
0,
3314656,
587867.5,
61291.97,
123432.3,
576166.1,
15947.38,
3754386,
0,
5119092,
331045.9,
138387.1,
90361.72,
269438.1,
27354.24,
1550303,
0,
2406890,
301807.1,
59351.82,
114156.3,
597832.2,
6463.252,
1853353,
0,
2932963,
47220.01,
39806.29,
90402.03,
209008.9,
3170.9,
1477918,
0,
1867526,
0,
0,
0,
0,
0,
0,
0,
0,
1.435265e+07,
6578971,
7272172,
2.284779e+07,
712620.9,
1.20313e+08,
0,
1.720772e+08,
2055, 
304262.9,
422401.8,
139880,
377422.8,
11594.55,
2287606,
0,
3543168,
1828946,
2638838,
1251349,
3447056,
117017.5,
1.07618e+07,
0,
2.004501e+07,
177631.8,
152548.6,
171632.1,
504809.6,
6190.579,
2168533,
0,
3181346,
61615.82,
5256.476,
79582.94,
224022.5,
13255.69,
1135277,
0,
1519011,
353870.9,
304001.2,
423686.5,
1170427,
13380.91,
2009780,
0,
4275147,
293588.9,
25644.36,
271554.5,
790434.7,
11764.13,
2258333,
0,
3651319,
85405.3,
26611.63,
214449.9,
295161.9,
5243.849,
1558121,
0,
2184994,
241774.5,
105492.1,
269878.3,
634704.7,
8103.444,
2431375,
0,
3691328,
49964.23,
52757.95,
127655,
299544.6,
7577.537,
1004115,
0,
1541614,
72590.14,
131523.2,
79951.53,
179210.5,
2470.768,
683194,
0,
1148940,
1419121,
134419.8,
892065.4,
3372499,
56541.19,
3.551747e+07,
0,
4.139211e+07,
43359.98,
41742.64,
210641.5,
793306.3,
4861.189,
5106348,
0,
6200260,
128619,
6019.255,
276885.3,
328411.1,
24283.1,
2441030,
0,
3205247,
32071.87,
63059.73,
40633.29,
156817.9,
366.1062,
380963.8,
0,
673912.7,
1990.76,
39390.64,
39262.83,
101451.8,
4350.295,
531051.7,
0,
717498.1,
128613.3,
832756.8,
108186.2,
268337.3,
13993.96,
1105616,
0,
2457503,
0,
12954.77,
541085.7,
740050.3,
15318.82,
4421850,
0,
5731259,
506590.3,
215131.8,
315849.1,
1662020,
21026.76,
4410038,
0,
7130656,
92936,
31471.77,
103001.4,
455273.6,
12757.07,
2461622,
0,
3157062,
5887113,
842753.8,
797754,
3663359,
191277.5,
1.741975e+07,
0,
2.880201e+07,
661749.9,
165326,
347748.5,
1173061,
84122.78,
1.046681e+07,
0,
1.289881e+07,
756064,
74519.49,
217339.8,
744402.7,
35076.68,
1508434,
0,
3335836,
585926.9,
61518.38,
123559.6,
577107.4,
15888.86,
3731701,
0,
5095702,
335496.1,
141877,
91742.02,
273525.4,
27453.52,
1564060,
0,
2434154,
307120.8,
60697.98,
116463,
610136.2,
6556.447,
1886274,
0,
2987248,
48300.16,
41111.17,
92974.28,
215065.5,
3248.827,
1512663,
0,
1913363,
0,
0,
0,
0,
0,
0,
0,
0,
1.440472e+07,
6629826,
7344812,
2.305762e+07,
713722.1,
1.207638e+08,
0,
1.729145e+08,
2056, 
307111.2,
426681,
141107.4,
380831.5,
11626.2,
2307240,
0,
3574597,
1836796,
2652130,
1257495,
3464657,
117499.3,
1.080958e+07,
0,
2.013816e+07,
179000.4,
154619.9,
173669.5,
510769.5,
6286.491,
2211258,
0,
3235603,
62501.68,
5351.689,
80722.68,
227263.9,
13351.98,
1148318,
0,
1537510,
357716.3,
308529.4,
428384.8,
1183607,
13428.61,
2022859,
0,
4314525,
295958.4,
25850.16,
273393.9,
796218.8,
11846.57,
2272210,
0,
3675477,
86814.59,
27320.84,
219327.1,
301891,
5335.185,
1590155,
0,
2230843,
248532,
109609.1,
278994.3,
656568.9,
8279.835,
2495471,
0,
3797455,
51317.93,
55424,
132469,
310737.1,
7759.782,
1045632,
0,
1603339,
73455.88,
134027.8,
81250.72,
182111.6,
2495.232,
690693.3,
0,
1164035,
1426339,
135404.1,
897957.6,
3394920,
56513.69,
3.557764e+07,
0,
4.148878e+07,
43411.48,
41746.99,
210478.6,
792851.7,
4854.342,
5102313,
0,
6195656,
129907.8,
6080.667,
279242.8,
331139.8,
24292.13,
2444939,
0,
3215602,
32202.02,
63777.27,
41007.39,
158206,
366.2949,
382737.1,
0,
678296.1,
2007.292,
40254.11,
40043.34,
103439.5,
4376.868,
536523.9,
0,
726645.1,
129026.5,
830800.1,
108041.1,
268168.8,
13878.08,
1111839,
0,
2461754,
0,
13106.85,
548141.4,
751489.9,
15427.69,
4466097,
0,
5794263,
511246.7,
219838.2,
321461.8,
1691445,
21308.65,
4458982,
0,
7224283,
92659.29,
31302.84,
102479.6,
453145.7,
12623.6,
2450752,
0,
3142963,
5885870,
846828.4,
800008.9,
3672944,
190671.9,
1.734389e+07,
0,
2.874022e+07,
664402.2,
166487,
349855,
1180564,
84062.72,
1.051615e+07,
0,
1.296152e+07,
759352.6,
75431.71,
219663.3,
752332.2,
35220.26,
1516192,
0,
3358192,
584298.8,
61743.56,
123695.8,
578117.7,
15837.45,
3711844,
0,
5075538,
340167.8,
145477.8,
93097.58,
277524.6,
27555.07,
1580024,
0,
2463846,
313250.7,
62268.45,
119017.8,
623745.1,
6650.398,
1926165,
0,
3051097,
49562.83,
42660.16,
95942.07,
222036.9,
3324.265,
1553090,
0,
1966616,
0,
0,
0,
0,
0,
0,
0,
0,
1.446291e+07,
6682752,
7416949,
2.326673e+07,
714872.6,
1.212726e+08,
0,
1.738168e+08,
2057, 
310209.5,
430772.5,
142277.2,
384094.2,
11662.24,
2329034,
0,
3608050,
1846136,
2668135,
1264536,
3484500,
117858.7,
1.086558e+07,
0,
2.024675e+07,
180520,
156619.2,
175587.1,
516379.4,
6383.055,
2254317,
0,
3289806,
63445.6,
5447.887,
81870.54,
230517.3,
13456.92,
1162313,
0,
1557051,
361832.9,
312785.4,
432803.6,
1196036,
13477.07,
2037507,
0,
4354442,
298528,
26018.87,
274914.8,
801133.4,
11936.09,
2287577,
0,
3700108,
88291.19,
28007.68,
224015.1,
308361.6,
5430.514,
1624458,
0,
2278565,
255400.1,
113780.4,
288152.2,
678514.7,
8456.061,
2557473,
0,
3901777,
52675.8,
58118.76,
137235.2,
321825.8,
7930.881,
1083227,
0,
1661014,
74341.69,
136295.7,
82417.23,
184723.2,
2520.149,
699019.2,
0,
1179317,
1434396,
136379.6,
903787.9,
3416952,
56500.84,
3.567463e+07,
0,
4.162265e+07,
43496.11,
41746.95,
210284.9,
792331.4,
4845.574,
5101231,
0,
6193936,
131348.3,
6120.257,
280913.3,
333081.9,
24304.06,
2451269,
0,
3227037,
32352.7,
64417.1,
41321.14,
159379.9,
366.7519,
384809.4,
0,
682647.1,
2026.395,
41196.54,
40875.09,
105542.8,
4405.864,
542601.8,
0,
736648.4,
129562.9,
827845.2,
107727.4,
267613.4,
13765.65,
1119277,
0,
2465792,
0,
13247.28,
554363.6,
760016.3,
15540.6,
4512679,
0,
5855847,
516540.1,
224688,
327179,
1721207,
21631.05,
4516805,
0,
7328050,
92471.34,
31116.86,
101913,
450766.7,
12487.11,
2439783,
0,
3128538,
5890804,
850391.1,
801937.3,
3680766,
190112.7,
1.728617e+07,
0,
2.870018e+07,
667470.2,
167554.8,
351764.5,
1187429,
83997.84,
1.05732e+07,
0,
1.303142e+07,
763341.3,
76241.43,
221668.4,
759221.9,
35367.3,
1525403,
0,
3381244,
582955.8,
61988.42,
123883.2,
579375.9,
15793.79,
3696177,
0,
5060174,
345254.8,
148491.3,
94430.3,
281444,
27672.69,
1598072,
0,
2495365,
319618.4,
63824.84,
121519.7,
637080.9,
6751.825,
1968082,
0,
3116878,
50868.44,
44227.52,
98931.22,
229056.4,
3400.274,
1592461,
0,
2018945,
0,
0,
0,
0,
0,
0,
0,
0,
1.453389e+07,
6735458,
7486309,
2.346735e+07,
716055.6,
1.218832e+08,
0,
1.748222e+08,
2058, 
313539.4,
434888.9,
143445.4,
387349.9,
11703.33,
2352828,
0,
3643755,
1856884,
2687137,
1272634,
3507035,
118094.2,
1.092531e+07,
0,
2.036709e+07,
182144.7,
158661.7,
177495,
521954.2,
6459.739,
2297723,
0,
3344438,
64448.88,
5544.966,
83026.24,
233783.6,
13567.76,
1177176,
0,
1577547,
366222.7,
316923.9,
437074.2,
1208051,
13528.74,
2053728,
0,
4395529,
301258.3,
26191.16,
276436.3,
806023.2,
12030.34,
2303733,
0,
3725673,
89824,
28681.63,
228559,
314642.3,
5531.09,
1657748,
0,
2324986,
262111.3,
117980.7,
297330.1,
700473.8,
8625.927,
2617239,
0,
4003761,
54039.72,
60844.01,
141867.6,
332629.4,
8086.938,
1115700,
0,
1713168,
75229.23,
138426.8,
83489.25,
187132.2,
2545.651,
707993.9,
0,
1194817,
1443190,
137418.6,
909902.3,
3439891,
56480.79,
3.580422e+07,
0,
4.17911e+07,
43612.64,
41756.95,
210122.1,
791963.6,
4836.23,
5105509,
0,
6197800,
132953,
6153.935,
282372,
334773.6,
24317.47,
2460195,
0,
3240765,
32521.16,
64979.94,
41581.02,
160366.1,
367.54,
387139.2,
0,
686955,
2048.774,
42143.95,
41703.13,
107631,
4437.209,
549287.6,
0,
747251.6,
130198.1,
824753,
107370.2,
266946.8,
13657.89,
1127693,
0,
2470620,
0,
13379.1,
559902.1,
767679.6,
15655.12,
4563837,
0,
5920453,
522033.4,
229491.4,
332816.9,
1750401,
21955.11,
4577375,
0,
7434072,
92355.33,
30916.68,
101299.2,
448132.8,
12355.14,
2428950,
0,
3114009,
5899607,
853411.9,
803484.4,
3686675,
189231,
1.7244e+07,
0,
2.867641e+07,
671006,
168709.7,
353774.2,
1194587,
83934.28,
1.063812e+07,
0,
1.311013e+07,
767858.3,
77060.46,
223634,
765979.4,
35513.14,
1535687,
0,
3405732,
582066,
62284.15,
124159,
581052.8,
15762.81,
3685323,
0,
5050648,
350814.9,
150658.5,
95688.73,
285146.3,
27815.63,
1618774,
0,
2528898,
326202.2,
65436.04,
124079.3,
650680.2,
6862.046,
2011731,
0,
3184991,
52152.1,
45824.46,
101963.7,
236170.9,
3478.944,
1631210,
0,
2070800,
0,
0,
0,
0,
0,
0,
0,
0,
1.461432e+07,
6789660,
7555210,
2.366715e+07,
716834.1,
1.225782e+08,
0,
1.759214e+08,
2059, 
317097.7,
439004.4,
144606.7,
390586.5,
11748.58,
2378509,
0,
3681553,
1869068,
2718708,
1285275,
3541235,
118619.8,
1.098661e+07,
0,
2.051951e+07,
183914.2,
160767.4,
179420.3,
527594.9,
6553.408,
2329906,
0,
3388157,
65509.85,
5643.931,
84202.83,
237097.7,
13684.91,
1192957,
0,
1599096,
370886.5,
320929.9,
441184.9,
1219627,
13584.11,
2071338,
0,
4437550,
304203.7,
26376.8,
278041.6,
811113.9,
12124.8,
2320289,
0,
3752150,
91411.7,
29350.47,
233019.1,
320815.7,
5634.773,
1692952,
0,
2373184,
269189.6,
122252.9,
306627.8,
722667.6,
8798.822,
2675048,
0,
4104585,
55429.15,
63566.96,
146521.7,
343481.1,
8224.561,
1142735,
0,
1759958,
76180.02,
140446.8,
84478.83,
189367.4,
2570.632,
717479.4,
0,
1210523,
1453265,
138453.6,
915947.1,
3462494,
56420.84,
3.596099e+07,
0,
4.198757e+07,
43762.14,
41800.42,
210085.3,
792084.9,
4831.747,
5116186,
0,
6208751,
134712.9,
6192.458,
283973.6,
336616.4,
24328.25,
2471154,
0,
3256977,
32708.21,
65512.59,
41815.88,
161266.4,
368.7072,
389724.8,
0,
691396.6,
2074.667,
43038.04,
42482.77,
109599.1,
4471.912,
556521.3,
0,
758187.8,
130920.3,
822062.8,
107037.1,
266322.9,
13557.32,
1136977,
0,
2476878,
0,
13502.17,
564928.2,
774730.6,
15785.09,
4618656,
0,
5987602,
528294.8,
234154.3,
338280.6,
1778590,
22311.83,
4639356,
0,
7540987,
92306.22,
30722.96,
100683.2,
445458.2,
12227.5,
2419420,
0,
3100818,
5913541,
856316.7,
804908.6,
3691887,
188310.8,
1.72127e+07,
0,
2.866766e+07,
675075.8,
169930.2,
355860.6,
1201973,
83872.28,
1.071143e+07,
0,
1.319814e+07,
772833.9,
77935.16,
225695.3,
773032.3,
35664.05,
1547006,
0,
3432166,
581696.9,
62582.66,
124481.2,
582922.8,
15744.86,
3679311,
0,
5046739,
356884.5,
152795.8,
96921.96,
288774.7,
27983.54,
1642253,
0,
2565613,
333001.5,
67116.98,
126725.4,
664685.3,
6978.129,
2056503,
0,
3255011,
53483.14,
47445.08,
105040.6,
243370.5,
3557.883,
1669769,
0,
2122667,
0,
0,
0,
0,
0,
0,
0,
0,
1.470745e+07,
6856610,
7628247,
2.387739e+07,
717959.1,
1.233358e+08,
0,
1.771234e+08,
2060, 
320876.3,
443248.2,
145796.9,
393890.8,
11791.91,
2405990,
0,
3721595,
1882393,
2749035,
1297484,
3574287,
119030.4,
1.104718e+07,
0,
2.066941e+07,
185785.8,
162942.6,
181391.1,
533358.7,
6600.393,
2356203,
0,
3426281,
66629.49,
5744.014,
85391.73,
240437.6,
13803.98,
1209556,
0,
1621563,
375826,
324685.2,
445017.4,
1230473,
13641.13,
2090043,
0,
4479685,
307308.3,
26584.61,
279811.2,
816615.6,
12221.7,
2336485,
0,
3779026,
93054.48,
30019.35,
237445.9,
326946,
5741.238,
1728382,
0,
2421589,
276249,
126788.5,
316390.9,
745881.8,
8968.662,
2732171,
0,
4206450,
56861.08,
65946.91,
151132.3,
354228.8,
8364.436,
1168072,
0,
1804606,
77143.66,
142531.2,
85475.04,
191616.1,
2598.671,
727359.9,
0,
1226725,
1464080,
139416.7,
921545.9,
3483453,
56370.63,
3.613629e+07,
0,
4.220116e+07,
43936.01,
41856.96,
210107.3,
792411.9,
4825.139,
5109382,
0,
6202519,
136488.8,
6226.959,
285402,
338267.5,
24331.76,
2483384,
0,
3274101,
32914.19,
66058.77,
42051.39,
162170,
370.269,
392562,
0,
696126.7,
2103.988,
43932.86,
43252.93,
111544.3,
4509.042,
564212.9,
0,
769556,
131731.8,
820567.1,
106816.9,
265948.3,
13465.59,
1147171,
0,
2485701,
0,
13622.97,
569755.1,
781554,
15918.25,
4676233,
0,
6057084,
534540.9,
238597,
343482.4,
1805383,
22642.71,
4691861,
0,
7636507,
92320.58,
30540.38,
100077.6,
442813.6,
12103.09,
2410949,
0,
3088804,
5931881,
858996.1,
806102.8,
3696014,
187357.7,
1.718908e+07,
0,
2.866943e+07,
679627.3,
171231.5,
358053.8,
1209684,
83806.64,
1.079241e+07,
0,
1.329482e+07,
778263.9,
78807.75,
227734,
780006.7,
35819.49,
1559250,
0,
3459882,
581798.3,
62868.32,
124831.1,
584885,
15737.3,
3677266,
0,
5047387,
363495.5,
154724.1,
98041.63,
292091.6,
28168.7,
1668091,
0,
2604612,
340022.7,
68900.68,
129511,
679350.5,
7103.819,
2102119,
0,
3327008,
54863.67,
49103.39,
108188,
250706.5,
3639.022,
1708568,
0,
2175069,
0,
0,
0,
0,
0,
0,
0,
0,
1.48102e+07,
6922978,
7700290,
2.408402e+07,
718931.7,
1.241103e+08,
0,
1.783467e+08,
2061, 
324961.4,
447846.1,
147066.7,
397401.4,
11835.5,
2436185,
0,
3765296,
1896926,
2783194,
1311078,
3610813,
119382.1,
1.110955e+07,
0,
2.083095e+07,
187721.3,
165134.8,
183335.3,
539071.1,
6655.718,
2382681,
0,
3464599,
67837.52,
5851.99,
86651.29,
243971.1,
13914.73,
1228001,
0,
1646228,
381099.4,
328540.4,
448838.1,
1241320,
13689.64,
2110375,
0,
4523863,
310573.4,
26830.86,
281824.3,
822769.6,
12311.24,
2353851,
0,
3808160,
94807.36,
30752.82,
242154.2,
333464.1,
5840.643,
1765364,
0,
2472383,
284378.9,
132318.9,
327947.5,
773207.3,
9138.34,
2799651,
0,
4326642,
58490.5,
68709.51,
156338.9,
366362.4,
8494.838,
1196413,
0,
1854809,
78163.05,
144954.3,
86591.69,
194120.7,
2626.075,
738066.5,
0,
1244522,
1475317,
140419,
927204.1,
3504608,
56314.08,
3.631962e+07,
0,
4.242348e+07,
44093.69,
41918.3,
210151.1,
792793.5,
4817.851,
5104569,
0,
6198344,
138111,
6248.378,
286272.6,
339276.4,
24306.12,
2493330,
0,
3287545,
33148,
66573.88,
42267.25,
163008.9,
372.2314,
395784.9,
0,
701155.1,
2135.841,
44879.62,
44040.49,
113535.6,
4543.624,
572544.5,
0,
781679.6,
132630.7,
821526.3,
106834.8,
266122,
13378.95,
1158427,
0,
2498919,
0,
13743.32,
574294.3,
788001.9,
16029.27,
4733406,
0,
6125475,
540990.8,
242863.5,
348378.1,
1830605,
22937.58,
4745515,
0,
7731290,
92261.28,
30366.3,
99464.69,
440131.8,
11975.33,
2402470,
0,
3076670,
5950099,
861132.8,
806753.3,
3697661,
186317,
1.716187e+07,
0,
2.866384e+07,
684321.1,
172568.1,
360211.8,
1217252,
83675.88,
1.08771e+07,
0,
1.339513e+07,
783685.1,
79626.69,
229598.4,
786392.6,
35955.24,
1571632,
0,
3486890,
582004.3,
63063.54,
125086.9,
586345.2,
15731.19,
3676216,
0,
5048447,
370658,
156832.9,
99218.04,
295573.8,
28352.2,
1696188,
0,
2646823,
347796.8,
71017.7,
132725.2,
696202.6,
7230.584,
2153684,
0,
3408656,
56393.66,
51091.19,
111856.3,
259212.6,
3720.552,
1754790,
0,
2237065,
0,
0,
0,
0,
0,
0,
0,
0,
1.49186e+07,
6998006,
7776184,
2.429922e+07,
719546.5,
1.249373e+08,
0,
1.796489e+08,
2062, 
329210.7,
452604.8,
148377.5,
401008.5,
11881.54,
2467936,
0,
3811019,
1912672,
2821109,
1326031,
3650705,
119803.7,
1.117549e+07,
0,
2.100581e+07,
189775.3,
167334.8,
185290.4,
544816.6,
6724.09,
2409712,
0,
3503653,
69032.91,
5960.003,
87908.45,
247492.5,
14026.03,
1247123,
0,
1671543,
386385.4,
332277.2,
452511.1,
1251766,
13739.73,
2130584,
0,
4567264,
313972.5,
27110.93,
284103.3,
829623.4,
12406.06,
2372924,
0,
3840140,
96603.13,
31502.49,
246936.2,
340072.7,
5940.106,
1800712,
0,
2521766,
292460.5,
138093.5,
339984.3,
801500.8,
9309.258,
2866901,
0,
4448250,
60163.33,
71448.68,
161496.8,
378361.5,
8647.186,
1227503,
0,
1907621,
79218.48,
147696.2,
87839.39,
196896.4,
2655.484,
749310.1,
0,
1263616,
1486723,
141473.8,
933066.4,
3526515,
56267.97,
3.651258e+07,
0,
4.265663e+07,
44272.92,
42027,
210394.9,
793875.8,
4812.604,
5102977,
0,
6198360,
139747.3,
6271.299,
287158.9,
340310.4,
24279.41,
2504112,
0,
3301880,
33399.77,
67103.56,
42488.14,
163864,
374.6581,
399226,
0,
706456.1,
2168.758,
45852.87,
44840.59,
115556.3,
4579.832,
581108.4,
0,
794106.8,
133592.5,
823975.3,
107007.1,
266649.3,
13302.85,
1170360,
0,
2514887,
0,
13871.42,
579021.4,
794691.5,
16143.83,
4791511,
0,
6195239,
547695.9,
246958.7,
353050,
1854694,
23236.57,
4800664,
0,
7826299,
92178.45,
30204.67,
98870.3,
437528.8,
11849.79,
2394456,
0,
3065088,
5968388,
863379.9,
807373.5,
3699198,
185257.8,
1.713728e+07,
0,
2.866087e+07,
689462.7,
173957,
362437.2,
1225029,
83549.98,
1.096875e+07,
0,
1.350319e+07,
789500.7,
80542.05,
231667.9,
793417.9,
36103.22,
1584824,
0,
3516056,
582425.4,
63181.25,
125265.3,
587380.9,
15728.17,
3676807,
0,
5050788,
377961.8,
159077.3,
100446,
299205.7,
28545.18,
1725736,
0,
2690972,
355735.6,
73214.29,
136042.7,
713533.1,
7367.481,
2205971,
0,
3491865,
57972.98,
53100.9,
115572.9,
267786.8,
3805.502,
1801546,
0,
2299786,
0,
0,
0,
0,
0,
0,
0,
0,
1.503072e+07,
7079329,
7855182,
2.452148e+07,
720338,
1.258061e+08,
0,
1.810132e+08,
2063, 
333589.4,
457350.2,
149685,
404601.8,
11929.34,
2501163,
0,
3858319,
1929730,
2861977,
1342037,
3693160,
120250.4,
1.124522e+07,
0,
2.119237e+07,
191934.7,
169497.5,
187226.2,
550494.1,
6793.14,
2437101,
0,
3543046,
70203.13,
6065.924,
89138.52,
250935.6,
14136.08,
1266795,
0,
1697275,
391827.2,
335942.8,
456086.8,
1261939,
13791.63,
2150428,
0,
4610016,
317457.3,
27408.99,
286523.6,
836843.8,
12503.71,
2393465,
0,
3874203,
98436,
32271.97,
251819.1,
346805.4,
6041.671,
1835643,
0,
2571018,
300693.4,
144093,
352490.3,
830695.6,
9484.366,
2934976,
0,
4572433,
61878.33,
74163.74,
166601.7,
390220.4,
8819.834,
1261556,
0,
1963240,
80301.25,
150639.1,
89167.68,
199832.9,
2686.611,
760981.3,
0,
1283609,
1498273,
142455,
938470.1,
3546816,
56225.13,
3.671116e+07,
0,
4.28934e+07,
44471.23,
42149.38,
210708.9,
795184.2,
4807.567,
5103656,
0,
6200977,
141397.9,
6296.264,
288085.2,
341397.1,
24244.02,
2515175,
0,
3316596,
33669.22,
67644.3,
42713.07,
164731.3,
377.5043,
402860,
0,
711995.4,
2201.909,
46865.36,
45664.18,
117631.6,
4616.397,
589619.6,
0,
806599.1,
134597.3,
827547.9,
107296.8,
267446.9,
13235.45,
1182782,
0,
2532906,
0,
14017.28,
584269.6,
802036.3,
16262.81,
4850692,
0,
6267278,
554591.8,
251124.2,
357755.6,
1878945,
23531.85,
4856933,
0,
7922882,
92086.4,
30052.46,
98289.41,
434984.1,
11726.18,
2386916,
0,
3054054,
5986482,
865614.4,
807868.9,
3700261,
184163.9,
1.711289e+07,
0,
2.865728e+07,
695060.7,
175468,
364850.2,
1233386,
83429.55,
1.106728e+07,
0,
1.361947e+07,
795697.1,
81376.97,
233554.4,
799846.4,
36258.56,
1598766,
0,
3545499,
582896.1,
63224.87,
125340.4,
587898.8,
15720.14,
3676480,
0,
5051561,
385354.2,
161498.9,
101747.7,
303048.6,
28732.19,
1755407,
0,
2735789,
363830.8,
75438.7,
139388.2,
730981.9,
7513.744,
2258765,
0,
3575918,
59564.88,
55121.14,
119319.8,
276386.6,
3893.566,
1848814,
0,
2363100,
0,
0,
0,
0,
0,
0,
0,
0,
1.514623e+07,
7165305,
7936099,
2.474651e+07,
721175.3,
1.267055e+08,
0,
1.824208e+08,
2064, 
338085.9,
461982.3,
150963.2,
408116.3,
11978.5,
2535838,
0,
3906965,
1947924,
2887823,
1352780,
3722242,
120714.8,
1.131989e+07,
0,
2.135137e+07,
194201.8,
171646.2,
189157.4,
556147.5,
6854.124,
2464793,
0,
3582800,
71354.08,
6168.973,
90332.28,
254277.4,
14244.2,
1287013,
0,
1723390,
396825.5,
339572.9,
459604.7,
1271941,
13846.21,
2169894,
0,
4651683,
321013.4,
27729.33,
289121.8,
844530.1,
12605.68,
2415622,
0,
3910622,
100306.9,
33063.35,
256819.2,
353681.5,
6146.264,
1870562,
0,
2620579,
308886.7,
150253.4,
365362.9,
860535.1,
9656.411,
3004016,
0,
4698711,
63627.43,
76811.1,
171578.1,
401784.1,
9011.464,
1298227,
0,
2021039,
81423.66,
153762.7,
90565.59,
202914.8,
2718.527,
772878.5,
0,
1304264,
1510365,
143467.8,
943969.2,
3567516,
56190.89,
3.691494e+07,
0,
4.313644e+07,
44687.97,
42273.8,
211046.4,
796545,
4802.183,
5105988,
0,
6205343,
143063,
6317.673,
288855.2,
342321,
24203.74,
2526535,
0,
3331296,
33957.66,
68133.59,
42911.75,
165503.4,
380.7355,
406689.8,
0,
717576.9,
2234.926,
47917.2,
46512.1,
119761.8,
4652.284,
597888.4,
0,
818966.8,
135643.5,
832027.8,
107682.1,
268465.2,
13177.11,
1195679,
0,
2552674,
0,
14182.82,
590112.9,
810127.3,
16390.68,
4910427,
0,
6341240,
561656.2,
255378.6,
362518.9,
1903483,
23829.06,
4914666,
0,
8021531,
91974,
29897.72,
97698.8,
432396.7,
11605.08,
2380272,
0,
3043845,
6003188,
867963.5,
808334.6,
3701277,
183039.1,
1.708763e+07,
0,
2.865143e+07,
701169.3,
177065.8,
367401.6,
1242167,
83318.93,
1.117343e+07,
0,
1.374455e+07,
802242.7,
82091.27,
235169.8,
805397.9,
36417.94,
1613414,
0,
3574734,
583320.2,
63270.8,
125387.9,
588288.6,
15700.51,
3673276,
0,
5049244,
392836.8,
163966.4,
103061.7,
306933,
28901.91,
1784223,
0,
2779923,
372094.4,
77626.66,
142671.3,
748113.4,
7669.464,
2312017,
0,
3660192,
61154.62,
57145.72,
123084.8,
284987.2,
3983.542,
1896529,
0,
2426885,
0,
0,
0,
0,
0,
0,
0,
0,
1.526324e+07,
7237540,
8012704,
2.495945e+07,
722039.3,
1.276323e+08,
0,
1.838273e+08,
2065, 
342678.4,
466718.8,
152267.1,
411689.6,
12028.53,
2571941,
0,
3957324,
1967703,
2917624,
1364943,
3754848,
121203.2,
1.14018e+07,
0,
2.152812e+07,
196575.6,
173792,
191090.3,
561797.5,
6923.466,
2492690,
0,
3622869,
72476.33,
6266.67,
91460.88,
257444.9,
14349.64,
1307750,
0,
1749748,
401725.5,
343154.2,
463053.6,
1281744,
13904.33,
2189105,
0,
4692687,
324618.3,
28066.4,
291851.1,
852561,
12712.7,
2439064,
0,
3948873,
102215.6,
33876.85,
261940.1,
360703.9,
6253.129,
1905768,
0,
2670758,
317686.6,
156399.6,
378309.8,
890354.1,
9837.82,
3073707,
0,
4826295,
65396.77,
79414.42,
176455.8,
413140.7,
9194.367,
1333148,
0,
2076750,
82582.53,
156887.5,
91956.57,
205980.4,
2749.771,
784855.4,
0,
1325012,
1522959,
144516.4,
949602,
3588752,
56166.47,
3.712378e+07,
0,
4.338578e+07,
44917.89,
42396.56,
211389.7,
797894.7,
4797.197,
5109697,
0,
6211093,
144742.5,
6340.823,
289664.8,
343296.5,
24153.77,
2538119,
0,
3346317,
34267.93,
68550.62,
43074.19,
166144.6,
384.3079,
410733.2,
0,
723154.8,
2267.55,
48994.92,
47374.66,
121922.4,
4686.675,
605737.2,
0,
830983.4,
136720,
837007.9,
108120.1,
269604.7,
13126.52,
1208946,
0,
2573526,
0,
14360.52,
596323.8,
818678.5,
16522.74,
4969879,
0,
6415765,
568884.6,
259704.3,
367321.8,
1928229,
24118.92,
4973038,
0,
8121296,
91827.09,
29737.28,
97094.81,
429746.3,
11487.15,
2374617,
0,
3034509,
6016143,
870237.3,
808645.8,
3701722,
181880.7,
1.706064e+07,
0,
2.863927e+07,
707805.3,
178674.5,
369968.6,
1250989,
83217.41,
1.128736e+07,
0,
1.387801e+07,
809061.8,
82723.4,
236597.6,
810341.9,
36578.75,
1628697,
0,
3604001,
583625.3,
63296.09,
125382.1,
588417.6,
15668.32,
3667571,
0,
5043961,
400411.1,
166888.1,
104587.5,
311403.2,
29053.31,
1812062,
0,
2824405,
380519.4,
79756.41,
145863.2,
764791,
7830.125,
2365366,
0,
3744126,
62810.96,
59170.41,
126856.4,
293571.2,
4076.232,
1944102,
0,
2490587,
0,
0,
0,
0,
0,
0,
0,
0,
1.538062e+07,
7314556,
8091196,
2.517577e+07,
722905.6,
1.285802e+08,
0,
1.852652e+08,
2066, 
347361.6,
471266,
153514,
415123.6,
12076.54,
2609824,
0,
4009166,
1988635,
2942826,
1375483,
3783295,
121701.5,
1.148736e+07,
0,
2.16993e+07,
198972.5,
175867.2,
192941.2,
567198.2,
6987.522,
2520160,
0,
3662127,
73578.79,
6362.193,
92540.78,
260493.3,
14442.07,
1329660,
0,
1777077,
406620.6,
346787.1,
466455.3,
1291407,
13957.42,
2208402,
0,
4733629,
328242.8,
28429.81,
294734.4,
861005.5,
12814.45,
2463308,
0,
3988535,
104178.1,
34748.43,
267320.3,
368062.5,
6357.508,
1942619,
0,
2723286,
327158.1,
163202.7,
392461.9,
922856,
10009.12,
3154337,
0,
4970025,
67324.93,
82307.63,
181742.3,
425488.8,
9361.241,
1370772,
0,
2136997,
83771.74,
159967,
93302.6,
208953.7,
2777.457,
796859.6,
0,
1345632,
1535776,
145539.3,
955071.3,
3609413,
56151.83,
3.732945e+07,
0,
4.36314e+07,
45127.5,
42512.48,
211712.1,
799123.7,
4791.337,
5112147,
0,
6215414,
146264.6,
6357.419,
290193.1,
343935.2,
24077.44,
2545900,
0,
3356728,
34597.1,
68903.19,
43205.07,
166673.1,
388.1995,
415064.1,
0,
728830.8,
2300.324,
50110.31,
48251.57,
124117.9,
4715.691,
613265.1,
0,
842760.9,
137839.7,
842532.4,
108608.2,
270862.5,
13080.81,
1222853,
0,
2595777,
0,
14541.85,
602460.1,
827088,
16637.71,
5025585,
0,
6486313,
575564,
264074.7,
372058.6,
1952610,
24393.28,
5028896,
0,
8217596,
91639.7,
29558.47,
96454.68,
426926.8,
11375.77,
2369896,
0,
3025852,
6021238,
870890.6,
807777.9,
3697040,
180740.3,
1.701841e+07,
0,
2.85961e+07,
714561.4,
180148.8,
372255.4,
1258882,
83064.13,
1.140332e+07,
0,
1.401223e+07,
815642.3,
83292.78,
237842,
814672.4,
36713.98,
1643682,
0,
3631845,
583383.5,
63273.35,
125269.9,
588037.1,
15621.82,
3657132,
0,
5032718,
407984.3,
169959.2,
106166.6,
316016.5,
29176.89,
1838502,
0,
2867806,
389479.8,
82016.57,
149182.4,
782170.2,
7986.885,
2421681,
0,
3832517,
64652.3,
61481.76,
131049.6,
303106.2,
4164.808,
1997103,
0,
2561557,
0,
0,
0,
0,
0,
0,
0,
0,
1.54919e+07,
7386958,
8168054,
2.538456e+07,
723565.6,
1.295262e+08,
0,
1.866812e+08,
2067, 
352091.9,
475977.5,
154800.4,
418656.8,
12123.47,
2649081,
0,
4062731,
2010717,
2964063,
1384643,
3808254,
122205.4,
1.157515e+07,
0,
2.186504e+07,
201474.8,
177906.1,
194767.8,
572517.6,
7048.96,
2547924,
0,
3701639,
74644.62,
6450.748,
93534.93,
263318,
14528.97,
1352120,
0,
1804598,
411571,
350321,
469739.1,
1300746,
14016.85,
2227930,
0,
4774324,
331887.8,
28804.77,
297705,
869676.2,
12913.26,
2486657,
0,
4027644,
106183.7,
35628.67,
272739,
375459.3,
6466.313,
1980215,
0,
2776692,
336944.3,
169864.5,
406408.9,
954783.3,
10180.98,
3234776,
0,
5112958,
69265.23,
85139.82,
186904.9,
437569.8,
9516.996,
1405452,
0,
2193849,
84983.36,
162713.2,
94497.84,
211610.5,
2803.676,
808483.3,
0,
1365092,
1549047,
146616.9,
960801.4,
3631045,
56146.59,
3.753694e+07,
0,
4.38806e+07,
45328.08,
42636.98,
212076.3,
800469.8,
4784.555,
5115109,
0,
6220405,
147799.7,
6374.26,
290718.3,
344575.6,
23993.88,
2553354,
0,
3366816,
34946.09,
69207.27,
43311.2,
167111.3,
392.3247,
419667,
0,
734635.3,
2333.257,
51154.02,
49071.88,
126180.5,
4745.179,
620315.9,
0,
853800.8,
138993.8,
848203.8,
109111.6,
272154.4,
13041.07,
1237183,
0,
2618688,
0,
14729.53,
608792.8,
835740.7,
16755.84,
5081713,
0,
6557732,
582160.4,
268529.5,
376848.5,
1977269,
24651.78,
5082579,
0,
8312038,
91398.49,
29370.37,
95793.59,
424006.4,
11268.32,
2366192,
0,
3018029,
6021325,
870645.3,
806191.4,
3689404,
179560.9,
1.697407e+07,
0,
2.854119e+07,
721703.9,
181605.4,
374510.5,
1266668,
82910.8,
1.152531e+07,
0,
1.415271e+07,
822306.7,
83812.84,
238968.1,
818629.1,
36844.6,
1658933,
0,
3659495,
583011.3,
63260.18,
125158.7,
587630.3,
15571.14,
3645884,
0,
5020516,
415428.9,
173059.6,
107755.4,
320655.4,
29291.2,
1864456,
0,
2910647,
398593.4,
84171.78,
152344.4,
798777,
8145.034,
2476229,
0,
3918260,
66491.29,
63796.32,
135248.6,
312620.2,
4254.222,
2048295,
0,
2630705,
0,
0,
0,
0,
0,
0,
0,
0,
1.560063e+07,
7454044,
8242444,
2.558553e+07,
724162.3,
1.30474e+08,
0,
1.880808e+08,
2068, 
356879.7,
480732.7,
156095.5,
422213.2,
12168.99,
2689862,
0,
4117952,
2033988,
2980942,
1392267,
3829358,
122721,
1.166492e+07,
0,
2.202419e+07,
204099,
179891.1,
196554.1,
577713,
7107.521,
2576271,
0,
3741636,
75667.1,
6537.387,
94501.35,
266070.8,
14612.12,
1375271,
0,
1832659,
416541.1,
353811.9,
472963.6,
1309912,
14083.54,
2247908,
0,
4815219,
335592.6,
29183.84,
300703.1,
878413.1,
13010.99,
2509651,
0,
4066555,
108247.7,
36513.23,
278169.6,
382862.9,
6578.229,
2018854,
0,
2831226,
346867.5,
176400.9,
420144.4,
986169.1,
10353.17,
3316068,
0,
5256003,
71225.5,
87946.01,
192005,
449511.9,
9666.889,
1438436,
0,
2248792,
86225.39,
165060.3,
95513.8,
213892.7,
2829.349,
820045.1,
0,
1383567,
1562887,
147765,
966889.4,
3653975,
56156.3,
3.774954e+07,
0,
4.413722e+07,
45517.17,
42783.38,
212532.7,
802116.8,
4773.354,
5119087,
0,
6226810,
149347.8,
6390.789,
291224.4,
345198,
23907.08,
2560714,
0,
3376782,
35321.81,
69445.29,
43383.76,
167427.8,
396.6606,
424609.1,
0,
740584.4,
2365.479,
52141.12,
49846.71,
128138.7,
4770.467,
627258.8,
0,
864521.3,
140195.6,
854969.8,
109732.2,
273719.3,
13007.96,
1252089,
0,
2643714,
0,
14914.82,
615060.2,
844304.2,
16878.11,
5139140,
0,
6630297,
588834.1,
272838.8,
381444.2,
2001002,
24896.08,
5135269,
0,
8404284,
91100.22,
29177.97,
95122.73,
421035.7,
11163.58,
2363351,
0,
3010951,
6016196,
869666.2,
804017,
3679354,
178343.8,
1.692878e+07,
0,
2.847636e+07,
729091.9,
183001.8,
376664.6,
1274130,
82754.55,
1.165155e+07,
0,
1.429719e+07,
829051.4,
84281.97,
239971.2,
822198.6,
36970.29,
1674421,
0,
3686895,
582686.4,
63036.73,
124749.8,
585742.3,
15525.64,
3636417,
0,
5008158,
422547.4,
176046.8,
109287.9,
325139.3,
29411.39,
1891268,
0,
2953701,
407911.3,
86215.13,
155341.4,
814574.9,
8304.466,
2529980,
0,
4002327,
68346.09,
66102.1,
139425.1,
322065.3,
4340.725,
2097055,
0,
2697334,
0,
0,
0,
0,
0,
0,
0,
0,
1.570673e+07,
7515798,
8313611,
2.577624e+07,
724732.2,
1.314378e+08,
0,
1.894749e+08,
2069, 
361738.6,
485675.9,
157437.3,
425887.2,
12213.38,
2732226,
0,
4175178,
2058454,
2999566,
1400486,
3851970,
123251.6,
1.175686e+07,
0,
2.219059e+07,
206852.1,
181818.9,
198296.2,
582773.2,
7164.445,
2605375,
0,
3782280,
76640.39,
6621.945,
95438.38,
268747.2,
14692.05,
1399218,
0,
1861358,
421421.5,
357236.9,
476107.3,
1318847,
14157.84,
2268379,
0,
4856150,
339371.7,
29566.26,
303722.9,
887201.7,
13109.22,
2532346,
0,
4105318,
110382,
37408.47,
283647.8,
390319.6,
6693.931,
2058711,
0,
2887162,
356953.6,
182808.1,
433628.3,
1016973,
10532.32,
3398864,
0,
5399760,
73210.66,
90719.44,
197035,
461298.6,
9813.46,
1469984,
0,
2302061,
87502.2,
167009.9,
96348.5,
215797.3,
2855.387,
831786.5,
0,
1401300,
1577377,
148877.7,
972781.8,
3676212,
56181.8,
3.796844e+07,
0,
4.439987e+07,
45689.59,
42948.09,
213068.3,
804011.9,
4761.122,
5124603,
0,
6235082,
150472.3,
6402.606,
291554.5,
345629,
23817.17,
2567997,
0,
3385872,
35708.6,
69681.51,
43454.17,
167734,
401.1956,
429949.6,
0,
746929.1,
2396.985,
53018.48,
50538.82,
129906,
4794.892,
634251.7,
0,
874906.9,
141445.6,
862490.4,
110433.6,
275472,
12980.47,
1267565,
0,
2670387,
0,
15091.43,
621076.3,
852542.8,
17005.11,
5198278,
0,
6703993,
595624.4,
277020.9,
385867.8,
2023918,
25126.45,
5187446,
0,
8495003,
90745.13,
28981.55,
94442.1,
418015.3,
11060.89,
2361180,
0,
3004425,
6006115,
867637.1,
801036.6,
3665954,
177122.7,
1.688313e+07,
0,
2.840099e+07,
736499.6,
184428.7,
378865.3,
1281733,
82588.02,
1.177894e+07,
0,
1.444306e+07,
835849.9,
84798.44,
241072.1,
826080.8,
37090.73,
1690065,
0,
3714957,
582551.3,
62716.59,
124180.9,
583056.5,
15491.98,
3630682,
0,
4998679,
429611.6,
178850.9,
110733.5,
329383.9,
29546.5,
1919829,
0,
2997956,
417472.9,
88166.71,
158202.2,
829703.3,
8467.153,
2583448,
0,
4085460,
70237.24,
68420.41,
143612.3,
331508,
4427.821,
2143172,
0,
2761378,
0,
0,
0,
0,
0,
0,
0,
0,
1.581032e+07,
7577963,
8383068,
2.596067e+07,
725347.7,
1.324227e+08,
0,
1.908801e+08,
2070, 
366651,
490561.4,
158762.9,
429521.2,
12255.54,
2776191,
0,
4233943,
2083841,
3017425,
1408421,
3873867,
123785.2,
1.185008e+07,
0,
2.235742e+07,
209744.3,
183703.7,
200002.7,
587724.1,
7214.79,
2635344,
0,
3823734,
77557.73,
6704.187,
96343.32,
271340.3,
14768.5,
1424064,
0,
1890778,
426074.2,
360693,
479270.2,
1327809,
14238.6,
2289275,
0,
4897360,
343227.4,
29947.65,
306731.1,
895948.4,
13206.01,
2554768,
0,
4143829,
112601.6,
38309.34,
289144,
397792.5,
6811.982,
2100234,
0,
2944894,
367295,
189106.3,
446867.1,
1047252,
10719.24,
3484576,
0,
5545815,
75228.53,
93450.21,
201981.8,
472902,
9960.643,
1501422,
0,
2354945,
88818.26,
168661.3,
97041.45,
217407.1,
2881.207,
843818,
0,
1418627,
1592635,
149958.7,
978499.6,
3697831,
56217.92,
3.819432e+07,
0,
4.466946e+07,
45844.49,
43126.8,
213665.6,
806091.3,
4749.502,
5132125,
0,
6245602,
151245.8,
6413.711,
291854.3,
346027.6,
23721.56,
2575177,
0,
3394440,
36095.19,
69898.41,
43513.71,
167999.5,
405.869,
435363.2,
0,
753275.9,
2427.915,
53874.98,
51212.2,
131632.4,
4819.064,
641450.4,
0,
885416.9,
142745,
870567.1,
111194.5,
277362.8,
12957.31,
1283556,
0,
2698382,
0,
15257.8,
626795.8,
860399.9,
17138.09,
5259825,
0,
6779417,
602535.7,
281108.2,
390158.7,
2046205,
25339.03,
5239521,
0,
8584867,
90338.28,
28782.4,
93753.98,
414956.4,
10959.17,
2359427,
0,
2998217,
5991616,
864346.4,
797101.5,
3648558,
175868.3,
1.683788e+07,
0,
2.831537e+07,
743830.5,
185883.8,
381109.1,
1289467,
82404.36,
1.190611e+07,
0,
1.458881e+07,
842682.1,
85310.36,
242156.4,
829911.5,
37203.23,
1705805,
0,
3743068,
582569.1,
62383.44,
123557.9,
580107.3,
15463.61,
3627908,
0,
4991990,
436539.1,
181157.7,
111946.3,
332994.2,
29688.31,
1950067,
0,
3042393,
427315.6,
90093.98,
161021.3,
844618.3,
8631.586,
2637231,
0,
4168912,
72165.09,
70738.57,
147788.8,
340907.7,
4514.88,
2187393,
0,
2823508,
0,
0,
0,
0,
0,
0,
0,
0,
1.591162e+07,
7637464,
8449896,
2.613663e+07,
725923.5,
1.334329e+08,
0,
1.922945e+08,
2071, 
371458.4,
495677.1,
160136.1,
433262.4,
12298.93,
2820774,
0,
4293607,
2110049,
3035511,
1416326,
3895611,
124315.4,
1.194659e+07,
0,
2.25284e+07,
212681.5,
185498.5,
201600.6,
592352.1,
7261.443,
2665042,
0,
3864436,
78408.39,
6789.527,
97259.21,
273968.8,
14834.46,
1450369,
0,
1921629,
430208.4,
364283.7,
482481.9,
1336865,
14317.89,
2310029,
0,
4938186,
347070.1,
30327.85,
309673.4,
904499.6,
13296.07,
2576978,
0,
4181845,
114952.4,
39252.2,
294810.3,
405492.7,
6926.917,
2145683,
0,
3007117,
378405.3,
196045.3,
461061.2,
1079873,
10908.32,
3585006,
0,
5711299,
77412.78,
96541.57,
207424.2,
485672.1,
10091,
1536829,
0,
2413970,
90176.83,
170277.1,
97687.47,
218921.5,
2906.379,
856417.3,
0,
1436387,
1608511,
150898.9,
983503.4,
3716858,
56275.46,
3.841866e+07,
0,
4.49347e+07,
45968.18,
43260.73,
214101.1,
807540.6,
4739.419,
5139595,
0,
6255205,
151631,
6414.819,
291767.6,
345973.9,
23609.62,
2579321,
0,
3398718,
36483.57,
70116.6,
43574.65,
168268.5,
410.7788,
440783.5,
0,
759637.6,
2459.033,
54758.97,
51894.57,
133384.1,
4841.819,
649132.3,
0,
896470.7,
144094,
879274.8,
112021.6,
279406.8,
12938.85,
1299868,
0,
2727604,
0,
15398.92,
631600.7,
867051.2,
17260.94,
5320629,
0,
6851941,
609212.7,
284914.7,
394037.2,
2066424,
25524.85,
5290068,
0,
8670181,
89893.28,
28581,
93068.94,
411908.9,
10863.07,
2357684,
0,
2991999,
5970751,
859643.4,
792215.8,
3626963,
174675.3,
1.67822e+07,
0,
2.820645e+07,
750610.1,
187303.9,
383239.5,
1296787,
82154.2,
1.202564e+07,
0,
1.472574e+07,
849168.7,
85777.66,
243104.4,
833282.4,
37288.11,
1720908,
0,
3769529,
582503.8,
62047.62,
122893.4,
576966.9,
15439.34,
3625780,
0,
4985631,
443017.8,
182957.3,
112906.2,
335907,
29821.13,
1980786,
0,
3085395,
437806.1,
92219.42,
164053,
860640.8,
8793.165,
2696030,
0,
4259542,
74250.28,
73341.34,
152351.5,
351188.8,
4592.924,
2236755,
0,
2892480,
0,
0,
0,
0,
0,
0,
0,
0,
1.600718e+07,
7697115,
8514794,
2.630507e+07,
726385.8,
1.344576e+08,
0,
1.937081e+08,
2072, 
376250.7,
500770.2,
161503.5,
436988.2,
12341.77,
2866813,
0,
4354667,
2138061,
3054054,
1424369,
3917718,
124833.9,
1.204122e+07,
0,
2.270026e+07,
215754.5,
187299.2,
203194.2,
596965.8,
7308.643,
2692146,
0,
3902668,
79158.74,
6876.396,
98188.29,
276629.8,
14897.83,
1477522,
0,
1953273,
433684.1,
367931.4,
485738.4,
1346014,
14400.8,
2330178,
0,
4977947,
350967.3,
30702.63,
312568.6,
912913.9,
13388.29,
2599026,
0,
4219567,
117422,
40199.77,
300484.4,
413195.8,
7041.272,
2195196,
0,
3073539,
389797.4,
202761.9,
474759.6,
1111489,
11106.08,
3689778,
0,
5879692,
79634.38,
99620.49,
212823.5,
498342.2,
10222.45,
1573143,
0,
2473786,
91579.05,
171931.6,
98336.61,
220442,
2931.547,
869309.2,
0,
1454530,
1625199,
151687.7,
987689.1,
3732980,
56336.42,
3.864835e+07,
0,
4.520224e+07,
46066.01,
43343.14,
214334.8,
808245.4,
4729.742,
5149348,
0,
6266067,
151744.3,
6415.698,
291669.3,
345907.5,
23491.44,
2583129,
0,
3402357,
36871.87,
70335.23,
43634.27,
168531.6,
415.7798,
446207,
0,
765995.8,
2491.738,
55690.26,
52607.63,
135209.3,
4865.067,
657033.5,
0,
907897.5,
145499.6,
888724.9,
112927.1,
281632.9,
12924.5,
1316297,
0,
2758006,
0,
15520.5,
635818.9,
872957.3,
17385.53,
5386840,
0,
6928522,
615997.1,
288575.8,
397736.9,
2085780,
25707.04,
5341608,
0,
8755404,
89406.18,
28377.19,
92376.36,
408824,
10767.47,
2355747,
0,
2985498,
5947974,
854826.9,
787213.5,
3604888,
173420.7,
1.673141e+07,
0,
2.809973e+07,
757326.8,
188827.1,
385534.2,
1304625,
81889.96,
1.214493e+07,
0,
1.486313e+07,
855762.6,
86230.92,
244016.3,
836537.5,
37366.85,
1736268,
0,
3796182,
582429.8,
61732.28,
122236.2,
573868.4,
15411.24,
3624024,
0,
4979702,
448984.2,
184400.2,
113693.7,
338351.2,
29945.09,
2011391,
0,
3126766,
448583.1,
94368.38,
167107,
876757.3,
8961.99,
2756238,
0,
4352016,
76373.8,
75879.15,
156795.5,
361203.7,
4669.771,
2285621,
0,
2960543,
0,
0,
0,
0,
0,
0,
0,
0,
1.610302e+07,
7757083,
8577356,
2.6467e+07,
726761.1,
1.355088e+08,
0,
1.9514e+08,
2073, 
381040,
505918.2,
162884.8,
440748.7,
12383.89,
2914804,
0,
4417780,
2167961,
3073619,
1432750,
3940697,
125317.2,
1.214155e+07,
0,
2.28819e+07,
218851.7,
189113.1,
204788.5,
601581.1,
7354.986,
2725234,
0,
3946923,
79874.59,
6962.294,
99103.38,
279251.6,
14957.82,
1505365,
0,
1985515,
436808.3,
371507.6,
488909.4,
1354927,
14484.1,
2348964,
0,
5015601,
354901.7,
31070.44,
315404.5,
921159.9,
13478.15,
2620039,
0,
4256054,
120009,
41167.09,
306248.7,
421005.9,
7153.104,
2241253,
0,
3136836,
401504.5,
209351.1,
488118.6,
1142455,
11309.02,
3797716,
0,
6050455,
81892.71,
102683.7,
218175.3,
510905.3,
10344.09,
1608645,
0,
2532646,
93025.14,
173735.7,
99040.41,
222075.2,
2954.43,
882148.1,
0,
1472979,
1642410,
152346.2,
991153.8,
3746557,
56390.15,
3.887836e+07,
0,
4.546721e+07,
46130.21,
43360.64,
214306.5,
808008.5,
4719.668,
5161267,
0,
6277792,
151804.8,
6417.273,
291593.3,
345865.7,
23365.49,
2586114,
0,
3405161,
37260.14,
70616.21,
43723.55,
168898.9,
420.8095,
451634.2,
0,
772553.8,
2527.817,
56615.61,
53313.96,
137020,
4888.008,
664934.8,
0,
919300.2,
146974.1,
898239.8,
113839.5,
283873,
12914.07,
1332727,
0,
2788568,
0,
15631.61,
639713.7,
878451.4,
17506.98,
5449679,
0,
7000983,
622906,
292188.3,
401364.5,
2104786,
25880.2,
5392646,
0,
8839771,
88936.08,
28164.6,
91661.65,
405633.4,
10671.88,
2353417,
0,
2978484,
5927039,
850206.6,
782326,
3583303,
172098.3,
1.668832e+07,
0,
2.800329e+07,
764033.9,
190405,
387917.7,
1312739,
81612.83,
1.226461e+07,
0,
1.500132e+07,
862471.4,
86727.15,
245021.7,
840088.6,
37437.98,
1752308,
0,
3824055,
582303.4,
61711.06,
121977.3,
572725.4,
15369.48,
3619997,
0,
4974083,
454820.5,
185731.7,
114420.7,
340631.8,
30042.99,
2040529,
0,
3166177,
459578.8,
96556.63,
170205.4,
893076.6,
9133.907,
2816382,
0,
4444933,
78561.49,
78332.69,
161090.2,
370896.4,
4745.919,
2335140,
0,
3028767,
0,
0,
0,
0,
0,
0,
0,
0,
1.620363e+07,
7818379,
8639053,
2.662736e+07,
726935.4,
1.365738e+08,
0,
1.965891e+08,
2074, 
385829.4,
511104.2,
164275.8,
444533.4,
12425.09,
2964238,
0,
4482406,
2198219,
3094217,
1441477,
3964561,
125753.7,
1.224983e+07,
0,
2.307405e+07,
221973.5,
190968.7,
206407.5,
606263.6,
7400.004,
2759826,
0,
3992839,
80540.46,
7048.188,
100015.6,
281863.6,
15013.87,
1533787,
0,
2018269,
439497,
375022.5,
492006.9,
1363633,
14566.05,
2365951,
0,
5050677,
358859.4,
31433.19,
318196.1,
929278.8,
13562.44,
2639267,
0,
4290598,
122616.6,
42139.63,
312019.6,
428818.4,
7261.278,
2288785,
0,
3201641,
414085.1,
215947.8,
501376.5,
1173282,
11522.57,
3908464,
0,
6224678,
84192.4,
105693.5,
223422.4,
523241.3,
10458.07,
1643469,
0,
2590476,
94504.86,
175748.3,
99826.72,
223881,
2973.759,
895015.6,
0,
1491950,
1660199,
153034,
994742.2,
3760613,
56432.84,
3.909999e+07,
0,
4.572501e+07,
46174.12,
43313.4,
214008.7,
806819.9,
4708.825,
5175326,
0,
6290351,
151822,
6424.142,
291709,
346034.9,
23231.32,
2588165,
0,
3407386,
37648.41,
70913.84,
43819.93,
169290.2,
425.8398,
457065.4,
0,
779163.7,
2569.09,
57550.29,
54024.79,
138842.3,
4910.819,
672874.3,
0,
930771.5,
148538.3,
908225.9,
114801.1,
286225.8,
12907.86,
1349429,
0,
2820128,
0,
15730.28,
643218.2,
883448.9,
17624.11,
5513525,
0,
7073546,
630076.2,
295670.6,
404835.2,
2123031,
26043.08,
5442764,
0,
8922420,
88485.81,
27946.02,
90931.21,
402365.8,
10576.04,
2350506,
0,
2970810,
5907900,
845658.5,
777466.7,
3561838,
170699.8,
1.665408e+07,
0,
2.791764e+07,
770824.8,
191986.4,
390308.4,
1320866,
81325.93,
1.238572e+07,
0,
1.514103e+07,
869297.3,
87149.66,
245857.9,
843098.5,
37501.31,
1768522,
0,
3851426,
582045.9,
61912.46,
122013.2,
573054.8,
15310.99,
3611655,
0,
4965993,
460499.3,
187205.6,
115207.5,
343076.6,
30110.69,
2067782,
0,
3203882,
470564.3,
98794.72,
173363.1,
909672.7,
9307.454,
2874837,
0,
4536539,
80848.56,
80636.7,
165137.3,
380069.8,
4825.723,
2384977,
0,
3096495,
0,
0,
0,
0,
0,
0,
0,
0,
1.630781e+07,
7881475,
8700468,
2.67877e+07,
726879.4,
1.376458e+08,
0,
1.980502e+08,
2075, 
390579.6,
516168.4,
165635.7,
448239.5,
12464.77,
3015129,
0,
4548217,
2228839,
3114184,
1449959,
3987850,
126182.9,
1.236722e+07,
0,
2.327423e+07,
225120.4,
192846.8,
208038.2,
610975.8,
7446.638,
2796222,
0,
4040650,
81152.63,
7134.886,
100934.4,
284491.1,
15065.43,
1563761,
0,
2052539,
441871.4,
378399.4,
494953.8,
1371937,
14650.38,
2381271,
0,
5083083,
362773.9,
31783.96,
320889.3,
937126.3,
13646.97,
2656819,
0,
4323040,
125245.5,
43098.78,
317692.9,
436503.9,
7368.863,
2338082,
0,
3267992,
426859.5,
222647.9,
514712.7,
1204345,
11747.16,
4020725,
0,
6401037,
86521.3,
108677.5,
228611.3,
535448,
10573.1,
1678459,
0,
2648290,
95998.3,
177953.3,
100690.2,
225848.1,
2991.159,
907587.4,
0,
1511068,
1678508,
153850.6,
998996.4,
3777077,
56481.35,
3.931504e+07,
0,
4.597996e+07,
46196.71,
43227.36,
213537.6,
805035.5,
4697.211,
5191164,
0,
6303859,
151813.3,
6431.883,
291856.9,
346239.3,
23094.82,
2589476,
0,
3408912,
38036.71,
71274.17,
43946.27,
169787.3,
430.8549,
462501.2,
0,
785976.5,
2616.887,
58401.42,
54674.76,
140523.2,
4933.482,
680879.6,
0,
942029.4,
150213.7,
918934.9,
115837,
288750.1,
12905.58,
1366524,
0,
2853166,
0,
15822.63,
646509,
888173.1,
17739.33,
5578306,
0,
7146550,
637526.1,
299052.1,
408183.1,
2140676,
26205.16,
5493342,
0,
9004984,
88061.54,
27723.95,
90191.12,
399048.3,
10479.88,
2346714,
0,
2962219,
5889837,
841352.8,
772764.3,
3541036,
169277.2,
1.662743e+07,
0,
2.784169e+07,
777733.3,
193526,
392633,
1328775,
81028.69,
1.250666e+07,
0,
1.528036e+07,
876270.3,
87547.99,
246638.3,
845922.9,
37557.8,
1784844,
0,
3878782,
581582.1,
62181.23,
122145.6,
573871.4,
15246.19,
3599233,
0,
4954260,
466079.9,
189019.3,
116150.8,
345950.5,
30163.39,
2093796,
0,
3241159,
481188.4,
101055.5,
176543.1,
926367.6,
9486.027,
2929598,
0,
4624239,
83154.33,
82740.31,
168860.4,
388571.9,
4906.231,
2434307,
0,
3162540,
0,
0,
0,
0,
0,
0,
0,
0,
1.641378e+07,
7945038,
8761585,
2.694857e+07,
726770.6,
1.387251e+08,
0,
1.995208e+08,
2076, 
395013.3,
521059.6,
166933.2,
451767.5,
12495.72,
3065282,
0,
4612552,
2258848,
3133037,
1457845,
4009529,
126535.7,
1.248845e+07,
0,
2.347424e+07,
228156.7,
194617.3,
209552.1,
615336.5,
7489.792,
2833006,
0,
4088158,
81706.5,
7227.598,
101901.9,
287246.3,
15104.48,
1586576,
0,
2079762,
443827.4,
381532.2,
497579.5,
1379366,
14727.29,
2394756,
0,
5111788,
366445.8,
32119.19,
323406.9,
944467.8,
13723.62,
2672332,
0,
4352495,
127918.1,
44083.71,
323438.2,
444291.7,
7471.315,
2390566,
0,
3337769,
440117.2,
230068.7,
529074.5,
1237904,
11966.3,
4142469,
0,
6591600,
88986.4,
111976.4,
234206.4,
548612.6,
10676.92,
1717414,
0,
2711873,
97500.26,
180365.9,
101620.6,
227956.8,
3005.092,
920121.3,
0,
1530570,
1696931,
154751.2,
1003716,
3795144,
56538.82,
3.952072e+07,
0,
4.62278e+07,
46195.91,
43095.64,
212885,
802617.2,
4686.363,
5207705,
0,
6317185,
151677.9,
6433.364,
291764.2,
346154.2,
22947.45,
2588255,
0,
3407232,
38428.9,
71609.25,
44061.93,
170245.7,
435.9026,
467968.8,
0,
792750.4,
2666.816,
59185.21,
55267.79,
142073.9,
4953.856,
689125.9,
0,
953273.4,
152024.7,
930168.5,
116925.4,
291395,
12906.79,
1384233,
0,
2887653,
0,
15906.17,
649376.4,
892323.4,
17838.25,
5642078,
0,
7217522,
644645.1,
302231.9,
411235.7,
2156754,
26330.17,
5540400,
0,
9081596,
87672.6,
27494.59,
89442.98,
395687.7,
10388.3,
2341901,
0,
2952588,
5870287,
836060.3,
767391.8,
3517206,
167846,
1.659531e+07,
0,
2.77541e+07,
784339.1,
194841.4,
394553.9,
1335349,
80677.84,
1.261868e+07,
0,
1.540844e+07,
882877.1,
87822.33,
247109.4,
847714.8,
37586.96,
1799837,
0,
3902948,
581187.1,
62429.28,
122285,
574695.9,
15185.01,
3585362,
0,
4941144,
471398.1,
191064.7,
117185.7,
349062.9,
30187.83,
2118851,
0,
3277750,
491070.2,
103479.7,
179882.4,
943881.8,
9654.827,
2980462,
0,
4708431,
85551.64,
84907.98,
172602.8,
397201.4,
4978.341,
2487435,
0,
3232677,
0,
0,
0,
0,
0,
0,
0,
0,
1.651547e+07,
8007569,
8821245,
2.710398e+07,
726338.9,
1.397793e+08,
0,
2.009539e+08,
2077, 
399317.1,
525653.4,
168154.9,
455104.2,
12524.73,
3115724,
0,
4676479,
2289206,
3151549,
1465604,
4030911,
126903.3,
1.261539e+07,
0,
2.367956e+07,
231216.6,
196443.9,
211107.5,
619809.8,
7534.637,
2871475,
0,
4137588,
82234.39,
7324.114,
102910.8,
290108.3,
15141.25,
1604966,
0,
2102685,
445506.3,
384567.4,
500096.8,
1386500,
14807.3,
2408254,
0,
5139732,
370041.9,
32456.04,
325933.5,
951823.9,
13804.99,
2688124,
0,
4382184,
130611.1,
45025.16,
328918.6,
451745.5,
7572.152,
2446284,
0,
3410157,
453305.1,
237742.7,
543793.7,
1272251,
12197.39,
4264821,
0,
6784111,
91446.77,
115231.3,
239711.7,
561575.8,
10780.14,
1756723,
0,
2775469,
99017.02,
182916.5,
102605.4,
230178.7,
3018.909,
932933.9,
0,
1550670,
1716350,
155810,
1009287,
3816246,
56622.29,
3.975081e+07,
0,
4.650513e+07,
46214.33,
42953.04,
212168.2,
799991.6,
4675.103,
5227270,
0,
6333272,
151577.2,
6436.11,
291719.7,
346121.7,
22801.47,
2588313,
0,
3406969,
38821.26,
71896.4,
44153.39,
170616.2,
440.8955,
473442.1,
0,
799370.3,
2717.312,
59896.83,
55807.97,
143501,
4975.634,
697820.9,
0,
964719.6,
153926.6,
941862.7,
118058.6,
294141.3,
12910.4,
1402454,
0,
2923353,
0,
15990.04,
652227.1,
896449.3,
17940.46,
5709612,
0,
7292219,
651966.6,
305423.1,
414287.5,
2172817,
26464.03,
5589269,
0,
9160226,
87257.1,
27266.04,
88696.58,
392326.9,
10297.08,
2336440,
0,
2942284,
5849949,
830298.3,
761656.9,
3491814,
166391.5,
1.656661e+07,
0,
2.766672e+07,
791180.8,
196028.6,
396268.1,
1341261,
80378.31,
1.273244e+07,
0,
1.553755e+07,
889705.8,
88142.71,
247684.1,
849831.5,
37613.57,
1814501,
0,
3927479,
580990.9,
62674.53,
122457.3,
575614.4,
15130.82,
3572906,
0,
4929775,
476738.3,
193373.2,
118344.4,
352514.3,
30220.78,
2145311,
0,
3316502,
499356,
105902.6,
183209.5,
961325.8,
9823.3,
3023081,
0,
4782698,
87902.81,
86963.39,
176147.1,
405422.2,
5046.127,
2538108,
0,
3299590,
0,
0,
0,
0,
0,
0,
0,
0,
1.661656e+07,
8069827,
8881011,
2.726e+07,
726016.6,
1.408731e+08,
0,
2.024265e+08,
2078, 
403378.8,
530600,
169467.8,
458668.7,
12552.17,
3164510,
0,
4739177,
2319921,
3168598,
1472845,
4051006,
127300.6,
1.274377e+07,
0,
2.388344e+07,
234300.6,
198318.5,
212699.8,
624382.6,
7583.954,
2910589,
0,
4187874,
82775.83,
7422.748,
103942.1,
293027.2,
15176.6,
1624207,
0,
2126552,
446978.7,
387703.6,
502707.3,
1393853,
14893.42,
2422364,
0,
5168500,
373556.3,
32802.12,
328527.8,
959352.1,
13892.84,
2705030,
0,
4413162,
133325.1,
45866.91,
333830.7,
458489.6,
7673.062,
2503840,
0,
3483025,
466463.9,
245585.1,
558737.4,
1307089,
12441.13,
4387766,
0,
6978083,
93871.28,
118447.6,
245138.2,
574361.4,
10888.57,
1797148,
0,
2839855,
100539,
185593.7,
103639.5,
232503.4,
3033.913,
946306.6,
0,
1571616,
1737502,
157005,
1015602,
3839974,
56740.21,
4.002127e+07,
0,
4.68281e+07,
46280.28,
42822.41,
211481,
797489.9,
4663.862,
5251982,
0,
6354719,
151558.2,
6440.155,
291725.2,
346143.7,
22657.33,
2590132,
0,
3408657,
39147.14,
72039.98,
44173.88,
170730.6,
445.7962,
478921.5,
0,
805458.9,
2768.383,
60571.53,
56320.14,
144862.3,
4998.881,
707187.6,
0,
976708.9,
155842.9,
953200.4,
119152.2,
296792.9,
12915.24,
1418968,
0,
2956871,
0,
16071.07,
654964.5,
900427.9,
18048.46,
5781507,
0,
7371019,
659673.6,
308535.6,
417243.1,
2188406,
26603.57,
5640627,
0,
9241088,
86801.95,
27042.77,
87962.37,
389015.5,
10207.04,
2330268,
0,
2931297,
5825678,
823686.4,
755270.5,
3463618,
164909.2,
1.653813e+07,
0,
2.757129e+07,
798151.9,
197028.4,
397677.2,
1346204,
80068.23,
1.284445e+07,
0,
1.566358e+07,
896783.4,
88446.53,
248221.3,
851821.5,
37637.43,
1828809,
0,
3951719,
581083.9,
62819.7,
122535.4,
575990.1,
15088.77,
3564480,
0,
4921998,
482077.2,
195906.4,
119608.6,
356254.6,
30271.21,
2174057,
0,
3358175,
505812.5,
108317.9,
186517,
978664.1,
9991.618,
3056122,
0,
4845426,
90204.48,
88994.3,
179628.7,
413514.6,
5111.754,
2586280,
0,
3363734,
0,
0,
0,
0,
0,
0,
0,
0,
1.671448e+07,
8129867,
8939619,
2.741264e+07,
725794.9,
1.420187e+08,
0,
2.039411e+08,
2079, 
407129,
535333.9,
170727,
462097,
12577.46,
3199666,
0,
4787530,
2350994,
3182421,
1478943,
4068242,
127735.1,
1.287287e+07,
0,
2.40812e+07,
237408.8,
200227.7,
214320.3,
629029.8,
7638.682,
2950109,
0,
4238734,
83338.45,
7523.788,
104999.1,
296011.7,
15211.3,
1644043,
0,
2151127,
448264.8,
390879.4,
505348.6,
1401267,
14985.61,
2437045,
0,
5197790,
376950.4,
33150.11,
331132.6,
966900.3,
13990.73,
2723755,
0,
4445880,
136060.9,
46618.59,
338225.7,
464588.7,
7775.196,
2561895,
0,
3555164,
479469,
253381.8,
573550.6,
1341657,
12693.42,
4510860,
0,
7171611,
96247.98,
121679.8,
250572.2,
587153.9,
11003.63,
1838637,
0,
2905295,
102066.4,
188441.1,
104738.9,
234966,
3051.846,
960407.1,
0,
1593671,
1759534,
158308.7,
1022513,
3865792,
56896.17,
4.033093e+07,
0,
4.719397e+07,
46359.76,
42706.68,
210837.5,
795158.7,
4652.46,
5279367,
0,
6379082,
151610.7,
6445.647,
291785.2,
346225.3,
22516.61,
2593709,
0,
3412292,
39268.78,
72046.49,
44126.11,
170598,
450.5728,
484407.1,
0,
810897.1,
2820.037,
61267.65,
56845.89,
146255.1,
5023.609,
717212.7,
0,
989425,
157766.2,
963998.4,
120187.9,
299308,
12921.79,
1435523,
0,
2989705,
0,
16155.15,
657770.2,
904490.8,
18163,
5857190,
0,
7453769,
667541,
311630.9,
420167.6,
2203836,
26754.95,
5694806,
0,
9324736,
86287.66,
26831.66,
87255.16,
385824.9,
10117.99,
2323441,
0,
2919759,
5795769,
816606.7,
748519.8,
3433812,
163394.2,
1.650656e+07,
0,
2.746466e+07,
805008.4,
197879.5,
398841.2,
1350368,
79691.69,
1.295343e+07,
0,
1.578522e+07,
904006.6,
88781.13,
248828.3,
854029.8,
37657.62,
1842896,
0,
3976199,
581406.6,
62811.84,
122436.7,
575440.8,
15064.4,
3561547,
0,
4918708,
487228.7,
198452.5,
120878.2,
360008.4,
30345.86,
2204903,
0,
3401817,
510924.6,
110741,
189828.5,
996010.1,
10160.41,
3082721,
0,
4900386,
92457.51,
90991.78,
183039.1,
421457.8,
5175.698,
2633307,
0,
3426429,
0,
0,
0,
0,
0,
0,
0,
0,
1.680592e+07,
8185313,
8996418,
2.756053e+07,
725650,
1.432012e+08,
0,
2.054751e+08,
2080, 
410494.3,
540580.6,
172117.8,
465855.8,
12601.23,
3233702,
0,
4835351,
2382432,
3193290,
1483986,
4082838,
128171,
1.300264e+07,
0,
2.427336e+07,
240541.7,
202214,
216002.9,
633844.6,
7695.592,
2989731,
0,
4290030,
83912.31,
7629.416,
106106,
299127.2,
15245.06,
1664069,
0,
2176089,
449357.7,
394142.1,
508067.7,
1408864,
15080.77,
2451551,
0,
5227063,
380158.9,
33515.31,
333865,
974782.1,
14093.99,
2743445,
0,
4479861,
138819.3,
47262.98,
342005.7,
469919.3,
7876.754,
2620465,
0,
3626349,
492201.6,
260982.3,
587990.2,
1375434,
12954.41,
4633200,
0,
7362763,
98563.67,
124940.1,
256033.5,
599996.6,
11122.95,
1880564,
0,
2971221,
103599.4,
191450.1,
105898.9,
237556.5,
3071.417,
975078.6,
0,
1616655,
1781578,
159541.5,
1029060,
3890266,
57072.53,
4.066507e+07,
0,
4.758259e+07,
46434.25,
42600.07,
210216.4,
792919.1,
4640.448,
5306721,
0,
6403531,
151708.4,
6451.215,
291848.8,
346310.7,
22374.19,
2598217,
0,
3416910,
39319.21,
71888.5,
43995.53,
170164.6,
455.1726,
489899.2,
0,
815722.2,
2872.282,
62031.31,
57418.54,
147757.9,
5049.52,
727665,
0,
1002795,
159653.3,
974089.9,
121149.1,
301649,
12929.14,
1453153,
0,
3022623,
0,
16249.96,
660882.4,
908942.4,
18280.23,
5935832,
0,
7540187,
675285.5,
314670.5,
423020.4,
2218914,
26903.25,
5749613,
0,
9408406,
85729.79,
26633.75,
86577.02,
382768,
10029.3,
2315891,
0,
2907629,
5759911,
809219.2,
741510.8,
3402863,
161817.7,
1.646746e+07,
0,
2.734278e+07,
811738.8,
198715.7,
399976,
1354437,
79310.47,
1.306324e+07,
0,
1.590742e+07,
910995.5,
89146.88,
249506.4,
856461.1,
37674.26,
1856833,
0,
4000617,
581683.3,
62746.66,
122270.1,
574536.3,
15049.07,
3561848,
0,
4918134,
491980.4,
200957.3,
122126.9,
363705.1,
30430.56,
2236078,
0,
3445278,
515365.7,
113142.7,
193107.6,
1013187,
10327.94,
3106736,
0,
4951867,
94666.4,
93047.73,
186521.1,
429549.4,
5239.394,
2679803,
0,
3488827,
0,
0,
0,
0,
0,
0,
0,
0,
1.6889e+07,
8237140,
9051260,
2.770265e+07,
725496.3,
1.444085e+08,
0,
2.07014e+08,
2081, 
413112.9,
545063.5,
173289.6,
469038.4,
12614.21,
3264025,
0,
4877144,
2408158,
3199144,
1486996,
4092153,
128486.8,
1.3128e+07,
0,
2.444293e+07,
243561.4,
204092.2,
217580.4,
638340.9,
7749.509,
3027190,
0,
4338514,
84470.99,
7737.562,
107224.9,
302270.8,
15268.66,
1683831,
0,
2200804,
450094.5,
397390.6,
510733.2,
1416284,
15167.7,
2464266,
0,
5253936,
382949,
33886.02,
336590.9,
982612.1,
14187.57,
2761060,
0,
4511285,
141616.5,
47851.35,
345394.3,
474770.9,
7972.885,
2680410,
0,
3698016,
505269.8,
269462.5,
603709.3,
1412185,
13206.63,
4763909,
0,
7567742,
100906.8,
128553.6,
261948.9,
613889.9,
11234.37,
1925256,
0,
3041789,
105144.8,
194527.5,
107077.3,
240185.4,
3089.807,
990021,
0,
1640046,
1801947,
160575.4,
1034532,
3910790,
57237.61,
4.097971e+07,
0,
4.794479e+07,
46496.8,
42502.91,
209649.5,
790873.3,
4629.504,
5331152,
0,
6425304,
151716.3,
6451.643,
291712.5,
346158.6,
22213.93,
2600472,
0,
3418725,
39309.11,
71732.48,
43864.7,
169730.4,
461.3321,
495528.9,
0,
820626.9,
2925.484,
62829.54,
58006.7,
149301.2,
5080.42,
738267.1,
0,
1016411,
161502.5,
983887.4,
122076.6,
303916.4,
12937.9,
1471391,
0,
3055712,
0,
16346.86,
663952.4,
913314.8,
18384.74,
6014733,
0,
7626732,
682390.5,
317319.1,
425404.8,
2231601,
27028.73,
5799773,
0,
9483517,
85167.66,
26444.7,
85925.94,
379841.2,
9943.949,
2307272,
0,
2894595,
5717129,
801432.4,
734248.4,
3370696,
160205.1,
1.640939e+07,
0,
2.71931e+07,
817875.5,
199576.5,
401104.9,
1358442,
78886.23,
1.316676e+07,
0,
1.602264e+07,
917137.1,
89504.19,
250143.9,
858726.1,
37668.59,
1869380,
0,
4022560,
581891.1,
62690.77,
122133.8,
573782.1,
15042.65,
3562492,
0,
4918033,
495882.3,
203111.7,
123190.1,
366875.9,
30483.69,
2264168,
0,
3483711,
519944.6,
115639.1,
196461.7,
1030757,
10483.47,
3133597,
0,
5006883,
96937.16,
95416.79,
190391.1,
438518.4,
5297.486,
2731417,
0,
3557978,
0,
0,
0,
0,
0,
0,
0,
0,
1.695354e+07,
8283170,
9103344,
2.783505e+07,
724963.5,
1.455635e+08,
0,
2.084635e+08,
2082, 
415392,
549965.1,
174568.3,
472490.1,
12625.91,
3293270,
0,
4918311,
2431940,
3203120,
1489305,
4099694,
128751,
1.325711e+07,
0,
2.460992e+07,
246604.5,
205886.4,
219095,
642660.8,
7800.9,
3063700,
0,
4385748,
84995.77,
7844.79,
108332.5,
305381,
15287.75,
1702742,
0,
2224583,
450539.6,
400659,
513407.8,
1423715,
15241.64,
2474330,
0,
5277893,
385419.1,
34256.52,
339307,
990409,
14272.3,
2775531,
0,
4539195,
144435,
48436.41,
348725.7,
479542.5,
8065.692,
2740853,
0,
3770058,
517954.7,
277802.4,
619146,
1448326,
13462.79,
4891101,
0,
7767793,
103164.5,
132168.7,
267844.9,
627731.7,
11345.63,
1969017,
0,
3111272,
106694.9,
197651.1,
108273.3,
242847.8,
3106.636,
1004580,
0,
1663154,
1820179,
161496.8,
1039394,
3929145,
57378.93,
4.125681e+07,
0,
4.82644e+07,
46525.78,
42431.35,
209180.9,
789180.2,
4617.467,
5349986,
0,
6441921,
151679.7,
6452.772,
291600.8,
346033.6,
22039.75,
2601285,
0,
3419092,
39238.84,
71551.62,
43718.84,
169238.4,
467.394,
501165.3,
0,
825380.4,
2979.264,
63582.27,
58560.95,
150764.2,
5109.475,
748345.3,
0,
1029342,
163291.5,
993021.9,
122934.8,
306023.8,
12947.83,
1489880,
0,
3088100,
0,
16452.31,
667279.3,
918012,
18481.39,
6095047,
0,
7715272,
689226.2,
319795.6,
427595.8,
2243347,
27132.77,
5847244,
0,
9554341,
84702.81,
26272.89,
85319.38,
377126.3,
9856.919,
2297535,
0,
2880814,
5670715,
793895.9,
727149.9,
3339199,
158522.9,
1.633675e+07,
0,
2.702623e+07,
823745.8,
200429.7,
402217.4,
1362394,
78458.31,
1.326699e+07,
0,
1.613424e+07,
922907.6,
89830.66,
250710.1,
860760.8,
37656.29,
1881025,
0,
4042890,
581661.6,
62622.75,
121964.9,
572903.2,
15027.82,
3558431,
0,
4912612,
499218.2,
204965.4,
124111.7,
369658.8,
30513.44,
2289228,
0,
3517695,
525128.4,
118121.4,
199793.4,
1048205,
10632.67,
3164819,
0,
5066700,
99189.24,
97747.51,
194187.8,
447326.3,
5359.721,
2784170,
0,
3627980,
0,
0,
0,
0,
0,
0,
0,
0,
1.700753e+07,
8326461,
9153726,
2.796211e+07,
724163.3,
1.466409e+08,
0,
2.098149e+08,
2083, 
417512,
554427.2,
175735.1,
475660.6,
12635.5,
3321199,
0,
4957169,
2454965,
3206140,
1491232,
4106255,
128958.5,
1.3392e+07,
0,
2.477955e+07,
249671.2,
207448.4,
220429.4,
646485.2,
7847.712,
3098135,
0,
4430017,
85449.02,
7953.448,
109455.1,
308527,
15301.59,
1720053,
0,
2246739,
450712.1,
403794.5,
515938.8,
1430766,
15299.09,
2481326,
0,
5297836,
387561.4,
34625.52,
342003.3,
998146.3,
14345.9,
2786134,
0,
4562817,
147275.7,
49057.7,
352221.5,
484513.1,
8152.811,
2801810,
0,
3843031,
530185.1,
285981.9,
634274.8,
1483805,
13720.86,
5012724,
0,
7960692,
105326.5,
135816.1,
273769.5,
641625,
11456.05,
2011548,
0,
3179541,
108250.2,
200673.5,
109434.8,
245429.8,
3120.244,
1018206,
0,
1685115,
1835268,
162370.5,
1043988,
3946559,
57490.2,
4.14752e+07,
0,
4.852088e+07,
46501.5,
42380.66,
208792.3,
787776.4,
4604.108,
5360414,
0,
6450469,
151549.8,
6450.922,
291379.6,
345787.6,
21851.49,
2600117,
0,
3417136,
39128.64,
71418.95,
43594.48,
168821.4,
473.2598,
503876.1,
0,
827312.8,
3033.632,
64198.91,
59016.01,
151992.2,
5136.959,
758040.4,
0,
1041418,
165020.6,
1001745,
123749.1,
308031,
12958.66,
1508568,
0,
3120072,
0,
16559.48,
670666.6,
922782.1,
18570.36,
6175211,
0,
7803790,
695683.4,
322211.4,
429712.5,
2254724,
27209.98,
5891551,
0,
9621092,
84346.04,
26116.26,
84754.98,
374613.3,
9768.199,
2286705,
0,
2866304,
5623729,
786988,
720503,
3309631,
156769.2,
1.62501e+07,
0,
2.684772e+07,
829173.1,
201322.6,
403391.7,
1366540,
78024.54,
1.335947e+07,
0,
1.623792e+07,
928279.1,
90181.2,
251329.6,
862966.6,
37640.13,
1891664,
0,
4062061,
580920.7,
62516.52,
121722.2,
571713.9,
14998.5,
3546824,
0,
4898696,
502030.1,
206451.1,
124860,
371966.4,
30510.59,
2310917,
0,
3546735,
531392.4,
120572.5,
203080.2,
1065422,
10775.87,
3203500,
0,
5134743,
101420.2,
99924.66,
197738.3,
455609.6,
5425.662,
2837902,
0,
3698021,
0,
0,
0,
0,
0,
0,
0,
0,
1.705438e+07,
8367327,
9202773,
2.808615e+07,
723045.9,
1.476032e+08,
0,
2.110369e+08,
2084, 
419538.3,
558928.1,
176912.1,
478856.7,
12643.02,
3346888,
0,
4993766,
2477102,
3211033,
1493797,
4114406,
129118.3,
1.353186e+07,
0,
2.495732e+07,
252761.7,
208824.3,
221615.7,
649905.2,
7889.517,
3129549,
0,
4470546,
85846.96,
8059.436,
110547.6,
311589.7,
15309.84,
1735859,
0,
2267212,
450647,
406800.1,
518330.5,
1437449,
15339.62,
2485410,
0,
5313977,
389385.4,
34993.22,
344681.6,
1005829,
14409.27,
2793132,
0,
4582431,
150139.2,
49717.37,
355899,
489707.4,
8233.519,
2863295,
0,
3916992,
541927,
294104.9,
649274.6,
1519001,
13988.87,
5128082,
0,
8146378,
107387.7,
139440.7,
279639.9,
655394.4,
11566.36,
2052924,
0,
3246353,
109810.8,
203517.2,
110535.6,
247874.7,
3130.268,
1030421,
0,
1705290,
1847744,
163058.6,
1047584,
3960428,
57566.25,
4.163427e+07,
0,
4.871065e+07,
46446.87,
42332.05,
208409.8,
786395.5,
4589.589,
5363932,
0,
6452106,
151324.9,
6444.84,
291003.6,
345370,
21649.68,
2597289,
0,
3413082,
38994.26,
71380.98,
43515.27,
168566.9,
480.084,
504659.4,
0,
827596.9,
3088.596,
64648.07,
59347.79,
152926.4,
5168.183,
767609.3,
0,
1052788,
166547.9,
1010019,
124516,
309929.5,
12968.33,
1526215,
0,
3150196,
0,
16661.86,
673927.1,
927383.6,
18652.62,
6255487,
0,
7892112,
701676.3,
324620.9,
431813.6,
2266015,
27263.58,
5932952,
0,
9684342,
84111.38,
25971.75,
84229.55,
372289.8,
9677.729,
2274769,
0,
2851049,
5579550,
780768.8,
714316.9,
3282131,
154944.9,
1.615322e+07,
0,
2.666493e+07,
834029.3,
202253.5,
404626.2,
1370874,
77583.69,
1.344197e+07,
0,
1.633133e+07,
933167.6,
90540.88,
251968.4,
865234.3,
37619.3,
1901120,
0,
4079651,
579797.6,
62254.06,
121227.8,
569379.8,
14953.79,
3527887,
0,
4875500,
504497.3,
207720.9,
125504.9,
373988.7,
30477.89,
2330183,
0,
3572373,
538503.8,
122985.6,
206310.9,
1082357,
10913.06,
3248386,
0,
5209457,
103627.7,
101977.1,
201087.1,
463460.4,
5496.935,
2892472,
0,
3768121,
0,
0,
0,
0,
0,
0,
0,
0,
1.709765e+07,
8409057,
9250622,
2.820674e+07,
721634.2,
1.484498e+08,
0,
2.121355e+08,
2085, 
421523.7,
562930.6,
177962.6,
481734.8,
12647.88,
3370004,
0,
5026804,
2498125,
3217886,
1497034,
4124241,
129260.6,
1.367475e+07,
0,
2.514129e+07,
254314.5,
209922.4,
222577.5,
652715.1,
7927.647,
3157373,
0,
4504830,
86212.45,
8159.596,
111575.7,
314478.5,
15314.44,
1750310,
0,
2286051,
450372.5,
409677.5,
520585.7,
1443772,
15361.84,
2487190,
0,
5326960,
390959.2,
35350.01,
347270,
1013266,
14466.28,
2798452,
0,
4599763,
153026.3,
50457.37,
359984.9,
495415.2,
8306.868,
2923809,
0,
3990999,
553311.6,
302175.4,
664156.8,
1553938,
14258.3,
5238055,
0,
8325895,
109338.1,
142995.2,
285386.3,
668892.4,
11677.46,
2093429,
0,
3311718,
111376.8,
206137.5,
111560.7,
250149.9,
3137.275,
1041668,
0,
1724031,
1858396,
163683.2,
1050830,
3973059,
57612.04,
4.175565e+07,
0,
4.885923e+07,
46380.76,
42289.22,
208050.5,
785100.8,
4574.899,
5363314,
0,
6449710,
151027,
6434.871,
290485.1,
344794.3,
21440.22,
2593636,
0,
3407818,
38858.91,
71443.32,
43486.23,
168492.4,
484.6968,
504877.4,
0,
827643.1,
3144.164,
64895.63,
59528.31,
153497.5,
5199.285,
777446.1,
0,
1063711,
167837.2,
1018334,
125285.4,
311832.6,
12976.74,
1542551,
0,
3178816,
0,
16745.44,
676654.9,
931292.3,
18730.02,
6336160,
0,
7979583,
707142.7,
327045.7,
433922.8,
2277334,
27305.45,
5972401,
0,
9745151,
83936.06,
25837.47,
83736.07,
370123.8,
9586.415,
2261934,
0,
2835154,
5539722,
775371.4,
708799.8,
3257403,
153071.1,
1.605204e+07,
0,
2.648641e+07,
838133.2,
203158.5,
405818.3,
1375067,
77136.27,
1.351393e+07,
0,
1.641324e+07,
937531.9,
90938.66,
252692.8,
867780.1,
37596,
1909275,
0,
4095814,
578516.8,
61990.65,
120715.5,
566983.3,
14902.01,
3506020,
0,
4849129,
506868.5,
208907.9,
126108.6,
375895.5,
30431.8,
2349088,
0,
3597300,
546134.4,
125368.9,
209495.2,
1099058,
11043.65,
3297839,
0,
5288939,
105806.4,
103808.7,
204086.8,
470565.6,
5571.426,
2948096,
0,
3837935,
0,
0,
0,
0,
0,
0,
0,
0,
1.7138e+07,
8451945,
9297790,
2.832688e+07,
720020.6,
1.492193e+08,
0,
2.131539e+08,
2086, 
423185.8,
566765.6,
178945.6,
484417.1,
12641.14,
3388079,
0,
5054035,
2518261,
3225826,
1500426,
4134310,
129355.2,
1.381244e+07,
0,
2.532061e+07,
255187.5,
210731.8,
223282.7,
654799.8,
7963.721,
3179451,
0,
4531416,
86565.99,
8255.814,
112547,
317214.2,
15311.39,
1763677,
0,
2303572,
449868,
412287.2,
522558.9,
1449344,
15371.86,
2487284,
0,
5336714,
392299.2,
35678.02,
349601.3,
1019986,
14521.23,
2804142,
0,
4616228,
155959.1,
51301.43,
364565.8,
501761,
8370.109,
2973676,
0,
4055633,
565111.4,
311004.3,
680059.3,
1591279,
14514.65,
5352528,
0,
8514497,
111284.4,
146781.9,
291392.9,
683021.1,
11783.95,
2136271,
0,
3380535,
112611,
208885.8,
112635.1,
252523.2,
3142.293,
1052753,
0,
1742550,
1867197,
164222,
1053575,
3983788,
57631.92,
4.184743e+07,
0,
4.897384e+07,
46328.4,
42253.56,
207748.5,
784013.6,
4562.697,
5361966,
0,
6446872,
150627.4,
6423.616,
289911.8,
344146.4,
21228.64,
2589027,
0,
3401365,
38752.11,
71592.7,
43502.8,
168587,
491.0945,
504978.7,
0,
827904.4,
3201.003,
65134.13,
59686.02,
154012.6,
5223.322,
788218.4,
0,
1075476,
168859.6,
1027456,
126130,
313916.9,
12983.14,
1557630,
0,
3206975,
0,
16813.06,
678853.8,
934503.1,
18801.83,
6415482,
0,
8064454,
711651.6,
329316.5,
435844.4,
2287629,
27344.43,
6006313,
0,
9798098,
83711.27,
25707.15,
83253.41,
368016.7,
9497.266,
2248438,
0,
2818624,
5505348,
770485.3,
703774.5,
3234825,
151276.8,
1.595408e+07,
0,
2.631979e+07,
841053.8,
203830.6,
406599.9,
1377920,
76655.77,
1.357347e+07,
0,
1.647953e+07,
940752.7,
91311.11,
253346.4,
870054.1,
37554.16,
1914966,
0,
4107985,
577377.3,
61663.8,
120108.7,
564154.1,
14861.06,
3486579,
0,
4824744,
509031,
210063.9,
126675.2,
377679.5,
30373.34,
2367743,
0,
3621566,
554012.6,
127837.6,
212741.2,
1116092,
11166.14,
3351378,
0,
5373228,
108028.7,
105783.1,
207206.3,
477969.3,
5642.108,
3008260,
0,
3912890,
0,
0,
0,
0,
0,
0,
0,
0,
1.717627e+07,
8497411,
9344972,
2.844596e+07,
718269.3,
1.499263e+08,
0,
2.141091e+08,
2087, 
424822.6,
570140.3,
179811.8,
486804.9,
12631.6,
3403489,
0,
5077700,
2538629,
3234539,
1504056,
4144967,
129489.6,
1.394572e+07,
0,
2.54974e+07,
255853.8,
211416.8,
223876.2,
656584.3,
8001.53,
3197855,
0,
4553588,
86949.2,
8347.46,
113467.8,
319813,
15306.54,
1776543,
0,
2320427,
449245.9,
414783,
524412.1,
1454596,
15377.42,
2486988,
0,
5345403,
393647.4,
35991,
351814.2,
1026386,
14586.74,
2812848,
0,
4635273,
158914.3,
52187.71,
369365.3,
508379.7,
8431.261,
3021357,
0,
4118635,
576694.7,
319688.8,
695682.3,
1628010,
14769.64,
5462523,
0,
8697368,
113119.2,
150577.2,
297391.9,
697122.9,
11896.34,
2178503,
0,
3448611,
113704.5,
211512.8,
113670.9,
254806.8,
3147.002,
1063862,
0,
1760704,
1875542,
164792.6,
1056491,
3995119,
57666.2,
4.195196e+07,
0,
4.910158e+07,
46284.36,
42210.34,
207422,
782831.7,
4551.18,
5360023,
0,
6443323,
150218.2,
6410.678,
289278,
343430.7,
21023.52,
2585073,
0,
3395434,
38663.91,
71816,
43558.31,
168821.6,
497.2257,
504862,
0,
828219.1,
3258.434,
65424.64,
59872.93,
154591.1,
5251.861,
799649.5,
0,
1088049,
169510.1,
1036564,
126972.2,
315993.9,
12986.54,
1570107,
0,
3232135,
0,
16869.64,
680740.1,
937305.4,
18879.52,
6491912,
0,
8145706,
715517.9,
331689.8,
437867.5,
2298404,
27384.95,
6038261,
0,
9849125,
83366.48,
25581.15,
82770.61,
365912.2,
9409.836,
2234822,
0,
2801863,
5475313,
765969.1,
699035,
3213460,
149502.9,
1.586568e+07,
0,
2.616896e+07,
843386.8,
204412.3,
407231.8,
1380290,
76203.74,
1.362735e+07,
0,
1.653887e+07,
942996.6,
91709.68,
254064,
872524.2,
37512.1,
1919798,
0,
4118605,
576340.5,
61343.75,
119496.6,
561303.6,
14832.68,
3472435,
0,
4805753,
511413.7,
211333.9,
127294.5,
379606.8,
30335.77,
2387877,
0,
3647862,
561723.7,
130332.7,
216010.8,
1133231,
11287.79,
3405069,
0,
5457655,
110238.7,
107675.5,
210181.7,
485051.4,
5715.801,
3068219,
0,
3987083,
0,
0,
0,
0,
0,
0,
0,
0,
1.721535e+07,
8543320,
9391835,
2.856535e+07,
716679.3,
1.506328e+08,
0,
2.150653e+08,
2088, 
426435.3,
573891.9,
180774.4,
489435,
12620.05,
3416905,
0,
5100061,
2558016,
3243880,
1507869,
4156072,
129660.2,
1.407054e+07,
0,
2.566603e+07,
256534.7,
212433.9,
224723.3,
659061.4,
8041.107,
3213975,
0,
4574769,
87383.58,
8435.834,
114351.4,
322311.7,
15300.33,
1789323,
0,
2337106,
448524.8,
417201.5,
526181.4,
1459622,
15379.5,
2486368,
0,
5353277,
395027.5,
36294.45,
353950.6,
1032577,
14667.52,
2825090,
0,
4657607,
161892.6,
53098.28,
374299.8,
515163,
8491.307,
3065926,
0,
4178871,
588047,
328129.2,
710867.7,
1663797,
15030.5,
5569921,
0,
8875792,
114889.8,
154267,
303213.6,
710837.7,
12016.22,
2220446,
0,
3515670,
114704.9,
214181.8,
114726.5,
257126,
3152.635,
1074902,
0,
1778794,
1883713,
165333,
1059246,
4005868,
57714.92,
4.207135e+07,
0,
4.924322e+07,
46246.54,
42154,
207047.8,
781472.4,
4540.591,
5357771,
0,
6439233,
149820.3,
6399.547,
288710.6,
342788.4,
20824.81,
2581843,
0,
3390387,
38590.75,
72093.49,
43643.96,
169163.6,
501.3252,
504559.8,
0,
828552.9,
3316.467,
65828.24,
60134.77,
155344.6,
5284.067,
811423.4,
0,
1101332,
169888.3,
1045554,
127802.1,
318040.5,
12986.45,
1579771,
0,
3254042,
0,
16913.61,
682278.2,
939653.9,
18962.39,
6562752,
0,
8220560,
718683.2,
334099.8,
439922.6,
2309323,
27435.38,
6069567,
0,
9899031,
82894.23,
25462.16,
82286.33,
363800.6,
9324.443,
2221262,
0,
2785030,
5447515,
762119.2,
694810.1,
3194300,
147762.7,
1.578381e+07,
0,
2.603031e+07,
845170.8,
205000.3,
407870.9,
1382678,
75753.04,
1.367622e+07,
0,
1.659269e+07,
944542.2,
92127.98,
254830.5,
875142.6,
37470,
1923858,
0,
4127972,
575329.5,
61038.23,
118889,
558480.1,
14820.28,
3464265,
0,
4792822,
514025.8,
212770.8,
127991.6,
381747.6,
30321.4,
2409110,
0,
3675967,
569165.1,
132834.1,
219276.9,
1150343,
11407.76,
3456641,
0,
5539669,
112407.6,
109517.8,
213061.8,
491914.9,
5794.182,
3127724,
0,
4060420,
0,
0,
0,
0,
0,
0,
0,
0,
1.725276e+07,
8591060,
9438761,
2.868606e+07,
715263.1,
1.513353e+08,
0,
2.160192e+08,
2089, 
428055.5,
577620.5,
181731.4,
492050.9,
12606.34,
3429899,
0,
5121964,
2575013,
3250906,
1510782,
4164872,
129841.7,
1.418175e+07,
0,
2.581317e+07,
257243.3,
213402.5,
225524.5,
661415.6,
8079.863,
3229806,
0,
4595472,
87859.42,
8520.87,
115196.5,
324707,
15292.11,
1801980,
0,
2353556,
447697.6,
419577.3,
527901.4,
1464510,
15378.2,
2485282,
0,
5360347,
396437.4,
36585.2,
355987.3,
1038498,
14757.75,
2840002,
0,
4682268,
164894.6,
53996.81,
379192.3,
521885.5,
8550.941,
3106547,
0,
4235067,
599159.4,
336379.1,
725708.4,
1698836,
15284.82,
5672950,
0,
9048317,
116661.7,
158017.3,
309108.2,
724699.2,
12142.03,
2262136,
0,
3582764,
115595.2,
216831.4,
115775.8,
259427.6,
3158.495,
1085589,
0,
1796377,
1891703,
165911.4,
1062197,
4017322,
57777.45,
4.220238e+07,
0,
4.939729e+07,
46206.61,
42109.39,
206725.4,
780292.6,
4531.083,
5354679,
0,
6434544,
149439.6,
6391.619,
288261.6,
342277,
20631.66,
2579198,
0,
3386200,
38536.12,
72396.11,
43745.75,
169562.4,
505.4175,
504314.6,
0,
829060.4,
3375.111,
66455.25,
60557.96,
156484,
5318.861,
822991.3,
0,
1115183,
170179.9,
1054485,
128625.7,
320071,
12984.02,
1587470,
0,
3273816,
0,
16955.68,
683786.6,
941964.1,
19048.18,
6626408,
0,
8288163,
721105.3,
336471,
441930,
2320002,
27486.3,
6099751,
0,
9946745,
82297.35,
25345.28,
81788.03,
361617.3,
9241.497,
2207963,
0,
2768252,
5418290,
758644.5,
690864.8,
3176352,
146055.7,
1.570158e+07,
0,
2.589179e+07,
846573.7,
205524.7,
408401.4,
1384718,
75327.17,
1.372043e+07,
0,
1.664097e+07,
945423.3,
92527.95,
255559.4,
877631.1,
37426.73,
1927113,
0,
4135681,
574177.4,
60872.05,
118483.2,
556605.4,
14814.46,
3459423,
0,
4784376,
516778.5,
214348.7,
128754.3,
384069.2,
30316.33,
2430434,
0,
3704701,
576271.1,
135348.5,
222548.1,
1167473,
11526.1,
3506148,
0,
5619315,
114500.6,
111359.9,
215924.4,
498726.6,
5875.795,
3185665,
0,
4132052,
0,
0,
0,
0,
0,
0,
0,
0,
1.728347e+07,
8636984,
9485061,
2.880607e+07,
713959,
1.520119e+08,
0,
2.169374e+08,
2090, 
429676.3,
581477.4,
182721.1,
494749.8,
12590.45,
3442812,
0,
5144027,
2588274,
3254897,
1512519,
4170664,
130008.5,
1.426974e+07,
0,
2.59261e+07,
257990.3,
214200.1,
226180.3,
663378.3,
8118.114,
3245717,
0,
4615584,
88367.06,
8604.289,
116021.1,
327047.4,
15278.77,
1814814,
0,
2370133,
446747.3,
421835.5,
529497.8,
1469070,
15374.15,
2483553,
0,
5366078,
397854.1,
36863.05,
357923.4,
1044148,
14849.34,
2855366,
0,
4707004,
167921.1,
54837.9,
383819.5,
528264,
8614.263,
3142998,
0,
4286455,
610063.5,
344499.6,
740307.8,
1733348,
15541.97,
5771167,
0,
9214928,
118484.6,
161804.2,
315040.3,
738633.2,
12273.85,
2303906,
0,
3650143,
116340.3,
219433.4,
116804.3,
261683.2,
3163.983,
1095594,
0,
1813019,
1899357,
166447,
1064908,
4027929,
57850.55,
4.233923e+07,
0,
4.955572e+07,
46155.78,
42066.99,
206414.8,
779151.6,
4521.177,
5349357,
0,
6427667,
149071.3,
6386.313,
287910.4,
341874.3,
20439.68,
2576713,
0,
3382395,
38495.38,
72730.88,
43866.64,
170029.2,
509.4629,
504222.7,
0,
829854.2,
3434.375,
67217.84,
61078.84,
157857.9,
5354.398,
833768.9,
0,
1128712,
170433.7,
1062826,
129391.3,
321966,
12979.42,
1593463,
0,
3291059,
0,
16992.01,
685186.9,
944137.3,
19136.78,
6683150,
0,
8348603,
723090,
338850,
443938.8,
2330679,
27526.59,
6127694,
0,
9991777,
81626.35,
25234.5,
81287.13,
359415.4,
9160.335,
2194825,
0,
2751549,
5385853,
755801.1,
687401.4,
3160485,
144383.6,
1.561451e+07,
0,
2.574843e+07,
847853.3,
206024.1,
408887.4,
1386610,
74892.2,
1.37582e+07,
0,
1.668247e+07,
945834.8,
92871.63,
256163.9,
879712.9,
37377.91,
1929441,
0,
4141402,
572778.8,
60710.21,
118072.2,
554717,
14813,
3455201,
0,
4776292,
519511.2,
216059.5,
129577.6,
386558.8,
30309.08,
2450592,
0,
3732608,
583022.5,
137861.4,
225806.1,
1184532,
11644.05,
3553373,
0,
5696238,
116503.7,
113263.9,
218867.6,
505697.7,
5961.947,
3241584,
0,
4201879,
0,
0,
0,
0,
0,
0,
0,
0,
1.730474e+07,
8679795,
9529593,
2.892234e+07,
712673.6,
1.52631e+08,
0,
2.177801e+08,
2091, 
431024.6,
584851.8,
183566.2,
497065.3,
12564.43,
3453479,
0,
5162552,
2595888,
3254300,
1512358,
4171500,
130063.6,
1.43225e+07,
0,
2.59866e+07,
258657.3,
214768.4,
226633.5,
664765.8,
8151.571,
3259888,
0,
4632864,
88889.74,
8689.072,
116846.7,
329391.7,
15253.15,
1827906,
0,
2386977,
445656.6,
424010.8,
531020.3,
1473426,
15365.69,
2480545,
0,
5370025,
399144,
37128.61,
359738.7,
1049452,
14928.22,
2867778,
0,
4728170,
170544.2,
55627.84,
388155.2,
534276.1,
8674.987,
3176665,
0,
4333944,
621317.3,
353344.3,
755810.8,
1770000,
15777.51,
5871877,
0,
9388127,
120481.7,
166004.6,
321486.6,
753735.8,
12397.23,
2348920,
0,
3723026,
116899.8,
221773.9,
117717,
263697.8,
3166.827,
1104627,
0,
1827882,
1905620,
166841.2,
1066804,
4035533,
57893.96,
4.244228e+07,
0,
4.967497e+07,
46102.58,
42039.73,
206185.7,
778310.2,
4511.734,
5342913,
0,
6420063,
148666,
6374.304,
287310.8,
341189.2,
20238.28,
2573046,
0,
3376825,
38474.52,
73112.27,
44013.4,
170591.7,
513.4418,
504418.7,
0,
831124,
3493.949,
68088.33,
61667.7,
159399.5,
5389.831,
843709.1,
0,
1141749,
170736.1,
1070714,
130105.3,
323747.7,
12970.18,
1598932,
0,
3307205,
0,
17025.77,
686525.6,
946233.3,
19215.4,
6733112,
0,
8402112,
724708.6,
340992.3,
445685,
2339992,
27540.32,
6149686,
0,
1.00286e+07,
80950.04,
25123.26,
80782.75,
357200.5,
9079.912,
2181150,
0,
2734287,
5352000,
753067.7,
684162.1,
3145618,
142818.4,
1.552292e+07,
0,
2.560058e+07,
848882.5,
206432.6,
409199.7,
1387927,
74389.01,
1.378535e+07,
0,
1.671218e+07,
945630.2,
93107.77,
256512.2,
880931.1,
37305.46,
1929466,
0,
4142953,
571095.2,
60582.73,
117712.1,
553083.4,
14810.21,
3447829,
0,
4765112,
521794.7,
217812.2,
130401.1,
389034.4,
30264.75,
2467309,
0,
3756616,
589584.9,
140451.6,
229114.6,
1201871,
11751.16,
3599954,
0,
5772727,
118502.4,
115331.5,
221970.3,
513047.9,
6046.361,
3299531,
0,
4274429,
0,
0,
0,
0,
0,
0,
0,
0,
1.731474e+07,
8717597,
9571486,
2.903102e+07,
711081.6,
1.531358e+08,
0,
2.184817e+08,
2092, 
432297.9,
588453.7,
184469.1,
499527.4,
12535.87,
3463428,
0,
5180712,
2598251,
3251652,
1511362,
4170166,
130046.3,
1.434213e+07,
0,
2.60036e+07,
259364.6,
215360.8,
227096.4,
666182.2,
8179.625,
3274160,
0,
4650344,
89407.16,
8773.846,
117669,
331726,
15218.13,
1840739,
0,
2403534,
444407.4,
426039.7,
532391.4,
1477385,
15349.21,
2476268,
0,
5371841,
400388.7,
37384.98,
361481.9,
1054560,
14990.28,
2875864,
0,
4744670,
171894.3,
56322.15,
392022,
539688.2,
8736.845,
3208237,
0,
4376900,
632464.7,
362167.1,
771238.3,
1806470,
16009.32,
5963893,
0,
9552241,
122602.1,
170198.1,
327899.6,
768757.8,
12520.88,
2394662,
0,
3796641,
117359.8,
223915.9,
118540.6,
265528.5,
3166.334,
1112655,
0,
1841166,
1911366,
167235.4,
1068677,
4043073,
57923.04,
4.253088e+07,
0,
4.977915e+07,
46034.47,
42030.97,
206034.1,
777744.3,
4500.471,
5334861,
0,
6411205,
148261.8,
6358.982,
286589.4,
340369.1,
20028.31,
2568833,
0,
3370441,
38465.25,
73529.77,
44180.66,
171227.8,
517.2963,
504774.1,
0,
832694.8,
3519.515,
68921.63,
62225.27,
160866.3,
5434.849,
852591.3,
0,
1153559,
171081.8,
1077701,
130730.8,
325324.2,
12958.28,
1604766,
0,
3322561,
0,
17052.85,
687811.1,
948275.9,
19289.49,
6777201,
0,
8449630,
726245.1,
343064.8,
447352.2,
2348914,
27524.34,
6169112,
0,
1.006221e+07,
80285.3,
25016.79,
80285.82,
355027.2,
8998.448,
2166749,
0,
2716362,
5315357,
751175.5,
681567.1,
3133537,
141219.6,
1.54228e+07,
0,
2.544565e+07,
849817.6,
206904.3,
409612.4,
1389564,
73880.07,
1.380395e+07,
0,
1.673373e+07,
945384.1,
93318.03,
256803.2,
881961.3,
37222.21,
1928459,
0,
4143148,
569174.6,
60440.62,
117319.1,
551318.6,
14795.61,
3435704,
0,
4748753,
523808.7,
219626.9,
131252,
391585.8,
30192.27,
2481452,
0,
3777918,
595891.9,
142946.7,
232290.4,
1218560,
11852.56,
3644583,
0,
5846124,
120417.7,
117279.7,
224874.7,
519960.8,
6133.279,
3354816,
0,
4343482,
0,
0,
0,
0,
0,
0,
0,
0,
1.731355e+07,
8752872,
9611775,
2.91373e+07,
709222.9,
1.535336e+08,
0,
2.190583e+08,
2093, 
433419.1,
591658.5,
185270.8,
501734.7,
12504.15,
3471990,
0,
5196577,
2596006,
3247994,
1509919,
4167639,
129961.1,
1.433205e+07,
0,
2.598357e+07,
260104.8,
215622.9,
227283.3,
666854.8,
8202.495,
3288432,
0,
4666500,
89905.84,
8855.406,
118453,
333958,
15173.63,
1853074,
0,
2419420,
443052.2,
427942.5,
533631.6,
1480999,
15323.65,
2471007,
0,
5371956,
401582.4,
37628.23,
363124.6,
1059397,
15032.42,
2878721,
0,
4755486,
173216,
56926.36,
395433.4,
544518.6,
8800.559,
3237845,
0,
4416740,
643525.1,
371167.7,
786919.7,
1843465,
16218.17,
6046025,
0,
9707321,
124877.1,
174477.2,
334415.3,
783989.6,
12642.37,
2441517,
0,
3871919,
117782,
225719,
119216.4,
267054.8,
3162.067,
1119770,
0,
1852704,
1916628,
167638.9,
1070578,
4050735,
57935.51,
4.260615e+07,
0,
4.986966e+07,
45956.81,
42039.84,
205958.3,
777446.6,
4487.15,
5325875,
0,
6401764,
147859.5,
6342.838,
285836.3,
339513.9,
19810.18,
2564058,
0,
3363420,
38470.88,
73979.38,
44366.54,
171930.5,
521.0445,
505338.2,
0,
834606.6,
3543.22,
69746.59,
62776.02,
162315.4,
5466.725,
860732.6,
0,
1164581,
171467.2,
1083719,
131261.3,
326680.3,
12943.52,
1610993,
0,
3337064,
0,
17081.21,
689291.8,
950598.1,
19359.45,
6815975,
0,
8492305,
727668.5,
345109.9,
448985.3,
2357661,
27475.11,
6187339,
0,
1.009424e+07,
79635.88,
24912.65,
79792.77,
352882.5,
8915.166,
2151475,
0,
2697614,
5276652,
749267.9,
678962.9,
3121412,
139577.5,
1.531674e+07,
0,
2.528261e+07,
850670.8,
207349.4,
409977.7,
1391046,
73357.86,
1.381751e+07,
0,
1.674991e+07,
945073.7,
93504.95,
257042.5,
882821.5,
37127.86,
1927102,
0,
4142672,
567027.9,
60285.59,
116911.7,
549484.4,
14767.55,
3418653,
0,
4727131,
525542.6,
221490.7,
132126,
394199.2,
30095.53,
2493186,
0,
3796640,
602089.4,
145368,
235363.3,
1234743,
11943.85,
3688179,
0,
5917686,
122270.4,
119166.4,
227678.9,
526638.8,
6221.171,
3407918,
0,
4409894,
0,
0,
0,
0,
0,
0,
0,
0,
1.730403e+07,
8784995,
9650577,
2.923972e+07,
707025.8,
1.538376e+08,
0,
2.19524e+08,
2094, 
434507,
595063.3,
186123.6,
504071.4,
12470.04,
3480232,
0,
5212468,
2590539,
3246332,
1509155,
4166794,
129816.5,
1.430061e+07,
0,
2.594324e+07,
260860.6,
215972.5,
227528.3,
667688.4,
8220.908,
3302409,
0,
4682680,
90378.14,
8937.819,
119243.7,
336206.2,
15121.38,
1864807,
0,
2434695,
441704,
429651.3,
534673.8,
1484096,
15287.78,
2465335,
0,
5370748,
402720,
37861.37,
364689.8,
1064024,
15054.92,
2876770,
0,
4761120,
174518.6,
57509.57,
398720,
549186.3,
8847.866,
3265832,
0,
4454615,
654472.6,
380356.7,
802873.9,
1881030,
16418.73,
6120308,
0,
9855460,
127305.5,
178712.8,
340845.8,
799031.3,
12765.2,
2489846,
0,
3948506,
118184.3,
227435.9,
119841.9,
268478.6,
3154.108,
1126252,
0,
1863347,
1921500,
168033,
1072418,
4058177,
57926.49,
4.266916e+07,
0,
4.994721e+07,
45877.82,
42070.2,
205975.8,
777479,
4471.977,
5316938,
0,
6392813,
147463.2,
6327.646,
285116.5,
338695.4,
19584.37,
2558839,
0,
3356026,
38487.72,
74463.64,
44571.72,
172702.7,
524.6838,
506056.8,
0,
836807.3,
3567.377,
70512.38,
63285.12,
163664.1,
5497.355,
868517.8,
0,
1175044,
171882.8,
1088909,
131710,
327846.5,
12925.75,
1617512,
0,
3350786,
0,
17082.75,
690361.1,
952412.8,
19426.42,
6852443,
0,
8531725,
729024.9,
347205.3,
450665.6,
2366630,
27392.9,
6204919,
0,
1.012584e+07,
79000.57,
24820.07,
79315.15,
350825,
8829.259,
2135148,
0,
2677938,
5237252,
747325.6,
676338.3,
3109204,
137881.2,
1.52076e+07,
0,
2.51156e+07,
851474.3,
207880.2,
410481,
1392969,
72823.13,
1.382912e+07,
0,
1.676475e+07,
944675.7,
93664.51,
257220.8,
883482.4,
37022.52,
1925479,
0,
4141545,
564702,
60119.88,
116483.7,
547563.4,
14730.18,
3399047,
0,
4702647,
527031.2,
223368.8,
133009.1,
396836.1,
29981.91,
2502853,
0,
3813080,
608334.9,
147728.4,
238351.3,
1250508,
12026.73,
3731744,
0,
5988693,
124074.5,
120983.4,
230366.4,
533056.4,
6308.728,
3459572,
0,
4474362,
0,
0,
0,
0,
0,
0,
0,
0,
1.728954e+07,
8818328,
9689365,
2.934266e+07,
704511.1,
1.540773e+08,
0,
2.199217e+08,
2095, 
435710.4,
598431.3,
186967.5,
506386,
12433.99,
3489475,
0,
5229404,
2583907,
3247680,
1509495,
4168738,
129621.2,
1.425935e+07,
0,
2.589879e+07,
261612,
216546.4,
227945,
668990.9,
8235.063,
3315813,
0,
4699142,
90818.43,
9021.986,
120051.6,
338497.3,
15063.5,
1875868,
0,
2449320,
440477.7,
431251.8,
535602.9,
1486893,
15241.77,
2459873,
0,
5369340,
403837.6,
38085.51,
366185.8,
1068462,
15062.77,
2871911,
0,
4763545,
175810.7,
58105.59,
402048.6,
553903.4,
8897.232,
3292816,
0,
4491582,
665281.3,
389664.2,
818987.7,
1918925,
16602.95,
6188646,
0,
9998107,
129841,
182947.8,
347255.2,
814020.1,
12882.88,
2539530,
0,
4026477,
118595.2,
229137.4,
120446.9,
269861.3,
3143.419,
1132681,
0,
1873866,
1926143,
168520.3,
1074745,
4067376,
57898.17,
4.272402e+07,
0,
5.00187e+07,
45805.68,
42134.81,
206140.3,
778030.4,
4456.319,
5309249,
0,
6385816,
147077.8,
6313.215,
284423.6,
337906.3,
19354.29,
2553393,
0,
3348468,
38510.71,
74976.68,
44793.21,
173533,
528.2454,
506856.1,
0,
839197.9,
3592.729,
71303.45,
63814.12,
165061.1,
5526.733,
876240.1,
0,
1185538,
172322.5,
1092724,
132022.9,
328697,
12904.45,
1624262,
0,
3362933,
0,
17077.37,
691613.3,
954507.7,
19491.2,
6886594,
0,
8569284,
730346.5,
349286.9,
452326.8,
2375496,
27283.51,
6222475,
0,
1.015721e+07,
78378.43,
24737.06,
78850.63,
348843.3,
8740.799,
2117895,
0,
2657445,
5197215,
745070.8,
673494.3,
3096015,
136118,
1.509623e+07,
0,
2.494415e+07,
852272.9,
208532,
411182.2,
1395527,
72279.4,
1.383997e+07,
0,
1.677976e+07,
944192.4,
93847.13,
257452.3,
884311,
36906.96,
1923627,
0,
4140337,
562264.4,
59949.64,
116047,
545605.3,
14684.73,
3378323,
0,
4676874,
528365.8,
225262.8,
133904.8,
399505.9,
29858.11,
2511015,
0,
3827913,
614747.4,
150050.4,
241284.3,
1265998,
12100.96,
3776043,
0,
6060225,
125827.2,
122675.1,
232856.4,
539043.6,
6391.836,
3509905,
0,
4536700,
0,
0,
0,
0,
0,
0,
0,
0,
1.727295e+07,
8853333,
9729937,
2.945013e+07,
701708.5,
1.542821e+08,
0,
2.202901e+08,
2096, 
436844.8,
601413.2,
187699.2,
508399.9,
12390.69,
3498209,
0,
5244957,
2577199,
3252017,
1510883,
4173270,
129367.4,
1.421482e+07,
0,
2.585755e+07,
262201.1,
217038.6,
228278.9,
670041.9,
8244.946,
3326668,
0,
4712473,
91231.83,
9109.746,
120889.7,
340869.8,
15000.21,
1886519,
0,
2463620,
439479.5,
432762.9,
536467.1,
1489517,
15192.67,
2455256,
0,
5368675,
404918.3,
38292.98,
367542.6,
1072511,
15060.4,
2866113,
0,
4764438,
177075.5,
58736.11,
405464,
558731.3,
8938.142,
3319523,
0,
4528468,
676283,
399692.8,
835952.4,
1958831,
16768.2,
6262353,
0,
1.014988e+07,
132521.6,
187473.4,
353982.8,
829755.1,
12986.97,
2593213,
0,
4109933,
119018.9,
230921,
121066.2,
271273.1,
3130.685,
1139290,
0,
1884700,
1929723,
168942.6,
1076697,
4075092,
57839.52,
4.275547e+07,
0,
5.006376e+07,
45750.57,
42241.07,
206493.1,
779248.8,
4442.561,
5303877,
0,
6382053,
146671.9,
6299.729,
283763.1,
337146.6,
19122.21,
2547166,
0,
3340169,
38532.56,
75513.74,
45026.05,
174402.2,
531.6671,
507653.9,
0,
841660.1,
3618.72,
72151.63,
64375.36,
166539.1,
5556.202,
884269.8,
0,
1196511,
172744.8,
1096506,
132318.4,
329502.9,
12875.38,
1630953,
0,
3374901,
0,
17049.5,
692749.1,
956488.8,
19545.85,
6917341,
0,
8603174,
731473.6,
351155.7,
453764.8,
2383211,
27152.34,
6238425,
0,
1.018518e+07,
77791.18,
24671.38,
78429.27,
347065.2,
8656.261,
2100986,
0,
2637599,
5156314,
742788.8,
670747.6,
3083195,
134416.8,
1.498138e+07,
0,
2.476884e+07,
853012.3,
209384.3,
412205,
1399107,
71721.78,
1.384987e+07,
0,
1.67953e+07,
943134.5,
94011.68,
257636.5,
884952.3,
36773.38,
1920469,
0,
4136977,
559582.3,
59743.22,
115553.8,
543386.2,
14639.08,
3356665,
0,
4649570,
529420.8,
226917.9,
134686,
401845.6,
29722.69,
2517182,
0,
3839775,
621558.9,
152430.5,
244252,
1281696,
12172.28,
3823429,
0,
6135539,
127588.1,
124536.4,
235517.9,
545451.1,
6467.367,
3562802,
0,
4602363,
0,
0,
0,
0,
0,
0,
0,
0,
1.725369e+07,
8891801,
9772441,
2.956153e+07,
698715.7,
1.544599e+08,
0,
2.206381e+08,
2097, 
438264.8,
604668.8,
188501.2,
510591.6,
12346.39,
3509421,
0,
5263794,
2572388,
3259283,
1513476,
4180897,
129144.1,
1.417873e+07,
0,
2.583391e+07,
262753.4,
217512,
228595.7,
671052.9,
8257.859,
3336925,
0,
4725097,
91612,
9199.939,
121752.5,
343306.1,
14936.02,
1896455,
0,
2477262,
438736.3,
434290.7,
537343.2,
1492161,
15140.93,
2451755,
0,
5369427,
406021.7,
38499.1,
368887.3,
1076524,
15059.87,
2862440,
0,
4767432,
178331.3,
59434.94,
409199.9,
563961.1,
8978.052,
3345906,
0,
4565812,
686967.7,
409425.5,
852394.1,
1997598,
16918.63,
6338538,
0,
1.030184e+07,
135211,
192031.8,
360732.1,
845526.1,
13095.96,
2648036,
0,
4194633,
119509.2,
232903.6,
121756.7,
272832.6,
3118.52,
1146349,
0,
1896470,
1933311,
169292.5,
1078273,
4081440,
57777.37,
4.279022e+07,
0,
5.011032e+07,
45708.89,
42369.42,
206945.3,
780812.8,
4430.225,
5300450,
0,
6380716,
146284.1,
6292.79,
283345.7,
336656.4,
18892.31,
2540909,
0,
3332381,
38551.09,
76057.98,
45263.71,
175286.9,
535.0194,
508392.4,
0,
844087.1,
3644.61,
73022.41,
64953.43,
168057.3,
5583.194,
892563.6,
0,
1207825,
173175.4,
1099828,
132567.1,
330198,
12843.01,
1637727,
0,
3386339,
0,
16989.93,
693896.8,
958539.1,
19605.79,
6947746,
0,
8636777,
732658.6,
352952,
455123.2,
2390531,
27014.29,
6255242,
0,
1.021352e+07,
77209.82,
24616.43,
78030.81,
345395.1,
8572.373,
2084335,
0,
2618159,
5114541,
740259.5,
667830.1,
3069607,
132728.4,
1.486535e+07,
0,
2.459031e+07,
853815.8,
210419.3,
413536,
1403664,
71163.61,
1.386095e+07,
0,
1.681355e+07,
941902.7,
94150.34,
257763.1,
885405.3,
36633.02,
1916972,
0,
4132826,
556930,
59539.3,
115072.7,
541206,
14597.96,
3336338,
0,
4623684,
530515.3,
228550,
135464.9,
404178.2,
29591.74,
2523080,
0,
3851380,
628607.2,
154777.5,
247171.4,
1297151,
12238.22,
3872173,
0,
6212118,
129266.3,
126454.4,
238259.6,
552036.4,
6540.22,
3614372,
0,
4666929,
0,
0,
0,
0,
0,
0,
0,
0,
1.723592e+07,
8932821,
9816136,
2.967461e+07,
695743.1,
1.546614e+08,
0,
2.210166e+08,
2098, 
440114.9,
607577.5,
189214.9,
512560.6,
12301.15,
3524360,
0,
5286129,
2570127,
3275887,
1519643,
4197695,
128977.5,
1.41553e+07,
0,
2.584763e+07,
263260.8,
218042.1,
228955.9,
672188.1,
8276.033,
3346470,
0,
4737193,
91969.13,
9291.885,
122633,
345787.1,
14871.23,
1905870,
0,
2490422,
438273.9,
435847.3,
538243.4,
1494858,
15089.65,
2449683,
0,
5371995,
407087.9,
38701.66,
370204,
1080457,
15069.25,
2862490,
0,
4774011,
179569.8,
60171.64,
413108,
569406.4,
9017.685,
3371838,
0,
4603112,
697220.9,
418924.5,
868419.5,
2035457,
17079.94,
6419061,
0,
1.045616e+07,
137829,
196645.6,
367535.8,
861402.8,
13213.34,
2703680,
0,
4280307,
120088,
235238.5,
122583.2,
274673,
3108.501,
1153991,
0,
1909682,
1936873,
169677.5,
1080043,
4088460,
57723.64,
4.28329e+07,
0,
5.016568e+07,
45677.3,
42518.1,
207488.6,
782692.3,
4419.812,
5298400,
0,
6381196,
145915.8,
6287.813,
283004.3,
336250.5,
18666.9,
2534632,
0,
3324757,
38561.52,
76613.28,
45507.16,
176191.1,
538.288,
509001.2,
0,
846412.6,
3670.062,
73862.01,
65510.43,
169525.1,
5611.128,
901187.6,
0,
1219366,
173613.2,
1103700,
132868.3,
331013,
12808.85,
1644573,
0,
3398577,
0,
16906.81,
695460.1,
961196.3,
19670.45,
6980017,
0,
8673251,
733930.3,
354666.3,
456391.9,
2397406,
26876.75,
6273053,
0,
1.024232e+07,
76632.38,
24576.54,
77668.5,
343890,
8490.374,
2068368,
0,
2599626,
5072717,
737887.4,
665043.3,
3056561,
131061.2,
1.474986e+07,
0,
2.441313e+07,
854718.3,
211597.5,
415110,
1408987,
70606.34,
1.387392e+07,
0,
1.683494e+07,
940483.5,
94300.27,
257916.1,
885940.1,
36486.38,
1913145,
0,
4128272,
554344.5,
59344.91,
114610.4,
539106.5,
14559.83,
3317894,
0,
4599860,
531705.9,
230130.4,
136228.5,
406468.7,
29464.29,
2529405,
0,
3863403,
635824.6,
157135.3,
250098.9,
1312637,
12301.44,
3921898,
0,
6289896,
130830.8,
128471.1,
241150.6,
558940.8,
6610.757,
3664358,
0,
4730363,
0,
0,
0,
0,
0,
0,
0,
0,
1.722104e+07,
8984003,
9864640,
2.979975e+07,
692900.8,
1.549054e+08,
0,
2.214677e+08,
2099, 
442167.5,
610511.8,
189935.2,
514545.8,
12254.7,
3540998,
0,
5310413,
2570374,
3300038,
1528756,
4222073,
128875.9,
1.414607e+07,
0,
2.589618e+07,
263726,
218513.7,
229271.9,
673213.3,
8301.437,
3355350,
0,
4748376,
92317.22,
9383.393,
123507.3,
348250.7,
14805.88,
1915041,
0,
2503305,
438030,
437506.4,
539241.2,
1497796,
15042.52,
2448968,
0,
5376585,
408096.8,
38897.7,
371470.8,
1084254,
15098.67,
2866928,
0,
4784746,
180777.2,
60925.67,
417086.4,
574938,
9059.248,
3397025,
0,
4639812,
706997.9,
428110.4,
883904.9,
2072143,
17272.75,
6505733,
0,
1.061416e+07,
140328.6,
201265,
374323.3,
877235.5,
13340.47,
2760049,
0,
4366542,
120764.5,
237711,
123461,
276620.4,
3101.84,
1162538,
0,
1924196,
1940305,
170126.6,
1082166,
4096721,
57691.92,
4.288704e+07,
0,
5.023406e+07,
45649.8,
42687.4,
208122.3,
784884.8,
4411.999,
5296787,
0,
6382544,
145567.3,
6278.418,
282502.9,
335667.1,
18448.23,
2528291,
0,
3316755,
38560.96,
77161.88,
45747.31,
177082.1,
541.517,
509440.6,
0,
848534.4,
3694.993,
74645.8,
66029.68,
170902.9,
5639.768,
910146.6,
0,
1231060,
174054.8,
1107475,
133158.6,
331800.8,
12773.06,
1651464,
0,
3410727,
0,
16831.62,
698119.5,
965367.6,
19739.87,
7014580,
0,
8714638,
735297.9,
356219,
457487.9,
2403431,
26747.87,
6291650,
0,
1.027083e+07,
76053,
24542.15,
77337.25,
342524.8,
8411.607,
2053648,
0,
2582517,
5031570,
735741.3,
662436.1,
3044272,
129429,
1.463671e+07,
0,
2.424015e+07,
855750.5,
212815,
416754.6,
1414524,
70088.2,
1.388957e+07,
0,
1.68595e+07,
938882.3,
94460.63,
258092.9,
886550.4,
36337.1,
1909032,
0,
4123355,
551809.7,
59149.61,
114152.1,
537013.7,
14528.74,
3301239,
0,
4577893,
533075.5,
231631.3,
136963.2,
408680.9,
29343.25,
2536724,
0,
3876418,
643087.4,
159481,
253005.5,
1328013,
12366.73,
3971860,
0,
6367813,
132282.7,
130543,
244113.6,
566005.6,
6679.119,
3712588,
0,
4792212,
0,
0,
0,
0,
0,
0,
0,
0,
1.720922e+07,
9042653,
9917148,
2.993451e+07,
690331.3,
1.551995e+08,
0,
2.219933e+08,
2100, 
444143.8,
613080,
190561.5,
516293.1,
12205.88,
3556876,
0,
5333161,
2572627,
3326200,
1538815,
4248920,
128824.9,
1.414908e+07,
0,
2.596447e+07,
264154.4,
219025.3,
229620.4,
674335.8,
8334.803,
3363644,
0,
4759114,
92670.04,
9472.941,
124359.2,
350653.9,
14739.66,
1924249,
0,
2516145,
437976.6,
439244.8,
540313.8,
1500919,
15001.17,
2449532,
0,
5382988,
409041.1,
39089.71,
372706.5,
1087964,
15149.72,
2875602,
0,
4799553,
181940.9,
61695.97,
421129.1,
580546.7,
9103.717,
3421199,
0,
4675615,
716433.4,
437176.2,
899165.1,
2108330,
17451.75,
6599231,
0,
1.077779e+07,
142694.9,
205957.5,
381189.8,
893227.7,
13475.69,
2817124,
0,
4453670,
121524.2,
240267.2,
124368,
278629.7,
3098.734,
1172003,
0,
1939891,
1943512,
170627.4,
1084580,
4105996,
57685.33,
4.294983e+07,
0,
5.031223e+07,
45620.31,
42849.59,
208733.3,
786991.3,
4406.152,
5294511,
0,
6383112,
145237.4,
6267.042,
281929.6,
335003.7,
18235.05,
2521820,
0,
3308493,
38550.48,
77675.48,
45970.2,
177910.2,
544.6518,
509728.4,
0,
850379.4,
3719.614,
75352.93,
66497.7,
172159.2,
5668.684,
919398.7,
0,
1242797,
174491.7,
1111955,
133517.5,
332747.1,
12736,
1658313,
0,
3423760,
0,
16761.36,
701784.9,
970942.8,
19813.41,
7051204,
0,
8760506,
736748.4,
357583,
458382.9,
2408468,
26627.6,
6310552,
0,
1.029836e+07,
75462.13,
24515.08,
77041.55,
341317,
8336.083,
2040105,
0,
2566777,
4991169,
733515.4,
659769.2,
3031721,
127817.3,
1.452566e+07,
0,
2.406965e+07,
856937.9,
213973.1,
418306.4,
1419750,
69532.01,
1.390816e+07,
0,
1.688666e+07,
937086.9,
94633.83,
258298.6,
887252.9,
36186.58,
1904609,
0,
4118068,
549245.4,
58958.97,
113705.1,
534964.7,
14500.28,
3286062,
0,
4557437,
534654.2,
232928.5,
137609.5,
410651.5,
29224.05,
2545193,
0,
3890260,
650310.8,
161815.3,
255892.5,
1343287,
12433.45,
4021532,
0,
6445271,
133639.5,
132793.1,
247305.6,
573566.2,
6746.343,
3759565,
0,
4853615,
0,
0,
0,
0,
0,
0,
0,
0,
1.719959e+07,
9103415,
9971553,
3.007255e+07,
687879.1,
1.555348e+08,
0,
2.225698e+08];
