kg/m3 gas per year,Concrete,Steel,Aluminium
Storage,0.171483871,0.019517968,0.000343548
Storage2,0.171483871,0.019517968,0.000343548
