type (kg/km),Steel,Aluminium,PE,Bitumen,Copper,Cement,Concrete,silicon,Sand,Mn,Ni,Cr,Mo,Si,Nb,V,Ti
transmission,395164.2751,974.3478261,3278.26087,1639.130435,0.061630435,0,254269.5652,1.54076087,701254.3122,5532.299851,1778.239238,592.7464127,987.9106878,1185.492825,158.06571,197.5821376,197.5821376
