type (kg/km),Steel,Aluminium,PE,Bitumen,Copper,Cement,Concrete,silicon,Sand
transmission,395164.2751,974.3478261,3278.26087,1639.130435,0.061630435,0,254269.5652,1.54076087,701254.3122
