Year,Tech Type,steel,copper,aluminium
2020,Coal Underground,0.0003,0.000009,
2020,Coal Opencast,0.0006,0.000002,
2020,Oil Offshore,0.00088,0.00000001,0.000104
2020,Oil Onshore,0.00268,3.97E-09,0.0000624
2020,Gas Offshore,7.37E-04,,9.13E-06
2020,Gas Onshore,1.00E-03,,0