,Material,total_material_per_km
0,Aluminium,2.9225563957895783e-05
1,Co,4.3532733377243675e-05
2,Cu,0.0
3,Glass,0.0
4,Li,0.0
5,Mn,0.0
6,Nd,0.0
7,Ni,0.0
8,Pb,0.00014498697188495492
9,Plastics,0.0001537921290922573
10,Rubber,0.0005690738646484481
11,Steel,0.000396109004809425
12,Ti,0.0
13,Wood,0.0
