real main.em.TPES_EXT[28,13](t) = [1971, 
666.4359,
3255.864,
0,
1267.169,
0,
60.00206,
15.3612,
0,
0,
0,
0,
584.8596,
5849.692,
12109.84,
30783.62,
0,
20061.29,
0,
1672.233,
145.9872,
0,
0,
0,
2.1096,
948.5784,
65723.65,
65.01031,
1029.882,
0,
372.5883,
0,
281.5899,
0,
0,
0,
0,
0,
51.7716,
1800.842,
6.001293,
1078.195,
0,
67.60238,
0,
409.789,
0,
0,
0,
0,
0,
15.88587,
1577.474,
90.39291,
1190.353,
0,
6.84192,
0,
1150.111,
0,
0,
0,
0,
0,
155.5164,
2593.216,
194.5601,
2474.951,
0,
653.8552,
0,
657.6215,
0,
0,
0,
0,
0,
92.63253,
4073.62,
40.05984,
631.3948,
0,
131.3878,
0,
237.6443,
0,
0,
0,
0,
0,
24.9948,
1065.482,
12.51592,
385.8176,
0,
10.70679,
0,
2425.945,
0,
0,
0,
0,
0,
34.41414,
2869.399,
2.523283,
236.0543,
0,
0.004275348,
0,
1005.439,
0,
0,
0,
0,
0,
7.817389,
1251.838,
1318.01,
429.3532,
0,
0.832243,
0,
207.4145,
0,
0,
0,
0,
0,
0.4032,
1956.013,
12518.59,
26910.68,
0,
3592.879,
0,
848.5775,
183.1464,
0,
0,
0,
11.4408,
1139.728,
45205.04,
6386.444,
3118.512,
0,
1738.16,
0,
355.7191,
0.6880774,
0,
0,
0,
0,
112.7015,
11712.22,
177.8392,
384.1783,
0,
0.8091559,
0,
214.9501,
0,
0,
0,
0,
0,
9.396,
787.1729,
2570.471,
2817.791,
0,
2318.239,
0,
193.9862,
8.33217,
0,
0,
0,
0,
20.79565,
7929.615,
1460.703,
1091.943,
0,
950.9451,
0,
100.4333,
0,
0,
0,
0,
0,
78.0545,
3682.079,
8376.613,
7721.483,
0,
6983.469,
0,
721.389,
12.93975,
0,
0,
0,
0,
340.5371,
24156.43,
8.680081,
1949.159,
0,
621.0509,
0,
124.093,
0,
0,
0,
0,
0,
13.5684,
2716.552,
1304.108,
957.1239,
0,
32.75351,
0,
3678.88,
4.284,
0,
0,
0,
0,
100.9084,
6078.057,
942.8235,
489.6227,
0,
1.76307,
0,
63.51217,
0,
0,
0,
0,
0,
37.728,
1535.449,
8005.241,
2284.077,
0,
159.0347,
0,
4894.473,
0,
0,
0,
0,
0,
119.4756,
15462.3,
0,
1339.714,
0,
11.49376,
0,
910.535,
0,
0,
0,
0,
0,
15.91603,
2277.659,
9.06888,
478.8818,
0,
11.10045,
0,
1042.16,
0,
0,
0,
0,
0,
3.038592,
1544.25,
2326.559,
8749.762,
0,
221.2722,
0,
7.345411e-21,
28.8,
0,
0,
0,
0,
303.12,
11629.51,
935.6626,
1292.413,
0,
102.1357,
0,
144.5765,
0,
0,
0,
0,
4.5216,
89.29661,
2568.606,
52.25204,
340.4361,
0,
122.0924,
0,
907.1726,
0.3744,
0,
0,
0,
0,
18.68955,
1441.017,
106.5575,
189.2221,
0,
1.969941,
0,
700.954,
0,
0,
0,
0,
0,
16.74727,
1015.451,
0,
0,
0,
0,
0,
0,
0,
0,
0,
0,
0,
0,
0,
59686.96,
101610.5,
0,
39441.44,
0,
23009.2,
399.9132,
0,
0,
0,
18.072,
4336.575,
228502.7,
1972, 
708.8914,
3400.032,
0,
1379.072,
291.9727,
59.56985,
25.9596,
0,
0,
0,
0,
653.9003,
6519.398,
12517.33,
32648.48,
0,
20205.79,
290.084,
1628.131,
208.1268,
0,
0,
0,
5.598,
975.5568,
68479.09,
73.18126,
1154.007,
0,
399.0398,
63.65877,
270.9893,
0,
0,
0,
0,
0,
55.2672,
2016.143,
6.170449,
1103.483,
0,
67.58956,
56.00455,
404.9777,
0,
0,
0,
0,
0,
16.85015,
1655.075,
97.0593,
1319.194,
0,
12.71692,
408.2681,
1062.434,
0,
0,
0,
0,
0,
182.4516,
3082.124,
180.4724,
2519.594,
0,
644.8948,
30.46952,
576.2198,
0,
0,
0,
0,
0,
99.48385,
4051.135,
43.63499,
697.431,
0,
138.2897,
2.031716,
200.7306,
0,
0,
0,
0,
0,
26.2944,
1108.412,
14.20358,
413.6294,
0,
15.15265,
2.684449,
2362.061,
0,
0,
0,
0,
0,
36.05864,
2843.79,
1.544971,
242.6516,
0,
0.005084306,
6.342605,
1008.379,
0,
0,
0,
0,
0,
8.9138,
1267.837,
1309.114,
423.8497,
0,
1.002976,
5.576437,
197.3865,
0,
0,
0,
0,
0,
3.0024,
1939.932,
11930.19,
28402.78,
0,
3952.013,
954.2781,
861.654,
243.0396,
0,
0,
0,
11.358,
1178.618,
47533.93,
6453.052,
3230.212,
0,
1787.986,
58.66534,
346.7881,
1.048556,
0,
0,
0,
0,
131.7266,
12009.48,
194.1351,
423.9857,
0,
0.9116714,
1.863991,
248.9331,
0,
0,
0,
0,
0,
11.538,
881.3676,
2665.01,
2997.344,
0,
2433.64,
11.17289,
211.8566,
12.56655,
0,
0,
0,
0,
20.2675,
8351.858,
1494.724,
1151.826,
0,
1008.469,
5.332637,
104.0928,
0,
0,
0,
0,
0,
76.07215,
3840.517,
8258.567,
8110.127,
0,
7499.365,
319.6724,
797.2512,
19.51569,
0,
0,
0,
0,
331.8885,
25336.39,
10.92639,
1861.906,
0,
618.5918,
1.810113,
106.3764,
0,
0,
0,
0,
0,
16.5492,
2616.16,
1301.198,
972.9371,
0,
32.70252,
378.0734,
3242.01,
4.0788,
0,
0,
0,
0,
97.9297,
6028.929,
998.1492,
551.7418,
0,
1.828977,
9.912506,
48.92476,
0,
0,
0,
0,
0,
38.4732,
1649.03,
8297.495,
2445.263,
0,
190.566,
8.91804,
4826.875,
0,
0,
0,
0,
0,
135.9631,
15905.08,
82.81467,
1372.989,
0,
13.61514,
74.29786,
917.0743,
0,
0,
0,
0,
0,
14.91018,
2475.701,
8.798001,
545.1256,
0,
11.80097,
0.5385569,
887.4329,
0,
0,
0,
0,
0,
2.72485,
1456.421,
2284.933,
9441.151,
0,
227.2003,
41.88269,
7.980195e-22,
34.2,
0,
0,
0,
0,
306.36,
12335.73,
977.9376,
1304.475,
0,
113.131,
6.925911,
139.1106,
0,
0,
0,
0,
4.5252,
93.55999,
2639.666,
51.74133,
335.8006,
0,
123.0849,
1.716528,
891.9996,
0.3744,
0,
0,
0,
0,
19.02945,
1423.747,
102.2101,
198.5531,
0,
1.801262,
9.771044,
698.8074,
0,
0,
0,
0,
0,
29.22716,
1040.37,
0,
0,
0,
0,
3041.925,
0,
0,
0,
0,
0,
0,
0,
3041.925,
60063.48,
107268.6,
0,
40880.26,
3041.925,
22100.07,
548.91,
0,
0,
0,
21.4812,
4562.617,
238487.3,
1973, 
663.3701,
3572.705,
0,
1547.494,
298.2748,
57.22639,
54.9144,
0,
0,
0,
0,
700.7544,
6894.739,
13438.3,
34356.45,
0,
20377.04,
293.8348,
1884.889,
321.0012,
0,
0,
0,
8.8236,
955.3824,
71635.73,
78.75128,
1317.03,
0,
439.5547,
69.29341,
270.1563,
0,
0,
0,
0,
0.5796,
58.2804,
2233.645,
5.696166,
1203.806,
0,
65.21056,
58.15697,
429.3802,
0,
0,
0,
0,
0,
16.38354,
1778.633,
95.50316,
1592.622,
0,
15.99082,
435.282,
987.6752,
0,
0,
0,
0,
0,
208.404,
3335.478,
184.3295,
2536.862,
0,
740.8815,
29.2061,
523.3119,
0,
0,
0,
0,
0,
111.0457,
4125.636,
42.42849,
759.7691,
0,
145.3639,
1.983596,
160.0201,
0,
0,
0,
0,
0,
25.8228,
1135.388,
15.70772,
464.471,
0,
31.67719,
2.690905,
2417.906,
0,
0,
0,
0,
0,
40.53806,
2972.991,
2.506682,
245.9543,
0,
0.005117948,
6.44016,
1052.392,
0,
0,
0,
0,
0,
9.286393,
1316.585,
1379.089,
483.0839,
0,
0.8884837,
5.274261,
200.5508,
0,
0,
0,
0,
0,
3.546,
2072.432,
12470.22,
30163.14,
0,
4473.815,
1112.964,
849.608,
266.8896,
0,
0,
0,
11.034,
1208.743,
50556.42,
6642.804,
3518.176,
0,
1892.292,
59.39914,
327.4522,
2.188795,
0,
0,
0,
0,
127.5482,
12569.86,
206.198,
498.639,
0,
1.00949,
1.920381,
268.27,
0,
0,
0,
0,
0,
9.3708,
985.4077,
2743.356,
3213.627,
0,
2590.395,
11.78184,
210.423,
16.39116,
0,
0,
0,
0,
20.18498,
8806.159,
1530.372,
1197.212,
0,
1078.608,
5.577017,
98.89455,
0,
0,
0,
0,
0,
75.76241,
3986.426,
8595.576,
8723.479,
0,
8199.866,
319.9185,
798.187,
25.45525,
0,
0,
0,
0,
330.5372,
26993.02,
20.62779,
2204.877,
0,
691.7825,
2.131179,
78.53612,
0,
0,
0,
0,
0,
13.0572,
3011.011,
1280.397,
1095.398,
0,
31.7541,
419.623,
2976.258,
8.6256,
0,
0,
0,
0,
104.3238,
5916.38,
1106.156,
592.4583,
0,
2.051924,
10.58797,
38.11746,
0,
0,
0,
0,
0,
38.7504,
1788.123,
8413.35,
2788.593,
0,
194.9857,
9.856872,
5099.003,
0,
0,
0,
0,
0,
149.543,
16655.33,
83.65742,
1502.413,
0,
20.65901,
72.19478,
954.6103,
0,
0,
0,
0,
0,
21.97864,
2655.513,
7.342347,
628.031,
0,
14.10083,
0.5394821,
846.1909,
0,
0,
0,
0,
0,
4.061814,
1500.266,
2468.012,
10684.37,
0,
318.7359,
43.72301,
9.097572e-22,
34.9452,
0,
0,
0,
0.9684,
240.4008,
13791.16,
1005.798,
1425.02,
0,
158.2638,
6.901955,
141.9501,
0,
0,
0,
0,
4.4748,
93.13082,
2835.539,
51.15687,
356.8983,
0,
142.5896,
1.585057,
934.7838,
1.0944,
0,
0,
0,
0,
21.42411,
1509.532,
105.9578,
208.1416,
0,
1.825195,
9.423796,
756.6808,
0,
0,
0,
0,
0,
29.26395,
1111.293,
0,
0,
0,
0,
3288.565,
0,
0,
0,
0,
0,
0,
0,
3288.565,
62636.67,
115333.2,
0,
43176.85,
3288.565,
22362.47,
731.5056,
0,
0,
0,
25.8804,
4617.525,
252172.7,
1974, 
650.7896,
3588.416,
0,
1517.744,
293.6098,
52.50365,
52.9056,
0,
0,
0,
0,
758.4012,
6914.37,
13417.76,
32968.27,
0,
19542.63,
272.7756,
1835.502,
436.5036,
0,
0,
0,
9.36,
1094.663,
69577.46,
85.85035,
1414.643,
0,
445.0222,
71.29296,
267.2837,
0,
0,
0,
0,
1.6668,
60.1524,
2345.911,
5.158847,
1193.648,
0,
59.37669,
59.86146,
441.7841,
0,
0,
0,
0,
0,
17.59291,
1777.422,
98.81714,
1761.126,
0,
19.10031,
433.8059,
906.9257,
0,
0,
0,
0,
0,
236.4444,
3456.219,
190.3935,
2672.076,
0,
816.1779,
30.93772,
488.248,
3.7296,
0,
0,
0,
0,
131.4939,
4333.057,
49.38781,
838.653,
0,
139.5255,
2.036686,
118.4266,
0,
0,
0,
0,
0,
28.7208,
1176.75,
13.80856,
493.7426,
0,
34.52054,
2.730764,
2441.057,
0,
0,
0,
0,
0,
41.82576,
3027.685,
2.903079,
246.617,
0,
0.005932109,
6.408647,
1082.064,
0,
0,
0,
0,
0,
9.831128,
1347.83,
1459.311,
467.9012,
0,
0.885125,
5.183457,
199.0358,
0,
0,
0,
0,
0,
4.0752,
2136.392,
12300.19,
29296.4,
0,
5005.584,
1119.463,
835.8459,
309.42,
0,
0,
0,
11.178,
1282.81,
50160.89,
6598.721,
3710.374,
0,
2000.564,
57.51586,
311.1975,
8.023189,
0,
0,
0,
0,
154.4255,
12840.82,
222.2286,
507.64,
0,
0.940344,
1.90929,
296.8686,
0,
0,
0,
0,
0,
12.0816,
1041.668,
2793.251,
3427.185,
0,
2866.164,
12.06731,
217.8066,
35.51417,
0,
0,
0,
0,
21.78592,
9373.774,
1536.47,
1252.482,
0,
1159.449,
5.723695,
97.84517,
0,
0,
0,
0,
0,
81.77138,
4133.742,
8783.585,
9297.101,
0,
9140.056,
319.1458,
824.4404,
55.15304,
0,
0,
0,
0,
356.7532,
28776.23,
25.87428,
2260.763,
0,
693.8069,
1.927034,
55.72114,
0,
0,
0,
0,
0,
17.8956,
3055.988,
1433.883,
1156.708,
0,
36.95471,
418.7689,
2798.823,
7.9416,
0,
0,
0,
0,
100.3762,
5953.457,
1179.918,
656.0556,
0,
2.133296,
10.54832,
31.26258,
0,
0,
0,
0,
0,
41.5656,
1921.484,
8321.207,
3033.506,
0,
198.6756,
8.18967,
5293.522,
0,
0,
0,
0,
0,
172.3122,
17027.41,
80.14198,
1429.841,
0,
32.57763,
89.2735,
996.6477,
0,
0,
0,
0,
0,
25.43878,
2653.92,
7.40587,
668.2555,
0,
22.34324,
0.6866834,
838.9809,
0,
0,
0,
0,
0,
4.326469,
1541.999,
2593.343,
10363.32,
0,
370.5168,
42.1789,
8.641974e-22,
70.9164,
0,
0,
0,
0.36,
297.648,
13738.28,
976.7974,
1414.629,
0,
171.1725,
28.53656,
116.7143,
0,
0,
0,
0,
4.6584,
99.23416,
2811.743,
48.92392,
373.452,
0,
167.5954,
1.575528,
964.7917,
1.6524,
0,
0,
0,
0,
21.66961,
1579.661,
104.1342,
207.1164,
0,
1.762911,
9.038546,
775.4344,
0,
0,
0,
0,
0,
45.84911,
1143.335,
0,
0,
0,
0,
3305.191,
0,
0,
0,
0,
0,
0,
0,
3305.191,
62980.25,
114699.9,
0,
44445.28,
3305.191,
22288.73,
981.7596,
0,
0,
0,
27.2232,
5119.144,
253847.5,
1975, 
708.4783,
3802.003,
0,
1560.77,
283.2725,
49.39894,
45.252,
0,
0,
0,
0,
728.892,
7178.067,
13131.29,
32656.62,
0,
17825.32,
264.702,
1700.229,
660.6432,
0,
0,
0,
12.3264,
1091.077,
67342.2,
96.8205,
1468.276,
0,
468.8498,
69.2998,
265.759,
0,
0,
0,
0,
1.8648,
54.4752,
2425.345,
4.753717,
1148.682,
0,
53.42191,
60.61265,
411.7578,
0,
0,
0,
0,
0.5976,
16.90651,
1696.732,
122.0023,
1871.405,
0,
21.66625,
426.1084,
840.8518,
0,
0,
0,
0,
0,
260.2332,
3542.267,
225.7794,
2672.856,
0,
749.9187,
55.85205,
461.8789,
9.0612,
0,
0,
0,
0,
137.8899,
4313.236,
61.80127,
923.6204,
0,
151.971,
2.25136,
120.3932,
0,
0,
0,
0,
0,
29.3976,
1289.435,
13.80905,
539.2543,
0,
25.15356,
2.784854,
2468.751,
0,
0,
0,
0,
0,
45.01997,
3094.772,
2.560124,
248.3179,
0,
0.00980694,
6.566517,
1110.084,
0,
0,
0,
0,
0,
10.36137,
1377.9,
1515.624,
521.2723,
0,
1.035255,
5.42102,
222.3549,
0,
0,
0,
0,
0,
4.032,
2269.74,
11701.59,
27411.01,
0,
5360.194,
1102.664,
777.8578,
410.1012,
0,
0,
0,
10.8648,
1308.694,
48082.98,
6766.188,
3946.808,
0,
2064.633,
62.11953,
297.7854,
14.37958,
0,
0,
0,
0,
154.1071,
13306.02,
238.5603,
546.4623,
0,
1.839657,
2.744526,
316.6544,
0,
0,
0,
0,
0,
21.2544,
1127.516,
2874.068,
3252.83,
0,
2874.264,
12.70336,
175.9874,
54.63718,
0,
0,
0,
0,
21.63605,
9266.126,
1547.758,
1146.15,
0,
1176.818,
6.176792,
72.21143,
0,
0,
0,
0,
0,
81.20888,
4030.324,
8723.632,
8782.545,
0,
9427.245,
352.7785,
698.3899,
84.85083,
0,
0,
0,
0,
354.2991,
28423.74,
27.61128,
2432.389,
0,
807.71,
1.930301,
59.09921,
0,
0,
0,
0,
0,
19.6416,
3348.382,
1562.03,
1170.248,
0,
46.9571,
421.2874,
2705.444,
9.4536,
0,
0,
0,
0,
119.9193,
6035.34,
1251.72,
679.3597,
0,
2.176755,
10.3441,
28.16913,
0,
0,
0,
0,
0,
41.3388,
2013.108,
9644.204,
3227.983,
0,
185.13,
10.14932,
5389.025,
0,
0,
0,
0,
0,
181.6322,
18638.12,
109.7227,
1443.763,
0,
39.40778,
86.53188,
1022.852,
0,
0,
0,
0,
0,
28.83023,
2731.107,
7.72301,
682.7299,
0,
25.06957,
0.8806651,
867.9738,
0,
0,
0,
0,
0,
4.731545,
1589.109,
2397.042,
9796.361,
0,
413.5799,
34.95922,
8.575706e-22,
90.45,
0,
0,
0,
0.36,
300.2616,
13033.01,
1060.454,
1405.32,
0,
185.8841,
88.7729,
115.6268,
0,
0,
0,
0,
4.68,
114.292,
2975.03,
51.36584,
377.5247,
0,
167.0449,
1.845891,
985.2889,
2.178,
0,
0,
0,
0,
23.78927,
1609.038,
90.41806,
187.1265,
0,
1.665266,
8.498893,
799.7061,
0,
0,
0,
0,
0,
48.57587,
1135.991,
0,
0,
0,
0,
3381.258,
0,
0,
0,
0,
0,
0,
0,
3381.258,
63937.01,
112340.9,
0,
43637.73,
3381.258,
21963.53,
1381.007,
0,
0,
0,
30.6936,
5202.497,
251874.6,
1976, 
739.8609,
3826.887,
0,
1556.826,
280.437,
45.9183,
62.6976,
0,
0,
0,
0,
765.6804,
7278.307,
14596.61,
34355.97,
0,
18833.07,
253.4147,
1825.579,
729.252,
0,
0,
0,
13.734,
1031.555,
71639.19,
76.0466,
1658.722,
0,
448.6813,
67.09229,
272.6047,
0,
0,
0,
0,
2.0844,
61.9164,
2587.147,
5.154532,
1166.964,
0,
61.82368,
63.39146,
419.7728,
0,
0,
0,
0,
1.9152,
17.8157,
1736.837,
131.3064,
2057.828,
0,
25.36424,
440.5637,
811.0356,
0,
0,
0,
0,
0,
298.4868,
3764.585,
234.5583,
2743.624,
0,
793.6527,
56.71862,
468.0553,
9.2592,
0,
0,
0,
0,
146.5711,
4452.439,
63.31381,
1024.344,
0,
140.0426,
2.496974,
117.5741,
0,
0,
0,
0,
0,
33.9984,
1381.77,
12.6662,
594.4312,
0,
25.45802,
2.802134,
2491.769,
0,
0,
0,
0,
0,
48.6031,
3175.73,
3.762146,
235.2154,
0,
0.01122392,
6.853171,
1151.864,
0,
0,
0,
0,
0,
10.20905,
1407.915,
1587.593,
565.268,
0,
1.210161,
5.79229,
232.2134,
0,
0,
0,
0,
0,
6.7536,
2398.831,
12315.47,
29102.5,
0,
5931.437,
1078.959,
781.8508,
470.4048,
0,
0,
0,
10.728,
1181.419,
50872.77,
6968.519,
4216.695,
0,
2341.644,
64.82806,
280.2124,
24.51478,
0,
0,
0,
0,
154.9545,
14051.37,
250.0092,
605.7426,
0,
2.87836,
3.706716,
331.3809,
0,
0,
0,
0,
0,
30.15,
1223.868,
2946.773,
3547.684,
0,
3131.032,
13.17139,
225.1633,
60.10092,
0,
0,
0,
0,
22.39658,
9946.321,
1600.885,
1202.616,
0,
1260.817,
6.469122,
95.12256,
0,
0,
0,
0,
0,
84.06343,
4249.973,
9903.217,
9577.809,
0,
10380.53,
326.144,
856.0532,
93.33594,
0,
0,
0,
0,
366.753,
31503.84,
27.3996,
2698.236,
0,
899.3736,
1.823506,
54.80177,
0,
0,
0,
0,
0,
23.2704,
3704.905,
1659.605,
1219.576,
0,
53.16287,
443.4016,
2679.665,
11.7072,
0,
0,
0,
0,
125.4388,
6192.556,
1346.32,
750.2316,
0,
2.087248,
9.688335,
28.84902,
0,
0,
0,
0,
0,
42.2964,
2179.472,
9492.519,
4028.632,
0,
180.4068,
7.639546,
5396.117,
0,
0,
0,
0,
0,
180.3764,
19285.69,
100.4922,
1459.287,
0,
48.90692,
83.85083,
1044.394,
0,
0,
0,
0,
0,
32.00901,
2768.941,
8.30223,
687.2266,
0,
56.66662,
1.026244,
980.4393,
0,
0,
0,
0,
0,
4.398072,
1738.059,
2378.134,
10463.99,
0,
439.9738,
35.8482,
8.68683e-22,
122.6844,
0,
0,
0,
0.72,
300.924,
13742.28,
1067.138,
1476.635,
0,
212.674,
90.88396,
113.2145,
0,
0,
0,
0,
4.5396,
108.7445,
3073.83,
48.98421,
380.7886,
0,
168.6213,
2.041249,
1002.896,
2.196,
0,
0,
0,
0,
28.53919,
1634.066,
105.5403,
192.1526,
0,
1.586008,
8.1043,
815.4807,
0,
0,
0,
0,
0,
52.54666,
1175.411,
0,
0,
0,
0,
3357.149,
0,
0,
0,
0,
0,
0,
0,
3357.149,
67670.18,
119839.1,
0,
46997.93,
3357.149,
22522.03,
1586.153,
0,
0,
0,
33.7212,
5159.87,
267166.1,
1977, 
773.8688,
3843.111,
0,
1698.185,
270.6385,
42.7443,
94.8312,
0,
0,
0,
0,
792.5292,
7515.908,
14670.06,
36552.35,
0,
18835.06,
235.495,
2175.333,
957.3696,
0,
0,
0,
13.6044,
801.5004,
74240.77,
107.2898,
1823.704,
0,
458.9974,
65.43742,
274.8465,
0,
0,
0,
0,
2.1312,
69.0912,
2801.497,
5.269922,
1276.976,
0,
71.65415,
64.57191,
455.9603,
0,
0,
0,
0,
1.8756,
16.98886,
1893.297,
163.8972,
2122.607,
0,
25.09911,
468.8754,
782.145,
0,
0,
0,
0,
0,
336.528,
3899.152,
232.5736,
2881.43,
0,
878.7049,
69.40685,
464.3691,
5.8932,
0,
0,
0,
0,
162.3379,
4694.716,
67.42541,
1130.031,
0,
186.2905,
2.618062,
125.1049,
0,
0,
0,
0,
0,
38.5272,
1549.997,
12.83633,
675.4371,
0,
28.59366,
2.783895,
2528.107,
0,
0,
0,
0,
0,
49.6694,
3297.427,
3.775006,
241.3292,
0,
0.008482594,
8.297251,
1188.236,
0,
0,
0,
0,
0,
10.89669,
1452.543,
1631.969,
588.4251,
0,
1.197975,
5.591694,
238.3262,
0,
0,
0,
0,
0,
6.9984,
2472.508,
12015.22,
28476.88,
0,
6377.483,
1021.591,
774.2254,
559.8252,
0,
0,
0,
10.6992,
1446.995,
50682.92,
7206.196,
4387.187,
0,
2670.104,
65.25345,
265.8286,
26.89438,
0,
0,
0,
0,
181.8539,
14803.32,
280.1678,
686.5001,
0,
3.245358,
4.019586,
345.6574,
0,
0,
0,
0,
0,
30.8592,
1350.449,
3060.626,
3750.955,
0,
3074.866,
12.79077,
225.4051,
64.19872,
0,
0,
0,
0,
24.26158,
10213.1,
1633.775,
1221.262,
0,
1287.446,
6.409376,
93.20482,
0,
0,
0,
0,
0,
91.06356,
4333.161,
10527.26,
10118.33,
0,
10830.49,
312.687,
860.7434,
99.69976,
0,
0,
0,
0,
397.2932,
33146.49,
43.57652,
3043.873,
0,
957.0869,
1.818883,
60.83228,
0,
0,
0,
0,
0,
26.4492,
4133.637,
1673.146,
1316.114,
0,
62.03435,
479.2228,
2722.317,
8.1792,
0,
0,
0,
0,
136.8675,
6397.881,
1412.133,
852.3979,
0,
2.462044,
10.6882,
29.75997,
0.2556,
0,
0,
0,
0,
41.4468,
2349.144,
11031.4,
4128.08,
0,
191.5971,
10.62263,
5438.899,
0.3564,
0,
0,
0,
0,
186.6556,
20987.61,
109.3152,
1530.748,
0,
49.80253,
88.73344,
1069.475,
0,
0,
0,
0,
0,
28.11942,
2876.193,
9.026594,
746.3962,
0,
151.4527,
1.425597,
1077.039,
0,
0,
0,
0,
0,
4.423387,
1989.763,
2279.265,
10843.78,
0,
477.7928,
34.63067,
8.573796e-22,
113.9724,
0,
0,
0,
1.08,
262.6848,
14013.21,
1157.35,
1532.077,
0,
278.9515,
94.76347,
115.3743,
0,
0,
0,
0,
4.2696,
100.6098,
3283.396,
54.09022,
390.2503,
0,
185.8732,
2.294547,
1016.389,
1.5156,
0,
0,
0,
0,
27.62778,
1678.04,
91.22044,
189.0309,
0,
1.493073,
7.859303,
827.0907,
0,
0,
0,
0,
0,
59.79631,
1176.491,
0,
0,
0,
0,
3348.527,
0,
0,
0,
0,
0,
0,
0,
3348.527,
70252.73,
124349.3,
0,
48785.97,
3348.526,
23197.41,
1932.991,
0,
0,
0,
33.66,
5332.074,
277232.6,
1978, 
803.0637,
3895.353,
0,
1668.02,
262.7841,
39.86745,
112.3272,
0,
0,
0,
0,
846.9144,
7628.329,
15142.83,
37633.49,
0,
18619.16,
221.2815,
2302.555,
1054.753,
0,
0,
0,
11.3112,
1019.603,
76004.99,
106.4724,
2005.689,
0,
595.7542,
77.11622,
277.1008,
0,
0,
0,
0,
2.1528,
58.5072,
3122.792,
5.534647,
1257.632,
0,
84.23138,
67.95013,
474.8698,
0,
0,
0,
0,
2.16,
22.16327,
1914.541,
207.77,
2307.522,
0,
32.72963,
488.0537,
754.0313,
0,
0,
0,
0,
0,
369.8856,
4159.993,
212.0109,
2975.458,
0,
904.6321,
72.48035,
470.7065,
10.4256,
0,
0,
0,
0,
178.1047,
4823.818,
64.65891,
1189.459,
0,
263.8203,
2.630471,
132.2972,
0,
0,
0,
0,
0,
39.654,
1692.52,
9.890734,
742.9072,
0,
33.3176,
2.756189,
2588.456,
0,
0,
0,
0,
0,
44.92512,
3422.252,
3.372239,
244.5639,
0,
0.007717276,
9.596518,
1212.245,
0,
0,
0,
0,
0,
11.77336,
1481.558,
1731.214,
587.58,
0,
1.209944,
5.504439,
245.7987,
0,
0,
0,
0,
0,
6.8652,
2578.172,
12042.42,
29342.68,
0,
6680.773,
993.0565,
755.7705,
632.412,
0,
0,
0,
10.7424,
1434.535,
51892.39,
7534.805,
4688.883,
0,
2850.826,
66.72489,
251.3866,
26.98438,
0,
0,
0,
0,
189.4221,
15609.03,
272.258,
691.99,
0,
3.910068,
4.616351,
356.0994,
0,
0,
0,
0,
0,
33.606,
1362.48,
3099.293,
4082.389,
0,
3037.743,
12.7284,
220.6829,
68.29647,
0,
0,
0,
0,
28.0081,
10549.14,
1633.157,
1310.821,
0,
1315.989,
6.322482,
89.48763,
0,
0,
0,
0,
0,
105.1258,
4460.902,
10241.96,
10749.29,
0,
11292.85,
328.4767,
845.3295,
106.0635,
0,
0,
0,
0,
458.6441,
34022.61,
30.55032,
3349.361,
0,
1027.684,
1.591815,
56.99099,
0,
0,
0,
0,
0,
35.4672,
4501.645,
1549.503,
1385.405,
0,
72.44929,
471.6912,
2744.02,
9.972,
0,
0,
0,
0,
169.82,
6402.861,
1425.325,
969.3255,
0,
2.870839,
11.74223,
30.45973,
8.366401,
0,
0,
0,
0,
43.5168,
2491.606,
12174.55,
4769.005,
0,
179.9459,
12.04933,
5507.831,
9.612,
0,
0,
0,
0,
179.4153,
22832.41,
115.0844,
1637.491,
0,
109.4112,
85.97183,
1092.668,
0,
0,
0,
0,
0.0108,
27.51247,
3068.15,
16.12403,
801.2014,
0,
191.4859,
1.834973,
1140.889,
0,
0,
0,
0,
0,
5.495767,
2157.031,
2044.714,
10753.65,
0,
645.7073,
34.66734,
8.95857e-22,
213.5268,
0,
0,
0,
2.16,
252.1692,
13946.6,
1091.139,
1600.211,
0,
281.4324,
93.95766,
110.1055,
0,
0,
0,
0,
4.3776,
109.2261,
3290.449,
58.06846,
407.2789,
0,
195.1922,
2.55972,
1057.454,
0.8316,
0,
0,
0,
0,
36.91399,
1758.298,
90.32484,
193.9285,
0,
1.48444,
7.472637,
851.457,
0,
0,
0,
0,
0,
56.30552,
1200.973,
0,
0,
0,
0,
3345.618,
0,
0,
0,
0,
0,
0,
0,
3345.618,
71706.09,
129572.6,
0,
50092.64,
3345.618,
23608.56,
2253.571,
0,
0,
0,
32.9148,
5763.579,
286375.5,
1979, 
868.3143,
4058.332,
0,
1705.243,
257.5902,
36.44041,
126.9756,
0,
0,
0,
0,
878.8356,
7931.73,
15493.2,
36786.75,
0,
19600.02,
195.5598,
2573.197,
973.6704,
0,
0,
0,
14.7708,
1017.292,
76654.46,
101.5292,
2159.3,
0,
720.9797,
81.77604,
276.0066,
0,
0,
0,
0,
3.6684,
64.7424,
3408.002,
5.537586,
1283.139,
0,
86.53704,
68.45643,
470.1587,
0,
0,
0,
0,
1.7244,
25.52232,
1941.075,
225.8495,
2434.425,
0,
37.78975,
522.6349,
733.067,
0,
0,
0,
0,
0,
419.688,
4373.454,
210.4003,
3074.225,
0,
985.0535,
74.22955,
486.0342,
9.6912,
0,
0,
0,
0,
201.9437,
5041.577,
65.10657,
1276.346,
0,
411.063,
2.614958,
132.8794,
0,
0,
0,
0,
0,
41.13,
1929.14,
10.23429,
774.8997,
0,
40.6721,
2.750283,
2649.518,
0,
0,
0,
0,
0,
53.86828,
3531.943,
2.542126,
248.5962,
0,
0.00988909,
12.12681,
1251.727,
0,
0,
0,
0,
0,
13.01323,
1528.016,
1849.387,
447.0098,
0,
1.174455,
5.282466,
252.9645,
0,
0,
0,
0,
0,
4.1184,
2559.937,
12697.74,
29947.33,
0,
7428.942,
967.4717,
773.1569,
698.9112,
0,
0,
0.0216,
10.962,
1511.928,
54036.46,
7779.067,
4877.997,
0,
2815.186,
67.75153,
238.0482,
36.18118,
0,
0,
0,
0,
199.5383,
16013.77,
288.7309,
597.7094,
0,
3.228293,
3.919091,
364.5895,
0,
0,
0,
0,
0,
37.0404,
1295.218,
3148.017,
4351.022,
0,
3042.96,
11.40152,
222.4964,
75.12614,
0,
0,
0,
0,
28.38771,
10879.41,
1487.982,
1361.623,
0,
1329.304,
5.728742,
89.47199,
0,
0,
0,
0,
0,
106.5506,
4380.66,
10030.89,
11255.18,
0,
11981.79,
339.1005,
850.5431,
116.6699,
0,
0,
0,
0,
464.8602,
35039.03,
43.0158,
3878.183,
0,
1177.616,
2.062797,
47.87442,
0,
0,
0,
0,
0,
34.7472,
5183.5,
1674.913,
1504.108,
0,
71.55431,
463.3958,
2705.373,
10.3572,
0,
0,
0,
0,
163.7714,
6593.473,
1550.941,
1095.644,
0,
3.001723,
11.97483,
32.73045,
11.3472,
0,
0,
0,
0,
45.9648,
2751.604,
12421.78,
4851.659,
0,
179.4003,
14.3445,
5650.169,
22.7844,
0,
0,
0,
0,
198.2687,
23338.41,
144.717,
1708.612,
0,
122.8381,
96.04219,
1118.49,
0,
0,
0,
0,
2.2968,
33.73815,
3226.734,
19.39758,
830.5198,
0,
219.9323,
2.199739,
1174.261,
0,
0,
0,
0,
0,
5.906124,
2252.217,
2226.539,
11104.56,
0,
778.3125,
34.63399,
8.67536e-22,
253.4148,
0,
0,
0,
3.24,
290.6748,
14691.38,
1117.045,
1597.359,
0,
304.851,
93.92149,
106.2267,
0,
0,
0,
0,
3.9168,
123.9082,
3347.229,
60.80322,
443.815,
0,
209.6716,
2.852663,
1086.448,
0.3816,
0,
0,
0,
0,
41.62365,
1845.596,
90.01904,
194.6653,
0,
1.389681,
7.359601,
869.2383,
0,
0,
0,
0,
0,
60.14448,
1222.816,
0,
0,
0,
0,
3347.182,
0,
0,
0,
0,
0,
0,
0,
3347.182,
73613.7,
132143,
0,
53258.51,
3347.182,
24191.11,
2335.511,
0,
0,
0.0216,
40.5792,
6067.207,
294996.8,
1980, 
898.9205,
3926.256,
0,
1773.107,
277.7524,
33.01365,
136.9152,
0,
0,
0,
0,
904.1328,
7950.098,
15778.76,
33978.31,
0,
19316.13,
163.5099,
2459.707,
958.2588,
0,
0,
0,
19.2672,
1003.612,
73677.55,
102.8937,
2550.058,
0,
764.9904,
79.56364,
271.8203,
0,
0,
0,
0,
3.294,
60.7896,
3833.41,
5.69184,
1281.481,
0,
97.09666,
67.02263,
458.3159,
0,
0,
0,
0,
1.7712,
27.24149,
1938.62,
246.444,
2408.06,
0,
42.78923,
564.3415,
737.2338,
0,
0,
0,
0,
0,
464.0652,
4462.934,
210.2554,
3273.38,
0,
1029.255,
72.95113,
497.4737,
8.424,
0,
0,
0,
0,
234.0537,
5325.793,
55.00771,
1328.392,
0,
423.4555,
2.772122,
134.8968,
0,
0,
0,
0,
0,
41.7492,
1986.274,
9.663811,
810.2841,
0,
51.21672,
2.769687,
2725.963,
0,
0,
0,
0,
0,
58.1044,
3658.001,
2.543823,
272.9579,
0,
0.01637894,
21.09564,
1288.106,
0,
0,
0,
0,
0,
12.68844,
1597.409,
2008.993,
592.7969,
0,
1.29844,
5.385675,
253.0885,
0,
0,
0,
0,
0,
3.5712,
2865.134,
12691.59,
28912.78,
0,
7483.142,
921.726,
774.6386,
813.1031,
0,
0,
0.0396,
11.5848,
1430.093,
53038.69,
7741.041,
4905.383,
0,
2806.103,
65.8628,
224.2549,
46.71117,
0,
0,
0,
0,
217.3164,
16006.67,
286.4038,
628.4036,
0,
3.530583,
4.136251,
378.3085,
0,
0,
0,
0,
0,
40.8528,
1341.636,
3039.861,
4509.047,
0,
2977.976,
9.308575,
214.727,
99.71288,
0,
0,
0,
0,
30.48592,
10881.12,
1473.734,
1454.141,
0,
1428.536,
4.865379,
85.23964,
0,
0,
0,
0,
0,
114.426,
4560.943,
8671.644,
11589.54,
0,
12487.46,
320.3919,
829.778,
154.8528,
0,
0,
0,
0,
499.2193,
34552.89,
30.8437,
4177.891,
0,
1316.278,
1.86488,
36.04105,
0,
0,
0,
0,
0,
34.9956,
5597.915,
1809.299,
1520.213,
0,
66.61149,
455.4878,
2761.114,
10.8036,
0,
0,
0,
0,
167.6054,
6791.134,
1613.842,
1134.595,
0,
3.024232,
11.78011,
31.79957,
12.5172,
0,
0,
0,
0,
45.3024,
2852.86,
12946.28,
4948.197,
0,
223.9456,
17.40655,
5868.919,
29.5164,
0,
0,
0,
0,
221.5742,
24255.84,
135.1638,
1747.2,
0,
124.2851,
93.28789,
1142.352,
0,
0,
0,
0,
7.4772,
31.77074,
3281.537,
21.3634,
923.8876,
0,
185.7556,
3.251741,
1214.485,
0,
0,
0,
0,
0,
5.535137,
2354.279,
2550.916,
10277.75,
0,
903.1102,
25.27391,
8.305267e-22,
297.3276,
0,
0,
0,
3.24,
317.8512,
14375.46,
1214.355,
1571.341,
0,
322.5572,
92.90189,
102.998,
0,
0,
0,
0,
4.266,
115.9327,
3424.352,
65.33353,
459.0965,
0,
248.9368,
3.082845,
1110.973,
0.0072,
0,
0,
0,
0,
43.18321,
1930.613,
93.30569,
214.8263,
0,
1.579311,
7.067684,
891.4431,
0,
0,
0,
0,
0,
54.52676,
1262.749,
0,
0,
0,
0,
3294.861,
0,
0,
0,
0,
0,
0,
0,
3294.861,
73704.14,
129396.3,
0,
54082.18,
3294.861,
24526.69,
2568.15,
0,
0,
0.0396,
50.9004,
6180.679,
293803.9,
1981, 
940.511,
3829.527,
0,
1697.932,
277.6748,
31.28275,
144.2412,
0,
0,
0,
0,
957.654,
7878.822,
16028.96,
32197.8,
0,
18879.88,
145.1579,
2486.836,
1040.522,
0,
0,
0,
21.6972,
947.8476,
71748.7,
108.0021,
2695.263,
0,
871.9002,
77.58123,
270.8716,
0,
0,
0,
0,
3.4704,
88.5528,
4115.642,
5.914649,
1172.392,
0,
106.6231,
74.24478,
476.4356,
0,
0,
0,
0,
2.8692,
30.71291,
1869.192,
232.703,
2225.529,
0,
33.14482,
577.0025,
690.1935,
0,
0,
0,
0,
0,
470.754,
4229.326,
200.4405,
3303.617,
0,
1060.267,
71.11348,
491.8606,
10.1376,
0,
0,
0,
0,
241.0079,
5378.444,
66.98022,
1469.899,
0,
470.0895,
2.788621,
142.6292,
0,
0,
0,
0,
0,
41.886,
2194.272,
8.26188,
833.7011,
0,
77.42831,
2.737768,
2808.979,
0,
0,
0,
0,
0,
60.24244,
3791.35,
2.492601,
257.6201,
0,
0.01648077,
21.48847,
1329.41,
0,
0,
0,
0,
0,
13.71392,
1624.741,
2278.746,
386.7704,
0,
1.458325,
5.569506,
283.4294,
0,
0,
0,
0,
0,
5.9508,
2961.925,
12506.28,
27164.29,
0,
7439.915,
862.491,
772.1446,
1099.058,
0,
0,
0.0396,
12.1176,
1464.883,
51321.23,
7746.977,
4492.023,
0,
2782.038,
64.4384,
211.9051,
62.05556,
0,
0,
0,
0,
205.0283,
15564.47,
286.8842,
631.7255,
0,
3.371573,
3.988862,
346.4667,
0,
0,
0,
0,
0,
45.4176,
1317.854,
3051.462,
4417.414,
0,
2907.531,
9.10047,
235.2258,
117.47,
0,
0,
0,
0,
30.86338,
10769.07,
1449.477,
1467.966,
0,
1410.065,
4.795833,
95.381,
0,
0,
0,
0,
0,
115.8428,
4543.527,
8443.046,
11404.63,
0,
13026.57,
324.8549,
898.811,
182.4293,
0,
0,
0,
0,
505.4003,
34785.75,
31.0575,
4819.493,
0,
1498.97,
2.016499,
34.30205,
0,
0,
0,
0,
0,
37.2564,
6423.095,
2033.212,
1575.573,
0,
93.56492,
473.2992,
2874.213,
10.8756,
0,
0,
0,
0,
178.4997,
7239.237,
1732.626,
1021.858,
0,
2.991105,
11.45215,
31.94665,
10.4292,
0,
0,
0,
0,
48.4884,
2859.792,
12542.4,
4714.73,
0,
190.1883,
17.34836,
6100.783,
38.4048,
0,
0,
0,
0,
254.7385,
23858.59,
134.9563,
1752.355,
0,
129.5589,
102.5251,
1169.975,
0,
0,
0,
0,
9.9756,
39.45041,
3338.796,
22.8795,
979.0807,
0,
200.8693,
4.005351,
1231.253,
0,
0,
0,
0,
0,
6.519513,
2444.607,
2825.919,
9599.519,
0,
926.868,
23.09028,
8.786515e-22,
316.152,
0,
0,
0,
3.2256,
315.3384,
14010.11,
1223.95,
1526.185,
0,
372.9096,
91.71703,
99.00819,
0,
0,
0,
0,
3.9852,
122.1695,
3439.925,
64.6432,
485.3796,
0,
273.3126,
3.010818,
1137.613,
0.54,
0,
0,
0,
0,
44.81604,
2009.316,
95.34093,
206.4724,
0,
1.476056,
6.818956,
901.8519,
0,
0,
0,
0,
0,
56.08285,
1268.043,
0,
0,
0,
0,
3260.312,
0,
0,
0,
0,
0,
0,
0,
3260.312,
74064.13,
124630.8,
0,
54458.94,
3260.312,
25152.81,
3032.315,
0,
0,
0.0396,
57.3408,
6329.117,
290985.8,
1982, 
979.9747,
3457.978,
0,
1713.351,
270.2123,
28.43893,
138.0132,
0,
0,
0,
0,
928.062,
7516.03,
15257.92,
30523.35,
0,
17883.87,
114.3951,
2299.719,
1079.06,
0,
0,
0,
17.7624,
1124.298,
68300.37,
127.3026,
2789.193,
0,
943.8995,
77.05806,
257.1428,
0,
0,
0,
0,
4.6656,
82.3752,
4281.637,
5.63555,
1166.666,
0,
128.2483,
85.95724,
466.0871,
0,
0,
0,
0,
3.2112,
28.73246,
1884.538,
242.7576,
2235.456,
0,
46.36007,
635.1611,
693.0859,
0,
0,
0,
0,
0,
508.0752,
4360.896,
198.2823,
3238.967,
0,
1141.507,
72.65584,
496.6693,
6.732,
0,
0,
0,
0,
264.9123,
5419.725,
96.79426,
1600.374,
0,
544.8366,
2.983705,
142.3613,
0,
0,
0,
0,
0,
41.6268,
2428.977,
9.764219,
859.2499,
0,
89.08903,
2.746881,
2888.763,
0,
0,
0,
0,
0,
60.57116,
3910.185,
2.405481,
253.5899,
0,
0.01706878,
23.08667,
1372.936,
0,
0,
0,
0,
0,
15.20434,
1667.24,
2570.822,
538.3964,
0,
1.294915,
5.016818,
283.7092,
0,
0,
0,
0,
0,
3.6576,
3402.896,
12075.43,
26029.92,
0,
7434.107,
812.5907,
754.9286,
1200.265,
0,
0,
0.0684,
12.6468,
1460.473,
49780.43,
8004.155,
4297.449,
0,
2942.882,
61.87931,
216.6261,
79.65716,
0,
0,
0,
0,
187.7411,
15790.39,
303.5201,
664.1361,
0,
6.433892,
5.941537,
358.8727,
0,
0,
0,
0,
0,
51.0012,
1389.906,
3124.786,
4253.941,
0,
2897.57,
8.956452,
242.0702,
131.1292,
0,
0,
0,
0,
28.88284,
10687.33,
1484.402,
1462.113,
0,
1412.338,
4.767612,
97.95005,
0,
0,
0,
0,
0,
108.409,
4569.979,
8410.388,
11213.53,
0,
13684.51,
328.8971,
920.9081,
203.642,
0,
0,
0,
0,
472.9682,
35234.84,
59.18821,
5388.366,
0,
1673.601,
2.330692,
32.31526,
0,
0,
0,
0,
0,
38.3688,
7194.17,
2287.512,
1595.528,
0,
117.419,
490.1049,
2908.357,
7.2792,
0,
0,
0,
0,
174.1824,
7580.383,
1816.431,
1153.145,
0,
2.468182,
9.43282,
32.09834,
13.5972,
0,
0,
0,
0,
46.53,
3073.702,
13165.78,
4737.988,
0,
201.4178,
17.64091,
6309.685,
47.1024,
0,
0,
0,
0.0288,
286.7587,
24766.4,
151.0118,
1692.825,
0,
194.3946,
125.2918,
1198.293,
0,
0,
0,
0,
12.744,
43.04871,
3417.609,
25.5957,
1006.736,
0,
206.881,
4.768088,
1293.76,
0,
0,
0,
0,
0.2808,
5.441659,
2543.464,
2762.119,
9187.782,
0,
977.9678,
196.8055,
0.8762938,
368.748,
0,
0,
0,
4.5828,
293.7816,
13792.66,
1259.51,
1582.3,
0,
431.6649,
91.69118,
96.77403,
0,
0,
0,
0,
4.1292,
114.9508,
3581.02,
70.2925,
519.2051,
0,
297.8242,
3.464275,
1175.897,
0.6588,
0,
0,
0,
0,
46.84497,
2114.187,
97.44347,
193.8219,
0,
1.371804,
6.156045,
920.5418,
0,
0,
0,
0,
0,
57.12571,
1276.461,
0,
0,
0,
0,
3459.993,
0,
0,
0,
0,
0,
0,
0,
3459.993,
74589.22,
121642,
0,
54975.32,
3459.992,
25488.87,
3275.884,
0,
0,
0.0684,
60.0516,
6474.023,
289965.4,
1983, 
1043.241,
3281.22,
0,
1714.132,
262.2784,
26.32115,
174.996,
0,
0,
0,
0,
957.4272,
7459.615,
15876.06,
30773.53,
0,
17570.37,
104.7108,
2528.967,
1120.673,
0,
0.0108,
0,
22.1076,
1207.624,
69204.06,
133.0591,
2570.605,
0,
929.1677,
79.61485,
244.6478,
0,
0,
0,
0,
4.8708,
74.646,
4036.612,
5.76648,
1195.139,
0,
138.2282,
85.57117,
470.4496,
0,
0,
0,
0,
2.6568,
30.22797,
1928.039,
267.7322,
2121.559,
0,
63.11778,
759.945,
651.3382,
0,
0,
0,
0,
0,
545.31,
4409.002,
199.4785,
3235.937,
0,
1179.075,
84.03112,
503.9067,
12.2616,
0,
0,
0,
0,
289.236,
5503.926,
90.33564,
1704.384,
0,
620.4557,
3.236479,
144.1171,
0,
0,
0,
0,
0,
38.0232,
2600.552,
8.822217,
844.8791,
0,
106.3989,
2.749178,
2981.492,
0,
0,
0,
0,
0,
49.48315,
3993.824,
2.380102,
243.0181,
0,
0.01546572,
23.86388,
1412.617,
0,
0,
0,
0,
0,
16.0938,
1697.988,
2654.292,
463.0264,
0,
0.9659865,
4.016282,
274.0596,
0,
0,
0,
0,
0,
2.142,
3398.502,
11926.65,
25637.99,
0,
7813.71,
744.4369,
783.2629,
1406.97,
0,
0,
0.108,
12.636,
1530.932,
49856.7,
8011.558,
4310.954,
0,
3017.854,
60.29485,
202.4237,
102.6132,
0,
0,
0,
0,
177.8255,
15883.52,
334.0988,
705.0465,
0,
7.099654,
3.996139,
367.3961,
0,
0,
0,
0,
0,
40.8348,
1458.472,
3087.917,
4223.877,
0,
2958.625,
8.749939,
237.2979,
150.2523,
0,
0,
0,
0,
29.70806,
10696.43,
1459.739,
1470.517,
0,
1406.426,
4.724295,
94.14442,
0,
0,
0,
0,
0,
111.5064,
4547.057,
8125.528,
11225.71,
0,
14275.71,
331.6963,
906.5987,
233.3398,
0,
0,
0,
0,
486.4816,
35585.05,
88.27442,
5321.517,
0,
1666.3,
2.637722,
24.71691,
0,
0,
0,
0,
0,
36.5976,
7140.044,
2381.842,
1658.048,
0,
132.1356,
488.2787,
2993.461,
12.7656,
0,
0,
0,
0,
179.9002,
7846.43,
1889.119,
1188.846,
0,
2.74116,
10.19525,
32.11064,
32.274,
0,
0,
0,
0,
49.6908,
3204.977,
14055.15,
4791.25,
0,
202.6834,
19.32031,
6591.696,
68.0544,
0,
0,
0,
0.018,
330.6129,
26058.79,
180.2406,
1834.545,
0,
247.2588,
132.3849,
1246.664,
0,
0,
0,
0,
14.6772,
43.01795,
3698.789,
24.71611,
979.2833,
0,
261.9809,
4.740212,
1363.449,
0,
0,
0,
0,
0.7524,
7.230236,
2642.152,
2651.948,
9111.794,
0,
1021.78,
203.8415,
2.061957,
411.4476,
0,
0,
0,
5.1948,
303.3828,
13711.45,
1232.63,
1481.489,
0,
452.0173,
89.66357,
96.10526,
0,
0,
0,
0,
4.2408,
117.5909,
3473.736,
72.26936,
548.0492,
0,
310.1023,
3.460738,
1209.831,
0.8208,
0,
0,
0,
0,
52.68996,
2197.223,
96.37202,
200.8149,
0,
1.219748,
5.479732,
944.2941,
0,
0,
0,
0,
0,
55.10945,
1303.29,
0,
0,
0,
0,
3523.918,
0,
0,
0,
0,
0,
0,
0,
3523.918,
75899.23,
121123,
0,
56099.57,
3523.918,
26333.43,
3726.468,
0,
0.0108,
0.108,
67.1544,
6763.324,
293536.2,
1984, 
1143.531,
3312.274,
0,
1832.465,
259.8026,
26.44034,
187.956,
0,
0,
0,
0.0288,
1030.043,
7792.54,
16669.94,
31257.69,
0,
18635.73,
87.47021,
3216.069,
1250.251,
0,
0.0432,
0,
28.2312,
1167.7,
72313.12,
134.8013,
2701.417,
0,
964.0831,
87.87333,
242.0765,
0,
0,
0,
0,
5.1264,
84.9384,
4220.316,
5.799291,
1139.585,
0,
144.5341,
94.12275,
466.023,
0,
0,
0,
0,
3.4272,
34.41668,
1887.908,
330.3143,
2125.687,
0,
77.55477,
840.1135,
624.8514,
5.9148,
0,
0,
0,
0,
599.7348,
4604.171,
195.9248,
3143.379,
0,
1271.527,
85.44824,
504.1848,
16.7076,
0,
0,
0,
0,
318.3221,
5535.494,
91.40997,
1826.635,
0,
602.2938,
3.478547,
149.3756,
0,
0,
0,
0,
0,
37.8612,
2711.054,
10.37938,
812.5486,
0,
94.27055,
2.84569,
3074.207,
0,
0,
0,
0,
0,
48.64264,
4042.894,
2.664865,
249.3188,
0,
0.02235904,
23.47642,
1443.502,
0,
0,
0,
0,
0,
17.0184,
1736.002,
2840.825,
502.9557,
0,
1.033659,
4.304391,
302.9314,
14.13,
0,
0,
0,
0,
2.016,
3668.196,
11454.25,
25829.28,
0,
7890.251,
783.7168,
663.5846,
1797.084,
0,
0.003607205,
0.1368,
13.104,
1532.473,
49963.88,
7689.73,
4384.339,
0,
3150.065,
60.85984,
197.8442,
121.8539,
0,
0,
0,
0,
194.5535,
15799.25,
386.8255,
723.9971,
0,
5.112007,
4.173622,
389.8673,
0,
0,
0,
0,
0.0792,
48.3336,
1558.388,
3007.27,
4226.312,
0,
3100.245,
8.252437,
250.8391,
193.962,
0,
0,
0,
0,
33.50409,
10820.38,
1420.258,
1502.977,
0,
1432.635,
4.574748,
99.25776,
0,
0,
0,
0,
0,
125.7544,
4585.456,
7707.966,
11395.44,
0,
15004.36,
329.1757,
941.7963,
301.2204,
0,
0,
0,
0,
548.6431,
36228.6,
110.6314,
5415.248,
0,
1838.633,
2.782242,
18.00603,
0,
0,
0,
0,
0,
36.9792,
7422.28,
2540.318,
1751.5,
0,
159.6003,
481.6388,
2990.658,
14.67,
0,
0,
0,
0,
194.2786,
8132.664,
1971.403,
1194.268,
0,
2.880114,
10.32821,
32.34404,
42.4512,
0,
0,
0,
0,
49.1004,
3302.775,
15493.04,
4798.752,
0,
190.8078,
19.95226,
6798.984,
88.5204,
0,
0,
0,
0.0144,
330.3107,
27720.38,
207.2208,
1748.168,
0,
309.9999,
129.1879,
1277.854,
0,
0,
0,
0,
16.3152,
57.00062,
3745.747,
29.09798,
963.7432,
0,
363.4469,
5.421844,
1433.267,
0,
0,
0,
0,
0.7812,
8.407883,
2804.167,
2970.952,
9305.422,
0,
1345.609,
217.2943,
3.381733,
483.3504,
0,
0,
0,
4.8816,
257.8212,
14588.71,
1265.919,
1489.193,
0,
546.7828,
89.31728,
90.42474,
0,
0,
0,
0,
4.4568,
117.3276,
3603.422,
86.01938,
568.3669,
0,
305.735,
3.522532,
1248.881,
1.1664,
0,
0,
0,
0,
62.65076,
2276.342,
100.7677,
195.45,
0,
1.160818,
4.941697,
964.2183,
0,
0,
0,
0,
0,
52.99495,
1319.534,
0,
0,
0,
0,
3644.076,
0,
0,
0,
0,
0,
0,
0,
3644.076,
77867.26,
122563.9,
0,
59270.84,
3644.076,
27450.87,
4519.238,
0,
0.04680721,
0.1368,
76.446,
6990.827,
302383.7,
1985, 
1104.242,
3270.084,
0,
1921.057,
256.1591,
28.27172,
217.8756,
0,
0,
0,
0.0828,
1093.122,
7890.894,
17383.94,
31064.93,
0,
18564.87,
79.2865,
3150.357,
1464.163,
0,
0.0612,
0,
35.586,
1022.256,
72765.45,
144.6567,
2789.046,
0,
961.0135,
85.60428,
237.6463,
0,
0,
0,
0,
5.9076,
94.4532,
4318.328,
11.42972,
1111.836,
0,
147.6339,
89.99759,
455.392,
0,
0,
0,
0,
2.6028,
38.48032,
1857.372,
398.948,
2237.725,
0,
97.95003,
919.8777,
587.0912,
12.1716,
0,
0,
0,
0,
642.15,
4895.913,
191.2029,
2990.807,
0,
1274.592,
94.89176,
499.9454,
20.7576,
0,
0,
0,
0,
349.3909,
5421.588,
90.28391,
1945.251,
0,
690.1583,
3.714253,
148.2824,
0,
0,
0,
0,
0,
35.6724,
2913.362,
10.53063,
795.5049,
0,
120.3783,
2.939962,
3184.144,
0,
0,
0,
0,
0,
60.59357,
4174.091,
3.587221,
264.8194,
0,
0.02623873,
23.68148,
1489.005,
0,
0,
0,
0,
0,
18.56489,
1799.685,
2835.395,
521.1242,
0,
0.9658245,
4.345893,
287.4521,
19.134,
0,
0,
0,
0,
2.2464,
3670.663,
12055.08,
24790.46,
0,
8274.925,
751.4847,
715.0062,
2151.295,
0,
0.003607214,
0.2052,
12.528,
1522.404,
50273.39,
7679.12,
4410.081,
0,
3083.007,
58.9407,
191.1025,
146.4323,
0,
0,
0,
0,
193.903,
15762.59,
455.6868,
741.8095,
0,
5.419927,
3.623607,
385.7469,
0,
0,
0,
0,
0.0216,
43.362,
1635.67,
2999.255,
4192.243,
0,
3245.235,
8.75999,
257.1295,
228.1103,
0,
0,
0,
0,
35.3861,
10966.12,
1424.31,
1521.075,
0,
1452.323,
4.77038,
100.8752,
0,
0,
0,
0,
0,
132.8184,
4636.172,
7713.813,
11469.17,
0,
15676.63,
342.9186,
950.4712,
354.2522,
0,
0,
0,
0,
579.4617,
37086.72,
116.2068,
5595.277,
0,
2027.792,
2.674644,
13.94329,
0,
0,
0,
0,
0,
36.3204,
7792.215,
2735.416,
2000.634,
0,
189.1649,
474.7468,
3041.282,
17.9352,
0,
0,
0,
0,
183.7414,
8642.921,
2058.985,
1158.269,
0,
2.924677,
10.26593,
32.76022,
60.282,
0,
0,
0,
0,
57.4524,
3380.939,
15510.42,
5065.811,
0,
381.5883,
18.23497,
7095.514,
103.4172,
0,
0,
0,
0.0108,
355.0462,
28530.04,
249.9023,
1725.524,
0,
345.8987,
129.6976,
1297.376,
0,
0,
0,
0,
17.7444,
57.56433,
3823.708,
49.15008,
1004.4,
0,
372.7864,
5.470498,
1486.945,
0,
0,
0,
0,
0.8064,
11.68881,
2931.247,
3101.831,
8786.044,
0,
1464.457,
224.2265,
3.400779,
574.4808,
0,
0,
0,
5.3784,
298.3464,
14458.17,
1291.339,
1465.338,
0,
584.854,
89.34718,
92.5444,
0,
0,
0,
0,
4.1004,
121.7945,
3649.316,
71.4062,
585.8414,
0,
332.8457,
3.755757,
1293.12,
1.2456,
0,
0,
0,
0,
61.89572,
2350.11,
111.6632,
215.2589,
0,
1.119169,
4.657193,
986.7285,
0,
0,
0,
0,
0,
54.98474,
1374.412,
0,
0,
0,
0,
3694.073,
0,
0,
0,
0,
0,
0,
0,
3694.073,
79797.79,
121718.4,
0,
61219.61,
3694.074,
28011.53,
5371.552,
0,
0.06480721,
0.2052,
84.7692,
7103.1,
307001.1,
1986, 
1017.423,
3358.728,
0,
1939.357,
267.0084,
32.32322,
256.5612,
0,
0,
0,
0.1188,
1118.286,
7989.805,
16763.35,
32158.73,
0,
18081.53,
55.88577,
3235.869,
1579.968,
0,
0.0648,
0,
39.3336,
1057.507,
72972.23,
154.4314,
3073.318,
0,
845.2621,
94.45722,
232.4488,
0,
0,
0,
0,
12.2184,
72.0576,
4484.194,
6.410248,
1118.652,
0,
151.5512,
91.52124,
459.0456,
0,
0,
0,
0,
2.2788,
44.01599,
1873.475,
404.9405,
2437.092,
0,
115.1572,
1049.701,
555.058,
0.5184,
0,
0,
0,
0,
656.7084,
5219.175,
235.4942,
3124.336,
0,
1384.787,
96.70389,
512.9544,
20.5596,
0,
0,
0,
0,
408.864,
5783.699,
108.6863,
1950.206,
0,
801.6298,
3.847025,
146.8259,
0,
0,
0,
0,
0,
36.8208,
3048.016,
8.940765,
777.9523,
0,
107.7689,
3.067282,
3258.334,
0,
0,
0,
0,
0,
68.16666,
4224.23,
3.312288,
278.3802,
0,
0.02277735,
24.38681,
1539.916,
0,
0,
0,
0,
1.3248,
18.22373,
1865.566,
2974.556,
503.5625,
0,
0.9078107,
4.18412,
290.7122,
31.6908,
0,
0,
0,
0,
5.8428,
3811.457,
11767.25,
25067.5,
0,
8635.491,
688.6599,
778.4174,
2322.504,
0,
0.003607212,
0.4824,
12.8628,
1454.285,
50727.45,
7889.885,
4566.938,
0,
3118.563,
57.99944,
198.7125,
167.1215,
0,
0,
0,
0,
204.1732,
16203.39,
501.1036,
782.4952,
0,
18.78873,
3.550262,
388.6132,
0,
0,
0,
0,
0.1584,
42.7428,
1737.452,
3090.049,
4200.711,
0,
3401.377,
8.956466,
244.9032,
219.9147,
0,
0,
0,
0,
35.60644,
11201.52,
1507.167,
1532.849,
0,
1422.099,
4.88907,
93.63574,
0,
0,
0,
0,
0,
133.6454,
4694.285,
7858.881,
11638.6,
0,
15898.7,
349.1761,
903.3162,
341.5246,
0,
0,
0,
0,
583.0698,
37573.27,
124.5058,
5608.458,
0,
2405.012,
2.865548,
12.27512,
0,
0,
0,
0,
0,
41.5656,
8194.683,
2997.239,
1959.889,
0,
262.8648,
482.1763,
3114.638,
18.0792,
0,
0,
0,
0,
193.8927,
9028.779,
2039.224,
1304.333,
0,
6.395375,
10.2304,
32.61662,
101.9196,
0,
0,
0,
0,
61.2684,
3555.988,
16309.64,
5156.619,
0,
389.8828,
17.0904,
7010.674,
96.9876,
0,
0,
0,
0.018,
363.2728,
29344.19,
254.3872,
1772.543,
0,
436.5604,
130.6823,
1324.81,
0,
0,
0,
0,
16.4736,
67.23203,
4002.688,
89.53378,
1175.089,
0,
413.3268,
5.752717,
1550.072,
0,
0,
0,
0,
0.8352,
19.11686,
3253.727,
2931.841,
8993.931,
0,
1479.534,
233.3016,
3.844005,
605.8944,
0,
0.0036,
0,
4.9824,
290.9376,
14544.27,
1265.609,
1481.562,
0,
652.6609,
89.46241,
87.73262,
0,
0,
0,
0,
4.2264,
132.4436,
3713.698,
75.53206,
613.679,
0,
350.1189,
4.190356,
1326.44,
1.548,
0,
0,
0,
0,
68.09479,
2439.603,
130.9082,
219.0175,
0,
0.9988485,
4.400904,
1004.86,
0,
0,
0,
0,
0,
51.9612,
1412.147,
0,
0,
0,
0,
3784.147,
0,
0,
0,
0,
0,
0,
0,
3784.147,
80510.3,
124855.2,
0,
62320.34,
3784.147,
28339.05,
5764.792,
0,
0.07200722,
0.4824,
94.8312,
7229.801,
312899,
1987, 
1091.923,
3443.487,
0,
2003.073,
284.4069,
38.72514,
278.1396,
0,
0,
0,
0.1224,
1138.342,
8278.219,
17686.04,
33013.85,
0,
18926.87,
62.12355,
3538.439,
1737.31,
0,
0.0504,
0,
41.1192,
852.6492,
75858.45,
151.0232,
3239.492,
0,
867.0688,
105.0481,
226.3975,
0,
0,
0,
0,
15.9048,
66.0204,
4670.955,
12.25945,
1149.449,
0,
161.0601,
91.72813,
493.0109,
0,
0,
0,
0,
2.4084,
44.34149,
1954.257,
418.8129,
2451.103,
0,
132.7639,
1102.873,
543.1162,
3.5028,
0,
0,
0,
0,
668.16,
5320.332,
248.6084,
3201.803,
0,
1412.202,
100.7451,
530.2006,
23.274,
0,
0,
0,
0,
471.2577,
5988.091,
123.1477,
2026.902,
0,
843.5545,
3.852969,
148.3242,
0,
0,
0,
0,
0,
36.36,
3182.141,
9.24692,
820.4741,
0,
124.3721,
3.13495,
3355.254,
0,
0,
0,
0,
0,
67.65876,
4380.141,
3.256603,
299.3286,
0,
0.02107653,
25.31834,
1588.137,
0,
0,
0,
0,
1.2924,
19.55623,
1936.911,
3089.791,
480.7553,
0,
0.7610996,
3.856462,
300.7644,
22.2012,
0,
0,
0,
0,
5.8212,
3903.951,
11971.33,
25086.58,
0,
9226.77,
725.0441,
791.9724,
2374.146,
0,
0,
0.6876,
13.698,
1579.025,
51769.25,
7823,
4643.886,
0,
3239.911,
58.17619,
201.6719,
201.7907,
0,
0,
0,
0,
203.2734,
16371.71,
499.9472,
906.2442,
0,
28.2493,
3.616524,
425.8372,
0,
0,
0,
0,
0.2088,
67.0248,
1931.128,
3043.55,
4338.696,
0,
3593.382,
7.94711,
257.4489,
258.1607,
0,
0,
0,
0,
36.28098,
11535.47,
1520.851,
1606.807,
0,
1448.167,
4.342249,
99.69668,
0,
0,
0,
0,
0,
136.1772,
4816.041,
7646.518,
12236.73,
0,
16288.93,
343.7292,
938.6569,
400.9202,
0,
0,
0,
0,
594.1157,
38449.61,
125.2352,
5943.918,
0,
2671.642,
2.983761,
9.486452,
0,
0,
0,
0,
0,
52.1604,
8805.427,
3209.031,
2029.644,
0,
286.4246,
507.419,
3149.401,
18.126,
0,
0,
0.0108,
0,
170.8635,
9370.92,
1977.704,
1297.858,
0,
79.15759,
10.05878,
31.48915,
141.5304,
0,
0,
0,
0,
68.1984,
3605.996,
17500.64,
5407.933,
0,
392.0918,
21.06725,
7204.877,
119.2608,
0,
0,
0,
0.0108,
381.0149,
31026.9,
291.1018,
1849.707,
0,
500.4776,
116.0611,
1349.456,
0,
0,
0,
0,
16.3152,
62.52291,
4185.642,
107.7413,
1228.311,
0,
388.3263,
5.857411,
1566.004,
0,
0,
0,
0,
2.5884,
17.19918,
3316.028,
2880.092,
9007.822,
0,
1522.94,
250.0512,
3.511263,
675.9288,
0,
0.0072,
0,
5.076,
269.2332,
14614.66,
1380.877,
1508.541,
0,
673.5353,
89.90556,
87.16697,
0,
0,
0,
0,
4.2588,
130.4615,
3874.747,
79.77235,
634.0849,
0,
437.8549,
4.093418,
1358.544,
1.8072,
0,
0,
0,
0,
72.14111,
2588.298,
162.1249,
229.1213,
0,
3.875111,
4.106966,
1019.631,
0,
0,
0,
0,
0,
41.93141,
1460.79,
0,
0,
0,
0,
3937.548,
0,
0,
0,
0,
0,
0,
0,
3937.548,
83053.63,
128082.5,
0,
65253.49,
3937.547,
29257.22,
6256.098,
0,
0.0576,
0.6984,
103.0032,
7251.791,
323196.1,
1988, 
1168.255,
3437.662,
0,
2175.109,
283.6778,
48.36149,
298.3212,
0,
0,
0,
0.0792,
1106.766,
8518.232,
18310.95,
34106.21,
0,
19292.16,
67.68309,
3511.732,
2010.928,
0,
0.0324,
0,
39.3048,
750.2903,
78089.29,
124.4086,
3300.26,
0,
868.6462,
102.4897,
226.1358,
0,
0,
0,
0,
16.6788,
75.0528,
4713.672,
7.185637,
1168.282,
0,
172.3349,
95.62547,
509.7943,
0,
0,
0,
0,
2.232,
48.04559,
2003.5,
426.9644,
2482.982,
0,
135.2753,
1124.217,
509.4949,
2.1888,
0,
0,
0,
0,
716.7348,
5397.857,
260.3171,
3184.099,
0,
1409.247,
102.8519,
521.9838,
20.8728,
0,
0,
0,
0,
460.0908,
5959.462,
125.2037,
2068.799,
0,
913.7595,
3.684164,
159.3503,
0,
0,
0,
0,
0,
36.6048,
3307.402,
7.734153,
834.2172,
0,
125.0258,
3.261172,
3462.072,
0,
0,
0,
0,
0,
71.83285,
4504.143,
3.884379,
320.9432,
0,
0.02814959,
26.93194,
1633.07,
0,
0,
0,
0,
1.1628,
20.45556,
2006.476,
3134.723,
409.2151,
0,
0.8554254,
3.992116,
310.5334,
37.7748,
0,
0,
0,
0,
11.3832,
3908.477,
11777.03,
25804.48,
0,
9488.9,
770.8666,
821.2711,
2537.316,
0,
0.003607217,
1.188,
14.076,
1660.756,
52875.89,
7521.265,
4888.932,
0,
3185.44,
55.24942,
196.5728,
229.1709,
0,
0,
0,
0,
213.3488,
16289.98,
477.8329,
880.1337,
0,
39.56021,
3.277063,
405.0616,
0,
0,
0,
0,
0.2484,
104.2164,
1910.33,
3055.369,
4256.392,
0,
4367.508,
7.259678,
245.3013,
294.631,
0,
0,
0,
0,
38.27059,
12264.73,
1513.538,
1602.754,
0,
1682.619,
3.989054,
93.88232,
0,
0,
0,
0,
0,
143.645,
5040.428,
7464.674,
11910.62,
0,
18274.76,
281.6326,
904.5918,
457.5581,
0,
0,
0,
0,
626.6964,
39920.53,
125.3917,
6471.356,
0,
2918.25,
3.109405,
12.23574,
0,
0,
0,
0,
0,
48.1104,
9578.454,
3422.226,
2238.603,
0,
325.2599,
530.9001,
3208.707,
20.9412,
0,
0,
0.0216,
0,
208.384,
9955.043,
2045.59,
1555.653,
0,
97.96321,
9.706386,
35.3302,
144.3636,
0,
0,
0,
0,
66.8376,
3955.444,
18748.27,
5816.093,
0,
409.5165,
22.72144,
7501.948,
110.3436,
0,
0,
0,
0.0108,
411.4289,
33020.33,
303.8524,
2061.006,
0,
526.2813,
113.5422,
1375.245,
0,
0,
0,
0,
17.4384,
69.72511,
4467.09,
118.5296,
1194.732,
0,
455.3708,
6.160125,
1587.104,
0,
0,
0,
0,
3.6432,
20.40446,
3385.945,
3162.359,
9688.983,
0,
1589.229,
268.3503,
3.424998,
643.1724,
0,
0.0036,
0,
4.8888,
325.0476,
15685.46,
1407.398,
1546.251,
0,
695.5114,
89.85112,
87.07386,
0,
0,
0,
0,
4.4532,
137.4303,
3967.969,
84.51884,
667.7074,
0,
463.3275,
3.991713,
1399.481,
0.9144,
0,
0,
0,
0,
79.8485,
2699.789,
158.6392,
252.3898,
0,
3.776037,
3.867231,
1032.251,
0,
0,
0,
0,
0,
49.05119,
1499.975,
0,
0,
0,
0,
3988.888,
0,
0,
0,
0,
0,
0,
0,
3988.888,
84956.1,
132148.8,
0,
69615.71,
3988.888,
29802.01,
6808.497,
0,
0.03960722,
1.2096,
104.2164,
7500.458,
334925.9,
1989, 
1166.023,
3569.305,
0,
2231.456,
297.0719,
59.70858,
287.5392,
0,
0,
0,
0.0936,
1048.86,
8660.058,
18312.62,
34110.47,
0,
18884.6,
111.6288,
1884.231,
2020.018,
0,
1.7712,
7.920001,
53.8128,
922.1796,
76309.26,
137.1196,
3468.927,
0,
863.6444,
100.0375,
226.9186,
1.3392,
0,
0,
0,
16.83,
87.5988,
4902.415,
6.014177,
1223.16,
0,
171.3114,
94.70615,
554.1829,
0,
0,
0,
0,
2.9592,
49.95218,
2102.286,
429.4413,
2530.346,
0,
142.6615,
1162.93,
486.2935,
6.588,
0,
0,
0,
0,
736.884,
5495.145,
295.5665,
3004.068,
0,
1562.802,
100.5185,
519.976,
18.1404,
0,
0,
0,
0,
466.1834,
5967.255,
116.4374,
2117.527,
0,
985.1593,
3.557758,
163.5226,
0,
0,
0,
0,
0,
41.0148,
3427.219,
7.730655,
847.4186,
0,
144.1419,
3.433491,
3549.475,
0,
0,
0,
0,
0,
81.94566,
4634.145,
4.962664,
314.9081,
0,
0.02348104,
27.95334,
1674.355,
0,
0,
0,
0,
1.1628,
21.45443,
2044.82,
2916.413,
365.2206,
0,
0.810475,
3.863668,
313.2658,
39.9564,
0,
0,
0,
0,
9.9324,
3649.463,
11951.74,
26123.91,
0,
9993.878,
797.2578,
947.0617,
2686.417,
0,
0.03246493,
1.854,
14.346,
1455.714,
53972.21,
7093.041,
4960.645,
0,
3198.995,
55.87275,
201.4575,
231.7732,
0,
0,
0,
0,
199.1718,
15940.96,
576.2357,
839.7739,
0,
99.08128,
3.427436,
416.2761,
0,
0,
0,
0,
0.2268,
64.5804,
1999.602,
2907.974,
4180.313,
0,
4550.336,
6.168389,
230.2111,
290.3966,
0,
0,
0,
0,
36.95353,
12202.35,
1432.76,
1633.181,
0,
1712.536,
3.400009,
87.05212,
0,
0,
0,
0,
0,
138.7016,
5007.63,
6866.481,
11917.78,
0,
18591.57,
233.9199,
871.0071,
450.9822,
0,
0,
0,
0,
605.129,
39536.87,
123.4915,
6758.986,
0,
3326.32,
3.175848,
11.31282,
0,
0,
0,
0,
0,
48.2904,
10271.58,
3656.174,
2395.899,
0,
385.5337,
550.3801,
3254.46,
16.65,
0,
0,
0.0216,
0,
223.6746,
10482.79,
2075.749,
1675.285,
0,
89.76084,
13.70459,
36.83526,
170.514,
0,
0,
0,
0,
70.5168,
4132.365,
19221.82,
6106.323,
0,
408.3992,
23.56429,
7634.116,
101.7936,
0,
0,
0,
0.0108,
445.4167,
33941.45,
311.2756,
2209.698,
0,
564.4103,
145.9,
1412.59,
0,
0,
0,
0,
19.1376,
84.11648,
4747.127,
135.5685,
1199.347,
0,
531.0416,
5.745881,
1573.14,
0,
0,
0,
0,
3.6252,
25.50622,
3473.975,
3169.432,
10148.57,
0,
1721.448,
281.6844,
3.234384,
658.3284,
0,
0.0036,
0,
4.9644,
330.2676,
16317.94,
1517.255,
1636.088,
0,
724.3896,
90.03618,
89.28148,
0,
0,
0,
0,
6.8904,
134.6928,
4198.634,
82.85651,
686.6769,
0,
512.6392,
4.315855,
1429.999,
0.108,
0,
0,
0,
0,
82.80253,
2799.397,
163.9851,
254.4376,
0,
3.689077,
3.656642,
1045.415,
0,
0,
0,
0,
0,
45.84512,
1517.028,
0,
0,
0,
0,
4127.911,
0,
0,
0,
0,
0,
0,
0,
4127.911,
84678.18,
134278.3,
0,
71400.63,
4127.911,
28675.38,
6980.544,
0,
1.807265,
9.7956,
124.0596,
7457.385,
337734,
1990, 
1021.438,
3542.792,
0,
2215.928,
313.8503,
70.94801,
262.6812,
0,
0,
0,
0.0936,
1068.253,
8495.984,
18192.2,
33057.17,
0,
19035.11,
566.6743,
1263.87,
2201.303,
0,
2.3976,
11.0376,
57.6432,
983.3472,
75370.75,
194.1549,
3568.951,
0,
914.7321,
97.78506,
230.6677,
10.5732,
0,
0,
0.0036,
18.4464,
84.5208,
5119.835,
5.737784,
1366.507,
0,
176.7769,
102.1594,
579.45,
0,
0,
0,
0,
2.898,
50.44278,
2283.971,
376.1159,
2515.255,
0,
134.2953,
1101.298,
447.1018,
8.0532,
0,
0,
0,
0,
744.1488,
5326.268,
298.3156,
3004.747,
0,
1634.305,
97.2865,
525.8059,
26.2116,
0,
0,
0,
0,
511.0456,
6097.717,
103.3703,
2282.147,
0,
997.629,
3.44897,
158.7461,
0,
0,
0,
0,
0,
40.7988,
3586.14,
9.144551,
876.1628,
0,
137.133,
4.226476,
3690.794,
0,
0,
0,
0,
0,
79.11449,
4796.576,
5.000538,
333.0835,
0,
0.02827876,
33.52389,
1719.482,
0,
0,
0,
0,
1.1736,
23.0964,
2115.388,
2785.65,
417.5906,
0,
63.90382,
3.79337,
321.0103,
30.4164,
0,
0,
0,
0,
3.636,
3626,
12218.58,
26104.42,
0,
10386.79,
825.9673,
939.0532,
2677.777,
0,
0.05771536,
2.8008,
14.5044,
1492.222,
54662.16,
6398.313,
4507.481,
0,
2828.92,
42.8349,
206.384,
158.0688,
0,
0,
0,
0,
156.128,
14298.13,
601.9805,
921.4896,
0,
107.6266,
3.349705,
462.1967,
0,
0,
0,
0,
0.288,
83.3328,
2180.264,
3667.933,
3853.785,
0,
3859.246,
2.055636,
98.00385,
274.2444,
0,
0,
0,
0,
38.8476,
11794.12,
1477.381,
1910.69,
0,
2955.092,
1.333832,
18.11055,
0,
0,
0,
0,
0,
145.8108,
6508.419,
7584.589,
13562.75,
0,
19604.36,
154.2967,
524.4317,
425.898,
0,
0,
0,
0.1008,
636.1452,
42492.58,
125.14,
6535.426,
0,
3077.782,
2.931626,
13.4885,
0,
0,
0,
0.003600013,
0,
42.93,
9797.702,
3892.539,
2485.087,
0,
434.3828,
583.3362,
3278.866,
22.1076,
0,
0,
0.1152,
0,
257.9612,
10954.4,
1989.58,
2090.935,
0,
93.44091,
12.97391,
48.10692,
190.3932,
0,
0,
0,
0,
79.0596,
4504.489,
21667.06,
6664.307,
0,
424.0452,
24.33585,
7583.776,
118.3176,
0,
0,
0.007207208,
0.2412252,
481.1132,
36963.2,
360.5041,
2590.752,
0,
560.4532,
151.9405,
1459.293,
0,
0,
0,
0,
19.6812,
81.4414,
5224.065,
142.6889,
1430.642,
0,
630.6112,
5.83941,
1913.111,
0,
0,
0,
0,
4.05,
21.9847,
4148.928,
3320.997,
10839.61,
0,
1807.981,
223.1873,
7.909973,
728.1781,
0,
0.2435916,
0,
6.267852,
316.4469,
17250.82,
1514.834,
1683.766,
0,
755.9589,
88.39117,
90.77016,
0,
0,
0,
0,
7.467516,
137.4337,
4278.622,
105.4649,
725.7139,
0,
527.479,
4.106115,
1464.587,
1.0548,
0,
0,
0,
0,
84.27565,
2912.681,
178.6743,
247.0662,
0,
16.3517,
3.599373,
1058.065,
0,
0,
0,
0,
0,
55.22431,
1558.981,
0,
0,
0,
0,
4454.526,
0,
0,
0,
0,
0,
0,
0,
4454.526,
88237.38,
137118.3,
0,
73380.36,
4454.526,
28174.03,
7135.278,
0,
2.698907,
13.96801,
132.8558,
7698.761,
346348.2,
1991, 
1063.807,
3328.394,
0,
2215.74,
312.9352,
78.95187,
305.748,
0,
0,
0,
0.1152,
1109.75,
8415.441,
18101.86,
32444.27,
0,
21368.62,
1316.091,
1266.91,
2337.548,
0,
2.8152,
10.9836,
58.5612,
1037.538,
77945.2,
189.36,
3799.358,
0,
957.8291,
126.9451,
236.8367,
15.2712,
0,
0,
0.0036,
19.566,
78.6744,
5423.844,
8.583282,
1301.402,
0,
189.3487,
96.5218,
544.0791,
0,
0,
0,
0,
3.1788,
49.54993,
2192.664,
435.5884,
2576.245,
0,
137.085,
1088.89,
430.7144,
5.1912,
0,
0,
0,
0,
784.0152,
5457.729,
257.4718,
3212.325,
0,
1770.424,
114.1454,
562.5605,
27.9216,
0,
0,
0,
0,
557.3777,
6502.227,
104.0551,
2289.211,
0,
1033.512,
3.471866,
149.0672,
0,
0,
0,
0,
0,
41.5044,
3620.822,
7.912367,
911.0123,
0,
170.0231,
4.915371,
3829.249,
0,
0,
0,
0,
0,
85.22382,
5008.336,
7.805549,
327.1877,
0,
0.02148437,
34.96915,
1769.65,
0,
0,
0,
0,
1.0692,
24.75619,
2165.46,
2929.432,
350.9116,
0,
64.62392,
3.622567,
314.7797,
32.9184,
0,
0,
0,
0,
7.128,
3703.416,
12060.29,
26222.08,
0,
10723.78,
872.3246,
945.9991,
2772.378,
0,
0.07935838,
3.9456,
14.3532,
1486.418,
55101.65,
5855.982,
3995.241,
0,
2557.873,
41.87356,
230.4167,
151.0452,
0,
0,
0,
0,
190.0458,
13022.48,
614.2353,
836.966,
0,
138.269,
2.962048,
465.1382,
0,
0,
0,
0,
0.2916,
81.6588,
2139.521,
3338.147,
4025.531,
0,
4262.601,
2.098056,
93.77782,
270.4716,
0,
0,
0,
0,
43.4772,
12036.1,
2063.133,
1455.276,
0,
2959.147,
1.216528,
17.3812,
0,
0,
0,
0,
0,
142.8912,
6639.045,
7558.353,
12040.78,
0,
19345.56,
209.0807,
486.8925,
431.9424,
0,
0,
0,
0.1044,
641.8837,
40714.6,
145.1516,
6900.511,
0,
3296.308,
2.903559,
17.13268,
0,
0,
0,
0.0036,
0,
40.3668,
10402.38,
4207.116,
2570.674,
0,
494.0668,
601.1799,
3295.215,
19.89,
0,
0,
0.1404,
0,
261.9885,
11450.27,
2036.722,
2274.057,
0,
99.96669,
30.61306,
49.2172,
202.7196,
0,
0,
0,
0,
66.5496,
4759.844,
20232.15,
6715.713,
0,
479.7483,
25.86544,
7494.485,
127.044,
0,
0,
0.03243242,
0.2376252,
466.1618,
35541.43,
395.247,
2818.667,
0,
765.7489,
152.9219,
1488.909,
0,
0,
0,
0,
20.7324,
81.86903,
5724.095,
123.7463,
1478.584,
0,
792.2352,
5.587164,
1919.501,
0,
0,
0,
0,
3.7764,
25.3523,
4348.783,
3399.314,
10690.53,
0,
1922.1,
224.2092,
8.308173,
768.4555,
0,
0.2671672,
0,
6.383783,
342.4461,
17362.01,
1555.346,
1622.033,
0,
754.7817,
88.45667,
93.06068,
0,
0,
0,
0,
8.028864,
142.3327,
4264.04,
90.24788,
734.3588,
0,
543.99,
4.073528,
1516.176,
1.386,
0,
0,
0,
0,
88.33032,
2978.563,
193.7716,
263.6156,
0,
18.17682,
3.283868,
1066.684,
0,
0,
0,
0,
0,
59.9904,
1605.523,
0,
0,
0,
0,
5371.158,
0,
0,
0,
0,
0,
0,
0,
5371.158,
86974.83,
135184.9,
0,
77061.58,
5371.158,
28371.09,
7469.931,
0,
3.161726,
15.10923,
136.3987,
7937.28,
348525.5,
1992, 
1101.786,
3407.734,
0,
2300.148,
318.5329,
87.8019,
290.0952,
0,
0,
0.2124,
0.1188,
1138.961,
8645.39,
18590.47,
32845,
0,
20908.2,
1388.095,
1507.938,
2361.251,
0,
2.6964,
10.5012,
61.8048,
915.7356,
78591.69,
181.9353,
3815.476,
0,
977.7231,
131.9363,
243.1702,
14.1084,
0,
0,
0.0036,
20.8944,
94.212,
5479.459,
9.080899,
1343.368,
0,
192.9332,
97.5324,
541.2877,
0,
0,
0,
0,
4.7772,
47.7308,
2236.71,
417.6683,
2629.63,
0,
146.6293,
1106.974,
404.0044,
6.3324,
0,
0,
0,
0,
804.0348,
5515.273,
262.5721,
3535.25,
0,
1824.423,
117.0262,
597.3983,
25.4916,
0,
0,
0,
0,
563.5744,
6925.736,
93.06088,
2363.052,
0,
1073.399,
3.314091,
150.8796,
0,
0,
0,
0,
0,
39.3516,
3723.057,
10.15018,
960.3185,
0,
175.5829,
5.018377,
3943.417,
0,
0,
0,
0,
0,
89.50204,
5183.989,
8.469825,
313.9192,
0,
0.02223651,
35.39523,
1826.63,
0,
0,
0,
0,
0.9792,
25.65019,
2211.066,
2701.761,
400.2292,
0,
65.15945,
3.696688,
314.0635,
33.4368,
0,
0,
0,
0,
2.7072,
3521.054,
11441.25,
26439.5,
0,
10867.99,
903.3948,
970.2321,
2820.046,
0,
0.1129268,
5.6052,
14.8356,
1576.541,
55039.5,
5768.294,
3446.866,
0,
2097.12,
45.56642,
247.8479,
139.7628,
0,
0,
0,
0,
165.1134,
11910.57,
635.3273,
873.8527,
0,
149.3855,
3.015497,
459.3586,
0,
0,
0,
0,
0.252,
95.6448,
2216.836,
3212.757,
2905.225,
0,
4188.634,
2.12311,
86.34634,
265.5,
0,
0,
0,
0,
29.3724,
10689.96,
1947.485,
1632.496,
0,
2877.949,
1.144273,
13.79419,
0,
0,
0,
0,
0,
137.8008,
6610.669,
7813.309,
10348.88,
0,
19636.89,
294.9149,
567.9457,
430.6536,
0,
0,
0,
0.1044,
659.2968,
39751.99,
165.7024,
7725.275,
0,
3545.614,
3.063935,
20.04193,
0,
0,
0,
0.0036,
0,
49.0824,
11508.78,
4410.262,
2723.386,
0,
542.8752,
594.3987,
3435.392,
24.2136,
0,
0,
0.317448,
0,
251.5879,
11982.43,
1842.055,
2763.614,
0,
112.3921,
13.73581,
59.27654,
203.508,
0,
0,
0,
0,
62.2692,
5056.851,
21248.53,
7211.763,
0,
448.5946,
26.90805,
7139.707,
121.842,
0,
0,
0.05045046,
0.4176252,
502.4028,
36700.22,
402.885,
3203.026,
0,
841.4594,
190.5049,
1518.13,
0,
0,
0,
0,
20.5236,
81.96487,
6258.494,
177.7103,
1540.613,
0,
820.3718,
5.796736,
1925.713,
0,
0,
0,
0,
3.9024,
33.21827,
4507.325,
3293.694,
11070.44,
0,
1955.748,
222.4009,
8.200579,
803.7326,
0,
0.2947051,
0.0021348,
6.432703,
291.4669,
17652.41,
1578.04,
1677.086,
0,
783.0698,
87.82324,
97.93365,
0,
0,
0,
0.002484,
7.925832,
133.8672,
4365.749,
92.37342,
807.3658,
0,
599.0865,
4.142094,
1576.222,
2.0952,
0,
0,
0,
0,
96.68008,
3177.965,
195.0527,
272.2113,
0,
18.27533,
2.994398,
1084.472,
0,
0,
0,
0,
0,
50.52697,
1623.532,
0,
0,
0,
0,
5609.45,
0,
0,
0,
0,
0,
0,
0,
5609.45,
87601.68,
136255.6,
0,
77149.68,
5609.449,
28827.2,
7542.069,
0,
3.104032,
16.69852,
142.9686,
7938.295,
351086.7,
1993, 
1008.47,
3444.067,
0,
2435.626,
314.935,
98.53838,
338.1732,
0,
0,
0.2124,
0.1188,
1164.802,
8804.943,
19244.05,
33334.36,
0,
21230.06,
1480.256,
761.4548,
2328.872,
0,
3.2436,
10.9908,
63.9864,
1019.88,
79477.16,
219.286,
3838.678,
0,
997.9292,
132.658,
243.4992,
17.7516,
0,
0,
0.0036,
21.1572,
94.446,
5565.409,
9.304309,
1323.435,
0,
190.2963,
83.76259,
500.0408,
0,
0,
0,
0.02156568,
4.5144,
53.61042,
2164.985,
427.6723,
2723.747,
0,
165.5455,
1140.971,
382.7412,
1.5912,
0,
0,
0,
0,
846.234,
5688.502,
263.8169,
3401.348,
0,
1869.285,
114.5844,
588.0298,
27.9,
0,
0,
0,
0,
628.928,
6893.892,
107.4245,
2341.409,
0,
1167.415,
3.2803,
153.7077,
0,
0,
0,
0,
0,
40.842,
3814.078,
9.438766,
949.9423,
0,
191.094,
5.281748,
4022.268,
0,
0,
0,
0.004256617,
0,
85.44685,
5263.476,
7.713725,
306.2704,
0,
0.01947972,
36.19657,
1873.054,
0,
0,
0,
0.002168095,
0.9792,
27.29256,
2251.528,
3006.304,
324.2,
0,
72.71304,
3.716913,
309.3768,
26.118,
0,
0,
0,
0,
0.5256,
3742.955,
10729.26,
26169.75,
0,
11260.5,
943.5363,
1009.544,
2942.734,
0,
0.1315005,
8.510433,
15.5556,
1611.533,
54691.06,
5407.081,
3414.681,
0,
2079.214,
50.59002,
252.0754,
151.3512,
0,
0,
0,
0,
166.1949,
11521.19,
612.9513,
1007.306,
0,
171.3038,
12.00868,
457.4803,
0,
0,
0,
0,
0.2808,
122.2236,
2383.554,
2829.127,
2266.921,
0,
3677.366,
2.144822,
82.89268,
270.8748,
0,
0,
0,
0,
41.1588,
9170.486,
1721.094,
1271.563,
0,
2942.071,
1.01611,
11.62361,
0,
0,
0,
0,
0,
148.2948,
6095.664,
5877.825,
9860.753,
0,
17271.86,
242.1466,
524.8555,
429.0696,
0,
0,
0,
0.1008,
672.192,
34878.8,
189.8639,
8366.965,
0,
3842.187,
2.940499,
22.1013,
0,
0,
0,
0.0036,
0,
49.59,
12473.65,
4662.954,
2799.816,
0,
536.3921,
588.1761,
3509.531,
19.4328,
0,
0,
0.357552,
0,
253.7204,
12370.38,
1886.903,
3151.605,
0,
126.9726,
14.21498,
60.88594,
209.2968,
0,
0,
0,
0,
63.0972,
5512.975,
22995.55,
7906.764,
0,
422.2903,
23.68559,
7258.264,
129.4488,
0,
0,
0.07927927,
0.4248252,
563.2413,
39299.75,
415.1704,
3547.034,
0,
923.1498,
187.7859,
1542.985,
0,
0,
0,
0,
20.4048,
87.73923,
6724.269,
274.6441,
1836.874,
0,
865.4326,
5.447855,
1938.949,
0,
0,
0,
0,
3.924,
30.24644,
4955.518,
3293.75,
10721.31,
0,
2012.863,
220.8477,
7.75228,
897.3218,
0,
0.3205774,
0.006242401,
6.399328,
336.1729,
17496.74,
1624.52,
1784.811,
0,
797.8089,
87.89738,
103.1865,
0,
0,
0.0396,
0.003564,
8.368488,
147.0077,
4553.643,
97.05168,
867.8436,
0,
642.4594,
4.037139,
1609.859,
1.7892,
0,
0,
0,
0,
92.83074,
3315.871,
183.7447,
282.8457,
0,
18.29602,
2.77923,
1088.092,
0,
0,
0,
0,
0,
52.24139,
1627.999,
0,
0,
0,
0,
5704.897,
0,
0,
0,
0,
0,
0,
0,
5704.897,
87104.97,
137244.3,
0,
75910.15,
5704.897,
28412.79,
7791.725,
0,
3.735278,
20.19546,
146.2146,
8399.492,
350738.5,
1994, 
1031.134,
3397.275,
0,
2577.72,
360.9508,
109.8267,
388.2024,
0,
0,
0.2124,
0.1188,
1187.402,
9052.843,
19320.09,
33858.95,
0,
21499.79,
1594.659,
762.525,
2443.918,
0,
2.9808,
12.5388,
62.9244,
945.9648,
80504.34,
240.4858,
3979.214,
0,
1028.118,
128.3323,
247.1208,
15.2604,
0,
0,
0.018,
20.1528,
72.1728,
5730.875,
5.101276,
1378.552,
0,
200.251,
83.35901,
531.3176,
0,
0,
0,
0.02156568,
4.446,
49.83362,
2252.882,
449.2591,
2846.058,
0,
171.2003,
1254.497,
361.5647,
0.198,
0,
0,
0,
0,
873.738,
5956.515,
292.6508,
3843.397,
0,
1972.484,
118.0196,
600.8193,
29.646,
0,
0,
0,
0,
691.2516,
7548.269,
113.7712,
2334.904,
0,
1164.981,
3.212632,
155.2439,
0,
0,
0,
0,
0,
43.2612,
3815.375,
7.623087,
810.2974,
0,
184.6537,
5.138668,
4097.543,
0,
0,
0,
0.01134083,
0,
83.97884,
5189.247,
7.412197,
330.7267,
0,
0.01979633,
36.45022,
1917.937,
0,
0,
0,
0.004762142,
0.9396,
27.95823,
2321.448,
3113.361,
361.2557,
0,
72.65211,
3.564505,
308.2987,
34.9092,
0,
0,
0,
0,
3.8664,
3897.908,
10931.21,
26231.21,
0,
11488.18,
1040.873,
1095.646,
2936.938,
0,
0.157302,
12.61443,
14.7852,
1625.372,
55376.98,
4920.326,
3350.435,
0,
2069.449,
56.6965,
267.9099,
163.8576,
0,
0,
0,
0,
185.3523,
11014.03,
651.137,
988.5583,
0,
188.1279,
2.360529,
412.7599,
0,
0,
0,
0,
0.2844,
110.1096,
2353.338,
2278.623,
1808.093,
0,
3114.06,
2.19668,
82.75537,
247.8528,
0,
0,
0,
0,
44.694,
7578.274,
1790.694,
997.4378,
0,
2808.069,
0.9242628,
9.568329,
0,
0,
0,
0,
0,
161.1108,
5767.804,
5153.924,
7724.602,
0,
15534.19,
193.189,
421.3011,
352.152,
0,
0,
0,
0.1116,
673.5348,
30053,
198.3668,
8767.906,
0,
4320.679,
2.843695,
21.73764,
0,
0,
0,
0.0036,
0,
41.0796,
13352.62,
4886.187,
2953.818,
0,
568.2538,
630.6735,
3619.717,
20.3328,
0,
0,
0.72,
0,
297.8168,
12977.52,
1932.216,
3385.787,
0,
162.4514,
13.38609,
61.51831,
211.1436,
0,
0,
0,
0,
58.1256,
5824.628,
24902.7,
8064.263,
0,
498.6331,
35.85637,
7635.799,
178.6572,
0,
0,
0.1441441,
0.4212252,
623.2126,
41939.69,
451.7851,
4072.817,
0,
951.2441,
185.0596,
1567.081,
0,
0,
0,
0,
22.7556,
103.8821,
7354.625,
241.1048,
1700.569,
0,
982.9386,
5.330726,
1954.75,
0,
0,
0,
0,
6.966,
24.46617,
4916.125,
3463.394,
11396.08,
0,
2177.065,
223.6794,
7.984828,
968.8561,
0,
0.3468366,
0.0081144,
7.430458,
232.2414,
18477.08,
1599.197,
1822.544,
0,
817.282,
89.58868,
108.9042,
0,
0,
0.0468,
0.018036,
7.811352,
155.694,
4601.086,
88.047,
939.7744,
0,
645.837,
4.019458,
1640.114,
1.8396,
0,
0,
0,
0,
107.3636,
3426.995,
166.5285,
299.1644,
0,
17.80336,
2.546191,
1106.287,
0,
0,
0,
0,
0,
50.54533,
1642.875,
0,
0,
0,
0,
6077.407,
0,
0,
0,
0,
0,
0,
0,
6077.407,
88236.33,
137643.7,
0,
75216.13,
6077.407,
29106.03,
7993.764,
0,
3.531739,
26.31519,
149.1474,
8474.028,
352926.4,
1995, 
1050.572,
3502.999,
0,
2633.845,
384.3468,
115.8087,
352.2384,
0,
0,
0.2124,
0.1188,
1209.323,
9249.465,
19367.5,
33660.97,
0,
20392.56,
1889.389,
675.0789,
2569.702,
0,
2.9808,
11.5056,
53.7876,
1130.818,
79754.3,
257.493,
3684.594,
0,
1006.078,
129.4943,
242.3212,
30.3948,
0,
0,
0.0252,
20.4084,
99.1008,
5469.911,
5.639021,
1467.824,
0,
208.2322,
74.98941,
522.6969,
0,
0,
0,
0.02156568,
4.3956,
50.11224,
2333.911,
469.8183,
3045.077,
0,
177.4287,
1300.976,
364.8676,
9.0684,
0,
0,
0,
0,
914.058,
6281.294,
293.3661,
3697.911,
0,
2115.943,
114.8183,
595.2158,
25.4376,
0,
0,
0,
0,
705.5818,
7548.274,
131.6595,
2406.937,
0,
1217.601,
3.109854,
155.063,
0,
0,
0,
0,
0,
44.1216,
3958.492,
9.083025,
788.6817,
0,
188.1081,
4.893384,
4201.981,
0,
0,
0,
0.01363946,
0,
90.15482,
5282.916,
8.310729,
340.4607,
0,
0.01831585,
39.65067,
1983.109,
0,
0,
0,
0.005468195,
1.404,
28.44081,
2401.4,
3257.295,
440.1173,
0,
72.69527,
3.584935,
329.2841,
40.6836,
0,
0,
0,
0,
1.9044,
4145.565,
10756.62,
26569.05,
0,
12181.33,
1116.019,
1197.651,
3002.98,
0,
0.1903037,
14.68443,
15.0048,
1624.015,
56477.54,
4940.431,
3501.843,
0,
2154.166,
63.26952,
302.298,
164.5452,
0,
0,
0.0036,
0,
210.9451,
11337.5,
665.5229,
1094.094,
0,
231.249,
2.218808,
402.3035,
0,
0,
0,
0,
0.3096,
127.9476,
2523.646,
2164.662,
1683.843,
0,
3028.207,
2.320995,
69.95454,
253.8828,
0,
0,
0,
0,
37.0692,
7239.939,
1392.286,
893.508,
0,
2241.945,
0.9181244,
7.552958,
0,
0,
0,
0,
0,
144.8496,
4681.06,
4763.362,
7173.363,
0,
14834.22,
165.9496,
384.8551,
359.4096,
0,
0,
0,
0.108,
662.7204,
28343.99,
212.6934,
8954.423,
0,
4508.431,
2.694688,
22.60467,
0,
0,
0,
0.0036,
0,
39.8448,
13740.7,
5226.632,
3295.999,
0,
704.377,
624.2944,
3698.576,
28.7352,
0,
0.003603919,
1.9044,
0,
261.3468,
13841.87,
1934.128,
3656.811,
0,
187.2768,
16.39186,
63.7663,
241.3044,
0,
0,
0,
0,
61.056,
6160.734,
27274.99,
8529.756,
0,
453.7302,
61.67719,
8052.415,
173.3364,
0,
0,
0.2306306,
0.4212252,
705.9153,
45252.47,
552.7313,
4238.703,
0,
1041.484,
217.0445,
1597.286,
0,
0,
0,
0,
22.0896,
114.8495,
7784.188,
268.566,
2064.956,
0,
1055.374,
5.154765,
1987.043,
0,
0,
0,
0,
7.956,
29.57754,
5418.627,
3564.243,
11346.91,
0,
2216.621,
227.0409,
7.138566,
1048.514,
0,
0.3820887,
0.0120528,
11.42214,
283.5955,
18705.88,
1608.069,
1831.987,
0,
853.8469,
90.08915,
110.027,
0,
0,
0.0576,
0.028836,
7.574364,
160.2756,
4661.956,
109.8282,
1003.109,
0,
688.0928,
4.335579,
1695.201,
1.7388,
0,
0,
0,
0,
110.1161,
3612.422,
160.9728,
316.1358,
0,
18.79386,
2.613208,
1144.106,
0,
0,
0,
0,
0,
52.42958,
1695.051,
0,
0,
0,
0,
6547.285,
0,
0,
0,
0,
0,
0,
0,
6547.285,
90446.47,
139190.1,
0,
74411.66,
6547.284,
29928.2,
8301.971,
0,
3.614396,
28.65142,
145.0001,
8900.169,
357903.1,
1996, 
1072.312,
3543.737,
0,
2712.55,
380.2589,
130.0654,
333.9612,
0,
0.0216,
0.2232,
0.1152,
1280.329,
9453.574,
20307.34,
34772.68,
0,
20105.48,
1983.591,
794.4351,
2574.763,
0,
3.2616,
12.276,
56.6856,
1263.326,
81873.84,
288.9191,
3659.834,
0,
1113.888,
117.7473,
247.582,
28.3608,
0,
0,
0.0216,
20.6244,
113.1912,
5590.168,
6.232006,
1545.97,
0,
235.6547,
80.03976,
527.8691,
0,
0,
0,
0.1043657,
4.3848,
57.56954,
2457.825,
477.6581,
3328.053,
0,
207.2461,
1352.002,
347.0199,
8.7372,
0,
0,
0.007199999,
0,
956.7684,
6677.492,
297.1631,
3867.542,
0,
2286.885,
117.8764,
609.6418,
26.8524,
0,
0,
0.036,
0,
722.6261,
7928.623,
130.6367,
2501.822,
0,
1233.743,
3.037075,
161.513,
0,
0,
0,
0,
0,
49.3704,
4080.122,
9.213506,
868.7391,
0,
200.1714,
4.9783,
4297.399,
0,
0,
0,
0.01607479,
0,
92.55448,
5473.072,
7.493439,
357.4782,
0,
0.03565499,
42.42267,
2061.873,
0,
0,
0,
0.006156473,
1.4148,
30.03864,
2500.763,
3331.504,
455.2957,
0,
65.5244,
4.233138,
320.591,
42.39,
0,
0,
0,
0,
4.7484,
4224.286,
10957.29,
26856.45,
0,
12606.17,
1214.533,
1205.594,
3149.082,
0,
0.2098974,
17.59323,
16.3224,
1538.165,
57561.41,
5014.196,
3539.865,
0,
2315.225,
72.5731,
353.8762,
173.5704,
0,
0,
0.0036,
0,
230.1044,
11699.41,
800.3474,
1133.067,
0,
274.7344,
2.131353,
372.8011,
0,
0,
0,
0,
0.3024,
145.71,
2729.093,
1670.46,
1452.238,
0,
2976.365,
2.447027,
64.70434,
286.4772,
0,
0,
0,
0,
32.4504,
6485.142,
1222.354,
846.5302,
0,
2174.408,
0.90088,
5.55432,
0,
0,
0,
0,
0,
147.3804,
4397.127,
5140.671,
6576.895,
0,
14808.71,
165.5796,
357.405,
400.86,
0,
0,
0,
0.1008,
584.7769,
28035,
246.2669,
8909.003,
0,
4657.475,
2.86865,
21.69965,
0,
0,
0,
0.0036,
0,
40.8852,
13878.2,
5395.87,
3526.565,
0,
704.734,
665.7216,
3879.306,
32.6556,
0,
0.0072074,
3.317868,
0,
248.1474,
14456.32,
1945.244,
3950.049,
0,
260.7167,
18.48285,
65.64378,
266.1264,
0,
0,
0,
0,
53.7264,
6559.989,
28699.16,
9374.701,
0,
671.9095,
51.73244,
8379.028,
187.6536,
0,
0,
0.3547604,
0.4176252,
696.4884,
48061.44,
668.8664,
4532.647,
0,
1215.377,
258.758,
1613.584,
0,
0,
0,
0.0008164993,
23.5296,
121.8436,
8434.606,
379.1889,
2081.349,
0,
1106.245,
5.186011,
2016.581,
0,
0,
0,
0,
8.4672,
32.33214,
5629.35,
3630.802,
11477.88,
0,
2371.567,
256.249,
7.144897,
1087.922,
0,
0.4409258,
0.0057312,
13.22335,
272.5516,
19117.79,
1729.533,
1979.024,
0,
856.033,
92.62045,
112.9152,
0,
0,
0.0684,
0.05681097,
7.569144,
154.2265,
4932.046,
95.72878,
1107.262,
0,
735.2486,
4.111127,
1728.919,
1.2456,
0,
0,
0,
0,
99.52209,
3772.038,
145.554,
315.9884,
0,
17.51574,
2.401279,
1151.289,
0,
0,
0,
0,
0,
49.41128,
1682.16,
0,
0,
0,
0,
6902.482,
0,
0,
0,
0,
0,
0,
0,
6902.482,
93670,
142560.7,
0,
75913.61,
6902.482,
30834.04,
8600.657,
0,
4.009631,
34.02702,
153.1573,
9018.244,
367690.9,
1997, 
1143.588,
3671.042,
0,
2834.783,
373.1867,
142.132,
297.1008,
0,
0.0252,
0.2232,
0.1152,
1262.513,
9724.709,
20794.33,
35277.23,
0,
20213.92,
1920.099,
820.4636,
2398.907,
0,
3.2292,
11.7144,
53.6652,
1199.437,
82693,
294.5764,
3891.896,
0,
1178.185,
113.5303,
250.972,
37.6416,
0,
0,
0.0432,
19.6776,
95.1516,
5881.673,
6.526594,
1671.353,
0,
246.8658,
82.80197,
532.4539,
0,
0,
0.003501134,
0.2986668,
4.4604,
58.3419,
2603.106,
487.381,
3537.28,
0,
232.1973,
1359.049,
334.496,
11.4084,
0,
0,
0.0144,
0,
1004.299,
6966.125,
366.3234,
3920.344,
0,
2391.421,
117.6322,
591.1778,
28.6596,
0,
0,
0.05769887,
0,
771.2889,
8186.905,
130.1898,
2535.622,
0,
1311.821,
3.050016,
164.3898,
0,
0,
0,
0,
0,
51.0804,
4196.153,
10.75756,
889.3466,
0,
229.541,
5.108687,
4395.061,
0,
0,
0,
0.01631261,
0,
90.94324,
5620.774,
9.549742,
356.2922,
0,
0.02823746,
43.91928,
2136.159,
0,
0,
0,
0.00590001,
1.3176,
30.17673,
2577.449,
3438.127,
433.8115,
0,
58.54055,
5.462518,
315.1982,
45.5292,
0,
0,
0,
0,
7.5312,
4304.2,
9695.088,
27157.62,
0,
13458.57,
1319.345,
1411.34,
3187.087,
0,
0.2479009,
26.53563,
16.9884,
1600.58,
57873.41,
4978.98,
3485.688,
0,
2144.399,
77.65717,
384.527,
186.2532,
0,
0,
0.0144,
0,
221.2266,
11478.75,
856.8171,
1153.737,
0,
340.2372,
1.926275,
361.8553,
0,
0,
0,
0,
0.2988,
143.3376,
2858.209,
1613.872,
1436.141,
0,
2869.659,
2.457795,
68.88869,
285.9588,
0,
0,
0,
0,
36.9324,
6313.91,
1050.842,
838.5269,
0,
2110.037,
0.9861143,
3.566132,
0,
0,
0,
0,
0,
132.9336,
4136.892,
4767.491,
6392.618,
0,
14480.08,
155.7368,
341.5191,
396.378,
0,
0,
0,
0.1044,
596.6388,
27130.57,
269.4815,
9480.133,
0,
5022.5,
3.002405,
22.999,
0,
0,
0,
0.0108,
0,
39.1968,
14837.32,
5592.529,
3692.62,
0,
858.7678,
674.1014,
3911.389,
36.2988,
0,
0.007207343,
3.732516,
0,
268.779,
15038.23,
2039.797,
4333.368,
0,
350.483,
16.60809,
71.50489,
277.5096,
0,
0,
0.0036,
0,
48.6468,
7137.921,
27268.91,
10205.01,
0,
793.092,
65.66935,
8403.095,
182.4732,
0,
0,
0.7463712,
0.4176252,
726.8698,
47646.28,
700.1751,
4882.238,
0,
1466.255,
234.1292,
1645.12,
0,
0,
0,
0.002193511,
26.0604,
112.0201,
9066.001,
296.8818,
2231.123,
0,
1187.877,
4.323059,
2035.114,
0,
0,
0,
0,
9.378,
21.07011,
5785.767,
3741.718,
11291.5,
0,
2465.632,
266.3766,
6.79778,
1149.039,
0,
0.5408152,
0.0053172,
13.52044,
306.4345,
19241.56,
1884.336,
1920.351,
0,
882.738,
95.9584,
115.8904,
0,
0,
0.0828,
0.07822634,
7.925112,
147.4216,
5054.782,
97.52707,
1198.497,
0,
698.9842,
3.871974,
1761.256,
1.35,
0,
0,
0,
0,
103.5202,
3865.006,
141.7052,
331.1933,
0,
19.1595,
2.19114,
1184.47,
0,
0,
0,
0,
0,
51.79522,
1730.514,
0,
0,
0,
0,
6948.181,
0,
0,
0,
0,
0,
0,
0,
6948.181,
91677.5,
146214.6,
0,
77845.78,
6948.18,
31411.84,
8521.595,
0,
4.136624,
43.50283,
153.9292,
9128.166,
371949.2,
1998, 
1220.526,
3800.644,
0,
2811.543,
387.1163,
147.1989,
257.4396,
0,
0.036,
0.2232,
0.1152,
1194.804,
9819.646,
21244.48,
35958.56,
0,
20533.14,
2000.623,
828.9127,
2570.846,
0,
3.204,
10.8648,
55.3284,
1065.942,
84271.91,
302.7516,
3959.684,
0,
1230.725,
114.377,
253.7519,
33.354,
0,
0,
0.054,
20.3652,
88.65,
6003.713,
6.078295,
1761.986,
0,
291.7384,
76.27312,
524.657,
0,
0,
0.007007409,
0.3489731,
4.194,
54.99512,
2720.278,
476.1028,
3661.256,
0,
232.7879,
1414.984,
312.9258,
11.754,
0,
0,
0.018,
0,
1049.288,
7159.117,
411.0205,
4076.984,
0,
2564.976,
117.3252,
589.4405,
26.8308,
0,
0,
0.1225926,
0,
766.3773,
8553.077,
150.934,
2675.014,
0,
1327.158,
3.01418,
173.6859,
0,
0,
0,
0,
0,
51.4296,
4381.236,
15.83485,
838.0175,
0,
242.6575,
5.255578,
4503.27,
0,
0,
0,
0.01877011,
0,
78.27128,
5683.326,
9.801972,
376.9944,
0,
0.0259759,
46.96082,
2190.648,
0,
0,
0,
0.006652905,
1.4976,
30.50321,
2656.438,
3396.664,
592.0983,
0,
49.38143,
6.575132,
326.1592,
48.9636,
0,
0,
0,
0,
5.742,
4425.583,
9517.355,
28389.88,
0,
13582.64,
1388.487,
1276.041,
3165.689,
0,
0.3323533,
40.61883,
18.81,
1650.954,
59030.82,
4593.636,
3532.849,
0,
2004.753,
74.7297,
385.0434,
186.552,
0,
0,
0.0216,
0,
234.6026,
11012.19,
900.3461,
1132.882,
0,
351.1151,
1.992402,
317.8242,
0,
0,
0,
0.018,
0.306,
152.0244,
2856.508,
1639.474,
1316.62,
0,
2746.802,
2.540241,
69.49997,
270.8604,
0,
0,
0,
0,
58.1184,
6103.916,
1056.043,
852.8327,
0,
2135.688,
0.7885714,
3.497431,
0,
0,
0,
0,
0,
129.7044,
4178.555,
4339.582,
6079.448,
0,
14121.32,
146.1035,
322.7537,
384.8724,
0,
0,
0,
0.108,
606.0852,
26000.28,
292.1134,
9358.84,
0,
5461.418,
3.001529,
24.33605,
0,
0,
0,
0.0108,
0,
40.1688,
15179.89,
5554.538,
3955.229,
0,
901.572,
668.0646,
4077.28,
42.9192,
0,
0.007207293,
4.058424,
0,
298.8122,
15502.48,
1950.079,
3727.889,
0,
320.7638,
16.10286,
66.85831,
322.8804,
0,
0,
0.007199999,
0,
52.1244,
6456.705,
28058.73,
10054.98,
0,
877.5734,
70.76093,
8225.563,
183.4776,
0,
0,
1.338027,
0.4176252,
774.3209,
48247.16,
656.0292,
4609.565,
0,
1523.422,
230.5288,
1625.237,
0,
0,
0,
0.002784352,
32.0976,
100.7189,
8777.602,
284.1714,
2113.24,
0,
1137.041,
4.898328,
2011.959,
0,
0,
0,
0,
9.4212,
38.06701,
5598.798,
3515.124,
10924.22,
0,
2503.354,
259.4677,
6.702676,
1196.434,
0,
0.6848367,
0.0235476,
12.71193,
316.1282,
18734.85,
2005.689,
1900.975,
0,
871.827,
102.131,
117.361,
0,
0,
0.1008,
0.1132922,
8.89434,
151.8518,
5158.943,
91.87523,
1218.509,
0,
757.4852,
3.762496,
1759.795,
1.0224,
0,
0,
0,
0,
108.4966,
3940.946,
147.6359,
326.7562,
0,
19.72584,
2.033103,
1194.983,
0,
0,
0,
0,
0,
75.3115,
1766.445,
0,
0,
0,
0,
7147.897,
0,
0,
0,
0,
0,
0,
0,
7147.897,
91836.62,
147196,
0,
78600.64,
7147.897,
31335.38,
8703.896,
0,
4.372205,
57.86949,
164.2671,
9173.492,
374220.4,
1999, 
1222.53,
3878.961,
0,
2896.041,
430.4544,
152.8123,
264.5676,
0,
0.0468,
0.5904,
0.1152,
1244.747,
10090.87,
21327.67,
36334.7,
0,
21255.89,
2454.134,
715.2311,
2778.52,
0,
2.4804,
17.2872,
56.5812,
1000.487,
85942.98,
300.0206,
4214.083,
0,
1185.724,
110.0737,
255.1182,
36.0072,
0,
0,
0.0612,
20.2428,
118.0152,
6239.345,
5.36939,
1792.11,
0,
336.2636,
86.595,
535.5206,
0,
0,
0.007019634,
0.399205,
5.4432,
68.06874,
2829.777,
487.6559,
3702.798,
0,
241.7776,
1454.909,
315.595,
14.3172,
0,
0,
0.0072,
0,
1054.8,
7271.861,
331.5235,
4414.535,
0,
2451.12,
114.8694,
571.5844,
25.5816,
0,
0,
0.1299607,
0,
756.3781,
8665.722,
142.3841,
2654.587,
0,
1492.502,
2.928464,
165.7575,
0,
0,
0,
0.0864,
0,
56.7972,
4515.043,
15.04007,
920.1413,
0,
241.308,
5.423307,
4589.254,
0,
0,
0,
0.01892141,
0,
88.6655,
5859.852,
11.2816,
447.4003,
0,
0.02770392,
48.57863,
2233.081,
0,
0,
0.003660375,
0.006550821,
1.4508,
28.65222,
2770.482,
3482.158,
436.6549,
0,
64.36411,
5.774683,
323.9862,
46.2132,
0,
0,
0,
0,
2.6136,
4361.765,
8961.777,
28598.43,
0,
13982.38,
1429.614,
1254.027,
3215.066,
0,
0.3478156,
51.21723,
19.8,
1691.754,
59204.41,
4059.841,
3465.398,
0,
1927.05,
84.53357,
389.7563,
187.8552,
0,
0,
0.0216,
0,
241.5802,
10356.04,
843.0634,
1124.31,
0,
428.6457,
1.762926,
283.8746,
0,
0,
0,
0.0756,
0.2916,
124.8372,
2806.861,
1619.478,
1198.89,
0,
2820.253,
2.683933,
71.01385,
259.434,
0,
0,
0,
0,
52.992,
6024.745,
972.1066,
818.9337,
0,
2233.089,
0.7917864,
2.369967,
0,
0,
0,
0,
0,
146.7468,
4174.038,
4471.185,
6360.217,
0,
13761.53,
141.6907,
337.5999,
446.2272,
0,
0,
0,
0.1008,
610.704,
26129.25,
293.1122,
9571.25,
0,
5744.356,
3.104424,
19.95543,
0,
0,
0,
0.1368,
0,
31.2192,
15663.13,
6014.632,
4296.96,
0,
953.1772,
658.8605,
4218.006,
47.69683,
0,
0.007207226,
5.434092,
0,
291.0738,
16485.85,
2099.818,
3974.838,
0,
424.1832,
16.57502,
78.05717,
371.0304,
0,
0,
0.0216,
0,
52.0524,
7016.576,
28488.63,
10940.94,
0,
910.6633,
76.71925,
8669.293,
190.6416,
0,
0,
1.784755,
0.4176252,
755.7461,
50034.84,
675.2148,
4535.67,
0,
1668.898,
249.3994,
1644.415,
0,
0,
0,
0.002982022,
38.1456,
124.8903,
8936.637,
382.084,
2141.625,
0,
1175.864,
4.266206,
2039.172,
0,
0,
0,
0,
9.8208,
37.27028,
5790.102,
3735.629,
10995.43,
0,
2614.957,
259.8938,
7.412922,
1139.817,
0,
0.9187117,
0.138402,
12.42142,
299.5568,
19066.18,
2053.746,
1915.33,
0,
939.2767,
102.1289,
124.194,
0,
0,
0.1224,
0.2464396,
9.858564,
147.0853,
5291.989,
85.88928,
1298.905,
0,
864.2469,
3.628794,
1781.403,
1.4364,
0,
0,
0,
0,
99.50089,
4135.01,
156.3877,
350.8947,
0,
19.30874,
1.847527,
1241.764,
0,
0,
0,
0,
0,
83.02586,
1853.229,
0,
0,
0,
0,
7751.241,
0,
0,
0,
0,
0,
0,
0,
7751.241,
92238.23,
150384,
0,
80632.9,
7751.241,
32020.26,
9024.411,
0,
3.934015,
77.66653,
174.6896,
9209.26,
381516.6,
2000, 
1313.277,
3921.587,
0,
3106.945,
444.3383,
154.9442,
262.0764,
0,
0.0576,
0.9504,
0.1152,
1290.632,
10494.92,
22139.65,
37099.6,
0,
22909.61,
2697.655,
681.8784,
2871.785,
0,
2.5524,
20.34,
52.6356,
911.5344,
89387.23,
307.2738,
4033.15,
0,
1383.817,
109.6365,
260.0243,
29.5956,
0,
0.0252,
0.0684,
21.2436,
119.2788,
6264.113,
10.82487,
1758.577,
0,
370.8538,
80.75186,
534.1819,
0,
0,
0.0072,
0.7127657,
7.5528,
62.0424,
2825.504,
503.7165,
3672.045,
0,
317.3871,
1377.515,
307.9247,
21.7656,
0,
0,
0.007199999,
0,
1095.851,
7296.212,
304.1093,
4234.766,
0,
2621.709,
118.0983,
569.8354,
22.2372,
0,
0,
0.1296,
0,
826.2324,
8697.117,
161.9188,
2548.154,
0,
1543.483,
2.707416,
150.5393,
0,
0,
0,
0.8063999,
0,
52.3188,
4459.928,
24.07903,
939.4273,
0,
297.5264,
5.558449,
4629.346,
0,
0,
0.007317039,
0.01889274,
0,
95.77527,
5991.739,
14.75268,
450.0504,
0,
0.0337615,
52.16339,
2257.005,
0,
0,
0.003659141,
0.006577972,
1.5624,
25.67892,
2801.257,
3458.428,
532.1813,
0,
59.26856,
7.34826,
325.2705,
46.836,
0,
0,
0,
0,
3.9636,
4433.297,
9371.934,
28405,
0,
14081.64,
1600.915,
1217.155,
3205.3,
0,
0.4518144,
80.0955,
20.7576,
1802.735,
59785.98,
4049.491,
3413.617,
0,
1925.429,
98.67595,
404.838,
210.5244,
0,
0,
0.036,
0,
216.8938,
10319.5,
1033.189,
1197.633,
0,
566.0176,
4.238789,
277.4409,
0,
0,
0,
0.1188,
0.2736,
111.1644,
3190.076,
1641.345,
1185.892,
0,
2851.212,
2.532673,
75.91116,
278.4276,
0,
0,
0,
0,
42.0408,
6077.361,
985.924,
855.7702,
0,
2387.571,
0.7591562,
1.799069,
0,
0,
0,
0,
0,
136.4832,
4368.306,
3946.316,
6953.14,
0,
14419.06,
150.853,
307.829,
477.792,
0,
0,
0,
0.2088,
621.8352,
26877.04,
334.8258,
9926.505,
0,
5901.103,
3.065662,
16.89111,
0,
0,
0,
0.144,
0,
28.872,
16211.41,
6180.297,
4468.428,
0,
930.9473,
657.2902,
4284.787,
60.84896,
0,
0.007207199,
6.060744,
0,
268.0624,
16856.73,
2464.22,
4180.546,
0,
556.5332,
18.36085,
77.77689,
392.2704,
0,
0,
0.0612,
0,
51.156,
7740.924,
29334.14,
11825.1,
0,
968.4122,
87.70557,
9116.433,
198.864,
0,
0,
2.226329,
0.4176252,
821.419,
52354.71,
762.0614,
4561.131,
0,
1985.662,
233.4102,
1664.884,
0,
0,
0.003618013,
0,
41.8608,
146.4192,
9395.433,
519.1295,
2370.003,
0,
1051.383,
4.134786,
2035.363,
0,
0,
0,
0,
17.5284,
38.4303,
6035.972,
4052.341,
10850.66,
0,
2674.803,
266.7663,
6.612039,
1159.378,
0,
1.290716,
0.3906972,
12.05259,
302.5739,
19326.87,
2051.256,
1961.447,
0,
975.1042,
102.0276,
124.8484,
0,
0,
0.1368,
0.6487112,
10.36703,
151.2716,
5377.107,
87.76706,
1315.702,
0,
933.8007,
3.454631,
1805.689,
7.1892,
0,
0.02894456,
0.01846241,
0,
86.74065,
4240.391,
150.9944,
346.9302,
0,
18.96125,
2.024408,
1234.315,
0,
0,
0,
0,
0,
91.80981,
1845.036,
0,
0,
0,
0,
8131.987,
0,
0,
0,
0,
0,
0,
0,
8131.987,
95203.26,
153007,
0,
84838.27,
8131.988,
32523.52,
9244.891,
0,
4.572476,
112.8407,
186.576,
9401.215,
392654.2,
2001, 
1296.725,
3912.369,
0,
3106.176,
440.2488,
156.8511,
276.102,
0,
0.0684,
1.2132,
0.1152,
1199.948,
10389.82,
21890.99,
37269.38,
0,
21857.55,
2633.67,
641.5605,
2853.374,
0,
2.826,
24.5016,
51.2856,
677.7072,
87902.84,
331.7761,
4196.733,
0,
1396.541,
123.3164,
255.5093,
31.4136,
0,
0.0288,
0.0648,
20.0412,
102.6072,
6458.031,
15.84584,
1788.158,
0,
433.9322,
85.16349,
548.0846,
0,
0,
0.0108,
0.9221954,
8.568,
55.0548,
2935.74,
493.8016,
3745.562,
0,
380.6628,
1323.932,
307.8439,
51.4044,
0,
0,
0.126,
0,
964.3536,
7267.687,
273.0369,
3903.777,
0,
2601.642,
117.0771,
598.1775,
25.4124,
0,
0.0216,
0.2052,
0,
837.5004,
8356.85,
184.3696,
2539.016,
0,
1826.01,
2.637389,
149.6627,
0,
0,
0,
1.6236,
0,
58.0464,
4761.366,
23.85582,
982.316,
0,
276.8443,
5.540388,
4742.511,
0,
0,
0.007317043,
0.01443833,
0,
97.73482,
6128.824,
15.87791,
457.9509,
0,
0.03495356,
54.6762,
2295.196,
0,
0,
0.007326143,
0.004839472,
1.7316,
31.085,
2856.564,
3433.219,
432.6026,
0,
76.69945,
7.045394,
312.6586,
38.5884,
0,
0,
0,
0,
7.146,
4307.959,
9485.602,
28319.42,
0,
14273.28,
1695.513,
1167.535,
3305.524,
0,
0.7077045,
96.24087,
20.2248,
1820.191,
60184.23,
4058.961,
3578.159,
0,
1888.029,
107.8657,
414.2831,
223.5888,
0,
0,
0.0648,
0,
214.2384,
10485.19,
829.1465,
1153.789,
0,
594.5227,
3.806179,
234.6315,
0,
0,
0,
0.2232,
0.324,
86.436,
2902.879,
1605.779,
1226.846,
0,
2830.472,
2.388619,
82.34709,
274.2084,
0,
0,
0,
0,
44.7804,
6066.821,
971.8853,
774.5146,
0,
2300.076,
0.7012336,
1.186588,
0,
0,
0,
0,
0,
138.1932,
4186.557,
3770.948,
6834.773,
0,
14544.41,
159.3662,
305.4579,
500.1192,
0,
0,
0,
0.3276,
654.156,
26769.55,
352.5527,
11001.68,
0,
6274.942,
3.174301,
16.1483,
0,
0,
0,
0.1692,
0,
34.164,
17682.83,
6263.664,
4572.041,
0,
916.4244,
663.0543,
4484.347,
70.10852,
0,
0.007207211,
8.06591,
0,
265.3072,
17243.02,
2593.536,
4073.636,
0,
643.1652,
19.11474,
81.71863,
403.6788,
0,
0.02170849,
0.0468,
0,
53.1036,
7868.021,
30451.74,
12422.13,
0,
999.9473,
93.19829,
9365.036,
190.6488,
0,
0.1131192,
2.749023,
0.4176252,
1019.746,
54545.73,
858.6503,
4695.95,
0,
2062.93,
238.3072,
1683.687,
0,
0,
0.007236299,
0,
37.5984,
158.94,
9736.07,
617.1771,
2321.195,
0,
1029.618,
3.905201,
2095.083,
0,
0,
0.0005639679,
0,
21.7116,
44.48036,
6133.171,
4128.08,
10419.12,
0,
2698.32,
259.8868,
6.356462,
1151.491,
0,
1.979303,
0.9088488,
12.3534,
292.1514,
18970.65,
2067.732,
1827.721,
0,
1012.627,
112.4078,
128.1115,
0,
0,
0.1594409,
1.263578,
10.02305,
142.3501,
5302.396,
104.8551,
1307.578,
0,
1021.99,
3.351246,
1786.428,
8.2476,
0,
0.02999425,
0.0181284,
0,
94.30544,
4326.804,
147.0696,
358.761,
0,
19.43629,
3.474509,
1267.244,
0,
0,
0.00731712,
0,
0,
100.8818,
1896.875,
0,
0,
0,
0,
8162.823,
0,
0,
0,
0,
0,
0,
0,
8162.823,
96266.88,
154115.2,
0,
85066.27,
8162.823,
33127.66,
9403.91,
0,
6.003839,
138.4262,
184.7221,
9194.608,
395666.5,
2002, 
1249.508,
3807.108,
0,
3071.234,
460.6093,
159.6552,
271.8936,
0,
0.0792,
1.4688,
0.1152,
1261.994,
10283.67,
22440.47,
37419.32,
0,
22107.81,
2851.403,
558.0543,
2896.268,
0,
2.988,
37.6524,
53.7804,
961.3224,
89329.07,
361.7113,
4098.641,
0,
1562.639,
120.6181,
248.6751,
35.0892,
0,
0.0288,
0.0756,
19.4328,
89.8236,
6536.734,
25.60165,
1616.673,
0,
470.2247,
102.2296,
523.8112,
0,
0,
0.0144,
1.235395,
8.9064,
60.2244,
2808.92,
474.0187,
3654.412,
0,
499.1863,
1430.701,
308.7332,
49.8096,
0,
0,
0.2196,
0,
1029.931,
7447.011,
271.5526,
4296.541,
0,
2733.362,
121.1276,
579.104,
20.9556,
0,
0.0216,
0.2916,
0,
857.466,
8880.421,
201.3485,
2572.102,
0,
1908.927,
2.409919,
141.9185,
0,
0,
0,
1.5408,
0,
49.788,
4878.035,
23.54996,
1078.047,
0,
286.5344,
5.661913,
4881.284,
0,
0,
0.009778111,
0.01453015,
0,
100.9784,
6376.081,
17.71343,
480.508,
0,
0.03094553,
57.4421,
2328.313,
0,
0,
0.01179066,
0.004808093,
1.3896,
34.51508,
2919.929,
3258.193,
360.0094,
0,
76.39257,
6.283037,
312.1253,
43.1676,
0,
0,
0,
0,
8.5788,
4064.75,
9400.599,
28320.45,
0,
14401.39,
1811.527,
1129.132,
3316.972,
0,
1.028508,
130.8215,
20.5848,
1614.697,
60147.19,
4032.606,
3645.028,
0,
1953.967,
122.5507,
420.5272,
244.6344,
0,
0,
0.2736,
0,
215.6349,
10635.22,
845.028,
1233.894,
0,
658.6721,
3.363975,
228.8738,
0,
0,
0,
0.1728,
0.378,
121.2588,
3091.642,
1597.062,
1318.031,
0,
2761.005,
2.196365,
92.33004,
280.764,
0,
0,
0.0792,
0,
36.1188,
6087.585,
1024.151,
878.5613,
0,
2441.103,
0.6011273,
1.293006,
0,
0,
0,
0,
0,
145.1628,
4490.873,
4027.282,
6821.976,
0,
14301.79,
172.1158,
301.9941,
518.0796,
0,
0,
0,
0.5616,
621.5832,
26765.38,
392.1075,
11271.23,
0,
6705.136,
3.120963,
13.6649,
0,
0,
0,
0.1584,
0,
42.498,
18427.91,
6475.585,
4711.075,
0,
1001.915,
658.4515,
4503.191,
69.804,
0,
0.01081081,
9.674752,
0,
249.9121,
17679.62,
2661.679,
4184.598,
0,
716.3705,
20.68795,
84.30991,
428.7708,
0,
0.02532663,
0.054,
0,
49.8708,
8146.367,
32934.98,
13391.51,
0,
1131.065,
95.29227,
8989.39,
232.848,
0,
0.174582,
3.210883,
0.4176252,
1049.518,
57828.41,
952.7891,
4896.874,
0,
2304.022,
239.6055,
1685.83,
0,
0,
0.007236167,
0,
36.8784,
157.5,
10273.51,
628.4678,
2466.459,
0,
1236.72,
4.106914,
2057.34,
0,
0,
0.0004882112,
0,
22.4568,
38.01666,
6453.568,
4301.493,
10462.27,
0,
2681.547,
301.9903,
29.0316,
1062.341,
0,
2.329273,
1.493212,
12.14649,
291.136,
19145.78,
2033.628,
1880.596,
0,
912.9456,
110.3358,
128.5533,
0,
0,
0.1809331,
1.877557,
9.943092,
151.0283,
5229.088,
110.2154,
1305.861,
0,
1056.697,
3.15255,
1784.155,
6.264,
0,
0.04107739,
0.0246006,
0,
106.4567,
4372.867,
135.3009,
367.1759,
0,
19.50962,
6.387974,
1299.059,
0,
0,
0.007700134,
0,
0,
109.2417,
1936.683,
0,
0,
0,
0,
8713.973,
0,
0,
0,
0,
0,
0,
0,
8713.973,
99876.64,
156538.9,
0,
87000.2,
8713.973,
32790.35,
9477.661,
0,
6.959504,
190.344,
186.9912,
9454.256,
404236.3,
2003, 
1234.235,
4066.181,
0,
3410.687,
480.4485,
158.5872,
269.6112,
0,
0.0828,
2.9736,
0.1188,
1214.802,
10837.73,
22214.86,
38233.71,
0,
21426.07,
2931.801,
599.4276,
2836.145,
0,
3.0528,
40.68,
53.532,
1002.992,
89342.27,
408.2564,
4305.317,
0,
1744.024,
115.7722,
244.0658,
37.8072,
0,
0.0288,
0.0684,
22.6152,
71.568,
6949.523,
30.15873,
1613.007,
0,
536.2883,
102.5073,
516.679,
0,
0,
0.0144,
1.415395,
8.7732,
60.9948,
2869.838,
495.5941,
3516.189,
0,
516.5516,
1477.482,
318.236,
48.0888,
0,
0,
0.2196,
0,
1100.218,
7472.579,
281.9199,
4305.19,
0,
2804.649,
118.5122,
596.5184,
27.2376,
0,
0.0216,
0.3096,
0,
868.122,
9002.48,
200.9267,
2579.545,
0,
2026.307,
2.622663,
129.8809,
0,
0,
0,
2.1744,
0,
53.6616,
4995.118,
24.3797,
1047.863,
0,
422.6045,
5.037518,
5030.33,
0,
0,
0.00979613,
0.01219705,
0,
95.9483,
6626.186,
17.46995,
482.7126,
0,
0.03007323,
60.26893,
2355.181,
0,
0,
0.01176999,
0.00390655,
1.7928,
36.89506,
2954.366,
3582.489,
584.921,
0,
45.85614,
5.72628,
299.9765,
45.5868,
0,
0,
0.0216,
0,
2.5236,
4567.101,
9401.188,
28510.54,
0,
14993.7,
1984.951,
1117.79,
3332.596,
0,
1.576697,
160.7184,
22.8456,
1516.455,
61042.36,
4242.768,
3800.805,
0,
2048.299,
133.1625,
429.3785,
256.0644,
0,
0,
0.6804,
0,
192.6983,
11103.86,
926.6909,
1198.403,
0,
788.7824,
2.918308,
228.0339,
0,
0,
0,
0.2196,
0.3204,
127.188,
3272.556,
1600.508,
1387.005,
0,
2898.158,
2.241989,
102.9302,
293.0616,
0,
0,
0.1116,
0,
34.7148,
6318.731,
1065.096,
930.3122,
0,
2704.663,
0.537861,
1.476895,
0,
0,
0,
0,
0,
162.6408,
4864.727,
4243.811,
6897.889,
0,
14251.43,
161.9802,
280.6159,
548.424,
0,
0,
0,
1.1664,
600.2604,
26985.58,
397.9116,
11068.21,
0,
7159.335,
2.859693,
12.93597,
0,
0,
0,
0.1512,
0,
56.2536,
18697.66,
6592.089,
4924.136,
0,
1004.194,
655.2132,
4551.158,
64.008,
0,
0.01081082,
12.92274,
0,
291.4199,
18095.15,
2762.446,
4160.162,
0,
724.9421,
19.45836,
85.52187,
466.8192,
0,
0.02894463,
0.09,
0,
59.8392,
8279.308,
39090.64,
14748.35,
0,
1164.38,
101.6096,
8684.677,
296.0424,
0,
0.2325089,
3.835366,
0.4176252,
1035.351,
65125.54,
984.5638,
5290.732,
0,
2579.19,
284.2528,
1692.362,
0,
0,
0.007236244,
0,
35.3664,
160.2144,
11026.69,
658.6199,
2366.286,
0,
1315.785,
3.727518,
2064.828,
0,
0,
0.0004623456,
0,
22.6584,
35.0446,
6466.95,
4424.115,
10585.05,
0,
2869.932,
306.0581,
32.62902,
864.048,
0,
3.10289,
2.998717,
12.54226,
341.0426,
19441.51,
2015.09,
1985.916,
0,
951.5363,
111.9017,
133.1355,
0,
0,
0.2132979,
3.062798,
9.731052,
148.0862,
5358.673,
156.7065,
1201.989,
0,
1272.357,
2.91227,
1782.711,
6.336,
0,
0.04471934,
0.01729619,
0,
126.2172,
4549.29,
122.0239,
379.9763,
0,
19.94335,
7.317554,
1332.129,
0,
0,
0.01136109,
0,
0,
108.6734,
1970.075,
0,
0,
0,
0,
9081.28,
0,
0,
0,
0,
0,
0,
0,
9081.28,
107174.6,
160170.4,
0,
89679.69,
9081.281,
32781.2,
9391.876,
0,
8.450893,
232.6868,
191.8801,
9503.825,
418215.8,
2004, 
1185.64,
4281.443,
0,
3368.095,
530.1993,
154.6222,
325.3932,
0,
0.0468,
3.4344,
0.1116,
1227.006,
11075.99,
22766.99,
39154.41,
0,
20936.88,
2726.379,
642.8787,
2928.02,
0,
3.474,
51.4476,
55.7532,
976.0248,
90242.27,
401.2851,
4391.419,
0,
1791.944,
114.5059,
237.1161,
33.0984,
0,
0.0324,
0.072,
23.6772,
90.7416,
7083.892,
38.71347,
1580.918,
0,
574.1487,
105.263,
527.3208,
0,
0,
0.0216,
1.350595,
9.684,
67.7376,
2905.157,
514.7192,
3641.122,
0,
640.5746,
1584.002,
330.998,
41.7996,
0,
0,
0.2196,
0,
1154.869,
7908.303,
289.6842,
4419.118,
0,
3031.352,
117.7691,
618.853,
28.3284,
0,
0.0252,
0.4752,
0,
890.0676,
9395.673,
205.2025,
2839.844,
0,
2045.769,
2.532339,
129.6917,
0,
0,
0.003658237,
2.7576,
0,
52.7652,
5278.566,
27.73643,
1045.882,
0,
478.7395,
6.969584,
5202.798,
0,
0,
0.0148493,
0.01482352,
0,
108.4531,
6870.609,
17.12587,
520.9581,
0,
0.03309976,
63.72264,
2381.181,
0,
0,
0.01694115,
0.004540591,
3.5532,
37.1644,
3023.76,
3867.103,
632.2625,
0,
117.0634,
5.243065,
290.4297,
48.114,
0,
0,
0.0432,
0,
3.42,
4963.679,
9378.803,
28930.54,
0,
15324.07,
2207.727,
1096.687,
3373.938,
0,
2.569204,
214.2476,
23.10563,
1564.489,
62116.17,
4277.031,
4002,
0,
2054.792,
151.8592,
414.7769,
256.2228,
0,
0,
0.81,
0,
241.1688,
11398.66,
928.6078,
1228.291,
0,
851.0312,
3.050267,
226.563,
0,
0,
0,
0.2088,
0.3348,
165.9024,
3403.99,
1582.79,
1442.347,
0,
2883.902,
2.073093,
113.1837,
313.2792,
0,
0,
0.1224,
0,
43.7868,
6381.484,
1254.951,
1043.312,
0,
2903.257,
0.6065842,
1.213907,
0,
0,
0,
0,
0,
156.6072,
5359.948,
4233.596,
6956.762,
0,
14204.6,
167.3964,
247.9343,
528.8688,
0,
0,
0,
1.4508,
671.85,
27012.46,
402.3454,
11036.86,
0,
7838.876,
2.982515,
12.81785,
0,
0,
0,
0.2196,
0,
59.2092,
19353.31,
7251.841,
5010.711,
0,
1132.749,
647.8487,
4640.796,
61.2396,
0,
0.01081082,
16.16382,
0,
326.4868,
19087.85,
2796.836,
4177.275,
0,
927.5023,
26.40509,
99.41924,
470.574,
0,
0.03618091,
0.1692,
0,
60.588,
8558.805,
45260.34,
16541.87,
0,
1396.249,
126.3208,
7846.674,
323.8524,
0,
0.2796971,
4.902186,
0.4176252,
1288.118,
72789.02,
1117.275,
5778.611,
0,
2843.048,
294.2287,
1710.746,
0,
0,
0.007236167,
0,
37.0224,
158.634,
11939.57,
909.4917,
2636.031,
0,
1209.85,
3.952173,
2093.906,
0,
0,
0.0004342012,
0,
23.9616,
36.84269,
6914.036,
4847.18,
10424.31,
0,
2829.052,
309.8613,
48.22882,
1016.792,
0,
4.045905,
4.714229,
12.14513,
336.3224,
19832.65,
2095.09,
2039.792,
0,
936.0308,
103.931,
133.4484,
0,
0,
0.2492539,
3.848793,
9.85896,
160.0356,
5482.285,
185.7183,
1293.431,
0,
1377.144,
2.859347,
1788.806,
10.062,
0,
0.0518747,
0.02419275,
0,
120.1555,
4778.251,
117.6119,
398.0581,
0,
24.89229,
7.124568,
1354.196,
0,
0,
0.01211174,
0,
0,
112.6213,
2014.516,
0,
0,
0,
0,
9314.812,
0,
0,
0,
0,
0,
0,
0,
9314.812,
115953.7,
165447.6,
0,
91721.64,
9314.812,
32345.29,
9759.582,
0,
10.89816,
305.2504,
201.0761,
10111.07,
435170.9,
2005, 
1268.85,
4168.478,
0,
3509.277,
513.3271,
152.8053,
331.344,
0,
0.06132154,
5.6412,
0.1008,
1302.912,
11252.8,
23009.1,
39332.64,
0,
21086.99,
2780.098,
651.1119,
2918.614,
0,
4.032,
64.3716,
60.4008,
980.802,
90888.16,
496.5005,
4642.308,
0,
1780.267,
112.8533,
228.7713,
38.898,
0,
0.0324,
0.0684,
26.2764,
99.75402,
7425.729,
29.56815,
1641.864,
0,
649.1265,
91.20387,
514.9685,
0,
0,
0.0216,
1.206595,
9.4896,
72.522,
3009.97,
495.3487,
3697.448,
0,
679.4316,
1670.413,
330.9092,
35.478,
0,
0,
0.3348,
0,
1214.845,
8124.208,
307.668,
4709.041,
0,
2919.575,
124.4531,
637.4186,
24.7428,
0,
0.0252,
0.4644,
0,
946.5372,
9669.925,
203.0268,
2981.633,
0,
2294.003,
2.40147,
118.1249,
0,
0,
0.007316489,
2.88,
0,
51.5628,
5653.64,
32.92963,
1133.967,
0,
494.5735,
7.051344,
5360.072,
0,
0,
0.03102084,
0.0150295,
0,
107.6365,
7136.276,
19.20828,
571.0313,
0,
0.02993611,
67.98047,
2419.751,
0,
0,
0.02201638,
0.004397469,
3.6072,
38.17794,
3119.813,
3759.431,
587.1595,
0,
116.0094,
5.272342,
290.3935,
40.6548,
0,
0,
0.0432,
0,
4.7952,
4803.759,
9047.105,
29003.94,
0,
15724.72,
2478.434,
1080.142,
3327.559,
0,
5.359723,
256.4365,
22.99396,
1576.268,
62522.96,
4065.183,
4177.667,
0,
2092.323,
182.1555,
411.2723,
261.1692,
0,
0.003607198,
1.044,
0,
268.1049,
11458.92,
952.2472,
1252.028,
0,
1013.729,
3.62451,
217.2684,
0,
0,
0,
0.2124,
0.3384,
142.4196,
3581.867,
1644.775,
1324.06,
0,
3030.343,
1.753556,
122.1086,
319.5216,
0,
0,
0.1404,
0,
45.9936,
6488.696,
1273.014,
881.2662,
0,
2990.007,
0.6680986,
0.8841239,
0,
0,
0,
0,
0,
167.5476,
5313.387,
4562.415,
7073.709,
0,
13852.59,
179.7932,
221.1167,
547.7831,
0,
0,
0.0252,
1.476,
661.302,
27100.21,
388.1555,
11705.93,
0,
8433.489,
2.950372,
24.44025,
0,
0,
0,
0.306,
0,
99.2016,
20654.47,
7739.595,
5061.271,
0,
1254.373,
658.2296,
4661.816,
62.3664,
0,
0.01081082,
22.36112,
0,
389.2389,
19849.26,
2788.875,
4068.669,
0,
1023.24,
31.69296,
100.2391,
528.4044,
0,
0.05427095,
0.468,
0,
60.498,
8602.142,
51736.49,
17195.96,
0,
1641.594,
186.4052,
7027.885,
335.016,
0,
0.3086583,
7.656128,
0.5864431,
1448.067,
79579.97,
1268.352,
5430.232,
0,
3128.528,
300.209,
1714.178,
0,
0,
0.01447234,
0.06126126,
35.6544,
154.3356,
12031.57,
947.9132,
2743.573,
0,
1291.571,
4.055915,
2016.586,
0,
0,
0.0004319172,
0,
23.83113,
40.79617,
7068.327,
4617.956,
10313.14,
0,
2809.278,
342.2185,
56.08475,
1097.116,
0,
5.140449,
6.304446,
11.61262,
276.9295,
19535.78,
2136.176,
2138.235,
0,
862.6549,
96.9597,
129.787,
0,
0,
0.2852203,
5.412353,
11.2587,
143.256,
5524.025,
183.3999,
1365.598,
0,
1489.966,
3.024731,
1809.786,
8.9424,
0,
0.06274837,
0.02945353,
0.1629766,
141.6192,
5002.59,
124.0143,
385.3115,
0,
34.58961,
7.407263,
1376.065,
0,
0,
0.01281595,
0,
0,
119.7251,
2047.126,
0,
0,
0,
0,
9854.636,
0,
0,
0,
0,
0,
0,
0,
9854.636,
123097.3,
167586.2,
0,
94202.28,
9854.637,
31673.99,
9877.609,
0,
15.48608,
375.4869,
207.7894,
10554.85,
447445.6,
2006, 
1244.507,
4448.668,
0,
3541.82,
511.5289,
150.8972,
352.6704,
0,
0.07574811,
8.9028,
0.0684,
1270.267,
11529.41,
22917.76,
39030.66,
0,
21555.6,
3330.931,
692.3503,
2938.302,
0,
4.6332,
96.0336,
59.6916,
1050.728,
91676.69,
535.4232,
4525.445,
0,
2003.728,
103.1596,
225.3701,
39.1176,
0,
0.036,
0.2124,
24.066,
109.6053,
7566.164,
37.60443,
1699.373,
0,
756.2161,
89.20147,
518.4927,
0,
0,
0.0252,
1.508995,
10.1844,
75.6936,
3188.3,
490.2579,
3776.84,
0,
718.5729,
1750.931,
334.6209,
49.5144,
0,
0,
0.8532,
0,
1255.698,
8377.288,
325.502,
4823.591,
0,
3037.372,
131.0064,
629.8213,
27.6876,
0,
0.0252,
0.5076,
0,
1003.054,
9978.567,
206.2586,
3116.413,
0,
2389.165,
2.168251,
113.8847,
0,
0,
0.0109747,
3.0132,
0,
51.2388,
5882.153,
35.91755,
1124.366,
0,
495.6241,
13.93394,
5513.071,
0,
0,
0.03619082,
0.02767595,
0,
104.156,
7287.132,
23.84505,
647.596,
0,
0.02688869,
71.15859,
2456.056,
0,
0,
0.04173119,
0.007958431,
3.7656,
37.55427,
3240.052,
3811.456,
640.314,
0,
112.6426,
4.993524,
283.9399,
36.0936,
0,
0,
0.0432,
0,
10.4328,
4899.916,
9246.463,
28924.88,
0,
15861.3,
2711.711,
1051.043,
3315.071,
0,
9.092529,
299.0652,
26.20181,
1538.426,
62983.25,
4211.971,
4389.292,
0,
2209.109,
191.2419,
404.7403,
269.0316,
0,
0.007214325,
1.9044,
0,
252.7283,
11930.03,
1124.838,
1392.721,
0,
1101.301,
2.721905,
203.4137,
0,
0,
0,
0.4572,
0.3384,
159.2784,
3985.07,
1709.814,
1336.361,
0,
2659.53,
1.590764,
129.3643,
324.81,
0,
0,
0.1296,
0,
47.8728,
6209.473,
1396.109,
1142.935,
0,
2970.105,
0.6856155,
1.282073,
0,
0,
0,
0,
0,
149.9184,
5661.035,
4636.74,
7235.107,
0,
13973.77,
199.8929,
204.0601,
572.6736,
0,
0,
0.018,
1.6668,
658.8396,
27482.77,
416.0522,
12009.87,
0,
9174.82,
3.253109,
23.43584,
0,
0,
0,
0.4968,
0,
104.6412,
21732.57,
8198.133,
5430.686,
0,
1353.9,
735.3488,
4704.113,
67.6872,
0,
0.01081082,
35.14641,
0,
434.2781,
20959.3,
2927.826,
4035.145,
0,
1105.391,
44.5665,
102.8338,
535.4964,
0,
0.115778,
0.8604,
0,
57.9168,
8810.15,
56578.21,
18936.09,
0,
2215.91,
260.6523,
6058.911,
340.9668,
0,
0.3485149,
14.96979,
0.7449992,
1590.096,
85996.9,
1369.316,
5395.761,
0,
3257.955,
297.603,
1763.151,
0,
0,
0.01809045,
0.1909909,
37.6812,
186.786,
12308.46,
1007.643,
2744.469,
0,
1461.882,
4.499258,
2017.343,
0,
0,
0.0004173784,
0,
24.06307,
37.51205,
7297.411,
4673.732,
9984.508,
0,
3065.682,
342.4016,
59.05371,
1092.334,
0,
6.22779,
7.803346,
11.09107,
318.8433,
19561.68,
2159.235,
2125.995,
0,
1025.545,
101.4099,
126.0595,
0,
0,
0.3283831,
8.428502,
12.10646,
147.5988,
5706.706,
208.2903,
1467.897,
0,
1516.06,
2.854018,
1832.442,
8.2368,
0,
0.06636088,
0.04165588,
0.2790011,
152.8013,
5188.969,
111.0002,
416.4828,
0,
42.37347,
16.79377,
1407.399,
0,
0,
0.01354017,
0.00756562,
0,
128.6894,
2122.76,
0,
0,
0,
0,
10926.24,
0,
0,
0,
0,
0,
0,
0,
10926.24,
129603.9,
170801.5,
0,
97605.41,
10926.24,
31007.15,
9969.693,
0,
21.11367,
480.6305,
211.9488,
10934.65,
461562.2,
2007, 
1275.021,
4451.341,
0,
3446.114,
539.6255,
152.2047,
336.5352,
0,
0.09378389,
10.8252,
0.0828,
1323.302,
11535.14,
23134.81,
38762.48,
0,
22611.95,
3495.637,
714.8243,
3011.882,
0,
6.0264,
124.5708,
60.4728,
898.6284,
92821.28,
504.6625,
4542.845,
0,
1913.73,
105.1059,
217.5879,
37.5156,
0,
0.031896,
0.9423,
26.6544,
98.42281,
7447.499,
40.23809,
1780.082,
0,
775.9025,
102.6876,
531.5721,
0,
0,
0.0288,
1.415395,
11.2572,
74.7036,
3317.887,
519.8701,
3966.391,
0,
742.6586,
1967.957,
341.8069,
44.46,
0,
0,
2.322,
0,
1346.454,
8931.92,
333.8138,
5140.978,
0,
2930.081,
146.0003,
630.7564,
25.9812,
0,
0.0252,
0.4428,
0,
991.8683,
10199.95,
202.5632,
3088.132,
0,
2580.923,
2.232421,
123.3137,
0,
0,
0.01097445,
4.1508,
0,
60.12,
6061.446,
43.33571,
1156.236,
0,
523.8635,
7.571629,
5768.152,
0,
0,
0.05254224,
0.04264426,
0,
99.26388,
7598.518,
26.46565,
688.0607,
0,
0.03606962,
76.6057,
2485.75,
0,
0,
0.0563017,
0.01218655,
3.5604,
41.68429,
3322.231,
3856.499,
935.3694,
0,
144.9764,
4.669779,
279.1954,
40.7412,
0,
0,
0.0432,
0,
3.1248,
5264.619,
9144.345,
28432.77,
0,
15914.07,
2884.244,
1081.732,
3128.9,
0,
13.74536,
378.0277,
30.2167,
1624.497,
62632.54,
4322.223,
4545.751,
0,
2246.41,
209.3997,
424.792,
250.3908,
0,
0.01442857,
3.96,
0,
207.6457,
12210.59,
1263.074,
1425.989,
0,
1288.868,
2.538559,
189.5548,
0,
0,
0,
1.278,
0.5616,
129.0636,
4300.928,
1737.235,
1376.618,
0,
2794.609,
2.571074,
148.4451,
333.1512,
0,
0,
0.1656,
0,
38.4156,
6431.211,
1466.915,
1285.89,
0,
3049.348,
0.7061756,
1.532761,
0,
0,
0,
0,
0,
153.684,
5958.075,
4787.03,
7274.729,
0,
14027.23,
208.4877,
211.4397,
585.3312,
0,
0,
0.036,
1.746,
677.0988,
27773.13,
418.8991,
12388.02,
0,
9889.725,
3.313589,
25.54499,
0,
0,
0,
0.5616,
0,
100.3032,
22826.37,
8926.354,
5786.633,
0,
1417.992,
796.2516,
4806.849,
61.0452,
0,
0.01081082,
42.46719,
0,
461.6061,
22299.21,
2972.219,
4273.189,
0,
1219.593,
63.5919,
101.9846,
514.5732,
0,
0.2568823,
1.3536,
0,
60.8796,
9207.642,
62210.34,
20047.12,
0,
2533.097,
327.9126,
5422.106,
369.6084,
0,
0.4221362,
22.21071,
0.9546542,
1772.608,
92706.38,
1540.562,
5468.799,
0,
3482.663,
315.5732,
1758.473,
0,
0,
0.01809044,
0.2090089,
36.7812,
191.7612,
12794.84,
996.4437,
2742.498,
0,
1341.898,
5.851407,
2085.194,
0,
0,
0.0008153173,
0,
25.44677,
44.41363,
7241.747,
4861.896,
9874.054,
0,
3273.411,
349.0288,
72.62794,
949.796,
0,
7.135581,
9.411887,
10.95741,
265.7617,
19674.08,
2150.633,
2158.582,
0,
1130.602,
109.1048,
123.6877,
0,
0,
0.4061169,
12.77566,
12.91821,
143.4387,
5842.148,
268.8822,
1540.065,
0,
1587.864,
2.63838,
1878.593,
11.0772,
0,
0.0676604,
0.05770063,
0.5321731,
142.0918,
5431.869,
106.7253,
446.2973,
0,
46.18077,
15.75593,
1446.776,
0,
0,
0.01554464,
0.009969187,
0,
137.6126,
2199.373,
0,
0,
0,
0,
11745.06,
0,
0,
0,
0,
0,
0,
0,
11745.06,
137111.1,
173578.9,
0,
100913.8,
11745.06,
31024.5,
9700.988,
0,
28.41932,
617.2919,
222.1423,
11088.45,
476030.6,
2008, 
1136.349,
4411.506,
0,
3316.822,
536.6464,
147.9968,
345.672,
0,
0.1262471,
13.6368,
0.054,
1358.82,
11267.63,
22752.78,
36699.16,
0,
22368.17,
3625.851,
764.4806,
3016.094,
0,
7.5312,
200.5056,
60.7428,
924.1703,
90419.49,
430.9449,
4671.429,
0,
1941.913,
92.41344,
210.3223,
35.2944,
0,
0.0684,
0.966996,
25.40074,
141.0991,
7549.852,
36.3382,
1748.443,
0,
757.3741,
98.57027,
502.8748,
0,
0,
0.0432,
1.28223,
11.7576,
81.6156,
3238.299,
504.876,
4099.859,
0,
890.5762,
2215.305,
350.1443,
50.2884,
0,
0,
3.0132,
0,
1330.402,
9444.464,
404.3548,
5304.669,
0,
2981.338,
176.9887,
685.0065,
26.388,
0,
0.0252,
0.5076,
0,
1016.608,
10595.89,
190.8904,
3225.706,
0,
2694.09,
3.053906,
120.2076,
0,
0,
0.01463257,
4.5,
0,
57.3264,
6295.789,
61.41637,
1270.87,
0,
526.413,
8.855599,
5947.18,
0,
0,
0.08132108,
0.05263299,
0,
107.8391,
7922.708,
28.29372,
725.8666,
0,
0.03320387,
82.6337,
2531.303,
0,
0,
0.0831857,
0.02207336,
3.7908,
41.35552,
3413.382,
4179.451,
980.5041,
0,
149.1011,
4.338162,
272.5598,
46.8144,
0,
0,
0.0756,
0,
4.3308,
5637.175,
8281.934,
27984.82,
0,
16288.43,
3069.067,
1169.632,
3109.266,
0,
26.95119,
431.2609,
31.23209,
1716.137,
62108.73,
4221.125,
4613.597,
0,
2207.468,
236.0584,
440.3199,
275.4648,
0,
0.06330439,
6.4224,
0,
224.7732,
12225.29,
1205.826,
1346.04,
0,
1301.046,
2.261244,
167.3432,
0,
0,
0,
3.0492,
0.5832,
119.772,
4145.922,
1708.93,
1317.951,
0,
2674.989,
3.501887,
173.6926,
323.4276,
0,
0,
0.1656,
0,
42.984,
6245.642,
1524.408,
1147.24,
0,
3015.431,
0.6688926,
1.5659,
0,
0,
0,
0,
0,
136.35,
5825.664,
4795.521,
7852.033,
0,
14323.36,
215.2105,
174.9632,
595.9656,
0,
0,
0.0252,
1.674,
633.4344,
28592.19,
428.3947,
13404.64,
0,
11004.89,
3.471341,
25.22297,
0,
0,
0.007395377,
0.7494587,
0,
42.50633,
24909.88,
9825.434,
6058.615,
0,
1462.958,
814.2877,
4887.504,
53.7372,
0,
0.01081082,
50.02,
0,
427.5127,
23580.08,
3244.213,
4206.645,
0,
1234.111,
64.31896,
106.6963,
543.4489,
0,
1.034762,
1.5696,
0,
61.6968,
9463.734,
63545.1,
20707.95,
0,
2909.235,
439.4255,
4616.548,
393.1956,
0,
0.595863,
55.51307,
1.057123,
2132.547,
94801.16,
1659.445,
5518.647,
0,
3802.486,
374.452,
1772.545,
0,
0,
0.02532662,
0.2234233,
38.6064,
209.7576,
13376.19,
1083.087,
2754.675,
0,
1323.449,
6.188415,
1976.92,
0,
0,
0.001999073,
0.01871602,
30.08028,
45.34131,
7219.762,
4752.79,
9264.662,
0,
3303.458,
363.5421,
68.49553,
929.2605,
0,
7.98346,
10.59084,
9.899161,
277.8216,
18988.5,
2149.85,
2268.29,
0,
1207.132,
142.3152,
119.225,
0,
0,
0.4731855,
14.97804,
15.24898,
130.1295,
6047.642,
229.4705,
1567.589,
0,
1598.365,
2.844031,
1930.791,
5.8248,
0,
0.07517314,
0.07100577,
0.5399337,
140.9439,
5476.514,
101.3772,
485.0734,
0,
46.16438,
16.35167,
1480.651,
0,
0,
0.0257345,
0.01169365,
0,
137.7146,
2267.369,
0,
0,
0,
0,
12598.62,
0,
0,
0,
0,
0,
0,
0,
12598.62,
138482.6,
173636.5,
0,
103328.8,
12598.62,
30644.19,
9750.142,
0,
45.22159,
799.2319,
230.6671,
11542.99,
481058.9,
2009, 
914.0828,
4275.343,
0,
3322.612,
560.414,
146.276,
324.3276,
0,
0.3931664,
23.9076,
0.108,
1327.144,
10894.61,
20281.8,
34440.11,
0,
22277.93,
4037.318,
778.6132,
2988.756,
0,
9.054,
267.2136,
61.3656,
992.124,
86134.3,
444.4214,
4435.672,
0,
2043.879,
79.2272,
200.0262,
37.8036,
0,
0.0972,
2.146896,
24.26281,
96.18418,
7363.721,
34.09792,
1717.099,
0,
761.5941,
112.3799,
497.8187,
0,
0,
0.0864,
2.17143,
12.2184,
76.8708,
3214.337,
414.7787,
4042.546,
0,
731.2579,
2453.392,
343.1178,
46.6452,
0,
0,
4.4568,
0,
1407.557,
9443.752,
366.1375,
5026.6,
0,
3030.458,
198.2939,
687.7254,
29.3832,
0,
0.0252,
0.792,
0,
1004.868,
10344.28,
162.8535,
3484.922,
0,
2757.665,
2.865423,
138.5395,
0,
0,
0.0182904,
5.8356,
0,
56.9376,
6609.636,
62.50122,
1212.103,
0,
467.7988,
5.990105,
6187.112,
0,
0,
0.1090947,
0.04746807,
0,
107.2839,
8042.945,
27.36016,
774.0248,
0,
0.05926353,
86.01894,
2594.216,
0,
0,
0.1056881,
0.05302646,
4.7412,
43.95892,
3530.538,
4135.517,
1142.862,
0,
129.2577,
4.139008,
262.7359,
46.1016,
0,
0,
0.108,
0,
5.04,
5725.761,
7156.763,
26457.86,
0,
15497.49,
3264.421,
1205.879,
2956.975,
0,
50.75876,
477.902,
32.41898,
1668.153,
58768.62,
3811.808,
4234.961,
0,
1974.117,
317.1573,
442.6086,
266.5296,
0,
0.3630451,
8.658,
0,
251.442,
11307.64,
1182.735,
1331.789,
0,
1325.615,
3.275234,
145.1501,
0,
0,
0,
5.382,
1.5696,
129.4488,
4124.964,
1462.946,
1227.305,
0,
2223.234,
4.854714,
194.7087,
298.5264,
0,
0,
0.1584,
0,
44.4168,
5456.151,
1367.285,
1123.747,
0,
2970.253,
0.7083681,
0.6837143,
0,
0,
0,
0,
0,
142.1352,
5604.812,
4258.145,
7886.571,
0,
13687.28,
228.8547,
178.0975,
597.8809,
0,
0,
0.036,
1.6704,
669.3192,
27507.86,
371.8979,
14023.08,
0,
11258.62,
3.742172,
56.90374,
0,
0,
0.1186505,
0.8538516,
0,
46.8816,
25762.1,
10873.64,
6529.644,
0,
2031.745,
821.0134,
5006.781,
67.09118,
0,
0.02882887,
67.66947,
0,
407.445,
25805.05,
3307.971,
4177.466,
0,
1220.883,
73.03768,
104.2388,
531.9756,
0,
2.051429,
2.466,
0,
55.1268,
9475.217,
68819.06,
20893.54,
0,
3267.14,
571.7025,
3872.021,
402.138,
0,
1.076733,
99.8385,
0.9605072,
2239.86,
100167.3,
1696.904,
5746.346,
0,
3446.37,
424.7904,
1751.816,
0,
0,
0.05427133,
0.2702701,
37.17,
225.2484,
13328.97,
1313.174,
2873.972,
0,
1476.522,
9.182692,
1939.793,
0,
0,
0.002000369,
0.0371273,
33.62999,
44.89944,
7691.212,
4241.245,
8694.112,
0,
3352.971,
384.8442,
77.19341,
1007.099,
0,
9.615807,
13.00656,
10.39179,
282.8398,
18073.32,
2237.946,
2244.03,
0,
1237.922,
126.1946,
115.4677,
0,
0,
0.5921921,
19.11837,
17.59834,
136.0929,
6134.963,
229.9628,
1575.614,
0,
1674.379,
3.453785,
1962.093,
10.4184,
0,
0.08662482,
0.09059645,
0.5901036,
141.6066,
5598.295,
98.18266,
534.9698,
0,
49.48891,
16.50746,
1531.337,
0,
0,
0.03399466,
0.01110547,
0,
145.3756,
2375.906,
0,
0,
0,
0,
13793.78,
0,
0,
0,
0,
0,
0,
0,
13793.78,
139273.2,
170106.3,
0,
102216.5,
13793.78,
30420.95,
9611.651,
0,
74.67137,
1002.231,
238.6957,
11748.26,
478486.3,
2010, 
947.8525,
4325.267,
0,
3301.84,
588.262,
144.8271,
326.3688,
0,
0.9197888,
31.4064,
0.1008,
1264.86,
10931.7,
20972.49,
34631.21,
0,
22898.05,
4314.41,
665.2369,
3020.152,
0,
14.1912,
342.5328,
63.2772,
944.1577,
87865.71,
550.5125,
4263.223,
0,
2072.219,
86.883,
201.2741,
21.1644,
0,
0.1116,
4.460796,
23.82646,
133.6724,
7357.347,
37.69234,
1791.388,
0,
826.2041,
119.3607,
510.177,
0,
0,
0.1692,
2.86263,
11.7864,
85.644,
3385.284,
519.4373,
4422.346,
0,
977.4933,
2690.938,
365.5567,
52.2828,
0,
0,
7.8372,
0,
1451.84,
10487.73,
424.6428,
5686.989,
0,
3178.355,
272.4175,
702.7556,
25.8156,
0,
0.036,
1.692,
0,
960.4548,
11253.16,
157.1753,
3643.043,
0,
2807.338,
6.406023,
129.6711,
0,
0,
0.7791389,
8.265599,
0,
60.2568,
6812.935,
63.94834,
1738.711,
0,
521.0507,
7.873977,
6444.559,
0,
0,
0.2704595,
0.04775197,
0,
114.2858,
8890.747,
32.40513,
742.6136,
0,
0.1159462,
88.93372,
2677.137,
0,
0,
0.1640371,
0.09231975,
3.87,
63.60276,
3608.935,
4164.257,
882.6341,
0,
128.715,
3.528596,
255.2326,
43.5564,
0,
0,
0.1224,
0,
7.6104,
5485.656,
7507.624,
26305.67,
0,
16324.44,
3585.811,
1342.512,
3067.512,
0,
81.80966,
528.5236,
32.67091,
1754.304,
60530.88,
3981.265,
4354.152,
0,
2101.568,
381.3313,
475.078,
270.3636,
0,
2.416064,
15.2892,
0,
311.8284,
11893.29,
1229.065,
1448.197,
0,
1395.716,
4.218321,
139.3639,
0,
0,
0,
10.4976,
2.4048,
186.4656,
4415.928,
1563.637,
1201.82,
0,
2797.863,
5.381995,
209.182,
320.9472,
0,
0,
0.1872,
0,
48.9744,
6147.992,
1520.378,
1124.403,
0,
3158.422,
0.7663041,
0.8010235,
0,
0,
0,
0,
0,
157.41,
5962.181,
4533.633,
8040.328,
0,
14834.08,
254.607,
187.6452,
622.458,
0,
0,
0.0432,
1.818,
654.6672,
29129.28,
406.6058,
14133.6,
0,
12472.41,
4.107162,
52.03926,
0,
0,
0.3518807,
0.6267276,
0,
64.13725,
27133.87,
11652.84,
6729.507,
0,
2213.275,
855.1923,
5057.437,
94.55904,
0,
0.194595,
70.76637,
0,
449.7167,
27123.48,
3609.915,
4418.667,
0,
1452.116,
81.69381,
103.7838,
534.9456,
0,
2.796741,
2.9412,
0,
61.4952,
10268.35,
76694.2,
23343.7,
0,
3758.925,
811.4704,
3158.29,
415.8324,
0,
2.662277,
164.5868,
1.003549,
2587.484,
110938.1,
2171.503,
5897.051,
0,
3577.809,
452.9948,
1682.479,
0,
0,
0.1049245,
0.4036033,
35.7516,
223.4052,
14041.5,
1361.901,
3036.735,
0,
1639.362,
14.05928,
1899.399,
0,
0,
0.007831013,
0.03959074,
33.84601,
66.64895,
8051.999,
4813.679,
8739.295,
0,
3534.891,
470.338,
80.50443,
1037.63,
0,
12.81842,
14.45885,
9.475794,
301.68,
19014.77,
2141.419,
2378.297,
0,
1197.727,
155.4343,
115.7541,
0,
0,
1.420623,
24.11905,
21.26613,
143.4586,
6178.896,
221.8039,
1628.338,
0,
1704.041,
3.544716,
2023.262,
12.312,
0,
0.09849379,
0.2822907,
0.5831844,
162.9047,
5757.169,
103.8755,
563.1006,
0,
54.59331,
15.55291,
1576.286,
0,
0,
0.06671654,
0.01112828,
0,
148.9482,
2462.434,
0,
0,
0,
0,
15275.52,
0,
0,
0,
0,
0,
0,
0,
15275.52,
151383.8,
175470.3,
0,
108928.6,
15275.52,
30200.24,
9865.9,
0,
121.3896,
1232.096,
241.6808,
12409.91,
505129.4,
2011, 
858.2324,
4272.499,
0,
3486.362,
607.6389,
144.2766,
336.9204,
0,
2.063229,
36.6732,
0.0936,
1352.47,
11097.23,
20073.74,
34183.23,
0,
23317.9,
4291.234,
716.8405,
2957.058,
0,
22.374,
435.0744,
64.224,
1158.239,
87219.91,
601.3992,
4394.326,
0,
2209.128,
73.7173,
198.397,
36.3204,
0,
0.1476,
5.933952,
23.4238,
130.4874,
7673.28,
50.04425,
1902.314,
0,
814.0765,
115.8653,
532.9309,
0,
0,
0.054,
3.74103,
11.9988,
83.0952,
3514.12,
609.0584,
4498.177,
0,
944.79,
2700.515,
361.9081,
56.3724,
0,
0,
9.738,
0,
1541.999,
10722.56,
474.709,
5523.247,
0,
3275.889,
305.3657,
739.0573,
22.9356,
0,
0.0468,
1.9908,
0,
1026.108,
11369.35,
186.5338,
3627.116,
0,
2861.149,
6.666396,
122.0007,
0,
0,
0.8471422,
8.3736,
0,
55.7856,
6868.472,
60.36639,
1872.984,
0,
681.0094,
7.748675,
6615.659,
0,
0,
0.1159953,
0.04016023,
0,
115.2823,
9353.205,
36.5831,
818.959,
0,
0.08924501,
88.56593,
2739.707,
0,
0,
0.148218,
0.1982429,
5.2272,
68.8213,
3758.299,
4100.142,
1071.02,
0,
89.29533,
3.677388,
265.6896,
48.6072,
0,
0,
0.1332,
0,
7.4052,
5585.969,
7715.352,
25541.24,
0,
15329.15,
3732.993,
1345.448,
3023.295,
0,
161.987,
629.8823,
35.35866,
1586.685,
59101.39,
4213.989,
4287.025,
0,
2063.124,
409.0337,
522.2245,
280.692,
0,
9.973843,
27.76161,
0,
208.1303,
12021.95,
1315.505,
1448.622,
0,
1564.808,
3.652772,
132.8168,
0,
0,
0,
17.0028,
2.4984,
188.4168,
4673.323,
1683.413,
1273.803,
0,
2396.697,
6.994502,
221.9854,
324.8928,
0,
0.1082161,
0.3276,
0,
40.824,
5949.045,
1684.137,
1303.389,
0,
3247.251,
0.7992485,
1.030331,
0,
0,
0,
0,
0,
158.1408,
6394.748,
4608.16,
8628.144,
0,
15492.98,
266.5778,
174.8534,
631.7604,
0,
0,
0.0288,
1.8792,
644.0364,
30448.42,
417.9139,
14441.74,
0,
12525.28,
4.521729,
67.90921,
1.1772,
0,
0.8188407,
0.8156196,
0,
69.63144,
27529.81,
12341.13,
6949.578,
0,
2182.131,
897.3912,
5127.083,
116.2316,
0,
5.0812,
88.31426,
0,
511.9875,
28218.92,
3717.944,
4448.127,
0,
1536.239,
87.7223,
107.5422,
557.0028,
0,
3.324973,
3.1068,
0,
64.0728,
10525.08,
82177.86,
24208.16,
0,
4922.61,
927.3759,
2724.097,
462.4776,
0,
9.732615,
258.9071,
1.066279,
2504.271,
118196.6,
2294.704,
5906.323,
0,
3503.754,
472.0261,
1671.45,
0,
0,
0.3979894,
0.6486477,
35.7948,
313.128,
14198.23,
1780.014,
3002.751,
0,
1511.276,
23.29344,
1851.106,
0,
0,
0.01007041,
0.03836857,
33.88611,
48.24336,
8250.618,
4493.004,
8902.392,
0,
4138.623,
469.5273,
81.30849,
366.3396,
0,
17.50767,
16.83509,
9.634486,
305.7045,
18800.88,
2049.696,
2431.309,
0,
1238.451,
156.5592,
131.0508,
0,
0,
5.032377,
28.98265,
22.48643,
155.9436,
6219.512,
247.9192,
1715.78,
0,
1655.282,
3.503072,
2133.363,
18.954,
0,
0.1319196,
0.4052617,
0.5453263,
147.9478,
5923.832,
101.8104,
624.8005,
0,
57.87996,
30.26838,
1627.448,
0,
0,
0.05039984,
0.00999688,
0,
148.6552,
2590.923,
0,
0,
0,
0,
15693.23,
0,
0,
0,
0,
0,
0,
0,
15693.23,
157893.4,
177277.1,
0,
111045.2,
15693.23,
30357.18,
9241.037,
0,
239.9541,
1574.964,
248.1171,
12635.51,
516205.6,
2012, 
809.028,
4366.593,
0,
3482.807,
633.6494,
144.0811,
341.5032,
0,
3.177805,
40.716,
0.0972,
1368.824,
11190.48,
17998.42,
33790.2,
0,
24615.74,
4795.082,
712.2917,
2884.064,
0,
36.522,
510.9192,
65.286,
1002.64,
86411.16,
540.97,
4578.212,
0,
2285.123,
77.66474,
201.0274,
31.572,
0,
0.2484,
13.27792,
20.9412,
114.7771,
7863.814,
50.36771,
1849.383,
0,
826.0916,
132.1468,
547.8783,
0,
0,
0.1252766,
6.052771,
13.3848,
89.46218,
3514.892,
578.4197,
4720.32,
0,
1139.799,
2750.459,
363.6769,
57.7368,
0,
0,
18.18,
0,
1495.231,
11123.82,
482.6399,
5486.033,
0,
3542.428,
349.3784,
757.3525,
23.022,
0,
0.2988,
5.2344,
0,
1012.244,
11658.63,
188.5003,
3664.868,
0,
3154.126,
6.712297,
113.592,
0,
0,
0.9155726,
7.3692,
0,
55.7424,
7191.825,
71.692,
1756.44,
0,
709.3572,
9.946806,
6745.25,
0,
0,
0.246032,
0.1640543,
0,
116.4104,
9409.506,
40.01917,
731.2921,
0,
0.1054728,
88.16492,
2795.843,
0,
0,
0.1965368,
0.807599,
5.4576,
80.06185,
3741.948,
3910.291,
904.5478,
0,
136.4536,
5.948253,
257.2855,
43.0344,
0,
0,
0.1332,
0,
4.338,
5262.031,
8333.341,
24258.14,
0,
14644.91,
3885.706,
1404.853,
2928.298,
0,
245.9255,
711.1824,
35.9063,
1776.093,
58224.36,
3865.574,
4056.396,
0,
2056.39,
436.4055,
554.1782,
282.9528,
0,
12.9018,
41.05348,
0,
206.9062,
11512.76,
1455.007,
1521.975,
0,
1689.329,
14.01072,
118.6996,
0,
0,
0,
21.096,
3.2364,
208.314,
5031.669,
1724.61,
1275.401,
0,
2343.559,
7.112914,
230.3592,
324.4932,
0,
1.201199,
1.0584,
0,
38.9448,
5946.74,
1754.859,
1257.243,
0,
3074.176,
0.8275217,
0.9796404,
0,
0,
0,
0,
0,
163.3392,
6251.425,
4933.119,
9020.931,
0,
15562.81,
280.0748,
173.9015,
647.442,
0,
0,
0.0324,
1.7172,
638.1504,
31258.18,
476.4613,
15156.12,
0,
13299.95,
5.04269,
54.45546,
6.6492,
0,
1.483874,
0.7811172,
0,
75.83646,
29076.79,
13734.39,
7386.837,
0,
1928.962,
908.5438,
5203.887,
118.318,
0,
8.234555,
108.4197,
0,
454.6925,
29852.28,
3559.829,
4627.141,
0,
1660.072,
93.9046,
115.1399,
541.1772,
0,
4.001542,
3.3012,
0,
62.8884,
10667.46,
83699.88,
24994.55,
0,
5529.371,
1061.224,
2393.6,
496.1376,
0,
23.66135,
351.0655,
1.075423,
3140.392,
121691,
2339.651,
6183.565,
0,
3792.728,
523.3503,
1735.942,
0,
0,
2.026123,
1.091887,
36.9036,
367.9668,
14983.23,
1585.352,
3247.244,
0,
1454.604,
36.43991,
1777.41,
0,
0,
0.01952245,
0.0425371,
34.04679,
49.4632,
8184.623,
4690.905,
9026.901,
0,
4336.41,
468.1783,
87.47631,
57.38189,
0,
23.92642,
17.41782,
9.394196,
275.5049,
18993.5,
2011.395,
2480.325,
0,
1193.935,
158.161,
129.0143,
0,
0,
8.400171,
32.61277,
23.22917,
137.7779,
6174.85,
253.0301,
1748.729,
0,
1668.447,
2.916238,
2266.772,
16.3908,
0,
0.1491576,
0.6241446,
0.5606301,
148.0168,
6105.636,
111.8969,
692.5793,
0,
68.19504,
29.97922,
1666.828,
0,
0,
0.08422683,
0.02914667,
0,
151.7053,
2721.298,
0,
0,
0,
0,
16761.03,
0,
0,
0,
0,
0,
0,
0,
16761.03,
159199.6,
178782,
0,
114195.9,
16761.03,
30551.78,
8800.173,
0,
373.7459,
1892.663,
251.2365,
13235.72,
524043.8,
2013, 
811.1526,
4274.69,
0,
3468.828,
648.1318,
143.7029,
372.3804,
0,
5.406275,
65.1312,
0.054,
1410.3,
11199.78,
18446.43,
33778.21,
0,
24495.81,
4632.298,
784.6398,
2959.214,
0,
57.1392,
610.9668,
66.31921,
975.0816,
86806.1,
514.3521,
4430.172,
0,
2428.388,
84.74139,
207.0616,
42.48,
0,
0.383364,
15.06434,
21.85099,
100.8089,
7845.303,
66.14317,
1743.255,
0,
843.9426,
137.7754,
554.2182,
0,
0,
0.2829308,
7.99169,
14.3244,
87.63329,
3455.566,
618.7706,
5033.185,
0,
1374.829,
2741.082,
378.7626,
55.62,
0,
0.018,
23.6844,
0,
1407.571,
11633.52,
574.4742,
6046.248,
0,
3564.728,
428.0733,
767.7446,
22.3452,
0,
0.8604,
6.876,
0,
1050.073,
12461.42,
156.0941,
3529.975,
0,
3162.269,
6.670119,
97.50362,
0,
0,
0.4982709,
10.9656,
0,
59.4972,
7023.474,
83.48025,
1920.601,
0,
698.2651,
9.257954,
6975.855,
0,
0,
0.3672074,
0.252328,
0,
118.6414,
9806.72,
47.23375,
891.2953,
0,
0.113124,
88.84898,
2867.64,
0,
0,
0.307163,
1.425456,
6.4116,
92.80389,
3996.079,
3853.87,
885.307,
0,
138.6555,
6.834686,
264.4385,
50.7816,
0,
0.0695094,
0.036,
0,
4.0248,
5204.017,
8053.895,
23559.01,
0,
14447.51,
3898.192,
1453.821,
2915.624,
0,
294.9809,
809.0723,
24.9365,
1823.832,
57280.88,
3830.289,
3909.889,
0,
2025.344,
471.7203,
591.348,
279.1944,
0,
17.36294,
54.38554,
0,
268.4376,
11447.97,
1334.69,
1555.08,
0,
1679.046,
16.94006,
106.8188,
0,
0,
0,
27.2052,
4.9104,
213.912,
4938.603,
1668.309,
1079.053,
0,
2202.96,
10.97654,
237.9965,
299.5524,
0,
2.056096,
2.3328,
0,
51.3108,
5554.548,
1760.524,
1385.645,
0,
3232.856,
0.9368742,
1.198028,
0,
0,
0,
0,
0,
156.9816,
6538.142,
4851.491,
8427.859,
0,
15799.42,
285.2024,
164.953,
629.5248,
0,
0.003607222,
0.036,
1.5984,
695.1024,
30855.19,
400.8395,
14716.78,
0,
13751.75,
4.845131,
60.84792,
16.3656,
0,
2.452812,
1.425517,
0,
85.0176,
29040.32,
14434.22,
7429.117,
0,
1745.668,
943.9976,
5545.421,
123.22,
0,
14.77209,
119.4108,
0,
533.9901,
30889.82,
3482.421,
4716.775,
0,
1765.305,
122.0338,
114.5808,
499.6224,
0,
5.835863,
4.1364,
1.7424,
65.4804,
10777.93,
85562.48,
25979.97,
0,
6045.05,
1379.572,
2224.404,
551.7072,
0,
57.25041,
515.0068,
1.096803,
3308.479,
125625,
2480.324,
6737.329,
0,
4168.61,
633.1279,
1718.618,
0,
0,
4.500872,
1.650439,
34.5816,
372.7584,
16151.5,
1283.187,
3335.902,
0,
1531.011,
62.75554,
1697.278,
0,
0,
0.02952629,
0.02177509,
34.03163,
64.4465,
8008.663,
5095.786,
8644.736,
0,
4441.635,
477.8189,
92.07184,
33.4899,
0,
46.596,
18.67306,
9.37039,
285.8057,
19145.98,
1868.775,
2509.585,
0,
1342.72,
171.295,
128.2985,
0,
0,
12.55073,
35.9659,
24.57586,
153.2794,
6247.046,
245.0512,
1759.726,
0,
1736.965,
3.213656,
2355.289,
18.324,
0,
0.6670808,
2.377127,
0.5529649,
169.4246,
6291.591,
119.2575,
740.4626,
0,
66.96416,
29.77074,
1692.461,
0,
0,
0.1487185,
0.04301643,
0,
149.1271,
2798.235,
0,
0,
0,
0,
17296.11,
0,
0,
0,
0,
0,
0,
0,
17296.11,
161643.5,
179019.8,
0,
116158.6,
17296.11,
31226.97,
8869.446,
0,
524.54,
2334.136,
246.3571,
13703.82,
531023.4,
2014, 
857.7314,
4452.585,
0,
3473.784,
640.6011,
144.6764,
386.208,
0,
7.645195,
81.1368,
0.0576,
1376.867,
11421.29,
18480.29,
33914,
0,
25117.94,
4723.987,
848.1226,
2990.102,
0,
92.7504,
662.0112,
67.356,
941.3028,
87837.86,
531.271,
4343.315,
0,
2322.678,
96.85143,
212.6777,
34.8372,
0,
0.794628,
23.13432,
21.59874,
140.014,
7727.172,
73.3175,
1788.828,
0,
858.3065,
141.9015,
562.206,
0,
0,
0.5378457,
10.86274,
14.4612,
84.30014,
3534.722,
644.687,
5230.055,
0,
1471.645,
2794.959,
382.5871,
55.3608,
0,
0.0576,
43.9596,
0,
1344.38,
11967.69,
564.0566,
5799.787,
0,
3653.33,
478.3717,
775.7078,
19.8504,
0,
2.664,
11.8728,
0,
969.5052,
12275.15,
199.437,
4029.376,
0,
3173.732,
6.488656,
109.2454,
0,
0,
1.046247,
13.95,
0,
56.7684,
7590.043,
89.27869,
2015.179,
0,
772.9732,
11.35064,
6961.722,
0,
0,
0.408972,
0.2263812,
0,
123.7061,
9974.845,
61.15629,
938.0071,
0,
0.1742543,
88.67116,
2951.835,
0,
0,
0.5365961,
1.937843,
10.5012,
94.49731,
4147.317,
4106.437,
958.6205,
0,
131.0026,
6.71106,
260.034,
49.6584,
0,
3.687471,
3.8052,
0,
3.2868,
5523.243,
7516.733,
23430.1,
0,
13828.69,
3973.357,
1453.945,
2910.488,
0,
334.7906,
856.8001,
26.12228,
1847.486,
56178.52,
3622.429,
3875.909,
0,
1945.401,
505.7757,
624.6254,
287.0532,
0,
22.37046,
67.38683,
0,
267.4823,
11218.43,
1466.875,
1582.898,
0,
1815.016,
21.40107,
90.31693,
0,
0,
0.06257871,
30.672,
8.5104,
146.322,
5162.074,
1459.005,
1134.986,
0,
2124.809,
10.93387,
241.0025,
318.2004,
0,
1.55463,
4.1112,
0,
32.1084,
5326.711,
1649.3,
1261.022,
0,
2548.635,
0.9790884,
0.2852246,
0,
0,
0.3526767,
0,
0,
157.0998,
5617.673,
4989.901,
8537.38,
0,
15730.46,
270.2857,
168.3425,
659.5992,
0,
0.5879758,
0.3672,
1.638,
672.8184,
31031.38,
369.6234,
15754,
0,
14632.04,
5.543021,
63.46764,
16.0992,
0,
4.693182,
1.36521,
0,
69.82827,
30916.66,
16149.38,
7671.977,
0,
1738.652,
961.576,
5846.996,
129.9655,
0,
20.86368,
131.1431,
0,
516.2486,
33166.8,
3606.83,
4754.976,
0,
1726.677,
134.991,
150.4936,
563.0652,
0,
9.301907,
4.1256,
1.7712,
56.7072,
11008.94,
87199.7,
26724.33,
0,
6528.745,
1504.632,
2186.359,
629.7372,
0,
87.17567,
582.4398,
1.073024,
3843.851,
129288,
2590.241,
7135.612,
0,
4294.92,
711.0484,
1711.389,
0,
0,
6.056611,
1.960337,
37.1124,
409.302,
16897.64,
1528.328,
3349.654,
0,
1553.246,
118.617,
1673.036,
0,
0,
0.04460895,
0.02585302,
36.2925,
58.37389,
8317.617,
4891.321,
8217.124,
0,
4466.279,
467.8813,
85.23401,
0,
0,
83.03977,
18.78234,
9.432522,
300.7166,
18539.81,
1759.003,
2516.808,
0,
1426.625,
170.1102,
129.4917,
0,
0,
14.52908,
44.90138,
27.41315,
158.629,
6247.51,
318.3225,
1866.457,
0,
1758.774,
3.747437,
2451.942,
20.8944,
0,
0.8292394,
3.977749,
0.5608094,
162.769,
6588.274,
140.038,
701.0703,
0,
64.09991,
32.80287,
1717.374,
0,
0,
0.2323139,
0.03897624,
0,
163.6018,
2819.258,
0,
0,
0,
0,
17883.57,
0,
0,
0,
0,
0,
0,
0,
17883.57,
164864.7,
181984.1,
0,
117158.6,
17883.57,
31803.12,
9071.119,
0,
696.614,
2600.995,
263.901,
13997.97,
540324.7,
2015, 
770.2924,
4769.824,
0,
3433.04,
627.5112,
146.8884,
366.5124,
0,
10.4383,
97.0704,
0.0468,
1375.758,
11597.38,
16048.18,
34528.47,
0,
26397.3,
4839.514,
873.6669,
2989.037,
0,
128.286,
694.7712,
67.4172,
903.6649,
87470.3,
472.0683,
4086.149,
0,
2493.347,
88.30362,
220.6429,
41.6772,
0,
0.8604,
31.48236,
22.79142,
110.9334,
7568.255,
83.76852,
1861.714,
0,
827.5281,
147.099,
603.3495,
0,
0,
2.984072,
14.84723,
13.8852,
85.84594,
3641.022,
654.1156,
4881.744,
0,
1453.626,
3018.886,
386.8857,
53.0424,
0,
0.2124,
77.8536,
0,
1295.075,
11821.44,
592.0218,
5811.305,
0,
3638.909,
501.7839,
772.2549,
25.3404,
0,
5.8536,
20.286,
0,
1020.1,
12387.85,
214.8953,
3858.359,
0,
3405.319,
6.217249,
130.045,
0,
0,
1.11163,
18.1584,
0,
56.3184,
7690.424,
93.44314,
1843.784,
0,
817.5064,
10.5885,
7084.71,
0,
0,
0.4786418,
0.4807298,
0,
118.2048,
9969.196,
62.13255,
991.4142,
0,
0.2378741,
90.92683,
3052.7,
0,
0,
0.6156487,
3.108538,
16.2756,
97.17905,
4314.59,
3829.069,
951.9943,
0,
156.9338,
8.209846,
257.5604,
44.0532,
0,
7.812998,
9,
0,
2.916,
5267.55,
7286.171,
23334.02,
0,
14193.8,
4097.861,
1472.162,
2842.624,
0,
369.5729,
1018,
27.31701,
1762.581,
56404.11,
3683.678,
3967.872,
0,
2003.84,
542.9367,
659.639,
268.7688,
0,
25.2107,
84.46317,
0,
242.9005,
11479.31,
1521.286,
1883.323,
0,
1765.356,
18.76469,
76.07245,
0,
0,
0.7136979,
41.9472,
12.33,
241.7256,
5561.518,
1246.053,
1060.183,
0,
1936.986,
10.17804,
242.3828,
315.4572,
0,
1.756618,
4.0032,
0,
20.7792,
4837.779,
1314.309,
1293.415,
0,
2404.998,
0.9860547,
0.2314877,
0,
0,
0.4282191,
0,
0,
159.1099,
5173.477,
5077.174,
8109.933,
0,
15046.09,
249.3206,
148.8364,
713.7288,
0,
1.23006,
0.5616,
1.6452,
649.0439,
29997.56,
371.4701,
15795.27,
0,
15566.25,
4.81198,
141.9618,
10.4904,
0,
6.163798,
1.302005,
0,
63.37971,
31961.1,
15941.06,
8456.487,
0,
1775.967,
1003.722,
6315.961,
134.689,
0,
37.48738,
126.2915,
0,
491.3811,
34283.05,
3441.026,
5002.018,
0,
1563.679,
150.0641,
167.0653,
593.1432,
0,
14.48641,
4.8312,
1.7856,
43.7256,
10981.82,
85103.79,
27923.3,
0,
7037.907,
1610.051,
2132.208,
746.136,
0,
146.2177,
675.5372,
0.9788458,
4040.097,
129416.2,
3049.204,
7065.417,
0,
4212.097,
763.6602,
1726.439,
0,
0,
10.38376,
4.32786,
39.762,
389.0736,
17260.37,
1640.878,
3195.123,
0,
1621.554,
118.7029,
1590.181,
0,
0,
0.04930393,
0.04718336,
36.34991,
54.04311,
8256.929,
4947.133,
7989.02,
0,
4229.94,
481.0908,
85.51428,
33.97423,
0,
125.9119,
20.08866,
9.341287,
313.625,
18235.64,
1815.748,
2453.259,
0,
1428.831,
175.9637,
128.5053,
0,
0,
18.25471,
49.83352,
29.54572,
142.18,
6242.12,
366.1138,
1946.242,
0,
1825.458,
15.39548,
2541.776,
16.578,
0,
1.761493,
4.203459,
0.6131266,
176.5292,
6894.671,
141.0171,
803.0571,
0,
95.69649,
34.47172,
1751.765,
0,
0,
0.2846893,
0.07913262,
0,
160.8018,
2987.173,
0,
0,
0,
0,
18617.02,
0,
0,
0,
0,
0,
0,
0,
18617.02,
159766.1,
183862.7,
0,
119332.2,
18617.02,
32709.4,
9195.252,
0,
918.5671,
3002.575,
280.0849,
14016.97,
541700.9,
2016, 
733.9028,
4373.982,
0,
4278.917,
646.8588,
203.2586,
365.1444,
0,
14.52988,
111.348,
0.0684,
1387.418,
12115.43,
14890,
34326.72,
0,
26817.77,
4966.868,
882.4996,
3023.705,
0,
181.2024,
826.0956,
66.9024,
970.812,
86952.58,
522.1003,
3976.007,
0,
2572.038,
87.7724,
228.5943,
38.0412,
0,
1.6704,
37.35968,
22.13384,
110.5106,
7596.228,
86.47266,
1908.582,
0,
752.0381,
161.8643,
594.9548,
0,
0,
5.618914,
15.71711,
14.25785,
89.09843,
3628.604,
581.2697,
4595.052,
0,
1201.486,
2924.307,
381.1662,
57.1104,
0,
0.306,
120.5568,
0,
1371.28,
11232.53,
607.5638,
5636.873,
0,
3729.8,
518.6981,
745.861,
29.826,
0,
11.232,
26.3232,
0,
1004.893,
12311.07,
216.1433,
3827.532,
0,
3718.156,
6.234666,
147.0647,
0,
0,
4.333224,
20.5308,
0,
51.7248,
7991.72,
100.7045,
1995.21,
0,
861.1021,
11.30885,
7160.442,
0,
0,
0.7002018,
0.5146581,
0,
127.2691,
10257.25,
66.05977,
1030.806,
0,
1.014709,
93.61428,
3123.574,
0,
0,
0.7563948,
3.246031,
16.1424,
105.2138,
4440.428,
3982.04,
970.3481,
0,
159.2296,
8.249371,
255.7893,
54.0936,
0,
10.99785,
13.32,
0,
2.4516,
5456.519,
6427.186,
23527.58,
0,
14793.02,
4234.351,
1538.466,
2783.238,
0,
381.4429,
1012.744,
27.83269,
1790.02,
56515.88,
3691.787,
4148.258,
0,
2052.724,
573.2281,
691.6512,
257.958,
0,
25.17679,
90.10847,
0,
263.6671,
11794.56,
1680.233,
2022.694,
0,
1700.227,
23.19651,
61.48842,
0,
0,
3.834273,
55.8612,
17.3484,
242.0316,
5806.915,
1171.072,
996.3473,
0,
1866.893,
10.05091,
247.3394,
291.42,
0,
1.879249,
3.7152,
0,
28.9548,
4617.672,
1475.168,
1491.439,
0,
2333.856,
1.048168,
0.1847866,
0,
0,
0.4934159,
0,
0,
167.7952,
5469.984,
4790.223,
9017.164,
0,
15385.63,
229.0514,
166.311,
716.3784,
0,
1.797294,
0.6552,
1.6056,
713.7036,
31022.52,
329.2288,
15895.07,
0,
16329.63,
5.306224,
152.5414,
23.832,
0,
9.72475,
2.3508,
0,
76.122,
32823.8,
15858.67,
8865.979,
0,
1802.095,
1020.517,
6467.46,
136.4976,
0,
68.00686,
173.8567,
0,
495.9252,
34889.01,
3459.6,
5225.678,
0,
1612.6,
182.2731,
153.0819,
583.182,
0,
18.68318,
6.0588,
1.7856,
56.3292,
11299.27,
82341.47,
28616.73,
0,
7576.712,
1807.407,
2055.953,
881.8128,
0,
244.9103,
860.1106,
0.9781469,
4187.175,
128573.3,
3291.203,
7527.571,
0,
4184.322,
1101.771,
1787.579,
0,
0,
17.89106,
5.48096,
39.8556,
453.1212,
18408.79,
1836.283,
3213.35,
0,
1654.423,
195.5845,
1467.352,
0,
0,
0.1212679,
0.04634352,
38.54358,
72.06746,
8477.771,
4835.875,
7724.44,
0,
4335.421,
508.75,
88.85702,
65.01588,
0,
165.5574,
22.19657,
9.00351,
286.1444,
18041.26,
1871.786,
2477.651,
0,
1356.352,
175.2308,
136.0431,
0,
0,
22.61231,
52.37326,
29.50046,
153.4859,
6275.035,
444.8104,
2136.681,
0,
1890.967,
19.19082,
2607.237,
25.1964,
0,
3.427844,
6.126913,
0.6170448,
166.0517,
7300.306,
130.769,
740.4478,
0,
108.7041,
34.48451,
1769.561,
0,
0,
0.412561,
0.08411057,
0,
145.4055,
2929.868,
0,
0,
0,
0,
19547.22,
0,
0,
0,
0,
0,
0,
0,
19547.22,
155421.6,
186268.2,
0,
123075.1,
19547.21,
33114.31,
9332.451,
0,
1197.319,
3466.781,
286.5755,
14518.67,
546228.3,
2017, 
752.2563,
4475.327,
0,
4558.727,
648.527,
224.7952,
364.6764,
0,
14.03239,
113.4396,
0.0216,
1420.373,
12572.17,
14393.68,
34662.18,
0,
26308.68,
5009.609,
912.4133,
3019.901,
0,
255.5266,
926.0967,
67.41525,
1088.504,
86644,
533.576,
3916.942,
0,
2388.801,
125.1879,
236.4809,
39.1788,
0,
3.9024,
37.5912,
25.22945,
115.1327,
7422.022,
77.45023,
1845.058,
0,
737.9141,
161.8132,
620.1193,
0,
0,
6.740479,
15.36114,
13.79086,
107.3335,
3585.58,
629.0754,
4699.614,
0,
1279.251,
2948.468,
413.0183,
56.66111,
0,
2.9952,
152.5428,
0,
1335.263,
11516.89,
548.6589,
5493.706,
0,
3761.587,
546.1229,
700.5909,
22.00901,
0,
16.44279,
33.13767,
0.22968,
1060.354,
12182.84,
295.5532,
3753.43,
0,
4170.346,
6.316288,
157.9871,
0,
0,
6.088773,
20.97,
0,
50.34298,
8461.034,
85.39191,
1946.796,
0,
830.9587,
10.95907,
7097.801,
0,
0,
1.174045,
0.4810674,
0,
131.2945,
10104.86,
65.7196,
1081.1,
0,
1.057977,
95.688,
3203.481,
0,
0,
0.9442778,
2.343607,
17.12268,
109.8646,
4577.322,
3828.827,
914.7695,
0,
149.0556,
8.340738,
254.5792,
51.0948,
0,
14.39412,
17.7264,
0,
2.916,
5241.703,
6129.349,
23917.23,
0,
15445.2,
4458.557,
1552.641,
2726.054,
0,
410.1544,
1210.023,
28.07483,
1622.359,
57499.64,
3700.734,
4450.575,
0,
2180.746,
609.3304,
752.0169,
334.2897,
0,
26.38494,
104.721,
0.0036,
216.9426,
12375.74,
1739.299,
2123.724,
0,
1905.14,
28.27663,
50.33063,
0,
0,
10.61944,
64.45375,
22.05893,
209.5865,
6153.489,
1024.238,
1089.343,
0,
1858.954,
10.32083,
244.7863,
308.0743,
0,
2.991996,
3.91464,
0,
34.68672,
4577.31,
1516.487,
1372.06,
0,
2269.221,
1.019461,
0.1656564,
0,
0,
0.5773916,
1.224646,
0,
181.7264,
5342.481,
4613.804,
8183.443,
0,
15762.5,
214.6008,
131.2402,
740.7456,
0,
2.155141,
0.907524,
1.56582,
713.6605,
30364.63,
322.0575,
16020.42,
0,
17320.46,
5.797241,
52.91291,
27.04919,
0,
13.62842,
3.48116,
0,
66.36153,
33832.17,
16642.46,
9337.808,
0,
1878.199,
1023.527,
6775.437,
138.0456,
0,
94.92155,
198.0493,
0,
510.3557,
36598.8,
3856.886,
5164.2,
0,
1595.749,
182.6612,
173.8088,
534.3362,
0,
25.69142,
7.80845,
1.762078,
52.99158,
11595.89,
83629.07,
30136.75,
0,
8056.276,
2069.676,
1817.176,
973.8559,
0,
432.7204,
1077.733,
0.9953719,
4226.297,
132420.5,
3567.29,
7808.833,
0,
4042.83,
1047.134,
1767.82,
0,
0,
22.67566,
9.201498,
36.97769,
578.8024,
18881.56,
1966.087,
3375.324,
0,
1646.376,
196.5923,
1394.974,
0,
0,
0.163926,
0.04501585,
46.1278,
71.74411,
8697.436,
4833.859,
7635.542,
0,
4190.124,
575.6575,
89.89209,
118.4823,
0,
199.2299,
23.36242,
8.845387,
301.6635,
17976.66,
2018.242,
2494.022,
0,
1359.109,
173.5713,
135.1576,
0,
0,
29.40621,
52.90577,
29.6557,
154.2591,
6446.328,
659.5252,
2144.877,
0,
1867.489,
24.64251,
2679.221,
35.568,
0,
4.742546,
8.986339,
0.6042767,
150.8128,
7576.469,
142.7073,
732.5202,
0,
110.1448,
34.96314,
1783.782,
0,
0,
0.6402035,
0.09168547,
0,
154.4032,
2959.253,
0,
0,
0,
0,
20217.36,
0,
0,
0,
0,
0,
0,
0,
20217.36,
157572.3,
188775.6,
0,
125674.9,
20217.36,
33222.63,
9490.021,
0,
1598.945,
4086.599,
300.481,
14668.03,
555606.8,
2018, 
598.889,
4564.147,
0,
4586.371,
645.1797,
217.5178,
362.6316,
0,
14.80706,
120.4848,
0.072,
1389.082,
12499.18,
13924.06,
34967.34,
0,
27506.2,
5048.779,
1016.698,
3028.783,
0,
306.664,
993.0041,
67.58464,
1063.804,
87922.92,
514.0303,
3672.723,
0,
2796.332,
131.4648,
240.6802,
49.23,
0,
4.9068,
46.3572,
19.35,
117.0936,
7592.167,
87.94931,
1823.051,
0,
781.8734,
163.3159,
653.462,
0,
0,
8.630676,
20.55586,
14.07534,
105.4905,
3658.404,
610.7488,
4466.3,
0,
1160.63,
3126.091,
410.3491,
56.42599,
0,
12.46116,
174.5105,
0,
1400.296,
11417.81,
518.0134,
5081.824,
0,
3607.891,
543.4634,
719.7745,
24.84546,
0,
24.13831,
41.41921,
0.77076,
1060.252,
11622.39,
348.9222,
3568.086,
0,
4248.774,
6.346975,
154.6105,
0,
0,
12.11295,
26.44191,
0,
53.81273,
8419.107,
99.18291,
1854.066,
0,
912.712,
16.43055,
7154.384,
0,
0,
2.267844,
0.5117502,
0,
139.27,
10178.82,
67.53172,
1122.256,
0,
1.726977,
104.6685,
3271.308,
0,
0,
1.280416,
4.618945,
18.46008,
120.2444,
4712.095,
3740.632,
975.329,
0,
163.6858,
8.514784,
267.3283,
41.688,
0,
15.50758,
23.2812,
0,
3.9744,
5239.941,
5770.939,
23366.97,
0,
15323.8,
4641.996,
1586.739,
2731.475,
0,
431.8995,
1282.248,
29.77176,
1771.272,
56937.11,
3785.527,
4520.213,
0,
2211.087,
675.6185,
767.924,
337.5953,
0,
28.45414,
92.33832,
0.0504,
271.0484,
12689.86,
1789.987,
2013.642,
0,
1837.979,
26.66387,
39.72862,
0,
0,
28.6587,
71.81716,
26.75153,
215.7783,
6051.006,
1107.595,
1151.818,
0,
1971.798,
10.35915,
246.4599,
303.8332,
0,
4.613308,
4.71744,
0,
39.69972,
4840.894,
1597.404,
1566.9,
0,
2978.95,
1.004787,
0.1450743,
0,
0,
1.391114,
1.659752,
0,
176.4308,
6323.886,
4589.046,
7733.409,
0,
17243.54,
206.8701,
156.5294,
743.9228,
0,
2.808971,
1.44274,
1.534824,
738.6387,
31417.74,
320.5383,
15919.18,
0,
16961.56,
5.677947,
87.986,
26.82163,
0,
19.67382,
5.21217,
0,
67.34538,
33413.99,
17507.2,
10013.31,
0,
2038.152,
1071.085,
6693.918,
136.1254,
0,
145.4986,
236.6626,
0,
544.7017,
38386.66,
3744.747,
5239.88,
0,
1727.248,
205.999,
148.5163,
480.6189,
0,
33.49071,
8.873564,
1.747271,
58.1739,
11649.29,
86716.93,
30899.42,
0,
9772.016,
2240.608,
1543.066,
1159.334,
0,
651.7408,
1325.914,
1.013718,
4343.428,
138653.5,
4048.821,
7904.721,
0,
4283.351,
1109.707,
1792.721,
0,
0,
24.12981,
11.82429,
37.57216,
598.0925,
19810.94,
2346.852,
3633.011,
0,
1640.924,
477.1277,
1279.835,
0,
0,
0.3961055,
0.7075437,
50.63972,
81.95036,
9511.444,
4748.055,
7238.132,
0,
4038.969,
623.1512,
94.15542,
233.7448,
0,
226.7215,
26.93242,
9.087077,
291.4862,
17530.44,
1960.963,
2532.856,
0,
1399.419,
170.9209,
135.268,
0,
0,
36.20807,
62.06355,
29.51189,
156.6612,
6483.872,
731.9542,
1900.934,
0,
2086.291,
23.41046,
2772.385,
35.6724,
0,
4.272448,
12.66313,
0.5997028,
156.6311,
7724.813,
161.0239,
672.5233,
0,
126.1071,
35.53843,
1788.931,
0,
0,
1.182971,
0.1425848,
0,
169.9171,
2955.367,
0,
0,
0,
0,
21319.99,
0,
0,
0,
0,
0,
0,
0,
21319.99,
161437.5,
188402,
0,
131407.4,
21319.99,
33240.42,
9752.748,
0,
2043.917,
4596.405,
308.5929,
15134.58,
567643.6,
2019, 
543.7659,
4709.176,
0,
4647.317,
629.0718,
217.564,
364.3092,
0,
15.91776,
118.3428,
0.0036,
1374.235,
12619.7,
11973.84,
34809.27,
0,
29468.34,
4975.463,
1049.789,
3035.988,
0,
350.9219,
1073.52,
66.10864,
1043.275,
87846.51,
492.6862,
3813.459,
0,
2770.872,
121.394,
243.2786,
40.284,
0,
25.4052,
60.768,
19.2636,
85.3776,
7672.789,
120.6323,
1824.779,
0,
830.101,
168.1929,
648.8761,
0,
0,
10.88098,
21.25576,
15.74046,
84.39683,
3724.856,
578.8352,
4489.184,
0,
1192.557,
3315.434,
417.6947,
58.06377,
0,
23.95648,
201.5482,
0,
1432.357,
11709.63,
827.5674,
5171.984,
0,
3430.723,
568.8615,
650.5386,
30.52137,
0,
31.75442,
59.78628,
0.7272,
979.5088,
11751.97,
389.2499,
3850.956,
0,
4188.296,
6.411106,
147.4892,
0,
0,
25.37584,
34.08069,
0,
59.46725,
8701.326,
101.541,
2144.502,
0,
932.6762,
15.07057,
7225.376,
0,
0,
3.031462,
0.5711938,
0,
152.5218,
10575.29,
66.96752,
1177.645,
0,
2.025677,
108.2154,
3340.263,
0,
0,
1.921416,
8.031641,
18.84492,
123.8344,
4847.749,
3881.148,
908.575,
0,
169.3471,
8.79926,
268.1228,
47.7072,
0,
17.58421,
23.8464,
0,
2.6316,
5327.762,
4501.288,
22997.07,
0,
15827.75,
4802.917,
1614.077,
2708.879,
0,
465.5796,
1468.612,
29.51183,
1668.831,
56084.52,
3641.616,
4533.925,
0,
2249.563,
730.8024,
793.4772,
343.7025,
0,
33.8743,
109.1668,
0.39564,
228.8834,
12665.41,
1823.927,
2071.265,
0,
1640.262,
36.91986,
33.21688,
0,
0,
33.97298,
78.23059,
32.22626,
319.762,
6069.782,
1041.325,
1139.914,
0,
1973.539,
11.47395,
250.4969,
298.8097,
0,
11.24149,
8.06832,
0,
25.77348,
4760.642,
1523.235,
1480.454,
0,
3024.205,
1.118588,
0.1047061,
0,
0,
3.006041,
2.548223,
0,
178.1568,
6212.829,
5057.166,
7554.911,
0,
17119.24,
196.9544,
161.1025,
760.2551,
0,
4.993677,
1.88681,
1.557648,
747.3054,
31605.38,
326.8862,
15786.32,
0,
17736.24,
5.610684,
59.17289,
24.32427,
0,
39.56117,
6.184739,
0,
81.26625,
34065.57,
17171.14,
10077.1,
0,
2165.548,
1046.833,
6675.024,
167.3008,
0,
185.2754,
255.5527,
0,
620.8818,
38364.66,
3778.083,
4999.839,
0,
1821.361,
219.3493,
136.1969,
525.2748,
0,
47.20893,
9.651326,
1.707556,
49.64787,
11588.32,
89321.91,
32210.72,
0,
10450.84,
2576.47,
1294.4,
1370.442,
0,
830.9308,
1471.534,
0.999161,
4614.828,
144143.1,
4493.606,
8287.778,
0,
4324.271,
1220.18,
1821.242,
0,
0,
47.70135,
19.58818,
38.49156,
508.5008,
20761.36,
2872.117,
3548.422,
0,
1678.022,
584.0006,
1182.448,
0,
0,
0.5478197,
1.774372,
50.93985,
81.46569,
9999.737,
4648.625,
7006.651,
0,
3888.454,
636.2413,
90.30756,
229.6043,
0,
251.0099,
27.42265,
10.24753,
287.9765,
17076.54,
1989.767,
2561.768,
0,
1434.026,
170.5356,
133.5242,
0,
0,
54.08372,
71.91982,
29.74625,
154.7938,
6600.165,
801.6487,
1807.695,
0,
2118.387,
17.89123,
2831.561,
38.934,
0,
4.901383,
11.76636,
0.6157917,
180.9127,
7814.313,
148.6605,
684.2028,
0,
140.0577,
35.87411,
1784.922,
0,
0,
2.221054,
0.1389374,
0,
169.7607,
2965.837,
0,
0,
0,
0,
22210.09,
0,
0,
0,
0,
0,
0,
0,
22210.09,
162117.2,
189647.6,
0,
135224,
22210.09,
33070.27,
10044.4,
0,
2522.859,
5145.797,
317.1275,
15256.35,
575555.7,
2020, 
417.3936,
4251.127,
0,
4530.738,
601.8137,
201.7875,
353.502,
0,
17.26908,
128.7396,
0,
1391.422,
11893.79,
9876.283,
30795.94,
0,
28910.6,
4709.117,
1090.615,
2963.338,
0,
429.5827,
1230.546,
67.79138,
1033.702,
81107.52,
371.0436,
3227.941,
0,
2840.95,
119.1931,
237.8974,
40.5432,
0,
32.814,
70.9272,
19.152,
96.5412,
7057.003,
129.3892,
1516.394,
0,
690.7742,
163.0234,
628.575,
0,
0,
12.52102,
19.63281,
16.72724,
104.4558,
3281.492,
519.7649,
4164.122,
0,
1102.953,
3286.448,
407.3152,
50.58935,
0,
38.69403,
205.3825,
0,
1426.972,
11202.24,
701.4209,
4465.448,
0,
3061.349,
523.5338,
616.9463,
38.54503,
0,
40.23203,
81.15399,
0.7776,
962.082,
10491.49,
361.0826,
3435.582,
0,
3793.011,
6.166783,
122.3992,
0,
0,
27.31994,
37.15856,
0,
56.63617,
7839.356,
88.89194,
2055.673,
0,
994.0399,
18.08979,
7193.197,
0,
0,
3.558052,
1.314129,
0,
151.9751,
10506.74,
58.8546,
1069.637,
0,
1.976478,
112.541,
3405.263,
0,
0,
2.103973,
7.97744,
18.21528,
133.103,
4809.672,
3716.176,
844.5378,
0,
163.6533,
9.286496,
274.3616,
35.6508,
0,
20.81972,
23.7996,
0,
5.2236,
5093.509,
3581.684,
19380.89,
0,
15019.93,
4821.474,
1648.979,
2382.58,
0,
536.072,
1632.093,
29.05288,
1823.593,
50856.34,
3422.561,
4133.892,
0,
2154.27,
762.1518,
775.8976,
345.554,
0,
43.71095,
114.7712,
0.39492,
225.4972,
11978.7,
1711.55,
1897.937,
0,
1751.449,
49.69532,
47.02102,
0,
0,
40.1985,
89.38159,
36.09972,
281.1397,
5904.471,
922.3065,
1142.058,
0,
2011.135,
14.77047,
252.2544,
275.5465,
0,
22.17851,
12.65616,
0,
29.65968,
4682.565,
1475.338,
1242.535,
0,
3247.342,
1.168227,
0.2787139,
0,
0,
5.392164,
3.706803,
0,
168.3205,
6144.081,
4590.568,
7576.622,
0,
17459.3,
194.5212,
155.0401,
786.6048,
0,
7.95727,
5.146808,
1.51704,
805.2568,
31582.54,
330.0648,
14190.59,
0,
18650.69,
5.742393,
79.77522,
26.34343,
0,
53.47234,
8.535215,
0,
81.46952,
33426.68,
15949.15,
8838.979,
0,
2127.585,
1141.28,
6341.16,
154.9044,
0,
223.7122,
242.457,
0,
579.2311,
35598.46,
3521.242,
4714.506,
0,
1779.404,
220.6541,
131.2182,
576.6614,
0,
65.19389,
11.34519,
1.646147,
60.03803,
11081.91,
90748.7,
32556.14,
0,
11740.36,
2910.526,
1144.308,
1431.703,
0,
971.4584,
1690.705,
0.7848601,
4778.521,
147973.2,
4801.405,
7310.127,
0,
4068.637,
1183.361,
1725.428,
0,
0,
68.3534,
18.83849,
38.72851,
552.3886,
19767.27,
2978.264,
3095.145,
0,
1406.485,
756.1057,
1123.331,
0,
0,
0.7949499,
1.745097,
56.24037,
95.41956,
9513.531,
4236.299,
6157.177,
0,
3821.323,
616.4147,
50.66058,
139.5061,
0,
286.119,
32.29146,
10.77071,
283.7067,
15634.27,
1825.226,
2492.929,
0,
1544.095,
165.971,
139.0929,
0,
0,
76.5533,
81.76031,
29.92877,
149.6077,
6505.165,
945.947,
1923.095,
0,
2354.128,
20.24946,
2883.962,
33.6456,
0,
5.419283,
11.84451,
0.6992817,
189.4705,
8368.461,
128.6498,
627.0787,
0,
132.5855,
33.39749,
1773.796,
0,
0,
2.784861,
0.1577438,
0,
181.6025,
2880.052,
0,
0,
0,
0,
22446.7,
0,
0,
0,
0,
0,
0,
0,
22446.7,
157409.3,
173106.1,
0,
135358.8,
22446.7,
32450.56,
9635.218,
0,
3034.286,
5764.068,
328.5267,
15647.04,
555180.5,
2021, 
424.5322,
4232.961,
0,
4771.048,
612.7261,
199.8617,
333.4644,
0,
21.78663,
125.1108,
0,
1377.922,
12099.41,
11154.46,
33153.6,
0,
28776.51,
4862.061,
1073.165,
2921.585,
0,
544.7647,
1378.13,
68.67635,
912.523,
84845.47,
321.308,
3435.686,
0,
2836.507,
118.8951,
241.0184,
42.9228,
0,
46.836,
75.2256,
15.7068,
118.3284,
7252.433,
132.9651,
1683.814,
0,
737.2725,
196.8369,
639.481,
0,
0,
14.51089,
20.85016,
16.40982,
113.1284,
3555.269,
636.0308,
4481.971,
0,
1386.874,
3344.602,
415.9756,
52.93652,
0,
60.30821,
260.2295,
0,
1306.146,
11945.07,
458.7682,
4915.87,
0,
3222.034,
548.7807,
643.5409,
39.15722,
0,
53.31493,
99.75857,
1.1664,
982.4784,
10964.87,
411.7213,
3754.081,
0,
4210.798,
6.611612,
125.3784,
0,
0,
28.56428,
42.45992,
0,
50.21577,
8629.83,
99.44791,
2112.172,
0,
1072.504,
18.56609,
7267.013,
0,
0,
4.72606,
1.981702,
0,
154.2199,
10730.63,
70.439,
1152.335,
0,
2.106754,
120.6819,
3465.632,
0,
0,
2.485833,
9.39663,
18.1332,
132.8159,
4974.026,
3549.926,
992.6871,
0,
141.423,
9.653062,
266.1208,
44.478,
0,
24.32282,
30.0816,
0,
7.3476,
5066.04,
4196.617,
20257.35,
0,
15493.65,
5031.991,
1621.751,
2523.745,
0,
587.9449,
1560.196,
28.67709,
1809.171,
53111.09,
3755.493,
4355.939,
0,
2270.074,
823.8651,
782.5488,
345.342,
0,
57.45301,
115.4864,
0.36612,
277.4109,
12783.98,
1797.644,
2000.322,
0,
2187.494,
96.78771,
42.83155,
0,
0,
51.14997,
113.1723,
38.85563,
201.3365,
6529.594,
842.5124,
1183.15,
0,
1993.44,
16.09016,
244.501,
331.151,
0,
24.33213,
11.07936,
0,
39.67056,
4685.927,
1293.751,
1379.162,
0,
2690.587,
1.145208,
0.2795501,
0,
0,
5.896143,
6.297043,
0,
164.8787,
5541.996,
5050.414,
8122.73,
0,
19075.11,
198.0343,
159.6432,
811.3334,
0,
9.282534,
12.55518,
1.54692,
821.2935,
34261.94,
311.2446,
14360.18,
0,
19084.69,
5.344104,
147.3506,
47.37462,
0,
65.74314,
10.70096,
0,
79.37175,
34112,
17672.92,
9654.105,
0,
2165.977,
1188.92,
6729.295,
169.6032,
0,
272.4901,
277.8893,
0,
584.7877,
38715.99,
3482.997,
5099.494,
0,
1994.281,
218.3463,
129.334,
568.8548,
0,
84.88113,
11.45682,
1.637885,
68.95621,
11660.24,
96623.74,
33685.4,
0,
12883.71,
3397.976,
933.6288,
1567.119,
0,
1220.121,
2373.851,
0.8663697,
4703.15,
157389.6,
4639.101,
7083.446,
0,
4290.224,
1198.459,
1741.877,
0,
0,
136.6158,
29.42396,
38.45851,
616.4939,
19774.1,
3084.713,
3065.957,
0,
1436.958,
877.1409,
1033.964,
0,
0,
0.8828959,
1.602931,
57.45243,
96.39066,
9655.062,
4530.053,
6354.037,
0,
3622.355,
689.3028,
84.4752,
254.8984,
0,
311.4681,
33.94161,
10.82937,
283.652,
16175.01,
1733.976,
2315.509,
0,
1497.923,
162.5227,
132.8452,
0,
0,
100.8323,
97.8726,
30.46353,
149.0055,
6220.95,
1009.055,
2093.409,
0,
2536.357,
20.97296,
2883.656,
55.24999,
0,
6.644397,
13.76224,
0.7280774,
208.8236,
8828.658,
134.7134,
736.4636,
0,
136.1212,
32.96597,
1784.244,
0,
0,
3.008556,
0.1583794,
0,
198.2792,
3025.954,
0,
0,
0,
0,
23799.28,
0,
0,
0,
0,
0,
0,
0,
23799.28,
167418.5,
181661.8,
0,
140516,
23799.28,
32789.41,
10109.22,
0,
3740.366,
6712.671,
329.9745,
15457.8,
582535.1,
2022, 
421.7268,
4461.668,
0,
4513.519,
608.7314,
194.2667,
327.9311,
0,
22.42388,
136.957,
0.7035573,
1456.362,
12144.29,
11104.15,
35146.62,
0,
28897.28,
4878.11,
1040.671,
2901.522,
0,
655.1465,
1469.412,
67.98702,
913.101,
87073.99,
285.6109,
4166.937,
0,
2847.515,
118.9583,
243.9661,
42.73953,
0,
48.6935,
76.86103,
19.28977,
117.1729,
7967.744,
116.6195,
1750.433,
0,
792.3258,
216.3263,
640.2282,
0.04899213,
0,
16.26658,
22.11125,
16.63034,
115.471,
3686.461,
618.2908,
4742.703,
0,
1333.598,
3268.324,
420.0932,
14.40033,
0,
92.06795,
258.5514,
0.0004735842,
1361.333,
12109.36,
539.5363,
5530.827,
0,
3078.652,
569.3883,
636.9361,
39.30684,
0,
65.37746,
107.7512,
0.9340276,
977.1113,
11545.82,
413.1495,
4021.703,
0,
4394.386,
7.769454,
113.1637,
0,
0,
30.61382,
43.5279,
0,
51.92997,
9076.243,
109.2506,
2390.684,
0,
1128.109,
23.89869,
7325.362,
0,
0,
5.068601,
1.824766,
0.005710219,
160.1983,
11144.4,
69.4907,
1266.962,
0,
12.31451,
122.4407,
3494.815,
0,
0,
3.094127,
10.18861,
18.09393,
141.8176,
5139.218,
3500.085,
1024.262,
0,
164.9182,
11.75934,
261.3518,
44.01698,
0,
23.72905,
37.31893,
0,
7.162389,
5074.604,
4146.451,
22816.03,
0,
14943.08,
5319.957,
1515.452,
2521.569,
0,
704.3002,
1690.898,
29.43075,
1824.563,
55511.72,
3825.387,
4466.809,
0,
2295.674,
876.4373,
728.3813,
343.343,
0,
83.5175,
127.9294,
0.2799552,
274.8084,
13022.57,
1879.484,
2248.83,
0,
2147.66,
120.1964,
40.86774,
0,
0,
56.70695,
121.5033,
17.92263,
239.2989,
6872.47,
608.3926,
981.4661,
0,
1877.89,
11.53214,
229.129,
319.1425,
0,
23.97552,
11.07531,
0,
38.47838,
4101.082,
1522.514,
1583.817,
0,
2827.478,
1.190718,
0.2155529,
2.985004,
0,
6.80011,
10.30222,
0,
175.4962,
6130.799,
4667.16,
8667.916,
0,
17576.24,
217.3582,
138.8722,
790.0831,
0,
9.08692,
15.22194,
1.353834,
814.8381,
32898.13,
337.4655,
16040.21,
0,
19048.32,
6.206611,
108.0812,
76.4524,
0,
89.8608,
14.81385,
0.09263434,
79.94003,
35801.44,
18189.3,
10920,
0,
2147.941,
1225.066,
6580.173,
169.0846,
0,
347.6856,
293.9878,
0,
585.2733,
40458.51,
3186.718,
5033.588,
0,
1974.613,
260.2103,
140.1937,
603.1769,
0,
97.02055,
14.06577,
4.696846,
71.9184,
11386.2,
94115.94,
35709.85,
0,
13630.05,
3525.774,
786.2925,
1623.117,
0,
1570.163,
2724.848,
0.9476039,
4781.921,
158468.9,
4985.453,
8457.425,
0,
4142.787,
1290.07,
1748.436,
0,
0,
141.526,
41.09752,
38.62606,
644.33,
21489.75,
3187.344,
3694.804,
0,
1611.751,
1016.221,
953.243,
0,
0,
1.264433,
1.581744,
68.05102,
104.0877,
10638.35,
4479.834,
6793.873,
0,
3669.985,
702.3468,
82.80463,
268.9554,
0,
337.4854,
35.67239,
10.43209,
282.4756,
16663.87,
1773.027,
2769.617,
0,
1307.04,
159.7803,
130.2879,
0,
0,
120.4906,
110.8582,
30.21594,
152.4158,
6553.733,
1092.189,
2315.108,
0,
2414.413,
20.11707,
2886.031,
80.36944,
0,
8.343945,
18.21114,
0,
222.9958,
9057.779,
169.926,
806.8311,
0,
143.5847,
33.18423,
1779.713,
0,
0,
4.818702,
0.1096863,
3.692249,
196.4215,
3138.281,
0,
0,
0,
0,
24611.36,
0,
0,
0,
0,
0,
0,
0,
24611.36,
165344.5,
197809,
0,
138921.1,
24611.35,
32219.03,
10168.24,
0,
4565.528,
7396.68,
329.3864,
15790.92,
597155.7,
2023, 
409.074,
4361.761,
0,
4559.336,
591.2003,
186.9507,
316.925,
0,
23.85576,
151.6526,
0.6943158,
1508.185,
12109.63,
10905.06,
34760.86,
0,
28851.08,
5021.708,
1230.933,
2915.525,
0,
794.8433,
1539.901,
72.46568,
911.9277,
87004.3,
293.9693,
4219.711,
0,
2913.4,
135.9469,
246.1167,
42.59662,
0,
56.57034,
77.00508,
20.74893,
116.0453,
8122.11,
114.8876,
1761.196,
0,
757.5465,
211.4344,
645.7379,
0.04494349,
0,
20.12761,
22.36482,
17.75109,
116.2209,
3667.312,
672.8937,
4886.107,
0,
1280.523,
3270.197,
424.157,
14.80748,
0,
127.6806,
303.1659,
0.0004735842,
1406.201,
12385.73,
522.2429,
5582.043,
0,
2952.31,
561.7891,
632.5352,
38.24902,
0,
80.91772,
123.0716,
1.003233,
961.3952,
11455.56,
414.857,
4010.934,
0,
4465.715,
413.1008,
100.3176,
0,
0,
35.2395,
50.44924,
0,
53.65161,
9544.266,
113.746,
2495.833,
0,
1129.657,
27.16166,
7367.5,
0,
0,
6.684034,
2.744559,
0.005710219,
165.2614,
11308.59,
68.23544,
1269.078,
0,
11.68355,
129.3489,
3496.899,
0,
0,
3.428601,
10.26059,
18.31098,
151.3303,
5158.575,
3440.163,
1043.486,
0,
159.1011,
19.62468,
257.02,
43.87259,
0,
23.56089,
40.39011,
0,
7.034319,
5034.252,
4126.049,
22654.33,
0,
14605.79,
5316.344,
1507.612,
2488.969,
0,
846.1118,
1791.832,
29.00064,
1820.505,
55186.54,
3917.173,
4428.603,
0,
2250.549,
915.8879,
700.6643,
347.7394,
0,
127.2425,
145.2674,
0.2752875,
271.9541,
13105.36,
1897.36,
2280.411,
0,
2208.797,
195.2595,
41.43068,
0,
0,
63.73037,
125.8008,
17.90901,
272.2892,
7102.988,
598.6992,
959.7637,
0,
1800.644,
20.82292,
218.3078,
321.8072,
0,
23.78465,
11.00253,
0,
37.5233,
3992.355,
1417.606,
1661.793,
0,
3084.365,
99.21073,
0.2519365,
3.067997,
0,
8.977156,
13.09792,
0,
186.024,
6474.394,
4761.167,
8496.705,
0,
17382.15,
230.8022,
131.0022,
784.0883,
0,
10.40278,
15.39884,
1.358406,
822.4114,
32635.49,
449.8922,
16283.01,
0,
18913.47,
162.6756,
105.3001,
100.4993,
0,
123.9236,
18.53869,
0.09320503,
80.24776,
36237.65,
19328.9,
11309.83,
0,
2153.925,
1260.595,
6493.446,
177.0136,
0,
397.9733,
318.5771,
0,
586.9445,
42027.2,
3199.802,
4903.362,
0,
1990.821,
272.8208,
138.1361,
619.531,
0,
110.8801,
16.09444,
4.726236,
74.28318,
11330.46,
93883.48,
36580.29,
0,
14758.66,
3712.431,
720.781,
1659.075,
0,
2425.386,
3313.614,
0.9806042,
5093.617,
162148.3,
5046.925,
8600.099,
0,
4108.717,
1299.091,
1757.892,
0,
0,
154.9617,
51.4737,
39.58649,
662.1995,
21720.95,
3190.406,
3974.751,
0,
1825.95,
1205.52,
852.4299,
0,
0,
2.62649,
1.651202,
71.0144,
111.8338,
11236.18,
4526.64,
6769.115,
0,
3662.23,
734.0486,
99.50822,
282.7768,
0,
352.8769,
42.43259,
10.3757,
280.78,
16760.78,
1800.32,
2761.74,
0,
1294.692,
163.1075,
132.2784,
0,
0,
139.4692,
120.0487,
30.89366,
156.4123,
6598.962,
1202.001,
2361.59,
0,
2460.701,
39.08434,
2831.639,
80.35574,
0,
10.2556,
18.45284,
0,
237.6271,
9241.706,
189.9742,
820.3065,
0,
170.2189,
33.12756,
1761.614,
0,
0,
5.409675,
0.1096863,
3.716793,
194.9601,
3179.437,
0,
0,
0,
0,
26042.34,
0,
0,
0,
0,
0,
0,
0,
26042.34,
166491.5,
199236.7,
0,
139752,
26042.34,
32080.46,
10236.95,
0,
5976.92,
8324.397,
340.9108,
16286.87,
604769.1,
2024, 
379.3788,
4264.816,
0,
4616.578,
573.7641,
177.8967,
302.4653,
0,
24.13451,
160.0554,
0.6816874,
1528.978,
12028.75,
10739.14,
34325.36,
0,
28348.21,
5342.625,
1442.29,
2929.143,
0,
1002.604,
1601.303,
72.65452,
911.4348,
86714.76,
312.8538,
4291.662,
0,
2940.452,
167.8692,
247.6984,
42.14478,
0,
61.41138,
76.36551,
20.16705,
114.6227,
8275.247,
115.5145,
1801.51,
0,
761.1008,
208.8898,
648.4065,
0.04088866,
0,
22.62277,
23.14861,
17.8909,
116.5438,
3715.669,
742.6734,
4975.23,
0,
1226.05,
3239.229,
419.2054,
15.04421,
0,
169.2641,
312.911,
0.0004735842,
1425.818,
12525.43,
508.3127,
5655.336,
0,
2841.013,
570.4071,
640.1778,
37.49731,
0,
100.7989,
130.6709,
1.071628,
947.5577,
11432.84,
474.772,
4150.203,
0,
4574.295,
467.2739,
87.1616,
0,
0,
44.06952,
57.68237,
0,
54.90174,
9910.358,
134.4378,
2612.576,
0,
1127.884,
30.10788,
7423.506,
0,
0,
7.622806,
2.824056,
0.005710219,
168.6777,
11507.64,
70.8431,
1295.689,
0,
12.37875,
164.6215,
3508.265,
0,
0,
4.634144,
10.252,
21.61957,
159.6378,
5247.941,
3411.556,
1050.41,
0,
155.3222,
70.35001,
254.3038,
44.26527,
0,
25.2126,
40.66353,
0,
6.971543,
5059.056,
4000.903,
22565.24,
0,
14224.97,
5501.139,
1470.997,
2435.294,
0,
1002.691,
1845.982,
28.79061,
1790.704,
54866.71,
3959.652,
4463.237,
0,
2228.516,
957.8515,
669.9539,
352.0443,
0,
170.476,
161.7273,
0.2720529,
269.6247,
13233.35,
1945.057,
2335.491,
0,
2258.119,
154.8067,
40.70322,
0,
0,
96.50887,
138.1511,
17.95383,
300.1223,
7286.914,
588.0414,
943.0678,
0,
1711.048,
29.99919,
207.5036,
328.9947,
0,
16.81588,
10.93734,
0,
36.17007,
3872.578,
1621.063,
1744.176,
0,
3168.9,
130.4329,
0.2678943,
3.150991,
0,
12.22491,
13.39972,
0,
186.8945,
6880.51,
4714.045,
8262.564,
0,
17050.36,
248.6054,
125.7284,
773.5604,
0,
11.42264,
15.53574,
1.346648,
812.5645,
32015.73,
511.0536,
16616.24,
0,
18426.03,
514.0168,
120.5639,
126.8724,
0,
142.6923,
18.99769,
0.09388186,
80.22193,
36556.78,
20968.96,
11368.39,
0,
2184.597,
1647.051,
6374.442,
184.8973,
0,
530.6995,
349.8936,
0,
584.7097,
44193.64,
3176.825,
4794.26,
0,
1977.523,
281.8248,
143.7313,
635.9027,
0,
125.6954,
17.02918,
4.759817,
75.81027,
11233.36,
91863.2,
37320.79,
0,
15598.71,
3432.866,
694.0356,
1671.792,
0,
3439.255,
3853.37,
0.9329688,
5735.74,
163610.7,
5240.178,
8711.358,
0,
4127.25,
1313.256,
1764.05,
0,
0,
166.4866,
56.67477,
39.89664,
666.5897,
22085.74,
3247.774,
4455.939,
0,
2009.665,
1333.057,
778.4318,
0,
0,
3.447417,
1.669108,
73.59754,
111.7519,
12015.33,
4543.702,
6708.106,
0,
3615.752,
762.1395,
116.9341,
296.6052,
0,
362.1056,
46.46136,
10.32238,
279.2511,
16741.38,
1799.94,
2741.115,
0,
1259.954,
160.1058,
132.4893,
0,
0,
159.6705,
140.4849,
30.81317,
156.9967,
6581.569,
1314.671,
2462.529,
0,
2531.161,
71.70452,
2797.332,
80.34492,
0,
13.84576,
18.65759,
0,
262.0073,
9552.253,
240.6887,
839.1132,
0,
188.2098,
33.08169,
1749.562,
0,
0,
6.262208,
0.1096863,
3.744261,
193.963,
3254.735,
0,
0,
0,
0,
27407.08,
0,
0,
0,
0,
0,
0,
0,
27407.08,
166625.2,
200754.4,
0,
139164,
27407.07,
32035.64,
10260.06,
0,
7722.674,
9104.957,
346.6153,
16978.26,
610398.9,
2025, 
336.4996,
4089.967,
0,
4647.646,
554.2337,
169.9587,
283.6954,
0,
40.98753,
168.5189,
0.6495978,
1524.62,
11816.78,
10571.84,
34097.55,
0,
27302.8,
5811.457,
1644.917,
2908.864,
0,
1196.895,
1920.728,
74.30935,
905.3734,
86434.73,
318.7268,
4357.298,
0,
2869.641,
205.6619,
246.2563,
40.16108,
0,
96.62589,
75.05652,
21.54679,
109.0754,
8340.049,
116.5189,
1798.217,
0,
750.6234,
216.007,
652.1066,
0.03682767,
0,
57.25793,
23.21296,
17.75642,
116.4441,
3748.181,
818.4219,
5119.402,
0,
1183.869,
3237.042,
419.315,
15.34804,
0,
196.1873,
394.6766,
0.0004711929,
1389.961,
12774.22,
498.4261,
5763.843,
0,
2732.228,
597.763,
637.4926,
36.62713,
0,
137.775,
136.4949,
1.140241,
927.5999,
11469.39,
493.4859,
4247.77,
0,
4694.447,
606.9191,
77.54358,
0,
0,
46.34811,
64.40452,
0,
57.16919,
10288.09,
193.6109,
2711.434,
0,
1223.495,
38.53675,
7459.063,
0,
0,
9.173762,
2.852949,
0.005710219,
171.8465,
11810.02,
96.47437,
1347.632,
0,
14.22177,
204.1005,
3517.745,
0,
0,
9.171178,
13.95356,
24.04629,
164.9849,
5392.33,
3281.288,
1084.036,
0,
151.8615,
77.93715,
252.9825,
43.17859,
0,
32.00187,
65.53989,
0,
6.961576,
4995.786,
3862.977,
22684.58,
0,
13856.93,
5726.431,
1438.785,
2407.75,
0,
1154.664,
1806.07,
29.19476,
1775.797,
54743.18,
3957.845,
4546.675,
0,
2213.251,
1002.837,
640.257,
363.5107,
0,
202.5064,
177.7035,
0.2781003,
272.4396,
13377.3,
2014.887,
2373.312,
0,
2287.446,
180.8973,
40.72456,
5.893672,
0,
108.2241,
143.4242,
19.94553,
318.2406,
7492.994,
593.061,
934.9718,
0,
1667.447,
38.05286,
198.7886,
337.3345,
0,
17.9255,
11.27175,
0,
36.20809,
3835.061,
1890.115,
1856.386,
0,
3364.088,
136.9168,
0.2904443,
3.258545,
0,
13.51453,
14.56759,
0,
205.1158,
7484.253,
4542.957,
8036.46,
0,
16651.98,
294.541,
125.8548,
800.2331,
0,
15.40742,
20.15888,
1.614662,
814.8051,
31304.01,
560.7323,
16654.38,
0,
18033.67,
916.7687,
129.2228,
140.5155,
0,
372.9895,
18.82247,
0.09670956,
79.80639,
36907.01,
22341.38,
11742.55,
0,
2242.936,
1737.262,
6263.354,
184.2031,
0,
828.7328,
390.1934,
0,
748.5269,
46479.14,
3131.34,
4701.505,
0,
1939.159,
299.0969,
146.2406,
664.821,
0,
138.1437,
28.71708,
4.987084,
69.32162,
11123.33,
90474.38,
38163.25,
0,
16064.15,
3423.675,
714.1512,
1728.967,
0,
3859.344,
4012.116,
1.066209,
6208.875,
164650,
5545.619,
8914.525,
0,
4154.341,
1367.106,
1772.352,
0,
0,
191.1965,
62.81871,
41.35233,
670.4121,
22719.72,
3154.505,
4852.729,
0,
2211.761,
1461.742,
739.1261,
0,
0,
11.66562,
54.84739,
81.69878,
154.9521,
12723.03,
4464.998,
6644.262,
0,
3530.67,
804.2316,
140.1157,
306.1761,
0,
419.025,
49.55918,
10.42371,
273.7891,
16643.25,
1779.259,
2755.716,
0,
1221.54,
160.8651,
135.9751,
0,
0,
180.843,
157.8426,
30.5207,
156.3698,
6578.932,
1363.728,
2585.711,
0,
2586.308,
111.6928,
2810.08,
109.8908,
0,
24.21511,
22.97843,
0,
283.1003,
9897.704,
307.9353,
870.4614,
0,
199.7771,
32.96096,
1730.697,
0,
0,
7.610028,
0.2993712,
3.990989,
193.5112,
3347.244,
0,
0,
0,
0,
29244.73,
0,
0,
0,
0,
0,
0,
0,
29244.73,
166711,
202934.6,
0,
137796.3,
29244.73,
32103.4,
10380.46,
0,
9368.431,
9836.829,
364.6244,
17635.31,
616375.8,
2026, 
295.7664,
3937.712,
0,
4639.454,
536.8351,
161.7556,
260.8934,
0,
54.34687,
165.7161,
0.6282006,
1492.966,
11546.07,
10024.06,
33598.32,
0,
26384.71,
5828.517,
1562.599,
2794.201,
0,
1268.759,
2108.66,
72.28751,
847.6825,
84489.8,
348.3203,
4412.906,
0,
2842.794,
226.2705,
241.3768,
38.6556,
0,
119.2841,
75.78571,
22.02995,
104.42,
8431.843,
124.0515,
1848.232,
0,
737.8395,
226.6062,
643.5135,
0.03238821,
0,
60.47069,
24.63457,
20.71589,
115.7182,
3801.814,
886.3194,
5206.84,
0,
1131.05,
3223.307,
423.8908,
14.54806,
0,
197.4897,
389.6895,
0.0004685561,
1406.243,
12879.38,
502.268,
5873.728,
0,
2634.507,
638.1144,
648.4789,
36.26217,
0,
155.7671,
141.7345,
1.047667,
917.4363,
11549.34,
584.9174,
4437.888,
0,
5041.374,
404.0777,
70.19268,
0,
0,
50.3327,
69.62595,
0,
59.4003,
10717.81,
316.7068,
2789.661,
0,
1414.336,
116.5766,
7412.314,
0,
0,
14.67098,
2.845685,
0.005710219,
181.6117,
12248.73,
143.1572,
1425.154,
0,
20.54047,
238.224,
3533.362,
0,
0,
15.5906,
20.31075,
26.62614,
168.2901,
5591.255,
3123.919,
1110.409,
0,
145.6699,
82.90534,
257.3577,
41.96315,
0,
32.54582,
94.43655,
0,
7.090726,
4896.298,
3490.04,
22571.21,
0,
13129.4,
5810.466,
1317.76,
2384.149,
0,
1242.267,
1744.518,
29.24258,
1744.553,
53463.6,
3920.51,
4548.492,
0,
2142.717,
842.7866,
594.3565,
361.3147,
0,
225.3049,
196.2856,
0.2804223,
338.4864,
13170.53,
2082.389,
2377.231,
0,
2278.956,
192.5425,
40.45891,
23.58106,
0,
121.0353,
148.092,
21.42313,
340.3846,
7626.094,
626.5468,
933.7949,
0,
1586.38,
43.17477,
193.8889,
358.9049,
0,
23.02765,
14.93375,
0,
37.52444,
3818.176,
2242.993,
1988.582,
0,
3556.067,
146.9098,
0.363286,
3.316982,
0,
20.68024,
18.63277,
0,
222.9642,
8200.509,
4409.831,
7783.74,
0,
16385.23,
386.8997,
118.6534,
822.8447,
0,
16.19589,
20.66906,
1.640646,
819.5613,
30765.26,
610.14,
16619.08,
0,
17863.16,
592.5176,
114.1798,
153.22,
0,
611.0034,
18.6696,
0.1034985,
79.4127,
36661.49,
23100.53,
12056.59,
0,
2318.977,
1828.362,
6071.449,
287.3853,
0,
1092.589,
444.094,
0,
1027.06,
48227.03,
3076.304,
4541.012,
0,
1888.801,
384.525,
134.1311,
670.2815,
0,
160.1562,
33.17982,
5.038475,
80.82359,
10974.25,
88254.91,
38015.52,
0,
16430.81,
3623.01,
626.8779,
1782.262,
0,
4118.153,
3956.395,
1.008419,
6584.421,
163393.4,
6083.071,
9035.303,
0,
4174.651,
1433.913,
1763.584,
0,
0,
214.1488,
67.96057,
44.80775,
674.0038,
23491.44,
3111.847,
5349.5,
0,
2340.452,
1433.945,
692.9813,
0,
0,
28.76517,
55.56185,
90.06017,
187.783,
13290.9,
4190.861,
6537.566,
0,
3295.448,
834.434,
129.6615,
303.5535,
0,
489.4178,
71.72387,
9.769785,
259.2453,
16121.68,
1760.927,
2767.564,
0,
1182.158,
166.1167,
135.0148,
0,
0,
195.7694,
166.8287,
30.86244,
154.5508,
6559.792,
1488.334,
2744.364,
0,
2651.979,
175.676,
2776.742,
139.4358,
0,
36.71746,
29.04752,
0,
300.4409,
10342.74,
448.9752,
903.2768,
0,
216.8006,
33.17415,
1703.386,
0,
0,
9.349486,
0.7011629,
4.368972,
193.4152,
3513.447,
0,
0,
0,
0,
29449.88,
0,
0,
0,
0,
0,
0,
0,
29449.88,
165247.7,
203413.7,
0,
136434.3,
29449.88,
31368.33,
10476.8,
0,
10573.84,
10080.73,
381.9478,
18345.49,
615772.6,
2027, 
273.3514,
3795.919,
0,
4620.615,
509.0923,
152.3824,
250.733,
0,
69.11931,
170.3531,
0.6245061,
1474.257,
11316.45,
9766.675,
32634.82,
0,
25448.76,
5311.558,
1470.716,
2680.372,
0,
1340.002,
2284.659,
70.79251,
812.4679,
81820.81,
351.2535,
4465.857,
0,
2829.84,
178.4655,
232.6265,
38.96368,
0,
156.4977,
82.66753,
22.88755,
104.6218,
8463.681,
131.4062,
1869.674,
0,
738.4777,
252.0719,
628.3658,
0.0275635,
0,
70.62306,
24.8647,
20.77073,
115.1099,
3851.392,
950.1955,
5275.599,
0,
1082.735,
3254.179,
421.3526,
14.68126,
0,
203.0899,
386.3455,
0.0004678593,
1424.472,
13012.65,
498.6328,
5923.234,
0,
2562.975,
696.7501,
653.9872,
36.84682,
0,
199.6988,
146.1889,
0.960552,
916.442,
11635.72,
642.0945,
4493.693,
0,
5351.883,
114.3193,
59.5279,
0,
0,
57.87393,
72.0596,
0,
60.5536,
10852,
378.7894,
2822.97,
0,
1622.108,
131.7526,
7291.72,
0,
0,
27.57745,
5.380395,
0.005710219,
192.8322,
12473.14,
215.0783,
1489.919,
0,
28.24027,
271.274,
3523.354,
0,
0,
22.81665,
29.60467,
27.9277,
167.4414,
5775.656,
2987.384,
1119.897,
0,
141.7438,
101.9216,
253.5438,
41.45452,
0,
34.20701,
121.7307,
0,
7.394273,
4809.277,
3275.864,
22327.14,
0,
12166.7,
5876.687,
1189.057,
2418.528,
0,
1390.685,
1739.173,
29.27465,
1772.992,
52186.1,
3772.26,
4549.272,
0,
2025.499,
926.5101,
537.2902,
359.086,
0,
262.8454,
217.593,
0.2744565,
360.728,
13011.36,
2152.589,
2370.234,
0,
2256.969,
173.1444,
40.23826,
53.07171,
0,
139.7629,
151.8708,
22.19842,
343.7958,
7703.874,
725.0828,
938.0973,
0,
1510.246,
32.80224,
185.9146,
376.7914,
0,
28.67813,
15.85578,
0,
36.54068,
3850.009,
2155.762,
2125.129,
0,
3664.196,
172.1288,
0.5909725,
3.318774,
0,
46.36528,
37.99058,
0,
243.5508,
8449.031,
4309.343,
7524.271,
0,
16203.5,
489.8473,
108.3441,
809.5763,
0,
16.74049,
21.03691,
1.640514,
826.3072,
30310.6,
606.1052,
15801.03,
0,
18377.25,
338.559,
94.52779,
153.3027,
0,
817.1342,
18.5245,
0.1031641,
79.00505,
36285.54,
23185.47,
12489.01,
0,
2436.901,
1965.884,
5865.277,
339.5063,
0,
1366.412,
523.3917,
0,
1199.834,
49371.68,
3001.95,
4304.964,
0,
1892.899,
367.9698,
127.0928,
704.738,
0,
160.1152,
37.44834,
5.08897,
80.789,
10683.05,
85752.45,
38359.69,
0,
16935.92,
3873.977,
548.2034,
1908.515,
0,
4591.918,
4066.459,
0.9728652,
6949.961,
162988.1,
6388.87,
9180.895,
0,
4204.78,
1513.454,
1750.694,
0,
0,
252.0367,
71.35775,
46.05111,
705.4795,
24113.62,
3122.728,
5479.97,
0,
2401.746,
1357.284,
674.5219,
0,
0,
79.9568,
56.79368,
96.0004,
223.1664,
13492.17,
3989.677,
6376.308,
0,
3101.684,
892.4056,
116.6854,
306.2784,
0,
533.2129,
98.87326,
10.05534,
252.0958,
15677.28,
1754.839,
2726.056,
0,
1153.517,
253.359,
132.4255,
0,
0,
218.3977,
175.9165,
31.07364,
154.0937,
6599.679,
1578.331,
2913.867,
0,
2723.134,
238.6555,
2726.621,
139.432,
0,
52.00744,
38.4202,
0,
321.0868,
10731.56,
563.7458,
933.4672,
0,
235.0435,
39.29108,
1659.011,
0,
0,
11.1489,
1.284549,
4.558547,
193.2614,
3640.812,
0,
0,
0,
0,
29333.34,
0,
0,
0,
0,
0,
0,
0,
29333.34,
162529.9,
202291,
0,
135717.4,
29333.34,
30444.07,
10635.22,
0,
12148.92,
10595.84,
391.2618,
19018.28,
613105.2,
2028, 
250.3859,
3652.907,
0,
4561.333,
496.6479,
146.0656,
240.4542,
0,
85.82789,
173.7397,
0.6149458,
1448.921,
11056.9,
9432.196,
31422.88,
0,
24683.57,
5161.409,
1389.897,
2570.792,
0,
1376.617,
2485.609,
65.25628,
778.5784,
79366.8,
343.9344,
4504.683,
0,
2838.536,
196.1259,
223.8169,
38.46491,
0,
211.5889,
88.16617,
22.61997,
102.6072,
8570.543,
127.936,
1892.065,
0,
746.9011,
279.5515,
607.6228,
0.02236088,
0,
83.52576,
25.85632,
21.84894,
114.279,
3899.609,
954.9884,
5353.817,
0,
1033.702,
3272.285,
419.9417,
14.87357,
0,
211.8212,
387.5508,
0.0004728282,
1460.013,
13108.99,
511.9403,
5941.686,
0,
2483.859,
741.6047,
659.4327,
37.00739,
0,
240.8306,
149.4226,
1.037672,
919.2149,
11686.04,
656.0398,
4352.265,
0,
5465.345,
317.2112,
49.79612,
29.51614,
0,
65.7124,
74.29793,
0,
61.89782,
11072.08,
463.6747,
2790.597,
0,
1892.326,
148.6795,
7099.903,
0,
0,
50.75359,
11.6064,
0.005710219,
206.614,
12664.16,
311.9398,
1546.45,
0,
35.03252,
285.2907,
3498.845,
0,
0,
31.58532,
42.03257,
30.9846,
167.248,
5949.409,
2828.937,
1144.86,
0,
139.2919,
113.9704,
247.6331,
40.4643,
0,
36.07331,
160.604,
0,
7.591146,
4719.424,
3005.398,
22016.52,
0,
11076.09,
6096.585,
1091.134,
2450.11,
0,
1567.903,
1800.081,
29.74529,
1803.982,
50937.55,
3504.668,
4519.936,
0,
1878.794,
902.8141,
481.8376,
356.893,
0,
325.1818,
316.7683,
0.3118238,
376.5953,
12663.8,
2202.502,
2371.077,
0,
2218.032,
218.7916,
40.20058,
94.37518,
0,
164.66,
157.0867,
22.77513,
339.011,
7828.512,
866.9609,
938.8371,
0,
1452.124,
26.06812,
176.7643,
376.9949,
0,
34.09484,
16.17118,
0,
35.57055,
3923.586,
2172.104,
2282.888,
0,
3511.046,
204.2513,
0.9817653,
3.320565,
0,
67.40121,
50.99953,
0,
265.7928,
8558.786,
4254.89,
7300.235,
0,
15837.57,
651.9324,
101.1995,
807.5334,
0,
17.07821,
21.35834,
1.637105,
833.3724,
29826.81,
600.709,
15466.49,
0,
18301.53,
49.08379,
93.87923,
153.3855,
0,
1047.162,
18.33927,
0.1039279,
78.66407,
35809.35,
23072.69,
12886.74,
0,
2557.456,
2164.161,
5672.414,
338.5174,
0,
1700.857,
650.8772,
0,
1379.346,
50423.06,
2880.772,
4004.851,
0,
1758.941,
352.4709,
118.1789,
704.752,
0,
161.6433,
159.9503,
5.662056,
81.27796,
10228.5,
83922.09,
38417.56,
0,
16649.93,
4227.168,
498.7669,
2023.664,
0,
5066.685,
4026.893,
0.9853877,
7311.155,
162144.9,
6687.78,
9294.786,
0,
4100.603,
1589.891,
1724.686,
0,
0,
331.0803,
74.80662,
48.28181,
764.8317,
24616.75,
3116.629,
5480.001,
0,
2443.243,
1384.905,
670.6364,
0,
0,
155.3465,
58.94855,
100.8077,
259.4216,
13669.94,
3738.284,
6193.402,
0,
2908.595,
943.3989,
104.4767,
305.6536,
0,
525.4694,
225.8519,
12.46701,
243.3913,
15200.99,
1740.055,
2663.614,
0,
1131.882,
357.1951,
130.8689,
0,
0,
245.3504,
183.5031,
31.57142,
155.2189,
6639.259,
1643.981,
3047.45,
0,
2822.342,
264.4492,
2674.668,
139.4333,
0,
82.80228,
55.13858,
0,
344.9562,
11075.22,
691.3734,
973.494,
0,
232.6882,
43.72149,
1606.342,
0,
0,
14.69835,
2.397343,
4.784219,
193.1123,
3762.611,
0,
0,
0,
0,
30489.66,
0,
0,
0,
0,
0,
0,
0,
30489.66,
159982.9,
200460.1,
0,
132760.8,
30489.66,
29529.99,
10726.23,
0,
13901.75,
11418.06,
401.5014,
19732.66,
609403.6,
2029, 
225.1715,
3505.226,
0,
4472.395,
479.6107,
140.3964,
228.0635,
0,
104.5273,
176.2005,
0.6117863,
1429.725,
10761.93,
8675.099,
30025.94,
0,
24194.91,
5001.496,
1315.615,
2517.027,
0,
1434.005,
2729.376,
61.68464,
761.5113,
76716.66,
321.8571,
4517.791,
0,
2848.9,
222.7528,
214.437,
38.47903,
0,
262.4086,
95.49033,
22.98403,
101.8401,
8646.939,
122.7674,
1917.518,
0,
756.5308,
307.8359,
580.264,
0.01677976,
0,
94.9499,
29.88705,
22.67052,
114.24,
3946.68,
953.2198,
5422.088,
0,
965.1939,
3305.181,
417.8052,
14.90502,
0,
231.6906,
384.9518,
0.0004735835,
1501.128,
13196.16,
528.7386,
5953.91,
0,
2420.24,
792.9017,
656.8242,
37.44423,
0,
284.3128,
151.9083,
1.062184,
929.4962,
11756.84,
601.4285,
4404.793,
0,
5672.548,
465.5966,
40.46764,
29.53207,
0,
74.26749,
75.05766,
0,
63.0512,
11426.74,
461.1008,
2827.969,
0,
2178.741,
160.4014,
6832.957,
0,
0,
83.90733,
24.9576,
0.005710219,
224.423,
12794.46,
375.1085,
1597.176,
0,
61.54339,
331.3786,
3448.322,
0,
0,
40.40586,
54.25631,
34.5784,
170.2057,
6112.974,
2743.543,
1177.062,
0,
137.0042,
118.1009,
238.9414,
40.73961,
0,
39.54986,
181.9649,
0,
8.015976,
4684.922,
2717.849,
21640.73,
0,
9966.448,
6401.915,
984.2481,
2470.925,
0,
1738.646,
1898.461,
30.62498,
1836.167,
49686.02,
3175.464,
4419.106,
0,
1708.859,
828.9138,
432.0877,
354.1241,
0,
363.1709,
478.4739,
0.3101113,
372.8902,
12133.4,
2258.877,
2350.399,
0,
2160.765,
229.4505,
40.81417,
118.0008,
0,
202.4518,
162.048,
23.43132,
344.8266,
7891.064,
988.1752,
941.2817,
0,
1396.241,
34.57165,
166.2456,
377.1984,
0,
36.41714,
16.4885,
0,
34.65582,
3991.275,
1660.774,
2460.922,
0,
3585.25,
253.1147,
1.485717,
3.322358,
0,
99.53516,
69.97084,
0,
288.9267,
8423.302,
4275.152,
7156.386,
0,
15254,
850.163,
89.21595,
826.1385,
0,
17.14891,
21.63162,
1.63731,
840.9963,
29332.47,
556.5364,
15269.24,
0,
18039.27,
84.71831,
85.41216,
153.4683,
0,
1292.99,
18.14172,
0.1058274,
78.46875,
35578.35,
23397.1,
13400.25,
0,
2680.463,
2337.119,
5475.122,
332.3246,
0,
2042.09,
722.1586,
0,
1492.5,
51879.13,
2798.187,
3742.265,
0,
1691.428,
434.3965,
111.4386,
704.7911,
0,
163.0767,
208.6813,
6.384083,
90.84788,
9951.496,
82346.07,
38651.58,
0,
16282.46,
4681.962,
462.5436,
2224.228,
0,
5664.051,
4046.432,
1.011882,
7405.249,
161765.6,
6825.421,
9410.058,
0,
4083.41,
1672.242,
1683.362,
0,
0,
422.0613,
81.83096,
50.6214,
839.3029,
25068.31,
3081.126,
5419.132,
0,
2544.771,
1470.448,
666.9875,
0,
0,
238.5722,
68.15697,
105.7929,
294.5521,
13889.54,
3229.808,
5966.332,
0,
2587.99,
990.7485,
92.82055,
285.2354,
0,
477.7588,
639.9032,
16.40026,
222.0976,
14509.09,
1727.589,
2589.887,
0,
1103.763,
472.0626,
128.8891,
0,
0,
276.118,
191.2574,
31.9765,
156.9957,
6678.538,
1768.3,
3182.198,
0,
2905.614,
328.4393,
2614.361,
139.4395,
0,
115.3732,
80.55949,
0,
359.9388,
11494.22,
810.1876,
1025.086,
0,
236.0017,
42.76776,
1541.465,
0,
0,
19.33709,
4.383689,
5.034744,
193.2299,
3877.493,
0,
0,
0,
0,
32298.29,
0,
0,
0,
0,
0,
0,
0,
32298.29,
156624.7,
198974.3,
0,
129934.7,
32298.29,
28462.53,
10895.4,
0,
15818.82,
12612.63,
416.9291,
20155.28,
606193.6,
2030, 
207.0717,
3333.536,
0,
4352.283,
452.1386,
133.9655,
214.0825,
0,
122.8391,
177.0583,
0.6117445,
1415.726,
10409.31,
7770.363,
28722.24,
0,
23689.07,
4826.455,
1253.383,
2482.334,
0,
1554.511,
2974.587,
58.96202,
750.1288,
74082.03,
314.1027,
4519.342,
0,
2874.533,
252.8807,
204.7404,
38.75918,
0,
300.2001,
110.3956,
24.00745,
102.1421,
8741.104,
134.6579,
1899.137,
0,
788.7349,
332.5764,
546.2476,
0.0111926,
0,
112.8315,
37.32689,
23.49767,
115.3411,
3990.362,
954.6735,
5475.897,
0,
881.4976,
3305.456,
415.1718,
15.02013,
0,
284.2669,
381.3511,
0.0004735842,
1519.666,
13233,
501.6516,
5937.213,
0,
2358.294,
853.0342,
652.2101,
37.4908,
0,
374.3328,
151.7903,
1.067877,
932.0405,
11799.13,
541.9813,
4370.561,
0,
5738.998,
583.3985,
31.32314,
118.192,
0,
82.54673,
74.81483,
0,
62.58913,
11604.4,
461.187,
2830.384,
0,
2470.883,
163.3414,
6497.831,
0,
0,
122.544,
46.1179,
0.005710219,
245.9578,
12838.25,
462.1883,
1610.299,
0,
113.4864,
398.0282,
3367.258,
0,
0,
47.44204,
63.36964,
40.16711,
175.5819,
6277.82,
2604.894,
1210.234,
0,
134.9828,
114.2073,
227.3508,
40.20269,
0,
85.10555,
181.6699,
1.845962,
8.04499,
4608.538,
2368.384,
21097.99,
0,
8823.261,
6598.631,
904.2338,
2453.441,
0,
1976.898,
2065.011,
30.53259,
1850.365,
48168.75,
2825.305,
4330.979,
0,
1550.01,
814.4625,
392.5559,
351.9266,
0,
421.2978,
542.0747,
0.3228084,
421.3877,
11650.32,
2336.673,
2343.233,
0,
2110.552,
235.6199,
41.19704,
118.0646,
0,
256.1789,
166.1518,
24.21716,
354.7389,
7986.625,
1114.499,
930.4604,
0,
1332.208,
35.13862,
153.9862,
377.402,
0,
41.19366,
16.80771,
0,
33.78876,
4035.484,
1621.324,
2628.971,
0,
3272.042,
283.4176,
2.27592,
3.021956,
0,
136.0998,
90.81351,
0,
302.1653,
8340.132,
4300.84,
7034.293,
0,
14343.86,
1066.948,
78.21275,
794.6397,
0,
17.21108,
21.86961,
1.635807,
839.0378,
28498.55,
390.5946,
15030.63,
0,
17907.15,
155.4277,
83.17062,
153.5512,
0,
1515.442,
17.94308,
0.1081091,
78.27532,
35332.29,
23831.39,
13973.55,
0,
2794.151,
2468.579,
5303.237,
325.099,
0,
2397.927,
892.7679,
0,
1467.893,
53454.59,
2648.789,
3494.06,
0,
1563.3,
431.1517,
105.3717,
686.1674,
0,
160.4335,
299.8222,
7.243717,
118.2157,
9514.555,
80812.03,
38596.84,
0,
16086.06,
4945.736,
424.1411,
2236.747,
0,
6319.041,
4112.065,
1.046557,
7563.623,
161097.3,
6701.703,
9514.281,
0,
4126.502,
1704.607,
1626.992,
0,
0,
562.7382,
98.11406,
53.35355,
936.2042,
25324.5,
3018.971,
5403.104,
0,
2665.248,
1519.867,
660.2495,
0,
0,
321.3886,
84.888,
113.184,
323.6691,
14110.57,
3062.027,
5806.457,
0,
2517.839,
1012.711,
83.24276,
303.891,
0,
497.0256,
588.5427,
28.43176,
235.2789,
14135.45,
1729.564,
2500.325,
0,
1076.168,
589.8652,
126.8249,
0,
0,
308.1129,
196.5992,
32.35225,
159.1474,
6718.958,
1783.222,
3311.623,
0,
2998.743,
377.0712,
2538.004,
169.006,
0,
152.5155,
113.3853,
0,
379.7366,
11823.31,
930.5802,
1082.973,
0,
239.5053,
41.1757,
1463.689,
0,
0,
24.75871,
7.077473,
5.587838,
194.1502,
3989.497,
0,
0,
0,
0,
33561.93,
0,
0,
0,
0,
0,
0,
0,
33561.93,
153428.7,
196988.6,
0,
126809.4,
33561.93,
27316.87,
10919.05,
0,
18194.88,
13512.42,
448.1822,
20584.89,
601764.9,
2031, 
190.9902,
3135.795,
0,
4302.003,
421.1625,
129.6462,
202.1366,
0,
137.5712,
177.4345,
0.6130072,
1409.939,
10107.29,
6883.812,
27337.23,
0,
23709.5,
4603.659,
1194.925,
2466.041,
0,
1708.877,
3035.753,
68.29925,
770.5065,
71778.6,
306.771,
4481.346,
0,
2914.387,
280.5757,
199.8841,
48.9594,
0,
334.5644,
144.9631,
24.83533,
102.1765,
8838.462,
155.5008,
1846.229,
0,
841.0894,
352.7068,
509.2607,
0.009705511,
0,
132.9239,
50.11682,
24.39095,
118.4537,
4030.682,
956.0388,
5552.128,
0,
810.0956,
3326.925,
411.9918,
15.16657,
0,
340.1552,
377.0369,
0.0004735842,
1589.479,
13379.02,
489.8824,
5899.427,
0,
2289.851,
936.9008,
633.3548,
36.36776,
0,
459.0755,
151.353,
1.096917,
944.8897,
11842.2,
484.9579,
4542.068,
0,
6057.521,
709.8756,
28.74021,
118.2558,
0,
96.47456,
74.55148,
0,
62.07375,
12174.52,
445.3516,
2899.889,
0,
2756.963,
197.4043,
6153.019,
0,
0,
164.3877,
73.60088,
0.005710219,
263.5658,
12954.19,
584.5477,
1650.271,
0,
174.251,
422.0237,
3238.085,
0,
0,
52.64586,
69.17273,
47.16805,
185.3537,
6423.519,
2564.238,
1244.464,
0,
132.0346,
116.6644,
225.9022,
42.19456,
0,
94.24097,
192.4572,
3.870897,
8.421839,
4624.489,
2044.424,
20425.04,
0,
7678.621,
6747.05,
859.3202,
2409.818,
0,
2299.11,
2002.051,
30.43488,
2054.349,
46550.21,
2434.124,
4235.047,
0,
1409.557,
799.2575,
368.8821,
391.6707,
0,
516.8667,
527.9858,
0.3124204,
435.7112,
11119.42,
2402.26,
2367.762,
0,
2085.167,
218.9767,
42.25971,
131.872,
0,
311.1322,
168.4809,
25.16618,
344.781,
8097.858,
1249.689,
928.1584,
0,
1304.416,
32.19535,
142.2607,
377.6056,
0,
47.41581,
17.12881,
0,
32.9184,
4131.788,
1654.468,
2765.099,
0,
3213.361,
287.9564,
3.298405,
2.721228,
0,
171.8528,
109.7245,
0,
314.921,
8523.402,
4527.715,
6955.796,
0,
13633.8,
1238.302,
65.3016,
740.2863,
0,
17.43023,
22.10735,
1.639023,
826.7366,
28029.11,
474.9102,
14887.83,
0,
18003.66,
98.95155,
77.67113,
155.221,
0,
1648.169,
17.68744,
0.1099556,
78.01877,
35442.23,
24309.57,
14714.34,
0,
2902.273,
2642.116,
5127.385,
356.6991,
0,
2816.023,
1106.989,
0,
1462.894,
55438.29,
2444.234,
3189.89,
0,
1416.119,
515.9334,
94.86378,
727.9966,
0,
153.656,
369.3358,
8.282101,
145.0667,
9065.378,
78956.16,
37972.34,
0,
16072.42,
5307.083,
401.3884,
2261.882,
0,
7062.382,
4172.259,
1.094765,
7732.375,
159939.4,
6592.646,
9566.47,
0,
4155.016,
1817.703,
1550.471,
0,
0,
705.899,
132.4687,
56.31398,
1040.649,
25617.64,
2926.742,
5484.347,
0,
2808.107,
1540.454,
664.2191,
0,
0,
402.3287,
112.0229,
121.8826,
338.0854,
14398.19,
2860.73,
5595.458,
0,
2393.271,
1083.714,
77.7414,
315.6725,
0,
504.6907,
593.0021,
43.72035,
242.487,
13710.49,
1753.533,
2385.627,
0,
1059.249,
710.4041,
126.9508,
0,
0,
341.2972,
204.2529,
33.22536,
162.0085,
6776.548,
1902.926,
3447.238,
0,
3112.768,
412.4561,
2500.823,
200.8538,
0,
186.875,
159.6913,
0.1005334,
404.0519,
12327.78,
1062.206,
1158.254,
0,
231.1712,
40.46338,
1384.073,
0,
0,
32.1698,
10.55153,
6.167284,
198.8887,
4123.944,
0,
0,
0,
0,
34860.91,
0,
0,
0,
0,
0,
0,
0,
34860.91,
150658.4,
194667.5,
0,
125466.7,
34860.91,
26211.72,
11001.43,
0,
20738.21,
14072.18,
498.73,
21268.8,
599444.6,
2032, 
174.444,
2964.716,
0,
4180.896,
391.8613,
125.5094,
188.9261,
0,
164.9431,
199.6071,
0.6142623,
1400.467,
9791.982,
5884.477,
25946.22,
0,
23687.05,
4435.507,
1141.072,
2435.63,
0,
1882.461,
3167.276,
70.34026,
793.5746,
69443.61,
288.7152,
4347.797,
0,
2953.458,
311.3848,
190.1501,
55.52385,
0,
369.6585,
187.4753,
25.51162,
102.0176,
8831.692,
162.3772,
1764.143,
0,
824.5761,
350.7404,
468.6441,
0.008216811,
0,
152.7239,
71.01096,
25.82378,
122.7594,
3942.807,
959.8967,
5515.392,
0,
758.3193,
3298.091,
412.2362,
15.67583,
0,
396.6561,
372.2923,
0.0004305311,
1676.323,
13404.88,
503.0629,
5773.318,
0,
2184.109,
1026.126,
606.4381,
34.72252,
0,
541.2095,
149.2219,
1.128731,
974.2612,
11793.6,
430.9683,
4641.29,
0,
6325.108,
827.3651,
22.74559,
118.3196,
0,
129.5945,
73.533,
0,
62.12104,
12631.05,
250.2868,
2939.257,
0,
3219.027,
213.1533,
5799.813,
0,
0,
194.736,
98.54977,
0.005496461,
275.9294,
12990.76,
633.1934,
1680.667,
0,
242.3298,
418.7015,
3083.186,
0,
0,
57.02961,
74.49313,
55.52532,
199.3614,
6444.487,
2525.575,
1251.2,
0,
129.3992,
119.7816,
216.0327,
43.83741,
0,
104.1531,
202.6906,
6.026058,
8.60662,
4607.302,
1814.273,
19479.33,
0,
6627.856,
6590.51,
810.4967,
2433.437,
0,
2682.276,
2073.845,
28.69932,
2126.027,
44666.75,
2152.727,
4034.267,
0,
1242.594,
783.9752,
344.106,
413.5942,
0,
613.5834,
555.6224,
0.2978551,
438.9748,
10579.74,
2514.554,
2355.044,
0,
2036.366,
213.5157,
42.88832,
139.5852,
0,
364.2035,
173.6155,
26.06315,
315.5007,
8181.336,
1415.037,
895.1555,
0,
1188.973,
42.71624,
127.7653,
377.8093,
0,
56.14923,
17.31385,
0,
32.03219,
4152.952,
1583.046,
2785.092,
0,
3149.685,
276.7779,
4.592794,
2.420173,
0,
204.5714,
124.5928,
0,
324.546,
8455.323,
4674.575,
6810.686,
0,
12675.79,
1384.96,
51.91265,
681.9232,
0,
18.10254,
22.34485,
1.640015,
813.5076,
27135.44,
468.6084,
14856.98,
0,
18302.43,
73.58529,
57.33381,
156.8926,
0,
1762.336,
17.83578,
0.1116916,
79.08464,
35775.2,
24353.58,
15212.88,
0,
2930.26,
2774.467,
4913.052,
362.4435,
0,
3246.396,
1319.084,
0.2893849,
1446.877,
56559.34,
2339.522,
2966.332,
0,
1272.369,
653.4674,
86.96998,
723.0909,
0,
155.5811,
432.3629,
8.483745,
170.2209,
8808.399,
77688.02,
36691.92,
0,
16270.29,
5814.815,
374.3357,
2286.245,
0,
7846.164,
4228.247,
1.144978,
7892.458,
159093.6,
6498.025,
9529.235,
0,
4156.667,
1940.756,
1463.257,
0,
0,
845.5895,
191.9987,
61.28272,
1117.921,
25804.73,
2814.828,
5585.61,
0,
2814.159,
1558.637,
661.9954,
0,
0,
445.1169,
154.414,
134.8741,
351.5159,
14521.15,
2648.364,
5337.161,
0,
2268.982,
1153.962,
69.44273,
326.1088,
0,
513.2863,
608.5367,
69.59455,
247.9974,
13243.43,
1766.122,
2264.018,
0,
1028.215,
818.8774,
128.4295,
0,
0,
370.4601,
215.8786,
35.33537,
163.7855,
6791.122,
2062.478,
3521.325,
0,
3127.05,
452.581,
2441.774,
217.8767,
0,
219.9624,
221.3733,
0.6860219,
426.841,
12691.95,
1137.965,
1209.127,
0,
247.5062,
39.44442,
1313.194,
0,
0,
41.50562,
14.60529,
6.98585,
213.8331,
4224.167,
0,
0,
0,
0,
35965.76,
0,
0,
0,
0,
0,
0,
0,
35965.76,
147744.7,
190358.2,
0,
123843.5,
35965.76,
24957.37,
11014.07,
0,
23378.45,
14967.82,
560.4647,
21776.54,
594566.9,
2033, 
153.2178,
2798.573,
0,
4086.255,
363.2389,
121.9025,
171.641,
0,
200.2321,
238.8484,
1.249808,
1364.562,
9499.72,
4859.612,
24463.26,
0,
23941.2,
4215.632,
944.3628,
2390.694,
0,
2081.459,
3288.842,
72.93446,
843.7217,
67101.73,
268.5397,
4203.443,
0,
2996.942,
351.942,
176.5747,
62.11036,
0,
403.4932,
236.4691,
26.43944,
102.5071,
8828.461,
195.9663,
1710.057,
0,
835.4863,
360.5768,
423.7696,
0.006528622,
0,
167.7098,
87.33244,
25.62865,
125.1271,
3931.661,
968.125,
5411.557,
0,
716.9944,
3308.347,
407.4309,
16.32074,
0,
455.6643,
367.1584,
0.0003874784,
1771.201,
13422.8,
484.8904,
5608.409,
0,
2119.532,
1104.137,
574.3773,
33.00805,
0,
616.0887,
148.0239,
1.1519,
1007.127,
11696.75,
376.0222,
4650.192,
0,
6369.41,
831.3259,
21.47568,
118.3834,
0,
310.5808,
72.20048,
0,
61.73229,
12811.32,
237.4736,
2961.526,
0,
3560.747,
223.7001,
5447.554,
0,
0,
216.0974,
129.0519,
0.004977606,
273.4247,
13049.58,
682.692,
1693.118,
0,
306.1257,
437.9884,
2908.125,
0,
0,
60.64635,
80.0549,
63.35832,
219.7429,
6451.852,
2479.864,
1265.742,
0,
126.2313,
125.6523,
204.322,
44.95733,
0,
116.0557,
210.6082,
8.231031,
8.663922,
4590.328,
1638.998,
18268.65,
0,
5780.475,
6628.412,
699.7734,
2464.231,
0,
2883.772,
2292.892,
27.69443,
2230.827,
42915.73,
1857.107,
3886.205,
0,
1117.345,
763.174,
314.7866,
405.7315,
0,
743.949,
614.6656,
0.2764793,
425.6589,
10128.9,
2610.276,
2334.268,
0,
1920.482,
200.5179,
42.03201,
144.0696,
0,
415.0958,
182.6237,
26.24615,
312.4537,
8188.064,
1610.85,
885.0482,
0,
1063.992,
81.08836,
112.291,
371.7912,
0,
67.72684,
17.45295,
0,
31.15213,
4241.393,
1725.849,
2749.562,
0,
3068.274,
259.7795,
5.991215,
2.118794,
0,
239.5208,
133.4698,
0,
331.7932,
8516.358,
4897.391,
6657.305,
0,
11973.92,
1485.976,
49.00468,
592.8784,
0,
19.99143,
22.26576,
1.582526,
802.9266,
26503.24,
425.7907,
14814.25,
0,
18703.4,
86.90942,
56.56789,
123.8369,
0,
1867.475,
17.90348,
0.1131349,
81.43528,
36177.68,
24158.28,
15607.72,
0,
2943.136,
2860.74,
4726.269,
366.0867,
0,
3662.045,
1631.696,
4.690023,
1432.266,
57392.93,
2180.718,
2756.826,
0,
1155.8,
759.5477,
79.82461,
742.062,
0,
171.4571,
491.7363,
8.56906,
200.5082,
8547.048,
76452.55,
35582.51,
0,
16404.18,
6440.559,
320.2446,
2307.605,
0,
8656.057,
4286.26,
1.194942,
8023.027,
158474.2,
6589.333,
9434.791,
0,
4152.077,
2070.923,
1363.757,
0,
0,
967.0199,
230.6096,
64.12622,
1170.462,
26043.1,
2680.401,
5705.33,
0,
2749.302,
1512.758,
657.7708,
0,
0,
499.662,
213.2271,
148.9786,
372.5045,
14539.93,
2445.131,
5061.259,
0,
2154.59,
1245.138,
50.13708,
332.9239,
0,
521.0731,
626.2267,
92.79065,
259.0378,
12788.31,
1814.878,
2145.041,
0,
1005.865,
906.2658,
128.5696,
0,
0,
398.3664,
217.5838,
36.05315,
165.9156,
6818.539,
2307.992,
3558.135,
0,
3069.589,
495.5509,
2357.654,
236.1439,
0,
248.9547,
298.9013,
1.958055,
455.3078,
13030.19,
1229.584,
1261.202,
0,
257.9471,
38.01698,
1241.526,
0,
0,
52.60076,
20.32859,
8.159152,
229.8732,
4339.239,
0,
0,
0,
0,
37157.89,
0,
0,
0,
0,
0,
0,
0,
37157.89,
145331.5,
185474,
0,
122579.3,
37157.89,
23436.09,
10926.6,
0,
26042.79,
16156.43,
621.4315,
22302.96,
590029,
2034, 
135.9184,
2631.929,
0,
3915.58,
359.7912,
115.3584,
156.2348,
0,
239.6639,
302.0608,
6.007563,
1319.716,
9182.26,
4125.241,
23092.55,
0,
24003.21,
3948.778,
744.3124,
2276.109,
0,
2314.447,
3330.916,
73.08453,
1003.271,
64911.92,
243.032,
4065.707,
0,
3015.435,
385.9581,
158.4383,
68.51355,
0,
436.1756,
297.618,
27.67484,
104.8412,
8803.394,
248.3812,
1647.865,
0,
843.7138,
370.8275,
379.9526,
0.004944342,
0,
182.0268,
103.321,
26.58559,
127.7041,
3930.382,
993.5164,
5298.442,
0,
722.8261,
3245.643,
399.8424,
17.07145,
0,
524.3386,
364.0558,
0.0003443972,
1847.536,
13413.27,
472.0797,
5454.942,
0,
2052.004,
1172.953,
535.8528,
29.97766,
0,
724.1282,
156.9022,
1.132658,
1013.904,
11613.88,
350.7198,
4502.87,
0,
6259.333,
808.8933,
20.96339,
118.4472,
0,
550.8583,
70.43567,
0,
121.8699,
12804.39,
222.2957,
2989.913,
0,
3878.902,
236.1142,
5079.954,
0,
0,
243.9036,
160.4641,
0.004609689,
274.4473,
13086,
776.1558,
1695.496,
0,
345.8048,
448.9778,
2715.383,
0,
0,
68.62321,
89.04626,
72.28807,
238.2054,
6449.98,
2410.771,
1283.316,
0,
125.0378,
130.2318,
193.332,
45.11435,
0,
142.9006,
212.9838,
10.28879,
8.502831,
4562.479,
1489.88,
17327.22,
0,
5098.144,
6462.126,
624.279,
2425.097,
0,
3081.721,
2626.367,
26.59755,
2323.969,
41485.4,
1556.991,
3723.96,
0,
1010.666,
746.8814,
290.9016,
374.8691,
0,
901.5759,
691.7097,
0.3110444,
405.44,
9703.306,
2686.081,
2307.46,
0,
1784.328,
191.8185,
40.51293,
146.1783,
0,
466.8215,
203.8048,
26.49109,
308.9935,
8162.489,
1862.652,
867.7535,
0,
898.9966,
122.1661,
95.43529,
365.7664,
0,
83.6897,
17.26104,
0,
30.30638,
4344.027,
1815.578,
2694.359,
0,
2973.284,
236.0166,
7.592582,
1.817088,
0,
273.2743,
137.215,
0,
338.1707,
8477.307,
5018.614,
6467.637,
0,
11578.85,
1566.095,
43.55171,
490.2877,
0,
28.64425,
22.5024,
1.587508,
792.2834,
26010.06,
446.8089,
14826.43,
0,
18965.42,
98.87624,
33.17033,
116.1156,
0,
1988.096,
17.60682,
0.1136314,
85.94108,
36578.58,
23939.91,
16007.5,
0,
2936.439,
2894.134,
4463.033,
361.8558,
0,
4146.61,
1909.602,
15.54999,
1428.641,
58103.28,
1972.672,
2545.281,
0,
1060.148,
897.4382,
67.21719,
761.4677,
0,
209.5585,
549.934,
8.71213,
221.5139,
8293.941,
75189.79,
34637.1,
0,
16310.08,
7201.651,
231.0696,
2317.247,
0,
9479.595,
4398.093,
1.241593,
8122.604,
157888.5,
6768.209,
9457.371,
0,
4093.536,
2175.112,
1244.96,
0,
0,
1082.845,
321.067,
70.1637,
1188.133,
26401.4,
2530.122,
5794.151,
0,
2690.934,
1480.639,
640.4336,
0,
0,
552.9864,
282.425,
166.9436,
400.3092,
14538.94,
2326.976,
4808.05,
0,
2065.333,
1298.771,
31.23339,
328.3551,
0,
516.9517,
630.9532,
111.8483,
263.5583,
12382.03,
1853.454,
2043.56,
0,
987.4817,
966.1032,
128.3091,
0,
0,
427.9098,
219.2889,
36.96748,
174.0858,
6837.16,
2567.419,
3586.494,
0,
3008.96,
534.4918,
2245.422,
248.4776,
0,
294.0364,
377.2485,
4.671944,
486.0143,
13353.24,
1306.26,
1317.213,
0,
264.877,
36.73292,
1170.071,
0,
0,
68.44856,
27.09534,
10.11736,
246.9532,
4447.769,
0,
0,
0,
0,
38017.22,
0,
0,
0,
0,
0,
0,
0,
38017.22,
143309.5,
181074.6,
0,
120889.3,
38017.22,
21700.58,
10649.01,
0,
29029.83,
17519.98,
698.3839,
22876.91,
585765.4,
2035, 
125.0517,
2464.77,
0,
3727.803,
354.9839,
110.0226,
139.9436,
0,
291.9275,
371.2611,
16.8491,
1264.264,
8866.877,
3599.147,
21721.72,
0,
23839.13,
3675.105,
561.4911,
2113.16,
0,
2660.406,
3303.214,
73.54063,
1121.678,
62668.59,
212.0344,
3929.769,
0,
3026.441,
421.3655,
137.3257,
72.30116,
0,
469.4443,
362.662,
30.55292,
110.8495,
8772.745,
318.2515,
1582.007,
0,
869.4241,
405.8738,
340.1339,
0.003431219,
0,
200.2288,
116.7219,
27.7504,
130.7981,
3991.193,
1039.364,
5177.189,
0,
758.9384,
3173.896,
389.8194,
17.72198,
0,
613.2083,
378.3692,
0.0003013565,
1880.337,
13428.84,
457.3179,
5301.427,
0,
1974.344,
1241.444,
495.738,
25.67302,
0,
856.5845,
167.222,
1.119699,
1023.751,
11544.62,
294.1992,
4370.205,
0,
5938.997,
744.8035,
17.13782,
118.5111,
0,
887.7454,
74.44338,
0,
182.0365,
12628.08,
208.0402,
3033.108,
0,
4138.284,
251.0159,
4707.183,
0,
0,
277.726,
198.4075,
0.004790885,
278.6778,
13092.45,
881.7721,
1695.984,
0,
361.9231,
453.1474,
2510.154,
0,
0,
83.78117,
103.4279,
82.77459,
256.005,
6428.969,
2406.526,
1297.795,
0,
125.9272,
135.3387,
181.669,
45.7749,
0,
155.4441,
211.7424,
10.7774,
8.317301,
4579.313,
1356.748,
16410.46,
0,
4585.382,
6211.301,
541.1592,
2304.115,
0,
3260.841,
3059.474,
25.37239,
2410.774,
40165.63,
1293.926,
3573.287,
0,
924.0657,
740.2737,
260.341,
361.5525,
0,
990.0756,
789.817,
0.4211257,
388.05,
9321.811,
2726.417,
2263.73,
0,
1678.438,
199.9648,
38.801,
148.0145,
0,
517.742,
221.8773,
26.89789,
308.139,
8130.021,
2068.708,
845.8694,
0,
729.4086,
173.0776,
75.40881,
359.735,
0,
104.0428,
17.0511,
0,
29.43809,
4402.74,
1822.522,
2607.839,
0,
2989.396,
210.9993,
9.328164,
1.515056,
0,
307.3016,
150.1098,
0.02297049,
338.4405,
8437.475,
5110.58,
6263.79,
0,
11184.5,
1661.095,
32.61892,
396.776,
0,
42.62061,
22.74561,
1.592709,
781.6548,
25497.97,
456.9021,
14803.55,
0,
19063.3,
102.7416,
19.7618,
116.394,
0,
2130.514,
18.34763,
0.1124909,
92.63273,
36804.26,
23531.52,
16450.51,
0,
2923.39,
2877.224,
4177.013,
355.7061,
0,
4768.273,
2181.252,
32.36518,
1432.216,
58729.47,
1702.477,
2305.147,
0,
999.047,
1025.718,
50.8924,
803.4731,
0,
268.1792,
576.0326,
9.224957,
231.8728,
7972.064,
74044.66,
33658.49,
0,
16216.43,
7883.896,
147.3792,
2320.59,
0,
10360.04,
4496.412,
1.277176,
8197.129,
157326.3,
6937.069,
9433.417,
0,
4007.694,
2232.565,
1114.081,
0,
0,
1225.967,
416.0932,
79.18574,
1196.297,
26642.37,
2345.511,
5841.457,
0,
2820.195,
1476.609,
604.2751,
0,
0,
597.5844,
349.8656,
179.9297,
408.6569,
14624.08,
2225.693,
4556.181,
0,
1983.508,
1359.968,
8.713651,
324.2416,
0,
515.6556,
644.3214,
127.9201,
269.5605,
12015.76,
1847.088,
1953.891,
0,
974.8147,
999.9401,
127.4884,
0,
0,
459.8897,
229.5685,
38.20913,
182.6118,
6813.502,
2774.817,
3608.795,
0,
2975.71,
572.2922,
2118.327,
257.9327,
0,
354.4091,
451.06,
8.393552,
529.6702,
13651.41,
1358.615,
1369.93,
0,
274.9307,
36.2915,
1096.256,
0,
0,
90.10014,
36.19285,
12.85304,
264.9017,
4540.07,
0,
0,
0,
0,
38620.93,
0,
0,
0,
0,
0,
0,
0,
38620.93,
141145,
176520.3,
0,
119091.4,
38620.93,
19872.52,
10283.13,
0,
32489.73,
18947.69,
787.1479,
23318.76,
581076.6,
2036, 
116.1992,
2316.52,
0,
3525.992,
348.8733,
103.8313,
122.9301,
0,
350.0441,
450.0728,
40.19006,
1187.32,
8561.973,
3189.085,
20415.2,
0,
23507.73,
3448.005,
542.5977,
1930.015,
0,
2990.241,
3259.012,
72.56663,
1311.136,
60665.59,
174.6391,
3846.865,
0,
3037.654,
454.2617,
115.0353,
72.84028,
0,
510.7215,
423.9358,
36.81577,
119.4772,
8792.245,
397.1477,
1513.575,
0,
839.6415,
405.0977,
312.0034,
0.001980433,
0,
235.2507,
124.4606,
28.77734,
131.6274,
3987.583,
1094.93,
5069.887,
0,
822.3481,
3123.525,
372.9557,
18.12903,
0,
670.3025,
481.9945,
0.0003991954,
1913.514,
13567.59,
449.3001,
5179.269,
0,
1927.994,
1295.933,
459.3271,
22.45815,
0,
959.6275,
188.1245,
1.14022,
1061.078,
11544.25,
260.0564,
4344.45,
0,
5986.42,
796.9098,
21.44613,
115.3575,
0,
1050.387,
86.0232,
1.70391,
228.1366,
12890.89,
194.4834,
3119.946,
0,
4430.108,
265.9684,
4350.933,
0,
0,
324.6693,
241.0678,
0.00428813,
288.5818,
13215.76,
1039.148,
1711.47,
0,
362.7576,
459.6812,
2335.471,
0,
0,
102.6962,
126.1587,
91.36909,
271.2868,
6500.039,
2428.686,
1316.812,
0,
128.8575,
141.7871,
171.412,
45.79957,
0,
170.4291,
210.7799,
14.52501,
8.134358,
4637.222,
1269.111,
15538.54,
0,
4237.644,
5993.765,
518.859,
2148.909,
0,
3404.031,
3625.543,
24.65396,
2358.698,
39119.75,
1092.634,
3415.22,
0,
851.7874,
723.4902,
234.8369,
327.2586,
0,
1117.797,
827.6746,
0.6439843,
388.4992,
8979.843,
2746.895,
2210.916,
0,
1596.163,
267.8527,
36.95664,
151.1586,
0,
569.2306,
235.8812,
27.74064,
312.7859,
8155.58,
2186.322,
827.1301,
0,
692.3972,
197.4102,
60.22434,
351.3961,
0,
133.4254,
17.01343,
0,
29.2813,
4494.6,
1823.678,
2516.034,
0,
2962.459,
190.1953,
10.44965,
1.212698,
0,
342.5049,
176.7105,
0.04594098,
338.6315,
8361.922,
5250.971,
6110.484,
0,
11099.83,
1683.531,
32.22771,
323.2368,
0,
62.32125,
23.05565,
1.592086,
771.0316,
25358.28,
447.0909,
14776.94,
0,
19165.92,
98.52043,
20.30861,
113.4959,
0,
2270.296,
54.67112,
0.1095173,
115.4427,
37062.79,
23189.42,
17128.15,
0,
2915.828,
2841.929,
3906.998,
354.267,
0,
5461.377,
2428.38,
50.33478,
1460.119,
59736.8,
1472.014,
2082.521,
0,
980.2674,
1187.951,
46.69435,
838.2648,
0,
283.947,
599.903,
9.64385,
242.5034,
7743.71,
73095.89,
33005.09,
0,
16089.43,
8022.427,
123.8109,
2313.572,
0,
11150.32,
4587.625,
1.309728,
8237.939,
156627.4,
7124.354,
9497.641,
0,
3934.593,
2249.194,
1001.937,
0,
0,
1345.267,
512.1026,
89.6673,
1214.932,
26969.69,
2137.369,
5880.505,
0,
2996.567,
1496.171,
563.1462,
0,
0,
647.8499,
424.0868,
210.1071,
433.336,
14789.14,
2135.65,
4323.896,
0,
1909.402,
1415.82,
9.127865,
317.3096,
0,
520.368,
663.1284,
140.8827,
276.025,
11711.61,
1825.606,
1894.549,
0,
969.6668,
985.7315,
126.5291,
0,
0,
493.0676,
250.2508,
39.28307,
193.4767,
6778.16,
2984.968,
3695.903,
0,
3002.576,
620.7446,
2007.999,
262.7167,
0,
441.0185,
527.7599,
13.10493,
573.3396,
14130.13,
1418.791,
1447.645,
0,
292.3966,
37.41359,
1031.125,
0,
0,
117.6284,
48.11043,
16.89783,
280.5784,
4690.586,
0,
0,
0,
0,
38752.19,
0,
0,
0,
0,
0,
0,
0,
38752.19,
139544.4,
173185.2,
0,
118266.4,
38752.19,
18516.24,
9830.33,
0,
35724.82,
20593.53,
913.1102,
23746.91,
579073.1,
2037, 
106.6198,
2172.499,
0,
3340.901,
370.3039,
95.46953,
106.5518,
0,
403.507,
522.2184,
81.09772,
1108.493,
8307.661,
2800.294,
19200.72,
0,
23165.68,
3243.677,
525.492,
1711.699,
0,
3404.141,
3265.443,
70.10909,
1472.271,
58859.53,
137.4573,
3771.085,
0,
3041.752,
499.6065,
94.35559,
73.09529,
0,
560.9244,
473.4994,
46.21096,
126.7004,
8824.688,
478.5616,
1436.466,
0,
833.8098,
433.3689,
291.7159,
0.0009760023,
0,
272.2392,
129.515,
30.73111,
135.0635,
4041.472,
1147.018,
4976.044,
0,
903.8126,
2978.869,
357.2121,
16.61684,
0,
716.9879,
644.1348,
0.0004856614,
1911.094,
13651.79,
438.0306,
5038.338,
0,
1872.383,
1359.783,
426.7655,
18.96189,
0,
1118.125,
214.0049,
1.715023,
1061.76,
11549.87,
231.8859,
4308.397,
0,
6053.713,
828.5618,
31.44183,
109.7265,
0,
1125.569,
157.6594,
7.42146,
270.582,
13124.96,
178.9272,
3206.259,
0,
4693.912,
278.6436,
4009.87,
0,
0,
375.3728,
285.3729,
0.004638813,
306.3954,
13334.76,
1170.911,
1728.975,
0,
342.3166,
469.9816,
2173.682,
0,
0,
126.834,
157.5022,
100.9872,
284.5881,
6555.778,
2413.898,
1331.414,
0,
133.8059,
147.8771,
164.6926,
45.82424,
0,
186.3703,
210.5026,
24.50314,
7.985641,
4666.874,
1203.384,
14742.12,
0,
3981.187,
5566.178,
498.4196,
1861.828,
0,
3491.183,
4162.458,
24.56817,
2372.202,
37903.52,
958.2884,
3281.719,
0,
817.544,
761.9319,
206.1617,
282.8419,
0,
1253.303,
876.8325,
0.8659245,
376.7672,
8816.256,
2742.561,
2142.626,
0,
1527.392,
337.8374,
35.50364,
155.7273,
0,
629.4971,
248.7345,
28.97419,
322.5548,
8171.408,
2206.414,
811.8837,
0,
690.8227,
214.7345,
51.006,
340.7461,
0,
176.476,
17.39513,
0,
29.30914,
4538.788,
1725.54,
2435.446,
0,
2949.647,
177.2247,
11.51406,
0.9100131,
0,
390.2529,
218.4338,
0.06891148,
338.7284,
8247.766,
5221.642,
5939.833,
0,
10982.46,
1657.965,
30.62504,
251.214,
0,
85.57664,
23.16867,
1.570884,
760.2278,
24954.29,
436.8729,
14687.04,
0,
19146.34,
81.38598,
20.94622,
110.8794,
0,
2418.541,
174.2561,
0.1070666,
135.0768,
37211.45,
22697.88,
17792.35,
0,
2892.8,
2826.005,
3633.931,
352.5353,
0,
6243.377,
2661.131,
61.10991,
1483.406,
60644.54,
1248.333,
1959.693,
0,
1006.787,
1254.158,
44.69094,
857.651,
0,
289.6617,
619.2544,
9.990603,
249.5229,
7539.742,
72122.07,
32367.31,
0,
15933.94,
8256.931,
102.2355,
2299.938,
0,
11975.44,
4676.732,
1.328061,
8253.846,
155989.8,
7242.819,
9541.57,
0,
3848.637,
2289.048,
901.7684,
0,
0,
1511.645,
604.0802,
94.62276,
1227.193,
27261.38,
1862.747,
5834.088,
0,
3219.648,
1483.658,
517.256,
0,
0,
705.6224,
512.6996,
239.586,
477.5128,
14852.82,
2051.111,
4132.599,
0,
1853.718,
1387.58,
9.596815,
305.7474,
0,
524.2725,
681.8146,
145.5749,
281.4975,
11373.51,
1791.887,
1830.839,
0,
968.1356,
969.6598,
125.7344,
0,
0,
524.0048,
282.7611,
39.64865,
203.6412,
6736.312,
3123.423,
3790.782,
0,
3031.829,
662.3079,
1906.86,
266.2969,
0,
557.279,
595.8721,
17.04432,
617.5986,
14569.29,
1432.503,
1516.47,
0,
312.5447,
40.35942,
972.0963,
0,
0,
155.5548,
63.76677,
22.8718,
287.9856,
4804.153,
0,
0,
0,
0,
38577.64,
0,
0,
0,
0,
0,
0,
0,
38577.64,
137171.1,
169976.6,
0,
117545.5,
38577.64,
17239.04,
9168.792,
0,
39221.76,
22479.24,
1050.713,
24102,
576532.4,
2038, 
103.7806,
2035.37,
0,
3155.235,
397.9829,
89.00319,
91.60535,
0,
439.4511,
610.4953,
117.3483,
1036.812,
8077.083,
2439.884,
18330.14,
0,
22706.72,
3045.858,
520.0267,
1509.576,
0,
3845.2,
3367.513,
68.36035,
1608.172,
57441.45,
110.2071,
3715.796,
0,
3021.651,
548.5333,
76.27827,
73.02557,
0,
616.0483,
523.0293,
59.16096,
133.949,
8877.679,
549.6901,
1358.301,
0,
813.0374,
466.7498,
278.1209,
0.0003174429,
0,
319.1062,
136.5648,
33.27721,
137.3297,
4092.177,
1196.739,
4892.534,
0,
1010.084,
2786.638,
338.9691,
14.23327,
0,
770.8189,
746.6926,
0.0005029545,
1967.547,
13724.26,
445.6006,
4900.096,
0,
1796.87,
1385.07,
402.9732,
15.25362,
0,
1228.49,
271.8393,
7.505326,
1073.663,
11527.36,
200.3452,
4285.613,
0,
6007.508,
839.3051,
46.25413,
103.3352,
0,
1220.181,
281.5247,
16.27688,
306.1105,
13306.45,
171.0599,
3285.585,
0,
4929.978,
300.3071,
3671.375,
0,
0,
438.5009,
327.1006,
0.004269843,
327.8434,
13451.75,
1244.615,
1749.039,
0,
320.3953,
491.7555,
2024.114,
0,
0,
162.4593,
195.32,
111.3918,
293.9754,
6593.066,
2362.238,
1341.885,
0,
140.1683,
155.8912,
162.3058,
45.84891,
0,
203.4858,
212.0248,
41.90892,
7.843968,
4673.601,
1150.477,
13933.22,
0,
3733.197,
5424.428,
474.611,
1566.765,
0,
3553.491,
4734.444,
24.49322,
2378.375,
36973.5,
882.3992,
3123.224,
0,
789.7166,
827.8611,
178.6884,
246.9847,
0,
1356.707,
928.671,
0.9882946,
363.3075,
8698.548,
2713.857,
2026.572,
0,
1500.683,
497.6928,
34.29202,
159.6586,
0,
681.4548,
264.1852,
30.27867,
334.8794,
8243.554,
2174.87,
797.3871,
0,
710.1736,
210.0126,
41.70811,
327.7813,
0,
213.1071,
21.92344,
0,
29.63487,
4526.598,
1568.368,
2367.474,
0,
2964.913,
168.3651,
12.38062,
0.607002,
0,
423.5578,
280.4926,
0.09188196,
339.0375,
8125.287,
4986.884,
5775.571,
0,
10815.14,
1567.16,
29.54533,
201.2041,
0,
109.2832,
23.41731,
1.563707,
749.425,
24259.2,
426.5145,
14557.26,
0,
18943.5,
81.56965,
21.56878,
109.2253,
0,
2584.689,
372.2967,
0.1058465,
156.3106,
37253.04,
22201.7,
18436.23,
0,
2839.323,
2817.859,
3432.702,
351.4072,
0,
7145,
2807.919,
65.98907,
1503.894,
61602.02,
1062.9,
1837.318,
0,
1080.419,
1406.831,
42.49589,
873.3663,
0,
294.8538,
637.4385,
10.32442,
256.1726,
7502.12,
70854.77,
31631.48,
0,
15869.94,
8539.334,
83.54275,
2279.616,
0,
12819.94,
4759.861,
1.335683,
8248.249,
155088.1,
7261.012,
9570.883,
0,
3750.005,
2349.01,
810.7236,
0,
0,
1726.439,
692.8395,
99.34449,
1232.43,
27492.69,
1597.651,
5759.831,
0,
3517.053,
1490.464,
477.693,
0,
0,
794.7442,
558.8102,
261.5296,
522.7621,
14980.54,
1953.257,
3923.281,
0,
1794.833,
1389.285,
10.23292,
291.758,
0,
530.9264,
704.1167,
151.4596,
282.5166,
11031.67,
1779.626,
1762.073,
0,
969.7127,
947.3651,
124.8174,
0,
0,
549.9184,
319.3253,
38.87549,
210.5183,
6702.232,
3216.709,
3905.524,
0,
3108.806,
701.9252,
1804.783,
268.0746,
0,
662.978,
669.4017,
20.58839,
667.851,
15026.64,
1385.404,
1581.872,
0,
336.4327,
47.14809,
921.8726,
0,
0,
201.5518,
84.80083,
31.82488,
295.8968,
4886.803,
0,
0,
0,
0,
38884.4,
0,
0,
0,
0,
0,
0,
0,
38884.4,
134040.6,
166883.6,
0,
116625.5,
38884.4,
16111.08,
8529.327,
0,
42892.39,
24532.05,
1194.028,
24464.51,
574157.4,
2039, 
104.4795,
1897.355,
0,
2982.431,
423.5792,
84.98358,
78.5594,
0,
480.2446,
677.2061,
157.5963,
979.0071,
7865.442,
2117.072,
17504.91,
0,
22330.71,
2826.788,
505.0762,
1312.082,
0,
4364.637,
3553.347,
66.8071,
1641.044,
56222.48,
90.79241,
3668.731,
0,
2948.431,
574.8556,
61.67017,
72.93079,
0,
705.2833,
556.0326,
69.28304,
138.0336,
8886.044,
601.2634,
1287.455,
0,
789.6454,
516.8936,
268.1188,
1.425865e-07,
0,
370.3905,
150.6319,
37.96353,
139.7413,
4162.104,
1234.203,
4783.783,
0,
1112.595,
2622.785,
322.8036,
11.66628,
0,
844.2452,
869.7712,
0.0004856273,
2008.977,
13810.83,
452.2351,
4763.004,
0,
1724.223,
1420.9,
380.0246,
11.7547,
0,
1323.648,
339.2195,
22.76865,
1091.914,
11529.69,
182.2017,
4293.083,
0,
5918.251,
848.7598,
66.18829,
99.19753,
0,
1334.489,
449.9262,
28.23406,
293.3367,
13513.67,
166.682,
3341.842,
0,
5170.365,
362.2448,
3330.502,
0,
0,
513.8333,
363.1673,
0.004728161,
354.847,
13603.49,
1283.611,
1762.774,
0,
297.8251,
533.4879,
1887.182,
0,
0,
205.6392,
236.6235,
122.2459,
303.8348,
6633.223,
2333.822,
1344.548,
0,
149.7502,
175.1581,
158.1517,
45.05218,
0,
201.5631,
215.7548,
66.92429,
7.705877,
4698.431,
1097.713,
13099.41,
0,
3429.1,
5390.677,
452.3295,
1306.398,
0,
3651.126,
5280.523,
24.54591,
2363.228,
36095.05,
800.3679,
2916.125,
0,
758.3016,
935.7888,
152.288,
217.3581,
0,
1455.013,
984.392,
1.01503,
344.4262,
8565.074,
2666.529,
1903.569,
0,
1494.228,
647.2645,
33.50959,
162.9077,
0,
735.3545,
286.6201,
31.5771,
346.4593,
8308.019,
2201.589,
777.4026,
0,
729.5774,
210.6011,
33.74298,
312.4978,
0,
232.9659,
34.63361,
0,
30.04264,
4563.053,
1437.978,
2315.371,
0,
2946.231,
173.5864,
13.38707,
0.2991752,
0,
474.7313,
333.8359,
0.1132765,
334.8186,
8030.352,
4804.579,
5591.107,
0,
10778.29,
1539.643,
29.05455,
163.7023,
0,
132.795,
23.66594,
1.426633,
738.5674,
23802.83,
423.2225,
14465.74,
0,
18693.71,
78.03526,
22.81512,
108.3261,
0,
2716.765,
615.8148,
0.1046403,
174.8349,
37299.36,
21610.46,
19088.74,
0,
2760.487,
2788.751,
3226.835,
349.7509,
0,
8176.159,
2964.731,
68.78503,
1515.257,
62549.95,
927.4758,
1725.064,
0,
1181.246,
1540.723,
40.07328,
879.87,
0,
298.3807,
655.0866,
10.56634,
261.9391,
7520.425,
69164.69,
30690.46,
0,
16199.56,
8846.038,
67.72713,
2255.746,
0,
13704.14,
4765.722,
1.330568,
8229.023,
153924.4,
7237.006,
9569.936,
0,
3663.194,
2420.954,
727.5076,
0,
0,
1995.515,
726.5141,
101.9436,
1243.184,
27685.75,
1352.749,
5705.327,
0,
3759.172,
1462.127,
438.8176,
0,
0,
911.0488,
606.5706,
274.2314,
551.6221,
15061.67,
1862.526,
3707.788,
0,
1744.876,
1413.067,
10.72093,
275.238,
0,
540.053,
727.5471,
158.1154,
285.1505,
10725.08,
1747.825,
1688.633,
0,
964.9093,
919.8813,
123.0074,
0,
0,
573.657,
378.073,
39.14067,
209.6343,
6644.76,
3337.611,
4021.227,
0,
3155.896,
744.5083,
1705.027,
269.9275,
0,
766.733,
730.8834,
22.88016,
722.037,
15476.73,
1295.625,
1648.859,
0,
360.0952,
56.53536,
874.7366,
0,
0,
252.7601,
112.9017,
42.48985,
302.8934,
4946.896,
0,
0,
0,
0,
39473.63,
0,
0,
0,
0,
0,
0,
0,
39473.63,
130534.3,
163562.2,
0,
116043.1,
39473.63,
15016.28,
7933.264,
0,
46961.17,
26639.2,
1350.094,
24611.56,
572124.8,
2040, 
104.2627,
1750.929,
0,
2851.575,
450.2192,
81.06207,
66.15202,
0,
510.2734,
752.9514,
202.7833,
917.6171,
7687.826,
1812.129,
16598.43,
0,
22075.75,
2634.288,
492.7078,
1119.294,
0,
4808.583,
3847.43,
65.48898,
1690.79,
55144.89,
75.16801,
3619.472,
0,
2873.105,
601.0277,
50.09007,
72.84817,
0,
812.7435,
581.435,
77.35304,
139.0385,
8902.281,
629.7762,
1216.842,
0,
746.2626,
536.7783,
260.3455,
1.398363e-07,
0,
424.7103,
172.8675,
44.29843,
142.6368,
4174.518,
1264.539,
4653.606,
0,
1167.481,
2444.009,
308.9952,
9.153113,
0,
927.0072,
1005.773,
0.0005045608,
2088.292,
13868.86,
461.319,
4585.003,
0,
1638.416,
1435.028,
359.7427,
9.065578,
0,
1422.927,
447.1247,
56.02325,
1087.588,
11502.24,
164.3757,
4333.277,
0,
5707.037,
869.0493,
91.01973,
96.28843,
0,
1442.143,
653.7029,
37.40932,
286.1802,
13680.48,
163.6247,
3364.131,
0,
5436.041,
439.5037,
2981.028,
0,
0,
602.5972,
393.6551,
0.004433831,
389.7184,
13770.3,
1303.635,
1754.126,
0,
272.6888,
590.7001,
1760.05,
0,
0,
268.0016,
276.2087,
134.4318,
317.0337,
6676.875,
2280.663,
1335.203,
0,
162.9918,
200.4493,
154.3109,
44.75602,
0,
207.4215,
220.492,
97.93052,
7.513969,
4711.733,
1043.989,
12212.33,
0,
3202.056,
5463.927,
429.8279,
1105.231,
0,
3761.978,
5941.441,
24.55309,
2280.877,
35466.21,
708.4096,
2690.659,
0,
734.2326,
1068.485,
129.4368,
195.6385,
0,
1540.819,
1064.973,
1.087337,
331.5347,
8465.275,
2647.927,
1798.613,
0,
1489.471,
766.2181,
32.80671,
167.2524,
0,
795.8287,
299.2815,
33.30935,
360.2613,
8390.97,
2204.102,
750.2189,
0,
744.478,
214.585,
27.85527,
294.8921,
0,
260.3807,
56.47566,
0,
30.54751,
4583.535,
1384.935,
2246.692,
0,
2882.246,
186.2071,
14.37383,
0,
0,
535.305,
387.3116,
0.1104,
325.9245,
7963.106,
4595.116,
5369.495,
0,
10916.34,
1527.077,
28.208,
133.6687,
0,
157.8344,
23.02703,
1.307541,
727.7371,
23479.81,
421.7595,
14420.74,
0,
18555.57,
73.74163,
23.98612,
108.6357,
0,
2821.295,
868.9495,
0.1042351,
192.2138,
37487,
21027.14,
19694.11,
0,
2672.289,
2767.543,
3014.723,
348.019,
0,
9262.931,
3120.279,
70.28741,
1523.835,
63501.16,
826.8793,
1619.302,
0,
1237.021,
1634.932,
37.18481,
870.918,
0,
295.155,
671.1717,
10.62274,
277.1744,
7480.361,
67220.52,
29475.31,
0,
16815.28,
9144.357,
54.66187,
2233.379,
0,
14680.95,
4763.587,
1.327516,
8240.417,
152629.8,
7181.069,
9487.354,
0,
3582.294,
2489.869,
650.1799,
0,
0,
2290.156,
809.7378,
104.7351,
1253.919,
27849.31,
1155.002,
5682.692,
0,
4059.874,
1436.363,
403.6113,
0,
0,
1023.267,
650.3035,
277.5984,
577.8572,
15266.57,
1779.202,
3486.509,
0,
1714.825,
1457.09,
11.25122,
254.5979,
0,
547.7396,
749.9202,
164.6192,
288.1238,
10453.88,
1708.3,
1614.5,
0,
954.1053,
868.52,
121.4329,
0,
0,
597.3043,
449.3362,
40.0149,
210.253,
6563.767,
3402.826,
4115.854,
0,
3189.333,
785.3203,
1611.331,
271.1823,
0,
870.7625,
853.769,
25.09209,
766.5905,
15892.06,
1270.396,
1698.828,
0,
374.1038,
71.75401,
833.181,
0,
0,
305.4977,
139.8723,
52.01103,
298.804,
5044.447,
0,
0,
0,
0,
40157.04,
0,
0,
0,
0,
0,
0,
0,
40157.04,
126837.1,
159574.2,
0,
116054.9,
40157.04,
13963.4,
7400.972,
0,
51173.61,
29201.08,
1522.504,
24752.48,
570637.3,
2041, 
103.3686,
1629.676,
0,
2756.691,
476.8617,
76.55817,
55.34044,
0,
539.3544,
816.9902,
247.051,
863.5269,
7565.419,
1585.688,
15783.76,
0,
22066.1,
2502.085,
485.9079,
1036.936,
0,
5597.63,
4459.611,
67.04842,
1750.173,
55334.94,
70.87876,
3584.312,
0,
2820.137,
632.7129,
43.37989,
73.45921,
0,
943.9022,
597.822,
82.46507,
138.3543,
8987.424,
645.0454,
1158.287,
0,
707.228,
554.0463,
256.9794,
1.377552e-07,
0,
483.3108,
203.8679,
52.54669,
147.2524,
4208.564,
1308.729,
4534.711,
0,
1221.332,
2282.141,
299.3546,
6.815759,
0,
1007.096,
1150.685,
0.0004856601,
2235.743,
14046.61,
465.9056,
4415.658,
0,
1560.487,
1441.499,
340.3877,
6.443197,
0,
1512.949,
606.2782,
128.8538,
1073.337,
11551.8,
146.1304,
4415.742,
0,
5574.434,
946.7141,
114.6886,
97.66232,
0,
1551.808,
864.3286,
37.93361,
292.1488,
14041.59,
164.5378,
3425.955,
0,
5765.319,
473.9929,
2654.271,
0,
0,
713.569,
423.8599,
0.004998453,
434.5444,
14056.05,
1415.342,
1769.382,
0,
266.8134,
632.009,
1667.166,
0,
0,
327.7972,
308.4103,
134.8933,
330.7516,
6852.564,
2224.526,
1334.329,
0,
180.0468,
209.8591,
150.5005,
44.84439,
0,
223.9196,
230.616,
132.2573,
7.375978,
4738.275,
1046.459,
11459.38,
0,
3133.932,
5680.852,
422.0104,
974.4114,
0,
3933.321,
6731.312,
25.17318,
2256.171,
35663.03,
700.087,
2493.573,
0,
722.6678,
1166.48,
113.4129,
180.5504,
0,
1640.944,
1167.635,
1.161155,
326.292,
8512.805,
2671.104,
1696.316,
0,
1479.207,
844.774,
33.34686,
169.5708,
0,
865.2308,
307.3299,
34.8509,
371.2018,
8472.933,
2153.654,
721.7943,
0,
756.9601,
217.5667,
24.23914,
274.9603,
0,
292.3767,
86.26968,
0,
30.44112,
4558.262,
1324.722,
2182.5,
0,
2823.285,
196.5609,
15.29316,
0,
0,
612.531,
437.1276,
0.1092887,
320.284,
7912.413,
4371.048,
5169.706,
0,
11198.22,
1474.214,
27.0638,
113.2111,
0,
181.7277,
21.5587,
1.184441,
716.8585,
23274.8,
417.7816,
14404.59,
0,
18395.02,
70.25686,
25.00636,
111.5451,
0,
2947.936,
1149.465,
0.1064549,
197.9529,
37719.66,
20541.75,
20297.47,
0,
2608.618,
2730.446,
2825.822,
345.9669,
0,
10459.11,
3246.897,
72.19006,
1533.2,
64661.47,
896.0075,
1519.176,
0,
1278.07,
1686.094,
34.35868,
883.8113,
0,
294.1306,
680.3862,
10.66697,
279.6947,
7562.396,
64854.2,
28318.84,
0,
17359.14,
9370.391,
43.26482,
2220.747,
0,
15711.9,
4881.756,
1.327074,
8273.661,
151035.2,
7098.07,
9374.285,
0,
3551.939,
2564.365,
586.7422,
0,
0,
2639.159,
904.6935,
108.2858,
1265.98,
28093.52,
1248.829,
5731.34,
0,
4069.315,
1399.041,
366.4603,
0,
0,
1148.553,
709.6004,
281.366,
605.2979,
15559.8,
1884.304,
3285.941,
0,
1684.657,
1507.088,
11.86002,
277.4525,
0,
574.8132,
801.6706,
176.6531,
303.571,
10508.01,
1680.192,
1545.957,
0,
941.7048,
819.3547,
119.8382,
0,
0,
624.6842,
520.8196,
41.22059,
210.4245,
6504.195,
3429.5,
4242.724,
0,
3245.018,
824.8787,
1538.037,
272.1951,
0,
1015.723,
1006.018,
26.1269,
815.9655,
16416.19,
1247.892,
1772.711,
0,
390.7155,
81.67291,
804.1125,
0,
0,
371.0168,
167.3224,
60.72794,
297.3536,
5193.524,
0,
0,
0,
0,
40785.96,
0,
0,
0,
0,
0,
0,
0,
40785.96,
123695.8,
156268.1,
0,
116557.1,
40785.96,
13080.06,
7145.923,
0,
56214.49,
32482.33,
1724.204,
25077.56,
573031.5,
2042, 
103.281,
1512.523,
0,
2707.011,
503.6097,
70.12997,
44.58525,
0,
568.7902,
884.4606,
284.6714,
801.014,
7480.076,
1413.539,
15071.84,
0,
21737.49,
2392.433,
470.484,
902.0583,
0,
5939.999,
4874.131,
65.16225,
1726.033,
54593.17,
69.22765,
3568.778,
0,
2695.799,
654.4354,
40.58386,
74.44753,
0,
1089.031,
620.2502,
90.04758,
137.91,
9040.511,
640.5972,
1111.089,
0,
662.525,
570.3198,
255.2885,
1.331376e-07,
0,
541.2637,
239.2606,
62.03241,
150.2961,
4232.672,
1388.896,
4416.945,
0,
1266.069,
2123.765,
298.3485,
5.672616,
0,
1098.594,
1269.089,
0.0005045608,
2390.449,
14257.83,
469.7192,
4240.67,
0,
1468.975,
1445.826,
327.336,
3.898223,
0,
1560.114,
801.6113,
209.7393,
1063.559,
11591.45,
129.6733,
4503.717,
0,
5464.382,
976.6644,
136.0711,
99.78262,
0,
1664.016,
1058.119,
41.42476,
301.1634,
14375.01,
165.5241,
3476.176,
0,
6105.254,
507.9959,
2337.991,
0,
0,
823.5388,
451.362,
0.004706644,
477.7615,
14345.61,
1479.721,
1780.398,
0,
269.0496,
673.5491,
1600.209,
0,
0,
413.0171,
322.8242,
141.2617,
340.0156,
7020.044,
2164.318,
1326.666,
0,
199.6803,
217.7139,
146.9164,
44.80696,
0,
240.1591,
243.3256,
165.5333,
7.208681,
4756.328,
1033.131,
10781.97,
0,
3206.436,
6047.804,
403.5274,
829.8231,
0,
3999.705,
7334.378,
25.28678,
2158.489,
35820.55,
721.1686,
2341.923,
0,
737.387,
1251.174,
96.69378,
161.9565,
0,
1703.547,
1241.19,
1.213473,
308.8744,
8565.128,
2705.815,
1585.054,
0,
1485.723,
941.6846,
33.73161,
169.636,
0,
924.4703,
314.1215,
36.03134,
378.5199,
8574.787,
2082.345,
692.3237,
0,
763.5631,
230.2171,
21.19438,
252.6987,
0,
328.6664,
121.6544,
0,
30.14764,
4522.811,
1267.902,
2113.996,
0,
2737.703,
219.2988,
15.276,
0,
0,
692.9183,
492.0994,
0.1085572,
314.1796,
7853.482,
4172.953,
4962.902,
0,
11520.39,
1416.606,
26.52328,
99.01159,
0,
204.3165,
20.16665,
1.083064,
706.2417,
23130.19,
416.0007,
14442.52,
0,
18161.85,
68.74097,
26.41836,
115.6622,
0,
3074.674,
1379.905,
0.109553,
206.5192,
37892.4,
19991.01,
20799.93,
0,
2527.332,
2687.135,
2646.145,
343.1653,
0,
11953.33,
3394.617,
74.02027,
1541.795,
65958.48,
943.8387,
1421.889,
0,
1287.806,
1781.039,
31.92422,
867.9403,
0,
297.1966,
693.2046,
10.72482,
279.2899,
7614.853,
61936.72,
27110.08,
0,
17993.13,
9621.967,
33.25885,
2194.946,
0,
16623.92,
5173.013,
1.322823,
8252.81,
148941.2,
6954.972,
9234.634,
0,
3548.581,
2652.95,
532.9484,
0,
0,
2990.112,
988.1777,
111.0795,
1280.772,
28294.23,
1293.948,
5915.191,
0,
3932.502,
1365.693,
326.3137,
0,
0,
1312.152,
783.1871,
291.6626,
634.292,
15854.94,
1957.028,
3075.856,
0,
1606.599,
1553.294,
12.14972,
287.0925,
0,
572.1693,
816.022,
179.1637,
303.6179,
10362.99,
1653.96,
1480.861,
0,
928.6666,
770.1868,
118.4938,
0,
0,
655.4146,
583.8254,
42.36018,
210.6837,
6444.452,
3397.665,
4349.242,
0,
3286.768,
864.4611,
1469.197,
271.8403,
0,
1132.124,
1207.821,
26.92285,
864.2325,
16870.27,
1202.953,
1842.636,
0,
403.8858,
94.90107,
780.2881,
0,
0,
449.1426,
193.6777,
67.64099,
293.5594,
5328.685,
0,
0,
0,
0,
41633.46,
0,
0,
0,
0,
0,
0,
0,
41633.46,
119755.9,
153159.8,
0,
116704.6,
41633.46,
12257.44,
6769.024,
0,
60852.39,
35501.49,
1928.608,
25159.43,
573722.1,
2043, 
104.7461,
1406.342,
0,
2690.529,
532.2899,
64.35431,
35.53293,
0,
596.6277,
947.7421,
317.4198,
735.4548,
7431.039,
1284.831,
14368.48,
0,
21311.49,
2328.481,
451.1425,
767.8659,
0,
6217.146,
5402.242,
62.08149,
1675.65,
53869.41,
70.22477,
3551.244,
0,
2551.475,
661.1454,
39.90681,
74.31929,
0,
1222.93,
659.3656,
101.5732,
137.6541,
9069.839,
635.5535,
1067.305,
0,
620.8152,
586.661,
252.0296,
1.272158e-07,
0,
586.9997,
285.0839,
73.81532,
150.3496,
4258.612,
1513.415,
4262.967,
0,
1290.118,
2049.134,
302.309,
5.038292,
0,
1228.465,
1336.881,
0.0005045607,
2537.079,
14525.41,
474.5033,
4060.304,
0,
1392.893,
1484.49,
310.1946,
2.129193,
0,
1614.845,
971.1387,
282.8523,
1075.202,
11668.55,
115.6144,
4594.082,
0,
5432.634,
984.9708,
153.1122,
102.8989,
0,
1782.457,
1189.897,
44.54326,
312.5218,
14712.73,
167.7677,
3514.06,
0,
6399.065,
544.6127,
2041.632,
0,
0,
951.1606,
479.1021,
0.005220365,
523.8749,
14621.28,
1504.482,
1788.965,
0,
284.2775,
719.4632,
1549.832,
0,
0,
497.8887,
335.6402,
148.5815,
360.1161,
7189.247,
2090.383,
1312.371,
0,
224.6432,
224.1839,
140.4425,
44.57401,
0,
259.6536,
259.8466,
196.0935,
7.007807,
4759.199,
1017.274,
10081,
0,
3344.659,
6422.154,
384.8403,
710.9474,
0,
4053.076,
7830.565,
25.53281,
2077.488,
35947.54,
770.8547,
2192.574,
0,
762.9892,
1357.758,
84.09495,
143.2738,
0,
1759.381,
1303.048,
1.255173,
286.3352,
8661.563,
2724.633,
1468.591,
0,
1489.826,
1033.397,
33.85767,
168.6688,
0,
994.0825,
315.7663,
37.02368,
381.3776,
8647.223,
2018.329,
664.3209,
0,
769.4162,
242.9388,
18.99169,
228.1037,
0,
365.6059,
151.7714,
0,
29.60062,
4489.078,
1214.952,
2024.278,
0,
2654.128,
246.4309,
15.1811,
0,
0,
775.6898,
537.7621,
0.108125,
307.0344,
7775.565,
4028.685,
4738.289,
0,
11774.29,
1377.76,
25.30843,
87.27409,
0,
233.7677,
18.85606,
1.009732,
696.054,
22981.29,
412.2306,
14512.02,
0,
17939.33,
64.29556,
27.55497,
119.9797,
0,
3190.39,
1571.382,
0.1122905,
214.7279,
38052.02,
19539.85,
21172.4,
0,
2467.265,
2643.712,
2462.685,
342.8655,
0,
13205.8,
3556.929,
76.12017,
1560.993,
67028.62,
947.4855,
1329.679,
0,
1297.366,
1903.363,
29.11665,
874.0179,
0,
296.495,
702.1462,
10.65084,
265.392,
7655.712,
58646.13,
25925.51,
0,
18591.88,
9844.074,
24.72966,
2159.424,
0,
17405.41,
5754.586,
1.315428,
8216.804,
146569.9,
6745.781,
9070.568,
0,
3555.948,
2732.909,
480.008,
0,
0,
3376.101,
1070.982,
113.4817,
1291.694,
28437.47,
1382.672,
6079.232,
0,
3573.848,
1278.295,
292.9547,
0,
0,
1504.309,
887.103,
305.1404,
664.5221,
15968.08,
2028.979,
2883.04,
0,
1533.629,
1590.02,
12.70057,
296.1724,
0,
568.2114,
827.8228,
181.2283,
302.8435,
10224.65,
1616.021,
1416.005,
0,
921.3436,
725.1791,
116.2076,
0,
0,
691.6088,
640.8601,
43.62,
211.4812,
6382.326,
3282.849,
4440.477,
0,
3317.822,
896.8604,
1400.635,
268.614,
0,
1275.717,
1442.871,
27.09669,
894.4572,
17247.4,
1139.898,
1905.355,
0,
418.4732,
111.0292,
756.9719,
0,
0,
533.8984,
224.3639,
75.15172,
290.214,
5455.355,
0,
0,
0,
0,
42585.61,
0,
0,
0,
0,
0,
0,
0,
42585.61,
115478.1,
149829.5,
0,
116610.1,
42585.61,
11470.79,
6431.7,
0,
65187.72,
38703.75,
2125.813,
25205.93,
573629.1,
2044, 
102.3222,
1305.554,
0,
2675.5,
569.288,
59.85786,
27.62575,
0,
626.7054,
1011.42,
346.166,
669.0594,
7393.499,
1193.739,
13687.4,
0,
20614.9,
2321.326,
437.5877,
645.3359,
0,
6502.905,
6106.21,
59.38159,
1604.985,
53173.78,
71.85306,
3520.703,
0,
2402.368,
662.4575,
39.84731,
73.72062,
0,
1357.277,
701.1937,
113.1562,
138.2241,
9080.8,
632.7999,
1022.377,
0,
593.4215,
608.4259,
249.5514,
1.208027e-07,
0,
622.1331,
322.726,
90.4393,
152.4735,
4294.347,
1662.123,
4153.559,
0,
1293.432,
1903.698,
309.3047,
4.575696,
0,
1388.982,
1450.522,
0.0005045606,
2594.513,
14760.71,
480.2378,
3869.454,
0,
1321.461,
1488.916,
293.7228,
0.821696,
0,
1684.213,
1144.514,
356.7617,
1072.002,
11712.1,
103.9458,
4682.459,
0,
5485.452,
993.5927,
165.0685,
105.5781,
0,
1889.69,
1281.371,
47.9543,
323.038,
15078.15,
169.2997,
3540.178,
0,
6634.144,
583.2097,
1766.325,
0,
0,
1095.465,
511.7738,
0.004842966,
573.0171,
14873.42,
1446.232,
1794.554,
0,
308.6595,
755.2617,
1512.941,
0,
0,
637.8654,
340.3045,
153.2752,
382.0824,
7331.176,
2013.03,
1293.772,
0,
251.6199,
229.3208,
134.1762,
44.52353,
0,
280.7108,
281.1544,
223.4022,
6.790869,
4758.501,
997.3369,
9377.46,
0,
3463.806,
6661.16,
366.0446,
611.4063,
0,
4097.136,
8241.126,
25.5545,
2021.51,
35862.54,
777.0032,
2088.294,
0,
801.1348,
1452.42,
73.67719,
124.5133,
0,
1814.005,
1348.148,
1.286131,
263.9331,
8744.414,
2740.385,
1401.59,
0,
1497.326,
1065.747,
34.48419,
167.7443,
0,
1059.248,
313.8365,
37.97193,
383.8186,
8702.151,
1971.17,
634.6978,
0,
770.8375,
261.5454,
17.55297,
200.9184,
0,
400.8161,
182.5822,
0,
28.94495,
4469.065,
1175.01,
1915.241,
0,
2632.821,
279.4502,
15.26878,
0,
0,
861.7796,
582.7406,
0.1078888,
298.3064,
7760.726,
3942.375,
4517.547,
0,
11874.81,
1356.877,
24.36029,
76.47455,
0,
280.1465,
17.25094,
0.8845778,
709.4789,
22800.2,
406.6741,
14583.7,
0,
17636.83,
59.87228,
28.46776,
124.8923,
0,
3378.531,
1733.615,
0.1163529,
224.0975,
38176.8,
18996.98,
21480.63,
0,
2463.691,
2604.919,
2251.436,
340.5458,
0,
14237.87,
3908.905,
77.64529,
1574.232,
67936.86,
901.4739,
1221.031,
0,
1330.31,
1992.274,
27.26338,
877.3163,
0,
291.6371,
723.5696,
10.44571,
260.9025,
7636.223,
55319.63,
24792.36,
0,
19157.73,
9986,
17.85142,
2116.287,
0,
18052.68,
6589.552,
1.316403,
8181.679,
144215.1,
6431.031,
8887.994,
0,
3580.543,
2770.307,
433.8195,
0,
0,
3684.274,
1268.468,
117.7243,
1303.948,
28478.11,
1494.279,
6205.406,
0,
3127.829,
1174.336,
260.5297,
0,
0,
1654.357,
1045.116,
321.6941,
697.7206,
15981.27,
2117.021,
2704.441,
0,
1461.967,
1612.954,
12.95484,
303.9994,
0,
566.0712,
836.2791,
182.0845,
301.1826,
10098.96,
1563.468,
1354.616,
0,
923.3948,
684.977,
113.6477,
0,
0,
732.7117,
691.9651,
45.22905,
212.8881,
6322.897,
3164.701,
4522.685,
0,
3362.683,
929.3961,
1332.771,
268.2194,
0,
1441.39,
1641.64,
27.92531,
927.2249,
17618.63,
1064.536,
1959.175,
0,
431.6815,
132.1875,
736.1826,
0,
0,
616.6884,
258.8421,
89.74847,
286.0199,
5575.062,
0,
0,
0,
0,
43139.92,
0,
0,
0,
0,
0,
0,
0,
43139.92,
110938.7,
146516.9,
0,
116098.4,
43139.92,
10714.69,
6114.499,
0,
69255.3,
42534.82,
2330.276,
25192.07,
572835.5,
2045, 
104.0891,
1210.95,
0,
2656.206,
611.3186,
56.67792,
21.27188,
0,
669.5815,
1011.11,
375.1494,
619.717,
7336.071,
1127.189,
12938.07,
0,
19770.26,
2416.275,
416.554,
535.5081,
0,
6858.415,
6813.607,
60.01486,
1527.847,
52463.75,
74.33881,
3499.079,
0,
2254.18,
658.3547,
39.83471,
73.26241,
0,
1469.662,
765.7283,
125.9809,
140.132,
9100.552,
650.8295,
976.6342,
0,
576.7148,
640.4888,
247.1102,
1.159438e-07,
0,
644.7453,
353.4406,
105.8078,
156.2176,
4351.989,
1776.239,
4001.085,
0,
1280.496,
1867.96,
319.0906,
4.045352,
0,
1528.898,
1577.441,
0.0005045606,
2673.568,
15028.82,
488.5002,
3677.106,
0,
1281.472,
1496.555,
277.132,
0.1630516,
0,
1854.334,
1282.146,
416.4559,
1044.565,
11818.43,
94.11761,
4764.956,
0,
5545.248,
998.9982,
171.125,
108.2809,
0,
1985.982,
1384.586,
49.5923,
331.0897,
15433.97,
170.195,
3552.946,
0,
6787.572,
628.1811,
1518.779,
0,
0,
1260.541,
553.0565,
0.005341225,
623.7268,
15095,
1330.49,
1793.437,
0,
337.4316,
808.6846,
1471.531,
0,
0,
766.6705,
383.3854,
157.3136,
401.9918,
7450.936,
1931.941,
1265.32,
0,
280.2767,
231.6384,
127.0291,
44.17807,
0,
304.7065,
305.3582,
246.5389,
6.568488,
4743.556,
971.9278,
8717.929,
0,
3591.24,
6827.463,
348.7994,
528.3367,
0,
4131.07,
8614.302,
26.69896,
1992.218,
35749.98,
800.0159,
1962.739,
0,
850.9885,
1548.818,
64.73311,
104.7707,
0,
1843.735,
1373.84,
1.303391,
238.8821,
8789.825,
2725.274,
1277.733,
0,
1503.856,
1199.507,
35.00966,
167.5727,
0,
1135.426,
311.5549,
38.64456,
386.8151,
8781.394,
1934.464,
601.8152,
0,
766.0544,
272.6418,
16.76745,
180.6607,
0,
441.4528,
202.5096,
0,
28.15836,
4444.524,
1139.903,
1819.38,
0,
2630.032,
310.2282,
19.97405,
0,
0,
945.2521,
620.0623,
0.1077236,
287.6489,
7772.589,
3870.144,
4302.72,
0,
11747.38,
1345.127,
22.83555,
98.19466,
0,
382.2804,
25.60985,
1.495279,
726.1927,
22521.98,
400.8495,
14631.8,
0,
17251.25,
57.52998,
29.27649,
130.3105,
0,
3618.371,
1881.528,
0.1227586,
232.6673,
38233.71,
18467.08,
21742.09,
0,
2526.226,
2566.823,
2065.114,
345.6781,
0,
15064.06,
4275.605,
79.59362,
1592.541,
68724.81,
812.9567,
1104.693,
0,
1358.452,
2059.469,
24.42017,
881.0398,
0,
290.4749,
757.8732,
10.25311,
258.3443,
7557.976,
51848.57,
23751.34,
0,
19665.07,
10012.86,
13.55506,
2066.085,
0,
18666.92,
7631.482,
1.321126,
8143.667,
141800.9,
6116.968,
8688.521,
0,
3606.265,
2891.795,
390.5255,
0,
0,
3978.406,
1464.133,
123.3168,
1323.9,
28583.83,
1640.747,
6294.785,
0,
2676.644,
1068.882,
226.6108,
0,
0,
1782.797,
1204.278,
344.2834,
738.8613,
15977.89,
2219.122,
2541.733,
0,
1377.25,
1627.415,
13.49125,
312.286,
0,
563.3198,
844.4649,
183.5066,
299.876,
9982.464,
1496.024,
1296.51,
0,
929.4462,
650.5925,
111.5271,
0,
0,
775.1746,
742.5309,
47.18168,
214.4584,
6263.446,
3019.211,
4598.662,
0,
3408.881,
961.5957,
1259.67,
266.4937,
0,
1653.464,
1822.898,
27.96056,
951.1545,
17969.99,
983.6646,
2012.367,
0,
448.8259,
155.1509,
713.2131,
0,
0,
699.1895,
300.6034,
105.2859,
281.0857,
5699.386,
0,
0,
0,
0,
43914.35,
0,
0,
0,
0,
0,
0,
0,
43914.35,
106194.9,
143024.4,
0,
115107.7,
43914.35,
10000.39,
5868.138,
0,
73314.93,
46503.13,
2527.935,
25221.89,
571677.8,
2046, 
105.9025,
1098.606,
0,
2630.542,
698.124,
54.13166,
15.42733,
0,
703.29,
1148.399,
390.1023,
544.1257,
7388.65,
1082.159,
12219.19,
0,
18619.29,
2520.886,
399.9028,
434.0912,
0,
7393.658,
7520.227,
57.32997,
1458.204,
51704.94,
77.81683,
3483.21,
0,
2090.913,
653.1198,
40.25865,
72.66223,
0,
1584.439,
828.4631,
138.4915,
143.1911,
9112.565,
663.2303,
930.8533,
0,
557.749,
682.8962,
243.5633,
1.143066e-07,
0,
674.5936,
382.7507,
120.7554,
161.0694,
4417.461,
1816.612,
3886.831,
0,
1253.104,
1811.5,
332.5582,
3.403676,
0,
1659.109,
1794.909,
0.0005025206,
2754.848,
15312.88,
497.9764,
3489.391,
0,
1261.988,
1508.249,
259.9162,
0,
0,
2099.725,
1398.606,
451.0447,
1001.144,
11968.04,
86.71359,
4840.696,
0,
5622.56,
1001.872,
173.9466,
109.6036,
0,
2120.81,
1486.121,
52.14359,
334.566,
15829.03,
171.6649,
3571.275,
0,
6925.547,
676.0182,
1337.402,
0,
0,
1450.252,
614.1255,
0.00541543,
676.2001,
15422.49,
1172.668,
1800.444,
0,
368.6805,
864.7759,
1434.283,
0,
0,
882.4592,
489.3625,
162.0743,
416.4275,
7591.176,
1837.113,
1241.339,
0,
309.7617,
234.5389,
119.9149,
44.03151,
0,
336.3276,
335.0602,
268.8197,
6.388442,
4733.295,
949.8181,
8153.025,
0,
3715.558,
6953.234,
331.7088,
453.8135,
0,
4164.298,
8923.817,
27.18937,
1970.814,
35643.27,
798.7812,
1849.728,
0,
903.3873,
1616.655,
56.89347,
85.46878,
0,
1879.946,
1403.625,
1.313936,
209.7971,
8805.596,
2674.725,
1178.263,
0,
1504.901,
1280.564,
35.77639,
167.3858,
0,
1211.752,
310.3427,
39.25717,
391.715,
8794.682,
1892.406,
571.0034,
0,
754.5846,
277.9117,
16.33816,
159.9387,
0,
486.6866,
228.5009,
0,
27.26737,
4414.637,
1114.939,
1730.353,
0,
2620.091,
331.5215,
21.41693,
0,
0,
1037.232,
648.5287,
0.1071065,
273.957,
7778.146,
3570.345,
4092.218,
0,
11759,
1348.159,
21.52367,
109.3132,
0,
489.3909,
25.85849,
1.546727,
769.5034,
22186.86,
394.7447,
14625.93,
0,
16758.9,
55.7432,
30.31856,
134.6954,
0,
3998.082,
1964.886,
0.1277117,
239.15,
38202.57,
17950.64,
21994.65,
0,
2643.954,
2529.756,
1885.534,
358.0489,
0,
15719.78,
4674.446,
80.95115,
1612.366,
69450.13,
665.8472,
1022.96,
0,
1367.174,
2152.729,
22.27553,
867.8849,
0,
283.9915,
788.6388,
9.921192,
253.8525,
7435.275,
48077.29,
22840.51,
0,
20072.94,
9926.146,
9.863482,
1987.236,
0,
19289.21,
8843.605,
1.3194,
8101.799,
139149.9,
5731.311,
8476.593,
0,
3607.335,
2973.948,
351.8264,
0,
0,
4236.729,
1708.996,
127.8232,
1343.335,
28557.9,
1609.175,
6378.506,
0,
2418.809,
1050.211,
195.8731,
0,
0,
1883.538,
1433.603,
352.4292,
743.9595,
16066.1,
2169.504,
2395.632,
0,
1379.921,
1641.33,
13.81991,
323.7698,
0,
558.0993,
858.0439,
185.8676,
301.2241,
9827.212,
1406.918,
1241.551,
0,
936.9986,
622.744,
110.4729,
0,
0,
817.0097,
799.124,
48.96814,
216.3543,
6200.141,
2842.101,
4691.829,
0,
3472.45,
996.6668,
1195.767,
265.7171,
0,
1959.546,
1983.107,
28.17797,
970.0577,
18405.42,
921.0737,
2082.375,
0,
470.4357,
180.1361,
692.5175,
0,
0,
771.7925,
347.8381,
122.4739,
279.7303,
5868.373,
0,
0,
0,
0,
44589.44,
0,
0,
0,
0,
0,
0,
0,
44589.44,
100281.5,
139887,
0,
114026.6,
44589.43,
9387.805,
5592.491,
0,
77691.75,
50940.98,
2668.241,
25201.05,
570266.8,
2047, 
107.0182,
1025.276,
0,
2609.972,
726.9376,
51.06544,
11.02148,
0,
754.6838,
1147.773,
414.0136,
492.4599,
7340.221,
1048.955,
11517.98,
0,
17568.23,
2635.377,
389.3007,
351.1146,
0,
8079.197,
8261.634,
54.93403,
1397.038,
51303.76,
81.23315,
3457.116,
0,
1905.478,
649.7997,
39.94367,
71.54466,
0,
1725.685,
891.7845,
149.3209,
147.413,
9119.318,
670.2665,
886.1294,
0,
533.7999,
728.0641,
240.867,
1.147882e-07,
0,
711.0746,
407.3783,
134.7459,
166.6762,
4479.002,
1768.552,
3779.935,
0,
1207.812,
1762.054,
351.3366,
2.679391,
0,
1814.821,
1984.881,
0.0004942209,
2865.788,
15537.86,
505.2934,
3308.15,
0,
1262.853,
1521.49,
241.45,
0,
0,
2445.679,
1499.252,
467.3823,
951.0698,
12202.62,
84.13366,
4902.95,
0,
5681.28,
1020.012,
175.7596,
109.0625,
0,
2289.437,
1583.503,
52.52128,
332.4897,
16231.15,
172.5399,
3578.522,
0,
6939.292,
718.652,
1204.33,
0,
0,
1663.094,
694.2471,
0.005517441,
732.3818,
15703.06,
992.4219,
1802.861,
0,
397.7869,
927.7812,
1395.581,
0,
0,
1023.782,
626.0685,
164.8496,
411.1739,
7742.306,
1728.238,
1216.482,
0,
336.7353,
235.3236,
112.8522,
43.82036,
0,
378.0313,
368.6938,
289.4386,
6.205232,
4715.82,
927.1713,
7766.877,
0,
3818.515,
7023.811,
314.6596,
399.0267,
0,
4197.66,
9117.676,
27.75084,
1979.931,
35573.08,
800.835,
1714.685,
0,
962.3515,
1682.015,
50.79879,
66.67269,
0,
1909.215,
1434.199,
1.332503,
183.8614,
8805.966,
2589.581,
1079.027,
0,
1503.253,
1383.005,
36.58131,
168.2396,
0,
1298.382,
312.1393,
39.81133,
397.6851,
8807.704,
1854.277,
542.7123,
0,
742.1286,
282.3792,
15.89185,
141.3991,
0,
533.3835,
253.575,
0,
26.35913,
4392.106,
1078.71,
1653.051,
0,
2617.664,
337.4176,
22.26845,
0,
0,
1140.051,
665.7099,
0.1066212,
258.9262,
7773.905,
3154.744,
3889.398,
0,
11898.68,
1347.41,
19.36063,
88.8894,
0,
613.9397,
26.10713,
16.88308,
811.5236,
21866.94,
388.2668,
14584.68,
0,
16207.17,
53.98787,
31.26149,
138.5317,
0,
4496.594,
2026.471,
0.13121,
243.5705,
38170.66,
17424.52,
22192.02,
0,
2884.11,
2500.934,
1702.402,
371.4472,
0,
16139.21,
5164.845,
82.53905,
1646.704,
70108.73,
547.9717,
948.9879,
0,
1415.538,
2203.355,
20.01189,
848.1696,
0,
277.8585,
820.0649,
9.708227,
251.6675,
7343.333,
44143.71,
22025.42,
0,
20391.19,
9758.16,
6.837767,
1889.528,
0,
20149.54,
10035.93,
1.31544,
8048.036,
136449.7,
5286.668,
8259.579,
0,
3594.911,
3052.165,
313.5331,
0,
0,
4571.646,
1930.261,
133.2451,
1355.689,
28497.7,
1571.741,
6436.673,
0,
2159.088,
1027.202,
167.5934,
0,
0,
1997.703,
1640.49,
362.2471,
750.4566,
16113.19,
2120.525,
2262.131,
0,
1398.448,
1637.611,
14.38396,
336.3439,
0,
550.5723,
875.7346,
188.5714,
302.9922,
9687.313,
1296.011,
1191.047,
0,
948.1371,
598.1685,
109.2316,
0,
0,
854.6769,
866.4225,
50.51539,
217.0786,
6131.289,
2668.27,
4772.375,
0,
3538.102,
1027.688,
1131.08,
264.9264,
0,
2326.194,
2089.661,
28.49332,
980.5229,
18827.31,
868.8448,
2156.925,
0,
484.2801,
204.7319,
674.4042,
0,
0,
854.249,
394.4012,
140.2553,
276.5685,
6054.66,
0,
0,
0,
0,
45045.53,
0,
0,
0,
0,
0,
0,
0,
45045.53,
93880.5,
136951,
0,
113006.8,
45045.53,
8832.786,
5302.417,
0,
82796.35,
55118.9,
2810.118,
25234.27,
568978.7,
2048, 
107.1973,
960.2253,
0,
2564.729,
751.1908,
50.17251,
7.299298,
0,
800.6696,
1217.967,
430.4856,
437.7236,
7327.66,
1019.824,
10837.12,
0,
16518.91,
2769.39,
386.1064,
281.5143,
0,
9008.208,
8708.885,
52.76686,
1340.842,
50923.56,
85.70419,
3425.096,
0,
1782.676,
642.0424,
38.94089,
71.06499,
0,
1899.038,
935.1701,
154.5589,
150.758,
9185.049,
663.8315,
851.8477,
0,
507.6089,
758.6997,
237.5407,
1.167524e-07,
0,
768.6016,
426.2665,
146.4284,
173.0458,
4533.871,
1647.802,
3683.22,
0,
1161.381,
1714.503,
371.6739,
2.040607,
0,
2016.316,
2166.816,
0.0004890935,
2961.105,
15724.86,
509.8067,
3136.977,
0,
1265.763,
1536.937,
220.7548,
0,
0,
2783.259,
1632.188,
489.9383,
877.6044,
12453.23,
83.97583,
4948.232,
0,
5611.979,
1023.051,
177.1251,
107.3082,
0,
2485.142,
1734.741,
52.03969,
326.9638,
16550.56,
172.9567,
3577.169,
0,
6845.137,
757.6683,
1106.262,
0,
0,
1896.667,
787.4195,
0.005656299,
799.5534,
15942.84,
819.092,
1806.197,
0,
426.5291,
974.8016,
1354.473,
0,
0,
1228.041,
761.8127,
172.6015,
398.3162,
7941.864,
1620.302,
1190.03,
0,
360.7956,
236.4062,
106.4197,
43.97093,
0,
420.4308,
397.2259,
310.8974,
6.079778,
4692.558,
913.1105,
7388.406,
0,
3900.45,
6985.84,
294.7821,
354.7912,
0,
4259.331,
9278.621,
28.01361,
1991.658,
35395,
793.3239,
1605.023,
0,
1048.843,
1738.283,
44.70137,
48.9173,
0,
1933.76,
1464.967,
1.350252,
160.1482,
8839.316,
2496.989,
1033.165,
0,
1506.787,
1379.263,
36.94401,
169.86,
0,
1380.244,
315.2519,
40.60397,
405.1865,
8764.294,
1809.038,
515.3338,
0,
735.1852,
287.8209,
14.95212,
124.7291,
0,
582.924,
274.3147,
0,
25.41561,
4369.713,
1033.355,
1587.013,
0,
2597.462,
334.9867,
23.26199,
0,
0,
1253.34,
685.9687,
0.1075289,
247.7028,
7763.198,
2686.486,
3702.427,
0,
11939.09,
1355.903,
18.16402,
70.22397,
0,
772.6405,
30.4298,
35.99268,
857.0004,
21468.36,
382.0905,
14493.11,
0,
15675.81,
52.09662,
32.42746,
143.9937,
0,
5032.575,
2108.382,
0.1366215,
247.7424,
38168.37,
16928.54,
22360.76,
0,
3508.754,
2475.863,
1532.266,
390.1472,
0,
16179.39,
5646.105,
83.01041,
1668.192,
70773.03,
491.5247,
870.6979,
0,
1440.696,
2253.833,
17.65973,
811.7376,
0,
276.7856,
849.6423,
9.805011,
255.5503,
7277.931,
40117.61,
21224.57,
0,
20696.07,
9652.56,
4.450604,
1762.837,
0,
21042.42,
11350.32,
1.311583,
7947.016,
133799.2,
4922.523,
8041.229,
0,
3614.561,
3124.29,
277.6578,
0,
0,
4858.343,
2130.019,
138.688,
1371.027,
28478.34,
1452.341,
6477.99,
0,
1917.241,
1006.7,
142.9517,
0,
0,
2053.448,
1942.69,
372.2459,
751.6332,
16117.24,
2058.353,
2131.54,
0,
1415.278,
1630.361,
14.81387,
376.6001,
0,
545.0027,
876.5902,
188.3519,
300.6101,
9537.501,
1171.788,
1145.991,
0,
959.4346,
576.4158,
107.9305,
0,
0,
883.5907,
948.8559,
51.21162,
217.5571,
6062.774,
2500.548,
4845.575,
0,
3597.811,
1054.17,
1066.989,
260.4606,
0,
2780.173,
2146.612,
28.63905,
980.8514,
19261.83,
829.4011,
2224.531,
0,
501.4998,
230.8631,
656.2733,
0,
0,
957.5309,
417.964,
155.8249,
271.5808,
6245.469,
0,
0,
0,
0,
45303.94,
0,
0,
0,
0,
0,
0,
0,
45303.94,
87317.52,
134063.5,
0,
112100.5,
45303.94,
8335.693,
5027.496,
0,
88097.87,
59235.23,
2945.016,
25170.87,
567597.6,
2049, 
108.0416,
903.1696,
0,
2524.818,
770.4671,
49.83861,
4.322964,
0,
849.4814,
1285.08,
444.0764,
385.3791,
7324.675,
991.5356,
10173.03,
0,
15690.14,
2920.067,
375.4056,
223.8331,
0,
9905.024,
9080.412,
50.7768,
1290.692,
50700.92,
88.97511,
3382.946,
0,
1676.133,
637.2845,
38.2416,
70.06281,
0,
2078.651,
968.2676,
159.4667,
153.6985,
9253.727,
649.6697,
820.8816,
0,
472.7887,
786.9173,
232.6423,
1.190715e-07,
0,
839.3195,
441.9134,
150.9604,
175.8544,
4570.947,
1465.313,
3593.6,
0,
1115.356,
1688.554,
393.471,
1.457209,
0,
2231.177,
2379.631,
0.0004856465,
3032.088,
15900.65,
508.9156,
2972.563,
0,
1269.88,
1554.256,
200.1795,
0,
0,
3127.793,
1771.932,
510.1544,
806.8577,
12722.53,
83.41287,
4975.578,
0,
5440.532,
1026.792,
177.8312,
106.7798,
0,
2755.055,
1914.312,
52.29944,
324.153,
16856.75,
173.8241,
3569.127,
0,
6596.031,
793.094,
1031.153,
0,
0,
2116.075,
956.4451,
0.005761229,
865.757,
16101.51,
665.3384,
1797.88,
0,
451.2092,
1040.056,
1307.682,
0,
0,
1434.04,
909.2875,
185.4162,
375.6328,
8166.542,
1496.546,
1162.974,
0,
380.8581,
234.8352,
98.52843,
43.84473,
0,
463.4962,
441.4433,
326.9432,
5.918108,
4655.387,
909.0903,
7084.056,
0,
3955.331,
6920.552,
276.7518,
318.0879,
0,
4339.651,
9409.479,
28.6018,
1997.917,
35239.52,
761.8247,
1510.577,
0,
1154.464,
1815.798,
39.13309,
32.16999,
0,
1952.325,
1488.24,
1.376844,
137.1107,
8893.02,
2418.38,
932.1981,
0,
1528.101,
1475.431,
37.64561,
172.9014,
0,
1437.355,
317.4767,
41.40406,
412.3341,
8773.228,
1743.915,
490.5478,
0,
739.0973,
291.5344,
14.39915,
108.2575,
0,
618.2259,
311.1248,
0,
24.22867,
4341.33,
994.4448,
1528.852,
0,
2554.42,
331.7703,
24.63577,
0,
0,
1371.644,
704.9662,
0.1094396,
239.4124,
7750.255,
2158.845,
3532.607,
0,
11856.78,
1356.038,
17.10996,
53.49209,
0,
929.5506,
55.11551,
68.4077,
878.7059,
20906.65,
375.869,
14340.12,
0,
15137.85,
50.24751,
33.65287,
149.5083,
0,
5639.336,
2180.626,
0.14213,
251.6491,
38159,
16275.17,
22502.65,
0,
4436.199,
2463.002,
1372.144,
415.1259,
0,
16183.85,
5933.042,
83.95536,
1695.54,
71360.67,
454.4357,
797.4799,
0,
1464.866,
2260.326,
16.55879,
780.8809,
0,
276.7162,
876.4425,
9.927196,
261.8606,
7199.494,
36228.55,
20574.72,
0,
21080.99,
9553.036,
2.655964,
1616.328,
0,
22102.78,
12546.88,
1.318093,
7802.659,
131509.9,
4592.031,
7827.008,
0,
3688.422,
3186.283,
245.6018,
0,
0,
5169.453,
2263.913,
143.3782,
1392.14,
28508.23,
1344.816,
6516.115,
0,
1705.118,
980.5223,
122.6605,
0,
0,
2113.915,
2201.675,
386.2244,
754.2191,
16125.26,
2111.922,
2010.699,
0,
1519.611,
1625.893,
15.06266,
376.8023,
0,
540.2115,
812.0625,
187.9884,
298.1197,
9498.372,
1040.552,
1106.44,
0,
961.9566,
556.0295,
106.8787,
0,
0,
910.9512,
1040.221,
51.83514,
217.6913,
5992.555,
2294.442,
4914.383,
0,
3615.684,
1077.881,
1003.481,
254.0802,
0,
3336.858,
2197.786,
28.5389,
976.7812,
19699.92,
798.8366,
2285.702,
0,
518.073,
259.6708,
638.3293,
0,
0,
1088.842,
453.4461,
160.9142,
263.1381,
6466.952,
0,
0,
0,
0,
45656.34,
0,
0,
0,
0,
0,
0,
0,
45656.34,
80734.7,
131305.9,
0,
111534.7,
45656.34,
7871.675,
4727.935,
0,
93811.77,
62941.22,
3074.222,
25019.54,
566678,
2050, 
109.1589,
853.1195,
0,
2485.013,
784.332,
49.7041,
1.949346,
0,
902.1519,
1355.749,
458.7189,
327.8647,
7327.762,
969.0706,
9551.581,
0,
14923.27,
3068.585,
376.4208,
177.6259,
0,
10933.87,
9241.729,
49.39124,
1247.034,
50538.57,
91.54458,
3324.811,
0,
1685.252,
635.7599,
37.98887,
71.12755,
0,
2228.177,
971.6105,
167.7048,
159.4427,
9373.418,
621.7795,
790.5999,
0,
435.0007,
826.6327,
227.9361,
1.206439e-07,
0,
925.9575,
459.3855,
156.3189,
177.5488,
4621.16,
1281.482,
3512.046,
0,
1073.226,
1673.064,
416.4788,
1.003914,
0,
2515.641,
2562.284,
0.0004876288,
3062.376,
16097.6,
506.8387,
2818.72,
0,
1249.367,
1571.951,
181.2113,
0,
0,
3374.032,
1933.437,
532.9933,
744.1252,
12912.68,
82.29849,
4981.879,
0,
5213.928,
1032.94,
176.9247,
107.3078,
0,
3132.352,
2040.999,
52.009,
325.007,
17145.64,
174.3088,
3555.025,
0,
6257.08,
823.374,
985.1385,
0,
0,
2343.669,
1168.589,
0.005850043,
935.1962,
16242.39,
542.9849,
1787.586,
0,
474.3494,
1102.227,
1253.086,
0,
0,
1648.608,
1030.582,
201.8863,
347.9148,
8389.224,
1381.632,
1134.148,
0,
397.0506,
232.9971,
92.8094,
44.0175,
0,
512.2009,
474.326,
342.5801,
5.80676,
4617.568,
894.3568,
6813.59,
0,
3935.635,
6867.435,
257.2627,
287.605,
0,
4411.601,
9409.817,
30.99726,
2090.073,
34998.38,
758.5558,
1431.595,
0,
1230.575,
1842.61,
34.91228,
15.97477,
0,
1966.047,
1505.96,
1.412716,
117.083,
8904.726,
2333.014,
863.4695,
0,
1555.319,
1519.024,
38.56569,
175.6087,
0,
1479.476,
321.6152,
42.45654,
420.8708,
8749.419,
1667.546,
468.1672,
0,
732.8402,
296.1503,
14.23485,
93.21261,
0,
650.0709,
354.5502,
0,
22.86173,
4299.634,
959.3546,
1476.255,
0,
2512.157,
330.8175,
25.87414,
0,
0,
1499.366,
721.588,
0.1115261,
232.9687,
7758.493,
1612.028,
3377.415,
0,
11936.45,
1365.609,
16.17993,
38.78301,
0,
1031.405,
101.1245,
113.8955,
897.2596,
20490.15,
365.6788,
14114.4,
0,
14653.54,
48.55852,
34.06982,
155.3518,
0,
6302.214,
2254.814,
0.1478322,
257.3899,
38186.16,
15205.46,
22627.53,
0,
5470.143,
2472.168,
1227.985,
435.8405,
0,
16236.86,
6239.798,
84.74091,
1719.508,
71720.03,
430.2044,
730.3475,
0,
1497.361,
2245.445,
15.48568,
761.9813,
0,
279.6083,
889.705,
10.15333,
272.6291,
7132.92,
32246.67,
19957.1,
0,
21393.76,
9462.782,
1.35849,
1452.572,
0,
23116.68,
13801.71,
1.319016,
7616.184,
129050.1,
4234.091,
7617.821,
0,
3753.959,
3246.544,
219.7819,
0,
0,
5483.728,
2394.26,
148.32,
1416.445,
28514.95,
1223.157,
6546.678,
0,
1474.976,
958.3674,
105.8167,
0,
0,
2143.86,
2574.072,
391.1623,
739.674,
16157.76,
2043.44,
1904.018,
0,
1713.906,
1601.177,
15.55114,
377.0045,
0,
543.1668,
747.3011,
186.5937,
295.705,
9427.864,
896.4424,
1071.874,
0,
966.5336,
537.5668,
105.9506,
0,
0,
941.9515,
1134.977,
52.42558,
218.0592,
5925.781,
2054.727,
4978.409,
0,
3617.375,
1103.11,
944.7408,
246.883,
0,
3936.686,
2273.078,
28.63353,
974.9186,
20158.56,
787.1176,
2338.919,
0,
542.2419,
289.1263,
626.5377,
0,
0,
1241.393,
449.2995,
164.716,
266.9984,
6706.349,
0,
0,
0,
0,
45938.35,
0,
0,
0,
0,
0,
0,
0,
45938.35,
73472.95,
128627.1,
0,
111180.3,
45938.36,
7482.007,
4443.849,
0,
99780.77,
66412.36,
3218.695,
24890.94,
565447.3,
2051, 
111.2246,
811.4432,
0,
2442.888,
803.4989,
49.10366,
0,
0,
951.4246,
1413.638,
471.0424,
280.8671,
7335.131,
942.2341,
8963.464,
0,
14178.04,
3218.138,
370.805,
144.3773,
0,
11966.05,
9409.684,
49.58307,
1216.007,
50458.38,
93.6793,
3253.359,
0,
1720.869,
632.7789,
37.48366,
69.03129,
0,
2387.463,
973.5282,
169.2099,
158.7352,
9496.137,
594.664,
771.5608,
0,
404.9447,
855.6348,
225.2995,
1.204325e-07,
0,
980.8729,
494.0407,
166.2663,
187.1634,
4680.447,
1083.386,
3440.83,
0,
1035.126,
1670.967,
428.019,
0.6144162,
0,
2805.036,
2753.892,
0.0004877917,
3060.142,
16278.01,
506.8401,
2675.625,
0,
1213.218,
1598.588,
165.6815,
0,
0,
3661.118,
2089.311,
558.1428,
687.0308,
13155.56,
80.85171,
4958.763,
0,
5008.831,
1040.429,
172.1058,
109.1313,
0,
3555.421,
2201.688,
54.56129,
333.3303,
17515.11,
175.2929,
3558.607,
0,
5921.145,
861.7891,
984.904,
0,
0,
2608.673,
1400.895,
0.006005743,
1024.066,
16535.38,
458.3051,
1782.537,
0,
493.6667,
1176.487,
1226.374,
0,
0,
1913.496,
1091.235,
220.6583,
323.7111,
8686.471,
1254.735,
1111.604,
0,
417.5447,
234.1179,
87.2833,
44.32895,
0,
570.9227,
519.6033,
355.5476,
5.496696,
4601.184,
893.5631,
6578.393,
0,
3906.893,
6872.868,
241.9338,
262.7562,
0,
4523.875,
9398.692,
32.22439,
2171.884,
34883.08,
724.2098,
1364.052,
0,
1269.06,
1836.857,
32.78898,
0,
0,
1978.606,
1517.705,
1.443769,
118.1422,
8842.864,
2238.851,
810.5604,
0,
1577.95,
1551.433,
38.40112,
180.2795,
0,
1493.874,
327.5587,
43.70255,
431.4133,
8694.024,
1569.969,
447.9244,
0,
741.6876,
300.3565,
14.00791,
81.07171,
0,
684.5221,
398.9156,
0,
21.50122,
4259.956,
925.4628,
1426.011,
0,
2489.686,
331.3307,
26.09377,
0,
0,
1653.236,
732.2861,
0.1136423,
229.6974,
7813.917,
1279.839,
3226.771,
0,
11919.87,
1368.13,
15.91061,
25.62739,
0,
1117.907,
154.8309,
170.7214,
881.0974,
20160.71,
356.9444,
13814.19,
0,
14253.8,
47.02253,
33.77977,
161.0426,
0,
7006.125,
2326.198,
0.1533889,
262.7261,
38261.97,
13867.4,
22756.59,
0,
6571.402,
2492.756,
1212.506,
453.3217,
0,
16403.2,
6504.295,
85.89268,
1752.132,
72099.5,
413.2616,
664.7678,
0,
1558.609,
2213.173,
14.80613,
737.7061,
0,
285.4164,
890.5807,
10.3113,
279.5165,
7068.149,
27606.42,
19457.79,
0,
21870.47,
9495.098,
0.6102388,
1288.173,
0,
24347.01,
14980.3,
1.32791,
7359.098,
126406.3,
3927.624,
7410.484,
0,
3800.303,
3310.994,
210.008,
0,
0,
5638.342,
2579.829,
154.0328,
1441.867,
28473.48,
1145.396,
6573.652,
0,
1275.339,
932.7295,
97.67759,
0,
0,
2180.02,
2847.078,
406.6906,
743.7534,
16202.34,
2001.107,
1801.54,
0,
1885.463,
1588.28,
15.50592,
377.2067,
0,
557.6171,
681.6455,
184.7918,
294.598,
9387.755,
756.5378,
1045.576,
0,
998.8484,
522.6392,
103.7303,
0,
0,
987.8953,
1231.388,
53.4529,
221.4108,
5921.479,
1867.844,
5057.032,
0,
3630.677,
1138.724,
907.0626,
241.9394,
0,
4626.547,
2373.2,
29.04559,
982.5865,
20854.66,
802.0773,
2411.382,
0,
555.7394,
323.9384,
634.7402,
0,
0,
1368.464,
450.2649,
166.5024,
295.2713,
7008.381,
0,
0,
0,
0,
46418.76,
0,
0,
0,
0,
0,
0,
0,
46418.76,
65677.72,
126174.5,
0,
111142.1,
46418.76,
7346.623,
4176.607,
0,
106253.1,
69742.28,
3385.426,
24763.24,
565080.4,
2052, 
111.8828,
792.0763,
0,
2414.418,
812.5737,
47.79736,
0,
0,
995.9534,
1434.161,
474.9336,
267.0127,
7350.809,
908.2772,
8511.741,
0,
13749.39,
3331.519,
362.8938,
121.9831,
0,
12958.6,
9484.146,
49.06734,
1164.558,
50642.18,
95.75533,
3182.963,
0,
1700.492,
626.0325,
36.8609,
67.06232,
0,
2594.977,
975.5649,
170.8063,
157.475,
9607.989,
597.7958,
751.6021,
0,
417.0108,
861.5375,
221.6154,
1.197198e-07,
0,
1034.291,
541.792,
167.8737,
175.7428,
4769.261,
948.1611,
3389.898,
0,
1012.174,
1684.069,
431.3858,
0.3372936,
0,
3052.527,
3026.433,
0.000486642,
2971.746,
16516.73,
507.2898,
2578.696,
0,
1222.635,
1600.652,
155.3295,
0,
0,
3922.916,
2211.805,
579.0013,
655.7982,
13434.12,
78.57609,
4915.471,
0,
4843.287,
1017.878,
163.6578,
109.96,
0,
4086.216,
2328.08,
53.50583,
338.2509,
17934.88,
174.5962,
3541.677,
0,
5846.621,
896.5623,
991.0026,
0,
0,
2837.205,
1592.473,
0.006048678,
1106.876,
16987.02,
429.926,
1786.219,
0,
508.67,
1251.041,
1201.569,
0,
0,
2141.346,
1109.166,
237.9153,
326.2972,
8992.15,
1175.227,
1088.712,
0,
436.2188,
235.4873,
82.53621,
44.58434,
0,
628.2541,
552.3463,
364.7986,
5.32383,
4613.488,
885.5218,
6451.124,
0,
3930.353,
6901.447,
221.146,
278.0387,
0,
4646.697,
9385.614,
32.2093,
2169.825,
34901.98,
689.1775,
1324.979,
0,
1300.236,
1807.627,
30.22124,
0,
0,
1961.169,
1494.531,
1.461268,
138.204,
8747.606,
2138.261,
780.5082,
0,
1625.688,
1580.083,
37.3511,
182.3313,
0,
1519.87,
327.1896,
44.50444,
432.1115,
8667.898,
1451.805,
430.2989,
0,
740.825,
304.5107,
13.55515,
71.82845,
0,
720.691,
446.1774,
0,
20.93988,
4200.632,
891.0438,
1368.653,
0,
2491.254,
331.9281,
25.87099,
0,
0,
1808.223,
728.9539,
0.1145829,
229.9875,
7876.029,
1039.283,
3075.044,
0,
11840.08,
1356.817,
15.52291,
15.12869,
0,
1229.283,
241.067,
216.9553,
867.5198,
19896.71,
340.8,
13457.49,
0,
14135.31,
44.88647,
33.4741,
157.1552,
0,
7673.881,
2355.926,
0.1765221,
272.6841,
38471.79,
12879.71,
22528.7,
0,
7745.209,
2520.828,
1198.518,
469.6705,
0,
16642.07,
6674.515,
86.3641,
1755.655,
72501.23,
401.8016,
636.3955,
0,
1637.216,
2156.251,
14.25176,
746.895,
0,
286.8997,
841.5239,
10.42995,
279.5513,
7011.216,
23302.09,
19062.13,
0,
22587.96,
9754.886,
0.2328426,
1167.956,
0,
25532.85,
15978.87,
1.322681,
7035.711,
124424,
3774.697,
7258.71,
0,
3914.359,
3330.612,
203.9846,
0,
0,
5683.794,
2756.517,
158.1287,
1460.779,
28541.58,
1060.729,
6534.406,
0,
1248.62,
909.7811,
93.49239,
0,
0,
2191.295,
3158.216,
411.0477,
725.5075,
16333.09,
1958.497,
1752.97,
0,
2036.539,
1565.452,
15.23213,
377.4091,
0,
575.893,
613.4675,
187.1084,
292.7805,
9375.349,
664.7035,
1025.748,
0,
1065.893,
505.2705,
103.0596,
0,
0,
1049.162,
1257.602,
54.8909,
225.7442,
5952.074,
1753.614,
5075.661,
0,
3741.636,
1174.09,
879.1243,
237.2995,
0,
5224.724,
2497.844,
29.39544,
988.7796,
21602.17,
820.9565,
2484.954,
0,
581.6334,
362.3971,
645.5444,
0,
0,
1509.917,
501.5906,
167.099,
271.2843,
7345.375,
0,
0,
0,
0,
46924.22,
0,
0,
0,
0,
0,
0,
0,
46924.22,
59080.18,
123786.8,
0,
112773.7,
46924.22,
7225.229,
4047.639,
0,
112508.7,
72515.57,
3499.117,
24336.14,
566697.4,
2053, 
112.3733,
778.3798,
0,
2386.01,
821.0931,
47.57806,
0,
0,
1042.009,
1448.294,
477.1676,
255.3494,
7368.254,
873.0204,
8093.459,
0,
13384.65,
3429.638,
354.9127,
101.6364,
0,
13994.14,
9685.146,
48.67469,
1100.792,
51066.07,
97.20794,
3106.101,
0,
1621.628,
612.6097,
36.09021,
65.22084,
0,
2765.232,
1036.364,
174.4417,
156.2511,
9671.146,
598.8845,
738.9211,
0,
429.1447,
859.6899,
215.1606,
1.181289e-07,
0,
1068.849,
596.2053,
169.3878,
169.3939,
4845.637,
826.5743,
3341.215,
0,
989.0734,
1712.683,
436.0287,
0.1526587,
0,
3300.394,
3271.688,
0.0004874592,
2881.971,
16759.78,
503.5452,
2498.617,
0,
1228.623,
1605.099,
144.9649,
0,
0,
4171.121,
2317.534,
598.1671,
636.2839,
13703.96,
76.25005,
4849.236,
0,
4677.995,
1020.972,
151.1467,
107.6335,
0,
4531.201,
2535.087,
56.34244,
341.1217,
18346.98,
173.5303,
3520.319,
0,
5785.257,
929.4258,
993.912,
0,
0,
3068.282,
1774.955,
0.006105945,
1193.826,
17439.51,
439.1082,
1786.501,
0,
518.2092,
1340.853,
1178.588,
0,
0,
2300.235,
1099.571,
270.1712,
357.1399,
9290.377,
1079.146,
1068.162,
0,
449.4984,
237.119,
78.20174,
44.64175,
0,
702.2382,
587.2315,
370.9996,
5.126516,
4622.365,
879.3043,
6352.675,
0,
3930.467,
6879.566,
204.3375,
291.7848,
0,
4687.791,
9361.577,
32.26217,
2212.699,
34832.46,
657.6844,
1293.068,
0,
1307.143,
1770.895,
28.89645,
0,
0,
1906.723,
1417.56,
1.482299,
212.2433,
8595.694,
2053.038,
755.5306,
0,
1672.552,
1605.968,
36.54708,
185.1028,
0,
1535.158,
325.6001,
45.4363,
433.4494,
8648.382,
1324.124,
415.5897,
0,
728.1245,
305.4538,
13.31942,
64.91548,
0,
757.0641,
500.3383,
0,
20.37463,
4129.304,
859.8496,
1324.055,
0,
2509.241,
330.6115,
24.96417,
0.02440128,
0,
1931.474,
723.3603,
0.1148525,
236.5549,
7940.25,
864.6656,
2936.58,
0,
11603.77,
1334.775,
15.33783,
7.031767,
0,
1306.775,
385.6426,
277.2017,
846.7908,
19578.57,
321.0818,
13038.85,
0,
14104.11,
43.28917,
32.98375,
152.5373,
0,
8223.868,
2425.522,
0.1670204,
267.6373,
38610.05,
12184.7,
22311.38,
0,
8263.129,
2544.162,
1189.66,
482.7995,
0,
17035.52,
6919.014,
88.30531,
1775.163,
72793.83,
389.1003,
591.8738,
0,
1712.226,
2120.002,
13.80621,
780.4563,
0,
287.5703,
789.2527,
10.16472,
279.5946,
6974.047,
19086.01,
18711.61,
0,
23446.01,
10157.75,
0.07092002,
1075.275,
0,
26829.22,
16719.99,
1.31361,
6719.078,
122746.3,
3589.86,
7123.38,
0,
3982.528,
3349.324,
198.4525,
0,
0,
5687.919,
2995.313,
165.3373,
1483.396,
28575.51,
1010.858,
6478.643,
0,
1234.367,
884.7528,
91.59521,
0,
0,
2241.49,
3331.667,
420.3826,
719.7781,
16413.53,
1923.003,
1715.586,
0,
2177.193,
1540.293,
15.17139,
378.0518,
0,
593.0814,
543.5148,
188.1557,
290.0169,
9364.067,
563.882,
1007.125,
0,
1124.897,
489.9782,
101.7802,
0,
0,
1104.104,
1344.455,
54.38465,
222.4827,
6013.088,
1723.231,
5092.131,
0,
3832.325,
1203.989,
847.9237,
244.6529,
0,
5791.313,
2605.971,
29.61197,
1012.039,
22383.19,
838.481,
2553.018,
0,
592.9175,
404.8516,
655.0043,
0,
0,
1644.102,
550.702,
167.5755,
260.7247,
7667.377,
0,
0,
0,
0,
47534.85,
0,
0,
0,
0,
0,
0,
0,
47534.85,
53048.51,
121482,
0,
113691.1,
47534.85,
7106.435,
3981.917,
0,
118506.9,
75291.55,
3647.254,
24089.28,
568379.8,
2054, 
112.0411,
770.3649,
0,
2355.464,
826.0633,
47.83569,
0,
0,
1082.241,
1443.992,
477.8,
255.9791,
7371.781,
839.5833,
7745.635,
0,
13127.96,
3479.157,
345.6083,
83.13605,
0,
15108.15,
9867.96,
48.15553,
1013.072,
51658.41,
98.19643,
3025.138,
0,
1588.521,
596.9349,
35.44492,
61.48254,
0,
2932.519,
1060.254,
178.059,
154.2865,
9730.837,
582.9117,
729.8383,
0,
439.4636,
853.2238,
208.9692,
1.14468e-07,
0,
1075.026,
678.6726,
171.7741,
163.3265,
4903.206,
729.0369,
3299.879,
0,
971.0607,
1744.626,
439.8247,
0.0523087,
0,
3567.976,
3476.398,
0.0004882285,
2780.493,
17009.35,
498.6992,
2432.85,
0,
1232.728,
1611.029,
136.5556,
0,
0,
4468.291,
2432.597,
615.0732,
619.6624,
14047.49,
73.94707,
4768.892,
0,
4535.945,
1031.38,
135.2161,
104.2323,
0,
5018.361,
2731.067,
53.30895,
343.7649,
18796.12,
171.7818,
3495.084,
0,
5755.591,
962.9129,
990.1649,
0,
0,
3311.799,
1915.396,
0.006173453,
1291.782,
17894.52,
452.2257,
1784.533,
0,
523.0974,
1435.629,
1156.547,
0,
0,
2417.777,
1221.503,
262.9251,
380.8283,
9635.066,
990.5126,
1049.906,
0,
463.3056,
238.7656,
74.46783,
44.82285,
0,
768.3052,
621.2909,
375.8118,
4.935316,
4632.123,
868.7063,
6275.048,
0,
3976.158,
6806.341,
191.845,
312.0909,
0,
4603.252,
9270.182,
34.6072,
2303.993,
34642.22,
627.8724,
1267.152,
0,
1309.932,
1734.946,
28.0188,
0,
0,
1897.02,
1348.568,
1.507753,
250.8613,
8465.877,
1968.557,
734.6982,
0,
1694.286,
1631.489,
36.20099,
185.945,
0,
1556.145,
326.1187,
51.04995,
434.0585,
8618.549,
1204.994,
403.5954,
0,
713.4824,
305.0634,
12.92606,
60.8,
0,
809.2252,
539.7396,
0,
20.09014,
4069.916,
832.1563,
1288.981,
0,
2536.901,
329.2811,
23.8532,
0.1645968,
0,
2066.418,
721.1711,
0.1148525,
236.9032,
8035.945,
743.6575,
2809.774,
0,
11272.74,
1307.604,
15.13273,
1.212708,
0,
1391.95,
542.4902,
333.0636,
835.5588,
19253.19,
300.2441,
12574.15,
0,
14036.54,
43.69634,
32.53986,
146.5423,
0,
8859.272,
2520.135,
0.1511643,
261.485,
38774.75,
11732.72,
22096.69,
0,
8330.871,
2571.194,
1185.54,
511.4144,
0,
17530.01,
7129.698,
89.49279,
1832.843,
73010.48,
378.4702,
565.7147,
0,
1776.677,
2056.68,
13.4691,
808.6826,
0,
287.7961,
756.0251,
9.872732,
279.6195,
6933.007,
14948.27,
18394.41,
0,
24493.37,
10698.34,
0.02447477,
1000.807,
0,
28006.8,
17650.21,
1.297358,
6391.606,
121585.1,
3432.908,
7001.217,
0,
3953.711,
3369.278,
194.4005,
0,
0,
5697.573,
3259.309,
174.7462,
1510.448,
28593.59,
958.5001,
6431.396,
0,
1220.214,
860.6635,
90.48022,
0,
0,
2285.379,
3558.199,
424.5369,
707.0776,
16536.45,
1912.202,
1688.472,
0,
2256.284,
1515.545,
15.17243,
380.0427,
0,
608.7546,
505.3295,
187.2657,
295.0639,
9364.133,
497.6338,
990.7548,
0,
1189.332,
477.382,
101.49,
0,
0,
1180.529,
1353.292,
54.77003,
223.1611,
6068.345,
1744.175,
5108.324,
0,
3918.153,
1232.269,
815.0286,
286.039,
0,
6431.405,
2693.996,
29.43835,
1011.175,
23270,
850.2128,
2619.604,
0,
596.1154,
450.6472,
665.1243,
0,
0,
1772.276,
599.5125,
168.2796,
261.2058,
7982.979,
0,
0,
0,
0,
48170.14,
0,
0,
0,
0,
0,
0,
0,
48170.14,
47550.22,
119352.1,
0,
114267.9,
48170.14,
6991.88,
3987.467,
0,
124734.3,
78223.1,
3743.109,
23863.28,
570883.4,
2055, 
111.4566,
767.295,
0,
2321.315,
827.9176,
48.06256,
0,
0,
1125.209,
1421.781,
475.4662,
264.6595,
7363.163,
804.3942,
7459.474,
0,
12998.62,
3484.586,
338.8701,
66.88675,
0,
15962.34,
10114.71,
47.02378,
920.8217,
52197.73,
99.14863,
2942.624,
0,
1598.828,
577.9257,
34.99112,
56.22918,
0,
3083.942,
1096.095,
169.416,
145.4302,
9804.63,
559.352,
723.9729,
0,
448.4729,
847.2067,
202.8645,
1.103884e-07,
0,
1080.179,
766.4194,
174.4923,
157.088,
4960.047,
647.3007,
3254.753,
0,
960.4872,
1796.342,
444.3493,
0.01057553,
0,
3858.054,
3642.319,
0.0004915424,
2679.307,
17282.92,
491.7356,
2378.334,
0,
1238.504,
1619.316,
129.0145,
0,
0,
4727.526,
2546.411,
632.5352,
599.3831,
14362.76,
71.62408,
4677.011,
0,
4448.379,
1046.894,
117.6879,
100.919,
0,
5490.002,
2918.25,
56.74986,
346.9572,
19274.47,
169.2851,
3469.34,
0,
5733.229,
997.5607,
983.3403,
0,
0,
3556.317,
2065.042,
0.006101929,
1386.239,
18360.36,
457.4488,
1780.355,
0,
524.1379,
1541.585,
1144.808,
0,
0,
2561.476,
1333.826,
276.4782,
390.5956,
10010.71,
911.3954,
1032.789,
0,
473.1243,
240.6338,
71.37337,
43.95623,
0,
844.0156,
654.6511,
380.8296,
4.755134,
4657.523,
845.2915,
6226.015,
0,
4045.76,
6709.7,
181.2065,
344.0392,
0,
4536.659,
9149.258,
38.37865,
2416.373,
34492.68,
603.0132,
1242.394,
0,
1309.869,
1701.919,
27.03541,
0.1067128,
0,
1828.029,
1275.669,
1.532009,
310.9062,
8300.474,
1913.261,
704.806,
0,
1707.248,
1678.053,
35.77482,
197.5234,
0,
1573.242,
322.6565,
51.42119,
432.3374,
8616.324,
1093.192,
394.0947,
0,
694.2878,
303.4152,
12.39794,
58.29137,
0,
868.8597,
576.1795,
0,
19.92658,
4020.645,
809.4646,
1252.196,
0,
2545.865,
326.4861,
23.31452,
0.5172717,
0,
2216.366,
726.9833,
0.1144933,
225.9645,
8127.272,
649.2247,
2691.27,
0,
10988.17,
1281.136,
14.94869,
7.075234e-07,
0,
1495.617,
684.1358,
373.3306,
811.6718,
18989.5,
279.8659,
12083.71,
0,
13950.39,
45.83922,
32.12754,
139.651,
0,
9397.648,
2643.936,
0.1482688,
262.8788,
38836.2,
11925.28,
21876.94,
0,
8747.838,
2609.717,
1187.201,
523.3113,
0,
17718.41,
7230.734,
87.02359,
1825.769,
73732.23,
369.3055,
537.6664,
0,
1845.93,
2006.331,
13.33162,
824.8575,
0,
287.7239,
721.7702,
9.564846,
279.6409,
6896.122,
11068.34,
18146.21,
0,
25619.4,
11312.23,
0.02329218,
953.4392,
0,
29300.71,
18348.07,
1.288775,
6098.282,
120848,
3305.675,
6888.049,
0,
3934.178,
3394.832,
191.2038,
0,
0,
5709.629,
3469.065,
185.9286,
1547.33,
28625.89,
921.2518,
6395.726,
0,
1211.4,
837.6544,
89.79725,
0,
0,
2310.457,
3746.244,
433.602,
700.6929,
16646.83,
1897.585,
1660.627,
0,
2302.542,
1489.292,
15.29132,
383.1667,
0,
617.4456,
491.7626,
188.6323,
297.182,
9343.527,
439.6608,
976.9159,
0,
1230.889,
467.1541,
101.9413,
0,
0,
1243.644,
1445.454,
53.53667,
218.445,
6177.641,
1825.419,
5128.233,
0,
3999.286,
1261.118,
783.3314,
240.4619,
0,
7119.059,
2850.233,
29.84257,
1009.708,
24246.69,
854.3841,
2680.695,
0,
578.2512,
500.5073,
674.5688,
0,
0,
1921.792,
659.2193,
169.271,
257.8324,
8296.521,
0,
0,
0,
0,
48905.36,
0,
0,
0,
0,
0,
0,
0,
48905.36,
43123.36,
117371.5,
0,
115456.4,
48905.36,
6898.857,
3933.367,
0,
130434.3,
80900.88,
3836.613,
23610.18,
574470.9,
2056, 
111.5367,
764.2184,
0,
2281.958,
827.8753,
48.1652,
0,
0,
1174.607,
1386.201,
466.925,
277.7973,
7339.284,
763.5794,
7216.05,
0,
12838.04,
3540.941,
331.6013,
50.92646,
0,
16682.69,
10348.61,
45.39508,
822.042,
52639.88,
100.187,
2853.652,
0,
1593.332,
558.1191,
34.81246,
53.9111,
0,
3221.976,
1127.787,
170.2595,
142.5468,
9856.584,
526.8282,
719.1543,
0,
456.0633,
842.8934,
197.2429,
1.051312e-07,
0,
1086.654,
868.8556,
173.1803,
150.7474,
5021.62,
589.3176,
3212.34,
0,
954.2006,
1849.122,
448.9379,
0.001566494,
0,
4181.469,
3789.63,
0.0004812872,
2571.236,
17596.26,
481.9673,
2329.253,
0,
1244.642,
1629.661,
122.4878,
0,
0,
4997.316,
2648.391,
646.245,
581.261,
14681.22,
69.54073,
4565.3,
0,
4409.647,
1062.289,
100.0273,
97.31221,
0,
6000.634,
3127.006,
53.69361,
349.4442,
19834.89,
166.8089,
3451.148,
0,
5707.604,
1043.186,
980.9886,
0,
0,
3891.2,
2244.418,
0.005952208,
1458.54,
18943.9,
459.8575,
1778.788,
0,
523.7095,
1659.54,
1154.278,
0,
0,
2723.283,
1436.928,
290.7833,
412.4161,
10439.58,
850.3943,
1016.939,
0,
483.9456,
241.0069,
68.75163,
42.31993,
0,
930.3884,
695.0605,
387.1534,
4.592333,
4720.552,
811.5644,
6170.995,
0,
4144.774,
6640.373,
173.8795,
388.0417,
0,
4500.623,
9034.489,
41.64135,
2513.866,
34420.25,
583.4411,
1216.539,
0,
1311.722,
1669.36,
26.17453,
1.608653,
0,
1777.865,
1204.366,
1.454954,
365.683,
8158.214,
1808.646,
678.3157,
0,
1765.393,
1713.899,
35.24754,
197.6292,
0,
1593.171,
316.9536,
51.74237,
430.3747,
8591.373,
993.9398,
385.9657,
0,
666.4227,
299.9518,
11.83095,
55.72849,
0,
931.9496,
607.4738,
0,
19.79418,
3973.057,
784.6837,
1217.518,
0,
2539.622,
323.0655,
22.83942,
1.064381,
0,
2351.572,
744.3771,
0.1139487,
221.1992,
8206.056,
571.7914,
2577.677,
0,
10696.67,
1254.877,
14.78502,
6.828799e-07,
0,
1633.195,
812.765,
402.0568,
789.9511,
18753.77,
262.2703,
11558.08,
0,
13869.33,
48.82288,
31.86897,
132.1838,
0,
9996.067,
2814.444,
0.1445299,
263.5949,
38976.81,
12347.74,
21619.61,
0,
8835.578,
2649.681,
1187.545,
520.5915,
0,
17922.34,
7453.201,
84.98359,
1817.325,
74438.6,
359.8052,
509.5695,
0,
1902.317,
1954.359,
13.21139,
848.8112,
0,
288.1321,
685.2607,
9.171387,
279.6471,
6850.284,
8084.216,
17888.75,
0,
26617.31,
11923.68,
0.02222401,
914.7804,
0,
30360.13,
18913.98,
1.273054,
5822.151,
120526.3,
3266.654,
6768.611,
0,
3857.148,
3419.053,
187.9711,
0,
0,
5657.039,
3806.087,
186.9172,
1533.113,
28682.59,
882.8447,
6360.28,
0,
1197.667,
816.7048,
89.34226,
0,
0,
2361.074,
3924.365,
437.5529,
692.7056,
16762.54,
1912.839,
1627.283,
0,
2293.85,
1460.467,
15.43162,
388.5314,
0,
616.59,
493.326,
191.8564,
298.7247,
9298.898,
392.4155,
961.941,
0,
1274.35,
459.2268,
102.0291,
0,
0,
1308.62,
1483.669,
52.48532,
215.388,
6250.125,
1920.095,
5147.757,
0,
4122.615,
1299.334,
757.5227,
226.3733,
0,
7818.292,
2983.839,
29.93641,
987.847,
25293.61,
862.174,
2744.137,
0,
554.0157,
553.7123,
688.3475,
0,
0,
2104.13,
736.7332,
171.9443,
255.8173,
8671.011,
0,
0,
0,
0,
49741.2,
0,
0,
0,
0,
0,
0,
0,
49741.2,
39965.14,
115339.9,
0,
116141.9,
49741.2,
6845.343,
3919.815,
0,
136111,
83688.22,
3896.916,
23277.8,
578927.3,
2057, 
111.5494,
762.2779,
0,
2240.415,
824.4447,
48.58502,
0,
0,
1223.388,
1352.255,
457.3381,
296.2014,
7316.455,
725.6292,
7008.649,
0,
12691.93,
3585.594,
326.5663,
37.141,
0,
17263.44,
10490.62,
43.52929,
737.4279,
52910.52,
101.2621,
2761.819,
0,
1570.566,
541.3272,
34.74105,
51.18261,
0,
3314.634,
1184.752,
171.3848,
143.1854,
9874.854,
486.6327,
715.4058,
0,
463.0628,
839.001,
191.1597,
1.00182e-07,
0,
1083.959,
970.3278,
174.2517,
144.8778,
5068.679,
548.5563,
3165.827,
0,
949.8298,
1911.529,
453.4045,
0,
0,
4515.144,
3886.682,
0.0004722741,
2476.024,
17907,
470.995,
2285.205,
0,
1250.438,
1640.443,
116.2615,
0,
0,
5278.635,
2745.502,
653.785,
565.1052,
15006.37,
67.26614,
4441.455,
0,
4363.899,
1059.389,
83.51224,
93.78629,
0,
6535.57,
3335.552,
57.57487,
352.6297,
20390.63,
163.8056,
3427.372,
0,
5647.797,
1089.643,
977.0576,
0,
0,
4379.594,
2419.429,
0.005715432,
1510.277,
19614.98,
454.6621,
1774.236,
0,
518.6283,
1788.506,
1173.719,
0,
0,
2916.129,
1532.298,
307.5129,
420.9758,
10886.67,
783.8444,
1001.542,
0,
498.1553,
243.889,
66.61916,
40.43038,
0,
1011.71,
727.0542,
389.1246,
4.398441,
4766.767,
778.0966,
6109.901,
0,
4202.204,
6651.836,
168.483,
614.9892,
0,
4452.405,
8840.609,
41.93171,
2478.165,
34338.62,
564.4127,
1192.096,
0,
1332.239,
1627.376,
25.38261,
6.284017,
0,
1758.958,
1123.559,
1.453176,
422.6766,
8054.438,
1757.579,
652.5555,
0,
1789.65,
1749.899,
34.42739,
197.7351,
0,
1616.301,
309.5206,
52.00442,
428.2755,
8587.948,
899.3782,
378.4259,
0,
647.1698,
295.3919,
10.9872,
53.74954,
0,
997.5968,
630.1595,
0,
19.70042,
3932.559,
762.2933,
1184.074,
0,
2515.633,
319.1876,
22.24569,
1.840649,
0,
2501.667,
775.3177,
0.1028882,
213.8328,
8296.193,
507.5479,
2471.297,
0,
10380.83,
1233.115,
14.72337,
6.510501e-07,
0,
1787.8,
956.3102,
428.1843,
764.5923,
18544.4,
244.7343,
11023.47,
0,
13763.87,
52.27327,
31.72344,
127.3488,
0,
10500.43,
3093.739,
0.1434672,
265.4211,
39103.16,
12871.34,
21324.65,
0,
8915.676,
2718.053,
1187.438,
517.8809,
0,
18120.48,
7613.164,
85.9522,
1807.482,
75162.12,
350.7107,
483.2791,
0,
1955.289,
1911.512,
13.05297,
862.8156,
0,
288.4896,
650.1172,
8.787696,
279.6426,
6803.696,
6177.846,
17613.14,
0,
27226.64,
12408.85,
0.02115421,
874.0574,
0,
31327.2,
19273.69,
1.257398,
5575.633,
120478.3,
3165.399,
6651.854,
0,
3846.687,
3447.157,
184.6808,
0,
0,
5619.523,
4180.246,
183.8876,
1481.199,
28760.63,
859.5929,
6327.76,
0,
1191.081,
797.8895,
88.74747,
0,
0,
2365.562,
4125.521,
439.0744,
684.9893,
16880.22,
1893.222,
1579.23,
0,
2288.85,
1436.537,
15.5,
394.5338,
0,
615.2732,
509.1734,
190.3737,
298.0428,
9220.735,
332.6339,
946.5001,
0,
1279.905,
457.1706,
102.1073,
0,
0,
1378.679,
1616.043,
51.29544,
213.453,
6377.787,
1969.625,
5160.145,
0,
4235.995,
1332.801,
734.0696,
223.3419,
0,
8379.869,
3231.177,
29.85216,
977.477,
26274.35,
872.982,
2794.968,
0,
532.9924,
610.4732,
701.8317,
0,
0,
2340.897,
777.1838,
174.5729,
253.5753,
9059.477,
0,
0,
0,
0,
50573.29,
0,
0,
0,
0,
0,
0,
0,
50573.29,
37921.6,
113237.1,
0,
116299.4,
50573.29,
6807.048,
4097.117,
0,
141573.3,
86350,
3943.381,
22815.26,
583617.6,
2058, 
111.5984,
760.3005,
0,
2193.176,
819.6126,
48.94365,
0,
0,
1257.43,
1319.721,
442.38,
320.6023,
7273.765,
691.6649,
6835.633,
0,
12542.4,
3629.461,
318.5164,
26.94085,
0,
17711.6,
10602.9,
42.00306,
668.4049,
53069.52,
102.1942,
2669.452,
0,
1559.255,
528.6417,
34.67469,
49.8423,
0,
3446.776,
1166.66,
181.4128,
145.5186,
9884.427,
445.4295,
712.7903,
0,
468.1107,
834.721,
184.3177,
9.602437e-08,
0,
1083.5,
1085.554,
174.2354,
140.15,
5128.809,
519.4847,
3121.031,
0,
945.989,
1980.683,
456.5962,
0,
0,
4847.768,
3967.718,
0.0004911014,
2383.985,
18223.26,
459.8807,
2246.704,
0,
1253.339,
1654.407,
109.6871,
0,
0,
5592.649,
2819.941,
658.998,
548.0038,
15343.61,
65.11881,
4306.706,
0,
4373.208,
1056.244,
70.11836,
91.26904,
0,
7202.748,
3363.895,
51.59849,
353.9895,
20934.89,
160.7573,
3400.109,
0,
5576.159,
1137.245,
969.9313,
0,
0,
4976.436,
2579.216,
0.005628667,
1558.689,
20358.55,
438.1376,
1768.972,
0,
510.1456,
1924.959,
1197.815,
0,
0,
3131.817,
1649.977,
318.8473,
427.7106,
11368.38,
719.2437,
987.1782,
0,
514.2885,
246.8574,
64.61006,
38.61028,
0,
1101.156,
769.3239,
390.4331,
4.210227,
4835.912,
746.9066,
6042.734,
0,
4279.59,
6669.396,
167.2833,
824.3098,
0,
4416.935,
8674.671,
42.17235,
2440.905,
34304.9,
542.6893,
1156.838,
0,
1352.646,
1609.291,
24.1463,
16.02699,
0,
1782.16,
1048.851,
1.376018,
448.0936,
7982.117,
1714.927,
628.645,
0,
1804.806,
1781.708,
33.55356,
197.841,
0,
1642.279,
301.3858,
52.19379,
426.0764,
8583.415,
817.118,
371.2499,
0,
636.4059,
290.2253,
10.14396,
52.17828,
0,
1065.789,
645.4948,
0,
19.58589,
3908.19,
739.239,
1151.732,
0,
2478.633,
316.2991,
21.83397,
2.227959,
0,
2653.428,
825.8032,
0.1000973,
206.6028,
8395.898,
459.6677,
2374.919,
0,
10085.44,
1216.107,
14.82369,
6.107912e-07,
0,
1989.312,
1077.11,
442.5958,
735.6558,
18395.63,
226.277,
10485.45,
0,
13599.9,
56.20858,
31.6124,
123.3663,
0,
11117.03,
3410.577,
0.1431297,
264.5365,
39315.1,
13197.21,
21011.02,
0,
9142.651,
2800.568,
1185.568,
518.9713,
0,
18321.52,
7788.205,
85.10503,
1795.114,
75845.93,
342.5518,
458.7249,
0,
2007.094,
1875.427,
12.84484,
874.7671,
0,
288.8934,
607.5916,
8.373195,
279.6234,
6755.891,
4979.945,
17319.64,
0,
27405.46,
12714.73,
0.01975984,
823.5472,
0,
32436.51,
19573.52,
1.240193,
5322.039,
120576.6,
3064.413,
6539.198,
0,
3832.972,
3479.198,
181.602,
0,
0,
5561.739,
4508.911,
182.704,
1457.612,
28808.35,
839.8347,
6296.067,
0,
1182.803,
782.5175,
87.49148,
0,
0,
2332.789,
4354.93,
440.3864,
676.9757,
16993.79,
1855.027,
1514.639,
0,
2312.821,
1424.835,
15.46207,
392.5865,
0,
607.7182,
530.0006,
187.0101,
291.5676,
9131.668,
293.4234,
930.2989,
0,
1275.873,
460.1425,
102.014,
0,
0,
1459.277,
1667.179,
50.21509,
211.8846,
6450.309,
1914.413,
5167.997,
0,
4335.786,
1370.387,
712.181,
222.8372,
0,
9129.015,
3478.403,
29.64065,
972.5828,
27333.24,
875.0695,
2839.363,
0,
518.2029,
670.0703,
714.416,
0,
0,
2570.873,
825.1448,
176.1609,
256.2333,
9445.533,
0,
0,
0,
0,
51329.94,
0,
0,
0,
0,
0,
0,
0,
51329.94,
36322.22,
111097.4,
0,
116187.1,
51329.94,
6770.206,
4255.322,
0,
147727.1,
88642.68,
3959.331,
22356.35,
588647.8,
2059, 
111.6233,
757.6776,
0,
2138.35,
813.5342,
49.02328,
0,
0,
1285.031,
1297.245,
424.2573,
348.7676,
7225.508,
658.8145,
6688.653,
0,
12355.4,
3668.757,
315.0158,
20.56262,
0,
17981.52,
10636.84,
40.68082,
629.9122,
52996.15,
103.3778,
2578.26,
0,
1539.753,
517.0449,
34.61695,
49.86492,
0,
3555.252,
1202.433,
178.6579,
146.2545,
9905.515,
412.8156,
710.1077,
0,
471.2349,
833.2816,
177.3354,
9.335883e-08,
0,
1079.139,
1184.708,
175.3379,
137.8962,
5181.857,
497.1429,
3080.489,
0,
942.4281,
2054.808,
458.4508,
0,
0,
5143.769,
4037.104,
0.0004780608,
2308.817,
18523.01,
448.9276,
2212.826,
0,
1255.046,
1670.534,
103.9843,
0,
0,
5953.1,
2884.788,
660.3728,
533.8848,
15723.46,
63.05973,
4164.459,
0,
4416.987,
1048.144,
60.29985,
114.21,
0,
7887.951,
3348.053,
52.68866,
354.5901,
21510.44,
157.0297,
3370.616,
0,
5407.876,
1184.764,
960.3732,
0,
0,
5558.997,
2945.558,
0.005736255,
1564.066,
21149.29,
433.4366,
1763.176,
0,
499.591,
2072.376,
1223.437,
0,
0,
3408.071,
1682.482,
332.3221,
419.0196,
11833.91,
666.0953,
973.632,
0,
535.4557,
249.1046,
63.08665,
36.01665,
0,
1189.73,
805.3612,
388.6344,
4.024531,
4911.141,
709.19,
5971.187,
0,
4334.673,
6690.548,
119.4038,
848.3789,
0,
4423.602,
8627.023,
42.41641,
2402.235,
34168.66,
518.8057,
1130.459,
0,
1360.762,
1578.748,
23.36233,
29.47621,
0,
1787.166,
978.9299,
1.447872,
470.2534,
7879.411,
1651.103,
599.9093,
0,
1844.646,
1821.022,
32.82735,
197.9469,
0,
1670.248,
284.5138,
52.39169,
423.8881,
8578.496,
748.6725,
364.6659,
0,
626.1602,
285.0721,
9.388011,
50.49091,
0,
1130.984,
656.5351,
0,
18.79388,
3890.763,
713.9213,
1119.964,
0,
2425.422,
313.4236,
21.51367,
2.398559,
0,
2811.597,
894.2875,
0.09979399,
196.7621,
8499.389,
419.5525,
2281.88,
0,
9807.646,
1202.748,
14.84593,
5.677032e-07,
0,
2196.925,
1176.846,
465.5602,
703.199,
18269.2,
206.2145,
9956.605,
0,
13459.2,
60.32027,
31.3658,
118.6851,
0,
11679.83,
3733.102,
0.1418074,
265.1661,
39510.63,
13338.5,
20684.12,
0,
9419.271,
2869.396,
1183.487,
520.075,
0,
18517.06,
8006.776,
85.62815,
1782.156,
76406.47,
330.8042,
436.5518,
0,
2099.109,
1861.647,
12.57999,
861.4562,
0,
288.8853,
551.6818,
7.951362,
279.6289,
6730.295,
4178.586,
17004.3,
0,
27336.02,
12725.6,
0.01945408,
775.5191,
0,
33853.81,
19838.41,
1.218305,
5128.14,
120841.6,
2936.257,
6430.517,
0,
3793.158,
3515.541,
178.4719,
0,
0,
5513.454,
4866.946,
180.4133,
1420.994,
28835.75,
825.9049,
6262.676,
0,
1176.685,
771.8044,
85.82348,
0,
0,
2293.421,
4560.083,
439.0908,
679.562,
17095.05,
1812.999,
1454.716,
0,
2330.773,
1411.33,
15.52342,
392.7172,
0,
602.9788,
554.9454,
184.6678,
280.267,
9040.917,
251.2397,
913.7261,
0,
1253.664,
467.6536,
102.088,
0,
0,
1568.34,
1750.036,
49.10126,
208.8913,
6564.74,
1835.799,
5168.046,
0,
4442.675,
1408.812,
689.3664,
216.5483,
0,
9654.399,
3785.851,
29.96303,
972.9215,
28204.38,
870.0671,
2878.154,
0,
512.264,
730.3281,
726.2955,
0,
0,
2803.393,
872.5154,
176.6357,
269.5842,
9839.237,
0,
0,
0,
0,
51826.34,
0,
0,
0,
0,
0,
0,
0,
51826.34,
34899.95,
108957.4,
0,
115784.2,
51826.34,
6691.985,
4234.347,
0,
153838.6,
91163.05,
3969.686,
21949.67,
593315.3,
2060, 
111.2121,
754.6271,
0,
2075.111,
808.2205,
49.53681,
0,
0,
1313.104,
1310.261,
407.1906,
374.5348,
7203.799,
624.2302,
6562.138,
0,
12097.09,
3710.027,
312.6184,
17.67491,
0,
18214.29,
10646.41,
40.0436,
602.7249,
52827.24,
104.4504,
2490.213,
0,
1526.71,
508.0044,
34.35221,
49.10055,
0,
3687.509,
1206.311,
179.6376,
148.1791,
9934.468,
384.6103,
708.0016,
0,
472.6783,
832.2151,
170.3501,
9.202422e-08,
0,
1057.847,
1289.762,
177.3446,
136.511,
5229.32,
475.0594,
3041.731,
0,
937.0161,
2134.67,
459.7333,
0,
0,
5457.339,
4115.273,
0.0005012383,
2247.242,
18868.06,
437.117,
2183.92,
0,
1259.111,
1688.534,
99.12615,
0,
0,
6262.621,
2946.078,
659.7946,
533.5482,
16069.85,
61.23141,
4017.131,
0,
4548.287,
1039.323,
54.00537,
120.1124,
0,
8572.419,
3295.509,
52.98545,
354.0074,
22115.01,
155.1925,
3340.365,
0,
5144.006,
1233.869,
950.2394,
0,
0,
6380.118,
3224.902,
0.005529363,
1559.057,
21987.75,
434.0092,
1760.806,
0,
486.8033,
2209.149,
1248.612,
0,
0,
3661.899,
1781.273,
344.2095,
415.9988,
12342.76,
608.0848,
961.0157,
0,
556.0419,
251.8267,
61.78349,
34.79833,
0,
1287.515,
855.1563,
385.7106,
3.849591,
5005.783,
681.8286,
5900.246,
0,
4380.407,
6718.163,
113.1974,
856.4694,
0,
4496.844,
8666.55,
42.66713,
2362.241,
34218.61,
491.5849,
1102.552,
0,
1358.376,
1550.878,
22.69348,
45.69254,
0,
1782.668,
939.5182,
1.506625,
473.9487,
7769.418,
1584.528,
577.9927,
0,
1905.974,
1849.615,
32.15113,
198.0528,
0,
1705.161,
256.3489,
52.52875,
421.6864,
8584.039,
688.0987,
359.1217,
0,
622.5147,
280.0756,
8.754169,
48.74812,
0,
1194.569,
666.9587,
0,
17.90997,
3886.751,
684.7562,
1089.977,
0,
2373.851,
310.037,
20.81975,
2.480556,
0,
2961.776,
970.7126,
0.1018101,
190.331,
8604.843,
388.9498,
2193.365,
0,
9554.174,
1194.036,
14.8195,
5.239381e-07,
0,
2406.166,
1293.283,
488.3858,
667.2972,
18200.48,
185.6837,
9442.914,
0,
13347.07,
64.69176,
31.20607,
112.7523,
0,
12132.04,
4066.104,
0.1386923,
266.1474,
39648.76,
13016,
20342.53,
0,
10118.17,
2958.12,
1179.003,
521.1919,
0,
18714.56,
8176.867,
86.29259,
1768.057,
76880.79,
317.5423,
417.5837,
0,
2201.985,
1855.104,
12.28224,
843.5503,
0,
289.4656,
498.7967,
7.434391,
279.6098,
6723.355,
3535.473,
16682,
0,
27052.23,
12644.81,
0.01791457,
713.291,
0,
35426.77,
20057.44,
1.196106,
4970.996,
121084.2,
2769.434,
6324.909,
0,
3768.146,
3555.606,
175.2968,
0,
0,
5484.319,
5204.797,
180.2545,
1391.408,
28854.17,
809.2869,
6224.851,
0,
1170.974,
766.4553,
82.822,
0,
0,
2244.677,
4795.067,
443.6906,
676.2363,
17214.06,
1743.086,
1387.756,
0,
2285.348,
1417.998,
15.59748,
393.8106,
0,
599.0081,
627.508,
182.9776,
270.1144,
8923.204,
220.7465,
896.6943,
0,
1235.87,
480.5331,
101.8695,
0,
0,
1676.158,
1810.85,
49.17595,
203.6319,
6675.529,
1698.826,
5166.676,
0,
4574.038,
1450.296,
662.8198,
210.8685,
0,
10290.66,
4042.738,
29.83959,
976.2658,
29103.03,
863.0986,
2914.426,
0,
518.4958,
791.0844,
737.7404,
0,
0,
3066.947,
913.4865,
174.1702,
287.4397,
10266.89,
0,
0,
0,
0,
52303.34,
0,
0,
0,
0,
0,
0,
0,
52303.34,
33074.12,
106843.5,
0,
115570.5,
52303.34,
6651.448,
4168.594,
0,
160366.5,
93657.95,
3987.283,
21598.97,
598222.2,
2061, 
110.7058,
751.6688,
0,
2009.679,
802.6916,
50.01896,
0,
0,
1308.156,
1254.579,
375.1548,
425.8589,
7088.513,
586.0605,
6450.873,
0,
11664.89,
3741.844,
307.3467,
16.98171,
0,
18382.47,
10643.92,
40.27944,
622.7302,
52457.4,
105.3605,
2403.832,
0,
1514.56,
498.308,
34.09458,
48.37481,
0,
3833.315,
1222.062,
166.6591,
148.7153,
9975.281,
370.0631,
706.9338,
0,
473.628,
830.7204,
163.3303,
9.092946e-08,
0,
1029.463,
1369.303,
185.0349,
144.4052,
5272.882,
452.4585,
3001.69,
0,
933.5516,
2215.017,
461.2191,
0,
0,
5764.938,
4169.309,
0.0004843866,
2221.693,
19219.88,
423.7898,
2159.288,
0,
1265.646,
1707.122,
94.64802,
0,
0,
6505.479,
3018.792,
661.2862,
537.016,
16373.07,
59.54969,
3863.44,
0,
4688.938,
1033.022,
50.57928,
120.1767,
0,
9223.337,
3251.705,
53.36552,
353.4259,
22697.54,
155.61,
3319.643,
0,
4959.821,
1295.452,
952.2407,
0,
0,
7044.641,
3503.154,
0.005871705,
1569.934,
22800.5,
442.5869,
1766.463,
0,
482.8548,
2374.367,
1277.854,
0,
0,
3885.593,
1926.153,
354.2396,
416.3307,
12926.44,
540.47,
949.0572,
0,
579.0852,
255.0894,
60.62027,
34.4421,
0,
1397.491,
888.2606,
380.7827,
3.676109,
5088.975,
656.459,
5827,
0,
4437.317,
6736.275,
110.7198,
956.676,
0,
4513.363,
8631.551,
42.93156,
2317.674,
34229.96,
464.9601,
1073.428,
0,
1361.139,
1527.554,
21.8317,
66.78578,
0,
1788.984,
905.2471,
1.561438,
470.8143,
7682.306,
1522.442,
558.2491,
0,
1907.557,
1871.916,
31.15331,
198.1588,
0,
1745.641,
252.6452,
52.68798,
419.4856,
8559.937,
637.2796,
352.123,
0,
624.2742,
275.9474,
8.108788,
46.64943,
0,
1252.819,
682.7471,
0,
16.98558,
3896.934,
655.046,
1060.426,
0,
2313.07,
306.6617,
20.23761,
2.476097,
0,
3116.035,
1065.004,
0.1059032,
182.7305,
8721.792,
363.0193,
2087.127,
0,
9230.612,
1185.754,
14.46995,
4.739641e-07,
0,
2625.675,
1423.047,
508.6728,
626.5892,
18064.97,
163.0244,
8937.908,
0,
13260.25,
69.24081,
31.08561,
107.3516,
0,
12541.63,
4435.874,
0.1358463,
270.4926,
39816.99,
12485.07,
19976.5,
0,
11015.93,
3046.062,
1173.447,
521.9574,
0,
18912.42,
8231.438,
87.99121,
1788.725,
77239.54,
300.2714,
400.9513,
0,
2243.575,
1844.299,
11.82038,
825.6277,
0,
289.8942,
462.3877,
7.089101,
279.5944,
6665.51,
3025.103,
16354.16,
0,
26753.89,
12465.99,
0.01624122,
646.5362,
0,
36978.04,
20261.16,
1.172664,
4800.73,
121286.8,
2536.522,
6216.704,
0,
3812.373,
3593.847,
171.6799,
0,
0,
5491.292,
5493.193,
183.0954,
1363.287,
28861.99,
789.0696,
6176.368,
0,
1161.986,
762.9995,
78.90891,
0,
0,
2151.936,
5066.988,
444.3042,
669.972,
17302.53,
1641.019,
1331.139,
0,
2225.886,
1412.252,
15.67159,
399.238,
0,
604.9772,
693.5033,
184.5947,
277.9186,
8786.199,
197.0483,
879.125,
0,
1204.41,
496.283,
101.7204,
0,
0,
1823.67,
1850.213,
47.95677,
196.3085,
6796.735,
1523.031,
5168.417,
0,
4709.886,
1491.618,
636.8618,
208.9833,
0,
10815.27,
4340.708,
30.20794,
994.52,
29919.5,
855.437,
2969.767,
0,
538.0956,
851.4289,
754.1371,
0,
0,
3330.28,
947.9775,
172.7868,
304.4487,
10724.36,
0,
0,
0,
0,
52691.76,
0,
0,
0,
0,
0,
0,
0,
52691.76,
31061.46,
104742.3,
0,
115372.9,
52691.76,
6633.822,
4200.416,
0,
166356.8,
95990.92,
3982.103,
21424.06,
602456.6,
2062, 
110.2041,
748.4221,
0,
1945.605,
795.7582,
50.71872,
0,
0,
1353.878,
1248.614,
348.4585,
449.5202,
7051.178,
549.5618,
6353.678,
0,
11173.67,
3768.918,
300.7307,
17.82943,
0,
18453.92,
10609.63,
41.71065,
692.6888,
51962.34,
106.8624,
2322.981,
0,
1507.76,
485.3061,
33.97423,
48.66516,
0,
3991.276,
1206.376,
165.4237,
150.0135,
10018.64,
368.8803,
705.4965,
0,
472.9717,
831.556,
156.2692,
9.020467e-08,
0,
1022.565,
1432.917,
186.9462,
149.7789,
5327.38,
428.3158,
2959.196,
0,
931.5688,
2295.576,
462.614,
0,
0,
6080.559,
4146.691,
0.0005086504,
2251.429,
19555.95,
407.7793,
2139.592,
0,
1276.575,
1725.935,
89.85164,
0,
0,
6761.43,
3109.824,
664.0969,
540.8699,
16715.95,
58.35139,
3711.926,
0,
4782.027,
1027.991,
49.25066,
120.2409,
0,
9796.624,
3267.3,
54.24352,
352.6764,
23220.63,
155.661,
3297.891,
0,
4811.106,
1360.329,
959.4988,
0,
0,
7812.56,
3730.84,
0.005664222,
1584.523,
23712.41,
451.2621,
1774.707,
0,
492.5505,
2538.176,
1296.425,
0,
0,
4085.958,
2115.731,
354.0413,
421.6711,
13530.52,
487.6653,
937.4351,
0,
591.3132,
258.1735,
59.46569,
33.3233,
0,
1507.945,
927.3996,
372.0529,
3.726398,
5178.5,
630.9336,
5758.182,
0,
4504.061,
6757.43,
108.4281,
1027.596,
0,
4503.729,
8668.8,
43.2301,
2270.951,
34273.34,
439.9097,
1043.411,
0,
1354.374,
1506.45,
21.20757,
76.40872,
0,
1833.714,
936.8439,
1.563912,
432.4656,
7646.35,
1460.148,
540.5119,
0,
1917.729,
1891.47,
30.25127,
193.9631,
0,
1786.181,
247.777,
52.8635,
417.6285,
8538.523,
598.2883,
348.0193,
0,
622.1237,
273.2547,
7.595413,
44.37394,
0,
1303.328,
707.0652,
0,
16.25033,
3920.299,
625.9833,
1032.66,
0,
2244.875,
300.6427,
19.5432,
2.370627,
0,
3268.837,
1219.942,
0.1118185,
173.0033,
8887.969,
343.659,
2005.229,
0,
8917.857,
1177.297,
14.24955,
4.249771e-07,
0,
2838.857,
1563.415,
524.2184,
585.2631,
17970.04,
144.3381,
8469.813,
0,
13188.19,
74.03759,
30.5915,
101.9465,
0,
12918.85,
4767.42,
0.1326027,
272.8973,
39968.22,
11702.27,
19601,
0,
12147.44,
3130.356,
1164.896,
507.7242,
0,
19097.43,
8295.142,
86.87934,
1810.209,
77543.34,
281.8046,
387.9221,
0,
2255.759,
1838.509,
11.22095,
808.5907,
0,
290.5521,
433.0888,
6.93782,
279.5653,
6593.95,
2628.131,
16005.79,
0,
26580.16,
12293.89,
0.01452884,
593.8152,
0,
38630.35,
20386.88,
1.144654,
4623.705,
121743.9,
2355.734,
6114.785,
0,
3839.278,
3626.668,
167.602,
0,
0,
5507.862,
5723.784,
185.5186,
1340.609,
28861.84,
783.6879,
6125.186,
0,
1158.407,
760.8761,
74.68158,
0,
0,
2084.972,
5136.342,
475.3408,
698.2198,
17297.71,
1533.609,
1278.797,
0,
2170.879,
1414.999,
15.90516,
404.8126,
0,
612.8786,
748.6642,
186.2799,
286.9442,
8653.769,
181.5659,
860.895,
0,
1192.205,
512.8223,
101.6621,
0,
0,
1983.153,
1870.064,
46.57802,
184.8962,
6933.842,
1389.506,
5166.965,
0,
4892.813,
1531.12,
611.4504,
210.5547,
0,
11521.73,
4492.308,
29.79285,
1001.62,
30847.86,
838.6767,
3019.843,
0,
569.0112,
905.9081,
772.0682,
0,
0,
3560.449,
996.1381,
174.2148,
328.8047,
11165.11,
0,
0,
0,
0,
53083.45,
0,
0,
0,
0,
0,
0,
0,
53083.45,
29062.79,
102710.3,
0,
115540.3,
53083.45,
6610.167,
4192.215,
0,
172609.6,
97989,
4001.787,
21319.93,
607119.6,
2063, 
109.5675,
744.47,
0,
1880.078,
787.8451,
51.17362,
0,
0,
1427.559,
1203.739,
314.7363,
466.6117,
6985.78,
515.5441,
6265.91,
0,
10612.42,
3793.46,
296.9813,
20.0482,
0,
18518.28,
10576.14,
55.04948,
752.2869,
51406.11,
108.3684,
2247.068,
0,
1492.497,
469.29,
33.27113,
47.90509,
0,
4120.083,
1212.839,
166.2527,
154.2508,
10051.82,
377.449,
704.7448,
0,
472.242,
834.6534,
149.3617,
0.2930717,
0,
1032.404,
1473.802,
186.8405,
152.4626,
5384.254,
402.8637,
2915.875,
0,
929.3493,
2379.003,
462.8078,
0,
0,
6414.894,
4166.601,
0.0004843865,
2239.444,
19910.84,
389.8619,
2121.624,
0,
1292.88,
1747.429,
85.79579,
0,
0,
6966.907,
3219.694,
663.1684,
542.2635,
17029.62,
57.17453,
3565.231,
0,
4902.987,
1023.79,
48.84887,
81.82133,
0,
10273,
3331.431,
55.73063,
351.8589,
23691.88,
155.0337,
3277.35,
0,
4667.578,
1426.918,
970.8143,
0,
0,
8586.185,
4004.148,
0.006104016,
1601.27,
24689.3,
451.7644,
1784.976,
0,
508.2108,
2695.949,
1312.107,
0,
0,
4291.142,
2315.756,
360.1236,
421.2631,
14141.29,
436.6394,
927.1849,
0,
603.4766,
260.9413,
58.67352,
32.11982,
0,
1625.792,
960.1335,
361.7519,
3.781452,
5270.494,
600.9283,
5694.906,
0,
4536.252,
6774.078,
106.7341,
896.2911,
0,
4775.126,
8719.252,
43.27099,
2230.958,
34377.8,
413.5215,
1012.708,
0,
1351.365,
1485.529,
20.55867,
121.496,
0,
1865.711,
843.1507,
1.637883,
455.2119,
7570.89,
1389.762,
524.628,
0,
1942.529,
1907.889,
29.47212,
180.3566,
0,
1822.1,
253.6953,
51.54678,
414.2607,
8516.239,
567.2768,
344.2487,
0,
614.5109,
271.5887,
7.147028,
41.98393,
0,
1353.032,
734.0144,
0,
15.55093,
3949.354,
588.868,
1006.656,
0,
2177.202,
292.4013,
18.98191,
2.201386,
0,
3372.208,
1411.368,
0.1117868,
162.4437,
9032.44,
327.36,
1912.697,
0,
8583.017,
1165.497,
13.7932,
3.719568e-07,
0,
3043.066,
1707.33,
534.3846,
543.9723,
17831.12,
131.4783,
8046.049,
0,
13113.06,
78.66153,
29.86796,
96.82275,
0,
13269.12,
5051.947,
0.1292611,
275.6273,
40092.76,
10728.72,
19222.79,
0,
13688.09,
3231.037,
1152.756,
481.325,
0,
19192.68,
8318.931,
87.23457,
1814.526,
77918.1,
263.4022,
376.5653,
0,
2215.793,
1820.714,
10.56296,
792.4406,
0,
291.1946,
441.3556,
6.765807,
279.5523,
6498.346,
2315.552,
15673.05,
0,
26433.74,
12124.5,
0.01297109,
555.8307,
0,
39952.45,
20500.63,
1.123333,
4466.655,
122023.6,
2125.69,
6011.448,
0,
3892.24,
3666.165,
163.9036,
0,
0,
5506.208,
5991.265,
187.5049,
1313.293,
28857.72,
773.0268,
6074.948,
0,
1158.408,
761.9951,
69.01464,
0,
0,
2060.581,
5320.11,
473.2571,
688.5404,
17379.88,
1454.348,
1237.531,
0,
2128.839,
1400.773,
16.00584,
412.7636,
0,
615.1119,
785.531,
186.0858,
292.8792,
8529.868,
164.8719,
840.8935,
0,
1181.595,
530.9472,
101.9804,
0,
0,
2154.409,
1875.34,
46.48124,
174.6735,
7071.192,
1293.06,
5162.705,
0,
5071.948,
1571.84,
585.7291,
211.015,
0,
12055.9,
4729.02,
29.99234,
1012.403,
31723.62,
824.6157,
3069.187,
0,
594.2896,
955.4396,
789.8948,
0,
0,
3802.062,
1050.859,
177.0971,
348.9969,
11612.44,
0,
0,
0,
0,
53458.33,
0,
0,
0,
0,
0,
0,
0,
53458.33,
26966.75,
100765.5,
0,
116044.6,
53458.34,
6586.25,
3974.714,
0,
178387.2,
100198.1,
3990.284,
21175.04,
611546.7,
2064, 
108.9353,
739.5912,
0,
1818.53,
778.2807,
51.5246,
0,
0,
1459.383,
1155.125,
279.6057,
530.1591,
6921.134,
489.7902,
6182.396,
0,
10063.61,
3825.848,
292.1534,
24.0393,
0,
18547.69,
10494.12,
62.9,
889.0856,
50871.64,
109.4916,
2176.538,
0,
1461.484,
455.9941,
32.24678,
46.92963,
0,
4271.567,
1200.971,
167.162,
158.1606,
10080.54,
389.617,
703.9113,
0,
471.4233,
836.8219,
142.5092,
0.5923232,
0,
1046.292,
1514.482,
186.9836,
151.1467,
5443.78,
377.5611,
2872.181,
0,
927.3342,
2460.357,
462.5086,
0,
0,
6760.672,
4179.993,
0.0005086504,
2217.33,
20257.94,
371.2984,
2104.727,
0,
1310.906,
1769.837,
82.19498,
0,
0,
7155.851,
3324.161,
661.5067,
542.5481,
17323.03,
56.46666,
3426.552,
0,
4987.292,
1021.243,
48.78945,
77.909,
0,
10636.09,
3430.557,
56.11934,
333.4861,
24074.51,
154.0065,
3259.23,
0,
4613.522,
1503.32,
987.0253,
0,
0,
9554.963,
4018.563,
0.005757389,
1663.862,
25754.5,
446.3708,
1796.948,
0,
524.981,
2847.74,
1327.137,
0,
0,
4515.799,
2495.546,
367.1274,
413.3543,
14735,
400.8595,
918.2081,
0,
624.3974,
263.416,
57.60902,
31.65333,
0,
1746.023,
980.0758,
347.8267,
3.822229,
5373.891,
583.4202,
5633.242,
0,
4578.448,
6778.69,
104.7561,
972.4426,
0,
4725.145,
8776.096,
43.60971,
2199.706,
34395.55,
387.4432,
982.2896,
0,
1344.011,
1463.167,
19.84867,
102.7655,
0,
1956.13,
860.0434,
1.553231,
445.9822,
7563.234,
1318.097,
510.2626,
0,
1959.851,
1920.65,
28.5511,
180.3812,
0,
1849.102,
259.5706,
49.07767,
409.108,
8484.651,
539.1999,
340.8897,
0,
595.6991,
270.9814,
6.765416,
39.40516,
0,
1391.045,
770.2015,
0,
14.96625,
3969.154,
545.9388,
983.0397,
0,
2121.216,
287.6754,
18.46697,
5.383206,
0,
3409.78,
1558.52,
0.1088868,
180.2908,
9110.42,
315.5379,
1838.522,
0,
8265.824,
1159.183,
13.34502,
3.176724e-07,
0,
3275.383,
1871.761,
536.1337,
501.7018,
17777.39,
122.5023,
7664.607,
0,
13012.11,
83.17091,
29.18938,
92.67632,
0,
13672.62,
5311.802,
0.1268836,
278.2872,
40267.09,
9708.379,
18845.49,
0,
14947.84,
3334.903,
1144.425,
479.2257,
0,
19394.3,
8321.341,
86.61067,
1851.114,
78113.63,
247.4451,
367.3337,
0,
2181.872,
1820.427,
9.461042,
777.1788,
0,
292.8778,
438.8233,
6.593389,
279.5251,
6421.537,
2045.224,
15331.19,
0,
26315.69,
11974.36,
0.01128394,
524.3566,
0,
41178.14,
20618.42,
1.107847,
4292.49,
122281,
1922.043,
5910.295,
0,
3956.041,
3707.821,
159.8241,
0,
0,
5467.083,
6244.835,
189.5859,
1289.889,
28847.42,
764.6182,
6020.539,
0,
1161.203,
764.3328,
68.6894,
0,
0,
2081.304,
5424.995,
465.183,
703.1821,
17454.05,
1394.205,
1191.625,
0,
2094.127,
1393.98,
16.15996,
420.6677,
0,
615.6364,
804.7739,
185.1218,
298.7374,
8415.035,
148.1838,
818.5386,
0,
1177.002,
551.3475,
102.2475,
0,
0,
2343.689,
1861.82,
46.40477,
165.876,
7215.109,
1184.221,
5155.373,
0,
5285.769,
1612.828,
560.719,
218.5159,
0,
12665.37,
4844.433,
29.92203,
1048.942,
32606.1,
799.6419,
3114.1,
0,
628.962,
1004.958,
801.431,
0,
0,
4035.581,
1120.777,
184.1068,
367.429,
12056.99,
0,
0,
0,
0,
53891.34,
0,
0,
0,
0,
0,
0,
0,
53891.34,
24930.5,
98887.63,
0,
116429.1,
53891.34,
6567.59,
3994.122,
0,
184047.5,
101881.8,
3954.484,
21230.18,
615814.3,
2065, 
108.4365,
733.4364,
0,
1758.952,
768.356,
51.26985,
0,
0,
1506.14,
1108.121,
242.1055,
584.6151,
6861.432,
457.2342,
6098.416,
0,
9556.106,
3858.55,
289.6053,
30.43325,
0,
18574.93,
10293.67,
70.16718,
1060.52,
50289.63,
110.1088,
2111.097,
0,
1428.253,
442.3326,
31.13798,
47.07346,
0,
4407.154,
1204.158,
168.4572,
163.8621,
10113.63,
403.7366,
703.003,
0,
471.4644,
837.3677,
135.6898,
0.8883712,
0,
1063.79,
1550.026,
183.9121,
152.9996,
5502.877,
353.4135,
2827.694,
0,
927.6854,
2538.882,
461.8766,
0,
0,
7104.517,
4167.226,
0.0004843866,
2219.461,
20600.76,
352.9429,
2087.86,
0,
1333.136,
1792.375,
78.9986,
0,
0,
7332.21,
3446.822,
666.1506,
533.7792,
17624.28,
55.66104,
3296.12,
0,
5029.026,
1020.066,
48.49718,
77.12083,
0,
10895.79,
3542.024,
54.67628,
331.3555,
24350.33,
152.6798,
3244.165,
0,
4686.558,
1582.67,
1003.447,
0,
0,
10099.71,
4073.288,
0.006229325,
1752.799,
26595.32,
437.1896,
1810.174,
0,
545.4457,
2994.156,
1341.974,
0,
0,
4773.227,
2662.126,
366.0242,
411.7086,
15342.02,
377.0416,
910.2836,
0,
644.1862,
265.3424,
56.46068,
31.15337,
0,
1879.066,
992.0258,
330.5218,
3.86546,
5489.947,
571.3921,
5574.436,
0,
4617.566,
6767.255,
102.3476,
887.7007,
0,
4809.33,
8955.154,
43.96364,
2165.217,
34494.36,
361.9864,
951.8752,
0,
1331.185,
1438.671,
19.13655,
160.8409,
0,
1972.408,
803.8752,
1.474793,
438.4174,
7479.871,
1232.35,
497.3548,
0,
1972.483,
1929.239,
27.64156,
180.4145,
0,
1869.226,
273.3466,
49.1573,
405.3231,
8436.537,
515.7473,
337.3072,
0,
575.8132,
270.9889,
6.386707,
35.75938,
0,
1427.29,
804.1049,
0,
14.62262,
3988.02,
504.9599,
961.8651,
0,
2077.008,
288.9192,
18.007,
6.790154,
0,
3454.679,
1688.96,
0.1046627,
183.5162,
9184.81,
307.0269,
1773.745,
0,
7987.646,
1152.52,
12.37966,
2.617604e-07,
0,
3528.536,
2016.275,
541.2162,
456.9388,
17776.28,
117.4811,
7326.855,
0,
12875.52,
88.10606,
28.36972,
92.04754,
0,
14086.6,
5582.712,
0.1290047,
283.9731,
40481.8,
8849.525,
18465.36,
0,
16102.54,
3447.596,
1131.594,
525.6169,
0,
19552.48,
8299.812,
85.41553,
1880.7,
78340.64,
232.8625,
359.5047,
0,
2148.299,
1817.582,
8.996035,
762.8068,
0,
295.8159,
428.4399,
6.417505,
279.4025,
6340.126,
1813.568,
14990.39,
0,
26190.01,
11839.24,
0.009548489,
517.235,
0,
42301.15,
20605.71,
1.090479,
4122.434,
122380.8,
1760.173,
5811.647,
0,
4007.529,
3751.724,
155.9566,
0,
0,
5351.221,
6541.892,
191.4807,
1267.713,
28839.34,
766.9785,
5962.428,
0,
1167.821,
760.4917,
68.32498,
0,
0,
2111.232,
5480.688,
461.8332,
719.7681,
17499.57,
1340.247,
1156.08,
0,
2068.207,
1375.502,
16.11815,
428.4556,
0,
615.582,
809.2439,
186.9621,
305.101,
8301.498,
133.1602,
793.5785,
0,
1176.756,
574.761,
102.2074,
0,
0,
2529.17,
1830.206,
52.30709,
164.6663,
7356.813,
1117.643,
5143.894,
0,
5517.533,
1656.291,
537.2264,
226.639,
0,
13139.04,
5003.805,
29.88939,
1069.224,
33441.19,
771.7117,
3156.381,
0,
657.3457,
1054.861,
812.2808,
0,
0,
4242.307,
1209.003,
191.3658,
379.9332,
12475.19,
0,
0,
0,
0,
54313.84,
0,
0,
0,
0,
0,
0,
0,
54313.84,
23205.26,
97084.95,
0,
116854.1,
54313.84,
6545.94,
4010.976,
0,
188922.6,
103372.7,
3924.829,
21351.92,
619587.1,
2066, 
108.0461,
726.1107,
0,
1702.739,
758.5901,
51.00844,
0,
0,
1557.2,
1080.518,
203.4372,
618.3397,
6805.989,
427.6956,
6011.16,
0,
9098.489,
3893.686,
284.7798,
39.58974,
0,
18664.11,
10002.89,
76.55701,
1209.101,
49708.06,
109.413,
2049.151,
0,
1393.606,
430.9633,
30.13052,
47.23901,
0,
4533.41,
1213.869,
170.097,
169.9111,
10147.79,
409.1624,
701.5967,
0,
471.9151,
840.2648,
129.2131,
1.191329,
0,
1085.711,
1589.698,
183.8476,
150.4116,
5563.012,
330.0583,
2780.314,
0,
929.9974,
2612.489,
461.2676,
0,
0,
7493.711,
4122.724,
0.0005086504,
2221.612,
20952.17,
333.5296,
2067.501,
0,
1360.571,
1814.446,
76.51495,
0,
0,
7497.484,
3556.003,
678.0974,
522.1682,
17906.31,
55.11726,
3171.757,
0,
5037.761,
1017.449,
48.15229,
76.51756,
0,
11128.5,
3623.632,
57.1561,
329.9572,
24546,
152.6553,
3240.077,
0,
4850.602,
1675.988,
1030.723,
0,
0,
10650.38,
4103.157,
0.005757381,
1842.225,
27545.81,
427.8065,
1829.031,
0,
569.3607,
3142.613,
1364.958,
0,
0,
5037.797,
2804.951,
363.9593,
413.3343,
15953.81,
350.4401,
902.7321,
0,
663.7946,
267.3495,
55.25591,
31.37832,
0,
2017.752,
997.893,
311.068,
3.892318,
5601.556,
566.1741,
5513.678,
0,
4617.733,
6728.398,
100.1559,
857.5788,
0,
4764.531,
9275.467,
38.07146,
2120.116,
34581.9,
343.1457,
922.8148,
0,
1319.892,
1414.054,
18.51514,
184.9064,
0,
2020.592,
786.0634,
1.392527,
432.8223,
7444.198,
1149.771,
485.0229,
0,
1978.359,
1931.485,
26.71088,
180.8689,
0,
1882.299,
288.3626,
49.25772,
401.3588,
8373.496,
496.6888,
332.6842,
0,
550.8036,
271.4793,
7.720897,
32.81932,
0,
1460.586,
821.1661,
0,
14.34696,
3988.296,
463.5878,
942.5317,
0,
2056.548,
294.729,
17.53326,
6.613226,
0,
3486.297,
1806.973,
0.09882122,
175.1591,
9250.07,
301.6858,
1719.126,
0,
7760.689,
1151.828,
11.88688,
2.051656e-07,
0,
3787.122,
2137.456,
547.3547,
411.6416,
17828.79,
114.2242,
7017.396,
0,
12692.61,
92.95943,
27.40303,
91.33153,
0,
14501.79,
5812.601,
0.1311034,
286.405,
40636.85,
8069.241,
18083.38,
0,
17460.5,
3581.693,
1117.492,
535.6196,
0,
19693.37,
8178.736,
86.79067,
1873.311,
78680.13,
219.0191,
353.3358,
0,
2118.925,
1806.666,
8.61727,
748.8026,
0,
299.1584,
411.9804,
6.674246,
279.1981,
6252.377,
1631.469,
14647.05,
0,
26020.03,
11677.52,
0.007959594,
518.2797,
0,
43856.77,
20635.95,
1.054613,
3938.938,
122927.1,
1606.127,
5714.813,
0,
4032.092,
3784.583,
151.879,
0,
0,
5195.609,
6917.226,
189.833,
1242.345,
28834.51,
768.4417,
5893.768,
0,
1170.839,
766.0337,
67.60371,
0,
0,
2167.572,
5534.655,
463.9065,
723.1236,
17555.94,
1298.978,
1116.4,
0,
2049.813,
1362.659,
16.0595,
436.6392,
0,
613.3268,
817.2215,
187.4434,
299.2168,
8197.756,
118.6639,
766.9011,
0,
1176.036,
599.2713,
101.9941,
0,
0,
2717.972,
1835.883,
63.90785,
165.9512,
7546.581,
1046.844,
5129.46,
0,
5790.799,
1707.662,
516.9996,
235.5808,
0,
13697.83,
5170.126,
29.71272,
1074.257,
34399.27,
746.762,
3210.047,
0,
680.6563,
1107.229,
825.4459,
0,
0,
4435.553,
1326.779,
195.997,
386.8816,
12915.35,
0,
0,
0,
0,
54732.09,
0,
0,
0,
0,
0,
0,
0,
54732.09,
21644.75,
95327.84,
0,
117555.2,
54732.09,
6548.028,
4024.956,
0,
194246.4,
104852,
3905.852,
21306.03,
624143.1,
2067, 
107.3933,
717.9366,
0,
1650.282,
749.2132,
50.9807,
0.4987029,
0,
1614.72,
1057.721,
169.3019,
656.3229,
6774.37,
403.2522,
5921.496,
0,
8698.497,
3926.07,
278.5989,
49.97631,
0,
18792.91,
9709.521,
86.62449,
1344.521,
49211.47,
107.7106,
1992.45,
0,
1361.244,
423.273,
29.17659,
47.79536,
0,
4651.776,
1217.62,
170.7142,
175.4439,
10177.2,
408.3644,
700.1226,
0,
470.0018,
855.0593,
122.3246,
1.603037,
0,
1105.799,
1654.476,
179.5645,
143.7802,
5641.096,
307.4871,
2734.966,
0,
933.7908,
2674.341,
459.2439,
0,
0,
7866.429,
4052.768,
0.0004750072,
2239.582,
21268.61,
315.1975,
2044.177,
0,
1391.563,
1837.137,
74.6359,
0,
0,
7675.58,
3625.082,
695.6873,
510.4288,
18169.49,
54.48656,
3056.764,
0,
5048.432,
1015.771,
47.56466,
76.39447,
0,
11376.43,
3625.699,
53.80517,
335.4099,
24690.76,
152.84,
3238.038,
0,
5014.574,
1770.039,
1062.811,
0,
0,
11283.39,
4218.087,
0.006134947,
1904.096,
28643.88,
416.634,
1848.207,
0,
590.0388,
3285.629,
1391.159,
0,
0,
5299.243,
2892.465,
370.1532,
421.6574,
16515.19,
332.7692,
895.8558,
0,
682.5376,
269.0866,
54.22758,
32.683,
0,
2168.066,
990.9245,
289.3947,
4.090607,
5719.636,
570.3249,
5455.569,
0,
4598.213,
6666.412,
97.94161,
836.6071,
0,
4766.125,
9509.801,
38.22817,
2078.294,
34617.52,
324.2983,
895.0984,
0,
1314.539,
1391.383,
17.83764,
182.809,
0,
2074.721,
786.746,
1.46834,
427.2263,
7416.127,
1083.153,
472.7993,
0,
1978.586,
1932.685,
25.72161,
181.8913,
0,
1887.995,
302.5573,
49.49718,
397.835,
8312.721,
481.982,
329.4394,
0,
566.9505,
273.1276,
7.640869,
29.69001,
0,
1488.143,
830.0631,
0,
14.00405,
4021.041,
415.5815,
925.8766,
0,
2075.287,
303.7907,
17.12186,
5.177958,
0,
3541.88,
1856.825,
0.09155132,
160.7404,
9302.372,
299.4053,
1669.401,
0,
7582.329,
1152.255,
11.74204,
1.504999e-07,
0,
4047.423,
2221.807,
553.6561,
365.2673,
17903.29,
111.607,
6743.755,
0,
12511.65,
98.19351,
26.38242,
90.63111,
0,
14918.75,
5929.887,
0.1333493,
289.1241,
40720.11,
7477.442,
17713.47,
0,
18486.94,
3717.397,
1101.075,
568.7248,
0,
19836.94,
8137.324,
87.22731,
1866.503,
78993.05,
205.7439,
349.7548,
0,
2087.683,
1805.465,
8.33973,
735.1415,
0,
301.7201,
393.9155,
7.370831,
278.8554,
6173.99,
1490.604,
14287.23,
0,
25751.91,
11520.96,
0.006398247,
512.1282,
0,
45473.46,
20546.52,
1.029747,
3774.167,
123358,
1470.534,
5624.38,
0,
4068.73,
3814.293,
148.4852,
0,
0,
5119.596,
7127.667,
189.424,
1250.451,
28813.56,
754.1774,
5820.001,
0,
1169.765,
775.6966,
66.39278,
0,
0,
2207.637,
5641.02,
465.8973,
712.5728,
17613.16,
1257.893,
1083.371,
0,
2018.817,
1349.838,
15.89078,
444.9338,
0,
610.0007,
832.6846,
187.2693,
293.6357,
8094.334,
106.3555,
740.459,
0,
1180.257,
623.633,
101.795,
0,
0,
2916.609,
1751.137,
65.28213,
166.5186,
7652.046,
941.0637,
5113.477,
0,
6066.463,
1753.353,
500.0757,
248.6691,
0,
14300.76,
5383.306,
30.16461,
1052.43,
35389.76,
715.0342,
3255.828,
0,
702.2399,
1160.754,
840.4205,
0,
0,
4641.297,
1456.319,
197.3907,
389.8678,
13359.15,
0,
0,
0,
0,
55144.85,
0,
0,
0,
0,
0,
0,
0,
55144.85,
20311.34,
93629.92,
0,
118001.3,
55144.85,
6557.592,
4045.355,
0,
199967.4,
105751.9,
3889.383,
21252.82,
628551.9,
2068, 
107.4557,
708.3607,
0,
1607.031,
741.3418,
50.25996,
1.531685,
0,
1678.946,
1028.698,
135.9533,
698.1875,
6757.766,
377.1497,
5829.476,
0,
8369.9,
3955.93,
270.7765,
61.31453,
0,
19046.79,
9424.067,
91.56394,
1406.089,
48833.05,
105.7952,
1941.901,
0,
1334.22,
420.9655,
28.51077,
48.90083,
0,
4758.585,
1216.547,
169.8697,
179.5233,
10204.82,
400.4857,
698.7397,
0,
466.4698,
873.5934,
116.3358,
1.858401,
0,
1102.367,
1739.859,
178.4678,
142.4405,
5720.618,
287.6619,
2693.661,
0,
938.9701,
2724.6,
456.5932,
0,
0,
8277.125,
3930.542,
0.0004896984,
2250.3,
21559.45,
298.8103,
2017.274,
0,
1424.549,
1861.022,
73.54233,
0,
0,
7809.498,
3699.151,
711.6285,
499.6867,
18395.16,
53.47572,
2951.215,
0,
5051.775,
1012.058,
47.04014,
76.24616,
0,
11590.81,
3652.075,
56.37793,
345.2748,
24836.35,
153.69,
3238.956,
0,
5186.405,
1866.135,
1098.354,
0,
0,
11883.13,
4386.558,
0.005757391,
1941.302,
29754.54,
411.0006,
1867.918,
0,
613.1449,
3421.901,
1419.384,
0,
0,
5562.904,
2930.993,
373.4808,
466.1025,
17066.83,
326.5356,
889.9245,
0,
697.3094,
271.0769,
53.21105,
39.93346,
0,
2319.202,
986.8975,
263.0627,
4.057695,
5851.211,
591.6909,
5401.575,
0,
4606.287,
6592.808,
95.84503,
822.6284,
0,
4850.651,
9603.023,
38.46023,
2041.897,
34644.86,
308.4982,
868.6148,
0,
1302.009,
1367.462,
17.31507,
174.2772,
0,
2111.496,
801.4561,
1.510889,
423.1193,
7375.758,
1000.729,
459.4394,
0,
1988.646,
1929.661,
24.79502,
182.5049,
0,
1889.301,
318.7666,
49.63388,
398.9504,
8242.428,
469.3056,
326.3995,
0,
556.2175,
273.8948,
7.555022,
26.48665,
0,
1506.264,
831.0801,
0,
13.45132,
4010.655,
373.2988,
912.8679,
0,
2126.457,
312.8409,
16.65875,
2.857437,
0,
3599.659,
1853.438,
0.09274783,
138.2968,
9336.468,
298.6302,
1627.92,
0,
7466.475,
1139.474,
11.31829,
1.131639e-07,
0,
4316.956,
2269.941,
558.893,
317.7174,
18007.32,
109.6315,
6503.139,
0,
12340.38,
103.3223,
25.34352,
89.78788,
0,
15382.1,
5972.637,
0.1355329,
290.0988,
40816.57,
6990.884,
17366.9,
0,
19446.38,
3852.462,
1081.92,
649.7645,
0,
19984.05,
8002.003,
87.33273,
1861.171,
79322.86,
192.8448,
347.7827,
0,
2059.66,
1792.894,
8.168165,
721.8242,
0,
304.1218,
380.3339,
8.083637,
277.5955,
6093.309,
1389.857,
13939.86,
0,
25436.25,
11369.62,
0.004873791,
507.6951,
0,
46640.05,
20469.63,
1.007178,
3634.429,
123388.4,
1378.557,
5541.473,
0,
4071.044,
3840.484,
145.4243,
0,
0,
5053.644,
7290.186,
195.1749,
1276.934,
28792.92,
734.1182,
5741.125,
0,
1165.703,
781.0164,
65.31399,
0,
0,
2210.774,
5812.6,
473.6906,
692.6906,
17677.03,
1201.823,
1055.119,
0,
1977.554,
1347.208,
15.79189,
449.4148,
0,
611.2905,
854.8208,
188.6208,
290.1797,
7991.823,
95.61459,
715.6741,
0,
1186.527,
646.3093,
101.606,
0,
0,
3108.947,
1749.715,
72.42374,
168.5521,
7845.369,
840.1562,
5094.597,
0,
6321.486,
1799.556,
485.818,
262.255,
0,
14955.34,
5526.894,
29.92734,
1057.83,
36373.86,
680.1308,
3298.178,
0,
723.2608,
1213.055,
856.4211,
0,
0,
4842.955,
1604.908,
197.0394,
390.68,
13806.63,
0,
0,
0,
0,
55510.69,
0,
0,
0,
0,
0,
0,
0,
55510.69,
19177.83,
92038.08,
0,
118464.1,
55510.69,
6573.307,
4119.281,
0,
205397,
106336.8,
3882.438,
21206.56,
632706.1,
2069, 
107.8313,
698.2917,
0,
1577.235,
736.5628,
49.31563,
2.849441,
0,
1739.249,
995.6218,
107.0928,
746.8068,
6760.856,
352.0684,
5733.548,
0,
8112.793,
3984.904,
266.0413,
72.33516,
0,
19335.02,
9182.414,
105.3177,
1438.854,
48583.29,
103.0467,
1896.394,
0,
1317.409,
419.1146,
27.95572,
50.04914,
0,
4852.896,
1225.198,
170.6361,
183.807,
10246.51,
387.2725,
697.3637,
0,
464.3549,
891.7412,
111.3394,
2.101943,
0,
1093.383,
1810.12,
180.8214,
146.9736,
5785.472,
267.4908,
2653.527,
0,
945.8838,
2764.531,
453.1144,
0,
0,
8614.168,
3789.148,
0.0004710268,
2295.088,
21782.95,
282.9356,
1986.864,
0,
1459.119,
1886.92,
72.94424,
0,
0,
7985.028,
3740.386,
716.9658,
490.5488,
18621.71,
52.96379,
2858.217,
0,
5060.45,
1007.416,
46.38541,
76.09779,
0,
11795.14,
3711.389,
55.16224,
342.3905,
25005.62,
154.5885,
3242.211,
0,
5325.472,
1965.047,
1136.322,
0,
0,
12514.87,
4668.323,
0.006040559,
1947.9,
30954.74,
405.6581,
1887.813,
0,
643.6386,
3552.253,
1448.555,
0,
0,
5774.684,
2971.191,
399.6439,
498.1009,
17581.54,
314.2918,
884.0436,
0,
706.7542,
273.3984,
52.53864,
46.70107,
0,
2454.555,
963.4658,
238.0652,
4.024812,
5937.838,
612.3836,
5352.489,
0,
4615.848,
6518.875,
93.51686,
810.326,
0,
4896.689,
9588.599,
44.22293,
2065.842,
34598.79,
281.0854,
843.8517,
0,
1289.918,
1341.836,
16.90262,
166.3524,
0,
2103.782,
872.3796,
1.459852,
413.9201,
7331.488,
914.4511,
446.0016,
0,
1988.173,
1923.016,
23.80488,
182.9643,
0,
1893.51,
337.9567,
49.75248,
403.0544,
8162.685,
461.3118,
324.1412,
0,
551.4103,
274.0634,
7.373072,
23.98835,
0,
1525.414,
816.9121,
0,
12.92257,
3997.537,
342.1729,
902.873,
0,
2210.024,
316.0582,
16.15672,
0.8350571,
0,
3672.939,
1838.5,
0.09397017,
114.9998,
9414.653,
299.835,
1590.185,
0,
7373.836,
1111.545,
10.85943,
8.714543e-08,
0,
4554.969,
2301.366,
555.8206,
275.7538,
18074.17,
107.891,
6292.642,
0,
12237.55,
109.0045,
24.30286,
106.395,
0,
15677.55,
6034.968,
0.2781115,
300.6247,
40891.21,
6529.734,
17037.77,
0,
20342.86,
3983.162,
1062.5,
709.7564,
0,
20082.25,
7967.717,
87.35362,
1858.46,
79661.55,
180.0254,
346.6907,
0,
2024.733,
1774.449,
7.732489,
708.8512,
0,
306.7337,
374.8611,
8.601143,
276.2988,
6008.976,
1323.842,
13590.36,
0,
25062.36,
11196.67,
0.003339311,
503.6746,
0,
48140.18,
20219.57,
0.9840188,
3505.794,
123543.4,
1281.326,
5462.746,
0,
4086.856,
3862.946,
142.7798,
0,
0,
5022.375,
7425.121,
194.0718,
1300.204,
28778.42,
714.4781,
5654.95,
0,
1162.068,
794.9371,
64.181,
0,
0,
2172.269,
5959.063,
478.9898,
695.6929,
17696.63,
1149.797,
1031.93,
0,
1948.959,
1341.421,
15.80057,
451.861,
0,
612.9901,
876.2279,
189.7214,
283.9727,
7902.681,
87.78035,
692.4534,
0,
1198.152,
667.1948,
101.298,
0,
0,
3281.879,
1704.127,
76.20734,
177.2783,
7986.37,
739.5544,
5074.368,
0,
6589.856,
1847.306,
473.843,
278.5094,
0,
15460.1,
5696.79,
30.08409,
1067.762,
37258.17,
649.2415,
3334.656,
0,
728.6769,
1265.715,
873.4438,
0,
0,
5058.627,
1768.975,
193.7338,
388.3729,
14261.44,
0,
0,
0,
0,
55810.09,
0,
0,
0,
0,
0,
0,
0,
55810.09,
18103.06,
90516.38,
0,
119024.4,
55810.09,
6599.01,
4193.648,
0,
210621.3,
106840.4,
3885.086,
21235.45,
636828.8,
2070, 
108.3116,
687.7117,
0,
1559.953,
733.3641,
48.28301,
4.36664,
0,
1804.627,
954.2145,
83.15895,
791.4973,
6775.488,
326.8452,
5633.161,
0,
7981.327,
4015.096,
257.4715,
170.7194,
0,
19626.81,
8913.613,
105.5957,
1413.036,
48443.67,
100.1213,
1855.948,
0,
1324.785,
419.3545,
27.58237,
51.35798,
0,
4914.725,
1227.108,
171.2093,
189.5354,
10281.73,
368.3026,
696.5283,
0,
462.7425,
907.883,
106.6115,
2.369049,
0,
1079.049,
1901.191,
182.8465,
150.0102,
5857.533,
247.0505,
2616.343,
0,
953.0941,
2794.874,
448.8529,
0,
0,
8922.843,
3691.297,
0.0004754046,
2297.678,
21972.03,
266.5861,
1952.2,
0,
1495.221,
1915.314,
72.326,
0,
0,
8143.518,
3741.389,
714.4039,
504.8545,
18805.81,
52.09929,
2773.484,
0,
5071.286,
1004.091,
45.77018,
76.1222,
0,
11992.66,
3804.931,
57.95414,
326.6495,
25205.05,
155.9279,
3248.5,
0,
5424.351,
2069.401,
1175.102,
0,
0,
12979.23,
5011.26,
0.00574025,
1980.267,
32044.04,
400.1921,
1907.99,
0,
671.8784,
3676.98,
1474.562,
0,
0,
5993.39,
3064.482,
418.308,
514.1283,
18121.91,
304.6508,
878.1751,
0,
723.5615,
276.2259,
51.26969,
46.25504,
0,
2567.538,
966.462,
218.6684,
3.991964,
6036.799,
635.876,
5309.754,
0,
4658.809,
6440.066,
91.53521,
912.8019,
0,
4877.577,
9487.191,
45.70948,
2078.62,
34537.94,
249.6505,
820.6484,
0,
1264.826,
1318.433,
16.44307,
155.8313,
0,
2077.027,
976.9408,
1.492285,
400.1186,
7281.411,
833.0285,
432.2393,
0,
1982.208,
1911.261,
22.82852,
183.4413,
0,
1894.063,
356.4929,
50.91752,
408.4033,
8074.883,
454.8727,
321.3334,
0,
549.1194,
273.7354,
7.066696,
22.80584,
0,
1532.464,
798.0262,
0,
12.94382,
3972.367,
318.0831,
895.7253,
0,
2311.359,
310.8728,
15.74245,
0.1283423,
0,
3704.507,
1807.884,
0.09354945,
118.1927,
9482.589,
303.7847,
1554.703,
0,
7287.158,
1067.568,
10.51082,
6.736312e-08,
0,
4791.828,
2325.473,
550.4791,
246.2863,
18137.79,
106.5939,
6109.917,
0,
12122.47,
114.5327,
23.47977,
136.8613,
0,
15978.09,
6076.718,
0.2820208,
299.7924,
40968.73,
6041.17,
16726.62,
0,
21498.99,
4109.922,
1040.837,
826.9943,
0,
20052.36,
7928.295,
87.17019,
1823.197,
80135.56,
168.4107,
346.063,
0,
1983.603,
1739.433,
7.330846,
696.2231,
0,
308.6443,
382.0091,
9.0835,
274.5245,
5915.325,
1286.888,
13245.1,
0,
24620.81,
11022.23,
0.001775381,
496.2953,
0,
50034.59,
19887.49,
0.9571682,
3387.96,
123982.3,
1207.001,
5386.787,
0,
4115.604,
3882.81,
140.1799,
0.1405018,
0,
5039.169,
7419.42,
205.1566,
1354.906,
28751.17,
679.5789,
5568.233,
0,
1148.685,
815.1088,
63.00848,
0,
0,
2154.503,
6142.047,
466.3507,
699.0354,
17736.55,
1097.307,
1012.182,
0,
1938.007,
1325.684,
15.72567,
454.4586,
0,
615.7417,
894.9739,
190.9771,
277.4281,
7822.484,
80.39488,
671.8636,
0,
1214.553,
685.1699,
101.0235,
0,
0,
3434.531,
1678.189,
78.40707,
183.3109,
8127.443,
637.2279,
5054.363,
0,
6899.461,
1895.592,
463.5144,
307.8531,
0,
15924.69,
5857.486,
30.06003,
1072.478,
38142.73,
621.2209,
3363.448,
0,
736.8562,
1321.827,
890.2153,
0,
0,
5269.592,
1925.343,
188.5341,
384.8248,
14701.86,
0,
0,
0,
0,
56046.82,
0,
0,
0,
0,
0,
0,
0,
56046.82,
17051.18,
89069.02,
0,
120000.7,
56046.82,
6617.274,
4545.025,
0,
215713.8,
107219.9,
3857.822,
21193.67,
641315.3,
2071, 
108.5148,
676.4739,
0,
1552.694,
733.3047,
47.2771,
6.142851,
0,
1879.636,
905.1481,
63.38484,
832.1074,
6804.684,
310.3035,
5527.876,
0,
8026.691,
4049.764,
248.9942,
191.4735,
0,
19995.98,
8721.246,
105.9585,
1393.703,
48571.99,
96.46234,
1818.213,
0,
1327.895,
419.5569,
27.32071,
52.47924,
0,
4970.436,
1231.896,
173.1926,
196.8643,
10314.32,
350.5711,
695.5366,
0,
461.656,
922.9497,
102.2347,
2.59322,
0,
1057.68,
2001.073,
182.7985,
153.0933,
5930.186,
227.326,
2581.85,
0,
958.7338,
2811.691,
443.1053,
0,
0,
9218.557,
3633.645,
0.0004670367,
2255.726,
22130.63,
251.3644,
1915.387,
0,
1527.784,
1942.56,
71.81219,
0,
0,
8326.564,
3731.082,
707.0499,
530.5521,
19004.16,
51.40479,
2695.195,
0,
5050.186,
1000.924,
45.16149,
75.77782,
0,
12127.49,
3979.437,
55.11779,
323.01,
25403.71,
157.6759,
3262.74,
0,
5502.966,
2189.246,
1220.21,
0,
0,
13526.81,
5219.476,
0.005942845,
2021.255,
33100.39,
395.3528,
1930.759,
0,
705.6882,
3801.293,
1498,
0,
0,
6220.117,
3171.293,
432.7559,
531.3502,
18686.61,
311.8487,
871.6731,
0,
734.2073,
279.0135,
50.0541,
45.59742,
0,
2657.962,
955.386,
207.5123,
4.035005,
6117.29,
660.589,
5270.24,
0,
4770.08,
6357.228,
89.43762,
1082.32,
0,
4841.825,
9233.563,
45.98427,
2102.546,
34453.81,
216.7809,
798.6132,
0,
1232.823,
1296.3,
15.89444,
137.6729,
0,
2070.152,
1089.443,
1.539015,
385.9069,
7245.125,
758.08,
418.5033,
0,
1975.773,
1892.134,
21.84625,
183.9716,
0,
1898.681,
365.5611,
50.94974,
411.6147,
7977.114,
449.6411,
318.8557,
0,
550.6182,
275.7001,
6.698098,
25.70549,
0,
1538.069,
768.3328,
0,
12.94382,
3946.565,
298.503,
890.6631,
0,
2406.477,
297.4879,
15.40864,
0,
0,
3747.496,
1788.161,
0.09350567,
108.4653,
9552.756,
309.534,
1521.515,
0,
7242.478,
1018.069,
10.00476,
5.980625e-08,
0,
5015.179,
2328.205,
540.3472,
227.7511,
18213.08,
105.0805,
5941.338,
0,
12005.04,
119.7973,
22.44309,
142.2443,
0,
16276.05,
6146.078,
0.2855142,
298.9604,
41057.32,
5534.63,
16424.4,
0,
22269.45,
4222.371,
1018.876,
957.0516,
0,
20060.29,
8003.503,
87.16199,
1794.505,
80372.25,
157.0664,
345.0064,
0,
1931.991,
1708.494,
6.905999,
684.681,
0,
309.4043,
398.4471,
9.318895,
273.1764,
5824.491,
1264.246,
12924.39,
0,
24159.21,
10831.07,
0.001536449,
487.3584,
0,
52067.21,
19327.12,
0.9426885,
3306.638,
124368.2,
1153.138,
5308.26,
0,
4150.794,
3894.977,
137.8011,
0.6123232,
0,
5127.749,
7376.041,
210.4397,
1363.343,
28723.16,
639.8648,
5475.517,
0,
1136.74,
834.8812,
61.88846,
0,
0,
2122.856,
6247.846,
490.0758,
706.6434,
17716.31,
1050.034,
991.2038,
0,
1933.103,
1309.695,
15.71732,
455.8567,
0,
619.5754,
909.0781,
191.96,
270.7234,
7746.946,
74.59187,
653.3596,
0,
1234.8,
699.3488,
101.1091,
0,
0,
3567.356,
1686.811,
74.87955,
188.9709,
8281.228,
547.522,
5029.748,
0,
7124.617,
1945.766,
455.2256,
337.2833,
0,
16515.21,
5988.269,
30.09356,
1082.437,
39056.17,
596.9478,
3393.32,
0,
748.1511,
1383.04,
910.3409,
0,
0,
5483.824,
2119.063,
184.4792,
380.8551,
15200.02,
0,
0,
0,
0,
56236.66,
0,
0,
0,
0,
0,
0,
0,
56236.66,
16077.07,
87680.64,
0,
120720.6,
56236.66,
6643.769,
4868.821,
0,
221242.2,
107325.2,
3846.327,
21157.18,
645798.5,
2072, 
108.6421,
664.7224,
0,
1549.339,
734.4308,
46.3605,
7.533443,
0,
1938.94,
884.386,
49.18126,
851.6182,
6835.153,
298.228,
5420.444,
0,
8112.303,
4072.855,
242.1792,
199.5741,
0,
20448.7,
8440.839,
106.3815,
1406.85,
48748.35,
91.91831,
1784.233,
0,
1316.308,
419.8081,
27.05484,
53.06507,
0,
5044.808,
1235.885,
175.7989,
205.3565,
10354.24,
332.7722,
694.6927,
0,
461.9286,
935.1272,
98.09194,
2.83521,
0,
1041.27,
2089.351,
182.3782,
157.5897,
5996.037,
209.362,
2550.244,
0,
964.3369,
2822.627,
435.8415,
0,
0,
9496.93,
3648.476,
0.0004706915,
2173.736,
22301.55,
237.25,
1877.153,
0,
1557.372,
1970.96,
71.14013,
0,
0,
8458.326,
3731.801,
703.45,
547.6083,
19155.06,
50.76317,
2624.172,
0,
4961.856,
998.7706,
44.51015,
75.81355,
0,
12249.31,
4238.885,
57.85736,
320.083,
25622.02,
157.7165,
3276.849,
0,
5557.49,
2311.691,
1266.26,
0,
0,
14034.03,
5528.321,
0.0057574,
2062.453,
34194.81,
388.9306,
1952.191,
0,
737.1357,
3918.657,
1518.263,
0,
0,
6478.686,
3312.869,
448.5853,
525.3095,
19280.63,
309.0416,
865.3397,
0,
747.3702,
281.3243,
48.8859,
38.35121,
0,
2727.369,
966.7114,
209.8986,
4.179989,
6198.472,
679.0838,
5230.559,
0,
4908.477,
6287.229,
87.52628,
1130.563,
0,
4885.105,
9045.913,
46.24028,
2128.885,
34429.58,
182.8488,
779.3693,
0,
1200.768,
1272.75,
15.4478,
115.4688,
0,
2081.305,
1176.974,
1.525801,
369.8746,
7196.333,
678.6246,
406.384,
0,
1969.482,
1869.37,
20.99988,
184.5622,
0,
1906.141,
372.5614,
52.10447,
415.1673,
7875.397,
440.5647,
316.5276,
0,
558.9212,
274.185,
6.373491,
29.01407,
0,
1536.677,
734.7812,
0,
12.94384,
3909.988,
284.3622,
886.1132,
0,
2473.05,
282.0156,
15.03379,
0,
0,
3796.662,
1778.018,
0.0978308,
93.66479,
9609.017,
314.6378,
1489.86,
0,
7241.22,
955.2949,
9.453946,
5.550826e-08,
0,
5209.577,
2317.156,
523.005,
213.4028,
18273.61,
103.103,
5792.774,
0,
11885.16,
125.2794,
21.34629,
137.738,
0,
16573.68,
6248.477,
0.288729,
298.1975,
41186.05,
4977.534,
16143.25,
0,
22799.54,
4332.429,
997.3115,
1062.99,
0,
20097.1,
8188.387,
87.11579,
1788.648,
80474.31,
146.8295,
344.5969,
0,
1906.986,
1637.256,
6.465866,
668.5895,
0,
308.0887,
421.3567,
9.294237,
272.0466,
5721.511,
1249.748,
12619.45,
0,
23631.33,
10639.83,
0.001568546,
476.5436,
0,
53590.75,
19154.4,
0.9230657,
3235.371,
124598.4,
1098.539,
5229.71,
0,
4173.108,
3905.157,
135.6378,
1.554936,
0,
5159.37,
7427.403,
207.4114,
1374.068,
28711.96,
599.6892,
5378.584,
0,
1120.561,
863.1276,
60.18661,
0,
0,
2102.794,
6392.557,
488.421,
713.0677,
17718.99,
1010.533,
969.3379,
0,
1926.698,
1292.635,
15.74848,
455.0891,
0,
624.3727,
918.1382,
192.1359,
265.6553,
7670.343,
69.46522,
636.6743,
0,
1247.882,
711.9094,
101.088,
0,
0,
3673.553,
1743.243,
57.09137,
192.0828,
8432.989,
465.4816,
5004.154,
0,
7297.969,
1995.342,
447.2821,
360.7359,
0,
16957.01,
6128.584,
30.17447,
1108.955,
39795.69,
578.8479,
3413.413,
0,
760.007,
1447.164,
930.5178,
0,
0,
5699.302,
2284.83,
186.5233,
378.1884,
15678.79,
0,
0,
0,
0,
56357.23,
0,
0,
0,
0,
0,
0,
0,
56357.23,
15064.52,
86350.79,
0,
121066.6,
56357.23,
6669.008,
5000.022,
0,
226119.9,
108410.3,
3815.89,
21115,
649969.3,
2073, 
108.8348,
652.756,
0,
1544.674,
736.5931,
45.10501,
8.361488,
0,
1981.334,
928.6354,
47.62962,
814.1694,
6868.093,
288.3095,
5312.367,
0,
8198.18,
4094.877,
234.7197,
191.8679,
0,
20930,
8186.415,
106.8446,
1421.683,
48965.27,
87.68732,
1753.116,
0,
1299.556,
422.6278,
26.79635,
52.348,
0,
5117.779,
1250.784,
176.8578,
215.2347,
10402.79,
315.0764,
693.8218,
0,
466.7787,
945.5146,
94.18112,
3.586559,
0,
1048.93,
2138.437,
180.1159,
161.3997,
6047.842,
192.3223,
2521.584,
0,
971.123,
2827.35,
427.1643,
0,
0,
9720.467,
3662.801,
0.0004727482,
2103.061,
22425.87,
223.3854,
1840.928,
0,
1582.905,
1997.828,
70.80153,
0,
0,
8599.235,
3770.461,
712.1489,
549.7704,
19347.46,
49.89459,
2559.386,
0,
4863.529,
998.2264,
43.69681,
75.67381,
0,
12301.52,
4456.963,
55.72926,
316.7806,
25721.4,
157.6136,
3292.737,
0,
5600.009,
2432.697,
1310.845,
0,
0,
14913.22,
5750.297,
0.005851793,
2119.217,
35576.64,
381.0273,
1972.367,
0,
765.5246,
4025.849,
1536.913,
0,
0,
6755.919,
3447.035,
442.1839,
550.6949,
19877.51,
302.1129,
858.8011,
0,
759.9518,
284.0383,
47.7084,
30.66107,
0,
2775.475,
987.1346,
222.7591,
4.257863,
6272.9,
690.585,
5196.563,
0,
5036.931,
6215.29,
84.39366,
1067.16,
0,
4943.296,
9024.548,
46.48301,
2153.26,
34458.51,
149.1838,
763.0475,
0,
1166.123,
1253.47,
14.54328,
88.89677,
0,
2145.582,
1271.894,
1.521715,
347.6771,
7201.939,
610.3022,
395.8814,
0,
1957.779,
1840.861,
19.99997,
186.5081,
0,
1914.018,
378.7277,
54.00962,
416.0851,
7774.172,
432.4124,
313.6398,
0,
570.7491,
271.9005,
5.932309,
31.56568,
0,
1529.36,
701.4893,
0,
12.94386,
3869.993,
275.3764,
882.8912,
0,
2518.067,
272.2455,
14.7819,
0,
0,
3833.526,
1767.432,
0.1020651,
85.33645,
9649.758,
315.2955,
1457.125,
0,
7276.146,
874.5162,
8.865061,
5.108939e-08,
0,
5377.762,
2291.656,
497.4219,
212.1368,
18310.92,
101.8412,
5663.887,
0,
11770.82,
131.5402,
20.34237,
116.5728,
0,
16841.64,
6397.445,
0.2920806,
297.6168,
41342,
4496.523,
15876.13,
0,
23175.7,
4437.809,
974.1436,
1152.94,
0,
20025.69,
8485.387,
87.39639,
1790.336,
80502.05,
137.5188,
345.1342,
0,
1872.124,
1587.17,
5.95684,
642.0637,
0,
302.9293,
456.7028,
9.428207,
271.1682,
5630.196,
1242.619,
12311.95,
0,
23058.69,
10443.26,
0.001575876,
462.5849,
0,
54086.88,
19263.52,
0.9055888,
3181.684,
124052.1,
1052.206,
5150.573,
0,
4183.056,
3915.917,
133.3661,
4.392379,
0,
5171.24,
7529.595,
200.6865,
1363.423,
28704.46,
565.2653,
5281.771,
0,
1107.105,
897.2897,
57.51842,
0,
0,
2082.344,
6473.422,
501.1749,
742.132,
17708.02,
975.1432,
947.707,
0,
1924.942,
1270.918,
15.59534,
457.4546,
0,
627.4448,
926.3975,
191.8798,
256.2546,
7593.737,
64.7913,
621.5283,
0,
1256.624,
723.7316,
100.8225,
0,
0,
3677.528,
1797.747,
47.56599,
198.0919,
8488.431,
398.2484,
4979.379,
0,
7467.935,
2044.599,
438.8362,
380.0328,
0,
17090.42,
6254.869,
30.23503,
1181.327,
40265.88,
559.8135,
3427.178,
0,
776.3153,
1513.006,
948.7497,
0,
0,
5921.447,
2462.271,
192.0351,
376.9429,
16177.76,
0,
0,
0,
0,
56459.13,
0,
0,
0,
0,
0,
0,
0,
56459.13,
14173.39,
85072.24,
0,
121171.3,
56459.13,
6681.78,
4952.671,
0,
229715,
110062.1,
3805.413,
21142.68,
653235.7,
2074, 
107.9297,
641.088,
0,
1529.291,
739.5142,
43.91054,
8.743672,
0,
1990.272,
997.1011,
56.06348,
775.989,
6889.903,
279.2585,
5204.899,
0,
8241.987,
4116.567,
227.0356,
171.7053,
0,
21329.73,
7987.37,
107.2512,
1445.905,
49111.71,
83.06251,
1724.762,
0,
1287.434,
426.2824,
26.50069,
51.9449,
0,
5172.985,
1265.223,
176.0194,
221.8336,
10436.05,
297.4909,
692.9005,
0,
471.9627,
952.9955,
90.06099,
4.743427,
0,
1066.217,
2196.64,
180.1435,
157.4843,
6110.638,
175.8442,
2494.05,
0,
978.735,
2817.736,
417.9981,
0,
0,
9969.181,
3704.573,
0.0004756489,
2006.685,
22564.8,
210.3533,
1805.49,
0,
1605.348,
2018.002,
70.15714,
0,
0,
8643.229,
3856.019,
745.1224,
531.8919,
19485.61,
49.22166,
2501.161,
0,
4781.782,
998.1362,
42.83162,
76.27026,
0,
12456.51,
4554.121,
57.3073,
314.5176,
25831.86,
157.7691,
3310.019,
0,
5652.981,
2526.414,
1353.847,
0,
0,
15642.14,
6050.067,
0.005757402,
2142.915,
36836.16,
371.9746,
1989.949,
0,
791.5248,
4105.977,
1553.33,
0,
0,
7047.736,
3580.211,
455.0693,
559.2071,
20454.98,
289.0724,
852.2733,
0,
767.3088,
288.4896,
46.40888,
30.65665,
0,
2820.715,
999.5271,
239.3251,
4.613937,
6338.391,
697.2676,
5163.37,
0,
5139.258,
6147.915,
81.02074,
1017.509,
0,
4975.458,
9079.902,
46.73072,
2144.057,
34492.49,
131.4787,
749.1138,
0,
1132.866,
1234.579,
13.70305,
67.19581,
0,
2177.528,
1330.61,
1.538928,
327.2786,
7165.892,
553.0364,
385.9436,
0,
1962.465,
1808.68,
18.99836,
187.4611,
0,
1918.231,
379.6362,
52.48973,
420.3932,
7687.335,
430.6556,
311.0902,
0,
582.5076,
267.8636,
5.552341,
34.30426,
0,
1517.842,
669.3431,
0,
12.94387,
3832.103,
265.3232,
880.1722,
0,
2536.292,
275.6205,
14.55593,
0,
0,
3829.685,
1763.249,
0.1062494,
82.87875,
9647.883,
308.7808,
1426.979,
0,
7314.035,
789.0042,
8.278195,
4.656343e-08,
0,
5510.881,
2251.09,
466.8902,
232.0524,
18307.99,
100.9204,
5550.156,
0,
11630.94,
136.5325,
19.37938,
94.67851,
0,
17033.71,
6588.825,
0.295076,
297.0358,
41452.48,
4100.324,
15617.98,
0,
23855.19,
4518.905,
950.9598,
1284.692,
0,
19884.3,
8664.39,
87.29276,
1795.156,
80759.2,
129.0204,
347.3962,
0,
1822.952,
1526.614,
5.488922,
624.6095,
0,
300.0467,
491.1976,
9.414661,
268.4867,
5525.226,
1234.105,
12000.91,
0,
22432.45,
10261.99,
0.001585553,
444.0729,
0,
54420.12,
19488.56,
0.8883164,
3139.865,
123423,
996.7841,
5071.369,
0,
4183.846,
3924.051,
130.6685,
9.965778,
0,
5166.144,
7687.518,
197.0341,
1326.022,
28693.4,
533.1237,
5184.788,
0,
1103.974,
928.2906,
55.21154,
0,
0,
2042.197,
6524.101,
530.2324,
760.4416,
17662.36,
939.7414,
925.2804,
0,
1929.643,
1245.38,
15.46746,
461.0593,
0,
630.8721,
930.3267,
191.5911,
247.4584,
7516.819,
59.56646,
608.5907,
0,
1254.189,
734.5319,
100.1237,
0,
0,
3754.734,
1860.287,
46.71972,
196.5702,
8615.313,
363.5461,
4955.584,
0,
7662.975,
2084.986,
429.6009,
499.6039,
0,
17126.52,
6336.577,
30.3531,
1190.201,
40679.95,
539.9479,
3434.764,
0,
799.374,
1565.236,
963.3007,
0,
0,
6145.763,
2597.72,
197.3415,
383.259,
16626.71,
0,
0,
0,
0,
56440.29,
0,
0,
0,
0,
0,
0,
0,
56440.29,
13405.6,
83830.07,
0,
121451.3,
56440.29,
6684.393,
5069.216,
0,
232572.8,
111834.2,
3875.227,
20985.14,
656148.2,
2075, 
107.7543,
629.9479,
0,
1502.786,
741.8345,
42.84261,
8.532516,
0,
1970.653,
1087.441,
71.54065,
748.5471,
6911.878,
273.2844,
5098.725,
0,
8207.764,
4135.85,
219.5058,
95.99027,
0,
21590.25,
7914.542,
107.5322,
1521.339,
49164.79,
78.45798,
1697.941,
0,
1277.608,
432.2012,
26.28312,
52.10785,
0,
5233.558,
1252.17,
174.117,
228.0703,
10452.51,
281.3422,
691.8068,
0,
480.3773,
960.295,
86.0238,
7.01263,
0,
1093.355,
2242.031,
177.2578,
159.7299,
6179.231,
161.7101,
2468.169,
0,
985.7017,
2804.108,
408.1098,
0,
0,
10184.81,
3704.442,
0.0004766032,
1971.364,
22688.42,
199.2156,
1772.073,
0,
1623.233,
2036.156,
69.64864,
0,
0,
8673.155,
3963.397,
790.5079,
511.6108,
19639,
48.47286,
2448.451,
0,
4709.163,
999.0789,
41.78733,
76.73542,
0,
12641.77,
4658.228,
56.582,
312.1541,
25992.42,
158.8184,
3328.741,
0,
5688.136,
2624.67,
1386.157,
0,
0,
16187.32,
6279.444,
0.00575741,
2196.822,
37850.11,
362.2127,
2006.074,
0,
818.736,
4176.659,
1567.673,
0,
0,
7338.905,
3693.396,
472.6254,
569.922,
21006.21,
272.239,
845.5511,
0,
770.7762,
293.4789,
45.20977,
30.69885,
0,
2867.245,
1008.759,
256.0599,
4.962738,
6394.981,
700.4278,
5130.169,
0,
5181.202,
6081.536,
78.67397,
965.2223,
0,
5006.734,
9192.968,
46.38239,
2132.77,
34516.09,
121.2265,
736.3615,
0,
1104.908,
1214.449,
12.936,
49.94458,
0,
2201.766,
1367.885,
1.554302,
307.8451,
7118.876,
499.1708,
376.8525,
0,
1985.436,
1773.464,
18.13336,
188.7411,
0,
1916.882,
379.7765,
49.73238,
419.0827,
7607.271,
427.8189,
308.3033,
0,
604.8659,
262.0566,
5.19428,
36.75433,
0,
1504.065,
635.7466,
0,
12.94387,
3797.749,
255.7452,
875.9661,
0,
2526.965,
291.1707,
14.27206,
0,
0,
3888.849,
1769.004,
0.110676,
78.05145,
9700.134,
292.7234,
1399.294,
0,
7316.529,
739.4512,
7.753254,
4.317105e-08,
0,
5619.663,
2176.203,
427.6898,
266.4236,
18245.73,
100.3337,
5448.157,
0,
11481.58,
141.1799,
18.43415,
82.52621,
0,
17298.12,
6770.125,
0.2976067,
297.0356,
41637.79,
3766.249,
15373.45,
0,
24367.54,
4593.183,
925.8934,
1401.11,
0,
19876.12,
8743.563,
87.3595,
1807.466,
80941.93,
120.9942,
350.6673,
0,
1770.533,
1461.063,
5.261614,
607.5811,
0,
297.5795,
525.0323,
9.49331,
266.3391,
5414.545,
1224.924,
11705.5,
0,
21775.04,
10100.43,
0.001597866,
423.1821,
0,
54667.37,
19848.45,
0.8749237,
3088.64,
122834.4,
935.6165,
4991.188,
0,
4152.576,
3936.884,
128.1775,
15.41906,
0,
5159.126,
7867.345,
189.3323,
1286.668,
28662.33,
504.903,
5090.855,
0,
1094.641,
961.0385,
54.13792,
0.011036,
0,
1997.977,
6690.544,
533.5734,
767.7678,
17695.45,
903.3322,
902.0116,
0,
1940.42,
1219.432,
15.24799,
458.1743,
0,
635.2364,
935.5685,
191.4629,
241.3038,
7442.189,
54.7305,
597.1814,
0,
1239.208,
744.5922,
99.16975,
0,
0,
3855.04,
1915.335,
47.5248,
193.3245,
8746.106,
314.8472,
4933.99,
0,
8012.07,
2124.052,
419.5826,
473.1811,
0,
17132.38,
6400.703,
30.36046,
1309.487,
41150.66,
518.4093,
3440.273,
0,
822.7003,
1616.418,
970.7793,
0,
0,
6363.095,
2741.573,
203.4963,
386.5434,
17063.29,
0,
0,
0,
0,
56464.73,
0,
0,
0,
0,
0,
0,
0,
56464.73,
12684.96,
82647.7,
0,
121440.5,
56464.73,
6666.89,
4972.924,
0,
235201,
113763.7,
3925.474,
21086.21,
658854.1,
2076, 
107.3917,
618.9522,
0,
1467.754,
741.5265,
41.87536,
7.750724,
0,
1937.041,
1183.364,
91.81483,
714.3328,
6911.803,
268.3045,
4991.561,
0,
8086.737,
4153.234,
211.6,
93.99742,
0,
21694.04,
8048.36,
74.12276,
1551.854,
49173.81,
74.62653,
1671.416,
0,
1267.02,
439.7432,
26.12157,
51.25824,
0,
5314.6,
1271.575,
173.1445,
233.6631,
10523.17,
262.1985,
690.1867,
0,
488.309,
966.0999,
82.14606,
9.410852,
0,
1131.038,
2238.181,
179.1495,
162.8486,
6209.568,
148.7019,
2440.449,
0,
995.3622,
2781.999,
398.0038,
0,
0,
10395.03,
3672.046,
0.0004771785,
1951.848,
22783.44,
188.2786,
1739.146,
0,
1635.514,
2050.642,
69.26289,
0,
0,
8704,
4012.631,
833.8323,
508.5378,
19741.85,
47.63894,
2398.068,
0,
4643.301,
1000.728,
40.74092,
77.02437,
0,
12804.82,
4752.324,
57.67499,
310.5876,
26132.91,
161.963,
3351.023,
0,
5725.355,
2737.923,
1421.46,
0,
0,
16780.46,
6647.211,
0.00575741,
2221.161,
39046.56,
352.6415,
2022.442,
0,
848.847,
4239.952,
1583.678,
0,
0,
7629.486,
3765.803,
522.6669,
583.256,
21548.77,
251.5452,
837.9447,
0,
770.7831,
299.3121,
44.10204,
30.67423,
0,
2919.405,
1007.891,
271.2547,
5.278547,
6438.191,
700.6863,
5094.109,
0,
5168.969,
6013.839,
77.08047,
968.5582,
0,
5046.781,
9289.343,
40.84747,
2103.043,
34503.26,
115.2824,
723.9995,
0,
1083.035,
1194.896,
12.1932,
36.61822,
0,
2213.688,
1400.915,
1.559928,
291.4181,
7073.606,
442.8156,
367.076,
0,
2008.754,
1738.149,
17.29411,
189.9362,
0,
1910.203,
379.4024,
49.36235,
421.891,
7524.884,
410.7396,
305.4677,
0,
636.6635,
262.5464,
4.864675,
37.85817,
0,
1486.664,
606.9583,
0,
12.94386,
3764.706,
244.2449,
870.3123,
0,
2495.319,
315.2654,
13.9245,
0,
0,
3887.02,
1776.391,
0.1148525,
78.23615,
9680.827,
271.4388,
1373.362,
0,
7246.264,
781.499,
7.299577,
4.205021e-08,
0,
5741.326,
2087.832,
386.6679,
313.0371,
18208.73,
99.63187,
5348.235,
0,
11340.72,
145.5366,
17.54687,
67.86621,
0,
17556.27,
6987.887,
0.2854784,
295.4821,
41859.46,
3446.974,
15119.31,
0,
24823.98,
4653.656,
903.0541,
1501.032,
0,
19908.26,
8760.281,
87.26277,
1811.608,
81015.41,
113.7559,
354.8274,
0,
1722.826,
1392.936,
5.096782,
590.9998,
0,
294.3129,
557.9741,
9.514121,
262.2274,
5304.471,
1208.19,
11410.57,
0,
21145.24,
9943.595,
0.0016348,
394.4388,
0,
54606.38,
20470.26,
0.8464285,
3034.553,
122214.1,
857.303,
4906.73,
0,
4079.679,
3953.181,
125.7701,
20.69275,
0,
5158.964,
8008.58,
189.5477,
1290.117,
28590.56,
485.6299,
4994.615,
0,
1087.749,
989.9191,
53.47572,
0.0642361,
0,
1980.705,
6758.81,
529.7516,
777.5295,
17658.25,
872.9709,
877.566,
0,
1949.624,
1194.923,
15.102,
456.4821,
0,
639.0712,
929.5459,
191.7847,
237.9907,
7365.061,
50.73946,
586.2305,
0,
1221.074,
753.9037,
98.4341,
0,
0,
3975.315,
1924.675,
48.53135,
190.1564,
8849.059,
275.7169,
4909.082,
0,
8440.022,
2162.96,
408.8935,
449.3634,
0,
17011.09,
6463.092,
30.48407,
1428.449,
41579.16,
497.9566,
3446.853,
0,
854.4551,
1671.284,
979.345,
0,
0,
6587.604,
2876.366,
209.3668,
394.5044,
17517.74,
0,
0,
0,
0,
56579.25,
0,
0,
0,
0,
0,
0,
0,
56579.25,
11957.37,
81449.53,
0,
121233.4,
56579.25,
6658.367,
4984.026,
0,
237313.6,
115877.7,
3979.594,
21186.55,
661219.3,
2077, 
106.7219,
608.7101,
0,
1427.547,
739.7839,
41.09393,
5.642735,
0,
1890.188,
1311.087,
113.3365,
665.6697,
6909.781,
264.0486,
4885.981,
0,
7857.109,
4165.097,
204.4304,
90.08773,
0,
21572.77,
8461.385,
61.14112,
1564.109,
49126.16,
71.39951,
1646.2,
0,
1254.547,
450.0461,
25.85073,
51.06882,
0,
5379.814,
1292.748,
171.3129,
239.6421,
10582.63,
240.5171,
687.7435,
0,
496.695,
972.1442,
78.26605,
11.43611,
0,
1155.011,
2234.63,
182.2834,
172.2615,
6230.988,
136.8701,
2414.218,
0,
1004.938,
2757.114,
386.5406,
0,
0,
10570.53,
3605.22,
0.0004758848,
1964.335,
22839.77,
179.2657,
1706.862,
0,
1646.723,
2064.096,
68.70081,
0,
0,
8721.616,
4065.31,
872.6251,
502.4015,
19827.6,
46.96855,
2350.944,
0,
4575.003,
1002.649,
39.62876,
77.01915,
0,
12942.71,
4826.105,
57.45457,
309.1548,
26227.64,
166.4554,
3372.073,
0,
5761.742,
2854.561,
1455.832,
0,
0,
17408.28,
6907.376,
0.00575741,
2274.549,
40200.88,
342.4912,
2036.5,
0,
882.3245,
4290.672,
1595.428,
0,
0,
7919.718,
3859.419,
559.7178,
598.4405,
22084.71,
232.7757,
830.353,
0,
770.7217,
305.4807,
42.99209,
30.71475,
0,
2975.134,
996.5265,
279.2238,
5.517108,
6469.439,
698.2714,
5060.216,
0,
5141.634,
5935.774,
75.84607,
966.748,
0,
5041.258,
9401.514,
43.90455,
2085.179,
34450.34,
111.5265,
712.3822,
0,
1063.565,
1178.934,
11.45862,
27.24948,
0,
2221.384,
1419.751,
1.561596,
279.2356,
7027.049,
388.1726,
356.4659,
0,
2025.868,
1703.927,
16.51808,
191.2067,
0,
1904.292,
380.2162,
49.06663,
425.3167,
7441.05,
373.8661,
302.7545,
0,
669.447,
292.3828,
4.598309,
37.57618,
0,
1474.884,
580.8691,
0,
12.94385,
3749.321,
231.3797,
856.9681,
0,
2442.677,
339.5216,
13.5715,
0,
0,
3904.077,
1774.318,
0.1148524,
85.56745,
9648.195,
253.6017,
1348.804,
0,
7093.094,
859.5169,
7.022677,
4.320234e-08,
0,
5855.559,
2003.657,
345.8689,
357.2605,
18124.38,
98.68162,
5253.716,
0,
11227.77,
148.6386,
16.76705,
61.73375,
0,
17759.34,
7253.92,
0.1691022,
288.5636,
42109.3,
3127.344,
14876.45,
0,
25278.92,
4698.084,
877.4274,
1598.672,
0,
19926.63,
8822.615,
87.68534,
1815.663,
81109.48,
107.888,
359.2584,
0,
1674.848,
1326.348,
5.037284,
572.5702,
0,
292.1913,
592.6605,
9.579051,
258.8196,
5199.201,
1178.49,
11107.57,
0,
20575.16,
9813.279,
0.001665686,
367.7348,
0,
54714.49,
20549.82,
0.8228271,
2991.194,
121298.6,
772.2862,
4820.519,
0,
4006.017,
3977.023,
123.3036,
26.79529,
0,
5165.762,
8140.87,
190.3624,
1286.664,
28509.6,
468.8954,
4903.304,
0,
1074.602,
1013.407,
53.10712,
0.2289092,
0,
1999.775,
6841.076,
519.4742,
780.9734,
17654.84,
842.2209,
853.6851,
0,
1962,
1171.707,
14.89455,
456.8362,
0,
642.5901,
911.9681,
192.3899,
241.5415,
7289.834,
46.22874,
575.8625,
0,
1206.806,
763.6227,
97.6159,
0,
0,
4085.295,
1903.637,
59.82103,
193.4184,
8932.308,
244.4213,
4885.192,
0,
8879.476,
2200.86,
397.6266,
470.0855,
0,
16860.64,
6478.025,
30.5239,
1541.25,
41988.1,
476.2962,
3447.893,
0,
887.0977,
1725.259,
987.3831,
0,
0,
6841.159,
3001.082,
214.1886,
401.5599,
17981.92,
0,
0,
0,
0,
56749.93,
0,
0,
0,
0,
0,
0,
0,
56749.93,
11207.08,
80260.62,
0,
120886.3,
56749.93,
6640.943,
5043.406,
0,
239225.1,
117615.8,
4042.635,
21341.23,
663013.1,
2078, 
105.687,
599.3825,
0,
1390.95,
739.5449,
40.4872,
3.69367,
0,
1870.759,
1411.814,
128.2362,
623.4562,
6914.01,
260.4684,
4782.95,
0,
7545.321,
4178.54,
198.3356,
83.64943,
0,
21411.3,
8937.43,
60.86306,
1574.457,
49033.31,
67.48826,
1622.9,
0,
1229.571,
470.4702,
25.69184,
51.70891,
0,
5441.558,
1332.858,
170.9122,
246.6777,
10659.83,
220.0734,
684.2805,
0,
499.1788,
977.4788,
74.6675,
12.76589,
0,
1150.947,
2239.04,
195.2654,
182.659,
6236.357,
126.0458,
2388.737,
0,
1012.449,
2735.219,
374.8526,
0,
0,
10723.26,
3576.648,
0.000476615,
1968.714,
22905.92,
171.8809,
1675.638,
0,
1654.567,
2075,
68.11007,
0,
0,
8729.463,
4175.792,
907.9695,
492.8589,
19951.28,
46.3042,
2305.776,
0,
4503.542,
1006.747,
38.48698,
77.42802,
0,
13050.32,
4892.097,
57.5164,
312.0017,
26290.22,
170.4303,
3392.241,
0,
5821.265,
2971.389,
1487.739,
0,
0,
18161.6,
7191.428,
0.00574883,
2296.924,
41493.03,
332.1651,
2048.425,
0,
916.0986,
4332.215,
1602.031,
0,
0,
8260.047,
4003.166,
562.9411,
614.2554,
22671.35,
221.1679,
822.775,
0,
766.9292,
311.4234,
41.84665,
38.33056,
0,
3021.212,
977.1044,
279.296,
5.892242,
6485.978,
691.9761,
5026.422,
0,
5151.096,
5858.92,
74.61514,
1044.753,
0,
5004.256,
9351.219,
47.60897,
2088.315,
34339.18,
106.4629,
701.2376,
0,
1045.372,
1166.003,
10.81251,
23.12583,
0,
2220.714,
1433.44,
1.573427,
272.338,
6981.079,
332.2218,
345.5396,
0,
2033.187,
1670.301,
15.9545,
192.5565,
0,
1903.681,
380.2944,
48.78839,
433.3642,
7355.888,
325.5339,
300.6897,
0,
702.1454,
372.0128,
4.389172,
36.06088,
0,
1463.313,
553.9034,
0,
12.94385,
3770.992,
218.3677,
846.7816,
0,
2392.166,
366.0606,
13.07654,
0,
0,
3872.53,
1762.921,
0.1145971,
103.5798,
9575.598,
239.1218,
1326.602,
0,
6879.488,
975.8707,
6.77281,
5.004276e-08,
0,
5999.72,
1899,
304.0616,
413.6724,
18044.31,
97.72517,
5162.023,
0,
11078.71,
155.2142,
16.08289,
55.132,
0,
17874.84,
7487.871,
0.1392663,
287.2774,
42215.02,
2834.75,
14632.22,
0,
25686.71,
4737.517,
851.2871,
1682.819,
0,
20092.37,
8745.063,
88.72507,
1822.4,
81173.86,
102.9672,
362.9718,
0,
1629.765,
1262.056,
4.97191,
552.9833,
0,
294.7821,
618.0837,
9.609696,
258.7174,
5096.909,
1174.565,
10835.2,
0,
20069.48,
9716.45,
0.001722049,
340.1062,
0,
54683.32,
20647.48,
0.794804,
2951.477,
120418.9,
687.3229,
4732.512,
0,
3926.399,
4008.812,
120.6094,
31.87161,
0,
5179.58,
8245.673,
191.353,
1281.024,
28405.16,
451.6949,
4815.461,
0,
1055.792,
1033.926,
52.97783,
0.6588016,
0,
2025.238,
6901.406,
521.147,
781.507,
17639.81,
813.7796,
830.3384,
0,
1972.222,
1149.214,
14.74983,
460.7292,
0,
644.6829,
886.8126,
193.5196,
245.9169,
7211.965,
42.77235,
565.8406,
0,
1194.644,
773.8967,
96.59586,
0,
0,
4179.81,
1885.632,
74.3625,
198.3099,
9011.864,
210.314,
4862.168,
0,
9267.074,
2238.112,
385.515,
490.0513,
0,
16749.14,
6511.237,
30.6059,
1650.378,
42394.6,
455.0192,
3445.997,
0,
922.233,
1775.341,
994.4291,
0,
0,
7078.735,
3148.844,
217.3234,
404.2061,
18442.13,
0,
0,
0,
0,
57057.73,
0,
0,
0,
0,
0,
0,
0,
57057.73,
10506.31,
79115.11,
0,
120346.4,
57057.73,
6615.09,
5178.423,
0,
241087.2,
119196.3,
4092.733,
21523.32,
664718.5,
2079, 
104.6469,
590.8055,
0,
1360.987,
738.7507,
40.27361,
2.063465,
0,
1858.093,
1498.958,
136.8999,
583.0961,
6914.575,
257.4995,
4680.366,
0,
7162.556,
4187.545,
193.4636,
74.9084,
0,
21351.53,
9397.716,
60.78431,
1578.089,
48944.45,
64.00229,
1601.104,
0,
1196.765,
495.6813,
25.37789,
52.04391,
0,
5522.14,
1349.256,
169.9613,
253.0894,
10729.42,
202.0783,
680.0138,
0,
502.7952,
982.1814,
71.1041,
14.30343,
0,
1154.094,
2231.184,
201.376,
196.6196,
6235.75,
116.0252,
2363.251,
0,
1019.229,
2710.383,
362.9778,
0,
0,
10899.01,
3493.651,
0.0004773258,
1986.845,
22951.38,
165.7892,
1644.316,
0,
1660.826,
2084.063,
67.428,
0,
0,
8692.33,
4209.821,
947.0035,
497.5356,
19969.11,
45.68262,
2261.927,
0,
4445.98,
1014.34,
37.24548,
78.39922,
0,
13152.54,
4909.227,
57.43609,
330.1562,
26332.94,
174.3431,
3413.431,
0,
5835.354,
3082.177,
1516.853,
0,
0,
18859.68,
7569.314,
0.005723088,
2308.729,
42759.88,
321.6971,
2057.738,
0,
953.3731,
4361.083,
1604.203,
0,
0,
8589.375,
4172.483,
551.9534,
628.6342,
23240.54,
218.823,
815.1722,
0,
761.0541,
315.4884,
40.69724,
48.0114,
0,
3064.991,
954.8612,
275.896,
5.908462,
6500.903,
682.0837,
4992.774,
0,
5203.11,
5787.615,
73.26015,
1126.045,
0,
4876.329,
9363.787,
47.81565,
2098.696,
34251.52,
103.9565,
690.8556,
0,
1027.916,
1154.431,
10.19699,
21.03563,
0,
2179.188,
1439.799,
1.602806,
291.6667,
6920.647,
281.0833,
334.45,
0,
2029.093,
1638.663,
15.56109,
195.6395,
0,
1911.726,
381.2806,
48.67607,
436.7419,
7272.915,
275.5258,
298.7209,
0,
730.8304,
445.1792,
4.202662,
31.26901,
0,
1452.256,
534.496,
0,
12.97473,
3785.455,
206.4841,
836.9422,
0,
2344.16,
390.4699,
12.60248,
0.01267748,
0,
3823.736,
1744.33,
0.1142521,
132.1355,
9490.986,
229.0479,
1305.36,
0,
6655.127,
1108.696,
6.665888,
6.14386e-08,
0,
6115.197,
1781.2,
260.7113,
480.757,
17942.76,
96.70938,
5071.854,
0,
10926.35,
163.5329,
15.50953,
48.58338,
0,
18059.06,
7601.92,
0.2763186,
297.6649,
42281.46,
2597.951,
14387.01,
0,
25631.68,
4776.418,
826.2375,
1706.743,
0,
20406.45,
8779.973,
88.11613,
1865.671,
81066.26,
98.98013,
365.9702,
0,
1589.732,
1199.895,
4.879721,
534.0739,
0,
295.0369,
638.1997,
9.686958,
264.9749,
5001.43,
1173.027,
10585.07,
0,
19578.32,
9599.646,
0.001882324,
314.3055,
0,
54594.62,
20660.23,
0.7671378,
2917.959,
119424,
618.95,
4639.615,
0,
3820.386,
4026.813,
117.8543,
35.4916,
0,
5220.875,
8348.915,
192.4505,
1276.077,
28297.43,
431.9412,
4730.355,
0,
1028.241,
1055.086,
52.93678,
1.45187,
0,
2085.804,
6934.292,
523.4519,
777.8335,
17621.39,
795.0673,
807.7045,
0,
1987.586,
1133.146,
14.5701,
463.4621,
0,
645.3054,
855.071,
193.0296,
253.7987,
7148.741,
40.69184,
556.1084,
0,
1185.751,
784.1646,
95.42678,
0,
0,
4282.899,
1891.362,
76.92161,
199.6564,
9112.981,
164.8868,
4839.898,
0,
9539.634,
2271.62,
372.9429,
503.3429,
0,
16731.79,
6540.265,
30.61382,
1777.264,
42772.26,
433.4865,
3443.98,
0,
960.6473,
1816.847,
1000.58,
0,
0,
7305.494,
3258.295,
220.2776,
415.108,
18854.71,
0,
0,
0,
0,
57323.92,
0,
0,
0,
0,
0,
0,
0,
57323.92,
9900.46,
77994.8,
0,
119137.5,
57323.92,
6583.053,
5251.187,
0,
243129.5,
120539.9,
4095.828,
21867.68,
665823.9,
2080, 
103.56,
580.6684,
0,
1338.341,
740.8915,
40.1683,
0.903726,
0,
1847.913,
1561.219,
141.6921,
553.7307,
6909.088,
254.8247,
4579.602,
0,
6787.892,
4196.345,
188.3717,
66.42488,
0,
21478.69,
9781.895,
60.17102,
1538.059,
48932.28,
60.55799,
1580.873,
0,
1155.639,
511.4408,
25.11205,
51.31918,
0,
5577.656,
1390.895,
169.2382,
259.4567,
10782.19,
188.6673,
675.4667,
0,
506.4744,
985.6156,
67.57249,
15.17999,
0,
1157.272,
2232.206,
212.3836,
203.7488,
6244.586,
106.949,
2337.956,
0,
1024.371,
2687.903,
350.8134,
0,
0,
11032.31,
3470.464,
0.0004817722,
1987.849,
22998.61,
160.4059,
1612.271,
0,
1665.882,
2092.471,
66.69849,
0,
0,
8626.901,
4322.408,
992.8966,
486.4624,
20026.4,
45.04781,
2218.844,
0,
4398.295,
1022.258,
35.95387,
92.62795,
0,
13230.53,
4903.955,
57.8011,
331.4312,
26336.75,
177.9114,
3428.728,
0,
5916.525,
3191.065,
1544.302,
0,
0,
19571.38,
7870.146,
0.005757413,
2315.651,
44015.71,
310.6992,
2064.794,
0,
987.5835,
4380.47,
1605.189,
0,
0,
8937.748,
4350.409,
545.0037,
639.1755,
23821.07,
216.6795,
807.6332,
0,
761.4429,
319.6201,
39.47697,
51.09977,
0,
3106.419,
934.1054,
271.2845,
5.876878,
6513.638,
670.1582,
4959.845,
0,
5250.353,
5723.2,
71.50278,
1158.422,
0,
4887.608,
9304.413,
48.00381,
2112.616,
34186.12,
100.5136,
681.0021,
0,
1007.774,
1148.68,
9.509935,
21.1687,
0,
2124.251,
1446.063,
1.618932,
307.3647,
6847.945,
237.2837,
322.692,
0,
2012.114,
1610.175,
15.37247,
199.7889,
0,
1917.96,
383.8765,
48.56136,
440.6052,
7188.428,
228.3167,
296.4743,
0,
743.7657,
511.5057,
4.105413,
25.0972,
0,
1442.349,
521.0584,
0,
13.05855,
3785.731,
196.274,
825.8064,
0,
2290.719,
411.0191,
12.19478,
0.1498678,
0,
3769.103,
1712.055,
0.1100787,
161.575,
9379.007,
224.3351,
1284.878,
0,
6441.701,
1224.161,
6.588476,
8.536351e-08,
0,
6250.08,
1648.76,
221.474,
542.6405,
17844.62,
95.89344,
4984.34,
0,
10769.87,
176.2762,
15.04708,
52.68853,
0,
18261.18,
7669.036,
0.3084662,
305.3864,
42330.03,
2405.45,
14140.81,
0,
25705.33,
4810.377,
801.1422,
1754.21,
0,
20614.19,
8907.469,
88.24799,
1862.416,
81089.64,
95.29021,
368.3381,
0,
1569.336,
1132.17,
4.795811,
517.3947,
0,
296.4444,
642.5761,
9.782248,
268.9399,
4905.067,
1168.899,
10344.87,
0,
19093.83,
9462.848,
0.00209876,
288.2289,
0,
54422.09,
20896.59,
0.7382201,
2868.223,
118546.3,
564.7761,
4543.928,
0,
3713.219,
4028.016,
115.0391,
40.55806,
0,
5290.664,
8432.798,
193.3653,
1267.013,
28189.38,
411.1261,
4646.648,
0,
1006.588,
1073.234,
53.00535,
1.996403,
0,
2138.284,
6942.309,
528.5937,
791.0417,
17592.83,
786.3262,
785.1652,
0,
2003.498,
1110.907,
14.38409,
463.7088,
0,
645.2505,
817.42,
193.2177,
265.7862,
7085.665,
39.61741,
546.8848,
0,
1179.24,
792.5482,
94.19276,
0,
0,
4378.806,
1921.722,
67.7587,
200.6636,
9221.434,
141.0496,
4818.588,
0,
9666.929,
2303.251,
360.3124,
624.1161,
0,
16815.53,
6560.953,
30.41321,
1780.043,
43101.19,
412.7743,
3442.704,
0,
1015.465,
1851.515,
1005.894,
0,
0,
7540.235,
3376.09,
222.6294,
415.7741,
19283.08,
0,
0,
0,
0,
57497.96,
0,
0,
0,
0,
0,
0,
0,
57497.96,
9403.387,
76879.81,
0,
118012.2,
57497.96,
6546.747,
5425.083,
0,
245360.8,
122000.9,
4105.3,
21924.59,
667156.8,
2081, 
102.3163,
572.5614,
0,
1321.666,
736.7021,
40.10405,
0.1529411,
0,
1840.942,
1572.443,
143.994,
540.4916,
6871.373,
251.9405,
4478.942,
0,
6475.729,
4204.692,
185.6498,
58.07199,
0,
21695.05,
10067.54,
59.49162,
1503.332,
48980.44,
56.85944,
1560.294,
0,
1115.111,
497.8128,
24.83769,
51.32465,
0,
5697.212,
1429.885,
169.8007,
267.8311,
10870.97,
175.8333,
667.9052,
0,
515.1758,
989.746,
64.33067,
16.51966,
0,
1162.29,
2249.956,
214.8327,
206.2798,
6262.87,
98.76289,
2312.24,
0,
1030.665,
2654.108,
338.4299,
0,
0,
11126.06,
3480.003,
0.0004788624,
1966.244,
23006.52,
155.1132,
1577.851,
0,
1667.475,
2099.214,
66.04412,
0,
0,
8522.746,
4447.027,
1041.843,
476.0694,
20053.38,
44.54792,
2175.769,
0,
4355.996,
1029.238,
34.5824,
102.5217,
0,
13288.57,
4908.474,
58.37203,
329.8695,
26327.94,
183.0121,
3448.653,
0,
6137.041,
3322.569,
1570.979,
0,
0,
20324.08,
7982.614,
0.005783149,
2325.633,
45294.58,
299.64,
2069.573,
0,
1020.455,
4395.105,
1606.543,
0,
0,
9343.073,
4506.542,
563.8361,
639.454,
24444.22,
218.9935,
799.3064,
0,
768.1666,
320.7097,
38.42006,
51.12696,
0,
3146.67,
917.4377,
265.9962,
5.815234,
6532.643,
657.0806,
4923.279,
0,
5280.919,
5664.979,
69.15181,
1160.691,
0,
4894.821,
9261.386,
48.18087,
2130.788,
34091.28,
97.64685,
671.4838,
0,
986.3771,
1143.098,
8.872589,
23.49917,
0,
2047.911,
1449.655,
1.596508,
324.3533,
6754.493,
195.5423,
311.0713,
0,
1991.575,
1585.907,
15.38082,
201.7366,
0,
1930.475,
386.0962,
48.45366,
441.1026,
7107.34,
207.9381,
293.6589,
0,
744.7401,
546.7344,
4.066957,
21.72933,
0,
1435.444,
507.0264,
0,
13.18499,
3774.523,
187.7599,
813.0556,
0,
2225.526,
428.0836,
11.7366,
0.2803579,
0,
3853.018,
1666.775,
0.1052478,
163.5746,
9349.916,
223.3242,
1264.184,
0,
6267.154,
1317.901,
6.469488,
1.149931e-07,
0,
6401.839,
1512.953,
178.5067,
584.0658,
17756.4,
94.90997,
4896.975,
0,
10604.63,
194.4927,
14.66244,
55.994,
0,
18452.41,
7693.326,
0.3104649,
309.0679,
42316.78,
2256.974,
13878.76,
0,
25808.54,
4830.07,
776.8717,
1764.912,
0,
20750.44,
9015.838,
88.39835,
1845.275,
81016.08,
91.93298,
370.249,
0,
1540.531,
1073.118,
4.715018,
499.8526,
0,
298.0835,
657.3336,
9.727882,
268.1285,
4813.672,
1163.753,
10119.11,
0,
18606.68,
9287.653,
0.002237127,
267.4575,
0,
54239.13,
20852.09,
0.7281274,
2828.558,
117365.2,
516.8933,
4442.457,
0,
3623.113,
4012.323,
112.4355,
47.8596,
0,
5333.408,
8504.993,
194.1193,
1264.979,
28052.58,
388.0277,
4562.084,
0,
983.0746,
1088.701,
52.98578,
2.463672,
0,
2192.648,
6944.399,
532.2779,
801.1271,
17547.79,
769.055,
762.8732,
0,
2053.402,
1088.677,
14.24428,
463.9555,
0,
644.9844,
762.8921,
193.0903,
275.4763,
7028.649,
38.64,
537.5678,
0,
1168.502,
798.6321,
92.83842,
0,
0,
4476.604,
1964.932,
57.57737,
198.212,
9333.505,
127.8767,
4793.952,
0,
10139.64,
2335.515,
349.2346,
667.1309,
0,
16752.39,
6572.422,
29.91918,
1776.778,
43544.86,
391.8427,
3443.85,
0,
1068.369,
1883.654,
1009.625,
0,
0,
7747.575,
3485.145,
225.5849,
427.566,
19683.21,
0,
0,
0,
0,
57529.44,
0,
0,
0,
0,
0,
0,
0,
57529.44,
8996.217,
75747.71,
0,
117500.3,
57529.44,
6513.214,
5457.28,
0,
247597.9,
122799.2,
4126.75,
21913.26,
668181.2,
2082, 
101.1492,
564.9582,
0,
1312.816,
732.206,
39.8717,
0,
0,
1827.939,
1582.945,
143.4218,
558.8553,
6864.162,
249.5667,
4381.199,
0,
6223.666,
4219.383,
182.511,
50.04582,
0,
21826.07,
10437.16,
58.74699,
1465.982,
49094.33,
53.13676,
1540.801,
0,
1077.808,
512.1716,
24.59711,
50.2433,
0,
5794.454,
1481.32,
170.3002,
273.7098,
10978.54,
166.0921,
661.463,
0,
523.3422,
989.7673,
61.15792,
18.54996,
0,
1167.616,
2271.883,
210.6838,
211.5126,
6282.068,
91.83761,
2283.131,
0,
1032.81,
2629.097,
326.1682,
0,
0,
11238.96,
3521.523,
0.000485068,
1936.459,
23059.98,
150.0044,
1542.211,
0,
1669.984,
2106.031,
65.41481,
0,
0,
8407.015,
4582.684,
1090.558,
460.7124,
20074.61,
44.37739,
2133.881,
0,
4323.824,
1036.152,
33.03654,
100.5003,
0,
13325.56,
4947.774,
57.41838,
328.4057,
26330.93,
188.2294,
3471.819,
0,
6226.401,
3519.599,
1593.445,
0,
0,
21123.49,
8185.933,
0.005765989,
2337.631,
46646.56,
288.3402,
2069.794,
0,
1050.916,
4403.933,
1606.018,
0,
0,
9717.866,
4612.651,
595.4418,
662.1874,
25007.15,
222.8015,
790.5532,
0,
766.6309,
317.8098,
37.28931,
51.15416,
0,
3184.78,
914.3315,
262.2465,
5.753587,
6553.35,
646.4069,
4888.762,
0,
5256.917,
5621.871,
66.55192,
1066.005,
0,
4947.396,
9379.106,
46.01257,
2142.811,
34061.84,
94.97453,
661.9708,
0,
963.7673,
1138.125,
8.298744,
27.8725,
0,
2004.438,
1426.221,
1.565773,
338.2445,
6665.479,
164.2321,
300.5645,
0,
1964.623,
1566.28,
15.32505,
201.596,
0,
1940.591,
388.8291,
48.42337,
443.3544,
7033.819,
194.594,
290.8623,
0,
740.6538,
556.9517,
4.025138,
14.79008,
0,
1425.114,
513.1522,
0,
13.32877,
3753.472,
181.2466,
799.5798,
0,
2156.171,
444.3247,
11.12857,
0.5100054,
0,
3819.184,
1617.41,
0.09949172,
186.964,
9216.618,
223.6502,
1240.11,
0,
6080.08,
1397.194,
6.340868,
1.480521e-07,
0,
6528.847,
1367.324,
140.5553,
628.3194,
17612.42,
93.94805,
4815.864,
0,
10463.07,
214.872,
14.33509,
50.94651,
0,
18636.37,
7726.686,
0.3121268,
310.8652,
42327.26,
2149.092,
13617.04,
0,
25945.08,
4847.133,
750.7861,
1806.024,
0,
20813.45,
9149.576,
88.36111,
1798.123,
80964.66,
88.3337,
371.3602,
0,
1507.268,
1021.547,
4.653895,
472.5764,
0,
297.4878,
683.8275,
9.710769,
271.0752,
4727.84,
1154.532,
9901.555,
0,
17945.94,
9149.049,
0.002381325,
244.8985,
0,
54229.07,
20950.08,
0.7182786,
2777.083,
116352.9,
483.1275,
4338.051,
0,
3549.627,
4018.417,
109.7141,
61.11401,
0,
5346.051,
8545.268,
194.7459,
1271.949,
27918.06,
367.6687,
4475.549,
0,
963.4349,
1101.824,
52.90873,
2.774476,
0,
2228.867,
6958.805,
534.2933,
809.3994,
17495.53,
752.5146,
741.3553,
0,
2104.033,
1067.131,
14.07736,
464.2023,
0,
644.7684,
706.7191,
193.0992,
286.4614,
6974.362,
36.93325,
529.0891,
0,
1155.331,
803.9946,
90.87137,
0,
0,
4557.889,
2014.701,
52.6715,
196.6163,
9438.097,
124.678,
4769.929,
0,
10417.36,
2364.566,
338.2164,
673.0729,
0,
17270.52,
6573.257,
29.21528,
1772.928,
44333.74,
371.3235,
3440.539,
0,
1116.066,
1911.731,
1012.396,
0,
0,
7966.542,
3530.095,
234.415,
462.484,
20045.59,
0,
0,
0,
0,
57691.16,
0,
0,
0,
0,
0,
0,
0,
57691.16,
8682.791,
74621.99,
0,
116537.6,
57691.16,
6469.141,
5356.876,
0,
250270.3,
124069.3,
4163.022,
21951.21,
669813.4,
2083, 
99.9194,
555.7678,
0,
1300.562,
731.3044,
39.41702,
0.0618648,
0,
1809.942,
1542.598,
141.9168,
598.9766,
6820.466,
243.908,
4284.273,
0,
6010.29,
4245.502,
177.292,
42.21561,
0,
21921.42,
10791.41,
57.91448,
1428.05,
49202.28,
49.66575,
1522.329,
0,
1047.918,
529.2767,
24.34684,
49.59044,
0,
5799.027,
1528.514,
171.1362,
277.8096,
10999.61,
159.3525,
652.7031,
0,
537.0088,
991.1775,
58.08566,
21.96698,
0,
1184.747,
2269.934,
205.2977,
217.9589,
6298.232,
85.78591,
2250.842,
0,
1037.835,
2605.94,
313.6244,
0,
0,
11397.88,
3535.102,
0.0004764783,
1884.254,
23111.27,
144.9163,
1504.72,
0,
1672.48,
2114.286,
64.69627,
0,
0,
8313.402,
4728.65,
1132.238,
441.3189,
20116.71,
44.43063,
2091.8,
0,
4321.494,
1039.73,
31.40399,
91.26307,
0,
13365.13,
4972.176,
57.81224,
325.1536,
26340.39,
193.7263,
3485.872,
0,
6264.136,
3808.704,
1613.606,
0,
0,
21857.26,
8394.235,
0.005860372,
2346.572,
47964.12,
276.5685,
2066.433,
0,
1086.498,
4405.449,
1601.288,
0,
0,
10065.44,
4625.238,
675.3104,
676.4565,
25478.68,
217.2856,
781.4598,
0,
755.5491,
318.94,
36.09465,
51.18136,
0,
3223.995,
924.6331,
261.7398,
5.609197,
6576.488,
637.4539,
4855.576,
0,
5128.544,
5584.12,
63.15578,
1046.679,
0,
4992.421,
9595.812,
41.58344,
2112.723,
34058.07,
92.61843,
652.4191,
0,
952.667,
1133.695,
7.799521,
33.41887,
0,
1966.893,
1404.845,
1.526136,
349.0819,
6594.964,
141.256,
292.3324,
0,
1938.432,
1546.801,
15.12108,
198.4192,
0,
1948.168,
392.3887,
48.47774,
443.2333,
6964.63,
183.5293,
288.0009,
0,
733.0438,
556.0331,
3.968359,
9.716438,
0,
1413.074,
524.0475,
0,
13.47254,
3724.886,
175.7356,
785.6255,
0,
2087.622,
458.5633,
10.47068,
0.9159872,
0,
3787.337,
1562.92,
0.0928904,
212.7744,
9082.058,
223.4667,
1219.719,
0,
5882.525,
1460.592,
6.194351,
1.788494e-07,
0,
6647.93,
1260.901,
114.9403,
656.7918,
17473.06,
93.13521,
4738.466,
0,
10309,
239.5335,
14.05697,
48.38992,
0,
18758.31,
7782.327,
0.3137321,
314.8365,
42298.36,
2007.596,
13359.68,
0,
26096.31,
4853.535,
723.1841,
1862.099,
0,
20760.74,
9357.997,
88.32477,
1761.944,
80871.41,
84.42091,
371.5574,
0,
1463.327,
987.3398,
4.611117,
440.4785,
0,
296.6103,
728.6027,
9.470727,
266.6766,
4653.095,
1143.342,
9694.021,
0,
17229.31,
9096.636,
0.002520159,
223.1508,
0,
54073.19,
21097.18,
0.7129914,
2704.529,
115262.1,
452.698,
4232.479,
0,
3474.128,
4018.144,
106.8047,
73.67902,
0,
5333.116,
8555.534,
199.8224,
1311.313,
27757.72,
351.216,
4389.18,
0,
948.0295,
1113.069,
53.14149,
2.923427,
0,
2240.771,
6979.801,
542.8535,
818.407,
17439.39,
738.0933,
720.891,
0,
2168.285,
1047.157,
13.91,
464.4492,
0,
645.1414,
643.5775,
192.4482,
293.8663,
6927.819,
35.08224,
521.2752,
0,
1137.057,
808.1308,
88.68417,
0,
0,
4614.957,
2066.56,
53.23622,
196.6881,
9521.67,
126.4983,
4748.047,
0,
10616.23,
2379.598,
328.0321,
682.9725,
0,
17918.11,
6567.99,
29.47909,
1768.481,
45165.43,
351.7412,
3434.784,
0,
1171.177,
1939.983,
1013.982,
0,
0,
8210.631,
3568.464,
236.8319,
488.5412,
20416.13,
0,
0,
0,
0,
58013.24,
0,
0,
0,
0,
0,
0,
0,
58013.24,
8353.442,
73500.25,
0,
115369.5,
58013.24,
6412.974,
5343.571,
0,
252545.6,
125401.4,
4263.485,
21915.52,
671119,
2084, 
98.78899,
549.2132,
0,
1287.909,
726.6943,
38.91373,
0.1173054,
0,
1800.684,
1528.225,
141.6319,
630.9634,
6803.14,
240.1882,
4190.307,
0,
5826.951,
4257.719,
171.5551,
35.61806,
0,
21981.66,
11100.41,
57.0586,
1393.679,
49255.14,
46.56417,
1503.979,
0,
1022.196,
544.7191,
24.11866,
48.85585,
0,
5787.357,
1574.704,
171.3202,
280.6035,
11004.42,
154.615,
643.3975,
0,
556.4332,
990.9728,
55.1029,
26.53039,
0,
1195.614,
2249.253,
206.9969,
223.4405,
6302.356,
80.63427,
2216.328,
0,
1046.308,
2575.84,
301.146,
0,
0,
11555.35,
3639.409,
0.0004884994,
1806.78,
23221.79,
139.6367,
1465.734,
0,
1675.997,
2124.333,
63.89106,
0,
0,
8216.201,
4889.809,
1164.688,
413.8235,
20154.12,
44.91922,
2050.068,
0,
4313.96,
1046.448,
29.75621,
92.86372,
0,
13419.5,
5001.05,
57.9083,
312.8307,
26369.3,
197.6187,
3495.669,
0,
6391.517,
4196.585,
1632.484,
0,
0,
22490.53,
8393.548,
0.005774565,
2351.248,
49149.21,
264.5941,
2059.819,
0,
1119.668,
4405.469,
1592.368,
0,
0,
10541.74,
4744.312,
697.9736,
691.0278,
26116.97,
206.86,
772.5267,
0,
750.3665,
320.7449,
34.87265,
47.06711,
0,
3264.782,
941.5692,
266.1109,
5.494051,
6610.394,
621.3289,
4824.645,
0,
4896.311,
5539.167,
59.72813,
985.965,
0,
5065.442,
9958.513,
40.97321,
2069.535,
34061.61,
90.46777,
642.3845,
0,
933.4021,
1131.327,
7.465275,
40.15351,
0,
1928.214,
1384.381,
1.464465,
357.3972,
6516.657,
124.7117,
284.0283,
0,
1910.001,
1531.43,
14.89419,
195.2546,
0,
1953.633,
391.9256,
48.49377,
444.5607,
6898.933,
176.154,
285.1111,
0,
723.9003,
556.3819,
3.90741,
6.971662,
0,
1400.725,
531.0289,
0,
13.58543,
3697.766,
170.6064,
772.3602,
0,
2023.811,
471.3254,
9.671964,
1.677037,
0,
3805.119,
1470.101,
0.08511057,
246.5876,
8971.345,
223.0317,
1196.467,
0,
5698.172,
1524.453,
6.054137,
2.073836e-07,
0,
6722.392,
1189.204,
102.6686,
678.7092,
17341.15,
92.34394,
4661.451,
0,
10179.79,
250.6186,
13.81412,
36.22997,
0,
18934.03,
7878.642,
0.3153492,
319.2607,
42366.49,
1860.567,
13103.64,
0,
26083.9,
4849.799,
695.2702,
1941.638,
0,
20755.97,
9539.906,
87.8373,
1763.656,
80682.19,
80.30847,
371.0173,
0,
1423.752,
966.9847,
4.599054,
404.2512,
0,
295.312,
773.9589,
9.321638,
261.8363,
4591.341,
1129.159,
9488.553,
0,
16521.44,
9166.855,
0.002665988,
199.7766,
0,
53821.57,
21308.83,
0.7066658,
2636.269,
114273.2,
426.0055,
4122.677,
0,
3415.13,
4144.097,
103.9868,
86.25207,
0,
5330.193,
8528.802,
204.896,
1319.702,
27681.74,
337.855,
4299.942,
0,
930.8168,
1122.943,
53.05595,
2.694636,
0,
2239.311,
7058.703,
544.9805,
821.0908,
17411.39,
726.5355,
702.0979,
0,
2193.881,
1030.796,
13.79751,
464.6961,
0,
647.886,
600.0322,
191.2164,
301.4775,
6872.416,
33.03443,
513.8255,
0,
1115.83,
812.0101,
86.39284,
0,
0,
4670.219,
2102.528,
53.97155,
195.7859,
9583.597,
150.855,
4725.378,
0,
10742.61,
2393.59,
318.2471,
719.9556,
0,
18446.47,
6606.688,
29.46596,
1764.069,
45897.33,
333.1993,
3427.146,
0,
1230.16,
1968.104,
1014.322,
0,
0,
8475.754,
3595.435,
236.0745,
511.0722,
20791.27,
0,
0,
0,
0,
58649.41,
0,
0,
0,
0,
0,
0,
0,
58649.41,
8050.584,
72367.76,
0,
114014.2,
58649.41,
6349.418,
5336.569,
0,
254745.7,
126981,
4316.166,
21814.48,
672625.2,
2085, 
97.66921,
543.1362,
0,
1273.378,
721.9922,
38.22544,
0.2408619,
0,
1791.871,
1501.326,
140.89,
663.6848,
6772.414,
236.1477,
4099.209,
0,
5643.665,
4268.7,
164.5848,
27.71693,
0,
22048.46,
11329.26,
57.01949,
1362.025,
49236.79,
44.09375,
1486.325,
0,
1007.988,
542.2379,
23.96941,
48.29045,
0,
5809.935,
1606.892,
169.541,
285.3979,
11024.67,
147.076,
633.013,
0,
573.1139,
989.9813,
52.36429,
31.62923,
0,
1196.312,
2225.653,
213.596,
233.6331,
6296.372,
76.08728,
2178.595,
0,
1058.74,
2547.367,
288.3502,
0,
0,
11724.06,
3711.457,
0.0004788105,
1744.272,
23328.93,
133.8722,
1425.232,
0,
1678.723,
2136.96,
63.18304,
0,
0,
8129.312,
5038.018,
1191.488,
386.4453,
20183.23,
45.73637,
2008.774,
0,
4276.731,
1069.33,
28.05582,
88.48191,
0,
13479.53,
5015.69,
57.854,
316.4427,
26386.63,
200.9236,
3503.383,
0,
6361.309,
4659.413,
1650.592,
0,
0,
23262.3,
8518.856,
0.005954755,
2353.47,
50510.25,
252.9014,
2050.347,
0,
1164.113,
4403.714,
1582.011,
0,
0,
10896.03,
4737.909,
742.4507,
724.1872,
26553.66,
189.7712,
762.6027,
0,
752.2966,
321.3644,
33.61138,
34.88271,
0,
3307.385,
970.1746,
274.9916,
5.378904,
6652.458,
606.4391,
4795.251,
0,
4640.043,
5488.8,
56.01018,
915.4267,
0,
5057.722,
10383.41,
40.65486,
2027.76,
34011.52,
88.47277,
631.8504,
0,
915.4014,
1128.236,
7.167737,
48.20013,
0,
1881.989,
1363.659,
1.408794,
368.4826,
6434.868,
109.9709,
277.0011,
0,
1882.604,
1519.976,
14.58678,
190.8826,
0,
1962.259,
386.3225,
49.17079,
445.2764,
6838.05,
170.1521,
282.0413,
0,
713.4438,
561.2437,
3.841317,
4.717179,
0,
1386.629,
540.4559,
0,
13.66814,
3676.192,
164.9992,
759.0511,
0,
1963.878,
483.13,
8.794209,
2.667298,
0,
3812.208,
1367.02,
0.08722142,
281.9337,
8843.77,
221.5722,
1175.507,
0,
5510.109,
1584.61,
5.957494,
2.234014e-07,
0,
6830.412,
1159.175,
101.8653,
672.4774,
17261.69,
91.62923,
4582.527,
0,
10052.23,
261.599,
13.59976,
34.13269,
0,
19108.63,
7917.281,
0.3163868,
322.1364,
42384.09,
1735.447,
12850.25,
0,
25928.44,
4846.368,
667.7631,
2055.44,
0,
20773.71,
9683.063,
87.67681,
1775.8,
80403.95,
76.22759,
369.8415,
0,
1383.922,
950.6075,
4.57097,
362.9359,
0,
292.3125,
835.7361,
8.978008,
256.5108,
4541.643,
1114.733,
9281.73,
0,
15794.07,
9416.159,
0.002881916,
179.3768,
0,
53607.14,
21372.08,
0.6996493,
2592.231,
113358.2,
398.4921,
4012.105,
0,
3319.078,
4356.891,
101.3545,
96.8357,
0,
5360.396,
8465.167,
205.2483,
1332.031,
27647.6,
329.9548,
4208.937,
0,
915.0669,
1136.805,
52.38928,
2.699232,
0,
2221.971,
7068.934,
558.4428,
830.0555,
17325.26,
731.381,
685.4968,
0,
2222.459,
1016.557,
13.73884,
464.9431,
0,
650.0386,
554.9198,
192.0111,
305.2068,
6836.752,
30.66029,
506.3546,
0,
1094.256,
813.4411,
84.20173,
0,
0,
4692.562,
2129.146,
66.24525,
197.7499,
9614.616,
198.0157,
4702.362,
0,
10915.99,
2472.54,
308.8738,
771.7675,
0,
18593.84,
6695.405,
29.56068,
1759.657,
46448,
314.1364,
3418.405,
0,
1288.66,
1996.047,
1013.517,
0,
0,
8761.915,
3630.683,
242.2568,
522.8287,
21188.45,
0,
0,
0,
0,
59694.07,
0,
0,
0,
0,
0,
0,
0,
59694.07,
7806.562,
71229.33,
0,
112329.7,
59694.07,
6281.317,
5361.267,
0,
256638.9,
128207.7,
4432.459,
21778.74,
673760.1,
2086, 
96.05418,
536.4124,
0,
1254.65,
715.9619,
37.16148,
0.5266485,
0,
1782.09,
1481.187,
140.1113,
688.9368,
6733.091,
231.8673,
4007.067,
0,
5474.006,
4276.659,
157.2287,
21.31871,
0,
22149.46,
11544.52,
55.96464,
1328.202,
49246.29,
41.84882,
1467.245,
0,
991.3066,
548.9649,
23.78753,
47.94691,
0,
5886.053,
1663.736,
167.3319,
288.2564,
11126.48,
144.3744,
621.1484,
0,
587.4846,
988.6222,
49.76377,
38.55788,
0,
1192.142,
2141.314,
227.7582,
250.493,
6241.659,
72.28618,
2137.077,
0,
1066.61,
2526.844,
275.2815,
0,
0,
11869.43,
3814.321,
0.0004975913,
1680.916,
23442.77,
128.4351,
1382.669,
0,
1679.468,
2148.701,
62.41439,
0,
0,
8024.875,
5186.743,
1216.485,
367.7925,
20197.58,
45.77858,
1966.52,
0,
4221.371,
1102.662,
26.33808,
82.89217,
0,
13495.38,
5094.02,
57.98923,
313.1577,
26406.11,
201.9656,
3512.87,
0,
6403.021,
5158.284,
1671.122,
0,
0,
23940.14,
8568.104,
0.005774559,
2354.862,
51810.38,
240.6417,
2036.163,
0,
1216.552,
4395.465,
1572.392,
0,
0,
11259,
4760.458,
766.3128,
766.6747,
27013.66,
161.9568,
751.9517,
0,
749.1569,
322.576,
32.28917,
30.70975,
0,
3339.462,
1008.363,
289.9896,
5.092979,
6691.547,
591.4672,
4760.89,
0,
4377.748,
5414.687,
51.63387,
827.0092,
0,
5068.995,
10977.48,
39.29225,
1955.629,
34064.83,
86.49808,
620.7325,
0,
895.2512,
1123.721,
6.891594,
56.19962,
0,
1881.97,
1343.144,
1.341226,
364.8874,
6380.636,
99.54018,
270.7538,
0,
1848.268,
1513.178,
14.131,
190.3202,
0,
1971.807,
379.2368,
52.29348,
442.3883,
6781.917,
164.2896,
278.1218,
0,
697.0184,
569.6116,
3.645194,
3.811006,
0,
1372.472,
547.7793,
0,
13.72914,
3650.478,
159.4231,
746.194,
0,
1904.879,
494.2385,
7.965325,
3.950218,
0,
3837.917,
1282.859,
0.09109144,
302.6581,
8740.176,
219.2314,
1147.854,
0,
5331.896,
1634.264,
5.767483,
2.291676e-07,
0,
6876.148,
1205.032,
119.6493,
641.6468,
17181.49,
90.92094,
4495.169,
0,
9918.794,
266.5272,
13.40647,
27.02694,
0,
19232.23,
8013.037,
0.3174466,
324.0914,
42381.52,
1651.166,
12589.9,
0,
25752.46,
4818.903,
639.3497,
2188.469,
0,
20797.4,
9747.86,
87.53108,
1795.023,
80068.06,
72.36952,
367.5677,
0,
1351.303,
930.806,
4.506576,
312.084,
0,
290.3735,
909.2384,
8.821959,
252.5422,
4499.613,
1082.134,
9061.625,
0,
14913.2,
10004.51,
0.00304291,
161.0144,
0,
53381.21,
21581.25,
0.6930155,
2480.427,
112666.1,
379.3537,
3898.307,
0,
3180.388,
4551.376,
98.7645,
106.821,
0,
5422.353,
8451.994,
201.2472,
1325.654,
27616.26,
324.5759,
4114.734,
0,
896.5858,
1147.618,
51.07603,
2.535603,
0,
2198.424,
7160.878,
561.6628,
828.8943,
17286.98,
699.3215,
670.5269,
0,
2278.53,
1009.873,
13.69261,
464.5281,
0,
650.2579,
507.088,
191.7461,
308.9362,
6794.5,
28.4464,
498.1718,
0,
1076.094,
812.4594,
81.98254,
0,
0,
4710.054,
2080.281,
84.57346,
209.2119,
9581.274,
255.9143,
4673.49,
0,
11130.36,
2472.737,
299.9485,
768.9327,
0,
18883.42,
6785.682,
29.85531,
1755.439,
47055.78,
296.2416,
3409.138,
0,
1358.911,
2023.663,
1012.736,
0,
0,
9057.112,
3661.837,
240.4608,
544.0605,
21604.16,
0,
0,
0,
0,
60972.91,
0,
0,
0,
0,
0,
0,
0,
60972.91,
7566.103,
70022.3,
0,
110555.3,
60972.91,
6213.279,
5334.654,
0,
258570.2,
129897.4,
4541.526,
21589.6,
675263.3,
2087, 
94.86956,
530.1688,
0,
1232.852,
708.2128,
35.67247,
0.8611289,
0,
1769.107,
1472.653,
141.505,
705.5813,
6691.483,
227.3341,
3917.332,
0,
5332.74,
4310.724,
148.716,
15.92649,
0,
22276.29,
11676.88,
54.91242,
1295.183,
49256.04,
40.21588,
1447.878,
0,
977.9557,
551.9766,
23.56383,
46.96454,
0,
5925.553,
1698.852,
165.9112,
291.0038,
11169.88,
143.1845,
608.1636,
0,
604.6806,
988.5497,
47.19579,
45.58654,
0,
1186.36,
2104.803,
233.3196,
263.7658,
6225.61,
68.75446,
2093.148,
0,
1075.617,
2508.763,
261.5685,
0,
0,
11984.58,
3896.755,
0.0004813431,
1633.426,
23522.61,
123.3954,
1339.615,
0,
1680.28,
2161.938,
61.4534,
0,
0,
7868.637,
5297.293,
1236.1,
362.0909,
20130.8,
45.80945,
1924.777,
0,
4164.615,
1141.405,
24.58269,
76.75368,
0,
13506.76,
5161.059,
57.12498,
312.3724,
26415.26,
202.4659,
3517.107,
0,
6325.192,
5792.663,
1691.074,
0,
0,
24777.16,
8624.664,
0.006031977,
2357.566,
53287.9,
228.3314,
2019.815,
0,
1257.848,
4384.012,
1554.229,
0,
0,
11658.4,
4805.419,
806.2593,
796.6229,
27510.94,
132.5439,
740.9655,
0,
739.7941,
332.2882,
30.84682,
30.65882,
0,
3353.906,
1045.813,
306.6062,
5.093925,
6718.517,
573.8356,
4728.05,
0,
4147.962,
5337.013,
46.71165,
741.2351,
0,
5133.08,
11402.86,
38.22216,
1893.219,
34042.19,
84.53354,
608.9868,
0,
865.7813,
1117.604,
6.658298,
63.23955,
0,
1887.28,
1314.83,
1.263091,
360.6112,
6310.788,
92.76601,
265.1364,
0,
1828.181,
1506.6,
13.53861,
187.8808,
0,
1975.307,
373.4094,
52.11971,
439.5566,
6734.495,
159.0589,
274.0288,
0,
674.4016,
584.0399,
3.428727,
3.524942,
0,
1357.707,
551.0919,
0,
13.78375,
3621.066,
153.6151,
733.5817,
0,
1848.017,
504.3932,
7.207839,
5.57117,
0,
3836.208,
1197.601,
0.09662387,
326.878,
8613.17,
217.0645,
1130.314,
0,
5199.357,
1671.5,
5.651815,
2.280142e-07,
0,
6873.041,
1331.071,
146.9021,
610.4811,
17185.38,
90.19585,
4399.161,
0,
9801.018,
280.5428,
12.82459,
18.32699,
0,
19347.29,
8088.596,
0.3184335,
327.4552,
42365.73,
1597.406,
12334.9,
0,
25635.61,
4810.162,
608.4549,
2325.103,
0,
20784.28,
9774.389,
87.89533,
1814.5,
79772.7,
69.22008,
365.0149,
0,
1392.262,
943.3577,
4.405727,
263.2706,
0,
289.2069,
988.5626,
8.488357,
252.1909,
4575.98,
1063.428,
8833.087,
0,
14045.62,
10907.87,
0.003197326,
144.6388,
0,
53192.55,
21773.97,
0.6867905,
2347.553,
112309.4,
374.9575,
3785.747,
0,
3075.253,
4709.124,
95.90478,
115.6592,
0,
5501.083,
8335.14,
206.2361,
1336.295,
27535.4,
324.4441,
4019.864,
0,
887.1289,
1160.108,
49.09489,
2.633096,
0,
2170.673,
7135.812,
590.5059,
849.9885,
17190.25,
699.0801,
657.2733,
0,
2278.796,
1004.102,
13.55928,
463.9632,
0,
650.8322,
478.8335,
191.4745,
308.9362,
6746.85,
26.02733,
490.1048,
0,
1059.764,
809.6005,
79.44341,
0,
0,
4741.087,
2171.213,
73.59399,
205.6324,
9656.466,
369.8365,
4641.384,
0,
11333.83,
2620.703,
291.0453,
814.6257,
0,
18891.94,
6870.247,
30.3487,
1747.197,
47611.16,
278.7442,
3398.846,
0,
1441.367,
2048.912,
1011.314,
0,
0,
9279.477,
3685.138,
245.5453,
564.8845,
21954.23,
0,
0,
0,
0,
62896.16,
0,
0,
0,
0,
0,
0,
0,
62896.16,
7481.119,
68804.45,
0,
108905.9,
62896.16,
6128.149,
5366.424,
0,
260217.8,
131257,
4675.442,
21421.87,
677154.3,
2088, 
93.60105,
524.3108,
0,
1203.22,
698.8602,
33.85286,
1.127425,
0,
1754.576,
1481.58,
144.183,
705.7377,
6641.049,
223.1221,
3829.892,
0,
5193.27,
4372.946,
141.322,
11.68922,
0,
22361.17,
11785.29,
53.85449,
1268.508,
49241.06,
38.46563,
1426.806,
0,
968.5405,
552.2502,
23.30957,
44.945,
0,
5956.729,
1751.957,
174.7271,
295.9778,
11233.71,
145.1749,
594.5847,
0,
621.763,
988.9236,
44.58174,
51.09882,
0,
1171.446,
2073.625,
240.3557,
276.3344,
6207.888,
65.67705,
2046.694,
0,
1087.415,
2492.744,
247.2315,
0,
0,
12054.64,
3985.435,
0.0005024601,
1604.374,
23584.21,
118.6893,
1296.669,
0,
1681.082,
2176.438,
60.44692,
0,
0,
7741.359,
5389.233,
1245.278,
360.7712,
20069.97,
46.51833,
1883.924,
0,
4119.6,
1192.004,
22.78876,
71.02224,
0,
13526.84,
5227.235,
55.58322,
304.6804,
26450.19,
206.278,
3525.343,
0,
6369.035,
6212.105,
1709.66,
0,
0,
25491.41,
8711.771,
0.005774556,
2362.677,
54588.29,
216.3563,
2001.967,
0,
1292.68,
4377.383,
1533.795,
0,
0,
12103.7,
4833.881,
857.6921,
813.4102,
28030.86,
104.3173,
729.6848,
0,
724.3301,
340.8413,
29.33404,
30.66876,
0,
3361.328,
1078.29,
322.3618,
5.104953,
6726.261,
543.4675,
4677.237,
0,
3965.233,
5298.249,
41.54058,
670.6172,
0,
5157.339,
11670.64,
37.33808,
1855.322,
33916.99,
82.99265,
596.8116,
0,
861.3708,
1111.575,
6.426453,
65.17699,
0,
1886.279,
1295.354,
1.281131,
356.2885,
6263.557,
89.36886,
259.2641,
0,
1810.442,
1473.34,
12.77052,
185.3855,
0,
1980.145,
363.3726,
51.968,
436.6189,
6662.676,
156.2105,
270.1353,
0,
651.5965,
606.0757,
3.210937,
2.38016,
0,
1345.445,
553.9556,
0,
13.83836,
3602.848,
147.7957,
721.4709,
0,
1793.267,
514.5571,
6.55268,
7.402783,
0,
3843.182,
1119.704,
0.1039426,
345.9154,
8499.952,
215.5973,
1112.418,
0,
5070.902,
1695.832,
5.519651,
2.205283e-07,
0,
6845.163,
1413.219,
168.9151,
610.1848,
17137.75,
89.3734,
4292.289,
0,
9707.336,
311.2102,
11.86037,
17.56409,
0,
19491.75,
8136.659,
0.2376509,
322.3071,
42380.58,
1599.268,
12076.44,
0,
25434.01,
4881.275,
577.2056,
2452.342,
0,
20726.76,
9752.927,
87.59361,
1846.49,
79434.32,
67.43156,
362.4916,
0,
1572.649,
931.3137,
4.268661,
214.6411,
0,
284.8427,
1066.803,
8.330766,
249.1199,
4761.892,
1049.014,
8598.31,
0,
13297.53,
11984.9,
0.003362691,
126.4111,
0,
52901.72,
21864.51,
0.6791149,
2267.437,
112090.5,
371.7625,
3671.667,
0,
2966.651,
4936.543,
93.07705,
125.7202,
0,
5603.45,
8091.033,
206.5387,
1385.668,
27452.11,
320.7651,
3923.823,
0,
887.795,
1174.557,
46.28551,
2.666691,
0,
2173.455,
7191.216,
570.2679,
852.8774,
17143.71,
693.4909,
645.2745,
0,
2259.326,
993.0269,
13.43524,
458.1941,
0,
646.1711,
483.9738,
190.9566,
307.8589,
6691.708,
23.88326,
476.0011,
0,
1044.126,
816.2239,
76.76134,
0,
0,
4758.936,
2141.354,
86.33605,
209.3326,
9632.954,
464.977,
4604.56,
0,
11479.48,
2913.112,
281.8396,
900.376,
0,
18759.71,
6969.952,
30.07794,
1734.31,
48138.39,
261.4175,
3382.236,
0,
1522.104,
2077.999,
1008.829,
0,
0,
9507.865,
3746.048,
244.9549,
577.3684,
22328.82,
0,
0,
0,
0,
65124.29,
0,
0,
0,
0,
0,
0,
0,
65124.29,
7435.015,
67530.3,
0,
107584.8,
65124.29,
6035.909,
5439.429,
0,
261435.4,
132179,
4779.621,
21368.51,
678912.3,
2089, 
92.29719,
518.4366,
0,
1183.894,
690.1655,
31.59182,
1.336667,
0,
1737.623,
1502.661,
148.6287,
700.5413,
6607.176,
219.772,
3744.695,
0,
5052.155,
4433.541,
135.6879,
8.641462,
0,
22375.03,
11897.19,
52.78988,
1244.379,
49163.88,
36.97726,
1404.471,
0,
963.1615,
553.1556,
23.06978,
43.03534,
0,
5976.128,
1814.605,
181.7583,
299.3088,
11295.67,
145.6063,
580.7627,
0,
641.5346,
990.0805,
41.96288,
54.78885,
0,
1140.731,
2070.139,
250.154,
280.6336,
6196.394,
63.044,
1997.292,
0,
1100.926,
2476.54,
232.2549,
0,
0,
12061.43,
4075.559,
0.0004787068,
1593.079,
23600.13,
114.2432,
1253.377,
0,
1680.426,
2191.21,
59.38189,
0,
0,
7606.277,
5445.179,
1244.147,
377.715,
19971.96,
47.93253,
1843.966,
0,
4086.128,
1205.423,
20.99665,
65.52663,
0,
13554.02,
5305.537,
55.9482,
297.0694,
26482.55,
213.3805,
3533.4,
0,
6466.307,
6546.953,
1726.843,
0,
0,
26397.27,
8766.379,
0.006083461,
2368.221,
56018.75,
204.4186,
1982.938,
0,
1334.681,
4365.379,
1511.943,
0,
0,
12546.72,
4835.289,
918.5718,
829.8673,
28529.81,
78.32146,
717.5126,
0,
703.128,
353.807,
27.73195,
30.772,
0,
3360.301,
1103.005,
334.3069,
5.103809,
6713.989,
509.2181,
4646.047,
0,
3850.11,
5248.348,
36.2499,
575.3172,
0,
5221.618,
11857.51,
36.35006,
1826.789,
33807.56,
81.72043,
584.4602,
0,
839.3713,
1104.563,
6.107624,
65.49834,
0,
1889.25,
1281.461,
1.314989,
353.5135,
6207.26,
87.01002,
254.0829,
0,
1814.843,
1453.053,
11.86202,
176.9411,
0,
1983.032,
359.6215,
51.83339,
432.7053,
6624.983,
154.1287,
265.2874,
0,
626.7513,
627.048,
2.975521,
1.000093,
0,
1332.046,
555.4853,
0,
13.89297,
3578.616,
142.1169,
709.5502,
0,
1737.467,
524.4992,
5.937741,
9.011456,
0,
3977.984,
1043.425,
0.1114703,
334.4426,
8484.545,
214.4125,
1094.708,
0,
4941.447,
1717.146,
5.354664,
2.077225e-07,
0,
6816.011,
1513.885,
190.9943,
603.4562,
17097.42,
88.49256,
4171.458,
0,
9615.493,
361.5647,
10.73728,
17.69514,
0,
19665.4,
8190.129,
0.1727767,
316.8289,
42437.97,
1610.195,
11833.42,
0,
25153.85,
5138.298,
545.2719,
2545.01,
0,
20694.29,
9785.675,
86.81894,
1848.645,
79241.48,
66.68,
359.346,
0,
1601.365,
865.7587,
4.115526,
168.972,
0,
280.3948,
1129.142,
8.064801,
245.8353,
4729.675,
1035.849,
8353.289,
0,
12745.72,
12649.28,
0.00350792,
104.5484,
0,
52519.23,
21896.48,
0.6712639,
2218.631,
111523.7,
365.5859,
3563.555,
0,
2853.769,
5127.497,
90.18208,
135.7876,
0,
5681.917,
7944.469,
206.8709,
1413.274,
27382.91,
319.7749,
3827.998,
0,
896.8694,
1184.031,
42.76346,
2.978848,
0,
2235.738,
7118.82,
590.5418,
857.838,
17077.35,
681.7157,
634.8444,
0,
2247.676,
988.1349,
13.33525,
453.2256,
0,
638.2665,
490.1289,
189.173,
305.5822,
6642.082,
21.34176,
468.0131,
0,
1028.978,
810.1203,
74.06238,
0,
0,
4802.981,
2243.746,
69.10289,
202.3603,
9720.706,
545.9491,
4559.159,
0,
11562.27,
3107.115,
272.2523,
986.2603,
0,
18728.7,
7034.081,
30.19739,
1725.394,
48551.38,
245.1623,
3360.06,
0,
1598.913,
2106.188,
1005.912,
0,
0,
9732.546,
3802.89,
243.757,
588.378,
22683.81,
0,
0,
0,
0,
66818.9,
0,
0,
0,
0,
0,
0,
0,
66818.9,
7385.346,
66262.13,
0,
106327.2,
66818.9,
5938.587,
5446.348,
0,
262954.9,
133062.5,
4892.286,
21283.48,
680371.8,
2090, 
91.36303,
512.4575,
0,
1161.294,
684.9228,
29.65733,
1.342848,
0,
1711.266,
1546.514,
155.5276,
682.8528,
6577.198,
217.5114,
3658.808,
0,
4933.002,
4477.86,
130.8279,
6.473509,
0,
22300.34,
12031.19,
51.70099,
1220.151,
49027.86,
35.30178,
1381.331,
0,
957.959,
559.8419,
22.83901,
41.37502,
0,
5994.168,
1850.764,
175.7303,
299.1336,
11318.44,
150.1636,
566.8297,
0,
671.8679,
989.1954,
39.42066,
57.92813,
0,
1111.717,
2066.235,
249.8367,
289.073,
6192.267,
60.74417,
1944.617,
0,
1113.665,
2457.911,
216.5277,
0,
0,
12010.4,
4165.187,
0.0005034388,
1586.024,
23555.07,
109.6527,
1209.631,
0,
1678.457,
2205.48,
58.36366,
0,
0,
7525.165,
5488.986,
1230.563,
385.9994,
19892.3,
49.66523,
1804.017,
0,
4056.869,
1204.128,
19.18819,
60.11436,
0,
13570.98,
5379.036,
55.68373,
296.8968,
26496.58,
220.4279,
3535.86,
0,
6604.852,
6884.855,
1742.402,
0,
0,
27159.29,
8779.74,
0.005731652,
2373.24,
57300.67,
192.1801,
1962.499,
0,
1367.534,
4353.711,
1488.951,
0,
0,
13076.42,
4857.688,
979.4411,
847.7701,
29126.2,
57.97069,
705.6642,
0,
674.3705,
369.8748,
26.10707,
30.87205,
0,
3354.729,
1120.948,
342.4565,
5.224105,
6688.217,
474.8669,
4606.484,
0,
3794.458,
5245.102,
30.96896,
503.0307,
0,
5317.328,
11783.85,
35.34604,
1843.448,
33634.89,
78.3625,
572.2703,
0,
832.9418,
1084.653,
5.775698,
60.72136,
0,
1923.221,
1317.93,
1.291594,
321.8017,
6198.97,
88.50555,
251.2316,
0,
1816.78,
1459.002,
10.81582,
163.9082,
0,
1981.322,
354.5825,
51.7001,
425.6924,
6603.541,
151.9908,
261.7653,
0,
603.3554,
637.8345,
2.760139,
0.7198434,
0,
1318.093,
561.3156,
0,
13.67455,
3551.509,
136.4848,
697.6131,
0,
1684.853,
534.1898,
5.339822,
10.6716,
0,
3972.073,
957.7888,
0.1080701,
363.2726,
8362.395,
213.2402,
1073.582,
0,
4814.314,
1735.249,
5.127501,
1.880524e-07,
0,
6760.958,
1653.555,
219.1023,
591.9739,
17067.1,
87.62624,
4036.36,
0,
9519.182,
394.1739,
9.489197,
18.24415,
0,
19775.45,
8343.24,
0.1400708,
317.266,
42501.17,
1625.532,
11598.79,
0,
24838.35,
5518.421,
513.0509,
2618.597,
0,
20637.26,
9796.053,
87.41923,
1859.547,
79093.03,
66.43221,
355.7571,
0,
1645.351,
824.0651,
3.94695,
132.5068,
0,
280.5064,
1193.874,
7.970315,
239.0298,
4749.44,
1012.514,
8105.85,
0,
12239.04,
12791.02,
0.003662012,
85.58385,
0,
52238.3,
21927.74,
0.6525788,
2158.388,
110559.1,
355.799,
3459.157,
0,
2751.186,
5274.94,
87.30677,
144.7977,
0,
5715.055,
7874.285,
209.886,
1441.053,
27313.46,
314.5291,
3730.83,
0,
905.9876,
1200.293,
40.75434,
3.075132,
0,
2298.106,
7051.736,
598.6647,
861.2203,
17005.2,
660.1509,
627.9799,
0,
2200.945,
982.4077,
13.29143,
448.0716,
0,
633.008,
497.6083,
187.2078,
302.9028,
6553.573,
19.43174,
459.6902,
0,
1016.198,
804.5599,
71.28966,
0,
0,
4783.428,
2244.736,
75.77074,
204.7625,
9679.865,
615.8361,
4504.657,
0,
11726.99,
3211.246,
262.3409,
1039.505,
0,
18709.61,
7064.808,
30.22572,
1727.774,
48892.99,
229.9877,
3332.202,
0,
1679.998,
2137.651,
999.0525,
0,
0,
10038.93,
3829.021,
237.0744,
596.5248,
23080.45,
0,
0,
0,
0,
68022.59,
0,
0,
0,
0,
0,
0,
0,
68022.59,
7316.271,
64955.94,
0,
105289.8,
68022.59,
5835.599,
5427.539,
0,
264197.1,
133738.4,
4983.506,
21254.7,
681021.5,
2091, 
90.2364,
505.5757,
0,
1134.645,
682.2068,
28.59644,
1.06851,
0,
1666.194,
1603.112,
163.3803,
671.925,
6546.94,
215.9759,
3569.627,
0,
4809.278,
4520.632,
125.6904,
4.603819,
0,
22044.07,
12267.11,
50.27402,
1190.169,
48797.42,
33.62458,
1355.977,
0,
946.2228,
568.2466,
22.57827,
39.89581,
0,
6012.436,
1863.085,
168.1457,
296.192,
11306.4,
153.3627,
552.527,
0,
704.1323,
988.3144,
36.90825,
58.3125,
0,
1108.401,
2070.505,
247.2092,
286.1285,
6205.801,
58.73666,
1887.526,
0,
1130.849,
2437.801,
201.9548,
0,
0,
11958.21,
4259.319,
0.0004738189,
1586.567,
23520.97,
105.053,
1164.918,
0,
1670.964,
2218.185,
57.29865,
0,
0,
7497.549,
5556.815,
1205.93,
371.6457,
19848.36,
51.69514,
1763.046,
0,
4061.73,
1202.681,
17.38178,
54.60822,
0,
13582.47,
5435.216,
55.32972,
296.2151,
26520.37,
266.8076,
3593.802,
0,
6794.371,
7236.07,
1749.458,
0,
0,
28567.66,
8793.956,
0.006117782,
2377.934,
59380.07,
180.3479,
1939.676,
0,
1461.922,
4340.389,
1463.593,
0,
0,
13543.81,
4777.903,
1016.743,
886.8677,
29611.25,
43.76755,
693.2336,
0,
631.1743,
382.3164,
24.40161,
30.85871,
0,
3363.928,
1124.361,
342.6767,
5.311777,
6642.03,
437.5449,
4566.11,
0,
3791.931,
5256.557,
26.98362,
450.0038,
0,
5313.201,
11549.69,
41.53421,
1962.196,
33395.75,
75.3635,
560.9767,
0,
837.977,
1064.811,
5.412959,
54.38508,
0,
1957.844,
1299.653,
1.307328,
303.5509,
6161.281,
88.38121,
248.5913,
0,
1812.469,
1468.203,
9.67333,
156.2385,
0,
1973.841,
354.6772,
49.86561,
418.9938,
6580.934,
147.2877,
258.5928,
0,
579.7181,
641.0294,
2.546245,
0.7359788,
0,
1308.636,
567.7504,
0,
13.27244,
3519.569,
130.9671,
685.7806,
0,
1639.444,
543.0662,
4.745241,
12.86447,
0,
3961.599,
863.0264,
0.1068567,
397.7475,
8239.348,
212.1613,
1055.481,
0,
4694.821,
1764.256,
4.923733,
1.658268e-07,
0,
6691.419,
1799.28,
243.5823,
566.6407,
17032.56,
86.59457,
3889.195,
0,
9390.967,
425.801,
8.229537,
17.90515,
0,
19932.66,
8404.146,
0.1405553,
319.3994,
42475.04,
1620.852,
11362.52,
0,
24500.8,
5883.99,
480.187,
2685.494,
0,
20588.93,
9786.623,
87.45855,
1863.602,
78860.45,
66.2663,
351.0154,
0,
1691.337,
795.6718,
3.761963,
102.4782,
0,
279.9865,
1256.682,
7.765521,
226.2179,
4781.183,
980.376,
7811.726,
0,
11757.5,
12607.5,
0.003788696,
69.62301,
0,
52112.64,
21914.02,
0.6359321,
2101.885,
109355.9,
351.4214,
3355.522,
0,
2685.436,
5275.855,
84.46952,
152.1264,
0,
5654.909,
7925.917,
212.7138,
1452.187,
27150.56,
310.3232,
3634.308,
0,
911.151,
1212.432,
40.00043,
3.35208,
0,
2374.019,
7024.696,
585.8901,
865.3879,
16961.56,
632.7191,
620.3226,
0,
2124.669,
974.7759,
13.24026,
443.3903,
0,
629.2501,
516.1329,
185.8215,
300.5638,
6440.886,
16.58285,
450.5081,
0,
993.1764,
795.2311,
68.4637,
0,
0,
4808.085,
2363.048,
65.29401,
192.0141,
9752.403,
635.7827,
4432.582,
0,
11730.77,
3453.301,
252.2542,
1043.615,
0,
18814.44,
7072.039,
30.22691,
1739.772,
49204.78,
215.7091,
3297.22,
0,
1764.718,
2172.271,
989.5371,
0,
0,
10361.02,
3882.571,
226.929,
599.0744,
23509.05,
0,
0,
0,
0,
68911.59,
0,
0,
0,
0,
0,
0,
0,
68911.59,
7207.94,
63606.36,
0,
104252.2,
68911.59,
5722.294,
5381.561,
0,
266107.2,
134331.3,
4988.967,
21291.46,
681800.9,
2092, 
88.93959,
499.2686,
0,
1105.951,
680.9525,
27.38639,
0.7250113,
0,
1617.14,
1663.981,
171.6402,
651.3063,
6507.291,
213.1053,
3480.023,
0,
4664.044,
4591.469,
119.759,
3.02767,
0,
21601.67,
12467.13,
51.7397,
1226.899,
48418.87,
31.8961,
1329.746,
0,
936.4648,
576.1237,
22.2926,
38.48753,
0,
5990.056,
1906.658,
168.7029,
295.4955,
11295.92,
154.2356,
538.1979,
0,
738.2818,
985.9242,
34.34014,
58.50209,
0,
1123.944,
2056.369,
246.7306,
280.0247,
6216.551,
56.80588,
1826.604,
0,
1156.982,
2418.99,
187.326,
0,
0,
11869.07,
4315.769,
0.0005022546,
1586.716,
23418.26,
100.6695,
1120.726,
0,
1660.082,
2230.683,
56.07297,
0,
0,
7406.047,
5628.612,
1175.328,
370.4506,
19748.67,
53.36216,
1721.85,
0,
4042.733,
1225.534,
15.58164,
48.94625,
0,
13586.73,
5486.026,
55.40491,
295.4496,
26531.61,
270.8314,
3585.689,
0,
6856.285,
7583.77,
1754.359,
0,
0,
29429.2,
8919.846,
0.005748806,
2379.193,
60779.18,
168.5944,
1914.859,
0,
1584.303,
4328.16,
1436.698,
0,
0,
13991.24,
4780.443,
1048.893,
908.2601,
30161.45,
31.47037,
680.2849,
0,
575.2828,
387.6581,
22.66884,
36.74108,
0,
3391.597,
1114.158,
339.082,
5.229038,
6584.172,
399.0333,
4528.623,
0,
3834.094,
5289.767,
24.04249,
415.1683,
0,
5346.815,
11218.81,
46.58131,
2043.271,
33146.2,
76.16005,
550.9814,
0,
852.8282,
1045.593,
4.983544,
48.55288,
0,
1968.834,
1223.881,
1.472148,
320.973,
6094.259,
86.81931,
245.3867,
0,
1810.751,
1460.277,
8.460284,
150.4431,
0,
1968.67,
358.7829,
47.6072,
412.4385,
6549.636,
142.639,
255.7054,
0,
559.0021,
637.2537,
2.32587,
0.7578194,
0,
1307.711,
567.169,
0,
13.0283,
3485.593,
125.7451,
674.4027,
0,
1603.704,
550.6758,
4.185871,
15.13519,
0,
4004.205,
779.3245,
0.1048111,
408.9609,
8166.444,
211.6573,
1035.199,
0,
4564.708,
1804.397,
4.706176,
1.414324e-07,
0,
6620.402,
1941.697,
269.46,
531.9106,
16984.14,
86.27522,
3737.53,
0,
9264.703,
457.7462,
6.980437,
18.44935,
0,
20088.17,
8451.697,
0.1740758,
322.644,
42434.37,
1665.767,
11129.87,
0,
24315.48,
5737.054,
445.7886,
2774.916,
0,
20547.42,
9828.866,
87.30484,
1879.24,
78411.7,
66.00642,
345.1682,
0,
1775.156,
781.5913,
3.372029,
79.16946,
0,
282.4726,
1313.764,
7.713302,
214.5853,
4868.999,
945.1057,
7555.285,
0,
11338.04,
12172.58,
0.003904046,
57.63758,
0,
52024.62,
21935.95,
0.6171866,
2050.292,
108080.1,
334.8535,
3254.605,
0,
2602.609,
5144.064,
81.45066,
153.5975,
0,
5569.75,
8149.934,
213.2975,
1434.863,
26939.02,
300.3867,
3539.243,
0,
910.3515,
1221.17,
39.34744,
3.411841,
0,
2454.614,
6966.61,
582.5386,
865.6058,
16883.28,
588.2587,
612.2096,
0,
2049.982,
970.6863,
13.1635,
442.4199,
0,
630.7418,
539.4594,
186.0757,
300.3709,
6333.368,
14.67507,
435.8739,
0,
972.9125,
795.0629,
65.49134,
0,
0,
4780.911,
2352.437,
73.09595,
197.9817,
9688.44,
682.4048,
4352.202,
0,
11854,
3620.773,
241.7141,
1150.494,
0,
18801.18,
7024.925,
30.24709,
1737.544,
49495.48,
202.53,
3258.047,
0,
1852.353,
2209.264,
978.5972,
0,
0,
10717.22,
3940.099,
230.1847,
579.2045,
23967.5,
0,
0,
0,
0,
68907.21,
0,
0,
0,
0,
0,
0,
0,
68907.21,
7098.227,
62207.58,
0,
103481.1,
68907.22,
5601.097,
5496.583,
0,
267120.4,
134932.4,
5034.001,
21311.94,
681190.5,
2093, 
85.99385,
492.9047,
0,
1073.139,
680.7549,
26.11898,
0.4083735,
0,
1568.209,
1732.678,
182.4885,
632.9839,
6475.679,
207.8083,
3390.986,
0,
4526.236,
4680.163,
113.6812,
1.995763,
0,
21116.71,
12699.6,
59.29739,
1269.891,
48066.37,
29.80139,
1302.318,
0,
922.5526,
590.3499,
22.00242,
36.98568,
0,
6104.588,
1922.679,
168.1841,
294.2634,
11393.72,
156.6284,
524.2579,
0,
773.622,
980.498,
31.79759,
59.15754,
0,
1146.04,
2037.804,
246.5582,
277.2089,
6233.573,
55.12508,
1763.702,
0,
1184.619,
2401.291,
172.8367,
0,
0,
11766.8,
4374.643,
0.0004797246,
1588.738,
23307.76,
95.65373,
1077.153,
0,
1647.043,
2245.483,
54.70509,
0,
0,
7277.072,
5716.858,
1146.281,
373.1081,
19633.36,
53.84058,
1678.706,
0,
3987.03,
1228.808,
13.83052,
43.00898,
0,
13639.4,
5528.03,
57.59809,
295.4499,
26525.7,
269.7885,
3573.933,
0,
6906.173,
8006.683,
1757.176,
0,
0,
30079.99,
9012.019,
0.006057723,
2378.355,
61984.12,
156.964,
1887.963,
0,
1722.564,
4320.018,
1408.249,
0,
0,
14482.23,
4773.659,
1052.311,
928.0811,
30732.04,
24.66197,
667.1476,
0,
516.1637,
389.2973,
21.03933,
45.52729,
0,
3438.541,
1092.85,
331.7074,
5.146298,
6532.082,
372.2303,
4492.793,
0,
3892.501,
5342.64,
21.17778,
388.3858,
0,
5387.46,
10845.72,
47.80578,
2122.208,
32912.93,
81.32917,
542.3939,
0,
869.6293,
1083.167,
4.548025,
42.46574,
0,
1977.498,
1177.03,
1.538452,
326.419,
6106.019,
83.69225,
241.2844,
0,
1798.191,
1441.832,
7.273516,
146.0033,
0,
1966.273,
370.902,
43.54348,
405.3113,
6504.306,
138.4982,
252.3746,
0,
563.7659,
625.5008,
2.097503,
0.7909939,
0,
1312.917,
565.4791,
0,
12.93468,
3474.358,
120.7256,
663.0676,
0,
1573.977,
555.9886,
3.64456,
17.46842,
0,
4016.169,
719.6801,
0.1058955,
421.8239,
8092.651,
210.4436,
1016.652,
0,
4444.109,
1836.66,
4.479372,
1.159085e-07,
0,
6497.085,
2122.097,
294.9726,
486.0817,
16912.58,
86.02817,
3584.049,
0,
9142.54,
479.7831,
5.931806,
19.76296,
0,
20204.41,
8385.614,
0.2907591,
331.6615,
42240.07,
1742.078,
10896,
0,
24160.24,
6073.614,
411.2457,
2871.822,
0,
20417.18,
9803.501,
87.31739,
1861.166,
78324.16,
64.89426,
338.24,
0,
1855.539,
800.7549,
2.878498,
62.38032,
0,
282.0522,
1360.937,
7.894458,
208.0612,
4983.632,
917.5453,
7273.989,
0,
10940.83,
11635,
0.004025008,
52.10879,
0,
51692.11,
21868.35,
0.5985596,
2078.007,
106458.5,
313.8535,
3155.898,
0,
2498.591,
5306.934,
78.40904,
154.1969,
0,
5541.783,
8379.298,
200.1112,
1312.132,
26941.21,
293.7513,
3447.788,
0,
912.9415,
1230.146,
38.87595,
3.496677,
0,
2502.843,
6934.531,
576.8879,
867.4774,
16808.74,
536.8555,
603.8724,
0,
1975.976,
968.8071,
13.11869,
443.3442,
0,
636.8369,
565.9161,
187.0423,
301.3758,
6233.146,
12.81696,
426.7202,
0,
949.3025,
784.448,
62.55787,
0,
0,
4765.564,
2359.441,
88.74806,
199.5593,
9649.158,
732.5596,
4267.313,
0,
12073.56,
3678.174,
231.0826,
1192.328,
0,
18927.22,
7009.717,
30.31139,
1733.044,
49875.32,
191.5099,
3213.344,
0,
1956.936,
2247.049,
966.1816,
0,
0,
11100.14,
4012.073,
234.3309,
554.4603,
24476.03,
0,
0,
0,
0,
69613.84,
0,
0,
0,
0,
0,
0,
0,
69613.84,
7035.078,
60774.85,
0,
102867.8,
69613.84,
5474.943,
5581.638,
0,
267847.1,
135371.1,
5045.932,
21264.95,
680877.3,
2094, 
84.17012,
486.6061,
0,
1041.93,
679.3942,
24.73919,
0.1585524,
0,
1521.723,
1760.888,
196.8888,
618.9785,
6415.476,
204.4239,
3304.052,
0,
4395.104,
4788.728,
107.7349,
1.191903,
0,
20567.62,
12927.44,
58.26728,
1271.369,
47625.93,
27.85761,
1273.655,
0,
903.5792,
605.2079,
21.75035,
35.44041,
0,
6098.147,
1932.349,
166.0543,
293.3316,
11357.37,
158.0879,
510.233,
0,
804.0696,
969.9149,
29.32807,
60.17494,
0,
1172.981,
2020.655,
246.0367,
276.1589,
6247.639,
53.77263,
1700.038,
0,
1212.903,
2384.077,
158.3861,
0,
0,
11644.87,
4379.417,
0.0004881124,
1609.365,
23142.83,
90.9437,
1035.024,
0,
1631.156,
2338.609,
53.3781,
0,
0,
7124.679,
5758.868,
1113.853,
379.3208,
19525.83,
53.30726,
1635.552,
0,
3870.983,
1308.941,
12.13834,
38.35575,
0,
13669.45,
5538.281,
55.96384,
295.2149,
26478.19,
267.7335,
3557.449,
0,
6905.568,
8438.104,
1757.151,
0,
0,
30864.76,
9114.21,
0.005748814,
2384.391,
63289.37,
145.8344,
1859.78,
0,
1875.941,
4307.045,
1379.097,
0,
0,
14936.49,
4784.656,
1047.133,
931.1815,
31267.15,
19.68945,
653.218,
0,
457.8271,
387.3026,
19.55219,
50.85849,
0,
3505.979,
1068.543,
320.2957,
5.146298,
6488.412,
354.733,
4456.974,
0,
3988.764,
5399.121,
18.31776,
483.8753,
0,
5427.685,
10342.96,
49.01786,
2142.764,
32664.21,
85.76998,
534.7382,
0,
854.8877,
1184.867,
4.055121,
36.08245,
0,
1998.837,
1145.962,
1.507588,
320.8441,
6167.551,
79.52515,
235.8647,
0,
1777.943,
1456.313,
6.113058,
143.6868,
0,
1958.199,
376.4379,
43.28194,
397.5798,
6474.945,
135.2006,
249.4424,
0,
557.6621,
609.574,
1.864239,
2.095174,
0,
1321.863,
558.8802,
0,
12.6364,
3449.218,
116.0058,
651.5839,
0,
1541.754,
560.0836,
3.13103,
19.71836,
0,
4137.235,
675.4832,
0.1056939,
410.8232,
8115.924,
210.065,
999.7173,
0,
4327.068,
1879.108,
3.983117,
9.346304e-08,
0,
6419.272,
2291.906,
315.7079,
437.2552,
16884.08,
85.61582,
3430.031,
0,
8966.044,
500.1406,
4.987387,
21.88871,
0,
20311.42,
8360.044,
0.3078747,
332.0738,
42012.55,
1827.434,
10663.61,
0,
24146.52,
6086.265,
376.7453,
2975.651,
0,
20263.76,
9788.881,
87.25433,
1868.066,
78084.18,
64.31527,
330.7436,
0,
1967.439,
824.2755,
2.357149,
51.16964,
0,
285.1713,
1396.703,
7.640471,
197.8437,
5127.658,
890.1241,
6996.57,
0,
10564.48,
11073.99,
0.004163958,
52.76775,
0,
51331.19,
21544.48,
0.5792614,
2328.877,
104783.1,
290.7648,
3059.631,
0,
2381.335,
5370.084,
75.46138,
153.8155,
0,
5525.603,
8526.549,
199.3415,
1274.507,
26857.09,
277.53,
3358.501,
0,
903.7221,
1235.431,
38.09214,
3.489751,
0,
2483.76,
7044.829,
574.92,
855.324,
16775.6,
485.9643,
595.928,
0,
1920.085,
966.3613,
13.02552,
446.4763,
0,
646.9523,
593.8978,
189.0582,
303.2776,
6161.026,
11.86976,
417.5963,
0,
930.5388,
773.5754,
59.62439,
0,
0,
4784.537,
2353.828,
90.69858,
203.3474,
9625.615,
783.9919,
4178.375,
0,
12329.85,
3601.352,
220.597,
1229.656,
0,
19087.82,
6993.635,
30.36341,
1729.141,
50184.79,
185.7613,
3170.171,
0,
2087.697,
2258.148,
953.0327,
0,
0,
11464.3,
4052.086,
242.4606,
531.1639,
24944.82,
0,
0,
0,
0,
69986.01,
0,
0,
0,
0,
0,
0,
0,
69986.01,
6990.492,
59345.08,
0,
102344.8,
69986.02,
5344.646,
5806.552,
0,
268554.3,
135331.9,
5036.745,
21409.98,
680150.5,
2095, 
82.31307,
475.2576,
0,
1018.809,
685.6375,
23.26738,
0.03184464,
0,
1484.286,
1795.767,
204.8724,
608.6974,
6378.939,
197.5718,
3220.047,
0,
4245.87,
4866.536,
101.4806,
0.6571669,
0,
19945.87,
13065.29,
57.20799,
1332.872,
47033.41,
26.37478,
1243.749,
0,
881.3862,
625.5507,
21.46657,
33.93345,
0,
6081.93,
1938.111,
162.9977,
292.3831,
11307.88,
157.3806,
496.0485,
0,
827.7071,
968.02,
26.82216,
61.22941,
0,
1202.466,
2012.258,
245.5613,
269.7071,
6267.2,
52.5215,
1635.454,
0,
1241.421,
2367.322,
144.0858,
0,
0,
11520.76,
4410.875,
0.000473819,
1623.205,
22995.64,
86.79938,
994.5579,
0,
1610.153,
2430.124,
52.02765,
0,
0,
6979.438,
5787.474,
1084.449,
381.429,
19406.45,
51.99679,
1592.04,
0,
3685.94,
1376.561,
10.52242,
33.69535,
0,
13687.62,
5506.298,
56.2944,
295.6218,
26296.58,
271.6712,
3546.247,
0,
6916.245,
8754.778,
1755.433,
0,
0,
32055.06,
9189.975,
0.005980497,
2395.163,
64884.58,
134.6284,
1828.969,
0,
2043.561,
4292.006,
1349.49,
0,
0,
15512.23,
4795.661,
1020.394,
939.8846,
31916.83,
16.75718,
637.8116,
0,
404.9965,
380.9264,
18.18403,
49.62271,
0,
3570.695,
1053.093,
307.8451,
5.146298,
6445.078,
337.4327,
4420.534,
0,
4080.468,
5437.687,
15.37167,
425.6437,
0,
5425.055,
10272.42,
48.88781,
2128.475,
32591.97,
88.4923,
527.7994,
0,
822.4671,
1308.973,
3.527995,
31.77583,
0,
2032.812,
1104.483,
1.44253,
305.2407,
6227.014,
73.59843,
228.7869,
0,
1749.803,
1468.504,
4.989836,
140.9577,
0,
1953.699,
377.3587,
43.07896,
396.0489,
6436.825,
132.0115,
246.1145,
0,
551.7028,
596.1115,
1.606057,
2.13251,
0,
1340.579,
553.6075,
0,
12.33812,
3436.203,
111.6398,
640.0181,
0,
1505.041,
562.2274,
2.629343,
21.80211,
0,
4203.616,
695.5778,
0.1076494,
375.9855,
8118.645,
206.585,
979.242,
0,
4201.068,
1907.431,
3.288476,
7.376671e-08,
0,
6372.75,
2432.737,
326.0446,
386.8563,
16816,
85.37225,
3279.264,
0,
8786.428,
514.4733,
4.070292,
24.48648,
0,
20425.78,
8331.979,
0.3082263,
330.8063,
41782.97,
1899.225,
10425.06,
0,
24067.11,
6146.262,
342.781,
3063.604,
0,
20164.48,
9720.895,
87.22424,
1909.405,
77826.05,
63.7596,
323.063,
0,
2018.296,
829.582,
1.793749,
42.71667,
0,
290.0187,
1424.025,
7.475848,
188.4831,
5189.213,
864.3994,
6711.683,
0,
10232.76,
10604.26,
0.004380042,
59.34578,
0,
50894.73,
21074.75,
0.7182832,
2620.985,
103063.6,
268.6054,
2965.599,
0,
2254.843,
5298.101,
72.40731,
153.8527,
0,
5527.642,
8716.662,
199.137,
1246.016,
26702.87,
263.2314,
3266.578,
0,
897.1948,
1241.467,
37.0953,
3.616293,
0,
2453.137,
7011.615,
594.9426,
863.6398,
16632.52,
438.5164,
589.1741,
0,
1889.99,
961.028,
12.93718,
449.3459,
0,
652.0126,
631.532,
191.3392,
305.0047,
6120.88,
10.84659,
403.4582,
0,
911.6178,
769.6459,
56.6897,
0,
0,
4824.812,
2332.707,
97.57156,
202.9272,
9610.276,
840.6049,
4087.677,
0,
12552.55,
3520.777,
210.2589,
1259.346,
0,
19184.02,
7030.344,
30.18415,
1725.238,
50441,
183.8307,
3123.266,
0,
2194.822,
2266.838,
939.301,
0,
0,
11783.6,
4160.984,
238.0897,
515.1547,
25405.88,
0,
0,
0,
0,
70180.82,
0,
0,
0,
0,
0,
0,
0,
70180.82,
6946.166,
57887.5,
0,
101592.3,
70180.83,
5211.531,
5857.795,
0,
269569.1,
135426.5,
5006.181,
21656.71,
679334.6,
2096, 
80.80048,
468.5829,
0,
1000.708,
695.0702,
21.70522,
0,
0,
1458.862,
1802.676,
206.9444,
605.0422,
6340.391,
190.6024,
3134.248,
0,
4082.717,
4922.758,
95.11368,
0.9222213,
0,
19407.41,
13147.25,
57.43382,
1389.054,
46427.51,
25.12178,
1211.011,
0,
849.7706,
648.4726,
21.15943,
31.74103,
0,
6094.726,
1944.009,
160.3517,
289.827,
11276.19,
147.9931,
481.1449,
0,
846.853,
963.6913,
24.28753,
62.36898,
0,
1221.199,
2012.944,
246.9377,
263.5717,
6270.991,
51.12791,
1569.585,
0,
1264.49,
2348.641,
129.8972,
0,
0,
11404.78,
4383.646,
0.0004856783,
1639.315,
22791.48,
81.98599,
954.5892,
0,
1581.916,
2505.686,
50.65186,
0,
0,
6925.692,
5909.851,
1070.203,
312.5836,
19393.16,
49.82157,
1548.531,
0,
3414.283,
1433.302,
8.976738,
33.78556,
0,
13718.36,
5468.085,
56.50167,
309.3761,
26041.02,
300.4305,
3524.87,
0,
6949.324,
9056.503,
1752.955,
0,
0,
33032.27,
9249.994,
0.005765975,
2405.278,
66271.63,
123.8103,
1796.494,
0,
2163.138,
4277.087,
1319.619,
0,
0,
16040.27,
4784.594,
1038.189,
944.0123,
32487.21,
15.22699,
620.6855,
0,
369.3392,
373.4842,
16.87461,
40.40755,
0,
3631.989,
1049.924,
294.2777,
5.146298,
6417.354,
321.3718,
4376.943,
0,
4127.3,
5456.39,
12.58436,
294.5836,
0,
5413.272,
10478.53,
46.64789,
2045.571,
32573.2,
88.47314,
520.9175,
0,
804.1741,
1396.126,
3.002011,
26.9739,
0,
2074.85,
1061.172,
1.356961,
286.2815,
6263.328,
67.23129,
220.8473,
0,
1714.493,
1465.448,
3.954189,
137.4839,
0,
1949.358,
379.303,
42.99664,
395.8673,
6376.982,
129.078,
242.9039,
0,
530.4851,
583.6508,
1.270722,
2.169883,
0,
1360.525,
554.0132,
0,
11.74547,
3415.842,
107.3828,
627.8994,
0,
1453.069,
563.2559,
2.19126,
23.01912,
0,
4243.236,
781.6063,
0.1108658,
341.1602,
8142.931,
202.3868,
963.2123,
0,
4131.548,
1918.548,
2.530334,
5.502281e-08,
0,
6319.844,
2552.016,
332.24,
334.7483,
16757.07,
85.12079,
3130.191,
0,
8771.973,
519.1358,
3.186654,
30.79519,
0,
20491.3,
8388.866,
0.3255691,
332.2062,
41753.11,
1958.079,
10159.85,
0,
23982.86,
6253.769,
308.4341,
3130.568,
0,
20075.31,
9642.031,
87.42407,
1922.989,
77521.31,
63.50854,
315.5638,
0,
2035.375,
822.2575,
1.295636,
36.30772,
0,
291.5023,
1442.768,
7.403617,
179.7953,
5195.778,
841.4492,
6426.462,
0,
9929.354,
10181.54,
0.004668256,
66.67261,
0,
49587.2,
20574.52,
0.7123433,
2997.779,
100605.7,
241.386,
2872.288,
0,
2122.449,
5213.134,
69.33044,
153.865,
0,
5580.916,
8863.863,
199.0506,
1209.689,
26525.97,
249.3774,
3170.566,
0,
885.2842,
1255.626,
35.96444,
3.617399,
0,
2429.536,
7107.152,
586.322,
858.3275,
16581.77,
395.9465,
581.6923,
0,
1825.938,
944.7599,
12.78727,
444.9437,
0,
647.1073,
684.6127,
191.2669,
304.3799,
6033.434,
10.6247,
393.9433,
0,
897.2309,
755.567,
53.68907,
0,
0,
4887.463,
2374.212,
91.82221,
203.2694,
9667.822,
893.3918,
3992.586,
0,
12700.19,
3686.816,
200.1794,
1220.605,
0,
19199.5,
7125.582,
30.34906,
1720.193,
50769.39,
185.6566,
3065.908,
0,
2263.092,
2358.971,
925.1521,
0,
0,
12072.22,
4237.227,
246.8654,
490.5463,
25845.64,
0,
0,
0,
0,
70599.7,
0,
0,
0,
0,
0,
0,
0,
70599.7,
6907.386,
56371.52,
0,
100697.4,
70599.7,
5076.796,
5740.831,
0,
269558.7,
136000.5,
4995.74,
21797.75,
677746.2,
2097, 
77.80615,
461.9822,
0,
987.8082,
722.0175,
20.11179,
0,
0,
1450.854,
1791.492,
204.5193,
593.8242,
6310.415,
185.0436,
3049.149,
0,
3937.128,
4948.572,
88.19129,
1.081702,
0,
18860.97,
13148.14,
69.94056,
1438.568,
45726.79,
23.4406,
1177.064,
0,
816.0979,
670.4185,
20.82045,
30.33361,
0,
6081.366,
1922.045,
167.6883,
292.2472,
11201.52,
137.9755,
466.3203,
0,
859.9554,
959.4011,
21.76449,
63.29683,
0,
1223.596,
2042.977,
245.6774,
258.1931,
6279.157,
49.57816,
1503.267,
0,
1286.455,
2330.13,
115.6192,
0,
0,
11262.56,
4360.38,
0.0004795658,
1654.832,
22562.82,
77.44382,
915.9117,
0,
1546.927,
2674.481,
49.18103,
0,
0,
6692.851,
5996.215,
1053.191,
283.1094,
19289.31,
48.31064,
1506.308,
0,
3162.247,
1471.587,
7.514706,
33.79631,
0,
13748.89,
5427.235,
56.49167,
317.9835,
25780.37,
327.533,
3494.776,
0,
6757.122,
9533.822,
1748.429,
0,
0,
33929.09,
9328.551,
0.005868955,
2414.99,
67534.31,
113.5621,
1764.117,
0,
2286.713,
4258.913,
1289.257,
0,
0,
16634.13,
4743.189,
1065.873,
947.4834,
33103.23,
14.22248,
602.6096,
0,
352.3589,
368.177,
15.71386,
28.99052,
0,
3667.565,
1055.71,
284.5086,
5.146298,
6395.002,
308.4822,
4330.641,
0,
4145.15,
5464.213,
10.42201,
233.018,
0,
5426.877,
10821.19,
36.62686,
1870.269,
32646.89,
80.6737,
514.1997,
0,
770.4566,
1433.261,
2.500921,
20.79143,
0,
2121.754,
1003.113,
1.307167,
288.2621,
6236.32,
64.08776,
215.7178,
0,
1687.653,
1417.167,
3.036464,
134.7971,
0,
1952.138,
378.9326,
42.95391,
397.0399,
6293.523,
125.6581,
239.3885,
0,
500.1,
570.8493,
1.024882,
1.663242,
0,
1377.568,
570.28,
0,
11.15282,
3397.685,
103.3516,
615.4568,
0,
1380.79,
562.6888,
1.808362,
23.41586,
0,
4214.595,
877.3893,
0.113442,
339.1246,
8118.734,
197.531,
945.3773,
0,
4155.013,
1926.24,
1.826921,
3.723595e-08,
0,
6244.257,
2640.724,
336.117,
287.4314,
16734.52,
85.82092,
2989.382,
0,
8712.882,
529.7561,
2.447218,
41.51391,
0,
20605.7,
8471.035,
0.3096769,
330.4419,
41769.29,
1992.304,
9884.34,
0,
23876.97,
6453.745,
273.9073,
3185.377,
0,
20010.53,
9530.882,
87.65662,
1930.12,
77225.82,
63.10201,
308.0922,
0,
1968.785,
794.4849,
0.8815764,
32.80616,
0,
291.1637,
1454.698,
7.290339,
171.834,
5093.139,
817.5256,
6123.96,
0,
9680.646,
9762.361,
0.004842669,
73.77673,
0,
50318.87,
20206.31,
0.7153958,
2917.485,
99901.66,
209.4229,
2781.11,
0,
1987.876,
5177.158,
66.23217,
152.5616,
0,
5702.81,
8910.067,
199.4788,
1177.312,
26364.03,
236.506,
3076.685,
0,
875.0486,
1272.342,
34.6028,
3.761456,
0,
2417.443,
7062.964,
596.7527,
854.7523,
16430.86,
363.3584,
574.1778,
0,
1727.302,
925.0281,
12.61229,
435.2227,
0,
634.6376,
742.5688,
191.1064,
302.8785,
5908.893,
10.49338,
384.9208,
0,
886.3479,
740.2423,
50.59511,
0,
0,
4893.415,
2336.267,
92.37081,
203.859,
9598.511,
917.4426,
3897.941,
0,
12714.22,
3857.453,
190.484,
1296.029,
0,
19198.43,
7230.93,
30.39033,
1709.088,
51042.4,
190.691,
3008.457,
0,
2286.155,
2489.56,
910.542,
0,
0,
12353.38,
4307.473,
250.4948,
485.927,
26282.68,
0,
0,
0,
0,
71314.07,
0,
0,
0,
0,
0,
0,
0,
71314.07,
6821.368,
54831.35,
0,
99348.2,
71314.07,
4939.532,
5792.233,
0,
271315.4,
136360.8,
5021.581,
21483.36,
677227.9,
2098, 
76.83197,
455.5203,
0,
977.3832,
762.8535,
18.54436,
0,
0,
1472.529,
1757.47,
198.2226,
574.1685,
6293.523,
178.1381,
2963.213,
0,
3830.512,
4992.843,
81.17261,
1.914938,
0,
18327.79,
13021.3,
76.31337,
1521.05,
44994.25,
23.53197,
1140.698,
0,
787.1758,
686.4792,
20.48006,
29.9623,
0,
6097.699,
1904.663,
164.0503,
294.4933,
11149.23,
125.848,
451.6148,
0,
865.7656,
960.8799,
19.47621,
63.44572,
0,
1215.13,
2102.15,
241.6703,
246.7388,
6292.72,
48.34948,
1438.952,
0,
1316.634,
2303.975,
101.5503,
0,
0,
11121.49,
4309.012,
0.0004727313,
1671.861,
22311.82,
74.23942,
878.5223,
0,
1523.904,
2676.569,
47.73761,
0,
0,
6446.732,
6032.876,
1030.37,
331.6499,
19042.6,
48.93063,
1464.486,
0,
3058.115,
1507.633,
6.156895,
39.59791,
0,
13808.14,
5329.031,
56.79374,
319.8063,
25638.69,
352.0069,
3463.019,
0,
6515.279,
10282.11,
1742.425,
0,
0,
34698.02,
9359.815,
0.005729209,
2423.39,
68836.08,
104.1708,
1729.342,
0,
2333.048,
4233.935,
1258.715,
0,
0,
17182.94,
4699.724,
1130.199,
956.2318,
33628.3,
13.39111,
584.1442,
0,
351.523,
366.827,
14.71614,
28.31777,
0,
3685.317,
1071.44,
277.7652,
5.122906,
6398.564,
299.838,
4280.866,
0,
4113.371,
5430.318,
8.806389,
159.3571,
0,
5396.742,
11183.42,
35.54105,
1821.511,
32729.77,
76.78811,
507.5297,
0,
759.1268,
1428.739,
2.047231,
13.57211,
0,
2163.699,
937.338,
1.393186,
306.7353,
6196.969,
59.55451,
210.1997,
0,
1644.232,
1410.858,
2.240242,
131.2746,
0,
1986.137,
370.6201,
42.54142,
395.1122,
6252.77,
122.5326,
235.9143,
0,
482.5,
559.4642,
0.8271996,
1.048126,
0,
1394.283,
589.2916,
0,
10.30632,
3396.168,
99.81573,
603.0903,
0,
1331.989,
559.0649,
1.484689,
23.2346,
0,
4200.636,
979.3835,
0.112844,
333.6828,
8132.494,
192.6045,
924.851,
0,
4161.684,
2011.826,
1.245421,
2.390524e-08,
0,
6149.816,
2694.179,
339.5366,
252.3068,
16728.05,
87.84956,
2859.019,
0,
8593.24,
540.2482,
1.844502,
57.57968,
0,
20761.23,
8627.819,
0.2772266,
328.1888,
41857.3,
1994.516,
9602.538,
0,
23635.8,
6621.409,
241.6044,
3219.569,
0,
19921.18,
9605.516,
87.74248,
1931.341,
76861.23,
61.4442,
300.285,
0,
1778.481,
741.3533,
0.5652736,
29.64616,
0,
289.0365,
1454.776,
7.07698,
164.4461,
4827.111,
789.6429,
5802.042,
0,
9481.577,
9370.04,
0.005022832,
80.07851,
0,
49820.88,
19744.86,
0.7189355,
3081.335,
98171.18,
182.6767,
2691.437,
0,
1868.061,
5132.091,
63.29427,
142.9639,
0,
5738.144,
9042.489,
199.7392,
1148.054,
26208.95,
219.5095,
2985.535,
0,
855.4675,
1292.118,
33.19946,
3.762583,
0,
2380.714,
7177.786,
585.8252,
849.6371,
16383.55,
334.2742,
566.6111,
0,
1615.173,
903.0286,
12.40006,
419.8362,
0,
627.1203,
799.28,
189.6382,
299.043,
5766.405,
10.23475,
375.8675,
0,
873.5582,
723.8747,
47.66219,
0,
0,
4961.083,
2418.392,
78.11497,
194.773,
9683.56,
993.4229,
3801.836,
0,
12662.66,
4014.992,
181.3864,
1404.965,
0,
19255.52,
7323.253,
30.42204,
1684.894,
51353.35,
182.0966,
2946.427,
0,
2269.407,
2664.167,
895.8354,
0,
0,
12646.83,
4414.135,
249.3267,
483.744,
26751.96,
0,
0,
0,
0,
72177.7,
0,
0,
0,
0,
0,
0,
0,
72177.7,
6752.239,
53263.56,
0,
97685.67,
72177.7,
4805.422,
5850.126,
0,
271748.8,
136950,
5023.398,
21629.63,
675886.6,
2099, 
75.98765,
444.864,
0,
968.7197,
805.7944,
16.94349,
0,
0,
1508.685,
1730.97,
192.7872,
541.9246,
6286.677,
170.6281,
2874.941,
0,
3739.795,
5050.621,
74.21072,
2.466594,
0,
17754.42,
12956.59,
82.47044,
1587.028,
44293.17,
23.80536,
1106.003,
0,
747.8285,
706.656,
20.16355,
30.03935,
0,
6074.61,
1887.7,
168.6255,
294.9529,
11060.38,
112.312,
437.6708,
0,
867.3921,
963.6048,
17.4923,
62.68433,
0,
1208.216,
2163.032,
236.1999,
236.6176,
6305.222,
46.86447,
1375.369,
0,
1359.494,
2267.121,
87.6871,
0,
0,
11012.88,
4238.255,
0.0004748015,
1692.789,
22080.46,
71.3559,
842.0813,
0,
1507.789,
2366.911,
46.31597,
0,
0,
6200.771,
6048.412,
1005.927,
479.6554,
18569.22,
52.16958,
1424.954,
0,
3117.814,
1537.049,
4.929531,
49.88265,
0,
13832.99,
5241.345,
56.90459,
318.7911,
25636.83,
377.0883,
3430.584,
0,
6251.241,
11026.31,
1734.907,
0,
0,
35557.62,
9283.863,
0.005820383,
2424.495,
70086.11,
95.28751,
1692.185,
0,
2356.776,
4208.629,
1228.164,
0,
0,
17616.2,
4622.4,
1194.292,
963.734,
33977.67,
12.66592,
565.5344,
0,
355.4079,
368.5487,
13.86734,
28.32677,
0,
3707.347,
1110.394,
274.4548,
5.122906,
6441.669,
290.1502,
4227.311,
0,
3986.12,
5423.708,
7.658118,
84.49899,
0,
5381.756,
11690.51,
33.70737,
1734.612,
32860.03,
74.15805,
495.7778,
0,
739.7025,
1411.147,
1.64751,
12.97713,
0,
2188.436,
998.6863,
1.34786,
276.3895,
6200.27,
55.56333,
204.6005,
0,
1597.927,
1404.236,
1.573626,
128.99,
0,
1987.861,
369.5281,
42.38438,
395.5551,
6188.219,
120.003,
232.689,
0,
475.2469,
549.744,
0.6625394,
1.0343,
0,
1409.991,
611.6396,
0,
9.681305,
3410.692,
96.2936,
590.7928,
0,
1283.854,
555.2939,
1.215701,
22.73109,
0,
4193.906,
1087.099,
0.1122747,
326.9304,
8158.229,
187.3828,
902.9379,
0,
4016.304,
2187.461,
0.7804482,
1.144241e-08,
0,
6071.45,
2718.243,
341.1505,
237.0484,
16662.76,
91.18166,
2740.13,
0,
8412.703,
550.7039,
1.367386,
86.22321,
0,
20926.03,
8737.282,
0.1946254,
322.3703,
41868.19,
2004.623,
9318.336,
0,
23259.97,
6682.31,
212.8571,
3241.427,
0,
19815,
9798.095,
87.84821,
1946.417,
76366.89,
58.91242,
291.5979,
0,
1503.869,
674.3745,
0.3371896,
26.39454,
0,
283.9549,
1447.943,
7.072512,
157.8365,
4452.292,
764.2502,
5466.182,
0,
9333.095,
9037.273,
0.004980686,
89.73293,
0,
49569.49,
19421.54,
0.7232614,
3087.87,
96770.16,
161.8193,
2603.843,
0,
1767.236,
5069.185,
60.46049,
130.2082,
0,
5709.372,
9293.121,
196.8098,
1118.209,
26110.26,
208.1858,
2897.819,
0,
838.7117,
1313.37,
31.81355,
3.784873,
0,
2331.382,
7238.815,
582.3328,
847.8963,
16294.11,
309.6234,
558.8762,
0,
1495.814,
880.2353,
12.19609,
399.7694,
0,
620.6213,
860.8475,
187.6633,
294.2772,
5619.923,
9.980544,
366.6155,
0,
861.8496,
708.4867,
44.86263,
0,
0,
4946.513,
2409.41,
80.56534,
193.5924,
9621.876,
1049.95,
3705.574,
0,
12513.39,
4241.25,
172.556,
1501.505,
0,
19397.2,
7401.751,
30.48131,
1663.293,
51676.95,
168.6405,
2882.946,
0,
2225.204,
2912.971,
880.8828,
0,
0,
12902.91,
4493.409,
247.9094,
482.1893,
27197.06,
0,
0,
0,
0,
72903,
0,
0,
0,
0,
0,
0,
0,
72903,
6688.883,
51680.21,
0,
95583.26,
72903,
4675.558,
5902.677,
0,
272209.6,
137860.9,
5051.97,
21639.28,
674195.4,
2100, 
75.03428,
438.4064,
0,
960,
779.9479,
15.48289,
0,
0,
1539.611,
1730.665,
191.1327,
536.5602,
6266.84,
162.4604,
2783.072,
0,
3669.88,
5119.562,
68.06822,
2.814298,
0,
17192.62,
12882.14,
82.70081,
1643.429,
43606.74,
24.24201,
1072.481,
0,
698.7617,
727.0456,
19.84227,
30.11644,
0,
6071.564,
1854.962,
170.7324,
294.4312,
10964.18,
98.57701,
424.3315,
0,
868.0222,
964.0421,
15.80439,
61.83007,
0,
1191.922,
2230.138,
234.7234,
233.3356,
6322.726,
45.39693,
1313.806,
0,
1401.533,
2228.778,
74.33898,
0,
0,
10932.25,
4127.859,
0.0004724345,
1723.342,
21847.3,
68.14165,
806.5618,
0,
1493.083,
2608.842,
44.90506,
0,
0,
6147.157,
6023.279,
971.4111,
406.6511,
18570.03,
56.90017,
1385.067,
0,
3254.241,
1539.912,
3.847621,
64.77704,
0,
13844.06,
5135.55,
57.28553,
317.7759,
25659.42,
392.7935,
3395.225,
0,
5913.505,
11689.08,
1725.823,
0,
0,
36450.61,
9238.86,
0.005736476,
2420.941,
71226.84,
87.12534,
1653.067,
0,
2378.849,
4180.183,
1198.439,
0,
0,
18045.12,
4539.429,
1271.178,
976.1656,
34329.55,
12.0524,
547.0093,
0,
357.6769,
370.7996,
13.14457,
28.33578,
0,
3739.886,
1131.847,
271.541,
5.122906,
6477.416,
288.0282,
4169.001,
0,
3800.602,
5436.071,
6.89907,
66.31368,
0,
5423.067,
12090.53,
30.99243,
1639.808,
32951.31,
71.92086,
484.3796,
0,
732.3481,
1381.075,
1.299702,
12.56843,
0,
2211.144,
922.3329,
1.464162,
301.2982,
6119.831,
51.6615,
198.7201,
0,
1558.807,
1384.451,
1.038766,
127.4871,
0,
1991.817,
372.2088,
42.2459,
396.3885,
6124.826,
117.0193,
228.4635,
0,
457.0201,
540.5933,
0.5331542,
0.99729,
0,
1426.75,
633.9932,
0,
9.057179,
3414.427,
92.61275,
578.4244,
0,
1238.526,
552.0788,
0.9956113,
22.13743,
0,
4156.596,
1194.975,
0.1115095,
321.4176,
8157.875,
181.5444,
878.6027,
0,
3790.04,
2422.513,
0.4514878,
3.433486e-09,
0,
5967.519,
2736.979,
341.0968,
252.1072,
16570.85,
96.52286,
2632.247,
0,
8158.241,
560.7986,
1.006736,
127.319,
0,
20952.38,
8940.005,
0.1432042,
320.3909,
41789.05,
2034.137,
9032.075,
0,
22920.61,
6651.947,
187.177,
3269.449,
0,
19689.27,
10093.94,
87.89523,
1915.633,
75882.13,
56.48622,
282.3302,
0,
1355.3,
637.7369,
0.1800688,
21.88275,
0,
280.3482,
1447.196,
6.99968,
153.3668,
4241.827,
734.6839,
5120.094,
0,
9154.057,
8822.27,
0.00476988,
97.19658,
0,
49804.76,
19147.55,
0.7262875,
2906.725,
95788.07,
149.3958,
2517.276,
0,
1709.134,
5015.115,
57.74502,
121.9024,
0,
5698.678,
9335.7,
194.7762,
1100.616,
25900.34,
193.887,
2811.798,
0,
811.9418,
1344.461,
30.4977,
3.810904,
0,
2290.434,
7228.526,
598.3324,
843.815,
16157.5,
288.5257,
550.994,
0,
1396.645,
860.5517,
12.00213,
376.9995,
0,
613.361,
935.951,
185.9125,
289.9498,
5510.892,
9.641536,
357.3667,
0,
848.0554,
693.2419,
42.15531,
0,
0,
4965.613,
2456.341,
74.40317,
188.2618,
9635.079,
1097.29,
3607.77,
0,
12318.97,
4539.45,
163.7717,
1581.302,
0,
19544.93,
7467.262,
30.49657,
1652.203,
52003.45,
155.2381,
2819.213,
0,
2156.805,
3135.342,
865.6547,
0,
0,
13210.54,
4588.922,
248.5647,
481.3121,
27661.59,
0,
0,
0,
0,
74185.89,
0,
0,
0,
0,
0,
0,
0,
74185.89,
6641.318,
50087.78,
0,
93402.65,
74185.89,
4551.109,
6017.24,
0,
273382,
138487.1,
5094.872,
21330.11,
673180.1];
