real main.em.dem.res.Households[27,13](t) = [1971, 
6028663,
4762309,
1297411,
855664.1,
901471.9,
952461.8,
1009566,
1073954,
223395,
240090.1,
259482.2,
282282.1,
309474.7,
5.797834e+07,
4.473421e+07,
1.35612e+07,
8114575,
8510410,
8946842,
9430457,
9969342,
2360049,
2523918,
2712241,
2930934,
3187987,
9646843,
6199994,
3515313,
1008105,
1112092,
1239999,
1401151,
1610449,
540084.1,
610889.9,
703062.6,
827991.9,
1006914,
6883446,
3304021,
3632257,
512751.1,
577438.6,
660804.1,
772302.4,
929064.6,
528671.8,
611978.8,
726451.5,
893602.9,
1160664,
2.075258e+07,
1.276302e+07,
8141292,
2155924,
2337554,
2552604,
2811231,
3128174,
1305262,
1448979,
1628259,
1858167,
2163675,
1.554438e+07,
1.064919e+07,
4998969,
1634726,
1849724,
2129837,
2509930,
3055155,
720555.3,
837512.2,
999793.7,
1240079,
1632402,
1.122632e+07,
5104475,
6207378,
790855.9,
891271.3,
1020895,
1194639,
1439651,
901539.4,
1044546,
1241475,
1529911,
1992935,
2.241774e+07,
5976328,
1.657532e+07,
936507.1,
1050182,
1195266,
1386862,
1651608,
2432849,
2806254,
3315064,
4049244,
5201128,
1.841223e+07,
2512853,
1.596541e+07,
434513.4,
466070.6,
502570.5,
545273.1,
595906.3,
2616467,
2876159,
3193081,
3588495,
4095682,
4558943,
2400129,
2193814,
400468.8,
436653,
480025.8,
532965.1,
599028.7,
346567.5,
387253.4,
438762.8,
506077.1,
597789,
8.681153e+07,
6.390156e+07,
2.343266e+07,
1.119788e+07,
1.193688e+07,
1.278031e+07,
1.3752e+07,
1.48836e+07,
3920354,
4269341,
4686533,
5194089,
5824934,
2.703958e+07,
1.468037e+07,
1.256595e+07,
2554247,
2731883,
2936074,
3173253,
3452120,
2081741,
2277210,
2513190,
2803732,
3170233,
7557049,
3289921,
4324174,
559436.2,
604721.5,
657984.1,
721535.4,
798675.5,
697271.6,
772066.1,
864834.8,
982941.6,
1138409,
1.581341e+07,
9071775,
6860904,
1625648,
1714826,
1814355,
1926150,
2052626,
1175649,
1266335,
1372181,
1497335,
1647610,
5202946,
2492428,
2750445,
387041.6,
435750.9,
498485.6,
582321.9,
700059.3,
400600.2,
463591.6,
550089,
676267.8,
877562.1,
3.857916e+07,
2.570583e+07,
1.313862e+07,
4617829,
4865465,
5141166,
5449989,
5798284,
2259455,
2429714,
2627723,
2860869,
3139416,
1.079928e+07,
5523996,
5358347,
852351.6,
962294.1,
1104799,
1296848,
1569713,
775191,
899633.1,
1071669,
1325059,
1735380,
8.877063e+07,
2.070026e+07,
6.85548e+07,
3259323,
3647272,
4140052,
4786792,
5673003,
1.011253e+07,
1.163998e+07,
1.371096e+07,
1.667837e+07,
2.128499e+07,
6375755,
3242591,
3182207,
471082.8,
545740.5,
648518.2,
798989.6,
1040383,
430480.7,
513581.5,
636441.4,
836566.3,
1220274,
1.516011e+08,
3.149329e+07,
1.208687e+08,
5158738,
5671992,
6298659,
7080999,
8085246,
1.863849e+07,
2.104828e+07,
2.417374e+07,
2.838926e+07,
3.438556e+07,
2.709571e+07,
7736234,
1.952844e+07,
1226353,
1368237,
1547247,
1780148,
2095590,
2904377,
3331419,
3905688,
4719179,
5960695,
2.454061e+07,
4973915,
1.968762e+07,
850336.7,
916905.7,
994782.8,
1087117,
1198345,
3186834,
3522629,
3937523,
4463198,
5150857,
2.601447e+07,
1.525239e+07,
1.095675e+07,
2685223,
2856221,
3050478,
3273088,
3530745,
1840292,
2000537,
2191350,
2422400,
2707917,
3255601,
2705020,
564801.6,
435964.8,
482837.8,
541004.1,
615104.2,
712724.5,
86098.4,
97716.93,
112960.3,
133838.5,
164184.4,
2.572743e+07,
4630720,
2.121241e+07,
730077.5,
816505.3,
926144,
1069794,
1266185,
3131762,
3603473,
4242483,
5156978,
6574061,
9610630,
1384146,
8262545,
238772.6,
256396.4,
276829.1,
300800.5,
329317,
1350514,
1486327,
1652509,
1860530,
2128466,
7.282444e+08,
3.15191e+08,
4.173377e+08,
5.369439e+07,
5.794679e+07,
6.303819e+07,
6.92893e+07,
7.723894e+07,
6.496707e+07,
7.300942e+07,
8.346754e+07,
9.770739e+07,
1.184592e+08,
1972, 
6461483,
5103712,
1391067,
928733.9,
972566.9,
1020742,
1073939,
1132986,
242996.3,
259415,
278213.3,
299948.8,
325368.3,
6.205537e+07,
4.788566e+07,
1.450899e+07,
8798390,
9171260,
9577133,
1.002059e+07,
1.050712e+07,
2562043,
2721357,
2901798,
3107866,
3345440,
9956575,
6470044,
3556566,
1051682,
1160328,
1294009,
1462503,
1681445,
546270.4,
617961.9,
711313.3,
837887.4,
1019258,
7044737,
3419332,
3679525,
530763.4,
597665.6,
683866.4,
799123.1,
961104.8,
535717.8,
620054,
735905,
904994.2,
1174967,
2.13151e+07,
1.330944e+07,
8160062,
2248623,
2437865,
2661888,
2931249,
3261261,
1308655,
1452556,
1632013,
1862062,
2167610,
1.592187e+07,
1.099291e+07,
5034294,
1688271,
1909927,
2198581,
2590021,
3151038,
726068,
843714.7,
1006859,
1248219,
1641782,
1.14941e+07,
5277185,
6304631,
817493.3,
921350.5,
1055437,
1235199,
1488764,
915560.3,
1060842,
1260926,
1554030,
2024668,
2.297167e+07,
6256105,
1.685466e+07,
979993.3,
1099122,
1251221,
1452177,
1730034,
2473005,
2852985,
3370932,
4118656,
5292647,
1.892391e+07,
2650699,
1.634258e+07,
458273.6,
491594,
530139.8,
575244.5,
628738,
2677864,
2943855,
3268515,
3673662,
4193459,
4694263,
2474184,
2256114,
412895.7,
450167.8,
494836.7,
549346.9,
617353.2,
356480.3,
398294.9,
451222.7,
520372.9,
614553.8,
9.143442e+07,
6.751831e+07,
2.446353e+07,
1.196886e+07,
1.269002e+07,
1.350366e+07,
1.442879e+07,
1.548999e+07,
4146623,
4488875,
4892706,
5376379,
5966172,
2.739757e+07,
1.506458e+07,
1.254196e+07,
2623452,
2804729,
3012917,
3254489,
3538176,
2080016,
2274207,
2508392,
2796343,
3158979,
7737414,
3422018,
4374017,
581860,
628979.7,
684403.5,
750538.8,
830822.8,
705303.1,
780962.1,
874803.4,
994277,
1151546,
1.591144e+07,
9253205,
6777671,
1656844,
1748389,
1850641,
1965597,
2095780,
1160415,
1250409,
1355534,
1479959,
1629534,
5326247,
2567519,
2799623,
398745.2,
448906.3,
513503.8,
599817.4,
721010.2,
407826.4,
471923.1,
559924.6,
688268.9,
892948.1,
3.888891e+07,
2.619016e+07,
1.296331e+07,
4705003,
4957230,
5238032,
5552556,
5907265,
2229532,
2397425,
2592662,
2822518,
3097094,
1.116444e+07,
5823175,
5427045,
897950.9,
1014052,
1164635,
1367739,
1656645,
784673.1,
910859.8,
1085409,
1342715,
1759921,
9.084782e+07,
2.150275e+07,
6.984604e+07,
3385926,
3788822,
4300551,
4972095,
5892177,
1.030426e+07,
1.186006e+07,
1.396921e+07,
1.699078e+07,
2.168029e+07,
6562451,
3414772,
3198107,
497005.6,
575328.2,
682954.4,
840113.8,
1091222,
433578,
516820.6,
639621.5,
838967,
1218829,
1.558095e+08,
3.236992e+07,
1.242216e+08,
5309610,
5834270,
6473985,
7271262,
8292491,
1.91853e+07,
2.165114e+07,
2.484432e+07,
2.914233e+07,
3.52385e+07,
2.777641e+07,
8017402,
1.993336e+07,
1271073,
1418057,
1603480,
1844689,
2171317,
2965096,
3400823,
3986673,
4816377,
6082200,
2.522091e+07,
5238954,
2.010854e+07,
895687.6,
965787.1,
1047791,
1145012,
1262121,
3255291,
3598139,
4021707,
4558305,
5260140,
2.648429e+07,
1.571483e+07,
1.096665e+07,
2768902,
2944100,
3142967,
3370646,
3633888,
1843782,
2003423,
2193330,
2423010,
2706419,
3408114,
2836711,
586188.6,
460519.6,
508380,
567342.2,
641775.6,
738689.3,
90087.36,
101884.8,
117237.7,
138038.7,
167812.9,
2.626403e+07,
4845467,
2.153899e+07,
763791.2,
854280.8,
969093.4,
1119559,
1325335,
3179468,
3658613,
4307797,
5237061,
6677512,
9909902,
1500287,
8448373,
258715.8,
277857.2,
300057.3,
326113,
357124.1,
1380424,
1519474,
1689675,
1902815,
2177489,
7.50983e+08,
3.291193e+08,
4.262835e+08,
5.635906e+07,
6.067104e+07,
6.582387e+07,
7.214018e+07,
8.01639e+07,
6.649634e+07,
7.465607e+07,
8.52567e+07,
9.967585e+07,
1.206651e+08,
1973, 
6850856,
5410735,
1475433,
994873.8,
1036677,
1082147,
1131789,
1186204,
260787.7,
276879,
295086.6,
315857.4,
339773.8,
6.593791e+07,
5.088777e+07,
1.541054e+07,
9453570,
9802212,
1.017755e+07,
1.058279e+07,
1.102162e+07,
2755554,
2909697,
3082108,
3276237,
3496465,
1.027597e+07,
6750654,
3596920,
1097020,
1210485,
1350131,
1526198,
1755072,
552355.9,
624901.4,
719383.9,
847526.4,
1031215,
7208413,
3537469,
3726359,
549273.1,
618423.8,
707493.8,
826537.8,
993747.4,
542761.1,
628096.5,
745271.8,
916193.1,
1188844,
2.189088e+07,
1.387409e+07,
8173765,
2344477,
2541560,
2774819,
3055220,
3398662,
1311262,
1455247,
1634753,
1864775,
2170128,
1.630906e+07,
1.134722e+07,
5068708,
1743567,
1972049,
2269444,
2672466,
3249538,
731489.6,
849791.6,
1013742,
1256076,
1650667,
1.177129e+07,
5456547,
6404712,
845156.5,
952588.1,
1091309,
1277320,
1539769,
929992.8,
1077614,
1280943,
1578846,
2057304,
2.355525e+07,
6550217,
1.714954e+07,
1025695,
1150561,
1310043,
1520853,
1812519,
2515420,
2902333,
3429909,
4191898,
5389153,
1.944853e+07,
2793994,
1.672735e+07,
482968.8,
518124,
558798.9,
606404.1,
662875.9,
2740493,
3012913,
3345471,
3760551,
4293222,
4833701,
2550573,
2320228,
425731.3,
464118.5,
510114.5,
566230.1,
636217.8,
366698.3,
409668.3,
464045.6,
535067.8,
631758.5,
9.631439e+07,
7.13469e+07,
2.554081e+07,
1.279161e+07,
1.349015e+07,
1.426938e+07,
1.514416e+07,
1.613319e+07,
4385209,
4719158,
5108162,
5567060,
6116547,
2.774743e+07,
1.544873e+07,
1.250976e+07,
2692150,
2877277,
3089745,
3336094,
3625129,
2076382,
2269388,
2501952,
2787625,
3146942,
7922382,
3558537,
4424063,
605069.5,
654070.4,
711707.5,
780484.1,
863975.3,
713416.3,
789924,
884812.6,
1005610,
1164606,
1.609161e+07,
9484209,
6727554,
1699302,
1792647,
1896842,
2013897,
2146350,
1152757,
1241698,
1345511,
1468267,
1615670,
5455421,
2646183,
2851146,
411055.4,
462719.1,
529236.6,
618088.9,
742795.2,
415452.2,
480688.8,
570229.1,
700764.1,
908804.9,
3.928059e+07,
2.673388e+07,
1.281092e+07,
4805246,
5061568,
5346776,
5666046,
6025865,
2204792,
2370091,
2562185,
2788163,
3057858,
1.15427e+07,
6136227,
5494998,
945625.7,
1068186,
1227245,
1441963,
1747748,
794031.7,
921950.6,
1099000,
1360212,
1784309,
9.301953e+07,
2.234209e+07,
7.119564e+07,
3518651,
3937064,
4468417,
5165572,
6120478,
1.050567e+07,
1.209075e+07,
1.423913e+07,
1.731597e+07,
2.208904e+07,
6771551,
3602912,
3220565,
526072.9,
608153.4,
720582.3,
884008.3,
1143307,
438247.1,
521602.1,
644113.1,
841839.6,
1214732,
1.602873e+08,
3.330265e+07,
1.277892e+08,
5473886,
6009186,
6660530,
7470240,
8504065,
1.978248e+07,
2.230233e+07,
2.555784e+07,
2.992621e+07,
3.609573e+07,
2.846636e+07,
8305420,
2.034078e+07,
1316966,
1469143,
1661084,
1910715,
2248646,
3026404,
3470795,
4068156,
4913888,
6203549,
2.591722e+07,
5514020,
2.053559e+07,
942805.3,
1016547,
1102804,
1205056,
1328207,
3324950,
3674876,
4107119,
4654598,
5370485,
2.723354e+07,
1.635116e+07,
1.108405e+07,
2890602,
3068721,
3270232,
3500069,
3764653,
1870671,
2029084,
2216810,
2442813,
2720129,
3563655,
2971367,
607640.3,
486447.5,
534981.4,
594273.4,
668346.3,
763513.9,
94266.2,
106175.1,
121528.1,
142071.7,
170973.9,
2.695522e+07,
5094060,
2.198708e+07,
802831.6,
898018.1,
1018812,
1177153,
1393768,
3245117,
3734398,
4397416,
5346684,
6818617,
1.023207e+07,
1624276,
8649403,
279999.3,
300763.9,
324855.1,
353141.8,
386824.4,
1412806,
1555348,
1729881,
1948535,
2230461,
7.748828e+08,
3.436219e+08,
4.358228e+08,
5.915065e+07,
6.351599e+07,
6.872438e+07,
7.510083e+07,
8.319474e+07,
6.814946e+07,
7.642539e+07,
8.716455e+07,
1.017533e+08,
1.22957e+08,
1974, 
7220784,
5702340,
1555673,
1057429,
1097380,
1140468,
1187078,
1237661,
277635.9,
293432.3,
311134.5,
331109.8,
353825.9,
6.95165e+07,
5.365599e+07,
1.624036e+07,
1.005903e+07,
1.038425e+07,
1.07312e+07,
1.110213e+07,
1.149963e+07,
2934213,
3083175,
3248072,
3431603,
3637117,
1.060472e+07,
7041811,
3636078,
1144145,
1262578,
1408362,
1592206,
1831254,
558308.4,
631665.4,
727215.5,
856824.7,
1042653,
7374855,
3658655,
3772920,
568322.4,
639757,
731730.9,
854590.1,
1027031,
549829.1,
636136.3,
754583.9,
927233.6,
1202327,
2.247668e+07,
1.445521e+07,
8180896,
2443194,
2648319,
2891043,
3182749,
3539928,
1312841,
1456784,
1636179,
1865962,
2170830,
1.670682e+07,
1.171289e+07,
5102330,
1800714,
2036213,
2342577,
2757460,
3350925,
736826.1,
855755.3,
1020466,
1263695,
1659155,
1.20603e+07,
5643803,
6508798,
874037.5,
985200.7,
1128761,
1321295,
1593018,
945007.1,
1095060,
1301760,
1604647,
2091224,
2.417077e+07,
6859802,
1.746114e+07,
1073789,
1204699,
1371960,
1593156,
1899385,
2560263,
2954494,
3492228,
4269257,
5491023,
2.001615e+07,
2947296,
1.714536e+07,
509385.6,
546504.9,
589459.1,
639741.6,
699402.6,
2808548,
3087945,
3429072,
3854928,
4401556,
4976203,
2628747,
2385645,
438889.8,
478409.1,
525749.4,
583487.8,
655472.4,
377145.9,
421286.5,
477129,
550037.8,
649247.6,
1.012925e+08,
7.527106e+07,
2.662095e+07,
1.364025e+07,
1.431239e+07,
1.505421e+07,
1.587713e+07,
1.679522e+07,
4626531,
4950904,
5324191,
5758358,
6269622,
2.809228e+07,
1.583437e+07,
1.247093e+07,
2760641,
2949837,
3166873,
3418383,
3713289,
2071162,
2263075,
2494186,
2777868,
3134361,
8108901,
3698174,
4472539,
628855.3,
679761.3,
739634.8,
811074.4,
897789.8,
721337.6,
798643.3,
894507.6,
1016525,
1177089,
1.635831e+07,
9769329,
6710420,
1753889,
1848485,
1953866,
2071989,
2205313,
1152513,
1240095,
1342084,
1462351,
1606296,
5590360,
2728418,
2904905,
423990.2,
477200.7,
545683.6,
637115.8,
765355.3,
423480,
489882.3,
580981,
713701.1,
925012.1,
3.984205e+07,
2.739915e+07,
1.270773e+07,
4932041,
5191526,
5479831,
5802040,
6164508,
2190801,
2353175,
2541545,
2762698,
3026005,
1.19367e+07,
6464930,
5563073,
995646.1,
1125001,
1292986,
1519944,
1843542,
803392.6,
933051.1,
1112615,
1377761,
1808821,
9.527646e+07,
2.321695e+07,
7.259559e+07,
3657354,
4091807,
4643390,
5366850,
6357355,
1.071572e+07,
1.233079e+07,
1.451912e+07,
1.765175e+07,
2.250806e+07,
7012745,
3813036,
3253314,
559696.9,
645583.6,
762607.2,
931449.1,
1196314,
445370.2,
528790.3,
650662.7,
845537,
1207050,
1.651685e+08,
3.431935e+07,
1.316783e+08,
5658254,
6203025,
6863871,
7682314,
8722363,
2.045522e+07,
2.302592e+07,
2.633565e+07,
3.075658e+07,
3.696119e+07,
2.915604e+07,
8597563,
2.074384e+07,
1363615,
1521022,
1719513,
1977584,
2326798,
3087308,
3540185,
4148768,
5010027,
6322550,
2.662583e+07,
5798532,
2.096566e+07,
991591.4,
1069080,
1159706,
1267120,
1396463,
3395290,
3752269,
4193132,
4751384,
5481111,
2.823731e+07,
1.71521e+07,
1.129308e+07,
3048849,
3228399,
3430420,
3659412,
3921162,
1917955,
2074393,
2258616,
2478749,
2746426,
3741901,
3125439,
632470.1,
516685.8,
565740.9,
625087.8,
698345,
791052.4,
99196.44,
111194.4,
126494,
146675.7,
174519.6,
2.766242e+07,
5351761,
2.244223e+07,
843296.6,
943354.3,
1070352,
1236863,
1464726,
3311804,
3811379,
4488446,
5458030,
6961932,
1.0571e+07,
1755581,
8860006,
302530.3,
325017.5,
351116.2,
381772.2,
418293.4,
1446739,
1592936,
1772001,
1996424,
2285937,
7.997971e+08,
3.586023e+08,
4.459042e+08,
6.204612e+07,
6.646054e+07,
7.172046e+07,
7.815328e+07,
8.631325e+07,
6.992443e+07,
7.831242e+07,
8.918084e+07,
1.039197e+08,
1.252949e+08,
1975, 
7566837,
5975037,
1630823,
1115716,
1154002,
1195007,
1239035,
1286431,
293356.2,
308891.7,
326164.7,
345483.9,
367235.8,
7.266579e+07,
5.609348e+07,
1.696925e+07,
1.059068e+07,
1.089565e+07,
1.12187e+07,
1.156149e+07,
1.192589e+07,
3090746,
3235214,
3393850,
3568845,
3762868,
1.094329e+07,
7344001,
3674008,
1193183,
1316723,
1468800,
1660594,
1909997,
564142.9,
638261.4,
734801.6,
865750.5,
1053493,
7543722,
3782758,
3818995,
587886.9,
661639.4,
756551.5,
883254.3,
1060933,
556882.6,
644131.6,
763798.9,
938075.4,
1215392,
2.307336e+07,
1.505359e+07,
8181525,
2544906,
2758284,
3010718,
3314011,
3685256,
1313398,
1457177,
1636305,
1865645,
2169752,
1.711207e+07,
1.208789e+07,
5134081,
1859427,
2102083,
2417578,
2844499,
3454538,
741930.1,
861430.3,
1026816,
1270796,
1666854,
1.239053e+07,
5852994,
6632481,
906305.2,
1021636,
1170599,
1370417,
1652493,
962861.6,
1115800,
1326496,
1635288,
2131466,
2.481947e+07,
7185746,
1.77898e+07,
1124410,
1261689,
1437149,
1669295,
1990887,
2607584,
3009526,
3557961,
4350825,
5598382,
2.059915e+07,
3106890,
1.757257e+07,
536882.1,
576048,
621378,
674451.4,
737437.9,
2878095,
3164625,
3514514,
3951389,
4512295,
5121113,
2708365,
2452045,
452318,
492979.2,
541673,
601040.6,
675023.3,
387776.2,
433095.3,
490408.9,
565205.3,
666923.4,
1.061301e+08,
7.911342e+07,
2.764108e+07,
1.447573e+07,
1.511927e+07,
1.582268e+07,
1.659475e+07,
1.744602e+07,
4856916,
5170870,
5528217,
5938622,
6414849,
2.845903e+07,
1.623673e+07,
1.243733e+07,
2832377,
3025700,
3247346,
3504033,
3804781,
2067024,
2257839,
2487466,
2769088,
3122621,
8293161,
3839185,
4517347,
652931.6,
705737.8,
767836.9,
841919,
931822.6,
728737.1,
806750.4,
903469.3,
1026538,
1188422,
1.670991e+07,
1.010959e+07,
6723584,
1820779,
1916084,
2021918,
2140126,
2273015,
1159050,
1244999,
1344717,
1461799,
1601213,
5731672,
2814572,
2961163,
437617.5,
492420.5,
562914.4,
656964.2,
788744.9,
431960.7,
499556.5,
592232.6,
727126.7,
941596.4,
4.057387e+07,
2.818995e+07,
1.265026e+07,
5085883,
5347725,
5637991,
5961576,
6324566,
2186632,
2345839,
2530051,
2745660,
3001440,
1.234681e+07,
6809920,
5631004,
1048101,
1184603,
1361984,
1601842,
1944242,
812714.3,
944115.1,
1126201,
1395304,
1833390,
9.75973e+07,
2.412294e+07,
7.402883e+07,
3801401,
4252311,
4824588,
5574854,
6601435,
1.093201e+07,
1.257737e+07,
1.480577e+07,
1.799383e+07,
2.293159e+07,
7305155,
4056850,
3303904,
600300.8,
690056.1,
811370,
984436.8,
1251353,
456429.6,
539916.1,
660780.9,
851366.4,
1196453,
1.705584e+08,
3.544188e+07,
1.359727e+08,
5869128,
6421389,
7088376,
7909982,
8947023,
2.122812e+07,
2.384376e+07,
2.719454e+07,
3.164109e+07,
3.782597e+07,
2.98266e+07,
8888207,
2.112919e+07,
1410152,
1572714,
1777641,
2043975,
2404178,
3145875,
3606749,
4225839,
5101500,
6434916,
2.73485e+07,
6093046,
2.139994e+07,
1042161,
1123499,
1218609,
1331311,
1466983,
3466565,
3830570,
4279988,
4848877,
5592182,
2.943107e+07,
1.808332e+07,
1.156305e+07,
3236725,
3416163,
3616664,
3842167,
4097662,
1979442,
2133096,
2312610,
2525117,
2780629,
3936072,
3293351,
659440.9,
550300.9,
599628.6,
658670.3,
730608.6,
820187.7,
104675.3,
116716.5,
131888.2,
151593.4,
178221.1,
2.837973e+07,
5617600,
2.289949e+07,
885030.4,
990116.4,
1123520,
1298470,
1537953,
3378787,
3888708,
4579899,
5569913,
7105976,
1.092529e+07,
1894311,
9078685,
326326.4,
350637.4,
378862.1,
412028.6,
451559.2,
1481976,
1631966,
1815737,
2046147,
2343533,
8.25388e+08,
3.737956e+08,
4.564526e+08,
6.498666e+07,
6.944878e+07,
7.475912e+07,
8.124712e+07,
8.947041e+07,
7.181368e+07,
8.030696e+07,
9.129051e+07,
1.061509e+08,
1.276377e+08,
1976, 
7882598,
6225111,
1698125,
1169107,
1205871,
1245022,
1286801,
1331480,
307467.3,
322747.1,
339625.1,
358365.7,
379295.2,
7.527662e+07,
5.81205e+07,
1.756715e+07,
1.102989e+07,
1.13192e+07,
1.16241e+07,
1.194588e+07,
1.228598e+07,
3218456,
3359480,
3513429,
3682166,
3867928,
1.129083e+07,
7653475,
3713632,
1243608,
1372298,
1530695,
1730429,
1990111,
570343.6,
645219.6,
742726.4,
874950.6,
1064450,
7711594,
3901368,
3869550,
606657.9,
682599.2,
780273.5,
910568.4,
1093101,
564635.6,
652913.3,
773909.9,
949953.3,
1229670,
2.368684e+07,
1.566435e+07,
8186547,
2648899,
2870629,
3132870,
3447842,
3833226,
1314733,
1458397,
1637309,
1866257,
2169641,
1.752324e+07,
1.247099e+07,
5163612,
1919542,
2169461,
2494198,
2933266,
3559942,
746757.8,
866762.6,
1032722,
1277285,
1673621,
1.276156e+07,
6083164,
6776280,
941811.6,
1061727,
1216633,
1424462,
1717923,
983631.1,
1139920,
1355256,
1670896,
2178201,
2.548574e+07,
7523565,
1.812431e+07,
1176856,
1320742,
1504713,
1748231,
2085788,
2655736,
3065529,
3624862,
4433860,
5707708,
2.120148e+07,
3275690,
1.801011e+07,
565957.1,
607290.9,
655138.1,
711169.5,
777681.6,
2949298,
3243144,
3602023,
4050210,
4625779,
5267514,
2789114,
2518816,
465965.2,
507773.1,
557822.7,
618817.6,
694789,
398494.1,
444987.6,
503763.1,
580428.1,
684616.1,
1.106013e+08,
8.263865e+07,
2.861042e+07,
1.524788e+07,
1.586203e+07,
1.652773e+07,
1.725176e+07,
1.804212e+07,
5075395,
5379373,
5722084,
6111432,
6557633,
2.885981e+07,
1.665809e+07,
1.241895e+07,
2908336,
3105621,
3331619,
3593090,
3899099,
2066071,
2255755,
2483789,
2763112,
3113219,
8484216,
3965702,
4583436,
674691.1,
729136.4,
793140.4,
869462.1,
962036.3,
739732.2,
818757.8,
916687.2,
1041226,
1204923,
1.710856e+07,
1.047376e+07,
6760217,
1893710,
1989164,
2094751,
2212177,
2343550,
1170598,
1254795,
1352043,
1465632,
1600057,
5879121,
2897498,
3026827,
450866.3,
507153.6,
579499.7,
675920.6,
810832.4,
441938.4,
510900.9,
605365.4,
742686.8,
960586.4,
4.14022e+07,
2.900857e+07,
1.266247e+07,
5247730,
5510835,
5801715,
6125013,
6486469,
2195575,
2352030,
2532495,
2742954,
2991562,
1.281927e+07,
7172630,
5744036,
1103341,
1247324,
1434526,
1687843,
2049809,
828617.7,
962789.5,
1148807,
1423918,
1872284,
9.996929e+07,
2.510046e+07,
7.544284e+07,
3957035,
4425621,
5020092,
5799048,
6864142,
1.114637e+07,
1.282128e+07,
1.508857e+07,
1.833001e+07,
2.334521e+07,
7661049,
4345134,
3373903,
650231.1,
743874,
869026.8,
1044811,
1309740,
472036.3,
555486.9,
674780.5,
859324.7,
1182808,
1.768632e+08,
3.754199e+07,
1.402232e+08,
6253781,
6823902,
7508399,
8345528,
9392748,
2.204013e+07,
2.468245e+07,
2.804464e+07,
3.246726e+07,
3.854591e+07,
3.049666e+07,
9217991,
2.147537e+07,
1462950,
1631364,
1843598,
2119313,
2491998,
3198743,
3666714,
4295075,
5183339,
6534800,
2.814549e+07,
6443661,
2.185344e+07,
1102975,
1188640,
1288732,
1407231,
1549728,
3543326,
3913759,
4370688,
4948412,
5702127,
3.073624e+07,
1.904778e+07,
1.191216e+07,
3435251,
3612735,
3809557,
4029060,
4275406,
2056916,
2207740,
2382432,
2587146,
2830347,
4140234,
3463127,
694716.2,
585194.5,
634393.9,
692625.3,
762627.4,
848370.3,
111670.2,
123822.7,
138943.2,
158270.3,
183842.9,
2.910384e+07,
5956978,
2.329132e+07,
938202.8,
1049748,
1191396,
1377233,
1631758,
3435647,
3954615,
4658265,
5666515,
7231786,
1.129191e+07,
2050631,
9292415,
353121.4,
379495,
410126.2,
446136.3,
489078.7,
1516326,
1670059,
1858483,
2094831,
2400052,
8.516504e+08,
3.8969e+08,
4.669939e+08,
6.803359e+07,
7.255862e+07,
7.793799e+07,
8.450371e+07,
9.28169e+07,
7.374864e+07,
8.232943e+07,
9.339877e+07,
1.083304e+08,
1.29838e+08,
1977, 
8168989,
6452047,
1759043,
1217662,
1252981,
1290409,
1330143,
1372401,
320275.9,
335302.5,
351808.5,
370023.8,
390228.2,
7.739476e+07,
5.976782e+07,
1.804931e+07,
1.138155e+07,
1.166054e+07,
1.195356e+07,
1.226169e+07,
1.258612e+07,
3319792,
3458756,
3609862,
3774775,
3955477,
1.165562e+07,
7979253,
3754253,
1296935,
1430949,
1595851,
1803709,
2073822,
576819.3,
652428.9,
750850.6,
884242.3,
1075268,
7880360,
4021872,
3919099,
625752.3,
703908.4,
804374.4,
938293.2,
1125711,
572259.9,
661537.3,
783819.8,
961560.3,
1243550,
2.432289e+07,
1.630039e+07,
8188800,
2757388,
2987736,
3260078,
3587049,
3986920,
1315712,
1459178,
1637760,
1866150,
2168561,
1.795186e+07,
1.287075e+07,
5193957,
1982518,
2239926,
2574150,
3025607,
3669098,
751803.9,
872299.1,
1038791,
1283831,
1680164,
1.312591e+07,
6313223,
6913456,
977292.3,
1101793,
1262645,
1478491,
1783352,
1003436,
1162924,
1382691,
1704876,
2222821,
2.617587e+07,
7875831,
1.846843e+07,
1231524,
1382308,
1575166,
1830565,
2184812,
2705267,
3123138,
3693686,
4519288,
5820203,
2.178947e+07,
3446544,
1.843127e+07,
595377.3,
638909.1,
689308.7,
748340.9,
818430.9,
3017796,
3318699,
3686255,
4145365,
4735106,
5418436,
2872442,
2587561,
480071.6,
523053.3,
574488.4,
637142.6,
715135.9,
409550.9,
457245.3,
517512.3,
596078.1,
702768.5,
1.148049e+08,
8.597893e+07,
2.949536e+07,
1.598034e+07,
1.65658e+07,
1.719579e+07,
1.787558e+07,
1.861134e+07,
5276076,
5570209,
5899072,
6269204,
6688893,
2.930957e+07,
1.71129e+07,
1.241636e+07,
2991939,
3192804,
3422580,
3687994,
3998032,
2069057,
2257320,
2483272,
2759490,
3104846,
8690407,
4101010,
4655979,
698014.6,
754191.4,
820202,
898876.1,
994244.4,
751842.8,
831962.8,
931195.6,
1057307,
1222926,
1.748824e+07,
1.083155e+07,
6784015,
1965491,
2061020,
2166310,
2282936,
2412835,
1179630,
1262029,
1356803,
1466968,
1596603,
6034416,
2984825,
3095997,
464891.4,
522714.6,
596965,
695802.2,
833861.3,
452522.8,
522900.2,
619199.4,
758975.1,
980253.6,
4.215953e+07,
2.978618e+07,
1.264404e+07,
5400079,
5664991,
5957237,
6281276,
6642594,
2197882,
2351761,
2528809,
2734684,
2977052,
1.331359e+07,
7554939,
5859404,
1161527,
1313410,
1510988,
1778536,
2161219,
844835.3,
981839.9,
1171881,
1453145,
1912062,
1.024169e+08,
2.611526e+07,
7.689585e+07,
4118923,
4605739,
5223052,
6031455,
7135924,
1.136748e+07,
1.307247e+07,
1.537917e+07,
1.867435e+07,
2.376666e+07,
8090129,
4683779,
3467179,
710926.3,
808365.1,
936755.7,
1113631,
1372848,
492883.9,
576207.8,
693435.7,
870546,
1169161,
1.845671e+08,
4.000032e+07,
1.455225e+08,
6717152,
7302692,
8000064,
8844690,
9888713,
2.308418e+07,
2.57471e+07,
2.910449e+07,
3.346879e+07,
3.937285e+07,
3.123128e+07,
9573069,
2.186127e+07,
1519957,
1694611,
1914614,
2200263,
2586093,
3257959,
3733742,
4372254,
5274202,
6644991,
2.896518e+07,
6809017,
2.231513e+07,
1166518,
1256619,
1361803,
1486205,
1635621,
3621945,
3998736,
4463025,
5049294,
5812880,
3.20122e+07,
2.000745e+07,
1.22365e+07,
3633454,
3808602,
4001490,
4214959,
4452487,
2129765,
2277518,
2447300,
2644434,
2876110,
4348406,
3636153,
730770.8,
621066.5,
669968.9,
727230.5,
795195.1,
877172.9,
118891.1,
131120.5,
146154.2,
165081.7,
189641,
2.985958e+07,
6312310,
2.369909e+07,
993847.9,
1112166,
1262462,
1459727,
1730056,
3494802,
4023191,
4739818,
5767070,
7362796,
1.167012e+07,
2214892,
9509922,
381264,
409810.8,
442978.4,
481987.6,
528530.6,
1551273,
1708819,
1901985,
2144386,
2457599,
8.788458e+08,
4.056028e+08,
4.784545e+08,
7.107146e+07,
7.566561e+07,
8.112055e+07,
8.777014e+07,
9.617738e+07,
7.588374e+07,
8.454843e+07,
9.56909e+07,
1.106641e+08,
1.321295e+08,
1978, 
8424992,
6655034,
1813365,
1261103,
1295112,
1331007,
1368948,
1409115,
331706,
346499,
362673,
380431,
400017.4,
7.901638e+07,
6.10323e+07,
1.84151e+07,
1.16435e+07,
1.191833e+07,
1.220646e+07,
1.250886e+07,
1.282663e+07,
3394119,
3532673,
3683021,
3846735,
4025681,
1.204019e+07,
8323396,
3796322,
1353578,
1493095,
1664679,
1880820,
2161463,
583666.4,
659985.1,
759264.4,
893700.9,
1085987,
8051392,
4144988,
3968313,
645267.3,
725683.7,
828997.5,
966611.8,
1159008,
579838,
670106.4,
793662.6,
973082.4,
1257319,
2.498955e+07,
1.696771e+07,
8190363,
2871630,
3110848,
3393542,
3732750,
4147302,
1316780,
1459958,
1638073,
1865685,
2166760,
1.840402e+07,
1.329182e+07,
5226577,
2049242,
2314396,
2658365,
3122424,
3782765,
757339.9,
878325.5,
1045315,
1290709,
1686662,
1.348534e+07,
6543926,
7045010,
1012868,
1141968,
1308785,
1532677,
1848980,
1022426,
1184983,
1409002,
1737467,
2265627,
2.692424e+07,
8253466,
1.884584e+07,
1290121,
1448302,
1650693,
1918839,
2290999,
2759642,
3186355,
3769168,
4612910,
5943351,
2.243115e+07,
3630297,
1.889351e+07,
627016.4,
672913.1,
726059.4,
788320.8,
862261.7,
3093002,
3401641,
3778702,
4249778,
4855035,
5575309,
2959119,
2658955,
494767.3,
538960.9,
591823.8,
656184.4,
736251.4,
421054.5,
469988,
531791,
612309.1,
721559.8,
1.186831e+08,
8.908941e+07,
3.028257e+07,
1.666268e+07,
1.722093e+07,
1.781788e+07,
1.84577e+07,
1.914519e+07,
5455819,
5740495,
6056514,
6409355,
6805850,
2.981887e+07,
1.760835e+07,
1.243301e+07,
3085112,
3288967,
3521670,
3789808,
4102142,
2076955,
2263393,
2486602,
2758652,
3097542,
8905109,
4242152,
4731256,
722418.4,
780370.1,
848430.4,
929496.7,
1027691,
764487.8,
845713.4,
946251.2,
1073918,
1241406,
1.77987e+07,
1.115107e+07,
6776287,
2028960,
2124832,
2230213,
2346593,
2475787,
1181995,
1262711,
1355257,
1462443,
1588039,
6194828,
3075240,
3167233,
479473.3,
538864.1,
615048,
716320.5,
857517.6,
463485.2,
535298.7,
633446.6,
775666.3,
1000236,
4.274478e+07,
3.044951e+07,
1.256654e+07,
5526726,
5794663,
6089903,
6416843,
6780879,
2187387,
2339049,
2513309,
2715623,
2953360,
1.372975e+07,
7899797,
5933401,
1213894,
1372945,
1579959,
1860486,
2262134,
855072.9,
993947.9,
1186680,
1472136,
1938423,
1.049375e+08,
2.71675e+07,
7.838499e+07,
4286980,
4792625,
5433500,
6272230,
7417164,
1.159452e+07,
1.333019e+07,
1.5677e+07,
1.902669e+07,
2.419681e+07,
8585450,
5071201,
3578297,
782040.4,
883132.3,
1014240,
1191063,
1442558,
517831.9,
600881.9,
715659.4,
884639,
1158082,
1.940967e+08,
4.292976e+07,
1.521869e+08,
7283837,
7881476,
8585953,
9428731,
1.045497e+07,
2.442725e+07,
2.710312e+07,
3.043738e+07,
3.470709e+07,
4.037014e+07,
3.203348e+07,
9955197,
2.228818e+07,
1581510,
1762802,
1991040,
2287169,
2686775,
3323825,
3808129,
4457636,
5374261,
6765439,
2.981352e+07,
7190933,
2.278916e+07,
1233143,
1327795,
1438187,
1568598,
1725019,
3703187,
4086301,
4557831,
5152380,
5925311,
3.312938e+07,
2.088015e+07,
1.248773e+07,
3812994,
3986263,
4176030,
4384768,
4615470,
2187332,
2332169,
2497546,
2688168,
2910292,
4553935,
3806863,
766488.4,
656598,
705114.4,
761372.6,
827386.4,
905934.1,
126077.4,
138361.5,
153297.7,
171848.9,
195508.1,
3.065314e+07,
6685547,
2.412705e+07,
1052268,
1177711,
1337109,
1546410,
1833396,
3556875,
4095155,
4825410,
5872627,
7500365,
1.205067e+07,
2385522,
9723473,
410482.2,
441292.9,
477104.3,
519241.4,
569542.3,
1585553,
1746856,
1944695,
2193069,
2514177,
9.070715e+08,
4.213902e+08,
4.910759e+08,
7.406821e+07,
7.873939e+07,
8.427805e+07,
9.101928e+07,
9.952693e+07,
7.826722e+07,
8.701229e+07,
9.821518e+07,
1.132014e+08,
1.34569e+08,
1979, 
8654991,
6837525,
1862044,
1299831,
1332809,
1367505,
1404055,
1442613,
341854.8,
356478.2,
372408.8,
389829.7,
408960.5,
8.016841e+07,
6.193449e+07,
1.867102e+07,
1.182166e+07,
1.209768e+07,
1.23869e+07,
1.269028e+07,
1.30089e+07,
3443303,
3582858,
3734204,
3898900,
4078794,
1.243451e+07,
8679294,
3836364,
1412542,
1557599,
1735859,
1960194,
2251118,
590374.3,
667298.8,
767272.8,
902481.6,
1095537,
8221644,
4269157,
4015674,
664946.9,
747643.8,
853831.4,
995176,
1192601,
587134.3,
678354.9,
803134.8,
984167.1,
1270561,
2.568759e+07,
1.76676e+07,
8190708,
2991977,
3240277,
3533519,
3885119,
4314422,
1317890,
1460668,
1638142,
1864706,
2164001,
1.887676e+07,
1.373244e+07,
5260290,
2119526,
2392616,
2746487,
3223203,
3900166,
763216.1,
884657.1,
1052058,
1297598,
1692646,
1.386325e+07,
6786666,
7183147,
1050313,
1184248,
1357333,
1589674,
1917985,
1042387,
1208160,
1436629,
1771660,
2310476,
2.771875e+07,
8653655,
1.924718e+07,
1352202,
1518228,
1730731,
2012402,
2403577,
2817489,
3253597,
3849436,
4712436,
6074205,
2.313073e+07,
3828228,
1.93998e+07,
661094,
709539,
765645.6,
831387.2,
909478.9,
3175399,
3492500,
3879959,
4364117,
4986332,
5735471,
3047741,
2731718,
509821.6,
555242.4,
609548.2,
675628.3,
757777.6,
432806.3,
482992.3,
546343.6,
628822.6,
740632.6,
1.222351e+08,
9.19677e+07,
3.097355e+07,
1.729411e+07,
1.782689e+07,
1.839354e+07,
1.89974e+07,
1.964224e+07,
5614828,
5890532,
6194711,
6532015,
6908166,
3.040952e+07,
1.815862e+07,
1.247667e+07,
3190498,
3396843,
3631723,
3901499,
4214571,
2091042,
2275369,
2495334,
2762380,
3093433,
9121526,
4385969,
4805579,
747371.4,
807095.4,
877193.9,
960626.9,
1061599,
777074,
859351.6,
961115.6,
1090219,
1259388,
1.804642e+07,
1.14349e+07,
6740957,
2084260,
2180919,
2286980,
2403884,
2533384,
1178253,
1257507,
1348191,
1452972,
1575412,
6354675,
3165939,
3237615,
494152.7,
555096.6,
633187.8,
736847.8,
881092.5,
474372.8,
547586.1,
647523,
792081.3,
1019735,
4.310665e+07,
3.095865e+07,
1.241826e+07,
5619723,
5891876,
6191730,
6523741,
6893377,
2161935,
2311654,
2483652,
2683303,
2917857,
1.416806e+07,
8263825,
6010469,
1269154,
1435778,
1652765,
1947014,
2368730,
865746.2,
1006565,
1202094,
1491900,
1965831,
1.075312e+08,
2.825802e+07,
7.990956e+07,
4461238,
4986363,
5651605,
6521676,
7708392,
1.182704e+07,
1.359409e+07,
1.598191e+07,
1.938732e+07,
2.463692e+07,
9118019,
5492193,
3693239,
860397.4,
964954.4,
1098439,
1274782,
1518573,
544017.3,
626566.1,
738647.9,
899564.4,
1150122,
2.057414e+08,
4.641984e+07,
1.604183e+08,
7971882,
8578042,
9283968,
1.01165e+07,
1.111306e+07,
2.610681e+07,
2.878829e+07,
3.208366e+07,
3.6231e+07,
4.160972e+07,
3.286073e+07,
1.035182e+07,
2.272585e+07,
1645668,
1833748,
2070365,
2377093,
2790511,
3391922,
3884763,
4545171,
5476105,
6886608,
3.069616e+07,
7591301,
2.327931e+07,
1303246,
1402560,
1518260,
1654765,
1818240,
3787842,
4177236,
4655863,
5258366,
6039984,
3.402013e+07,
2.162035e+07,
1.264327e+07,
3963569,
4135979,
4324071,
4530085,
4756712,
2224516,
2366855,
2528653,
2714197,
2929126,
4746097,
3966298,
800058.9,
689757.8,
737896.9,
793259.7,
857603.8,
933307.8,
132825.8,
145156.9,
160011.8,
178253.7,
201190.1,
3.146673e+07,
7073419,
2.456061e+07,
1112951,
1245808,
1414684,
1636523,
1940876,
3619727,
4168039,
4912123,
5979610,
7639886,
1.244274e+07,
2564444,
9940382,
441105.7,
474296.6,
512888.7,
558317.4,
612575.8,
1620361,
1785483,
1988076,
2242530,
2571678,
9.365572e+08,
4.371101e+08,
5.050316e+08,
7.7033e+07,
8.179002e+07,
8.742202e+07,
9.426548e+07,
1.028859e+08,
8.093017e+07,
8.975262e+07,
1.010063e+08,
1.159865e+08,
1.372272e+08,
1980, 
8884221,
7019450,
1910514,
1338076,
1370193,
1403890,
1439286,
1476513,
351852.3,
366354.1,
382102.8,
399266.2,
418044.1,
8.222126e+07,
6.353311e+07,
1.913623e+07,
1.215734e+07,
1.242592e+07,
1.270662e+07,
1.300031e+07,
1.330788e+07,
3539261,
3677625,
3827247,
3989560,
4166251,
1.282e+07,
9034023,
3868591,
1471775,
1622172,
1806805,
2038864,
2339319,
596058.2,
673366.9,
773718.1,
909218,
1102254,
8391350,
4394491,
4061310,
684802.6,
769804.3,
878898.2,
1024018,
1226540,
594162.1,
686301.3,
812262.1,
994853.1,
1283339,
2.621631e+07,
1.826101e+07,
8126839,
3088206,
3346608,
3652202,
4019215,
4468231,
1305696,
1448100,
1625368,
1852090,
2152316,
1.937436e+07,
1.419601e+07,
5295939,
2194022,
2475261,
2839201,
3328611,
4021887,
769586.8,
891456.9,
1059188,
1304665,
1698252,
1.426208e+07,
7042868,
7328880,
1089862,
1228890,
1408574,
1649802,
1990729,
1063479,
1232633,
1465776,
1807686,
2357631,
2.851822e+07,
9064067,
1.964335e+07,
1415839,
1589922,
1812813,
2108389,
2519129,
2874546,
3319942,
3928670,
4810743,
6203584,
2.376209e+07,
4019631,
1.984419e+07,
694034.8,
744949.6,
803926.1,
873043.6,
955163.7,
3247648,
3572206,
3968837,
4464548,
5101761,
5900080,
3138929,
2806395,
525353.2,
572020,
627785.8,
695599.2,
779837.3,
444906.1,
496362.8,
561278.9,
645729.8,
760094.7,
1.255102e+08,
9.464945e+07,
3.15825e+07,
1.78804e+07,
1.839018e+07,
1.892989e+07,
1.950223e+07,
2.011026e+07,
5755392,
6022906,
6316501,
6640185,
6998836,
3.103899e+07,
1.873963e+07,
1.252858e+07,
3302993,
3511421,
3747925,
4018589,
4331389,
2107397,
2289361,
2505716,
2767233,
3089700,
9346148,
4535631,
4882316,
773480.1,
834989.2,
907126.1,
992905.8,
1096603,
790218.2,
873523.6,
976463.3,
1106905,
1277572,
1.820316e+07,
1.166361e+07,
6669043,
2126949,
2225089,
2332723,
2451299,
2582576,
1166375,
1244485,
1333809,
1436946,
1557370,
6513583,
3256732,
3306956,
508859,
571353.1,
651346.3,
757385.3,
904664.3,
485113.7,
559700.9,
661391.2,
808237.3,
1038900,
4.314542e+07,
3.123751e+07,
1.217503e+07,
5662198,
5940468,
6247502,
6588005,
6967763,
2116235,
2264457,
2435007,
2633339,
2866845,
1.468698e+07,
8682069,
6114439,
1332695,
1508002,
1736414,
2046372,
2491032,
880295,
1023689,
1222888,
1518341,
2002041,
1.102181e+08,
2.9393e+07,
8.148358e+07,
4642510,
5187943,
5878600,
6781388,
8011771,
1.206665e+07,
1.386625e+07,
1.629672e+07,
1.976028e+07,
2.509342e+07,
9660628,
5931271,
3800058,
942611.5,
1050491,
1186254,
1362318,
1599752,
568883.3,
650702.9,
760011.6,
913459.5,
1144546,
2.188386e+08,
5.034603e+07,
1.696754e+08,
8754422,
9365897,
1.006921e+07,
1.088672e+07,
1.18487e+07,
2.800922e+07,
3.068871e+07,
3.393508e+07,
3.794954e+07,
4.304123e+07,
3.372859e+07,
1.076822e+07,
2.318468e+07,
1713321,
1908413,
2153643,
2471190,
2898576,
3463886,
3965479,
4636936,
5582136,
7011335,
3.154102e+07,
7992452,
2.373079e+07,
1372982,
1477179,
1598490,
1741510,
1912636,
3864309,
4260077,
4746159,
5357454,
6149496,
3.468904e+07,
2.222738e+07,
1.270841e+07,
4084960,
4257600,
4445477,
4650700,
4875788,
2242393,
2382676,
2541683,
2723430,
2933171,
4921637,
4111750,
830922.8,
719657.2,
767584.1,
822350,
885531.3,
959228.9,
138951.2,
151352.6,
166184.5,
184239.3,
206695.3,
3.230905e+07,
7478301,
2.500615e+07,
1176269,
1316875,
1495660,
1730616,
2053149,
3684307,
4242931,
5001230,
6089559,
7783302,
1.287883e+07,
2758873,
1.018608e+07,
474373.9,
510155.1,
551774.5,
600787.9,
659357.7,
1659841,
1829268,
2037216,
2298507,
2636684,
9.6758e+08,
4.534755e+08,
5.198872e+08,
8.012799e+07,
8.496938e+07,
9.06951e+07,
9.764467e+07,
1.063885e+08,
8.378666e+07,
9.267991e+07,
1.039774e+08,
1.189482e+08,
1.400747e+08,
1981, 
9080598,
7185907,
1941243,
1372251,
1403966,
1437181,
1472007,
1508562,
358242.9,
372642.7,
388248.5,
405218.6,
423740,
8.387759e+07,
6.492796e+07,
1.940481e+07,
1.244416e+07,
1.270912e+07,
1.298559e+07,
1.327437e+07,
1.357628e+07,
3595542,
3732804,
3880963,
4041368,
4215605,
1.318038e+07,
9352055,
3912448,
1525680,
1680549,
1870411,
2108637,
2416403,
603775.1,
681612.4,
782489.5,
918412.3,
1111483,
8558646,
4512606,
4111736,
703563.2,
790719,
902521.2,
1051146,
1258371,
601903.6,
695065.4,
822347.2,
1006695,
1297577,
2.678724e+07,
1.887843e+07,
8081401,
3189574,
3457970,
3775686,
4157691,
4625697,
1297107,
1439210,
1616280,
1843034,
2143795,
1.989621e+07,
1.467357e+07,
5342032,
2271442,
2560827,
2934714,
3436442,
4145101,
777705.8,
900168.3,
1068406,
1313985,
1706154,
1.467841e+07,
7314372,
7476948,
1131804,
1276217,
1462874,
1713485,
2067714,
1084944,
1257523,
1495389,
1844236,
2405361,
2.932946e+07,
9478010,
2.004777e+07,
1480015,
1662227,
1895602,
2205213,
2635706,
2932834,
3387698,
4009554,
4911040,
6335473,
2.446559e+07,
4215584,
2.035629e+07,
727771.1,
781209.3,
843116.8,
915680.7,
1001912,
3331048,
3664144,
4071259,
4580150,
5234434,
6068148,
3239797,
2874863,
542544.6,
590584.9,
647959.3,
717680.9,
804215.9,
456062.9,
508660.8,
574972.6,
661165.8,
777758.3,
1.284862e+08,
9.70249e+07,
3.219815e+07,
1.84022e+07,
1.889029e+07,
1.940498e+07,
1.99485e+07,
2.052335e+07,
5894328,
6154925,
6439629,
6751951,
7096111,
3.166934e+07,
1.924316e+07,
1.265927e+07,
3403136,
3612201,
3848633,
4118184,
4428336,
2137569,
2318065,
2531854,
2789083,
3104491,
9579500,
4816848,
4836345,
821728.2,
886929.6,
963369.6,
1054228,
1164010,
783224.2,
865571.4,
967269,
1096045,
1264377,
1.826715e+07,
1.182155e+07,
6574532,
2154468,
2254517,
2364310,
2485344,
2619438,
1149126,
1226440,
1314906,
1417128,
1536583,
6672579,
3338643,
3385265,
522165.1,
586043.2,
667728.5,
775873.2,
925817.9,
497144.2,
573315.9,
677052.9,
826624.1,
1061019,
4.286596e+07,
3.119664e+07,
1.193248e+07,
5637450,
5923138,
6239328,
6591180,
6985087,
2066919,
2215241,
2386495,
2586447,
2822969,
1.53114e+07,
9154784,
6270222,
1404654,
1589722,
1830957,
2158502,
2628770,
902365.1,
1049528,
1254045,
1557559,
2054903,
1.12981e+08,
3.044063e+07,
8.321986e+07,
4810364,
5374342,
6088127,
7020551,
8290239,
1.233104e+07,
1.416652e+07,
1.664397e+07,
2.01716e+07,
2.559674e+07,
1.0226e+07,
6392969,
3907051,
1029231,
1140441,
1278594,
1454832,
1687422,
593522.7,
674628.8,
781410.2,
928351.1,
1143354,
2.319106e+08,
5.516634e+07,
1.780276e+08,
9696560,
1.032182e+07,
1.103327e+07,
1.185006e+07,
1.279744e+07,
2.975412e+07,
3.241789e+07,
3.560551e+07,
3.948837e+07,
4.432175e+07,
3.465002e+07,
1.1222e+07,
2.366023e+07,
1787184,
1989866,
2244400,
2573602,
3015978,
3538824,
4049363,
4732046,
5691593,
7139266,
3.242391e+07,
8496089,
2.411934e+07,
1460568,
1570881,
1699218,
1850391,
2031088,
3931177,
4332012,
4823869,
5441721,
6241096,
3.517261e+07,
2.260371e+07,
1.281854e+07,
4160579,
4333189,
4520742,
4725264,
4949169,
2265866,
2405603,
2563708,
2744056,
2951700,
5082877,
4244158,
860491.6,
746328.5,
794286.6,
848831.4,
911420,
983973.3,
144659.5,
157190.5,
172098.3,
190130.2,
212383,
3.312195e+07,
7801029,
2.550294e+07,
1226835,
1373582,
1560206,
1805514,
2142353,
3756999,
4326891,
5100588,
6211227,
7940179,
1.33208e+07,
2941048,
1.044966e+07,
505550.2,
543756.4,
588209.5,
640577.9,
703182.4,
1702330,
1876323,
2089932,
2358426,
2706077,
9.976643e+08,
4.696828e+08,
5.339715e+08,
8.315781e+07,
8.809838e+07,
9.393656e+07,
1.010164e+08,
1.099156e+08,
8.648838e+07,
9.544902e+07,
1.067943e+08,
1.217756e+08,
1.428444e+08,
1982, 
9237354,
7321445,
1963059,
1399581,
1431204,
1464289,
1498940,
1535271,
362700.3,
377063.7,
392611.7,
409497.1,
427900.1,
8.522577e+07,
6.608832e+07,
1.959797e+07,
1.267924e+07,
1.294286e+07,
1.321766e+07,
1.350439e+07,
1.380384e+07,
3635522,
3772217,
3919594,
4078954,
4251822,
1.353371e+07,
9668430,
3950807,
1579800,
1738921,
1933686,
2177583,
2491886,
610812.8,
689007.3,
790161.4,
926127.6,
1118611,
8732082,
4635131,
4163930,
723036.3,
812422,
927026.1,
1079273,
1291355,
609918.9,
704138.4,
832786,
1018950,
1312310,
2.740941e+07,
1.954102e+07,
8042140,
3300069,
3578484,
3908204,
4304851,
4791105,
1290271,
1431889,
1608428,
1834620,
2134840,
2.043975e+07,
1.517203e+07,
5388935,
2352773,
2650467,
3034407,
3548422,
4272096,
786129.4,
909139.6,
1077787,
1323254,
1713505,
1.511227e+07,
7598303,
7630217,
1175740,
1325759,
1519661,
1779998,
2147974,
1107245,
1283341,
1526044,
1881954,
2454372,
3.017413e+07,
9911259,
2.046659e+07,
1547168,
1737893,
1982252,
2306571,
2757774,
2993202,
3457869,
4093318,
5014902,
6472040,
2.527563e+07,
4434566,
2.095247e+07,
765476,
821732.3,
886913.3,
963325.6,
1054146,
3428194,
3771207,
4190493,
4714676,
5388745,
6244852,
3345918,
2946778,
560731.7,
610176.1,
669183.6,
740825.6,
829646.6,
467871.7,
521633.9,
589355.6,
677284.9,
796052.4,
1.310941e+08,
9.9128e+07,
3.271577e+07,
1.88649e+07,
1.933332e+07,
1.98256e+07,
2.03436e+07,
2.08894e+07,
6012353,
6266534,
6543155,
6845325,
7176756,
3.225693e+07,
1.972526e+07,
1.276827e+07,
3498831,
3708567,
3945053,
4213753,
4521730,
2163369,
2342365,
2553653,
2806838,
3115753,
9845501,
5122091,
4799069,
874471.9,
943524.8,
1024418,
1120483,
1236430,
777993.8,
859392.2,
959813.7,
1086809,
1252536,
1.826134e+07,
1.193439e+07,
6454775,
2172050,
2274403,
2386879,
2511058,
2648868,
1126491,
1203128,
1290955,
1392614,
1511651,
6834099,
3421931,
3464739,
535613.5,
600928.8,
684386.1,
794763.3,
947589.6,
509267.1,
587075.6,
692947.8,
845407.1,
1083877,
4.238508e+07,
3.100608e+07,
1.163696e+07,
5578430,
5873360,
6201216,
6567839,
6980537,
2005760,
2154639,
2327391,
2530260,
2771872,
1.594913e+07,
9643711,
6423107,
1479083,
1674247,
1928742,
2274476,
2771229,
924032.1,
1074892,
1284621,
1596036,
2106747,
1.157935e+08,
3.151663e+07,
8.497777e+07,
4982835,
5565831,
6303327,
7266117,
8576051,
1.259885e+07,
1.44706e+07,
1.699555e+07,
2.05879e+07,
2.610591e+07,
1.086036e+07,
6910702,
4027310,
1127228,
1241737,
1382141,
1558343,
1786036,
620905.6,
701244,
805461.9,
946064.8,
1146137,
2.414457e+08,
5.931667e+07,
1.834951e+08,
1.048632e+07,
1.113241e+07,
1.186334e+07,
1.269699e+07,
1.365666e+07,
3.087279e+07,
3.353472e+07,
3.669902e+07,
4.052268e+07,
4.523579e+07,
3.561009e+07,
1.169668e+07,
2.415383e+07,
1864723,
2075240,
2339337,
2680454,
3138037,
3617078,
4136738,
4830765,
5804615,
7270248,
3.335814e+07,
9027959,
2.453137e+07,
1553605,
1670147,
1805592,
1964944,
2155145,
4003363,
4409067,
4906274,
5529872,
6335075,
3.555058e+07,
2.291374e+07,
1.288858e+07,
4221661,
4394800,
4582749,
4787491,
5011383,
2280753,
2420159,
2577715,
2757215,
2963585,
5229756,
4364435,
887772.3,
770094.8,
818275.3,
872886.9,
935309.4,
1007348,
149819.2,
162512,
177554.5,
195665.8,
217891.6,
3.399069e+07,
8143540,
2.603618e+07,
1280519,
1433777,
1628708,
1884983,
2236968,
3835122,
4417074,
5207236,
6341687,
8108129,
1.375035e+07,
3125992,
1.069805e+07,
537186.3,
577860.3,
625198.4,
680984.3,
747700.9,
1742331,
1920642,
2139611,
2414933,
2771575,
1.0236e+09,
4.847142e+08,
5.450615e+08,
8.591117e+07,
9.096834e+07,
9.694285e+07,
1.041858e+08,
1.132862e+08,
8.853214e+07,
9.757829e+07,
1.090123e+08,
1.240841e+08,
1.452437e+08,
1983, 
9338602,
7413300,
1972757,
1417242,
1449213,
1482660,
1517687,
1554410,
364525.1,
378944.3,
394551.4,
411499.1,
429968.2,
8.63873e+07,
6.710733e+07,
1.974477e+07,
1.28816e+07,
1.314599e+07,
1.342147e+07,
1.370873e+07,
1.400857e+07,
3665017,
3801691,
3948953,
4108084,
4280578,
1.390071e+07,
9997940,
3989729,
1636581,
1799965,
1999588,
2249013,
2569531,
618106.8,
696606.6,
797945.9,
933789.7,
1125376,
8920025,
4766599,
4221791,
743970.9,
835734.4,
953319.7,
1109410,
1326623,
618816.9,
714204.4,
844358.1,
1032520,
1328592,
2.8097e+07,
2.026021e+07,
8011863,
3422178,
3710570,
4052041,
4462732,
4966062,
1285793,
1426732,
1602373,
1827329,
2125763,
2.100387e+07,
1.569087e+07,
5436062,
2437829,
2744020,
3138175,
3664557,
4403113,
794717.3,
918234.6,
1087212,
1332408,
1720407,
1.55694e+07,
7897817,
7791354,
1222192,
1378086,
1579563,
1850041,
2232288,
1130798,
1310558,
1558271,
1921451,
2505368,
3.099885e+07,
1.03465e+07,
2.086337e+07,
1614596,
1813886,
2069300,
2408433,
2880513,
3050329,
3524304,
4172674,
5113391,
6601732,
2.603631e+07,
4649731,
2.150294e+07,
802515.4,
861544.3,
929946.1,
1010146,
1105485,
3517858,
3870042,
4300589,
4838924,
5531317,
6438111,
3461597,
3025814,
580675.6,
631601.9,
692319.4,
765952.4,
857112.4,
480950.8,
535954.1,
605162.8,
694895.8,
815872.6,
1.33452e+08,
1.01047e+08,
3.31659e+07,
1.928736e+07,
1.973762e+07,
2.020941e+07,
2.07043e+07,
2.122404e+07,
6115856,
6364022,
6633180,
6926111,
7246110,
3.279531e+07,
2.018145e+07,
1.285355e+07,
3589062,
3799561,
4036289,
4304477,
4610839,
2184327,
2361821,
2570711,
2820137,
3123166,
1.015798e+07,
5460417,
4775352,
933464.1,
1006563,
1092083,
1193485,
1315644,
775435.6,
855929.6,
955070.4,
1080187,
1243026,
1.824658e+07,
1.204097e+07,
6332238,
2188104,
2292880,
2408194,
2535722,
2677511,
1103245,
1179226,
1266448,
1367602,
1486318,
7000125,
3507594,
3546380,
549363.5,
616187.2,
701518.8,
814283.4,
970244,
521632.4,
601151.7,
709275.9,
864824.8,
1107765,
4.183402e+07,
3.076008e+07,
1.132632e+07,
5505727,
5810957,
6152016,
6535605,
6970212,
1940908,
2090579,
2265263,
2471801,
2719781,
1.653211e+07,
1.010748e+07,
6545904,
1549656,
1754405,
2021496,
2384514,
2906453,
941397.4,
1095238,
1309181,
1626997,
2148586,
1.186841e+08,
3.262925e+07,
8.67778e+07,
5161414,
5763986,
6525850,
7519789,
8870897,
1.287363e+07,
1.478234e+07,
1.735556e+07,
2.101346e+07,
2.6625e+07,
1.158999e+07,
7503723,
4168045,
1241627,
1358944,
1500745,
1675585,
1896536,
653109,
732401.9,
833609,
967271.6,
1151983,
2.488615e+08,
6.307304e+07,
1.872264e+08,
1.118786e+07,
1.185847e+07,
1.261461e+07,
1.347374e+07,
1.445845e+07,
3.162383e+07,
3.428923e+07,
3.744529e+07,
4.124123e+07,
4.58936e+07,
3.661027e+07,
1.219327e+07,
2.466594e+07,
1946111,
2164719,
2438654,
2791965,
3264994,
3698710,
4227676,
4933189,
5921339,
7404512,
3.435186e+07,
9591596,
2.497155e+07,
1652898,
1775745,
1918319,
2085786,
2285290,
4081988,
4492297,
4994311,
5622640,
6431821,
3.597387e+07,
2.325445e+07,
1.297356e+07,
4289741,
4463021,
4650889,
4855269,
5078438,
2299068,
2437960,
2594712,
2773006,
2977611,
5358237,
4469233,
912057.4,
790601.4,
839059.8,
893846.5,
956287.7,
1028108,
154361,
167218,
182411.5,
200641.8,
222920.5,
3.497279e+07,
8520508,
2.664903e+07,
1339637,
1500048,
1704102,
1972411,
2340999,
3925057,
4520822,
5329806,
6491421,
8300486,
1.420267e+07,
3321673,
1.095867e+07,
570651.9,
613939.9,
664334.6,
723742.2,
794818.2,
1784311,
1967148,
2191733,
2474208,
2840268,
1.047314e+09,
4.992536e+08,
5.544092e+08,
8.854265e+07,
9.372672e+07,
9.985073e+07,
1.072737e+08,
1.165972e+08,
9.020378e+07,
9.934233e+07,
1.108818e+08,
1.260772e+08,
1.473879e+08,
1984, 
9427474,
7495564,
1979606,
1432900,
1465259,
1499113,
1534568,
1571741,
365773.7,
380250.8,
395921.1,
412938.5,
431484.5,
8.751258e+07,
6.810124e+07,
1.988015e+07,
1.307827e+07,
1.334376e+07,
1.362025e+07,
1.390844e+07,
1.420909e+07,
3692079,
3828797,
3976029,
4135039,
4307296,
1.427624e+07,
1.033704e+07,
4027567,
1695373,
1862998,
2067408,
2322202,
2648627,
625358.4,
704094.6,
805513.4,
941065.8,
1131471,
9117514,
4904493,
4282834,
766008.3,
860236.4,
980898.6,
1140933,
1363368,
628262.8,
724863,
856566.8,
1046757,
1345511,
2.886537e+07,
2.104875e+07,
7993247,
3558788,
3856995,
4209750,
4633524,
5152167,
1284296,
1424335,
1598649,
1821580,
2116762,
2.158383e+07,
1.62268e+07,
5481921,
2525987,
2840840,
3245360,
3784210,
4537625,
803199.1,
927166.2,
1096384,
1341160,
1726648,
1.604378e+07,
8210120,
7957048,
1270776,
1432742,
1642024,
1922905,
2319710,
1155167,
1338644,
1591410,
1961851,
2557077,
3.182928e+07,
1.079209e+07,
2.125558e+07,
1683604,
1891671,
2158418,
2512743,
3006247,
3106772,
3589956,
4251117,
5210784,
6730061,
2.676903e+07,
4864491,
2.202583e+07,
839480.8,
901278.8,
972898.3,
1056883,
1156737,
3603011,
3963913,
4405165,
4956960,
5666786,
6651020,
3588599,
3113325,
602716.9,
655210.3,
717719.8,
793414.6,
886958.2,
495553.7,
551884.8,
622664.9,
714271.4,
837481.8,
1.356866e+08,
1.028775e+08,
3.358071e+07,
1.969004e+07,
2.012303e+07,
2.057549e+07,
2.104877e+07,
2.154433e+07,
6211606,
6454028,
6716142,
7000446,
7309884,
3.329416e+07,
2.061712e+07,
1.291947e+07,
3674987,
3886312,
4123425,
4391351,
4696515,
2201345,
2377329,
2583895,
2829774,
3127369,
1.050366e+07,
5826779,
4756846,
998138.9,
1075285,
1165356,
1271895,
1399875,
774352.2,
853781.9,
951369.1,
1074144,
1233302,
1.826617e+07,
1.216995e+07,
6221836,
2209080,
2316088,
2433991,
2564541,
2709890,
1082693,
1157914,
1244367,
1344772,
1462802,
7169702,
3595158,
3629699,
563345.7,
631738.1,
719031.5,
834317.2,
993630.7,
534174.3,
615465.5,
725939.6,
884749.4,
1132500,
4.13561e+07,
3.056375e+07,
1.103959e+07,
5443912,
5758977,
6112750,
6512833,
6968956,
1881387,
2031616,
2207919,
2417728,
2671599,
1.715252e+07,
1.060193e+07,
6675626,
1624960,
1839906,
2120386,
2501760,
3050408,
959799.6,
1116771,
1335125,
1659619,
2192489,
1.21667e+08,
3.378302e+07,
8.862974e+07,
5346911,
5969665,
6756605,
7782523,
9175762,
1.315706e+07,
1.510354e+07,
1.772595e+07,
2.145035e+07,
2.715612e+07,
1.243853e+07,
8190654,
4334370,
1376791,
1496134,
1638131,
1809907,
2021929,
691381.9,
769245.9,
866873.9,
992884.8,
1161761,
2.539841e+08,
6.634007e+07,
1.891412e+08,
1.178058e+07,
1.248014e+07,
1.326801e+07,
1.416207e+07,
1.518533e+07,
3.199047e+07,
3.46653e+07,
3.782823e+07,
4.162631e+07,
4.627218e+07,
3.764541e+07,
1.271055e+07,
2.519261e+07,
2031160,
2258092,
2542111,
2907855,
3396527,
3783097,
4321478,
5038523,
6040857,
7541022,
3.540736e+07,
1.018911e+07,
2.544009e+07,
1759022,
1888186,
2037822,
2213216,
2421646,
4167425,
4581939,
5088019,
5719774,
6530655,
3.646716e+07,
2.364208e+07,
1.308209e+07,
4368503,
4541340,
4728417,
4931568,
5152960,
2322734,
2460845,
2616418,
2792989,
2995117,
5471967,
4561617,
933943.6,
808578.5,
857323.8,
912323.3,
974863.3,
1046609,
158426.1,
171442.3,
186788.7,
205152.7,
227521.2,
3.597485e+07,
8910166,
2.726935e+07,
1400782,
1568573,
1782033,
2062742,
2448421,
4016225,
4625924,
5453871,
6642797,
8494590,
1.466077e+07,
3524429,
1.121807e+07,
605317.6,
651318.4,
704885.8,
768054.1,
843658.6,
1826086,
2013432,
2243613,
2533218,
2908669,
1.069222e+09,
5.13673e+08,
5.620623e+08,
9.113601e+07,
9.64531e+07,
1.027346e+08,
1.103481e+08,
1.199087e+08,
9.151773e+07,
1.007539e+08,
1.124125e+08,
1.27758e+08,
1.492682e+08,
1985, 
9516529,
7578188,
1986273,
1448626,
1481374,
1515638,
1551524,
1589150,
366988.6,
381522.3,
397254.5,
414340,
432961.3,
8.86687e+07,
6.91222e+07,
2.001942e+07,
1.328097e+07,
1.354726e+07,
1.382444e+07,
1.41132e+07,
1.441429e+07,
3720101,
3856779,
4003883,
4162654,
4334536,
1.465687e+07,
1.068336e+07,
4063258,
1755764,
1927581,
2136673,
2396646,
2728645,
632382.4,
711272.7,
812651.6,
947733.9,
1136677,
9321989,
5047529,
4345766,
788996.5,
885733.1,
1009506,
1173489,
1401081,
638107.3,
735921.9,
869153.3,
1061289,
1362480,
2.973097e+07,
2.192069e+07,
7988771,
3713092,
4020809,
4384138,
4819653,
5351238,
1286362,
1425248,
1597754,
1817769,
2108055,
2.217552e+07,
1.677692e+07,
5525275,
2616761,
2940396,
3355384,
3906757,
4674971,
811370.4,
935709.6,
1105055,
1349241,
1731955,
1.653329e+07,
8534348,
8126049,
1321432,
1489622,
1706870,
1998303,
2409748,
1180235,
1367433,
1625210,
2002751,
2608777,
3.270988e+07,
1.126341e+07,
2.167262e+07,
1756591,
1973944,
2252682,
2623083,
3139261,
3166828,
3659792,
4334524,
5314285,
6866325,
2.753114e+07,
5089185,
2.256837e+07,
878157.1,
942851.8,
1017837,
1105780,
1210357,
3691391,
4061330,
4513674,
5079412,
5807288,
6890677,
3730875,
3212510,
627593.9,
681766.7,
746175,
824022.6,
920005.9,
512255.1,
570033.2,
642502.1,
736080.7,
861565.3,
1.378053e+08,
1.046243e+08,
3.396236e+07,
2.00733e+07,
2.049023e+07,
2.092486e+07,
2.137833e+07,
2.185188e+07,
6299799,
6536866,
6792473,
7068883,
7368744,
3.381619e+07,
2.10709e+07,
1.299058e+07,
3765299,
3977114,
4214181,
4481301,
4784576,
2219845,
2394131,
2598116,
2840098,
3131784,
1.068974e+07,
6112535,
4657916,
1044867,
1126728,
1222507,
1336081,
1472920,
756552.4,
834993.9,
931583.1,
1053442,
1211978,
1.834353e+07,
1.233775e+07,
6130736,
2238990,
2347720,
2467550,
2600270,
2748078,
1066598,
1140821,
1226147,
1325269,
1441826,
7343904,
3685165,
3715234,
577701.1,
647712.4,
737033,
854929,
1017725,
547031.6,
630147.9,
743046.7,
905229.9,
1157980,
4.111377e+07,
3.053859e+07,
1.081869e+07,
5420457,
5743602,
6107718,
6521126,
6994561,
1836520,
1986746,
2163739,
2375350,
2632839,
1.777741e+07,
1.11072e+07,
6798941,
1701976,
1927319,
2221439,
2621495,
3197291,
977335.3,
1137269,
1359788,
1690566,
2234002,
1.247383e+08,
3.497761e+07,
9.052995e+07,
5539532,
6182968,
6995523,
8053960,
9489783,
1.344927e+07,
1.543403e+07,
1.810599e+07,
2.18968e+07,
2.769531e+07,
1.339801e+07,
8969991,
4519720,
1532703,
1653089,
1793998,
1961168,
2162695,
734465.4,
810439.2,
903943.9,
1021839,
1175099,
2.581971e+08,
6.943621e+07,
1.903118e+08,
1.232972e+07,
1.306222e+07,
1.388724e+07,
1.482351e+07,
1.589516e+07,
3.218862e+07,
3.487994e+07,
3.806236e+07,
4.188382e+07,
4.655826e+07,
3.87005e+07,
1.324386e+07,
2.572341e+07,
2119118,
2354526,
2648771,
3027064,
3531414,
3868625,
4416325,
5144682,
6160734,
7676885,
3.631924e+07,
1.076115e+07,
2.578964e+07,
1859160,
1994990,
2152230,
2336379,
2554987,
4228605,
4647262,
5157928,
5794679,
6610785,
3.707791e+07,
2.41079e+07,
1.323069e+07,
4465084,
4636489,
4821580,
5022062,
5239940,
2355476,
2492362,
2646139,
2820140,
3018635,
5578993,
4648311,
954787.7,
825320.6,
874389.6,
929662.2,
992394.1,
1064205,
162266.6,
175446.8,
190957.5,
209476.7,
231973.6,
3.699977e+07,
9313463,
2.789912e+07,
1464121,
1639531,
1862693,
2156176,
2559438,
4108965,
4732749,
5579824,
6796223,
8690817,
1.51283e+07,
3735255,
1.147893e+07,
641354.3,
690179.3,
747050.9,
814136.6,
894459.8,
1868093,
2059974,
2295786,
2592565,
2977465,
1.090764e+09,
5.284169e+08,
5.690208e+08,
9.378668e+07,
9.924014e+07,
1.056834e+08,
1.134928e+08,
1.232979e+08,
9.267409e+07,
1.020145e+08,
1.138042e+08,
1.293207e+08,
1.51065e+08,
1986, 
9616743,
7661929,
2003178,
1464610,
1497732,
1532386,
1568682,
1606739,
370106.4,
384766.3,
400635.5,
417870,
436654,
8.973015e+07,
7.008044e+07,
2.012603e+07,
1.346908e+07,
1.373714e+07,
1.401609e+07,
1.43066e+07,
1.460941e+07,
3741219,
3878021,
4025207,
4184006,
4355850,
1.504027e+07,
1.103131e+07,
4100091,
1816810,
1992685,
2206262,
2471117,
2808238,
639669.9,
718702.8,
820018.2,
954585.9,
1141990,
9533741,
5203338,
4403228,
814120.3,
913558.5,
1040668,
1208864,
1441912,
647260.9,
746128.8,
880645.6,
1074334,
1377242,
3.072084e+07,
2.287966e+07,
8022237,
3887084,
4203473,
4575932,
5020813,
5561513,
1296181,
1433934,
1604447,
1820987,
2105095,
2.277701e+07,
1.73259e+07,
5579735,
2707680,
3039952,
3465179,
4028715,
4811144,
821195.2,
946146.6,
1115947,
1360024,
1740757,
1.70365e+07,
8852540,
8314884,
1371571,
1545714,
1770508,
2071813,
2496703,
1208568,
1399818,
1662977,
2047988,
2664982,
3.36137e+07,
1.175203e+07,
2.209577e+07,
1832242,
2059228,
2350405,
2737491,
3277210,
3227767,
3730652,
4419154,
5419301,
7004585,
2.833376e+07,
5352537,
2.311354e+07,
923458.3,
991560.6,
1070507,
1163113,
1273257,
3780047,
4159125,
4622708,
5202599,
5948846,
7170306,
3920200,
3304859,
660574.6,
717031.3,
784039.9,
864864,
964267.1,
528031,
587069.4,
660971.8,
756159.9,
883377,
1.398686e+08,
1.063473e+08,
3.431188e+07,
2.045012e+07,
2.085175e+07,
2.126947e+07,
2.170427e+07,
2.215721e+07,
6381181,
6613036,
6862375,
7131254,
7422062,
3.446192e+07,
2.157972e+07,
1.313138e+07,
3869576,
4080590,
4315944,
4580108,
4878718,
2252796,
2425242,
2626276,
2863652,
3148202,
1.090873e+07,
6382072,
4608360,
1089925,
1175821,
1276414,
1395830,
1539896,
747809.8,
825687.8,
921671.9,
1042907,
1200868,
1.855387e+07,
1.25633e+07,
6116076,
2283284,
2392487,
2512659,
2645542,
2793266,
1065872,
1139136,
1223215,
1320696,
1435058,
7532862,
3769195,
3821613,
591223,
662700.9,
753838.9,
874041.6,
1039850,
563057.8,
648431.7,
764322.6,
930653.4,
1189514,
4.139881e+07,
3.08518e+07,
1.07907e+07,
5473380,
5801010,
6170360,
6589941,
7070748,
1830797,
1981038,
2158140,
2370018,
2628026,
1.842473e+07,
1.159484e+07,
6962673,
1776637,
2011896,
2318968,
2736660,
3337878,
1000888,
1164668,
1392535,
1731254,
2287717,
1.279015e+08,
3.620043e+07,
9.249442e+07,
5737366,
6401722,
7240087,
8331123,
9809328,
1.375278e+07,
1.577662e+07,
1.849888e+07,
2.235651e+07,
2.824693e+07,
1.43955e+07,
9809363,
4682829,
1701438,
1822398,
1961873,
2124465,
2316444,
774046.2,
847585.8,
936565.9,
1046420,
1185468,
2.633605e+08,
7.289626e+07,
1.920754e+08,
1.295059e+07,
1.371674e+07,
1.457925e+07,
1.555751e+07,
1.667648e+07,
3.250768e+07,
3.521536e+07,
3.841507e+07,
4.225437e+07,
4.694629e+07,
3.977821e+07,
1.38058e+07,
2.624847e+07,
2211946,
2456227,
2761160,
3152540,
3673194,
3953667,
4510426,
5249694,
6278802,
7809766,
3.728049e+07,
1.14027e+07,
2.611988e+07,
1972305,
2115253,
2280541,
2473850,
2702966,
4288847,
4710449,
5223977,
5863173,
6680600,
3.779984e+07,
2.475982e+07,
1.33041e+07,
4599104,
4769016,
4951965,
5149509,
5363470,
2376456,
2510611,
2660819,
2830145,
3022486,
5682728,
4737401,
969827.1,
842187.6,
891736.5,
947480.1,
1010658,
1082863,
165055.4,
178346.4,
193965.4,
212582.7,
235153.2,
3.802016e+07,
9707126,
2.85338e+07,
1526031,
1708846,
1941425,
2247288,
2667548,
4202689,
4840580,
5706761,
6950492,
8887416,
1.560453e+07,
3960711,
1.173407e+07,
679873.4,
731726.5,
792142.2,
863432.3,
948823.2,
1909125,
2105463,
2346814,
2650661,
3044891,
1.114546e+09,
5.444277e+08,
5.76969e+08,
9.670221e+07,
1.02288e+08,
1.088855e+08,
1.168788e+08,
1.269091e+08,
9.403279e+07,
1.03477e+08,
1.153938e+08,
1.310714e+08,
1.530298e+08,
1987, 
9734878,
7760037,
2023725,
1483341,
1516897,
1552007,
1588781,
1627340,
373897.1,
388710,
404745.1,
422160,
441141,
9.081547e+07,
7.106038e+07,
2.023489e+07,
1.366231e+07,
1.393177e+07,
1.421208e+07,
1.450389e+07,
1.480794e+07,
3763031,
3899843,
4046978,
4205652,
4377276,
1.543126e+07,
1.138822e+07,
4135524,
1879826,
2059702,
2277645,
2547167,
2889038,
646862.6,
725963.4,
827104.8,
960990.2,
1146592,
9755134,
5366209,
4463327,
840570.3,
942762.6,
1073242,
1245639,
1484022,
656973.5,
756895.7,
892665.3,
1087790,
1392079,
3.184335e+07,
2.395246e+07,
8074955,
4085723,
4410128,
4790491,
5242659,
5789082,
1310707,
1447025,
1614991,
1827071,
2103272,
2.339134e+07,
1.788949e+07,
5632381,
2801141,
3142228,
3577898,
4153827,
4950741,
830761.4,
956279.4,
1126476,
1370373,
1749068,
1.754706e+07,
9177951,
8503891,
1423273,
1603348,
1835590,
2146508,
2584233,
1237339,
1432509,
1700778,
2092680,
2719267,
3.454911e+07,
1.226104e+07,
2.253036e+07,
1911038,
2148063,
2452209,
2856690,
3420962,
3290365,
3803435,
4506072,
5527142,
7146537,
2.918589e+07,
5631784,
2.369264e+07,
971496.4,
1043211,
1126357,
1223904,
1339950,
3874267,
4263035,
4738529,
5333411,
6099102,
7486504,
4132588,
3410972,
697789.9,
756718.2,
826517.6,
910501.9,
1013484,
546274.7,
606715.4,
682194.4,
779121.9,
908154.2,
1.419185e+08,
1.080646e+08,
3.465348e+07,
2.082425e+07,
2.121126e+07,
2.161293e+07,
2.20301e+07,
2.246369e+07,
6460341,
6687259,
6930698,
7192530,
7474923,
3.53101e+07,
2.221979e+07,
1.334479e+07,
4003579,
4212290,
4443958,
4702591,
4993189,
2302031,
2471952,
2668958,
2900084,
3175035,
1.115374e+07,
6672213,
4564264,
1139294,
1229171,
1334443,
1459435,
1610262,
740616.1,
817763.9,
912852.9,
1032965,
1189476,
1.890006e+07,
1.288319e+07,
6143778,
2348644,
2457364,
2576638,
2708081,
2853656,
1074495,
1146460,
1228756,
1323780,
1434733,
7740164,
3861831,
3937871,
606240.1,
679293.9,
772366.3,
894992.3,
1063905,
580698.9,
668497.3,
787574.1,
958266.2,
1223420,
4.234003e+07,
3.165691e+07,
1.093078e+07,
5634254,
5962511,
6331383,
6748905,
7225383,
1861348,
2010719,
2186156,
2395134,
2648286,
1.910087e+07,
1.210644e+07,
7131400,
1855109,
2100719,
2421288,
2857314,
3484869,
1025248,
1192963,
1426280,
1773049,
2342602,
1.311489e+08,
3.746354e+07,
9.450337e+07,
5942401,
6628109,
7492709,
8616711,
1.013746e+07,
1.406482e+07,
1.612805e+07,
1.890067e+07,
2.28245e+07,
2.880435e+07,
1.53264e+07,
1.062549e+07,
4801783,
1865256,
1986717,
2125098,
2284200,
2469052,
804644.3,
875631.9,
960356.6,
1063233,
1190796,
2.70512e+08,
7.699731e+07,
1.951983e+08,
1.370589e+07,
1.450341e+07,
1.539946e+07,
1.641353e+07,
1.757057e+07,
3.311229e+07,
3.583251e+07,
3.903966e+07,
4.287736e+07,
4.755182e+07,
4.088522e+07,
1.438817e+07,
2.678266e+07,
2308553,
2561871,
2877635,
3282179,
3819074,
4040850,
4606590,
5356531,
6398131,
7942604,
3.830568e+07,
1.208154e+07,
2.64772e+07,
2093117,
2243131,
2416307,
2618460,
2857527,
4355949,
4779968,
5295440,
5935528,
6751632,
3.861713e+07,
2.548129e+07,
1.340386e+07,
4749078,
4916546,
5096258,
5289606,
5498203,
2403582,
2534621,
2680772,
2844810,
3030230,
5788916,
4828633,
985185,
859304.3,
909412.6,
965726.6,
1029475,
1102235,
167868.1,
181286.7,
197037,
215784.5,
238474.6,
3.90438e+07,
1.010879e+07,
2.916382e+07,
1589275,
1779618,
2021758,
2340169,
2777621,
4295964,
4947777,
5832763,
7103298,
9081495,
1.607085e+07,
4189889,
1.197557e+07,
719016.6,
773952.6,
837977.7,
913551.1,
1004107,
1947940,
2148506,
2395114,
2705675,
3108772,
1.141902e+09,
5.622499e+08,
5.867008e+08,
9.999977e+07,
1.057102e+08,
1.1245e+08,
1.206089e+08,
1.308376e+08,
9.576917e+07,
1.05311e+08,
1.173402e+08,
1.331505e+08,
1.552711e+08,
1988, 
9874134,
7875087,
2048557,
1505309,
1539374,
1575017,
1612350,
1651496,
378479,
393476.4,
409711.3,
427343.7,
446561.9,
9.191215e+07,
7.20523e+07,
2.034312e+07,
1.385717e+07,
1.41284e+07,
1.441046e+07,
1.470401e+07,
1.500978e+07,
3784489,
3921416,
4068624,
4227315,
4398887,
1.584061e+07,
1.176219e+07,
4172298,
1946320,
2130195,
2352438,
2626455,
2972725,
654442.4,
733568.4,
834459.7,
967528.5,
1151089,
9989740,
5538242,
4527561,
868709.3,
973735.1,
1107648,
1284268,
1527898,
667485.8,
768489.9,
905512.1,
1101999,
1407389,
3.310137e+07,
2.514416e+07,
8144694,
4310218,
4641878,
5028832,
5486169,
6035009,
1329489,
1464059,
1628939,
1835669,
2102499,
2.402176e+07,
1.847035e+07,
5683841,
2897684,
3247769,
3694071,
4282573,
5094116,
840197.7,
966238.2,
1136768,
1380391,
1756920,
1.807351e+07,
9515150,
8697115,
1477375,
1663404,
1903030,
2223317,
2673230,
1267241,
1466255,
1739423,
2137680,
2772461,
3.551938e+07,
1.279211e+07,
2.297805e+07,
1993235,
2240738,
2558422,
2981066,
3570983,
3354864,
3878422,
4595610,
5638214,
7292707,
2.999506e+07,
5909296,
2.423042e+07,
1019230,
1094537,
1181859,
1284323,
1406240,
3961743,
4359518,
4846084,
5454906,
6238683,
7823213,
4359661,
3523045,
737870.1,
799318.9,
871932.1,
959056.6,
1065525,
565758.3,
627595.5,
704609.1,
803167.5,
933781.9,
1.438826e+08,
1.09721e+08,
3.496962e+07,
2.118318e+07,
2.155698e+07,
2.194421e+07,
2.23456e+07,
2.276196e+07,
6533347,
6755796,
6993925,
7249455,
7524365,
3.644208e+07,
2.304442e+07,
1.365941e+07,
4179634,
4383776,
4608885,
4858363,
5136396,
2374106,
2540459,
2731882,
2954502,
3216625,
1.142119e+07,
6981758,
4523217,
1192589,
1286452,
1396352,
1526782,
1684090,
734354.1,
810652.3,
904643.4,
1023289,
1177752,
1.941501e+07,
1.332186e+07,
6222531,
2440932,
2547763,
2664372,
2792168,
2932841,
1094591,
1164744,
1244506,
1335996,
1442004,
7959658,
3959932,
4060948,
622351.8,
696996.1,
791986.3,
916953.3,
1088746,
599606.8,
689893.3,
812189.6,
987186.7,
1258306,
4.401063e+07,
3.301366e+07,
1.125276e+07,
5918814,
6242096,
6602732,
7007596,
7465352,
1932141,
2079227,
2250552,
2452646,
2694617,
1.977327e+07,
1.26216e+07,
7292741,
1934302,
2190272,
2524319,
2978598,
3632263,
1048654,
1220095,
1458548,
1812848,
2394504,
1.344771e+08,
3.876668e+07,
9.655385e+07,
6154628,
6862097,
7753335,
8910634,
1.047404e+07,
1.438497e+07,
1.648783e+07,
1.931077e+07,
2.330006e+07,
2.936674e+07,
1.606655e+07,
1.132831e+07,
4841690,
2004265,
2126962,
2265662,
2423712,
2605467,
818640.6,
887219.2,
968338.1,
1065783,
1185035,
2.806012e+08,
8.20635e+07,
2.00313e+08,
1.467245e+07,
1.549386e+07,
1.64127e+07,
1.744738e+07,
1.86213e+07,
3.41546e+07,
3.687345e+07,
4.00626e+07,
4.385562e+07,
4.844198e+07,
4.202349e+07,
1.499206e+07,
2.732685e+07,
2409242,
2671732,
2998413,
3416111,
3969022,
4130505,
4705093,
5465370,
6518701,
8074978,
3.941288e+07,
1.280525e+07,
2.68722e+07,
2223147,
2380166,
2561050,
2771689,
3020081,
4431871,
4857857,
5374441,
6013965,
6826246,
3.953054e+07,
2.627415e+07,
1.352887e+07,
4915452,
5079479,
5254831,
5442723,
5644549,
2436612,
2564148,
2705773,
2863957,
3041786,
5893146,
4918329,
1000110,
875914.2,
926668.2,
983665.7,
1048134,
1121646,
170554.3,
184116.5,
200022,
218935.3,
241798.9,
4.011459e+07,
1.053e+07,
2.982181e+07,
1655683,
1853887,
2106000,
2437476,
2892789,
4393628,
5059898,
5964361,
7262552,
9283091,
1.653463e+07,
4424531,
1.22091e+07,
759084.8,
817180.7,
884906.2,
964871.9,
1060726,
1985465,
2190122,
2441820,
2758882,
3170569,
1.173709e+09,
5.821856e+08,
5.987974e+08,
1.037548e+08,
1.095757e+08,
1.164371e+08,
1.247324e+08,
1.351183e+08,
9.802783e+07,
1.076496e+08,
1.197595e+08,
1.356486e+08,
1.578414e+08,
1989, 
1.003223e+07,
8005283,
2077174,
1530171,
1564812,
1601057,
1639021,
1678828,
383760.4,
398970,
415434.9,
433317.3,
452808.3,
9.313843e+07,
7.314912e+07,
2.047666e+07,
1.407337e+07,
1.43462e+07,
1.462983e+07,
1.492489e+07,
1.523209e+07,
3810997,
3948051,
4095331,
4254025,
4425513,
1.62746e+07,
1.215815e+07,
4211796,
2017406,
2205235,
2431630,
2709827,
3059903,
662720.1,
741819.3,
842359.1,
974424.3,
1155600,
1.023713e+07,
5719363,
4595571,
898552.1,
1006479,
1143873,
1324707,
1573453,
678756.8,
780857.7,
919114.1,
1116862,
1423028,
3.449167e+07,
2.645521e+07,
8227685,
4560835,
4898878,
5291043,
5751459,
6299640,
1351768,
1484256,
1645537,
1846140,
2102444,
2.466823e+07,
1.906864e+07,
5733905,
2997424,
3356659,
3813728,
4414893,
5241051,
849495.3,
976002.3,
1146781,
1390000,
1764158,
1.862308e+07,
9868112,
8897845,
1534682,
1726694,
1973623,
2302962,
2764230,
1298911,
1501716,
1779569,
2183583,
2824922,
3.652951e+07,
1.334756e+07,
2.344151e+07,
2079198,
2337664,
2669512,
3111163,
3727920,
3421659,
3956066,
4688302,
5753165,
7443918,
3.079129e+07,
6190576,
2.475151e+07,
1067610,
1146558,
1238115,
1345563,
1473433,
4046513,
4453012,
4950302,
5572626,
6373918,
8172617,
4597336,
3637284,
780111.6,
844076.2,
919467.3,
1009647,
1119439,
585842.8,
649014.6,
727456.8,
827467.3,
959360.1,
1.457754e+08,
1.113273e+08,
3.526414e+07,
2.153007e+07,
2.18916e+07,
2.226547e+07,
2.265233e+07,
2.305288e+07,
6601326,
6819612,
7052829,
7302561,
7570629,
3.789778e+07,
2.40816e+07,
1.408745e+07,
4404187,
4601042,
4816320,
5052731,
5313549,
2471837,
2633370,
2817491,
3029294,
3275531,
1.168974e+07,
7298225,
4476205,
1247061,
1345005,
1459645,
1595649,
1759601,
727085.9,
802448.8,
895241,
1012300,
1164576,
2.013041e+07,
1.390347e+07,
6360055,
2565710,
2668879,
2780694,
2902286,
3034999,
1127934,
1195648,
1272011,
1358794,
1458286,
8175947,
4055807,
4183021,
638449.4,
714516.7,
811161.3,
938039.5,
1111969,
618738.9,
711364.3,
836604.2,
1015365,
1291279,
4.64357e+07,
3.494627e+07,
1.175757e+07,
6335022,
6646077,
6989254,
7369802,
7794175,
2044356,
2187203,
2351513,
2542515,
2767289,
2.046232e+07,
1.315334e+07,
7454180,
2016269,
2282852,
2630668,
3103522,
3783614,
1072208,
1247334,
1490836,
1852472,
2445741,
1.379153e+08,
4.011891e+07,
9.866614e+07,
6375724,
7105440,
8023781,
9214737,
1.082086e+07,
1.471677e+07,
1.685976e+07,
1.973323e+07,
2.378739e+07,
2.993814e+07,
1.660808e+07,
1.19053e+07,
4807206,
2115315,
2240334,
2381059,
2540649,
2723168,
816813.3,
883245.9,
961441.3,
1054827,
1168306,
2.94438e+08,
8.840618e+07,
2.079236e+08,
1.592214e+07,
1.675564e+07,
1.768123e+07,
1.871507e+07,
1.98773e+07,
3.575176e+07,
3.844827e+07,
4.158473e+07,
4.527836e+07,
4.969209e+07,
4.321011e+07,
1.562408e+07,
2.789165e+07,
2515318,
2787134,
3124815,
3555601,
4124157,
4224635,
4808016,
5578330,
6642564,
8208603,
4.059594e+07,
1.357403e+07,
2.729852e+07,
2362462,
2526408,
2714806,
2933566,
3190671,
4515295,
4942792,
5459704,
6097359,
6903657,
4.047894e+07,
2.709887e+07,
1.365712e+07,
5089578,
5249489,
5419775,
5601479,
5795790,
2470795,
2594581,
2731425,
2883507,
3053524,
5994096,
5005384,
1014381,
891899.6,
943339.8,
1001077,
1066342,
1140711,
173094.3,
186805.7,
202876.1,
221971.9,
245035.8,
4.123202e+07,
1.097112e+07,
3.050689e+07,
1725333,
1931732,
2194224,
2539269,
3013082,
4495600,
5176826,
6101377,
7427971,
9491709,
1.701248e+07,
4669122,
1.244687e+07,
800847.7,
862239.2,
933824.4,
1018372,
1119754,
2023689,
2232506,
2489374,
2813038,
3233445,
1.211011e+09,
6.046984e+08,
6.13846e+08,
1.080747e+08,
1.13985e+08,
1.209397e+08,
1.293336e+08,
1.398263e+08,
1.009424e+08,
1.106196e+08,
1.227692e+08,
1.386719e+08,
1.608335e+08,
1990, 
1.018424e+07,
8130746,
2104402,
1554129,
1589323,
1626149,
1664722,
1705169,
388784.8,
404196.4,
420880.3,
439000.9,
458751.9,
9.432841e+07,
7.422086e+07,
2.059869e+07,
1.427879e+07,
1.455599e+07,
1.484417e+07,
1.514399e+07,
1.545618e+07,
3833508,
3971472,
4119738,
4279504,
4452161,
1.675161e+07,
1.259024e+07,
4258358,
2095072,
2287169,
2518047,
2800772,
3155016,
672226.9,
751384.1,
851671.5,
982853.3,
1161804,
1.049725e+07,
5909700,
4667169,
930148.8,
1041036,
1181940,
1366957,
1620649,
690773.2,
793976.4,
933433.8,
1132319,
1438904,
3.596812e+07,
2.785276e+07,
8310375,
4830585,
5174247,
5570553,
6032602,
6578232,
1374689,
1504784,
1662075,
1856087,
2101379,
2.533492e+07,
1.968778e+07,
5783340,
3101204,
3469692,
3937555,
4551261,
5391593,
858852.6,
985757.6,
1156668,
1399274,
1770663,
1.919774e+07,
1.023813e+07,
9106789,
1595589,
1793564,
2047625,
2385542,
2857034,
1332606,
1539113,
1821358,
2230367,
2876270,
3.754228e+07,
1.39142e+07,
2.389646e+07,
2166872,
2436530,
2782841,
3243907,
3888094,
3487207,
4032271,
4779292,
5866037,
7592459,
3.167451e+07,
6495942,
2.533603e+07,
1120141,
1203039,
1299188,
1412041,
1546365,
4141674,
4557930,
5067205,
5704603,
6525429,
8520520,
4837741,
3747252,
823186.4,
889548.3,
967548.1,
1060541,
1173311,
605481.1,
669817,
749450.4,
850573.8,
983242.6,
1.476257e+08,
1.129053e+08,
3.554418e+07,
2.187e+07,
2.221984e+07,
2.258105e+07,
2.29542e+07,
2.333989e+07,
6665927,
6880261,
7108836,
7353119,
7614790,
3.969904e+07,
2.534823e+07,
1.463397e+07,
4681364,
4867774,
5069646,
5288985,
5528162,
2596561,
2751805,
2926794,
3125549,
3353265,
1.193252e+07,
7604467,
4413281,
1299061,
1401252,
1520894,
1662873,
1834090,
716750,
791098.3,
882656.1,
998180.5,
1148499,
2.10463e+07,
1.463073e+07,
6553628,
2723982,
2821447,
2926146,
3038915,
3160724,
1174119,
1238667,
1310726,
1391686,
1483306,
8385068,
4147510,
4302041,
654349.6,
731588.3,
829501.9,
957674.1,
1132695,
637933.6,
732654.3,
860408.1,
1042125,
1321149,
4.973221e+07,
3.754857e+07,
1.246892e+07,
6905121,
7194738,
7509714,
7853531,
8230341,
2203707,
2339789,
2493785,
2669479,
2871806,
2.113293e+07,
1.367918e+07,
7602887,
2097656,
2374616,
2735835,
3226667,
3932121,
1094111,
1272565,
1520577,
1888661,
2491864,
1.414553e+08,
4.151867e+07,
1.008335e+08,
6605625,
7357976,
8303735,
9528479,
1.117701e+07,
1.505962e+07,
1.724295e+07,
2.01667e+07,
2.428441e+07,
3.051511e+07,
1.696637e+07,
1.236058e+07,
4709768,
2199318,
2327751,
2472115,
2635570,
2822170,
801622.1,
866140.4,
941953.6,
1032312,
1141844,
3.093068e+08,
9.527569e+07,
2.160478e+08,
1.728509e+07,
1.812701e+07,
1.905514e+07,
2.008344e+07,
2.122906e+07,
3.746318e+07,
4.013171e+07,
4.320955e+07,
4.679872e+07,
5.103816e+07,
4.447651e+07,
1.62964e+07,
2.849652e+07,
2629125,
2910484,
3259279,
3703057,
4286732,
4326809,
4919115,
5699305,
6773626,
8347050,
4.133172e+07,
1.421005e+07,
2.740721e+07,
2472021,
2644135,
2842010,
3071897,
3342248,
4531293,
4961285,
5481442,
6123442,
6935777,
4.14332e+07,
2.793627e+07,
1.377845e+07,
5267144,
5422479,
5587255,
5762358,
5948793,
2503851,
2623741,
2755690,
2901614,
3063855,
6108619,
5103873,
1030846,
910165.2,
962301.8,
1020775,
1086813,
1161987,
176061.2,
189929.4,
206169.2,
225445.7,
248698.8,
4.233958e+07,
1.141738e+07,
3.117697e+07,
1795939,
2010575,
2283476,
2642096,
3134345,
4595761,
5291473,
6235394,
7589196,
9693890,
1.749716e+07,
4921893,
1.268338e+07,
844003.4,
908802.3,
984378.6,
1073665,
1180764,
2061722,
2274671,
2536677,
2866897,
3295959,
1.250469e+09,
6.287828e+08,
6.294922e+08,
1.127357e+08,
1.187229e+08,
1.257566e+08,
1.342326e+08,
1.448128e+08,
1.039948e+08,
1.137186e+08,
1.258984e+08,
1.418051e+08,
1.639261e+08,
1991, 
1.031627e+07,
8256390,
2111076,
1578025,
1613821,
1651278,
1690516,
1731663,
389989.2,
405462.8,
422215.1,
440411.3,
460246.6,
9.565026e+07,
7.55971e+07,
2.054522e+07,
1.454164e+07,
1.48249e+07,
1.511942e+07,
1.542587e+07,
1.574501e+07,
3823070,
3960902,
4109044,
4268698,
4441260,
1.730172e+07,
1.306534e+07,
4335599,
2181714,
2377987,
2613067,
2899724,
3257024,
687125.8,
766700.4,
867119.8,
997808.8,
1174883,
1.076652e+07,
6123146,
4724800,
965587.3,
1079790,
1224629,
1414345,
1673617,
700846.4,
804799.2,
944960,
1144236,
1450020,
3.698039e+07,
2.888352e+07,
8293152,
5021451,
5372666,
5776705,
6246456,
6799368,
1375663,
1503952,
1658630,
1848772,
2088154,
2.602379e+07,
2.032195e+07,
5840042,
3208503,
3586085,
4064389,
4689920,
5543020,
869547.8,
996918.9,
1168008,
1409988,
1778431,
1.980117e+07,
1.061862e+07,
9334235,
1659369,
1863048,
2123725,
2469216,
2948957,
1370073,
1580340,
1866847,
2280243,
2928797,
3.857684e+07,
1.44936e+07,
2.436059e+07,
2256524,
2537622,
2898719,
3379633,
4051859,
3554128,
4110047,
4872118,
5981118,
7743767,
3.257262e+07,
6805374,
2.593142e+07,
1173386,
1260281,
1361075,
1479393,
1620241,
4238693,
4664853,
5186285,
5838957,
6679550,
8843130,
5063460,
3846411,
864153.6,
932545,
1012692,
1107911,
1222894,
623618.8,
688834.1,
769282.1,
871005.8,
1003731,
1.49424e+08,
1.14451e+08,
3.580403e+07,
2.22013e+07,
2.254049e+07,
2.289021e+07,
2.325095e+07,
2.362324e+07,
6725767,
6936472,
7160806,
7400136,
7656016,
4.179397e+07,
2.672729e+07,
1.536442e+07,
4989720,
5161467,
5345458,
5543053,
5755815,
2760052,
2908079,
3072885,
3257492,
3465698,
1.214138e+07,
7805354,
4422169,
1332666,
1437854,
1561071,
1707385,
1883962,
717799.4,
792451.6,
884433.9,
1000574,
1151826,
2.219362e+07,
1.544574e+07,
6893257,
2906361,
2994968,
3089148,
3189443,
3296469,
1250002,
1311179,
1378651,
1453445,
1536820,
8611256,
4228634,
4448823,
669214.1,
747187.3,
845726.8,
974205.6,
1148713,
661962.7,
759142.4,
889764.6,
1074680,
1356620,
5.377088e+07,
4.058172e+07,
1.349786e+07,
7583893,
7841089,
8116344,
8411626,
8729205,
2429620,
2557493,
2699573,
2858369,
3037013,
2.185793e+07,
1.423428e+07,
7777122,
2184038,
2471784,
2846856,
3356117,
4087271,
1119957,
1302251,
1555424,
1930795,
2544975,
1.451011e+08,
4.291955e+07,
1.031058e+08,
6837435,
7611778,
8583910,
9840710,
1.152866e+07,
1.542207e+07,
1.764664e+07,
2.062115e+07,
2.480173e+07,
3.110841e+07,
1.717349e+07,
1.260742e+07,
4669959,
2243543,
2374408,
2521485,
2687986,
2878031,
795006.5,
858912.9,
933991.8,
1023453,
1131868,
3.268077e+08,
1.038044e+08,
2.251706e+08,
1.900003e+07,
1.984147e+07,
2.076089e+07,
2.176965e+07,
2.288146e+07,
3.944708e+07,
4.205586e+07,
4.503412e+07,
4.846637e+07,
5.246494e+07,
4.582995e+07,
1.693566e+07,
2.922151e+07,
2739568,
3029128,
3387133,
3841103,
4435596,
4450418,
5052995,
5844302,
6929466,
8509501,
4.207101e+07,
1.489586e+07,
2.746988e+07,
2590027,
2771004,
2979172,
3221157,
3505928,
4539492,
4971334,
5493977,
6139421,
6956712,
4.23735e+07,
2.869345e+07,
1.396664e+07,
5430238,
5580205,
5738691,
5906443,
6084298,
2549012,
2665584,
2793328,
2933933,
3089443,
6227763,
5210682,
1043540,
930158.6,
982968.6,
1042136,
1108883,
1184765,
178436.2,
192388.6,
208708,
228052.5,
251349.4,
4.344612e+07,
1.184537e+07,
3.186401e+07,
1863820,
2086292,
2369074,
2740533,
3250139,
4698783,
5409237,
6372803,
7754060,
9899759,
1.79723e+07,
5167948,
1.291691e+07,
886024.6,
954135.3,
1033590,
1127479,
1240130,
2099344,
2316346,
2583382,
2920010,
3357511,
1.293629e+09,
6.547829e+08,
6.46959e+08,
1.178384e+08,
1.23875e+08,
1.309566e+08,
1.394797e+08,
1.501073e+08,
1.074776e+08,
1.172192e+08,
1.293918e+08,
1.452532e+08,
1.672673e+08,
1992, 
1.043848e+07,
8374655,
2115248,
1600508,
1636874,
1674931,
1714800,
1756613,
390731.4,
406248.7,
423049.5,
441299.8,
461195.8,
9.702484e+07,
7.702399e+07,
2.049385e+07,
1.481416e+07,
1.510371e+07,
1.54048e+07,
1.571814e+07,
1.604448e+07,
3813025,
3950737,
4098770,
4258327,
4430810,
1.790844e+07,
1.358721e+07,
4422917,
2278303,
2478572,
2717442,
3007264,
3366288,
704267.5,
784193.6,
884583.3,
1014450,
1189009,
1.104364e+07,
6344056,
4782844,
1002511,
1120050,
1268811,
1463140,
1727761,
711160.3,
815808.4,
956568.8,
1156032,
1460593,
3.791708e+07,
2.986759e+07,
8246332,
5202227,
5561258,
5973518,
6451795,
7013326,
1370861,
1497232,
1649266,
1835667,
2069571,
2.674115e+07,
2.098355e+07,
5897837,
3321552,
3708195,
4196711,
4833469,
5698018,
880730.9,
1008477,
1179567,
1420571,
1785343,
2.044717e+07,
1.102558e+07,
9578094,
1728700,
1938059,
2205116,
2557534,
3044025,
1411154,
1625138,
1915619,
2332543,
2981436,
3.96577e+07,
1.510075e+07,
2.484362e+07,
2350473,
2643560,
3020150,
3521859,
4223464,
3623815,
4191016,
4968723,
6100825,
7901043,
3.345835e+07,
7118903,
2.651037e+07,
1227334,
1318279,
1423781,
1547638,
1695098,
4333036,
4768825,
5302075,
5969594,
6829399,
9140206,
5277458,
3931537,
903554.9,
973631.4,
1055492,
1152381,
1268855,
639754,
705500.3,
786307.5,
888020.4,
1019957,
1.511515e+08,
1.159465e+08,
3.604285e+07,
2.252019e+07,
2.284984e+07,
2.31893e+07,
2.353898e+07,
2.389938e+07,
6780609,
6988043,
7208570,
7443468,
7694191,
4.397559e+07,
2.816602e+07,
1.612249e+07,
5315641,
5469818,
5633205,
5806654,
5991124,
2932379,
3071508,
3224498,
3393528,
3581258,
1.231992e+07,
7988766,
4417967,
1362442,
1470745,
1597753,
1748771,
1931316,
716242.6,
791165.1,
883593.3,
1000474,
1152991,
2.354542e+07,
1.640501e+07,
7294414,
3122003,
3199528,
3281003,
3366735,
3457067,
1339980,
1396906,
1458883,
1526614,
1600942,
8847271,
4312889,
4602370,
685284.1,
763777.2,
862577.8,
990737.4,
1163626,
687861.8,
787346.6,
920473.8,
1107781,
1390795,
5.815e+07,
4.386928e+07,
1.461483e+07,
8326840,
8544505,
8773856,
9015860,
9271591,
2677784,
2795008,
2922967,
3063203,
3217574,
2.262942e+07,
1.48254e+07,
7962089,
2276623,
2575639,
2965079,
3493265,
4250416,
1147707,
1333975,
1592418,
1975065,
2599771,
1.488848e+08,
4.437787e+07,
1.054595e+08,
7080289,
7876933,
8875575,
1.01642e+07,
1.189056e+07,
1.580102e+07,
1.806707e+07,
2.109191e+07,
2.533327e+07,
3.170975e+07,
1.733665e+07,
1.282384e+07,
4616280,
2282130,
2415208,
2564768,
2734074,
2927311,
785935.4,
849079.4,
923256.1,
1011634,
1118722,
3.442852e+08,
1.1265e+08,
2.33955e+08,
2.079876e+07,
2.162979e+07,
2.252999e+07,
2.350838e+07,
2.45756e+07,
4.139945e+07,
4.393042e+07,
4.6791e+07,
5.005006e+07,
5.379712e+07,
4.730761e+07,
1.762952e+07,
3.001706e+07,
2861098,
3158902,
3525904,
3989393,
4593178,
4588527,
5201469,
6003412,
7097712,
8679875,
4.281373e+07,
1.559642e+07,
2.752112e+07,
2710480,
2900548,
3119284,
3373702,
3673307,
4545794,
4979309,
5504224,
6152855,
6974778,
4.327547e+07,
2.94299e+07,
1.413691e+07,
5588883,
5733586,
5885980,
6046697,
6216438,
2590355,
2703683,
2827381,
2962941,
3112154,
6342250,
5313862,
1055177,
949992.1,
1003223,
1062772,
1129838,
1205938,
180732.2,
194711.9,
211035.5,
230346.5,
253547.7,
4.466009e+07,
1.230942e+07,
3.262314e+07,
1937567,
2168482,
2461885,
2847107,
3375247,
4812933,
5539568,
6524629,
7935791,
1.012583e+07,
1.844804e+07,
5419858,
1.314522e+07,
929044.9,
1000546,
1083972,
1182574,
1300910,
2136136,
2357097,
2629043,
2971925,
3417658,
1.33775e+09,
6.817683e+08,
6.644091e+08,
1.231766e+08,
1.292433e+08,
1.363536e+08,
1.44905e+08,
1.555609e+08,
1.11002e+08,
1.207395e+08,
1.328818e+08,
1.48674e+08,
1.705553e+08,
1993, 
1.05565e+07,
8490019,
2118104,
1622433,
1659358,
1698004,
1738492,
1780959,
391230.5,
406781.9,
423620.9,
441914.2,
461858.7,
9.839534e+07,
7.845681e+07,
2.043223e+07,
1.508776e+07,
1.538364e+07,
1.569136e+07,
1.601165e+07,
1.634528e+07,
3801078,
3938600,
4086447,
4245826,
4418142,
1.857874e+07,
1.416178e+07,
4521404,
2386138,
2590170,
2832355,
3124502,
3483848,
723891.8,
804093.4,
904280.7,
1032987,
1204412,
1.132684e+07,
6571522,
4840416,
1040755,
1161643,
1314304,
1513162,
1782923,
721551.8,
826832,
968083.1,
1167539,
1470510,
3.875528e+07,
3.078519e+07,
8166664,
5368188,
5735617,
6157039,
6645300,
7217671,
1359453,
1483861,
1633333,
1816291,
2045408,
2.749667e+07,
2.168054e+07,
5958502,
3441923,
3837616,
4336107,
4983436,
5857958,
892732.9,
1020776,
1191700,
1431378,
1791735,
2.114769e+07,
1.146586e+07,
9843562,
1804944,
2019976,
2293172,
2651824,
3143460,
1456830,
1674526,
1968713,
2388297,
3035173,
4.076191e+07,
1.572749e+07,
2.53306e+07,
2447448,
2752911,
3145497,
3668679,
4400623,
3694087,
4272659,
5066120,
6221491,
8059536,
3.438522e+07,
7447960,
2.711524e+07,
1283954,
1379150,
1489592,
1619262,
1773661,
4431624,
4877465,
5423048,
6106058,
6985905,
9433705,
5492143,
4012348,
943543.9,
1015112,
1098429,
1196645,
1314149,
655472.4,
721560.5,
802469.4,
903814.8,
1034458,
1.527154e+08,
1.173201e+08,
3.623893e+07,
2.281226e+07,
2.313355e+07,
2.346402e+07,
2.380407e+07,
2.415411e+07,
6826210,
7030684,
7247787,
7478725,
7724862,
4.614926e+07,
2.960396e+07,
1.687331e+07,
5643652,
5778901,
5920792,
6069826,
6226557,
3104608,
3234007,
3374662,
3528107,
3696172,
1.265707e+07,
8277746,
4467872,
1415018,
1525863,
1655549,
1809328,
1994600,
726278.8,
801287.5,
893574.4,
1009886,
1161009,
2.494108e+07,
1.7397e+07,
7706986,
3347102,
3411970,
3479401,
3549551,
3622588,
1433572,
1485530,
1541397,
1601630,
1666762,
9080823,
4394220,
4756349,
701689.1,
780338.3,
878843.9,
1005812,
1175662,
714827.3,
816271.3,
951269.8,
1139770,
1421437,
6.234366e+07,
4.701436e+07,
1.568779e+07,
9042946,
9219398,
9402873,
9593799,
9792639,
2918278,
3023948,
3137559,
3260040,
3392471,
2.328379e+07,
1.534524e+07,
8100325,
2359174,
2667694,
3069047,
3612554,
4389991,
1169192,
1358187,
1620065,
2007053,
2636945,
1.528152e+08,
4.589719e+07,
1.079001e+08,
7334939,
8154181,
9179438,
1.049959e+07,
1.226325e+07,
1.619757e+07,
1.850535e+07,
2.158001e+07,
2.587996e+07,
3.231989e+07,
1.758355e+07,
1.310427e+07,
4582766,
2334657,
2469492,
2620855,
2791985,
2987024,
781260.4,
843516.3,
916553.1,
1003437,
1108518,
3.594499e+08,
1.210389e+08,
2.408688e+08,
2.249859e+07,
2.332192e+07,
2.420779e+07,
2.516361e+07,
2.619802e+07,
4.29571e+07,
4.541612e+07,
4.817376e+07,
5.128794e+07,
5.483258e+07,
4.893575e+07,
1.838898e+07,
3.089862e+07,
2996136,
3302154,
3677796,
4149871,
4760983,
4744487,
5367824,
6179725,
7280999,
8859901,
4.385434e+07,
1.642203e+07,
2.774717e+07,
2857701,
3056231,
3284405,
3549399,
3860906,
4590400,
5024564,
5549435,
6196754,
7015029,
4.410636e+07,
3.012289e+07,
1.427899e+07,
5738064,
5877831,
6024579,
6178841,
6341210,
2625645,
2735890,
2855799,
2986700,
3130178,
6464469,
5423794,
1067824,
971629.1,
1025082,
1084759,
1151813,
1227704,
183323.3,
197291.9,
213564.8,
232763.4,
255754.8,
4.600451e+07,
1.281691e+07,
3.347017e+07,
2018370,
2258460,
2563381,
2963490,
3511602,
4940606,
5685193,
6694035,
8138158,
1.037676e+07,
1.894144e+07,
5682732,
1.338036e+07,
973939.9,
1048979,
1136547,
1240066,
1364332,
2174055,
2399083,
2676071,
3025369,
3479540,
1.380164e+09,
7.085297e+08,
6.803654e+08,
1.28473e+08,
1.345672e+08,
1.417059e+08,
1.502865e+08,
1.609717e+08,
1.142154e+08,
1.239519e+08,
1.360731e+08,
1.518129e+08,
1.735849e+08,
1994, 
1.067177e+07,
8603602,
2119957,
1644014,
1681493,
1720720,
1761822,
1804936,
391544.2,
407122.3,
423991.5,
442319,
462302.6,
9.972379e+07,
7.986505e+07,
2.035267e+07,
1.535655e+07,
1.565871e+07,
1.597301e+07,
1.630018e+07,
1.664103e+07,
3785796,
3923005,
4070535,
4229594,
4401589,
1.932482e+07,
1.479904e+07,
4633303,
2507471,
2714927,
2959807,
3253242,
3611263,
746504.1,
826883.3,
926660.6,
1053822,
1221434,
1.161424e+07,
6804547,
4896631,
1080151,
1204385,
1360910,
1564197,
1838882,
731868.1,
837704.6,
979326.3,
1178575,
1479610,
3.944677e+07,
3.159573e+07,
8046347,
5510166,
5886994,
6319145,
6819770,
7406543,
1339682,
1462153,
1609269,
1789302,
2014691,
2.830254e+07,
2.242297e+07,
6024204,
3571711,
3976432,
4484594,
5141665,
6024335,
905988.4,
1034259,
1204841,
1442805,
1797903,
2.189673e+07,
1.193665e+07,
1.012738e+07,
1887730,
2108338,
2387331,
2751422,
3246552,
1506636,
1727949,
2025476,
2446773,
3089357,
4.198355e+07,
1.641089e+07,
2.58792e+07,
2553220,
2872169,
3282179,
3828742,
4593707,
3773362,
4364706,
5175841,
6357272,
8237571,
3.515906e+07,
7750206,
2.759316e+07,
1335949,
1435054,
1550041,
1685061,
1845847,
4509475,
4963277,
5518633,
6213929,
7109681,
9739137,
5716560,
4095422,
985735,
1058692,
1143312,
1242634,
1360854,
671877.4,
738213.9,
819084.4,
919853.3,
1048895,
1.540698e+08,
1.18536e+08,
3.638198e+07,
2.306987e+07,
2.33842e+07,
2.37072e+07,
2.403926e+07,
2.438075e+07,
6860421,
7062289,
7276397,
7503894,
7746074,
4.828106e+07,
3.101928e+07,
1.760452e+07,
5966394,
6082808,
6203856,
6329819,
6461003,
3272433,
3392124,
3520904,
3659848,
3810208,
1.299904e+07,
8573491,
4515801,
1468816,
1582261,
1714698,
1871331,
2059455,
735941.9,
811021.4,
903160.1,
1018918,
1168711,
2.622061e+07,
1.831007e+07,
8081548,
3557750,
3609130,
3662014,
3716472,
3772573,
1520379,
1566877,
1616310,
1668963,
1725161,
9326641,
4479724,
4918507,
719697.3,
798207.8,
895944.8,
1020956,
1186511,
744224.4,
847368.1,
983701.3,
1172315,
1450417,
6.593654e+07,
4.970405e+07,
1.661196e+07,
9660145,
9798467,
9940809,
1.008735e+07,
1.023827e+07,
3127173,
3221828,
3322391,
3429435,
3543606,
2.393695e+07,
1.586925e+07,
8233099,
2443555,
2761232,
3173851,
3731454,
4526741,
1190484,
1381885,
1646620,
2036826,
2669405,
1.569245e+08,
4.748824e+07,
1.104491e+08,
7603693,
8445794,
9497648,
1.084877e+07,
1.264807e+07,
1.661631e+07,
1.896606e+07,
2.208982e+07,
2.644546e+07,
3.294065e+07,
1.7967e+07,
1.348976e+07,
4581476,
2410414,
2546091,
2697952,
2869077,
3063381,
783683.6,
844817.1,
916295.1,
1000986,
1102928,
3.708325e+08,
1.28395e+08,
2.450081e+08,
2.396653e+07,
2.479324e+07,
2.567901e+07,
2.663042e+07,
2.765503e+07,
4.391028e+07,
4.631645e+07,
4.900161e+07,
5.201727e+07,
5.542845e+07,
5.069618e+07,
1.920854e+07,
3.185337e+07,
3144327,
3458209,
3841709,
4320874,
4936602,
4917108,
5550301,
6370674,
7475622,
9044292,
4.713481e+07,
1.812857e+07,
2.934829e+07,
3198360,
3398656,
3625715,
3885284,
4184885,
4932398,
5360366,
5869657,
6485885,
7246679,
4.483396e+07,
3.074971e+07,
1.438319e+07,
5872218,
6007872,
6149942,
6298893,
6455239,
2652484,
2760017,
2876638,
3003549,
3142174,
6601296,
5546281,
1082578,
995958.8,
1049559,
1109256,
1176154,
1251639,
186363.1,
200311,
216515.5,
235572.6,
258308.2,
4.737564e+07,
1.333976e+07,
3.432879e+07,
2101862,
2351314,
2667951,
3083139,
3651365,
5070655,
5833225,
6865758,
8342446,
1.062841e+07,
1.947719e+07,
5964442,
1.363931e+07,
1022060,
1100886,
1192888,
1301670,
1432282,
2215865,
2445351,
2727863,
3084177,
3547562,
1.420476e+09,
7.347075e+08,
6.947898e+08,
1.336344e+08,
1.397651e+08,
1.469415e+08,
1.555596e+08,
1.662777e+08,
1.170989e+08,
1.268456e+08,
1.38958e+08,
1.546554e+08,
1.763161e+08,
1995, 
1.080556e+07,
8732592,
2125008,
1669134,
1706950,
1746518,
1787965,
1831427,
392609,
408163.6,
425001.5,
443288.5,
463219.9,
1.010116e+08,
8.124942e+07,
2.025593e+07,
1.562068e+07,
1.592907e+07,
1.624988e+07,
1.658388e+07,
1.69319e+07,
3767322,
3904101,
4051187,
4209789,
4381316,
1.988411e+07,
1.529779e+07,
4695800,
2598739,
2810384,
3059557,
3357214,
3719029,
758820.4,
839413.4,
939159.9,
1065809,
1231940,
1.190634e+07,
7043478,
4951627,
1120722,
1248316,
1408696,
1616360,
1895837,
742095.9,
848426.9,
990325.4,
1189222,
1488088,
3.99793e+07,
3.228633e+07,
7885956,
5625369,
6012679,
6457266,
6972849,
7577910,
1311680,
1432234,
1577191,
1754795,
1977473,
2.915778e+07,
2.321062e+07,
6094162,
3711066,
4124707,
4642124,
5307976,
6196828,
920391.9,
1048795,
1218832,
1454674,
1803684,
2.268574e+07,
1.24337e+07,
1.042519e+07,
1976258,
2202304,
2486740,
2855543,
3352790,
1559764,
1784550,
2085037,
2507207,
3143737,
4.322893e+07,
1.711563e+07,
2.64304e+07,
2662289,
2995146,
3423127,
3993809,
4792841,
3853025,
4457198,
5286081,
6493678,
8416388,
3.602262e+07,
8078307,
2.813551e+07,
1392396,
1495743,
1615661,
1756484,
1924199,
4597863,
5060681,
5627103,
6336299,
7250036,
1.00505e+07,
5947320,
4178100,
1029412,
1103665,
1189464,
1289727,
1408449,
688411.8,
754906.3,
835619.9,
935659.4,
1062910,
1.552294e+08,
1.196049e+08,
3.647622e+07,
2.329486e+07,
2.360377e+07,
2.392098e+07,
2.424682e+07,
2.458168e+07,
6883984,
7083650,
7295244,
7519868,
7758765,
5.023148e+07,
3.232209e+07,
1.826555e+07,
6263684,
6362468,
6464418,
6569689,
6678445,
3424625,
3535179,
3653109,
3779180,
3914262,
1.334305e+07,
8874231,
4560738,
1523717,
1639722,
1774846,
1934241,
2125089,
745169.6,
820246.9,
912147.5,
1027240,
1175570,
2.730386e+07,
1.908793e+07,
8393745,
3739519,
3778149,
3817586,
3857855,
3898982,
1594101,
1635330,
1678749,
1724536,
1772891,
9602519,
4577749,
5098423,
740611.4,
818841.2,
915549.6,
1038160,
1198690,
777511.9,
882281.8,
1019685,
1207779,
1480962,
6.861594e+07,
5.170326e+07,
1.730788e+07,
1.012273e+07,
1.023053e+07,
1.034065e+07,
1.045317e+07,
1.056817e+07,
3285710,
3371351,
3461577,
3556764,
3657334,
2.467779e+07,
1.645669e+07,
8390649,
2539150,
2866725,
3291339,
3863610,
4676769,
1216065,
1410213,
1678130,
2071723,
2706517,
1.612057e+08,
4.915009e+07,
1.131005e+08,
7886443,
8751622,
9830019,
1.121153e+07,
1.304486e+07,
1.705624e+07,
1.944806e+07,
2.262011e+07,
2.702856e+07,
3.35713e+07,
1.849175e+07,
1.398615e+07,
4611297,
2511311,
2646571,
2797230,
2966077,
3156618,
793186.3,
852867,
922259.4,
1003944,
1101505,
3.775876e+08,
1.343087e+08,
2.459298e+08,
2.510889e+07,
2.595575e+07,
2.686173e+07,
2.783325e+07,
2.887767e+07,
4.415643e+07,
4.653569e+07,
4.918595e+07,
5.215632e+07,
5.55085e+07,
5.260798e+07,
2.009672e+07,
3.289201e+07,
3307584,
3628893,
4019344,
4503946,
5121423,
5108759,
5751178,
6578404,
7683577,
9235071,
4.7933e+07,
1.891995e+07,
2.936428e+07,
3336386,
3546119,
3783990,
4056068,
4370303,
4932841,
5361962,
5872857,
6491364,
7255482,
4.547382e+07,
3.132016e+07,
1.445537e+07,
5993807,
6125941,
6264032,
6408493,
6559773,
2672305,
2777388,
2891074,
3014464,
3148856,
6759886,
5687391,
1100553,
1024159,
1077848,
1137478,
1204093,
1278995,
190059.7,
203984.3,
220110.5,
239005.4,
261448.9,
4.870899e+07,
1.385986e+07,
3.515224e+07,
2185216,
2443869,
2771972,
3201837,
3789495,
5196222,
5975751,
7030448,
8537237,
1.08661e+07,
2.001717e+07,
6253846,
1.389487e+07,
1071494,
1154212,
1250769,
1364957,
1502089,
2257138,
2491020,
2778974,
3142203,
3614661,
1.452522e+09,
7.576049e+08,
7.041718e+08,
1.380556e+08,
1.4426e+08,
1.51521e+08,
1.602356e+08,
1.710602e+08,
1.188823e+08,
1.286746e+08,
1.408344e+08,
1.565742e+08,
1.78248e+08,
1996, 
1.108834e+07,
8996847,
2144211,
1724488,
1761133,
1799369,
1839303,
1881049,
397440.2,
412544.5,
428842.2,
446480.5,
465632.1,
1.023546e+08,
8.266654e+07,
2.018203e+07,
1.589345e+07,
1.620707e+07,
1.653331e+07,
1.687295e+07,
1.722684e+07,
3753746,
3889948,
4036407,
4194326,
4365105,
2.049695e+07,
1.581966e+07,
4789306,
2696460,
2911551,
3163932,
3464220,
3827485,
776887.4,
857934.5,
957861.3,
1084134,
1248756,
1.219893e+07,
7277172,
5012369,
1160652,
1291435,
1455434,
1667145,
1950933,
753236.3,
860164.4,
1002474,
1201207,
1498217,
4.155854e+07,
3.382758e+07,
7926464,
5927954,
6319103,
6765517,
7279800,
7878703,
1327088,
1444744,
1585293,
1756134,
1968243,
3.005969e+07,
2.402644e+07,
6183009,
3857506,
4279550,
4805289,
5478292,
6370513,
938187.7,
1066921,
1236602,
1470460,
1813399,
2.350151e+07,
1.293916e+07,
1.074157e+07,
2067330,
2298482,
2587832,
2960524,
3458627,
1616549,
1844877,
2148313,
2571213,
3201420,
4.435396e+07,
1.780843e+07,
2.687249e+07,
2769375,
3115953,
3561686,
4156228,
4989033,
3916658,
4531205,
5374497,
6603449,
8561052,
3.725019e+07,
8466066,
2.898374e+07,
1459172,
1567504,
1693213,
1840843,
2016674,
4736393,
5213198,
5796747,
6527405,
7468822,
1.035889e+07,
6178302,
4257533,
1073399,
1148829,
1235660,
1336692,
1455715,
704506.9,
771063.1,
851506.6,
950690.3,
1076026,
1.560869e+08,
1.204684e+08,
3.647143e+07,
2.347257e+07,
2.377908e+07,
2.409369e+07,
2.441674e+07,
2.474856e+07,
6886337,
7084443,
7294287,
7516940,
7753614,
5.193298e+07,
3.342216e+07,
1.8879e+07,
6516295,
6599293,
6684432,
6771798,
6861476,
3564416,
3667064,
3775800,
3891181,
4013836,
1.370469e+07,
9182614,
4615798,
1580636,
1698999,
1836523,
1998271,
2191263,
756345.3,
831468.2,
923159.5,
1037580,
1184378,
2.815306e+07,
1.970158e+07,
8634588,
3884513,
3912216,
3940317,
3968825,
3997748,
1651950,
1688602,
1726918,
1767012,
1809013,
9910448,
4701218,
5285206,
766408.1,
844472.6,
940243.6,
1060516,
1216071,
812920.9,
919046.3,
1057041,
1243797,
1510706,
7.041435e+07,
5.303867e+07,
1.778156e+07,
1.043414e+07,
1.052022e+07,
1.060773e+07,
1.069672e+07,
1.078721e+07,
3394268,
3473401,
3556312,
3643277,
3734602,
2.546025e+07,
1.70724e+07,
8561824,
2640725,
2978166,
3414480,
4000582,
4829590,
1244382,
1441338,
1712365,
2108924,
2744513,
1.656972e+08,
5.090503e+07,
1.158709e+08,
8187751,
9076232,
1.018101e+07,
1.159201e+07,
1.345704e+07,
1.752205e+07,
1.995561e+07,
2.317418e+07,
2.763062e+07,
3.420909e+07,
1.916309e+07,
1.452763e+07,
4744454,
2625937,
2758666,
2905527,
3068904,
3251748,
822276.5,
881058,
948890.8,
1028040,
1121594,
3.80696e+08,
1.393293e+08,
2.440736e+08,
2.603644e+07,
2.692011e+07,
2.786586e+07,
2.888048e+07,
2.997179e+07,
4.380509e+07,
4.617443e+07,
4.881473e+07,
5.177529e+07,
5.511815e+07,
5.467374e+07,
2.110358e+07,
3.396747e+07,
3493762,
3822987,
4220716,
4710810,
5329672,
5311150,
5961557,
6793494,
7895282,
9423634,
4.873751e+07,
1.987291e+07,
2.922573e+07,
3502265,
3723505,
3974582,
4261967,
4594151,
4906672,
5334951,
5845146,
6463241,
7227515,
4.60294e+07,
3.175296e+07,
1.458125e+07,
6087670,
6216352,
6350593,
6490758,
6637252,
2701203,
2804611,
2916250,
3037146,
3168499,
6930227,
5841456,
1117310,
1054968,
1108742,
1168291,
1234601,
1308890,
193592.8,
207457.8,
223462,
242141.9,
264229.6,
5.004358e+07,
1.440771e+07,
3.594951e+07,
2273340,
2541561,
2881541,
3326524,
3934039,
5318881,
6114461,
7189902,
8724390,
1.109159e+07,
2.050178e+07,
6509980,
1.412774e+07,
1115281,
1201427,
1301996,
1420940,
1563800,
2294851,
2532698,
2825549,
3194978,
3675538,
1.481357e+09,
7.798438e+08,
7.109801e+08,
1.423025e+08,
1.486026e+08,
1.559688e+08,
1.647964e+08,
1.757359e+08,
1.201071e+08,
1.299648e+08,
1.42196e+08,
1.580053e+08,
1.797172e+08,
1997, 
1.136091e+07,
9254564,
2159659,
1778519,
1813994,
1850913,
1889366,
1929451,
401506.3,
416163.7,
431931.8,
448941.8,
467346.5,
1.043399e+08,
8.461287e+07,
2.0224e+07,
1.62856e+07,
1.659798e+07,
1.692258e+07,
1.726012e+07,
1.76114e+07,
3766374,
3900625,
4044800,
4200043,
4367677,
2.114945e+07,
1.63752e+07,
4888961,
2801654,
3019908,
3275039,
3577257,
3940923,
796431.3,
877842.4,
977792.1,
1103427,
1266106,
1.249561e+07,
7516112,
5071947,
1201645,
1335621,
1503222,
1718922,
2006894,
764286.3,
871753.9,
1014389,
1212831,
1507797,
4.308384e+07,
3.534409e+07,
7937059,
6225117,
6620195,
7068818,
7582664,
8177071,
1336547,
1451217,
1587412,
1751817,
1954210,
3.100868e+07,
2.488578e+07,
6275514,
4013317,
4443572,
4977156,
5656374,
6550271,
957008.7,
1085971,
1255103,
1486635,
1822914,
2.433272e+07,
1.345715e+07,
1.106095e+07,
2161035,
2397245,
2691429,
3067917,
3566863,
1674169,
1905938,
2212190,
2635702,
3259767,
4.54877e+07,
1.851679e+07,
2.730777e+07,
2878854,
3239466,
3703358,
4322313,
5189683,
3979309,
4604073,
5461554,
6711538,
8703505,
3.847666e+07,
8860861,
2.982393e+07,
1527162,
1640570,
1772172,
1926730,
2110822,
4873632,
5364284,
5964786,
6716684,
7685485,
1.065531e+07,
6404887,
4329278,
1116708,
1193215,
1280977,
1382674,
1501911,
719284.8,
785793.8,
865855.6,
964082.6,
1087448,
1.567211e+08,
1.211615e+08,
3.64126e+07,
2.36112e+07,
2.391772e+07,
2.42323e+07,
2.455527e+07,
2.488696e+07,
6876479,
7073677,
7282520,
7504069,
7739521,
5.333372e+07,
3.432898e+07,
1.93828e+07,
6725522,
6794935,
6865797,
6938152,
7012048,
3679932,
3775688,
3876560,
3982970,
4095386,
1.408677e+07,
9508235,
4674134,
1641265,
1761888,
1901647,
2065489,
2260225,
768360.4,
843458.5,
934826.9,
1048395,
1193373,
2.875034e+07,
2.013996e+07,
8797130,
3989659,
4008733,
4027991,
4047435,
4067067,
1692182,
1725149,
1759426,
1795093,
1832236,
1.021905e+07,
4823532,
5473813,
792546.1,
870192.9,
964706.3,
1082252,
1232417,
849388.9,
956591.3,
1094763,
1279588,
1539496,
7.149361e+07,
5.383157e+07,
1.807444e+07,
1.062117e+07,
1.069325e+07,
1.076631e+07,
1.084039e+07,
1.091549e+07,
3461787,
3536682,
3614889,
3696633,
3782159,
2.629971e+07,
1.773217e+07,
8746241,
2750713,
3098299,
3546434,
4146125,
4989901,
1275342,
1475168,
1749248,
2148415,
2783619,
1.704096e+08,
5.274892e+07,
1.187748e+08,
8507088,
9418958,
1.054978e+07,
1.198919e+07,
1.388343e+07,
1.8016e+07,
2.049124e+07,
2.375497e+07,
2.825531e+07,
3.485936e+07,
1.994251e+07,
1.515358e+07,
4901798,
2759473,
2888741,
3030716,
3187368,
3361096,
856739.7,
914390.4,
980359.6,
1056588,
1145669,
3.813933e+08,
1.434916e+08,
2.406452e+08,
2.677034e+07,
2.770083e+07,
2.869833e+07,
2.977035e+07,
3.092557e+07,
4.311172e+07,
4.548243e+07,
4.812904e+07,
5.11027e+07,
5.446801e+07,
5.685889e+07,
2.217312e+07,
3.510056e+07,
3693302,
4030156,
4434623,
4929332,
5548276,
5526552,
6184435,
7020112,
8116918,
9619909,
5.01018e+07,
2.107922e+07,
2.939738e+07,
3723023,
3954137,
4215844,
4514648,
4859040,
4948421,
5373920,
5879477,
6490033,
7242092,
4.653717e+07,
3.215392e+07,
1.469083e+07,
6174216,
6299889,
6430785,
6567235,
6709601,
2726417,
2828334,
2938167,
3056874,
3185577,
7100686,
5996141,
1133552,
1086059,
1139841,
1199228,
1265144,
1338726,
197057.3,
210846.3,
226710.3,
245155.8,
266868.5,
5.140882e+07,
1.497323e+07,
3.676004e+07,
2364696,
2642648,
2994646,
3454826,
4082114,
5444512,
6256091,
7352008,
8913426,
1.131691e+07,
2.099749e+07,
6774439,
1.436347e+07,
1160496,
1250181,
1354888,
1478738,
1627507,
2333047,
2574900,
2872695,
3248380,
3737111,
1.508045e+09,
8.012984e+08,
7.164079e+08,
1.463604e+08,
1.527722e+08,
1.602597e+08,
1.692163e+08,
1.802848e+08,
1.210325e+08,
1.309667e+08,
1.432816e+08,
1.591722e+08,
1.809296e+08,
1998, 
1.161138e+07,
9495903,
2169230,
1829106,
1863485,
1899181,
1936271,
1974838,
404356.8,
418582.7,
433846,
450264.6,
467974.8,
1.062184e+08,
8.648491e+07,
2.023275e+07,
1.666016e+07,
1.69726e+07,
1.729698e+07,
1.7634e+07,
1.798442e+07,
3771769,
3904331,
4046550,
4199522,
4364513,
2.182777e+07,
1.695394e+07,
4991305,
2912001,
3133209,
3390788,
3694511,
4057998,
816699.8,
898399.1,
998261.1,
1123100,
1283625,
1.279733e+07,
7760928,
5130690,
1243857,
1381021,
1552186,
1771781,
2063749,
775326.6,
883272.5,
1026138,
1224137,
1516814,
4.460101e+07,
3.687261e+07,
7926991,
6524960,
6923777,
7374522,
7888041,
8478430,
1342036,
1453602,
1585398,
1743477,
1936572,
3.199765e+07,
2.578337e+07,
6369813,
4177451,
4615699,
5156675,
5841294,
6735528,
976483.9,
1105562,
1273963,
1502884,
1832097,
2.51663e+07,
1.398052e+07,
1.137731e+07,
2256033,
2497201,
2796103,
3176288,
3676129,
1731532,
1966579,
2275463,
2699457,
3317644,
4.67205e+07,
1.92781e+07,
2.778988e+07,
2996537,
3372225,
3855620,
4500791,
5405266,
4048797,
4684845,
5557977,
6831117,
8860825,
3.960108e+07,
9239109,
3.057815e+07,
1592304,
1710573,
1847822,
2009016,
2201021,
4996848,
5499921,
6115630,
6886574,
7879926,
1.117088e+07,
6766903,
4486329,
1190212,
1266563,
1353381,
1452977,
1568396,
752850.3,
818738.4,
897265.6,
992454.4,
1110237,
1.571007e+08,
1.21659e+08,
3.629339e+07,
2.370511e+07,
2.401437e+07,
2.433181e+07,
2.465775e+07,
2.499254e+07,
6853014,
7050015,
7258678,
7480069,
7715390,
5.435819e+07,
3.499386e+07,
1.974961e+07,
6881824,
6939806,
6998772,
7058749,
7119763,
3765973,
3855756,
3949923,
4048805,
4152765,
1.43311e+07,
9743845,
4683757,
1682207,
1805704,
1948769,
2116456,
2315717,
770118.6,
845301.3,
936751.4,
1050389,
1195405,
2.913426e+07,
2.042956e+07,
8893689,
4060611,
4073222,
4085911,
4098680,
4111529,
1717373,
1747517,
1778738,
1811094,
1844650,
1.051433e+07,
4938112,
5656721,
817530.4,
894562.9,
987622.3,
1102291,
1247086,
885265.3,
993290.8,
1131344,
1313967,
1566898,
7.20369e+07,
5.422046e+07,
1.823229e+07,
1.071534e+07,
1.077933e+07,
1.084409e+07,
1.090963e+07,
1.097597e+07,
3498556,
3570977,
3646458,
3725200,
3807417,
2.719364e+07,
1.84349e+07,
8942449,
2868725,
3226787,
3686980,
4300270,
5158297,
1308585,
1511356,
1788490,
2190080,
2824239,
1.753736e+08,
5.469282e+07,
1.218322e+08,
8846874,
9782154,
1.093857e+07,
1.240505e+07,
1.432561e+07,
1.854235e+07,
2.105914e+07,
2.436644e+07,
2.890609e+07,
3.552459e+07,
2.074341e+07,
1.579861e+07,
5061623,
2897836,
3023118,
3159722,
3309255,
3473644,
891991.5,
948356.1,
1012324,
1085547,
1170187,
3.812598e+08,
1.473324e+08,
2.366992e+08,
2.743147e+07,
2.841258e+07,
2.946648e+07,
3.060157e+07,
3.182762e+07,
4.230976e+07,
4.468369e+07,
4.733984e+07,
5.033174e+07,
5.372732e+07,
5.908812e+07,
2.327705e+07,
3.624373e+07,
3900455,
4244625,
4655411,
5154226,
5772762,
5745545,
6410200,
7248746,
8339700,
9817214,
5.229666e+07,
2.267785e+07,
3.00132e+07,
4029800,
4267753,
4535571,
4839252,
5186518,
5087776,
5507474,
6002640,
6595640,
7318650,
4.698759e+07,
3.251628e+07,
1.478127e+07,
6252178,
6375246,
6503257,
6636514,
6775346,
2747440,
2848025,
2956255,
3073035,
3199421,
7257637,
6139920,
1147125,
1114908,
1168717,
1227984,
1293583,
1366586,
199989.4,
213698.3,
229424.9,
247650.1,
269020.8,
5.283452e+07,
1.556551e+07,
3.760473e+07,
2460759,
2748756,
3113102,
3588794,
4236079,
5576272,
6404237,
7520946,
9109346,
1.154831e+07,
2.153286e+07,
7056751,
1.462132e+07,
1208778,
1302233,
1411350,
1540426,
1695487,
2374867,
2621085,
2924263,
3306752,
3804355,
1.533756e+09,
8.220932e+08,
7.215087e+08,
1.50257e+08,
1.567953e+08,
1.644187e+08,
1.735175e+08,
1.847263e+08,
1.218916e+08,
1.319039e+08,
1.443018e+08,
1.602681e+08,
1.820561e+08,
1999, 
1.182618e+07,
9709530,
2170659,
1873439,
1907058,
1941906,
1978051,
2015568,
405418.8,
419284.3,
434131.7,
450069.3,
467221.7,
1.077921e+08,
8.811957e+07,
2.017228e+07,
1.698125e+07,
1.729662e+07,
1.762391e+07,
1.796384e+07,
1.831713e+07,
3762146,
3893546,
4034455,
4185947,
4349260,
2.250813e+07,
1.753755e+07,
5090776,
3023541,
3247594,
3507511,
3812651,
4175941,
836515.7,
918440.9,
1018155,
1142158,
1300555,
1.310407e+07,
8011678,
5188522,
1287296,
1427642,
1602336,
1825742,
2121540,
786333.5,
894698.3,
1037704,
1235123,
1525306,
4.613997e+07,
3.843783e+07,
7901612,
6833229,
7235265,
7687567,
8200189,
8786061,
1344767,
1453060,
1580322,
1732016,
1915924,
3.301308e+07,
2.670865e+07,
6462869,
4347778,
4793774,
5341730,
6031122,
6924824,
996010.2,
1125077,
1292574,
1518666,
1840622,
2.598261e+07,
1.449831e+07,
1.168182e+07,
2350007,
2596059,
2899663,
3283682,
3784945,
1786815,
2024967,
2336365,
2760939,
3374094,
4.801764e+07,
2.007946e+07,
2.829676e+07,
3120414,
3511970,
4015892,
4688653,
5632184,
4121901,
4769795,
5659351,
6956773,
9026011,
4.075591e+07,
9631190,
3.134922e+07,
1659835,
1783141,
1926238,
2094306,
2294505,
5122850,
5638608,
6269843,
7060228,
8078629,
1.168339e+07,
7131766,
4637411,
1264817,
1340737,
1426353,
1523650,
1635192,
785581.4,
850654.6,
927482.2,
1019565,
1131948,
1.572881e+08,
1.220082e+08,
3.61291e+07,
2.376509e+07,
2.407916e+07,
2.440165e+07,
2.473289e+07,
2.507325e+07,
6819396,
7016727,
7225819,
7447755,
7683756,
5.505496e+07,
3.544795e+07,
1.999719e+07,
6991065,
7039982,
7089590,
7139901,
7190931,
3825745,
3910664,
3999437,
4092335,
4189652,
1.459252e+07,
9993425,
4696563,
1726252,
1852506,
1998685,
2169910,
2373222,
772743.3,
847924.9,
939312.4,
1052779,
1197424,
2.93158e+07,
2.057764e+07,
8928065,
4099229,
4107363,
4115529,
4123727,
4131957,
1728477,
1756580,
1785613,
1815622,
1846656,
1.081013e+07,
5051521,
5841323,
841978.6,
918493.2,
1010304,
1122508,
1262749,
921134.9,
1030085,
1168265,
1349260,
1596618,
7.210881e+07,
5.425437e+07,
1.827101e+07,
1.072854e+07,
1.078936e+07,
1.085088e+07,
1.09131e+07,
1.097603e+07,
3508420,
3579827,
3654201,
3731732,
3812624,
2.812354e+07,
1.916857e+07,
9143828,
2992518,
3361285,
3833713,
4460657,
5332745,
1342928,
1548636,
1828766,
2232619,
2865394,
1.805578e+08,
5.672861e+07,
1.250195e+08,
9205646,
1.016426e+07,
1.134572e+07,
1.283797e+07,
1.47822e+07,
1.909691e+07,
2.165481e+07,
2.50039e+07,
2.957844e+07,
3.620166e+07,
2.152674e+07,
1.643301e+07,
5214354,
3034381,
3155459,
3286602,
3429117,
3584553,
925917.5,
980920.4,
1042871,
1113174,
1193640,
3.805639e+08,
1.509326e+08,
2.324247e+08,
2.80383e+07,
2.907278e+07,
3.018652e+07,
3.1389e+07,
3.269124e+07,
4.144108e+07,
4.381834e+07,
4.648494e+07,
4.949712e+07,
5.292673e+07,
6.13074e+07,
2.439437e+07,
3.736356e+07,
4111062,
4462180,
4878874,
5381408,
5999356,
5961677,
6632217,
7472712,
8557151,
1.000977e+07,
5.438717e+07,
2.428317e+07,
3.051689e+07,
4337686,
4582515,
4856634,
5165635,
5516628,
5204672,
5618313,
6103378,
6680116,
7377226,
4.73989e+07,
3.28525e+07,
1.485848e+07,
6324498,
6445153,
6570500,
6700819,
6836413,
2765656,
2864977,
2971696,
3086674,
3210907,
7404485,
6275616,
1158627,
1141979,
1195881,
1255123,
1320541,
1393153,
202485.5,
216120.9,
231725.4,
249758.5,
270835.2,
5.432895e+07,
1.61876e+07,
3.848886e+07,
2562103,
2860482,
3237520,
3729043,
4396527,
5715119,
6559911,
7697773,
9313214,
1.178677e+07,
2.208281e+07,
7349150,
1.488376e+07,
1258799,
1356154,
1469830,
1604307,
1765868,
2417469,
2668117,
2976752,
3366130,
3872705,
1.557675e+09,
8.418039e+08,
7.258877e+08,
1.539007e+08,
1.605829e+08,
1.683608e+08,
1.776224e+08,
1.889947e+08,
1.225982e+08,
1.326923e+08,
1.451775e+08,
1.612254e+08,
1.830519e+08,
2000, 
1.203267e+07,
9917627,
2169225,
1916168,
1949265,
1983526,
2019012,
2055791,
405783.2,
419345.2,
433845,
449383.5,
466076.3,
1.096025e+08,
8.99583e+07,
2.01452e+07,
1.735004e+07,
1.766503e+07,
1.799166e+07,
1.83306e+07,
1.868256e+07,
3760756,
3890278,
4029041,
4178068,
4338544,
2.291807e+07,
1.791308e+07,
5126414,
3089709,
3317956,
3582615,
3893156,
4262642,
842829.4,
925146.2,
1025283,
1149728,
1308555,
1.341625e+07,
8268680,
5245538,
1332081,
1475583,
1653736,
1880814,
2180178,
797360,
906072.2,
1049108,
1245769,
1533170,
4.734585e+07,
3.974222e+07,
7802081,
7084007,
7491371,
7948446,
8464919,
9053175,
1331914,
1437139,
1560416,
1706828,
1883559,
3.40442e+07,
2.765313e+07,
6552359,
4522635,
4976097,
5530625,
6224245,
7116793,
1015135,
1144050,
1310472,
1533553,
1848166,
2.678399e+07,
1.501173e+07,
1.197566e+07,
2442926,
2693900,
3002346,
3390558,
3894073,
1840016,
2081194,
2395133,
2820609,
3429905,
4.937293e+07,
2.091927e+07,
2.882374e+07,
3250247,
3658427,
4183853,
4885516,
5869948,
4197961,
4858154,
5764749,
7087339,
9197493,
4.196496e+07,
1.004306e+07,
3.215511e+07,
1730784,
1859377,
2008611,
2183891,
2392687,
5254582,
5783583,
6431021,
7241686,
8286207,
1.219096e+07,
7498250,
4781832,
1340325,
1415518,
1499650,
1594414,
1701963,
817355.1,
881413.4,
956366.3,
1045252,
1152352,
1.573223e+08,
1.222389e+08,
3.592942e+07,
2.379705e+07,
2.411802e+07,
2.444777e+07,
2.478666e+07,
2.513508e+07,
6777532,
6975737,
7185884,
7409085,
7646598,
5.565015e+07,
3.583675e+07,
2.020773e+07,
7082615,
7124731,
7167351,
7210484,
7254139,
3875398,
3956729,
4041547,
4130081,
4222581,
1.502349e+07,
1.036238e+07,
4760611,
1796482,
1924635,
2072476,
2244920,
2448666,
786529.7,
861440.3,
952122.2,
1064142,
1206036,
2.932464e+07,
2.060463e+07,
8909715,
4110188,
4115550,
4120926,
4126316,
4131719,
1727634,
1754368,
1781943,
1810399,
1839778,
1.112315e+07,
5171518,
6036683,
866987.4,
943283.5,
1034304,
1144765,
1281642,
958169.1,
1068418,
1207337,
1387779,
1631636,
7.176321e+07,
5.397423e+07,
1.820387e+07,
1.067097e+07,
1.073255e+07,
1.079485e+07,
1.085787e+07,
1.092163e+07,
3494705,
3566244,
3640773,
3718484,
3799584,
2.907966e+07,
1.992689e+07,
9346867,
3120580,
3500355,
3985377,
4626432,
5513248,
1377571,
1586226,
1869374,
2275571,
2907300,
1.860613e+08,
5.888915e+07,
1.284037e+08,
9590196,
1.057203e+07,
1.177783e+07,
1.32941e+07,
1.525846e+07,
1.969303e+07,
2.22918e+07,
2.568074e+07,
3.028482e+07,
3.690036e+07,
2.226677e+07,
1.7037e+07,
5353901,
3164496,
3281459,
3407400,
3543394,
3690694,
957103.5,
1010756,
1070780,
1138384,
1215100,
3.914437e+08,
1.592122e+08,
2.351296e+08,
2.969808e+07,
3.07329e+07,
3.184244e+07,
3.303511e+07,
3.432058e+07,
4.21247e+07,
4.444058e+07,
4.702591e+07,
4.993063e+07,
5.321782e+07,
6.345034e+07,
2.549822e+07,
3.841998e+07,
4319655,
4677355,
5099645,
5605753,
6223386,
6166961,
6842401,
7683996,
8761652,
1.019089e+07,
5.520741e+07,
2.535531e+07,
3.027344e+07,
4526532,
4783350,
5071061,
5395599,
5764516,
5160246,
5571799,
6054687,
6629219,
7324216,
4.7954e+07,
3.328939e+07,
1.497972e+07,
6419786,
6536665,
6657878,
6783672,
6914311,
2793820,
2891354,
2995945,
3108385,
3229596,
7546667,
6407795,
1168948,
1168096,
1222200,
1281559,
1346978,
1419436,
204701.8,
218281,
233789.7,
251670.8,
272513.6,
5.585394e+07,
1.682867e+07,
3.938486e+07,
2667038,
2975926,
3365735,
3873057,
4560461,
5856959,
6718411,
7876971,
9518371,
1.202391e+07,
2.265657e+07,
7654965,
1.515679e+07,
1311133,
1412559,
1530993,
1671104,
1839445,
2461832,
2717071,
3031357,
3427862,
3943702,
1.5914e+09,
8.652133e+08,
7.364429e+08,
1.583688e+08,
1.651561e+08,
1.730427e+08,
1.824133e+08,
1.938872e+08,
1.246806e+08,
1.34798e+08,
1.472886e+08,
1.633048e+08,
1.850156e+08,
2001, 
1.22133e+07,
1.008048e+07,
2187539,
1949158,
1982061,
2016095,
2051318,
2087794,
409578.5,
423082.8,
437507.8,
452951.3,
469524.9,
1.113843e+08,
9.175429e+07,
2.013259e+07,
1.771165e+07,
1.802559e+07,
1.835086e+07,
1.868808e+07,
1.903793e+07,
3762171,
3889859,
4026518,
4173130,
4330822,
2.337129e+07,
1.833427e+07,
5159670,
3165414,
3397733,
3666855,
3982276,
4357068,
849243.6,
931717.8,
1031934,
1156307,
1314769,
1.373443e+07,
8531452,
5302799,
1378226,
1524812,
1706290,
1936803,
2239326,
808614.3,
917607.2,
1060560,
1256273,
1540564,
4.856672e+07,
4.102733e+07,
7737461,
7333036,
7744759,
8205466,
8724451,
9313520,
1325019,
1427640,
1547492,
1689312,
1859748,
3.5112e+07,
2.862783e+07,
6648433,
4704961,
5165331,
5725567,
6422113,
7311611,
1035695,
1164421,
1329687,
1549624,
1856738,
2.763266e+07,
1.555885e+07,
1.22834e+07,
2542622,
2798552,
3111770,
3503934,
4009199,
1896286,
2140411,
2456680,
2882618,
3487234,
5.079822e+07,
2.182384e+07,
2.935657e+07,
3390029,
3816138,
4364767,
5097630,
6126255,
4274786,
4947441,
5871315,
7219462,
9371250,
4.321681e+07,
1.04779e+07,
3.298122e+07,
1805692,
1939866,
2095580,
2278474,
2496346,
5389632,
5932204,
6596245,
7427689,
8498967,
1.231717e+07,
7632713,
4774103,
1364541,
1441003,
1526543,
1622879,
1732193,
816188.6,
880078.6,
954820.6,
1043436,
1150183,
1.57379e+08,
1.226439e+08,
3.557519e+07,
2.386181e+07,
2.41907e+07,
2.452878e+07,
2.487644e+07,
2.52341e+07,
6706273,
6904611,
7115038,
7338694,
7576869,
5.624561e+07,
3.629082e+07,
2.035273e+07,
7185942,
7221871,
7258164,
7294822,
7331852,
3911754,
3989571,
4070546,
4154877,
4242777,
1.548151e+07,
1.075207e+07,
4831111,
1871082,
2001047,
2150414,
2323880,
2527786,
801620.1,
876258.1,
966222.1,
1076773,
1215888,
2.929291e+07,
2.062852e+07,
8853321,
4119841,
4122770,
4125703,
4128640,
4131582,
1719063,
1744482,
1770664,
1797645,
1825460,
1.147816e+07,
5333665,
6232256,
899470.8,
975987.4,
1066733,
1176083,
1310412,
995840.7,
1107141,
1246451,
1425866,
1665615,
7.136986e+07,
5.362125e+07,
1.816211e+07,
1.059915e+07,
1.066133e+07,
1.072425e+07,
1.078792e+07,
1.085234e+07,
3485901,
3557653,
3632421,
3710400,
3791799,
3.009891e+07,
2.072869e+07,
9569943,
3257584,
3648386,
4145738,
4800091,
5699722,
1416054,
1627793,
1913989,
2322288,
2952026,
1.91894e+08,
6.117109e+07,
1.31998e+08,
9999965,
1.100483e+07,
1.223422e+07,
1.377282e+07,
1.575409e+07,
2.033238e+07,
2.297214e+07,
2.63996e+07,
3.102919e+07,
3.762781e+07,
2.298154e+07,
1.763469e+07,
5474136,
3292987,
3405950,
3526939,
3656840,
3796676,
984560.3,
1036770,
1094827,
1159772,
1232908,
4.025898e+08,
1.69375e+08,
2.362264e+08,
3.17168e+07,
3.27604e+07,
3.387501e+07,
3.506813e+07,
3.634837e+07,
4.251496e+07,
4.475548e+07,
4.724528e+07,
5.002843e+07,
5.316e+07,
6.569377e+07,
2.670836e+07,
3.947171e+07,
4549366,
4913786,
5341672,
5851185,
6468146,
6375297,
7053967,
7894343,
8962038,
1.036371e+07,
5.601956e+07,
2.583806e+07,
3.060932e+07,
4612298,
4874189,
5167612,
5498626,
5874948,
5217048,
5633355,
6121864,
6703142,
7406387,
4.851019e+07,
3.374321e+07,
1.508495e+07,
6518248,
6631445,
6748642,
6870056,
6995920,
2818895,
2914580,
3016989,
3126857,
3245029,
7697880,
6548279,
1180020,
1195797,
1250139,
1309656,
1375123,
1447479,
207053.5,
220582.9,
236004,
253743.3,
274366.1,
5.743573e+07,
1.749783e+07,
4.031004e+07,
2777142,
3096780,
3499566,
4022796,
4729990,
6004640,
6882871,
8062008,
9728674,
1.226403e+07,
2.323811e+07,
7981349,
1.541722e+07,
1366969,
1472748,
1596270,
1742409,
1918003,
2504129,
2763755,
3083445,
3486767,
4011477,
1.625753e+09,
8.903457e+08,
7.459123e+08,
1.631698e+08,
1.700682e+08,
1.780692e+08,
1.875538e+08,
1.991327e+08,
1.265627e+08,
1.366955e+08,
1.491824e+08,
1.65156e+08,
1.86736e+08,
2002, 
1.23922e+07,
1.02423e+07,
2205127,
1981900,
2014630,
2048460,
2083444,
2119645,
413220.9,
426670.7,
441025.4,
456379.8,
472841.8,
1.131225e+08,
9.352442e+07,
2.010171e+07,
1.806929e+07,
1.838159e+07,
1.870488e+07,
1.903975e+07,
1.938683e+07,
3760264,
3885956,
4020342,
4164356,
4319071,
2.387132e+07,
1.879485e+07,
5200549,
3249630,
3485792,
3758970,
4078606,
4457653,
857391.4,
939953.3,
1040110,
1164156,
1321798,
1.406156e+07,
8802784,
5360470,
1426212,
1575845,
1760557,
1994320,
2299664,
820129.5,
929336.2,
1072094,
1266671,
1547536,
4.979666e+07,
4.233265e+07,
7661377,
7587058,
8002703,
8466529,
8987429,
9576626,
1316111,
1415991,
1532275,
1669368,
1833402,
3.622145e+07,
2.964302e+07,
6745721,
4896555,
5363383,
5928605,
6626993,
7511892,
1056863,
1185251,
1349144,
1565637,
1864889,
2.853565e+07,
1.614101e+07,
1.26108e+07,
2649473,
2910346,
3228201,
3624000,
4130416,
1956609,
2203678,
2522161,
2948253,
3547579,
5.227445e+07,
2.276677e+07,
2.990232e+07,
3535743,
3980541,
4553354,
5318739,
6393427,
4353512,
5038917,
5980464,
7354733,
9549036,
4.45131e+07,
1.093133e+07,
3.383354e+07,
1883816,
2023804,
2186267,
2377091,
2604411,
5529016,
6085569,
6766709,
7619543,
8718348,
1.24534e+07,
7774493,
4769130,
1390225,
1467958,
1554898,
1652786,
1763825,
815595.3,
879311.3,
953825.9,
1042139,
1148474,
1.575704e+08,
1.231542e+08,
3.525115e+07,
2.394662e+07,
2.428391e+07,
2.463083e+07,
2.498781e+07,
2.535529e+07,
6640688,
6839334,
7050230,
7274546,
7513606,
5.67087e+07,
3.666078e+07,
2.044852e+07,
7271735,
7301820,
7332156,
7362745,
7393590,
3938015,
4012427,
4089704,
4170017,
4253547,
1.594986e+07,
1.115321e+07,
4900491,
1948460,
2080024,
2230643,
2404777,
2608401,
816754.4,
891001.9,
980098.2,
1088993,
1225110,
2.924124e+07,
2.06382e+07,
8791061,
4126107,
4126873,
4127640,
4128407,
4129174,
1709055,
1733285,
1758212,
1783866,
1810281,
1.18588e+07,
5507531,
6441928,
934499.4,
1011153,
1101506,
1209591,
1341195,
1036502,
1148799,
1288386,
1466586,
1701993,
7.097616e+07,
5.326862e+07,
1.811963e+07,
1.052731e+07,
1.059014e+07,
1.065372e+07,
1.071808e+07,
1.078321e+07,
3476922,
3548902,
3623926,
3702189,
3783908,
3.110312e+07,
2.152694e+07,
9781332,
3396406,
3797257,
4305388,
4970519,
5878710,
1453780,
1668001,
1956267,
2364985,
2989595,
1.980484e+08,
6.358239e+07,
1.35787e+08,
1.043686e+07,
1.146445e+07,
1.271648e+07,
1.42755e+07,
1.627021e+07,
2.101367e+07,
2.369375e+07,
2.71574e+07,
3.180708e+07,
3.837784e+07,
2.365542e+07,
1.820403e+07,
5581549,
3415605,
3524612,
3640806,
3764923,
3897800,
1009384,
1060157,
1116310,
1178743,
1248574,
4.138559e+08,
1.798715e+08,
2.371072e+08,
3.381117e+07,
3.485921e+07,
3.59743e+07,
3.716309e+07,
3.843312e+07,
4.286538e+07,
4.502846e+07,
4.742144e+07,
5.008304e+07,
5.306117e+07,
6.807207e+07,
2.799447e+07,
4.058336e+07,
4795571,
5166191,
5598894,
6110706,
6725506,
6597470,
7278644,
8116673,
9172783,
1.054484e+07,
5.68233e+07,
2.632001e+07,
3.093753e+07,
4697905,
4964869,
5264003,
5601493,
5985222,
5272532,
5693493,
6187505,
6775392,
7486720,
4.905072e+07,
3.418762e+07,
1.518378e+07,
6614829,
6724333,
6837525,
6954593,
7075739,
2842678,
2936514,
3036757,
3144085,
3259278,
7857130,
6696078,
1191831,
1224906,
1279513,
1339216,
1404763,
1477057,
209539.5,
223025.3,
238366.3,
255973.7,
276389.8,
5.912649e+07,
1.821091e+07,
4.130106e+07,
2895049,
3225921,
3642181,
4181784,
4909080,
6163841,
7059685,
8260213,
9952712,
1.251752e+07,
2.383367e+07,
8318851,
1.568068e+07,
1424728,
1534998,
1663770,
1816126,
1999198,
2546964,
2811010,
3136136,
3546307,
4079913,
1.660974e+09,
9.162489e+08,
7.554788e+08,
1.681377e+08,
1.751419e+08,
1.832498e+08,
1.928381e+08,
2.045069e+08,
1.284719e+08,
1.386171e+08,
1.510958e+08,
1.670185e+08,
1.884533e+08,
2003, 
1.255975e+07,
1.039513e+07,
2220300,
2012839,
2045397,
2079027,
2113780,
2149715,
416389.9,
429780.1,
444060.1,
459321.5,
475669.4,
1.148488e+08,
9.529462e+07,
2.005849e+07,
1.842806e+07,
1.873818e+07,
1.905892e+07,
1.939083e+07,
1.973451e+07,
3756157,
3879724,
4011698,
4152967,
4304548,
2.441328e+07,
1.929134e+07,
5247601,
3341717,
3581463,
3858267,
4181443,
4563709,
866997.6,
949567.5,
1049520,
1172991,
1329386,
1.439792e+07,
9082977,
5418532,
1476128,
1628760,
1816596,
2053403,
2361204,
831913.3,
941261.8,
1083706,
1276952,
1554073,
5.102532e+07,
4.364944e+07,
7572178,
7844553,
8263575,
8729887,
9251975,
9840482,
1304889,
1401875,
1514436,
1646650,
1804158,
3.737574e+07,
3.070167e+07,
6844433,
5098079,
5570877,
6140335,
6839470,
7718265,
1078677,
1206577,
1368887,
1581652,
1872729,
2.949218e+07,
1.675818e+07,
1.295711e+07,
2763615,
3029354,
3351636,
3750655,
4257520,
2020952,
2270908,
2591422,
3017278,
3610621,
5.37883e+07,
2.374305e+07,
3.045259e+07,
3686614,
4150759,
4748610,
5547663,
6670036,
4432927,
5131175,
6090518,
7491077,
9728129,
4.585308e+07,
1.140358e+07,
3.47111e+07,
1965197,
2111233,
2280716,
2479784,
2716926,
5672587,
6243512,
6942221,
7817021,
8944078,
1.259883e+07,
7923206,
4766458,
1417323,
1496320,
1584641,
1684044,
1796752,
815500.8,
879029.1,
953291.6,
1041260,
1147113,
1.579176e+08,
1.237871e+08,
3.496097e+07,
2.405474e+07,
2.440102e+07,
2.475741e+07,
2.512437e+07,
2.550238e+07,
6581434,
6780599,
6992194,
7217420,
7457640,
5.709236e+07,
3.69804e+07,
2.051463e+07,
7346615,
7371265,
7396081,
7421066,
7446218,
3957903,
4029110,
4102926,
4179497,
4258980,
1.642932e+07,
1.156648e+07,
4968845,
2028753,
2161701,
2313295,
2487755,
2690676,
831935.9,
905679.9,
993769,
1100840,
1233769,
2.91939e+07,
2.065075e+07,
8730285,
4132434,
4131292,
4130151,
4129010,
4127870,
1699063,
1722239,
1746057,
1770543,
1795725,
1.226682e+07,
5693918,
6666678,
972249.6,
1048948,
1138784,
1245448,
1374160,
1080365,
1193594,
1333336,
1510137,
1740994,
7.059906e+07,
5.292905e+07,
1.808078e+07,
1.045793e+07,
1.052148e+07,
1.058581e+07,
1.065093e+07,
1.071685e+07,
3468589,
3540836,
3616157,
3694752,
3776840,
3.217299e+07,
2.237759e+07,
1.00063e+07,
3546188,
3957021,
4475519,
5150385,
6064919,
1494602,
1711216,
2001260,
2409693,
3027588,
2.045068e+08,
6.611959e+07,
1.397565e+08,
1.090097e+07,
1.195061e+07,
1.322392e+07,
1.480093e+07,
1.680499e+07,
2.173584e+07,
2.445482e+07,
2.79513e+07,
3.261441e+07,
3.914497e+07,
2.429046e+07,
1.874633e+07,
5676902,
3532414,
3637611,
3749266,
3867992,
3994483,
1031656,
1081036,
1135380,
1195478,
1262293,
4.252916e+08,
1.907267e+08,
2.377965e+08,
3.598606e+07,
3.703425e+07,
3.814534e+07,
3.932516e+07,
4.058029e+07,
4.317954e+07,
4.526372e+07,
4.755931e+07,
5.010018e+07,
5.292786e+07,
7.058927e+07,
2.936007e+07,
4.175548e+07,
5059177,
5435375,
5872014,
6384935,
6996039,
6833796,
7516641,
8351098,
9393964,
1.073446e+07,
5.761865e+07,
2.680113e+07,
3.125811e+07,
4783347,
5055382,
5360225,
5704192,
6095331,
5326708,
5752223,
6251623,
6845982,
7565229,
4.95699e+07,
3.461861e+07,
1.527455e+07,
6708698,
6814514,
6923722,
7036488,
7152987,
2864828,
2956817,
3054910,
3159734,
3272007,
8020146,
6847585,
1203705,
1254765,
1309632,
1369517,
1435141,
1507371,
212040.3,
225481,
240740.9,
258216.2,
278427.2,
6.083365e+07,
1.894016e+07,
4.229251e+07,
3016482,
3358514,
3788032,
4343520,
5089922,
6325032,
7237823,
8458502,
1.017445e+07,
1.276381e+07,
2.445935e+07,
8673397,
1.595743e+07,
1485430,
1600408,
1734680,
1893544,
2084441,
2592015,
2860682,
3191486,
3608799,
4151665,
1.697205e+09,
9.43062e+08,
7.65149e+08,
1.733004e+08,
1.804049e+08,
1.886124e+08,
1.982939e+08,
2.10038e+08,
1.304123e+08,
1.405659e+08,
1.530298e+08,
1.688913e+08,
1.901628e+08,
2004, 
1.27224e+07,
1.054428e+07,
2234228,
2042981,
2075397,
2108857,
2143414,
2179122,
419301.1,
432635.4,
446845.6,
462020.9,
478263.3,
1.16646e+08,
9.713381e+07,
2.00173e+07,
1.880146e+07,
1.9109e+07,
1.942676e+07,
1.975527e+07,
2.009509e+07,
3752561,
3873953,
4003460,
4141926,
4290313,
2.499784e+07,
1.982463e+07,
5300602,
3441760,
3684866,
3964925,
4291057,
4675648,
877981.4,
960492.4,
1060120,
1182808,
1337610,
1.474452e+07,
9372798,
5477233,
1528143,
1683718,
1874559,
2114194,
2424075,
844014.9,
953432.9,
1095447,
1287170,
1560242,
5.226752e+07,
4.499038e+07,
7472044,
8107840,
8529793,
8998076,
9520763,
1.010792e+07,
1291707,
1385684,
1494409,
1621648,
1772570,
3.857995e+07,
3.180839e+07,
6945077,
5310466,
5788735,
6361678,
7060494,
7931782,
1101222,
1228489,
1389015,
1597800,
1880453,
3.050551e+07,
1.741263e+07,
1.332333e+07,
2885568,
3156067,
3482526,
3884314,
4390904,
2089559,
2342328,
2664666,
3089878,
3676563,
5.53567e+07,
2.476084e+07,
3.101627e+07,
3843916,
4328226,
4952168,
5786302,
6958354,
4514333,
5225719,
6203254,
7630662,
9911319,
4.723802e+07,
1.189534e+07,
3.561445e+07,
2049963,
2202288,
2379068,
2586706,
2834054,
5820446,
6406138,
7122890,
8020235,
9176266,
1.275351e+07,
8079017,
4765987,
1445879,
1526126,
1615803,
1716678,
1830986,
815890.7,
879215.5,
953197.3,
1040773,
1146070,
1.583234e+08,
1.244673e+08,
3.46823e+07,
2.41714e+07,
2.452712e+07,
2.489346e+07,
2.527091e+07,
2.565998e+07,
6524274,
6724057,
6936461,
7162723,
7404243,
5.741218e+07,
3.725953e+07,
2.055693e+07,
7412508,
7432155,
7451906,
7471762,
7491725,
3972542,
4040771,
4111385,
4184511,
4260285,
1.700189e+07,
1.205014e+07,
5060437,
2124244,
2258130,
2410029,
2583837,
2784663,
852142.3,
925253.4,
1012087,
1116908,
1245949,
2.914101e+07,
2.06592e+07,
8668032,
4137463,
4134649,
4131839,
4129034,
4126231,
1688532,
1710772,
1733607,
1757059,
1781154,
1.270748e+07,
5895236,
6909381,
1013174,
1089835,
1179047,
1284167,
1409865,
1127954,
1242070,
1381876,
1557147,
1783337,
7.024628e+07,
5.260827e+07,
1.804758e+07,
1.039211e+07,
1.045648e+07,
1.052165e+07,
1.058765e+07,
1.065447e+07,
3461268,
3533839,
3609517,
3688508,
3771033,
3.341433e+07,
2.335527e+07,
1.027673e+07,
3719223,
4141149,
4671054,
5356475,
6277641,
1543446,
1762989,
2055346,
2463941,
3075300,
2.112928e+08,
6.879229e+07,
1.439204e+08,
1.139452e+07,
1.24654e+07,
1.375846e+07,
1.535082e+07,
1.736002e+07,
2.250214e+07,
2.525839e+07,
2.878409e+07,
3.345375e+07,
3.993192e+07,
2.488757e+07,
1.926201e+07,
5760666,
3643362,
3744967,
3852403,
3966184,
4086892,
1051429,
1099480,
1152133,
1210083,
1274172,
4.36957e+08,
2.01973e+08,
2.383221e+08,
3.824775e+07,
3.929188e+07,
4.039461e+07,
4.156102e+07,
4.27968e+07,
4.346166e+07,
4.546612e+07,
4.766441e+07,
5.008608e+07,
5.2767e+07,
7.324994e+07,
3.080898e+07,
4.298887e+07,
5341134,
5722190,
6161796,
6674568,
7280432,
7084588,
7768177,
8597774,
9625748,
1.093292e+07,
5.879285e+07,
2.746223e+07,
3.178045e+07,
4909153,
5184446,
5492447,
5839356,
6233042,
5425654,
5854133,
6356091,
6952202,
7671698,
5.006717e+07,
3.503567e+07,
1.535717e+07,
6799706,
6901862,
7007134,
7115667,
7227615,
2885308,
2975463,
3071433,
3173801,
3283228,
8182382,
6998927,
1214947,
1284663,
1339755,
1399786,
1465447,
1537573,
214433.2,
227819.9,
242989.4,
260323,
280319.7,
6.248689e+07,
1.966361e+07,
4.323558e+07,
3138066,
3490740,
3932722,
4502853,
5266318,
6481118,
7409057,
8647115,
1.038195e+07,
1.298758e+07,
2.511512e+07,
9045456,
1.624698e+07,
1549161,
1669067,
1809091,
1974762,
2173834,
2639210,
2912689,
3249396,
3674125,
4226582,
1.73509e+09,
9.711592e+08,
7.751951e+08,
1.787356e+08,
1.85934e+08,
1.942319e+08,
2.039937e+08,
2.15795e+08,
1.324427e+08,
1.425992e+08,
1.55039e+08,
1.708238e+08,
1.919064e+08,
2005, 
1.288637e+07,
1.069489e+07,
2248011,
2073309,
2105632,
2138978,
2173398,
2208943,
422157.9,
435448.1,
449602.2,
464707.4,
480862.8,
1.177947e+08,
9.844134e+07,
1.985621e+07,
1.905246e+07,
1.936515e+07,
1.968827e+07,
2.002236e+07,
2.036797e+07,
3721967,
3842567,
3971242,
4108835,
4256304,
2.561542e+07,
2.038744e+07,
5357182,
3548391,
3794585,
4077488,
4405974,
4792023,
889898.6,
972266,
1071436,
1193135,
1346023,
1.51036e+07,
9673818,
5537252,
1582559,
1741028,
1934764,
2177015,
2488613,
856549.7,
965973.8,
1107450,
1297479,
1566231,
5.3536e+07,
4.636669e+07,
7362538,
8379002,
8803515,
9273338,
9796135,
1.03814e+07,
1276820,
1367700,
1472508,
1594712,
1739035,
3.98401e+07,
3.296858e+07,
7048267,
5534787,
6018025,
6593715,
7291200,
8153699,
1124595,
1251092,
1409653,
1614239,
1888290,
3.157584e+07,
1.810491e+07,
1.370913e+07,
3015569,
3290662,
3620983,
4025020,
4530548,
2162459,
2417920,
2741825,
3165934,
3745255,
5.699087e+07,
2.582615e+07,
3.159865e+07,
4008591,
4513996,
5165229,
6036050,
7260039,
4598508,
5323447,
6319729,
7774779,
1.010025e+07,
4.8657e+07,
1.240425e+07,
3.653499e+07,
2137709,
2296533,
2480850,
2697336,
2955216,
5971206,
6571911,
7306998,
8227238,
9412664,
1.291773e+07,
8242219,
4767692,
1475961,
1557441,
1648444,
1750741,
1866575,
816763.4,
879867.3,
953538.4,
1040674,
1145336,
1.587112e+08,
1.251349e+08,
3.439814e+07,
2.428489e+07,
2.465035e+07,
2.502698e+07,
2.54153e+07,
2.581586e+07,
6465983,
6666395,
6879628,
7106953,
7349814,
5.76823e+07,
3.75071e+07,
2.058072e+07,
7471193,
7486277,
7501421,
7516628,
7531896,
3982965,
4048460,
4116144,
4186130,
4258537,
1.759919e+07,
1.255672e+07,
5153907,
2224780,
2359393,
2511344,
2684214,
2882644,
872906.6,
945297.6,
1030781,
1133263,
1258372,
2.906553e+07,
2.065139e+07,
8599287,
4138798,
4134534,
4130278,
4126032,
4121794,
1676507,
1697906,
1719857,
1742384,
1765509,
1.318314e+07,
6112557,
7171342,
1057499,
1134034,
1222512,
1325964,
1448543,
1179538,
1294491,
1434268,
1607886,
1829326,
6.990546e+07,
5.2297e+07,
1.801691e+07,
1.032796e+07,
1.039327e+07,
1.04594e+07,
1.052638e+07,
1.059423e+07,
3454346,
3527290,
3603382,
3682829,
3765858,
3.484749e+07,
2.447601e+07,
1.059703e+07,
3918698,
4352856,
4895203,
5591932,
6519905,
1601204,
1824217,
2119405,
2528569,
3133513,
2.183885e+08,
7.159686e+07,
1.482646e+08,
1.191756e+07,
1.300853e+07,
1.431937e+07,
1.5924e+07,
1.793364e+07,
2.331139e+07,
2.610251e+07,
2.965291e+07,
3.432121e+07,
4.073401e+07,
2.550067e+07,
1.979269e+07,
5845464,
3758204,
3855771,
3958539,
4066934,
4181434,
1071628,
1118241,
1169093,
1224790,
1286060,
4.488821e+08,
2.136322e+08,
2.386923e+08,
4.060052e+07,
4.163636e+07,
4.272644e+07,
4.387512e+07,
4.508728e+07,
4.37126e+07,
4.563692e+07,
4.773846e+07,
5.004289e+07,
5.258108e+07,
7.606282e+07,
3.234687e+07,
4.428666e+07,
5642695,
6027823,
6469374,
6980728,
7579857,
7350506,
8033876,
8857332,
9868874,
1.114125e+07,
5.957062e+07,
2.79419e+07,
3.208477e+07,
4994449,
5274749,
5588381,
5941667,
6342636,
5477138,
5909915,
6416954,
7019159,
7746100,
5.067648e+07,
3.553263e+07,
1.547262e+07,
6909417,
7006585,
7106526,
7209358,
7315210,
2913439,
3001252,
3094523,
3193777,
3299609,
8349042,
7154561,
1226326,
1315412,
1370733,
1430912,
1496618,
1568648,
216852.4,
230185.3,
245265.2,
262459.5,
282246.3,
6.415413e+07,
2.040229e+07,
4.417757e+07,
3263284,
3626406,
4080459,
4664488,
5443623,
6639378,
7581612,
8835515,
1.058637e+07,
1.32026e+07,
2.579964e+07,
9435023,
1.6548e+07,
1615929,
1740978,
1887005,
2059771,
2267360,
2688344,
2966798,
3309600,
3741972,
4304290,
1.773296e+09,
9.99681e+08,
7.851356e+08,
1.842496e+08,
1.915452e+08,
1.999362e+08,
2.097804e+08,
2.216396e+08,
1.344556e+08,
1.446136e+08,
1.570271e+08,
1.727312e+08,
1.936184e+08,
2006, 
1.30551e+07,
1.084557e+07,
2266587,
2103681,
2135896,
2169114,
2203382,
2238749,
425917.3,
439190.4,
453317.4,
468383.5,
484485.4,
1.189496e+08,
9.972457e+07,
1.972622e+07,
1.929892e+07,
1.96166e+07,
1.994491e+07,
2.02844e+07,
2.063565e+07,
3697250,
3817224,
3945245,
4082152,
4228901,
2.625308e+07,
2.096663e+07,
5417560,
3659188,
3908091,
4193327,
4523478,
4910058,
902729.9,
984893.8,
1083512,
1204077,
1354833,
1.547864e+07,
9979690,
5608532,
1638438,
1799605,
1995938,
2240355,
2552988,
871101.1,
980646.3,
1121706,
1310166,
1574741,
5.482161e+07,
4.769997e+07,
7314501,
8644429,
9070158,
9539994,
1.006116e+07,
1.064257e+07,
1272610,
1361137,
1462900,
1581110,
1720103,
4.115576e+07,
3.417137e+07,
7164653,
5769451,
6256882,
6834274,
7529064,
8381110,
1150521,
1276290,
1432931,
1633400,
1899084,
3.270706e+07,
1.885242e+07,
1.410093e+07,
3156591,
3436335,
3770485,
4176620,
4680809,
2237520,
2495290,
2820186,
3242352,
3813161,
5.867847e+07,
2.696083e+07,
3.216549e+07,
4183920,
4711819,
5392167,
6302144,
7581611,
4680357,
5418512,
6433097,
7915167,
1.028454e+07,
5.012116e+07,
1.294096e+07,
3.747339e+07,
2230262,
2395933,
2588192,
2813999,
3082972,
6124946,
6740934,
7494678,
8438203,
9653508,
1.309306e+07,
8414639,
4771343,
1507907,
1590617,
1682928,
1786613,
1903913,
818080.4,
880942.1,
954268.5,
1040910,
1144856,
1.590665e+08,
1.257865e+08,
3.409714e+07,
2.43944e+07,
2.476997e+07,
2.515729e+07,
2.555692e+07,
2.596944e+07,
6404407,
6605404,
6819427,
7047783,
7291961,
5.791662e+07,
3.776166e+07,
2.056121e+07,
7530246,
7541273,
7552331,
7563422,
7574546,
3984322,
4047271,
4112241,
4179331,
4248647,
1.82144e+07,
1.307556e+07,
5253112,
2328524,
2463511,
2615113,
2786596,
2982147,
894884.8,
966520.1,
1050622,
1150756,
1271988,
2.898029e+07,
2.066935e+07,
8494534,
4144758,
4139307,
4133870,
4128448,
4123039,
1657197,
1677793,
1698907,
1720559,
1742770,
1.369651e+07,
6358742,
7442477,
1107454,
1183929,
1271748,
1373640,
1493281,
1233450,
1349024,
1488495,
1660132,
1876509,
6.959702e+07,
5.208844e+07,
1.791488e+07,
1.028347e+07,
1.035014e+07,
1.041769e+07,
1.048612e+07,
1.055546e+07,
3433523,
3506658,
3582976,
3662691,
3746033,
3.651849e+07,
2.578841e+07,
1.096472e+07,
4153052,
4601167,
5157681,
5867340,
6803444,
1667715,
1894602,
2192944,
2602807,
3201093,
2.257828e+08,
7.464975e+07,
1.526626e+08,
1.248984e+07,
1.360132e+07,
1.492995e+07,
1.654625e+07,
1.855499e+07,
2.414389e+07,
2.696497e+07,
3.053251e+07,
3.518799e+07,
4.151858e+07,
2.607167e+07,
2.029273e+07,
5918538,
3866392,
3960139,
4058546,
4161968,
4270798,
1089299,
1134543,
1183708,
1237326,
1296033,
4.538218e+08,
2.200622e+08,
2.372457e+08,
4.184722e+07,
4.290253e+07,
4.401244e+07,
4.518131e+07,
4.641396e+07,
4.347987e+07,
4.537787e+07,
4.744914e+07,
4.971855e+07,
5.221594e+07,
7.903924e+07,
3.403208e+07,
4.560217e+07,
5974155,
6363187,
6806416,
7316014,
7908095,
7623606,
8305116,
9120433,
1.011326e+07,
1.134864e+07,
6.038118e+07,
2.846313e+07,
3.238058e+07,
5087068,
5372838,
5692626,
6052891,
6461836,
5527067,
5964073,
6476117,
7084342,
7818655,
5.126818e+07,
3.603082e+07,
1.556893e+07,
7019215,
7111461,
7206164,
7303424,
7403345,
2937810,
3023239,
3113786,
3209923,
3312186,
8530891,
7323049,
1240100,
1348594,
1404210,
1464610,
1530439,
1602465,
219697.9,
233001.5,
248020.1,
265108.1,
284725.1,
6.584432e+07,
2.119642e+07,
4.508774e+07,
3398622,
3772690,
4239285,
4837583,
5632509,
6795198,
7750206,
9017547,
1.07804e+07,
1.339997e+07,
2.652671e+07,
9851461,
1.686505e+07,
1687333,
1817867,
1970292,
2150618,
2367276,
2740149,
3023821,
3373010,
3813375,
4385992,
1.80557e+09,
1.023987e+09,
7.933087e+08,
1.888531e+08,
1.962775e+08,
2.047974e+08,
2.147642e+08,
2.267271e+08,
1.360131e+08,
1.462192e+08,
1.586617e+08,
1.743502e+08,
1.951179e+08,
2007, 
1.32254e+07,
1.099782e+07,
2285156,
2134235,
2166408,
2199565,
2233753,
2269021,
429644.1,
442914.7,
457031.2,
472077.1,
488147.5,
1.201363e+08,
1.010403e+08,
1.95954e+07,
1.955162e+07,
1.987442e+07,
2.020806e+07,
2.055309e+07,
2.091011e+07,
3672380,
3791721,
3919080,
4055292,
4201313,
2.691064e+07,
2.156517e+07,
5478516,
3774450,
4025809,
4313034,
4644392,
5030902,
915866.8,
997746.1,
1095703,
1214989,
1363419,
1.587396e+07,
1.030178e+07,
5683957,
1697638,
1861493,
2060357,
2306792,
2620188,
886561.4,
996203.3,
1136791,
1323580,
1583822,
5.612113e+07,
4.905535e+07,
7258034,
8915389,
9341809,
9811069,
1.032997e+07,
1.090682e+07,
1266901,
1352979,
1451607,
1565745,
1699363,
4.25267e+07,
3.542738e+07,
7283177,
6016272,
6507246,
7085476,
7776490,
8616852,
1177221,
1302107,
1456636,
1652780,
1909969,
3.391729e+07,
1.965244e+07,
1.451979e+07,
3308428,
3592730,
3930488,
4338341,
4840638,
2318183,
2578217,
2903959,
3323914,
3885869,
6.041981e+07,
2.814093e+07,
3.274098e+07,
4366307,
4917586,
5628186,
6578840,
7915913,
4763540,
5515085,
6548196,
8057580,
1.047124e+07,
5.165173e+07,
1.350438e+07,
3.8452e+07,
2327458,
2500301,
2700877,
2936439,
3217017,
6285381,
6917266,
7690400,
8658105,
9904405,
1.372411e+07,
8883554,
4937400,
1605645,
1686852,
1776711,
1876682,
1988574,
854874.7,
916405.1,
987480,
1070507,
1168777,
1.595209e+08,
1.265179e+08,
3.381571e+07,
2.45185e+07,
2.490485e+07,
2.530357e+07,
2.571527e+07,
2.614058e+07,
6346386,
6548141,
6763143,
6992743,
7238480,
5.811618e+07,
3.799424e+07,
2.052864e+07,
7584059,
7591446,
7598848,
7606264,
7613696,
3982550,
4043201,
4105727,
4170218,
4236767,
1.884499e+07,
1.361077e+07,
5351338,
2436157,
2571227,
2722154,
2891904,
3084233,
916906.4,
987669.1,
1070267,
1167942,
1285235,
2.889903e+07,
2.068961e+07,
8391475,
4150823,
4144362,
4137922,
4131502,
4125102,
1638026,
1657916,
1678295,
1699181,
1720594,
1.424832e+07,
6623400,
7733861,
1161338,
1237643,
1324680,
1424885,
1541490,
1291591,
1407710,
1546772,
1716321,
1927615,
6.938444e+07,
5.195148e+07,
1.78377e+07,
1.025281e+07,
1.03211e+07,
1.03903e+07,
1.046043e+07,
1.053152e+07,
3417353,
3490832,
3567540,
3647695,
3731534,
3.839e+07,
2.725564e+07,
1.137917e+07,
4417325,
4880077,
5451129,
6173537,
7116669,
1743182,
1974211,
2275834,
2686242,
3277237,
2.335352e+08,
7.786252e+07,
1.572615e+08,
1.309769e+07,
1.422829e+07,
1.55725e+07,
1.719721e+07,
1.920043e+07,
2.502412e+07,
2.787238e+07,
3.14523e+07,
3.608735e+07,
4.232462e+07,
2.660665e+07,
2.076708e+07,
5981026,
3968828,
4059025,
4153417,
4252304,
4356014,
1104649,
1148605,
1196205,
1247921,
1304310,
4.586996e+08,
2.265365e+08,
2.356903e+08,
4.310049e+07,
4.417635e+07,
4.530729e+07,
4.649766e+07,
4.775228e+07,
4.322298e+07,
4.509571e+07,
4.713806e+07,
4.937419e+07,
5.183304e+07,
8.2194e+07,
3.582573e+07,
4.69889e+07,
6329209,
6721286,
7165147,
7671776,
8255501,
7912980,
8591701,
9397780,
1.037077e+07,
1.156851e+07,
6.120996e+07,
2.899667e+07,
3.268247e+07,
5181866,
5473240,
5799334,
6166746,
6583862,
5578021,
6019341,
6536493,
7150860,
7892697,
5.185039e+07,
3.652421e+07,
1.566047e+07,
7127948,
7215311,
7304842,
7396623,
7490740,
2961130,
3044214,
3132094,
3225200,
3324011,
8733670,
7510067,
1256341,
1385256,
1441274,
1502013,
1568098,
1640264,
222983.3,
236282.3,
251268.2,
268283.8,
287771.3,
6.750381e+07,
2.199335e+07,
4.596426e+07,
3535934,
3920399,
4398671,
5009851,
5818280,
6948709,
7914780,
9192852,
1.096318e+07,
1.357797e+07,
2.729029e+07,
1.028959e+07,
1.719719e+07,
1762509,
1898793,
2057918,
2246154,
2472292,
2794507,
3083612,
3439438,
3888095,
4471362,
1.839534e+09,
1.049518e+09,
8.019548e+08,
1.937082e+08,
2.012593e+08,
2.099036e+08,
2.19985e+08,
2.32039e+08,
1.376766e+08,
1.479269e+08,
1.60391e+08,
1.760508e+08,
1.966781e+08,
2008, 
1.340123e+07,
1.115496e+07,
2304397,
2165602,
2197811,
2230992,
2265190,
2300453,
433463.9,
446751.5,
460879.4,
475930.1,
491996.9,
1.213075e+08,
1.02349e+08,
1.945595e+07,
1.980291e+07,
2.013083e+07,
2.04698e+07,
2.082038e+07,
2.118317e+07,
3645898,
3764552,
3891190,
4026644,
4171869,
2.757957e+07,
2.217635e+07,
5538168,
3892775,
4146353,
4435270,
4767465,
5153450,
928918.6,
1010435,
1107634,
1225523,
1371496,
1.628944e+07,
1.064028e+07,
5763233,
1760248,
1926756,
2128057,
2376327,
2690177,
902900.7,
1012602,
1152647,
1337646,
1593383,
5.74343e+07,
5.043273e+07,
7192960,
9191902,
9618466,
1.008655e+07,
1.060252e+07,
1.117412e+07,
1259645,
1343184,
1438592,
1548590,
1676801,
4.395267e+07,
3.673684e+07,
7403343,
6275390,
6769202,
7347368,
8033522,
8861033,
1204599,
1328442,
1480669,
1672297,
1920900,
3.520857e+07,
2.050685e+07,
1.496587e+07,
3471561,
3760276,
4101369,
4510517,
5010342,
2404550,
2666767,
2993174,
3410627,
3963395,
6.221733e+07,
2.936852e+07,
3.33255e+07,
4556094,
5131672,
5873705,
6866608,
8263485,
4848125,
5613239,
6665101,
8202085,
1.066039e+07,
5.323909e+07,
1.40926e+07,
3.946304e+07,
2428975,
2609289,
2818521,
3064234,
3356879,
6451262,
7099518,
7892608,
8885173,
1.01633e+07,
1.441784e+07,
9399040,
5119946,
1713455,
1792781,
1879808,
1975716,
2081936,
895211.1,
955279.5,
1023989,
1103349,
1196042,
1.5996e+08,
1.272389e+08,
3.352925e+07,
2.463962e+07,
2.503718e+07,
2.544778e+07,
2.587208e+07,
2.631076e+07,
6287284,
6489826,
6705851,
6936753,
7184124,
5.829779e+07,
3.821568e+07,
2.048911e+07,
7634823,
7638977,
7643137,
7647301,
7651469,
3978865,
4037468,
4097822,
4160009,
4224112,
1.949322e+07,
1.416418e+07,
5449024,
2547993,
2682875,
2832835,
3000553,
3189380,
939018.8,
1008808,
1089805,
1184943,
1298281,
2.882189e+07,
2.071231e+07,
8290116,
4157053,
4149744,
4142461,
4135204,
4127972,
1619016,
1638288,
1658023,
1678240,
1698956,
1.48411e+07,
6907783,
8046811,
1219402,
1295425,
1381556,
1479958,
1593451,
1354216,
1470806,
1609362,
1776739,
1982971,
6.924412e+07,
5.186848e+07,
1.77792e+07,
1.023246e+07,
1.03026e+07,
1.03737e+07,
1.044578e+07,
1.051888e+07,
3404637,
3478597,
3555841,
3636594,
3721099,
4.043408e+07,
2.886002e+07,
1.182993e+07,
4709469,
5186881,
5772005,
6505928,
7453680,
1826257,
2061378,
2365987,
2776228,
3358577,
2.416885e+08,
8.125253e+07,
1.620872e+08,
1.374463e+07,
1.48929e+07,
1.625051e+07,
1.788046e+07,
1.987384e+07,
2.595692e+07,
2.882968e+07,
3.241745e+07,
3.702511e+07,
4.315963e+07,
2.710688e+07,
2.121653e+07,
6033455,
4065656,
4152582,
4243306,
4338084,
4437191,
1117782,
1160536,
1206691,
1256669,
1310966,
4.634939e+08,
2.330421e+08,
2.340174e+08,
4.435736e+07,
4.545503e+07,
4.660841e+07,
4.782184e+07,
4.910015e+07,
4.294009e+07,
4.478863e+07,
4.680348e+07,
4.900814e+07,
5.143078e+07,
8.550119e+07,
3.771916e+07,
4.842946e+07,
6706520,
7100576,
7543832,
8046112,
8620048,
8215667,
8890406,
9685893,
1.063773e+07,
1.179702e+07,
6.233086e+07,
2.967299e+07,
3.313589e+07,
5308100,
5603894,
5934598,
6306782,
6728773,
5662052,
6106717,
6627178,
7244619,
7988933,
5.240826e+07,
3.700224e+07,
1.574284e+07,
7233522,
7316033,
7400448,
7486835,
7575261,
2982549,
3063311,
3148568,
3238708,
3334161,
8953285,
7712179,
1274370,
1424772,
1481271,
1542436,
1608870,
1681284,
226589.2,
239900.8,
254874,
271840.7,
291227.5,
6.924312e+07,
2.282913e+07,
4.688238e+07,
3681189,
4076061,
4565826,
5189361,
6010139,
7111512,
8088425,
9376477,
1.115247e+07,
1.375844e+07,
2.807606e+07,
1.074453e+07,
1.753488e+07,
1840634,
1982859,
2148905,
2345302,
2581209,
2849885,
3144471,
3506977,
3963958,
4557876,
1.874942e+09,
1.076016e+09,
8.110837e+08,
1.987621e+08,
2.064383e+08,
2.152032e+08,
2.253929e+08,
2.375285e+08,
1.394469e+08,
1.49738e+08,
1.622168e+08,
1.778366e+08,
1.983067e+08,
2009, 
1.357975e+07,
1.131461e+07,
2323808,
2197313,
2229635,
2262923,
2297220,
2332572,
437280.2,
450602.2,
464761.5,
479839.6,
495928.7,
1.224254e+08,
1.036185e+08,
1.9302e+07,
2.004656e+07,
2.03795e+07,
2.072369e+07,
2.107971e+07,
2.144817e+07,
3616705,
3734582,
3860401,
3994993,
4139310,
2.825685e+07,
2.279783e+07,
5595838,
4013491,
4269136,
4559565,
4892394,
5277639,
941692.5,
1022788,
1119168,
1235601,
1379073,
1.672434e+07,
1.099495e+07,
5845854,
1826284,
1995382,
2198990,
2448872,
2762824,
920053.4,
1029760,
1169171,
1352240,
1603282,
5.876663e+07,
5.183715e+07,
7119798,
9474916,
9901100,
1.036743e+07,
1.087986e+07,
1.144557e+07,
1250915,
1331840,
1423960,
1529769,
1652566,
4.544309e+07,
3.810809e+07,
7526261,
6548303,
7044311,
7621618,
8301996,
9115756,
1232816,
1355481,
1505252,
1692233,
1932254,
3.65827e+07,
2.141742e+07,
1.543919e+07,
3646443,
3939375,
4283484,
4693464,
5190230,
2496695,
2760979,
3087838,
3502479,
4045751,
6.407795e+07,
3.06479e+07,
3.392171e+07,
4753963,
5354836,
6129579,
7166424,
8625458,
4934521,
5713435,
6784342,
8349310,
1.085275e+07,
5.486742e+07,
1.470192e+07,
4.049431e+07,
2534186,
2722216,
2940383,
3196568,
3501653,
6620623,
7285515,
8098862,
9116634,
1.042698e+07,
1.517155e+07,
9960169,
5317164,
1831393,
1908339,
1992034,
2083408,
2183567,
938856.1,
997269.1,
1063433,
1139000,
1226128,
1.601854e+08,
1.277912e+08,
3.319674e+07,
2.472705e+07,
2.513578e+07,
2.555824e+07,
2.599515e+07,
2.644726e+07,
6219405,
6422519,
6639347,
6871328,
7120106,
5.847209e+07,
3.84329e+07,
2.044644e+07,
7683965,
7685273,
7686581,
7687889,
7689198,
3974044,
4030843,
4089288,
4149453,
4211415,
2.017678e+07,
1.474892e+07,
5550817,
2666380,
2800931,
2949783,
3115345,
3300596,
961996.6,
1030783,
1110163,
1202790,
1312281,
2.875988e+07,
2.074541e+07,
8193561,
4165083,
4157067,
4149083,
4141128,
4133205,
1600796,
1619532,
1638712,
1658352,
1678468,
1.547954e+07,
7214150,
8383785,
1282072,
1357709,
1442830,
1539338,
1649682,
1421772,
1538773,
1676757,
1841925,
2043189,
6.91361e+07,
5.180961e+07,
1.772909e+07,
1.021649e+07,
1.028869e+07,
1.036192e+07,
1.04362e+07,
1.051156e+07,
3393382,
3467926,
3545818,
3627290,
3712594,
4.261945e+07,
3.058102e+07,
1.230601e+07,
5026897,
5518307,
6116203,
6859404,
7808206,
1915453,
2154301,
2461203,
2870073,
3441854,
2.502822e+08,
8.483638e+07,
1.671628e+08,
1.443405e+07,
1.559848e+07,
1.696728e+07,
1.859941e+07,
2.057896e+07,
2.694661e+07,
2.984122e+07,
3.343256e+07,
3.800658e+07,
4.403054e+07,
2.757864e+07,
2.164575e+07,
6077440,
4157790,
4241740,
4329149,
4420238,
4515241,
1129015,
1170657,
1215488,
1263890,
1316306,
4.6821e+08,
2.39579e+08,
2.32232e+08,
4.561732e+07,
4.673832e+07,
4.79158e+07,
4.915415e+07,
5.04582e+07,
4.263197e+07,
4.445752e+07,
4.64464e+07,
4.862157e+07,
5.101049e+07,
8.896817e+07,
3.971793e+07,
4.992564e+07,
7107194,
7502151,
7943586,
8440220,
9003093,
8531824,
9201444,
9985127,
1.091473e+07,
1.203519e+07,
6.450395e+07,
3.085777e+07,
3.41411e+07,
5547469,
5842894,
6171555,
6539393,
6953858,
5866994,
6311218,
6828222,
7437487,
8166132,
5.294092e+07,
3.746419e+07,
1.581589e+07,
7335756,
7413466,
7492838,
7573928,
7656794,
3002023,
3080494,
3163178,
3250423,
3342618,
9174037,
7915917,
1291901,
1464655,
1521614,
1583183,
1649945,
1722585,
230108.9,
243426.4,
258380.1,
275291.3,
294571.2,
7.117719e+07,
2.3743e+07,
4.791857e+07,
3840950,
4246820,
4748600,
5384843,
6217958,
7295555,
8284543,
9583715,
1.136614e+07,
1.396305e+07,
2.887995e+07,
1.121504e+07,
1.787527e+07,
1921511,
2069850,
2243007,
2447782,
2693702,
2905834,
3205892,
3575053,
4040297,
4644747,
1.91244e+09,
1.103697e+09,
8.21133e+08,
2.040675e+08,
2.118629e+08,
2.207393e+08,
2.310243e+08,
2.432235e+08,
1.414169e+08,
1.517433e+08,
1.642266e+08,
1.797897e+08,
2.000776e+08,
2010, 
1.375037e+07,
1.146797e+07,
2341580,
2227641,
2260136,
2293594,
2328056,
2363571,
440750.4,
454115.3,
468316.1,
483433.6,
499559.8,
1.234852e+08,
1.048442e+08,
1.913329e+07,
2.028171e+07,
2.061955e+07,
2.096885e+07,
2.133018e+07,
2.170418e+07,
3584752,
3701757,
3826659,
3960283,
4103577,
2.896143e+07,
2.3445e+07,
5655158,
4138757,
4396730,
4689000,
5022894,
5407985,
954649.7,
1035382,
1131032,
1246152,
1387362,
1.71709e+07,
1.136087e+07,
5928895,
1894984,
2066509,
2272175,
2523303,
2836840,
937568.4,
1047166,
1185779,
1366686,
1612731,
5.99386e+07,
5.31097e+07,
7017322,
9728384,
1.015554e+07,
1.062194e+07,
1.113323e+07,
1.169624e+07,
1235953,
1314393,
1403464,
1505486,
1623502,
4.7005e+07,
3.954758e+07,
7652536,
6836185,
7333787,
7909515,
8583338,
9382661,
1261948,
1383313,
1530507,
1712756,
1944274,
3.805723e+07,
2.239522e+07,
1.594637e+07,
3835103,
4132137,
4479045,
4889539,
5382867,
2595747,
2862063,
3189273,
3600960,
4134683,
6.600596e+07,
3.198223e+07,
3.453074e+07,
4960435,
5587654,
6396447,
7479008,
9002655,
5022914,
5815879,
6906149,
8499502,
1.104858e+07,
5.65176e+07,
1.532752e+07,
4.15314e+07,
2642276,
2838199,
3065505,
3332388,
3650173,
6791131,
7472676,
8306279,
9349216,
1.069166e+07,
1.5983e+07,
1.056627e+07,
5527467,
1959550,
2033501,
2113254,
2199516,
2293121,
985603.2,
1042111,
1105493,
1177084,
1258590,
1.602623e+08,
1.282253e+08,
3.2833e+07,
2.479058e+07,
2.521058e+07,
2.564506e+07,
2.609478e+07,
2.656055e+07,
6145548,
6349101,
6566600,
6799530,
7049592,
5.861075e+07,
3.862716e+07,
2.039081e+07,
7727780,
7726606,
7725433,
7724260,
7723088,
3966217,
4021411,
4078163,
4136540,
4196612,
2.089842e+07,
1.536747e+07,
5657003,
2791772,
2925867,
3073494,
3236810,
3418457,
985871.6,
1053635,
1131401,
1221561,
1327335,
2.869183e+07,
2.077374e+07,
8095719,
4171892,
4163302,
4154748,
4146229,
4137744,
1582194,
1600456,
1619144,
1638274,
1657861,
1.615659e+07,
7539291,
8740897,
1348796,
1423899,
1507858,
1602339,
1709452,
1493619,
1610905,
1748179,
1911030,
2107337,
6.901338e+07,
5.173964e+07,
1.767529e+07,
1.019789e+07,
1.027236e+07,
1.034793e+07,
1.042462e+07,
1.050245e+07,
3381263,
3456450,
3535058,
3617324,
3703510,
4.487411e+07,
3.236826e+07,
1.278531e+07,
5361950,
5865591,
6473653,
7222365,
8166913,
2007461,
2249173,
2557061,
2962611,
3521050,
2.593669e+08,
8.863505e+07,
1.725184e+08,
1.517002e+07,
1.634914e+07,
1.772701e+07,
1.93585e+07,
2.132073e+07,
2.799857e+07,
3.09126e+07,
3.450367e+07,
3.903874e+07,
4.494637e+07,
2.803031e+07,
2.206115e+07,
6115000,
4246498,
4327779,
4412231,
4500045,
4591426,
1138741,
1179368,
1223000,
1269985,
1320724,
4.727637e+08,
2.461011e+08,
2.302955e+08,
4.687102e+07,
4.80169e+07,
4.922021e+07,
5.048538e+07,
5.18173e+07,
4.229136e+07,
4.409489e+07,
4.60591e+07,
4.820646e+07,
5.056385e+07,
9.259422e+07,
4.182418e+07,
5.147462e+07,
7531675,
7926422,
8364836,
8854587,
9405254,
8860774,
9524164,
1.029492e+07,
1.120142e+07,
1.228297e+07,
6.53505e+07,
3.141486e+07,
3.44373e+07,
5647024,
5948049,
6282973,
6657866,
7080337,
5917296,
6365625,
6887460,
7502491,
8238134,
5.337936e+07,
3.786098e+07,
1.585924e+07,
7423584,
7497153,
7572196,
7648756,
7726880,
3015008,
3091440,
3171849,
3256552,
3345903,
9379343,
8106948,
1306619,
1502242,
1559544,
1621390,
1688344,
1761065,
233127.9,
246422,
261323.8,
278143.9,
297278.3,
7.327981e+07,
2.472834e+07,
4.905308e+07,
4014433,
4431659,
4945669,
5594559,
6439438,
7498264,
8499982,
9810616,
1.159911e+07,
1.418508e+07,
2.973367e+07,
1.171389e+07,
1.82375e+07,
2007346,
2162130,
2342778,
2556365,
2812804,
2965491,
3271327,
3647500,
4121426,
4736901,
1.94926e+09,
1.131134e+09,
8.3074e+08,
2.093095e+08,
2.172307e+08,
2.262268e+08,
2.366172e+08,
2.488942e+08,
1.432918e+08,
1.536558e+08,
1.66148e+08,
1.816628e+08,
2.01785e+08,
2011, 
1.393221e+07,
1.165992e+07,
2331416,
2265732,
2298381,
2331984,
2366585,
2402228,
439023.5,
452242.9,
466283.3,
481223.2,
497152.3,
1.245542e+08,
1.060556e+08,
1.898862e+07,
2.051418e+07,
2.085683e+07,
2.121111e+07,
2.157764e+07,
2.195706e+07,
3557336,
3673602,
3797725,
3930528,
4072957,
2.969845e+07,
2.413143e+07,
5707556,
4270924,
4531654,
4826287,
5161897,
5547670,
966328.9,
1046640,
1141511,
1255295,
1394274,
1.763815e+07,
1.174853e+07,
6010953,
1968116,
2142050,
2349706,
2601946,
2914854,
955212.8,
1064565,
1202191,
1380684,
1621422,
6.113453e+07,
5.428474e+07,
7039203,
9966061,
1.039245e+07,
1.085695e+07,
1.136492e+07,
1.192275e+07,
1242995,
1320292,
1407841,
1507824,
1623095,
4.863728e+07,
4.104733e+07,
7789153,
7137745,
7636185,
8209466,
8875810,
9659881,
1293136,
1413196,
1557831,
1735446,
1958775,
3.956368e+07,
2.348988e+07,
1.636829e+07,
4045760,
4347543,
4697976,
5109855,
5600893,
2681945,
2948407,
3273658,
3679565,
4200380,
6.801026e+07,
3.337375e+07,
3.515934e+07,
5175897,
5830537,
6674750,
7804822,
9395540,
5114325,
5921734,
7031869,
8654265,
1.124983e+07,
5.813856e+07,
1.606645e+07,
4.242741e+07,
2769729,
2975068,
3213291,
3492985,
3826012,
6938181,
7634219,
8485482,
9550412,
1.0921e+07,
1.620812e+07,
1.079876e+07,
5520826,
2002811,
2078323,
2159752,
2247821,
2343379,
984538.8,
1040926,
1104165,
1175585,
1256883,
1.602719e+08,
1.287208e+08,
3.233811e+07,
2.486425e+07,
2.529656e+07,
2.574416e+07,
2.620789e+07,
2.668863e+07,
6046882,
6250179,
6467622,
6700740,
6951290,
5.870094e+07,
3.897481e+07,
2.013116e+07,
7800865,
7797913,
7794962,
7792013,
7789066,
3917865,
3971310,
4026233,
4082696,
4140765,
2.164115e+07,
1.597113e+07,
5799719,
2915496,
3048504,
3194227,
3354581,
3531886,
1016330,
1083398,
1159944,
1248128,
1350823,
2.861434e+07,
2.081804e+07,
7972056,
4181572,
4172571,
4163609,
4154685,
4145799,
1558391,
1576195,
1594411,
1613053,
1632136,
1.686683e+07,
7975846,
9020237,
1435892,
1511346,
1595169,
1688837,
1794191,
1552520,
1668860,
1804048,
1963068,
2152834,
6.889359e+07,
5.190844e+07,
1.738202e+07,
1.02247e+07,
1.030259e+07,
1.038169e+07,
1.046201e+07,
1.054358e+07,
3322822,
3397879,
3476405,
3558646,
3644873,
4.720758e+07,
3.422631e+07,
1.327288e+07,
5715821,
6229765,
6845263,
7595717,
8530977,
2103126,
2346892,
2654575,
3055107,
3597984,
2.689398e+08,
9.355302e+07,
1.772553e+08,
1.610604e+07,
1.73109e+07,
1.87106e+07,
2.035657e+07,
2.232005e+07,
2.896168e+07,
3.187948e+07,
3.545106e+07,
3.992389e+07,
4.568834e+07,
2.850136e+07,
2.252581e+07,
6122171,
4343808,
4423014,
4505163,
4590420,
4678968,
1142468,
1182032,
1224434,
1269992,
1319071,
4.788196e+08,
2.52934e+08,
2.295602e+08,
4.821634e+07,
4.937314e+07,
5.05868e+07,
5.186164e+07,
5.32024e+07,
4.220274e+07,
4.397932e+07,
4.591205e+07,
4.802247e+07,
5.033624e+07,
9.635658e+07,
4.413259e+07,
5.295902e+07,
7996745,
8391168,
8826519,
9309515,
9848431,
9181476,
9836344,
1.05918e+07,
1.147296e+07,
1.251403e+07,
6.620944e+07,
3.225127e+07,
3.446694e+07,
5795689,
6105478,
6450255,
6836301,
7271498,
5920743,
6370151,
6893387,
7510270,
8248415,
5.376507e+07,
3.832714e+07,
1.577879e+07,
7524221,
7594168,
7665427,
7738036,
7812034,
3004013,
3078016,
3155758,
3237528,
3323649,
9576800,
8294164,
1317206,
1539148,
1596751,
1658833,
1725938,
1798701,
235404.4,
248634.9,
263441.2,
280122.6,
299059.3,
7.553099e+07,
2.596331e+07,
5.008943e+07,
4230376,
4662384,
5192662,
5859042,
6721637,
7688897,
8700225,
1.001789e+07,
1.180591e+07,
1.437086e+07,
3.065412e+07,
1.226507e+07,
1.861475e+07,
2102215,
2264107,
2453014,
2676315,
2944341,
3027690,
3339517,
3722950,
4205853,
4832701,
1.988066e+09,
1.161498e+09,
8.394228e+08,
2.151101e+08,
2.231694e+08,
2.322996e+08,
2.428138e+08,
2.551924e+08,
1.450561e+08,
1.554243e+08,
1.678846e+08,
1.833012e+08,
2.031988e+08,
2012, 
1.411154e+07,
1.185077e+07,
2319808,
2303440,
2336321,
2370154,
2404981,
2440848,
436980.5,
450067,
463961.5,
478741.2,
494493.5,
1.256553e+08,
1.072992e+08,
1.88437e+07,
2.075287e+07,
2.110043e+07,
2.145983e+07,
2.18317e+07,
2.221667e+07,
3529878,
3645400,
3768741,
3900719,
4042277,
3.04222e+07,
2.481138e+07,
5752999,
4401695,
4665206,
4962277,
5299754,
5686483,
976663,
1056520,
1150600,
1263072,
1399914,
1.813584e+07,
1.216061e+07,
6099165,
2046223,
2222546,
2432121,
2685336,
2997403,
974136,
1083227,
1219833,
1395866,
1631273,
6.234335e+07,
5.547566e+07,
7058001,
1.020774e+07,
1.063296e+07,
1.109513e+07,
1.159932e+07,
1.21515e+07,
1249529,
1325629,
1411600,
1509495,
1621980,
5.033456e+07,
4.261047e+07,
7927461,
7453449,
7952029,
8522093,
9180203,
9948463,
1324917,
1443540,
1585492,
1758408,
1973657,
4.116623e+07,
2.465752e+07,
1.68139e+07,
4271533,
4577854,
4931503,
5344368,
5832679,
2773205,
3039668,
3362779,
3762754,
4270720,
7.006211e+07,
3.481266e+07,
3.578832e+07,
5398854,
6081793,
6962532,
8141558,
9801295,
5205979,
6027778,
7157665,
8808854,
1.145031e+07,
5.978241e+07,
1.682793e+07,
4.332403e+07,
2901152,
3116159,
3365587,
3658418,
4007063,
7085564,
7796013,
8664806,
9751524,
1.114992e+07,
1.645696e+07,
1.104932e+07,
5519942,
2049692,
2126767,
2209865,
2299720,
2397193,
984643.6,
1040906,
1103988,
1175210,
1256254,
1.601688e+08,
1.291249e+08,
3.182129e+07,
2.491918e+07,
2.5364e+07,
2.582498e+07,
2.630304e+07,
2.679913e+07,
5944048,
6146979,
6364257,
6597458,
6848399,
5.87556e+07,
3.929902e+07,
1.985908e+07,
7868626,
7864213,
7859804,
7855400,
7851002,
3866644,
3918524,
3971817,
4026579,
4082872,
2.243759e+07,
1.661846e+07,
5952733,
3047942,
3179850,
3323692,
3481165,
3654301,
1048748,
1115158,
1190547,
1276868,
1376685,
2.855739e+07,
2.087668e+07,
7854713,
4193917,
4184606,
4175337,
4166108,
4156920,
1535720,
1553132,
1570943,
1589167,
1607818,
1.761007e+07,
8436805,
9308401,
1528235,
1603861,
1687361,
1780033,
1883476,
1613469,
1728711,
1861680,
2016810,
2200143,
6.881698e+07,
5.210864e+07,
1.710073e+07,
1.025711e+07,
1.033876e+07,
1.042173e+07,
1.050604e+07,
1.059172e+07,
3266555,
3341587,
3420147,
3502490,
3588896,
4.969423e+07,
3.621301e+07,
1.378565e+07,
6098549,
6621522,
7242602,
7992252,
8915005,
2205155,
2450443,
2757130,
3151566,
3677699,
2.789596e+08,
9.874251e+07,
1.821712e+08,
1.71009e+07,
1.832959e+07,
1.97485e+07,
2.140553e+07,
2.336609e+07,
2.996869e+07,
3.288669e+07,
3.643424e+07,
4.083968e+07,
4.645702e+07,
2.899128e+07,
2.300843e+07,
6130279,
4443959,
4521448,
4601687,
4684825,
4771023,
1146094,
1184727,
1226056,
1270372,
1318012,
4.848926e+08,
2.598584e+08,
2.287491e+08,
4.95764e+07,
5.07458e+07,
5.197168e+07,
5.325827e+07,
5.461017e+07,
4.20949e+07,
4.384632e+07,
4.574981e+07,
4.782607e+07,
5.009975e+07,
1.00257e+08,
4.655118e+07,
5.44723e+07,
8486226,
8879154,
9310236,
9785312,
1.031148e+07,
9509905,
1.015521e+07,
1.089446e+07,
1.174979e+07,
1.275087e+07,
6.707772e+07,
3.310224e+07,
3.449128e+07,
5946884,
6265615,
6620448,
7017882,
7466082,
5923281,
6373700,
6898257,
7516901,
8257438,
5.410957e+07,
3.876625e+07,
1.568382e+07,
7619239,
7685661,
7753249,
7822038,
7892057,
2989970,
3061609,
3136765,
3215703,
3298718,
9784104,
8490595,
1328443,
1577798,
1635749,
1698119,
1765434,
1838307,
237791.9,
250967.4,
265688.7,
282244.5,
301000.8,
7.783698e+07,
2.724466e+07,
5.11347e+07,
4456724,
4903135,
5448932,
6131462,
7009463,
7884959,
8904532,
1.022694e+07,
1.201063e+07,
1.454796e+07,
3.162798e+07,
1.284882e+07,
1.901322e+07,
2202810,
2372180,
2569765,
2803255,
3083415,
3093545,
3411638,
3802644,
4294878,
4933494,
2.028048e+09,
1.192846e+09,
8.483042e+08,
2.211111e+08,
2.293072e+08,
2.385692e+08,
2.492034e+08,
2.616792e+08,
1.46871e+08,
1.572387e+08,
1.696608e+08,
1.849718e+08,
2.046376e+08,
2013, 
1.428609e+07,
1.203857e+07,
2306410,
2340376,
2373568,
2407715,
2442859,
2479044,
434556.6,
447520.7,
461282,
475916.6,
491510.2,
1.272352e+08,
1.089579e+08,
1.876419e+07,
2.108677e+07,
2.143338e+07,
2.179159e+07,
2.216196e+07,
2.254515e+07,
3517532,
3631377,
3752839,
3882706,
4021884,
3.110946e+07,
2.546573e+07,
5787298,
4527378,
4793626,
5093145,
5432589,
5820509,
984871.1,
1064213,
1157460,
1268615,
1403389,
1.865315e+07,
1.259021e+07,
6189543,
2128201,
2306767,
2518042,
2771920,
3082732,
993708.7,
1102448,
1237909,
1411322,
1641235,
6.356162e+07,
5.66795e+07,
7073265,
1.045287e+07,
1.087649e+07,
1.13359e+07,
1.183583e+07,
1.238188e+07,
1255466,
1330314,
1414653,
1510409,
1620070,
5.208948e+07,
4.423122e+07,
8065812,
7782227,
8280193,
8846245,
9495368,
1.02473e+07,
1356969,
1474017,
1613162,
1781317,
1988608,
4.296407e+07,
2.595952e+07,
1.73217e+07,
4523227,
4834553,
5191904,
5606299,
6092582,
2875911,
3142820,
3464341,
3859144,
4355505,
7.215966e+07,
3.629882e+07,
3.641596e+07,
5629326,
6341422,
7259764,
8489129,
1.021974e+07,
5297657,
6133743,
7283191,
8962795,
1.164928e+07,
6.148696e+07,
1.762312e+07,
4.424815e+07,
3038489,
3263552,
3524624,
3831098,
4195943,
7237719,
7962920,
8849631,
9958566,
1.138523e+07,
1.672455e+07,
1.131497e+07,
5522808,
2099645,
2178261,
2262993,
2354585,
2453903,
985554.5,
1041670,
1104562,
1175535,
1256256,
1.599274e+08,
1.294158e+08,
3.127857e+07,
2.495116e+07,
2.540862e+07,
2.588317e+07,
2.637577e+07,
2.68875e+07,
5836328,
6038748,
6255714,
6488852,
6740040,
5.876801e+07,
3.959474e+07,
1.957287e+07,
7930074,
7924508,
7918950,
7913399,
7907856,
3812257,
3862738,
3914574,
3967820,
4022533,
2.330896e+07,
1.732565e+07,
6121192,
3192094,
3323012,
3465129,
3619945,
3789242,
1084028,
1149875,
1224238,
1308885,
1406107,
2.850019e+07,
2.09346e+07,
7737828,
4205920,
4196399,
4186920,
4177485,
4168092,
1513048,
1530112,
1547566,
1565422,
1583695,
1.838769e+07,
8923425,
9605525,
1626045,
1701676,
1784685,
1876209,
1977627,
1676430,
1790447,
1921105,
2072334,
2249406,
6.874603e+07,
5.231218e+07,
1.682174e+07,
1.028955e+07,
1.037527e+07,
1.046244e+07,
1.055108e+07,
1.064123e+07,
3210603,
3285678,
3364349,
3446879,
3533560,
5.237234e+07,
3.835803e+07,
1.433241e+07,
6515612,
7046514,
7671607,
8418400,
9326267,
2315004,
2561395,
2866481,
3254072,
3762868,
2.893955e+08,
1.042002e+08,
1.872382e+08,
1.815441e+07,
1.940474e+07,
2.084004e+07,
2.250463e+07,
2.445822e+07,
3.101449e+07,
3.392881e+07,
3.744764e+07,
4.178082e+07,
4.724802e+07,
2.946228e+07,
2.347907e+07,
6131279,
4541227,
4617227,
4695814,
4777122,
4861296,
1148147,
1185917,
1226256,
1269436,
1315768,
4.907863e+08,
2.667672e+08,
2.277707e+08,
5.093032e+07,
5.211373e+07,
5.335345e+07,
5.465358e+07,
5.601868e+07,
4.195094e+07,
4.367836e+07,
4.555414e+07,
4.759827e+07,
4.983446e+07,
1.042652e+08,
4.906806e+07,
5.599566e+07,
8997804,
9388019,
9813612,
1.027963e+07,
1.07921e+07,
9842311,
1.047698e+07,
1.119913e+07,
1.202821e+07,
1.298986e+07,
6.792768e+07,
3.395407e+07,
3.449613e+07,
6098144,
6425867,
6790814,
7199710,
7661003,
5922468,
6373642,
6899226,
7519282,
8261796,
5.442613e+07,
3.918743e+07,
1.557861e+07,
7710393,
7773420,
7837487,
7902618,
7968840,
2973684,
3043046,
3115721,
3191953,
3272008,
9999050,
8694375,
1339983,
1617842,
1676176,
1738875,
1806447,
1879482,
240227.6,
253353.5,
267996.6,
284436.3,
303024.7,
8.016634e+07,
2.856212e+07,
5.216746e+07,
4692071,
5152215,
5712425,
6409321,
7299883,
8083327,
9109267,
1.043349e+07,
1.220821e+07,
1.471044e+07,
3.26632e+07,
1.346937e+07,
1.943671e+07,
2309889,
2487148,
2693875,
2938082,
3230979,
3163708,
3488393,
3887342,
4389326,
5040179,
2.069372e+09,
1.225406e+09,
8.5732e+08,
2.273711e+08,
2.356964e+08,
2.450812e+08,
2.558251e+08,
2.683871e+08,
1.487269e+08,
1.590878e+08,
1.71464e+08,
1.866605e+08,
2.060867e+08,
2014, 
1.444149e+07,
1.221115e+07,
2288992,
2374159,
2407713,
2442230,
2477750,
2514320,
431330.9,
444170.8,
457798.3,
472288.7,
487726.3,
1.293309e+08,
1.11067e+08,
1.875188e+07,
2.152418e+07,
2.186336e+07,
2.22134e+07,
2.257484e+07,
2.294823e+07,
3520741,
3631933,
3750377,
3876807,
4012058,
3.175291e+07,
2.60881e+07,
5809454,
4646549,
4915554,
5217620,
5559241,
5948731,
990721.1,
1069500,
1161891,
1271753,
1404560,
1.91883e+07,
1.303636e+07,
6281248,
2213929,
2394555,
2607272,
2861468,
3170583,
1013794,
1122074,
1256250,
1426873,
1651128,
6.480174e+07,
5.790734e+07,
7086290,
1.070348e+07,
1.112518e+07,
1.158147e+07,
1.207679e+07,
1.261637e+07,
1261024,
1334584,
1417258,
1510851,
1617680,
5.389983e+07,
4.590814e+07,
8203424,
8123711,
8620331,
9181627,
9821108,
1.055633e+07,
1389109,
1504452,
1640685,
1804047,
2003537,
4.485548e+07,
2.733691e+07,
1.784819e+07,
4790774,
5106764,
5467382,
5882800,
6366537,
2982889,
3249993,
3569637,
3959015,
4443741,
7.432684e+07,
3.784516e+07,
3.705339e+07,
5869371,
6611716,
7569033,
8850504,
1.065433e+07,
5391019,
6241533,
7410679,
9118781,
1.185015e+07,
6.319982e+07,
1.843761e+07,
4.516146e+07,
3179281,
3414593,
3687521,
4007871,
4389175,
7388426,
8128076,
9032293,
1.016287e+07,
1.161698e+07,
1.704222e+07,
1.161732e+07,
5539325,
2156693,
2236975,
2323465,
2416912,
2518190,
989032.9,
1045082,
1107865,
1178674,
1259151,
1.596351e+08,
1.296634e+08,
3.072807e+07,
2.497373e+07,
2.544417e+07,
2.593268e+07,
2.644032e+07,
2.696822e+07,
5727124,
5928993,
6145613,
6378662,
6630083,
5.874271e+07,
3.986445e+07,
1.927463e+07,
7985724,
7979303,
7972891,
7966490,
7960099,
3755154,
3804386,
3854926,
3906827,
3960145,
2.426931e+07,
1.810376e+07,
6308149,
3350033,
3480135,
3620752,
3773211,
3939072,
1122718,
1188127,
1261630,
1344826,
1439770,
2.841381e+07,
2.097044e+07,
7613648,
4213304,
4203674,
4194088,
4184546,
4175048,
1488869,
1505609,
1522730,
1540244,
1558167,
1.91992e+07,
9436067,
9910739,
1729369,
1804847,
1887214,
1977458,
2076766,
1741182,
1853868,
1982148,
2129501,
2300521,
6.865431e+07,
5.249893e+07,
1.653862e+07,
1.031802e+07,
1.040811e+07,
1.049979e+07,
1.059309e+07,
1.068808e+07,
3153736,
3228895,
3307723,
3390497,
3477520,
5.525656e+07,
4.067426e+07,
1.491499e+07,
6969645,
7507305,
8134853,
8876886,
9767879,
2433001,
2680074,
2982999,
3363128,
3854288,
3.001534e+08,
1.098989e+08,
1.92389e+08,
1.926199e+07,
2.053134e+07,
2.197978e+07,
2.364811e+07,
2.55905e+07,
3.208701e+07,
3.499301e+07,
3.84778e+07,
4.273343e+07,
4.804745e+07,
2.991469e+07,
2.39378e+07,
6125432,
4635664,
4710387,
4787560,
4867302,
4949747,
1148695,
1185662,
1225086,
1267223,
1312362,
4.962948e+08,
2.735428e+08,
2.265356e+08,
5.225506e+07,
5.345368e+07,
5.470856e+07,
5.602379e+07,
5.74038e+07,
4.175423e+07,
4.345818e+07,
4.530712e+07,
4.732037e+07,
4.952087e+07,
1.08344e+08,
5.166746e+07,
5.750758e+07,
9528345,
9914599,
1.033349e+07,
1.078934e+07,
1.128727e+07,
1.017437e+07,
1.079731e+07,
1.150152e+07,
1.230399e+07,
1.322683e+07,
6.875166e+07,
3.480252e+07,
3.447803e+07,
6248711,
6585430,
6960503,
7380882,
7855303,
5917718,
6369347,
6895607,
7516662,
8260661,
5.471105e+07,
3.95877e+07,
1.546239e+07,
7797059,
7856838,
7917540,
7979188,
8041803,
2955008,
3022181,
3092478,
3166124,
3243364,
1.021375e+07,
8898671,
1350743,
1658004,
1716714,
1779734,
1847558,
1920756,
242516.3,
255587.7,
270148.6,
286468.7,
304887.4,
8.261711e+07,
2.995158e+07,
5.325054e+07,
4942588,
5416249,
5990315,
6700499,
7601724,
8293895,
9325472,
1.065011e+07,
1.241337e+07,
1.487633e+07,
3.3748e+07,
1.412288e+07,
1.987719e+07,
2422829,
2608323,
2824575,
3079928,
3386039,
3236912,
3568363,
3975438,
4487351,
5150584,
2.111759e+09,
1.259077e+09,
8.66289e+08,
2.338722e+08,
2.423178e+08,
2.518153e+08,
2.626579e+08,
2.752949e+08,
1.505902e+08,
1.609365e+08,
1.732578e+08,
1.883306e+08,
2.075105e+08,
2015, 
1.458454e+07,
1.237409e+07,
2268781,
2405865,
2439855,
2474818,
2510799,
2547841,
427535.6,
440255.8,
453756.3,
468110.8,
483403.3,
1.303646e+08,
1.122713e+08,
1.857808e+07,
2.175562e+07,
2.209942e+07,
2.245426e+07,
2.282069e+07,
2.319927e+07,
3487808,
3598110,
3715617,
3841057,
3975264,
3.294805e+07,
2.716915e+07,
5927002,
4868261,
5135522,
5433831,
5768934,
6148085,
1017685,
1095159,
1185400,
1291849,
1419303,
1.974179e+07,
1.349966e+07,
6374221,
2303538,
2486033,
2699932,
2954103,
3261103,
1034375,
1142089,
1274844,
1442522,
1660987,
6.606193e+07,
5.915773e+07,
7096779,
1.095928e+07,
1.137872e+07,
1.183155e+07,
1.232191e+07,
1.285467e+07,
1266142,
1338378,
1419356,
1510763,
1614754,
5.576786e+07,
4.764356e+07,
8340216,
8478170,
8972796,
9528712,
1.015806e+07,
1.087643e+07,
1421267,
1534799,
1668043,
1826623,
2018522,
4.679486e+07,
2.876308e+07,
1.837402e+07,
5069540,
5389521,
5752616,
6168170,
6648434,
3090833,
3357616,
3674804,
4058172,
4530845,
7.654561e+07,
3.94436e+07,
3.769055e+07,
6117793,
6891302,
7888719,
9223720,
1.110261e+07,
5484643,
6349478,
7538111,
9274268,
1.204947e+07,
6.493426e+07,
1.927541e+07,
4.60733e+07,
3324251,
3570042,
3855083,
4189589,
4587662,
7539262,
8293190,
9214659,
1.03665e+07,
1.184743e+07,
1.746141e+07,
1.199248e+07,
5585167,
2227551,
2309865,
2398496,
2494199,
2597858,
997876.1,
1054098,
1117034,
1187961,
1268507,
1.593226e+08,
1.298921e+08,
3.017604e+07,
2.49916e+07,
2.547545e+07,
2.597842e+07,
2.650164e+07,
2.704637e+07,
5617626,
5818934,
6035208,
6268179,
6519857,
5.868626e+07,
4.011207e+07,
1.896704e+07,
8036384,
8029393,
8022414,
8015447,
8008494,
3695887,
3744013,
3793409,
3844126,
3896217,
2.52443e+07,
1.889785e+07,
6493767,
3511590,
3640655,
3779570,
3929506,
4091829,
1161278,
1226174,
1298753,
1380465,
1473149,
2.83267e+07,
2.1005e+07,
7490005,
4220256,
4210606,
4201000,
4191438,
4181919,
1464721,
1481174,
1498001,
1515215,
1532829,
2.003795e+07,
9972020,
1.022006e+07,
1837679,
1912837,
1994404,
2083238,
2180354,
1806949,
1918184,
2044011,
2187505,
2352668,
6.856224e+07,
5.268434e+07,
1.625644e+07,
1.034551e+07,
1.044031e+07,
1.053687e+07,
1.063523e+07,
1.073544e+07,
3096924,
3172229,
3251288,
3334388,
3421847,
5.83378e+07,
4.31572e+07,
1.552872e+07,
7460210,
8003202,
8631441,
9366714,
1.023892e+07,
2558363,
2805604,
3105743,
3477792,
3951112,
3.112052e+08,
1.158336e+08,
1.976003e+08,
2.042271e+07,
2.170834e+07,
2.316672e+07,
2.483515e+07,
2.676255e+07,
3.318107e+07,
3.607421e+07,
3.952006e+07,
4.369374e+07,
4.885306e+07,
3.064468e+07,
2.462239e+07,
6172586,
4781877,
4852130,
4924478,
4999016,
5075845,
1161351,
1196817,
1234517,
1274670,
1317522,
5.01362e+08,
2.801446e+08,
2.250278e+08,
5.354236e+07,
5.475742e+07,
5.602891e+07,
5.736085e+07,
5.875766e+07,
4.150173e+07,
4.318269e+07,
4.500555e+07,
4.69891e+07,
4.915555e+07,
1.124959e+08,
5.435165e+07,
5.900812e+07,
1.007794e+07,
1.045915e+07,
1.087033e+07,
1.131517e+07,
1.179796e+07,
1.050548e+07,
1.11159e+07,
1.180163e+07,
1.257752e+07,
1.346262e+07,
6.955173e+07,
3.56481e+07,
3.443851e+07,
6398677,
6744402,
7129621,
7561510,
8049099,
5909295,
6361096,
6887703,
7509370,
8254390,
5.463038e+07,
3.97239e+07,
1.524235e+07,
7823348,
7883596,
7944779,
8006919,
8070040,
2912789,
2979085,
3048471,
3121165,
3197411,
1.042966e+07,
9104746,
1360913,
1698509,
1757599,
1820949,
1889037,
1962414,
244690.5,
257705.4,
272182.6,
288383.2,
306634.4,
8.515187e+07,
3.140141e+07,
5.435791e+07,
5206667,
5693302,
6280281,
7002209,
7911667,
8512794,
9548674,
1.087158e+07,
1.262e+07,
1.503858e+07,
3.48941e+07,
1.481518e+07,
2.034063e+07,
2542675,
2736808,
2963036,
3230034,
3549915,
3314170,
3652647,
4068126,
4590256,
5266147,
2.154088e+09,
1.292956e+09,
8.749892e+08,
2.404079e+08,
2.489783e+08,
2.585912e+08,
2.695333e+08,
2.822444e+08,
1.524125e+08,
1.627383e+08,
1.749979e+08,
1.899397e+08,
2.088681e+08,
2016, 
1.476214e+07,
1.256722e+07,
2253045,
2443802,
2478134,
2513444,
2549775,
2587171,
424655,
437247.2,
450609,
464813.2,
479942.1,
1.314097e+08,
1.134903e+08,
1.840103e+07,
2.198986e+07,
2.233835e+07,
2.269805e+07,
2.306953e+07,
2.345337e+07,
3454270,
3563660,
3680206,
3804633,
3937767,
3.411965e+07,
2.823779e+07,
6033163,
5087658,
5353007,
5647558,
5976412,
6345932,
1042410,
1118525,
1206633,
1309807,
1432276,
2.031518e+07,
1.398137e+07,
6468712,
2397276,
2581448,
2796274,
3050101,
3354611,
1055481,
1162530,
1293743,
1458343,
1670934,
6.732554e+07,
6.041584e+07,
7102859,
1.121749e+07,
1.163425e+07,
1.208317e+07,
1.256812e+07,
1.309363e+07,
1270475,
1341337,
1420572,
1509755,
1610886,
5.768381e+07,
4.942957e+07,
8474297,
8844014,
9335985,
9885914,
1.050469e+07,
1.120609e+07,
1453059,
1564673,
1694860,
1848677,
2033200,
4.878277e+07,
3.023905e+07,
1.889871e+07,
5359644,
5682970,
6047811,
6462709,
6938728,
3199524,
3465515,
3779743,
4156636,
4617016,
7.8846e+07,
4.111064e+07,
3.834116e+07,
6377227,
7183108,
8222128,
9612560,
1.156897e+07,
5580573,
6459923,
7668232,
9432563,
1.225141e+07,
6.673344e+07,
2.014986e+07,
4.701376e+07,
3475728,
3732387,
4029972,
4379122,
4794510,
7695212,
8463717,
9402751,
1.057616e+07,
1.208419e+07,
1.792192e+07,
1.240034e+07,
5639833,
2310802,
2392445,
2480067,
2574352,
2676090,
1011421,
1066520,
1127967,
1196927,
1274869,
1.589937e+08,
1.301048e+08,
2.962339e+07,
2.500537e+07,
2.550307e+07,
2.602097e+07,
2.656034e+07,
2.712256e+07,
5508018,
5708756,
5924679,
6157577,
6409535,
5.860153e+07,
4.033912e+07,
1.865148e+07,
8082370,
8075091,
8067824,
8060570,
8053331,
3634750,
3681904,
3730296,
3779978,
3831001,
2.617927e+07,
1.966695e+07,
6664022,
3669033,
3796616,
3933391,
4080389,
4238801,
1197146,
1261338,
1332804,
1412855,
1503137,
2.824459e+07,
2.104254e+07,
7368403,
4227640,
4218053,
4208509,
4199007,
4189549,
1440905,
1457109,
1473681,
1490634,
1507982,
2.089345e+07,
1.052647e+07,
1.052771e+07,
1950038,
2024694,
2105293,
2192576,
2287409,
1872620,
1982262,
2105542,
2245174,
2404640,
6.846518e+07,
5.286482e+07,
1.597412e+07,
1.037128e+07,
1.047115e+07,
1.057296e+07,
1.067678e+07,
1.078265e+07,
3039958,
3115468,
3194824,
3278329,
3366316,
6.151266e+07,
4.573211e+07,
1.614427e+07,
7974433,
8520313,
9146423,
9871848,
1.072226e+07,
2686130,
2932594,
3228853,
3591699,
4046418,
3.226616e+08,
1.22051e+08,
2.029368e+08,
2.16446e+07,
2.294436e+07,
2.44102e+07,
2.607612e+07,
2.798608e+07,
3.430611e+07,
3.718333e+07,
4.058736e+07,
4.467744e+07,
4.968425e+07,
3.132336e+07,
2.527023e+07,
6204818,
4921055,
4986664,
5054047,
5123275,
5194426,
1171078,
1205008,
1240963,
1279130,
1319719,
5.056851e+08,
2.863906e+08,
2.231237e+08,
5.474951e+07,
5.598528e+07,
5.727812e+07,
5.863209e+07,
6.005162e+07,
4.116423e+07,
4.28247e+07,
4.462475e+07,
4.658276e+07,
4.872049e+07,
1.167274e+08,
5.71251e+07,
6.049952e+07,
1.064707e+07,
1.102233e+07,
1.142502e+07,
1.185824e+07,
1.232562e+07,
1.083547e+07,
1.143283e+07,
1.20999e+07,
1.284964e+07,
1.369843e+07,
7.03245e+07,
3.648859e+07,
3.437642e+07,
6547640,
6902361,
7297718,
7741118,
8241884,
5897005,
6348680,
6875285,
7497153,
8242704,
5.452002e+07,
3.983754e+07,
1.501495e+07,
7844804,
7905680,
7967508,
8030310,
8094110,
2869004,
2934469,
3002990,
3074788,
3150104,
1.065352e+07,
9318511,
1371359,
1740453,
1799970,
1863702,
1932113,
2005738,
246904.7,
259869.7,
274271.7,
290363.7,
308461.8,
8.781237e+07,
3.292873e+07,
5.551447e+07,
5487424,
5986627,
6585747,
7318117,
8233755,
8744043,
9783291,
1.110289e+07,
1.283398e+07,
1.520458e+07,
3.610454e+07,
1.554865e+07,
2.08277e+07,
2669886,
2873071,
3109729,
3388874,
3723077,
3395644,
3741395,
4165539,
4698145,
5386917,
2.196603e+09,
1.327258e+09,
8.834497e+08,
2.470361e+08,
2.557274e+08,
2.654516e+08,
2.764892e+08,
2.89272e+08,
1.541961e+08,
1.644966e+08,
1.766899e+08,
1.91498e+08,
2.101772e+08,
2017, 
1.4957e+07,
1.277606e+07,
2238894,
2484587,
2519405,
2555213,
2592053,
2629971,
422029,
434522.8,
447778.8,
461869.1,
476874.9,
1.324867e+08,
1.147415e+08,
1.822344e+07,
2.223154e+07,
2.258423e+07,
2.29483e+07,
2.33243e+07,
2.371282e+07,
3420852,
3529225,
3644689,
3767964,
3899870,
3.525364e+07,
2.928211e+07,
6125719,
5302292,
5565598,
5856422,
6179315,
6539891,
1064444,
1139155,
1225144,
1325175,
1442993,
2.090681e+07,
1.448063e+07,
6563954,
2495009,
2680645,
2896125,
3149275,
3450920,
1076974,
1183247,
1312791,
1474187,
1680830,
6.860106e+07,
6.16893e+07,
7105387,
1.147948e+07,
1.18932e+07,
1.233786e+07,
1.281706e+07,
1.333499e+07,
1274162,
1343615,
1421077,
1508018,
1606289,
5.961876e+07,
5.124164e+07,
8601130,
9216613,
9705128,
1.024833e+07,
1.085594e+07,
1.154014e+07,
1483640,
1593198,
1720226,
1869265,
2046580,
5.081643e+07,
3.17638e+07,
1.942049e+07,
5660813,
5986859,
6352760,
6766297,
7237422,
3308514,
3573276,
3884098,
4254146,
4702130,
8.12221e+07,
4.284456e+07,
3.900096e+07,
6647491,
7486890,
8568913,
1.001653e+07,
1.205268e+07,
5678249,
6572188,
7800192,
9592542,
1.245433e+07,
6.858714e+07,
2.105874e+07,
4.797477e+07,
3633373,
3901241,
4211748,
4575958,
5009120,
7855024,
8638246,
9594955,
1.078997e+07,
1.232501e+07,
1.829222e+07,
1.274983e+07,
5661978,
2383701,
2464032,
2549967,
2642112,
2741167,
1019221,
1072832,
1132396,
1198962,
1273844,
1.586441e+08,
1.302981e+08,
2.906952e+07,
2.501442e+07,
2.552633e+07,
2.605963e+07,
2.661568e+07,
2.719599e+07,
5398215,
5598355,
5813905,
6046719,
6298956,
5.850178e+07,
4.055438e+07,
1.833251e+07,
8125454,
8118159,
8110877,
8103609,
8096352,
3572659,
3618972,
3666501,
3715296,
3765406,
2.702114e+07,
2.037074e+07,
6805875,
3814627,
3940119,
4074149,
4217619,
4371562,
1227895,
1291105,
1361175,
1439287,
1526911,
2.81417e+07,
2.106381e+07,
7242150,
4231592,
4222156,
4212763,
4203411,
4194101,
1416118,
1432092,
1448430,
1465145,
1482251,
2.175339e+07,
1.10934e+07,
1.082731e+07,
2065260,
2139223,
2218680,
2304268,
2396725,
1936947,
2044840,
2165462,
2301207,
2455108,
6.829228e+07,
5.298537e+07,
1.567546e+07,
1.038452e+07,
1.048972e+07,
1.059707e+07,
1.070665e+07,
1.081852e+07,
2979760,
3055452,
3135091,
3218993,
3307508,
6.475473e+07,
4.838023e+07,
1.675381e+07,
8508671,
9054889,
9676046,
1.03887e+07,
1.121468e+07,
2814714,
3059435,
3350761,
3703408,
4139014,
3.343926e+08,
1.285081e+08,
2.083104e+08,
2.29197e+07,
2.423107e+07,
2.570162e+07,
2.736219e+07,
2.925215e+07,
3.544571e+07,
3.830331e+07,
4.166208e+07,
4.566651e+07,
5.052259e+07,
3.195062e+07,
2.588073e+07,
6222629,
5053050,
5113857,
5176147,
5239972,
5305391,
1177962,
1210329,
1244526,
1280711,
1319064,
5.098009e+08,
2.925719e+08,
2.210736e+08,
5.593872e+07,
5.719757e+07,
5.851439e+07,
5.989327e+07,
6.133871e+07,
4.079438e+07,
4.243574e+07,
4.421473e+07,
4.61494e+07,
4.826112e+07,
1.209753e+08,
5.995772e+07,
6.194799e+07,
1.122973e+07,
1.159814e+07,
1.199154e+07,
1.241257e+07,
1.286424e+07,
1.11577e+07,
1.174143e+07,
1.23896e+07,
1.311351e+07,
1.392727e+07,
7.19826e+07,
3.780269e+07,
3.473264e+07,
6802251,
7161379,
7560539,
8006824,
8509100,
5977249,
6425542,
6946529,
7559455,
8291011,
5.437775e+07,
3.99267e+07,
1.477991e+07,
7861435,
7922903,
7985339,
8048767,
8113212,
2823771,
2888364,
2955982,
3026842,
3101182,
1.088367e+07,
9538545,
1381825,
1783565,
1843549,
1907709,
1976496,
2050429,
249112,
262031.8,
276364.9,
292356.9,
310313.3,
9.073505e+07,
3.458779e+07,
5.680342e+07,
5794226,
6306258,
6917558,
7660093,
8581205,
9000925,
1.004407e+07,
1.136068e+07,
1.307455e+07,
1.539739e+07,
3.734965e+07,
1.631147e+07,
2.132034e+07,
2802493,
3014963,
3262293,
3553828,
3902583,
3478445,
3831399,
4264068,
4806899,
5508098,
2.240299e+09,
1.36246e+09,
8.921962e+08,
2.538646e+08,
2.626675e+08,
2.72492e+08,
2.836128e+08,
2.964541e+08,
1.560547e+08,
1.66322e+08,
1.784392e+08,
1.931024e+08,
2.11522e+08,
2018, 
1.516093e+07,
1.299374e+07,
2224972,
2526868,
2562304,
2598748,
2636244,
2674838,
419402.5,
431819.6,
444994.3,
458998.3,
473912.4,
1.335736e+08,
1.160063e+08,
1.804214e+07,
2.247892e+07,
2.283438e+07,
2.320125e+07,
2.358011e+07,
2.397155e+07,
3387271,
3494354,
3608428,
3730202,
3860482,
3.631541e+07,
3.027289e+07,
6199114,
5506569,
5767586,
6054579,
6371629,
6723719,
1082763,
1155982,
1239823,
1336776,
1450178,
2.15248e+07,
1.50033e+07,
6662220,
2597765,
2784715,
3000659,
3252910,
3551465,
1099207,
1204640,
1332444,
1490585,
1691319,
6.990079e+07,
6.298927e+07,
7105557,
1.174727e+07,
1.21577e+07,
1.259785e+07,
1.307107e+07,
1.358123e+07,
1277405,
1345432,
1421112,
1505813,
1601250,
6.154127e+07,
5.305284e+07,
8716131,
9590785,
1.007494e+07,
1.061057e+07,
1.120635e+07,
1.187302e+07,
1512139,
1619481,
1743226,
1887447,
2057684,
5.288179e+07,
3.33291e+07,
1.993339e+07,
5971451,
6299560,
6665821,
7077300,
7542923,
3416622,
3679703,
3986679,
4349535,
4785056,
8.363751e+07,
4.462724e+07,
3.96514e+07,
6925871,
7799540,
8925449,
1.043126e+07,
1.254828e+07,
5775032,
6683193,
7930280,
9749551,
1.265203e+07,
7.051245e+07,
2.200817e+07,
4.896742e+07,
3798289,
4077764,
4401634,
4781388,
5232856,
8020590,
8818815,
9793483,
1.101036e+07,
1.257256e+07,
1.883144e+07,
1.322151e+07,
5731881,
2479982,
2559508,
2644303,
2734909,
2831944,
1035700,
1088232,
1146376,
1211085,
1283536,
1.582535e+08,
1.304548e+08,
2.85109e+07,
2.50155e+07,
2.554192e+07,
2.609096e+07,
2.666413e+07,
2.726305e+07,
5287587,
5487063,
5702181,
5934854,
6187322,
5.837719e+07,
4.07508e+07,
1.800731e+07,
8164222,
8157185,
8150160,
8143147,
8136147,
3509087,
3554674,
3601462,
3649498,
3698833,
2.774502e+07,
2.098964e+07,
6913882,
3944441,
4067239,
4197929,
4337296,
4486235,
1252443,
1314387,
1382776,
1458673,
1543386,
2.801189e+07,
2.106399e+07,
7109907,
4231141,
4221950,
4212799,
4203687,
4194614,
1390101,
1405861,
1421981,
1438476,
1455358,
2.261925e+07,
1.167363e+07,
1.111951e+07,
2183409,
2256534,
2334727,
2418533,
2508580,
1999936,
2105982,
2223903,
2355813,
2504358,
6.802506e+07,
5.30307e+07,
1.535714e+07,
1.038222e+07,
1.049299e+07,
1.060614e+07,
1.072176e+07,
1.083993e+07,
2915717,
2991548,
3071428,
3155691,
3244709,
6.820833e+07,
5.121062e+07,
1.739344e+07,
9081700,
9627070,
1.024212e+07,
1.094113e+07,
1.174254e+07,
2949898,
3192545,
3478687,
3821173,
4238459,
3.462067e+08,
1.351347e+08,
2.135985e+08,
2.423486e+07,
2.555486e+07,
2.702693e+07,
2.867897e+07,
3.054611e+07,
3.657707e+07,
3.941047e+07,
4.27197e+07,
4.663562e+07,
5.13419e+07,
3.255801e+07,
2.647904e+07,
6232580,
5182753,
5238670,
5295807,
5354205,
5413905,
1183238,
1214053,
1246516,
1280763,
1316944,
5.130648e+08,
2.983088e+08,
2.186076e+08,
5.703691e+07,
5.831982e+07,
5.966176e+07,
6.106691e+07,
6.253984e+07,
4.034246e+07,
4.196408e+07,
4.372152e+07,
4.56326e+07,
4.771839e+07,
1.251773e+08,
6.281837e+07,
6.332189e+07,
1.181961e+07,
1.218029e+07,
1.256367e+07,
1.297198e+07,
1.340772e+07,
1.146585e+07,
1.203535e+07,
1.266438e+07,
1.336279e+07,
1.414272e+07,
7.380372e+07,
3.922323e+07,
3.514652e+07,
7080741,
7443144,
7844646,
8291933,
8793310,
6071142,
6515183,
7029303,
7631515,
8346579,
5.420319e+07,
3.999074e+07,
1.453747e+07,
7873118,
7935141,
7998148,
8062165,
8127214,
2777133,
2840818,
2907493,
2977373,
3050694,
1.11159e+07,
9761181,
1391752,
1827152,
1887624,
1952236,
2021428,
2095705,
251210.6,
264085,
278350.3,
294244.8,
312064.5,
9.390298e+07,
3.637679e+07,
5.820951e+07,
6127162,
6652077,
7275358,
8027514,
8953122,
9281299,
1.032844e+07,
1.16419e+07,
1.333811e+07,
1.561288e+07,
3.86094e+07,
1.709534e+07,
2.180665e+07,
2939133,
3160987,
3419068,
3723038,
4086331,
3560688,
3920551,
4361331,
4913777,
5626478,
2.283762e+09,
1.397867e+09,
9.004988e+08,
2.607478e+08,
2.696555e+08,
2.795733e+08,
2.90771e+08,
3.036662e+08,
1.57841e+08,
1.680667e+08,
1.800998e+08,
1.946113e+08,
2.127691e+08,
2019, 
1.536042e+07,
1.320873e+07,
2209262,
2568410,
2604562,
2641746,
2680007,
2719393,
416399.5,
428748.5,
441852.5,
455782.6,
470619.8,
1.346627e+08,
1.172779e+08,
1.785603e+07,
2.272975e+07,
2.308696e+07,
2.345558e+07,
2.383616e+07,
2.42293e+07,
3353127,
3458732,
3571206,
3691241,
3819626,
3.731048e+07,
3.12141e+07,
6254950,
5700915,
5959574,
6242820,
6554335,
6898570,
1097591,
1169281,
1250990,
1344977,
1454234,
2.215761e+07,
1.554163e+07,
6759657,
2704207,
2892218,
3108325,
3359336,
3654449,
1121526,
1225997,
1351931,
1506699,
1701483,
7.120254e+07,
6.429584e+07,
7101014,
1.20171e+07,
1.242388e+07,
1.285917e+07,
1.332606e+07,
1.382814e+07,
1279769,
1346334,
1420203,
1502648,
1595256,
6.344164e+07,
5.485462e+07,
8818060,
9964595,
1.044357e+07,
1.097093e+07,
1.155437e+07,
1.220335e+07,
1538255,
1643243,
1763612,
1903009,
2066334,
5.496014e+07,
3.492352e+07,
2.043002e+07,
6289326,
6618801,
6984704,
7393430,
7852964,
3522392,
3783323,
4086005,
4441330,
4864340,
8.610622e+07,
4.646684e+07,
4.029839e+07,
7213747,
8122558,
9293367,
1.085855e+07,
1.305772e+07,
5871852,
6793975,
8059678,
9904947,
1.284606e+07,
7.254894e+07,
2.301175e+07,
5.001795e+07,
3972878,
4264511,
4602351,
4998324,
5468849,
8196305,
9010214,
1.000359e+07,
1.124315e+07,
1.283334e+07,
1.940322e+07,
1.37215e+07,
5806138,
2582177,
2660771,
2744301,
2833245,
2928147,
1053072,
1104508,
1161228,
1224087,
1294142,
1.578624e+08,
1.306082e+08,
2.795511e+07,
2.50151e+07,
2.55564e+07,
2.612164e+07,
2.671245e+07,
2.733061e+07,
5177569,
5376359,
5591022,
5823541,
6076239,
5.822625e+07,
4.092694e+07,
1.76758e+07,
8198387,
8191883,
8185389,
8178905,
8172431,
3444031,
3489001,
3535161,
3582558,
3631244,
2.844517e+07,
2.159426e+07,
7012225,
4071519,
4191540,
4318853,
4454141,
4598179,
1275087,
1335737,
1402445,
1476166,
1558067,
2.786073e+07,
2.104701e+07,
6973352,
4227076,
4218221,
4209402,
4200621,
4191875,
1363185,
1378748,
1394670,
1410965,
1427645,
2.349312e+07,
1.226833e+07,
1.140527e+07,
2304622,
2376810,
2453667,
2535660,
2623323,
2061656,
2165813,
2281055,
2409249,
2552710,
6.768385e+07,
5.301574e+07,
1.502474e+07,
1.036734e+07,
1.048392e+07,
1.060315e+07,
1.072512e+07,
1.084993e+07,
2848906,
2924847,
3004947,
3089558,
3179072,
7.180745e+07,
5.417573e+07,
1.804425e+07,
9684813,
1.022774e+07,
1.083515e+07,
1.151926e+07,
1.229558e+07,
3088256,
3328320,
3608851,
3941025,
4340547,
3.580477e+08,
1.419094e+08,
2.187657e+08,
2.558535e+07,
2.691116e+07,
2.838188e+07,
3.002264e+07,
3.186474e+07,
3.769186e+07,
4.049696e+07,
4.375315e+07,
4.757876e+07,
5.213744e+07,
3.314499e+07,
2.706449e+07,
6234769,
5310036,
5360973,
5412898,
5465839,
5519825,
1186926,
1216200,
1246954,
1279304,
1313376,
5.153223e+08,
3.034908e+08,
2.156806e+08,
5.802262e+07,
5.933024e+07,
6.069816e+07,
6.213065e+07,
6.36324e+07,
3.98003e+07,
4.140112e+07,
4.313612e+07,
4.50229e+07,
4.708229e+07,
1.293258e+08,
6.570218e+07,
6.461842e+07,
1.241525e+07,
1.276755e+07,
1.314044e+07,
1.353576e+07,
1.39556e+07,
1.175877e+07,
1.231374e+07,
1.292369e+07,
1.359721e+07,
1.434479e+07,
7.56069e+07,
4.065587e+07,
3.552998e+07,
7361961,
7727473,
8131174,
8579381,
9079885,
6159242,
6598833,
7105996,
7697606,
8396670,
5.400391e+07,
4.003496e+07,
1.428997e+07,
7880894,
7943443,
8006992,
8071566,
8137190,
2729541,
2792291,
2857994,
2926864,
2999134,
1.135304e+07,
9988923,
1401481,
1871675,
1932675,
1997785,
2067435,
2142117,
253260.9,
266093.6,
280296.2,
296100.3,
313793.1,
9.727853e+07,
3.828534e+07,
5.970524e+07,
6484826,
7022363,
7657069,
8417908,
9346630,
9580937,
1.063159e+07,
1.194105e+07,
1.361839e+07,
1.584395e+07,
3.989245e+07,
1.790437e+07,
2.229125e+07,
3080585,
3311943,
3580875,
3897341,
4275167,
3643187,
4009718,
4458250,
5019768,
5743116,
2.326509e+09,
1.433189e+09,
9.081597e+08,
2.676252e+08,
2.766317e+08,
2.866378e+08,
2.979085e+08,
3.108564e+08,
1.59513e+08,
1.696897e+08,
1.816319e+08,
1.959878e+08,
2.138855e+08,
2020, 
1.55103e+07,
1.3382e+07,
2185438,
2601833,
2638590,
2676400,
2715310,
2755368,
411867.7,
424103,
437087.5,
450892.3,
465597.5,
1.355996e+08,
1.184216e+08,
1.764501e+07,
2.295798e+07,
2.331549e+07,
2.368432e+07,
2.4065e+07,
2.445812e+07,
3314636,
3418462,
3529003,
3646932,
3773015,
3.821697e+07,
3.208677e+07,
6290246,
5881626,
6137822,
6417355,
6723563,
7060458,
1108367,
1178474,
1258049,
1349149,
1454472,
2.280402e+07,
1.609494e+07,
6855707,
2814198,
3003013,
3218988,
3468435,
3759790,
1143807,
1247199,
1371142,
1522436,
1711259,
7.245035e+07,
6.555837e+07,
7086283,
1.227942e+07,
1.268191e+07,
1.311168e+07,
1.357159e+07,
1.406495e+07,
1280250,
1345274,
1417257,
1497378,
1587101,
6.530056e+07,
5.663008e+07,
8904475,
1.033455e+07,
1.080759e+07,
1.132602e+07,
1.189668e+07,
1.252791e+07,
1561476,
1663983,
1780895,
1915477,
2072061,
5.705657e+07,
3.655043e+07,
2.09121e+07,
6614829,
6945101,
7310087,
7715562,
8168661,
3625922,
3884340,
4182419,
4530050,
4940706,
8.866154e+07,
4.838239e+07,
4.095642e+07,
7514215,
8459361,
9676478,
1.130269e+07,
1.358591e+07,
5970902,
6907034,
8191284,
1.006218e+07,
1.304069e+07,
7.465217e+07,
2.405679e+07,
5.109433e+07,
4155016,
4459165,
4811358,
5223956,
5713957,
8377025,
9206733,
1.021887e+07,
1.148102e+07,
1.30989e+07,
1.998008e+07,
1.423072e+07,
5876186,
2686702,
2764126,
2846144,
2933179,
3025705,
1069770,
1120026,
1175237,
1236173,
1303774,
1.573005e+08,
1.306167e+08,
2.73725e+07,
2.49862e+07,
2.554213e+07,
2.612335e+07,
2.673164e+07,
2.736893e+07,
5062706,
5260557,
5474500,
5706583,
5959215,
5.800274e+07,
4.104973e+07,
1.732456e+07,
8221311,
8215625,
8209947,
8204276,
8198614,
3374890,
3419308,
3464911,
3511747,
3559867,
2.912775e+07,
2.21891e+07,
7102607,
4196596,
4313839,
4437821,
4569141,
4708469,
1296099,
1355461,
1420521,
1492142,
1571368,
2.76646e+07,
2.099472e+07,
6826882,
4215746,
4207328,
4198944,
4190593,
4182275,
1334275,
1349647,
1365376,
1381477,
1397962,
2.437483e+07,
1.287752e+07,
1.168438e+07,
2428820,
2500012,
2575504,
2655696,
2741044,
2121980,
2224249,
2336876,
2461517,
2600202,
6.721488e+07,
5.289731e+07,
1.466735e+07,
1.033147e+07,
1.045399e+07,
1.057946e+07,
1.070798e+07,
1.083966e+07,
2777285,
2853242,
2933470,
3018340,
3108267,
7.516288e+07,
5.698204e+07,
1.860833e+07,
1.026462e+07,
1.080094e+07,
1.139641e+07,
1.206136e+07,
1.280872e+07,
3212591,
3448441,
3721666,
4041911,
4422460,
3.698066e+08,
1.487885e+08,
2.237461e+08,
2.69622e+07,
2.829106e+07,
2.97577e+07,
3.138472e+07,
3.319994e+07,
3.877638e+07,
4.154924e+07,
4.474921e+07,
4.848322e+07,
5.28971e+07,
3.323818e+07,
2.724882e+07,
6141940,
5346363,
5397569,
5449765,
5502981,
5557246,
1169317,
1198125,
1228388,
1260219,
1293744,
5.166586e+08,
3.081461e+08,
2.123505e+08,
5.890084e+07,
6.023414e+07,
6.162922e+07,
6.309044e+07,
6.462264e+07,
3.917876e+07,
4.075809e+07,
4.24701e+07,
4.433224e+07,
4.636516e+07,
1.334348e+08,
6.861517e+07,
6.584564e+07,
1.301728e+07,
1.336085e+07,
1.372303e+07,
1.410541e+07,
1.45097e+07,
1.203738e+07,
1.257785e+07,
1.316913e+07,
1.381875e+07,
1.453578e+07,
7.733269e+07,
4.206788e+07,
3.585587e+07,
7639812,
8008046,
8413576,
8862369,
9361738,
6236683,
6671363,
7171174,
7751941,
8435065,
5.376911e+07,
4.005104e+07,
1.403487e+07,
7883130,
7946162,
8010207,
8075295,
8141448,
2680508,
2742283,
2806974,
2874790,
2945964,
1.156285e+07,
1.019338e+07,
1407063,
1911800,
1973200,
2038675,
2108645,
2183587,
254547.8,
267306.9,
281412.6,
297090,
314617.1,
1.009743e+08,
4.036218e+07,
6.135534e+07,
6875793,
7426218,
8072437,
8841842,
9773366,
9910336,
1.096508e+07,
1.227107e+07,
1.393022e+07,
1.610819e+07,
4.122425e+07,
1.875051e+07,
2.278782e+07,
3228987,
3470089,
3750102,
4079271,
4471788,
3728248,
4101404,
4557565,
5127892,
5861377,
2.367082e+09,
1.467225e+09,
9.149179e+08,
2.742513e+08,
2.833534e+08,
2.93445e+08,
3.047876e+08,
3.1779e+08,
1.61016e+08,
1.711373e+08,
1.829836e+08,
1.971818e+08,
2.148239e+08,
2021, 
1.558243e+07,
1.348146e+07,
2157528,
2620944,
2658085,
2696293,
2735615,
2776102,
406573.7,
418668.8,
431505.6,
445154.4,
459695,
1.364874e+08,
1.194838e+08,
1.7467e+07,
2.317293e+07,
2.352928e+07,
2.389675e+07,
2.427589e+07,
2.466726e+07,
3282700,
3384774,
3493401,
3609230,
3733004,
3.909452e+07,
3.292116e+07,
6335009,
6054184,
6308094,
6584233,
6885655,
7215999,
1120393,
1189196,
1267002,
1355702,
1457757,
2.347173e+07,
1.665099e+07,
6970595,
2925670,
3114855,
3330197,
3577527,
3864541,
1169451,
1271940,
1394119,
1542264,
1725639,
7.356734e+07,
6.666453e+07,
7097715,
1.251328e+07,
1.29101e+07,
1.333291e+07,
1.378434e+07,
1.426743e+07,
1285441,
1349168,
1419543,
1497664,
1584885,
6.710405e+07,
5.833515e+07,
9006146,
1.069238e+07,
1.115846e+07,
1.166703e+07,
1.222417e+07,
1.283719e+07,
1587179,
1687443,
1801229,
1931470,
2082014,
5.919346e+07,
3.818058e+07,
2.143178e+07,
6942644,
7272887,
7636117,
8037535,
8483499,
3736237,
3992436,
4286357,
4626993,
5026445,
9.141336e+07,
5.036697e+07,
4.174335e+07,
7826746,
8809081,
1.007339e+07,
1.176144e+07,
1.412913e+07,
6089750,
7042503,
8348670,
1.024967e+07,
1.327162e+07,
7.678785e+07,
2.51493e+07,
5.215618e+07,
4345773,
4662860,
5029861,
5459568,
5969555,
8556159,
9401111,
1.043124e+07,
1.171489e+07,
1.335881e+07,
2.048942e+07,
1.467663e+07,
5941766,
2779905,
2855502,
2935326,
3019741,
3109155,
1085763,
1134744,
1188353,
1247279,
1312353,
1.565625e+08,
1.303962e+08,
2.684375e+07,
2.491342e+07,
2.5483e+07,
2.607924e+07,
2.670405e+07,
2.735954e+07,
4958044,
5155230,
5368750,
5600721,
5853644,
5.786723e+07,
4.117614e+07,
1.705892e+07,
8244633,
8239928,
8235229,
8230535,
8225846,
3322287,
3366441,
3411785,
3458367,
3506239,
2.979775e+07,
2.277368e+07,
7190612,
4319503,
4434002,
4554736,
4682229,
4817065,
1316476,
1374613,
1438122,
1507784,
1584538,
2.686092e+07,
2.046685e+07,
6545197,
4108808,
4101075,
4093370,
4085694,
4078047,
1278905,
1293797,
1309039,
1324646,
1340628,
2.52471e+07,
1.347592e+07,
1.196471e+07,
2551204,
2621218,
2695184,
2773445,
2856386,
2182316,
2282781,
2392942,
2514274,
2648568,
6.673119e+07,
5.272409e+07,
1.435069e+07,
1.028437e+07,
1.041297e+07,
1.054482e+07,
1.068005e+07,
1.08188e+07,
2713369,
2789553,
2870138,
2955519,
3046134,
7.879591e+07,
5.996827e+07,
1.92721e+07,
1.088119e+07,
1.141037e+07,
1.199365e+07,
1.263978e+07,
1.335949e+07,
3354754,
3587271,
3854421,
4164562,
4528980,
3.810567e+08,
1.556479e+08,
2.282338e+08,
2.834141e+07,
2.967014e+07,
3.112958e+07,
3.274003e+07,
3.45262e+07,
3.977472e+07,
4.250892e+07,
4.564676e+07,
4.928477e+07,
5.35529e+07,
3.326935e+07,
2.736353e+07,
6056778,
5368660,
5420183,
5472706,
5526255,
5580865,
1153072,
1181495,
1211356,
1242765,
1275845,
5.167287e+08,
3.113233e+08,
2.092253e+08,
5.949264e+07,
6.08471e+07,
6.226465e+07,
6.374984e+07,
6.530761e+07,
3.859221e+07,
4.015287e+07,
4.184507e+07,
4.368618e+07,
4.569676e+07,
1.373591e+08,
7.142994e+07,
6.698473e+07,
1.360118e+07,
1.393518e+07,
1.428599e+07,
1.465492e+07,
1.504341e+07,
1.229791e+07,
1.282393e+07,
1.339695e+07,
1.402357e+07,
1.471169e+07,
7.895917e+07,
4.338055e+07,
3.618098e+07,
7900049,
8269913,
8676110,
9124271,
9621254,
6313421,
6743387,
7236197,
7806716,
8474898,
5.35064e+07,
4.002586e+07,
1.379322e+07,
7877339,
7940741,
8005172,
8070658,
8137223,
2634083,
2694925,
2758644,
2825449,
2895569,
1.171137e+07,
1.034346e+07,
1405531,
1941679,
2003174,
2068691,
2138639,
2213483,
254531.4,
267159.5,
281106.1,
296589,
313876.8,
1.049783e+08,
4.259694e+07,
6.315797e+07,
7298687,
7861937,
8519389,
9296835,
1.023042e+07,
1.026943e+07,
1.132869e+07,
1.263159e+07,
1.427314e+07,
1.640508e+07,
4.260646e+07,
1.961475e+07,
2.3317e+07,
3381248,
3632012,
3922949,
4264556,
4671332,
3819424,
4199428,
4663401,
5242633,
5986164,
2.40523e+09,
1.498618e+09,
9.218884e+08,
2.803805e+08,
2.895621e+08,
2.997236e+08,
3.111233e+08,
3.241668e+08,
1.625546e+08,
1.726225e+08,
1.843777e+08,
1.98428e+08,
2.158337e+08,
2022, 
1.576354e+07,
1.367579e+07,
2144122,
2661749,
2697954,
2735158,
2773401,
2812730,
404579.2,
416349.2,
428824.5,
442070.5,
456160.9,
1.377511e+08,
1.208793e+08,
1.733271e+07,
2.346403e+07,
2.381463e+07,
2.417586e+07,
2.454823e+07,
2.493224e+07,
3260749,
3360497,
3466541,
3579496,
3700059,
3.968469e+07,
3.351713e+07,
6329559,
6173196,
6427395,
6703426,
7004231,
7333300,
1121391,
1189277,
1265912,
1353103,
1453194,
2.386735e+07,
1.701772e+07,
7000894,
2995358,
3186432,
3403544,
3652406,
3940532,
1176906,
1278870,
1400179,
1546913,
1728001,
7.439898e+07,
6.751458e+07,
7079069,
1.268925e+07,
1.308345e+07,
1.350292e+07,
1.395018e+07,
1.442808e+07,
1283962,
1346668,
1415814,
1492445,
1577845,
6.818214e+07,
5.941555e+07,
9004376,
1.09102e+07,
1.137589e+07,
1.188311e+07,
1.243767e+07,
1.304652e+07,
1590164,
1688973,
1800875,
1928658,
2075960,
6.051702e+07,
3.930094e+07,
2.164197e+07,
7156215,
7491701,
7860189,
8266802,
8717778,
3778932,
4035044,
4328395,
4667744,
5064829,
9.495759e+07,
5.28204e+07,
4.285964e+07,
8235584,
9255630,
1.056408e+07,
1.230339e+07,
1.47283e+07,
6276489,
7246782,
8571929,
1.049016e+07,
1.351443e+07,
7.964982e+07,
2.650519e+07,
5.368601e+07,
4593295,
4921854,
5301038,
5743524,
6266608,
8836511,
9694574,
1.07372e+07,
1.203112e+07,
1.367962e+07,
2.074348e+07,
1.494264e+07,
5930296,
2832258,
2908296,
2988528,
3073314,
3163050,
1084559,
1133040,
1186059,
1244283,
1308519,
1.574912e+08,
1.31564e+08,
2.660064e+07,
2.515656e+07,
2.572168e+07,
2.631279e+07,
2.69317e+07,
2.758043e+07,
4917693,
5111001,
5320128,
5547099,
5794299,
5.79782e+07,
4.14775e+07,
1.686633e+07,
8308342,
8301916,
8295500,
8289094,
8282698,
3286382,
3329258,
3373266,
3418454,
3464869,
3.02738e+07,
2.321279e+07,
7228975,
4409382,
4522966,
4642558,
4768645,
4901773,
1325785,
1383192,
1445795,
1514334,
1589694,
2.626142e+07,
2.009018e+07,
6317704,
4036946,
4027469,
4018036,
4008647,
3999302,
1235798,
1249515,
1263541,
1277885,
1292558,
2.571305e+07,
1.386444e+07,
1.204543e+07,
2625831,
2697356,
2772887,
2852770,
2937393,
2198154,
2298791,
2409086,
2530497,
2664796,
6.710703e+07,
5.322937e+07,
1.421945e+07,
1.03927e+07,
1.051776e+07,
1.064587e+07,
1.077714e+07,
1.091169e+07,
2691504,
2765599,
2843890,
2926742,
3014567,
8.069429e+07,
6.165032e+07,
1.949532e+07,
1.120651e+07,
1.174147e+07,
1.233006e+07,
1.298078e+07,
1.370401e+07,
3400618,
3632823,
3899064,
4207416,
4568726,
3.861227e+08,
1.600758e+08,
2.289228e+08,
2.917547e+07,
3.052943e+07,
3.201516e+07,
3.365291e+07,
3.546725e+07,
3.99403e+07,
4.266322e+07,
4.578456e+07,
4.939869e+07,
5.36323e+07,
3.354653e+07,
2.768131e+07,
6015649,
5437549,
5486461,
5536262,
5586975,
5638625,
1146841,
1174311,
1203130,
1233399,
1265230,
5.239945e+08,
3.188728e+08,
2.089754e+08,
6.107975e+07,
6.239808e+07,
6.377457e+07,
6.521316e+07,
6.671815e+07,
3.865253e+07,
4.016242e+07,
4.179508e+07,
4.356609e+07,
4.549384e+07,
1.395586e+08,
7.338146e+07,
6.724863e+07,
1.398846e+07,
1.432412e+07,
1.467629e+07,
1.504622e+07,
1.543527e+07,
1.236278e+07,
1.288337e+07,
1.344973e+07,
1.406817e+07,
1.474623e+07,
7.994709e+07,
4.435564e+07,
3.620005e+07,
8084498,
8459566,
8871129,
9324786,
9827343,
6323155,
6750594,
7240011,
7805941,
8467846,
5.362656e+07,
4.028641e+07,
1.365092e+07,
7937226,
7996803,
8057282,
8118681,
8181024,
2610208,
2668848,
2730183,
2794404,
2861718,
1.187901e+07,
1.051093e+07,
1405775,
1975484,
2036866,
2102186,
2171835,
2246256,
254925.7,
267398.7,
281154.9,
296403.3,
313400.7,
1.075572e+08,
4.429176e+07,
6.406494e+07,
7602855,
8182725,
8858352,
9655589,
1.061052e+07,
1.043896e+07,
1.150478e+07,
1.281299e+07,
1.445688e+07,
1.658468e+07,
4.401427e+07,
2.050569e+07,
2.384523e+07,
3538701,
3799216,
4101137,
4455188,
4876145,
3911003,
4297615,
4769046,
5356649,
6109399,
2.441281e+09,
1.53064e+09,
9.261119e+08,
2.866674e+08,
2.959071e+08,
3.061279e+08,
3.175873e+08,
3.30687e+08,
1.635109e+08,
1.735328e+08,
1.852224e+08,
1.99175e+08,
2.164228e+08,
2023, 
1.59472e+07,
1.387315e+07,
2130203,
2703242,
2738471,
2774630,
2811757,
2849891,
402482.7,
413926.7,
426040.5,
438884.8,
452527.6,
1.390284e+08,
1.222918e+08,
1.719487e+07,
2.375894e+07,
2.410358e+07,
2.445836e+07,
2.482374e+07,
2.520021e+07,
3238090,
3335511,
3438975,
3549063,
3666433,
4.028373e+07,
3.412345e+07,
6322576,
6294492,
6548877,
6824689,
7124756,
7452422,
1122123,
1189071,
1264515,
1350181,
1448298,
2.426903e+07,
1.739153e+07,
7030163,
3066547,
3259474,
3478306,
3728637,
4017793,
1184220,
1285629,
1406033,
1551319,
1730090,
7.524171e+07,
6.837682e+07,
7059299,
1.286797e+07,
1.325939e+07,
1.367536e+07,
1.411828e+07,
1.459085e+07,
1282275,
1343951,
1411860,
1486997,
1570580,
6.927896e+07,
6.05167e+07,
9000507,
1.113266e+07,
1.159772e+07,
1.210334e+07,
1.265505e+07,
1.325947e+07,
1592791,
1690113,
1800101,
1925402,
2069451,
6.185892e+07,
4.044449e+07,
2.184728e+07,
7374622,
7715264,
8088898,
8500562,
8956375,
3820921,
4076821,
4369457,
4707354,
5101891,
9.858005e+07,
5.535407e+07,
4.397422e+07,
8659799,
9717998,
1.107081e+07,
1.286119e+07,
1.534235e+07,
6464453,
7451701,
8794844,
1.072865e+07,
1.375254e+07,
8.25803e+07,
2.791346e+07,
5.523257e+07,
4851385,
5191410,
5582692,
6037765,
6573611,
9121558,
9992171,
1.104652e+07,
1.234961e+07,
1.400125e+07,
2.099976e+07,
1.521218e+07,
5917478,
2885358,
2961815,
3042436,
3127568,
3217601,
1083108,
1131079,
1183496,
1241007,
1304393,
1.584287e+08,
1.327433e+08,
2.635459e+07,
2.540232e+07,
2.596284e+07,
2.654865e+07,
2.716151e+07,
2.780334e+07,
4876726,
5066166,
5270918,
5492917,
5734439,
5.808992e+07,
4.177992e+07,
1.667339e+07,
8372324,
8364147,
8355985,
8347840,
8339710,
3250378,
3291989,
3334679,
3378490,
3423468,
3.075767e+07,
2.366021e+07,
7266849,
4501118,
4613692,
4732042,
4856624,
4987943,
1335039,
1391694,
1453370,
1520766,
1594717,
2.565364e+07,
1.970339e+07,
6092043,
3962920,
3951767,
3940678,
3929650,
3918684,
1192957,
1205548,
1218409,
1231546,
1244970,
2.61819e+07,
1.425931e+07,
1.212266e+07,
2701726,
2774765,
2851862,
2933366,
3019667,
2213374,
2314147,
2424532,
2545977,
2680229,
6.748745e+07,
5.374037e+07,
1.408701e+07,
1.050237e+07,
1.06238e+07,
1.074807e+07,
1.087529e+07,
1.100556e+07,
2669368,
2741388,
2817402,
2897752,
2982820,
8.262482e+07,
6.336791e+07,
1.97151e+07,
1.15395e+07,
1.207998e+07,
1.267358e+07,
1.332853e+07,
1.405487e+07,
3446077,
3677838,
3943020,
4249414,
4607436,
3.91243e+08,
1.64583e+08,
2.295867e+08,
3.002566e+07,
3.140474e+07,
3.29166e+07,
3.458138e+07,
3.642353e+07,
4.010197e+07,
4.281308e+07,
4.591734e+07,
4.950695e+07,
5.370539e+07,
3.382801e+07,
2.800403e+07,
5973848,
5507584,
5553803,
5600805,
5648610,
5697237,
1140465,
1166986,
1194770,
1223908,
1254504,
5.314628e+08,
3.266272e+08,
2.087227e+08,
6.271412e+07,
6.399316e+07,
6.532545e+07,
6.671439e+07,
6.816369e+07,
3.871289e+07,
4.01716e+07,
4.174453e+07,
4.344566e+07,
4.529134e+07,
1.417888e+08,
7.537298e+07,
6.75032e+07,
1.438428e+07,
1.472135e+07,
1.50746e+07,
1.544521e+07,
1.583451e+07,
1.242614e+07,
1.294112e+07,
1.350064e+07,
1.411073e+07,
1.477856e+07,
8.094447e+07,
4.534583e+07,
3.62134e+07,
8272031,
8652277,
9069165,
9528261,
1.003632e+07,
6331923,
6756750,
7242681,
7803924,
8459454,
5.374847e+07,
4.054882e+07,
1.350847e+07,
7997625,
8053304,
8109764,
8167022,
8225093,
2586248,
2642711,
2701693,
2763369,
2827926,
1.204875e+07,
1.06808e+07,
1405714,
2009821,
2071066,
2136160,
2205479,
2279448,
255265.9,
267580.2,
281142.8,
296153.7,
312857.9,
1.101766e+08,
4.603308e+07,
6.496607e+07,
7916165,
8512763,
9206616,
1.002361e+07,
1.099973e+07,
1.060831e+07,
1.168026e+07,
1.299321e+07,
1.463872e+07,
1.676144e+07,
4.543655e+07,
2.141845e+07,
2.436616e+07,
3700281,
3970670,
4283691,
4650288,
5085504,
4001634,
4394634,
4873233,
5468816,
6230247,
2.477969e+09,
1.563366e+09,
9.30267e+08,
2.931049e+08,
3.023981e+08,
3.126732e+08,
3.241864e+08,
3.373354e+08,
1.644608e+08,
1.744335e+08,
1.860534e+08,
1.999036e+08,
2.169872e+08,
2024, 
1.613344e+07,
1.407361e+07,
2115761,
2745438,
2779649,
2814723,
2850693,
2887595,
400282.3,
411399.7,
423152.1,
435595.8,
448793.5,
1.403194e+08,
1.237216e+08,
1.705343e+07,
2.405775e+07,
2.43962e+07,
2.474431e+07,
2.51025e+07,
2.547121e+07,
3214708,
3309798,
3410686,
3517918,
3632112,
4.089182e+07,
3.474033e+07,
6314034,
6418124,
6672590,
6948067,
7247270,
7573402,
1122581,
1188572,
1262807,
1346932,
1443065,
2.467692e+07,
1.777258e+07,
7058391,
3139276,
3334016,
3554516,
3806248,
4096353,
1191392,
1292214,
1411678,
1555481,
1731904,
7.60957e+07,
6.925143e+07,
7038376,
1.30495e+07,
1.343798e+07,
1.385029e+07,
1.42887e+07,
1.475578e+07,
1280375,
1341011,
1407675,
1481315,
1563084,
7.039497e+07,
6.163913e+07,
8994498,
1.135986e+07,
1.182407e+07,
1.232783e+07,
1.287642e+07,
1.347612e+07,
1595053,
1690855,
1798900,
1921695,
2062483,
6.321957e+07,
4.16117e+07,
2.204763e+07,
7597975,
7943679,
8322339,
8738907,
9199375,
3862185,
4117746,
4409526,
4745809,
5137618,
1.022834e+08,
5.79706e+07,
4.508713e+07,
9099969,
1.019674e+07,
1.159412e+07,
1.343532e+07,
1.597171e+07,
6653669,
7657278,
9017426,
1.096514e+07,
1.398606e+07,
8.558178e+07,
2.937598e+07,
5.679656e+07,
5120464,
5471928,
5875196,
6342632,
6890878,
9411466,
1.029406e+07,
1.135931e+07,
1.267049e+07,
1.432385e+07,
2.125827e+07,
1.548528e+07,
5903299,
2939211,
3016069,
3097055,
3182511,
3272815,
1081406,
1128856,
1180660,
1237447,
1299974,
1.593751e+08,
1.339344e+08,
2.610556e+07,
2.565076e+07,
2.620651e+07,
2.678687e+07,
2.739352e+07,
2.802829e+07,
4835136,
5020717,
5221112,
5438169,
5674056,
5.820242e+07,
4.208342e+07,
1.648009e+07,
8436579,
8426619,
8416684,
8406772,
8396882,
3214270,
3254631,
3296018,
3338471,
3382033,
3.124955e+07,
2.411615e+07,
7304219,
4594760,
4706224,
4823230,
4946203,
5075611,
1344234,
1400115,
1460844,
1527080,
1599607,
2.503741e+07,
1.930629e+07,
5868245,
3886684,
3873930,
3861258,
3848669,
3836161,
1150389,
1161903,
1173649,
1185636,
1197870,
2.665369e+07,
1.466059e+07,
1.21964e+07,
2778901,
2853454,
2932118,
3015241,
3103216,
2227974,
2328844,
2439279,
2560710,
2694865,
6.787254e+07,
5.425719e+07,
1.395336e+07,
1.061339e+07,
1.073109e+07,
1.085144e+07,
1.097451e+07,
1.110041e+07,
2646956,
2716915,
2790672,
2868545,
2950890,
8.458835e+07,
6.512194e+07,
1.993139e+07,
1.188037e+07,
1.242611e+07,
1.302439e+07,
1.36832e+07,
1.441221e+07,
3491123,
3722306,
3986278,
4290548,
4645106,
3.964184e+08,
1.691706e+08,
2.302251e+08,
3.089226e+07,
3.229633e+07,
3.383411e+07,
3.552566e+07,
3.739525e+07,
4.025966e+07,
4.295844e+07,
4.604502e+07,
4.960948e+07,
5.377212e+07,
3.411391e+07,
2.833182e+07,
5931362,
5578795,
5622238,
5666364,
5711188,
5756726,
1133943,
1159518,
1186272,
1214291,
1243666,
5.391418e+08,
3.345951e+08,
2.084672e+08,
6.439778e+07,
6.563419e+07,
6.691902e+07,
6.825515e+07,
6.964573e+07,
3.877332e+07,
4.01804e+07,
4.169345e+07,
4.332491e+07,
4.508925e+07,
1.440504e+08,
7.740526e+07,
6.774826e+07,
1.478883e+07,
1.512703e+07,
1.548105e+07,
1.585204e+07,
1.624125e+07,
1.248794e+07,
1.299715e+07,
1.354965e+07,
1.415121e+07,
1.480867e+07,
8.195148e+07,
4.63513e+07,
3.622098e+07,
8462694,
8848089,
9270259,
9734735,
1.024821e+07,
6339714,
6761843,
7244198,
7800655,
8449714,
5.387214e+07,
4.081314e+07,
1.336586e+07,
8058542,
8110252,
8162628,
8215686,
8269437,
2562200,
2616510,
2673171,
2732341,
2794190,
1.222063e+07,
1.08531e+07,
1405344,
2044702,
2105781,
2170621,
2239581,
2313066,
255551.1,
267703.3,
281068.8,
295839.1,
312247.9,
1.128374e+08,
4.782191e+07,
6.586131e+07,
8238846,
8852267,
9564382,
1.040109e+07,
1.139823e+07,
1.077746e+07,
1.185513e+07,
1.317226e+07,
1.481865e+07,
1.693538e+07,
4.687354e+07,
2.235335e+07,
2.487972e+07,
3866055,
4146438,
4470671,
4849912,
5299458,
4091300,
4490467,
4975945,
5579120,
6348698,
2.515314e+09,
1.596818e+09,
9.343535e+08,
2.996975e+08,
3.090395e+08,
3.193636e+08,
3.309244e+08,
3.441154e+08,
1.654043e+08,
1.753244e+08,
1.868707e+08,
2.006135e+08,
2.175273e+08,
2025, 
1.632234e+07,
1.427724e+07,
2100785,
2788352,
2821501,
2855448,
2890222,
2925853,
397975.7,
408765.7,
420157,
432201.5,
444956.9,
1.416244e+08,
1.251689e+08,
1.690835e+07,
2.436052e+07,
2.469256e+07,
2.503377e+07,
2.538455e+07,
2.574529e+07,
3190593,
3283354,
3381670,
3486056,
3597091,
4.150918e+07,
3.536805e+07,
6303898,
6544149,
6798586,
7073609,
7371822,
7696284,
1122759,
1187773,
1260779,
1343348,
1437489,
2.509118e+07,
1.816104e+07,
7085551,
3213582,
3410096,
3632209,
3885272,
4176239,
1198416,
1298620,
1417110,
1559394,
1733439,
7.696122e+07,
7.01387e+07,
7016286,
1.32339e+07,
1.361926e+07,
1.402774e+07,
1.446148e+07,
1.492289e+07,
1278257,
1337844,
1403257,
1475396,
1555354,
7.15307e+07,
6.278342e+07,
8986287,
1.159195e+07,
1.205505e+07,
1.255668e+07,
1.310188e+07,
1.369657e+07,
1596936,
1691185,
1797257,
1917526,
2055045,
6.459935e+07,
4.280305e+07,
2.224291e+07,
7826386,
8177050,
8560610,
8981925,
9446857,
3902705,
4157803,
4448582,
4783091,
5171997,
1.060703e+08,
6.067272e+07,
4.619835e+07,
9556693,
1.069244e+07,
1.213454e+07,
1.402629e+07,
1.661681e+07,
6844151,
7863517,
9239670,
1.119967e+07,
1.421509e+07,
8.865686e+07,
3.089468e+07,
5.837866e+07,
5400973,
5763822,
6178936,
6658484,
7218731,
9706401,
1.060038e+07,
1.167573e+07,
1.29939e+07,
1.464758e+07,
2.151904e+07,
1.576199e+07,
5887745,
2993829,
3071068,
3152397,
3238151,
3328701,
1079451,
1126368,
1177549,
1233602,
1295259,
1.603305e+08,
1.351374e+08,
2.585353e+07,
2.59019e+07,
2.645272e+07,
2.702747e+07,
2.762775e+07,
2.825531e+07,
4792919,
4974651,
5170707,
5382850,
5613148,
5.83157e+07,
4.238801e+07,
1.628643e+07,
8501112,
8489341,
8477602,
8465895,
8454220,
3178059,
3217184,
3257285,
3298398,
3340563,
3.174966e+07,
2.458081e+07,
7341074,
4690356,
4800606,
4916163,
5037421,
5164811,
1353368,
1408454,
1468215,
1533272,
1604361,
2.441255e+07,
1.889866e+07,
5646343,
3808190,
3793908,
3779732,
3765662,
3751697,
1108101,
1118585,
1129269,
1140159,
1151261,
2.712845e+07,
1.506831e+07,
1.22666e+07,
2857366,
2933434,
3013663,
3098403,
3188048,
2241947,
2342876,
2453321,
2574693,
2708701,
6.826238e+07,
5.477995e+07,
1.381847e+07,
1.07258e+07,
1.083967e+07,
1.095599e+07,
1.107483e+07,
1.119627e+07,
2624263,
2692174,
2763694,
2839117,
2918772,
8.658572e+07,
6.691336e+07,
2.01441e+07,
1.222934e+07,
1.278004e+07,
1.338267e+07,
1.404495e+07,
1.477619e+07,
3535735,
3766207,
4028820,
4330801,
4681721,
4.016499e+08,
1.738398e+08,
2.308377e+08,
3.177553e+07,
3.320446e+07,
3.476796e+07,
3.648597e+07,
3.83826e+07,
4.041332e+07,
4.309922e+07,
4.616754e+07,
4.970623e+07,
5.383244e+07,
3.440431e+07,
2.86648e+07,
5888182,
5651208,
5691790,
5732959,
5774728,
5817110,
1127271,
1151903,
1177636,
1204545,
1232713,
5.47041e+08,
3.427856e+08,
2.08209e+08,
6.613287e+07,
6.732318e+07,
6.855713e+07,
6.983714e+07,
7.116588e+07,
3.883379e+07,
4.01888e+07,
4.16418e+07,
4.320379e+07,
4.488753e+07,
1.46344e+08,
7.947914e+07,
6.798366e+07,
1.52023e+07,
1.554133e+07,
1.589583e+07,
1.626688e+07,
1.665566e+07,
1.254817e+07,
1.305143e+07,
1.359673e+07,
1.418959e+07,
1.483652e+07,
8.296824e+07,
4.737225e+07,
3.622272e+07,
8656535,
9047044,
9474450,
9944243,
1.046305e+07,
6346509,
6765858,
7244545,
7796123,
8438614,
5.399764e+07,
4.10794e+07,
1.322307e+07,
8119990,
8167653,
8215880,
8264679,
8314062,
2538062,
2590243,
2644615,
2701318,
2760506,
1.239467e+07,
1.102789e+07,
1404656,
2080137,
2141021,
2205578,
2274148,
2347119,
255779.3,
267765.9,
280931.2,
295458.1,
311569.2,
1.155406e+08,
4.965935e+07,
6.675058e+07,
8571139,
9201470,
9931869,
1.078822e+07,
1.180619e+07,
1.094641e+07,
1.202936e+07,
1.335012e+07,
1.499666e+07,
1.710651e+07,
4.832544e+07,
2.33107e+07,
2.538582e+07,
4036092,
4326586,
4662139,
5054117,
5518057,
4179982,
4585096,
5077164,
5687546,
6464743,
2.553335e+09,
1.631015e+09,
9.383708e+08,
3.064502e+08,
3.158357e+08,
3.26203e+08,
3.378051e+08,
3.510305e+08,
1.663413e+08,
1.762054e+08,
1.876741e+08,
2.013047e+08,
2.18043e+08,
2026, 
1.64934e+07,
1.446608e+07,
2082669,
2828086,
2860280,
2893217,
2926920,
2961418,
395005,
405483.8,
416533.8,
428202.8,
440544.5,
1.428675e+08,
1.265666e+08,
1.675065e+07,
2.464905e+07,
2.497677e+07,
2.531331e+07,
2.565905e+07,
2.601437e+07,
3163297,
3254034,
3350130,
3452074,
3560418,
4.202201e+07,
3.59094e+07,
6275109,
6649791,
6905601,
7181880,
7481187,
7806526,
1118699,
1182946,
1255022,
1336451,
1429179,
2.544731e+07,
1.851007e+07,
7093605,
3279269,
3477842,
3702014,
3957075,
4249885,
1201445,
1301074,
1418721,
1559759,
1731934,
7.77084e+07,
7.092017e+07,
6981315,
1.339512e+07,
1.377829e+07,
1.418403e+07,
1.46144e+07,
1.50717e+07,
1273385,
1331996,
1396263,
1467046,
1545388,
7.24978e+07,
6.378398e+07,
8952501,
1.179138e+07,
1.22551e+07,
1.27568e+07,
1.330132e+07,
1.38944e+07,
1593209,
1686103,
1790500,
1908679,
2043560,
6.572373e+07,
4.383565e+07,
2.233959e+07,
8020105,
8376995,
8767130,
9195377,
9667610,
3922539,
4177504,
4467918,
4801728,
5189444,
1.100451e+08,
6.352179e+07,
4.735154e+07,
1.003601e+07,
1.121363e+07,
1.270436e+07,
1.465221e+07,
1.730551e+07,
7039391,
8075883,
9470308,
1.144677e+07,
1.446579e+07,
9.172503e+07,
3.244213e+07,
5.992518e+07,
5685233,
6060333,
6488426,
6981596,
7555902,
9991509,
1.089786e+07,
1.198504e+07,
1.331317e+07,
1.497235e+07,
2.176814e+07,
1.603205e+07,
5867031,
3046724,
3124528,
3206411,
3292701,
3383763,
1076329,
1122773,
1173406,
1228822,
1289731,
1.610694e+08,
1.361616e+08,
2.55626e+07,
2.611565e+07,
2.66623e+07,
2.723233e+07,
2.782726e+07,
2.844876e+07,
4742675,
4920658,
5112521,
5319954,
5544930,
5.824742e+07,
4.256045e+07,
1.604217e+07,
8538795,
8525422,
8512090,
8498800,
8485551,
3131769,
3169638,
3208433,
3248191,
3288946,
3.214358e+07,
2.496541e+07,
7351193,
4768542,
4878229,
4993082,
5113473,
5239813,
1356816,
1411252,
1470239,
1534371,
1604354,
2.460095e+07,
1.911919e+07,
5613967,
3856044,
3839874,
3823839,
3807937,
3792167,
1102889,
1112752,
1122793,
1133017,
1143429,
2.752035e+07,
1.543439e+07,
1.229491e+07,
2927090,
3004862,
3086879,
3173498,
3265120,
2247473,
2348475,
2458981,
2580401,
2714435,
6.81742e+07,
5.491977e+07,
1.358609e+07,
1.075393e+07,
1.086773e+07,
1.098396e+07,
1.11027e+07,
1.122404e+07,
2580386,
2647035,
2717218,
2791224,
2869374,
8.846261e+07,
6.862271e+07,
2.031751e+07,
1.256032e+07,
1.311665e+07,
1.372454e+07,
1.439152e+07,
1.512664e+07,
3572252,
3802074,
4063502,
4363535,
4711406,
4.055926e+08,
1.780012e+08,
2.306589e+08,
3.254262e+07,
3.400284e+07,
3.560025e+07,
3.735515e+07,
3.929204e+07,
4.03931e+07,
4.307213e+07,
4.613178e+07,
4.965936e+07,
5.37711e+07,
3.457441e+07,
2.889866e+07,
5823239,
5702402,
5740807,
5779733,
5819190,
5859190,
1115996,
1139803,
1164648,
1190600,
1217735,
5.528723e+08,
3.497551e+08,
2.070871e+08,
6.761086e+07,
6.876102e+07,
6.995102e+07,
7.118292e+07,
7.245899e+07,
3.871372e+07,
4.001996e+07,
4.141741e+07,
4.291599e+07,
4.452709e+07,
1.481463e+08,
8.130791e+07,
6.796883e+07,
1.556223e+07,
1.590422e+07,
1.626158e+07,
1.663538e+07,
1.702675e+07,
1.255531e+07,
1.305392e+07,
1.359377e+07,
1.41802e+07,
1.48195e+07,
8.380577e+07,
4.82999e+07,
3.613699e+07,
8829178,
9225913,
9659979,
1.013691e+07,
1.066337e+07,
6334321,
6751454,
7227398,
7775535,
8413637,
5.403207e+07,
4.127668e+07,
1.305767e+07,
8165804,
8210327,
8255337,
8300844,
8346855,
2508765,
2559118,
2611533,
2666141,
2723081,
1.255292e+07,
1.118914e+07,
1401635,
2112640,
2173433,
2237828,
2306156,
2378787,
255519.1,
267348.8,
280326.9,
294629.3,
310469.7,
1.179143e+08,
5.138401e+07,
6.74206e+07,
8877630,
9526113,
1.02768e+07,
1.115593e+07,
1.219953e+07,
1.106939e+07,
1.215802e+07,
1.348412e+07,
1.513493e+07,
1.724632e+07,
4.985613e+07,
2.432182e+07,
2.591745e+07,
4215848,
4516947,
4864364,
5269676,
5748672,
4273125,
4684489,
5183491,
5801477,
6586764,
2.585864e+09,
1.662206e+09,
9.3986e+08,
3.125203e+08,
3.21986e+08,
3.324412e+08,
3.441392e+08,
3.574674e+08,
1.667283e+08,
1.765538e+08,
1.87972e+08,
2.015322e+08,
2.181609e+08,
2027, 
1.666664e+07,
1.465762e+07,
2064025,
2868431,
2899635,
2931524,
2964124,
2997456,
391927.6,
402095.5,
412805,
424100.5,
436031.7,
1.441213e+08,
1.279787e+08,
1.658907e+07,
2.494079e+07,
2.526402e+07,
2.559573e+07,
2.593627e+07,
2.6286e+07,
3135227,
3223938,
3317815,
3417323,
3522984,
4.25393e+07,
3.645701e+07,
6244460,
6756774,
7013915,
7291403,
7591751,
7917905,
1114300,
1177763,
1248892,
1329164,
1420465,
2.58074e+07,
1.88644e+07,
7100267,
3346062,
3546677,
3772881,
4029905,
4324509,
1204248,
1303277,
1420053,
1559816,
1730092,
7.84637e+07,
7.171093e+07,
6945124,
1.355843e+07,
1.39393e+07,
1.434219e+07,
1.476906e+07,
1.522212e+07,
1268280,
1325909,
1389025,
1458450,
1535180,
7.347692e+07,
6.479906e+07,
8916144,
1.1994e+07,
1.245822e+07,
1.295981e+07,
1.350349e+07,
1.409478e+07,
1589014,
1680529,
1783229,
1899298,
2031529,
6.68562e+07,
4.488302e+07,
2.242948e+07,
8216776,
8579900,
8976604,
9411770,
9891278,
3941214,
4195953,
4485896,
4818884,
5205272,
1.141021e+08,
6.645917e+07,
4.849898e+07,
1.053232e+07,
1.175226e+07,
1.329183e+07,
1.529559e+07,
1.801071e+07,
7235183,
8288147,
9699796,
1.169103e+07,
1.471099e+07,
9.485746e+07,
3.404369e+07,
6.148243e+07,
5980409,
6367749,
6808738,
7315352,
7903416,
1.028007e+07,
1.119823e+07,
1.229649e+07,
1.363359e+07,
1.529696e+07,
2.201898e+07,
1.630527e+07,
5844868,
3100276,
3178634,
3261055,
3347864,
3439421,
1072937,
1118898,
1168974,
1223741,
1283892,
1.618143e+08,
1.371943e+08,
2.526921e+07,
2.633132e+07,
2.687368e+07,
2.743886e+07,
2.802832e+07,
2.864366e+07,
4691898,
4866149,
5053843,
5256596,
5476297,
5.817869e+07,
4.273172e+07,
1.579861e+07,
8576277,
8561284,
8546344,
8531456,
8516619,
3085578,
3122210,
3159722,
3198147,
3237518,
3.254208e+07,
2.535544e+07,
7360431,
4847930,
4956998,
5071088,
5190553,
5315782,
1360111,
1413885,
1472086,
1535284,
1604153,
2.479188e+07,
1.934276e+07,
5581077,
3904599,
3886491,
3868551,
3850775,
3833163,
1097567,
1106813,
1116215,
1125779,
1135508,
2.791348e+07,
1.580508e+07,
1.231978e+07,
2997706,
3077196,
3161017,
3249532,
3343147,
2252376,
2353420,
2463956,
2585387,
2719407,
6.808585e+07,
5.505864e+07,
1.335445e+07,
1.078187e+07,
1.089559e+07,
1.101173e+07,
1.113037e+07,
1.12516e+07,
2536642,
2602036,
2670891,
2743489,
2820143,
9.036664e+07,
7.036386e+07,
2.048616e+07,
1.289813e+07,
1.345987e+07,
1.407277e+07,
1.474415e+07,
1.548281e+07,
3608062,
3837119,
4097232,
4395174,
4739845,
4.095513e+08,
1.822119e+08,
2.304463e+08,
3.331905e+07,
3.48108e+07,
3.644238e+07,
3.823444e+07,
4.021185e+07,
4.036698e+07,
4.303875e+07,
4.608926e+07,
4.960519e+07,
5.370184e+07,
3.474655e+07,
2.913505e+07,
5757798,
5754191,
5790372,
5827011,
5864117,
5901698,
1104603,
1127593,
1151560,
1176567,
1202685,
5.58846e+08,
3.568777e+08,
2.059538e+08,
6.91247e+07,
7.023209e+07,
7.137554e+07,
7.255683e+07,
7.37779e+07,
3.859118e+07,
3.984862e+07,
4.119077e+07,
4.262648e+07,
4.416588e+07,
1.499652e+08,
8.316462e+07,
6.794234e+07,
1.5928e+07,
1.627283e+07,
1.663292e+07,
1.700931e+07,
1.740313e+07,
1.256032e+07,
1.305418e+07,
1.358847e+07,
1.416836e+07,
1.479995e+07,
8.464765e+07,
4.923813e+07,
3.604488e+07,
9003893,
9406878,
9847626,
1.033171e+07,
1.086584e+07,
6321010,
6735855,
7208976,
7753581,
8387195,
5.406689e+07,
4.147426e+07,
1.289232e+07,
8211762,
8253097,
8294852,
8337030,
8379640,
2479425,
2527974,
2578463,
2631010,
2685743,
1.271283e+07,
1.135239e+07,
1398281,
2145586,
2206266,
2270478,
2338540,
2410808,
255198,
266867.9,
279656.3,
293731.9,
309299.6,
1.203111e+08,
5.31456e+07,
6.807675e+07,
9191144,
9857970,
1.062912e+07,
1.153116e+07,
1.26005e+07,
1.11904e+07,
1.228435e+07,
1.361535e+07,
1.526983e+07,
1.738201e+07,
5.140291e+07,
2.535705e+07,
2.644112e+07,
4400200,
4712022,
5071410,
5490145,
5984252,
4365212,
4782592,
5288225,
5913413,
6706243,
2.618853e+09,
1.693967e+09,
9.412382e+08,
3.187106e+08,
3.282537e+08,
3.387935e+08,
3.505836e+08,
3.6401e+08,
1.67099e+08,
1.768832e+08,
1.882476e+08,
2.017334e+08,
2.182471e+08,
2028, 
1.684211e+07,
1.485191e+07,
2044844,
2909399,
2939575,
2970382,
3001842,
3033976,
388741.3,
398598.6,
408968.7,
419892.9,
431416.6,
1.453859e+08,
1.294053e+08,
1.642356e+07,
2.523577e+07,
2.555434e+07,
2.588106e+07,
2.621624e+07,
2.656022e+07,
3106370,
3193052,
3284711,
3381788,
3484778,
4.306109e+07,
3.701095e+07,
6211935,
6865114,
7123543,
7402190,
7703524,
8030434,
1109558,
1172222,
1242387,
1321487,
1411343,
2.617149e+07,
1.922413e+07,
7105522,
3413982,
3616618,
3844827,
4103776,
4400124,
1206822,
1305227,
1421104,
1559561,
1727910,
7.922727e+07,
7.251116e+07,
6907695,
1.372388e+07,
1.410232e+07,
1.450223e+07,
1.492549e+07,
1.537419e+07,
1262937,
1319578,
1381539,
1449605,
1524726,
7.446827e+07,
6.582889e+07,
8877174,
1.219989e+07,
1.266444e+07,
1.316578e+07,
1.370844e+07,
1.429777e+07,
1584343,
1674455,
1775435,
1889376,
2018944,
6.799684e+07,
4.59453e+07,
2.251251e+07,
8416432,
8785791,
9189059,
9631127,
1.011788e+07,
3958716,
4213135,
4502502,
4834548,
5219470,
1.18244e+08,
6.948749e+07,
4.964053e+07,
1.104623e+07,
1.23089e+07,
1.38975e+07,
1.595691e+07,
1.873285e+07,
7431515,
8500285,
9928105,
1.193243e+07,
1.495076e+07,
9.805621e+07,
3.5701e+07,
6.305084e+07,
6286877,
6686424,
7140201,
7660054,
8261549,
1.057218e+07,
1.150159e+07,
1.261017e+07,
1.395524e+07,
1.562151e+07,
2.227159e+07,
1.658168e+07,
5821243,
3154495,
3233392,
3316336,
3403648,
3495682,
1069274,
1114742,
1164249,
1218357,
1277740,
1.625653e+08,
1.382355e+08,
2.497331e+07,
2.654893e+07,
2.708689e+07,
2.76471e+07,
2.823097e+07,
2.884003e+07,
4640580,
4811115,
4994663,
5192771,
5407243,
5.810952e+07,
4.29018e+07,
1.555575e+07,
8613552,
8596924,
8580359,
8563858,
8547421,
3039484,
3074899,
3111150,
3148265,
3186277,
3.294522e+07,
2.575098e+07,
7368773,
4928538,
5036930,
5150197,
5268675,
5392732,
1363250,
1416350,
1473755,
1536009,
1603755,
2.498541e+07,
1.956942e+07,
5547663,
3953871,
3933776,
3913883,
3894191,
3874696,
1092132,
1100764,
1109533,
1118442,
1127496,
2.830785e+07,
1.61804e+07,
1.234121e+07,
3069214,
3150439,
3236079,
3326506,
3422132,
2256653,
2357710,
2468243,
2589649,
2723617,
6.799731e+07,
5.519656e+07,
1.312357e+07,
1.080964e+07,
1.092327e+07,
1.103931e+07,
1.115785e+07,
1.127896e+07,
2493032,
2557179,
2624713,
2695912,
2771081,
9.229836e+07,
7.213748e+07,
2.064995e+07,
1.324293e+07,
1.380986e+07,
1.44275e+07,
1.510297e+07,
1.58448e+07,
3643144,
3871321,
4129990,
4425701,
4767025,
4.13526e+08,
1.864719e+08,
2.301997e+08,
3.410484e+07,
3.562836e+07,
3.729438e+07,
3.912384e+07,
4.114205e+07,
4.033493e+07,
4.299902e+07,
4.603994e+07,
4.954368e+07,
5.362465e+07,
3.492078e+07,
2.937401e+07,
5691849,
5806587,
5840495,
5874803,
5909516,
5944641,
1093090,
1115271,
1138370,
1162446,
1187562,
5.649677e+08,
3.641592e+08,
2.048089e+08,
7.067578e+07,
7.173762e+07,
7.283184e+07,
7.395997e+07,
7.512359e+07,
3.846606e+07,
3.967471e+07,
4.096178e+07,
4.233517e+07,
4.380384e+07,
1.518007e+08,
8.504954e+07,
6.790403e+07,
1.629969e+07,
1.664723e+07,
1.700991e+07,
1.738874e+07,
1.778484e+07,
1.256318e+07,
1.305219e+07,
1.358081e+07,
1.415405e+07,
1.477783e+07,
8.549398e+07,
5.018704e+07,
3.594638e+07,
9180694,
9589955,
1.003741e+07,
1.052866e+07,
1.107047e+07,
6306576,
6719060,
7189278,
7730261,
8359286,
5.410212e+07,
4.167215e+07,
1.272703e+07,
8257871,
8295975,
8334431,
8373245,
8412424,
2450043,
2496815,
2545407,
2595928,
2648495,
1.287445e+07,
1.151767e+07,
1394590,
2178984,
2239528,
2303534,
2371305,
2443185,
254814.6,
266322.1,
278918.1,
292764.7,
308057.9,
1.227313e+08,
5.494459e+07,
6.871892e+07,
9511786,
1.019714e+07,
1.098892e+07,
1.191401e+07,
1.300918e+07,
1.130944e+07,
1.240835e+07,
1.374378e+07,
1.540134e+07,
1.751355e+07,
5.296603e+07,
2.641671e+07,
2.695673e+07,
4589223,
4911882,
5283343,
5715585,
6224853,
4456220,
4879383,
5391346,
6023336,
6823170,
2.652317e+09,
1.726313e+09,
9.425042e+08,
3.250242e+08,
3.346416e+08,
3.452626e+08,
3.571409e+08,
3.706607e+08,
1.674531e+08,
1.771933e+08,
1.885008e+08,
2.01908e+08,
2.183015e+08,
2029, 
1.701986e+07,
1.504901e+07,
2025114,
2951005,
2980113,
3009801,
3040087,
3070988,
385443.5,
394990.7,
405022.8,
415577.8,
426697.7,
1.466613e+08,
1.308467e+08,
1.625408e+07,
2.553403e+07,
2.584778e+07,
2.616933e+07,
2.649899e+07,
2.683705e+07,
3076722,
3161374,
3250817,
3345468,
3445796,
4.358747e+07,
3.757132e+07,
6177508,
6974834,
7234508,
7514265,
7816528,
8144129,
1104468,
1166316,
1235501,
1313412,
1401811,
2.653968e+07,
1.958935e+07,
7109342,
3483047,
3687685,
3917870,
4178705,
4476747,
1209162,
1306917,
1421868,
1558991,
1725385,
7.999922e+07,
7.332099e+07,
6869012,
1.389149e+07,
1.426739e+07,
1.46642e+07,
1.508371e+07,
1.552793e+07,
1257352,
1313000,
1373802,
1440509,
1514025,
7.54721e+07,
6.687381e+07,
8835534,
1.240909e+07,
1.287385e+07,
1.337476e+07,
1.391624e+07,
1.450341e+07,
1579183,
1667868,
1767107,
1878902,
2005797,
6.914575e+07,
4.702262e+07,
2.258863e+07,
8619105,
8994702,
9404525,
9853477,
1.034744e+07,
3975032,
4229039,
4517725,
4848711,
5232030,
1.224735e+08,
7.260959e+07,
5.077611e+07,
1.157835e+07,
1.288415e+07,
1.452192e+07,
1.66367e+07,
1.947239e+07,
7628386,
8712287,
1.015522e+07,
1.217099e+07,
1.518518e+07,
1.013234e+08,
3.74158e+07,
6.463078e+07,
6605028,
7016727,
7483161,
8016022,
8630590,
1.086795e+07,
1.180803e+07,
1.292616e+07,
1.427818e+07,
1.594608e+07,
2.252598e+07,
1.68613e+07,
5796146,
3209387,
3288809,
3372261,
3460059,
3552551,
1065337,
1110301,
1159229,
1212668,
1271272,
1.633225e+08,
1.392852e+08,
2.46749e+07,
2.676851e+07,
2.730193e+07,
2.785705e+07,
2.843521e+07,
2.903787e+07,
4588717,
4755553,
4934979,
5128476,
5337765,
5.803992e+07,
4.307069e+07,
1.53136e+07,
8650623,
8632342,
8614138,
8596011,
8577960,
2993490,
3027709,
3062720,
3098549,
3135227,
3.33531e+07,
2.615216e+07,
7376205,
5010395,
5118050,
5230432,
5347860,
5470683,
1366228,
1418643,
1475241,
1536542,
1603159,
2.518157e+07,
1.979922e+07,
5513715,
4003873,
3981737,
3959845,
3938192,
3916775,
1086582,
1094603,
1102743,
1111005,
1119392,
2.870346e+07,
1.656034e+07,
1.23592e+07,
3141620,
3224593,
3312069,
3404423,
3502074,
2260301,
2361343,
2471840,
2593187,
2727062,
6.790858e+07,
5.533352e+07,
1.289342e+07,
1.083722e+07,
1.095076e+07,
1.10667e+07,
1.118513e+07,
1.130612e+07,
2449554,
2512461,
2578684,
2648492,
2722185,
9.425842e+07,
7.394428e+07,
2.080881e+07,
1.359488e+07,
1.416676e+07,
1.478886e+07,
1.54681e+07,
1.621274e+07,
3677483,
3904664,
4161763,
4455105,
4792935,
4.175168e+08,
1.907815e+08,
2.29919e+08,
3.490005e+07,
3.64556e+07,
3.81563e+07,
4.002343e+07,
4.208269e+07,
4.029693e+07,
4.295295e+07,
4.59838e+07,
4.947484e+07,
5.35395e+07,
3.509712e+07,
2.961558e+07,
5625381,
5859598,
5891186,
5923116,
5955394,
5988026,
1081455,
1102834,
1125076,
1148234,
1172364,
5.712426e+08,
3.716055e+08,
2.036516e+08,
7.226548e+07,
7.327888e+07,
7.43211e+07,
7.539341e+07,
7.64971e+07,
3.83382e+07,
3.949808e+07,
4.073032e+07,
4.204193e+07,
4.344081e+07,
1.536531e+08,
8.696309e+07,
6.785378e+07,
1.667739e+07,
1.70275e+07,
1.739262e+07,
1.777374e+07,
1.817194e+07,
1.256385e+07,
1.304791e+07,
1.357076e+07,
1.413726e+07,
1.475311e+07,
8.634473e+07,
5.114664e+07,
3.584145e+07,
9359592,
9775153,
1.022933e+07,
1.072777e+07,
1.127726e+07,
6291005,
6701056,
7168290,
7705562,
8329900,
5.413776e+07,
4.187037e+07,
1.25618e+07,
8304130,
8338956,
8374074,
8409490,
8445206,
2420615,
2465635,
2512360,
2560891,
2611334,
1.30378e+07,
1.168501e+07,
1390559,
2212840,
2273227,
2337002,
2404459,
2475926,
254368.3,
265710.7,
278111.8,
291727.1,
306744.2,
1.251752e+08,
5.678146e+07,
6.934694e+07,
9839666,
1.054372e+07,
1.135629e+07,
1.230457e+07,
1.342564e+07,
1.142647e+07,
1.252997e+07,
1.386939e+07,
1.552945e+07,
1.764094e+07,
5.454575e+07,
2.750117e+07,
2.746419e+07,
4782994,
5116600,
5500233,
5946057,
6470529,
4546134,
4974848,
5492838,
6131234,
6937537,
2.686267e+09,
1.759256e+09,
9.436568e+08,
3.314642e+08,
3.411527e+08,
3.518513e+08,
3.638137e+08,
3.774218e+08,
1.677904e+08,
1.774841e+08,
1.887314e+08,
2.020559e+08,
2.18324e+08,
2030, 
1.719992e+07,
1.524895e+07,
2004827,
2993258,
3021260,
3049791,
3078866,
3108500,
382032.1,
391269.8,
400965.3,
411153.6,
421873.1,
1.479478e+08,
1.32303e+08,
1.608057e+07,
2.583564e+07,
2.614439e+07,
2.64606e+07,
2.678455e+07,
2.711654e+07,
3046261,
3128884,
3216113,
3308346,
3406025,
4.411848e+07,
3.81382e+07,
6141154,
7085950,
7346823,
7627640,
7930776,
8259004,
1099025,
1160041,
1228231,
1304938,
1391864,
2.691202e+07,
1.996014e+07,
7111716,
3553280,
3759898,
3992029,
4254709,
4554393,
1211265,
1308345,
1422343,
1558103,
1722513,
8.07797e+07,
7.414058e+07,
6829057,
1.406131e+07,
1.443454e+07,
1.482812e+07,
1.524376e+07,
1.568338e+07,
1251521,
1306171,
1365811,
1431159,
1503073,
7.648863e+07,
6.793406e+07,
8791187,
1.262169e+07,
1.308648e+07,
1.358681e+07,
1.412692e+07,
1.471175e+07,
1573526,
1660761,
1758237,
1867869,
1992082,
7.030302e+07,
4.811515e+07,
2.265778e+07,
8824828,
9206660,
9623030,
1.007884e+07,
1.057999e+07,
3990151,
4243655,
4531555,
4861362,
5242944,
1.267933e+08,
7.582838e+07,
5.190561e+07,
1.212933e+07,
1.347862e+07,
1.516568e+07,
1.733548e+07,
2.022982e+07,
7825787,
8924133,
1.038112e+07,
1.240668e+07,
1.541432e+07,
1.046612e+08,
3.918988e+07,
6.622269e+07,
6935272,
7359044,
7837976,
8383585,
9010839,
1.116748e+07,
1.211765e+07,
1.324454e+07,
1.460251e+07,
1.627077e+07,
2.278217e+07,
1.714418e+07,
5769560,
3264959,
3344892,
3428836,
3517102,
3610033,
1061122,
1105573,
1153912,
1206671,
1264486,
1.640859e+08,
1.403437e+08,
2.437393e+07,
2.699007e+07,
2.751884e+07,
2.806874e+07,
2.864107e+07,
2.923722e+07,
4536302,
4699457,
4874787,
5063706,
5267858,
5.796987e+07,
4.323839e+07,
1.507214e+07,
8687487,
8667537,
8647678,
8627909,
8608231,
2947594,
2980637,
3014429,
3048996,
3084364,
3.376579e+07,
2.655905e+07,
7382710,
5093520,
5200376,
5311810,
5428125,
5549649,
1369044,
1420763,
1476542,
1536881,
1602361,
2.538043e+07,
2.003226e+07,
5479221,
4054621,
4030392,
4006451,
3982793,
3959413,
1080913,
1088328,
1095844,
1103465,
1111193,
2.910033e+07,
1.694494e+07,
1.237373e+07,
3214924,
3299662,
3388987,
3483284,
3582979,
2263320,
2364316,
2474746,
2595997,
2729741,
6.781967e+07,
5.546952e+07,
1.266403e+07,
1.086462e+07,
1.097806e+07,
1.10939e+07,
1.121221e+07,
1.133308e+07,
2406213,
2467887,
2532806,
2601232,
2673458,
9.62474e+07,
7.578496e+07,
2.096262e+07,
1.395416e+07,
1.453073e+07,
1.515699e+07,
1.583968e+07,
1.658676e+07,
3711050,
3937122,
4192524,
4483361,
4817556,
4.215238e+08,
1.951408e+08,
2.296041e+08,
3.570472e+07,
3.729254e+07,
3.902816e+07,
4.093321e+07,
4.303379e+07,
4.025295e+07,
4.290049e+07,
4.592082e+07,
4.939864e+07,
5.34464e+07,
3.527561e+07,
2.985981e+07,
5558381,
5913239,
5942455,
5971962,
6001764,
6031863,
1069694,
1090281,
1111676,
1133928,
1157089,
5.776769e+08,
3.792231e+08,
2.024816e+08,
7.389532e+07,
7.485729e+07,
7.584462e+07,
7.685836e+07,
7.789955e+07,
3.820756e+07,
3.931867e+07,
4.049633e+07,
4.174672e+07,
4.307678e+07,
1.555227e+08,
8.89056e+07,
6.779143e+07,
1.706118e+07,
1.741371e+07,
1.778112e+07,
1.816437e+07,
1.85645e+07,
1.256231e+07,
1.304131e+07,
1.355829e+07,
1.411794e+07,
1.472579e+07,
8.719998e+07,
5.211705e+07,
3.573005e+07,
9540607,
9962490,
1.042341e+07,
1.092905e+07,
1.148625e+07,
6274293,
6681841,
7146011,
7679485,
8299036,
5.417384e+07,
4.206894e+07,
1.239662e+07,
8350548,
8382050,
8413788,
8445769,
8477994,
2391142,
2434435,
2479324,
2525899,
2574258,
1.320291e+07,
1.185445e+07,
1386178,
2247162,
2307368,
2370890,
2438008,
2509036,
253857.1,
265031.8,
277235.7,
290617.7,
305357,
1.276432e+08,
5.865672e+07,
6.996067e+07,
1.017489e+07,
1.089783e+07,
1.173134e+07,
1.270293e+07,
1.384997e+07,
1.154144e+07,
1.264918e+07,
1.399214e+07,
1.565412e+07,
1.776414e+07,
5.614233e+07,
2.861076e+07,
2.796341e+07,
4981595,
5326255,
5722152,
6181629,
6721338,
4634933,
5068964,
5592682,
6237088,
7049334,
2.720717e+09,
1.792813e+09,
9.44695e+08,
3.380342e+08,
3.477902e+08,
3.585625e+08,
3.706047e+08,
3.842958e+08,
1.681108e+08,
1.777552e+08,
1.88939e+08,
2.021769e+08,
2.183147e+08,
2031, 
1.727393e+07,
1.534862e+07,
1978585,
3012906,
3041050,
3069725,
3098945,
3128728,
377048,
386157,
395717,
405762.4,
416331,
1.486448e+08,
1.33193e+08,
1.588308e+07,
2.60098e+07,
2.632044e+07,
2.66386e+07,
2.696453e+07,
2.729855e+07,
3008932,
3090501,
3176617,
3267669,
3364095,
4.491093e+07,
3.891617e+07,
6156424,
7246794,
7505442,
7783234,
8082380,
8405441,
1104597,
1164505,
1231285,
1306189,
1390798,
2.732988e+07,
2.03501e+07,
7140906,
3629522,
3837171,
4070021,
4332957,
4632212,
1218861,
1315245,
1428181,
1562334,
1724303,
8.137218e+07,
7.476098e+07,
6800522,
1.41902e+07,
1.456124e+07,
1.49522e+07,
1.536473e+07,
1.580067e+07,
1247423,
1301329,
1360104,
1424440,
1495165,
7.755998e+07,
6.901822e+07,
8778470,
1.284362e+07,
1.330634e+07,
1.380365e+07,
1.433957e+07,
1.491878e+07,
1574121,
1659957,
1755694,
1863150,
1984617,
7.225269e+07,
4.971769e+07,
2.30149e+07,
9147934,
9529158,
9943538,
1.039559e+07,
1.089071e+07,
4067935,
4318950,
4602981,
4926999,
5300089,
1.313523e+08,
7.914596e+07,
5.317734e+07,
1.26985e+07,
1.409206e+07,
1.582919e+07,
1.805481e+07,
2.100867e+07,
8045254,
9160785,
1.063547e+07,
1.267603e+07,
1.56855e+07,
1.081246e+08,
4.105424e+07,
6.785104e+07,
7283501,
7719424,
8210849,
8769096,
9408790,
1.147549e+07,
1.243525e+07,
1.357021e+07,
1.493315e+07,
1.660043e+07,
2.30863e+07,
1.744726e+07,
5771211,
3326768,
3406168,
3489452,
3576909,
3668864,
1062942,
1106712,
1154242,
1206038,
1262700,
1.638221e+08,
1.404565e+08,
2.398882e+07,
2.699837e+07,
2.7534e+07,
2.809131e+07,
2.867164e+07,
2.927647e+07,
4462163,
4623882,
4797765,
4985237,
5187955,
5.758421e+07,
4.312598e+07,
1.479398e+07,
8661482,
8643301,
8625196,
8607167,
8589213,
2891926,
2924979,
2958795,
2993403,
3028830,
3.424994e+07,
2.701909e+07,
7407952,
5190084,
5294795,
5403818,
5517425,
5635911,
1376272,
1426991,
1481591,
1540535,
1604363,
2.526263e+07,
2.000625e+07,
5385626,
4047043,
4024017,
4001251,
3978741,
3956483,
1061765,
1069390,
1077125,
1084973,
1092937,
2.984e+07,
1.751805e+07,
1.254513e+07,
3332250,
3415782,
3503610,
3596074,
3693550,
2301551,
2400815,
2509026,
2627452,
2757612,
6.744683e+07,
5.53379e+07,
1.241767e+07,
1.083172e+07,
1.094838e+07,
1.106758e+07,
1.118941e+07,
1.131394e+07,
2357665,
2418964,
2483534,
2551647,
2623601,
9.928173e+07,
7.841692e+07,
2.137644e+07,
1.44954e+07,
1.506601e+07,
1.568338e+07,
1.635352e+07,
1.708348e+07,
3801254,
4024360,
4275289,
4559590,
4884395,
4.312044e+08,
2.021711e+08,
2.323343e+08,
3.711913e+07,
3.870582e+07,
4.043422e+07,
4.23242e+07,
4.439953e+07,
4.089488e+07,
4.350318e+07,
4.646686e+07,
4.986386e+07,
5.379673e+07,
3.527747e+07,
2.993834e+07,
5480062,
5930619,
5959007,
5987668,
6016606,
6045825,
1055008,
1075119,
1096012,
1117734,
1140334,
5.768837e+08,
3.814286e+08,
1.994513e+08,
7.432718e+07,
7.529371e+07,
7.628572e+07,
7.730421e+07,
7.835026e+07,
3.763809e+07,
3.873146e+07,
3.989027e+07,
4.112055e+07,
4.242914e+07,
1.577865e+08,
9.101667e+07,
6.795768e+07,
1.749023e+07,
1.783966e+07,
1.820333e+07,
1.858215e+07,
1.897706e+07,
1.261338e+07,
1.30842e+07,
1.359154e+07,
1.41398e+07,
1.473416e+07,
8.851343e+07,
5.330238e+07,
3.586554e+07,
9775457,
1.01988e+07,
1.066048e+07,
1.116593e+07,
1.17217e+07,
6311461,
6714756,
7173109,
7698621,
8307219,
5.383361e+07,
4.19564e+07,
1.216451e+07,
8326407,
8358718,
8391280,
8424097,
8457172,
2345826,
2388571,
2432902,
2478910,
2526691,
1.332293e+07,
1.198221e+07,
1378286,
2272323,
2332732,
2396442,
2463729,
2534903,
252533.6,
263589.2,
275657.2,
288883.3,
303442.4,
1.323006e+08,
6.153777e+07,
7.177453e+07,
1.073372e+07,
1.146689e+07,
1.230755e+07,
1.328124e+07,
1.442221e+07,
1.191573e+07,
1.302208e+07,
1.435491e+07,
1.599167e+07,
1.804972e+07,
5.867556e+07,
3.01888e+07,
2.893793e+07,
5283092,
5635272,
6037760,
6502164,
7043962,
4824377,
5262268,
5787586,
6429417,
7231360,
2.757193e+09,
1.824355e+09,
9.498123e+08,
3.442041e+08,
3.540354e+08,
3.64871e+08,
3.769578e+08,
3.906631e+08,
1.692865e+08,
1.78874e+08,
1.899624e+08,
2.03044e+08,
2.189225e+08,
2032, 
1.734803e+07,
1.544863e+07,
1952078,
3032622,
3060907,
3089726,
3119092,
3149022,
372012.8,
380992.1,
390415.5,
400316.9,
410733.6,
1.493424e+08,
1.340858e+08,
1.568327e+07,
2.618451e+07,
2.649706e+07,
2.681716e+07,
2.714509e+07,
2.748114e+07,
2971158,
3051664,
3136654,
3226513,
3321673,
4.572115e+07,
3.971276e+07,
6170802,
7411857,
7668034,
7942553,
8237457,
8555106,
1110038,
1168813,
1234160,
1307247,
1389535,
2.775472e+07,
2.074764e+07,
7169495,
3707413,
3916031,
4149527,
4412633,
4711363,
1226390,
1322052,
1433899,
1566421,
1725931,
8.196966e+07,
7.538708e+07,
6771293,
1.432039e+07,
1.468916e+07,
1.507742e+07,
1.548676e+07,
1.591895e+07,
1243190,
1296349,
1354259,
1417583,
1487121,
7.864834e+07,
7.012114e+07,
8763981,
1.306977e+07,
1.353019e+07,
1.402423e+07,
1.455572e+07,
1.512907e+07,
1574402,
1658817,
1752796,
1858064,
1976784,
7.426266e+07,
5.137603e+07,
2.337671e+07,
9483463,
9863471,
1.027521e+07,
1.072281e+07,
1.121119e+07,
4147142,
4395431,
4675343,
4993330,
5357729,
1.360069e+08,
8.25615e+07,
5.444696e+07,
1.328698e+07,
1.47251e+07,
1.65123e+07,
1.879326e+07,
2.180539e+07,
8265971,
9398035,
1.088939e+07,
1.294334e+07,
1.595225e+07,
1.116659e+08,
4.298378e+07,
6.94927e+07,
7645123,
8093060,
8596755,
9167309,
9818978,
1.178762e+07,
1.275634e+07,
1.389854e+07,
1.52654e+07,
1.693043e+07,
2.339473e+07,
1.775546e+07,
5772019,
3389714,
3468528,
3551093,
3637685,
3728605,
1064614,
1107692,
1154404,
1205229,
1260735,
1.635595e+08,
1.40569e+08,
2.360526e+07,
2.700659e+07,
2.754907e+07,
2.81138e+07,
2.870217e+07,
2.931569e+07,
4388390,
4548647,
4721051,
4907040,
5108285,
5.720011e+07,
4.301218e+07,
1.451877e+07,
8635214,
8618793,
8602436,
8586140,
8569905,
2836883,
2869929,
2903753,
2938385,
2973852,
3.474298e+07,
2.748831e+07,
7432878,
5288735,
5391175,
5497663,
5608441,
5723776,
1383471,
1433171,
1486576,
1544114,
1606286,
2.514565e+07,
1.998019e+07,
5292896,
4039461,
4017633,
3996039,
3974676,
3953541,
1042810,
1050636,
1058579,
1066644,
1074832,
3.060102e+07,
1.811059e+07,
1.271853e+07,
3453907,
3536013,
3622118,
3712521,
3807552,
2340392,
2437817,
2543706,
2659211,
2785706,
6.707648e+07,
5.520622e+07,
1.217388e+07,
1.079884e+07,
1.09187e+07,
1.104124e+07,
1.116657e+07,
1.129478e+07,
2309675,
2370576,
2434776,
2502550,
2574205,
1.024307e+08,
8.115434e+07,
2.179979e+07,
1.506054e+07,
1.562382e+07,
1.623087e+07,
1.6887e+07,
1.759842e+07,
3893986,
4113819,
4359958,
4637425,
4952609,
4.412137e+08,
2.094661e+08,
2.351303e+08,
3.859244e+07,
4.017515e+07,
4.189322e+07,
4.37648e+07,
4.581143e+07,
4.155393e+07,
4.412097e+07,
4.702606e+07,
5.034067e+07,
5.415798e+07,
3.527934e+07,
3.001682e+07,
5401790,
5948002,
5975555,
6003365,
6031434,
6059768,
1040320,
1059961,
1080358,
1101555,
1123601,
5.760887e+08,
3.836202e+08,
1.964323e+08,
7.475639e+07,
7.572744e+07,
7.672404e+07,
7.774723e+07,
7.879807e+07,
3.707067e+07,
3.814641e+07,
3.928646e+07,
4.049674e+07,
4.178396e+07,
1.600884e+08,
9.317177e+07,
6.811803e+07,
1.792899e+07,
1.827487e+07,
1.863435e+07,
1.900827e+07,
1.939749e+07,
1.266355e+07,
1.312605e+07,
1.362361e+07,
1.416037e+07,
1.474117e+07,
8.985093e+07,
5.451346e+07,
3.599932e+07,
1.001594e+07,
1.044052e+07,
1.090269e+07,
1.140768e+07,
1.196172e+07,
6348507,
6747436,
7199864,
7717324,
8314924,
5.349393e+07,
4.18422e+07,
1.193461e+07,
8301945,
8335060,
8368440,
8402087,
8436007,
2300957,
2343152,
2386923,
2432360,
2479561,
1.344354e+07,
1.211085e+07,
1370094,
2297672,
2358278,
2422169,
2489618,
2560931,
251153.8,
262088.5,
274018.8,
287086.9,
301463.9,
1.3717e+08,
6.456912e+07,
7.365148e+07,
1.132527e+07,
1.206749e+07,
1.291382e+07,
1.388782e+07,
1.502073e+07,
1.230548e+07,
1.340915e+07,
1.47303e+07,
1.634023e+07,
1.834526e+07,
6.131528e+07,
3.184638e+07,
2.994013e+07,
5601718,
5960889,
6369276,
6837735,
7380576,
5020728,
5461881,
5988026,
6626345,
7416991,
2.794815e+09,
1.856858e+09,
9.551193e+08,
3.505835e+08,
3.60482e+08,
3.713715e+08,
3.83492e+08,
3.971992e+08,
1.705134e+08,
1.800379e+08,
1.910239e+08,
2.039415e+08,
2.195536e+08,
2033, 
1.742221e+07,
1.554897e+07,
1925306,
3052405,
3080833,
3109795,
3139307,
3169384,
366927.1,
375775.5,
385061.2,
394817.5,
405081,
1.500406e+08,
1.349815e+08,
1.548114e+07,
2.63598e+07,
2.667425e+07,
2.69963e+07,
2.732623e+07,
2.766431e+07,
2932944,
3012375,
3096228,
3184882,
3278764,
4.654972e+07,
4.052862e+07,
6184263,
7581286,
7834739,
8105725,
8396127,
8708111,
1115345,
1172960,
1236853,
1308106,
1388071,
2.818672e+07,
2.115293e+07,
7197474,
3786998,
3996520,
4230585,
4493773,
4791879,
1233851,
1328763,
1439495,
1570360,
1727398,
8.257226e+07,
7.601899e+07,
6741351,
1.445189e+07,
1.481831e+07,
1.52038e+07,
1.560988e+07,
1.603824e+07,
1238819,
1291229,
1348270,
1410584,
1478937,
7.975419e+07,
7.12433e+07,
8747681,
1.330026e+07,
1.375813e+07,
1.424866e+07,
1.477546e+07,
1.534271e+07,
1574360,
1657332,
1749536,
1852604,
1968576,
7.633578e+07,
5.309276e+07,
2.374344e+07,
9832019,
1.021016e+07,
1.061855e+07,
1.106098e+07,
1.154187e+07,
4227833,
4473149,
4748688,
5060401,
5415911,
1.407599e+08,
8.607798e+07,
5.57144e+07,
1.389545e+07,
1.537836e+07,
1.72156e+07,
1.955138e+07,
2.262048e+07,
8487943,
9635880,
1.114288e+07,
1.320864e+07,
1.621465e+07,
1.152876e+08,
4.498064e+07,
7.114818e+07,
8020630,
8480418,
8996128,
9578622,
1.024177e+07,
1.210401e+07,
1.308103e+07,
1.422964e+07,
1.559937e+07,
1.726088e+07,
2.370757e+07,
1.806891e+07,
5771970,
3453824,
3531993,
3613782,
3699449,
3789275,
1066134,
1108510,
1154394,
1204241,
1258587,
1.63298e+08,
1.406811e+08,
2.322318e+07,
2.701472e+07,
2.756407e+07,
2.813623e+07,
2.873264e+07,
2.935489e+07,
4314974,
4473740,
4644637,
4829108,
5028838,
5.681757e+07,
4.289701e+07,
1.424649e+07,
8608690,
8594021,
8579402,
8564833,
8550314,
2782461,
2815484,
2849299,
2883937,
2919426,
3.524514e+07,
2.796697e+07,
7457482,
5389533,
5489572,
5593395,
5701221,
5813286,
1390639,
1439303,
1491496,
1547618,
1608128,
2.502946e+07,
1.995408e+07,
5201025,
4031875,
4011241,
3990817,
3970600,
3950587,
1024049,
1032064,
1040205,
1048476,
1056879,
3.138431e+07,
1.872339e+07,
1.289403e+07,
3580089,
3660534,
3744677,
3832780,
3925128,
2379865,
2475344,
2578805,
2691291,
2814039,
6.670854e+07,
5.507447e+07,
1.193261e+07,
1.076599e+07,
1.088902e+07,
1.101489e+07,
1.114372e+07,
1.127558e+07,
2262231,
2322715,
2386522,
2453933,
2525263,
1.05701e+08,
8.400325e+07,
2.223321e+07,
1.565098e+07,
1.620545e+07,
1.680065e+07,
1.744124e+07,
1.813261e+07,
3989380,
4205618,
4446642,
4716971,
5022297,
4.515685e+08,
2.170393e+08,
2.379956e+08,
4.012782e+07,
4.170345e+07,
4.340786e+07,
4.525753e+07,
4.727184e+07,
4.223095e+07,
4.475463e+07,
4.759911e+07,
5.08297e+07,
5.453075e+07,
3.528122e+07,
3.009526e+07,
5323570,
5965389,
5992100,
6019052,
6046247,
6073689,
1025632,
1044808,
1064714,
1085394,
1106892,
5.752922e+08,
3.857983e+08,
1.934245e+08,
7.518303e+07,
7.615853e+07,
7.715967e+07,
7.818749e+07,
7.924305e+07,
3.650534e+07,
3.756353e+07,
3.868491e+07,
3.98753e+07,
4.114128e+07,
1.624296e+08,
9.537195e+07,
6.827236e+07,
1.83777e+07,
1.871956e+07,
1.907439e+07,
1.944293e+07,
1.982599e+07,
1.271281e+07,
1.316682e+07,
1.365447e+07,
1.417963e+07,
1.47468e+07,
9.121316e+07,
5.575103e+07,
3.613135e+07,
1.026221e+07,
1.06878e+07,
1.115021e+07,
1.165444e+07,
1.220644e+07,
6385426,
6779877,
7226270,
7735589,
8322147,
5.315476e+07,
4.172632e+07,
1.170693e+07,
8277161,
8311073,
8345264,
8379737,
8414497,
2256534,
2298177,
2341385,
2386249,
2432867,
1.356473e+07,
1.224036e+07,
1361600,
2323208,
2384006,
2448071,
2515675,
2587118,
249717.6,
260529.5,
272320.1,
285228.3,
299421.3,
1.422661e+08,
6.776117e+07,
7.559602e+07,
1.195194e+07,
1.270188e+07,
1.355223e+07,
1.452461e+07,
1.564732e+07,
1.271176e+07,
1.381136e+07,
1.51192e+07,
1.670065e+07,
1.865157e+07,
6.406836e+07,
3.358859e+07,
3.097182e+07,
5938647,
6304204,
6717718,
7189286,
7732059,
5224420,
5668197,
6194364,
6828213,
7606567,
2.833639e+09,
1.890367e+09,
9.606269e+08,
3.571835e+08,
3.671402e+08,
3.780734e+08,
3.902162e+08,
4.039124e+08,
1.717943e+08,
1.812492e+08,
1.921254e+08,
2.048713e+08,
2.2021e+08,
2034, 
1.749648e+07,
1.564966e+07,
1898268,
3072257,
3100826,
3129932,
3159589,
3189814,
361789.9,
370506.6,
379653.6,
389263.7,
399372.9,
1.507395e+08,
1.358801e+08,
1.527667e+07,
2.653565e+07,
2.685202e+07,
2.717602e+07,
2.750794e+07,
2.784807e+07,
2894286,
2972630,
3055334,
3142772,
3235362,
4.739731e+07,
4.136441e+07,
6196781,
7755238,
8005701,
8272882,
8558512,
8864571,
1120511,
1176941,
1239356,
1308762,
1386402,
2.862605e+07,
2.156617e+07,
7224823,
3868320,
4078680,
4313234,
4576411,
4873792,
1241238,
1335376,
1444965,
1574149,
1728699,
8.318001e+07,
7.665674e+07,
6710680,
1.458471e+07,
1.494871e+07,
1.533135e+07,
1.573408e+07,
1.615855e+07,
1234305,
1285964,
1342136,
1403439,
1470611,
8.08779e+07,
7.238512e+07,
8729524,
1.353517e+07,
1.399026e+07,
1.447702e+07,
1.499888e+07,
1.555976e+07,
1573985,
1655494,
1745905,
1846762,
1959986,
7.847506e+07,
5.487068e+07,
2.411534e+07,
1.019425e+07,
1.056983e+07,
1.097414e+07,
1.141061e+07,
1.188323e+07,
4310070,
4552162,
4823069,
5128260,
5474684,
1.456147e+08,
8.969861e+07,
5.697972e+07,
1.452461e+07,
1.605254e+07,
1.793972e+07,
2.032974e+07,
2.345446e+07,
8711194,
9874332,
1.139594e+07,
1.347194e+07,
1.647278e+07,
1.189926e+08,
4.704706e+07,
7.281801e+07,
8410531,
8881976,
9409413,
1.000345e+07,
1.067754e+07,
1.242478e+07,
1.340944e+07,
1.45636e+07,
1.593516e+07,
1.759191e+07,
2.402491e+07,
1.83877e+07,
5771053,
3519122,
3596588,
3677541,
3762222,
3850895,
1067500,
1109163,
1154211,
1203072,
1256254,
1.630378e+08,
1.407929e+08,
2.284264e+07,
2.702276e+07,
2.757898e+07,
2.815858e+07,
2.876306e+07,
2.939407e+07,
4241922,
4399172,
4568528,
4751446,
4949624,
5.643656e+07,
4.278048e+07,
1.397715e+07,
8581909,
8568983,
8556095,
8543247,
8530437,
2728658,
2761640,
2795429,
2830056,
2865551,
3.575668e+07,
2.845535e+07,
7481755,
5492541,
5590044,
5691071,
5795817,
5904491,
1397773,
1445383,
1496351,
1551045,
1609888,
2.491407e+07,
1.992793e+07,
5110004,
4024286,
4004842,
3985585,
3966513,
3947622,
1005478,
1013672,
1022001,
1030467,
1039075,
3.219087e+07,
1.935734e+07,
1.307172e+07,
3711007,
3789540,
3871469,
3957018,
4046434,
2419997,
2513419,
2614344,
2723712,
2842631,
6.634303e+07,
5.494266e+07,
1.169384e+07,
1.073316e+07,
1.085934e+07,
1.098853e+07,
1.112083e+07,
1.125636e+07,
2215330,
2275376,
2338768,
2405793,
2476772,
1.090998e+08,
8.697029e+07,
2.26773e+07,
1.626828e+07,
1.681234e+07,
1.739406e+07,
1.801747e+07,
1.868723e+07,
4087580,
4299889,
4535461,
4798341,
5093569,
4.622873e+08,
2.249053e+08,
2.409339e+08,
4.172869e+07,
4.329388e+07,
4.498107e+07,
4.680508e+07,
4.878329e+07,
4.292686e+07,
4.5405e+07,
4.818679e+07,
5.133168e+07,
5.491574e+07,
3.528311e+07,
3.017364e+07,
5245406,
5982777,
6008640,
6034727,
6061042,
6087588,
1010945,
1029660,
1049081,
1069249,
1090208,
5.744938e+08,
3.879626e+08,
1.904281e+08,
7.5607e+07,
7.65869e+07,
7.759252e+07,
7.86249e+07,
7.968512e+07,
3.594206e+07,
3.69828e+07,
3.808561e+07,
3.925621e+07,
4.050105e+07,
1.648108e+08,
9.761837e+07,
6.842054e+07,
1.883663e+07,
1.9174e+07,
1.952367e+07,
1.988634e+07,
2.026273e+07,
1.276111e+07,
1.32065e+07,
1.368411e+07,
1.419756e+07,
1.475103e+07,
9.260082e+07,
5.701579e+07,
3.62616e+07,
1.051445e+07,
1.094079e+07,
1.140316e+07,
1.190634e+07,
1.245597e+07,
6422208,
6812068,
7252320,
7753410,
8328884,
5.281615e+07,
4.16088e+07,
1.148144e+07,
8252062,
8286766,
8321762,
8357055,
8392648,
2212556,
2253644,
2296288,
2340576,
2386606,
1.368651e+07,
1.237075e+07,
1352805,
2348935,
2409917,
2474151,
2541902,
2613468,
248224.7,
258912,
270561,
283307.6,
297314.6,
1.476051e+08,
7.112536e+07,
7.761301e+07,
1.261639e+07,
1.337253e+07,
1.422507e+07,
1.519373e+07,
1.630394e+07,
1.313573e+07,
1.422977e+07,
1.55226e+07,
1.707383e+07,
1.896953e+07,
6.694228e+07,
3.542097e+07,
3.203497e+07,
6295161,
6666412,
7084194,
7557843,
8099365,
5435924,
5881647,
6406994,
7035393,
7800463,
2.873729e+09,
1.924935e+09,
9.66347e+08,
3.640159e+08,
3.740211e+08,
3.84987e+08,
3.971396e+08,
4.108114e+08,
1.73132e+08,
1.825106e+08,
1.932694e+08,
2.058356e+08,
2.20894e+08,
2035, 
1.757083e+07,
1.575069e+07,
1870965,
3092176,
3120888,
3150137,
3179940,
3210313,
356602,
365185.8,
374193,
383655.8,
393609.6,
1.51439e+08,
1.367816e+08,
1.506989e+07,
2.671207e+07,
2.703036e+07,
2.735632e+07,
2.769024e+07,
2.803241e+07,
2855187,
2932435,
3013978,
3100187,
3191472,
4.826455e+07,
4.22208e+07,
6208326,
7933872,
8181067,
8444161,
8724739,
9024604,
1125531,
1180749,
1241665,
1309209,
1384524,
2.907291e+07,
2.198757e+07,
7251531,
3951428,
4162554,
4397514,
4660587,
4957137,
1248550,
1341887,
1450306,
1577785,
1729834,
8.3793e+07,
7.730043e+07,
6679285,
1.471889e+07,
1.508038e+07,
1.546009e+07,
1.58594e+07,
1.62799e+07,
1229651,
1280556,
1335857,
1396150,
1462143,
8.201992e+07,
7.354711e+07,
8709472,
1.377464e+07,
1.42267e+07,
1.470942e+07,
1.522606e+07,
1.578031e+07,
1573268,
1653293,
1741894,
1840531,
1951008,
8.068374e+07,
5.671276e+07,
2.449269e+07,
1.057086e+07,
1.094312e+07,
1.134255e+07,
1.177225e+07,
1.223579e+07,
4393920,
4632527,
4898537,
5196958,
5534098,
1.505745e+08,
9.342669e+07,
5.824288e+07,
1.517522e+07,
1.674834e+07,
1.868534e+07,
2.112897e+07,
2.43079e+07,
8935736,
1.011339e+07,
1.164858e+07,
1.373324e+07,
1.672671e+07,
1.227838e+08,
4.918545e+07,
7.450276e+07,
8815374,
9298249,
9837090,
1.044222e+07,
1.112669e+07,
1.275007e+07,
1.374169e+07,
1.490055e+07,
1.627288e+07,
1.792363e+07,
2.434684e+07,
1.871197e+07,
5769243,
3585637,
3662339,
3742393,
3826026,
3913482,
1068706,
1109646,
1153849,
1201718,
1253732,
1.627786e+08,
1.409043e+08,
2.24636e+07,
2.703072e+07,
2.759381e+07,
2.818086e+07,
2.879343e+07,
2.943322e+07,
4169230,
4324934,
4492721,
4674051,
4870634,
5.60571e+07,
4.266261e+07,
1.37107e+07,
8554879,
8543686,
8532521,
8521387,
8510281,
2675466,
2708392,
2742140,
2776739,
2812222,
3.627788e+07,
2.895371e+07,
7505689,
5597823,
5692649,
5790743,
5892277,
5997435,
1404874,
1451411,
1501138,
1554393,
1611565,
2.479946e+07,
1.990172e+07,
5019824,
4016693,
3998436,
3980343,
3962415,
3944646,
987096.8,
995459.3,
1003965,
1012617,
1021419,
3.302174e+07,
2.001341e+07,
1.325172e+07,
3846882,
3923235,
4002681,
4085411,
4171633,
2460814,
2552065,
2650343,
2756494,
2871503,
6.597991e+07,
5.481078e+07,
1.145755e+07,
1.070035e+07,
1.082967e+07,
1.096216e+07,
1.109792e+07,
1.123709e+07,
2168967,
2228556,
2291510,
2358125,
2428730,
1.126347e+08,
9.00625e+07,
2.313272e+07,
1.691409e+07,
1.744602e+07,
1.80125e+07,
1.8617e+07,
1.926348e+07,
4188746,
4396774,
4626545,
4881655,
5166542,
4.733893e+08,
2.330798e+08,
2.439493e+08,
4.339867e+07,
4.494981e+07,
4.661595e+07,
4.841036e+07,
5.034845e+07,
4.364261e+07,
4.607292e+07,
4.878987e+07,
5.184734e+07,
5.531362e+07,
3.5285e+07,
3.025196e+07,
5167294,
6000166,
6025174,
6050391,
6075821,
6101465,
996256.6,
1014517,
1033459,
1053122,
1073547,
5.736936e+08,
3.901133e+08,
1.874428e+08,
7.602839e+07,
7.701262e+07,
7.802266e+07,
7.905954e+07,
8.012435e+07,
3.538085e+07,
3.640423e+07,
3.748856e+07,
3.863948e+07,
3.98633e+07,
1.672333e+08,
9.99122e+07,
6.856238e+07,
1.930606e+07,
1.963843e+07,
1.998244e+07,
2.033872e+07,
2.070794e+07,
1.280843e+07,
1.324504e+07,
1.371248e+07,
1.421411e+07,
1.475384e+07,
9.401462e+07,
5.830851e+07,
3.639002e+07,
1.077283e+07,
1.119966e+07,
1.16617e+07,
1.216351e+07,
1.271045e+07,
6458846,
6844001,
7278004,
7770778,
8335126,
5.247806e+07,
4.148963e+07,
1.125815e+07,
8226643,
8262131,
8297926,
8334033,
8370456,
2169021,
2209553,
2251629,
2295339,
2340780,
1.380888e+07,
1.250204e+07,
1343704,
2374853,
2436013,
2500408,
2568299,
2639980,
246674.2,
257235.1,
268740.8,
281323.8,
295143.1,
1.532048e+08,
7.467426e+07,
7.970783e+07,
1.332153e+07,
1.408214e+07,
1.493485e+07,
1.58975e+07,
1.699278e+07,
1.357866e+07,
1.466555e+07,
1.594157e+07,
1.746079e+07,
1.930008e+07,
6.994516e+07,
3.734954e+07,
3.313174e+07,
6672651,
7048808,
7469908,
7944518,
8483529,
5655756,
6102701,
6626347,
7248291,
7999080,
2.915151e+09,
1.960615e+09,
9.722921e+08,
3.710934e+08,
3.811363e+08,
3.92123e+08,
4.042726e+08,
4.179057e+08,
1.745295e+08,
1.838247e+08,
1.944584e+08,
2.06837e+08,
2.216079e+08,
2036, 
1.762805e+07,
1.583658e+07,
1841596,
3108787,
3137779,
3167317,
3197416,
3228094,
350975.8,
359438.3,
368319.2,
377650,
387465.8,
1.521605e+08,
1.377053e+08,
1.486286e+07,
2.689432e+07,
2.721385e+07,
2.754105e+07,
2.787623e+07,
2.821965e+07,
2816216,
2892283,
2972572,
3057446,
3147310,
4.89197e+07,
4.289472e+07,
6189444,
8072903,
8318235,
8578944,
8856524,
9152668,
1124086,
1178246,
1237889,
1303892,
1377330,
2.945313e+07,
2.236089e+07,
7259257,
4024945,
4236791,
4472177,
4735257,
5031223,
1252177,
1344642,
1451851,
1577638,
1727288,
8.427154e+07,
7.782109e+07,
6636152,
1.482836e+07,
1.518738e+07,
1.556422e+07,
1.596023e+07,
1.637692e+07,
1222689,
1272817,
1327230,
1386505,
1451321,
8.294765e+07,
7.452038e+07,
8663126,
1.397467e+07,
1.442442e+07,
1.490408e+07,
1.541673e+07,
1.596591e+07,
1567176,
1645753,
1732625,
1829180,
1937131,
8.265984e+07,
5.840635e+07,
2.478417e+07,
1.091456e+07,
1.128491e+07,
1.168127e+07,
1.210649e+07,
1.256384e+07,
4459393,
4694974,
4956834,
5249629,
5579186,
1.557747e+08,
9.734812e+07,
5.955435e+07,
1.586008e+07,
1.748046e+07,
1.946962e+07,
2.196963e+07,
2.520624e+07,
9168457,
1.036127e+07,
1.191087e+07,
1.400549e+07,
1.699402e+07,
1.26564e+08,
5.135758e+07,
7.614275e+07,
9227073,
9721321,
1.027152e+07,
1.088772e+07,
1.158259e+07,
1.306752e+07,
1.406551e+07,
1.522855e+07,
1.660126e+07,
1.824597e+07,
2.461588e+07,
1.899736e+07,
5753064,
3644203,
3720218,
3799471,
3882175,
3968559,
1067030,
1107246,
1150613,
1197515,
1248403,
1.625938e+08,
1.410788e+08,
2.209598e+07,
2.705222e+07,
2.762175e+07,
2.821577e+07,
2.88359e+07,
2.94839e+07,
4098985,
4253073,
4419197,
4598826,
4793678,
5.561571e+07,
4.249491e+07,
1.343181e+07,
8516306,
8507635,
8498982,
8490347,
8481729,
2619335,
2652425,
2686361,
2721177,
2756907,
3.667661e+07,
2.935638e+07,
7502199,
5682211,
5775197,
5871276,
5970607,
6073355,
1406092,
1451735,
1500440,
1552527,
1608360,
2.462291e+07,
1.982495e+07,
4917944,
3998369,
3981610,
3964991,
3948510,
3932166,
966288.9,
974862.1,
983588.7,
992472.9,
1001519,
3.374723e+07,
2.061267e+07,
1.338225e+07,
3969988,
4044823,
4122535,
4203291,
4287273,
2490835,
2580309,
2676450,
2780033,
2891957,
6.56664e+07,
5.471822e+07,
1.12318e+07,
1.067563e+07,
1.080797e+07,
1.094364e+07,
1.108276e+07,
1.122547e+07,
2124749,
2183863,
2246360,
2312540,
2382737,
1.156061e+08,
9.271967e+07,
2.345651e+07,
1.746415e+07,
1.798785e+07,
1.854393e+07,
1.91355e+07,
1.976604e+07,
4261635,
4466158,
4691302,
4940350,
5217324,
4.823412e+08,
2.403067e+08,
2.457445e+08,
4.48672e+07,
4.640938e+07,
4.806134e+07,
4.983525e+07,
5.174513e+07,
4.410412e+07,
4.649006e+07,
4.914891e+07,
5.213034e+07,
5.549684e+07,
3.516524e+07,
3.022565e+07,
5071682,
5994606,
6019763,
6045131,
6070714,
6096514,
977770.5,
995717.8,
1014336,
1033665,
1053744,
5.721147e+08,
3.917182e+08,
1.842187e+08,
7.633644e+07,
7.732702e+07,
7.834364e+07,
7.938736e+07,
8.045926e+07,
3.477081e+07,
3.577727e+07,
3.684374e+07,
3.797573e+07,
3.917949e+07,
1.691242e+08,
1.019089e+08,
6.846551e+07,
1.971183e+07,
2.004121e+07,
2.038178e+07,
2.073412e+07,
2.109886e+07,
1.280565e+07,
1.323452e+07,
1.36931e+07,
1.418461e+07,
1.471272e+07,
9.513235e+07,
5.942824e+07,
3.639303e+07,
1.099528e+07,
1.142314e+07,
1.188565e+07,
1.238719e+07,
1.293292e+07,
6470061,
6850559,
7278607,
7763712,
8318097,
5.209763e+07,
4.133481e+07,
1.102797e+07,
8193343,
8229989,
8266963,
8304271,
8341918,
2123934,
2163993,
2205593,
2248824,
2293783,
1.39209e+07,
1.262429e+07,
1333246,
2398893,
2460264,
2524858,
2592935,
2664785,
244851.9,
255286.1,
266649.2,
279070.9,
292706.6,
1.581888e+08,
7.797997e+07,
8.142518e+07,
1.397489e+07,
1.474101e+07,
1.5596e+07,
1.655627e+07,
1.764255e+07,
1.39442e+07,
1.502399e+07,
1.628504e+07,
1.777717e+07,
1.957033e+07,
7.284954e+07,
3.925354e+07,
3.415367e+07,
7043785,
7425389,
7850709,
8327713,
8866432,
5859772,
6308108,
6830734,
7447782,
8187381,
2.950458e+09,
1.992834e+09,
9.755388e+08,
3.774251e+08,
3.875293e+08,
3.985668e+08,
4.107511e+08,
4.24394e+08,
1.753648e+08,
1.845841e+08,
1.951078e+08,
2.07325e+08,
2.21853e+08,
2037, 
1.768525e+07,
1.592267e+07,
1812021,
3125431,
3154706,
3184534,
3214932,
3245916,
345311.3,
353651.3,
362404.3,
371601.5,
381277.7,
1.528832e+08,
1.386323e+08,
1.465348e+07,
2.707727e+07,
2.739802e+07,
2.772647e+07,
2.806289e+07,
2.840757e+07,
2776793,
2851669,
2930695,
3014226,
3102658,
4.95854e+07,
4.358051e+07,
6169191,
8214613,
8457931,
8716103,
8990532,
9282804,
1122389,
1175478,
1233838,
1298296,
1369860,
2.983896e+07,
2.274058e+07,
7266180,
4099855,
4312368,
4548117,
4811131,
5106433,
1255681,
1347255,
1453236,
1577315,
1724559,
8.475372e+07,
7.834598e+07,
6592403,
1.493881e+07,
1.529529e+07,
1.56692e+07,
1.606185e+07,
1.647468e+07,
1215601,
1264953,
1318481,
1376739,
1440384,
8.388756e+07,
7.550766e+07,
8614883,
1.417785e+07,
1.462512e+07,
1.510153e+07,
1.561002e+07,
1.615395e+07,
1560724,
1637842,
1722977,
1817447,
1922878,
8.46883e+07,
6.015124e+07,
2.507679e+07,
1.12697e+07,
1.163756e+07,
1.203025e+07,
1.245036e+07,
1.290088e+07,
4525480,
4757843,
5015359,
5302346,
5624171,
1.610868e+08,
1.013851e+08,
6.086242e+07,
1.656808e+07,
1.823588e+07,
2.027703e+07,
2.283271e+07,
2.612551e+07,
9402314,
1.060956e+07,
1.217249e+07,
1.427545e+07,
1.725679e+07,
1.304295e+08,
5.36027e+07,
7.779562e+07,
9653977,
1.015934e+07,
1.072054e+07,
1.134737e+07,
1.205204e+07,
1.338905e+07,
1.439275e+07,
1.555913e+07,
1.693122e+07,
1.856872e+07,
2.488833e+07,
1.928702e+07,
5736014,
3703721,
3779000,
3857403,
3939129,
4024392,
1065190,
1104676,
1147203,
1193135,
1242898,
1.624098e+08,
1.412529e+08,
2.172949e+07,
2.707362e+07,
2.764958e+07,
2.825059e+07,
2.88783e+07,
2.953455e+07,
4029017,
4181462,
4345897,
4523795,
4716878,
5.517717e+07,
4.232652e+07,
1.315647e+07,
8477635,
8471465,
8465305,
8459152,
8453010,
2563971,
2597197,
2631295,
2666300,
2702250,
3.708085e+07,
2.976522e+07,
7498017,
5767999,
5859061,
5953045,
6050093,
6150357,
1407185,
1451925,
1499604,
1550520,
1605015,
2.444786e+07,
1.974841e+07,
4817371,
3980112,
3964839,
3949682,
3934641,
3919714,
945770.4,
954540.2,
963474.1,
972576.9,
981853.4,
3.448998e+07,
2.122913e+07,
1.35129e+07,
4096920,
4170044,
4245826,
4324413,
4405965,
2521027,
2608648,
2702580,
2803528,
2912311,
6.53548e+07,
5.462546e+07,
1.100816e+07,
1.065089e+07,
1.078625e+07,
1.092509e+07,
1.106756e+07,
1.121379e+07,
2080990,
2139611,
2201631,
2267354,
2337121,
1.186678e+08,
9.546369e+07,
2.378392e+07,
1.803391e+07,
1.854822e+07,
1.909274e+07,
1.967019e+07,
2.028366e+07,
4335688,
4536485,
4756784,
4999571,
5268474,
4.915516e+08,
2.477623e+08,
2.475707e+08,
4.638695e+07,
4.791749e+07,
4.955246e+07,
5.130296e+07,
5.318166e+07,
4.457444e+07,
4.691462e+07,
4.951414e+07,
5.241863e+07,
5.568511e+07,
3.504545e+07,
3.019874e+07,
4976663,
5988927,
6014230,
6039749,
6065484,
6091440,
959400.7,
977036.4,
995332.5,
1014327,
1034061,
5.705339e+08,
3.933021e+08,
1.810131e+08,
7.664036e+07,
7.763726e+07,
7.866043e+07,
7.971094e+07,
8.078987e+07,
3.416432e+07,
3.515394e+07,
3.620261e+07,
3.731576e+07,
3.849955e+07,
1.710403e+08,
1.039385e+08,
6.836066e+07,
2.012486e+07,
2.045091e+07,
2.07877e+07,
2.113577e+07,
2.149569e+07,
1.280141e+07,
1.322245e+07,
1.367213e+07,
1.415348e+07,
1.466995e+07,
9.626682e+07,
6.056775e+07,
3.639292e+07,
1.122206e+07,
1.165077e+07,
1.211355e+07,
1.261461e+07,
1.315891e+07,
6480774,
6856549,
7278585,
7755982,
8300399,
5.171828e+07,
4.117854e+07,
1.080032e+07,
8159775,
8197567,
8235709,
8274208,
8313069,
2079365,
2118946,
2160064,
2202809,
2247280,
1.403337e+07,
1.274728e+07,
1322499,
2423090,
2484667,
2549456,
2617713,
2689726,
242975.1,
253280.9,
264499.8,
276758.5,
290208.8,
1.633767e+08,
8.144059e+07,
8.319274e+07,
1.46623e+07,
1.543251e+07,
1.628812e+07,
1.724418e+07,
1.831947e+07,
1.43224e+07,
1.539384e+07,
1.663855e+07,
1.810225e+07,
1.984833e+07,
7.586846e+07,
4.12473e+07,
3.52011e+07,
7434451,
7820780,
8249459,
8727858,
9265159,
6070315,
6519391,
7040220,
7651492,
8379003,
2.98679e+09,
2.02595e+09,
9.78916e+08,
3.839531e+08,
3.941108e+08,
4.051901e+08,
4.17399e+08,
4.310402e+08,
1.762376e+08,
1.853756e+08,
1.957832e+08,
2.078329e+08,
2.22112e+08,
2038, 
1.774246e+07,
1.600895e+07,
1782240,
3142110,
3171669,
3201789,
3232487,
3263780,
339608.3,
347824.5,
356448.1,
365510.1,
375045,
1.536069e+08,
1.395628e+08,
1.444172e+07,
2.726089e+07,
2.758288e+07,
2.791256e+07,
2.825022e+07,
2.859615e+07,
2736913,
2810590,
2888344,
2970521,
3057512,
5.026193e+07,
4.427851e+07,
6147530,
8359076,
8600226,
8855702,
9126822,
9415066,
1120431,
1172437,
1229506,
1292415,
1362109,
3.02305e+07,
2.31268e+07,
7272292,
4176193,
4389316,
4625360,
4888235,
5182792,
1259060,
1349724,
1454458,
1576814,
1721648,
8.52396e+07,
7.887518e+07,
6548033,
1.505023e+07,
1.540411e+07,
1.577504e+07,
1.616427e+07,
1.657319e+07,
1208389,
1256963,
1309607,
1366852,
1429332,
8.48399e+07,
7.650926e+07,
8564704,
1.438426e+07,
1.482887e+07,
1.530185e+07,
1.580599e+07,
1.634449e+07,
1553904,
1629551,
1712941,
1805325,
1908243,
8.677121e+07,
6.194946e+07,
2.537063e+07,
1.163673e+07,
1.200151e+07,
1.238989e+07,
1.280425e+07,
1.324729e+07,
4592199,
4821149,
5074127,
5355124,
5669068,
1.665145e+08,
1.055414e+08,
6.216708e+07,
1.730006e+07,
1.901538e+07,
2.110829e+07,
2.371888e+07,
2.706635e+07,
9637321,
1.085825e+07,
1.243342e+07,
1.454313e+07,
1.751511e+07,
1.343831e+08,
5.592328e+07,
7.946189e+07,
1.009665e+07,
1.061284e+07,
1.118466e+07,
1.18216e+07,
1.253547e+07,
1.371479e+07,
1.47235e+07,
1.589238e+07,
1.726285e+07,
1.889199e+07,
2.516427e+07,
1.958102e+07,
5718078,
3764207,
3838702,
3916205,
3996902,
4080995,
1063182,
1101933,
1143616,
1188576,
1237216,
1.622263e+08,
1.414266e+08,
2.136412e+07,
2.70949e+07,
2.767732e+07,
2.828533e+07,
2.892065e+07,
2.958516e+07,
3959327,
4110107,
4272825,
4448959,
4640238,
5.474144e+07,
4.215746e+07,
1.288467e+07,
8438868,
8435178,
8431491,
8427808,
8424127,
2509365,
2542701,
2576935,
2612103,
2648245,
3.74907e+07,
3.018036e+07,
7493135,
5855211,
5944266,
6036072,
6130758,
6228462,
1408151,
1451981,
1498627,
1548370,
1601528,
2.427432e+07,
1.967209e+07,
4718088,
3961924,
3948123,
3934419,
3920808,
3907293,
925537.1,
934489.9,
943617.6,
952925.4,
962418.6,
3.525063e+07,
2.186339e+07,
1.364367e+07,
4227822,
4299031,
4372678,
4448893,
4527812,
2551393,
2637085,
2728734,
2826982,
2932570,
6.50451e+07,
5.453254e+07,
1.07866e+07,
1.062614e+07,
1.07645e+07,
1.090651e+07,
1.105232e+07,
1.120207e+07,
2037684,
2095796,
2157320,
2222565,
2291879,
1.21824e+08,
9.829857e+07,
2.411513e+07,
1.86243e+07,
1.9128e+07,
1.965971e+07,
2.022183e+07,
2.081703e+07,
4410952,
4607794,
4823026,
5059351,
5320028,
5.010322e+08,
2.554566e+08,
2.494294e+08,
4.796024e+07,
4.947629e+07,
5.109132e+07,
5.281533e+07,
5.465977e+07,
4.505396e+07,
4.734696e+07,
4.988588e+07,
5.271252e+07,
5.587872e+07,
3.492565e+07,
3.017123e+07,
4882229,
5983130,
6008580,
6034247,
6060134,
6086245,
941145.8,
958470.7,
976445.7,
995107.6,
1014497,
5.689514e+08,
3.948652e+08,
1.77826e+08,
7.69402e+07,
7.794338e+07,
7.897305e+07,
8.00303e+07,
8.111623e+07,
3.35614e+07,
3.453426e+07,
3.55652e+07,
3.66596e+07,
3.782348e+07,
1.72982e+08,
1.060017e+08,
6.824769e+07,
2.054528e+07,
2.086767e+07,
2.120033e+07,
2.154378e+07,
2.189853e+07,
1.279566e+07,
1.320881e+07,
1.364954e+07,
1.412069e+07,
1.462553e+07,
9.74184e+07,
6.172751e+07,
3.638961e+07,
1.145327e+07,
1.188266e+07,
1.23455e+07,
1.284586e+07,
1.338849e+07,
6490969,
6861956,
7277922,
7747573,
8282018,
5.133998e+07,
4.102084e+07,
1.057519e+07,
8125944,
8164869,
8204169,
8243849,
8283915,
2035310,
2074408,
2115037,
2157290,
2201265,
1.414632e+07,
1.287102e+07,
1311462,
2447447,
2509225,
2574203,
2642635,
2714806,
241043.5,
251219.4,
262292.3,
274386.4,
287649.8,
1.687811e+08,
8.506578e+07,
8.50137e+07,
1.538598e+07,
1.615871e+07,
1.701316e+07,
1.796301e+07,
1.90252e+07,
1.471401e+07,
1.577579e+07,
1.700274e+07,
1.843663e+07,
2.013465e+07,
7.90088e+07,
4.333614e+07,
3.62756e+07,
7845892,
8236134,
8667228,
9145944,
9680632,
6287763,
6736893,
7255120,
7859719,
8574246,
3.024193e+09,
2.060004e+09,
9.824305e+08,
3.906869e+08,
4.008894e+08,
4.120007e+08,
4.242236e+08,
4.378514e+08,
1.771495e+08,
1.862007e+08,
1.964861e+08,
2.083619e+08,
2.223862e+08,
2039, 
1.779965e+07,
1.609541e+07,
1752254,
3158822,
3188668,
3219082,
3250082,
3281685,
333867.1,
341958,
350450.7,
359376,
368767.8,
1.543318e+08,
1.404967e+08,
1.422759e+07,
2.744522e+07,
2.776842e+07,
2.809933e+07,
2.843822e+07,
2.878539e+07,
2696577,
2769046,
2845518,
2926334,
3011874,
5.094953e+07,
4.498898e+07,
6124430,
8506357,
8745177,
8997796,
9265443,
9549501,
1118204,
1169117,
1224886,
1286243,
1354071,
3.062791e+07,
2.351969e+07,
7277572,
4253991,
4467665,
4703938,
4966597,
5260324,
1262310,
1352045,
1455515,
1576133,
1718550,
8.572922e+07,
7.940872e+07,
6503035,
1.516264e+07,
1.551386e+07,
1.588174e+07,
1.62675e+07,
1.667245e+07,
1201048,
1248846,
1300607,
1356844,
1418163,
8.580492e+07,
7.752543e+07,
8512543,
1.459395e+07,
1.503573e+07,
1.550509e+07,
1.600469e+07,
1.653756e+07,
1546705,
1620871,
1702509,
1792806,
1893218,
8.891079e+07,
6.380318e+07,
2.566573e+07,
1.201619e+07,
1.237723e+07,
1.276064e+07,
1.316856e+07,
1.360342e+07,
4659563,
4884903,
5133146,
5407970,
5713887,
1.720615e+08,
1.098208e+08,
6.346824e+07,
1.805688e+07,
1.981979e+07,
2.196417e+07,
2.462886e+07,
2.802939e+07,
9873481,
1.110735e+07,
1.269365e+07,
1.480853e+07,
1.776902e+07,
1.384279e+08,
5.832183e+07,
8.114206e+07,
1.055566e+07,
1.108236e+07,
1.166437e+07,
1.23109e+07,
1.303331e+07,
1.404486e+07,
1.505789e+07,
1.622841e+07,
1.759625e+07,
1.92159e+07,
2.544377e+07,
1.987946e+07,
5699239,
3825681,
3899341,
3975893,
4055511,
4138382,
1061002,
1099013,
1139848,
1183834,
1231352,
1.620437e+08,
1.415999e+08,
2.099984e+07,
2.711608e+07,
2.770496e+07,
2.831998e+07,
2.896293e+07,
2.963575e+07,
3889904,
4038994,
4199969,
4374307,
4563746,
5.430849e+07,
4.198771e+07,
1.261636e+07,
8400005,
8398773,
8397542,
8396311,
8395079,
2455507,
2488929,
2523273,
2558578,
2594884,
3.790629e+07,
3.060193e+07,
7487534,
5943884,
6030844,
6120387,
6212628,
6307692,
1408986,
1451899,
1497507,
1546074,
1597896,
2.410224e+07,
1.9596e+07,
4620076,
3943804,
3931463,
3919199,
3907012,
3894900,
905584.7,
914707.1,
924015.3,
933514.8,
943211.6,
3.602982e+07,
2.251609e+07,
1.377457e+07,
4362844,
4431920,
4503219,
4576849,
4652926,
2581936,
2665622,
2754915,
2850397,
2952735,
6.473729e+07,
5.443945e+07,
1.056711e+07,
1.060139e+07,
1.074273e+07,
1.088789e+07,
1.103703e+07,
1.119031e+07,
1994829,
2052414,
2113422,
2178168,
2247007,
1.250792e+08,
1.012286e+08,
2.445031e+07,
1.923632e+07,
1.972811e+07,
2.024571e+07,
2.079121e+07,
2.136691e+07,
4487467,
4680122,
4890062,
5119722,
5372016,
5.107948e+08,
2.634e+08,
2.51322e+08,
4.958952e+07,
5.108806e+07,
5.268e+07,
5.437433e+07,
5.618128e+07,
4.554304e+07,
4.778739e+07,
5.026441e+07,
5.301226e+07,
5.607792e+07,
3.480583e+07,
3.014311e+07,
4788381,
5977211,
6002807,
6028622,
6054660,
6080925,
923005.9,
940021.4,
957676.2,
976006.8,
995052.9,
5.67367e+08,
3.964074e+08,
1.746576e+08,
7.723593e+07,
7.824534e+07,
7.928147e+07,
8.034542e+07,
8.143832e+07,
3.296203e+07,
3.391821e+07,
3.493151e+07,
3.600723e+07,
3.71513e+07,
1.749499e+08,
1.08099e+08,
6.812644e+07,
2.097324e+07,
2.129162e+07,
2.161981e+07,
2.195828e+07,
2.230751e+07,
1.278837e+07,
1.319357e+07,
1.362529e+07,
1.408621e+07,
1.457942e+07,
9.858748e+07,
6.290795e+07,
3.638304e+07,
1.168902e+07,
1.211889e+07,
1.258159e+07,
1.308102e+07,
1.362174e+07,
6500634,
6866768,
7276608,
7738475,
8262947,
5.096276e+07,
4.086172e+07,
1.035257e+07,
8091850,
8131898,
8172345,
8213196,
8254458,
1991770,
2030379,
2070514,
2112268,
2155740,
1.425973e+07,
1.29955e+07,
1300133,
2471963,
2533938,
2599100,
2667702,
2740024,
239056.8,
249101.2,
260026.6,
271954.4,
285029.1,
1.74416e+08,
8.886601e+07,
8.689154e+07,
1.614839e+07,
1.692188e+07,
1.77732e+07,
1.871472e+07,
1.976156e+07,
1.511986e+07,
1.617061e+07,
1.737831e+07,
1.878096e+07,
2.042991e+07,
8.227805e+07,
4.552592e+07,
3.737887e+07,
8279459,
8672711,
9105184,
9583051,
1.011386e+07,
6512527,
6960985,
7475775,
8072785,
8773425,
3.062716e+09,
2.095036e+09,
9.860891e+08,
3.976363e+08,
4.078742e+08,
4.190073e+08,
4.312327e+08,
4.448347e+08,
1.781021e+08,
1.870608e+08,
1.972178e+08,
2.089132e+08,
2.22677e+08,
2040, 
1.785683e+07,
1.618206e+07,
1722058,
3175570,
3205703,
3236413,
3267716,
3299632,
328087.1,
336051.2,
344411.7,
353198.7,
362445.8,
1.550577e+08,
1.41434e+08,
1.40111e+07,
2.763024e+07,
2.795466e+07,
2.828679e+07,
2.862691e+07,
2.89753e+07,
2655785,
2727038,
2802219,
2881663,
2965743,
5.16485e+07,
4.571224e+07,
6099855,
8656528,
8892855,
9142449,
9406458,
9686166,
1115701,
1165509,
1219971,
1279773,
1345739,
3.10313e+07,
2.391939e+07,
7282003,
4333284,
4547446,
4783877,
5046242,
5339055,
1265426,
1354214,
1456401,
1575268,
1715263,
8.622264e+07,
7.994667e+07,
6457413,
1.527606e+07,
1.562456e+07,
1.598933e+07,
1.637155e+07,
1.677248e+07,
1193581,
1240604,
1291483,
1346713,
1406879,
8.678286e+07,
7.855651e+07,
8458377,
1.480701e+07,
1.524576e+07,
1.57113e+07,
1.620618e+07,
1.673324e+07,
1539121,
1611797,
1691675,
1779884,
1877798,
9.110941e+07,
6.571471e+07,
2.596216e+07,
1.240859e+07,
1.276521e+07,
1.314294e+07,
1.354371e+07,
1.396969e+07,
4727595,
4949123,
5192432,
5460901,
5758646,
1.777319e+08,
1.142274e+08,
6.476589e+07,
1.883944e+07,
2.064996e+07,
2.284548e+07,
2.556339e+07,
2.901532e+07,
1.011081e+07,
1.135685e+07,
1.295318e+07,
1.507167e+07,
1.80186e+07,
1.425672e+08,
6.080103e+07,
8.28367e+07,
1.103164e+07,
1.156847e+07,
1.216021e+07,
1.281575e+07,
1.3546e+07,
1.437942e+07,
1.539604e+07,
1.656734e+07,
1.793154e+07,
1.954056e+07,
2.572689e+07,
2.018242e+07,
5679481,
3888165,
3960936,
4036485,
4114971,
4196570,
1058648,
1095913,
1135896,
1178908,
1225305,
1.618617e+08,
1.417728e+08,
2.063666e+07,
2.713715e+07,
2.77325e+07,
2.835455e+07,
2.900515e+07,
2.968631e+07,
3820751,
3968129,
4127333,
4299845,
4487407,
5.38783e+07,
4.181729e+07,
1.23515e+07,
8361048,
8362254,
8363459,
8364665,
8365871,
2402390,
2435873,
2470301,
2505717,
2542163,
3.832774e+07,
3.103007e+07,
7481204,
6034046,
6118823,
6206015,
6295728,
6388073,
1409687,
1451675,
1496241,
1543629,
1594118,
2.393164e+07,
1.952012e+07,
4523322,
3925751,
3914857,
3904024,
3893251,
3882537,
885909.9,
895188.8,
904664.3,
914342.5,
924229.9,
3.682824e+07,
2.318792e+07,
1.390563e+07,
4502145,
4568861,
4637584,
4708407,
4781425,
2612663,
2694264,
2781126,
2873776,
2972812,
6.443132e+07,
5.434619e+07,
1.034967e+07,
1.057663e+07,
1.072094e+07,
1.086924e+07,
1.10217e+07,
1.117851e+07,
1952418,
2009459,
2069934,
2134161,
2202502,
1.284381e+08,
1.042582e+08,
2.47897e+07,
1.987103e+07,
2.034953e+07,
2.085164e+07,
2.137916e+07,
2.193406e+07,
4565292,
4753521,
4957939,
5180729,
5424483,
5.208523e+08,
2.716038e+08,
2.532502e+08,
5.127744e+07,
5.275525e+07,
5.432077e+07,
5.598204e+07,
5.774814e+07,
4.604204e+07,
4.823624e+07,
5.065004e+07,
5.331815e+07,
5.628299e+07,
3.468598e+07,
3.011439e+07,
4695119,
5971175,
5996915,
6022878,
6049067,
6075484,
904980.5,
921687.9,
939023.7,
957024.1,
975728.1,
5.657809e+08,
3.979286e+08,
1.715076e+08,
7.752756e+07,
7.854316e+07,
7.958571e+07,
8.065633e+07,
8.175612e+07,
3.236622e+07,
3.330578e+07,
3.430152e+07,
3.535864e+07,
3.648299e+07,
1.769444e+08,
1.102313e+08,
6.799677e+07,
2.140891e+07,
2.172292e+07,
2.204626e+07,
2.237938e+07,
2.272273e+07,
1.277952e+07,
1.31767e+07,
1.359935e+07,
1.405003e+07,
1.453159e+07,
9.977446e+07,
6.410954e+07,
3.637314e+07,
1.192942e+07,
1.235957e+07,
1.282191e+07,
1.332018e+07,
1.385874e+07,
6509754,
6870970,
7274628,
7728675,
8243175,
5.058658e+07,
4.070118e+07,
1.013244e+07,
8057494,
8098654,
8140237,
8182249,
8224696,
1948739,
1986853,
2026488,
2067737,
2110700,
1.437361e+07,
1.312074e+07,
1288511,
2496641,
2558807,
2624148,
2692914,
2765381,
237014.6,
246925.9,
257702.2,
269462,
282346.5,
1.802964e+08,
9.285263e+07,
8.883004e+07,
1.695215e+07,
1.772448e+07,
1.857053e+07,
1.95014e+07,
2.053052e+07,
1.554087e+07,
1.657911e+07,
1.776601e+07,
1.913595e+07,
2.073481e+07,
8.56843e+07,
4.782291e+07,
3.851276e+07,
8736609,
9131867,
9564582,
1.004035e+07,
1.056592e+07,
6745046,
7192069,
7702551,
8291035,
8976880,
3.102411e+09,
2.131094e+09,
9.898993e+08,
4.048117e+08,
4.150749e+08,
4.262188e+08,
4.384348e+08,
4.51998e+08,
1.790975e+08,
1.879576e+08,
1.979799e+08,
2.094884e+08,
2.229859e+08,
2041, 
1.790173e+07,
1.625185e+07,
1696556,
3188762,
3219271,
3250370,
3282076,
3314407,
323173.1,
331045.6,
339311.1,
348000,
357145.5,
1.557776e+08,
1.423272e+08,
1.383347e+07,
2.780829e+07,
2.813303e+07,
2.846543e+07,
2.880579e+07,
2.915438e+07,
2622524,
2692680,
2766693,
2844890,
2927636,
5.215144e+07,
4.624721e+07,
6067278,
8766662,
9001583,
9249441,
9511336,
9788493,
1111029,
1159986,
1213456,
1272093,
1336685,
3.135847e+07,
2.424641e+07,
7282704,
4398337,
4612814,
4849281,
5111302,
5403256,
1267472,
1355445,
1456541,
1573933,
1711906,
8.65647e+07,
8.032546e+07,
6419744,
1.535771e+07,
1.570344e+07,
1.606509e+07,
1.64438e+07,
1.684078e+07,
1187441,
1233811,
1283949,
1338335,
1397532,
8.753076e+07,
7.935578e+07,
8405917,
1.497207e+07,
1.540851e+07,
1.587116e+07,
1.636245e+07,
1.688512e+07,
1531266,
1602727,
1681184,
1767717,
1863642,
9.304011e+07,
6.73999e+07,
2.621568e+07,
1.27531e+07,
1.310647e+07,
1.347998e+07,
1.38754e+07,
1.429473e+07,
4785141,
5003680,
5243137,
5506665,
5798084,
1.835427e+08,
1.18659e+08,
6.618016e+07,
1.96286e+07,
2.148606e+07,
2.373181e+07,
2.650181e+07,
3.000389e+07,
1.036658e+07,
1.162688e+07,
1.323603e+07,
1.536215e+07,
1.830202e+07,
1.466174e+08,
6.326962e+07,
8.445217e+07,
1.150582e+07,
1.205259e+07,
1.265392e+07,
1.331841e+07,
1.405655e+07,
1.469884e+07,
1.571861e+07,
1.689043e+07,
1.825105e+07,
1.985008e+07,
2.595168e+07,
2.042567e+07,
5661023,
3938597,
4010528,
4085135,
4162570,
4242997,
1056320,
1092947,
1132205,
1174388,
1219836,
1.617527e+08,
1.419565e+08,
2.033701e+07,
2.71623e+07,
2.776321e+07,
2.83913e+07,
2.904847e+07,
2.973679e+07,
3763734,
3909680,
4067402,
4238385,
4424373,
5.343512e+07,
4.160472e+07,
1.211627e+07,
8313195,
8317068,
8320944,
8324824,
8328708,
2354926,
2388601,
2423254,
2458927,
2495666,
3.862747e+07,
3.135508e+07,
7455779,
6102022,
6185365,
6271017,
6359074,
6449640,
1406174,
1447419,
1491156,
1537618,
1587069,
2.373632e+07,
1.941525e+07,
4430891,
3901880,
3892442,
3883050,
3873703,
3864402,
867107.1,
876538.9,
886178.3,
896031.9,
906107.1,
3.752118e+07,
2.377884e+07,
1.401142e+07,
4624015,
4688966,
4755768,
4824501,
4895249,
2637287,
2717283,
2802285,
2892775,
2989306,
6.417936e+07,
5.427138e+07,
1.016854e+07,
1.055616e+07,
1.070314e+07,
1.085428e+07,
1.100974e+07,
1.116973e+07,
1917048,
1973656,
2033708,
2097530,
2165487,
1.311962e+08,
1.067632e+08,
2.505078e+07,
2.039212e+07,
2.086133e+07,
2.135264e+07,
2.186765e+07,
2.240811e+07,
4624735,
4809736,
5010156,
5228005,
5465660,
5.286628e+08,
2.786054e+08,
2.541156e+08,
5.271286e+07,
5.417524e+07,
5.572109e+07,
5.735774e+07,
5.909344e+07,
4.631566e+07,
4.846481e+07,
5.082312e+07,
5.342267e+07,
5.63025e+07,
3.448944e+07,
3.00036e+07,
4607299,
5947804,
5974145,
6000720,
6027533,
6054587,
887822.1,
904328.2,
921459.7,
939252.9,
957746.6,
5.633646e+08,
3.983106e+08,
1.686678e+08,
7.759392e+07,
7.861442e+07,
7.966211e+07,
8.07381e+07,
8.184357e+07,
3.182724e+07,
3.275268e+07,
3.373356e+07,
3.4775e+07,
3.588279e+07,
1.784014e+08,
1.119469e+08,
6.774265e+07,
2.175718e+07,
2.206875e+07,
2.238937e+07,
2.271945e+07,
2.305941e+07,
1.274227e+07,
1.313304e+07,
1.354853e+07,
1.399117e+07,
1.446371e+07,
1.00667e+08,
6.506122e+07,
3.631707e+07,
1.211982e+07,
1.255018e+07,
1.301225e+07,
1.350963e+07,
1.404655e+07,
6508060,
6865022,
7263415,
7710896,
8217133,
5.018722e+07,
4.05043e+07,
9925675,
8015462,
8057934,
8100859,
8144244,
8188096,
1908165,
1945889,
1985135,
2025997,
2068576,
1.447963e+07,
1.323718e+07,
1277845,
2519486,
2581877,
2647437,
2716413,
2789079,
235127.9,
244922.7,
255569,
267182.9,
279902.7,
1.854497e+08,
9.645031e+07,
9.042455e+07,
1.767496e+07,
1.844723e+07,
1.929006e+07,
2.02136e+07,
2.123002e+07,
1.58882e+07,
1.691554e+07,
1.808491e+07,
1.942797e+07,
2.098651e+07,
8.889944e+07,
5.00058e+07,
3.95681e+07,
9169649,
9567371,
1.000116e+07,
1.047615e+07,
1.099852e+07,
6959782,
7406117,
7913620,
8495794,
9170426,
3.135486e+09,
2.161778e+09,
9.924319e+08,
4.108808e+08,
4.21183e+08,
4.323557e+08,
4.445858e+08,
4.581405e+08,
1.797931e+08,
1.885731e+08,
1.984864e+08,
2.098444e+08,
2.231275e+08,
2042, 
1.794658e+07,
1.632172e+07,
1670915,
3201964,
3232853,
3264344,
3296453,
3329201,
318234.7,
326013.9,
334183.1,
342772.1,
351814.3,
1.56499e+08,
1.432238e+08,
1.365385e+07,
2.798707e+07,
2.831209e+07,
2.864476e+07,
2.898534e+07,
2.933412e+07,
2588875,
2657930,
2730770,
2807715,
2889121,
5.265992e+07,
4.678876e+07,
6033620,
8878276,
9111710,
9357752,
9617449,
9891973,
1106150,
1154250,
1206724,
1264196,
1327417,
3.168971e+07,
2.457807e+07,
7282809,
4464412,
4679161,
4915614,
5177236,
5468272,
1269421,
1356568,
1456562,
1572470,
1708421,
8.690902e+07,
8.070686e+07,
6381760,
1.543997e+07,
1.578288e+07,
1.614137e+07,
1.651653e+07,
1.690953e+07,
1181234,
1226952,
1276352,
1329897,
1388130,
8.82863e+07,
8.0164e+07,
8352104,
1.513915e+07,
1.557316e+07,
1.60328e+07,
1.652039e+07,
1.703857e+07,
1523148,
1593388,
1670421,
1755280,
1849222,
9.501388e+07,
6.912822e+07,
2.646923e+07,
1.310726e+07,
1.345687e+07,
1.382564e+07,
1.42152e+07,
1.462734e+07,
4842979,
5058386,
5293847,
5552299,
5837282,
1.89479e+08,
1.232154e+08,
6.759563e+07,
2.044326e+07,
2.234756e+07,
2.464308e+07,
2.746417e+07,
3.101466e+07,
1.062432e+07,
1.189818e+07,
1.351913e+07,
1.56514e+07,
1.858224e+07,
1.507571e+08,
6.581674e+07,
8.60791e+07,
1.199655e+07,
1.255289e+07,
1.316335e+07,
1.383621e+07,
1.458157e+07,
1.502202e+07,
1.604428e+07,
1.721582e+07,
1.857193e+07,
2.015995e+07,
2.617893e+07,
2.067196e+07,
5641979,
3989712,
4060763,
4134392,
4210739,
4289960,
1053879,
1089865,
1128396,
1169751,
1214252,
1.61644e+08,
1.4214e+08,
2.003796e+07,
2.718738e+07,
2.779385e+07,
2.8428e+07,
2.909176e+07,
2.978725e+07,
3706873,
3851371,
4007592,
4177022,
4361411,
5.29952e+07,
4.139239e+07,
1.188409e+07,
8265448,
8271958,
8278478,
8285008,
8291549,
2308122,
2341967,
2376818,
2412723,
2449730,
3.893014e+07,
3.168371e+07,
7429671,
6170812,
6252675,
6336742,
6423098,
6511842,
1402527,
1443027,
1485934,
1531472,
1579889,
2.354267e+07,
1.931081e+07,
4339725,
3878126,
3870127,
3862162,
3854229,
3846329,
848581.3,
858153.9,
867945.1,
877962.1,
888213.1,
3.822751e+07,
2.438376e+07,
1.411661e+07,
4749003,
4812030,
4876752,
4943239,
5011564,
2661893,
2740232,
2823322,
2911609,
3005595,
6.392876e+07,
5.419654e+07,
9988827,
1.05357e+07,
1.068535e+07,
1.083931e+07,
1.099777e+07,
1.116094e+07,
1881987,
1938149,
1997765,
2061166,
2128723,
1.340193e+08,
1.093321e+08,
2.531291e+07,
2.092773e+07,
2.138678e+07,
2.186642e+07,
2.236807e+07,
2.289328e+07,
4684671,
4866300,
5062581,
5275362,
5506813,
5.36662e+08,
2.857876e+08,
2.549892e+08,
5.418901e+07,
5.56337e+07,
5.715753e+07,
5.876719e+07,
6.047013e+07,
4.659238e+07,
4.869567e+07,
5.099783e+07,
5.352846e+07,
5.632336e+07,
3.429334e+07,
2.989247e+07,
4520271,
5924375,
5951311,
5978493,
6005925,
6033610,
870824.9,
887128.5,
904054.1,
921638.2,
939919.9,
5.609477e+08,
3.986711e+08,
1.658484e+08,
7.765611e+07,
7.868145e+07,
7.973422e+07,
8.081555e+07,
8.192662e+07,
3.129222e+07,
3.220361e+07,
3.316968e+07,
3.419551e+07,
3.528682e+07,
1.798724e+08,
1.136831e+08,
6.748173e+07,
2.210998e+07,
2.241892e+07,
2.273661e+07,
2.306344e+07,
2.33998e+07,
1.27037e+07,
1.308803e+07,
1.349635e+07,
1.393096e+07,
1.439449e+07,
1.015703e+08,
6.602598e+07,
3.625854e+07,
1.231309e+07,
1.274355e+07,
1.32052e+07,
1.370155e+07,
1.423667e+07,
6505931,
6858606,
7251708,
7692612,
8190599,
4.978934e+07,
4.03065e+07,
9721311,
7973282,
8017049,
8061302,
8106044,
8151288,
1868086,
1905413,
1944262,
1984729,
2026915,
1.458601e+07,
1.335423e+07,
1266925,
2542459,
2605072,
2670847,
2740029,
2812891,
233193.3,
242870.2,
253385,
264851.5,
277405,
1.907889e+08,
1.001961e+08,
9.205782e+07,
1.84306e+07,
1.920128e+07,
2.003923e+07,
2.095365e+07,
2.195551e+07,
1.624551e+07,
1.726085e+07,
1.841157e+07,
1.972667e+07,
2.124409e+07,
9.222996e+07,
5.228152e+07,
4.064666e+07,
9623097,
1.002241e+07,
1.04563e+07,
1.092946e+07,
1.144747e+07,
7180526,
7625529,
8129332,
8704414,
9367055,
3.169447e+09,
2.193254e+09,
9.950616e+08,
4.171238e+08,
4.274575e+08,
4.386507e+08,
4.508857e+08,
4.64422e+08,
1.805173e+08,
1.892127e+08,
1.990123e+08,
2.102148e+08,
2.232789e+08,
2043, 
1.799138e+07,
1.639166e+07,
1645137,
3215178,
3246448,
3278332,
3310849,
3344018,
313271.6,
320956.3,
329027.5,
337515,
346452.1,
1.572219e+08,
1.44124e+08,
1.347225e+07,
2.816657e+07,
2.849188e+07,
2.882479e+07,
2.916558e+07,
2.951452e+07,
2554839,
2622788,
2694449,
2770137,
2850200,
5.3174e+07,
4.733698e+07,
5998853,
8991389,
9223255,
9467396,
9724814,
9996620,
1101055,
1148295,
1199771,
1256078,
1317930,
3.202511e+07,
2.491447e+07,
7282321,
4531531,
4746506,
4982894,
5244062,
5534121,
1271275,
1357583,
1456464,
1570881,
1704807,
8.725566e+07,
8.109085e+07,
6343452,
1.552282e+07,
1.586288e+07,
1.621817e+07,
1.658974e+07,
1.697873e+07,
1174958,
1220026,
1268690,
1321398,
1378674,
8.904957e+07,
8.09813e+07,
8296905,
1.530828e+07,
1.573976e+07,
1.619626e+07,
1.668004e+07,
1.71936e+07,
1514759,
1583775,
1659381,
1742567,
1834533,
9.703214e+07,
7.090108e+07,
2.672278e+07,
1.347139e+07,
1.381672e+07,
1.418022e+07,
1.456336e+07,
1.496778e+07,
4901107,
5113235,
5344556,
5597799,
5876234,
1.955449e+08,
1.279005e+08,
6.901234e+07,
2.128433e+07,
2.323533e+07,
2.558009e+07,
2.845121e+07,
3.204833e+07,
1.088406e+07,
1.217076e+07,
1.380247e+07,
1.593944e+07,
1.885934e+07,
1.549891e+08,
6.844495e+07,
8.771797e+07,
1.250441e+07,
1.306992e+07,
1.368899e+07,
1.436963e+07,
1.512149e+07,
1.53491e+07,
1.637314e+07,
1.754359e+07,
1.889427e+07,
2.047027e+07,
2.640869e+07,
2.092133e+07,
5622337,
4041521,
4111655,
4184267,
4259489,
4337466,
1051322,
1086665,
1124467,
1164994,
1208552,
1.615356e+08,
1.423232e+08,
1.97395e+07,
2.721237e+07,
2.782441e+07,
2.846463e+07,
2.9135e+07,
2.983771e+07,
3650167,
3793200,
3947900,
4115755,
4298517,
5.25585e+07,
4.118028e+07,
1.165494e+07,
8217803,
8226920,
8236057,
8245215,
8254393,
2261972,
2295961,
2330987,
2367099,
2404347,
3.92358e+07,
3.201598e+07,
7402876,
6240425,
6320763,
6403195,
6487807,
6574685,
1398745,
1438497,
1480575,
1525189,
1572575,
2.335068e+07,
1.92068e+07,
4249808,
3854490,
3847914,
3841359,
3834828,
3828318,
830328.9,
840030.6,
849961.6,
860130.4,
870545.3,
3.894761e+07,
2.500307e+07,
1.422119e+07,
4877200,
4938137,
5000615,
5064694,
5130437,
2686480,
2763109,
2844238,
2930275,
3021680,
6.367952e+07,
5.412166e+07,
9810532,
1.051525e+07,
1.066755e+07,
1.082433e+07,
1.098579e+07,
1.115213e+07,
1847237,
1902940,
1962107,
2025071,
2092210,
1.369095e+08,
1.119672e+08,
2.557612e+07,
2.147838e+07,
2.192637e+07,
2.239345e+07,
2.288085e+07,
2.338995e+07,
4745116,
4923224,
5115225,
5322809,
5547953,
5.448565e+08,
2.931571e+08,
2.558713e+08,
5.570744e+07,
5.713205e+07,
5.863142e+07,
6.021162e+07,
6.187935e+07,
4.68723e+07,
4.89289e+07,
5.117425e+07,
5.363559e+07,
5.634566e+07,
3.409767e+07,
2.978099e+07,
4434034,
5900888,
5928414,
5956198,
5984244,
6012555,
853989,
870088.6,
886806.8,
904180.1,
922247.6,
5.585301e+08,
3.990103e+08,
1.630495e+08,
7.771412e+07,
7.874426e+07,
7.980207e+07,
8.088869e+07,
8.200531e+07,
3.076117e+07,
3.165857e+07,
3.26099e+07,
3.362018e+07,
3.469506e+07,
1.813576e+08,
1.154402e+08,
6.721393e+07,
2.246738e+07,
2.277348e+07,
2.308804e+07,
2.34114e+07,
2.374396e+07,
1.266379e+07,
1.304167e+07,
1.344279e+07,
1.386936e+07,
1.43239e+07,
1.024844e+08,
6.700406e+07,
3.619749e+07,
1.25093e+07,
1.293972e+07,
1.340081e+07,
1.389598e+07,
1.442915e+07,
6503355,
6851710,
7239497,
7673813,
8163566,
4.939291e+07,
4.01078e+07,
9519349,
7930949,
7975997,
8021560,
8067647,
8114267,
1828502,
1865425,
1903870,
1943932,
1985717,
1.469274e+07,
1.347189e+07,
1255750,
2565560,
2628391,
2694378,
2763762,
2836815,
231210.5,
240768.1,
251150,
262467.5,
274853.2,
1.963242e+08,
1.040982e+08,
9.373205e+07,
1.922095e+07,
1.998838e+07,
2.081964e+07,
2.172304e+07,
2.270839e+07,
1.661332e+07,
1.761553e+07,
1.874641e+07,
2.003245e+07,
2.150794e+07,
9.568217e+07,
5.46551e+07,
4.174973e+07,
1.009813e+07,
1.049808e+07,
1.093102e+07,
1.140121e+07,
1.191366e+07,
7407594,
7850593,
8349947,
8917142,
9567010,
3.204328e+09,
2.225551e+09,
9.977924e+08,
4.23548e+08,
4.339052e+08,
4.451102e+08,
4.573405e+08,
4.708478e+08,
1.81271e+08,
1.898774e+08,
1.995585e+08,
2.106005e+08,
2.234408e+08,
2044, 
1.803612e+07,
1.646168e+07,
1619222,
3228403,
3260056,
3292337,
3325263,
3358854,
308284.1,
315872.8,
323844.5,
332228.9,
341059.1,
1.579464e+08,
1.450275e+08,
1.328865e+07,
2.834678e+07,
2.867235e+07,
2.900549e+07,
2.934647e+07,
2.969555e+07,
2520414,
2587251,
2657729,
2732155,
2810869,
5.36938e+07,
4.789201e+07,
5962968,
9106031,
9336245,
9578401,
9833454,
1.010246e+07,
1095745,
1142120,
1192594,
1247735,
1308223,
3.236473e+07,
2.52557e+07,
7281216,
4599713,
4814868,
5051139,
5311796,
5600817,
1273028,
1358486,
1456243,
1569161,
1701062,
8.760461e+07,
8.147749e+07,
6304823,
1.560629e+07,
1.594345e+07,
1.62955e+07,
1.666344e+07,
1.704839e+07,
1168615,
1213034,
1260965,
1312838,
1369163,
8.982074e+07,
8.180786e+07,
8240314,
1.54795e+07,
1.590832e+07,
1.636157e+07,
1.684141e+07,
1.735025e+07,
1506099,
1573886,
1648063,
1729577,
1819575,
9.909647e+07,
7.272e+07,
2.697636e+07,
1.384584e+07,
1.418634e+07,
1.4544e+07,
1.492016e+07,
1.531631e+07,
4959534,
5168235,
5395272,
5643173,
5914952,
2.017448e+08,
1.327184e+08,
7.043042e+07,
2.215275e+07,
2.415026e+07,
2.654369e+07,
2.946372e+07,
3.310561e+07,
1.114585e+07,
1.244466e+07,
1.408608e+07,
1.62263e+07,
1.91334e+07,
1.593166e+08,
7.115694e+07,
8.936921e+07,
1.303003e+07,
1.360424e+07,
1.423139e+07,
1.491915e+07,
1.567677e+07,
1.568018e+07,
1.670531e+07,
1.787384e+07,
1.921815e+07,
2.078112e+07,
2.664102e+07,
2.117385e+07,
5602092,
4094035,
4163213,
4234770,
4308829,
4385525,
1048648,
1083346,
1120419,
1160118,
1202735,
1.614276e+08,
1.425061e+08,
1.944164e+07,
2.723728e+07,
2.785492e+07,
2.850122e+07,
2.917821e+07,
2.988816e+07,
3593617,
3735168,
3888328,
4054585,
4235696,
5.212497e+07,
4.096841e+07,
1.142877e+07,
8170260,
8181954,
8193682,
8205443,
8217240,
2216467,
2250577,
2285754,
2322047,
2359512,
3.954449e+07,
3.235196e+07,
7375380,
6310876,
6389639,
6470391,
6553212,
6638179,
1394823,
1433828,
1475076,
1518768,
1565127,
2.316032e+07,
1.91032e+07,
4161126,
3830969,
3825798,
3820640,
3815497,
3810367,
812346.4,
822165.7,
832225.1,
842533.8,
853101.1,
3.96819e+07,
2.563721e+07,
1.432515e+07,
5008706,
5067379,
5127442,
5188946,
5251944,
2711046,
2785911,
2865029,
2948772,
3037558,
6.343164e+07,
5.404674e+07,
9633635,
1.049482e+07,
1.064976e+07,
1.080935e+07,
1.097379e+07,
1.114332e+07,
1812792,
1868024,
1926727,
1989239,
2055944,
1.398695e+08,
1.14671e+08,
2.584049e+07,
2.204465e+07,
2.248062e+07,
2.293419e+07,
2.340644e+07,
2.389854e+07,
4806083,
4980520,
5168097,
5370357,
5589091,
5.532538e+08,
3.007207e+08,
2.567623e+08,
5.726976e+07,
5.867177e+07,
6.014414e+07,
6.169231e+07,
6.332229e+07,
4.715553e+07,
4.916459e+07,
5.135246e+07,
5.374413e+07,
5.636946e+07,
3.390243e+07,
2.966918e+07,
4348580,
5877344,
5905455,
5933835,
5962490,
5991423,
837312.6,
853206.8,
869716.1,
886876.8,
904728.6,
5.561118e+08,
3.993283e+08,
1.60271e+08,
7.776798e+07,
7.880286e+07,
7.986566e+07,
8.09575e+07,
8.207963e+07,
3.023407e+07,
3.111754e+07,
3.20542e+07,
3.3049e+07,
3.410752e+07,
1.828574e+08,
1.172186e+08,
6.693915e+07,
2.282945e+07,
2.313251e+07,
2.344371e+07,
2.376341e+07,
2.409194e+07,
1.262252e+07,
1.299391e+07,
1.338783e+07,
1.380638e+07,
1.425194e+07,
1.034096e+08,
6.799569e+07,
3.613386e+07,
1.27085e+07,
1.313874e+07,
1.359914e+07,
1.409297e+07,
1.462402e+07,
6500323,
6844325,
7226773,
7654491,
8136022,
4.899794e+07,
3.990821e+07,
9319768,
7888471,
7934783,
7981642,
8029057,
8077040,
1789409,
1825921,
1863954,
1903605,
1944979,
1.479985e+07,
1.359015e+07,
1244317,
2588791,
2651837,
2718031,
2787613,
2860852,
229179,
238615.9,
248863.4,
260030.6,
272247.1,
2.020664e+08,
1.081652e+08,
9.544954e+07,
2.004805e+07,
2.081041e+07,
2.163305e+07,
2.252339e+07,
2.349018e+07,
1.69922e+07,
1.798008e+07,
1.908991e+07,
2.034576e+07,
2.177849e+07,
9.926287e+07,
5.713199e+07,
4.287876e+07,
1.0596e+07,
1.099554e+07,
1.14264e+07,
1.189239e+07,
1.239802e+07,
7641324,
8081618,
8575751,
9134247,
9770553,
3.240168e+09,
2.258704e+09,
1.000629e+09,
4.301613e+08,
4.405333e+08,
4.517408e+08,
4.639564e+08,
4.774237e+08,
1.820554e+08,
1.905682e+08,
2.001257e+08,
2.110023e+08,
2.236141e+08,
2045, 
1.808081e+07,
1.653178e+07,
1593170,
3241637,
3273676,
3306356,
3339694,
3373712,
303272.2,
310763.4,
318634,
326913.7,
335635.2,
1.586724e+08,
1.459345e+08,
1.310308e+07,
2.852772e+07,
2.885355e+07,
2.918689e+07,
2.952804e+07,
2.987725e+07,
2485606,
2551326,
2620615,
2693774,
2771134,
5.421941e+07,
4.845394e+07,
5925947,
9222228,
9450703,
9690787,
9943387,
1.020951e+07,
1090214,
1135719,
1185189,
1239165,
1298292,
3.270866e+07,
2.560183e+07,
7279495,
4668978,
4884265,
5120366,
5380452,
5668374,
1274680,
1359276,
1455899,
1567310,
1697185,
8.795592e+07,
8.186678e+07,
6265868,
1.569037e+07,
1.602459e+07,
1.637336e+07,
1.673765e+07,
1.711851e+07,
1162202,
1205975,
1253174,
1304218,
1359596,
9.059989e+07,
8.264376e+07,
8182303,
1.565283e+07,
1.607887e+07,
1.652875e+07,
1.700454e+07,
1.750852e+07,
1497159,
1563714,
1636461,
1716306,
1804343,
1.012084e+08,
7.458655e+07,
2.722996e+07,
1.423099e+07,
1.456607e+07,
1.491731e+07,
1.528591e+07,
1.567318e+07,
5018260,
5223384,
5445992,
5688419,
5953434,
2.080832e+08,
1.376737e+08,
7.184996e+07,
2.304954e+07,
2.50933e+07,
2.753475e+07,
3.050249e+07,
3.418724e+07,
1.140973e+07,
1.27199e+07,
1.436999e+07,
1.651202e+07,
1.940449e+07,
1.637428e+08,
7.395546e+07,
9.103332e+07,
1.357404e+07,
1.415646e+07,
1.479109e+07,
1.54853e+07,
1.624788e+07,
1.601539e+07,
1.704087e+07,
1.820666e+07,
1.954367e+07,
2.109262e+07,
2.687593e+07,
2.142956e+07,
5581231,
4147268,
4215451,
4285912,
4358769,
4434146,
1045854,
1079904,
1116246,
1155119,
1196798,
1.6132e+08,
1.426888e+08,
1.914436e+07,
2.726213e+07,
2.788536e+07,
2.853775e+07,
2.92214e+07,
2.99386e+07,
3537221,
3677273,
3828873,
3993510,
4172942,
5.16946e+07,
4.075677e+07,
1.120555e+07,
8122821,
8137062,
8151354,
8165696,
8180089,
2171598,
2205807,
2241110,
2277562,
2315220,
3.985625e+07,
3.269169e+07,
7347178,
6382176,
6459315,
6538339,
6619322,
6702336,
1390762,
1429017,
1469436,
1512207,
1557543,
2.297158e+07,
1.900002e+07,
4073661,
3807563,
3803780,
3800005,
3796237,
3792476,
794630.3,
804555.6,
814732.3,
825169.5,
835877.8,
4.043079e+07,
2.62866e+07,
1.442846e+07,
5143623,
5199850,
5257320,
5316074,
5376157,
2735587,
2808636,
2885692,
2967097,
3053227,
6.31851e+07,
5.397179e+07,
9458123,
1.047439e+07,
1.063197e+07,
1.079436e+07,
1.096179e+07,
1.113449e+07,
1778650,
1833399,
1891625,
1953670,
2019924,
1.429016e+08,
1.174458e+08,
2.610602e+07,
2.262711e+07,
2.305007e+07,
2.348915e+07,
2.394528e+07,
2.441948e+07,
4867581,
5038195,
5221205,
5418011,
5630234,
5.618615e+08,
3.084857e+08,
2.576627e+08,
5.887769e+07,
6.025446e+07,
6.169715e+07,
6.321062e+07,
6.480022e+07,
4.744214e+07,
4.940281e+07,
5.153253e+07,
5.385415e+07,
5.639482e+07,
3.370763e+07,
2.955702e+07,
4263909,
5853745,
5882433,
5911405,
5940663,
5970213,
820795.1,
836482.8,
852781.7,
869728.4,
887362.4,
5.536929e+08,
3.99625e+08,
1.575128e+08,
7.78177e+07,
7.885727e+07,
7.9925e+07,
8.102203e+07,
8.21496e+07,
2.971091e+07,
3.058052e+07,
3.150257e+07,
3.248195e+07,
3.352419e+07,
1.843718e+08,
1.190185e+08,
6.665732e+07,
2.319626e+07,
2.349605e+07,
2.380369e+07,
2.41195e+07,
2.444379e+07,
1.257986e+07,
1.294476e+07,
1.333146e+07,
1.374198e+07,
1.417859e+07,
1.04346e+08,
6.90011e+07,
3.606765e+07,
1.291075e+07,
1.334068e+07,
1.380022e+07,
1.429256e+07,
1.482132e+07,
6496828,
6836447,
7213531,
7634641,
8107967,
4.860443e+07,
3.970772e+07,
9122553,
7845847,
7893405,
7941544,
7990274,
8039606,
1750802,
1786896,
1824511,
1863743,
1904699,
1.490731e+07,
1.370903e+07,
1232627,
2612152,
2675410,
2741807,
2811584,
2885004,
227098.9,
236413.8,
246525.5,
257540.8,
269586.6,
2.080277e+08,
1.124066e+08,
9.721283e+07,
2.091408e+07,
2.16694e+07,
2.248132e+07,
2.335645e+07,
2.430248e+07,
1.738274e+07,
1.835505e+07,
1.944257e+07,
2.066707e+07,
2.205618e+07,
1.029794e+08,
5.971799e+07,
4.403521e+07,
1.111808e+07,
1.151606e+07,
1.19436e+07,
1.24041e+07,
1.290154e+07,
7882080,
8318929,
8807042,
9356006,
9977957,
3.277006e+09,
2.292748e+09,
1.003575e+09,
4.369717e+08,
4.473495e+08,
4.585496e+08,
4.707398e+08,
4.841557e+08,
1.828716e+08,
1.91286e+08,
2.007151e+08,
2.11421e+08,
2.237998e+08,
2046, 
1.81207e+07,
1.659761e+07,
1566575,
3253819,
3286342,
3319522,
3353379,
3387933,
298136.5,
305537.3,
313315,
321498.9,
330121.8,
1.594025e+08,
1.468474e+08,
1.29157e+07,
2.871101e+07,
2.903651e+07,
2.936947e+07,
2.971016e+07,
3.005884e+07,
2450554,
2515101,
2583139,
2654961,
2730891,
5.458423e+07,
4.887365e+07,
5869840,
9308022,
9535669,
9774730,
1.002609e+07,
1.029071e+07,
1080685,
1125397,
1173968,
1226921,
1284876,
3.297246e+07,
2.588661e+07,
7258535,
4725740,
4941236,
5177323,
5437102,
5724328,
1272509,
1356214,
1451707,
1561666,
1689648,
8.81645e+07,
8.212361e+07,
6216355,
1.574745e+07,
1.607896e+07,
1.642472e+07,
1.678568e+07,
1.716287e+07,
1153680,
1196801,
1243271,
1293495,
1347949,
9.115266e+07,
8.327494e+07,
8102002,
1.578288e+07,
1.620721e+07,
1.665499e+07,
1.712822e+07,
1.762912e+07,
1483604,
1548988,
1620400,
1698716,
1784986,
1.030276e+08,
7.624926e+07,
2.739266e+07,
1.457223e+07,
1.490334e+07,
1.524985e+07,
1.561286e+07,
1.599356e+07,
5057876,
5259807,
5478532,
5716238,
5975507,
2.14431e+08,
1.42682e+08,
7.322546e+07,
2.395521e+07,
2.60459e+07,
2.853641e+07,
3.155355e+07,
3.528414e+07,
1.166542e+07,
1.298653e+07,
1.464509e+07,
1.678932e+07,
1.966914e+07,
1.679915e+08,
7.671571e+07,
9.255664e+07,
1.41101e+07,
1.470081e+07,
1.534314e+07,
1.604417e+07,
1.681233e+07,
1.632299e+07,
1.734842e+07,
1.851133e+07,
1.984134e+07,
2.137726e+07,
2.70428e+07,
2.163196e+07,
5545250,
4189459,
4256825,
4326393,
4398272,
4472580,
1039986,
1073408,
1109050,
1147140,
1187939,
1.612799e+08,
1.429308e+08,
1.885554e+07,
2.730009e+07,
2.792832e+07,
2.858615e+07,
2.927572e+07,
2.999937e+07,
3482691,
3621166,
3771107,
3934002,
4111606,
5.128445e+07,
4.055889e+07,
1.098892e+07,
8078200,
8094954,
8111778,
8128672,
8145636,
2128076,
2162368,
2197784,
2234379,
2272213,
4.005451e+07,
3.293935e+07,
7297008,
6433714,
6509879,
6587870,
6667751,
6749594,
1382068,
1419682,
1459402,
1501407,
1545903,
2.278733e+07,
1.889965e+07,
3987901,
3785022,
3782475,
3779931,
3777391,
3774854,
777338.2,
787329.1,
797580.3,
808101.8,
818904.8,
4.106484e+07,
2.686671e+07,
1.448532e+07,
5263421,
5317814,
5373342,
5430042,
5487952,
2750212,
2821728,
2897063,
2976531,
3060482,
6.29765e+07,
5.392816e+07,
9289381,
1.046069e+07,
1.062068e+07,
1.078563e+07,
1.09558e+07,
1.113142e+07,
1745942,
1800171,
1857876,
1919404,
1985147,
1.453384e+08,
1.19742e+08,
2.625173e+07,
2.310522e+07,
2.351926e+07,
2.394841e+07,
2.439351e+07,
2.485547e+07,
4903471,
5070983,
5250346,
5442861,
5650033,
5.683521e+08,
3.151648e+08,
2.575146e+08,
6.025439e+07,
6.161236e+07,
6.303296e+07,
6.45206e+07,
6.608017e+07,
4.750895e+07,
4.942538e+07,
5.150292e+07,
5.376278e+07,
5.623006e+07,
3.348232e+07,
2.941735e+07,
4176159,
5824372,
5853771,
5883470,
5913471,
5943780,
803641.1,
819132,
835231.8,
851977.2,
869407.8,
5.503586e+08,
3.99237e+08,
1.545183e+08,
7.772962e+07,
7.877428e+07,
7.98474e+07,
8.095015e+07,
8.208381e+07,
2.914133e+07,
2.999664e+07,
3.090366e+07,
3.186724e+07,
3.289285e+07,
1.853686e+08,
1.20494e+08,
6.617815e+07,
2.349299e+07,
2.379204e+07,
2.40988e+07,
2.441358e+07,
2.473669e+07,
1.249537e+07,
1.285485e+07,
1.323563e+07,
1.363966e+07,
1.406913e+07,
1.05015e+08,
6.983507e+07,
3.59034e+07,
1.307754e+07,
1.350765e+07,
1.396701e+07,
1.445872e+07,
1.498631e+07,
6473497,
6808774,
7180680,
7595560,
8061321,
4.820901e+07,
3.950361e+07,
8927066,
7802170,
7851137,
7900722,
7950937,
8001796,
1712466,
1748179,
1785413,
1824268,
1864852,
1.500861e+07,
1.382252e+07,
1220147,
2634312,
2697838,
2764503,
2834547,
2908233,
224853.7,
234049.5,
244029.5,
254898.5,
266780.8,
2.132402e+08,
1.162978e+08,
9.857149e+07,
2.170412e+07,
2.245493e+07,
2.325956e+07,
2.412398e+07,
2.505514e+07,
1.768796e+07,
1.864624e+07,
1.97143e+07,
2.091215e+07,
2.226498e+07,
1.063987e+08,
6.216188e+07,
4.503414e+07,
1.160876e+07,
1.200646e+07,
1.243238e+07,
1.288962e+07,
1.338178e+07,
8089584,
8523600,
9006828,
9548141,
1.015868e+07,
3.307109e+09,
2.322682e+09,
1.003848e+09,
4.429106e+08,
4.533166e+08,
4.645364e+08,
4.76734e+08,
4.901384e+08,
1.831329e+08,
1.914565e+08,
2.007696e+08,
2.113247e+08,
2.235007e+08,
2047, 
1.816051e+07,
1.666348e+07,
1539856,
3266002,
3299012,
3332695,
3367074,
3402168,
292979.8,
300288.5,
307971.3,
316057.4,
324579.6,
1.601345e+08,
1.47764e+08,
1.272634e+07,
2.889511e+07,
2.922026e+07,
2.955281e+07,
2.989301e+07,
3.024114e+07,
2415114,
2478483,
2545267,
2615750,
2690248,
5.495171e+07,
4.929693e+07,
5812794,
9394609,
9621387,
9859385,
1.010946e+07,
1.037254e+07,
1070971,
1114887,
1162559,
1214490,
1271277,
3.32389e+07,
2.617465e+07,
7236939,
4783220,
4998892,
5234931,
5494366,
5780856,
1270223,
1353030,
1447388,
1555892,
1681984,
8.837424e+07,
8.238182e+07,
6166629,
1.580486e+07,
1.613363e+07,
1.647636e+07,
1.683398e+07,
1.720745e+07,
1145108,
1187581,
1233326,
1282736,
1336271,
9.170947e+07,
8.391132e+07,
8020538,
1.591409e+07,
1.633665e+07,
1.678226e+07,
1.725287e+07,
1.775063e+07,
1469815,
1534028,
1604108,
1680897,
1765408,
1.048808e+08,
7.794822e+07,
2.755313e+07,
1.492158e+07,
1.52483e+07,
1.558965e+07,
1.594663e+07,
1.632034e+07,
5097241,
5295878,
5510626,
5743525,
5996980,
2.209132e+08,
1.478269e+08,
7.459904e+07,
2.48891e+07,
2.702645e+07,
2.956537e+07,
3.263078e+07,
3.640538e+07,
1.192249e+07,
1.325381e+07,
1.491981e+07,
1.706486e+07,
1.993028e+07,
1.723295e+08,
7.955814e+07,
9.408764e+07,
1.466361e+07,
1.526215e+07,
1.591163e+07,
1.661884e+07,
1.739184e+07,
1.663353e+07,
1.765825e+07,
1.881753e+07,
2.013971e+07,
2.166174e+07,
2.721117e+07,
2.183637e+07,
5508765,
4232103,
4298626,
4367274,
4438149,
4511364,
1034015,
1066810,
1101753,
1139063,
1178988,
1.6124e+08,
1.431725e+08,
1.856705e+07,
2.733797e+07,
2.797122e+07,
2.86345e+07,
2.933001e+07,
3.006014e+07,
3428262,
3565143,
3713409,
3874543,
4050295,
5.087726e+07,
4.036122e+07,
1.077507e+07,
8033676,
8052915,
8072245,
8091669,
8111186,
2085153,
2119508,
2155013,
2191728,
2229717,
4.025409e+07,
3.318885e+07,
7246284,
6485668,
6560838,
6637771,
6716529,
6797178,
1373259,
1410235,
1449257,
1490500,
1534159,
2.260445e+07,
1.879954e+07,
3903280,
3762559,
3761233,
3759909,
3758585,
3757263,
760292.6,
770339.7,
780656,
791252.3,
802140.2,
4.170889e+07,
2.745832e+07,
1.454066e+07,
5385775,
5438204,
5491664,
5546187,
5601802,
2764595,
2834547,
2908131,
2985637,
3067388,
6.276886e+07,
5.388435e+07,
9121806,
1.044695e+07,
1.060935e+07,
1.077687e+07,
1.094977e+07,
1.11283e+07,
1713489,
1767188,
1824361,
1885358,
1950575,
1.478187e+08,
1.22084e+08,
2.639538e+07,
2.359366e+07,
2.399816e+07,
2.441679e+07,
2.485028e+07,
2.529943e+07,
4939111,
5103438,
5279076,
5467235,
5669302,
5.749734e+08,
3.219814e+08,
2.573592e+08,
6.166237e+07,
6.299968e+07,
6.439629e+07,
6.585622e+07,
6.738389e+07,
4.757486e+07,
4.944668e+07,
5.147184e+07,
5.366997e+07,
5.606422e+07,
3.325766e+07,
2.927743e+07,
4089321,
5794967,
5825070,
5855487,
5886223,
5917284,
786673.6,
801965.8,
817864.2,
834405.8,
851630.3,
5.470257e+08,
3.988225e+08,
1.515514e+08,
7.763641e+07,
7.868607e+07,
7.97645e+07,
8.087291e+07,
8.201255e+07,
2.857716e+07,
2.941821e+07,
3.031027e+07,
3.125813e+07,
3.226717e+07,
1.863716e+08,
1.219811e+08,
6.569342e+07,
2.379221e+07,
2.409043e+07,
2.439622e+07,
2.470987e+07,
2.503169e+07,
1.240976e+07,
1.276382e+07,
1.313869e+07,
1.353623e+07,
1.395859e+07,
1.056902e+08,
7.067767e+07,
3.573674e+07,
1.324625e+07,
1.367645e+07,
1.413554e+07,
1.462651e+07,
1.515282e+07,
6449697,
6780625,
7147350,
7556010,
8014236,
4.781527e+07,
3.929881e+07,
8733984,
7758391,
7808747,
7859762,
7911447,
7963817,
1674628,
1709951,
1746797,
1785265,
1825467,
1.511018e+07,
1.393651e+07,
1207417,
2656578,
2720371,
2787302,
2857611,
2931558,
222561.4,
231636.6,
241483.4,
252204.5,
263921.9,
2.186172e+08,
1.203299e+08,
9.995449e+07,
2.252552e+07,
2.327028e+07,
2.406598e+07,
2.491801e+07,
2.583259e+07,
1.799983e+07,
1.894319e+07,
1.99909e+07,
2.116128e+07,
2.247723e+07,
1.099264e+08,
6.469833e+07,
4.604932e+07,
1.211989e+07,
1.251637e+07,
1.293967e+07,
1.33926e+07,
1.387839e+07,
8301543,
8732146,
9209865,
9742878,
1.034138e+07,
3.337964e+09,
2.353314e+09,
1.004176e+09,
4.490031e+08,
4.594308e+08,
4.706628e+08,
4.828596e+08,
4.962436e+08,
1.834124e+08,
1.916417e+08,
2.008353e+08,
2.112356e+08,
2.232052e+08,
2048, 
1.820025e+07,
1.672938e+07,
1513015,
3278187,
3311685,
3345876,
3380779,
3416419,
287802.2,
295017.1,
302603,
310589.3,
319008.6,
1.608684e+08,
1.486845e+08,
1.253498e+07,
2.908002e+07,
2.940479e+07,
2.97369e+07,
3.00766e+07,
3.042415e+07,
2379280,
2441468,
2506995,
2576136,
2649200,
5.532188e+07,
4.972383e+07,
5754790,
9482001,
9707871,
9944766,
1.019351e+07,
1.045502e+07,
1061066,
1104185,
1150958,
1201869,
1257492,
3.350803e+07,
2.646601e+07,
7214701,
4841428,
5057245,
5293202,
5552254,
5837966,
1267819,
1349723,
1442940,
1549988,
1674192,
8.858518e+07,
8.264141e+07,
6116702,
1.58626e+07,
1.61886e+07,
1.652828e+07,
1.688252e+07,
1.725228e+07,
1136490,
1178317,
1223340,
1271941,
1324564,
9.227042e+07,
8.455294e+07,
7937908,
1.604648e+07,
1.646721e+07,
1.691059e+07,
1.73785e+07,
1.787305e+07,
1455791,
1518833,
1587582,
1662849,
1745609,
1.067691e+08,
7.96845e+07,
2.771129e+07,
1.527927e+07,
1.560116e+07,
1.59369e+07,
1.628741e+07,
1.665369e+07,
5136339,
5331584,
5542258,
5770266,
6017840,
2.275342e+08,
1.531126e+08,
7.597075e+07,
2.585219e+07,
2.803588e+07,
3.062252e+07,
3.373498e+07,
3.75517e+07,
1.218098e+07,
1.352174e+07,
1.519415e+07,
1.733865e+07,
2.018799e+07,
1.767597e+08,
8.248527e+07,
9.562668e+07,
1.523516e+07,
1.584102e+07,
1.649705e+07,
1.720977e+07,
1.798686e+07,
1.694707e+07,
1.797044e+07,
1.912534e+07,
2.043888e+07,
2.194615e+07,
2.738109e+07,
2.204281e+07,
5471774,
4275206,
4340860,
4408561,
4478408,
4550504,
1027939,
1060108,
1094355,
1130888,
1169945,
1.612001e+08,
1.43414e+08,
1.827887e+07,
2.737577e+07,
2.801405e+07,
2.86828e+07,
2.938426e+07,
3.01209e+07,
3373926,
3509200,
3655775,
3815128,
3989007,
5.047296e+07,
4.016375e+07,
1.056395e+07,
7989244,
8010938,
8032751,
8054683,
8076735,
2042820,
2077215,
2112789,
2149603,
2187722,
4.045499e+07,
3.344022e+07,
7194997,
6538042,
6612192,
6688045,
6765658,
6845093,
1364334,
1400673,
1438999,
1479483,
1522310,
2.242294e+07,
1.869969e+07,
3819785,
3740174,
3740056,
3739938,
3739819,
3739701,
743490.5,
753584.8,
763956.9,
774618.5,
785582.1,
4.236318e+07,
2.806168e+07,
1.459445e+07,
5510739,
5561073,
5612336,
5664553,
5717750,
2778729,
2847086,
2918889,
2994409,
3073939,
6.256222e+07,
5.384039e+07,
8955370,
1.04332e+07,
1.0598e+07,
1.076808e+07,
1.094371e+07,
1.112517e+07,
1681285,
1734444,
1791074,
1851528,
1916204,
1.503439e+08,
1.244727e+08,
2.653694e+07,
2.409271e+07,
2.448707e+07,
2.489454e+07,
2.531581e+07,
2.575158e+07,
4974493,
5135552,
5307389,
5491123,
5688035,
5.817292e+08,
3.289399e+08,
2.571964e+08,
6.310261e+07,
6.441733e+07,
6.578799e+07,
6.721826e+07,
6.871209e+07,
4.763982e+07,
4.94667e+07,
5.143927e+07,
5.35757e+07,
5.589728e+07,
3.303366e+07,
2.913727e+07,
4003394,
5765531,
5796328,
5827455,
5858919,
5890724,
769892.1,
784983.6,
800678.7,
817014.2,
834030.2,
5.43694e+08,
3.983817e+08,
1.486121e+08,
7.753811e+07,
7.859268e+07,
7.967634e+07,
8.07903e+07,
8.193585e+07,
2.801838e+07,
2.884525e+07,
2.972242e+07,
3.06546e+07,
3.164715e+07,
1.873808e+08,
1.234798e+08,
6.520304e+07,
2.409397e+07,
2.439125e+07,
2.469597e+07,
2.500839e+07,
2.532881e+07,
1.232301e+07,
1.267166e+07,
1.304061e+07,
1.343169e+07,
1.384696e+07,
1.063719e+08,
7.152904e+07,
3.556765e+07,
1.34169e+07,
1.38471e+07,
1.430581e+07,
1.479595e+07,
1.532086e+07,
6425418,
6751986,
7113530,
7515982,
7966702,
4.742318e+07,
3.909332e+07,
8543278,
7714511,
7766238,
7818663,
7871801,
7925665,
1637280,
1672206,
1708656,
1746729,
1786538,
1.521203e+07,
1.405102e+07,
1194436,
2678953,
2743010,
2810205,
2880775,
2954981,
220221.7,
229175,
238887.2,
249459,
261009.8,
2.241666e+08,
1.245097e+08,
1.01363e+08,
2.337985e+07,
2.41169e+07,
2.490193e+07,
2.573979e+07,
2.663599e+07,
1.831865e+07,
1.924616e+07,
2.02726e+07,
2.14147e+07,
2.269315e+07,
1.135675e+08,
6.733176e+07,
4.70816e+07,
1.265249e+07,
1.304674e+07,
1.346635e+07,
1.391386e+07,
1.439212e+07,
8518165,
8944752,
9416321,
9940378,
1.052621e+07,
3.369597e+09,
2.384669e+09,
1.004562e+09,
4.552554e+08,
4.656972e+08,
4.769339e+08,
4.891212e+08,
5.024756e+08,
1.837105e+08,
1.91842e+08,
2.009124e+08,
2.111542e+08,
2.229138e+08,
2049, 
1.823991e+07,
1.679532e+07,
1486051,
3290373,
3324364,
3359064,
3394496,
3430684,
282603.8,
289723.1,
297210.3,
305094.7,
313408.9,
1.616043e+08,
1.496089e+08,
1.234163e+07,
2.926576e+07,
2.959013e+07,
2.992177e+07,
3.026094e+07,
3.060788e+07,
2343054,
2404059,
2468325,
2536122,
2607748,
5.569477e+07,
5.015438e+07,
5695829,
9570206,
9795127,
1.003088e+07,
1.027825e+07,
1.053814e+07,
1050970,
1093292,
1139166,
1189058,
1243520,
3.377987e+07,
2.676071e+07,
7191808,
4900375,
5116306,
5352143,
5610773,
5895668,
1265297,
1346290,
1438362,
1543951,
1666272,
8.879731e+07,
8.290238e+07,
6066562,
1.592066e+07,
1.624387e+07,
1.658048e+07,
1.693133e+07,
1.729735e+07,
1127822,
1169006,
1213312,
1261109,
1312827,
9.28355e+07,
8.519982e+07,
7854097,
1.618006e+07,
1.659888e+07,
1.703996e+07,
1.750513e+07,
1.79964e+07,
1441530,
1503400,
1570819,
1644569,
1725585,
1.086934e+08,
8.145913e+07,
2.78671e+07,
1.564554e+07,
1.596215e+07,
1.629183e+07,
1.663541e+07,
1.69938e+07,
5175164,
5366914,
5573420,
5796455,
6038083,
2.342984e+08,
1.585437e+08,
7.734053e+07,
2.684549e+07,
2.907515e+07,
3.170875e+07,
3.486695e+07,
3.872386e+07,
1.244089e+07,
1.379032e+07,
1.546811e+07,
1.76107e+07,
2.044229e+07,
1.81285e+08,
8.549978e+07,
9.717404e+07,
1.582538e+07,
1.6438e+07,
1.709996e+07,
1.781747e+07,
1.859783e+07,
1.726371e+07,
1.828504e+07,
1.943481e+07,
2.073888e+07,
2.223054e+07,
2.755257e+07,
2.22513e+07,
5434264,
4318774,
4383531,
4450260,
4519052,
4590004,
1021756,
1053300,
1086853,
1122614,
1160808,
1.611603e+08,
1.436553e+08,
1.799102e+07,
2.74135e+07,
2.805681e+07,
2.873105e+07,
2.94385e+07,
3.018165e+07,
3319684,
3453337,
3598205,
3755758,
3927741,
5.007156e+07,
3.996648e+07,
1.035554e+07,
7944903,
7969027,
7993297,
8017716,
8042285,
2001071,
2035487,
2071108,
2107998,
2146226,
4.065724e+07,
3.369348e+07,
7143137,
6590840,
6663948,
6738697,
6815142,
6893340,
1355291,
1390993,
1428627,
1468355,
1510355,
2.224278e+07,
1.860008e+07,
3737398,
3717866,
3718942,
3720017,
3721094,
3722170,
726927.8,
737060.5,
747479.5,
758197.4,
769227.1,
4.302794e+07,
2.867708e+07,
1.464666e+07,
5638386,
5686488,
5735417,
5785196,
5835847,
2792609,
2859337,
2929332,
3002839,
3080131,
6.235653e+07,
5.379626e+07,
8790076,
1.041943e+07,
1.058661e+07,
1.075925e+07,
1.093761e+07,
1.112199e+07,
1649331,
1701940,
1758015,
1817912,
1882035,
1.529151e+08,
1.269096e+08,
2.667638e+07,
2.460269e+07,
2.498623e+07,
2.538192e+07,
2.579034e+07,
2.621213e+07,
5009609,
5167317,
5335276,
5514521,
5706228,
5.886238e+08,
3.360447e+08,
2.570256e+08,
6.457614e+07,
6.586623e+07,
6.720894e+07,
6.860751e+07,
7.006554e+07,
4.770377e+07,
4.948534e+07,
5.140512e+07,
5.347989e+07,
5.572917e+07,
3.281031e+07,
2.899687e+07,
3918370,
5736063,
5767545,
5799375,
5831558,
5864100,
753295.1,
768184.4,
783674.1,
799801.3,
816606.1,
5.403635e+08,
3.979145e+08,
1.457002e+08,
7.743469e+07,
7.84941e+07,
7.95829e+07,
8.070234e+07,
8.18537e+07,
2.746495e+07,
2.827771e+07,
2.914005e+07,
3.005663e+07,
3.103274e+07,
1.883965e+08,
1.249904e+08,
6.470702e+07,
2.439829e+07,
2.469454e+07,
2.499807e+07,
2.530916e+07,
2.562809e+07,
1.223512e+07,
1.257835e+07,
1.29414e+07,
1.332604e+07,
1.373423e+07,
1.070601e+08,
7.23893e+07,
3.53961e+07,
1.358952e+07,
1.401963e+07,
1.447786e+07,
1.496705e+07,
1.549046e+07,
6400655,
6722858,
7079219,
7475474,
7918719,
4.703275e+07,
3.888715e+07,
8354930,
7670533,
7723612,
7777430,
7832003,
7887348,
1600419,
1634941,
1670986,
1708656,
1748063,
1.531414e+07,
1.416605e+07,
1181203,
2701435,
2765754,
2833210,
2904040,
2978501,
217834.4,
226664.5,
236240.5,
246661.5,
258044.2,
2.298968e+08,
1.288443e+08,
1.027984e+08,
2.426879e+07,
2.499634e+07,
2.576885e+07,
2.659064e+07,
2.746657e+07,
1.864475e+07,
1.955545e+07,
2.055968e+07,
2.167264e+07,
2.291299e+07,
1.173277e+08,
7.006692e+07,
4.813182e+07,
1.320766e+07,
1.35986e+07,
1.401338e+07,
1.445427e+07,
1.49238e+07,
8739654,
9161604,
9626364,
1.01408e+07,
1.071332e+07,
3.402038e+09,
2.416774e+09,
1.005006e+09,
4.616733e+08,
4.721219e+08,
4.833548e+08,
4.95524e+08,
5.088391e+08,
1.840278e+08,
1.920579e+08,
2.010012e+08,
2.110807e+08,
2.226269e+08,
2050, 
1.827949e+07,
1.68613e+07,
1458970,
3302561,
3337046,
3372259,
3408224,
3444963,
277385.8,
284407.5,
291794,
299574.5,
307781.2,
1.62342e+08,
1.50537e+08,
1.214627e+07,
2.945231e+07,
2.977625e+07,
3.010741e+07,
3.044601e+07,
3.079232e+07,
2306432,
2366250,
2429254,
2495704,
2565892,
5.607042e+07,
5.058862e+07,
5635892,
9659235,
9883164,
1.011772e+07,
1.036369e+07,
1.062191e+07,
1040680,
1082203,
1127179,
1176054,
1229360,
3.405449e+07,
2.705883e+07,
7168255,
4960074,
5176084,
5411766,
5669934,
5953968,
1262653,
1342730,
1433651,
1537780,
1658221,
8.901063e+07,
8.316476e+07,
6016212,
1.597905e+07,
1.629945e+07,
1.663295e+07,
1.698039e+07,
1.734266e+07,
1119105,
1159650,
1203242,
1250240,
1301059,
9.340478e+07,
8.58521e+07,
7769074,
1.631484e+07,
1.67317e+07,
1.717042e+07,
1.763277e+07,
1.81207e+07,
1427025,
1487723,
1553815,
1626052,
1705333,
1.106547e+08,
8.327321e+07,
2.80205e+07,
1.602067e+07,
1.633151e+07,
1.665464e+07,
1.699082e+07,
1.734086e+07,
5213700,
5401856,
5604100,
5822078,
6057698,
2.412104e+08,
1.641249e+08,
7.87084e+07,
2.787008e+07,
3.014528e+07,
3.282498e+07,
3.602758e+07,
3.992268e+07,
1.270223e+07,
1.405956e+07,
1.574168e+07,
1.7881e+07,
2.069325e+07,
1.859086e+08,
8.860443e+07,
9.873006e+07,
1.643488e+07,
1.705367e+07,
1.772089e+07,
1.844244e+07,
1.922524e+07,
1.758353e+07,
1.860213e+07,
1.974601e+07,
2.103978e+07,
2.251498e+07,
2.772563e+07,
2.246188e+07,
5396236,
4362814,
4426646,
4492376,
4560085,
4629868,
1015467,
1046386,
1079247,
1114239,
1151577,
1.611207e+08,
1.438963e+08,
1.770349e+07,
2.745116e+07,
2.809952e+07,
2.877926e+07,
2.94927e+07,
3.02424e+07,
3265538,
3397556,
3540699,
3696433,
3866498,
4.967299e+07,
3.976943e+07,
1.014981e+07,
7900657,
7927181,
7953885,
7980770,
8007836,
1959898,
1994315,
2029962,
2066907,
2105221,
4.086083e+07,
3.394864e+07,
7090704,
6644066,
6716108,
6789729,
6864982,
6941923,
1346128,
1381197,
1418141,
1457116,
1498293,
2.206394e+07,
1.850073e+07,
3656112,
3695634,
3697889,
3700146,
3702406,
3704668,
710602.8,
720765.1,
731222.4,
741987.5,
753074.3,
4.370343e+07,
2.930481e+07,
1.469726e+07,
5768779,
5814505,
5860962,
5908167,
5956139,
2806226,
2871295,
2939452,
3010924,
3085959,
6.215182e+07,
5.375198e+07,
8625905,
1.040564e+07,
1.057521e+07,
1.07504e+07,
1.093149e+07,
1.111878e+07,
1617622,
1669671,
1725181,
1784509,
1848063,
1.555336e+08,
1.293959e+08,
2.68136e+07,
2.512389e+07,
2.549595e+07,
2.587919e+07,
2.627413e+07,
2.66813e+07,
5044443,
5198715,
5362721,
5537412,
5723867,
5.956614e+08,
3.433001e+08,
2.56847e+08,
6.6084e+07,
6.734739e+07,
6.866002e+07,
7.002484e+07,
7.144502e+07,
4.77667e+07,
4.950259e+07,
5.13694e+07,
5.338253e+07,
5.555988e+07,
3.258761e+07,
2.885624e+07,
3834249,
5706566,
5738726,
5771249,
5804143,
5837414,
736882.4,
751567.5,
766849.8,
782766.5,
799357.9,
5.370342e+08,
3.974211e+08,
1.428159e+08,
7.732619e+07,
7.839036e+07,
7.948421e+07,
8.060902e+07,
8.176614e+07,
2.691688e+07,
2.77156e+07,
2.856318e+07,
2.946423e+07,
3.042398e+07,
1.894185e+08,
1.265127e+08,
6.420524e+07,
2.470519e+07,
2.50003e+07,
2.530255e+07,
2.56122e+07,
2.592952e+07,
1.214606e+07,
1.248389e+07,
1.284105e+07,
1.321924e+07,
1.362039e+07,
1.07755e+08,
7.325857e+07,
3.522202e+07,
1.376414e+07,
1.419406e+07,
1.465171e+07,
1.513986e+07,
1.566165e+07,
6375399,
6693226,
7044404,
7434475,
7870276,
4.664395e+07,
3.86803e+07,
8168934,
7626455,
7680866,
7736060,
7792052,
7848860,
1564043,
1598154,
1633787,
1671044,
1710040,
1.541653e+07,
1.42816e+07,
1167719,
2724025,
2788604,
2856319,
2927405,
3002119,
215399.9,
224105.2,
233543.8,
243812.4,
255025.5,
2.358168e+08,
1.333413e+08,
1.04262e+08,
2.519412e+07,
2.591024e+07,
2.666827e+07,
2.747198e+07,
2.832565e+07,
1.897845e+07,
1.987134e+07,
2.08524e+07,
2.193537e+07,
2.313698e+07,
1.212129e+08,
7.29088e+07,
4.920092e+07,
1.378658e+07,
1.417302e+07,
1.458176e+07,
1.501477e+07,
1.547429e+07,
8966238,
9382904,
9840184,
1.034432e+07,
1.09029e+07,
3.435315e+09,
2.449656e+09,
1.005511e+09,
4.682636e+08,
4.787108e+08,
4.899311e+08,
5.020728e+08,
5.153388e+08,
1.843647e+08,
1.922898e+08,
2.011021e+08,
2.110156e+08,
2.223449e+08,
2051, 
1.830577e+07,
1.691008e+07,
1435884,
3311262,
3346265,
3382017,
3418540,
3455862,
272918.2,
279866,
287176.7,
294879.7,
303007.2,
1.630337e+08,
1.513866e+08,
1.198433e+07,
2.962466e+07,
2.994743e+07,
3.027731e+07,
3.061454e+07,
3.095937e+07,
2276239,
2334995,
2396866,
2462104,
2530993,
5.633467e+07,
5.090816e+07,
5579293,
9724362,
9947746,
1.018163e+07,
1.042678e+07,
1.068403e+07,
1030735,
1071609,
1115859,
1163920,
1216308,
3.424929e+07,
2.727999e+07,
7141674,
5004412,
5220457,
5455998,
5713798,
5997168,
1259075,
1338374,
1428335,
1531260,
1650171,
8.908627e+07,
8.328494e+07,
5970479,
1.60086e+07,
1.632636e+07,
1.665699e+07,
1.700128e+07,
1.736011e+07,
1111113,
1151111,
1194096,
1240415,
1290474,
9.376594e+07,
8.62916e+07,
7688758,
1.640517e+07,
1.682093e+07,
1.725832e+07,
1.771906e+07,
1.820508e+07,
1412950,
1472712,
1537752,
1608802,
1686736,
1.123209e+08,
8.482285e+07,
2.814205e+07,
1.634104e+07,
1.664697e+07,
1.696457e+07,
1.729452e+07,
1.763757e+07,
5244575,
5429717,
5628410,
5842196,
6072864,
2.479454e+08,
1.695029e+08,
8.010194e+07,
2.885863e+07,
3.117707e+07,
3.390057e+07,
3.714545e+07,
4.107726e+07,
1.296567e+07,
1.433207e+07,
1.602039e+07,
1.815959e+07,
2.095813e+07,
1.902167e+08,
9.156706e+07,
1.0011e+08,
1.701597e+07,
1.764087e+07,
1.831341e+07,
1.903926e+07,
1.982503e+07,
1.786792e+07,
1.888373e+07,
2.002201e+07,
2.130631e+07,
2.276666e+07,
2.783763e+07,
2.261094e+07,
5358579,
4394220,
4457286,
4522189,
4589009,
4657834,
1009038,
1039433,
1071716,
1106068,
1142696,
1.61059e+08,
1.440751e+08,
1.745708e+07,
2.747903e+07,
2.813117e+07,
2.881502e+07,
2.953294e+07,
3.028756e+07,
3219285,
3349833,
3491416,
3645496,
3813803,
4.929766e+07,
3.956815e+07,
9972054,
7856203,
7884813,
7913630,
7942660,
7971904,
1924340,
1958749,
1994411,
2031396,
2069778,
4.096765e+07,
3.411732e+07,
7027683,
6679074,
6750498,
6823465,
6898027,
6974236,
1334637,
1369169,
1405537,
1443888,
1484392,
2.189862e+07,
1.840544e+07,
3584480,
3674735,
3677909,
3681088,
3684273,
3687463,
696282.2,
706438.7,
716895.9,
727667.3,
738767.3,
4.425818e+07,
2.983327e+07,
1.47257e+07,
5878562,
5922281,
5966654,
6011698,
6057428,
2814885,
2878540,
2945141,
3014897,
3088037,
6.194966e+07,
5.368849e+07,
8483972,
1.038894e+07,
1.056044e+07,
1.07377e+07,
1.092101e+07,
1.111068e+07,
1590253,
1641797,
1696794,
1755604,
1818636,
1.576339e+08,
1.314123e+08,
2.690119e+07,
2.554488e+07,
2.590842e+07,
2.628246e+07,
2.666745e+07,
2.70639e+07,
5067664,
5219275,
5380238,
5551445,
5733907,
6.010573e+08,
3.494577e+08,
2.561119e+08,
6.736186e+07,
6.860339e+07,
6.989154e+07,
7.122898e+07,
7.261862e+07,
4.77069e+07,
4.940218e+07,
5.122238e+07,
5.318185e+07,
5.529719e+07,
3.233173e+07,
2.867483e+07,
3757897,
5669293,
5701941,
5734966,
5768376,
5802178,
722010.9,
736498.5,
751579.4,
767290.8,
783673.1,
5.328491e+08,
3.958668e+08,
1.401371e+08,
7.701027e+07,
7.807684e+07,
7.917337e+07,
8.030114e+07,
8.14615e+07,
2.640717e+07,
2.719318e+07,
2.802743e+07,
2.891448e+07,
2.985951e+07,
1.899608e+08,
1.276201e+08,
6.363616e+07,
2.492517e+07,
2.522105e+07,
2.552403e+07,
2.583437e+07,
2.615236e+07,
1.204078e+07,
1.237449e+07,
1.272723e+07,
1.310067e+07,
1.349669e+07,
1.082411e+08,
7.392714e+07,
3.50392e+07,
1.389868e+07,
1.432835e+07,
1.478543e+07,
1.527263e+07,
1.579304e+07,
6347107,
6661128,
7007840,
7392625,
7822121,
4.626389e+07,
3.846574e+07,
7999703,
7580779,
7636551,
7693149,
7750593,
7808901,
1530880,
1564649,
1599941,
1636861,
1675526,
1.550668e+07,
1.438273e+07,
1156450,
2743723,
2808565,
2876546,
2947900,
3022884,
213358.9,
221962.9,
231289.9,
241435.3,
252511.5,
2.409862e+08,
1.373537e+08,
1.054539e+08,
2.60183e+07,
2.67248e+07,
2.747073e+07,
2.82595e+07,
2.909491e+07,
1.925206e+07,
2.012952e+07,
2.109079e+07,
2.214846e+07,
2.331782e+07,
1.246946e+08,
7.549054e+07,
5.012358e+07,
1.431033e+07,
1.469367e+07,
1.509811e+07,
1.552544e+07,
1.597767e+07,
9160713,
9573260,
1.002472e+07,
1.052086e+07,
1.106867e+07,
3.462052e+09,
2.476904e+09,
1.005081e+09,
4.737082e+08,
4.84162e+08,
4.953809e+08,
5.075092e+08,
5.207445e+08,
1.844786e+08,
1.923143e+08,
2.010162e+08,
2.107905e+08,
2.219391e+08,
2052, 
1.833199e+07,
1.695886e+07,
1412729,
3319955,
3355480,
3391772,
3428858,
3466764,
268440.2,
275312.5,
282545.8,
290169.6,
298216.1,
1.637274e+08,
1.522396e+08,
1.182082e+07,
2.979777e+07,
3.011934e+07,
3.044792e+07,
3.078375e+07,
3.112707e+07,
2245732,
2303426,
2364163,
2428190,
2495781,
5.660024e+07,
5.122961e+07,
5522090,
9789914,
1.001273e+07,
1.024592e+07,
1.049024e+07,
1.074649e+07,
1020670,
1060894,
1104418,
1151666,
1203138,
3.444557e+07,
2.750303e+07,
7114678,
5049167,
5265228,
5500607,
5758016,
6040699,
1255418,
1333938,
1422936,
1524657,
1642043,
8.916225e+07,
8.340551e+07,
5924679,
1.603826e+07,
1.635337e+07,
1.66811e+07,
1.702224e+07,
1.737763e+07,
1103101,
1142555,
1184936,
1230582,
1279886,
9.412882e+07,
8.673346e+07,
7607772,
1.649602e+07,
1.691067e+07,
1.734669e+07,
1.78058e+07,
1.828987e+07,
1398739,
1457564,
1521555,
1591421,
1668013,
1.140137e+08,
8.64011e+07,
2.826154e+07,
1.666783e+07,
1.69685e+07,
1.728022e+07,
1.76036e+07,
1.793932e+07,
5275172,
5457233,
5652309,
5861849,
6087524,
2.548166e+08,
1.750166e+08,
8.149621e+07,
2.987564e+07,
3.223685e+07,
3.500332e+07,
3.828918e+07,
4.225585e+07,
1.323084e+07,
1.460563e+07,
1.629924e+07,
1.843715e+07,
2.122055e+07,
1.946088e+08,
9.460994e+07,
1.01494e+08,
1.761424e+07,
1.824471e+07,
1.892199e+07,
1.965149e+07,
2.043949e+07,
1.815433e+07,
1.916677e+07,
2.02988e+07,
2.157295e+07,
2.301777e+07,
2.795043e+07,
2.276109e+07,
5320638,
4425874,
4488157,
4552218,
4618134,
4685987,
1002548,
1032421,
1064128,
1097844,
1133767,
1.609974e+08,
1.442537e+08,
1.721098e+07,
2.750685e+07,
2.816277e+07,
2.885074e+07,
2.957316e+07,
3.033268e+07,
3173112,
3302181,
3442196,
3594610,
3761146,
4.892469e+07,
3.936719e+07,
9796373,
7811860,
7842528,
7873438,
7904593,
7935996,
1889226,
1923612,
1959275,
1996284,
2034718,
4.107492e+07,
3.428672e+07,
6964366,
6714246,
6785041,
6857345,
6931205,
7006675,
1323081,
1357081,
1392873,
1430605,
1470438,
2.173425e+07,
1.831026e+07,
3513699,
3653876,
3657960,
3662052,
3666153,
3670264,
682143,
692288.2,
702739.7,
713511.6,
724618.9,
4.482031e+07,
3.037044e+07,
1.47528e+07,
5990287,
6031897,
6074088,
6116874,
6160268,
2823310,
2885533,
2950560,
3018585,
3089822,
6.174829e+07,
5.362488e+07,
8342966,
1.037224e+07,
1.054566e+07,
1.072498e+07,
1.09105e+07,
1.110255e+07,
1563084,
1614116,
1668593,
1726876,
1789377,
1.597633e+08,
1.334599e+08,
2.698653e+07,
2.597293e+07,
2.632755e+07,
2.669198e+07,
2.706664e+07,
2.745196e+07,
5090526,
5239430,
5397306,
5564994,
5743434,
6.065457e+08,
3.55718e+08,
2.553659e+08,
6.86633e+07,
6.988144e+07,
7.114361e+07,
7.24522e+07,
7.380983e+07,
4.7645e+07,
4.929956e+07,
5.107317e+07,
5.297916e+07,
5.503292e+07,
3.207648e+07,
2.849323e+07,
3682371,
5632001,
5665127,
5698646,
5732563,
5766887,
707306.2,
721595.6,
736474.3,
751979.5,
768151.6,
5.286674e+08,
3.942892e+08,
1.374854e+08,
7.668988e+07,
7.775876e+07,
7.885784e+07,
7.998844e+07,
8.115194e+07,
2.590273e+07,
2.667611e+07,
2.749708e+07,
2.837019e+07,
2.930057e+07,
1.905048e+08,
1.287318e+08,
6.306436e+07,
2.514608e+07,
2.544268e+07,
2.574636e+07,
2.605738e+07,
2.6376e+07,
1.193494e+07,
1.226455e+07,
1.261287e+07,
1.298157e+07,
1.337246e+07,
1.08731e+08,
7.460085e+07,
3.485485e+07,
1.403438e+07,
1.446373e+07,
1.492017e+07,
1.540636e+07,
1.592531e+07,
6318502,
6628719,
6970970,
7350487,
7773706,
4.588554e+07,
3.825086e+07,
7832534,
7535076,
7592188,
7650173,
7709050,
7768842,
1498145,
1531563,
1566507,
1603082,
1641406,
1.5597e+07,
1.448423e+07,
1144990,
2763497,
2828601,
2896847,
2968467,
3043719,
211281.9,
219783.5,
228997.9,
239018.8,
249956.8,
2.462997e+08,
1.414936e+08,
1.06663e+08,
2.687104e+07,
2.756641e+07,
2.829871e+07,
2.907099e+07,
2.988659e+07,
1.953053e+07,
2.039183e+07,
2.13326e+07,
2.236437e+07,
2.350102e+07,
1.282707e+08,
7.815633e+07,
5.105712e+07,
1.485274e+07,
1.523206e+07,
1.563127e+07,
1.605196e+07,
1.649592e+07,
9358345,
9766290,
1.021142e+07,
1.069907e+07,
1.123563e+07,
3.489427e+09,
2.50475e+09,
1.004693e+09,
4.79285e+08,
4.897394e+08,
5.0095e+08,
5.130578e+08,
5.262546e+08,
1.846063e+08,
1.9235e+08,
2.009387e+08,
2.105709e+08,
2.215361e+08,
2053, 
1.835814e+07,
1.700764e+07,
1389510,
3328645,
3364691,
3401528,
3439179,
3477673,
263952.4,
270747.6,
277901.9,
285444.6,
293408.2,
1.644231e+08,
1.530962e+08,
1.165574e+07,
2.997167e+07,
3.0292e+07,
3.061925e+07,
3.095364e+07,
3.129543e+07,
2214914,
2271545,
2331148,
2393963,
2460257,
5.686717e+07,
5.155301e+07,
5464274,
9855895,
1.007812e+07,
1.03106e+07,
1.055406e+07,
1.080929e+07,
1010481,
1050055,
1092855,
1139292,
1189850,
3.464336e+07,
2.7728e+07,
7087259,
5094346,
5310403,
5545599,
5802594,
6084566,
1251681,
1329419,
1417452,
1517971,
1633834,
8.923858e+07,
8.352649e+07,
5878841,
1.606801e+07,
1.638046e+07,
1.67053e+07,
1.704328e+07,
1.739522e+07,
1095075,
1133988,
1175768,
1220745,
1269300,
9.449341e+07,
8.71777e+07,
7526120,
1.658741e+07,
1.70009e+07,
1.743554e+07,
1.789299e+07,
1.837508e+07,
1384393,
1442282,
1505224,
1573910,
1649165,
1.157337e+08,
8.80087e+07,
2.837897e+07,
1.700121e+07,
1.729626e+07,
1.760174e+07,
1.79182e+07,
1.824624e+07,
5305486,
5484396,
5675794,
5881034,
6101674,
2.618282e+08,
1.806701e+08,
8.289131e+07,
3.092206e+07,
3.332549e+07,
3.613402e+07,
3.94595e+07,
4.345912e+07,
1.349779e+07,
1.488027e+07,
1.657826e+07,
1.871369e+07,
2.148057e+07,
1.99087e+08,
9.773538e+07,
1.028822e+08,
1.823021e+07,
1.886569e+07,
1.954708e+07,
2.027952e+07,
2.1069e+07,
1.84428e+07,
1.945128e+07,
2.057643e+07,
2.183974e+07,
2.326832e+07,
2.806404e+07,
2.291232e+07,
5282413,
4457776,
4519260,
4582463,
4647460,
4714326,
995997,
1025349,
1056483,
1089567,
1124790,
1.609359e+08,
1.44432e+08,
1.696522e+07,
2.753461e+07,
2.819431e+07,
2.888641e+07,
2.961334e+07,
3.03778e+07,
3127027,
3254609,
3393045,
3543781,
3708532,
4.855408e+07,
3.916654e+07,
9622758,
7767625,
7800328,
7833308,
7866569,
7900113,
1854554,
1888905,
1924552,
1961570,
2000041,
4.118266e+07,
3.445687e+07,
6900758,
6749588,
6819745,
6891374,
6964524,
7039245,
1311462,
1344931,
1380152,
1417267,
1456434,
2.157082e+07,
1.821519e+07,
3443761,
3633060,
3638042,
3643037,
3648046,
3653069,
668183.4,
678311.8,
688752.1,
699518.8,
710627.4,
4.538998e+07,
3.091649e+07,
1.477853e+07,
6103993,
6143390,
6183298,
6223727,
6264689,
2831497,
2892268,
2955706,
3021988,
3091311,
6.154771e+07,
5.356116e+07,
8202873,
1.035552e+07,
1.053086e+07,
1.071223e+07,
1.089997e+07,
1.109439e+07,
1536111,
1586625,
1640575,
1698322,
1760282,
1.619224e+08,
1.355395e+08,
2.706961e+07,
2.640824e+07,
2.675349e+07,
2.71079e+07,
2.747181e+07,
2.784563e+07,
5113028,
5259175,
5413923,
5578053,
5752447,
6.121286e+08,
3.62084e+08,
2.546084e+08,
6.998894e+07,
7.118217e+07,
7.241679e+07,
7.369501e+07,
7.501914e+07,
4.758091e+07,
4.919465e+07,
5.092168e+07,
5.277439e+07,
5.476701e+07,
3.182185e+07,
2.831145e+07,
3607671,
5594691,
5628288,
5662290,
5696705,
5731542,
692767.9,
706858.5,
721534.2,
736832.1,
752792.8,
5.244892e+08,
3.926883e+08,
1.348607e+08,
7.636507e+07,
7.743613e+07,
7.853765e+07,
7.967097e+07,
8.083746e+07,
2.540356e+07,
2.616436e+07,
2.697213e+07,
2.783137e+07,
2.874715e+07,
1.910506e+08,
1.298478e+08,
6.248982e+07,
2.536791e+07,
2.566521e+07,
2.596956e+07,
2.628122e+07,
2.660045e+07,
1.182854e+07,
1.215404e+07,
1.249796e+07,
1.286192e+07,
1.32477e+07,
1.092246e+08,
7.527977e+07,
3.466895e+07,
1.417124e+07,
1.460021e+07,
1.505595e+07,
1.554107e+07,
1.605849e+07,
6289578,
6595992,
6933790,
7308054,
7725027,
4.550887e+07,
3.803567e+07,
7667394,
7489349,
7547782,
7607134,
7667428,
7728683,
1465829,
1498891,
1533479,
1569701,
1607675,
1.568751e+07,
1.45861e+07,
1133341,
2783347,
2848712,
2917221,
2989106,
3064623,
209169.4,
217567.5,
226668.1,
236563.3,
247362,
2.517634e+08,
1.457664e+08,
1.0789e+08,
2.775361e+07,
2.843623e+07,
2.915328e+07,
2.990743e+07,
3.070163e+07,
1.981404e+07,
2.065843e+07,
2.157799e+07,
2.258323e+07,
2.368671e+07,
1.319453e+08,
8.090962e+07,
5.2002e+07,
1.54146e+07,
1.578895e+07,
1.618193e+07,
1.659497e+07,
1.702965e+07,
9559247,
9962099,
1.04004e+07,
1.087904e+07,
1.140387e+07,
3.51746e+09,
2.533212e+09,
1.004348e+09,
4.849986e+08,
4.954471e+08,
5.066425e+08,
5.187223e+08,
5.318725e+08,
1.847481e+08,
1.92397e+08,
2.008697e+08,
2.103569e+08,
2.211361e+08,
2054, 
1.838423e+07,
1.705641e+07,
1366227,
3337328,
3373900,
3411282,
3449502,
3488587,
259455.2,
266171.8,
273245.4,
280705.3,
288583.8,
1.651209e+08,
1.539565e+08,
1.148908e+07,
3.014635e+07,
3.046541e+07,
3.079129e+07,
3.112422e+07,
3.146443e+07,
2183779,
2239346,
2297815,
2359420,
2424418,
5.713544e+07,
5.187834e+07,
5405844,
9922306,
1.014393e+07,
1.037567e+07,
1.061825e+07,
1.087244e+07,
1000170,
1039093,
1081169,
1126796,
1176443,
3.484266e+07,
2.795488e+07,
7059411,
5139951,
5355986,
5590977,
5847535,
6128772,
1247862,
1324815,
1411882,
1511199,
1625545,
8.931526e+07,
8.364786e+07,
5832939,
1.609787e+07,
1.640764e+07,
1.672957e+07,
1.706438e+07,
1.741287e+07,
1087029,
1125404,
1166588,
1210900,
1258712,
9.485974e+07,
8.762434e+07,
7443784,
1.667933e+07,
1.709164e+07,
1.752487e+07,
1.798062e+07,
1.846071e+07,
1369906,
1426861,
1488757,
1556266,
1630189,
1.174817e+08,
8.964631e+07,
2.849426e+07,
1.734134e+07,
1.76304e+07,
1.792926e+07,
1.823843e+07,
1.855845e+07,
5335505,
5511196,
5698852,
5899738,
6115304,
2.689846e+08,
1.864679e+08,
8.428736e+07,
3.199888e+07,
3.444394e+07,
3.729357e+07,
4.065725e+07,
4.468785e+07,
1.376655e+07,
1.515602e+07,
1.685747e+07,
1.898925e+07,
2.173823e+07,
2.036542e+08,
1.009458e+08,
1.042746e+08,
1.886445e+07,
1.950434e+07,
2.018916e+07,
2.092382e+07,
2.171397e+07,
1.873338e+07,
1.973731e+07,
2.085493e+07,
2.210672e+07,
2.351838e+07,
2.817848e+07,
2.306464e+07,
5243901,
4489932,
4550600,
4612929,
4676990,
4742855,
989383.4,
1018216,
1048780,
1081236,
1115764,
1.608745e+08,
1.446102e+08,
1.671975e+07,
2.756231e+07,
2.822581e+07,
2.892204e+07,
2.965349e+07,
3.042289e+07,
3081014,
3207102,
3343951,
3492998,
3655952,
4.818578e+07,
3.89662e+07,
9451179,
7723497,
7758213,
7793241,
7828587,
7864254,
1820318,
1854618,
1890236,
1927248,
1965739,
4.129086e+07,
3.462776e+07,
6836849,
6785099,
6854607,
6925552,
6997983,
7071943,
1299779,
1332718,
1367370,
1403872,
1442376,
2.140833e+07,
1.812022e+07,
3374659,
3612285,
3618156,
3624045,
3629954,
3635881,
654401.5,
664508.1,
674931.8,
685687.6,
696791.9,
4.596734e+07,
3.147159e+07,
1.480286e+07,
6219724,
6256799,
6294318,
6332290,
6370723,
2839440,
2898741,
2960573,
3025100,
3092502,
6.134792e+07,
5.349732e+07,
8063688,
1.033879e+07,
1.051604e+07,
1.069946e+07,
1.08894e+07,
1.108621e+07,
1509334,
1559323,
1612738,
1669941,
1731352,
1.641119e+08,
1.376516e+08,
2.715035e+07,
2.685093e+07,
2.718638e+07,
2.753032e+07,
2.788307e+07,
2.824498e+07,
5135151,
5278494,
5430070,
5590609,
5760929,
6.178086e+08,
3.68558e+08,
2.538393e+08,
7.133941e+07,
7.25061e+07,
7.37116e+07,
7.495786e+07,
7.624698e+07,
4.751457e+07,
4.908737e+07,
5.076786e+07,
5.256749e+07,
5.44994e+07,
3.156785e+07,
2.812948e+07,
3533787,
5557362,
5591419,
5625896,
5660801,
5696142,
678394.3,
692285.4,
706757.3,
721847.3,
737595.7,
5.203144e+08,
3.91064e+08,
1.322627e+08,
7.603585e+07,
7.710897e+07,
7.821281e+07,
7.934871e+07,
8.05181e+07,
2.490963e+07,
2.565791e+07,
2.645254e+07,
2.729797e+07,
2.819922e+07,
1.915983e+08,
1.309682e+08,
6.191254e+07,
2.559067e+07,
2.588864e+07,
2.619364e+07,
2.65059e+07,
2.68257e+07,
1.172159e+07,
1.204299e+07,
1.238251e+07,
1.274173e+07,
1.312241e+07,
1.09722e+08,
7.596395e+07,
3.448147e+07,
1.430929e+07,
1.473781e+07,
1.519279e+07,
1.567676e+07,
1.619257e+07,
6260330,
6562941,
6896294,
7265323,
7676079,
4.513389e+07,
3.782016e+07,
7504284,
7443598,
7503332,
7564032,
7625723,
7688427,
1433933,
1466632,
1500857,
1536718,
1574334,
1.57782e+07,
1.468834e+07,
1121501,
2803274,
2868898,
2937668,
3009817,
3085598,
207020.9,
215314.4,
224300.1,
234068.5,
244726.5,
2.573838e+08,
1.501778e+08,
1.091356e+08,
2.866731e+07,
2.933549e+07,
3.003557e+07,
3.076988e+07,
3.154098e+07,
2.010277e+07,
2.092949e+07,
2.182712e+07,
2.28052e+07,
2.387504e+07,
1.357225e+08,
8.375406e+07,
5.295876e+07,
1.599676e+07,
1.636511e+07,
1.675081e+07,
1.715514e+07,
1.757946e+07,
9763546,
1.01608e+07,
1.059175e+07,
1.106088e+07,
1.157349e+07,
3.546173e+09,
2.562312e+09,
1.004047e+09,
4.908539e+08,
5.012896e+08,
5.124624e+08,
5.245064e+08,
5.376018e+08,
1.849042e+08,
1.924557e+08,
2.008093e+08,
2.101489e+08,
2.207395e+08,
2055, 
1.841025e+07,
1.710518e+07,
1342880,
3346006,
3383105,
3421036,
3459827,
3499508,
254948.4,
261584.8,
268576.1,
275951.2,
283742.9,
1.658208e+08,
1.548203e+08,
1.132082e+07,
3.032181e+07,
3.063956e+07,
3.096405e+07,
3.129549e+07,
3.16341e+07,
2152327,
2206830,
2264165,
2324559,
2388262,
5.740507e+07,
5.220564e+07,
5346787,
9989153,
1.021014e+07,
1.044113e+07,
1.068281e+07,
1.093594e+07,
989732,
1028005,
1069357,
1114176,
1162915,
3.50435e+07,
2.818372e+07,
7031133,
5185988,
5401980,
5636745,
5892842,
6173319,
1243962,
1320127,
1406227,
1504341,
1617174,
8.939229e+07,
8.376965e+07,
5786983,
1.612783e+07,
1.643492e+07,
1.675393e+07,
1.708557e+07,
1.74306e+07,
1078966,
1116806,
1157397,
1201049,
1248123,
9.522783e+07,
8.807337e+07,
7360771,
1.677178e+07,
1.71829e+07,
1.761467e+07,
1.806871e+07,
1.854677e+07,
1355282,
1411303,
1472154,
1538490,
1611085,
1.192583e+08,
9.131468e+07,
2.860736e+07,
1.768839e+07,
1.797107e+07,
1.826294e+07,
1.856444e+07,
1.887606e+07,
5365217,
5537621,
5721473,
5917952,
6128405,
2.762903e+08,
1.924142e+08,
8.568438e+07,
3.31071e+07,
3.559313e+07,
3.848284e+07,
4.188321e+07,
4.594276e+07,
1.403714e+07,
1.54329e+07,
1.713688e+07,
1.926384e+07,
2.199358e+07,
2.083129e+08,
1.042436e+08,
1.056717e+08,
1.951752e+07,
2.016117e+07,
2.084873e+07,
2.158484e+07,
2.237482e+07,
1.902612e+07,
2.002489e+07,
2.113433e+07,
2.237392e+07,
2.376797e+07,
2.829375e+07,
2.321808e+07,
5205096,
4522341,
4582176,
4643617,
4706727,
4771576,
982706.4,
1011023,
1041019,
1072850,
1106689,
1.608132e+08,
1.447881e+08,
1.64746e+07,
2.758995e+07,
2.825725e+07,
2.895762e+07,
2.969359e+07,
3.046796e+07,
3035084,
3159668,
3294919,
3442267,
3603410,
4.781978e+07,
3.876617e+07,
9281623,
7679478,
7716180,
7753234,
7790645,
7828419,
1786515,
1820751,
1856325,
1893316,
1931812,
4.139954e+07,
3.47994e+07,
6772646,
6820781,
6889628,
6959881,
7031581,
7104774,
1288031,
1320443,
1354529,
1390421,
1428268,
2.124676e+07,
1.802537e+07,
3306385,
3591552,
3598300,
3605074,
3611874,
3618699,
640795.7,
650875.3,
661277.1,
672016.7,
683110.9,
4.655254e+07,
3.203593e+07,
1.482578e+07,
6337520,
6372163,
6407186,
6442597,
6478401,
2847133,
2904946,
2965156,
3027915,
3093388,
6.114892e+07,
5.343337e+07,
7925405,
1.032206e+07,
1.05012e+07,
1.068667e+07,
1.087882e+07,
1.1078e+07,
1482749,
1532209,
1585081,
1641733,
1702585,
1.663323e+08,
1.397971e+08,
2.722871e+07,
2.730118e+07,
2.762637e+07,
2.795941e+07,
2.830058e+07,
2.865017e+07,
5156886,
5297379,
5445743,
5602655,
5768879,
6.23588e+08,
3.75143e+08,
2.530583e+08,
7.271538e+07,
7.385388e+07,
7.502861e+07,
7.62413e+07,
7.749386e+07,
4.744591e+07,
4.897768e+07,
5.061165e+07,
5.235841e+07,
5.423005e+07,
3.131446e+07,
2.794733e+07,
3460721,
5520015,
5554524,
5589467,
5624852,
5660688,
664185.4,
677876.7,
692144.2,
707025.3,
722560.3,
5.161432e+08,
3.894166e+08,
1.296916e+08,
7.570223e+07,
7.677729e+07,
7.788333e+07,
7.90217e+07,
8.019384e+07,
2.442092e+07,
2.515677e+07,
2.593833e+07,
2.677001e+07,
2.76568e+07,
1.921477e+08,
1.320929e+08,
6.133249e+07,
2.581436e+07,
2.611298e+07,
2.641858e+07,
2.673143e+07,
2.705177e+07,
1.161408e+07,
1.193138e+07,
1.22665e+07,
1.262099e+07,
1.299658e+07,
1.102232e+08,
7.665345e+07,
3.429242e+07,
1.444853e+07,
1.487655e+07,
1.533069e+07,
1.581344e+07,
1.632758e+07,
6230757,
6529568,
6858484,
7222294,
7626864,
4.476058e+07,
3.760434e+07,
7343182,
7397826,
7458839,
7520868,
7583938,
7648073,
1402451,
1434781,
1468636,
1504128,
1541378,
1.586908e+07,
1.479094e+07,
1109469,
2823276,
2889158,
2958189,
3030599,
3106643,
204836.3,
213024.1,
221893.8,
231534.2,
242050.3,
2.631676e+08,
1.547339e+08,
1.104007e+08,
2.961357e+07,
3.02655e+07,
3.094678e+07,
3.165945e+07,
3.240571e+07,
2.039693e+07,
2.120519e+07,
2.208015e+07,
2.303042e+07,
2.406616e+07,
1.396065e+08,
8.669346e+07,
5.392789e+07,
1.660012e+07,
1.696137e+07,
1.733869e+07,
1.773318e+07,
1.814604e+07,
9971370,
1.036251e+07,
1.078558e+07,
1.124467e+07,
1.174458e+07,
3.575588e+09,
2.59207e+09,
1.00379e+09,
4.968557e+08,
5.072713e+08,
5.18414e+08,
5.30414e+08,
5.434461e+08,
1.85075e+08,
1.925261e+08,
2.00758e+08,
2.099469e+08,
2.203464e+08,
2056, 
1.843059e+07,
1.714872e+07,
1319067,
3353566,
3391227,
3429744,
3469146,
3509464,
250347.8,
256904.3,
263813.4,
271104.5,
278810,
1.665255e+08,
1.556902e+08,
1.115116e+07,
3.049913e+07,
3.081528e+07,
3.113805e+07,
3.146765e+07,
3.180431e+07,
2120638,
2174055,
2230232,
2289390,
2351772,
5.759748e+07,
5.24633e+07,
5279904,
1.004167e+07,
1.026221e+07,
1.049266e+07,
1.07337e+07,
1.098606e+07,
977718.1,
1015344,
1055981,
1100007,
1147863,
3.517078e+07,
2.835398e+07,
6987496,
5219960,
5436047,
5670796,
5926735,
6206868,
1236972,
1312345,
1397499,
1494472,
1605905,
8.934657e+07,
8.377639e+07,
5733069,
1.613412e+07,
1.643884e+07,
1.675528e+07,
1.708414e+07,
1.742618e+07,
1069294,
1106605,
1146614,
1189624,
1235987,
9.5406e+07,
8.834732e+07,
7262478,
1.682729e+07,
1.72381e+07,
1.766946e+07,
1.812298e+07,
1.860038e+07,
1337496,
1392626,
1452496,
1517744,
1589130,
1.207743e+08,
9.279186e+07,
2.86495e+07,
1.799539e+07,
1.827255e+07,
1.855837e+07,
1.885328e+07,
1.915771e+07,
5380351,
5549626,
5729900,
5922278,
6128022,
2.832628e+08,
1.981728e+08,
8.693291e+07,
3.417783e+07,
3.67045e+07,
3.963457e+07,
4.307304e+07,
4.716478e+07,
1.427977e+07,
1.568077e+07,
1.738658e+07,
1.950882e+07,
2.222118e+07,
2.125652e+08,
1.073786e+08,
1.068218e+08,
2.013654e+07,
2.078458e+07,
2.147572e+07,
2.221441e+07,
2.300572e+07,
1.926905e+07,
2.026268e+07,
2.136436e+07,
2.259273e+07,
2.397097e+07,
2.835221e+07,
2.332522e+07,
5155517,
4544998,
4604239,
4665045,
4727478,
4791605,
973797.3,
1001631,
1031103,
1062362,
1095576,
1.607459e+08,
1.449602e+08,
1.622915e+07,
2.761823e+07,
2.828847e+07,
2.899205e+07,
2.973151e+07,
3.050969e+07,
2989339,
3112309,
3245830,
3391321,
3550468,
4.747875e+07,
3.858488e+07,
9118428,
7639948,
7678268,
7716975,
7756075,
7795571,
1754171,
1788253,
1823686,
1860551,
1898937,
4.142628e+07,
3.490238e+07,
6694824,
6842125,
6910608,
6980476,
7051772,
7124539,
1273493,
1305408,
1338965,
1374292,
1411534,
2.110707e+07,
1.794846e+07,
3242156,
3574961,
3582312,
3589693,
3597104,
3604546,
628099.3,
638103.3,
648431.1,
659098.8,
670123.4,
4.703247e+07,
3.253134e+07,
1.481158e+07,
6440981,
6473460,
6506269,
6539411,
6572894,
2847239,
2903638,
2962316,
3023415,
3087088,
6.095338e+07,
5.337166e+07,
7788372,
1.030648e+07,
1.048718e+07,
1.067433e+07,
1.086829e+07,
1.106942e+07,
1456539,
1505410,
1557674,
1613698,
1673903,
1.68125e+08,
1.415896e+08,
2.723027e+07,
2.767662e+07,
2.79936e+07,
2.831793e+07,
2.864986e+07,
2.898967e+07,
5162649,
5300566,
5446055,
5599755,
5762383,
6.280728e+08,
3.809947e+08,
2.51705e+08,
7.393545e+07,
7.505012e+07,
7.619893e+07,
7.738346e+07,
7.860538e+07,
4.725676e+07,
4.875015e+07,
5.0341e+07,
5.203918e+07,
5.385594e+07,
3.104089e+07,
2.774642e+07,
3386197,
5479499,
5514171,
5549284,
5584847,
5620869,
649775,
663223,
677239.4,
691861,
707127.9,
5.114209e+08,
3.873262e+08,
1.270096e+08,
7.528064e+07,
7.63573e+07,
7.746523e+07,
7.860577e+07,
7.978041e+07,
2.39108e+07,
2.463382e+07,
2.540192e+07,
2.621947e+07,
2.70914e+07,
1.922753e+08,
1.329291e+08,
6.061608e+07,
2.597634e+07,
2.627755e+07,
2.658582e+07,
2.690141e+07,
2.722458e+07,
1.147796e+07,
1.179177e+07,
1.212322e+07,
1.247383e+07,
1.284533e+07,
1.105538e+08,
7.722646e+07,
3.404802e+07,
1.45639e+07,
1.499165e+07,
1.544529e+07,
1.592725e+07,
1.644025e+07,
6190060,
6485069,
6809605,
7168333,
7566960,
4.43885e+07,
3.738787e+07,
7184005,
7351918,
7414213,
7477574,
7542026,
7607600,
1371359,
1403317,
1436801,
1471922,
1508803,
1.594852e+07,
1.488308e+07,
1096447,
2841124,
2907292,
2976615,
3049325,
3125677,
202454.8,
210536.1,
219289.4,
228802,
239177.5,
2.68279e+08,
1.589414e+08,
1.113364e+08,
3.048523e+07,
3.112312e+07,
3.178828e+07,
3.248249e+07,
3.32077e+07,
2.0622e+07,
2.141308e+07,
2.226729e+07,
2.319247e+07,
2.419787e+07,
1.430393e+08,
8.93802e+07,
5.469478e+07,
1.714825e+07,
1.750458e+07,
1.787604e+07,
1.82636e+07,
1.866834e+07,
1.013626e+07,
1.052232e+07,
1.093896e+07,
1.138994e+07,
1.187972e+07,
3.599319e+09,
2.618152e+09,
1.001484e+09,
5.020922e+08,
5.125015e+08,
5.236305e+08,
5.356068e+08,
5.486002e+08,
1.848244e+08,
1.921796e+08,
2.002968e+08,
2.093465e+08,
2.19572e+08,
2057, 
1.845088e+07,
1.719225e+07,
1295205,
3361118,
3399344,
3438450,
3478466,
3519425,
245740.7,
252215.6,
259040.9,
266245.9,
273863.2,
1.672324e+08,
1.56564e+08,
1.097991e+07,
3.067728e+07,
3.099178e+07,
3.13128e+07,
3.164054e+07,
3.197521e+07,
2088630,
2140961,
2195982,
2253905,
2314967,
5.779062e+07,
5.272217e+07,
5212562,
1.009446e+07,
1.031454e+07,
1.054443e+07,
1.078481e+07,
1.10364e+07,
965609.6,
1002589,
1042512,
1085748,
1132725,
3.529874e+07,
2.852524e+07,
6943541,
5254155,
5470325,
5705047,
5960815,
6240592,
1229918,
1304498,
1388708,
1484540,
1594579,
8.930068e+07,
8.378294e+07,
5679219,
1.614037e+07,
1.644271e+07,
1.675659e+07,
1.708268e+07,
1.742172e+07,
1059628,
1096413,
1135844,
1178217,
1223873,
9.558462e+07,
8.862204e+07,
7163845,
1.688297e+07,
1.729346e+07,
1.772441e+07,
1.817739e+07,
1.865413e+07,
1319640,
1373879,
1432769,
1496933,
1567113,
1.223118e+08,
9.429318e+07,
2.868887e+07,
1.830782e+07,
1.857915e+07,
1.885863e+07,
1.914666e+07,
1.944362e+07,
5395014,
5561117,
5737774,
5926022,
6127042,
2.903664e+08,
2.04067e+08,
8.81773e+07,
3.527712e+07,
3.784385e+07,
4.08134e+07,
4.428866e+07,
4.841085e+07,
1.452307e+07,
1.592865e+07,
1.763546e+07,
1.975195e+07,
2.244574e+07,
2.168918e+08,
1.105899e+08,
1.079702e+08,
2.077193e+07,
2.142383e+07,
2.211797e+07,
2.28586e+07,
2.365055e+07,
1.951261e+07,
2.050063e+07,
2.159403e+07,
2.281064e+07,
2.417252e+07,
2.8411e+07,
2.343282e+07,
5105787,
4567764,
4626401,
4686564,
4748312,
4811710,
964851.6,
992206.2,
1021157,
1051849,
1084442,
1.606786e+08,
1.451321e+08,
1.598402e+07,
2.764645e+07,
2.831963e+07,
2.902642e+07,
2.976938e+07,
3.055138e+07,
2943667,
3065018,
3196804,
3340431,
3497572,
4.713944e+07,
3.840354e+07,
8957014,
7600444,
7640366,
7680709,
7721480,
7762687,
1722203,
1756121,
1791403,
1828131,
1866397,
4.14531e+07,
3.500546e+07,
6616964,
6863496,
6931611,
7001091,
7071978,
7144316,
1258942,
1290363,
1323393,
1358158,
1394799,
2.096791e+07,
1.787141e+07,
3178594,
3558354,
3566301,
3574283,
3582301,
3590355,
615541.9,
625467.6,
635718.8,
646311.5,
657263.1,
4.751814e+07,
3.303388e+07,
1.479596e+07,
6546038,
6576267,
6606776,
6637570,
6668652,
2847075,
2902051,
2959191,
3018627,
3080500,
6.075847e+07,
5.330973e+07,
7652198,
1.029086e+07,
1.047312e+07,
1.066195e+07,
1.085771e+07,
1.106079e+07,
1430509,
1478788,
1530440,
1585830,
1645381,
1.699381e+08,
1.434054e+08,
2.722905e+07,
2.80573e+07,
2.836576e+07,
2.868108e+07,
2.900349e+07,
2.933323e+07,
5167898,
5303215,
5445810,
5596284,
5755310,
6.326252e+08,
3.869265e+08,
2.503385e+08,
7.517412e+07,
7.626368e+07,
7.73853e+07,
7.854038e+07,
7.973048e+07,
4.706472e+07,
4.85198e+07,
5.00677e+07,
5.171763e+07,
5.348e+07,
3.076768e+07,
2.754503e+07,
3312514,
5438902,
5473730,
5509006,
5544740,
5580941,
635530.7,
648736.5,
662502.8,
676865.9,
691865.7,
5.067039e+08,
3.852108e+08,
1.24358e+08,
7.485438e+07,
7.593252e+07,
7.704217e+07,
7.818472e+07,
7.936168e+07,
2.340661e+07,
2.411687e+07,
2.487159e+07,
2.567507e+07,
2.65322e+07,
1.924029e+08,
1.337652e+08,
5.98997e+07,
2.61383e+07,
2.64421e+07,
2.675304e+07,
2.707139e+07,
2.73974e+07,
1.134187e+07,
1.165218e+07,
1.197994e+07,
1.232668e+07,
1.269408e+07,
1.108864e+08,
7.780255e+07,
3.380254e+07,
1.467997e+07,
1.510742e+07,
1.556051e+07,
1.604162e+07,
1.655343e+07,
6149122,
6440338,
6760509,
7114179,
7506896,
4.401812e+07,
3.717111e+07,
7026813,
7305995,
7369550,
7434223,
7500040,
7567032,
1340676,
1372257,
1405363,
1440105,
1476608,
1.602807e+07,
1.497549e+07,
1083254,
2859030,
2925482,
2995098,
3068108,
3144766,
200041.5,
208015.1,
216650.9,
226034.7,
236268.2,
2.735198e+08,
1.632699e+08,
1.12281e+08,
3.138409e+07,
3.200644e+07,
3.265397e+07,
3.332824e+07,
3.403095e+07,
2.084994e+07,
2.162328e+07,
2.24562e+07,
2.335585e+07,
2.43306e+07,
1.465502e+08,
9.214181e+07,
5.546511e+07,
1.771299e+07,
1.80636e+07,
1.842836e+07,
1.880816e+07,
1.920395e+07,
1.030258e+07,
1.06832e+07,
1.109302e+07,
1.153554e+07,
1.201484e+07,
3.623595e+09,
2.644761e+09,
9.991976e+08,
5.074457e+08,
5.178429e+08,
5.289523e+08,
5.408982e+08,
5.538462e+08,
1.845816e+08,
1.918388e+08,
1.998395e+08,
2.087478e+08,
2.187975e+08,
2058, 
1.847112e+07,
1.723577e+07,
1271296,
3368663,
3407456,
3447153,
3487786,
3529389,
241127.8,
247519.5,
254259.2,
261376.2,
268903.2,
1.679416e+08,
1.574416e+08,
1.080704e+07,
3.085626e+07,
3.116908e+07,
3.148831e+07,
3.181415e+07,
3.21468e+07,
2056297,
2107542,
2161408,
2218099,
2277843,
5.798456e+07,
5.298225e+07,
5144765,
1.014751e+07,
1.036712e+07,
1.059645e+07,
1.083615e+07,
1.108695e+07,
953408.1,
989741.1,
1028953,
1071400,
1117500,
3.54274e+07,
2.869749e+07,
6899263,
5288569,
5504814,
5739498,
5995083,
6274491,
1222798,
1296587,
1379853,
1474547,
1583195,
8.925466e+07,
8.378927e+07,
5625415,
1.614659e+07,
1.644654e+07,
1.675785e+07,
1.708118e+07,
1.741722e+07,
1049963,
1086226,
1125083,
1166823,
1211780,
9.57637e+07,
8.889756e+07,
7064870,
1.693882e+07,
1.734899e+07,
1.777951e+07,
1.823195e+07,
1.870801e+07,
1301712,
1355063,
1412974,
1476056,
1545033,
1.238712e+08,
9.581911e+07,
2.872543e+07,
1.862579e+07,
1.889098e+07,
1.916382e+07,
1.944467e+07,
1.973386e+07,
5409194,
5572083,
5745086,
5929177,
6125456,
2.97605e+08,
2.101004e+08,
8.941746e+07,
3.640584e+07,
3.901201e+07,
4.202009e+07,
4.55308e+07,
4.968162e+07,
1.476702e+07,
1.617652e+07,
1.788349e+07,
1.99932e+07,
2.266726e+07,
2.212945e+08,
1.138794e+08,
1.091167e+08,
2.142415e+07,
2.207934e+07,
2.277587e+07,
2.351778e+07,
2.430965e+07,
1.975684e+07,
2.073874e+07,
2.182335e+07,
2.302767e+07,
2.437267e+07,
2.847009e+07,
2.354087e+07,
5055906,
4590637,
4648662,
4708174,
4769229,
4831888,
955869.3,
982747.6,
1011181,
1041309,
1073287,
1.606114e+08,
1.453037e+08,
1.57392e+07,
2.767461e+07,
2.835074e+07,
2.906073e+07,
2.98072e+07,
3.059304e+07,
2898070,
3017796,
3147841,
3289599,
3444726,
4.680182e+07,
3.822216e+07,
8797376,
7560965,
7602470,
7644432,
7686861,
7729763,
1690609,
1724355,
1759475,
1796056,
1834190,
4.147998e+07,
3.510864e+07,
6539067,
6884897,
6952639,
7021728,
7092204,
7164108,
1244378,
1275307,
1307813,
1342020,
1378064,
2.082926e+07,
1.779422e+07,
3115698,
3541728,
3550266,
3558844,
3567464,
3576127,
603123.4,
612968.1,
623139.6,
633654.4,
644530,
4.800965e+07,
3.354367e+07,
1.477888e+07,
6652721,
6680610,
6708734,
6737096,
6765699,
2846634,
2900179,
2955776,
3013547,
3073621,
6.056416e+07,
5.324754e+07,
7516888,
1.027521e+07,
1.045901e+07,
1.064951e+07,
1.084708e+07,
1.105211e+07,
1404661,
1452344,
1503378,
1558129,
1617018,
1.71772e+08,
1.452446e+08,
2.7225e+07,
2.844329e+07,
2.874292e+07,
2.904893e+07,
2.936152e+07,
2.968092e+07,
5172626,
5305319,
5445000,
5592235,
5747654,
6.37247e+08,
3.929405e+08,
2.489584e+08,
7.643189e+07,
7.7495e+07,
7.85881e+07,
7.971249e+07,
8.08695e+07,
4.686972e+07,
4.828654e+07,
4.979168e+07,
5.139368e+07,
5.310219e+07,
3.049481e+07,
2.734317e+07,
3239668,
5398224,
5433201,
5468634,
5504533,
5540905,
621451.7,
634416.3,
647933.5,
662039.2,
676772.8,
5.019922e+08,
3.830708e+08,
1.217365e+08,
7.442349e+07,
7.550293e+07,
7.661414e+07,
7.775855e+07,
7.893768e+07,
2.290831e+07,
2.360589e+07,
2.43473e+07,
2.513679e+07,
2.597919e+07,
1.925308e+08,
1.346013e+08,
5.918335e+07,
2.630023e+07,
2.660663e+07,
2.692025e+07,
2.724136e+07,
2.757022e+07,
1.120579e+07,
1.15126e+07,
1.183667e+07,
1.217952e+07,
1.254282e+07,
1.112211e+08,
7.838177e+07,
3.355598e+07,
1.479676e+07,
1.522386e+07,
1.567635e+07,
1.615657e+07,
1.666714e+07,
6107940,
6395374,
6711196,
7059830,
7446671,
4.364938e+07,
3.695408e+07,
6871591,
7260056,
7324853,
7390817,
7457980,
7526374,
1310399,
1341598,
1374318,
1408675,
1444793,
1.610774e+07,
1.506818e+07,
1069893,
2876991,
2943728,
3013636,
3086944,
3163908,
197596.2,
205461.3,
213978.5,
223232.4,
233322.8,
2.78895e+08,
1.677238e+08,
1.132348e+08,
3.231122e+07,
3.291644e+07,
3.354476e+07,
3.419755e+07,
3.487624e+07,
2.108085e+07,
2.183586e+07,
2.264696e+07,
2.352064e+07,
2.446443e+07,
1.501418e+08,
9.498087e+07,
5.623904e+07,
1.829494e+07,
1.863897e+07,
1.899618e+07,
1.936735e+07,
1.975331e+07,
1.047036e+07,
1.084517e+07,
1.124781e+07,
1.16815e+07,
1.214997e+07,
3.648432e+09,
2.671913e+09,
9.969295e+08,
5.1292e+08,
5.232993e+08,
5.343825e+08,
5.462915e+08,
5.591869e+08,
1.843467e+08,
1.915039e+08,
1.993859e+08,
2.081508e+08,
2.180229e+08,
2059, 
1.849129e+07,
1.727927e+07,
1247340,
3376201,
3415564,
3455855,
3497108,
3539358,
236508.8,
242815.6,
249468,
256495.1,
263929.6,
1.686531e+08,
1.583229e+08,
1.063256e+07,
3.103608e+07,
3.134718e+07,
3.166459e+07,
3.198849e+07,
3.231908e+07,
2023641,
2073802,
2126513,
2181973,
2240403,
5.817926e+07,
5.324353e+07,
5076510,
1.020083e+07,
1.041996e+07,
1.064871e+07,
1.088772e+07,
1.113772e+07,
941112.8,
976800.8,
1015302,
1056963,
1102189,
3.555675e+07,
2.887075e+07,
6854659,
5323207,
5539517,
5774150,
6029539,
6308565,
1215614,
1288609,
1370932,
1464490,
1571754,
8.920844e+07,
8.379538e+07,
5571663,
1.615277e+07,
1.645034e+07,
1.675908e+07,
1.707963e+07,
1.741268e+07,
1040301,
1076045,
1114333,
1155445,
1199708,
9.59432e+07,
8.917383e+07,
6965556,
1.699484e+07,
1.740467e+07,
1.783477e+07,
1.828665e+07,
1.876203e+07,
1283714,
1336177,
1393111,
1455113,
1522891,
1.254529e+08,
9.737022e+07,
2.875913e+07,
1.894942e+07,
1.920815e+07,
1.947404e+07,
1.97474e+07,
2.002854e+07,
5422879,
5582511,
5751826,
5931733,
6123257,
3.049824e+08,
2.162772e+08,
9.065336e+07,
3.756492e+07,
4.020984e+07,
4.325543e+07,
4.680019e+07,
5.097779e+07,
1.501163e+07,
1.642438e+07,
1.813067e+07,
2.023259e+07,
2.288577e+07,
2.257755e+08,
1.172491e+08,
1.102616e+08,
2.209366e+07,
2.275155e+07,
2.344982e+07,
2.419231e+07,
2.498336e+07,
2.000172e+07,
2.097702e+07,
2.205231e+07,
2.32438e+07,
2.457139e+07,
2.852951e+07,
2.364938e+07,
5005876,
4613620,
4671025,
4729877,
4790230,
4852143,
946851.2,
973255.8,
1001175,
1030744,
1062112,
1.605442e+08,
1.45475e+08,
1.549474e+07,
2.77027e+07,
2.838178e+07,
2.909499e+07,
2.984498e+07,
3.063465e+07,
2852553,
2970650,
3098947,
3238827,
3391931,
4.646591e+07,
3.804074e+07,
8639495,
7521515,
7564584,
7608149,
7652219,
7696803,
1659387,
1692950,
1727899,
1764322,
1802313,
4.150695e+07,
3.521192e+07,
6461127,
6906326,
6973691,
7042384,
7112444,
7183911,
1229800,
1260240,
1292225,
1325877,
1361327,
2.069113e+07,
1.771689e+07,
3053465,
3525087,
3534209,
3543378,
3552596,
3561861,
590842.7,
600603.8,
610692.9,
621126.8,
631923.3,
4.85071e+07,
3.406085e+07,
1.476033e+07,
6761062,
6786520,
6812170,
6838015,
6864056,
2845913,
2898018,
2952067,
3008169,
3066446,
6.037046e+07,
5.318512e+07,
7382426,
1.025952e+07,
1.044486e+07,
1.063703e+07,
1.083639e+07,
1.104337e+07,
1378991,
1426074,
1476485,
1530591,
1588814,
1.736271e+08,
1.471079e+08,
2.721808e+07,
2.883472e+07,
2.912519e+07,
2.942157e+07,
2.972405e+07,
3.003281e+07,
5176820,
5306867,
5443616,
5587599,
5739405,
6.419396e+08,
3.990386e+08,
2.475644e+08,
7.770918e+07,
7.874447e+07,
7.980772e+07,
8.090007e+07,
8.202274e+07,
4.667168e+07,
4.805031e+07,
4.951288e+07,
5.106728e+07,
5.272244e+07,
3.022229e+07,
2.714084e+07,
3167659,
5357464,
5392584,
5428168,
5464224,
5500762,
607537.9,
620262.7,
633531.8,
647381.1,
661849.5,
4.972858e+08,
3.80906e+08,
1.191453e+08,
7.398798e+07,
7.506858e+07,
7.618121e+07,
7.732731e+07,
7.850844e+07,
2.241591e+07,
2.310089e+07,
2.382906e+07,
2.460462e+07,
2.543237e+07,
1.926587e+08,
1.354372e+08,
5.846699e+07,
2.646212e+07,
2.677113e+07,
2.708744e+07,
2.741132e+07,
2.774303e+07,
1.106973e+07,
1.137302e+07,
1.16934e+07,
1.203235e+07,
1.239154e+07,
1.11558e+08,
7.896412e+07,
3.33083e+07,
1.491427e+07,
1.534098e+07,
1.579282e+07,
1.627209e+07,
1.678136e+07,
6066512,
6350171,
6661659,
7005281,
7386281,
4.328231e+07,
3.673678e+07,
6718329,
7214103,
7280120,
7347357,
7415847,
7485625,
1280526,
1311336,
1343666,
1377630,
1413356,
1.618753e+07,
1.516115e+07,
1056360,
2895010,
2962031,
3032230,
3105836,
3183106,
195118.9,
202874.4,
211271.9,
220394.7,
230340.8,
2.844099e+08,
1.723082e+08,
1.141982e+08,
3.326774e+07,
3.385417e+07,
3.446164e+07,
3.509131e+07,
3.574442e+07,
2.131483e+07,
2.20509e+07,
2.283964e+07,
2.36869e+07,
2.459944e+07,
1.538171e+08,
9.790005e+07,
5.701672e+07,
1.889472e+07,
1.923126e+07,
1.958001e+07,
1.994164e+07,
2.031688e+07,
1.063965e+07,
1.100827e+07,
1.140335e+07,
1.182784e+07,
1.228515e+07,
3.673847e+09,
2.699623e+09,
9.946801e+08,
5.18519e+08,
5.28874e+08,
5.399246e+08,
5.517896e+08,
5.646251e+08,
1.841198e+08,
1.911749e+08,
1.98936e+08,
2.075555e+08,
2.172483e+08,
2060, 
1.851141e+07,
1.732277e+07,
1223335,
3383733,
3423666,
3464554,
3506430,
3549330,
231883.5,
238103.8,
244667.1,
251602.4,
258942.3,
1.693668e+08,
1.592082e+08,
1.045648e+07,
3.121674e+07,
3.152609e+07,
3.184164e+07,
3.216357e+07,
3.249207e+07,
1990663,
2039739,
2091296,
2145527,
2202646,
5.837475e+07,
5.350606e+07,
5007785,
1.025442e+07,
1.047306e+07,
1.070121e+07,
1.093953e+07,
1.118871e+07,
928721.3,
963764.9,
1001557,
1042434,
1086789,
3.568681e+07,
2.904503e+07,
6809728,
5358071,
5574435,
5809007,
6064188,
6342818,
1208363,
1280566,
1361946,
1454371,
1560254,
8.916206e+07,
8.380126e+07,
5517958,
1.615891e+07,
1.645409e+07,
1.676025e+07,
1.707803e+07,
1.740809e+07,
1030641,
1065870,
1103592,
1144082,
1187656,
9.612319e+07,
8.94509e+07,
6865900,
1.705104e+07,
1.746053e+07,
1.789018e+07,
1.834151e+07,
1.88162e+07,
1265645,
1317221,
1373180,
1434104,
1500686,
1.270575e+08,
9.894704e+07,
2.878991e+07,
1.927885e+07,
1.953079e+07,
1.978941e+07,
2.005496e+07,
2.032774e+07,
5436057,
5592391,
5757982,
5933679,
6120435,
3.125027e+08,
2.226012e+08,
9.188486e+07,
3.875528e+07,
4.143822e+07,
4.452025e+07,
4.809758e+07,
5.230005e+07,
1.525688e+07,
1.667221e+07,
1.837697e+07,
2.047008e+07,
2.310127e+07,
2.303367e+08,
1.207012e+08,
1.114046e+08,
2.278096e+07,
2.344091e+07,
2.414025e+07,
2.488259e+07,
2.567204e+07,
2.024726e+07,
2.121546e+07,
2.228091e+07,
2.345904e+07,
2.476871e+07,
2.858925e+07,
2.375836e+07,
4955690,
4636715,
4693489,
4751672,
4811314,
4872474,
937795.2,
963729,
991137.9,
1020152,
1050915,
1.604772e+08,
1.45646e+08,
1.525059e+07,
2.773073e+07,
2.841277e+07,
2.91292e+07,
2.98827e+07,
3.067622e+07,
2807111,
2923573,
3050118,
3188113,
3339186,
4.613166e+07,
3.785928e+07,
8483353,
7482087,
7526704,
7571855,
7617552,
7663803,
1628530,
1661902,
1696671,
1732925,
1770763,
4.153399e+07,
3.531532e+07,
6383150,
6927786,
6994771,
7063063,
7132702,
7203728,
1215209,
1245163,
1276630,
1309729,
1344590,
2.05535e+07,
1.763942e+07,
2991888,
3508428,
3518130,
3527885,
3537694,
3547558,
578698.5,
588373.6,
598377.6,
608727.6,
619442.1,
4.901062e+07,
3.458553e+07,
1.474029e+07,
6871088,
6894021,
6917107,
6940348,
6963746,
2844906,
2895564,
2948058,
3002492,
3058973,
6.017739e+07,
5.312248e+07,
7248821,
1.024379e+07,
1.043067e+07,
1.06245e+07,
1.082566e+07,
1.103459e+07,
1353501,
1399980,
1449764,
1503220,
1560768,
1.755037e+08,
1.489954e+08,
2.720825e+07,
2.923167e+07,
2.951265e+07,
2.979909e+07,
3.009114e+07,
3.038897e+07,
5180475,
5307852,
5441651,
5582370,
5730560,
6.46705e+08,
4.052227e+08,
2.461562e+08,
7.900644e+07,
8.001252e+07,
8.104454e+07,
8.210353e+07,
8.319057e+07,
4.647052e+07,
4.781106e+07,
4.923124e+07,
5.073838e+07,
5.234071e+07,
2.995012e+07,
2.693804e+07,
3096482,
5316625,
5351881,
5387608,
5423815,
5460512,
593788.1,
606274.1,
619296.4,
632890.4,
647094.6,
4.925847e+08,
3.787167e+08,
1.165842e+08,
7.354785e+07,
7.462946e+07,
7.574335e+07,
7.6891e+07,
7.807395e+07,
2.192938e+07,
2.260183e+07,
2.331683e+07,
2.407855e+07,
2.48917e+07,
1.927867e+08,
1.362731e+08,
5.775065e+07,
2.662398e+07,
2.693561e+07,
2.725462e+07,
2.758127e+07,
2.791585e+07,
1.093368e+07,
1.123345e+07,
1.155013e+07,
1.188518e+07,
1.224025e+07,
1.118969e+08,
7.954965e+07,
3.305951e+07,
1.503252e+07,
1.545878e+07,
1.590993e+07,
1.63882e+07,
1.689612e+07,
6024837,
6304733,
6611902,
6950536,
7325728,
4.291687e+07,
3.65192e+07,
6567004,
7168135,
7235351,
7303840,
7373638,
7444784,
1251051,
1281468,
1313401,
1346966,
1382291,
1.626743e+07,
1.52544e+07,
1042658,
2913085,
2980390,
3050879,
3124784,
3202357,
192609.8,
200254.7,
208531.6,
217522.1,
227322.8,
2.900698e+08,
1.77028e+08,
1.151717e+08,
3.425487e+07,
3.482073e+07,
3.540561e+07,
3.601047e+07,
3.663635e+07,
2.155197e+07,
2.226851e+07,
2.303433e+07,
2.385471e+07,
2.473568e+07,
1.57579e+08,
1.009022e+08,
5.779833e+07,
1.9513e+07,
1.98411e+07,
2.018043e+07,
2.053157e+07,
2.089514e+07,
1.081049e+07,
1.117253e+07,
1.155967e+07,
1.197459e+07,
1.242041e+07,
3.699856e+09,
2.72791e+09,
9.924492e+08,
5.242468e+08,
5.345708e+08,
5.455819e+08,
5.573958e+08,
5.701638e+08,
1.839007e+08,
1.908516e+08,
1.984898e+08,
2.06962e+08,
2.164738e+08,
2061, 
1.852654e+07,
1.735742e+07,
1203286,
3389511,
3430008,
3471483,
3513974,
3557518,
228008.7,
234162.2,
240657.1,
247522.5,
254791.2,
1.700791e+08,
1.600592e+08,
1.031405e+07,
3.139126e+07,
3.169851e+07,
3.201184e+07,
3.233142e+07,
3.265745e+07,
1964108,
2012249,
2062810,
2115978,
2171958,
5.852546e+07,
5.371498e+07,
4948104,
1.029769e+07,
1.051563e+07,
1.0743e+07,
1.098041e+07,
1.122856e+07,
917987.9,
952459.3,
989620.6,
1029799,
1073379,
3.575596e+07,
2.915867e+07,
6764456,
5380680,
5597134,
5831734,
6086861,
6365331,
1200761,
1272295,
1352891,
1444389,
1549162,
8.900226e+07,
8.369063e+07,
5467407,
1.614126e+07,
1.643428e+07,
1.673813e+07,
1.705343e+07,
1.738083e+07,
1021468,
1056249,
1093481,
1133435,
1176419,
9.614349e+07,
8.956034e+07,
6774378,
1.707251e+07,
1.748221e+07,
1.791207e+07,
1.836359e+07,
1.883847e+07,
1248832,
1299694,
1354876,
1414950,
1480599,
1.284325e+08,
1.003043e+08,
2.881008e+07,
1.956396e+07,
1.980929e+07,
2.006085e+07,
2.031888e+07,
2.058364e+07,
5446534,
5599835,
5762016,
5933871,
6116293,
3.195393e+08,
2.284854e+08,
9.307059e+07,
3.986165e+07,
4.258036e+07,
4.569708e+07,
4.930608e+07,
5.353402e+07,
1.549012e+07,
1.690904e+07,
1.861412e+07,
2.070164e+07,
2.331651e+07,
2.343466e+08,
1.238392e+08,
1.123058e+08,
2.340429e+07,
2.406677e+07,
2.476784e+07,
2.551098e+07,
2.630009e+07,
2.044286e+07,
2.140454e+07,
2.246117e+07,
2.362754e+07,
2.492167e+07,
2.859988e+07,
2.381657e+07,
4907151,
4649300,
4705616,
4763313,
4822443,
4883059,
928900.1,
954443,
981430.2,
1009988,
1040258,
1.604093e+08,
1.457809e+08,
1.504266e+07,
2.77537e+07,
2.843765e+07,
2.915617e+07,
2.991195e+07,
3.070794e+07,
2768553,
2883558,
3008532,
3144829,
3294062,
4.582147e+07,
3.768098e+07,
8348532,
7444254,
7489944,
7536197,
7583025,
7630439,
1602023,
1635165,
1669706,
1705739,
1743361,
4.150472e+07,
3.5364e+07,
6303476,
6938064,
7004784,
7072800,
7142150,
7212874,
1200198,
1229703,
1260695,
1293290,
1327615,
2.0437e+07,
1.757435e+07,
2939236,
3494846,
3504830,
3514871,
3524969,
3535125,
568400.7,
577960.3,
587847.1,
598077.9,
608671.3,
4.94462e+07,
3.504143e+07,
1.47209e+07,
6967315,
6987741,
7008287,
7028955,
7049743,
2843867,
2893154,
2944180,
2997038,
3051828,
5.998469e+07,
5.304268e+07,
7133161,
1.02256e+07,
1.041355e+07,
1.060854e+07,
1.081096e+07,
1.102127e+07,
1331502,
1377427,
1426632,
1479484,
1536402,
1.770423e+08,
1.505538e+08,
2.718916e+07,
2.956152e+07,
2.983362e+07,
3.011076e+07,
3.039311e+07,
3.06808e+07,
5181722,
5306688,
5437831,
5575621,
5720574,
6.503963e+08,
4.105005e+08,
2.445735e+08,
8.01203e+07,
8.109812e+07,
8.21001e+07,
8.312716e+07,
8.418023e+07,
4.622931e+07,
4.753411e+07,
4.891469e+07,
5.037788e+07,
5.193129e+07,
2.968589e+07,
2.673398e+07,
3034727,
5276254,
5311291,
5346796,
5382780,
5419250,
581937.4,
594178.4,
606945.4,
620273.1,
634199.3,
4.876871e+08,
3.760788e+08,
1.142788e+08,
7.302123e+07,
7.410226e+07,
7.521576e+07,
7.636325e+07,
7.75463e+07,
2.149122e+07,
2.215249e+07,
2.285575e+07,
2.360513e+07,
2.440531e+07,
1.925856e+08,
1.367772e+08,
5.703596e+07,
2.671736e+07,
2.703263e+07,
2.735544e+07,
2.768605e+07,
2.802475e+07,
1.079622e+07,
1.10933e+07,
1.140719e+07,
1.173937e+07,
1.209147e+07,
1.121017e+08,
7.998806e+07,
3.28234e+07,
1.512206e+07,
1.554752e+07,
1.599761e+07,
1.647454e+07,
1.698078e+07,
5984945,
6261422,
6564679,
6898807,
7268771,
4.254028e+07,
3.627971e+07,
6426659,
7118030,
7186325,
7255943,
7326923,
7399306,
1223719,
1253769,
1285332,
1318525,
1353477,
1.633392e+07,
1.53324e+07,
1030848,
2928127,
2995707,
3066480,
3140677,
3218555,
190440.3,
197993,
206169.6,
215050.5,
224731.1,
2.951406e+08,
1.812977e+08,
1.160023e+08,
3.515052e+07,
3.569641e+07,
3.625953e+07,
3.68407e+07,
3.74408e+07,
2.175738e+07,
2.245576e+07,
2.320046e+07,
2.399625e+07,
2.484857e+07,
1.608415e+08,
1.035498e+08,
5.843164e+07,
2.005611e+07,
2.03778e+07,
2.070997e+07,
2.105315e+07,
2.14079e+07,
1.094867e+07,
1.130548e+07,
1.168633e+07,
1.209373e+07,
1.253056e+07,
3.72091e+09,
2.751563e+09,
9.898802e+08,
5.290474e+08,
5.3934e+08,
5.503126e+08,
5.620784e+08,
5.74785e+08,
1.835897e+08,
1.904471e+08,
1.97976e+08,
2.063182e+08,
2.156719e+08,
2062, 
1.854162e+07,
1.739205e+07,
1183204,
3395285,
3436345,
3478411,
3521519,
3565709,
224130.4,
230215.8,
236640.9,
243434.9,
250630.5,
1.707938e+08,
1.609139e+08,
1.017029e+07,
3.156659e+07,
3.187171e+07,
3.218277e+07,
3.249998e+07,
3.282349e+07,
1937285,
1984493,
2034059,
2086164,
2141009,
5.867673e+07,
5.392473e+07,
4888124,
1.034114e+07,
1.055838e+07,
1.078495e+07,
1.102145e+07,
1.126855e+07,
907191.3,
941092,
977624.7,
1017108,
1059915,
3.582536e+07,
2.927269e+07,
6719037,
5403372,
5619915,
5854538,
6109605,
6387909,
1193128,
1263993,
1343808,
1434381,
1538046,
8.884202e+07,
8.357946e+07,
5416988,
1.61235e+07,
1.641436e+07,
1.671589e+07,
1.702872e+07,
1.735347e+07,
1012315,
1046651,
1083398,
1122819,
1165217,
9.616381e+07,
8.966978e+07,
6682857,
1.709398e+07,
1.75039e+07,
1.793396e+07,
1.838568e+07,
1.886075e+07,
1232019,
1282167,
1336571,
1395797,
1460515,
1.298256e+08,
1.016815e+08,
2.882825e+07,
1.98536e+07,
2.009205e+07,
2.03363e+07,
2.058656e+07,
2.084305e+07,
5456663,
5606903,
5765650,
5933648,
6111731,
3.266955e+08,
2.344928e+08,
9.425275e+07,
4.099422e+07,
4.374807e+07,
4.689855e+07,
5.0538e+07,
5.478983e+07,
1.57239e+07,
1.714585e+07,
1.885055e+07,
2.093165e+07,
2.352927e+07,
2.384172e+08,
1.270432e+08,
1.132019e+08,
2.404185e+07,
2.470636e+07,
2.540863e+07,
2.615201e+07,
2.694019e+07,
2.063817e+07,
2.159296e+07,
2.264038e+07,
2.37946e+07,
2.507283e+07,
2.861056e+07,
2.387481e+07,
4858609,
4661901,
4717755,
4774963,
4833575,
4893645,
919998.8,
945153.3,
971721.8,
999827.3,
1029607,
1.603414e+08,
1.459155e+08,
1.483499e+07,
2.777662e+07,
2.846249e+07,
2.91831e+07,
2.994115e+07,
3.073963e+07,
2730052,
2843597,
2966998,
3101594,
3248983,
4.551239e+07,
3.750252e+07,
8215008,
7406412,
7453160,
7500503,
7548452,
7597017,
1575785,
1608692,
1643002,
1678807,
1716207,
4.147539e+07,
3.541248e+07,
6223946,
6948303,
7014758,
7082496,
7151556,
7221975,
1185210,
1214269,
1244789,
1276883,
1310676,
2.032068e+07,
1.750902e+07,
2887038,
3481218,
3491481,
3501805,
3512189,
3522636,
558194.9,
567638.7,
577407.7,
587518.7,
597990.2,
4.988681e+07,
3.550336e+07,
1.470049e+07,
7064905,
7082743,
7100672,
7118692,
7136802,
2842632,
2890544,
2940097,
2991380,
3044483,
5.979247e+07,
5.296265e+07,
7018196,
1.020737e+07,
1.039639e+07,
1.059253e+07,
1.079622e+07,
1.100789e+07,
1309645,
1355014,
1403639,
1455884,
1512168,
1.785968e+08,
1.521299e+08,
2.716814e+07,
2.989542e+07,
3.015837e+07,
3.042599e+07,
3.06984e+07,
3.097573e+07,
5182608,
5305150,
5433628,
5568483,
5710202,
6.541396e+08,
4.158397e+08,
2.429806e+08,
8.124869e+07,
8.219712e+07,
8.316795e+07,
8.416199e+07,
8.518008e+07,
4.598569e+07,
4.725488e+07,
4.859612e+07,
5.001573e+07,
5.152077e+07,
2.942159e+07,
2.652925e+07,
2973593,
5235752,
5270568,
5305850,
5341608,
5377850,
570206.2,
582204.5,
594718.6,
607782.4,
621433.1,
4.827958e+08,
3.73422e+08,
1.119988e+08,
7.249114e+07,
7.357142e+07,
7.468441e+07,
7.583157e+07,
7.701454e+07,
2.105801e+07,
2.170817e+07,
2.239975e+07,
2.313685e+07,
2.39241e+07,
1.923848e+08,
1.372792e+08,
5.632346e+07,
2.681028e+07,
2.712923e+07,
2.745585e+07,
2.779043e+07,
2.813327e+07,
1.065922e+07,
1.09536e+07,
1.126469e+07,
1.159397e+07,
1.194309e+07,
1.123077e+08,
8.042804e+07,
3.258678e+07,
1.521199e+07,
1.563661e+07,
1.608561e+07,
1.656116e+07,
1.706568e+07,
5944926,
6217995,
6517357,
6847003,
7211772,
4.216534e+07,
3.604013e+07,
6288076,
7067949,
7137300,
7208027,
7280169,
7353770,
1196749,
1226427,
1257615,
1290431,
1325005,
1.640048e+07,
1.541058e+07,
1018916,
2943205,
3011058,
3082115,
3156606,
3234787,
188247.9,
195707.7,
203783.2,
212553.7,
222113.2,
3.003331e+08,
1.85681e+08,
1.168411e+08,
3.607193e+07,
3.659633e+07,
3.71362e+07,
3.769223e+07,
3.826518e+07,
2.196534e+07,
2.264507e+07,
2.336822e+07,
2.413907e+07,
2.496252e+07,
1.641655e+08,
1.062591e+08,
5.906483e+07,
2.061291e+07,
2.092749e+07,
2.125183e+07,
2.158638e+07,
2.193163e+07,
1.108736e+07,
1.143867e+07,
1.181297e+07,
1.221259e+07,
1.26402e+07,
3.742432e+09,
2.77567e+09,
9.87326e+08,
5.339495e+08,
5.442054e+08,
5.551339e+08,
5.668459e+08,
5.794851e+08,
1.832847e+08,
1.900471e+08,
1.974652e+08,
2.05676e+08,
2.148705e+08,
2063, 
1.855666e+07,
1.742667e+07,
1163098,
3401049,
3442675,
3485334,
3529062,
3573902,
220249.8,
226265.7,
232619.5,
239340.4,
246461.3,
1.715108e+08,
1.617722e+08,
1.002517e+07,
3.174273e+07,
3.204567e+07,
3.235444e+07,
3.266922e+07,
3.299019e+07,
1910186,
1956461,
2005034,
2056079,
2109792,
5.882858e+07,
5.413537e+07,
4827846,
1.038479e+07,
1.060132e+07,
1.082707e+07,
1.106265e+07,
1.130871e+07,
896331.6,
929663,
965569.1,
1004360,
1046399,
3.5895e+07,
2.938709e+07,
6673468,
5426152,
5642777,
5877419,
6132420,
6410553,
1185463,
1255660,
1334694,
1424344,
1526906,
8.868136e+07,
8.346773e+07,
5366692,
1.610563e+07,
1.639432e+07,
1.669355e+07,
1.70039e+07,
1.732601e+07,
1003180,
1037074,
1073338,
1112231,
1154048,
9.618413e+07,
8.977924e+07,
6591321,
1.711546e+07,
1.752558e+07,
1.795585e+07,
1.840777e+07,
1.888303e+07,
1215201,
1264636,
1318264,
1376642,
1440430,
1.31237e+08,
1.030792e+08,
2.884437e+07,
2.014787e+07,
2.037917e+07,
2.061583e+07,
2.085806e+07,
2.110604e+07,
5466434,
5613584,
5768875,
5933002,
6106742,
3.339743e+08,
2.406266e+08,
9.543128e+07,
4.215375e+07,
4.494203e+07,
4.812531e+07,
5.179391e+07,
5.606798e+07,
1.595822e+07,
1.738263e+07,
1.908626e+07,
2.11601e+07,
2.373955e+07,
2.425498e+08,
1.303147e+08,
1.140927e+08,
2.469397e+07,
2.535999e+07,
2.606293e+07,
2.680595e+07,
2.759259e+07,
2.083317e+07,
2.178071e+07,
2.281854e+07,
2.396022e+07,
2.522217e+07,
2.862129e+07,
2.39331e+07,
4810073,
4674517,
4729904,
4786620,
4844712,
4904232,
911093.6,
935861.9,
962014.6,
989670.8,
1018964,
1.602736e+08,
1.460499e+08,
1.462759e+07,
2.779948e+07,
2.848729e+07,
2.920998e+07,
2.997031e+07,
3.077127e+07,
2691607,
2803692,
2925518,
3058411,
3203952,
4.520442e+07,
3.732388e+07,
8082770,
7368560,
7416356,
7464776,
7513833,
7563539,
1549814,
1582481,
1616554,
1652127,
1689300,
4.1446e+07,
3.546076e+07,
6144561,
6958506,
7024693,
7092151,
7160918,
7231031,
1170246,
1198862,
1228912,
1260508,
1293771,
2.020454e+07,
1.744343e+07,
2835294,
3467541,
3478081,
3488685,
3499354,
3510088,
548080.7,
557408.3,
567058.8,
577049.4,
587398.4,
5.033252e+07,
3.597138e+07,
1.467905e+07,
7163877,
7179044,
7194277,
7209574,
7224937,
2841200,
2887730,
2935810,
2985517,
3036937,
5.96007e+07,
5.28824e+07,
6903928,
1.018911e+07,
1.037918e+07,
1.057648e+07,
1.078142e+07,
1.099447e+07,
1287932,
1332743,
1380786,
1432421,
1488069,
1.801674e+08,
1.537241e+08,
2.714514e+07,
3.023343e+07,
3.048698e+07,
3.074482e+07,
3.100706e+07,
3.127382e+07,
5183119,
5303225,
5429029,
5560946,
5699434,
6.579361e+08,
4.212418e+08,
2.413774e+08,
8.239194e+07,
8.330982e+07,
8.424836e+07,
8.52083e+07,
8.619036e+07,
4.573958e+07,
4.697333e+07,
4.827548e+07,
4.965188e+07,
5.110907e+07,
2.915724e+07,
2.632385e+07,
2913079,
5195121,
5229714,
5264771,
5300302,
5336315,
558594.3,
570352.3,
582615.8,
595418.3,
608796.3,
4.779106e+08,
3.707464e+08,
1.09744e+08,
7.195759e+07,
7.303701e+07,
7.414928e+07,
7.529597e+07,
7.647868e+07,
2.062973e+07,
2.126883e+07,
2.19488e+07,
2.267367e+07,
2.344806e+07,
1.921841e+08,
1.377792e+08,
5.561309e+07,
2.690276e+07,
2.722538e+07,
2.755583e+07,
2.78944e+07,
2.824139e+07,
1.052269e+07,
1.081434e+07,
1.112262e+07,
1.144899e+07,
1.179509e+07,
1.125147e+08,
8.086962e+07,
3.234967e+07,
1.530232e+07,
1.572605e+07,
1.617393e+07,
1.664806e+07,
1.715083e+07,
5904776,
6174449,
6469935,
6795123,
7154729,
4.179202e+07,
3.580045e+07,
6151246,
7017888,
7088277,
7160091,
7233375,
7308175,
1170138,
1199441,
1230249,
1262682,
1296871,
1.64671e+07,
1.548893e+07,
1006863,
2958319,
3026447,
3097787,
3172571,
3251056,
186033,
193399.2,
201372.7,
210031.9,
219469.4,
3.056514e+08,
1.90182e+08,
1.176884e+08,
3.702006e+07,
3.752135e+07,
3.803641e+07,
3.856581e+07,
3.911015e+07,
2.217595e+07,
2.283654e+07,
2.353769e+07,
2.428326e+07,
2.507761e+07,
1.675525e+08,
1.090318e+08,
5.969792e+07,
2.118379e+07,
2.149057e+07,
2.180636e+07,
2.213156e+07,
2.246661e+07,
1.122655e+07,
1.15721e+07,
1.193958e+07,
1.233118e+07,
1.274933e+07,
3.764434e+09,
2.800242e+09,
9.84786e+08,
5.389562e+08,
5.491697e+08,
5.600483e+08,
5.717005e+08,
5.842659e+08,
1.829856e+08,
1.896515e+08,
1.969572e+08,
2.050352e+08,
2.140693e+08,
2064, 
1.857166e+07,
1.746127e+07,
1142958,
3406807,
3449001,
3492254,
3536604,
3582096,
216365.5,
222310.6,
228591.7,
235238,
242282.4,
1.722303e+08,
1.626343e+08,
9878679,
3.19197e+07,
3.222042e+07,
3.252686e+07,
3.283918e+07,
3.315757e+07,
1882812,
1928155,
1975736,
2025724,
2078308,
5.898104e+07,
5.434687e+07,
4767279,
1.042864e+07,
1.064444e+07,
1.086937e+07,
1.110402e+07,
1.134901e+07,
885410.9,
918174.4,
953455.9,
991557.1,
1032830,
3.596487e+07,
2.950188e+07,
6627748,
5449016,
5665721,
5900375,
6155307,
6433262,
1177766,
1247296,
1325550,
1414280,
1515741,
8.852026e+07,
8.335545e+07,
5316528,
1.608764e+07,
1.637417e+07,
1.667109e+07,
1.697897e+07,
1.729845e+07,
994064.9,
1027520,
1063306,
1101674,
1142914,
9.620448e+07,
8.988872e+07,
6499791,
1.713694e+07,
1.754728e+07,
1.797775e+07,
1.842986e+07,
1.890531e+07,
1198383,
1247106,
1299958,
1357489,
1420347,
1.326672e+08,
1.044976e+08,
2.885843e+07,
2.044686e+07,
2.067072e+07,
2.089953e+07,
2.113346e+07,
2.137268e+07,
5475843,
5619873,
5771686,
5931928,
6101322,
3.41379e+08,
2.4689e+08,
9.660614e+07,
4.334095e+07,
4.616294e+07,
4.9378e+07,
5.307443e+07,
5.736906e+07,
1.619307e+07,
1.761938e+07,
1.932123e+07,
2.138698e+07,
2.394735e+07,
2.467459e+08,
1.336551e+08,
1.149781e+08,
2.536099e+07,
2.6028e+07,
2.673103e+07,
2.74731e+07,
2.825754e+07,
2.102786e+07,
2.196776e+07,
2.299562e+07,
2.412438e+07,
2.536968e+07,
2.863204e+07,
2.399142e+07,
4761529,
4687148,
4742065,
4798284,
4855852,
4914818,
902181.3,
926566.2,
952305.8,
979516.4,
1008328,
1.602058e+08,
1.461841e+08,
1.442043e+07,
2.78223e+07,
2.851203e+07,
2.923682e+07,
2.999942e+07,
3.080287e+07,
2653216,
2763838,
2884086,
3015274,
3158965,
4.489755e+07,
3.714509e+07,
7951821,
7330702,
7379533,
7429018,
7479171,
7530007,
1524111,
1556533,
1590364,
1625699,
1662640,
4.141656e+07,
3.550882e+07,
6065316,
6968671,
7034588,
7101765,
7170238,
7240042,
1155305,
1183480,
1213063,
1244163,
1276901,
2.00886e+07,
1.737758e+07,
2784001,
3453820,
3464634,
3475516,
3486467,
3497486,
538057.6,
547268.4,
556800.1,
566669.7,
576895.5,
5.078345e+07,
3.644564e+07,
1.465655e+07,
7264260,
7276673,
7289129,
7301626,
7314168,
2839563,
2884708,
2931311,
2979445,
3029185,
5.940937e+07,
5.280191e+07,
6790349,
1.017081e+07,
1.036194e+07,
1.056038e+07,
1.076658e+07,
1.098098e+07,
1266359,
1310612,
1358070,
1409093,
1464101,
1.817544e+08,
1.553366e+08,
2.712016e+07,
3.057561e+07,
3.08195e+07,
3.106732e+07,
3.131916e+07,
3.157511e+07,
5183256,
5300911,
5424032,
5553008,
5688267,
6.61787e+08,
4.26708e+08,
2.397637e+08,
8.355039e+07,
8.443649e+07,
8.53416e+07,
8.626632e+07,
8.72113e+07,
4.549098e+07,
4.668943e+07,
4.795274e+07,
4.928632e+07,
5.06962e+07,
2.889281e+07,
2.611778e+07,
2853186,
5154357,
5188725,
5223556,
5258857,
5294640,
547101.7,
558621.6,
570637.2,
583181.1,
596288.6,
4.730317e+08,
3.680522e+08,
1.075145e+08,
7.142063e+07,
7.249901e+07,
7.361044e+07,
7.475647e+07,
7.593876e+07,
2.020637e+07,
2.083448e+07,
2.150289e+07,
2.221561e+07,
2.29772e+07,
1.919836e+08,
1.38277e+08,
5.490486e+07,
2.69948e+07,
2.732111e+07,
2.765541e+07,
2.799798e+07,
2.834916e+07,
1.038661e+07,
1.067553e+07,
1.098097e+07,
1.130441e+07,
1.164749e+07,
1.127229e+08,
8.131279e+07,
3.211206e+07,
1.539303e+07,
1.581585e+07,
1.626256e+07,
1.673523e+07,
1.723621e+07,
5864495,
6130786,
6422412,
6743166,
7097644,
4.142032e+07,
3.556068e+07,
6016152,
6967853,
7039256,
7112137,
7186543,
7262523,
1143882,
1172806,
1203230,
1235275,
1269074,
1.653378e+07,
1.556747e+07,
994688.5,
2973468,
3041871,
3113494,
3188572,
3267360,
183795.3,
191066.9,
198937.7,
207484.8,
216799.3,
3.111004e+08,
1.948052e+08,
1.185446e+08,
3.799591e+07,
3.847243e+07,
3.896104e+07,
3.946223e+07,
3.997648e+07,
2.238928e+07,
2.303022e+07,
2.370893e+07,
2.442886e+07,
2.519388e+07,
1.710044e+08,
1.118695e+08,
6.03309e+07,
2.176919e+07,
2.20674e+07,
2.23739e+07,
2.268903e+07,
2.301317e+07,
1.136626e+07,
1.170577e+07,
1.206618e+07,
1.244949e+07,
1.285796e+07,
3.786929e+09,
2.825293e+09,
9.822605e+08,
5.440705e+08,
5.542358e+08,
5.650586e+08,
5.766447e+08,
5.8913e+08,
1.826924e+08,
1.892602e+08,
1.964521e+08,
2.043959e+08,
2.132686e+08,
2065, 
1.858661e+07,
1.749585e+07,
1122793,
3412558,
3455321,
3499170,
3544146,
3590293,
212478.8,
218351.7,
224558.5,
231128.6,
238094.7,
1.729522e+08,
1.635001e+08,
9730835,
3.209748e+07,
3.239594e+07,
3.270001e+07,
3.300984e+07,
3.33256e+07,
1855165,
1899577,
1946167,
1995100,
2046558,
5.913406e+07,
5.455924e+07,
4706405,
1.047268e+07,
1.068775e+07,
1.091185e+07,
1.114554e+07,
1.138946e+07,
874424.7,
906621.9,
941280.9,
978695.1,
1019207,
3.603499e+07,
2.961705e+07,
6581873,
5471968,
5688747,
5923409,
6178265,
6456037,
1170037,
1238899,
1316375,
1404186,
1504551,
8.835873e+07,
8.324259e+07,
5266479,
1.606954e+07,
1.635391e+07,
1.664852e+07,
1.695394e+07,
1.727078e+07,
984966.4,
1017986,
1053296,
1091143,
1131812,
9.622483e+07,
8.999822e+07,
6408242,
1.715843e+07,
1.756897e+07,
1.799964e+07,
1.845196e+07,
1.892759e+07,
1181559,
1229570,
1281648,
1338333,
1400264,
1.341167e+08,
1.059373e+08,
2.887036e+07,
2.075067e+07,
2.09668e+07,
2.118747e+07,
2.141284e+07,
2.164305e+07,
5484877,
5625760,
5774072,
5930416,
6095462,
3.489129e+08,
2.532865e+08,
9.777726e+07,
4.455661e+07,
4.741151e+07,
5.06573e+07,
5.438017e+07,
5.869364e+07,
1.642845e+07,
1.785608e+07,
1.955545e+07,
2.16123e+07,
2.41527e+07,
2.51007e+08,
1.370662e+08,
1.15858e+08,
2.604328e+07,
2.671071e+07,
2.741324e+07,
2.815373e+07,
2.893533e+07,
2.122221e+07,
2.215411e+07,
2.317161e+07,
2.428707e+07,
2.551536e+07,
2.864284e+07,
2.404977e+07,
4712987,
4699792,
4754235,
4809954,
4866995,
4925405,
893264.1,
917267.8,
942597.4,
969365.4,
997698.4,
1.60138e+08,
1.46318e+08,
1.421354e+07,
2.784507e+07,
2.853672e+07,
2.92636e+07,
3.002849e+07,
3.083443e+07,
2614881,
2724040,
2842709,
2972188,
3114025,
4.459177e+07,
3.696613e+07,
7822144,
7292837,
7342688,
7393226,
7444464,
7496418,
1498670,
1530844,
1564429,
1599521,
1636223,
4.138706e+07,
3.555669e+07,
5986219,
6978798,
7044445,
7111338,
7179514,
7249009,
1140388,
1168125,
1197244,
1227852,
1260066,
1.997284e+07,
1.731147e+07,
2733159,
3440051,
3451137,
3462295,
3473525,
3484827,
528125.8,
537219.6,
546631.9,
556379.9,
566481.9,
5.123966e+07,
3.692622e+07,
1.463299e+07,
7366077,
7375649,
7385245,
7394867,
7404513,
2837720,
2881474,
2926599,
2973160,
3021226,
5.92185e+07,
5.272119e+07,
6677455,
1.015248e+07,
1.034465e+07,
1.054424e+07,
1.075168e+07,
1.096745e+07,
1244928,
1288620,
1335491,
1385900,
1440264,
1.83358e+08,
1.569677e+08,
2.709314e+07,
3.092204e+07,
3.1156e+07,
3.139354e+07,
3.163473e+07,
3.187965e+07,
5183004,
5298197,
5418628,
5544660,
5676695,
6.656933e+08,
4.322399e+08,
2.381391e+08,
8.472436e+07,
8.55775e+07,
8.644798e+07,
8.733636e+07,
8.824318e+07,
4.523976e+07,
4.640309e+07,
4.762782e+07,
4.891896e+07,
5.028206e+07,
2.862832e+07,
2.591104e+07,
2793912,
5113462,
5147606,
5182208,
5217279,
5252828,
535728.2,
547012.5,
558782.4,
571070,
583910.1,
4.68159e+08,
3.653392e+08,
1.053101e+08,
7.088026e+07,
7.195742e+07,
7.306784e+07,
7.421307e+07,
7.539477e+07,
1.978791e+07,
2.040509e+07,
2.106201e+07,
2.176264e+07,
2.251148e+07,
1.917832e+08,
1.387728e+08,
5.419877e+07,
2.70864e+07,
2.741642e+07,
2.775457e+07,
2.810117e+07,
2.845654e+07,
1.025099e+07,
1.053715e+07,
1.083975e+07,
1.116025e+07,
1.150027e+07,
1.129323e+08,
8.175758e+07,
3.187392e+07,
1.548414e+07,
1.590601e+07,
1.635152e+07,
1.68227e+07,
1.732184e+07,
5824079,
6087001,
6374784,
6691129,
7040511,
4.105022e+07,
3.532083e+07,
5882780,
6917843,
6990239,
7064167,
7139675,
7216814,
1117979,
1146520,
1176556,
1208208,
1241611,
1.660052e+07,
1.564619e+07,
982391.3,
2988654,
3057330,
3129237,
3204608,
3283700,
181534.5,
188711,
196478.3,
204912.3,
214103,
3.166849e+08,
1.99555e+08,
1.194101e+08,
3.900055e+07,
3.945052e+07,
3.9911e+07,
4.038235e+07,
4.086496e+07,
2.260543e+07,
2.32262e+07,
2.388202e+07,
2.457595e+07,
2.531142e+07,
1.745232e+08,
1.147742e+08,
6.096384e+07,
2.236953e+07,
2.265841e+07,
2.295485e+07,
2.325915e+07,
2.357163e+07,
1.150649e+07,
1.183969e+07,
1.219277e+07,
1.256755e+07,
1.29661e+07,
3.809932e+09,
2.850837e+09,
9.797488e+08,
5.492956e+08,
5.594067e+08,
5.701674e+08,
5.81681e+08,
5.940797e+08,
1.82405e+08,
1.888732e+08,
1.959498e+08,
2.037581e+08,
2.124681e+08,
2066, 
1.85987e+07,
1.752775e+07,
1102431,
3417770,
3461103,
3505550,
3551153,
3597957,
208556.7,
214355.6,
220486.3,
226978,
233863.5,
1.736598e+08,
1.643539e+08,
9580693,
3.227297e+07,
3.256913e+07,
3.287078e+07,
3.317807e+07,
3.349116e+07,
1827061,
1870540,
1916139,
1964016,
2014347,
5.926273e+07,
5.474944e+07,
4643276,
1.051292e+07,
1.072696e+07,
1.094989e+07,
1.118229e+07,
1.142476e+07,
863051.6,
894652.4,
928655.3,
965345,
1005053,
3.605119e+07,
2.9688e+07,
6526046,
5485794,
5702762,
5937599,
6192608,
6470505,
1160299,
1228496,
1305209,
1392142,
1491481,
8.809932e+07,
8.303735e+07,
5210799,
1.60324e+07,
1.631487e+07,
1.660747e+07,
1.691076e+07,
1.722533e+07,
974727.5,
1007316,
1042160,
1079500,
1119616,
9.611458e+07,
8.998543e+07,
6308112,
1.715442e+07,
1.756565e+07,
1.799709e+07,
1.845024e+07,
1.892681e+07,
1162983,
1210296,
1261622,
1317494,
1378544,
1.353983e+08,
1.072503e+08,
2.884023e+07,
2.1029e+07,
2.123745e+07,
2.145006e+07,
2.166698e+07,
2.188833e+07,
5485551,
5623253,
5768047,
5920495,
6081220,
3.558131e+08,
2.592612e+08,
9.873195e+07,
4.568684e+07,
4.857469e+07,
5.185224e+07,
5.56041e+07,
5.994125e+07,
1.662185e+07,
1.80499e+07,
1.974639e+07,
2.179487e+07,
2.431756e+07,
2.546529e+08,
1.401741e+08,
1.164208e+08,
2.666197e+07,
2.733117e+07,
2.803482e+07,
2.877567e+07,
2.955673e+07,
2.135183e+07,
2.227616e+07,
2.328415e+07,
2.438769e+07,
2.560103e+07,
2.860925e+07,
2.407078e+07,
4657212,
4704570,
4758733,
4814156,
4870886,
4928969,
882846.6,
906493.6,
931442.3,
957803.1,
985699.4,
1.601084e+08,
1.464865e+08,
1.401026e+07,
2.787578e+07,
2.856887e+07,
2.929731e+07,
3.006387e+07,
3.087162e+07,
2577362,
2685014,
2802052,
2929758,
3069660,
4.431286e+07,
3.680842e+07,
7698213,
7260050,
7310514,
7361684,
7413576,
7466204,
1474551,
1506394,
1539643,
1574392,
1610747,
4.132344e+07,
3.557502e+07,
5902399,
6982942,
7048354,
7115003,
7182925,
7252155,
1124533,
1151827,
1180480,
1210594,
1242285,
1.987932e+07,
1.726425e+07,
2685744,
3430592,
3441685,
3452851,
3464089,
3475401,
518955.5,
527895.4,
537148.7,
546732.3,
556663.9,
5.166492e+07,
3.738696e+07,
1.459808e+07,
7464093,
7470737,
7477391,
7484058,
7490737,
2833665,
2875998,
2919615,
2964576,
3010943,
5.903902e+07,
5.265e+07,
6566469,
1.013668e+07,
1.03296e+07,
1.053e+07,
1.073833e+07,
1.095507e+07,
1223960,
1267054,
1313294,
1363036,
1416694,
1.847277e+08,
1.584026e+08,
2.702738e+07,
3.122956e+07,
3.145343e+07,
3.168053e+07,
3.191093e+07,
3.214471e+07,
5175183,
5287823,
5405476,
5528484,
5657220,
6.688343e+08,
4.373012e+08,
2.362132e+08,
8.580359e+07,
8.6624e+07,
8.746025e+07,
8.831281e+07,
8.918214e+07,
4.49276e+07,
4.605604e+07,
4.724264e+07,
4.8492e+07,
4.980922e+07,
2.839395e+07,
2.573098e+07,
2738167,
5078526,
5112137,
5146196,
5180711,
5215693,
525113.5,
536137.1,
547633.4,
559633.6,
572171.5,
4.63384e+08,
3.626794e+08,
1.031511e+08,
7.035006e+07,
7.142626e+07,
7.253588e+07,
7.368052e+07,
7.486187e+07,
1.937806e+07,
1.998455e+07,
2.063022e+07,
2.131901e+07,
2.205538e+07,
1.913336e+08,
1.390853e+08,
5.342515e+07,
2.713927e+07,
2.747398e+07,
2.781705e+07,
2.81688e+07,
2.852956e+07,
1.010141e+07,
1.038503e+07,
1.068503e+07,
1.100288e+07,
1.134022e+07,
1.130438e+08,
8.21321e+07,
3.160761e+07,
1.556139e+07,
1.598221e+07,
1.642642e+07,
1.689603e+07,
1.739328e+07,
5778205,
6037665,
6321521,
6633385,
6977617,
4.067008e+07,
3.507084e+07,
5749481,
6866022,
6939304,
7014168,
7090665,
7168849,
1092139,
1120274,
1149896,
1181128,
1214103,
1.665529e+07,
1.571373e+07,
969271.6,
3001581,
3070542,
3142746,
3218428,
3297845,
179113.1,
186192.4,
193854.3,
202173.9,
211239.6,
3.218016e+08,
2.040503e+08,
1.200581e+08,
3.995388e+07,
4.037743e+07,
4.081007e+07,
4.125208e+07,
4.170376e+07,
2.277769e+07,
2.337839e+07,
2.401163e+07,
2.468013e+07,
2.538692e+07,
1.775435e+08,
1.17373e+08,
6.140059e+07,
2.290399e+07,
2.318578e+07,
2.347459e+07,
2.377069e+07,
2.407435e+07,
1.160546e+07,
1.193326e+07,
1.228012e+07,
1.264774e+07,
1.303806e+07,
3.828976e+09,
2.873809e+09,
9.758227e+08,
5.539967e+08,
5.640573e+08,
5.747618e+08,
5.862113e+08,
5.98535e+08,
1.818317e+08,
1.88201e+08,
1.951646e+08,
2.02842e+08,
2.113976e+08,
2067, 
1.861074e+07,
1.755963e+07,
1082048,
3422975,
3466881,
3511927,
3558159,
3605625,
204633,
210356.6,
216409.7,
222821.4,
229624.6,
1.743699e+08,
1.652114e+08,
9429202,
3.244927e+07,
3.274309e+07,
3.304228e+07,
3.334699e+07,
3.365737e+07,
1798684,
1841232,
1885841,
1932665,
1981873,
5.939196e+07,
5.494044e+07,
4579904,
1.055334e+07,
1.076633e+07,
1.098809e+07,
1.121918e+07,
1.14602e+07,
851623.7,
882630.6,
915980.8,
951950.1,
990859.9,
3.606741e+07,
2.975898e+07,
6470200,
5499630,
5716787,
5951797,
6206958,
6484977,
1150555,
1218087,
1294040,
1380096,
1478412,
8.783944e+07,
8.283142e+07,
5155345,
1.599512e+07,
1.627569e+07,
1.656629e+07,
1.686744e+07,
1.717975e+07,
964527.7,
996689,
1031069,
1067906,
1107472,
9.600439e+07,
8.997247e+07,
6208237,
1.715038e+07,
1.75623e+07,
1.799449e+07,
1.844849e+07,
1.8926e+07,
1144458,
1191074,
1241647,
1296706,
1356875,
1.366964e+08,
1.085818e+08,
2.8808e+07,
2.131155e+07,
2.151205e+07,
2.171636e+07,
2.192459e+07,
2.213685e+07,
5485830,
5620334,
5761601,
5910152,
6066566,
3.62816e+08,
2.653474e+08,
9.967778e+07,
4.684079e+07,
4.976098e+07,
5.306947e+07,
5.684926e+07,
6.120874e+07,
1.681456e+07,
1.824253e+07,
1.993556e+07,
2.197498e+07,
2.447922e+07,
2.583449e+08,
1.433377e+08,
1.169739e+08,
2.729262e+07,
2.796319e+07,
2.866754e+07,
2.940829e+07,
3.018833e+07,
2.148005e+07,
2.239657e+07,
2.339478e+07,
2.448613e+07,
2.568429e+07,
2.857559e+07,
2.409158e+07,
4601569,
4709310,
4763189,
4818316,
4874733,
4932488,
872450.7,
895743.3,
920313.7,
946270.1,
973733.1,
1.600787e+08,
1.466549e+08,
1.380711e+07,
2.790645e+07,
2.860099e+07,
2.933098e+07,
3.009922e+07,
3.090878e+07,
2539868,
2646015,
2761421,
2887353,
3025321,
4.403454e+07,
3.665023e+07,
7575371,
7227183,
7278251,
7330046,
7382583,
7435879,
1450652,
1482163,
1515074,
1549480,
1585484,
4.125971e+07,
3.559299e+07,
5818840,
6987017,
7052193,
7118597,
7186264,
7255228,
1108724,
1135580,
1163768,
1193392,
1224563,
1.978575e+07,
1.721666e+07,
2638669,
3421058,
3432159,
3443332,
3454578,
3465898,
509851.4,
518638.5,
527733.9,
537153.9,
546916.3,
5.209522e+07,
3.78537e+07,
1.456216e+07,
7563481,
7567109,
7570741,
7574376,
7578014,
2829412,
2870322,
2912432,
2955797,
3000472,
5.885982e+07,
5.257848e+07,
6456106,
1.012082e+07,
1.031448e+07,
1.05157e+07,
1.072492e+07,
1.094263e+07,
1203118,
1245614,
1291221,
1340295,
1393247,
1.861115e+08,
1.598534e+08,
2.695982e+07,
3.15407e+07,
3.175423e+07,
3.197067e+07,
3.219008e+07,
3.241253e+07,
5167005,
5277088,
5391964,
5511953,
5637404,
6.720189e+08,
4.424143e+08,
2.342783e+08,
8.689536e+07,
8.768193e+07,
8.848287e+07,
8.929858e+07,
9.012946e+07,
4.461307e+07,
4.570688e+07,
4.685567e+07,
4.806369e+07,
4.933566e+07,
2.815913e+07,
2.554996e+07,
2682935,
5043395,
5076475,
5109993,
5143956,
5178374,
514594.1,
525360.4,
536586.9,
548303.8,
560543.6,
4.586153e+08,
3.600014e+08,
1.010168e+08,
6.981658e+07,
7.089162e+07,
7.200029e+07,
7.314419e+07,
7.432502e+07,
1.897301e+07,
1.956886e+07,
2.020335e+07,
2.088036e+07,
2.160432e+07,
1.908848e+08,
1.393945e+08,
5.265555e+07,
2.719148e+07,
2.75309e+07,
2.78789e+07,
2.823581e+07,
2.860198e+07,
9952692,
1.023374e+07,
1.053111e+07,
1.084628e+07,
1.118091e+07,
1.131559e+08,
8.250731e+07,
3.134111e+07,
1.563884e+07,
1.605858e+07,
1.650146e+07,
1.696947e+07,
1.74648e+07,
5732258,
5988271,
6268223,
6575634,
6914752,
4.029149e+07,
3.48207e+07,
5617920,
6814212,
6888359,
6964139,
7041604,
7120813,
1066653,
1094379,
1123584,
1154391,
1186935,
1.671009e+07,
1.578139e+07,
956051.4,
3014531,
3083777,
3156279,
3232272,
3312014,
176673,
183654.4,
191210.3,
199414.6,
208354.5,
3.270399e+08,
2.086618e+08,
1.20712e+08,
4.093368e+07,
4.132916e+07,
4.173235e+07,
4.21435e+07,
4.256281e+07,
2.295188e+07,
2.35321e+07,
2.414241e+07,
2.478521e+07,
2.546319e+07,
1.806108e+08,
1.200229e+08,
6.18331e+07,
2.344982e+07,
2.372396e+07,
2.400458e+07,
2.429193e+07,
2.458623e+07,
1.170393e+07,
1.202615e+07,
1.236662e+07,
1.272693e+07,
1.310886e+07,
3.848428e+09,
2.897187e+09,
9.71898e+08,
5.587896e+08,
5.687946e+08,
5.794375e+08,
5.908174e+08,
6.030608e+08,
1.812608e+08,
1.8753e+08,
1.943796e+08,
2.019253e+08,
2.103259e+08,
2068, 
1.862276e+07,
1.75915e+07,
1061644,
3428174,
3472653,
3518301,
3565164,
3613294,
200707.8,
206354.8,
212328.8,
218658.9,
225378.1,
1.750823e+08,
1.660726e+08,
9276353,
3.262638e+07,
3.291782e+07,
3.321452e+07,
3.351661e+07,
3.382424e+07,
1770032,
1811649,
1855270,
1901044,
1949134,
5.952174e+07,
5.513223e+07,
4516279,
1.059394e+07,
1.080587e+07,
1.102645e+07,
1.125622e+07,
1.149577e+07,
840139.4,
870555.1,
903255.8,
938509,
976625.9,
3.608367e+07,
2.983002e+07,
6414341,
5513480,
5730822,
5966003,
6221313,
6499452,
1140806,
1207673,
1282868,
1368049,
1465345,
8.757906e+07,
8.262478e+07,
5100094,
1.595769e+07,
1.623637e+07,
1.652496e+07,
1.682399e+07,
1.713404e+07,
954361.8,
986098.6,
1020019,
1056356,
1095377,
9.589426e+07,
8.995932e+07,
6108604,
1.714631e+07,
1.755891e+07,
1.799186e+07,
1.844671e+07,
1.892514e+07,
1125982,
1171899,
1221721,
1275967,
1335254,
1.380113e+08,
1.099321e+08,
2.877366e+07,
2.159839e+07,
2.179068e+07,
2.198643e+07,
2.218572e+07,
2.238866e+07,
5485713,
5617003,
5754733,
5899385,
6051498,
3.699239e+08,
2.715475e+08,
1.006146e+08,
4.801901e+07,
5.09709e+07,
5.430949e+07,
5.811609e+07,
6.249654e+07,
1.700654e+07,
1.843394e+07,
2.012292e+07,
2.21526e+07,
2.463767e+07,
2.620838e+08,
1.465579e+08,
1.175173e+08,
2.793547e+07,
2.860699e+07,
2.931159e+07,
3.005177e+07,
3.08303e+07,
2.160684e+07,
2.251528e+07,
2.350346e+07,
2.458237e+07,
2.576509e+07,
2.854184e+07,
2.411216e+07,
4546062,
4714008,
4767603,
4822431,
4878536,
4935960,
862077.3,
885017.8,
909212.4,
934767.2,
961800.2,
1.600491e+08,
1.468231e+08,
1.360413e+07,
2.793708e+07,
2.863307e+07,
2.936462e+07,
3.013454e+07,
3.094591e+07,
2502412,
2607053,
2720827,
2844984,
2981015,
4.37568e+07,
3.649156e+07,
7453611,
7194237,
7245901,
7298312,
7351488,
7405443,
1426972,
1458151,
1490722,
1524782,
1560435,
4.119588e+07,
3.561058e+07,
5735542,
6991018,
7055959,
7122116,
7189525,
7258223,
1092962,
1119381,
1147108,
1176244,
1206899,
1.969214e+07,
1.716868e+07,
2591937,
3411449,
3422557,
3433737,
3444990,
3456318,
500813.8,
509449.1,
518387.4,
527645,
537239.3,
5.253065e+07,
3.832658e+07,
1.452522e+07,
7664265,
7664790,
7665316,
7665842,
7666367,
2824953,
2864439,
2905044,
2946816,
2989808,
5.868091e+07,
5.250661e+07,
6346377,
1.010491e+07,
1.02993e+07,
1.050132e+07,
1.071143e+07,
1.093011e+07,
1182404,
1224301,
1269276,
1317681,
1369925,
1.875096e+08,
1.613202e+08,
2.689043e+07,
3.185553e+07,
3.205848e+07,
3.226404e+07,
3.247224e+07,
3.268315e+07,
5158464,
5265986,
5378087,
5495064,
5617243,
6.752481e+08,
4.475804e+08,
2.323344e+08,
8.799994e+07,
8.875153e+07,
8.951607e+07,
9.02939e+07,
9.108535e+07,
4.429616e+07,
4.535556e+07,
4.646689e+07,
4.763404e+07,
4.886133e+07,
2.792387e+07,
2.5368e+07,
2628218,
5008068,
5040622,
5073601,
5107015,
5140872,
504170.6,
514683.2,
525643.5,
537080.9,
549026.9,
4.538528e+08,
3.573056e+08,
9.890687e+07,
6.927981e+07,
7.035354e+07,
7.146111e+07,
7.26041e+07,
7.378423e+07,
1.857273e+07,
1.915801e+07,
1.978137e+07,
2.044668e+07,
2.115828e+07,
1.904371e+08,
1.397006e+08,
5.188996e+07,
2.724305e+07,
2.758718e+07,
2.794013e+07,
2.830222e+07,
2.867382e+07,
9804820,
1.008327e+07,
1.037799e+07,
1.069046e+07,
1.102234e+07,
1.132687e+08,
8.288324e+07,
3.107446e+07,
1.571651e+07,
1.613512e+07,
1.657665e+07,
1.704302e+07,
1.753639e+07,
5686237,
5938823,
6214891,
6517877,
6851919,
3.991444e+07,
3.457039e+07,
5488086,
6762413,
6837405,
6914079,
6992492,
7072704,
1041517,
1068832,
1097617,
1127996,
1160105,
1.676491e+07,
1.584919e+07,
942731.8,
3027507,
3097038,
3169837,
3246141,
3326210,
174214.4,
181097.2,
188546.3,
196634.5,
205447.7,
3.324042e+08,
2.133933e+08,
1.21372e+08,
4.194092e+07,
4.230657e+07,
4.267866e+07,
4.305736e+07,
4.344284e+07,
2.312807e+07,
2.368737e+07,
2.42744e+07,
2.489126e+07,
2.554029e+07,
1.837263e+08,
1.227253e+08,
6.226131e+07,
2.400729e+07,
2.427319e+07,
2.454506e+07,
2.482308e+07,
2.510748e+07,
1.180189e+07,
1.211836e+07,
1.245226e+07,
1.280509e+07,
1.31785e+07,
3.8683e+09,
2.920983e+09,
9.679743e+08,
5.636769e+08,
5.736209e+08,
5.841967e+08,
5.955014e+08,
6.076588e+08,
1.80692e+08,
1.868602e+08,
1.935948e+08,
2.01008e+08,
2.09253e+08,
2069, 
1.863474e+07,
1.762336e+07,
1041219,
3433367,
3478420,
3524671,
3572169,
3620964,
196781.4,
202350.4,
208243.8,
214490.8,
221124.1,
1.757971e+08,
1.669375e+08,
9122141,
3.280431e+07,
3.309334e+07,
3.338749e+07,
3.368692e+07,
3.399178e+07,
1741104,
1781792,
1824428,
1869154,
1916129,
5.965209e+07,
5.532481e+07,
4452411,
1.063473e+07,
1.084558e+07,
1.106496e+07,
1.12934e+07,
1.153147e+07,
828600.4,
858427.5,
890482,
925023.3,
962352.4,
3.609996e+07,
2.990109e+07,
6358465,
5527340,
5744867,
5980217,
6235674,
6513931,
1131050,
1197255,
1271693,
1356000,
1452280,
8.731819e+07,
8.241743e+07,
5045063,
1.592011e+07,
1.61969e+07,
1.648349e+07,
1.678039e+07,
1.70882e+07,
944233.6,
975548.9,
1009013,
1044854,
1083335,
9.578421e+07,
8.994599e+07,
6009214,
1.71422e+07,
1.755549e+07,
1.79892e+07,
1.844488e+07,
1.892425e+07,
1107553,
1152773,
1201843,
1255276,
1313681,
1.393432e+08,
1.113017e+08,
2.873714e+07,
2.188961e+07,
2.207341e+07,
2.226033e+07,
2.245044e+07,
2.264383e+07,
5485185,
5613245,
5747428,
5888183,
6036006,
3.771392e+08,
2.778641e+08,
1.015422e+08,
4.922208e+07,
5.220501e+07,
5.557281e+07,
5.94051e+07,
6.380507e+07,
1.719777e+07,
1.862411e+07,
2.030844e+07,
2.232772e+07,
2.479289e+07,
2.658707e+08,
1.498359e+08,
1.180508e+08,
2.859077e+07,
2.92628e+07,
2.996718e+07,
3.070632e+07,
3.148283e+07,
2.173217e+07,
2.263227e+07,
2.361016e+07,
2.467637e+07,
2.584343e+07,
2.850801e+07,
2.413252e+07,
4490691,
4718665,
4771975,
4826503,
4882292,
4939386,
851725.8,
874316.4,
898138.1,
923294.3,
949900.3,
1.600194e+08,
1.469911e+08,
1.340132e+07,
2.796767e+07,
2.866511e+07,
2.939822e+07,
3.016982e+07,
3.0983e+07,
2464989,
2568123,
2680264,
2802646,
2936739,
4.347966e+07,
3.633241e+07,
7332935,
7161210,
7213462,
7266483,
7320288,
7374897,
1403512,
1434356,
1466587,
1500299,
1535598,
4.113194e+07,
3.56278e+07,
5652503,
6994950,
7059651,
7125561,
7192713,
7261142,
1077247,
1103232,
1130501,
1159152,
1189294,
1.95985e+07,
1.712034e+07,
2545543,
3401767,
3412881,
3424068,
3435328,
3446662,
491841.7,
500326.2,
509108.6,
518204.9,
527632,
5.29713e+07,
3.880568e+07,
1.448723e+07,
7766469,
7763802,
7761136,
7758473,
7755810,
2820287,
2858346,
2897447,
2937632,
2978947,
5.850229e+07,
5.243442e+07,
6237269,
1.008894e+07,
1.028406e+07,
1.048688e+07,
1.069787e+07,
1.091752e+07,
1161814,
1203112,
1247454,
1295190,
1346724,
1.889221e+08,
1.628033e+08,
2.681918e+07,
3.217411e+07,
3.236623e+07,
3.256066e+07,
3.275744e+07,
3.295661e+07,
5149552,
5254511,
5363837,
5477810,
5596731,
6.785229e+08,
4.528004e+08,
2.303812e+08,
8.911762e+07,
8.983306e+07,
9.056009e+07,
9.129898e+07,
9.205002e+07,
4.397679e+07,
4.500205e+07,
4.607625e+07,
4.720298e+07,
4.83862e+07,
2.768815e+07,
2.518509e+07,
2574017,
4972544,
5004573,
5037017,
5069885,
5103184,
493843.4,
504105.6,
514803.4,
525965.1,
537621.5,
4.490967e+08,
3.545918e+08,
9.682146e+07,
6.873978e+07,
6.981208e+07,
7.091836e+07,
7.206026e+07,
7.323955e+07,
1.81772e+07,
1.875198e+07,
1.936429e+07,
2.001794e+07,
2.071726e+07,
1.899902e+08,
1.400036e+08,
5.112836e+07,
2.729396e+07,
2.764282e+07,
2.800072e+07,
2.836801e+07,
2.874506e+07,
9657797,
9933624,
1.022567e+07,
1.053541e+07,
1.08645e+07,
1.133819e+08,
8.325986e+07,
3.080763e+07,
1.579438e+07,
1.621184e+07,
1.665197e+07,
1.711667e+07,
1.760805e+07,
5640145,
5889318,
6161526,
6460116,
6789119,
3.953892e+07,
3.431993e+07,
5359976,
6710624,
6786439,
6863987,
6943328,
7024524,
1016732,
1043633,
1071995,
1101942,
1133611,
1.681976e+07,
1.59171e+07,
929311.9,
3040505,
3110321,
3183419,
3260036,
3340431,
171737.3,
178520.8,
185862.4,
193833.6,
202519.3,
3.378992e+08,
2.182495e+08,
1.220383e+08,
4.297664e+07,
4.331066e+07,
4.36499e+07,
4.399451e+07,
4.43446e+07,
2.330631e+07,
2.384428e+07,
2.440766e+07,
2.499832e+07,
2.561826e+07,
1.86891e+08,
1.254813e+08,
6.268513e+07,
2.457667e+07,
2.483374e+07,
2.509625e+07,
2.536437e+07,
2.563828e+07,
1.189932e+07,
1.220985e+07,
1.253703e+07,
1.288222e+07,
1.324696e+07,
3.888601e+09,
2.945208e+09,
9.640508e+08,
5.68661e+08,
5.785385e+08,
5.890416e+08,
6.002655e+08,
6.123311e+08,
1.801253e+08,
1.861915e+08,
1.928102e+08,
2.0009e+08,
2.081788e+08,
2070, 
1.864668e+07,
1.765519e+07,
1020773,
3438553,
3484182,
3531039,
3579173,
3628637,
192853.5,
198343.2,
204154.5,
210316.7,
216862.5,
1.765143e+08,
1.678061e+08,
8966573,
3.298307e+07,
3.326963e+07,
3.356121e+07,
3.385795e+07,
3.415999e+07,
1711901,
1751662,
1793315,
1836996,
1882859,
5.9783e+07,
5.551819e+07,
4388295,
1.06757e+07,
1.088547e+07,
1.110364e+07,
1.133073e+07,
1.156731e+07,
817006.4,
846247.3,
877658.9,
911492.3,
948038.9,
3.611627e+07,
2.99722e+07,
6302573,
5541212,
5758923,
5994440,
6250042,
6528413,
1121289,
1186832,
1260515,
1343951,
1439216,
8.705682e+07,
8.220938e+07,
4990241,
1.588239e+07,
1.615729e+07,
1.644188e+07,
1.673667e+07,
1.704222e+07,
934140.8,
965037.7,
998048.3,
1033397,
1071342,
9.567419e+07,
8.993246e+07,
5910078,
1.713805e+07,
1.755202e+07,
1.798649e+07,
1.844302e+07,
1.892332e+07,
1089175,
1133698,
1182016,
1234636,
1292159,
1.406926e+08,
1.126908e+08,
2.869841e+07,
2.218529e+07,
2.236033e+07,
2.253816e+07,
2.271884e+07,
2.290243e+07,
5484240,
5609055,
5739683,
5876541,
6020085,
3.844643e+08,
2.842997e+08,
1.024605e+08,
5.045061e+07,
5.346388e+07,
5.685995e+07,
6.071673e+07,
6.513479e+07,
1.738822e+07,
1.881299e+07,
2.049209e+07,
2.25003e+07,
2.494487e+07,
2.697063e+08,
1.531727e+08,
1.185743e+08,
2.925875e+07,
2.993084e+07,
3.063453e+07,
3.137211e+07,
3.214608e+07,
2.185601e+07,
2.274752e+07,
2.371486e+07,
2.476811e+07,
2.591928e+07,
2.84741e+07,
2.415266e+07,
4435457,
4723281,
4776304,
4830531,
4886004,
4942766,
841397,
863640.1,
887091.3,
911851.6,
938033.8,
1.599897e+08,
1.47159e+08,
1.319866e+07,
2.799824e+07,
2.869713e+07,
2.94318e+07,
3.020507e+07,
3.102007e+07,
2427596,
2529224,
2639732,
2760337,
2892491,
4.320311e+07,
3.617279e+07,
7213333,
7128104,
7180937,
7234559,
7288987,
7344242,
1380269,
1410778,
1442667,
1476030,
1510973,
4.10679e+07,
3.564466e+07,
5569731,
6998810,
7063273,
7128932,
7195824,
7263984,
1061579,
1087132,
1113946,
1142116,
1171748,
1.950481e+07,
1.707162e+07,
2499492,
3392012,
3403131,
3414324,
3425590,
3436931,
482936.2,
491270.9,
499898.4,
508834.3,
518095.4,
5.341727e+07,
3.929113e+07,
1.444819e+07,
7870123,
7864171,
7858226,
7852292,
7846365,
2815407,
2852040,
2889638,
2928240,
2967888,
5.832395e+07,
5.23619e+07,
6128793,
1.00729e+07,
1.026876e+07,
1.047238e+07,
1.068424e+07,
1.090485e+07,
1141351,
1182050,
1225759,
1272824,
1323648,
1.903494e+08,
1.64303e+08,
2.674602e+07,
3.249649e+07,
3.267753e+07,
3.28606e+07,
3.304573e+07,
3.323296e+07,
5140256,
5242649,
5349204,
5460181,
5575859,
6.818441e+08,
4.580757e+08,
2.284186e+08,
9.024864e+07,
9.092676e+07,
9.161514e+07,
9.231403e+07,
9.302366e+07,
4.365493e+07,
4.464629e+07,
4.568371e+07,
4.677049e+07,
4.791025e+07,
2.745199e+07,
2.500121e+07,
2520331,
4936825,
4968332,
5000243,
5032567,
5065312,
483611.9,
493627.3,
504066.2,
514956.2,
526327.1,
4.443469e+08,
3.518603e+08,
9.476045e+07,
6.819654e+07,
6.926722e+07,
7.037206e+07,
7.151273e+07,
7.269097e+07,
1.778643e+07,
1.835077e+07,
1.895209e+07,
1.959415e+07,
2.028125e+07,
1.895444e+08,
1.403035e+08,
5.037074e+07,
2.734423e+07,
2.769783e+07,
2.80607e+07,
2.843319e+07,
2.881572e+07,
9511615,
9784803,
1.007415e+07,
1.038112e+07,
1.07074e+07,
1.134958e+08,
8.363721e+07,
3.054062e+07,
1.587245e+07,
1.628873e+07,
1.672744e+07,
1.719044e+07,
1.767979e+07,
5593978,
5839756,
6108125,
6402347,
6726349,
3.916493e+07,
3.406932e+07,
5233567,
6658846,
6735463,
6813863,
6894111,
6976271,
992292.5,
1018777,
1046713,
1076226,
1107450,
1.687463e+07,
1.598513e+07,
915789.4,
3053528,
3123630,
3197026,
3273955,
3354678,
169241,
175924.6,
183157.9,
191011.4,
199568.6,
3.435296e+08,
2.232348e+08,
1.227112e+08,
4.404191e+07,
4.434238e+07,
4.464697e+07,
4.495578e+07,
4.526888e+07,
2.348666e+07,
2.400285e+07,
2.454223e+07,
2.510642e+07,
2.569715e+07,
1.901061e+08,
1.282922e+08,
6.310446e+07,
2.515827e+07,
2.540589e+07,
2.565843e+07,
2.591604e+07,
2.617888e+07,
1.199619e+07,
1.230062e+07,
1.262089e+07,
1.295829e+07,
1.331423e+07,
3.909343e+09,
2.969873e+09,
9.60127e+08,
5.737448e+08,
5.8355e+08,
5.939746e+08,
6.051119e+08,
6.170796e+08,
1.795606e+08,
1.855236e+08,
1.920254e+08,
1.991712e+08,
2.071034e+08,
2071, 
1.865261e+07,
1.767784e+07,
1003585,
3441989,
3488151,
3535569,
3584293,
3634378,
189546.1,
194971.7,
200717,
206811.2,
213287,
1.771763e+08,
1.685925e+08,
8838699,
3.314566e+07,
3.342963e+07,
3.37185e+07,
3.401241e+07,
3.431148e+07,
1687963,
1726930,
1767740,
1810525,
1855432,
5.990243e+07,
5.569019e+07,
4334349,
1.071346e+07,
1.092163e+07,
1.113804e+07,
1.13632e+07,
1.159766e+07,
807370.6,
836063,
866869.8,
900033.8,
935836.3,
3.608671e+07,
2.999642e+07,
6247659,
5545726,
5763596,
5999285,
6255071,
6533641,
1111539,
1176503,
1249532,
1332227,
1426644,
8.671174e+07,
8.191498e+07,
4938118,
1.582704e+07,
1.610022e+07,
1.6383e+07,
1.667588e+07,
1.697943e+07,
924487.8,
955013.4,
987623.6,
1022540,
1060015,
9.545582e+07,
8.980133e+07,
5820418,
1.711009e+07,
1.752487e+07,
1.796027e+07,
1.841784e+07,
1.889935e+07,
1072445,
1116387,
1164084,
1216038,
1272846,
1.41949e+08,
1.139697e+08,
2.867698e+07,
2.245979e+07,
2.262563e+07,
2.279394e+07,
2.296478e+07,
2.313819e+07,
5486569,
5608224,
5735396,
5868470,
6007866,
3.910211e+08,
2.900604e+08,
1.032824e+08,
5.154667e+07,
5.45886e+07,
5.801207e+07,
6.189368e+07,
6.633197e+07,
1.755651e+07,
1.898076e+07,
2.065648e+07,
2.265674e+07,
2.508592e+07,
2.728368e+08,
1.560459e+08,
1.188507e+08,
2.983186e+07,
3.050499e+07,
3.120919e+07,
3.194668e+07,
3.271986e+07,
2.192803e+07,
2.281196e+07,
2.377014e+07,
2.481234e+07,
2.595013e+07,
2.840421e+07,
2.413428e+07,
4382779,
4719946,
4772803,
4826857,
4882150,
4938724,
831463.3,
853414.3,
876555.8,
900987.3,
926819.7,
1.600042e+08,
1.473372e+08,
1.303059e+07,
2.80321e+07,
2.873186e+07,
2.946745e+07,
3.024169e+07,
3.105772e+07,
2396696,
2497024,
2606118,
2725180,
2855643,
4.295967e+07,
3.602894e+07,
7111455,
7098993,
7151993,
7205789,
7260402,
7315848,
1360618,
1390771,
1422291,
1455273,
1489821,
4.098296e+07,
3.563654e+07,
5491114,
6997831,
7061976,
7127308,
7193860,
7261666,
1046710,
1071848,
1098223,
1125928,
1155068,
1.943306e+07,
1.703761e+07,
2460838,
3385707,
3396579,
3407521,
3418534,
3429618,
475544.8,
483713.4,
492167.6,
500922.5,
509994.6,
5.385159e+07,
3.974724e+07,
1.442703e+07,
7968469,
7958948,
7949449,
7939972,
7930519,
2814164,
2849339,
2885406,
2922397,
2960349,
5.816336e+07,
5.229174e+07,
6036069,
1.005804e+07,
1.025429e+07,
1.045835e+07,
1.067069e+07,
1.089184e+07,
1123919,
1164078,
1207214,
1253669,
1303843,
1.916377e+08,
1.656429e+08,
2.669398e+07,
3.278906e+07,
3.295794e+07,
3.312857e+07,
3.330098e+07,
3.347519e+07,
5135237,
5235039,
5338797,
5446751,
5559161,
6.845651e+08,
4.626732e+08,
2.265313e+08,
9.124918e+07,
9.188742e+07,
9.253466e+07,
9.319106e+07,
9.385685e+07,
4.334707e+07,
4.430502e+07,
4.530627e+07,
4.635382e+07,
4.745095e+07,
2.725012e+07,
2.484253e+07,
2475996,
4906767,
4937443,
4968505,
4999961,
5031817,
475248.9,
485019,
495199.3,
505816,
516898,
4.397795e+08,
3.490667e+08,
9.294849e+07,
6.76426e+07,
6.871082e+07,
6.981334e+07,
7.09518e+07,
7.212801e+07,
1.744285e+07,
1.799802e+07,
1.85897e+07,
1.922159e+07,
1.989796e+07,
1.889016e+08,
1.403656e+08,
4.965398e+07,
2.734677e+07,
2.770519e+07,
2.807313e+07,
2.845097e+07,
2.883913e+07,
9372671,
9643666,
9930797,
1.023555e+07,
1.05596e+07,
1.135409e+08,
8.39205e+07,
3.029903e+07,
1.593286e+07,
1.63474e+07,
1.67841e+07,
1.724477e+07,
1.773144e+07,
5552456,
5795048,
6059806,
6349914,
6669197,
3.879519e+07,
3.381219e+07,
5118172,
6606060,
6683335,
6762439,
6843438,
6926400,
969998.2,
996094.9,
1023634,
1052740,
1083549,
1.691796e+07,
1.60394e+07,
904547.9,
3063837,
3134205,
3207881,
3285104,
3366136,
167160.9,
173763.7,
180909.6,
188668.4,
197122.6,
3.488167e+08,
2.278886e+08,
1.233705e+08,
4.504404e+07,
4.530931e+07,
4.557773e+07,
4.584934e+07,
4.612422e+07,
2.366415e+07,
2.415858e+07,
2.467411e+07,
2.521212e+07,
2.577412e+07,
1.928608e+08,
1.307452e+08,
6.341846e+07,
2.566495e+07,
2.590473e+07,
2.614904e+07,
2.6398e+07,
2.665174e+07,
1.206997e+07,
1.236922e+07,
1.268369e+07,
1.301457e+07,
1.336317e+07,
3.926657e+09,
2.99096e+09,
9.563473e+08,
5.781295e+08,
5.878536e+08,
5.981919e+08,
6.092365e+08,
6.211028e+08,
1.790104e+08,
1.848765e+08,
1.912695e+08,
1.982916e+08,
2.060812e+08,
2072, 
1.865852e+07,
1.770048e+07,
986389.1,
3445422,
3492118,
3540097,
3589412,
3640121,
186239.2,
191599.7,
197277.8,
203302.8,
209707.4,
1.778405e+08,
1.693821e+08,
8709768,
3.330897e+07,
3.35903e+07,
3.387642e+07,
3.416746e+07,
3.446355e+07,
1663809,
1701985,
1741954,
1783845,
1827801,
6.002249e+07,
5.586299e+07,
4280214,
1.075141e+07,
1.095796e+07,
1.11726e+07,
1.139582e+07,
1.162813e+07,
797689.4,
825836.6,
856042.7,
888542.3,
923607.1,
3.605712e+07,
3.002053e+07,
6192843,
5550217,
5768246,
6004105,
6260074,
6538841,
1101806,
1166191,
1238569,
1320524,
1414095,
8.636626e+07,
8.161995e+07,
4886230,
1.577156e+07,
1.604302e+07,
1.632399e+07,
1.661498e+07,
1.691652e+07,
914876.8,
945033.4,
977246,
1011732,
1048741,
9.523774e+07,
8.967012e+07,
5731147,
1.708212e+07,
1.749771e+07,
1.793402e+07,
1.839266e+07,
1.887536e+07,
1055793,
1099154,
1146229,
1197517,
1253610,
1.432218e+08,
1.152665e+08,
2.865411e+07,
2.273838e+07,
2.289476e+07,
2.30533e+07,
2.321405e+07,
2.337706e+07,
5488633,
5607113,
5730822,
5860113,
5995371,
3.976604e+08,
2.959121e+08,
1.040957e+08,
5.266217e+07,
5.573224e+07,
5.918242e+07,
6.308797e+07,
6.754542e+07,
1.772391e+07,
1.914724e+07,
2.081913e+07,
2.281093e+07,
2.522416e+07,
2.75999e+08,
1.589609e+08,
1.191171e+08,
3.041392e+07,
3.108778e+07,
3.179218e+07,
3.252924e+07,
3.330129e+07,
2.199836e+07,
2.287454e+07,
2.382341e+07,
2.485441e+07,
2.597868e+07,
2.833424e+07,
2.411561e+07,
4330316,
4716551,
4769241,
4823122,
4878234,
4934620,
821569,
843229.5,
866063.1,
890167.8,
915652.6,
1.600187e+08,
1.475155e+08,
1.286255e+07,
2.806596e+07,
2.876659e+07,
2.95031e+07,
3.027831e+07,
3.109536e+07,
2365800,
2464829,
2572510,
2690030,
2818800,
4.271642e+07,
3.588454e+07,
7010326,
7069779,
7122941,
7176909,
7231700,
7287335,
1341115,
1370913,
1402065,
1434666,
1468820,
4.089788e+07,
3.562797e+07,
5412798,
6996763,
7060591,
7125594,
7191806,
7259258,
1031895,
1056621,
1082560,
1109804,
1138456,
1.936115e+07,
1.700322e+07,
2422397,
3379328,
3389953,
3400644,
3411404,
3422232,
468192.1,
476196.5,
484479.3,
493055.4,
501940.6,
5.429142e+07,
4.02095e+07,
1.440522e+07,
8068230,
8055044,
8041901,
8028801,
8015744,
2812793,
2846509,
2881044,
2916426,
2952689,
5.800291e+07,
5.222127e+07,
5943814,
1.004313e+07,
1.023976e+07,
1.044425e+07,
1.065708e+07,
1.087876e+07,
1106579,
1146200,
1188763,
1234609,
1284133,
1.9294e+08,
1.669979e+08,
2.664086e+07,
3.308513e+07,
3.324161e+07,
3.339957e+07,
3.355905e+07,
3.372005e+07,
5130002,
5227210,
5328173,
5433113,
5542270,
6.873251e+08,
4.67315e+08,
2.246384e+08,
9.22607e+07,
9.285796e+07,
9.3463e+07,
9.407597e+07,
9.469703e+07,
4.303744e+07,
4.396225e+07,
4.492768e+07,
4.593647e+07,
4.69916e+07,
2.704752e+07,
2.468279e+07,
2431986,
4876487,
4906340,
4936558,
4967152,
4998127,
466943.1,
476471.6,
486397.1,
496744.9,
507542.7,
4.35218e+08,
3.462599e+08,
9.115572e+07,
6.708632e+07,
6.815195e+07,
6.925199e+07,
7.038812e+07,
7.156215e+07,
1.710301e+07,
1.764907e+07,
1.823114e+07,
1.885292e+07,
1.951861e+07,
1.882606e+08,
1.404249e+08,
4.894194e+07,
2.734872e+07,
2.771196e+07,
2.808498e+07,
2.846817e+07,
2.886197e+07,
9234719,
9503495,
9788388,
1.009089e+07,
1.041268e+07,
1.135862e+08,
8.420394e+07,
3.005748e+07,
1.599335e+07,
1.640613e+07,
1.684079e+07,
1.72991e+07,
1.778306e+07,
5510904,
5750326,
6011496,
6297519,
6612119,
3.842684e+07,
3.3555e+07,
5004256,
6553301,
6631213,
6711001,
6792732,
6876477,
948003.1,
973710.6,
1000851,
1029548,
1059939,
1.696129e+07,
1.609373e+07,
893239.9,
3074158,
3144791,
3218747,
3296264,
3377607,
165068.5,
171590,
178648,
186311.5,
194662,
3.542339e+08,
2.326631e+08,
1.240396e+08,
4.607393e+07,
4.630214e+07,
4.653261e+07,
4.676539e+07,
4.700052e+07,
2.384433e+07,
2.431659e+07,
2.480792e+07,
2.531952e+07,
2.585267e+07,
1.956517e+08,
1.332391e+08,
6.372772e+07,
2.618071e+07,
2.64122e+07,
2.664783e+07,
2.688769e+07,
2.713192e+07,
1.214302e+07,
1.243699e+07,
1.274554e+07,
1.30698e+07,
1.341098e+07,
3.944338e+09,
3.012409e+09,
9.525721e+08,
5.825967e+08,
5.922346e+08,
6.024817e+08,
6.134286e+08,
6.251885e+08,
1.784625e+08,
1.842309e+08,
1.905144e+08,
1.974125e+08,
2.050593e+08,
2073, 
1.866441e+07,
1.772311e+07,
969187.3,
3448849,
3496079,
3544622,
3594531,
3645865,
182933.3,
188227.6,
193837.5,
199792,
206123.9,
1.785068e+08,
1.701749e+08,
8579765,
3.347297e+07,
3.375164e+07,
3.403498e+07,
3.432312e+07,
3.461618e+07,
1639437,
1676822,
1715953,
1756954,
1799962,
6.014316e+07,
5.603657e+07,
4225898,
1.078954e+07,
1.099446e+07,
1.120731e+07,
1.142857e+07,
1.165874e+07,
787965.5,
815570.3,
845179.6,
877019.7,
911352.9,
3.602752e+07,
3.004451e+07,
6138131,
5554687,
5772874,
6008902,
6265053,
6544016,
1092091,
1155899,
1227626,
1308844,
1401570,
8.602034e+07,
8.132426e+07,
4834578,
1.571595e+07,
1.598569e+07,
1.626485e+07,
1.655394e+07,
1.685349e+07,
905307.4,
935097.9,
966915.6,
1000975,
1037521,
9.502002e+07,
8.953886e+07,
5642267,
1.705415e+07,
1.747054e+07,
1.790777e+07,
1.836745e+07,
1.885135e+07,
1039220,
1082000,
1128453,
1179074,
1234450,
1.445113e+08,
1.165814e+08,
2.862977e+07,
2.302115e+07,
2.316778e+07,
2.331629e+07,
2.346671e+07,
2.361909e+07,
5490425,
5605717,
5725954,
5851463,
5982597,
4.04384e+08,
3.018568e+08,
1.049001e+08,
5.379752e+07,
5.689518e+07,
6.037136e+07,
6.429996e+07,
6.877545e+07,
1.789038e+07,
1.931241e+07,
2.098002e+07,
2.296284e+07,
2.535957e+07,
2.791935e+08,
1.619182e+08,
1.193732e+08,
3.100509e+07,
3.167938e+07,
3.238365e+07,
3.311994e+07,
3.389049e+07,
2.206697e+07,
2.293524e+07,
2.387464e+07,
2.489428e+07,
2.600489e+07,
2.826417e+07,
2.409663e+07,
4278066,
4713097,
4765620,
4819326,
4874257,
4930455,
811713.8,
833085.5,
855613.1,
879392.9,
904532.3,
1.600332e+08,
1.476937e+08,
1.269453e+07,
2.809981e+07,
2.880131e+07,
2.953874e+07,
3.031492e+07,
3.113299e+07,
2334907,
2432637,
2538905,
2654883,
2781963,
4.247334e+07,
3.573958e+07,
6909954,
7040461,
7093780,
7147916,
7202883,
7258702,
1321761,
1351205,
1381991,
1414212,
1447972,
4.081266e+07,
3.561897e+07,
5334775,
6995613,
7059122,
7123795,
7189664,
7256762,
1017133,
1041449,
1066955,
1093742,
1121909,
1.928906e+07,
1.696845e+07,
2384165,
3372871,
3383249,
3393691,
3404198,
3414770,
460877.6,
468719.6,
476833,
485232.3,
493932.8,
5.473688e+07,
4.067804e+07,
1.438274e+07,
8169433,
8152485,
8135608,
8118800,
8102061,
2811292,
2843546,
2876548,
2910326,
2944906,
5.784262e+07,
5.215048e+07,
5852021,
1.002815e+07,
1.022518e+07,
1.04301e+07,
1.06434e+07,
1.086561e+07,
1089330,
1128413,
1170404,
1215642,
1264516,
1.942566e+08,
1.683683e+08,
2.658663e+07,
3.338478e+07,
3.352859e+07,
3.367366e+07,
3.381998e+07,
3.396758e+07,
5124543,
5219155,
5317326,
5419261,
5525180,
6.901247e+08,
4.720015e+08,
2.227395e+08,
9.328337e+07,
9.383851e+07,
9.44003e+07,
9.496886e+07,
9.554431e+07,
4.272598e+07,
4.361792e+07,
4.454791e+07,
4.551841e+07,
4.653214e+07,
2.684421e+07,
2.452201e+07,
2388305,
4845987,
4875021,
4904403,
4934142,
4964245,
458695.7,
467986.2,
477660.9,
487744.1,
498262.2,
4.306624e+08,
3.434403e+08,
8.93821e+07,
6.652775e+07,
6.759065e+07,
6.868806e+07,
6.98217e+07,
7.099339e+07,
1.67669e+07,
1.730389e+07,
1.787642e+07,
1.848813e+07,
1.914319e+07,
1.876214e+08,
1.404813e+08,
4.82346e+07,
2.735012e+07,
2.771816e+07,
2.809625e+07,
2.84848e+07,
2.888425e+07,
9097756,
9364294,
9646920,
9947137,
1.026664e+07,
1.136317e+08,
8.448754e+07,
2.981598e+07,
1.605393e+07,
1.646492e+07,
1.689751e+07,
1.735344e+07,
1.783466e+07,
5469322,
5705592,
5963196,
6245162,
6555116,
3.805986e+07,
3.329775e+07,
4891803,
6500569,
6579099,
6659551,
6741994,
6826504,
926303.8,
951620.7,
978360.5,
1006647,
1036617,
1.700463e+07,
1.614814e+07,
881867.7,
3084493,
3155393,
3229628,
3307440,
3389094,
162964.4,
169404,
176373.5,
183941.1,
192187.3,
3.597859e+08,
2.375625e+08,
1.247188e+08,
4.713263e+07,
4.732181e+07,
4.751251e+07,
4.770475e+07,
4.789856e+07,
2.402732e+07,
2.447697e+07,
2.494376e+07,
2.542871e+07,
2.593288e+07,
1.984796e+08,
1.357748e+08,
6.403216e+07,
2.670574e+07,
2.692848e+07,
2.715496e+07,
2.738528e+07,
2.761954e+07,
1.221535e+07,
1.250391e+07,
1.280643e+07,
1.312396e+07,
1.345762e+07,
3.962394e+09,
3.034229e+09,
9.488009e+08,
5.871487e+08,
5.96695e+08,
6.068458e+08,
6.176898e+08,
6.293382e+08,
1.779169e+08,
1.835868e+08,
1.897602e+08,
1.965338e+08,
2.040376e+08,
2074, 
1.867028e+07,
1.774572e+07,
951980.2,
3452272,
3500038,
3549144,
3599649,
3651611,
179628.5,
184855.6,
190396,
196278.8,
202536.7,
1.791753e+08,
1.709709e+08,
8448726,
3.36377e+07,
3.391366e+07,
3.419418e+07,
3.447938e+07,
3.476938e+07,
1614853,
1651451,
1689745,
1729858,
1771922,
6.026446e+07,
5.621097e+07,
4171392,
1.082787e+07,
1.103114e+07,
1.124219e+07,
1.146148e+07,
1.168949e+07,
778196,
805261.9,
834278.4,
865464.1,
899071.9,
3.59979e+07,
3.006837e+07,
6083517,
5559134,
5777477,
6013674,
6270006,
6549163,
1082393,
1145625,
1216704,
1297185,
1389068,
8.567399e+07,
8.10279e+07,
4783169,
1.566019e+07,
1.592822e+07,
1.620558e+07,
1.649277e+07,
1.679033e+07,
895781.8,
925208.3,
956633.8,
990269,
1026356,
9.48026e+07,
8.940755e+07,
5553767,
1.702619e+07,
1.744337e+07,
1.788151e+07,
1.834223e+07,
1.882732e+07,
1022723,
1064922,
1110754,
1160707,
1215365,
1.45818e+08,
1.17915e+08,
2.860394e+07,
2.330818e+07,
2.344478e+07,
2.358299e+07,
2.372284e+07,
2.386436e+07,
5491938,
5604028,
5720788,
5842517,
5969539,
4.111934e+08,
3.078961e+08,
1.056955e+08,
5.495311e+07,
5.807778e+07,
6.157922e+07,
6.552994e+07,
7.002234e+07,
1.805589e+07,
1.947623e+07,
2.113911e+07,
2.311244e+07,
2.549213e+07,
2.824208e+08,
1.649185e+08,
1.19619e+08,
3.16055e+07,
3.22799e+07,
3.29837e+07,
3.371887e+07,
3.448756e+07,
2.213384e+07,
2.299404e+07,
2.39238e+07,
2.493193e+07,
2.602875e+07,
2.819403e+07,
2.407736e+07,
4226032,
4709586,
4761941,
4815473,
4870222,
4926230,
801898.3,
822982.9,
845206.3,
868663.2,
893459.3,
1.600477e+08,
1.478719e+08,
1.252655e+07,
2.813365e+07,
2.883603e+07,
2.957437e+07,
3.035152e+07,
3.117061e+07,
2304022,
2400454,
2505310,
2619745,
2745135,
4.223043e+07,
3.559405e+07,
6810330,
7011036,
7064512,
7118810,
7173949,
7229948,
1302554,
1331645,
1362066,
1393909,
1427276,
4.072728e+07,
3.560952e+07,
5257050,
6994373,
7057563,
7121904,
7187429,
7254172,
1002425,
1026333,
1051410,
1077743,
1105429,
1.921682e+07,
1.693331e+07,
2346151,
3366338,
3376470,
3386663,
3396917,
3407235,
453602.9,
461284.2,
469230.2,
477454.7,
485972.7,
5.518808e+07,
4.115297e+07,
1.435959e+07,
8272109,
8251299,
8230594,
8209992,
8189493,
2809658,
2840447,
2871918,
2904094,
2936999,
5.768248e+07,
5.207939e+07,
5760701,
1.001312e+07,
1.021053e+07,
1.041588e+07,
1.062965e+07,
1.085239e+07,
1072175,
1110720,
1152140,
1196769,
1244995,
1.955879e+08,
1.697544e+08,
2.653127e+07,
3.368806e+07,
3.381896e+07,
3.395088e+07,
3.408384e+07,
3.421784e+07,
5118859,
5210872,
5306254,
5405192,
5507890,
6.929651e+08,
4.767343e+08,
2.208346e+08,
9.43175e+07,
9.482939e+07,
9.534686e+07,
9.587002e+07,
9.639894e+07,
4.241268e+07,
4.327202e+07,
4.416692e+07,
4.509961e+07,
4.607254e+07,
2.664016e+07,
2.436019e+07,
2344949,
4815264,
4843484,
4872038,
4900929,
4930166,
450505.6,
459561.9,
468989.8,
478812.5,
489055.6,
4.261128e+08,
3.406078e+08,
8.762753e+07,
6.596689e+07,
6.702692e+07,
6.812158e+07,
6.925258e+07,
7.042177e+07,
1.643448e+07,
1.696247e+07,
1.752551e+07,
1.81272e+07,
1.877169e+07,
1.869841e+08,
1.405348e+08,
4.753192e+07,
2.735094e+07,
2.772379e+07,
2.810696e+07,
2.850086e+07,
2.890596e+07,
8961777,
9226051,
9506385,
9804290,
1.012147e+07,
1.136775e+08,
8.47713e+07,
2.957453e+07,
1.611459e+07,
1.652377e+07,
1.695426e+07,
1.740779e+07,
1.788624e+07,
5427712,
5660846,
5914907,
6192843,
6498188,
3.769426e+07,
3.304044e+07,
4780809,
6447863,
6526992,
6608088,
6691224,
6776479,
904899,
929824.4,
956161.8,
984034.7,
1013582,
1.704797e+07,
1.620261e+07,
870430.4,
3094840,
3166006,
3240522,
3318630,
3400596,
160848.3,
167205.6,
174086.1,
181557.1,
189698.2,
3.654779e+08,
2.425919e+08,
1.254084e+08,
4.822126e+07,
4.836937e+07,
4.851838e+07,
4.866831e+07,
4.881918e+07,
2.421319e+07,
2.463979e+07,
2.508169e+07,
2.553973e+07,
2.60148e+07,
2.013451e+08,
1.383529e+08,
6.433171e+07,
2.724025e+07,
2.745373e+07,
2.767059e+07,
2.78909e+07,
2.811475e+07,
1.228693e+07,
1.256996e+07,
1.286634e+07,
1.317704e+07,
1.350311e+07,
3.980836e+09,
3.05643e+09,
9.450336e+08,
5.917878e+08,
6.012371e+08,
6.11286e+08,
6.22022e+08,
6.335535e+08,
1.773735e+08,
1.829441e+08,
1.890067e+08,
1.956553e+08,
2.03016e+08,
2075, 
1.867614e+07,
1.776833e+07,
934764.8,
3455690,
3503993,
3553665,
3604766,
3657357,
176324.2,
181483.1,
186953,
192762.8,
198945.4,
1.79846e+08,
1.717701e+08,
8316617,
3.380315e+07,
3.407636e+07,
3.435403e+07,
3.463626e+07,
3.492316e+07,
1590051,
1625862,
1663323,
1702551,
1743675,
6.038638e+07,
5.638618e+07,
4116696,
1.086639e+07,
1.1068e+07,
1.127724e+07,
1.149454e+07,
1.172038e+07,
768381.2,
794911.3,
823339.1,
853875.5,
886764.3,
3.596826e+07,
3.009211e+07,
6029010,
5563559,
5782058,
6018422,
6274933,
6554284,
1072714,
1135371,
1205802,
1285549,
1376591,
8.532723e+07,
8.073091e+07,
4731995,
1.560431e+07,
1.587062e+07,
1.614618e+07,
1.643148e+07,
1.672705e+07,
886297.9,
915363.1,
946399,
979613.5,
1015244,
9.45855e+07,
8.927616e+07,
5465662,
1.699821e+07,
1.741618e+07,
1.785523e+07,
1.831699e+07,
1.880326e+07,
1006305,
1047923,
1093132,
1142418,
1196358,
1.471421e+08,
1.192674e+08,
2.857658e+07,
2.359956e+07,
2.372584e+07,
2.385349e+07,
2.398251e+07,
2.411293e+07,
5493168,
5602041,
5715317,
5833268,
5956191,
4.180902e+08,
3.140319e+08,
1.064819e+08,
5.612938e+07,
5.928047e+07,
6.280639e+07,
6.677827e+07,
7.128643e+07,
1.822043e+07,
1.963869e+07,
2.129639e+07,
2.325973e+07,
2.562185e+07,
2.856813e+08,
1.679623e+08,
1.198544e+08,
3.221531e+07,
3.288948e+07,
3.359247e+07,
3.432616e+07,
3.509262e+07,
2.219893e+07,
2.30509e+07,
2.397087e+07,
2.496733e+07,
2.605023e+07,
2.81238e+07,
2.405779e+07,
4174210,
4706016,
4758202,
4811558,
4866125,
4921944,
792121.6,
812920.8,
834841.9,
857978,
882432.9,
1.600622e+08,
1.4805e+08,
1.23586e+07,
2.816749e+07,
2.887074e+07,
2.961e+07,
3.038812e+07,
3.120824e+07,
2273143,
2368276,
2471720,
2584614,
2708314,
4.198771e+07,
3.544796e+07,
6711453,
6981508,
7035134,
7089591,
7144898,
7201074,
1283495,
1312234,
1342291,
1373756,
1406732,
4.064177e+07,
3.559963e+07,
5179623,
6993047,
7055917,
7119926,
7185107,
7251492,
987770.2,
1011274,
1035925,
1061806,
1089015,
1.91444e+07,
1.68978e+07,
2308347,
3359729,
3369615,
3379559,
3389563,
3399625,
446366.3,
453888.9,
461669.3,
469721.2,
478058.9,
5.564511e+07,
4.163439e+07,
1.433575e+07,
8376281,
8351506,
8326879,
8302396,
8278057,
2807889,
2837210,
2867150,
2897728,
2928966,
5.752248e+07,
5.200798e+07,
5669842,
9998039,
1.019583e+07,
1.04016e+07,
1.061584e+07,
1.08391e+07,
1055110,
1093119,
1133968,
1177990,
1225567,
1.969339e+08,
1.711564e+08,
2.647475e+07,
3.399502e+07,
3.411275e+07,
3.423129e+07,
3.435065e+07,
3.447086e+07,
5112942,
5202354,
5294950,
5390902,
5490395,
6.95847e+08,
4.815143e+08,
2.189234e+08,
9.536332e+07,
9.583079e+07,
9.630286e+07,
9.677959e+07,
9.726109e+07,
4.209747e+07,
4.29245e+07,
4.378468e+07,
4.468004e+07,
4.561278e+07,
2.643538e+07,
2.41973e+07,
2301928,
4784316,
4811730,
4839461,
4867513,
4895892,
442375.1,
451200.7,
460385.6,
469952.2,
479924.8,
4.215691e+08,
3.377624e+08,
8.589197e+07,
6.540372e+07,
6.646074e+07,
6.755249e+07,
6.86807e+07,
6.984724e+07,
1.610577e+07,
1.66248e+07,
1.717839e+07,
1.777013e+07,
1.840409e+07,
1.863486e+08,
1.405854e+08,
4.683388e+07,
2.73512e+07,
2.772886e+07,
2.811709e+07,
2.851634e+07,
2.892711e+07,
8826770,
9088758,
9366775,
9662337,
9977158,
1.137235e+08,
8.50552e+07,
2.933312e+07,
1.617535e+07,
1.658267e+07,
1.701104e+07,
1.746213e+07,
1.793779e+07,
5386068,
5616085,
5866624,
6140561,
6441333,
3.733002e+07,
3.278306e+07,
4671265,
6395184,
6474892,
6556613,
6640422,
6726402,
883786.6,
908319.3,
934252.9,
961710.9,
990831.9,
1.709132e+07,
1.625715e+07,
858926.8,
3105201,
3176634,
3251431,
3329835,
3412114,
158720,
164994.4,
171785.3,
179159.3,
187194.6,
3.713151e+08,
2.47756e+08,
1.261089e+08,
4.934099e+07,
4.944588e+07,
4.95512e+07,
4.965698e+07,
4.976322e+07,
2.440204e+07,
2.480515e+07,
2.522179e+07,
2.565267e+07,
2.609852e+07,
2.042491e+08,
1.409745e+08,
6.46263e+07,
2.77844e+07,
2.798814e+07,
2.819489e+07,
2.840472e+07,
2.861769e+07,
1.235774e+07,
1.263513e+07,
1.292526e+07,
1.322903e+07,
1.354741e+07,
3.999674e+09,
3.079023e+09,
9.4127e+08,
5.965164e+08,
6.05863e+08,
6.158046e+08,
6.264268e+08,
6.378364e+08,
1.768322e+08,
1.823028e+08,
1.88254e+08,
1.947772e+08,
2.019946e+08,
2076, 
1.86726e+07,
1.778198e+07,
917084.7,
3457411,
3506205,
3556396,
3608045,
3661216,
172936.9,
178022.8,
183416.9,
189148.2,
195249.1,
1.804059e+08,
1.724645e+08,
8178290,
3.394751e+07,
3.421803e+07,
3.44929e+07,
3.477222e+07,
3.50561e+07,
1564019,
1599036,
1635658,
1673997,
1714175,
6.050826e+07,
5.656154e+07,
4061766,
1.090594e+07,
1.110541e+07,
1.131231e+07,
1.152706e+07,
1.175013e+07,
758590.4,
784551.9,
812353.3,
842197.4,
874318,
3.589974e+07,
3.008316e+07,
5968140,
5561391,
5780061,
6016632,
6273394,
6553048,
1061783,
1123852,
1193628,
1272642,
1362858,
8.491083e+07,
8.036774e+07,
4677246,
1.553485e+07,
1.579961e+07,
1.607355e+07,
1.635715e+07,
1.665095e+07,
876093.3,
904798.9,
935449.3,
968249,
1003433,
9.42803e+07,
8.906121e+07,
5372903,
1.695338e+07,
1.73722e+07,
1.781224e+07,
1.827515e+07,
1.876276e+07,
988973.5,
1030001,
1074581,
1123193,
1176413,
1.484167e+08,
1.205845e+08,
2.853473e+07,
2.388496e+07,
2.400037e+07,
2.411691e+07,
2.423458e+07,
2.43534e+07,
5491718,
5597264,
5706946,
5821012,
5939732,
4.2409e+08,
3.19523e+08,
1.070102e+08,
5.717534e+07,
6.035297e+07,
6.390459e+07,
6.790036e+07,
7.242914e+07,
1.833461e+07,
1.974993e+07,
2.140204e+07,
2.335578e+07,
2.570206e+07,
2.882571e+08,
1.706251e+08,
1.197805e+08,
3.274515e+07,
3.342085e+07,
3.412502e+07,
3.485951e+07,
3.562631e+07,
2.220072e+07,
2.304503e+07,
2.395611e+07,
2.494218e+07,
2.601292e+07,
2.802268e+07,
2.401153e+07,
4118076,
4696861,
4748999,
4802307,
4856825,
4912596,
781456,
801981.9,
823615.3,
846448,
870582.8,
1.600949e+08,
1.48245e+08,
1.219207e+07,
2.820539e+07,
2.890918e+07,
2.964899e+07,
3.042767e+07,
3.124834e+07,
2242600,
2336411,
2438414,
2549729,
2671694,
4.178376e+07,
3.533395e+07,
6619437,
6959025,
7012493,
7066790,
7121934,
7177945,
1265902,
1294246,
1323887,
1354919,
1387440,
4.054377e+07,
3.557847e+07,
5100944,
6989668,
7052119,
7115694,
7180427,
7246347,
972899.1,
995982.9,
1020189,
1045601,
1072311,
1.909216e+07,
1.687988e+07,
2273180,
3357061,
3366492,
3375977,
3385514,
3395106,
439703.8,
447045.2,
454635.9,
462488.8,
470617.8,
5.609929e+07,
4.211585e+07,
1.430895e+07,
8481135,
8452053,
8423170,
8394484,
8365992,
2805724,
2833480,
2861791,
2890673,
2920144,
5.737915e+07,
5.195122e+07,
5581052,
9986298,
1.018427e+07,
1.039025e+07,
1.060473e+07,
1.082825e+07,
1038497,
1075952,
1116210,
1159598,
1206495,
1.982198e+08,
1.725092e+08,
2.640708e+07,
3.429494e+07,
3.439808e+07,
3.450184e+07,
3.460622e+07,
3.471124e+07,
5105238,
5191832,
5281416,
5374145,
5470188,
6.983626e+08,
4.86058e+08,
2.168788e+08,
9.636724e+07,
9.678758e+07,
9.721159e+07,
9.763933e+07,
9.807086e+07,
4.175715e+07,
4.255106e+07,
4.337575e+07,
4.423304e+07,
4.51249e+07,
2.626173e+07,
2.406256e+07,
2261981,
4759518,
4785868,
4812512,
4839453,
4866698,
434893.4,
443472.2,
452396.1,
461686.6,
471366.8,
4.171188e+08,
3.349747e+08,
8.41931e+07,
6.485228e+07,
6.59062e+07,
6.699493e+07,
6.812024e+07,
6.928399e+07,
1.578417e+07,
1.629436e+07,
1.683862e+07,
1.742051e+07,
1.804404e+07,
1.855769e+08,
1.405287e+08,
4.610618e+07,
2.732961e+07,
2.771225e+07,
2.810575e+07,
2.851059e+07,
2.892726e+07,
8685931,
8945583,
9221236,
9514418,
9826857,
1.13709e+08,
8.529371e+07,
2.907622e+07,
1.622774e+07,
1.663287e+07,
1.705874e+07,
1.7507e+07,
1.797945e+07,
5341622,
5568380,
5815244,
6085011,
6381024,
3.699237e+07,
3.254784e+07,
4566275,
6347045,
6427280,
6509569,
6593993,
6680635,
863581.3,
887723.8,
913255,
940298.3,
968992.1,
1.712228e+07,
1.629996e+07,
846745.3,
3113237,
3184925,
3259993,
3338684,
3421269,
156461.8,
162650.6,
169349.1,
176623,
184549.8,
3.769272e+08,
2.528078e+08,
1.266943e+08,
5.044296e+07,
5.05022e+07,
5.056157e+07,
5.062108e+07,
5.068074e+07,
2.456962e+07,
2.494832e+07,
2.533887e+07,
2.574184e+07,
2.615784e+07,
2.067111e+08,
1.433066e+08,
6.476505e+07,
2.826796e+07,
2.846328e+07,
2.866132e+07,
2.886214e+07,
2.906578e+07,
1.239656e+07,
1.266868e+07,
1.295301e+07,
1.32504e+07,
1.356176e+07,
4.015459e+09,
3.099558e+09,
9.364903e+08,
6.008439e+08,
6.100819e+08,
6.199116e+08,
6.304178e+08,
6.417055e+08,
1.760914e+08,
1.814596e+08,
1.872981e+08,
1.936958e+08,
2.00772e+08,
2077, 
1.866907e+07,
1.779564e+07,
899416.4,
3459131,
3508417,
3559128,
3611325,
3665077,
169553.8,
174565.9,
179883.3,
185534.8,
191553,
1.809674e+08,
1.731614e+08,
8039099,
3.409246e+07,
3.436025e+07,
3.463229e+07,
3.490866e+07,
3.518949e+07,
1537808,
1572035,
1607820,
1645272,
1684511,
6.063088e+07,
5.673783e+07,
4006661,
1.094572e+07,
1.114302e+07,
1.134757e+07,
1.155976e+07,
1.178004e+07,
748755.1,
774152,
801332.2,
830490.4,
861850.8,
3.583125e+07,
3.007402e+07,
5907486,
5559188,
5778029,
6014805,
6271816,
6551771,
1050893,
1112375,
1181497,
1259780,
1349172,
8.449414e+07,
8.000399e+07,
4622802,
1.546528e+07,
1.572848e+07,
1.60008e+07,
1.628271e+07,
1.657473e+07,
865944.8,
894293.1,
924560.4,
956948.2,
991687.5,
9.397573e+07,
8.884634e+07,
5280673,
1.690859e+07,
1.732825e+07,
1.776927e+07,
1.823332e+07,
1.872227e+07,
971747.6,
1012185,
1056135,
1104074,
1156572,
1.497088e+08,
1.219206e+08,
2.849144e+07,
2.417472e+07,
2.427896e+07,
2.438411e+07,
2.449017e+07,
2.459716e+07,
5489994,
5592202,
5698288,
5808477,
5923011,
4.301516e+08,
3.250877e+08,
1.075264e+08,
5.823693e+07,
6.144072e+07,
6.501754e+07,
6.903656e+07,
7.358518e+07,
1.844704e+07,
1.985911e+07,
2.150528e+07,
2.344902e+07,
2.577906e+07,
2.90853e+08,
1.733185e+08,
1.196958e+08,
3.328152e+07,
3.395856e+07,
3.466371e+07,
3.539876e+07,
3.616568e+07,
2.220051e+07,
2.303708e+07,
2.393916e+07,
2.491477e+07,
2.597328e+07,
2.792153e+07,
2.396493e+07,
4062255,
4687639,
4739728,
4792987,
4847457,
4903178,
770849.9,
791103.8,
812450.9,
834981.9,
858798.3,
1.601277e+08,
1.484399e+08,
1.202552e+07,
2.824329e+07,
2.894763e+07,
2.968799e+07,
3.046722e+07,
3.128845e+07,
2212053,
2304543,
2405104,
2514843,
2635074,
4.157971e+07,
3.521925e+07,
6528016,
6936405,
6989715,
7043850,
7098831,
7154675,
1248423,
1276373,
1305603,
1336204,
1368273,
4.044558e+07,
3.555679e+07,
5022594,
6986188,
7048217,
7111358,
7175640,
7241095,
958086.5,
980753.4,
1004519,
1029464,
1055681,
1.90397e+07,
1.686161e+07,
2238160,
3354321,
3363297,
3372322,
3381395,
3390518,
433065.8,
440228.5,
447632.1,
455288.9,
463212.3,
5.655978e+07,
4.260422e+07,
1.428156e+07,
8587591,
8554087,
8520844,
8487859,
8455128,
2803439,
2829628,
2856311,
2883502,
2911216,
5.723588e+07,
5.189412e+07,
5492678,
9974492,
1.017264e+07,
1.037882e+07,
1.059354e+07,
1.081732e+07,
1021965,
1058868,
1098536,
1141291,
1187510,
1.995213e+08,
1.738784e+08,
2.633842e+07,
3.459872e+07,
3.468698e+07,
3.477569e+07,
3.486486e+07,
3.495449e+07,
5097327,
5181105,
5267684,
5357205,
5449821,
7.009161e+08,
4.906439e+08,
2.148292e+08,
9.738193e+07,
9.775394e+07,
9.812879e+07,
9.850654e+07,
9.888719e+07,
4.14151e+07,
4.217622e+07,
4.296584e+07,
4.378559e+07,
4.463724e+07,
2.608719e+07,
2.392666e+07,
2222295,
4734474,
4759767,
4785332,
4811172,
4837293,
427455.3,
435791.4,
444459,
453478.3,
462871.4,
4.126742e+08,
3.321741e+08,
8.25127e+07,
6.429859e+07,
6.534926e+07,
6.643483e+07,
6.755708e+07,
6.87179e+07,
1.546615e+07,
1.596755e+07,
1.650254e+07,
1.707463e+07,
1.76878e+07,
1.848077e+08,
1.40469e+08,
4.538404e+07,
2.730743e+07,
2.769503e+07,
2.80938e+07,
2.850421e+07,
2.89268e+07,
8546254,
8803545,
9076809,
9367580,
9677599,
1.136944e+08,
8.553187e+07,
2.881955e+07,
1.628012e+07,
1.668302e+07,
1.710637e+07,
1.755177e+07,
1.802098e+07,
5297177,
5520697,
5763910,
6029541,
6320838,
3.665587e+07,
3.231247e+07,
4462603,
6298909,
6379654,
6462495,
6547515,
6634804,
843640.9,
867392.7,
892520.6,
919147.9,
947412.9,
1.715324e+07,
1.634281e+07,
834515.5,
3121280,
3193224,
3268563,
3347542,
3430433,
154194.8,
160297.5,
166903.1,
174076.6,
181894.3,
3.826867e+08,
2.579962e+08,
1.27291e+08,
5.157656e+07,
5.15879e+07,
5.159924e+07,
5.161058e+07,
5.162194e+07,
2.47402e+07,
2.509406e+07,
2.54582e+07,
2.583306e+07,
2.621912e+07,
2.092015e+08,
1.456729e+08,
6.489804e+07,
2.87591e+07,
2.894562e+07,
2.913458e+07,
2.932601e+07,
2.951998e+07,
1.243437e+07,
1.270114e+07,
1.297961e+07,
1.327056e+07,
1.357486e+07,
4.03159e+09,
3.120435e+09,
9.31713e+08,
6.052506e+08,
6.143744e+08,
6.240871e+08,
6.344723e+08,
6.456335e+08,
1.75352e+08,
1.806173e+08,
1.863426e+08,
1.926148e+08,
1.995499e+08,
2078, 
1.866555e+07,
1.780929e+07,
881761.1,
3460849,
3510628,
3561858,
3614606,
3668941,
166175.2,
171112.5,
176352.2,
181922.9,
187857,
1.815308e+08,
1.73861e+08,
7899022,
3.423799e+07,
3.450303e+07,
3.47722e+07,
3.504561e+07,
3.532335e+07,
1511414,
1544852,
1579804,
1616374,
1654678,
6.075426e+07,
5.691506e+07,
3951365,
1.098573e+07,
1.118084e+07,
1.138301e+07,
1.159263e+07,
1.181011e+07,
738872.2,
763708.8,
790273,
818751.9,
849360.1,
3.576278e+07,
3.006469e+07,
5847044,
5556949,
5775958,
6012938,
6270196,
6550451,
1040042,
1100938,
1169409,
1246961,
1335530,
8.407718e+07,
7.963966e+07,
4568650,
1.539559e+07,
1.565724e+07,
1.592793e+07,
1.620815e+07,
1.649841e+07,
855849.5,
883843.1,
913729.9,
945708.6,
980007.1,
9.367178e+07,
8.863156e+07,
5188992,
1.686383e+07,
1.728432e+07,
1.772631e+07,
1.81915e+07,
1.868177e+07,
954631.8,
994479.4,
1037798,
1085063,
1136839,
1.510189e+08,
1.232759e+08,
2.844666e+07,
2.446893e+07,
2.45617e+07,
2.465517e+07,
2.474936e+07,
2.484427e+07,
5487983,
5586845,
5689333,
5795652,
5906020,
4.362759e+08,
3.307272e+08,
1.080304e+08,
5.931439e+07,
6.254394e+07,
6.614543e+07,
7.018704e+07,
7.475468e+07,
1.85577e+07,
1.996621e+07,
2.160609e+07,
2.353945e+07,
2.585282e+07,
2.934692e+08,
1.760431e+08,
1.196002e+08,
3.382454e+07,
3.450271e+07,
3.520862e+07,
3.594402e+07,
3.67108e+07,
2.219831e+07,
2.302703e+07,
2.392003e+07,
2.488509e+07,
2.593129e+07,
2.782035e+07,
2.391799e+07,
4006745,
4678353,
4730391,
4783599,
4838019,
4893690,
760303.6,
780286.9,
801349,
823579.8,
847079.1,
1.601604e+08,
1.48635e+08,
1.185899e+07,
2.828121e+07,
2.898608e+07,
2.972699e+07,
3.050677e+07,
3.132856e+07,
2181506,
2272675,
2371797,
2479960,
2598459,
4.137554e+07,
3.510386e+07,
6437187,
6913651,
6966799,
7020772,
7075587,
7131265,
1231057,
1258616,
1287437,
1317610,
1349230,
4.034719e+07,
3.553458e+07,
4944579,
6982603,
7044210,
7106916,
7170747,
7235737,
943334.3,
965587.4,
988915.8,
1013399,
1039126,
1.898705e+07,
1.684298e+07,
2203291,
3351509,
3360031,
3368597,
3377206,
3385859,
426452.7,
433439,
440658.1,
448121.8,
455842.5,
5.702674e+07,
4.309965e+07,
1.425354e+07,
8695680,
8657639,
8619929,
8582547,
8545487,
2801029,
2825650,
2850707,
2876213,
2902179,
5.709265e+07,
5.183664e+07,
5404715,
9962616,
1.016095e+07,
1.036733e+07,
1.058227e+07,
1.080631e+07,
1005512,
1041864,
1080943,
1123068,
1168610,
2.008386e+08,
1.752645e+08,
2.626878e+07,
3.49064e+07,
3.49795e+07,
3.50529e+07,
3.512662e+07,
3.520064e+07,
5089213,
5170175,
5253755,
5340082,
5429294,
7.035089e+08,
4.952736e+08,
2.127745e+08,
9.840767e+07,
9.873013e+07,
9.905471e+07,
9.938144e+07,
9.971032e+07,
4.107126e+07,
4.179992e+07,
4.255491e+07,
4.333767e+07,
4.414976e+07,
2.591174e+07,
2.37896e+07,
2182870,
4709182,
4733425,
4757920,
4782669,
4807677,
420060.8,
428158.2,
436573.9,
445327.1,
454438.5,
4.082349e+08,
3.293608e+08,
8.085075e+07,
6.37426e+07,
6.47899e+07,
6.587217e+07,
6.699122e+07,
6.814894e+07,
1.515171e+07,
1.564437e+07,
1.617015e+07,
1.67325e+07,
1.733537e+07,
1.84041e+08,
1.404062e+08,
4.466743e+07,
2.728468e+07,
2.767723e+07,
2.808124e+07,
2.849722e+07,
2.892572e+07,
8407732,
8662640,
8933486,
9221816,
9529379,
1.136798e+08,
8.57697e+07,
2.856313e+07,
1.633249e+07,
1.673314e+07,
1.715394e+07,
1.759645e+07,
1.80624e+07,
5252735,
5473036,
5712626,
5974153,
6260775,
3.63205e+07,
3.207695e+07,
4360247,
6250775,
6332013,
6415389,
6500991,
6588908,
823964.9,
847325.4,
872049.4,
898259.6,
926094.1,
1.718419e+07,
1.638571e+07,
822242.8,
3129330,
3201530,
3277141,
3356409,
3439607,
151920.2,
157936.3,
164448.6,
171521,
179229,
3.885996e+08,
2.633265e+08,
1.278994e+08,
5.274309e+07,
5.270417e+07,
5.26653e+07,
5.262649e+07,
5.258774e+07,
2.491388e+07,
2.524249e+07,
2.557987e+07,
2.59264e+07,
2.628245e+07,
2.117209e+08,
1.480738e+08,
6.50252e+07,
2.925796e+07,
2.943528e+07,
2.961476e+07,
2.979644e+07,
2.998037e+07,
1.247114e+07,
1.27325e+07,
1.300504e+07,
1.328951e+07,
1.35867e+07,
4.048076e+09,
3.141666e+09,
9.269377e+08,
6.097386e+08,
6.187428e+08,
6.283331e+08,
6.385922e+08,
6.49622e+08,
1.746138e+08,
1.797757e+08,
1.853875e+08,
1.915342e+08,
1.983284e+08,
2079, 
1.866205e+07,
1.782293e+07,
864118.8,
3462565,
3512835,
3564587,
3617886,
3672804,
162801.2,
167662.8,
172823.8,
178312.5,
184161.4,
1.820958e+08,
1.745632e+08,
7758014,
3.43841e+07,
3.464635e+07,
3.491264e+07,
3.518305e+07,
3.545768e+07,
1484827,
1517481,
1551603,
1587295,
1624668,
6.087841e+07,
5.709323e+07,
3895887,
1.102596e+07,
1.121887e+07,
1.141865e+07,
1.162567e+07,
1.184033e+07,
728943.4,
753223.7,
779177.3,
806983.4,
836847.4,
3.569432e+07,
3.005516e+07,
5786821,
5554674,
5773850,
6011032,
6268536,
6549088,
1029233,
1089544,
1157364,
1234188,
1321935,
8.365992e+07,
7.927476e+07,
4514802,
1.532578e+07,
1.558588e+07,
1.585495e+07,
1.613348e+07,
1.642197e+07,
845810.3,
873451.4,
902960.4,
934532.8,
968393.2,
9.336844e+07,
8.841688e+07,
5097850,
1.681912e+07,
1.724042e+07,
1.768338e+07,
1.814969e+07,
1.864127e+07,
937623.9,
976881.4,
1019570,
1066160,
1117212,
1.523472e+08,
1.246509e+08,
2.840041e+07,
2.47677e+07,
2.484868e+07,
2.493019e+07,
2.501223e+07,
2.509482e+07,
5485686,
5581192,
5680082,
5782539,
5888760,
4.424641e+08,
3.364426e+08,
1.085221e+08,
6.040801e+07,
6.366289e+07,
6.728851e+07,
7.135203e+07,
7.593788e+07,
1.866653e+07,
2.007117e+07,
2.170441e+07,
2.3627e+07,
2.592331e+07,
2.96106e+08,
1.78799e+08,
1.194935e+08,
3.437427e+07,
3.505335e+07,
3.57598e+07,
3.649532e+07,
3.726172e+07,
2.219408e+07,
2.301487e+07,
2.38987e+07,
2.485312e+07,
2.588696e+07,
2.771914e+07,
2.387071e+07,
3951550,
4668999,
4720985,
4774143,
4828511,
4884131,
749817.3,
769531.4,
790310.1,
812242.1,
835426.1,
1.601932e+08,
1.4883e+08,
1.169244e+07,
2.831912e+07,
2.902454e+07,
2.976599e+07,
3.054632e+07,
3.136867e+07,
2150955,
2240805,
2338488,
2445076,
2561845,
4.117128e+07,
3.498778e+07,
6346950,
6890760,
6943747,
6997556,
7052205,
7107714,
1213804,
1240975,
1269390,
1299137,
1330311,
4.024861e+07,
3.551184e+07,
4866900,
6978913,
7040100,
7102369,
7165748,
7230270,
928641.9,
950484.8,
973379.9,
997405.3,
1022647,
1.893417e+07,
1.682399e+07,
2168571,
3348624,
3356692,
3364799,
3372945,
3381130,
419864.7,
426677.1,
433714.3,
440987.5,
448508.8,
5.750028e+07,
4.360227e+07,
1.422488e+07,
8805437,
8762740,
8720454,
8678575,
8637096,
2798491,
2821542,
2844976,
2868802,
2893031,
5.694948e+07,
5.177882e+07,
5317159,
9950677,
1.014918e+07,
1.035577e+07,
1.057093e+07,
1.079523e+07,
989136.9,
1024940,
1063432,
1104928,
1149794,
2.02172e+08,
1.766676e+08,
2.619812e+07,
3.521806e+07,
3.52757e+07,
3.533352e+07,
3.539154e+07,
3.544974e+07,
5080887,
5159035,
5239625,
5322773,
5408602,
7.061415e+08,
4.999476e+08,
2.107147e+08,
9.944467e+07,
9.971636e+07,
9.998953e+07,
1.002642e+08,
1.005404e+08,
4.072563e+07,
4.142217e+07,
4.214294e+07,
4.288925e+07,
4.366246e+07,
2.573538e+07,
2.365137e+07,
2143708,
4683639,
4706841,
4730274,
4753941,
4777847,
412710.4,
420573.3,
428741.6,
437233.5,
446068.6,
4.038012e+08,
3.265349e+08,
7.920722e+07,
6.318437e+07,
6.422815e+07,
6.530698e+07,
6.642268e+07,
6.757716e+07,
1.484085e+07,
1.532483e+07,
1.584145e+07,
1.639411e+07,
1.698672e+07,
1.832768e+08,
1.403404e+08,
4.395633e+07,
2.726134e+07,
2.765883e+07,
2.806808e+07,
2.848962e+07,
2.892402e+07,
8270364,
8522863,
8791266,
9077124,
9382196,
1.13665e+08,
8.600718e+07,
2.830693e+07,
1.638484e+07,
1.678321e+07,
1.720144e+07,
1.764104e+07,
1.81037e+07,
5208287,
5425393,
5661386,
5918842,
6200831,
3.598627e+07,
3.184128e+07,
4259194,
6202647,
6284361,
6368255,
6454421,
6542949,
804550.2,
827519.4,
851838.8,
877630.9,
905033.5,
1.721513e+07,
1.642863e+07,
809921.9,
3137387,
3209844,
3285727,
3365285,
3448790,
149636.8,
155566,
161984.4,
168955.2,
176553,
3.946719e+08,
2.688045e+08,
1.285199e+08,
5.394388e+07,
5.385223e+07,
5.376089e+07,
5.366986e+07,
5.357915e+07,
2.509078e+07,
2.539368e+07,
2.570398e+07,
2.602195e+07,
2.634789e+07,
2.142698e+08,
1.505101e+08,
6.514639e+07,
2.97647e+07,
2.993241e+07,
3.010202e+07,
3.027356e+07,
3.044707e+07,
1.250686e+07,
1.276272e+07,
1.302928e+07,
1.33072e+07,
1.359725e+07,
4.064927e+09,
3.163258e+09,
9.221644e+08,
6.143103e+08,
6.231891e+08,
6.326515e+08,
6.427793e+08,
6.536726e+08,
1.738768e+08,
1.789348e+08,
1.844329e+08,
1.904538e+08,
1.971074e+08,
2080, 
1.865854e+07,
1.783658e+07,
846488.1,
3464278,
3515042,
3567315,
3621167,
3676670,
159431.2,
164216.4,
169297.6,
174703.3,
180465.7,
1.826627e+08,
1.75268e+08,
7616130,
3.45308e+07,
3.479024e+07,
3.50536e+07,
3.532098e+07,
3.559247e+07,
1458059,
1489930,
1523226,
1558044,
1594491,
6.100334e+07,
5.727238e+07,
3840217,
1.106643e+07,
1.125711e+07,
1.145448e+07,
1.165889e+07,
1.187072e+07,
718966.4,
742695,
768043.3,
795183,
824311.1,
3.562589e+07,
3.004544e+07,
5726812,
5552364,
5771705,
6009088,
6266835,
6547684,
1018463,
1078192,
1145362,
1221458,
1308385,
8.324239e+07,
7.89093e+07,
4461253,
1.525586e+07,
1.55144e+07,
1.578186e+07,
1.60587e+07,
1.634542e+07,
835825.9,
863117,
892250.6,
923419.5,
956844.9,
9.306574e+07,
8.820229e+07,
5007242,
1.677443e+07,
1.719655e+07,
1.764046e+07,
1.810789e+07,
1.860077e+07,
920722.5,
959390.3,
1001448,
1047363,
1097690,
1.536941e+08,
1.260461e+08,
2.835259e+07,
2.507112e+07,
2.513998e+07,
2.520923e+07,
2.527885e+07,
2.534886e+07,
5483086,
5575227,
5670518,
5769122,
5871218,
4.48717e+08,
3.422351e+08,
1.090012e+08,
6.151805e+07,
6.479783e+07,
6.844702e+07,
7.253175e+07,
7.713497e+07,
1.877351e+07,
2.017398e+07,
2.180024e+07,
2.371167e+07,
2.599051e+07,
2.987637e+08,
1.815867e+08,
1.193756e+08,
3.49308e+07,
3.561058e+07,
3.631735e+07,
3.705273e+07,
3.781852e+07,
2.218778e+07,
2.300055e+07,
2.387513e+07,
2.481885e+07,
2.584024e+07,
2.761789e+07,
2.382308e+07,
3896665,
4659578,
4711512,
4764617,
4818933,
4874501,
739390.1,
758836.2,
779333,
800967.7,
823837.9,
1.60226e+08,
1.49025e+08,
1.152588e+07,
2.835704e+07,
2.9063e+07,
2.9805e+07,
3.058588e+07,
3.140879e+07,
2120399,
2208930,
2305177,
2410192,
2525233,
4.09669e+07,
3.487101e+07,
6257301,
6867735,
6920558,
6974201,
7028683,
7084022,
1196664,
1223449,
1251460,
1280784,
1311516,
4.014984e+07,
3.548858e+07,
4789551,
6975121,
7035884,
7097715,
7160642,
7224697,
914008.6,
935444.5,
957910.1,
981481.1,
1006242,
1.888109e+07,
1.680464e+07,
2134001,
3345667,
3353280,
3360929,
3368612,
3376330,
413301.2,
419942.2,
426800.1,
433885.7,
441210.5,
5.798055e+07,
4.411226e+07,
1.419558e+07,
8916900,
8869424,
8822451,
8775972,
8729982,
2795824,
2817304,
2839116,
2861268,
2883769,
5.680636e+07,
5.172065e+07,
5230013,
9938671,
1.013735e+07,
1.034413e+07,
1.055952e+07,
1.078408e+07,
972841.2,
1008096,
1046003,
1086871,
1131063,
2.035218e+08,
1.780881e+08,
2.612646e+07,
3.553379e+07,
3.557566e+07,
3.561762e+07,
3.565969e+07,
3.570186e+07,
5072351,
5147686,
5225293,
5305275,
5387744,
7.08815e+08,
5.046674e+08,
2.086494e+08,
1.004932e+08,
1.007129e+08,
1.009335e+08,
1.01155e+08,
1.013776e+08,
4.037813e+07,
4.104288e+07,
4.172988e+07,
4.244027e+07,
4.317527e+07,
2.55581e+07,
2.351196e+07,
2104811,
4657843,
4680012,
4702392,
4724988,
4747802,
405404.4,
413036.9,
420962.3,
429197.7,
437761.8,
3.993728e+08,
3.236963e+08,
7.758202e+07,
6.262388e+07,
6.3664e+07,
6.473925e+07,
6.585145e+07,
6.700253e+07,
1.453353e+07,
1.500889e+07,
1.55164e+07,
1.605944e+07,
1.664186e+07,
1.82515e+08,
1.402716e+08,
4.325069e+07,
2.723743e+07,
2.763983e+07,
2.805431e+07,
2.848141e+07,
2.892171e+07,
8134138,
8384206,
8650138,
8933493,
9236040,
1.136502e+08,
8.624432e+07,
2.805096e+07,
1.643719e+07,
1.683325e+07,
1.724886e+07,
1.768553e+07,
1.814487e+07,
5163842,
5377771,
5610193,
5863611,
6141007,
3.565316e+07,
3.160545e+07,
4159445,
6154522,
6236694,
6321091,
6407802,
6496927,
785397.1,
807974.8,
831888.9,
857261.8,
884231.3,
1.724608e+07,
1.647161e+07,
797557.3,
3145451,
3218165,
3294321,
3374169,
3457983,
147345.6,
153187.4,
159511.5,
166380.2,
173867,
4.009103e+08,
2.744362e+08,
1.291531e+08,
5.518037e+07,
5.503342e+07,
5.488724e+07,
5.474184e+07,
5.459721e+07,
2.527104e+07,
2.554777e+07,
2.583063e+07,
2.611982e+07,
2.641556e+07,
2.168487e+08,
1.529823e+08,
6.526156e+07,
3.027944e+07,
3.043713e+07,
3.059646e+07,
3.075746e+07,
3.092018e+07,
1.25415e+07,
1.279181e+07,
1.305231e+07,
1.332365e+07,
1.36065e+07,
4.082153e+09,
3.185222e+09,
9.173926e+08,
6.18968e+08,
6.277155e+08,
6.370445e+08,
6.470354e+08,
6.577871e+08,
1.731409e+08,
1.780945e+08,
1.834785e+08,
1.893737e+08,
1.958869e+08,
2081, 
1.864338e+07,
1.783615e+07,
831325.8,
3463339,
3514517,
3567230,
3621549,
3677548,
156532.1,
161251.9,
166265.2,
171600.2,
177288.9,
1.830905e+08,
1.758129e+08,
7495738,
3.464556e+07,
3.490215e+07,
3.516258e+07,
3.542692e+07,
3.569527e+07,
1435367,
1466564,
1499148,
1533212,
1568861,
6.091418e+07,
5.724125e+07,
3780585,
1.106005e+07,
1.12508e+07,
1.144825e+07,
1.165275e+07,
1.186469e+07,
707779.8,
731150.4,
756117.1,
782849.1,
811540.7,
3.55272e+07,
3.000291e+07,
5669375,
5543666,
5763081,
6000582,
6258498,
6539582,
1008084,
1067286,
1133875,
1209326,
1295535,
8.278631e+07,
7.85019e+07,
4411179,
1.517729e+07,
1.54344e+07,
1.570038e+07,
1.597568e+07,
1.626082e+07,
826458,
853436.4,
882235.7,
913046.4,
946087.2,
9.270017e+07,
8.79162e+07,
4925526,
1.671574e+07,
1.713852e+07,
1.758324e+07,
1.805166e+07,
1.854571e+07,
905436.9,
943592.4,
985105.1,
1030439,
1080146,
1.538883e+08,
1.264607e+08,
2.8128e+07,
2.515225e+07,
2.5222e+07,
2.529215e+07,
2.536268e+07,
2.543361e+07,
5439372,
5530919,
5625600,
5723580,
5825033,
4.539996e+08,
3.471761e+08,
1.093576e+08,
6.246042e+07,
6.576341e+07,
6.943522e+07,
7.354131e+07,
7.816354e+07,
1.885376e+07,
2.025083e+07,
2.187152e+07,
2.377419e+07,
2.603944e+07,
3.007919e+08,
1.83898e+08,
1.191004e+08,
3.538957e+07,
3.60712e+07,
3.67796e+07,
3.751639e+07,
3.82833e+07,
2.214732e+07,
2.295326e+07,
2.382008e+07,
2.475494e+07,
2.576617e+07,
2.749856e+07,
2.375357e+07,
3845649,
4645644,
4697592,
4750715,
4805053,
4860649,
729654.2,
748872.1,
769129.7,
790513.7,
813120.9,
1.602407e+08,
1.491776e+08,
1.138431e+07,
2.83877e+07,
2.90936e+07,
2.983551e+07,
3.061625e+07,
3.143894e+07,
2094503,
2181879,
2276862,
2380492,
2494004,
4.076982e+07,
3.475152e+07,
6177867,
6843926,
6896706,
6950304,
7004743,
7060041,
1181426,
1207893,
1235573,
1264552,
1294922,
3.999705e+07,
3.541099e+07,
4712491,
6959526,
7020326,
7082198,
7145170,
7209272,
899259.8,
920371.3,
942498.1,
965715,
990104.6,
1.879434e+07,
1.675162e+07,
2099430,
3334971,
3342630,
3350324,
3358053,
3365818,
406589.3,
413130.7,
419886,
426865.8,
434081.7,
5.802398e+07,
4.427024e+07,
1.407925e+07,
8948278,
8900914,
8854049,
8807674,
8761783,
2772745,
2794131,
2815850,
2837909,
2860316,
5.667865e+07,
5.166522e+07,
5155848,
9927688,
1.012631e+07,
1.033305e+07,
1.05484e+07,
1.077291e+07,
959015.9,
993784.7,
1031170,
1071477,
1115064,
2.035096e+08,
1.782839e+08,
2.591363e+07,
3.557169e+07,
3.561418e+07,
3.565677e+07,
3.569946e+07,
3.574226e+07,
5030872,
5105670,
5182726,
5262144,
5344033,
7.056385e+08,
5.049172e+08,
2.051701e+08,
1.005318e+08,
1.007571e+08,
1.009834e+08,
1.012108e+08,
1.014391e+08,
3.970053e+07,
4.035626e+07,
4.103402e+07,
4.173494e+07,
4.246021e+07,
2.532427e+07,
2.331657e+07,
2065325,
4619016,
4641059,
4663315,
4685784,
4708471,
397788.8,
405283,
413064.9,
421151.5,
429561.1,
3.950559e+08,
3.208037e+08,
7.612537e+07,
6.205442e+07,
6.309e+07,
6.416075e+07,
6.526846e+07,
6.64151e+07,
1.42582e+07,
1.472579e+07,
1.522507e+07,
1.575941e+07,
1.633261e+07,
1.816477e+08,
1.400423e+08,
4.260057e+07,
2.718247e+07,
2.758929e+07,
2.800847e+07,
2.844058e+07,
2.888624e+07,
8008465,
8256371,
8520114,
8801264,
9101602,
1.132725e+08,
8.616978e+07,
2.774226e+07,
1.642179e+07,
1.681807e+07,
1.723396e+07,
1.767093e+07,
1.813064e+07,
5106655,
5318395,
5548452,
5799313,
6073931,
3.535302e+07,
3.139068e+07,
4071890,
6110754,
6193316,
6278137,
6365315,
6454948,
768591.9,
790822.8,
814377.9,
839379.4,
865964.5,
1.726296e+07,
1.649867e+07,
787089.4,
3150432,
3223355,
3299733,
3379820,
3463890,
145402.5,
151171.8,
157417.9,
164202.3,
171597.9,
4.01409e+08,
2.760031e+08,
1.280744e+08,
5.549046e+07,
5.534516e+07,
5.520063e+07,
5.505686e+07,
5.491382e+07,
2.505778e+07,
2.533327e+07,
2.561489e+07,
2.590283e+07,
2.619733e+07,
2.178608e+08,
1.542918e+08,
6.49632e+07,
3.053595e+07,
3.069631e+07,
3.085836e+07,
3.102213e+07,
3.118765e+07,
1.24831e+07,
1.273278e+07,
1.299264e+07,
1.326333e+07,
1.354554e+07,
4.080679e+09,
3.192345e+09,
9.086685e+08,
6.203244e+08,
6.29106e+08,
6.384689e+08,
6.484929e+08,
6.592756e+08,
1.714807e+08,
1.763942e+08,
1.817337e+08,
1.875787e+08,
1.940341e+08,
2082, 
1.862824e+07,
1.783573e+07,
816194.4,
3462400,
3513993,
3567146,
3621933,
3678428,
153640.4,
158294.3,
163238.9,
168502.4,
174116.5,
1.835196e+08,
1.763596e+08,
7374812,
3.47607e+07,
3.501445e+07,
3.527192e+07,
3.55332e+07,
3.579839e+07,
1412562,
1443088,
1474962,
1508277,
1543131,
6.082502e+07,
5.720994e+07,
3721132,
1.105364e+07,
1.124447e+07,
1.144199e+07,
1.164658e+07,
1.185861e+07,
696627.4,
719640.6,
744226.4,
770551.6,
798807.3,
3.54286e+07,
2.996021e+07,
5612204,
5534940,
5754428,
5992043,
6250126,
6531442,
997755.8,
1056432,
1122441,
1197248,
1282739,
8.233012e+07,
7.80941e+07,
4361381,
1.509864e+07,
1.535432e+07,
1.561882e+07,
1.589259e+07,
1.617613e+07,
817141.6,
843809.2,
872276.1,
902730.9,
935389.1,
9.233548e+07,
8.763045e+07,
4844351,
1.665714e+07,
1.708057e+07,
1.752609e+07,
1.799547e+07,
1.849069e+07,
890259.3,
927902.8,
968870.2,
1013622,
1062708,
1.540824e+08,
1.268758e+08,
2.79029e+07,
2.523346e+07,
2.530411e+07,
2.537516e+07,
2.544661e+07,
2.551846e+07,
5395563,
5486513,
5580581,
5677931,
5778738,
4.593252e+08,
3.521706e+08,
1.097034e+08,
6.341411e+07,
6.674002e+07,
7.043411e+07,
7.45611e+07,
7.920184e+07,
1.893235e+07,
2.032581e+07,
2.194069e+07,
2.383431e+07,
2.608568e+07,
3.028316e+08,
1.862294e+08,
1.188163e+08,
3.58526e+07,
3.653597e+07,
3.724589e+07,
3.798395e+07,
3.875185e+07,
2.210519e+07,
2.290426e+07,
2.376327e+07,
2.468922e+07,
2.569026e+07,
2.737927e+07,
2.368379e+07,
3794952,
4631659,
4683619,
4736759,
4791118,
4846740,
719980.8,
738971,
758990.3,
780124.4,
802469.3,
1.602553e+08,
1.4933e+08,
1.124276e+07,
2.841835e+07,
2.91242e+07,
2.986601e+07,
3.064659e+07,
3.146908e+07,
2068608,
2154830,
2248553,
2350799,
2462786,
4.057272e+07,
3.463154e+07,
6098932,
6820024,
6872756,
6926309,
6980703,
7035958,
1166286,
1192436,
1219786,
1248421,
1278431,
3.984426e+07,
3.533293e+07,
4635910,
6943839,
7004675,
7066586,
7129601,
7193750,
884603.6,
905392.5,
927182,
950046.2,
974066.5,
1.87076e+07,
1.669836e+07,
2065099,
3324230,
3331933,
3339672,
3347447,
3355259,
399924.4,
406366.6,
413019.8,
419894.5,
427001.8,
5.80674e+07,
4.442831e+07,
1.396283e+07,
8979669,
8932418,
8885662,
8839393,
8793603,
2749650,
2770942,
2792566,
2814530,
2836842,
5.655091e+07,
5.160947e+07,
5081984,
9916641,
1.011521e+07,
1.032189e+07,
1.05372e+07,
1.076168e+07,
945247.3,
979531.8,
1016397,
1056145,
1099129,
2.034973e+08,
1.784795e+08,
2.570091e+07,
3.560957e+07,
3.565268e+07,
3.56959e+07,
3.573922e+07,
3.578264e+07,
4989418,
5063678,
5140182,
5219033,
5300342,
7.024619e+08,
5.051408e+08,
2.017168e+08,
1.005652e+08,
1.007961e+08,
1.010281e+08,
1.012612e+08,
1.014954e+08,
3.90281e+07,
3.967483e+07,
4.034336e+07,
4.10348e+07,
4.175036e+07,
2.509045e+07,
2.312081e+07,
2026219,
4580116,
4602034,
4624162,
4646505,
4669063,
390247.1,
397604.1,
405243.8,
413182.8,
421439,
3.907439e+08,
3.179016e+08,
7.468347e+07,
6.148328e+07,
6.251422e+07,
6.358033e+07,
6.468343e+07,
6.582548e+07,
1.398573e+07,
1.444558e+07,
1.493669e+07,
1.546238e+07,
1.602641e+07,
1.807833e+08,
1.398108e+08,
4.195574e+07,
2.712709e+07,
2.753829e+07,
2.796215e+07,
2.839926e+07,
2.885026e+07,
7883892,
8129614,
8391147,
8670067,
8968166,
1.128948e+08,
8.609366e+07,
2.743514e+07,
1.640609e+07,
1.680259e+07,
1.721873e+07,
1.765601e+07,
1.811607e+07,
5049769,
5259326,
5487028,
5735339,
6007190,
3.505378e+07,
3.117583e+07,
3985363,
6066997,
6149932,
6235166,
6322796,
6412924,
751992.9,
773876.8,
797072.6,
821701.9,
847901.8,
1.727984e+07,
1.652574e+07,
776605.9,
3155416,
3228547,
3305148,
3385473,
3469800,
143456.9,
149153.5,
155321.2,
162021,
169324.8,
4.019077e+08,
2.775716e+08,
1.269939e+08,
5.580078e+07,
5.565718e+07,
5.551432e+07,
5.537219e+07,
5.523078e+07,
2.484421e+07,
2.511843e+07,
2.539878e+07,
2.568546e+07,
2.597868e+07,
2.188729e+08,
1.556062e+08,
6.465973e+07,
3.079338e+07,
3.095644e+07,
3.112124e+07,
3.12878e+07,
3.145616e+07,
1.242373e+07,
1.267274e+07,
1.293195e+07,
1.320197e+07,
1.348352e+07,
4.07927e+09,
3.199507e+09,
8.999691e+08,
6.216899e+08,
6.305052e+08,
6.399013e+08,
6.499576e+08,
6.607705e+08,
1.698259e+08,
1.746991e+08,
1.799938e+08,
1.857883e+08,
1.921856e+08,
2083, 
1.861315e+07,
1.783532e+07,
801089.6,
3461465,
3513471,
3567065,
3622318,
3679310,
150755.3,
155342.6,
160217.9,
165409.1,
170948,
1.8395e+08,
1.769081e+08,
7253300,
3.487626e+07,
3.512712e+07,
3.538161e+07,
3.563982e+07,
3.590182e+07,
1389633,
1419491,
1450660,
1483229,
1517294,
6.073586e+07,
5.717848e+07,
3661848,
1.10472e+07,
1.123809e+07,
1.14357e+07,
1.164037e+07,
1.185251e+07,
685506.9,
708163.8,
732369.5,
758288.6,
786109.5,
3.533009e+07,
2.991735e+07,
5555294,
5526185,
5745744,
5983471,
6241718,
6523263,
987477.3,
1045629,
1111059,
1185223,
1269997,
8.18738e+07,
7.768593e+07,
4311854,
1.501991e+07,
1.527417e+07,
1.553718e+07,
1.580942e+07,
1.609136e+07,
807875.4,
834234.1,
862370.8,
892471.8,
924750.1,
9.197164e+07,
8.734501e+07,
4763734,
1.659862e+07,
1.702269e+07,
1.7469e+07,
1.793934e+07,
1.843571e+07,
875193.3,
912324.9,
952746.8,
996916.8,
1045381,
1.542767e+08,
1.272913e+08,
2.767731e+07,
2.531476e+07,
2.538631e+07,
2.545827e+07,
2.553063e+07,
2.560342e+07,
5351665,
5442012,
5535463,
5632179,
5732334,
4.646941e+08,
3.57219e+08,
1.100384e+08,
6.437923e+07,
6.772779e+07,
7.14438e+07,
7.559126e+07,
8.024992e+07,
1.900923e+07,
2.039886e+07,
2.200767e+07,
2.389198e+07,
2.612918e+07,
3.048832e+08,
1.885813e+08,
1.185234e+08,
3.631996e+07,
3.700494e+07,
3.771625e+07,
3.845545e+07,
3.92242e+07,
2.206139e+07,
2.285354e+07,
2.370469e+07,
2.462169e+07,
2.56125e+07,
2.726002e+07,
2.361374e+07,
3744566,
4617623,
4669594,
4722749,
4777127,
4832772,
710367.6,
729131.3,
748913.3,
769798.6,
791882.1,
1.6027e+08,
1.494826e+08,
1.110123e+07,
2.844901e+07,
2.91548e+07,
2.989652e+07,
3.067695e+07,
3.149922e+07,
2042712,
2127782,
2220246,
2321111,
2431576,
4.037563e+07,
3.451108e+07,
6020493,
6796028,
6848710,
6902216,
6956564,
7011775,
1151241,
1177077,
1204099,
1232390,
1262043,
3.969148e+07,
3.52544e+07,
4559808,
6928064,
6988933,
7050881,
7113937,
7178131,
870040.2,
890507.8,
911961.5,
934474.5,
958127.2,
1.862086e+07,
1.664486e+07,
2031009,
3313442,
3321190,
3328973,
3336793,
3344650,
393306.6,
399650.2,
406201.8,
412971.8,
419971.2,
5.811083e+07,
4.458644e+07,
1.384632e+07,
9011069,
8963934,
8917289,
8871128,
8825441,
2726540,
2747736,
2769263,
2791130,
2813346,
5.642318e+07,
5.155343e+07,
5008426,
9905540,
1.010405e+07,
1.031069e+07,
1.052595e+07,
1.075039e+07,
931536.5,
965338.1,
1001685,
1040876,
1083259,
2.034851e+08,
1.78675e+08,
2.548827e+07,
3.564743e+07,
3.569116e+07,
3.5735e+07,
3.577895e+07,
3.5823e+07,
4947981,
5021703,
5097655,
5175939,
5256665,
6.992852e+08,
5.053382e+08,
1.982893e+08,
1.005933e+08,
1.008299e+08,
1.010676e+08,
1.013065e+08,
1.015465e+08,
3.836081e+07,
3.899855e+07,
3.965786e+07,
4.033984e+07,
4.104569e+07,
2.485662e+07,
2.292468e+07,
1987490,
4541145,
4562935,
4584936,
4607149,
4629579,
382778.2,
389999.2,
397497.9,
405290.6,
413395,
3.864367e+08,
3.149899e+08,
7.325634e+07,
6.091044e+07,
6.193662e+07,
6.299797e+07,
6.409632e+07,
6.523366e+07,
1.371612e+07,
1.416828e+07,
1.465127e+07,
1.516835e+07,
1.572326e+07,
1.799218e+08,
1.395768e+08,
4.131617e+07,
2.707129e+07,
2.748685e+07,
2.791537e+07,
2.835746e+07,
2.881378e+07,
7760413,
8003935,
8263235,
8539899,
8835730,
1.12517e+08,
8.601597e+07,
2.712957e+07,
1.63901e+07,
1.678681e+07,
1.720319e+07,
1.764076e+07,
1.810117e+07,
4993176,
5200559,
5425915,
5671686,
5940778,
3.475544e+07,
3.096087e+07,
3899850,
6023245,
6106542,
6192174,
6280242,
6370852,
735596.6,
757133.7,
779970,
804226.7,
830040.6,
1.729671e+07,
1.655283e+07,
766098.5,
3160400,
3233741,
3310566,
3391130,
3475713,
141507,
147130.6,
153219.7,
159834.6,
167046.4,
4.024065e+08,
2.791417e+08,
1.259116e+08,
5.611138e+07,
5.59695e+07,
5.582834e+07,
5.568788e+07,
5.554813e+07,
2.463032e+07,
2.490326e+07,
2.518232e+07,
2.54677e+07,
2.575963e+07,
2.198851e+08,
1.569255e+08,
6.435127e+07,
3.105173e+07,
3.121752e+07,
3.13851e+07,
3.155448e+07,
3.172571e+07,
1.236341e+07,
1.261174e+07,
1.287025e+07,
1.313959e+07,
1.342044e+07,
4.077927e+09,
3.20671e+09,
8.91294e+08,
6.230648e+08,
6.319132e+08,
6.41342e+08,
6.514296e+08,
6.622719e+08,
1.681766e+08,
1.730091e+08,
1.782588e+08,
1.840025e+08,
1.903414e+08,
2084, 
1.859809e+07,
1.783492e+07,
786013.8,
3460531,
3512952,
3566985,
3622706,
3680195,
147877.2,
152397.4,
157202.8,
162321,
167783.7,
1.843816e+08,
1.774584e+08,
7131235,
3.499224e+07,
3.524018e+07,
3.549167e+07,
3.574678e+07,
3.600558e+07,
1366586,
1395779,
1426247,
1458074,
1491354,
6.06467e+07,
5.714682e+07,
3602747,
1.104073e+07,
1.123169e+07,
1.142937e+07,
1.163413e+07,
1.184636e+07,
674421.9,
696723,
720549.3,
746063,
773449.8,
3.523166e+07,
2.987431e+07,
5498641,
5517400,
5737027,
5974863,
6233271,
6515042,
977247.6,
1034876,
1099728,
1173251,
1257309,
8.141736e+07,
7.727734e+07,
4262617,
1.49411e+07,
1.519394e+07,
1.545547e+07,
1.572617e+07,
1.600651e+07,
798663.3,
824714.8,
852523.3,
882272.5,
914172.9,
9.160866e+07,
8.705989e+07,
4683656,
1.65402e+07,
1.69649e+07,
1.741198e+07,
1.788326e+07,
1.838077e+07,
860234.4,
896854.6,
936731.1,
980318.8,
1028161,
1.544708e+08,
1.277074e+08,
2.74512e+07,
2.539614e+07,
2.54686e+07,
2.554147e+07,
2.561476e+07,
2.568847e+07,
5307668,
5397411,
5490240,
5586317,
5685818,
4.701072e+08,
3.623222e+08,
1.103625e+08,
6.535597e+07,
6.872689e+07,
7.246444e+07,
7.66319e+07,
8.130794e+07,
1.908442e+07,
2.046999e+07,
2.207249e+07,
2.394722e+07,
2.616997e+07,
3.069465e+08,
1.909536e+08,
1.182216e+08,
3.679168e+07,
3.747815e+07,
3.819072e+07,
3.893091e+07,
3.970037e+07,
2.201591e+07,
2.280108e+07,
2.364432e+07,
2.455234e+07,
2.553288e+07,
2.714081e+07,
2.354343e+07,
3694500,
4603537,
4655518,
4708685,
4763081,
4818749,
700816.4,
719354.4,
738899.9,
759537.1,
781360.3,
1.602847e+08,
1.496351e+08,
1.095971e+07,
2.847966e+07,
2.91854e+07,
2.992701e+07,
3.070729e+07,
3.152935e+07,
2016814,
2100734,
2191941,
2291428,
2400374,
4.017854e+07,
3.439012e+07,
5942551,
6771937,
6824569,
6878025,
6932326,
6987490,
1136293,
1161815,
1188510,
1216461,
1245758,
3.953869e+07,
3.517539e+07,
4484182,
6912193,
6973095,
7035079,
7098175,
7162411,
855569.2,
875716.9,
896836.4,
918999.9,
942286.4,
1.853411e+07,
1.659113e+07,
1997157,
3302609,
3310399,
3318227,
3326091,
3333993,
386735.5,
392980.9,
399431.4,
406097.1,
412989.2,
5.815425e+07,
4.474467e+07,
1.37297e+07,
9042484,
8995466,
8948935,
8902882,
8857301,
2703412,
2724510,
2745939,
2767709,
2789826,
5.629543e+07,
5.149707e+07,
4935168,
9894379,
1.009284e+07,
1.029941e+07,
1.051463e+07,
1.073903e+07,
917882.2,
951202.7,
987033.5,
1025669,
1067453,
2.034728e+08,
1.788704e+08,
2.527575e+07,
3.568526e+07,
3.572961e+07,
3.577408e+07,
3.581866e+07,
3.586335e+07,
4906571,
4979752,
5055150,
5132866,
5213009,
6.961087e+08,
5.055097e+08,
1.948876e+08,
1.006163e+08,
1.008585e+08,
1.011019e+08,
1.013465e+08,
1.015923e+08,
3.769866e+07,
3.832744e+07,
3.897753e+07,
3.965006e+07,
4.034621e+07,
2.46228e+07,
2.272818e+07,
1949140,
4502104,
4523765,
4545636,
4567720,
4590018,
375382.8,
382469.1,
389828,
397475.7,
405429.4,
3.821345e+08,
3.120685e+08,
7.184388e+07,
6.033594e+07,
6.135724e+07,
6.24137e+07,
6.350719e+07,
6.463967e+07,
1.344935e+07,
1.389387e+07,
1.436878e+07,
1.48773e+07,
1.542314e+07,
1.790631e+08,
1.393406e+08,
4.06818e+07,
2.701508e+07,
2.743497e+07,
2.786812e+07,
2.831517e+07,
2.87768e+07,
7638009,
7879312,
8136359,
8410743,
8704279,
1.121393e+08,
8.59367e+07,
2.682559e+07,
1.637381e+07,
1.677071e+07,
1.718734e+07,
1.762519e+07,
1.808594e+07,
4936881,
5142099,
5365117,
5608357,
5874702,
3.445802e+07,
3.074583e+07,
3815351,
5979506,
6063149,
6149166,
6237658,
6328735,
719403.1,
740593.5,
763070.3,
786953.9,
812381.1,
1.731358e+07,
1.657993e+07,
755573.1,
3165387,
3238937,
3315986,
3396790,
3481631,
139554,
145104.4,
151114.6,
157644.3,
164763.6,
4.029052e+08,
2.807133e+08,
1.248274e+08,
5.642223e+07,
5.62821e+07,
5.614266e+07,
5.60039e+07,
5.586584e+07,
2.441611e+07,
2.468774e+07,
2.496549e+07,
2.524955e+07,
2.554016e+07,
2.208972e+08,
1.582496e+08,
6.403776e+07,
3.131099e+07,
3.147955e+07,
3.164993e+07,
3.182216e+07,
3.199629e+07,
1.230212e+07,
1.254975e+07,
1.280755e+07,
1.307617e+07,
1.335629e+07,
4.07665e+09,
3.213955e+09,
8.826431e+08,
6.244493e+08,
6.333302e+08,
6.427909e+08,
6.529093e+08,
6.637801e+08,
1.665326e+08,
1.713243e+08,
1.765286e+08,
1.822212e+08,
1.885013e+08,
2085, 
1.858308e+07,
1.783453e+07,
770968.4,
3459598,
3512432,
3566906,
3623095,
3681083,
145006.5,
149459,
154193.7,
159238.2,
164623.9,
1.848144e+08,
1.780104e+08,
7008582,
3.51086e+07,
3.535362e+07,
3.560208e+07,
3.585406e+07,
3.610964e+07,
1343416,
1371947,
1401716,
1432806,
1465307,
6.055754e+07,
5.711501e+07,
3543808,
1.103422e+07,
1.122525e+07,
1.1423e+07,
1.162785e+07,
1.184018e+07,
663367.5,
685313.6,
708761.5,
733870.8,
760824.5,
3.513334e+07,
2.983111e+07,
5442252,
5508588,
5728280,
5966223,
6224791,
6506785,
967068.4,
1024176,
1088451,
1161333,
1244677,
8.096079e+07,
7.686838e+07,
4213650,
1.486222e+07,
1.511362e+07,
1.537368e+07,
1.564284e+07,
1.592159e+07,
789501.6,
815247.8,
842730,
872129.6,
903654.7,
9.124652e+07,
8.677509e+07,
4604118,
1.648186e+07,
1.690718e+07,
1.735502e+07,
1.782723e+07,
1.832586e+07,
845383.3,
881492.3,
920823.6,
963828.7,
1011048,
1.54665e+08,
1.281238e+08,
2.722458e+07,
2.547761e+07,
2.555098e+07,
2.562477e+07,
2.569899e+07,
2.577364e+07,
5263580,
5352714,
5444917,
5540353,
5639193,
4.755648e+08,
3.674808e+08,
1.106755e+08,
6.634447e+07,
6.973745e+07,
7.349617e+07,
7.768315e+07,
8.237601e+07,
1.915786e+07,
2.053915e+07,
2.213511e+07,
2.399999e+07,
2.6208e+07,
3.090218e+08,
1.933466e+08,
1.179108e+08,
3.726778e+07,
3.795562e+07,
3.866932e+07,
3.941037e+07,
4.018038e+07,
2.196872e+07,
2.274686e+07,
2.358216e+07,
2.448115e+07,
2.545139e+07,
2.702164e+07,
2.347284e+07,
3644751,
4589400,
4641388,
4694568,
4748980,
4804668,
691326.9,
709640.2,
728950.1,
749340.3,
770904,
1.602994e+08,
1.497875e+08,
1.081822e+07,
2.851032e+07,
2.9216e+07,
2.995751e+07,
3.073763e+07,
3.155947e+07,
1990920,
2073691,
2163644,
2261754,
2369184,
3.998145e+07,
3.426868e+07,
5865105,
6747752,
6800331,
6853737,
6907987,
6963103,
1121440,
1146651,
1173021,
1200633,
1229575,
3.93859e+07,
3.509592e+07,
4409033,
6896236,
6957167,
7019185,
7082318,
7146597,
841190.1,
861019.7,
881806.5,
903621.9,
926544.1,
1.844737e+07,
1.653717e+07,
1963545,
3291729,
3299562,
3307433,
3315341,
3323288,
380211.3,
386359.1,
392708.9,
399271,
406056.1,
5.819768e+07,
4.490297e+07,
1.361298e+07,
9073910,
9027011,
8980595,
8934653,
8889180,
2680269,
2701267,
2722597,
2744266,
2766283,
5.616767e+07,
5.144039e+07,
4862219,
9883156,
1.008155e+07,
1.028808e+07,
1.050324e+07,
1.07276e+07,
904286.6,
937127.6,
972443.8,
1010526,
1051713,
2.034606e+08,
1.790657e+08,
2.506332e+07,
3.572306e+07,
3.576804e+07,
3.581314e+07,
3.585834e+07,
3.590367e+07,
4865181,
4937822,
5012665,
5089812,
5169370,
6.92932e+08,
5.056552e+08,
1.915118e+08,
1.006341e+08,
1.008819e+08,
1.01131e+08,
1.013814e+08,
1.016329e+08,
3.704164e+07,
3.766145e+07,
3.830236e+07,
3.896545e+07,
3.96519e+07,
2.438898e+07,
2.253131e+07,
1911170,
4462991,
4484522,
4506262,
4528214,
4550381,
368061,
375013.7,
382234.1,
389737.9,
397542.4,
3.778371e+08,
3.091376e+08,
7.044606e+07,
5.975977e+07,
6.077607e+07,
6.182752e+07,
6.2916e+07,
6.40435e+07,
1.318541e+07,
1.362233e+07,
1.408921e+07,
1.458923e+07,
1.512604e+07,
1.782073e+08,
1.391021e+08,
4.005263e+07,
2.695845e+07,
2.738265e+07,
2.782041e+07,
2.82724e+07,
2.873931e+07,
7516685,
7755752,
8010526,
8282606,
8573819,
1.117616e+08,
8.585587e+07,
2.652317e+07,
1.635722e+07,
1.675432e+07,
1.717118e+07,
1.76093e+07,
1.807038e+07,
4880883,
5083944,
5304633,
5545353,
5808958,
3.416147e+07,
3.053068e+07,
3731853,
5935772,
6019749,
6106137,
6195039,
6286569,
703409.5,
724253.5,
746370.6,
769881.1,
794920.9,
1.733044e+07,
1.660704e+07,
745028.3,
3170376,
3244135,
3321409,
3402453,
3487551,
137597.7,
143074.7,
149005.7,
155449.7,
162476.3,
4.03404e+08,
2.822864e+08,
1.237415e+08,
5.673334e+07,
5.659498e+07,
5.645728e+07,
5.632027e+07,
5.618391e+07,
2.420158e+07,
2.447188e+07,
2.474829e+07,
2.503102e+07,
2.532028e+07,
2.219093e+08,
1.595787e+08,
6.371922e+07,
3.157118e+07,
3.174252e+07,
3.191573e+07,
3.209085e+07,
3.226789e+07,
1.223988e+07,
1.248678e+07,
1.274384e+07,
1.301171e+07,
1.329109e+07,
4.075441e+09,
3.221242e+09,
8.740159e+08,
6.258436e+08,
6.347564e+08,
6.442484e+08,
6.543967e+08,
6.652952e+08,
1.648939e+08,
1.696444e+08,
1.748032e+08,
1.804444e+08,
1.866654e+08,
2086, 
1.855634e+07,
1.782285e+07,
755472.5,
3456543,
3509725,
3564570,
3621157,
3679568,
142055.6,
146435.7,
151094.5,
156059.5,
161361.9,
1.851146e+08,
1.784352e+08,
6880410,
3.519912e+07,
3.54414e+07,
3.568704e+07,
3.593611e+07,
3.618868e+07,
1319142,
1347011,
1376082,
1406436,
1438159,
6.044943e+07,
5.706513e+07,
3483961,
1.102422e+07,
1.121526e+07,
1.141303e+07,
1.16179e+07,
1.183026e+07,
652144.2,
673729.3,
696792.1,
721489.9,
748002.9,
3.501286e+07,
2.976884e+07,
5382701,
5496020,
5715744,
5953767,
6212476,
6494690,
956283.9,
1012855,
1076540,
1148771,
1231392,
8.048474e+07,
7.644062e+07,
4163962,
1.477929e+07,
1.50294e+07,
1.528812e+07,
1.555591e+07,
1.583325e+07,
780179.3,
805627.8,
832792.4,
861852.9,
893014.8,
9.084186e+07,
8.644933e+07,
4522958,
1.641557e+07,
1.684138e+07,
1.728987e+07,
1.77629e+07,
1.826254e+07,
830230.2,
865817.1,
904591.4,
947001.6,
993583.8,
1.547847e+08,
1.28479e+08,
2.698447e+07,
2.554687e+07,
2.562112e+07,
2.56958e+07,
2.577091e+07,
2.584647e+07,
5216887,
5305364,
5396894,
5491637,
5589767,
4.800228e+08,
3.718861e+08,
1.107365e+08,
6.718208e+07,
7.059679e+07,
7.437722e+07,
7.858543e+07,
8.329839e+07,
1.918241e+07,
2.055851e+07,
2.21473e+07,
2.400222e+07,
2.619627e+07,
3.10543e+08,
1.954042e+08,
1.17377e+08,
3.767336e+07,
3.836419e+07,
3.908083e+07,
3.982476e+07,
4.059756e+07,
2.187573e+07,
2.264735e+07,
2.347539e+07,
2.436628e+07,
2.532745e+07,
2.688888e+07,
2.339011e+07,
3593491,
4572706,
4624765,
4678022,
4732521,
4788304,
681520.6,
699615.8,
718698.1,
738850.6,
760165.9,
1.602734e+08,
1.499019e+08,
1.067403e+07,
2.853414e+07,
2.923938e+07,
2.998038e+07,
3.07599e+07,
3.158104e+07,
1964556,
2046145,
2134805,
2231496,
2337362,
3.980332e+07,
3.416302e+07,
5790913,
6726676,
6779227,
6832605,
6886830,
6941923,
1107211,
1132123,
1158183,
1185470,
1214074,
3.922392e+07,
3.500777e+07,
4333348,
6878572,
6939518,
7001554,
7064709,
7129014,
826710.6,
846218.6,
866669.6,
888133.4,
910687.5,
1.836467e+07,
1.64866e+07,
1930596,
3281527,
3289404,
3297319,
3305273,
3313265,
373816.2,
379868.2,
386119.3,
392579.6,
399259.8,
5.821606e+07,
4.504198e+07,
1.349037e+07,
9101433,
9054675,
9008396,
8962587,
8917242,
2655966,
2676854,
2698074,
2719633,
2741539,
5.604997e+07,
5.139264e+07,
4790432,
9873967,
1.007219e+07,
1.027853e+07,
1.04935e+07,
1.071766e+07,
890940.1,
923293.9,
958086.3,
995603.3,
1036178,
2.033604e+08,
1.791834e+08,
2.484026e+07,
3.574539e+07,
3.579097e+07,
3.583668e+07,
3.588249e+07,
3.592843e+07,
4821730,
4893798,
4968053,
5044596,
5123534,
6.895531e+08,
5.056264e+08,
1.881065e+08,
1.006172e+08,
1.008706e+08,
1.011253e+08,
1.013812e+08,
1.016385e+08,
3.637909e+07,
3.698977e+07,
3.76213e+07,
3.827478e+07,
3.895135e+07,
2.415858e+07,
2.233724e+07,
1873844,
4424435,
4445838,
4467448,
4489270,
4511307,
360863.4,
367684.7,
374768.8,
382131.3,
389788.8,
3.737961e+08,
3.064033e+08,
6.91094e+07,
5.922236e+07,
6.023393e+07,
6.128066e+07,
6.236441e+07,
6.348719e+07,
1.293315e+07,
1.336275e+07,
1.382188e+07,
1.431368e+07,
1.484177e+07,
1.772913e+08,
1.388119e+08,
3.941461e+07,
2.689198e+07,
2.732025e+07,
2.776238e+07,
2.821906e+07,
2.869101e+07,
7393840,
7630552,
7882923,
8152558,
8441292,
1.113311e+08,
8.573283e+07,
2.62099e+07,
1.633259e+07,
1.672968e+07,
1.714657e+07,
1.758475e+07,
1.804592e+07,
4822897,
5023713,
5241979,
5480073,
5740825,
3.388955e+07,
3.033669e+07,
3651916,
5896361,
5980628,
6067339,
6156600,
6248528,
688122.5,
708623.3,
730383.2,
753521.8,
778174.4,
1.733354e+07,
1.662098e+07,
733880.7,
3172804,
3246736,
3324196,
3405443,
3490760,
135528.1,
140928.1,
146776.1,
153130.6,
160060.2,
4.036437e+08,
2.836791e+08,
1.22575e+08,
5.700812e+07,
5.687164e+07,
5.673582e+07,
5.660064e+07,
5.64661e+07,
2.397135e+07,
2.424013e+07,
2.4515e+07,
2.479619e+07,
2.508389e+07,
2.226344e+08,
1.607053e+08,
6.331402e+07,
3.179128e+07,
3.196522e+07,
3.214107e+07,
3.231886e+07,
3.249863e+07,
1.216101e+07,
1.240684e+07,
1.266281e+07,
1.292956e+07,
1.320779e+07,
4.071622e+09,
3.226572e+09,
8.647199e+08,
6.268445e+08,
6.357896e+08,
6.453144e+08,
6.554956e+08,
6.664262e+08,
1.631234e+08,
1.678316e+08,
1.72944e+08,
1.785337e+08,
1.846967e+08,
2087, 
1.852966e+07,
1.781119e+07,
740023.4,
3453492,
3507023,
3562239,
3619222,
3678057,
139115,
143422.2,
148004.7,
152889.7,
158108.1,
1.854156e+08,
1.788612e+08,
6751824,
3.52899e+07,
3.552943e+07,
3.577223e+07,
3.601838e+07,
3.626793e+07,
1294777,
1321987,
1350365,
1379988,
1410939,
6.034131e+07,
5.701504e+07,
3424319,
1.101419e+07,
1.120523e+07,
1.140301e+07,
1.16079e+07,
1.182029e+07,
640959.8,
662184.8,
684863.7,
709151.1,
735224.4,
3.489253e+07,
2.970639e+07,
5323472,
5483428,
5703179,
5941279,
6200127,
6482556,
945561.2,
1001598,
1064694,
1136275,
1218175,
8.00087e+07,
7.601258e+07,
4114575,
1.46963e+07,
1.494513e+07,
1.520252e+07,
1.546893e+07,
1.574485e+07,
770913.9,
796066.1,
822915,
851638.1,
882439,
9.04382e+07,
8.612398e+07,
4442409,
1.634938e+07,
1.677568e+07,
1.72248e+07,
1.769863e+07,
1.819926e+07,
815198.9,
850264.3,
888481.8,
930296.6,
976241.9,
1.549044e+08,
1.288343e+08,
2.674411e+07,
2.561617e+07,
2.569129e+07,
2.576686e+07,
2.584288e+07,
2.591935e+07,
5170152,
5257970,
5348822,
5442870,
5540284,
4.845085e+08,
3.763299e+08,
1.107863e+08,
6.802774e+07,
7.146405e+07,
7.526597e+07,
7.949515e+07,
8.42279e+07,
1.920508e+07,
2.057581e+07,
2.215725e+07,
2.400203e+07,
2.61819e+07,
3.120703e+08,
1.974749e+08,
1.168358e+08,
3.808167e+07,
3.877544e+07,
3.949497e+07,
4.024171e+07,
4.101722e+07,
2.178135e+07,
2.254641e+07,
2.336716e+07,
2.424993e+07,
2.520201e+07,
2.675622e+07,
2.330714e+07,
3542589,
4555969,
4608095,
4661429,
4716012,
4771887,
671784.6,
689662.4,
708517.8,
728433.3,
749500.6,
1.602473e+08,
1.500161e+08,
1.052993e+07,
2.855795e+07,
2.926275e+07,
3.000322e+07,
3.078214e+07,
3.160259e+07,
1938206,
2018616,
2105986,
2201262,
2305567,
3.962519e+07,
3.405692e+07,
5717171,
6705515,
6758035,
6811384,
6865582,
6920650,
1093069,
1117685,
1143434,
1170398,
1198665,
3.906194e+07,
3.491912e+07,
4258170,
6860814,
6921773,
6983825,
7046999,
7111327,
812329.2,
831517.4,
851633.9,
872748,
894935.6,
1.828197e+07,
1.64358e+07,
1897876,
3271279,
3279200,
3287159,
3295157,
3303195,
367465.8,
373422.4,
379575.2,
385934.2,
392509.9,
5.823444e+07,
4.518095e+07,
1.336777e+07,
9128946,
9082331,
9036191,
8990516,
8945302,
2631670,
2652447,
2673555,
2695001,
2716795,
5.593222e+07,
5.134456e+07,
4718921,
9864714,
1.006276e+07,
1.026891e+07,
1.048369e+07,
1.070765e+07,
877644.9,
909513.7,
943784.1,
980738.2,
1020704,
2.032602e+08,
1.793008e+08,
2.461748e+07,
3.576765e+07,
3.581384e+07,
3.586015e+07,
3.590658e+07,
3.595314e+07,
4778335,
4849830,
4923496,
4999435,
5077753,
6.861742e+08,
5.055704e+08,
1.847284e+08,
1.005949e+08,
1.008538e+08,
1.011141e+08,
1.013757e+08,
1.016387e+08,
3.572192e+07,
3.63235e+07,
3.694568e+07,
3.758955e+07,
3.825626e+07,
2.392819e+07,
2.214281e+07,
1836891,
4385809,
4407082,
4428562,
4450253,
4472158,
353738,
360429.1,
367378.1,
374600.3,
382112.3,
3.697591e+08,
3.036597e+08,
6.778635e+07,
5.868331e+07,
5.969004e+07,
6.073194e+07,
6.181084e+07,
6.292878e+07,
1.268351e+07,
1.310584e+07,
1.355727e+07,
1.404091e+07,
1.456032e+07,
1.763784e+08,
1.385193e+08,
3.878206e+07,
2.682507e+07,
2.725738e+07,
2.770385e+07,
2.81652e+07,
2.864217e+07,
7272119,
7506461,
7756412,
8023580,
8309811,
1.109006e+08,
8.560801e+07,
2.589838e+07,
1.630763e+07,
1.670471e+07,
1.71216e+07,
1.755984e+07,
1.802109e+07,
4765240,
4963822,
5179676,
5415155,
5673065,
3.361835e+07,
3.014254e+07,
3572886,
5856939,
5941485,
6028508,
6118117,
6210431,
673016.1,
693174.2,
714577.2,
737344,
761609.3,
1.733664e+07,
1.663492e+07,
722732.7,
3175232,
3249337,
3326984,
3408432,
3493968,
133458.9,
138781.6,
144546.5,
150811.2,
157643.5,
4.038834e+08,
2.850717e+08,
1.214084e+08,
5.728284e+07,
5.714828e+07,
5.701435e+07,
5.688104e+07,
5.674836e+07,
2.374112e+07,
2.400836e+07,
2.428168e+07,
2.456129e+07,
2.484741e+07,
2.233596e+08,
1.618353e+08,
6.290541e+07,
3.2012e+07,
3.218855e+07,
3.236706e+07,
3.254756e+07,
3.273008e+07,
1.20815e+07,
1.232623e+07,
1.258108e+07,
1.28467e+07,
1.312377e+07,
4.067847e+09,
3.231916e+09,
8.554542e+08,
6.278488e+08,
6.368259e+08,
6.463831e+08,
6.565965e+08,
6.675588e+08,
1.613592e+08,
1.66025e+08,
1.710908e+08,
1.766289e+08,
1.827338e+08,
2088, 
1.850304e+07,
1.779954e+07,
724622.3,
3450444,
3504322,
3559909,
3617288,
3676547,
136184.9,
140418.8,
144924.5,
149728.8,
154862.6,
1.857174e+08,
1.792883e+08,
6622862,
3.538095e+07,
3.561771e+07,
3.585766e+07,
3.610086e+07,
3.634738e+07,
1270330,
1296884,
1324572,
1353469,
1383654,
6.02332e+07,
5.696475e+07,
3364885,
1.100411e+07,
1.119516e+07,
1.139295e+07,
1.159786e+07,
1.181027e+07,
629815.1,
650681.1,
672976.9,
696854.9,
722489.8,
3.477235e+07,
2.964379e+07,
5264564,
5470809,
5690585,
5928759,
6187740,
6470382,
934899.8,
990403.1,
1052913,
1123844,
1205023,
7.953269e+07,
7.558428e+07,
4065489,
1.461327e+07,
1.48608e+07,
1.511686e+07,
1.53819e+07,
1.565639e+07,
761705,
786562.8,
813097.7,
841485.4,
871927.1,
9.003553e+07,
8.579905e+07,
4362454,
1.628331e+07,
1.671007e+07,
1.715981e+07,
1.763442e+07,
1.813604e+07,
800285.2,
834829.6,
872490.9,
913710.7,
959018.3,
1.550241e+08,
1.291899e+08,
2.65035e+07,
2.56855e+07,
2.576152e+07,
2.583799e+07,
2.591491e+07,
2.599229e+07,
5123372,
5210528,
5300700,
5394048,
5490743,
4.890219e+08,
3.808124e+08,
1.108248e+08,
6.888153e+07,
7.233926e+07,
7.616248e+07,
8.041237e+07,
8.516458e+07,
1.922583e+07,
2.059104e+07,
2.216495e+07,
2.399939e+07,
2.616487e+07,
3.136036e+08,
1.995588e+08,
1.162873e+08,
3.849275e+07,
3.918941e+07,
3.991176e+07,
4.066124e+07,
4.14394e+07,
2.168555e+07,
2.244401e+07,
2.325745e+07,
2.413208e+07,
2.507505e+07,
2.662367e+07,
2.322393e+07,
3492045,
4539187,
4591380,
4644786,
4699450,
4755416,
662118.8,
679779.9,
698409,
718088,
738908,
1.602212e+08,
1.501302e+08,
1.03859e+07,
2.858172e+07,
2.928608e+07,
3.002604e+07,
3.080436e+07,
3.16241e+07,
1911863,
1991097,
2077181,
2171045,
2273794,
3.944706e+07,
3.395038e+07,
5643874,
6684269,
6736757,
6790076,
6844245,
6899285,
1079013,
1103333,
1128775,
1155417,
1183348,
3.889996e+07,
3.482998e+07,
4183494,
6842960,
6903930,
6965996,
7029188,
7093537,
798044.8,
816914.8,
836698.6,
857464.6,
879287.5,
1.819927e+07,
1.638477e+07,
1865384,
3260988,
3268952,
3276955,
3284997,
3293079,
361160,
367021.7,
373076.7,
379334.9,
385806.7,
5.825282e+07,
4.531989e+07,
1.324519e+07,
9156449,
9109979,
9063978,
9018440,
8973357,
2607378,
2628042,
2649037,
2670370,
2692049,
5.581442e+07,
5.129617e+07,
4647690,
9855400,
1.005326e+07,
1.025923e+07,
1.047382e+07,
1.069758e+07,
864401.8,
895787.4,
929538,
965931.5,
1005291,
2.0316e+08,
1.794179e+08,
2.439498e+07,
3.578986e+07,
3.583665e+07,
3.588358e+07,
3.593062e+07,
3.597779e+07,
4734999,
4805919,
4878996,
4954329,
5032026,
6.827953e+08,
5.05487e+08,
1.813774e+08,
1.005671e+08,
1.008316e+08,
1.010974e+08,
1.013646e+08,
1.016333e+08,
3.507013e+07,
3.566262e+07,
3.627548e+07,
3.690976e+07,
3.756662e+07,
2.369779e+07,
2.194801e+07,
1800309,
4347112,
4368254,
4389602,
4411161,
4432932,
346684.5,
353246.6,
360061.8,
367145.2,
374512.8,
3.657263e+08,
3.009067e+08,
6.647698e+07,
5.814261e+07,
5.914441e+07,
6.018134e+07,
6.125529e+07,
6.236825e+07,
1.243651e+07,
1.285162e+07,
1.32954e+07,
1.377092e+07,
1.428171e+07,
1.754684e+08,
1.382242e+08,
3.815496e+07,
2.675773e+07,
2.719406e+07,
2.764485e+07,
2.811083e+07,
2.859279e+07,
7151521,
7383480,
7630992,
7895674,
8179376,
1.1047e+08,
8.548143e+07,
2.558863e+07,
1.628234e+07,
1.667939e+07,
1.709629e+07,
1.753456e+07,
1.799589e+07,
4707918,
4904277,
5117727,
5350603,
5605683,
3.334787e+07,
2.994821e+07,
3494759,
5817506,
5902320,
5989643,
6079588,
6172276,
658089.3,
677905.3,
698951.8,
721347.1,
745224.9,
1.733973e+07,
1.664885e+07,
711583,
3177659,
3251937,
3329771,
3411422,
3497178,
131389.6,
136635,
142316.6,
148491.2,
155225.9,
4.04123e+08,
2.864644e+08,
1.202415e+08,
5.755752e+07,
5.742489e+07,
5.729287e+07,
5.716146e+07,
5.703065e+07,
2.35109e+07,
2.377656e+07,
2.40483e+07,
2.432633e+07,
2.461085e+07,
2.240847e+08,
1.629686e+08,
6.249338e+07,
3.223334e+07,
3.241252e+07,
3.259371e+07,
3.277694e+07,
3.296223e+07,
1.200134e+07,
1.224496e+07,
1.249868e+07,
1.276313e+07,
1.303901e+07,
4.064115e+09,
3.237271e+09,
8.462185e+08,
6.288564e+08,
6.378652e+08,
6.474543e+08,
6.576996e+08,
6.686929e+08,
1.596014e+08,
1.642246e+08,
1.692437e+08,
1.7473e+08,
1.807764e+08,
2089, 
1.847648e+07,
1.778791e+07,
709269.2,
3447400,
3501624,
3557582,
3615357,
3675039,
133265.4,
137425.5,
141853.8,
146577,
151625.5,
1.8602e+08,
1.797166e+08,
6493529,
3.547226e+07,
3.570624e+07,
3.594331e+07,
3.618356e+07,
3.642704e+07,
1245802,
1271704,
1298706,
1326879,
1356303,
6.012508e+07,
5.691425e+07,
3305659,
1.0994e+07,
1.118505e+07,
1.138285e+07,
1.158778e+07,
1.180022e+07,
618710,
639217.8,
661131.7,
684601.4,
709798.8,
3.465234e+07,
2.958104e+07,
5205978,
5458166,
5677964,
5916207,
6175320,
6458167,
924300.3,
979271.8,
1041196,
1111479,
1191939,
7.90567e+07,
7.515573e+07,
4016696,
1.453019e+07,
1.477642e+07,
1.503115e+07,
1.529481e+07,
1.556788e+07,
752551.6,
777116.6,
803339.3,
831393.6,
861478.1,
8.963386e+07,
8.547453e+07,
4283107,
1.621735e+07,
1.664457e+07,
1.70949e+07,
1.757029e+07,
1.807287e+07,
785492,
819516.2,
856621.3,
897245.9,
941915.4,
1.551438e+08,
1.295457e+08,
2.626262e+07,
2.575488e+07,
2.583178e+07,
2.590915e+07,
2.598698e+07,
2.606528e+07,
5076545,
5163035,
5252524,
5345169,
5441141,
4.935635e+08,
3.853341e+08,
1.108519e+08,
6.974353e+07,
7.322253e+07,
7.706682e+07,
8.133715e+07,
8.610849e+07,
1.924465e+07,
2.060417e+07,
2.217038e+07,
2.399428e+07,
2.614518e+07,
3.151432e+08,
2.01656e+08,
1.157314e+08,
3.89066e+07,
3.960609e+07,
4.03312e+07,
4.108334e+07,
4.186408e+07,
2.158832e+07,
2.234017e+07,
2.314627e+07,
2.401273e+07,
2.494658e+07,
2.649123e+07,
2.314048e+07,
3441859,
4522363,
4574619,
4628097,
4682840,
4738893,
652523.2,
669968.3,
688371.8,
707814.9,
728388.4,
1.601951e+08,
1.502442e+08,
1.024197e+07,
2.860549e+07,
2.930941e+07,
3.004884e+07,
3.082655e+07,
3.164558e+07,
1885534,
1963593,
2048394,
2140851,
2242048,
3.926893e+07,
3.384339e+07,
5571036,
6662937,
6715392,
6768678,
6822817,
6877829,
1065046,
1089072,
1114207,
1140530,
1168126,
3.873798e+07,
3.474034e+07,
4109321,
6825010,
6885990,
6948068,
7011276,
7075646,
783857.9,
802411.2,
821864.1,
842283.6,
863743.8,
1.811657e+07,
1.633353e+07,
1833119,
3250653,
3258660,
3266706,
3274791,
3282917,
354898.9,
360666.1,
366623.8,
372781.8,
379150,
5.82712e+07,
4.545882e+07,
1.312261e+07,
9183945,
9137621,
9091763,
9046362,
9001413,
2583091,
2603642,
2624522,
2645740,
2667303,
5.569656e+07,
5.124744e+07,
4576732,
9846024,
1.004371e+07,
1.024949e+07,
1.046388e+07,
1.068743e+07,
851209,
882113.3,
915346.3,
951181.4,
989936.6,
2.030598e+08,
1.795347e+08,
2.417274e+07,
3.5812e+07,
3.585942e+07,
3.590695e+07,
3.595461e+07,
3.600239e+07,
4691713,
4762059,
4834547,
4909276,
4986351,
6.794164e+08,
5.053765e+08,
1.780534e+08,
1.00534e+08,
1.008039e+08,
1.010753e+08,
1.013482e+08,
1.016225e+08,
3.44237e+07,
3.500713e+07,
3.561067e+07,
3.623539e+07,
3.688241e+07,
2.34674e+07,
2.175285e+07,
1764101,
4308346,
4329355,
4350570,
4371995,
4393631,
339703.5,
346137.7,
352820.3,
359766,
366990.7,
3.616976e+08,
2.981445e+08,
6.51812e+07,
5.760028e+07,
5.859704e+07,
5.96289e+07,
6.069776e+07,
6.180564e+07,
1.219214e+07,
1.260007e+07,
1.303624e+07,
1.350369e+07,
1.400592e+07,
1.745613e+08,
1.379268e+08,
3.753328e+07,
2.668998e+07,
2.713028e+07,
2.758535e+07,
2.805595e+07,
2.854289e+07,
7032037,
7261599,
7506655,
7768829,
8049978,
1.100395e+08,
8.53531e+07,
2.528064e+07,
1.625672e+07,
1.665373e+07,
1.707062e+07,
1.750892e+07,
1.797031e+07,
4650927,
4845071,
5056129,
5286413,
5538673,
3.30781e+07,
2.975372e+07,
3417536,
5778063,
5863132,
5950744,
6041014,
6134065,
643342,
662816.7,
683507.1,
705531,
729021.3,
1.734283e+07,
1.666279e+07,
700431.6,
3180086,
3254537,
3332558,
3414412,
3500387,
129320.4,
134488.2,
140086.3,
146170.7,
152807.6,
4.043627e+08,
2.87857e+08,
1.190745e+08,
5.783213e+07,
5.770146e+07,
5.757139e+07,
5.744189e+07,
5.731298e+07,
2.328067e+07,
2.354475e+07,
2.381489e+07,
2.40913e+07,
2.437421e+07,
2.248098e+08,
1.641051e+08,
6.20779e+07,
3.245528e+07,
3.263712e+07,
3.282101e+07,
3.300699e+07,
3.319509e+07,
1.192053e+07,
1.216302e+07,
1.241558e+07,
1.267885e+07,
1.295353e+07,
4.060428e+09,
3.242641e+09,
8.370124e+08,
6.298676e+08,
6.389076e+08,
6.485282e+08,
6.588048e+08,
6.698287e+08,
1.578499e+08,
1.624302e+08,
1.674025e+08,
1.728368e+08,
1.788245e+08,
2090, 
1.844999e+07,
1.777628e+07,
693962.5,
3444359,
3498930,
3555257,
3613428,
3673534,
130356,
134442,
138792.5,
143433.9,
148396.6,
1.863233e+08,
1.80146e+08,
6363775,
3.556385e+07,
3.579502e+07,
3.60292e+07,
3.626648e+07,
3.65069e+07,
1221180,
1246434,
1272755,
1300211,
1328878,
6.001697e+07,
5.686355e+07,
3246638,
1.098385e+07,
1.11749e+07,
1.137271e+07,
1.157765e+07,
1.179012e+07,
607644,
627794.6,
649327.5,
672390,
697151,
3.453249e+07,
2.951812e+07,
5147706,
5445500,
5665316,
5903625,
6162863,
6445914,
913760.8,
968201.9,
1029541,
1099178,
1178919,
7.858073e+07,
7.472687e+07,
3968198,
1.444705e+07,
1.469199e+07,
1.494538e+07,
1.520766e+07,
1.547931e+07,
743453.3,
767727.2,
793639.7,
821362.4,
851092.1,
8.923318e+07,
8.515041e+07,
4204359,
1.61515e+07,
1.657916e+07,
1.703008e+07,
1.750622e+07,
1.800975e+07,
770817.9,
804322.4,
840871.8,
880901.1,
924932.1,
1.552635e+08,
1.299018e+08,
2.602149e+07,
2.582429e+07,
2.590209e+07,
2.598035e+07,
2.60591e+07,
2.613832e+07,
5029675,
5115497,
5204298,
5296237,
5391483,
4.981334e+08,
3.898954e+08,
1.108676e+08,
7.061382e+07,
7.411391e+07,
7.797908e+07,
8.226958e+07,
8.705969e+07,
1.926153e+07,
2.06152e+07,
2.217353e+07,
2.39867e+07,
2.612282e+07,
3.166889e+08,
2.037665e+08,
1.151679e+08,
3.932325e+07,
4.00255e+07,
4.07533e+07,
4.150805e+07,
4.229129e+07,
2.148964e+07,
2.223485e+07,
2.303359e+07,
2.389186e+07,
2.481656e+07,
2.63589e+07,
2.305679e+07,
3392028,
4505495,
4557812,
4611358,
4666178,
4722317,
642997.1,
660226.9,
678405.5,
697613.6,
717940.9,
1.601689e+08,
1.50358e+08,
1.009814e+07,
2.862923e+07,
2.93327e+07,
3.007161e+07,
3.084871e+07,
3.166703e+07,
1859219,
1936107,
2019629,
2110681,
2210331,
3.90908e+07,
3.373596e+07,
5498639,
6641520,
6693939,
6747192,
6801300,
6856282,
1051165,
1074898,
1099728,
1125732,
1152995,
3.8576e+07,
3.46502e+07,
4035647,
6806964,
6867951,
6930040,
6993262,
7057649,
769767.3,
788005.6,
807129.3,
827204.2,
848303.3,
1.803386e+07,
1.628206e+07,
1801084,
3240276,
3248324,
3256412,
3264541,
3272710,
348682.6,
354355.8,
360216.8,
366274.8,
372540.1,
5.828958e+07,
4.55977e+07,
1.300005e+07,
9211431,
9165255,
9119540,
9074279,
9029465,
2558811,
2579246,
2600010,
2621111,
2642557,
5.557866e+07,
5.119839e+07,
4506054,
9836584,
1.003409e+07,
1.023968e+07,
1.045387e+07,
1.067722e+07,
838068.4,
868493.4,
901210.8,
936489.6,
974643.1,
2.029596e+08,
1.796513e+08,
2.39508e+07,
3.583409e+07,
3.588211e+07,
3.593025e+07,
3.597853e+07,
3.602693e+07,
4648492,
4718262,
4790160,
4864282,
4940735,
6.760375e+08,
5.052389e+08,
1.747563e+08,
1.004954e+08,
1.007709e+08,
1.010478e+08,
1.013262e+08,
1.016062e+08,
3.378264e+07,
3.435702e+07,
3.495127e+07,
3.556643e+07,
3.620364e+07,
2.323701e+07,
2.155733e+07,
1728265,
4269510,
4290386,
4311466,
4332755,
4354255,
332794.2,
339101.7,
345652.9,
352462.3,
359545.3,
3.57673e+08,
2.95373e+08,
6.389904e+07,
5.705632e+07,
5.804792e+07,
5.907461e+07,
6.013826e+07,
6.124092e+07,
1.195039e+07,
1.235119e+07,
1.277981e+07,
1.323925e+07,
1.373295e+07,
1.736573e+08,
1.376269e+08,
3.691697e+07,
2.66218e+07,
2.706605e+07,
2.752538e+07,
2.800056e+07,
2.849245e+07,
6913659,
7140810,
7383394,
7643040,
7921613,
1.09609e+08,
8.522301e+07,
2.497442e+07,
1.623076e+07,
1.662773e+07,
1.70446e+07,
1.748291e+07,
1.794436e+07,
4594269,
4786209,
4994884,
5222586,
5472040,
3.280905e+07,
2.955906e+07,
3341205,
5738609,
5823923,
5911812,
6002395,
6095797,
628772.1,
647906,
668241,
689893.8,
712996.8,
1.734592e+07,
1.667673e+07,
689278.9,
3182513,
3257137,
3335346,
3417402,
3503598,
127251.2,
132341.4,
137855.8,
143849.7,
150388.5,
4.046024e+08,
2.892496e+08,
1.179072e+08,
5.81067e+07,
5.797802e+07,
5.784991e+07,
5.772236e+07,
5.759538e+07,
2.305044e+07,
2.331291e+07,
2.358144e+07,
2.385622e+07,
2.413748e+07,
2.255349e+08,
1.652449e+08,
6.1659e+07,
3.267783e+07,
3.286235e+07,
3.304898e+07,
3.323773e+07,
3.342865e+07,
1.183908e+07,
1.208042e+07,
1.23318e+07,
1.259386e+07,
1.286731e+07,
4.056785e+09,
3.248025e+09,
8.278358e+08,
6.308826e+08,
6.399533e+08,
6.496049e+08,
6.599123e+08,
6.70966e+08,
1.561046e+08,
1.60642e+08,
1.655672e+08,
1.709492e+08,
1.768782e+08,
2091, 
1.841421e+07,
1.775331e+07,
680788.3,
3439200,
3494043,
3550663,
3609148,
3669593,
127851.8,
131874.1,
136157.7,
140728.9,
145617.6,
1.865238e+08,
1.804527e+08,
6254411,
3.563055e+07,
3.585907e+07,
3.609054e+07,
3.632502e+07,
3.656257e+07,
1200434,
1225139,
1250882,
1277730,
1305756,
5.989773e+07,
5.679449e+07,
3195048,
1.09702e+07,
1.116117e+07,
1.13589e+07,
1.156376e+07,
1.177615e+07,
597972.4,
617810.3,
639009.6,
661715.4,
686094.3,
3.439826e+07,
2.943698e+07,
5093366,
5429382,
5649120,
5887396,
6146658,
6429805,
903904.9,
957863.5,
1018673,
1087727,
1166824,
7.81037e+07,
7.429304e+07,
3923758,
1.436269e+07,
1.460644e+07,
1.485861e+07,
1.511964e+07,
1.539e+07,
735100.2,
759114.8,
784751.5,
812180.3,
841595.9,
8.880668e+07,
8.479211e+07,
4134195,
1.607925e+07,
1.650714e+07,
1.695842e+07,
1.743507e+07,
1.79393e+07,
757727.4,
790776,
826838.9,
866348.3,
909822.9,
1.552855e+08,
1.301441e+08,
2.579653e+07,
2.587127e+07,
2.594981e+07,
2.602883e+07,
2.610833e+07,
2.618832e+07,
4985967,
5071156,
5159307,
5250576,
5345133,
5.016978e+08,
3.935596e+08,
1.107714e+08,
7.1309e+07,
7.482782e+07,
7.871192e+07,
8.302134e+07,
8.782996e+07,
1.925475e+07,
2.0603e+07,
2.215428e+07,
2.395818e+07,
2.608189e+07,
3.177312e+08,
2.054476e+08,
1.145277e+08,
3.965256e+07,
4.035825e+07,
4.108953e+07,
4.184779e+07,
4.263456e+07,
2.137363e+07,
2.211309e+07,
2.290553e+07,
2.375689e+07,
2.467398e+07,
2.621577e+07,
2.295877e+07,
3345790,
4485740,
4538128,
4591755,
4646664,
4702902,
634139.1,
651178.1,
669157.9,
688158.9,
708270.5,
1.600949e+08,
1.50406e+08,
9972847,
2.86408e+07,
2.934333e+07,
3.008119e+07,
3.085712e+07,
3.167414e+07,
1836338,
1912186,
1994569,
2084371,
2182641,
3.892865e+07,
3.363535e+07,
5435626,
6621484,
6673859,
6727069,
6781135,
6836076,
1039084,
1062562,
1087125,
1112851,
1139824,
3.840788e+07,
3.454846e+07,
3967575,
6786675,
6847631,
6909692,
6972888,
7037251,
756750.6,
774696.9,
793515.1,
813270.3,
834034.1,
1.795259e+07,
1.62288e+07,
1772349,
3229558,
3237638,
3245759,
3253921,
3262124,
343107.4,
348696,
354469.8,
360437.9,
366610.4,
5.828621e+07,
4.570176e+07,
1.289074e+07,
9231958,
9185927,
9140351,
9095226,
9050544,
2537164,
2557492,
2578149,
2599141,
2620479,
5.546055e+07,
5.113986e+07,
4444888,
9825606,
1.002275e+07,
1.022797e+07,
1.044177e+07,
1.06647e+07,
826722.6,
856720.5,
888977.4,
923758.5,
961371.9,
2.027738e+08,
1.796638e+08,
2.374758e+07,
3.58356e+07,
3.588412e+07,
3.593276e+07,
3.598155e+07,
3.603046e+07,
4608925,
4678165,
4749517,
4823079,
4898956,
6.725327e+08,
5.047137e+08,
1.717244e+08,
1.003811e+08,
1.006611e+08,
1.009427e+08,
1.012259e+08,
1.015107e+08,
3.319334e+07,
3.375929e+07,
3.434487e+07,
3.495112e+07,
3.557916e+07,
2.300813e+07,
2.135996e+07,
1695881,
4230328,
4251058,
4271992,
4293134,
4314485,
326551.4,
332744.1,
339176.1,
345861.8,
352816.2,
3.539566e+08,
2.92754e+08,
6.277597e+07,
5.654301e+07,
5.75294e+07,
5.85508e+07,
5.960914e+07,
6.070644e+07,
1.173869e+07,
1.213322e+07,
1.255519e+07,
1.300757e+07,
1.349377e+07,
1.727248e+08,
1.372396e+08,
3.636076e+07,
2.653745e+07,
2.6985e+07,
2.744791e+07,
2.792698e+07,
2.842306e+07,
6806819,
7031795,
7272153,
7529523,
7805779,
1.091318e+08,
8.502714e+07,
2.46875e+07,
1.619245e+07,
1.658898e+07,
1.700543e+07,
1.744332e+07,
1.790436e+07,
4541213,
4731072,
4937500,
5162763,
5409563,
3.255319e+07,
2.936975e+07,
3272918,
5700427,
5785888,
5873950,
5964735,
6058369,
615750.1,
634573.3,
654583.6,
675896.9,
698645,
1.733798e+07,
1.667789e+07,
679901.3,
3182488,
3257236,
3335579,
3417784,
3504142,
125509.3,
130535.1,
135980.3,
141899.4,
148357.4,
4.046235e+08,
2.903433e+08,
1.168204e+08,
5.832181e+07,
5.819496e+07,
5.806866e+07,
5.794292e+07,
5.781771e+07,
2.283621e+07,
2.309713e+07,
2.336408e+07,
2.363727e+07,
2.391692e+07,
2.260336e+08,
1.661582e+08,
6.123952e+07,
3.285586e+07,
3.304268e+07,
3.323164e+07,
3.342278e+07,
3.361612e+07,
1.175764e+07,
1.199777e+07,
1.22479e+07,
1.250869e+07,
1.278083e+07,
4.050882e+09,
3.2506e+09,
8.192117e+08,
6.313464e+08,
6.404426e+08,
6.501201e+08,
6.604538e+08,
6.715338e+08,
1.544613e+08,
1.589596e+08,
1.638424e+08,
1.691777e+08,
1.750548e+08,
2092, 
1.837851e+07,
1.773037e+07,
667666.8,
3434047,
3489161,
3546073,
3604873,
3665655,
125358.7,
129317,
133533.4,
138034,
142848.5,
1.867247e+08,
1.807601e+08,
6144846,
3.56974e+07,
3.592327e+07,
3.615202e+07,
3.638369e+07,
3.661836e+07,
1179642,
1203800,
1228969,
1255213,
1282602,
5.977848e+07,
5.672523e+07,
3143647,
1.095652e+07,
1.11474e+07,
1.134505e+07,
1.154983e+07,
1.176214e+07,
588336.4,
607862.6,
628729.3,
651079.7,
675077.6,
3.426424e+07,
2.935574e+07,
5039333,
5413252,
5632910,
5871148,
6130428,
6413668,
894108,
947585.2,
1007867,
1076339,
1154793,
7.76268e+07,
7.385909e+07,
3879566,
1.427831e+07,
1.452087e+07,
1.477182e+07,
1.503159e+07,
1.530066e+07,
726794,
750550.9,
775913.3,
803049.7,
832153,
8.838124e+07,
8.443434e+07,
4064563,
1.600714e+07,
1.643524e+07,
1.688687e+07,
1.736402e+07,
1.786892e+07,
744742.2,
777335.7,
812912.6,
851902.3,
894820.6,
1.553076e+08,
1.303865e+08,
2.557164e+07,
2.591823e+07,
2.599752e+07,
2.607729e+07,
2.615756e+07,
2.623832e+07,
4942277,
5026831,
5114328,
5204926,
5298791,
5.052784e+08,
3.972483e+08,
1.106666e+08,
7.200926e+07,
7.55467e+07,
7.944966e+07,
8.377786e+07,
8.86048e+07,
1.924647e+07,
2.058919e+07,
2.213331e+07,
2.392782e+07,
2.603899e+07,
3.187763e+08,
2.07136e+08,
1.138828e+08,
3.998335e+07,
4.069247e+07,
4.14272e+07,
4.218894e+07,
4.297922e+07,
2.125672e+07,
2.199041e+07,
2.277655e+07,
2.362099e+07,
2.453044e+07,
2.60728e+07,
2.286059e+07,
3299886,
4465959,
4518415,
4572118,
4627113,
4683448,
625346.9,
642195.6,
659977.1,
678771.5,
698667.6,
1.600208e+08,
1.504537e+08,
9847682,
2.865233e+07,
2.935392e+07,
3.009074e+07,
3.086549e+07,
3.16812e+07,
1813475,
1888287,
1969536,
2058092,
2154987,
3.876652e+07,
3.353439e+07,
5372961,
6601383,
6653713,
6706879,
6760901,
6815801,
1027070,
1050294,
1074592,
1100041,
1126725,
3.823976e+07,
3.444625e+07,
3899967,
6766296,
6827221,
6889251,
6952420,
7016757,
743823.1,
761479,
779993.4,
799430.5,
819861.2,
1.787132e+07,
1.617534e+07,
1743810,
3218803,
3226915,
3235068,
3243263,
3251498,
337570.7,
343075.1,
348762,
354640.7,
360720.8,
5.828284e+07,
4.580573e+07,
1.278152e+07,
9252468,
9206581,
9161147,
9116158,
9071610,
2515536,
2535756,
2556304,
2577188,
2598415,
5.534236e+07,
5.108103e+07,
4383952,
9814565,
1.001136e+07,
1.021621e+07,
1.042961e+07,
1.065212e+07,
815419,
844991.8,
876790.4,
911075.9,
948151.9,
2.02588e+08,
1.79676e+08,
2.354474e+07,
3.583702e+07,
3.588605e+07,
3.59352e+07,
3.598449e+07,
3.603392e+07,
4569434,
4638143,
4708949,
4781951,
4857252,
6.690279e+08,
5.041639e+08,
1.687168e+08,
1.002619e+08,
1.005465e+08,
1.008328e+08,
1.011207e+08,
1.014102e+08,
3.260889e+07,
3.316643e+07,
3.374336e+07,
3.434073e+07,
3.495962e+07,
2.277926e+07,
2.11623e+07,
1663803,
4191089,
4211672,
4232459,
4253452,
4274654,
320367.9,
326446.7,
332760.6,
339323.5,
346150.6,
3.502436e+08,
2.901281e+08,
6.166336e+07,
5.60285e+07,
5.700958e+07,
5.802562e+07,
5.907854e+07,
6.017038e+07,
1.152901e+07,
1.191731e+07,
1.233267e+07,
1.277804e+07,
1.325677e+07,
1.717953e+08,
1.368504e+08,
3.580926e+07,
2.645281e+07,
2.690363e+07,
2.737008e+07,
2.7853e+07,
2.835326e+07,
6700942,
6923735,
7161853,
7416932,
7690853,
1.086546e+08,
8.482964e+07,
2.440223e+07,
1.615382e+07,
1.654992e+07,
1.696593e+07,
1.740339e+07,
1.786401e+07,
4488467,
4676257,
4880447,
5103282,
5347440,
3.229792e+07,
2.91803e+07,
3205374,
5662239,
5747836,
5836061,
5927037,
6020894,
602875.1,
621388.4,
641074.8,
662049.4,
684442.9,
1.733003e+07,
1.667906e+07,
670534.8,
3182463,
3257333,
3335811,
3418164,
3504686,
123769.8,
128731.2,
134107,
139951.3,
146328.2,
4.046446e+08,
2.91436e+08,
1.157345e+08,
5.853666e+07,
5.841167e+07,
5.82872e+07,
5.816327e+07,
5.803987e+07,
2.26222e+07,
2.288154e+07,
2.31469e+07,
2.341849e+07,
2.369652e+07,
2.265322e+08,
1.670734e+08,
6.081803e+07,
3.303423e+07,
3.322337e+07,
3.341469e+07,
3.360822e+07,
3.380401e+07,
1.167583e+07,
1.191473e+07,
1.216361e+07,
1.24231e+07,
1.269392e+07,
4.045006e+09,
3.253172e+09,
8.10619e+08,
6.3181e+08,
6.409313e+08,
6.506344e+08,
6.60994e+08,
6.721001e+08,
1.528245e+08,
1.572837e+08,
1.621238e+08,
1.674124e+08,
1.732373e+08,
2093, 
1.834288e+07,
1.770744e+07,
654595.3,
3428900,
3484285,
3541488,
3600600,
3661720,
122876.1,
126770.1,
130919,
135348.7,
140088.6,
1.869261e+08,
1.810681e+08,
6035075,
3.576441e+07,
3.598762e+07,
3.621362e+07,
3.644249e+07,
3.667427e+07,
1158802,
1182417,
1207015,
1232658,
1259415,
5.965923e+07,
5.665579e+07,
3092442,
1.09428e+07,
1.113359e+07,
1.133116e+07,
1.153586e+07,
1.174809e+07,
578737.9,
597953.3,
618488.4,
640484.1,
664102.1,
3.413042e+07,
2.92744e+07,
4985609,
5397111,
5616683,
5854880,
6114175,
6397501,
884370.2,
937367.6,
997121.8,
1065013,
1142825,
7.715002e+07,
7.342502e+07,
3835631,
1.419391e+07,
1.443528e+07,
1.4685e+07,
1.494351e+07,
1.521129e+07,
718536.3,
742036.6,
767126.1,
793971.6,
822764.1,
8.795684e+07,
8.407709e+07,
3995474,
1.593516e+07,
1.636346e+07,
1.681542e+07,
1.729305e+07,
1.779861e+07,
731864.2,
764003.4,
799094.8,
837565,
879926.7,
1.553296e+08,
1.306287e+08,
2.53468e+07,
2.596518e+07,
2.604521e+07,
2.612575e+07,
2.620677e+07,
2.628831e+07,
4898599,
4982517,
5069359,
5159283,
5252455,
5.088751e+08,
4.009617e+08,
1.105531e+08,
7.271465e+07,
7.627065e+07,
8.019234e+07,
8.453917e+07,
8.938426e+07,
1.923669e+07,
2.057377e+07,
2.211062e+07,
2.38956e+07,
2.59941e+07,
3.198241e+08,
2.088314e+08,
1.132332e+08,
4.031561e+07,
4.102813e+07,
4.176628e+07,
4.253149e+07,
4.332526e+07,
2.113891e+07,
2.186681e+07,
2.264663e+07,
2.348413e+07,
2.438595e+07,
2.592998e+07,
2.276224e+07,
3254315,
4446149,
4498670,
4552448,
4607526,
4663954,
616620.6,
633279.3,
650863.1,
669451.2,
689132.3,
1.599466e+08,
1.505012e+08,
9722671,
2.866382e+07,
2.936447e+07,
3.010024e+07,
3.087382e+07,
3.168821e+07,
1790637,
1864415,
1944534,
2031848,
2127372,
3.860437e+07,
3.343309e+07,
5310646,
6581215,
6633498,
6686619,
6740597,
6795454,
1015125,
1038095,
1062129,
1087303,
1113698,
3.807165e+07,
3.43436e+07,
3832824,
6745831,
6806720,
6868720,
6931858,
6996169,
730985.8,
748352.8,
766564.9,
785685.6,
805784.7,
1.779005e+07,
1.61217e+07,
1715466,
3208011,
3216154,
3224339,
3232565,
3240834,
332072.1,
337492.7,
343093.3,
348882.8,
354871.1,
5.827947e+07,
4.59096e+07,
1.267238e+07,
9272954,
9227213,
9181921,
9137071,
9092657,
2493926,
2514037,
2534475,
2555249,
2576365,
5.522409e+07,
5.102189e+07,
4323245,
9803467,
9999906,
1.020438e+07,
1.041739e+07,
1.063948e+07,
804156.8,
833306.4,
864648.9,
898441.3,
934982.4,
2.024021e+08,
1.796878e+08,
2.33423e+07,
3.583838e+07,
3.58879e+07,
3.593756e+07,
3.598736e+07,
3.60373e+07,
4530021,
4598199,
4668460,
4740901,
4815627,
6.655231e+08,
5.035898e+08,
1.657335e+08,
1.001379e+08,
1.004271e+08,
1.00718e+08,
1.010105e+08,
1.013048e+08,
3.202923e+07,
3.257839e+07,
3.314671e+07,
3.373521e+07,
3.434498e+07,
2.255038e+07,
2.096432e+07,
1632035,
4151792,
4172227,
4192865,
4213708,
4234760,
314244.3,
320210.2,
326407,
332848.4,
339549.2,
3.46534e+08,
2.874954e+08,
6.056116e+07,
5.55128e+07,
5.648849e+07,
5.749908e+07,
5.854649e+07,
5.963277e+07,
1.132134e+07,
1.170344e+07,
1.211223e+07,
1.255062e+07,
1.302193e+07,
1.708686e+08,
1.364595e+08,
3.526247e+07,
2.636788e+07,
2.682194e+07,
2.729191e+07,
2.777863e+07,
2.828304e+07,
6596026,
6816627,
7052494,
7305268,
7576836,
1.081773e+08,
8.463047e+07,
2.411862e+07,
1.611489e+07,
1.651053e+07,
1.692609e+07,
1.736311e+07,
1.78233e+07,
4436033,
4621762,
4823724,
5044143,
5285670,
3.204324e+07,
2.899072e+07,
3138566,
5624041,
5709766,
5798144,
5889302,
5983371,
590145.4,
608349.9,
627713.1,
648349.6,
670389,
1.73221e+07,
1.668021e+07,
661177.3,
3182437,
3257430,
3336043,
3418543,
3505228,
122032.2,
126929.1,
132235.5,
138004.8,
144300.6,
4.046658e+08,
2.925278e+08,
1.146495e+08,
5.875129e+07,
5.862816e+07,
5.850555e+07,
5.838346e+07,
5.826186e+07,
2.240838e+07,
2.266614e+07,
2.292989e+07,
2.319986e+07,
2.347626e+07,
2.270309e+08,
1.679905e+08,
6.039456e+07,
3.321295e+07,
3.340442e+07,
3.359811e+07,
3.379406e+07,
3.399231e+07,
1.159364e+07,
1.18313e+07,
1.207891e+07,
1.233711e+07,
1.260658e+07,
4.039158e+09,
3.25574e+09,
8.020573e+08,
6.322735e+08,
6.414195e+08,
6.511479e+08,
6.615331e+08,
6.726648e+08,
1.51194e+08,
1.55614e+08,
1.604115e+08,
1.656532e+08,
1.71426e+08,
2094, 
1.830733e+07,
1.768454e+07,
641573.3,
3423761,
3479415,
3536907,
3596332,
3657788,
120403.9,
124233.5,
128314.7,
132673.1,
137338,
1.871279e+08,
1.813769e+08,
5925102,
3.583158e+07,
3.605211e+07,
3.627537e+07,
3.650142e+07,
3.673029e+07,
1137915,
1160990,
1185020,
1210067,
1236195,
5.953998e+07,
5.658616e+07,
3041421,
1.092905e+07,
1.111975e+07,
1.131723e+07,
1.152185e+07,
1.173401e+07,
569174.1,
588079.6,
608284.3,
629926.6,
653165.8,
3.399681e+07,
2.919296e+07,
4932196,
5380957,
5600441,
5838592,
6097897,
6381304,
874692.1,
927210.9,
986439.2,
1053751,
1130921,
7.667338e+07,
7.299081e+07,
3791961,
1.41095e+07,
1.434967e+07,
1.459816e+07,
1.485541e+07,
1.512189e+07,
710329.6,
733574.5,
758392.2,
784947.9,
813431,
8.753349e+07,
8.372038e+07,
3926919,
1.586333e+07,
1.629181e+07,
1.674408e+07,
1.722218e+07,
1.772838e+07,
719091.7,
750777.1,
785383.7,
823334.8,
865139.7,
1.553516e+08,
1.308709e+08,
2.512199e+07,
2.601211e+07,
2.60929e+07,
2.617418e+07,
2.625598e+07,
2.633829e+07,
4854934,
4938212,
5024399,
5113646,
5206122,
5.124882e+08,
4.046998e+08,
1.10431e+08,
7.342518e+07,
7.699965e+07,
8.093996e+07,
8.53053e+07,
9.016834e+07,
1.92254e+07,
2.055674e+07,
2.20862e+07,
2.386153e+07,
2.594722e+07,
3.208746e+08,
2.10534e+08,
1.125789e+08,
4.064935e+07,
4.136524e+07,
4.21068e+07,
4.287544e+07,
4.367267e+07,
2.10202e+07,
2.17423e+07,
2.251578e+07,
2.334633e+07,
2.42405e+07,
2.578733e+07,
2.266372e+07,
3209076,
4426312,
4478897,
4532745,
4587904,
4644422,
607959.4,
624428.8,
641815.3,
660197.6,
679664.1,
1.598724e+08,
1.505485e+08,
9597789,
2.867528e+07,
2.937499e+07,
3.01097e+07,
3.08821e+07,
3.169518e+07,
1767818,
1840566,
1919558,
2005634,
2099792,
3.844223e+07,
3.333146e+07,
5248679,
6560982,
6613218,
6666292,
6720224,
6775037,
1003246,
1025964,
1049736,
1074635,
1100743,
3.790353e+07,
3.424048e+07,
3766146,
6725277,
6786131,
6848096,
6911203,
6975484,
718238.2,
735317.7,
753229.3,
772035.3,
791804.4,
1.770878e+07,
1.606786e+07,
1687317,
3197181,
3205356,
3213571,
3221829,
3230130,
326611.4,
331948.7,
337463.3,
343164.2,
349061.1,
5.82761e+07,
4.601339e+07,
1.256331e+07,
9293422,
9247828,
9202679,
9157968,
9113691,
2472333,
2492335,
2512662,
2533324,
2554329,
5.510575e+07,
5.096244e+07,
4262770,
9792308,
9988392,
1.019249e+07,
1.04051e+07,
1.062677e+07,
792937.1,
821665.4,
852553.9,
885855.3,
921864,
2.022163e+08,
1.796992e+08,
2.314023e+07,
3.583966e+07,
3.588968e+07,
3.593985e+07,
3.599015e+07,
3.60406e+07,
4490684,
4558331,
4628047,
4699928,
4774078,
6.620183e+08,
5.029914e+08,
1.627746e+08,
1.00009e+08,
1.003028e+08,
1.005983e+08,
1.008955e+08,
1.011945e+08,
3.145439e+07,
3.199519e+07,
3.255492e+07,
3.313458e+07,
3.373526e+07,
2.232151e+07,
2.076605e+07,
1600576,
4112436,
4132723,
4153211,
4173903,
4194802,
308180.4,
314034.5,
320115.3,
326436.2,
333011.7,
3.428279e+08,
2.848559e+08,
5.946938e+07,
5.499594e+07,
5.596613e+07,
5.697118e+07,
5.801298e+07,
5.909358e+07,
1.111566e+07,
1.149161e+07,
1.189388e+07,
1.232533e+07,
1.278926e+07,
1.699448e+08,
1.360668e+08,
3.472032e+07,
2.628266e+07,
2.673992e+07,
2.721337e+07,
2.770388e+07,
2.821241e+07,
6492062,
6710461,
6944065,
7194520,
7463718,
1.077001e+08,
8.44297e+07,
2.383666e+07,
1.607565e+07,
1.647084e+07,
1.688594e+07,
1.732251e+07,
1.778225e+07,
4383908,
4567587,
4767332,
4985345,
5224254,
3.178913e+07,
2.880099e+07,
3072497,
5585835,
5671677,
5760199,
5851527,
5945799,
577561.8,
595458.3,
614499.3,
634798.3,
656484.1,
1.731416e+07,
1.668136e+07,
651829.8,
3182410,
3257526,
3336273,
3418922,
3505770,
120296.7,
125129.1,
130366,
136060.3,
142274.9,
4.046869e+08,
2.936184e+08,
1.135653e+08,
5.896567e+07,
5.884443e+07,
5.872369e+07,
5.860344e+07,
5.848368e+07,
2.219477e+07,
2.245092e+07,
2.271306e+07,
2.298139e+07,
2.325613e+07,
2.275295e+08,
1.689095e+08,
5.996906e+07,
3.339201e+07,
3.358583e+07,
3.378191e+07,
3.398029e+07,
3.418102e+07,
1.151108e+07,
1.174749e+07,
1.199381e+07,
1.225069e+07,
1.25188e+07,
4.033338e+09,
3.258304e+09,
7.935266e+08,
6.327369e+08,
6.419073e+08,
6.516607e+08,
6.620712e+08,
6.73228e+08,
1.495699e+08,
1.539506e+08,
1.587053e+08,
1.639001e+08,
1.696206e+08,
2095, 
1.827184e+07,
1.766165e+07,
628603.4,
3418627,
3474548,
3532331,
3592067,
3653859,
117942.7,
121707.5,
125720.7,
130007.5,
134597,
1.873303e+08,
1.816863e+08,
5814895,
3.589891e+07,
3.611675e+07,
3.633725e+07,
3.656046e+07,
3.678643e+07,
1116973,
1139512,
1162979,
1187433,
1212937,
5.942074e+07,
5.651634e+07,
2990593,
1.091526e+07,
1.110588e+07,
1.130327e+07,
1.15078e+07,
1.171988e+07,
559646.8,
578243.4,
598118.6,
619408.5,
642270.1,
3.38634e+07,
2.911142e+07,
4879086,
5364792,
5584184,
5822285,
6081594,
6365079,
865072.1,
917113.4,
975817.1,
1042550,
1119080,
7.619686e+07,
7.255649e+07,
3748540,
1.402506e+07,
1.426404e+07,
1.45113e+07,
1.476728e+07,
1.503246e+07,
702169.6,
725160.5,
749708,
775975.6,
804150.8,
8.711118e+07,
8.336418e+07,
3858896,
1.579163e+07,
1.622027e+07,
1.667284e+07,
1.715138e+07,
1.765821e+07,
706424.1,
737656.9,
771779.1,
809211.3,
850459.6,
1.553736e+08,
1.31113e+08,
2.489723e+07,
2.605902e+07,
2.614056e+07,
2.622261e+07,
2.630517e+07,
2.638826e+07,
4811279,
4893919,
4979446,
5068016,
5159795,
5.161177e+08,
4.084629e+08,
1.103001e+08,
7.41409e+07,
7.773376e+07,
8.169258e+07,
8.607626e+07,
9.09571e+07,
1.921257e+07,
2.053807e+07,
2.206002e+07,
2.382558e+07,
2.589835e+07,
3.219278e+08,
2.122438e+08,
1.1192e+08,
4.098456e+07,
4.170382e+07,
4.244877e+07,
4.322082e+07,
4.402146e+07,
2.090057e+07,
2.161686e+07,
2.238399e+07,
2.320757e+07,
2.409408e+07,
2.564484e+07,
2.256504e+07,
3164169,
4406448,
4459092,
4513008,
4568244,
4624849,
599363.8,
615644.3,
632833.8,
651010.9,
670263.1,
1.59798e+08,
1.505955e+08,
9473060,
2.868668e+07,
2.938544e+07,
3.01191e+07,
3.089032e+07,
3.170208e+07,
1745023,
1816744,
1894612,
1979455,
2072252,
3.828009e+07,
3.322947e+07,
5187059,
6540683,
6592869,
6645895,
6699781,
6754547,
991434.6,
1013902,
1037412,
1062037,
1087861,
3.773541e+07,
3.41369e+07,
3699929,
6704635,
6765452,
6827382,
6890455,
6954706,
705579.2,
722373,
739985.7,
758478.7,
777919.8,
1.762751e+07,
1.601383e+07,
1659360,
3186315,
3194519,
3202766,
3211055,
3219388,
321188.4,
326442.8,
331871.9,
337484.7,
343290.6,
5.827274e+07,
4.611708e+07,
1.245433e+07,
9313867,
9268421,
9223417,
9178846,
9134706,
2450760,
2470650,
2490866,
2511416,
2532307,
5.498732e+07,
5.090268e+07,
4202523,
9781092,
9976817,
1.018054e+07,
1.039275e+07,
1.0614e+07,
781759.1,
810068.1,
840504.5,
873317.3,
908796.3,
2.020305e+08,
1.797102e+08,
2.293856e+07,
3.584084e+07,
3.589138e+07,
3.594205e+07,
3.599286e+07,
3.604382e+07,
4451425,
4518541,
4587711,
4659033,
4732606,
6.585135e+08,
5.023687e+08,
1.5984e+08,
9.987542e+07,
1.001737e+08,
1.004737e+08,
1.007756e+08,
1.010793e+08,
3.088434e+07,
3.141682e+07,
3.196799e+07,
3.253884e+07,
3.313045e+07,
2.209263e+07,
2.056748e+07,
1569427,
4073022,
4093159,
4113496,
4134036,
4154782,
302176.5,
307919.7,
313885.5,
320086.9,
326538.4,
3.391251e+08,
2.822096e+08,
5.838795e+07,
5.447789e+07,
5.544251e+07,
5.644191e+07,
5.7478e+07,
5.855285e+07,
1.091199e+07,
1.128181e+07,
1.167759e+07,
1.210214e+07,
1.255873e+07,
1.690238e+08,
1.356724e+08,
3.418281e+07,
2.619716e+07,
2.665759e+07,
2.713448e+07,
2.762875e+07,
2.814137e+07,
6389044,
6605232,
6836563,
7084686,
7351497,
1.072229e+08,
8.422725e+07,
2.355635e+07,
1.60361e+07,
1.643082e+07,
1.684545e+07,
1.728155e+07,
1.774084e+07,
4332093,
4513732,
4711270,
4926889,
5163191,
3.153561e+07,
2.861113e+07,
3007154,
5547619,
5633569,
5722225,
5813716,
5908180,
565121.7,
582711.1,
601430.8,
621393.1,
642726.1,
1.730624e+07,
1.668251e+07,
642493.4,
3182381,
3257620,
3336502,
3419299,
3506310,
118563.6,
123331.4,
128498.7,
134117.9,
140251.1,
4.04708e+08,
2.947081e+08,
1.12482e+08,
5.917982e+07,
5.906048e+07,
5.894162e+07,
5.882325e+07,
5.870534e+07,
2.198135e+07,
2.223589e+07,
2.249639e+07,
2.276307e+07,
2.303615e+07,
2.280282e+08,
1.698304e+08,
5.954158e+07,
3.357142e+07,
3.37676e+07,
3.396608e+07,
3.416692e+07,
3.437014e+07,
1.142815e+07,
1.166329e+07,
1.190832e+07,
1.216385e+07,
1.24306e+07,
4.027546e+09,
3.260864e+09,
7.850266e+08,
6.332001e+08,
6.423948e+08,
6.521729e+08,
6.626083e+08,
6.737899e+08,
1.47952e+08,
1.522934e+08,
1.570053e+08,
1.621531e+08,
1.678211e+08,
2096, 
1.823001e+07,
1.763258e+07,
615467.5,
3412353,
3468495,
3526516,
3586511,
3648582,
115453.6,
119151.2,
123093.5,
127305.6,
131816.2,
1.874445e+08,
1.819104e+08,
5701797,
3.594858e+07,
3.616403e+07,
3.638207e+07,
3.660277e+07,
3.682615e+07,
1095440,
1117448,
1140359,
1164229,
1189120,
5.928588e+07,
5.643147e+07,
2939183,
1.089856e+07,
1.108904e+07,
1.128629e+07,
1.149069e+07,
1.170263e+07,
550011.3,
568295.2,
587836.5,
608769.6,
631248.7,
3.372321e+07,
2.902377e+07,
4825283,
5347444,
5566722,
5804754,
6064051,
6347597,
855322.2,
906881.9,
965056.5,
1031206,
1107092,
7.573056e+07,
7.213166e+07,
3705875,
1.394228e+07,
1.418017e+07,
1.442633e+07,
1.468119e+07,
1.494521e+07,
694140.8,
716887.2,
741174.9,
767165.9,
795046.2,
8.66781e+07,
8.29972e+07,
3790891,
1.571801e+07,
1.61467e+07,
1.659944e+07,
1.70783e+07,
1.75856e+07,
693772.2,
724546.8,
758178.2,
795083.8,
835766.1,
1.552914e+08,
1.31267e+08,
2.465597e+07,
2.60884e+07,
2.617064e+07,
2.625339e+07,
2.633667e+07,
2.642048e+07,
4764442,
4846384,
4931195,
5019027,
5110044,
5.187977e+08,
4.114848e+08,
1.099557e+08,
7.47105e+07,
7.832045e+07,
8.229696e+07,
8.669886e+07,
9.159828e+07,
1.915899e+07,
2.04776e+07,
2.199114e+07,
2.374626e+07,
2.580585e+07,
3.225445e+08,
2.136699e+08,
1.11105e+08,
4.126099e+07,
4.198457e+07,
4.273398e+07,
4.351062e+07,
4.431602e+07,
2.074941e+07,
2.146001e+07,
2.2221e+07,
2.303795e+07,
2.391726e+07,
2.549436e+07,
2.245901e+07,
3118599,
4385087,
4437803,
4491803,
4547132,
4603842,
590634.4,
606726.3,
623719.8,
641692.5,
660731.8,
1.596673e+08,
1.505892e+08,
9345149,
2.868799e+07,
2.938553e+07,
3.011784e+07,
3.088759e+07,
3.169771e+07,
1721640,
1792310,
1869030,
1952612,
2044019,
3.812557e+07,
3.313377e+07,
5126815,
6521621,
6573767,
6626754,
6680603,
6735334,
979887,
1002109,
1025363,
1049721,
1075265,
3.756273e+07,
3.402875e+07,
3633738,
6683095,
6743865,
6805750,
6868782,
6932991,
692926.8,
709434.3,
726747.6,
744927.1,
764039.3,
1.754277e+07,
1.595646e+07,
1631276,
3174784,
3183016,
3191291,
3199609,
3207971,
315741.4,
320912.3,
326255.3,
331779.2,
337493.5,
5.824073e+07,
4.619798e+07,
1.233936e+07,
9329706,
9284432,
9239595,
9195189,
9151208,
2428009,
2447777,
2467871,
2488298,
2509065,
5.485196e+07,
5.0827e+07,
4141233,
9766942,
9962189,
1.01654e+07,
1.037708e+07,
1.059775e+07,
770397.8,
798275.6,
828246.6,
860555.9,
895488.4,
2.01749e+08,
1.796357e+08,
2.27265e+07,
3.582499e+07,
3.5876e+07,
3.592715e+07,
3.597844e+07,
3.602989e+07,
4410155,
4476708,
4545301,
4616028,
4688992,
6.549668e+08,
5.016897e+08,
1.569195e+08,
9.97306e+07,
1.000334e+08,
1.003379e+08,
1.006444e+08,
1.009527e+08,
3.031714e+07,
3.084129e+07,
3.138389e+07,
3.194592e+07,
3.252844e+07,
2.187542e+07,
2.037947e+07,
1539406,
4035703,
4055699,
4075895,
4096292,
4116895,
296389.9,
302026.3,
307881.2,
313967.6,
320299.5,
3.356039e+08,
2.797049e+08,
5.734736e+07,
5.398772e+07,
5.4947e+07,
5.594098e+07,
5.697159e+07,
5.804089e+07,
1.071609e+07,
1.107999e+07,
1.146947e+07,
1.188733e+07,
1.23368e+07,
1.680969e+08,
1.352692e+08,
3.364819e+07,
2.611048e+07,
2.657379e+07,
2.705384e+07,
2.755156e+07,
2.806793e+07,
6286771,
6500670,
6729638,
6975324,
7239629,
1.067117e+08,
8.399644e+07,
2.327028e+07,
1.599116e+07,
1.638526e+07,
1.679929e+07,
1.723478e+07,
1.769345e+07,
4279224,
4458776,
4654055,
4867224,
5100856,
3.128606e+07,
2.842422e+07,
2942863,
5510145,
5596131,
5684844,
5776415,
5870984,
552902.9,
570180.4,
588572.6,
608190.9,
629162.1,
1.729021e+07,
1.667584e+07,
632870.1,
3180845,
3256179,
3335168,
3418084,
3505229,
116777.1,
121478.4,
126574,
132115.9,
138165.2,
4.045646e+08,
2.956766e+08,
1.113542e+08,
5.936959e+07,
5.925222e+07,
5.913532e+07,
5.901888e+07,
5.890289e+07,
2.175929e+07,
2.20121e+07,
2.227085e+07,
2.253575e+07,
2.280704e+07,
2.283316e+08,
1.706072e+08,
5.906163e+07,
3.372232e+07,
3.392071e+07,
3.412144e+07,
3.432457e+07,
3.453013e+07,
1.133517e+07,
1.156883e+07,
1.181233e+07,
1.20663e+07,
1.233143e+07,
4.019687e+09,
3.2618e+09,
7.760741e+08,
6.333399e+08,
6.425578e+08,
6.523601e+08,
6.628206e+08,
6.740284e+08,
1.462461e+08,
1.505468e+08,
1.552148e+08,
1.603147e+08,
1.659301e+08,
2097, 
1.818825e+07,
1.760353e+07,
602389.9,
3406087,
3462448,
3520706,
3580958,
3643308,
112976.5,
116606.8,
120478,
124615.1,
129046.5,
1.87559e+08,
1.821348e+08,
5588593,
3.599832e+07,
3.621138e+07,
3.642696e+07,
3.664513e+07,
3.686593e+07,
1073879,
1095360,
1117719,
1141009,
1165290,
5.9151e+07,
5.634638e+07,
2887992,
1.088183e+07,
1.107216e+07,
1.126927e+07,
1.147353e+07,
1.168533e+07,
540417.4,
558389.6,
577598.4,
598175.8,
620273.4,
3.358324e+07,
2.893603e+07,
4771804,
5330087,
5549249,
5787207,
6046486,
6330089,
845634.6,
896714,
954360.8,
1019929,
1095171,
7.526446e+07,
7.170676e+07,
3663464,
1.385948e+07,
1.40963e+07,
1.434135e+07,
1.459507e+07,
1.485794e+07,
686160.6,
708663.7,
732692.8,
758408.6,
785995.1,
8.624606e+07,
8.263073e+07,
3723425,
1.564453e+07,
1.607326e+07,
1.652615e+07,
1.70053e+07,
1.751306e+07,
681226,
711543.3,
744684.9,
781064.6,
821181.1,
1.552091e+08,
1.314205e+08,
2.441508e+07,
2.61177e+07,
2.620064e+07,
2.62841e+07,
2.63681e+07,
2.645264e+07,
4717680,
4798924,
4883016,
4970108,
5060363,
5.21486e+08,
4.14522e+08,
1.096041e+08,
7.528323e+07,
7.891023e+07,
8.29044e+07,
8.732447e+07,
9.22424e+07,
1.910412e+07,
2.041577e+07,
2.192082e+07,
2.366542e+07,
2.571174e+07,
3.231622e+08,
2.150992e+08,
1.102875e+08,
4.153808e+07,
4.226597e+07,
4.301984e+07,
4.380108e+07,
4.461123e+07,
2.059778e+07,
2.130266e+07,
2.205751e+07,
2.286781e+07,
2.373991e+07,
2.534408e+07,
2.235284e+07,
3073378,
4363703,
4416489,
4470568,
4525988,
4582799,
581973.9,
597877.9,
614675.6,
632444.4,
651271.1,
1.595364e+08,
1.505825e+08,
9217461,
2.868921e+07,
2.938554e+07,
3.011651e+07,
3.088477e+07,
3.169325e+07,
1698293,
1767916,
1843492,
1925819,
2015841,
3.797106e+07,
3.303775e+07,
5066904,
6502497,
6554603,
6607550,
6661360,
6716054,
968404,
990382.1,
1013381,
1037473,
1062739,
3.739005e+07,
3.392012e+07,
3568019,
6661464,
6722186,
6784024,
6847011,
6911178,
680365.1,
696588.1,
713603.7,
731471.4,
750256.8,
1.745803e+07,
1.589889e+07,
1603394,
3163214,
3171474,
3179777,
3188124,
3196515,
310333.6,
315421.4,
320678.8,
326114.4,
331737.5,
5.820873e+07,
4.627867e+07,
1.222458e+07,
9345505,
9300403,
9255735,
9211494,
9167674,
2405298,
2424945,
2444915,
2465217,
2485859,
5.471649e+07,
5.075097e+07,
4080209,
9752726,
9947492,
1.015019e+07,
1.036133e+07,
1.058144e+07,
759084.9,
786533.6,
816041.7,
847850.2,
882239.2,
2.014676e+08,
1.795607e+08,
2.2515e+07,
3.580902e+07,
3.586051e+07,
3.591214e+07,
3.596392e+07,
3.601585e+07,
4368993,
4434985,
4503000,
4573135,
4645489,
6.5142e+08,
5.009861e+08,
1.540234e+08,
9.958095e+07,
9.988813e+07,
1.001972e+08,
1.005082e+08,
1.008212e+08,
2.975479e+07,
3.027064e+07,
3.080469e+07,
3.135792e+07,
3.193139e+07,
2.165821e+07,
2.019118e+07,
1509679,
3998329,
4018183,
4038236,
4058490,
4078948,
290660.2,
296190.7,
301935.8,
307908.1,
314121.4,
3.320856e+08,
2.771935e+08,
5.631651e+07,
5.349637e+07,
5.445022e+07,
5.54387e+07,
5.646374e+07,
5.75274e+07,
1.052206e+07,
1.088007e+07,
1.12633e+07,
1.167452e+07,
1.211689e+07,
1.671727e+08,
1.348641e+08,
3.311816e+07,
2.602349e+07,
2.648965e+07,
2.697282e+07,
2.747395e+07,
2.799405e+07,
6185430,
6397035,
6623631,
6866870,
7128655,
1.062004e+08,
8.376387e+07,
2.298597e+07,
1.594588e+07,
1.633937e+07,
1.675278e+07,
1.718764e+07,
1.764568e+07,
4226687,
4404162,
4597194,
4807923,
5038899,
3.103701e+07,
2.823711e+07,
2879281,
5472647,
5558660,
5647421,
5739063,
5833728,
540823.3,
557790.1,
575856.2,
595131.6,
615742.1,
1.72742e+07,
1.666916e+07,
623265.9,
3179308,
3254737,
3333833,
3416868,
3504145,
114994.5,
119629.2,
124653.2,
130117.6,
136083.1,
4.044213e+08,
2.966431e+08,
1.102283e+08,
5.955894e+07,
5.944356e+07,
5.932863e+07,
5.921414e+07,
5.910009e+07,
2.153761e+07,
2.178867e+07,
2.204565e+07,
2.230877e+07,
2.257825e+07,
2.286349e+08,
1.71385e+08,
5.858063e+07,
3.387338e+07,
3.4074e+07,
3.4277e+07,
3.448243e+07,
3.469034e+07,
1.124199e+07,
1.147416e+07,
1.171613e+07,
1.196851e+07,
1.223201e+07,
4.011846e+09,
3.262716e+09,
7.671585e+08,
6.33476e+08,
6.427169e+08,
6.525431e+08,
6.630287e+08,
6.742622e+08,
1.445477e+08,
1.488076e+08,
1.534317e+08,
1.584837e+08,
1.640464e+08,
2098, 
1.814657e+07,
1.757449e+07,
589370.8,
3399826,
3456405,
3514899,
3575407,
3638035,
110511.4,
114074.1,
117874.2,
121936.1,
126288,
1.876737e+08,
1.823596e+08,
5475283,
3.604816e+07,
3.625881e+07,
3.647192e+07,
3.668756e+07,
3.690577e+07,
1052290,
1073247,
1095057,
1117770,
1141447,
5.901614e+07,
5.626108e+07,
2837013,
1.086505e+07,
1.105525e+07,
1.125222e+07,
1.145633e+07,
1.166799e+07,
530863.6,
548525.3,
567402.5,
587625.4,
609343.2,
3.344351e+07,
2.88482e+07,
4718647,
5312720,
5531760,
5769640,
6028897,
6312550,
836008.6,
886609,
943729.3,
1008716,
1083316,
7.479855e+07,
7.128183e+07,
3621303,
1.377669e+07,
1.401243e+07,
1.425637e+07,
1.450895e+07,
1.477065e+07,
678228,
700488.9,
724260.6,
749702.4,
776996.9,
8.581504e+07,
8.226476e+07,
3656495,
1.557118e+07,
1.599993e+07,
1.645295e+07,
1.693238e+07,
1.744058e+07,
668785.1,
698646.4,
731298.9,
767153.3,
806704.8,
1.551269e+08,
1.315737e+08,
2.417453e+07,
2.614693e+07,
2.623057e+07,
2.631474e+07,
2.639946e+07,
2.648472e+07,
4670988,
4751534,
4834907,
4921258,
5010749,
5.241829e+08,
4.175748e+08,
1.092453e+08,
7.585914e+07,
7.950316e+07,
8.351496e+07,
8.795314e+07,
9.288951e+07,
1.904797e+07,
2.03526e+07,
2.184907e+07,
2.358307e+07,
2.561603e+07,
3.237808e+08,
2.165317e+08,
1.094675e+08,
4.18158e+07,
4.254802e+07,
4.330635e+07,
4.40922e+07,
4.490709e+07,
2.044565e+07,
2.114482e+07,
2.18935e+07,
2.269714e+07,
2.356204e+07,
2.519399e+07,
2.224652e+07,
3028511,
4342296,
4395149,
4449304,
4504810,
4561718,
573383.4,
589099.9,
605702.1,
623267.4,
641881.8,
1.594053e+08,
1.505755e+08,
9090003,
2.869038e+07,
2.938548e+07,
3.01151e+07,
3.088188e+07,
3.168872e+07,
1674984,
1743564,
1818001,
1899076,
1987720,
3.781654e+07,
3.29414e+07,
5007325,
6483309,
6535373,
6588279,
6642049,
6696704,
956985.1,
978719.9,
1001465,
1025292,
1050281,
3.721737e+07,
3.381103e+07,
3502772,
6639745,
6700416,
6762206,
6825147,
6889270,
667894.6,
683834.7,
700554.3,
718111.9,
736572.3,
1.737329e+07,
1.584112e+07,
1575715,
3151606,
3159893,
3168224,
3176599,
3185018,
304965.6,
309970.8,
315143,
320490.7,
326023.1,
5.817672e+07,
4.635918e+07,
1.210997e+07,
9361261,
9316333,
9271834,
9227758,
9184100,
2382625,
2402148,
2421995,
2442171,
2462687,
5.458092e+07,
5.067457e+07,
4019436,
9738436,
9932720,
1.013491e+07,
1.034551e+07,
1.056505e+07,
747817.5,
774839.3,
803887.2,
835197.8,
869046.4,
2.011861e+08,
1.794851e+08,
2.230407e+07,
3.579294e+07,
3.58449e+07,
3.589701e+07,
3.594928e+07,
3.600169e+07,
4327945,
4393375,
4460814,
4530355,
4602099,
6.478733e+08,
5.002583e+08,
1.511518e+08,
9.94265e+07,
9.97381e+07,
1.000517e+08,
1.003672e+08,
1.006847e+08,
2.919725e+07,
2.970482e+07,
3.023036e+07,
3.077483e+07,
3.133927e+07,
2.1441e+07,
2.00026e+07,
1480244,
3960899,
3980611,
4000520,
4020629,
4040942,
284987,
290412.5,
296048.7,
301908,
308003.9,
3.285702e+08,
2.746755e+08,
5.52955e+07,
5.300385e+07,
5.39522e+07,
5.49351e+07,
5.595447e+07,
5.70124e+07,
1.032993e+07,
1.068208e+07,
1.10591e+07,
1.14637e+07,
1.189904e+07,
1.662511e+08,
1.344572e+08,
3.259269e+07,
2.593619e+07,
2.640518e+07,
2.689144e+07,
2.739594e+07,
2.791974e+07,
6085016,
6294322,
6518539,
6759320,
7018571,
1.056892e+08,
8.352954e+07,
2.270342e+07,
1.590028e+07,
1.629314e+07,
1.670591e+07,
1.714013e+07,
1.759753e+07,
4174479,
4349888,
4540684,
4748985,
4977318,
3.078844e+07,
2.804979e+07,
2816407,
5435125,
5521158,
5609958,
5701661,
5796413,
528882.5,
545540.2,
563281.3,
582215.1,
602466.1,
1.72582e+07,
1.666248e+07,
613681.2,
3177769,
3253293,
3332495,
3415649,
3503060,
113215.9,
117784,
122736.2,
128123.2,
134004.7,
4.04278e+08,
2.976078e+08,
1.09104e+08,
5.97479e+07,
5.963452e+07,
5.952157e+07,
5.940904e+07,
5.929694e+07,
2.131629e+07,
2.15656e+07,
2.18208e+07,
2.208212e+07,
2.234976e+07,
2.289383e+08,
1.721637e+08,
5.809862e+07,
3.402461e+07,
3.422746e+07,
3.443274e+07,
3.464049e+07,
3.485077e+07,
1.114864e+07,
1.137931e+07,
1.161972e+07,
1.187052e+07,
1.213237e+07,
4.004022e+09,
3.263612e+09,
7.582797e+08,
6.336086e+08,
6.428723e+08,
6.527223e+08,
6.632326e+08,
6.744916e+08,
1.428566e+08,
1.470759e+08,
1.516559e+08,
1.566601e+08,
1.6217e+08,
2099, 
1.810496e+07,
1.754548e+07,
576412.3,
3393571,
3450367,
3509096,
3569859,
3632764,
108058.8,
111553.8,
115282.5,
119269,
123541.1,
1.877886e+08,
1.825848e+08,
5361838,
3.609808e+07,
3.630632e+07,
3.651696e+07,
3.673006e+07,
3.694566e+07,
1030667,
1051104,
1072368,
1094510,
1117585,
5.888127e+07,
5.617557e+07,
2786249,
1.084824e+07,
1.103829e+07,
1.123511e+07,
1.143909e+07,
1.165061e+07,
521350.7,
538702.8,
557249.8,
577119.4,
598458.3,
3.330399e+07,
2.876028e+07,
4665811,
5295345,
5514261,
5752057,
6011286,
6294985,
826444.3,
876567.2,
933162.3,
997569.8,
1071528,
7.433284e+07,
7.085684e+07,
3579396,
1.36939e+07,
1.392854e+07,
1.417137e+07,
1.442281e+07,
1.468334e+07,
670343.7,
692363.6,
715879.2,
741048.4,
768051.8,
8.538507e+07,
8.18993e+07,
3590116,
1.549797e+07,
1.592671e+07,
1.637986e+07,
1.685955e+07,
1.736818e+07,
656452.6,
685858.9,
718023.2,
753352.8,
792338.8,
1.550447e+08,
1.317265e+08,
2.393434e+07,
2.617609e+07,
2.626043e+07,
2.634531e+07,
2.643074e+07,
2.651673e+07,
4624369,
4704216,
4786869,
4872478,
4961205,
5.268883e+08,
4.20643e+08,
1.088793e+08,
7.643819e+07,
8.009923e+07,
8.412861e+07,
8.858484e+07,
9.353958e+07,
1.899053e+07,
2.028804e+07,
2.177587e+07,
2.349918e+07,
2.55187e+07,
3.244004e+08,
2.179676e+08,
1.086449e+08,
4.209418e+07,
4.283073e+07,
4.359351e+07,
4.438396e+07,
4.52036e+07,
2.029304e+07,
2.098648e+07,
2.172899e+07,
2.252597e+07,
2.338363e+07,
2.50441e+07,
2.214004e+07,
2983994,
4320866,
4373781,
4428009,
4483598,
4540601,
564861.9,
580391.3,
596798.8,
614160.9,
632563.4,
1.592741e+08,
1.505681e+08,
8962756,
2.869147e+07,
2.938535e+07,
3.011362e+07,
3.087891e+07,
3.16841e+07,
1651709,
1719250,
1792551,
1872381,
1959653,
3.766203e+07,
3.284472e+07,
4948075,
6464059,
6516080,
6568944,
6622673,
6677288,
945629.6,
967122.4,
989614.9,
1013179,
1037892,
3.704469e+07,
3.370146e+07,
3438003,
6617934,
6678553,
6740293,
6803185,
6867262,
655516.6,
671175.4,
687600.6,
704849.9,
722987.1,
1.728856e+07,
1.578315e+07,
1548237,
3139958,
3148272,
3156630,
3165032,
3173479,
299636.9,
304560,
309647.5,
314907.8,
320350,
5.814472e+07,
4.643948e+07,
1.199556e+07,
9376977,
9332224,
9287896,
9243987,
9200491,
2359992,
2379392,
2399113,
2419163,
2439552,
5.444524e+07,
5.05978e+07,
3958926,
9724075,
9917876,
1.011956e+07,
1.032962e+07,
1.054858e+07,
736597.9,
763195.1,
791785.3,
822600.6,
855911.9,
2.009047e+08,
1.794089e+08,
2.209369e+07,
3.577675e+07,
3.582919e+07,
3.588178e+07,
3.593452e+07,
3.598742e+07,
4287006,
4351875,
4418738,
4487687,
4558822,
6.443266e+08,
4.99506e+08,
1.483046e+08,
9.926724e+07,
9.958321e+07,
9.990121e+07,
1.002212e+08,
1.005433e+08,
2.864453e+07,
2.914387e+07,
2.966092e+07,
3.019666e+07,
3.07521e+07,
2.122378e+07,
1.981373e+07,
1451103,
3923414,
3942982,
3962747,
3982710,
4002876,
279370.8,
284692.3,
290220.7,
295967.9,
301947.3,
3.250577e+08,
2.721508e+08,
5.428422e+07,
5.251016e+07,
5.345292e+07,
5.443015e+07,
5.544378e+07,
5.649587e+07,
1.013966e+07,
1.0486e+07,
1.085684e+07,
1.125488e+07,
1.168321e+07,
1.653322e+08,
1.340484e+08,
3.207177e+07,
2.584858e+07,
2.632036e+07,
2.680967e+07,
2.731753e+07,
2.784499e+07,
5985525,
6192525,
6414355,
6652668,
6909374,
1.05178e+08,
8.32935e+07,
2.242261e+07,
1.585436e+07,
1.624658e+07,
1.66587e+07,
1.709227e+07,
1.754902e+07,
4122598,
4295951,
4484523,
4690410,
4916111,
3.054037e+07,
2.786228e+07,
2754235,
5397583,
5483625,
5572456,
5664212,
5759041,
517079.4,
533429.3,
550846.9,
569440.4,
589333,
1.724221e+07,
1.665578e+07,
604114.4,
3176229,
3251849,
3331157,
3414430,
3501973,
111440.8,
115942.4,
120822.9,
126132.4,
131929.9,
4.041347e+08,
2.985707e+08,
1.079815e+08,
5.993645e+07,
5.982508e+07,
5.971413e+07,
5.960358e+07,
5.949346e+07,
2.109536e+07,
2.134289e+07,
2.15963e+07,
2.18558e+07,
2.212161e+07,
2.292417e+08,
1.729433e+08,
5.761556e+07,
3.4176e+07,
3.438109e+07,
3.458866e+07,
3.479875e+07,
3.501141e+07,
1.10551e+07,
1.128426e+07,
1.152311e+07,
1.17723e+07,
1.20325e+07,
3.996216e+09,
3.264487e+09,
7.494374e+08,
6.337377e+08,
6.430239e+08,
6.528975e+08,
6.634322e+08,
6.747166e+08,
1.411729e+08,
1.453514e+08,
1.498875e+08,
1.548437e+08,
1.603009e+08,
2100, 
1.806343e+07,
1.751648e+07,
563509,
3387322,
3444333,
3503297,
3564315,
3627495,
105617.5,
109044.7,
112701.8,
116612.7,
120804.8,
1.879038e+08,
1.828102e+08,
5248286,
3.614808e+07,
3.635388e+07,
3.656204e+07,
3.67726e+07,
3.69856e+07,
1009016,
1028935,
1049657,
1071231,
1093710,
5.87464e+07,
5.608986e+07,
2735696,
1.083138e+07,
1.102129e+07,
1.121797e+07,
1.14218e+07,
1.163318e+07,
511877.6,
528921.3,
547139.2,
566656.8,
587618.4,
3.316471e+07,
2.867227e+07,
4613298,
5277960,
5496746,
5734454,
5993651,
6277390,
816941.9,
866588.4,
922659.6,
986488.8,
1059806,
7.386732e+07,
7.043181e+07,
3537744,
1.36111e+07,
1.384465e+07,
1.408636e+07,
1.433666e+07,
1.459601e+07,
662508.1,
684288.2,
707548.9,
732446.6,
759160.4,
8.495611e+07,
8.153435e+07,
3524265,
1.542489e+07,
1.585362e+07,
1.630687e+07,
1.67868e+07,
1.729583e+07,
644223.5,
673175.8,
704852.9,
739658.4,
778079.8,
1.549625e+08,
1.31879e+08,
2.36945e+07,
2.620517e+07,
2.629021e+07,
2.63758e+07,
2.646196e+07,
2.654868e+07,
4577822,
4656969,
4738901,
4823767,
4911728,
5.296022e+08,
4.237268e+08,
1.085061e+08,
7.702042e+07,
8.069844e+07,
8.474536e+07,
8.921961e+07,
9.419262e+07,
1.893179e+07,
2.022213e+07,
2.170123e+07,
2.341377e+07,
2.541975e+07,
3.250209e+08,
2.194067e+08,
1.078198e+08,
4.237322e+07,
4.31141e+07,
4.388134e+07,
4.467638e+07,
4.550076e+07,
2.013994e+07,
2.082764e+07,
2.156396e+07,
2.235426e+07,
2.320468e+07,
2.48944e+07,
2.203342e+07,
2939826,
4299414,
4352389,
4406685,
4462354,
4519447,
556409.2,
571752.1,
587965.2,
605124.6,
623315.6,
1.591427e+08,
1.505603e+08,
8835736,
2.869249e+07,
2.938514e+07,
3.011206e+07,
3.087586e+07,
3.167942e+07,
1628471,
1694977,
1767147,
1845737,
1931641,
3.750752e+07,
3.274771e+07,
4889160,
6444746,
6496722,
6549543,
6603230,
6657804,
934339.2,
955590.8,
977831.9,
1001133,
1025572,
3.687201e+07,
3.359144e+07,
3373707,
6596035,
6656601,
6718289,
6781131,
6845159,
643229.4,
658608.7,
674741.3,
691684.1,
709499.8,
1.720381e+07,
1.572498e+07,
1520962,
3128273,
3136613,
3144997,
3153426,
3161900,
294347.8,
299189.1,
304192.3,
309365.8,
314718.2,
5.811272e+07,
4.65196e+07,
1.188133e+07,
9392653,
9348076,
9303920,
9260179,
9216847,
2337398,
2356672,
2376267,
2396190,
2416451,
5.430944e+07,
5.052066e+07,
3898681,
9709644,
9902961,
1.010413e+07,
1.031365e+07,
1.053203e+07,
725426.4,
751601.4,
779736.1,
810059,
842835.8,
2.006233e+08,
1.793322e+08,
2.188385e+07,
3.576045e+07,
3.581336e+07,
3.586643e+07,
3.591966e+07,
3.597305e+07,
4246173,
4310482,
4376770,
4445128,
4515655,
6.407799e+08,
4.987295e+08,
1.454817e+08,
9.910316e+07,
9.942348e+07,
9.974589e+07,
1.000704e+08,
1.00397e+08,
2.809661e+07,
2.858774e+07,
2.909634e+07,
2.962337e+07,
3.016984e+07,
2.100657e+07,
1.962458e+07,
1422254,
3885875,
3905298,
3924916,
3944733,
3964751,
273810.8,
279029.4,
284450.8,
290087,
295951.1,
3.215482e+08,
2.696194e+08,
5.328268e+07,
5.201532e+07,
5.295242e+07,
5.392388e+07,
5.493166e+07,
5.597783e+07,
9951256,
1.029183e+07,
1.065654e+07,
1.104804e+07,
1.146942e+07,
1.644159e+08,
1.336377e+08,
3.155538e+07,
2.576067e+07,
2.62352e+07,
2.672754e+07,
2.723871e+07,
2.776982e+07,
5886951,
6091641,
6311077,
6546913,
6801060,
1.046668e+08,
8.30557e+07,
2.214358e+07,
1.58081e+07,
1.619968e+07,
1.661114e+07,
1.704405e+07,
1.750013e+07,
4071050,
4242359,
4428717,
4632201,
4855284,
3.029279e+07,
2.767457e+07,
2692767,
5360017,
5446061,
5534914,
5626713,
5721609,
505414.4,
521457.9,
538553.4,
556807.8,
576343.1,
1.722623e+07,
1.664908e+07,
594564.7,
3174689,
3250403,
3329817,
3413209,
3500885,
109669.2,
114104.1,
118912.9,
124144.9,
129858.4,
4.039914e+08,
2.995316e+08,
1.068608e+08,
6.012459e+07,
6.001525e+07,
5.990632e+07,
5.979777e+07,
5.968962e+07,
2.08748e+07,
2.112055e+07,
2.137215e+07,
2.162982e+07,
2.189378e+07,
2.29545e+08,
1.737238e+08,
5.713148e+07,
3.432754e+07,
3.45349e+07,
3.474476e+07,
3.49572e+07,
3.517225e+07,
1.096138e+07,
1.118901e+07,
1.14263e+07,
1.167386e+07,
1.19324e+07,
3.988426e+09,
3.265344e+09,
7.406317e+08,
6.338632e+08,
6.431718e+08,
6.530687e+08,
6.636277e+08,
6.749372e+08,
1.394965e+08,
1.436343e+08,
1.481263e+08,
1.530346e+08,
1.58439e+08];
