real main.em.dem.res.POP_q[27,13](t) = [1971, 
2.188868e+07,
1.655778e+07,
5330900,
3311556,
3311556,
3311556,
3311556,
3311556,
1066180,
1066180,
1066180,
1066180,
1066180,
2.029079e+08,
1.493658e+08,
5.354214e+07,
2.987316e+07,
2.987316e+07,
2.987316e+07,
2.987316e+07,
2.987316e+07,
1.070843e+07,
1.070843e+07,
1.070843e+07,
1.070843e+07,
1.070843e+07,
5.189768e+07,
3.101851e+07,
2.087916e+07,
6203703,
6203703,
6203703,
6203703,
6203703,
4175833,
4175833,
4175833,
4175833,
4175833,
4.40666e+07,
1.90625e+07,
2.50041e+07,
3812500,
3812500,
3812500,
3812500,
3812500,
5000821,
5000821,
5000821,
5000821,
5000821,
9.876629e+07,
5.61832e+07,
4.258309e+07,
1.123664e+07,
1.123664e+07,
1.123664e+07,
1.123664e+07,
1.123664e+07,
8516618,
8516618,
8516618,
8516618,
8516618,
9.869306e+07,
6.340449e+07,
3.528856e+07,
1.26809e+07,
1.26809e+07,
1.26809e+07,
1.26809e+07,
1.26809e+07,
7057713,
7057713,
7057713,
7057713,
7057713,
7.256262e+07,
2.959219e+07,
4.297043e+07,
5918438,
5918438,
5918438,
5918438,
5918438,
8594086,
8594086,
8594086,
8594086,
8594086,
1.451282e+08,
3.35097e+07,
1.116185e+08,
6701939,
6701939,
6701939,
6701939,
6701939,
2.23237e+07,
2.23237e+07,
2.23237e+07,
2.23237e+07,
2.23237e+07,
8.802727e+07,
1.016387e+07,
7.78634e+07,
2032775,
2032775,
2032775,
2032775,
2032775,
1.557268e+07,
1.557268e+07,
1.557268e+07,
1.557268e+07,
1.557268e+07,
2.303144e+07,
1.102492e+07,
1.200652e+07,
2204984,
2204984,
2204984,
2204984,
2204984,
2401304,
2401304,
2401304,
2401304,
2401304,
3.52343e+08,
2.45692e+08,
1.06651e+08,
4.91384e+07,
4.91384e+07,
4.91384e+07,
4.91384e+07,
4.91384e+07,
2.13302e+07,
2.13302e+07,
2.13302e+07,
2.13302e+07,
2.13302e+07,
1.17141e+08,
5.800984e+07,
5.913116e+07,
1.160197e+07,
1.160197e+07,
1.160197e+07,
1.160197e+07,
1.160197e+07,
1.182623e+07,
1.182623e+07,
1.182623e+07,
1.182623e+07,
1.182623e+07,
3.635996e+07,
1.414562e+07,
2.221433e+07,
2829125,
2829125,
2829125,
2829125,
2829125,
4442867,
4442867,
4442867,
4442867,
4442867,
6.058586e+07,
3.189108e+07,
2.869478e+07,
6378216,
6378216,
6378216,
6378216,
6378216,
5738957,
5738957,
5738957,
5738957,
5738957,
3.325372e+07,
1.435385e+07,
1.889988e+07,
2870770,
2870770,
2870770,
2870770,
2870770,
3779976,
3779976,
3779976,
3779976,
3779976,
1.436771e+08,
8.944347e+07,
5.423365e+07,
1.788869e+07,
1.788869e+07,
1.788869e+07,
1.788869e+07,
1.788869e+07,
1.084673e+07,
1.084673e+07,
1.084673e+07,
1.084673e+07,
1.084673e+07,
6.987732e+07,
3.240678e+07,
3.747054e+07,
6481357,
6481357,
6481357,
6481357,
6481357,
7494107,
7494107,
7494107,
7494107,
7494107,
5.699992e+08,
1.144239e+08,
4.555753e+08,
2.288479e+07,
2.288479e+07,
2.288479e+07,
2.288479e+07,
2.288479e+07,
9.111506e+07,
9.111506e+07,
9.111506e+07,
9.111506e+07,
9.111506e+07,
4.867e+07,
2.242951e+07,
2.624048e+07,
4485903,
4485903,
4485903,
4485903,
4485903,
5248097,
5248097,
5248097,
5248097,
5248097,
8.641837e+08,
1.538356e+08,
7.103481e+08,
3.076713e+07,
3.076713e+07,
3.076713e+07,
3.076713e+07,
3.076713e+07,
1.420696e+08,
1.420696e+08,
1.420696e+08,
1.420696e+08,
1.420696e+08,
1.688495e+08,
4.18994e+07,
1.269501e+08,
8379880,
8379880,
8379880,
8379880,
8379880,
2.539001e+07,
2.539001e+07,
2.539001e+07,
2.539001e+07,
2.539001e+07,
1.208964e+08,
2.097806e+07,
9.991839e+07,
4195611,
4195611,
4195611,
4195611,
4195611,
1.998368e+07,
1.998368e+07,
1.998368e+07,
1.998368e+07,
1.998368e+07,
1.067894e+08,
5.758957e+07,
4.919978e+07,
1.151791e+07,
1.151791e+07,
1.151791e+07,
1.151791e+07,
1.151791e+07,
9839955,
9839955,
9839955,
9839955,
9839955,
1.734836e+07,
1.391833e+07,
3430035,
2783665,
2783665,
2783665,
2783665,
2783665,
686007,
686007,
686007,
686007,
686007,
1.661363e+08,
2.549651e+07,
1.406398e+08,
5099303,
5099303,
5099303,
5099303,
5099303,
2.812795e+07,
2.812795e+07,
2.812795e+07,
2.812795e+07,
2.812795e+07,
4.62939e+07,
5648327,
4.064558e+07,
1129665,
1129665,
1129665,
1129665,
1129665,
8129115,
8129115,
8129115,
8129115,
8129115,
0,
0,
0,
0,
0,
0,
0,
0,
0,
0,
0,
0,
0,
1972, 
2.222222e+07,
1.680818e+07,
5414045,
3361635,
3361635,
3361635,
3361635,
3361635,
1082809,
1082809,
1082809,
1082809,
1082809,
2.052384e+08,
1.511023e+08,
5.413615e+07,
3.022045e+07,
3.022045e+07,
3.022045e+07,
3.022045e+07,
3.022045e+07,
1.082723e+07,
1.082723e+07,
1.082723e+07,
1.082723e+07,
1.082723e+07,
5.354344e+07,
3.240245e+07,
2.114098e+07,
6480491,
6480491,
6480491,
6480491,
6480491,
4228197,
4228197,
4228197,
4228197,
4228197,
4.502408e+07,
1.971508e+07,
2.530899e+07,
3943017,
3943017,
3943017,
3943017,
3943017,
5061799,
5061799,
5061799,
5061799,
5061799,
1.011944e+08,
5.855209e+07,
4.264231e+07,
1.171042e+07,
1.171042e+07,
1.171042e+07,
1.171042e+07,
1.171042e+07,
8528462,
8528462,
8528462,
8528462,
8528462,
1.008495e+08,
6.53644e+07,
3.548506e+07,
1.307288e+07,
1.307288e+07,
1.307288e+07,
1.307288e+07,
1.307288e+07,
7097013,
7097013,
7097013,
7097013,
7097013,
7.426316e+07,
3.060663e+07,
4.365653e+07,
6121327,
6121327,
6121327,
6121327,
6121327,
8731306,
8731306,
8731306,
8731306,
8731306,
1.487183e+08,
3.511626e+07,
1.13602e+08,
7023251,
7023251,
7023251,
7023251,
7023251,
2.272041e+07,
2.272041e+07,
2.272041e+07,
2.272041e+07,
2.272041e+07,
9.047132e+07,
1.072804e+07,
7.974328e+07,
2145608,
2145608,
2145608,
2145608,
2145608,
1.594866e+07,
1.594866e+07,
1.594866e+07,
1.594866e+07,
1.594866e+07,
2.369851e+07,
1.135846e+07,
1.234005e+07,
2271692,
2271692,
2271692,
2271692,
2271692,
2468010,
2468010,
2468010,
2468010,
2468010,
3.544558e+08,
2.480664e+08,
1.063893e+08,
4.961329e+07,
4.961329e+07,
4.961329e+07,
4.961329e+07,
4.961329e+07,
2.127786e+07,
2.127786e+07,
2.127786e+07,
2.127786e+07,
2.127786e+07,
1.181297e+08,
5.932514e+07,
5.880452e+07,
1.186503e+07,
1.186503e+07,
1.186503e+07,
1.186503e+07,
1.186503e+07,
1.17609e+07,
1.17609e+07,
1.17609e+07,
1.17609e+07,
1.17609e+07,
3.718804e+07,
1.471709e+07,
2.247094e+07,
2943418,
2943418,
2943418,
2943418,
2943418,
4494189,
4494189,
4494189,
4494189,
4494189,
6.106912e+07,
3.2636e+07,
2.843312e+07,
6527201,
6527201,
6527201,
6527201,
6527201,
5686625,
5686625,
5686625,
5686625,
5686625,
3.401164e+07,
1.478165e+07,
1.922999e+07,
2956331,
2956331,
2956331,
2956331,
2956331,
3845997,
3845997,
3845997,
3845997,
3845997,
1.446052e+08,
9.111504e+07,
5.349018e+07,
1.822301e+07,
1.822301e+07,
1.822301e+07,
1.822301e+07,
1.822301e+07,
1.069804e+07,
1.069804e+07,
1.069804e+07,
1.069804e+07,
1.069804e+07,
7.223176e+07,
3.422384e+07,
3.800792e+07,
6844767,
6844767,
6844767,
6844767,
6844767,
7601585,
7601585,
7601585,
7601585,
7601585,
5.82838e+08,
1.188337e+08,
4.640043e+08,
2.376673e+07,
2.376673e+07,
2.376673e+07,
2.376673e+07,
2.376673e+07,
9.280086e+07,
9.280086e+07,
9.280086e+07,
9.280086e+07,
9.280086e+07,
4.974522e+07,
2.350835e+07,
2.623686e+07,
4701671,
4701671,
4701671,
4701671,
4701671,
5247373,
5247373,
5247373,
5247373,
5247373,
8.841987e+08,
1.574106e+08,
7.26788e+08,
3.148212e+07,
3.148212e+07,
3.148212e+07,
3.148212e+07,
3.148212e+07,
1.453576e+08,
1.453576e+08,
1.453576e+08,
1.453576e+08,
1.453576e+08,
1.729305e+08,
4.340672e+07,
1.295238e+08,
8681343,
8681343,
8681343,
8681343,
8681343,
2.590476e+07,
2.590476e+07,
2.590476e+07,
2.590476e+07,
2.590476e+07,
1.241148e+08,
2.209233e+07,
1.020225e+08,
4418466,
4418466,
4418466,
4418466,
4418466,
2.04045e+07,
2.04045e+07,
2.04045e+07,
2.04045e+07,
2.04045e+07,
1.082204e+08,
5.914505e+07,
4.907536e+07,
1.182901e+07,
1.182901e+07,
1.182901e+07,
1.182901e+07,
1.182901e+07,
9815072,
9815072,
9815072,
9815072,
9815072,
1.774228e+07,
1.426358e+07,
3478703,
2852716,
2852716,
2852716,
2852716,
2852716,
695740.5,
695740.5,
695740.5,
695740.5,
695740.5,
1.695598e+08,
2.669394e+07,
1.428659e+08,
5338789,
5338789,
5338789,
5338789,
5338789,
2.857317e+07,
2.857317e+07,
2.857317e+07,
2.857317e+07,
2.857317e+07,
4.773538e+07,
6130323,
4.160506e+07,
1226065,
1226065,
1226065,
1226065,
1226065,
8321012,
8321012,
8321012,
8321012,
8321012,
0,
0,
0,
0,
0,
0,
0,
0,
0,
0,
0,
0,
0,
1973, 
2.250203e+07,
1.701788e+07,
5484150,
3403576,
3403576,
3403576,
3403576,
3403576,
1096830,
1096830,
1096830,
1096830,
1096830,
2.073148e+08,
1.526521e+08,
5.466267e+07,
3.053042e+07,
3.053042e+07,
3.053042e+07,
3.053042e+07,
3.053042e+07,
1.093253e+07,
1.093253e+07,
1.093253e+07,
1.093253e+07,
1.093253e+07,
5.52282e+07,
3.38349e+07,
2.139331e+07,
6766979,
6766979,
6766979,
6766979,
6766979,
4278661,
4278661,
4278661,
4278661,
4278661,
4.59811e+07,
2.037761e+07,
2.560349e+07,
4075522,
4075522,
4075522,
4075522,
4075522,
5120699,
5120699,
5120699,
5120699,
5120699,
1.036669e+08,
6.099449e+07,
4.26724e+07,
1.21989e+07,
1.21989e+07,
1.21989e+07,
1.21989e+07,
1.21989e+07,
8534481,
8534481,
8534481,
8534481,
8534481,
1.030439e+08,
6.737377e+07,
3.567016e+07,
1.347475e+07,
1.347475e+07,
1.347475e+07,
1.347475e+07,
1.347475e+07,
7134032,
7134032,
7134032,
7134032,
7134032,
7.602226e+07,
3.166016e+07,
4.43621e+07,
6332033,
6332033,
6332033,
6332033,
6332033,
8872421,
8872421,
8872421,
8872421,
8872421,
1.524995e+08,
3.680648e+07,
1.15693e+08,
7361297,
7361297,
7361297,
7361297,
7361297,
2.31386e+07,
2.31386e+07,
2.31386e+07,
2.31386e+07,
2.31386e+07,
9.297651e+07,
1.131489e+07,
8.166162e+07,
2262977,
2262977,
2262977,
2262977,
2262977,
1.633233e+07,
1.633233e+07,
1.633233e+07,
1.633233e+07,
1.633233e+07,
2.438251e+07,
1.170092e+07,
1.268159e+07,
2340185,
2340185,
2340185,
2340185,
2340185,
2536318,
2536318,
2536318,
2536318,
2536318,
3.563494e+08,
2.502977e+08,
1.060516e+08,
5.005954e+07,
5.005954e+07,
5.005954e+07,
5.005954e+07,
5.005954e+07,
2.121033e+07,
2.121033e+07,
2.121033e+07,
2.121033e+07,
2.121033e+07,
1.191748e+08,
6.0683e+07,
5.849175e+07,
1.21366e+07,
1.21366e+07,
1.21366e+07,
1.21366e+07,
1.21366e+07,
1.169835e+07,
1.169835e+07,
1.169835e+07,
1.169835e+07,
1.169835e+07,
3.802824e+07,
1.530454e+07,
2.27237e+07,
3060908,
3060908,
3060908,
3060908,
3060908,
4544740,
4544740,
4544740,
4544740,
4544740,
6.15024e+07,
3.336157e+07,
2.814082e+07,
6672315,
6672315,
6672315,
6672315,
6672315,
5628165,
5628165,
5628165,
5628165,
5628165,
3.47935e+07,
1.522442e+07,
1.956908e+07,
3044884,
3044884,
3044884,
3044884,
3044884,
3913816,
3913816,
3913816,
3913816,
3913816,
1.455311e+08,
9.279922e+07,
5.273188e+07,
1.855984e+07,
1.855984e+07,
1.855984e+07,
1.855984e+07,
1.855984e+07,
1.054638e+07,
1.054638e+07,
1.054638e+07,
1.054638e+07,
1.054638e+07,
7.467161e+07,
3.612948e+07,
3.854212e+07,
7225897,
7225897,
7225897,
7225897,
7225897,
7708425,
7708425,
7708425,
7708425,
7708425,
5.961075e+08,
1.234133e+08,
4.726941e+08,
2.468267e+07,
2.468267e+07,
2.468267e+07,
2.468267e+07,
2.468267e+07,
9.453883e+07,
9.453883e+07,
9.453883e+07,
9.453883e+07,
9.453883e+07,
5.078784e+07,
2.459662e+07,
2.619121e+07,
4919325,
4919325,
4919325,
4919325,
4919325,
5238243,
5238243,
5238243,
5238243,
5238243,
9.034708e+08,
1.608539e+08,
7.42617e+08,
3.217077e+07,
3.217077e+07,
3.217077e+07,
3.217077e+07,
3.217077e+07,
1.485234e+08,
1.485234e+08,
1.485234e+08,
1.485234e+08,
1.485234e+08,
1.7703e+08,
4.494206e+07,
1.320879e+08,
8988411,
8988411,
8988411,
8988411,
8988411,
2.641758e+07,
2.641758e+07,
2.641758e+07,
2.641758e+07,
2.641758e+07,
1.273812e+08,
2.324418e+07,
1.04137e+08,
4648837,
4648837,
4648837,
4648837,
4648837,
2.08274e+07,
2.08274e+07,
2.08274e+07,
2.08274e+07,
2.08274e+07,
1.096795e+08,
6.073676e+07,
4.894271e+07,
1.214735e+07,
1.214735e+07,
1.214735e+07,
1.214735e+07,
1.214735e+07,
9788542,
9788542,
9788542,
9788542,
9788542,
1.805049e+07,
1.454108e+07,
3509408,
2908216,
2908216,
2908216,
2908216,
2908216,
701881.5,
701881.5,
701881.5,
701881.5,
701881.5,
1.739762e+08,
2.807873e+07,
1.458974e+08,
5615747,
5615747,
5615747,
5615747,
5615747,
2.917949e+07,
2.917949e+07,
2.917949e+07,
2.917949e+07,
2.917949e+07,
4.928611e+07,
6645534,
4.264057e+07,
1329107,
1329107,
1329107,
1329107,
1329107,
8528114,
8528114,
8528114,
8528114,
8528114,
0,
0,
0,
0,
0,
0,
0,
0,
0,
0,
0,
0,
0,
1974, 
2.281243e+07,
1.725067e+07,
5561763,
3450134,
3450134,
3450134,
3450134,
3450134,
1112353,
1112353,
1112353,
1112353,
1112353,
2.09278e+08,
1.54119e+08,
5.515896e+07,
3.08238e+07,
3.08238e+07,
3.08238e+07,
3.08238e+07,
3.08238e+07,
1.103179e+07,
1.103179e+07,
1.103179e+07,
1.103179e+07,
1.103179e+07,
5.694588e+07,
3.531294e+07,
2.163294e+07,
7062587,
7062587,
7062587,
7062587,
7062587,
4326589,
4326589,
4326589,
4326589,
4326589,
4.693873e+07,
2.105054e+07,
2.588819e+07,
4210107,
4210107,
4210107,
4210107,
4210107,
5177639,
5177639,
5177639,
5177639,
5177639,
1.061674e+08,
6.350189e+07,
4.266548e+07,
1.270038e+07,
1.270038e+07,
1.270038e+07,
1.270038e+07,
1.270038e+07,
8533096,
8533096,
8533096,
8533096,
8533096,
1.052849e+08,
6.94388e+07,
3.584609e+07,
1.388776e+07,
1.388776e+07,
1.388776e+07,
1.388776e+07,
1.388776e+07,
7169218,
7169218,
7169218,
7169218,
7169218,
7.785539e+07,
3.276005e+07,
4.509534e+07,
6552010,
6552010,
6552010,
6552010,
6552010,
9019069,
9019069,
9019069,
9019069,
9019069,
1.564865e+08,
3.858701e+07,
1.178995e+08,
7717402,
7717402,
7717402,
7717402,
7717402,
2.35799e+07,
2.35799e+07,
2.35799e+07,
2.35799e+07,
2.35799e+07,
9.568684e+07,
1.194295e+07,
8.374389e+07,
2388589,
2388589,
2388589,
2388589,
2388589,
1.674878e+07,
1.674878e+07,
1.674878e+07,
1.674878e+07,
1.674878e+07,
2.507702e+07,
1.204926e+07,
1.302776e+07,
2409851,
2409851,
2409851,
2409851,
2409851,
2605552,
2605552,
2605552,
2605552,
2605552,
3.580526e+08,
2.524044e+08,
1.056482e+08,
5.048089e+07,
5.048089e+07,
5.048089e+07,
5.048089e+07,
5.048089e+07,
2.112964e+07,
2.112964e+07,
2.112964e+07,
2.112964e+07,
2.112964e+07,
1.202812e+08,
6.208712e+07,
5.819404e+07,
1.241742e+07,
1.241742e+07,
1.241742e+07,
1.241742e+07,
1.241742e+07,
1.163881e+07,
1.163881e+07,
1.163881e+07,
1.163881e+07,
1.163881e+07,
3.886342e+07,
1.59012e+07,
2.296222e+07,
3180241,
3180241,
3180241,
3180241,
3180241,
4592444,
4592444,
4592444,
4592444,
4592444,
6.191057e+07,
3.408029e+07,
2.783028e+07,
6816058,
6816058,
6816058,
6816058,
6816058,
5566057,
5566057,
5566057,
5566057,
5566057,
3.559436e+07,
1.568019e+07,
1.991417e+07,
3136038,
3136038,
3136038,
3136038,
3136038,
3982835,
3982835,
3982835,
3982835,
3982835,
1.465016e+08,
9.452622e+07,
5.197541e+07,
1.890524e+07,
1.890524e+07,
1.890524e+07,
1.890524e+07,
1.890524e+07,
1.039508e+07,
1.039508e+07,
1.039508e+07,
1.039508e+07,
1.039508e+07,
7.721381e+07,
3.813467e+07,
3.907914e+07,
7626935,
7626935,
7626935,
7626935,
7626935,
7815827,
7815827,
7815827,
7815827,
7815827,
6.097219e+08,
1.281489e+08,
4.81573e+08,
2.562978e+07,
2.562978e+07,
2.562978e+07,
2.562978e+07,
2.562978e+07,
9.631461e+07,
9.631461e+07,
9.631461e+07,
9.631461e+07,
9.631461e+07,
5.175634e+07,
2.567258e+07,
2.608376e+07,
5134517,
5134517,
5134517,
5134517,
5134517,
5216752,
5216752,
5216752,
5216752,
5216752,
9.216447e+08,
1.641021e+08,
7.575426e+08,
3.282043e+07,
3.282043e+07,
3.282043e+07,
3.282043e+07,
3.282043e+07,
1.515085e+08,
1.515085e+08,
1.515085e+08,
1.515085e+08,
1.515085e+08,
1.810843e+08,
4.648926e+07,
1.345951e+08,
9297852,
9297852,
9297852,
9297852,
9297852,
2.691901e+07,
2.691901e+07,
2.691901e+07,
2.691901e+07,
2.691901e+07,
1.306785e+08,
2.443108e+07,
1.062474e+08,
4886215,
4886215,
4886215,
4886215,
4886215,
2.124949e+07,
2.124949e+07,
2.124949e+07,
2.124949e+07,
2.124949e+07,
1.111e+08,
6.2328e+07,
4.877202e+07,
1.24656e+07,
1.24656e+07,
1.24656e+07,
1.24656e+07,
1.24656e+07,
9754404,
9754404,
9754404,
9754404,
9754404,
1.834835e+07,
1.481125e+07,
3537104,
2962250,
2962250,
2962250,
2962250,
2962250,
707420.8,
707420.8,
707420.8,
707420.8,
707420.8,
1.784912e+08,
2.951485e+07,
1.489764e+08,
5902971,
5902971,
5902971,
5902971,
5902971,
2.979527e+07,
2.979527e+07,
2.979527e+07,
2.979527e+07,
2.979527e+07,
5.091645e+07,
7191883,
4.372457e+07,
1438377,
1438377,
1438377,
1438377,
1438377,
8744914,
8744914,
8744914,
8744914,
8744914,
0,
0,
0,
0,
0,
0,
0,
0,
0,
0,
0,
0,
0,
1975, 
2.313625e+07,
1.749355e+07,
5642700,
3498711,
3498711,
3498711,
3498711,
3498711,
1128540,
1128540,
1128540,
1128540,
1128540,
2.112745e+08,
1.556109e+08,
5.566363e+07,
3.112218e+07,
3.112218e+07,
3.112218e+07,
3.112218e+07,
3.112218e+07,
1.113273e+07,
1.113273e+07,
1.113273e+07,
1.113273e+07,
1.113273e+07,
5.869188e+07,
3.683444e+07,
2.185744e+07,
7366888,
7366888,
7366888,
7366888,
7366888,
4371489,
4371489,
4371489,
4371489,
4371489,
4.789626e+07,
2.173356e+07,
2.616269e+07,
4346712,
4346712,
4346712,
4346712,
4346712,
5232539,
5232539,
5232539,
5232539,
5232539,
1.087005e+08,
6.607796e+07,
4.262256e+07,
1.321559e+07,
1.321559e+07,
1.321559e+07,
1.321559e+07,
1.321559e+07,
8524512,
8524512,
8524512,
8524512,
8524512,
1.07549e+08,
7.154473e+07,
3.600422e+07,
1.430895e+07,
1.430895e+07,
1.430895e+07,
1.430895e+07,
1.430895e+07,
7200843,
7200843,
7200843,
7200843,
7200843,
7.995338e+07,
3.398836e+07,
4.596502e+07,
6797673,
6797673,
6797673,
6797673,
6797673,
9193004,
9193004,
9193004,
9193004,
9193004,
1.606874e+08,
4.046308e+07,
1.202243e+08,
8092616,
8092616,
8092616,
8092616,
8092616,
2.404486e+07,
2.404486e+07,
2.404486e+07,
2.404486e+07,
2.404486e+07,
9.846992e+07,
1.259721e+07,
8.587271e+07,
2519442,
2519442,
2519442,
2519442,
2519442,
1.717454e+07,
1.717454e+07,
1.717454e+07,
1.717454e+07,
1.717454e+07,
2.577796e+07,
1.240152e+07,
1.337644e+07,
2480304,
2480304,
2480304,
2480304,
2480304,
2675289,
2675289,
2675289,
2675289,
2675289,
3.594862e+08,
2.543291e+08,
1.051572e+08,
5.086581e+07,
5.086581e+07,
5.086581e+07,
5.086581e+07,
5.086581e+07,
2.103144e+07,
2.103144e+07,
2.103144e+07,
2.103144e+07,
2.103144e+07,
1.214296e+08,
6.352868e+07,
5.790088e+07,
1.270574e+07,
1.270574e+07,
1.270574e+07,
1.270574e+07,
1.270574e+07,
1.158018e+07,
1.158018e+07,
1.158018e+07,
1.158018e+07,
1.158018e+07,
3.967359e+07,
1.649866e+07,
2.317493e+07,
3299732,
3299732,
3299732,
3299732,
3299732,
4634986,
4634986,
4634986,
4634986,
4634986,
6.230651e+07,
3.479873e+07,
2.750778e+07,
6959746,
6959746,
6959746,
6959746,
6959746,
5501557,
5501557,
5501557,
5501557,
5501557,
3.641502e+07,
1.614948e+07,
2.026554e+07,
3229896,
3229896,
3229896,
3229896,
3229896,
4053109,
4053109,
4053109,
4053109,
4053109,
1.47568e+08,
9.633045e+07,
5.123753e+07,
1.926609e+07,
1.926609e+07,
1.926609e+07,
1.926609e+07,
1.926609e+07,
1.024751e+07,
1.024751e+07,
1.024751e+07,
1.024751e+07,
1.024751e+07,
7.986169e+07,
4.024416e+07,
3.961754e+07,
8048831,
8048831,
8048831,
8048831,
8048831,
7923507,
7923507,
7923507,
7923507,
7923507,
6.235242e+08,
1.330102e+08,
4.90514e+08,
2.660204e+07,
2.660204e+07,
2.660204e+07,
2.660204e+07,
2.660204e+07,
9.810281e+07,
9.810281e+07,
9.810281e+07,
9.810281e+07,
9.810281e+07,
5.265394e+07,
2.673526e+07,
2.591869e+07,
5347051,
5347051,
5347051,
5347051,
5347051,
5183738,
5183738,
5183738,
5183738,
5183738,
9.378603e+08,
1.670021e+08,
7.708582e+08,
3.340042e+07,
3.340042e+07,
3.340042e+07,
3.340042e+07,
3.340042e+07,
1.541716e+08,
1.541716e+08,
1.541716e+08,
1.541716e+08,
1.541716e+08,
1.849676e+08,
4.801526e+07,
1.369523e+08,
9603052,
9603052,
9603052,
9603052,
9603052,
2.739047e+07,
2.739047e+07,
2.739047e+07,
2.739047e+07,
2.739047e+07,
1.340077e+08,
2.56536e+07,
1.083541e+08,
5130719,
5130719,
5130719,
5130719,
5130719,
2.167082e+07,
2.167082e+07,
2.167082e+07,
2.167082e+07,
2.167082e+07,
1.124116e+08,
6.387792e+07,
4.853372e+07,
1.277558e+07,
1.277558e+07,
1.277558e+07,
1.277558e+07,
1.277558e+07,
9706745,
9706745,
9706745,
9706745,
9706745,
1.86104e+07,
1.505343e+07,
3556973,
3010685,
3010685,
3010685,
3010685,
3010685,
711394.6,
711394.6,
711394.6,
711394.6,
711394.6,
1.830685e+08,
3.09973e+07,
1.520712e+08,
6199461,
6199461,
6199461,
6199461,
6199461,
3.041425e+07,
3.041425e+07,
3.041425e+07,
3.041425e+07,
3.041425e+07,
5.261978e+07,
7769917,
4.484987e+07,
1553983,
1553983,
1553983,
1553983,
1553983,
8969974,
8969974,
8969974,
8969974,
8969974,
0,
0,
0,
0,
0,
0,
0,
0,
0,
0,
0,
0,
0,
1976, 
2.344211e+07,
1.772725e+07,
5714860,
3545451,
3545451,
3545451,
3545451,
3545451,
1142972,
1142972,
1142972,
1142972,
1142972,
2.1327e+08,
1.571169e+08,
5.615312e+07,
3.142338e+07,
3.142338e+07,
3.142338e+07,
3.142338e+07,
3.142338e+07,
1.123062e+07,
1.123062e+07,
1.123062e+07,
1.123062e+07,
1.123062e+07,
6.045254e+07,
3.837225e+07,
2.208029e+07,
7674450,
7674450,
7674450,
7674450,
7674450,
4416058,
4416058,
4416058,
4416058,
4416058,
4.88408e+07,
2.237855e+07,
2.646226e+07,
4475710,
4475710,
4475710,
4475710,
4475710,
5292451,
5292451,
5292451,
5292451,
5292451,
1.112865e+08,
6.869138e+07,
4.259514e+07,
1.373828e+07,
1.373828e+07,
1.373828e+07,
1.373828e+07,
1.373828e+07,
8519027,
8519027,
8519027,
8519027,
8519027,
1.098229e+08,
7.368161e+07,
3.614133e+07,
1.473632e+07,
1.473632e+07,
1.473632e+07,
1.473632e+07,
1.473632e+07,
7228267,
7228267,
7228267,
7228267,
7228267,
8.231434e+07,
3.533956e+07,
4.697479e+07,
7067911,
7067911,
7067911,
7067911,
7067911,
9394958,
9394958,
9394958,
9394958,
9394958,
1.650015e+08,
4.24097e+07,
1.225918e+08,
8481940,
8481940,
8481940,
8481940,
8481940,
2.451836e+07,
2.451836e+07,
2.451836e+07,
2.451836e+07,
2.451836e+07,
1.013455e+08,
1.328987e+07,
8.805566e+07,
2657975,
2657975,
2657975,
2657975,
2657975,
1.761113e+07,
1.761113e+07,
1.761113e+07,
1.761113e+07,
1.761113e+07,
2.64803e+07,
1.275614e+07,
1.372416e+07,
2551229,
2551229,
2551229,
2551229,
2551229,
2744831,
2744831,
2744831,
2744831,
2744831,
3.60642e+08,
2.558307e+08,
1.048114e+08,
5.116613e+07,
5.116613e+07,
5.116613e+07,
5.116613e+07,
5.116613e+07,
2.096227e+07,
2.096227e+07,
2.096227e+07,
2.096227e+07,
2.096227e+07,
1.225836e+08,
6.496684e+07,
5.761672e+07,
1.299337e+07,
1.299337e+07,
1.299337e+07,
1.299337e+07,
1.299337e+07,
1.152334e+07,
1.152334e+07,
1.152334e+07,
1.152334e+07,
1.152334e+07,
4.0501e+07,
1.702046e+07,
2.348053e+07,
3404093,
3404093,
3404093,
3404093,
3404093,
4696107,
4696107,
4696107,
4696107,
4696107,
6.266348e+07,
3.546351e+07,
2.719997e+07,
7092703,
7092703,
7092703,
7092703,
7092703,
5439993,
5439993,
5439993,
5439993,
5439993,
3.725299e+07,
1.658696e+07,
2.066603e+07,
3317391,
3317391,
3317391,
3317391,
3317391,
4133207,
4133207,
4133207,
4133207,
4133207,
1.486873e+08,
9.799542e+07,
5.069192e+07,
1.959908e+07,
1.959908e+07,
1.959908e+07,
1.959908e+07,
1.959908e+07,
1.013838e+07,
1.013838e+07,
1.013838e+07,
1.013838e+07,
1.013838e+07,
8.291629e+07,
4.245204e+07,
4.046425e+07,
8490408,
8490408,
8490408,
8490408,
8490408,
8092851,
8092851,
8092851,
8092851,
8092851,
6.374515e+08,
1.382326e+08,
4.992188e+08,
2.764653e+07,
2.764653e+07,
2.764653e+07,
2.764653e+07,
2.764653e+07,
9.984377e+07,
9.984377e+07,
9.984377e+07,
9.984377e+07,
9.984377e+07,
5.344349e+07,
2.777761e+07,
2.566588e+07,
5555523,
5555523,
5555523,
5555523,
5555523,
5133175,
5133175,
5133175,
5133175,
5133175,
9.525713e+08,
1.734075e+08,
7.791639e+08,
3.46815e+07,
3.46815e+07,
3.46815e+07,
3.46815e+07,
3.46815e+07,
1.558328e+08,
1.558328e+08,
1.558328e+08,
1.558328e+08,
1.558328e+08,
1.887873e+08,
4.974739e+07,
1.390399e+08,
9949478,
9949478,
9949478,
9949478,
9949478,
2.780798e+07,
2.780798e+07,
2.780798e+07,
2.780798e+07,
2.780798e+07,
1.373769e+08,
2.705447e+07,
1.103224e+08,
5410894,
5410894,
5410894,
5410894,
5410894,
2.206448e+07,
2.206448e+07,
2.206448e+07,
2.206448e+07,
2.206448e+07,
1.136249e+08,
6.519022e+07,
4.843464e+07,
1.303805e+07,
1.303805e+07,
1.303805e+07,
1.303805e+07,
1.303805e+07,
9686929,
9686929,
9686929,
9686929,
9686929,
1.88305e+07,
1.522606e+07,
3604437,
3045213,
3045213,
3045213,
3045213,
3045213,
720887.4,
720887.4,
720887.4,
720887.4,
720887.4,
1.876888e+08,
3.290102e+07,
1.547877e+08,
6580205,
6580205,
6580205,
6580205,
6580205,
3.095755e+07,
3.095755e+07,
3.095755e+07,
3.095755e+07,
3.095755e+07,
5.438139e+07,
8422878,
4.595852e+07,
1684576,
1684576,
1684576,
1684576,
1684576,
9191703,
9191703,
9191703,
9191703,
9191703,
0,
0,
0,
0,
0,
0,
0,
0,
0,
0,
0,
0,
0,
1977, 
2.371531e+07,
1.793631e+07,
5778994,
3587263,
3587263,
3587263,
3587263,
3587263,
1155799,
1155799,
1155799,
1155799,
1155799,
2.154374e+08,
1.587502e+08,
5.668716e+07,
3.175005e+07,
3.175005e+07,
3.175005e+07,
3.175005e+07,
3.175005e+07,
1.133743e+07,
1.133743e+07,
1.133743e+07,
1.133743e+07,
1.133743e+07,
6.22625e+07,
3.996693e+07,
2.229558e+07,
7993386,
7993386,
7993386,
7993386,
7993386,
4459116,
4459116,
4459116,
4459116,
4459116,
4.978416e+07,
2.303135e+07,
2.67528e+07,
4606271,
4606271,
4606271,
4606271,
4606271,
5350561,
5350561,
5350561,
5350561,
5350561,
1.139399e+08,
7.139542e+07,
4.254447e+07,
1.427908e+07,
1.427908e+07,
1.427908e+07,
1.427908e+07,
1.427908e+07,
8508894,
8508894,
8508894,
8508894,
8508894,
1.121561e+08,
7.588436e+07,
3.627172e+07,
1.517687e+07,
1.517687e+07,
1.517687e+07,
1.517687e+07,
1.517687e+07,
7254345,
7254345,
7254345,
7254345,
7254345,
8.463006e+07,
3.669107e+07,
4.7939e+07,
7338214,
7338214,
7338214,
7338214,
7338214,
9587800,
9587800,
9587800,
9587800,
9587800,
1.694696e+08,
4.444168e+07,
1.250279e+08,
8888336,
8888336,
8888336,
8888336,
8888336,
2.500559e+07,
2.500559e+07,
2.500559e+07,
2.500559e+07,
2.500559e+07,
1.041522e+08,
1.399171e+07,
9.016054e+07,
2798341,
2798341,
2798341,
2798341,
2798341,
1.803211e+07,
1.803211e+07,
1.803211e+07,
1.803211e+07,
1.803211e+07,
2.719984e+07,
1.311995e+07,
1.407989e+07,
2623990,
2623990,
2623990,
2623990,
2623990,
2815978,
2815978,
2815978,
2815978,
2815978,
3.617871e+08,
2.573291e+08,
1.04458e+08,
5.146582e+07,
5.146582e+07,
5.146582e+07,
5.146582e+07,
5.146582e+07,
2.089161e+07,
2.089161e+07,
2.089161e+07,
2.089161e+07,
2.089161e+07,
1.236645e+08,
6.63815e+07,
5.728301e+07,
1.32763e+07,
1.32763e+07,
1.32763e+07,
1.32763e+07,
1.32763e+07,
1.14566e+07,
1.14566e+07,
1.14566e+07,
1.14566e+07,
1.14566e+07,
4.138566e+07,
1.757384e+07,
2.381182e+07,
3514768,
3514768,
3514768,
3514768,
3514768,
4762363,
4762363,
4762363,
4762363,
4762363,
6.298051e+07,
3.61107e+07,
2.686981e+07,
7222140,
7222140,
7222140,
7222140,
7222140,
5373962,
5373962,
5373962,
5373962,
5373962,
3.811877e+07,
1.703983e+07,
2.107894e+07,
3407965,
3407965,
3407965,
3407965,
3407965,
4215789,
4215789,
4215789,
4215789,
4215789,
1.498342e+08,
9.969274e+07,
5.014142e+07,
1.993855e+07,
1.993855e+07,
1.993855e+07,
1.993855e+07,
1.993855e+07,
1.002828e+07,
1.002828e+07,
1.002828e+07,
1.002828e+07,
1.002828e+07,
8.611386e+07,
4.478354e+07,
4.133032e+07,
8956707,
8956707,
8956707,
8956707,
8956707,
8266064,
8266064,
8266064,
8266064,
8266064,
6.516856e+08,
1.436211e+08,
5.080645e+08,
2.872421e+07,
2.872421e+07,
2.872421e+07,
2.872421e+07,
2.872421e+07,
1.016129e+08,
1.016129e+08,
1.016129e+08,
1.016129e+08,
1.016129e+08,
5.414269e+07,
2.879088e+07,
2.535181e+07,
5758177,
5758177,
5758177,
5758177,
5758177,
5070361,
5070361,
5070361,
5070361,
5070361,
9.662366e+08,
1.797353e+08,
7.865013e+08,
3.594706e+07,
3.594706e+07,
3.594706e+07,
3.594706e+07,
3.594706e+07,
1.573003e+08,
1.573003e+08,
1.573003e+08,
1.573003e+08,
1.573003e+08,
1.9293e+08,
5.159585e+07,
1.413341e+08,
1.031917e+07,
1.031917e+07,
1.031917e+07,
1.031917e+07,
1.031917e+07,
2.826683e+07,
2.826683e+07,
2.826683e+07,
2.826683e+07,
2.826683e+07,
1.407791e+08,
2.849911e+07,
1.1228e+08,
5699822,
5699822,
5699822,
5699822,
5699822,
2.2456e+07,
2.2456e+07,
2.2456e+07,
2.2456e+07,
2.2456e+07,
1.147615e+08,
6.647147e+07,
4.829004e+07,
1.329429e+07,
1.329429e+07,
1.329429e+07,
1.329429e+07,
1.329429e+07,
9658007,
9658007,
9658007,
9658007,
9658007,
1.903583e+07,
1.538664e+07,
3649194,
3077327,
3077327,
3077327,
3077327,
3077327,
729838.9,
729838.9,
729838.9,
729838.9,
729838.9,
1.925139e+08,
3.489709e+07,
1.576168e+08,
6979419,
6979419,
6979419,
6979419,
6979419,
3.152335e+07,
3.152335e+07,
3.152335e+07,
3.152335e+07,
3.152335e+07,
5.619799e+07,
9110200,
4.708779e+07,
1822040,
1822040,
1822040,
1822040,
1822040,
9417558,
9417558,
9417558,
9417558,
9417558,
0,
0,
0,
0,
0,
0,
0,
0,
0,
0,
0,
0,
0,
1978, 
2.396269e+07,
1.812591e+07,
5836785,
3625181,
3625181,
3625181,
3625181,
3625181,
1167357,
1167357,
1167357,
1167357,
1167357,
2.178814e+08,
1.605882e+08,
5.72932e+07,
3.211764e+07,
3.211764e+07,
3.211764e+07,
3.211764e+07,
3.211764e+07,
1.145864e+07,
1.145864e+07,
1.145864e+07,
1.145864e+07,
1.145864e+07,
6.4124e+07,
4.162097e+07,
2.250304e+07,
8324194,
8324194,
8324194,
8324194,
8324194,
4500607,
4500607,
4500607,
4500607,
4500607,
5.073838e+07,
2.36976e+07,
2.704078e+07,
4739520,
4739520,
4739520,
4739520,
4739520,
5408157,
5408157,
5408157,
5408157,
5408157,
1.166644e+08,
7.419435e+07,
4.247004e+07,
1.483887e+07,
1.483887e+07,
1.483887e+07,
1.483887e+07,
1.483887e+07,
8494007,
8494007,
8494007,
8494007,
8494007,
1.145601e+08,
7.816198e+07,
3.639812e+07,
1.56324e+07,
1.56324e+07,
1.56324e+07,
1.56324e+07,
1.56324e+07,
7279624,
7279624,
7279624,
7279624,
7279624,
8.691094e+07,
3.804688e+07,
4.886406e+07,
7609376,
7609376,
7609376,
7609376,
7609376,
9772813,
9772813,
9772813,
9772813,
9772813,
1.743146e+08,
4.662104e+07,
1.276935e+08,
9324207,
9324207,
9324207,
9324207,
9324207,
2.55387e+07,
2.55387e+07,
2.55387e+07,
2.55387e+07,
2.55387e+07,
1.07215e+08,
1.474675e+07,
9.246821e+07,
2949349,
2949349,
2949349,
2949349,
2949349,
1.849364e+07,
1.849364e+07,
1.849364e+07,
1.849364e+07,
1.849364e+07,
2.794345e+07,
1.349629e+07,
1.444715e+07,
2699259,
2699259,
2699259,
2699259,
2699259,
2889430,
2889430,
2889430,
2889430,
2889430,
3.629032e+08,
2.588112e+08,
1.040921e+08,
5.176224e+07,
5.176224e+07,
5.176224e+07,
5.176224e+07,
5.176224e+07,
2.081841e+07,
2.081841e+07,
2.081841e+07,
2.081841e+07,
2.081841e+07,
1.246242e+08,
6.774494e+07,
5.687922e+07,
1.354899e+07,
1.354899e+07,
1.354899e+07,
1.354899e+07,
1.354899e+07,
1.137585e+07,
1.137585e+07,
1.137585e+07,
1.137585e+07,
1.137585e+07,
4.22922e+07,
1.814437e+07,
2.414783e+07,
3628875,
3628875,
3628875,
3628875,
3628875,
4829567,
4829567,
4829567,
4829567,
4829567,
6.32617e+07,
3.674178e+07,
2.651992e+07,
7348357,
7348357,
7348357,
7348357,
7348357,
5303984,
5303984,
5303984,
5303984,
5303984,
3.899907e+07,
1.750227e+07,
2.14968e+07,
3500455,
3500455,
3500455,
3500455,
3500455,
4299359,
4299359,
4299359,
4299359,
4299359,
1.50983e+08,
1.014059e+08,
4.95772e+07,
2.028117e+07,
2.028117e+07,
2.028117e+07,
2.028117e+07,
2.028117e+07,
9915439,
9915439,
9915439,
9915439,
9915439,
8.880641e+07,
4.689989e+07,
4.190651e+07,
9379978,
9379978,
9379978,
9379978,
9379978,
8381303,
8381303,
8381303,
8381303,
8381303,
6.662678e+08,
1.49188e+08,
5.170798e+08,
2.98376e+07,
2.98376e+07,
2.98376e+07,
2.98376e+07,
2.98376e+07,
1.03416e+08,
1.03416e+08,
1.03416e+08,
1.03416e+08,
1.03416e+08,
5.480208e+07,
2.979929e+07,
2.500279e+07,
5959857,
5959857,
5959857,
5959857,
5959857,
5000558,
5000558,
5000558,
5000558,
5000558,
9.792525e+08,
1.860484e+08,
7.932042e+08,
3.720967e+07,
3.720967e+07,
3.720967e+07,
3.720967e+07,
3.720967e+07,
1.586408e+08,
1.586408e+08,
1.586408e+08,
1.586408e+08,
1.586408e+08,
1.973946e+08,
5.356418e+07,
1.438305e+08,
1.071284e+07,
1.071284e+07,
1.071284e+07,
1.071284e+07,
1.071284e+07,
2.876609e+07,
2.876609e+07,
2.876609e+07,
2.876609e+07,
2.876609e+07,
1.442306e+08,
2.999142e+07,
1.142392e+08,
5998283,
5998283,
5998283,
5998283,
5998283,
2.284783e+07,
2.284783e+07,
2.284783e+07,
2.284783e+07,
2.284783e+07,
1.158095e+08,
6.771336e+07,
4.809616e+07,
1.354267e+07,
1.354267e+07,
1.354267e+07,
1.354267e+07,
1.354267e+07,
9619232,
9619232,
9619232,
9619232,
9619232,
1.923748e+07,
1.554412e+07,
3693364,
3108824,
3108824,
3108824,
3108824,
3108824,
738672.8,
738672.8,
738672.8,
738672.8,
738672.8,
1.975844e+08,
3.699677e+07,
1.605877e+08,
7399354,
7399354,
7399354,
7399354,
7399354,
3.211753e+07,
3.211753e+07,
3.211753e+07,
3.211753e+07,
3.211753e+07,
5.80251e+07,
9825553,
4.819955e+07,
1965111,
1965111,
1965111,
1965111,
1965111,
9639910,
9639910,
9639910,
9639910,
9639910,
0,
0,
0,
0,
0,
0,
0,
0,
0,
0,
0,
0,
0,
1979, 
2.421912e+07,
1.83224e+07,
5896727,
3664480,
3664480,
3664480,
3664480,
3664480,
1179345,
1179345,
1179345,
1179345,
1179345,
2.204631e+08,
1.625285e+08,
5.793459e+07,
3.250571e+07,
3.250571e+07,
3.250571e+07,
3.250571e+07,
3.250571e+07,
1.158692e+07,
1.158692e+07,
1.158692e+07,
1.158692e+07,
1.158692e+07,
6.597292e+07,
4.32934e+07,
2.267951e+07,
8658681,
8658681,
8658681,
8658681,
8658681,
4535902,
4535902,
4535902,
4535902,
4535902,
5.16874e+07,
2.436984e+07,
2.731756e+07,
4873968,
4873968,
4873968,
4873968,
4873968,
5463512,
5463512,
5463512,
5463512,
5463512,
1.194473e+08,
7.708198e+07,
4.236533e+07,
1.54164e+07,
1.54164e+07,
1.54164e+07,
1.54164e+07,
1.54164e+07,
8473066,
8473066,
8473066,
8473066,
8473066,
1.170046e+08,
8.049475e+07,
3.65098e+07,
1.609895e+07,
1.609895e+07,
1.609895e+07,
1.609895e+07,
1.609895e+07,
7301961,
7301961,
7301961,
7301961,
7301961,
8.93048e+07,
3.947189e+07,
4.983291e+07,
7894378,
7894378,
7894378,
7894378,
7894378,
9966582,
9966582,
9966582,
9966582,
9966582,
1.794574e+08,
4.893215e+07,
1.305253e+08,
9786430,
9786430,
9786430,
9786430,
9786430,
2.610506e+07,
2.610506e+07,
2.610506e+07,
2.610506e+07,
2.610506e+07,
1.105537e+08,
1.556026e+07,
9.499341e+07,
3112051,
3112051,
3112051,
3112051,
3112051,
1.899868e+07,
1.899868e+07,
1.899868e+07,
1.899868e+07,
1.899868e+07,
2.869701e+07,
1.387839e+07,
1.481862e+07,
2775679,
2775679,
2775679,
2775679,
2775679,
2963724,
2963724,
2963724,
2963724,
2963724,
3.639696e+08,
2.602619e+08,
1.037077e+08,
5.205238e+07,
5.205238e+07,
5.205238e+07,
5.205238e+07,
5.205238e+07,
2.074153e+07,
2.074153e+07,
2.074153e+07,
2.074153e+07,
2.074153e+07,
1.255463e+08,
6.910077e+07,
5.644549e+07,
1.382015e+07,
1.382015e+07,
1.382015e+07,
1.382015e+07,
1.382015e+07,
1.12891e+07,
1.12891e+07,
1.12891e+07,
1.12891e+07,
1.12891e+07,
4.318748e+07,
1.871797e+07,
2.446951e+07,
3743595,
3743595,
3743595,
3743595,
3743595,
4893901,
4893901,
4893901,
4893901,
4893901,
6.356361e+07,
3.738923e+07,
2.617438e+07,
7477846,
7477846,
7477846,
7477846,
7477846,
5234877,
5234877,
5234877,
5234877,
5234877,
3.986361e+07,
1.796074e+07,
2.190288e+07,
3592148,
3592148,
3592148,
3592148,
3592148,
4380575,
4380575,
4380575,
4380575,
4380575,
1.520162e+08,
1.03055e+08,
4.896126e+07,
2.061099e+07,
2.061099e+07,
2.061099e+07,
2.061099e+07,
2.061099e+07,
9792252,
9792252,
9792252,
9792252,
9792252,
9.16413e+07,
4.913599e+07,
4.250531e+07,
9827198,
9827198,
9827198,
9827198,
9827198,
8501062,
8501062,
8501062,
8501062,
8501062,
6.812484e+08,
1.549486e+08,
5.262998e+08,
3.098972e+07,
3.098972e+07,
3.098972e+07,
3.098972e+07,
3.098972e+07,
1.0526e+08,
1.0526e+08,
1.0526e+08,
1.0526e+08,
1.0526e+08,
5.545709e+07,
3.082109e+07,
2.4636e+07,
6164219,
6164219,
6164219,
6164219,
6164219,
4927201,
4927201,
4927201,
4927201,
4927201,
9.928682e+08,
1.925812e+08,
8.00287e+08,
3.851624e+07,
3.851624e+07,
3.851624e+07,
3.851624e+07,
3.851624e+07,
1.600574e+08,
1.600574e+08,
1.600574e+08,
1.600574e+08,
1.600574e+08,
2.019027e+08,
5.557951e+07,
1.463232e+08,
1.11159e+07,
1.11159e+07,
1.11159e+07,
1.11159e+07,
1.11159e+07,
2.926465e+07,
2.926465e+07,
2.926465e+07,
2.926465e+07,
2.926465e+07,
1.47735e+08,
3.153301e+07,
1.16202e+08,
6306603,
6306603,
6306603,
6306603,
6306603,
2.32404e+07,
2.32404e+07,
2.32404e+07,
2.32404e+07,
2.32404e+07,
1.167655e+08,
6.891244e+07,
4.785307e+07,
1.378249e+07,
1.378249e+07,
1.378249e+07,
1.378249e+07,
1.378249e+07,
9570614,
9570614,
9570614,
9570614,
9570614,
1.944024e+07,
1.570238e+07,
3737861,
3140476,
3140476,
3140476,
3140476,
3140476,
747572.2,
747572.2,
747572.2,
747572.2,
747572.2,
2.027832e+08,
3.918182e+07,
1.636014e+08,
7836365,
7836365,
7836365,
7836365,
7836365,
3.272028e+07,
3.272028e+07,
3.272028e+07,
3.272028e+07,
3.272028e+07,
5.990698e+07,
1.057697e+07,
4.933e+07,
2115394,
2115394,
2115394,
2115394,
2115394,
9866001,
9866001,
9866001,
9866001,
9866001,
0,
0,
0,
0,
0,
0,
0,
0,
0,
0,
0,
0,
0,
1980, 
2.451151e+07,
1.854614e+07,
5965366,
3709229,
3709229,
3709229,
3709229,
3709229,
1193073,
1193073,
1193073,
1193073,
1193073,
2.2314e+08,
1.645399e+08,
5.86001e+07,
3.290798e+07,
3.290798e+07,
3.290798e+07,
3.290798e+07,
3.290798e+07,
1.172002e+07,
1.172002e+07,
1.172002e+07,
1.172002e+07,
1.172002e+07,
6.770518e+07,
4.491494e+07,
2.279024e+07,
8982989,
8982989,
8982989,
8982989,
8982989,
4558049,
4558049,
4558049,
4558049,
4558049,
5.263398e+07,
2.504933e+07,
2.758464e+07,
5009867,
5009867,
5009867,
5009867,
5009867,
5516929,
5516929,
5516929,
5516929,
5516929,
1.222884e+08,
8.005976e+07,
4.222862e+07,
1.601195e+07,
1.601195e+07,
1.601195e+07,
1.601195e+07,
1.601195e+07,
8445725,
8445725,
8445725,
8445725,
8445725,
1.194984e+08,
8.288955e+07,
3.660883e+07,
1.657791e+07,
1.657791e+07,
1.657791e+07,
1.657791e+07,
1.657791e+07,
7321767,
7321767,
7321767,
7321767,
7321767,
9.182403e+07,
4.097305e+07,
5.085098e+07,
8194611,
8194611,
8194611,
8194611,
8194611,
1.01702e+07,
1.01702e+07,
1.01702e+07,
1.01702e+07,
1.01702e+07,
1.846315e+08,
5.130556e+07,
1.333259e+08,
1.026111e+07,
1.026111e+07,
1.026111e+07,
1.026111e+07,
1.026111e+07,
2.666519e+07,
2.666519e+07,
2.666519e+07,
2.666519e+07,
2.666519e+07,
1.135652e+08,
1.634808e+07,
9.721715e+07,
3269616,
3269616,
3269616,
3269616,
3269616,
1.944343e+07,
1.944343e+07,
1.944343e+07,
1.944343e+07,
1.944343e+07,
2.946355e+07,
1.426772e+07,
1.519583e+07,
2853545,
2853545,
2853545,
2853545,
2853545,
3039165,
3039165,
3039165,
3039165,
3039165,
3.651858e+08,
2.618241e+08,
1.033617e+08,
5.236482e+07,
5.236482e+07,
5.236482e+07,
5.236482e+07,
5.236482e+07,
2.067233e+07,
2.067233e+07,
2.067233e+07,
2.067233e+07,
2.067233e+07,
1.264054e+08,
7.043406e+07,
5.597131e+07,
1.408681e+07,
1.408681e+07,
1.408681e+07,
1.408681e+07,
1.408681e+07,
1.119426e+07,
1.119426e+07,
1.119426e+07,
1.119426e+07,
1.119426e+07,
4.408907e+07,
1.930219e+07,
2.478687e+07,
3860439,
3860439,
3860439,
3860439,
3860439,
4957375,
4957375,
4957375,
4957375,
4957375,
6.389442e+07,
3.805837e+07,
2.583605e+07,
7611675,
7611675,
7611675,
7611675,
7611675,
5167209,
5167209,
5167209,
5167209,
5167209,
4.071992e+07,
1.841853e+07,
2.230139e+07,
3683706,
3683706,
3683706,
3683706,
3683706,
4460278,
4460278,
4460278,
4460278,
4460278,
1.529214e+08,
1.046295e+08,
4.829194e+07,
2.09259e+07,
2.09259e+07,
2.09259e+07,
2.09259e+07,
2.09259e+07,
9658387,
9658387,
9658387,
9658387,
9658387,
9.49939e+07,
5.169957e+07,
4.329433e+07,
1.033991e+07,
1.033991e+07,
1.033991e+07,
1.033991e+07,
1.033991e+07,
8658866,
8658866,
8658866,
8658866,
8658866,
6.968284e+08,
1.609534e+08,
5.358749e+08,
3.219068e+07,
3.219068e+07,
3.219068e+07,
3.219068e+07,
3.219068e+07,
1.07175e+08,
1.07175e+08,
1.07175e+08,
1.07175e+08,
1.07175e+08,
5.614415e+07,
3.187681e+07,
2.426734e+07,
6375362,
6375362,
6375362,
6375362,
6375362,
4853468,
4853468,
4853468,
4853468,
4853468,
1.007394e+09,
1.994025e+08,
8.079919e+08,
3.98805e+07,
3.98805e+07,
3.98805e+07,
3.98805e+07,
3.98805e+07,
1.615984e+08,
1.615984e+08,
1.615984e+08,
1.615984e+08,
1.615984e+08,
2.065344e+08,
5.766471e+07,
1.488697e+08,
1.153294e+07,
1.153294e+07,
1.153294e+07,
1.153294e+07,
1.153294e+07,
2.977394e+07,
2.977394e+07,
2.977394e+07,
2.977394e+07,
2.977394e+07,
1.512819e+08,
3.312248e+07,
1.181594e+08,
6624497,
6624497,
6624497,
6624497,
6624497,
2.363188e+07,
2.363188e+07,
2.363188e+07,
2.363188e+07,
2.363188e+07,
1.176242e+08,
7.006402e+07,
4.756017e+07,
1.401281e+07,
1.401281e+07,
1.401281e+07,
1.401281e+07,
1.401281e+07,
9512034,
9512034,
9512034,
9512034,
9512034,
1.96711e+07,
1.588321e+07,
3787886,
3176642,
3176642,
3176642,
3176642,
3176642,
757577.2,
757577.2,
757577.2,
757577.2,
757577.2,
2.081647e+08,
4.14654e+07,
1.666993e+08,
8293079,
8293079,
8293079,
8293079,
8293079,
3.333986e+07,
3.333986e+07,
3.333986e+07,
3.333986e+07,
3.333986e+07,
6.199983e+07,
1.139435e+07,
5.060548e+07,
2278870,
2278870,
2278870,
2278870,
2278870,
1.01211e+07,
1.01211e+07,
1.01211e+07,
1.01211e+07,
1.01211e+07,
0,
0,
0,
0,
0,
0,
0,
0,
0,
0,
0,
0,
0,
1981, 
2.481579e+07,
1.881066e+07,
6005123,
3762133,
3762133,
3762133,
3762133,
3762133,
1201025,
1201025,
1201025,
1201025,
1201025,
2.25654e+08,
1.667349e+08,
5.891915e+07,
3.334697e+07,
3.334697e+07,
3.334697e+07,
3.334697e+07,
3.334697e+07,
1.178383e+07,
1.178383e+07,
1.178383e+07,
1.178383e+07,
1.178383e+07,
6.923378e+07,
4.629053e+07,
2.294324e+07,
9258106,
9258106,
9258106,
9258106,
9258106,
4588649,
4588649,
4588649,
4588649,
4588649,
5.356724e+07,
2.568452e+07,
2.788272e+07,
5136904,
5136904,
5136904,
5136904,
5136904,
5576545,
5576545,
5576545,
5576545,
5576545,
1.251681e+08,
8.304501e+07,
4.212306e+07,
1.6609e+07,
1.6609e+07,
1.6609e+07,
1.6609e+07,
1.6609e+07,
8424612,
8424612,
8424612,
8424612,
8424612,
1.220358e+08,
8.528377e+07,
3.675209e+07,
1.705675e+07,
1.705675e+07,
1.705675e+07,
1.705675e+07,
1.705675e+07,
7350418,
7350418,
7350418,
7350418,
7350418,
9.44413e+07,
4.256048e+07,
5.188082e+07,
8512097,
8512097,
8512097,
8512097,
8512097,
1.037616e+07,
1.037616e+07,
1.037616e+07,
1.037616e+07,
1.037616e+07,
1.898803e+08,
5.370035e+07,
1.361799e+08,
1.074007e+07,
1.074007e+07,
1.074007e+07,
1.074007e+07,
1.074007e+07,
2.723598e+07,
2.723598e+07,
2.723598e+07,
2.723598e+07,
2.723598e+07,
1.169196e+08,
1.715356e+07,
9.976602e+07,
3430712,
3430712,
3430712,
3430712,
3430712,
1.99532e+07,
1.99532e+07,
1.99532e+07,
1.99532e+07,
1.99532e+07,
3.023256e+07,
1.469738e+07,
1.553518e+07,
2939476,
2939476,
2939476,
2939476,
2939476,
3107037,
3107037,
3107037,
3107037,
3107037,
3.663555e+08,
2.630722e+08,
1.032833e+08,
5.261445e+07,
5.261445e+07,
5.261445e+07,
5.261445e+07,
5.261445e+07,
2.065666e+07,
2.065666e+07,
2.065666e+07,
2.065666e+07,
2.065666e+07,
1.271748e+08,
7.137246e+07,
5.580235e+07,
1.427449e+07,
1.427449e+07,
1.427449e+07,
1.427449e+07,
1.427449e+07,
1.116047e+07,
1.116047e+07,
1.116047e+07,
1.116047e+07,
1.116047e+07,
4.498188e+07,
2.047287e+07,
2.4509e+07,
4094575,
4094575,
4094575,
4094575,
4094575,
4901801,
4901801,
4901801,
4901801,
4901801,
6.420573e+07,
3.867439e+07,
2.553134e+07,
7734878,
7734878,
7734878,
7734878,
7734878,
5106267,
5106267,
5106267,
5106267,
5106267,
4.159121e+07,
1.882755e+07,
2.276367e+07,
3765510,
3765510,
3765510,
3765510,
3765510,
4552733,
4552733,
4552733,
4552733,
4552733,
1.538252e+08,
1.058749e+08,
4.795032e+07,
2.117497e+07,
2.117497e+07,
2.117497e+07,
2.117497e+07,
2.117497e+07,
9590064,
9590064,
9590064,
9590064,
9590064,
9.902378e+07,
5.458127e+07,
4.444251e+07,
1.091625e+07,
1.091625e+07,
1.091625e+07,
1.091625e+07,
1.091625e+07,
8888502,
8888502,
8888502,
8888502,
8888502,
7.128693e+08,
1.664407e+08,
5.464286e+08,
3.328814e+07,
3.328814e+07,
3.328814e+07,
3.328814e+07,
3.328814e+07,
1.092857e+08,
1.092857e+08,
1.092857e+08,
1.092857e+08,
1.092857e+08,
5.69671e+07,
3.300641e+07,
2.396069e+07,
6601283,
6601283,
6601283,
6601283,
6601283,
4792139,
4792139,
4792139,
4792139,
4792139,
1.022726e+09,
2.096132e+08,
8.131126e+08,
4.192263e+07,
4.192263e+07,
4.192263e+07,
4.192263e+07,
4.192263e+07,
1.626225e+08,
1.626225e+08,
1.626225e+08,
1.626225e+08,
1.626225e+08,
2.113922e+08,
5.992344e+07,
1.514688e+08,
1.198469e+07,
1.198469e+07,
1.198469e+07,
1.198469e+07,
1.198469e+07,
3.029376e+07,
3.029376e+07,
3.029376e+07,
3.029376e+07,
3.029376e+07,
1.548554e+08,
3.511518e+07,
1.197402e+08,
7023037,
7023037,
7023037,
7023037,
7023037,
2.394804e+07,
2.394804e+07,
2.394804e+07,
2.394804e+07,
2.394804e+07,
1.183857e+08,
7.075181e+07,
4.763392e+07,
1.415036e+07,
1.415036e+07,
1.415036e+07,
1.415036e+07,
1.415036e+07,
9526783,
9526783,
9526783,
9526783,
9526783,
1.99498e+07,
1.609804e+07,
3851758,
3219609,
3219609,
3219609,
3219609,
3219609,
770351.6,
770351.6,
770351.6,
770351.6,
770351.6,
2.133472e+08,
4.327562e+07,
1.700716e+08,
8655123,
8655123,
8655123,
8655123,
8655123,
3.401433e+07,
3.401433e+07,
3.401433e+07,
3.401433e+07,
3.401433e+07,
6.412015e+07,
1.21598e+07,
5.196035e+07,
2431960,
2431960,
2431960,
2431960,
2431960,
1.039207e+07,
1.039207e+07,
1.039207e+07,
1.039207e+07,
1.039207e+07,
0,
0,
0,
0,
0,
0,
0,
0,
0,
0,
0,
0,
0,
1982, 
2.510152e+07,
1.906194e+07,
6039576,
3812389,
3812389,
3812389,
3812389,
3812389,
1207915,
1207915,
1207915,
1207915,
1207915,
2.280014e+08,
1.688141e+08,
5.918734e+07,
3.376281e+07,
3.376281e+07,
3.376281e+07,
3.376281e+07,
3.376281e+07,
1.183747e+07,
1.183747e+07,
1.183747e+07,
1.183747e+07,
1.183747e+07,
7.065678e+07,
4.761094e+07,
2.304584e+07,
9522189,
9522189,
9522189,
9522189,
9522189,
4609169,
4609169,
4609169,
4609169,
4609169,
5.453316e+07,
2.634214e+07,
2.819102e+07,
5268428,
5268428,
5268428,
5268428,
5268428,
5638205,
5638205,
5638205,
5638205,
5638205,
1.280651e+08,
8.609253e+07,
4.197257e+07,
1.721851e+07,
1.721851e+07,
1.721851e+07,
1.721851e+07,
1.721851e+07,
8394514,
8394514,
8394514,
8394514,
8394514,
1.24606e+08,
8.772738e+07,
3.687865e+07,
1.754548e+07,
1.754548e+07,
1.754548e+07,
1.754548e+07,
1.754548e+07,
7375730,
7375730,
7375730,
7375730,
7375730,
9.71493e+07,
4.421246e+07,
5.293684e+07,
8842491,
8842491,
8842491,
8842491,
8842491,
1.058737e+07,
1.058737e+07,
1.058737e+07,
1.058737e+07,
1.058737e+07,
1.953435e+08,
5.620862e+07,
1.391349e+08,
1.124173e+07,
1.124173e+07,
1.124173e+07,
1.124173e+07,
1.124173e+07,
2.782698e+07,
2.782698e+07,
2.782698e+07,
2.782698e+07,
2.782698e+07,
1.207811e+08,
1.805336e+07,
1.027278e+08,
3610673,
3610673,
3610673,
3610673,
3610673,
2.054556e+07,
2.054556e+07,
2.054556e+07,
2.054556e+07,
2.054556e+07,
3.102242e+07,
1.514012e+07,
1.58823e+07,
3028024,
3028024,
3028024,
3028024,
3028024,
3176460,
3176460,
3176460,
3176460,
3176460,
3.672964e+08,
2.641583e+08,
1.03138e+08,
5.283166e+07,
5.283166e+07,
5.283166e+07,
5.283166e+07,
5.283166e+07,
2.062761e+07,
2.062761e+07,
2.062761e+07,
2.062761e+07,
2.062761e+07,
1.278999e+08,
7.229196e+07,
5.560795e+07,
1.445839e+07,
1.445839e+07,
1.445839e+07,
1.445839e+07,
1.445839e+07,
1.112159e+07,
1.112159e+07,
1.112159e+07,
1.112159e+07,
1.112159e+07,
4.594999e+07,
2.171008e+07,
2.423991e+07,
4342017,
4342017,
4342017,
4342017,
4342017,
4847981,
4847981,
4847981,
4847981,
4847981,
6.449062e+07,
3.92785e+07,
2.521213e+07,
7855699,
7855699,
7855699,
7855699,
7855699,
5042425,
5042425,
5042425,
5042425,
5042425,
4.249566e+07,
1.925221e+07,
2.324346e+07,
3850441,
3850441,
3850441,
3850441,
3850441,
4648691,
4648691,
4648691,
4648691,
4648691,
1.548371e+08,
1.072025e+08,
4.763462e+07,
2.144049e+07,
2.144049e+07,
2.144049e+07,
2.144049e+07,
2.144049e+07,
9526924,
9526924,
9526924,
9526924,
9526924,
1.0313e+08,
5.756164e+07,
4.556839e+07,
1.151233e+07,
1.151233e+07,
1.151233e+07,
1.151233e+07,
1.151233e+07,
9113678,
9113678,
9113678,
9113678,
9113678,
7.291695e+08,
1.720694e+08,
5.571001e+08,
3.441388e+07,
3.441388e+07,
3.441388e+07,
3.441388e+07,
3.441388e+07,
1.1142e+08,
1.1142e+08,
1.1142e+08,
1.1142e+08,
1.1142e+08,
5.790551e+07,
3.422338e+07,
2.368213e+07,
6844676,
6844676,
6844676,
6844676,
6844676,
4736425,
4736425,
4736425,
4736425,
4736425,
1.039381e+09,
2.203197e+08,
8.190618e+08,
4.406394e+07,
4.406394e+07,
4.406394e+07,
4.406394e+07,
4.406394e+07,
1.638124e+08,
1.638124e+08,
1.638124e+08,
1.638124e+08,
1.638124e+08,
2.16371e+08,
6.225844e+07,
1.541125e+08,
1.245169e+07,
1.245169e+07,
1.245169e+07,
1.245169e+07,
1.245169e+07,
3.082251e+07,
3.082251e+07,
3.082251e+07,
3.082251e+07,
3.082251e+07,
1.584639e+08,
3.717195e+07,
1.21292e+08,
7434390,
7434390,
7434390,
7434390,
7434390,
2.42584e+07,
2.42584e+07,
2.42584e+07,
2.42584e+07,
2.42584e+07,
1.190981e+08,
7.141315e+07,
4.768499e+07,
1.428263e+07,
1.428263e+07,
1.428263e+07,
1.428263e+07,
1.428263e+07,
9536998,
9536998,
9536998,
9536998,
9536998,
2.025524e+07,
1.633415e+07,
3921090,
3266829,
3266829,
3266829,
3266829,
3266829,
784218.1,
784218.1,
784218.1,
784218.1,
784218.1,
2.188744e+08,
4.51948e+07,
1.736796e+08,
9038960,
9038960,
9038960,
9038960,
9038960,
3.473593e+07,
3.473593e+07,
3.473593e+07,
3.473593e+07,
3.473593e+07,
6.617929e+07,
1.293814e+07,
5.324115e+07,
2587628,
2587628,
2587628,
2587628,
2587628,
1.064823e+07,
1.064823e+07,
1.064823e+07,
1.064823e+07,
1.064823e+07,
0,
0,
0,
0,
0,
0,
0,
0,
0,
0,
0,
0,
0,
1983, 
2.536073e+07,
1.929383e+07,
6066894,
3858766,
3858766,
3858766,
3858766,
3858766,
1213379,
1213379,
1213379,
1213379,
1213379,
2.3039e+08,
1.709309e+08,
5.945906e+07,
3.418618e+07,
3.418618e+07,
3.418618e+07,
3.418618e+07,
3.418618e+07,
1.189181e+07,
1.189181e+07,
1.189181e+07,
1.189181e+07,
1.189181e+07,
7.20803e+07,
4.894657e+07,
2.313374e+07,
9789314,
9789314,
9789314,
9789314,
9789314,
4626749,
4626749,
4626749,
4626749,
4626749,
5.557488e+07,
2.704353e+07,
2.853135e+07,
5408706,
5408706,
5408706,
5408706,
5408706,
5706270,
5706270,
5706270,
5706270,
5706270,
1.309774e+08,
8.920134e+07,
4.177602e+07,
1.784027e+07,
1.784027e+07,
1.784027e+07,
1.784027e+07,
1.784027e+07,
8355203,
8355203,
8355203,
8355203,
8355203,
1.272206e+08,
9.022922e+07,
3.699142e+07,
1.804584e+07,
1.804584e+07,
1.804584e+07,
1.804584e+07,
1.804584e+07,
7398283,
7398283,
7398283,
7398283,
7398283,
9.997727e+07,
4.594362e+07,
5.403366e+07,
9188723,
9188723,
9188723,
9188723,
9188723,
1.080673e+07,
1.080673e+07,
1.080673e+07,
1.080673e+07,
1.080673e+07,
2.006745e+08,
5.873206e+07,
1.419424e+08,
1.174641e+07,
1.174641e+07,
1.174641e+07,
1.174641e+07,
1.174641e+07,
2.838848e+07,
2.838848e+07,
2.838848e+07,
2.838848e+07,
2.838848e+07,
1.244042e+08,
1.893817e+07,
1.05466e+08,
3787635,
3787635,
3787635,
3787635,
3787635,
2.10932e+07,
2.10932e+07,
2.10932e+07,
2.10932e+07,
2.10932e+07,
3.186518e+07,
1.561177e+07,
1.625341e+07,
3122354,
3122354,
3122354,
3122354,
3122354,
3250682,
3250682,
3250682,
3250682,
3250682,
3.681133e+08,
2.651573e+08,
1.02956e+08,
5.303146e+07,
5.303146e+07,
5.303146e+07,
5.303146e+07,
5.303146e+07,
2.05912e+07,
2.05912e+07,
2.05912e+07,
2.05912e+07,
2.05912e+07,
1.285822e+08,
7.319291e+07,
5.53893e+07,
1.463858e+07,
1.463858e+07,
1.463858e+07,
1.463858e+07,
1.463858e+07,
1.107786e+07,
1.107786e+07,
1.107786e+07,
1.107786e+07,
1.107786e+07,
4.702642e+07,
2.303392e+07,
2.399251e+07,
4606783,
4606783,
4606783,
4606783,
4606783,
4798502,
4798502,
4798502,
4798502,
4798502,
6.478642e+07,
3.989314e+07,
2.489329e+07,
7978627,
7978627,
7978627,
7978627,
7978627,
4978657,
4978657,
4978657,
4978657,
4978657,
4.34448e+07,
1.969778e+07,
2.374702e+07,
3939556,
3939556,
3939556,
3939556,
3939556,
4749404,
4749404,
4749404,
4749404,
4749404,
1.560209e+08,
1.08658e+08,
4.736285e+07,
2.17316e+07,
2.17316e+07,
2.17316e+07,
2.17316e+07,
2.17316e+07,
9472570,
9472570,
9472570,
9472570,
9472570,
1.06869e+08,
6.039155e+07,
4.647746e+07,
1.207831e+07,
1.207831e+07,
1.207831e+07,
1.207831e+07,
1.207831e+07,
9295492,
9295492,
9295492,
9295492,
9295492,
7.458266e+08,
1.778647e+08,
5.679618e+08,
3.557295e+07,
3.557295e+07,
3.557295e+07,
3.557295e+07,
3.557295e+07,
1.135924e+08,
1.135924e+08,
1.135924e+08,
1.135924e+08,
1.135924e+08,
5.882511e+07,
3.545084e+07,
2.337427e+07,
7090169,
7090169,
7090169,
7090169,
7090169,
4674854,
4674854,
4674854,
4674854,
4674854,
1.055547e+09,
2.311527e+08,
8.243944e+08,
4.623054e+07,
4.623054e+07,
4.623054e+07,
4.623054e+07,
4.623054e+07,
1.648789e+08,
1.648789e+08,
1.648789e+08,
1.648789e+08,
1.648789e+08,
2.214794e+08,
6.46738e+07,
1.568055e+08,
1.293476e+07,
1.293476e+07,
1.293476e+07,
1.293476e+07,
1.293476e+07,
3.136111e+07,
3.136111e+07,
3.136111e+07,
3.136111e+07,
3.136111e+07,
1.620943e+08,
3.929042e+07,
1.228039e+08,
7858083,
7858083,
7858083,
7858083,
7858083,
2.456077e+07,
2.456077e+07,
2.456077e+07,
2.456077e+07,
2.456077e+07,
1.197938e+08,
7.20672e+07,
4.772655e+07,
1.441344e+07,
1.441344e+07,
1.441344e+07,
1.441344e+07,
1.441344e+07,
9545310,
9545310,
9545310,
9545310,
9545310,
2.054559e+07,
1.655779e+07,
3987807,
3311557,
3311557,
3311557,
3311557,
3311557,
797561.4,
797561.4,
797561.4,
797561.4,
797561.4,
2.251118e+08,
4.730351e+07,
1.778083e+08,
9460702,
9460702,
9460702,
9460702,
9460702,
3.556166e+07,
3.556166e+07,
3.556166e+07,
3.556166e+07,
3.556166e+07,
6.834614e+07,
1.37623e+07,
5.458384e+07,
2752461,
2752461,
2752461,
2752461,
2752461,
1.091677e+07,
1.091677e+07,
1.091677e+07,
1.091677e+07,
1.091677e+07,
0,
0,
0,
0,
0,
0,
0,
0,
0,
0,
0,
0,
0,
1984, 
2.560208e+07,
1.951283e+07,
6089249,
3902565,
3902565,
3902565,
3902565,
3902565,
1217850,
1217850,
1217850,
1217850,
1217850,
2.327663e+08,
1.730459e+08,
5.972041e+07,
3.460918e+07,
3.460918e+07,
3.460918e+07,
3.460918e+07,
3.460918e+07,
1.194408e+07,
1.194408e+07,
1.194408e+07,
1.194408e+07,
1.194408e+07,
7.348966e+07,
5.028735e+07,
2.32023e+07,
1.005747e+07,
1.005747e+07,
1.005747e+07,
1.005747e+07,
1.005747e+07,
4640460,
4640460,
4640460,
4640460,
4640460,
5.66541e+07,
2.777074e+07,
2.888336e+07,
5554147,
5554147,
5554147,
5554147,
5554147,
5776673,
5776673,
5776673,
5776673,
5776673,
1.338888e+08,
9.236076e+07,
4.152802e+07,
1.847215e+07,
1.847215e+07,
1.847215e+07,
1.847215e+07,
1.847215e+07,
8305603,
8305603,
8305603,
8305603,
8305603,
1.298695e+08,
9.278273e+07,
3.708681e+07,
1.855655e+07,
1.855655e+07,
1.855655e+07,
1.855655e+07,
1.855655e+07,
7417362,
7417362,
7417362,
7417362,
7417362,
1.028756e+08,
4.773256e+07,
5.514305e+07,
9546512,
9546512,
9546512,
9546512,
9546512,
1.102861e+07,
1.102861e+07,
1.102861e+07,
1.102861e+07,
1.102861e+07,
2.060388e+08,
6.1318e+07,
1.447208e+08,
1.22636e+07,
1.22636e+07,
1.22636e+07,
1.22636e+07,
1.22636e+07,
2.894417e+07,
2.894417e+07,
2.894417e+07,
2.894417e+07,
2.894417e+07,
1.278904e+08,
1.982176e+07,
1.080687e+08,
3964353,
3964353,
3964353,
3964353,
3964353,
2.161374e+07,
2.161374e+07,
2.161374e+07,
2.161374e+07,
2.161374e+07,
3.276821e+07,
1.611626e+07,
1.665195e+07,
3223252,
3223252,
3223252,
3223252,
3223252,
3330390,
3330390,
3330390,
3330390,
3330390,
3.689208e+08,
2.661512e+08,
1.027695e+08,
5.323025e+07,
5.323025e+07,
5.323025e+07,
5.323025e+07,
5.323025e+07,
2.055391e+07,
2.055391e+07,
2.055391e+07,
2.055391e+07,
2.055391e+07,
1.292264e+08,
7.40775e+07,
5.514893e+07,
1.48155e+07,
1.48155e+07,
1.48155e+07,
1.48155e+07,
1.48155e+07,
1.102979e+07,
1.102979e+07,
1.102979e+07,
1.102979e+07,
1.102979e+07,
4.810676e+07,
2.439706e+07,
2.370971e+07,
4879411,
4879411,
4879411,
4879411,
4879411,
4741942,
4741942,
4741942,
4741942,
4741942,
6.508814e+07,
4.051544e+07,
2.457271e+07,
8103087,
8103087,
8103087,
8103087,
8103087,
4914543,
4914543,
4914543,
4914543,
4914543,
4.443137e+07,
2.016101e+07,
2.427036e+07,
4032203,
4032203,
4032203,
4032203,
4032203,
4854071,
4854071,
4854071,
4854071,
4854071,
1.572417e+08,
1.101492e+08,
4.709252e+07,
2.202983e+07,
2.202983e+07,
2.202983e+07,
2.202983e+07,
2.202983e+07,
9418503,
9418503,
9418503,
9418503,
9418503,
1.108324e+08,
6.340182e+07,
4.743056e+07,
1.268037e+07,
1.268037e+07,
1.268037e+07,
1.268037e+07,
1.268037e+07,
9486112,
9486112,
9486112,
9486112,
9486112,
7.628952e+08,
1.838425e+08,
5.790527e+08,
3.67685e+07,
3.67685e+07,
3.67685e+07,
3.67685e+07,
3.67685e+07,
1.158105e+08,
1.158105e+08,
1.158105e+08,
1.158105e+08,
1.158105e+08,
5.970952e+07,
3.667807e+07,
2.303145e+07,
7335614,
7335614,
7335614,
7335614,
7335614,
4606289,
4606289,
4606289,
4606289,
4606289,
1.070903e+09,
2.420296e+08,
8.288737e+08,
4.840592e+07,
4.840592e+07,
4.840592e+07,
4.840592e+07,
4.840592e+07,
1.657748e+08,
1.657748e+08,
1.657748e+08,
1.657748e+08,
1.657748e+08,
2.266891e+08,
6.716282e+07,
1.595263e+08,
1.343256e+07,
1.343256e+07,
1.343256e+07,
1.343256e+07,
1.343256e+07,
3.190526e+07,
3.190526e+07,
3.190526e+07,
3.190526e+07,
3.190526e+07,
1.657064e+08,
4.146107e+07,
1.242454e+08,
8292214,
8292214,
8292214,
8292214,
8292214,
2.484907e+07,
2.484907e+07,
2.484907e+07,
2.484907e+07,
2.484907e+07,
1.204707e+08,
7.271276e+07,
4.775797e+07,
1.454255e+07,
1.454255e+07,
1.454255e+07,
1.454255e+07,
1.454255e+07,
9551594,
9551594,
9551594,
9551594,
9551594,
2.081463e+07,
1.676396e+07,
4050673,
3352791,
3352791,
3352791,
3352791,
3352791,
810134.6,
810134.6,
810134.6,
810134.6,
810134.6,
2.314505e+08,
4.947939e+07,
1.819711e+08,
9895878,
9895878,
9895878,
9895878,
9895878,
3.639423e+07,
3.639423e+07,
3.639423e+07,
3.639423e+07,
3.639423e+07,
7.053847e+07,
1.461715e+07,
5.592132e+07,
2923430,
2923430,
2923430,
2923430,
2923430,
1.118427e+07,
1.118427e+07,
1.118427e+07,
1.118427e+07,
1.118427e+07,
0,
0,
0,
0,
0,
0,
0,
0,
0,
0,
0,
0,
0,
1985, 
2.584392e+07,
1.973287e+07,
6111054,
3946574,
3946574,
3946574,
3946574,
3946574,
1222211,
1222211,
1222211,
1222211,
1222211,
2.351462e+08,
1.751707e+08,
5.997549e+07,
3.503414e+07,
3.503414e+07,
3.503414e+07,
3.503414e+07,
3.503414e+07,
1.19951e+07,
1.19951e+07,
1.19951e+07,
1.19951e+07,
1.19951e+07,
7.487201e+07,
5.162425e+07,
2.324776e+07,
1.032485e+07,
1.032485e+07,
1.032485e+07,
1.032485e+07,
1.032485e+07,
4649552,
4649552,
4649552,
4649552,
4649552,
5.774484e+07,
2.851133e+07,
2.923351e+07,
5702266,
5702266,
5702266,
5702266,
5702266,
5846702,
5846702,
5846702,
5846702,
5846702,
1.367832e+08,
9.555946e+07,
4.122372e+07,
1.911189e+07,
1.911189e+07,
1.911189e+07,
1.911189e+07,
1.911189e+07,
8244743,
8244743,
8244743,
8244743,
8244743,
1.325351e+08,
9.537577e+07,
3.715935e+07,
1.907515e+07,
1.907515e+07,
1.907515e+07,
1.907515e+07,
1.907515e+07,
7431870,
7431870,
7431870,
7431870,
7431870,
1.058144e+08,
4.956621e+07,
5.624821e+07,
9913242,
9913242,
9913242,
9913242,
9913242,
1.124964e+07,
1.124964e+07,
1.124964e+07,
1.124964e+07,
1.124964e+07,
2.11724e+08,
6.405389e+07,
1.476701e+08,
1.281078e+07,
1.281078e+07,
1.281078e+07,
1.281078e+07,
1.281078e+07,
2.953402e+07,
2.953402e+07,
2.953402e+07,
2.953402e+07,
2.953402e+07,
1.315129e+08,
2.074609e+07,
1.107668e+08,
4149218,
4149218,
4149218,
4149218,
4149218,
2.215336e+07,
2.215336e+07,
2.215336e+07,
2.215336e+07,
2.215336e+07,
3.375296e+07,
1.666451e+07,
1.708845e+07,
3332903,
3332903,
3332903,
3332903,
3332903,
3417691,
3417691,
3417691,
3417691,
3417691,
3.697907e+08,
2.671921e+08,
1.025986e+08,
5.343842e+07,
5.343842e+07,
5.343842e+07,
5.343842e+07,
5.343842e+07,
2.051972e+07,
2.051972e+07,
2.051972e+07,
2.051972e+07,
2.051972e+07,
1.298152e+08,
7.493522e+07,
5.487993e+07,
1.498705e+07,
1.498705e+07,
1.498705e+07,
1.498705e+07,
1.498705e+07,
1.097599e+07,
1.097599e+07,
1.097599e+07,
1.097599e+07,
1.097599e+07,
4.917568e+07,
2.579166e+07,
2.338402e+07,
5158331,
5158331,
5158331,
5158331,
5158331,
4676804,
4676804,
4676804,
4676804,
4676804,
6.53513e+07,
4.111751e+07,
2.423379e+07,
8223503,
8223503,
8223503,
8223503,
8223503,
4846759,
4846759,
4846759,
4846759,
4846759,
4.544885e+07,
2.0639e+07,
2.480985e+07,
4127800,
4127800,
4127800,
4127800,
4127800,
4961971,
4961971,
4961971,
4961971,
4961971,
1.584273e+08,
1.116255e+08,
4.680184e+07,
2.232509e+07,
2.232509e+07,
2.232509e+07,
2.232509e+07,
2.232509e+07,
9360367,
9360367,
9360367,
9360367,
9360367,
1.148022e+08,
6.647091e+07,
4.833124e+07,
1.329418e+07,
1.329418e+07,
1.329418e+07,
1.329418e+07,
1.329418e+07,
9666248,
9666248,
9666248,
9666248,
9666248,
7.80242e+08,
1.899734e+08,
5.902687e+08,
3.799467e+07,
3.799467e+07,
3.799467e+07,
3.799467e+07,
3.799467e+07,
1.180537e+08,
1.180537e+08,
1.180537e+08,
1.180537e+08,
1.180537e+08,
6.05582e+07,
3.79035e+07,
2.26547e+07,
7580700,
7580700,
7580700,
7580700,
7580700,
4530940,
4530940,
4530940,
4530940,
4530940,
1.087371e+09,
2.533809e+08,
8.339901e+08,
5.067618e+07,
5.067618e+07,
5.067618e+07,
5.067618e+07,
5.067618e+07,
1.66798e+08,
1.66798e+08,
1.66798e+08,
1.66798e+08,
1.66798e+08,
2.31916e+08,
6.970146e+07,
1.622145e+08,
1.394029e+07,
1.394029e+07,
1.394029e+07,
1.394029e+07,
1.394029e+07,
3.244291e+07,
3.244291e+07,
3.244291e+07,
3.244291e+07,
3.244291e+07,
1.692393e+08,
4.366773e+07,
1.255715e+08,
8733546,
8733546,
8733546,
8733546,
8733546,
2.511431e+07,
2.511431e+07,
2.511431e+07,
2.511431e+07,
2.511431e+07,
1.21119e+08,
7.334362e+07,
4.77754e+07,
1.466873e+07,
1.466873e+07,
1.466873e+07,
1.466873e+07,
1.466873e+07,
9555081,
9555081,
9555081,
9555081,
9555081,
2.108198e+07,
1.696849e+07,
4113485,
3393698,
3393698,
3393698,
3393698,
3393698,
822696.9,
822696.9,
822696.9,
822696.9,
822696.9,
2.379007e+08,
5.172571e+07,
1.86175e+08,
1.034514e+07,
1.034514e+07,
1.034514e+07,
1.034514e+07,
1.034514e+07,
3.7235e+07,
3.7235e+07,
3.7235e+07,
3.7235e+07,
3.7235e+07,
7.277347e+07,
1.550678e+07,
5.726669e+07,
3101356,
3101356,
3101356,
3101356,
3101356,
1.145334e+07,
1.145334e+07,
1.145334e+07,
1.145334e+07,
1.145334e+07,
0,
0,
0,
0,
0,
0,
0,
0,
0,
0,
0,
0,
0,
1986, 
2.611607e+07,
1.995257e+07,
6163498,
3990515,
3990515,
3990515,
3990515,
3990515,
1232700,
1232700,
1232700,
1232700,
1232700,
2.375128e+08,
1.773165e+08,
6.019626e+07,
3.54633e+07,
3.54633e+07,
3.54633e+07,
3.54633e+07,
3.54633e+07,
1.203925e+07,
1.203925e+07,
1.203925e+07,
1.203925e+07,
1.203925e+07,
7.622437e+07,
5.29331e+07,
2.329127e+07,
1.058662e+07,
1.058662e+07,
1.058662e+07,
1.058662e+07,
1.058662e+07,
4658254,
4658254,
4658254,
4658254,
4658254,
5.884277e+07,
2.930936e+07,
2.953341e+07,
5861872,
5861872,
5861872,
5861872,
5861872,
5906683,
5906683,
5906683,
5906683,
5906683,
1.396434e+08,
9.869155e+07,
4.095181e+07,
1.973831e+07,
1.973831e+07,
1.973831e+07,
1.973831e+07,
1.973831e+07,
8190363,
8190363,
8190363,
8190363,
8190363,
1.352345e+08,
9.79297e+07,
3.730483e+07,
1.958594e+07,
1.958594e+07,
1.958594e+07,
1.958594e+07,
1.958594e+07,
7460967,
7460967,
7460967,
7460967,
7460967,
1.087627e+08,
5.131949e+07,
5.74432e+07,
1.02639e+07,
1.02639e+07,
1.02639e+07,
1.02639e+07,
1.02639e+07,
1.148864e+07,
1.148864e+07,
1.148864e+07,
1.148864e+07,
1.148864e+07,
2.175543e+08,
6.689189e+07,
1.506624e+08,
1.337838e+07,
1.337838e+07,
1.337838e+07,
1.337838e+07,
1.337838e+07,
3.013249e+07,
3.013249e+07,
3.013249e+07,
3.013249e+07,
3.013249e+07,
1.353248e+08,
2.183201e+07,
1.134928e+08,
4366401,
4366401,
4366401,
4366401,
4366401,
2.269855e+07,
2.269855e+07,
2.269855e+07,
2.269855e+07,
2.269855e+07,
3.487784e+07,
1.740578e+07,
1.747205e+07,
3481157,
3481157,
3481157,
3481157,
3481157,
3494410,
3494410,
3494410,
3494410,
3494410,
3.707217e+08,
2.683198e+08,
1.024019e+08,
5.366396e+07,
5.366396e+07,
5.366396e+07,
5.366396e+07,
5.366396e+07,
2.048038e+07,
2.048038e+07,
2.048038e+07,
2.048038e+07,
2.048038e+07,
1.303396e+08,
7.565661e+07,
5.4683e+07,
1.513132e+07,
1.513132e+07,
1.513132e+07,
1.513132e+07,
1.513132e+07,
1.09366e+07,
1.09366e+07,
1.09366e+07,
1.09366e+07,
1.09366e+07,
5.022388e+07,
2.701995e+07,
2.320394e+07,
5403990,
5403990,
5403990,
5403990,
5403990,
4640788,
4640788,
4640788,
4640788,
4640788,
6.56217e+07,
4.160295e+07,
2.401875e+07,
8320590,
8320590,
8320590,
8320590,
8320590,
4803750,
4803750,
4803750,
4803750,
4803750,
4.654914e+07,
2.107257e+07,
2.547657e+07,
4214513,
4214513,
4214513,
4214513,
4214513,
5095314,
5095314,
5095314,
5095314,
5095314,
1.597605e+08,
1.129916e+08,
4.676882e+07,
2.259833e+07,
2.259833e+07,
2.259833e+07,
2.259833e+07,
2.259833e+07,
9353764,
9353764,
9353764,
9353764,
9353764,
1.188891e+08,
6.939601e+07,
4.94931e+07,
1.38792e+07,
1.38792e+07,
1.38792e+07,
1.38792e+07,
1.38792e+07,
9898621,
9898621,
9898621,
9898621,
9898621,
7.97879e+08,
1.961809e+08,
6.01698e+08,
3.923618e+07,
3.923618e+07,
3.923618e+07,
3.923618e+07,
3.923618e+07,
1.203396e+08,
1.203396e+08,
1.203396e+08,
1.203396e+08,
1.203396e+08,
6.142174e+07,
3.922042e+07,
2.220133e+07,
7844083,
7844083,
7844083,
7844083,
7844083,
4440266,
4440266,
4440266,
4440266,
4440266,
1.105295e+09,
2.654718e+08,
8.398228e+08,
5.309436e+07,
5.309436e+07,
5.309436e+07,
5.309436e+07,
5.309436e+07,
1.679646e+08,
1.679646e+08,
1.679646e+08,
1.679646e+08,
1.679646e+08,
2.371876e+08,
7.23623e+07,
1.648253e+08,
1.447246e+07,
1.447246e+07,
1.447246e+07,
1.447246e+07,
1.447246e+07,
3.296506e+07,
3.296506e+07,
3.296506e+07,
3.296506e+07,
3.296506e+07,
1.726582e+08,
4.606959e+07,
1.265886e+08,
9213918,
9213918,
9213918,
9213918,
9213918,
2.531772e+07,
2.531772e+07,
2.531772e+07,
2.531772e+07,
2.531772e+07,
1.217103e+08,
7.431947e+07,
4.739083e+07,
1.486389e+07,
1.486389e+07,
1.486389e+07,
1.486389e+07,
1.486389e+07,
9478166,
9478166,
9478166,
9478166,
9478166,
2.13642e+07,
1.720695e+07,
4157255,
3441390,
3441390,
3441390,
3441390,
3441390,
831451.1,
831451.1,
831451.1,
831451.1,
831451.1,
2.4429e+08,
5.390954e+07,
1.903805e+08,
1.078191e+07,
1.078191e+07,
1.078191e+07,
1.078191e+07,
1.078191e+07,
3.807609e+07,
3.807609e+07,
3.807609e+07,
3.807609e+07,
3.807609e+07,
7.504767e+07,
1.64598e+07,
5.858787e+07,
3291960,
3291960,
3291960,
3291960,
3291960,
1.171757e+07,
1.171757e+07,
1.171757e+07,
1.171757e+07,
1.171757e+07,
0,
0,
0,
0,
0,
0,
0,
0,
0,
0,
0,
0,
0,
1987, 
2.643689e+07,
2.020973e+07,
6227156,
4041947,
4041947,
4041947,
4041947,
4041947,
1245431,
1245431,
1245431,
1245431,
1245431,
2.398532e+08,
1.794504e+08,
6.040279e+07,
3.589008e+07,
3.589008e+07,
3.589008e+07,
3.589008e+07,
3.589008e+07,
1.208056e+07,
1.208056e+07,
1.208056e+07,
1.208056e+07,
1.208056e+07,
7.75535e+07,
5.423906e+07,
2.331444e+07,
1.084781e+07,
1.084781e+07,
1.084781e+07,
1.084781e+07,
1.084781e+07,
4662889,
4662889,
4662889,
4662889,
4662889,
5.995427e+07,
3.012376e+07,
2.983052e+07,
6024751,
6024751,
6024751,
6024751,
6024751,
5966103,
5966103,
5966103,
5966103,
5966103,
1.424663e+08,
1.018434e+08,
4.062283e+07,
2.036869e+07,
2.036869e+07,
2.036869e+07,
2.036869e+07,
2.036869e+07,
8124566,
8124566,
8124566,
8124566,
8124566,
1.37979e+08,
1.005409e+08,
3.743814e+07,
2.010818e+07,
2.010818e+07,
2.010818e+07,
2.010818e+07,
2.010818e+07,
7487629,
7487629,
7487629,
7487629,
7487629,
1.11655e+08,
5.306633e+07,
5.858862e+07,
1.061327e+07,
1.061327e+07,
1.061327e+07,
1.061327e+07,
1.061327e+07,
1.171772e+07,
1.171772e+07,
1.171772e+07,
1.171772e+07,
1.171772e+07,
2.235841e+08,
6.984978e+07,
1.537344e+08,
1.396996e+07,
1.396996e+07,
1.396996e+07,
1.396996e+07,
1.396996e+07,
3.074687e+07,
3.074687e+07,
3.074687e+07,
3.074687e+07,
3.074687e+07,
1.393672e+08,
2.298326e+07,
1.16384e+08,
4596652,
4596652,
4596652,
4596652,
4596652,
2.327679e+07,
2.327679e+07,
2.327679e+07,
2.327679e+07,
2.327679e+07,
3.611933e+07,
1.821787e+07,
1.790146e+07,
3643574,
3643574,
3643574,
3643574,
3643574,
3580293,
3580293,
3580293,
3580293,
3580293,
3.718036e+08,
2.695592e+08,
1.022445e+08,
5.391184e+07,
5.391184e+07,
5.391184e+07,
5.391184e+07,
5.391184e+07,
2.044889e+07,
2.044889e+07,
2.044889e+07,
2.044889e+07,
2.044889e+07,
1.308048e+08,
7.634675e+07,
5.445801e+07,
1.526935e+07,
1.526935e+07,
1.526935e+07,
1.526935e+07,
1.526935e+07,
1.08916e+07,
1.08916e+07,
1.08916e+07,
1.08916e+07,
1.08916e+07,
5.125015e+07,
2.826446e+07,
2.298569e+07,
5652892,
5652892,
5652892,
5652892,
5652892,
4597139,
4597139,
4597139,
4597139,
4597139,
6.589552e+07,
4.209317e+07,
2.380235e+07,
8418634,
8418634,
8418634,
8418634,
8418634,
4760470,
4760470,
4760470,
4760470,
4760470,
4.772891e+07,
2.153888e+07,
2.619003e+07,
4307777,
4307777,
4307777,
4307777,
4307777,
5238005,
5238005,
5238005,
5238005,
5238005,
1.612115e+08,
1.144486e+08,
4.676286e+07,
2.288972e+07,
2.288972e+07,
2.288972e+07,
2.288972e+07,
2.288972e+07,
9352571,
9352571,
9352571,
9352571,
9352571,
1.23128e+08,
7.244894e+07,
5.067909e+07,
1.448979e+07,
1.448979e+07,
1.448979e+07,
1.448979e+07,
1.448979e+07,
1.013582e+07,
1.013582e+07,
1.013582e+07,
1.013582e+07,
1.013582e+07,
8.157161e+08,
2.025227e+08,
6.131934e+08,
4.050455e+07,
4.050455e+07,
4.050455e+07,
4.050455e+07,
4.050455e+07,
1.226387e+08,
1.226387e+08,
1.226387e+08,
1.226387e+08,
1.226387e+08,
6.230915e+07,
4.05747e+07,
2.173445e+07,
8114939,
8114939,
8114939,
8114939,
8114939,
4346891,
4346891,
4346891,
4346891,
4346891,
1.12476e+09,
2.782006e+08,
8.465591e+08,
5.564012e+07,
5.564012e+07,
5.564012e+07,
5.564012e+07,
5.564012e+07,
1.693118e+08,
1.693118e+08,
1.693118e+08,
1.693118e+08,
1.693118e+08,
2.424869e+08,
7.507958e+07,
1.674073e+08,
1.501592e+07,
1.501592e+07,
1.501592e+07,
1.501592e+07,
1.501592e+07,
3.348147e+07,
3.348147e+07,
3.348147e+07,
3.348147e+07,
3.348147e+07,
1.760217e+08,
4.851636e+07,
1.275054e+08,
9703273,
9703273,
9703273,
9703273,
9703273,
2.550107e+07,
2.550107e+07,
2.550107e+07,
2.550107e+07,
2.550107e+07,
1.222689e+08,
7.52812e+07,
4.698769e+07,
1.505624e+07,
1.505624e+07,
1.505624e+07,
1.505624e+07,
1.505624e+07,
9397538,
9397538,
9397538,
9397538,
9397538,
2.16694e+07,
1.746421e+07,
4205185,
3492842,
3492842,
3492842,
3492842,
3492842,
841036.9,
841036.9,
841036.9,
841036.9,
841036.9,
2.506557e+08,
5.612966e+07,
1.945261e+08,
1.122593e+07,
1.122593e+07,
1.122593e+07,
1.122593e+07,
1.122593e+07,
3.890521e+07,
3.890521e+07,
3.890521e+07,
3.890521e+07,
3.890521e+07,
7.727034e+07,
1.742958e+07,
5.984075e+07,
3485917,
3485917,
3485917,
3485917,
3485917,
1.196815e+07,
1.196815e+07,
1.196815e+07,
1.196815e+07,
1.196815e+07,
0,
0,
0,
0,
0,
0,
0,
0,
0,
0,
0,
0,
0,
1988, 
2.681506e+07,
2.051106e+07,
6304007,
4102211,
4102211,
4102211,
4102211,
4102211,
1260801,
1260801,
1260801,
1260801,
1260801,
2.422878e+08,
1.816625e+08,
6.062537e+07,
3.633249e+07,
3.633249e+07,
3.633249e+07,
3.633249e+07,
3.633249e+07,
1.212507e+07,
1.212507e+07,
1.212507e+07,
1.212507e+07,
1.212507e+07,
7.889202e+07,
5.556475e+07,
2.332726e+07,
1.111295e+07,
1.111295e+07,
1.111295e+07,
1.111295e+07,
1.111295e+07,
4665453,
4665453,
4665453,
4665453,
4665453,
6.109546e+07,
3.096287e+07,
3.013259e+07,
6192574,
6192574,
6192574,
6192574,
6192574,
6026518,
6026518,
6026518,
6026518,
6026518,
1.45254e+08,
1.050157e+08,
4.023826e+07,
2.100314e+07,
2.100314e+07,
2.100314e+07,
2.100314e+07,
2.100314e+07,
8047651,
8047651,
8047651,
8047651,
8047651,
1.407703e+08,
1.032111e+08,
3.755911e+07,
2.064223e+07,
2.064223e+07,
2.064223e+07,
2.064223e+07,
2.064223e+07,
7511822,
7511822,
7511822,
7511822,
7511822,
1.145194e+08,
5.481968e+07,
5.969976e+07,
1.096394e+07,
1.096394e+07,
1.096394e+07,
1.096394e+07,
1.096394e+07,
1.193995e+07,
1.193995e+07,
1.193995e+07,
1.193995e+07,
1.193995e+07,
2.298343e+08,
7.293714e+07,
1.568972e+08,
1.458743e+07,
1.458743e+07,
1.458743e+07,
1.458743e+07,
1.458743e+07,
3.137943e+07,
3.137943e+07,
3.137943e+07,
3.137943e+07,
3.137943e+07,
1.431986e+08,
2.412789e+07,
1.190707e+08,
4825577,
4825577,
4825577,
4825577,
4825577,
2.381414e+07,
2.381414e+07,
2.381414e+07,
2.381414e+07,
2.381414e+07,
3.739385e+07,
1.906002e+07,
1.833383e+07,
3812004,
3812004,
3812004,
3812004,
3812004,
3666767,
3666767,
3666767,
3666767,
3666767,
3.730248e+08,
2.709023e+08,
1.021224e+08,
5.418047e+07,
5.418047e+07,
5.418047e+07,
5.418047e+07,
5.418047e+07,
2.042449e+07,
2.042449e+07,
2.042449e+07,
2.042449e+07,
2.042449e+07,
1.311771e+08,
7.698542e+07,
5.419169e+07,
1.539709e+07,
1.539709e+07,
1.539709e+07,
1.539709e+07,
1.539709e+07,
1.083834e+07,
1.083834e+07,
1.083834e+07,
1.083834e+07,
1.083834e+07,
5.227589e+07,
2.95364e+07,
2.273949e+07,
5907280,
5907280,
5907280,
5907280,
5907280,
4547898,
4547898,
4547898,
4547898,
4547898,
6.613456e+07,
4.256364e+07,
2.357092e+07,
8512728,
8512728,
8512728,
8512728,
8512728,
4714184,
4714184,
4714184,
4714184,
4714184,
4.892838e+07,
2.201071e+07,
2.691767e+07,
4402141,
4402141,
4402141,
4402141,
4402141,
5383535,
5383535,
5383535,
5383535,
5383535,
1.625425e+08,
1.158278e+08,
4.671466e+07,
2.316557e+07,
2.316557e+07,
2.316557e+07,
2.316557e+07,
2.316557e+07,
9342933,
9342933,
9342933,
9342933,
9342933,
1.273027e+08,
7.550358e+07,
5.179909e+07,
1.510072e+07,
1.510072e+07,
1.510072e+07,
1.510072e+07,
1.510072e+07,
1.035982e+07,
1.035982e+07,
1.035982e+07,
1.035982e+07,
1.035982e+07,
8.337297e+08,
2.089944e+08,
6.247353e+08,
4.179887e+07,
4.179887e+07,
4.179887e+07,
4.179887e+07,
4.179887e+07,
1.249471e+08,
1.249471e+08,
1.249471e+08,
1.249471e+08,
1.249471e+08,
6.318592e+07,
4.194436e+07,
2.124156e+07,
8388871,
8388871,
8388871,
8388871,
8388871,
4248313,
4248313,
4248313,
4248313,
4248313,
1.144165e+09,
2.911929e+08,
8.529721e+08,
5.823858e+07,
5.823858e+07,
5.823858e+07,
5.823858e+07,
5.823858e+07,
1.705944e+08,
1.705944e+08,
1.705944e+08,
1.705944e+08,
1.705944e+08,
2.47791e+08,
7.784642e+07,
1.699445e+08,
1.556929e+07,
1.556929e+07,
1.556929e+07,
1.556929e+07,
1.556929e+07,
3.39889e+07,
3.39889e+07,
3.39889e+07,
3.39889e+07,
3.39889e+07,
1.793743e+08,
5.101923e+07,
1.283551e+08,
1.020385e+07,
1.020385e+07,
1.020385e+07,
1.020385e+07,
1.020385e+07,
2.567101e+07,
2.567101e+07,
2.567101e+07,
2.567101e+07,
2.567101e+07,
1.227983e+08,
7.623048e+07,
4.656782e+07,
1.52461e+07,
1.52461e+07,
1.52461e+07,
1.52461e+07,
1.52461e+07,
9313563,
9313563,
9313563,
9313563,
9313563,
2.199129e+07,
1.773526e+07,
4256022,
3547053,
3547053,
3547053,
3547053,
3547053,
851204.4,
851204.4,
851204.4,
851204.4,
851204.4,
2.572748e+08,
5.844875e+07,
1.988261e+08,
1.168975e+07,
1.168975e+07,
1.168975e+07,
1.168975e+07,
1.168975e+07,
3.976521e+07,
3.976521e+07,
3.976521e+07,
3.976521e+07,
3.976521e+07,
7.947641e+07,
1.842327e+07,
6.105314e+07,
3684654,
3684654,
3684654,
3684654,
3684654,
1.221063e+07,
1.221063e+07,
1.221063e+07,
1.221063e+07,
1.221063e+07,
0,
0,
0,
0,
0,
0,
0,
0,
0,
0,
0,
0,
0,
1989, 
2.724441e+07,
2.085189e+07,
6392519,
4170377,
4170377,
4170377,
4170377,
4170377,
1278504,
1278504,
1278504,
1278504,
1278504,
2.449541e+08,
1.840564e+08,
6.089768e+07,
3.681129e+07,
3.681129e+07,
3.681129e+07,
3.681129e+07,
3.681129e+07,
1.217954e+07,
1.217954e+07,
1.217954e+07,
1.217954e+07,
1.217954e+07,
8.023375e+07,
5.690595e+07,
2.33278e+07,
1.138119e+07,
1.138119e+07,
1.138119e+07,
1.138119e+07,
1.138119e+07,
4665561,
4665561,
4665561,
4665561,
4665561,
6.225968e+07,
3.182368e+07,
3.0436e+07,
6364736,
6364736,
6364736,
6364736,
6364736,
6087200,
6087200,
6087200,
6087200,
6087200,
1.480034e+08,
1.082053e+08,
3.979812e+07,
2.164106e+07,
2.164106e+07,
2.164106e+07,
2.164106e+07,
2.164106e+07,
7959624,
7959624,
7959624,
7959624,
7959624,
1.435956e+08,
1.059318e+08,
3.76638e+07,
2.118636e+07,
2.118636e+07,
2.118636e+07,
2.118636e+07,
2.118636e+07,
7532759,
7532759,
7532759,
7532759,
7532759,
1.173626e+08,
5.658236e+07,
6.078027e+07,
1.131647e+07,
1.131647e+07,
1.131647e+07,
1.131647e+07,
1.131647e+07,
1.215605e+07,
1.215605e+07,
1.215605e+07,
1.215605e+07,
1.215605e+07,
2.363355e+08,
7.616714e+07,
1.601684e+08,
1.523343e+07,
1.523343e+07,
1.523343e+07,
1.523343e+07,
1.523343e+07,
3.203368e+07,
3.203368e+07,
3.203368e+07,
3.203368e+07,
3.203368e+07,
1.469616e+08,
2.528821e+07,
1.216734e+08,
5057643,
5057643,
5057643,
5057643,
5057643,
2.433469e+07,
2.433469e+07,
2.433469e+07,
2.433469e+07,
2.433469e+07,
3.866868e+07,
1.991592e+07,
1.875276e+07,
3983184,
3983184,
3983184,
3983184,
3983184,
3750553,
3750553,
3750553,
3750553,
3750553,
3.743123e+08,
2.722968e+08,
1.020155e+08,
5.445935e+07,
5.445935e+07,
5.445935e+07,
5.445935e+07,
5.445935e+07,
2.040311e+07,
2.040311e+07,
2.040311e+07,
2.040311e+07,
2.040311e+07,
1.314744e+08,
7.758221e+07,
5.389222e+07,
1.551644e+07,
1.551644e+07,
1.551644e+07,
1.551644e+07,
1.551644e+07,
1.077845e+07,
1.077845e+07,
1.077845e+07,
1.077845e+07,
1.077845e+07,
5.330523e+07,
3.083814e+07,
2.246709e+07,
6167629,
6167629,
6167629,
6167629,
6167629,
4493418,
4493418,
4493418,
4493418,
4493418,
6.634154e+07,
4.301562e+07,
2.332592e+07,
8603123,
8603123,
8603123,
8603123,
8603123,
4665185,
4665185,
4665185,
4665185,
4665185,
5.002933e+07,
2.243495e+07,
2.759438e+07,
4486990,
4486990,
4486990,
4486990,
4486990,
5518877,
5518877,
5518877,
5518877,
5518877,
1.63584e+08,
1.170071e+08,
4.657693e+07,
2.340142e+07,
2.340142e+07,
2.340142e+07,
2.340142e+07,
2.340142e+07,
9315386,
9315386,
9315386,
9315386,
9315386,
1.315346e+08,
7.863169e+07,
5.290287e+07,
1.572634e+07,
1.572634e+07,
1.572634e+07,
1.572634e+07,
1.572634e+07,
1.058057e+07,
1.058057e+07,
1.058057e+07,
1.058057e+07,
1.058057e+07,
8.520127e+08,
2.156205e+08,
6.363921e+08,
4.31241e+07,
4.31241e+07,
4.31241e+07,
4.31241e+07,
4.31241e+07,
1.272784e+08,
1.272784e+08,
1.272784e+08,
1.272784e+08,
1.272784e+08,
6.406248e+07,
4.333603e+07,
2.072644e+07,
8667206,
8667206,
8667206,
8667206,
8667206,
4145289,
4145289,
4145289,
4145289,
4145289,
1.16303e+09,
3.043218e+08,
8.587083e+08,
6.086435e+07,
6.086435e+07,
6.086435e+07,
6.086435e+07,
6.086435e+07,
1.717417e+08,
1.717417e+08,
1.717417e+08,
1.717417e+08,
1.717417e+08,
2.53131e+08,
8.067289e+07,
1.724581e+08,
1.613458e+07,
1.613458e+07,
1.613458e+07,
1.613458e+07,
1.613458e+07,
3.449162e+07,
3.449162e+07,
3.449162e+07,
3.449162e+07,
3.449162e+07,
1.827133e+08,
5.357714e+07,
1.291362e+08,
1.071543e+07,
1.071543e+07,
1.071543e+07,
1.071543e+07,
1.071543e+07,
2.582723e+07,
2.582723e+07,
2.582723e+07,
2.582723e+07,
2.582723e+07,
1.232706e+08,
7.714943e+07,
4.612122e+07,
1.542989e+07,
1.542989e+07,
1.542989e+07,
1.542989e+07,
1.542989e+07,
9224243,
9224243,
9224243,
9224243,
9224243,
2.231677e+07,
1.800956e+07,
4307214,
3601912,
3601912,
3601912,
3601912,
3601912,
861442.8,
861442.8,
861442.8,
861442.8,
861442.8,
2.64135e+08,
6.086648e+07,
2.032686e+08,
1.21733e+07,
1.21733e+07,
1.21733e+07,
1.21733e+07,
1.21733e+07,
4.065371e+07,
4.065371e+07,
4.065371e+07,
4.065371e+07,
4.065371e+07,
8.17453e+07,
1.945945e+07,
6.228585e+07,
3891890,
3891890,
3891890,
3891890,
3891890,
1.245717e+07,
1.245717e+07,
1.245717e+07,
1.245717e+07,
1.245717e+07,
0,
0,
0,
0,
0,
0,
0,
0,
0,
0,
0,
0,
0,
1990, 
2.76572e+07,
2.118044e+07,
6476764,
4236088,
4236088,
4236088,
4236088,
4236088,
1295353,
1295353,
1295353,
1295353,
1295353,
2.480837e+08,
1.868079e+08,
6.127584e+07,
3.736158e+07,
3.736158e+07,
3.736158e+07,
3.736158e+07,
3.736158e+07,
1.225517e+07,
1.225517e+07,
1.225517e+07,
1.225517e+07,
1.225517e+07,
8.172043e+07,
5.836392e+07,
2.335652e+07,
1.167278e+07,
1.167278e+07,
1.167278e+07,
1.167278e+07,
1.167278e+07,
4671303,
4671303,
4671303,
4671303,
4671303,
6.344194e+07,
3.270392e+07,
3.073802e+07,
6540784,
6540784,
6540784,
6540784,
6540784,
6147604,
6147604,
6147604,
6147604,
6147604,
1.507064e+08,
1.114052e+08,
3.930123e+07,
2.228104e+07,
2.228104e+07,
2.228104e+07,
2.228104e+07,
2.228104e+07,
7860246,
7860246,
7860246,
7860246,
7860246,
1.464376e+08,
1.086904e+08,
3.774722e+07,
2.173808e+07,
2.173808e+07,
2.173808e+07,
2.173808e+07,
2.173808e+07,
7549445,
7549445,
7549445,
7549445,
7549445,
1.20159e+08,
5.834179e+07,
6.181726e+07,
1.166836e+07,
1.166836e+07,
1.166836e+07,
1.166836e+07,
1.166836e+07,
1.236345e+07,
1.236345e+07,
1.236345e+07,
1.236345e+07,
1.236345e+07,
2.428469e+08,
7.946465e+07,
1.633823e+08,
1.589293e+07,
1.589293e+07,
1.589293e+07,
1.589293e+07,
1.589293e+07,
3.267645e+07,
3.267645e+07,
3.267645e+07,
3.267645e+07,
3.267645e+07,
1.511329e+08,
2.654717e+07,
1.245857e+08,
5309435,
5309435,
5309435,
5309435,
5309435,
2.491714e+07,
2.491714e+07,
2.491714e+07,
2.491714e+07,
2.491714e+07,
3.987757e+07,
2.075109e+07,
1.912648e+07,
4150219,
4150219,
4150219,
4150219,
4150219,
3825296,
3825296,
3825296,
3825296,
3825296,
3.756524e+08,
2.737327e+08,
1.019197e+08,
5.474654e+07,
5.474654e+07,
5.474654e+07,
5.474654e+07,
5.474654e+07,
2.038394e+07,
2.038394e+07,
2.038394e+07,
2.038394e+07,
2.038394e+07,
1.317084e+08,
7.814332e+07,
5.356509e+07,
1.562866e+07,
1.562866e+07,
1.562866e+07,
1.562866e+07,
1.562866e+07,
1.071302e+07,
1.071302e+07,
1.071302e+07,
1.071302e+07,
1.071302e+07,
5.432414e+07,
3.216152e+07,
2.216262e+07,
6432305,
6432305,
6432305,
6432305,
6432305,
4432524,
4432524,
4432524,
4432524,
4432524,
6.649854e+07,
4.343694e+07,
2.30616e+07,
8687389,
8687389,
8687389,
8687389,
8687389,
4612321,
4612321,
4612321,
4612321,
4612321,
5.097854e+07,
2.278823e+07,
2.819031e+07,
4557646,
4557646,
4557646,
4557646,
4557646,
5638061,
5638061,
5638061,
5638061,
5638061,
1.643817e+08,
1.180169e+08,
4.636485e+07,
2.360337e+07,
2.360337e+07,
2.360337e+07,
2.360337e+07,
2.360337e+07,
9272970,
9272970,
9272970,
9272970,
9272970,
1.355817e+08,
8.168829e+07,
5.389346e+07,
1.633766e+07,
1.633766e+07,
1.633766e+07,
1.633766e+07,
1.633766e+07,
1.077869e+07,
1.077869e+07,
1.077869e+07,
1.077869e+07,
1.077869e+07,
8.704522e+08,
2.223744e+08,
6.480778e+08,
4.447488e+07,
4.447488e+07,
4.447488e+07,
4.447488e+07,
4.447488e+07,
1.296156e+08,
1.296156e+08,
1.296156e+08,
1.296156e+08,
1.296156e+08,
6.491956e+07,
4.473646e+07,
2.018311e+07,
8947292,
8947292,
8947292,
8947292,
8947292,
4036621,
4036621,
4036621,
4036621,
4036621,
1.182641e+09,
3.179212e+08,
8.647194e+08,
6.358424e+07,
6.358424e+07,
6.358424e+07,
6.358424e+07,
6.358424e+07,
1.729439e+08,
1.729439e+08,
1.729439e+08,
1.729439e+08,
1.729439e+08,
2.58584e+08,
8.358435e+07,
1.749997e+08,
1.671687e+07,
1.671687e+07,
1.671687e+07,
1.671687e+07,
1.671687e+07,
3.499993e+07,
3.499993e+07,
3.499993e+07,
3.499993e+07,
3.499993e+07,
1.860248e+08,
5.618553e+07,
1.298393e+08,
1.123711e+07,
1.123711e+07,
1.123711e+07,
1.123711e+07,
1.123711e+07,
2.596786e+07,
2.596786e+07,
2.596786e+07,
2.596786e+07,
2.596786e+07,
1.236863e+08,
7.803741e+07,
4.564891e+07,
1.560748e+07,
1.560748e+07,
1.560748e+07,
1.560748e+07,
1.560748e+07,
9129782,
9129782,
9129782,
9129782,
9129782,
2.266813e+07,
1.830509e+07,
4363041,
3661018,
3661018,
3661018,
3661018,
3661018,
872608.2,
872608.2,
872608.2,
872608.2,
872608.2,
2.708605e+08,
6.329734e+07,
2.075632e+08,
1.265947e+07,
1.265947e+07,
1.265947e+07,
1.265947e+07,
1.265947e+07,
4.151264e+07,
4.151264e+07,
4.151264e+07,
4.151264e+07,
4.151264e+07,
8.404156e+07,
2.053064e+07,
6.351092e+07,
4106127,
4106127,
4106127,
4106127,
4106127,
1.270218e+07,
1.270218e+07,
1.270218e+07,
1.270218e+07,
1.270218e+07,
0,
0,
0,
0,
0,
0,
0,
0,
0,
0,
0,
0,
0,
1991, 
2.801576e+07,
2.151627e+07,
6499489,
4303255,
4303255,
4303255,
4303255,
4303255,
1299898,
1299898,
1299898,
1299898,
1299898,
2.515602e+08,
1.904067e+08,
6.115346e+07,
3.808134e+07,
3.808134e+07,
3.808134e+07,
3.808134e+07,
3.808134e+07,
1.223069e+07,
1.223069e+07,
1.223069e+07,
1.223069e+07,
1.223069e+07,
8.335159e+07,
5.985378e+07,
2.349781e+07,
1.197076e+07,
1.197076e+07,
1.197076e+07,
1.197076e+07,
1.197076e+07,
4699563,
4699563,
4699563,
4699563,
4699563,
6.462524e+07,
3.36912e+07,
3.093403e+07,
6738241,
6738241,
6738241,
6738241,
6738241,
6186806,
6186806,
6186806,
6186806,
6186806,
1.533364e+08,
1.144804e+08,
3.885607e+07,
2.289607e+07,
2.289607e+07,
2.289607e+07,
2.289607e+07,
2.289607e+07,
7771215,
7771215,
7771215,
7771215,
7771215,
1.492627e+08,
1.11414e+08,
3.784868e+07,
2.22828e+07,
2.22828e+07,
2.22828e+07,
2.22828e+07,
2.22828e+07,
7569737,
7569737,
7569737,
7569737,
7569737,
1.228821e+08,
6.002969e+07,
6.285244e+07,
1.200594e+07,
1.200594e+07,
1.200594e+07,
1.200594e+07,
1.200594e+07,
1.257049e+07,
1.257049e+07,
1.257049e+07,
1.257049e+07,
1.257049e+07,
2.494908e+08,
8.283587e+07,
1.666549e+08,
1.656717e+07,
1.656717e+07,
1.656717e+07,
1.656717e+07,
1.656717e+07,
3.333099e+07,
3.333099e+07,
3.333099e+07,
3.333099e+07,
3.333099e+07,
1.553656e+08,
2.782164e+07,
1.275439e+08,
5564329,
5564329,
5564329,
5564329,
5564329,
2.550878e+07,
2.550878e+07,
2.550878e+07,
2.550878e+07,
2.550878e+07,
4.091096e+07,
2.148922e+07,
1.942174e+07,
4297844,
4297844,
4297844,
4297844,
4297844,
3884348,
3884348,
3884348,
3884348,
3884348,
3.77107e+08,
2.752653e+08,
1.018416e+08,
5.505306e+07,
5.505306e+07,
5.505306e+07,
5.505306e+07,
5.505306e+07,
2.036833e+07,
2.036833e+07,
2.036833e+07,
2.036833e+07,
2.036833e+07,
1.317938e+08,
7.833061e+07,
5.346321e+07,
1.566612e+07,
1.566612e+07,
1.566612e+07,
1.566612e+07,
1.566612e+07,
1.069264e+07,
1.069264e+07,
1.069264e+07,
1.069264e+07,
1.069264e+07,
5.532117e+07,
3.307487e+07,
2.22463e+07,
6614974,
6614974,
6614974,
6614974,
6614974,
4449261,
4449261,
4449261,
4449261,
4449261,
6.662136e+07,
4.35731e+07,
2.304826e+07,
8714621,
8714621,
8714621,
8714621,
8714621,
4609652,
4609652,
4609652,
4609652,
4609652,
5.190228e+07,
2.301797e+07,
2.888431e+07,
4603594,
4603594,
4603594,
4603594,
4603594,
5776861,
5776861,
5776861,
5776861,
5776861,
1.649334e+08,
1.183589e+08,
4.657455e+07,
2.367177e+07,
2.367177e+07,
2.367177e+07,
2.367177e+07,
2.367177e+07,
9314910,
9314910,
9314910,
9314910,
9314910,
1.398948e+08,
8.486355e+07,
5.503128e+07,
1.697271e+07,
1.697271e+07,
1.697271e+07,
1.697271e+07,
1.697271e+07,
1.100626e+07,
1.100626e+07,
1.100626e+07,
1.100626e+07,
1.100626e+07,
8.889418e+08,
2.289576e+08,
6.599842e+08,
4.579152e+07,
4.579152e+07,
4.579152e+07,
4.579152e+07,
4.579152e+07,
1.319968e+08,
1.319968e+08,
1.319968e+08,
1.319968e+08,
1.319968e+08,
6.560294e+07,
4.560486e+07,
1.999808e+07,
9120973,
9120973,
9120973,
9120973,
9120973,
3999617,
3999617,
3999617,
3999617,
3999617,
1.199883e+09,
3.331993e+08,
8.666833e+08,
6.663986e+07,
6.663986e+07,
6.663986e+07,
6.663986e+07,
6.663986e+07,
1.733367e+08,
1.733367e+08,
1.733367e+08,
1.733367e+08,
1.733367e+08,
2.640562e+08,
8.613196e+07,
1.779242e+08,
1.722639e+07,
1.722639e+07,
1.722639e+07,
1.722639e+07,
1.722639e+07,
3.558484e+07,
3.558484e+07,
3.558484e+07,
3.558484e+07,
3.558484e+07,
1.893522e+08,
5.900926e+07,
1.30343e+08,
1.180185e+07,
1.180185e+07,
1.180185e+07,
1.180185e+07,
1.180185e+07,
2.606859e+07,
2.606859e+07,
2.606859e+07,
2.606859e+07,
2.606859e+07,
1.24074e+08,
7.866465e+07,
4.540934e+07,
1.573293e+07,
1.573293e+07,
1.573293e+07,
1.573293e+07,
1.573293e+07,
9081869,
9081869,
9081869,
9081869,
9081869,
2.30088e+07,
1.861054e+07,
4398262,
3722108,
3722108,
3722108,
3722108,
3722108,
879652.3,
879652.3,
879652.3,
879652.3,
879652.3,
2.775388e+08,
6.561117e+07,
2.119276e+08,
1.312223e+07,
1.312223e+07,
1.312223e+07,
1.312223e+07,
1.312223e+07,
4.238553e+07,
4.238553e+07,
4.238553e+07,
4.238553e+07,
4.238553e+07,
8.628606e+07,
2.157228e+07,
6.471377e+07,
4314457,
4314457,
4314457,
4314457,
4314457,
1.294275e+07,
1.294275e+07,
1.294275e+07,
1.294275e+07,
1.294275e+07,
0,
0,
0,
0,
0,
0,
0,
0,
0,
0,
0,
0,
0,
1992, 
2.834764e+07,
2.183313e+07,
6514515,
4366626,
4366626,
4366626,
4366626,
4366626,
1302903,
1302903,
1302903,
1302903,
1302903,
2.551753e+08,
1.941382e+08,
6.103714e+07,
3.882764e+07,
3.882764e+07,
3.882764e+07,
3.882764e+07,
3.882764e+07,
1.220743e+07,
1.220743e+07,
1.220743e+07,
1.220743e+07,
1.220743e+07,
8.499317e+07,
6.136387e+07,
2.362929e+07,
1.227277e+07,
1.227277e+07,
1.227277e+07,
1.227277e+07,
1.227277e+07,
4725858,
4725858,
4725858,
4725858,
4725858,
6.58003e+07,
3.468797e+07,
3.111233e+07,
6937595,
6937595,
6937595,
6937595,
6937595,
6222466,
6222466,
6222466,
6222466,
6222466,
1.559008e+08,
1.175448e+08,
3.835596e+07,
2.350897e+07,
2.350897e+07,
2.350897e+07,
2.350897e+07,
2.350897e+07,
7671192,
7671192,
7671192,
7671192,
7671192,
1.520642e+08,
1.141436e+08,
3.792056e+07,
2.282873e+07,
2.282873e+07,
2.282873e+07,
2.282873e+07,
2.282873e+07,
7584111,
7584111,
7584111,
7584111,
7584111,
1.255753e+08,
6.171908e+07,
6.385618e+07,
1.234382e+07,
1.234382e+07,
1.234382e+07,
1.234382e+07,
1.234382e+07,
1.277124e+07,
1.277124e+07,
1.277124e+07,
1.277124e+07,
1.277124e+07,
2.56424e+08,
8.63683e+07,
1.700557e+08,
1.727366e+07,
1.727366e+07,
1.727366e+07,
1.727366e+07,
1.727366e+07,
3.401115e+07,
3.401115e+07,
3.401115e+07,
3.401115e+07,
3.401115e+07,
1.59533e+08,
2.911315e+07,
1.304198e+08,
5822629,
5822629,
5822629,
5822629,
5822629,
2.608397e+07,
2.608397e+07,
2.608397e+07,
2.608397e+07,
2.608397e+07,
4.176075e+07,
2.214013e+07,
1.962062e+07,
4428027,
4428027,
4428027,
4428027,
4428027,
3924125,
3924125,
3924125,
3924125,
3924125,
3.786495e+08,
2.768659e+08,
1.017836e+08,
5.537318e+07,
5.537318e+07,
5.537318e+07,
5.537318e+07,
5.537318e+07,
2.035671e+07,
2.035671e+07,
2.035671e+07,
2.035671e+07,
2.035671e+07,
1.315115e+08,
7.829913e+07,
5.321235e+07,
1.565983e+07,
1.565983e+07,
1.565983e+07,
1.565983e+07,
1.565983e+07,
1.064247e+07,
1.064247e+07,
1.064247e+07,
1.064247e+07,
1.064247e+07,
5.630204e+07,
3.39901e+07,
2.231193e+07,
6798020,
6798020,
6798020,
6798020,
6798020,
4462387,
4462387,
4462387,
4462387,
4462387,
6.675597e+07,
4.371719e+07,
2.303878e+07,
8743438,
8743438,
8743438,
8743438,
8743438,
4607755,
4607755,
4607755,
4607755,
4607755,
5.271539e+07,
2.319252e+07,
2.952288e+07,
4638503,
4638503,
4638503,
4638503,
4638503,
5904575,
5904575,
5904575,
5904575,
5904575,
1.651828e+08,
1.184837e+08,
4.669915e+07,
2.369673e+07,
2.369673e+07,
2.369673e+07,
2.369673e+07,
2.369673e+07,
9339830,
9339830,
9339830,
9339830,
9339830,
1.443788e+08,
8.81787e+07,
5.620005e+07,
1.763574e+07,
1.763574e+07,
1.763574e+07,
1.763574e+07,
1.763574e+07,
1.124001e+07,
1.124001e+07,
1.124001e+07,
1.124001e+07,
1.124001e+07,
9.07574e+08,
2.356552e+08,
6.719188e+08,
4.713104e+07,
4.713104e+07,
4.713104e+07,
4.713104e+07,
4.713104e+07,
1.343838e+08,
1.343838e+08,
1.343838e+08,
1.343838e+08,
1.343838e+08,
6.61437e+07,
4.638153e+07,
1.976217e+07,
9276306,
9276306,
9276306,
9276306,
9276306,
3952433,
3952433,
3952433,
3952433,
3952433,
1.213382e+09,
3.477109e+08,
8.656713e+08,
6.954219e+07,
6.954219e+07,
6.954219e+07,
6.954219e+07,
6.954219e+07,
1.731343e+08,
1.731343e+08,
1.731343e+08,
1.731343e+08,
1.731343e+08,
2.696045e+08,
8.873691e+07,
1.808676e+08,
1.774738e+07,
1.774738e+07,
1.774738e+07,
1.774738e+07,
1.774738e+07,
3.617351e+07,
3.617351e+07,
3.617351e+07,
3.617351e+07,
3.617351e+07,
1.926951e+08,
6.190188e+07,
1.307932e+08,
1.238038e+07,
1.238038e+07,
1.238038e+07,
1.238038e+07,
1.238038e+07,
2.615864e+07,
2.615864e+07,
2.615864e+07,
2.615864e+07,
2.615864e+07,
1.244447e+08,
7.928347e+07,
4.516123e+07,
1.585669e+07,
1.585669e+07,
1.585669e+07,
1.585669e+07,
1.585669e+07,
9032246,
9032246,
9032246,
9032246,
9032246,
2.328333e+07,
1.88633e+07,
4420028,
3772660,
3772660,
3772660,
3772660,
3772660,
884005.5,
884005.5,
884005.5,
884005.5,
884005.5,
2.848164e+08,
6.810454e+07,
2.167118e+08,
1.362091e+07,
1.362091e+07,
1.362091e+07,
1.362091e+07,
1.362091e+07,
4.334236e+07,
4.334236e+07,
4.334236e+07,
4.334236e+07,
4.334236e+07,
8.852742e+07,
2.26388e+07,
6.588863e+07,
4527760,
4527760,
4527760,
4527760,
4527760,
1.317773e+07,
1.317773e+07,
1.317773e+07,
1.317773e+07,
1.317773e+07,
0,
0,
0,
0,
0,
0,
0,
0,
0,
0,
0,
0,
0,
1993, 
2.866817e+07,
2.214266e+07,
6525506,
4428532,
4428532,
4428532,
4428532,
4428532,
1305101,
1305101,
1305101,
1305101,
1305101,
2.587798e+08,
1.978897e+08,
6.08901e+07,
3.957793e+07,
3.957793e+07,
3.957793e+07,
3.957793e+07,
3.957793e+07,
1.217802e+07,
1.217802e+07,
1.217802e+07,
1.217802e+07,
1.217802e+07,
8.664845e+07,
6.289672e+07,
2.375172e+07,
1.257934e+07,
1.257934e+07,
1.257934e+07,
1.257934e+07,
1.257934e+07,
4750345,
4750345,
4750345,
4750345,
4750345,
6.6963e+07,
3.569186e+07,
3.127113e+07,
7138373,
7138373,
7138373,
7138373,
7138373,
6254227,
6254227,
6254227,
6254227,
6254227,
1.584409e+08,
1.206286e+08,
3.781223e+07,
2.412573e+07,
2.412573e+07,
2.412573e+07,
2.412573e+07,
2.412573e+07,
7562447,
7562447,
7562447,
7562447,
7562447,
1.548587e+08,
1.168915e+08,
3.796718e+07,
2.33783e+07,
2.33783e+07,
2.33783e+07,
2.33783e+07,
2.33783e+07,
7593435,
7593435,
7593435,
7593435,
7593435,
1.282606e+08,
6.342063e+07,
6.483994e+07,
1.268413e+07,
1.268413e+07,
1.268413e+07,
1.268413e+07,
1.268413e+07,
1.296799e+07,
1.296799e+07,
1.296799e+07,
1.296799e+07,
1.296799e+07,
2.634978e+08,
9.00153e+07,
1.734825e+08,
1.800306e+07,
1.800306e+07,
1.800306e+07,
1.800306e+07,
1.800306e+07,
3.46965e+07,
3.46965e+07,
3.46965e+07,
3.46965e+07,
3.46965e+07,
1.63891e+08,
3.046856e+07,
1.334225e+08,
6093711,
6093711,
6093711,
6093711,
6093711,
2.668449e+07,
2.668449e+07,
2.668449e+07,
2.668449e+07,
2.668449e+07,
4.252544e+07,
2.275383e+07,
1.977161e+07,
4550767,
4550767,
4550767,
4550767,
4550767,
3954322,
3954322,
3954322,
3954322,
3954322,
3.800939e+08,
2.783986e+08,
1.016954e+08,
5.567972e+07,
5.567972e+07,
5.567972e+07,
5.567972e+07,
5.567972e+07,
2.033907e+07,
2.033907e+07,
2.033907e+07,
2.033907e+07,
2.033907e+07,
1.310938e+08,
7.818635e+07,
5.290746e+07,
1.563727e+07,
1.563727e+07,
1.563727e+07,
1.563727e+07,
1.563727e+07,
1.058149e+07,
1.058149e+07,
1.058149e+07,
1.058149e+07,
1.058149e+07,
5.729601e+07,
3.492478e+07,
2.237123e+07,
6984956,
6984956,
6984956,
6984956,
6984956,
4474246,
4474246,
4474246,
4474246,
4474246,
6.675259e+07,
4.377102e+07,
2.298157e+07,
8754205,
8754205,
8754205,
8754205,
8754205,
4596313,
4596313,
4596313,
4596313,
4596313,
5.332275e+07,
2.327152e+07,
3.005123e+07,
4654305,
4654305,
4654305,
4654305,
4654305,
6010246,
6010246,
6010246,
6010246,
6010246,
1.652222e+08,
1.184578e+08,
4.676448e+07,
2.369155e+07,
2.369155e+07,
2.369155e+07,
2.369155e+07,
2.369155e+07,
9352896,
9352896,
9352896,
9352896,
9352896,
1.479496e+08,
9.09694e+07,
5.69802e+07,
1.819388e+07,
1.819388e+07,
1.819388e+07,
1.819388e+07,
1.819388e+07,
1.139604e+07,
1.139604e+07,
1.139604e+07,
1.139604e+07,
1.139604e+07,
9.263513e+08,
2.424687e+08,
6.838826e+08,
4.849375e+07,
4.849375e+07,
4.849375e+07,
4.849375e+07,
4.849375e+07,
1.367765e+08,
1.367765e+08,
1.367765e+08,
1.367765e+08,
1.367765e+08,
6.670588e+07,
4.717991e+07,
1.952596e+07,
9435982,
9435982,
9435982,
9435982,
9435982,
3905193,
3905193,
3905193,
3905193,
3905193,
1.225722e+09,
3.621195e+08,
8.636027e+08,
7.24239e+07,
7.24239e+07,
7.24239e+07,
7.24239e+07,
7.24239e+07,
1.727205e+08,
1.727205e+08,
1.727205e+08,
1.727205e+08,
1.727205e+08,
2.752171e+08,
9.139593e+07,
1.838212e+08,
1.827919e+07,
1.827919e+07,
1.827919e+07,
1.827919e+07,
1.827919e+07,
3.676423e+07,
3.676423e+07,
3.676423e+07,
3.676423e+07,
3.676423e+07,
1.960289e+08,
6.485572e+07,
1.311732e+08,
1.297114e+07,
1.297114e+07,
1.297114e+07,
1.297114e+07,
1.297114e+07,
2.623463e+07,
2.623463e+07,
2.623463e+07,
2.623463e+07,
2.623463e+07,
1.247796e+08,
7.988165e+07,
4.489794e+07,
1.597633e+07,
1.597633e+07,
1.597633e+07,
1.597633e+07,
1.597633e+07,
8979588,
8979588,
8979588,
8979588,
8979588,
2.35271e+07,
1.909183e+07,
4435271,
3818365,
3818365,
3818365,
3818365,
3818365,
887054.2,
887054.2,
887054.2,
887054.2,
887054.2,
2.928288e+08,
7.081512e+07,
2.220137e+08,
1.416302e+07,
1.416302e+07,
1.416302e+07,
1.416302e+07,
1.416302e+07,
4.440273e+07,
4.440273e+07,
4.440273e+07,
4.440273e+07,
4.440273e+07,
9.084763e+07,
2.375155e+07,
6.709608e+07,
4750311,
4750311,
4750311,
4750311,
4750311,
1.341922e+07,
1.341922e+07,
1.341922e+07,
1.341922e+07,
1.341922e+07,
0,
0,
0,
0,
0,
0,
0,
0,
0,
0,
0,
0,
0,
1994, 
2.898119e+07,
2.244779e+07,
6533403,
4489557,
4489557,
4489557,
4489557,
4489557,
1306681,
1306681,
1306681,
1306681,
1306681,
2.622736e+08,
2.015842e+08,
6.068935e+07,
4.031684e+07,
4.031684e+07,
4.031684e+07,
4.031684e+07,
4.031684e+07,
1.213787e+07,
1.213787e+07,
1.213787e+07,
1.213787e+07,
1.213787e+07,
8.831442e+07,
6.445027e+07,
2.386415e+07,
1.289005e+07,
1.289005e+07,
1.289005e+07,
1.289005e+07,
1.289005e+07,
4772829,
4772829,
4772829,
4772829,
4772829,
6.810623e+07,
3.669884e+07,
3.140738e+07,
7339769,
7339769,
7339769,
7339769,
7339769,
6281477,
6281477,
6281477,
6281477,
6281477,
1.609805e+08,
1.237495e+08,
3.723092e+07,
2.474991e+07,
2.474991e+07,
2.474991e+07,
2.474991e+07,
2.474991e+07,
7446184,
7446184,
7446184,
7446184,
7446184,
1.576539e+08,
1.196634e+08,
3.79905e+07,
2.393268e+07,
2.393268e+07,
2.393268e+07,
2.393268e+07,
2.393268e+07,
7598101,
7598101,
7598101,
7598101,
7598101,
1.308993e+08,
6.511499e+07,
6.57843e+07,
1.3023e+07,
1.3023e+07,
1.3023e+07,
1.3023e+07,
1.3023e+07,
1.315686e+07,
1.315686e+07,
1.315686e+07,
1.315686e+07,
1.315686e+07,
2.713184e+08,
9.398888e+07,
1.773296e+08,
1.879778e+07,
1.879778e+07,
1.879778e+07,
1.879778e+07,
1.879778e+07,
3.546591e+07,
3.546591e+07,
3.546591e+07,
3.546591e+07,
3.546591e+07,
1.675141e+08,
3.171463e+07,
1.357995e+08,
6342925,
6342925,
6342925,
6342925,
6342925,
2.71599e+07,
2.71599e+07,
2.71599e+07,
2.71599e+07,
2.71599e+07,
4.326798e+07,
2.336307e+07,
1.990492e+07,
4672613,
4672613,
4672613,
4672613,
4672613,
3980983,
3980983,
3980983,
3980983,
3980983,
3.813854e+08,
2.798226e+08,
1.015628e+08,
5.596452e+07,
5.596452e+07,
5.596452e+07,
5.596452e+07,
5.596452e+07,
2.031257e+07,
2.031257e+07,
2.031257e+07,
2.031257e+07,
2.031257e+07,
1.308149e+08,
7.815558e+07,
5.265928e+07,
1.563112e+07,
1.563112e+07,
1.563112e+07,
1.563112e+07,
1.563112e+07,
1.053186e+07,
1.053186e+07,
1.053186e+07,
1.053186e+07,
1.053186e+07,
5.831024e+07,
3.588354e+07,
2.24267e+07,
7176708,
7176708,
7176708,
7176708,
7176708,
4485341,
4485341,
4485341,
4485341,
4485341,
6.644528e+07,
4.36253e+07,
2.281997e+07,
8725059,
8725059,
8725059,
8725059,
8725059,
4563995,
4563995,
4563995,
4563995,
4563995,
5.377981e+07,
2.328118e+07,
3.049863e+07,
4656236,
4656236,
4656236,
4656236,
4656236,
6099726,
6099726,
6099726,
6099726,
6099726,
1.650226e+08,
1.182605e+08,
4.67621e+07,
2.36521e+07,
2.36521e+07,
2.36521e+07,
2.36521e+07,
2.36521e+07,
9352420,
9352420,
9352420,
9352420,
9352420,
1.513027e+08,
9.365473e+07,
5.764793e+07,
1.873095e+07,
1.873095e+07,
1.873095e+07,
1.873095e+07,
1.873095e+07,
1.152959e+07,
1.152959e+07,
1.152959e+07,
1.152959e+07,
1.152959e+07,
9.45262e+08,
2.49396e+08,
6.95866e+08,
4.987921e+07,
4.987921e+07,
4.987921e+07,
4.987921e+07,
4.987921e+07,
1.391732e+08,
1.391732e+08,
1.391732e+08,
1.391732e+08,
1.391732e+08,
6.7271e+07,
4.79872e+07,
1.92838e+07,
9597441,
9597441,
9597441,
9597441,
9597441,
3856760,
3856760,
3856760,
3856760,
3856760,
1.237439e+09,
3.765573e+08,
8.608818e+08,
7.531146e+07,
7.531146e+07,
7.531146e+07,
7.531146e+07,
7.531146e+07,
1.721764e+08,
1.721764e+08,
1.721764e+08,
1.721764e+08,
1.721764e+08,
2.806692e+08,
9.403429e+07,
1.866349e+08,
1.880686e+07,
1.880686e+07,
1.880686e+07,
1.880686e+07,
1.880686e+07,
3.732698e+07,
3.732698e+07,
3.732698e+07,
3.732698e+07,
3.732698e+07,
1.993802e+08,
6.787959e+07,
1.315006e+08,
1.357592e+07,
1.357592e+07,
1.357592e+07,
1.357592e+07,
1.357592e+07,
2.630013e+07,
2.630013e+07,
2.630013e+07,
2.630013e+07,
2.630013e+07,
1.251193e+08,
8.048497e+07,
4.46343e+07,
1.609699e+07,
1.609699e+07,
1.609699e+07,
1.609699e+07,
1.609699e+07,
8926860,
8926860,
8926860,
8926860,
8926860,
2.3781e+07,
1.932923e+07,
4451767,
3865846,
3865846,
3865846,
3865846,
3865846,
890353.4,
890353.4,
890353.4,
890353.4,
890353.4,
3.008956e+08,
7.358247e+07,
2.273131e+08,
1.471649e+07,
1.471649e+07,
1.471649e+07,
1.471649e+07,
1.471649e+07,
4.546262e+07,
4.546262e+07,
4.546262e+07,
4.546262e+07,
4.546262e+07,
9.336422e+07,
2.494331e+07,
6.84209e+07,
4988661,
4988661,
4988661,
4988661,
4988661,
1.368418e+07,
1.368418e+07,
1.368418e+07,
1.368418e+07,
1.368418e+07,
0,
0,
0,
0,
0,
0,
0,
0,
0,
0,
0,
0,
0,
1995, 
2.928942e+07,
2.275056e+07,
6538864,
4550112,
4550112,
4550112,
4550112,
4550112,
1307773,
1307773,
1307773,
1307773,
1307773,
2.656606e+08,
2.052235e+08,
6.043705e+07,
4.10447e+07,
4.10447e+07,
4.10447e+07,
4.10447e+07,
4.10447e+07,
1.208741e+07,
1.208741e+07,
1.208741e+07,
1.208741e+07,
1.208741e+07,
8.996958e+07,
6.600888e+07,
2.39607e+07,
1.320178e+07,
1.320178e+07,
1.320178e+07,
1.320178e+07,
1.320178e+07,
4792139,
4792139,
4792139,
4792139,
4792139,
6.924025e+07,
3.771416e+07,
3.152609e+07,
7542831,
7542831,
7542831,
7542831,
7542831,
6305218,
6305218,
6305218,
6305218,
6305218,
1.635153e+08,
1.269042e+08,
3.661108e+07,
2.538085e+07,
2.538085e+07,
2.538085e+07,
2.538085e+07,
2.538085e+07,
7322217,
7322217,
7322217,
7322217,
7322217,
1.604281e+08,
1.224427e+08,
3.798538e+07,
2.448854e+07,
2.448854e+07,
2.448854e+07,
2.448854e+07,
2.448854e+07,
7597077,
7597077,
7597077,
7597077,
7597077,
1.334795e+08,
6.679578e+07,
6.668373e+07,
1.335916e+07,
1.335916e+07,
1.335916e+07,
1.335916e+07,
1.335916e+07,
1.333675e+07,
1.333675e+07,
1.333675e+07,
1.333675e+07,
1.333675e+07,
2.792804e+08,
9.808718e+07,
1.811932e+08,
1.961744e+07,
1.961744e+07,
1.961744e+07,
1.961744e+07,
1.961744e+07,
3.623864e+07,
3.623864e+07,
3.623864e+07,
3.623864e+07,
3.623864e+07,
1.715596e+08,
3.306687e+07,
1.384928e+08,
6613374,
6613374,
6613374,
6613374,
6613374,
2.769855e+07,
2.769855e+07,
2.769855e+07,
2.769855e+07,
2.769855e+07,
4.398608e+07,
2.396626e+07,
2.001983e+07,
4793252,
4793252,
4793252,
4793252,
4793252,
4003965,
4003965,
4003965,
4003965,
4003965,
3.82578e+08,
2.811772e+08,
1.014008e+08,
5.623543e+07,
5.623543e+07,
5.623543e+07,
5.623543e+07,
5.623543e+07,
2.028016e+07,
2.028016e+07,
2.028016e+07,
2.028016e+07,
2.028016e+07,
1.306072e+08,
7.816688e+07,
5.244028e+07,
1.563338e+07,
1.563338e+07,
1.563338e+07,
1.563338e+07,
1.563338e+07,
1.048806e+07,
1.048806e+07,
1.048806e+07,
1.048806e+07,
1.048806e+07,
5.930549e+07,
3.684235e+07,
2.246314e+07,
7368471,
7368471,
7368471,
7368471,
7368471,
4492628,
4492628,
4492628,
4492628,
4492628,
6.598419e+07,
4.337797e+07,
2.260622e+07,
8675594,
8675594,
8675594,
8675594,
8675594,
4521244,
4521244,
4521244,
4521244,
4521244,
5.419978e+07,
2.327169e+07,
3.092809e+07,
4654338,
4654338,
4654338,
4654338,
4654338,
6185619,
6185619,
6185619,
6185619,
6185619,
1.646472e+08,
1.179375e+08,
4.670973e+07,
2.35875e+07,
2.35875e+07,
2.35875e+07,
2.35875e+07,
2.35875e+07,
9341946,
9341946,
9341946,
9341946,
9341946,
1.54959e+08,
9.655666e+07,
5.840231e+07,
1.931133e+07,
1.931133e+07,
1.931133e+07,
1.931133e+07,
1.931133e+07,
1.168046e+07,
1.168046e+07,
1.168046e+07,
1.168046e+07,
1.168046e+07,
9.642791e+08,
2.564308e+08,
7.078484e+08,
5.128615e+07,
5.128615e+07,
5.128615e+07,
5.128615e+07,
5.128615e+07,
1.415697e+08,
1.415697e+08,
1.415697e+08,
1.415697e+08,
1.415697e+08,
6.777895e+07,
4.876022e+07,
1.901874e+07,
9752043,
9752043,
9752043,
9752043,
9752043,
3803749,
3803749,
3803749,
3803749,
3803749,
1.248571e+09,
3.910198e+08,
8.575513e+08,
7.820395e+07,
7.820395e+07,
7.820395e+07,
7.820395e+07,
7.820395e+07,
1.715103e+08,
1.715103e+08,
1.715103e+08,
1.715103e+08,
1.715103e+08,
2.859606e+08,
9.665052e+07,
1.893101e+08,
1.93301e+07,
1.93301e+07,
1.93301e+07,
1.93301e+07,
1.93301e+07,
3.786202e+07,
3.786202e+07,
3.786202e+07,
3.786202e+07,
3.786202e+07,
2.027566e+08,
7.097658e+07,
1.3178e+08,
1.419532e+07,
1.419532e+07,
1.419532e+07,
1.419532e+07,
1.419532e+07,
2.6356e+07,
2.6356e+07,
2.6356e+07,
2.6356e+07,
2.6356e+07,
1.25434e+08,
8.107425e+07,
4.435972e+07,
1.621485e+07,
1.621485e+07,
1.621485e+07,
1.621485e+07,
1.621485e+07,
8871945,
8871945,
8871945,
8871945,
8871945,
2.406287e+07,
1.959007e+07,
4472793,
3918015,
3918015,
3918015,
3918015,
3918015,
894558.5,
894558.5,
894558.5,
894558.5,
894558.5,
3.085986e+08,
7.63037e+07,
2.322949e+08,
1.526074e+07,
1.526074e+07,
1.526074e+07,
1.526074e+07,
1.526074e+07,
4.645898e+07,
4.645898e+07,
4.645898e+07,
4.645898e+07,
4.645898e+07,
9.58948e+07,
2.616765e+07,
6.972714e+07,
5233531,
5233531,
5233531,
5233531,
5233531,
1.394543e+07,
1.394543e+07,
1.394543e+07,
1.394543e+07,
1.394543e+07,
0,
0,
0,
0,
0,
0,
0,
0,
0,
0,
0,
0,
0,
1996, 
2.959385e+07,
2.309374e+07,
6500111,
4618747,
4618747,
4618747,
4618747,
4618747,
1300022,
1300022,
1300022,
1300022,
1300022,
2.689844e+08,
2.087804e+08,
6.02039e+07,
4.175609e+07,
4.175609e+07,
4.175609e+07,
4.175609e+07,
4.175609e+07,
1.204078e+07,
1.204078e+07,
1.204078e+07,
1.204078e+07,
1.204078e+07,
9.158655e+07,
6.744324e+07,
2.414331e+07,
1.348865e+07,
1.348865e+07,
1.348865e+07,
1.348865e+07,
1.348865e+07,
4828663,
4828663,
4828663,
4828663,
4828663,
7.035969e+07,
3.868304e+07,
3.167665e+07,
7736607,
7736607,
7736607,
7736607,
7736607,
6335331,
6335331,
6335331,
6335331,
6335331,
1.660371e+08,
1.300509e+08,
3.598622e+07,
2.601018e+07,
2.601018e+07,
2.601018e+07,
2.601018e+07,
2.601018e+07,
7197244,
7197244,
7197244,
7197244,
7197244,
1.631593e+08,
1.251189e+08,
3.804045e+07,
2.502378e+07,
2.502378e+07,
2.502378e+07,
2.502378e+07,
2.502378e+07,
7608091,
7608091,
7608091,
7608091,
7608091,
1.360193e+08,
6.840774e+07,
6.761156e+07,
1.368155e+07,
1.368155e+07,
1.368155e+07,
1.368155e+07,
1.368155e+07,
1.352231e+07,
1.352231e+07,
1.352231e+07,
1.352231e+07,
1.352231e+07,
2.864544e+08,
1.021304e+08,
1.84324e+08,
2.042608e+07,
2.042608e+07,
2.042608e+07,
2.042608e+07,
2.042608e+07,
3.686479e+07,
3.686479e+07,
3.686479e+07,
3.686479e+07,
3.686479e+07,
1.773357e+08,
3.46593e+07,
1.426764e+08,
6931860,
6931860,
6931860,
6931860,
6931860,
2.853528e+07,
2.853528e+07,
2.853528e+07,
2.853528e+07,
2.853528e+07,
4.46616e+07,
2.454914e+07,
2.011246e+07,
4909829,
4909829,
4909829,
4909829,
4909829,
4022492,
4022492,
4022492,
4022492,
4022492,
3.837012e+08,
2.825523e+08,
1.011489e+08,
5.651045e+07,
5.651045e+07,
5.651045e+07,
5.651045e+07,
5.651045e+07,
2.022979e+07,
2.022979e+07,
2.022979e+07,
2.022979e+07,
2.022979e+07,
1.304767e+08,
7.810251e+07,
5.237416e+07,
1.56205e+07,
1.56205e+07,
1.56205e+07,
1.56205e+07,
1.56205e+07,
1.047483e+07,
1.047483e+07,
1.047483e+07,
1.047483e+07,
1.047483e+07,
6.029378e+07,
3.777201e+07,
2.252178e+07,
7554402,
7554402,
7554402,
7554402,
7554402,
4504356,
4504356,
4504356,
4504356,
4504356,
6.548276e+07,
4.309809e+07,
2.238467e+07,
8619618,
8619618,
8619618,
8619618,
8619618,
4476934,
4476934,
4476934,
4476934,
4476934,
5.461345e+07,
2.33231e+07,
3.129035e+07,
4664620,
4664620,
4664620,
4664620,
4664620,
6258071,
6258071,
6258071,
6258071,
6258071,
1.642427e+08,
1.175974e+08,
4.66453e+07,
2.351948e+07,
2.351948e+07,
2.351948e+07,
2.351948e+07,
2.351948e+07,
9329060,
9329060,
9329060,
9329060,
9329060,
1.586086e+08,
9.944969e+07,
5.915895e+07,
1.988994e+07,
1.988994e+07,
1.988994e+07,
1.988994e+07,
1.988994e+07,
1.183179e+07,
1.183179e+07,
1.183179e+07,
1.183179e+07,
1.183179e+07,
9.832812e+08,
2.635921e+08,
7.196891e+08,
5.271842e+07,
5.271842e+07,
5.271842e+07,
5.271842e+07,
5.271842e+07,
1.439378e+08,
1.439378e+08,
1.439378e+08,
1.439378e+08,
1.439378e+08,
6.827451e+07,
4.924837e+07,
1.902614e+07,
9849674,
9849674,
9849674,
9849674,
9849674,
3805229,
3805229,
3805229,
3805229,
3805229,
1.259006e+09,
4.064626e+08,
8.525434e+08,
8.129251e+07,
8.129251e+07,
8.129251e+07,
8.129251e+07,
8.129251e+07,
1.705087e+08,
1.705087e+08,
1.705087e+08,
1.705087e+08,
1.705087e+08,
2.912308e+08,
9.953178e+07,
1.916991e+08,
1.990636e+07,
1.990636e+07,
1.990636e+07,
1.990636e+07,
1.990636e+07,
3.833982e+07,
3.833982e+07,
3.833982e+07,
3.833982e+07,
3.833982e+07,
2.061597e+08,
7.473365e+07,
1.31426e+08,
1.494673e+07,
1.494673e+07,
1.494673e+07,
1.494673e+07,
1.494673e+07,
2.628521e+07,
2.628521e+07,
2.628521e+07,
2.628521e+07,
2.628521e+07,
1.257262e+08,
8.140923e+07,
4.431699e+07,
1.628185e+07,
1.628185e+07,
1.628185e+07,
1.628185e+07,
1.628185e+07,
8863398,
8863398,
8863398,
8863398,
8863398,
2.435969e+07,
1.987457e+07,
4485120,
3974913,
3974913,
3974913,
3974913,
3974913,
897024,
897024,
897024,
897024,
897024,
3.161261e+08,
7.913634e+07,
2.369897e+08,
1.582727e+07,
1.582727e+07,
1.582727e+07,
1.582727e+07,
1.582727e+07,
4.739795e+07,
4.739795e+07,
4.739795e+07,
4.739795e+07,
4.739795e+07,
9.815527e+07,
2.724805e+07,
7.090722e+07,
5449610,
5449610,
5449610,
5449610,
5449610,
1.418145e+07,
1.418145e+07,
1.418145e+07,
1.418145e+07,
1.418145e+07,
0,
0,
0,
0,
0,
0,
0,
0,
0,
0,
0,
0,
0,
1997, 
2.988275e+07,
2.342694e+07,
6455810,
4685389,
4685389,
4685389,
4685389,
4685389,
1291162,
1291162,
1291162,
1291162,
1291162,
2.723955e+08,
2.124299e+08,
5.996553e+07,
4.248598e+07,
4.248598e+07,
4.248598e+07,
4.248598e+07,
4.248598e+07,
1.199311e+07,
1.199311e+07,
1.199311e+07,
1.199311e+07,
1.199311e+07,
9.318309e+07,
6.887126e+07,
2.431184e+07,
1.377425e+07,
1.377425e+07,
1.377425e+07,
1.377425e+07,
1.377425e+07,
4862368,
4862368,
4862368,
4862368,
4862368,
7.146928e+07,
3.965788e+07,
3.18114e+07,
7931575,
7931575,
7931575,
7931575,
7931575,
6362281,
6362281,
6362281,
6362281,
6362281,
1.685467e+08,
1.33224e+08,
3.532267e+07,
2.664481e+07,
2.664481e+07,
2.664481e+07,
2.664481e+07,
2.664481e+07,
7064534,
7064534,
7064534,
7064534,
7064534,
1.658644e+08,
1.277947e+08,
3.80697e+07,
2.555895e+07,
2.555895e+07,
2.555895e+07,
2.555895e+07,
2.555895e+07,
7613941,
7613941,
7613941,
7613941,
7613941,
1.385593e+08,
7.003254e+07,
6.852674e+07,
1.400651e+07,
1.400651e+07,
1.400651e+07,
1.400651e+07,
1.400651e+07,
1.370535e+07,
1.370535e+07,
1.370535e+07,
1.370535e+07,
1.370535e+07,
2.936729e+08,
1.062661e+08,
1.874069e+08,
2.125321e+07,
2.125321e+07,
2.125321e+07,
2.125321e+07,
2.125321e+07,
3.748138e+07,
3.748138e+07,
3.748138e+07,
3.748138e+07,
3.748138e+07,
1.830988e+08,
3.628039e+07,
1.468184e+08,
7256078,
7256078,
7256078,
7256078,
7256078,
2.936368e+07,
2.936368e+07,
2.936368e+07,
2.936368e+07,
2.936368e+07,
4.528505e+07,
2.510966e+07,
2.017539e+07,
5021931,
5021931,
5021931,
5021931,
5021931,
4035079,
4035079,
4035079,
4035079,
4035079,
3.848255e+08,
2.839313e+08,
1.008941e+08,
5.678626e+07,
5.678626e+07,
5.678626e+07,
5.678626e+07,
5.678626e+07,
2.017882e+07,
2.017882e+07,
2.017882e+07,
2.017882e+07,
2.017882e+07,
1.302914e+08,
7.800528e+07,
5.228606e+07,
1.560106e+07,
1.560106e+07,
1.560106e+07,
1.560106e+07,
1.560106e+07,
1.045721e+07,
1.045721e+07,
1.045721e+07,
1.045721e+07,
1.045721e+07,
6.127743e+07,
3.870907e+07,
2.256835e+07,
7741815,
7741815,
7741815,
7741815,
7741815,
4513671,
4513671,
4513671,
4513671,
4513671,
6.496406e+07,
4.280607e+07,
2.2158e+07,
8561214,
8561214,
8561214,
8561214,
8561214,
4431600,
4431600,
4431600,
4431600,
4431600,
5.491685e+07,
2.332575e+07,
3.159109e+07,
4665151,
4665151,
4665151,
4665151,
4665151,
6318219,
6318219,
6318219,
6318219,
6318219,
1.638515e+08,
1.172671e+08,
4.658442e+07,
2.345341e+07,
2.345341e+07,
2.345341e+07,
2.345341e+07,
2.345341e+07,
9316885,
9316885,
9316885,
9316885,
9316885,
1.623505e+08,
1.024294e+08,
5.992112e+07,
2.048587e+07,
2.048587e+07,
2.048587e+07,
2.048587e+07,
2.048587e+07,
1.198422e+07,
1.198422e+07,
1.198422e+07,
1.198422e+07,
1.198422e+07,
1.002335e+09,
2.70849e+08,
7.314862e+08,
5.41698e+07,
5.41698e+07,
5.41698e+07,
5.41698e+07,
5.41698e+07,
1.462972e+08,
1.462972e+08,
1.462972e+08,
1.462972e+08,
1.462972e+08,
6.878977e+07,
4.975268e+07,
1.903709e+07,
9950535,
9950535,
9950535,
9950535,
9950535,
3807418,
3807418,
3807418,
3807418,
3807418,
1.268801e+09,
4.218944e+08,
8.469066e+08,
8.437887e+07,
8.437887e+07,
8.437887e+07,
8.437887e+07,
8.437887e+07,
1.693813e+08,
1.693813e+08,
1.693813e+08,
1.693813e+08,
1.693813e+08,
2.964871e+08,
1.02448e+08,
1.940391e+08,
2.04896e+07,
2.04896e+07,
2.04896e+07,
2.04896e+07,
2.04896e+07,
3.880781e+07,
3.880781e+07,
3.880781e+07,
3.880781e+07,
3.880781e+07,
2.095884e+08,
7.858505e+07,
1.310034e+08,
1.571701e+07,
1.571701e+07,
1.571701e+07,
1.571701e+07,
1.571701e+07,
2.620068e+07,
2.620068e+07,
2.620068e+07,
2.620068e+07,
2.620068e+07,
1.26028e+08,
8.175107e+07,
4.427691e+07,
1.635021e+07,
1.635021e+07,
1.635021e+07,
1.635021e+07,
1.635021e+07,
8855382,
8855382,
8855382,
8855382,
8855382,
2.464302e+07,
2.014908e+07,
4493944,
4029816,
4029816,
4029816,
4029816,
4029816,
898788.8,
898788.8,
898788.8,
898788.8,
898788.8,
3.236728e+08,
8.202011e+07,
2.416527e+08,
1.640402e+07,
1.640402e+07,
1.640402e+07,
1.640402e+07,
1.640402e+07,
4.833053e+07,
4.833053e+07,
4.833053e+07,
4.833053e+07,
4.833053e+07,
1.004629e+08,
2.83631e+07,
7.209976e+07,
5672619,
5672619,
5672619,
5672619,
5672619,
1.441995e+07,
1.441995e+07,
1.441995e+07,
1.441995e+07,
1.441995e+07,
0,
0,
0,
0,
0,
0,
0,
0,
0,
0,
0,
0,
0,
1998, 
3.014481e+07,
2.374109e+07,
6403723,
4748218,
4748218,
4748218,
4748218,
4748218,
1280745,
1280745,
1280745,
1280745,
1280745,
2.75835e+08,
2.161268e+08,
5.970823e+07,
4.322536e+07,
4.322536e+07,
4.322536e+07,
4.322536e+07,
4.322536e+07,
1.194165e+07,
1.194165e+07,
1.194165e+07,
1.194165e+07,
1.194165e+07,
9.476729e+07,
7.029875e+07,
2.446853e+07,
1.405975e+07,
1.405975e+07,
1.405975e+07,
1.405975e+07,
1.405975e+07,
4893707,
4893707,
4893707,
4893707,
4893707,
7.256545e+07,
4.063652e+07,
3.192892e+07,
8127305,
8127305,
8127305,
8127305,
8127305,
6385784,
6385784,
6385784,
6385784,
6385784,
1.710398e+08,
1.3642e+08,
3.461983e+07,
2.7284e+07,
2.7284e+07,
2.7284e+07,
2.7284e+07,
2.7284e+07,
6923966,
6923966,
6923966,
6923966,
6923966,
1.685402e+08,
1.304675e+08,
3.807273e+07,
2.60935e+07,
2.60935e+07,
2.60935e+07,
2.60935e+07,
2.60935e+07,
7614546,
7614546,
7614546,
7614546,
7614546,
1.410652e+08,
7.165276e+07,
6.941244e+07,
1.433055e+07,
1.433055e+07,
1.433055e+07,
1.433055e+07,
1.433055e+07,
1.388249e+07,
1.388249e+07,
1.388249e+07,
1.388249e+07,
1.388249e+07,
3.015182e+08,
1.107086e+08,
1.908096e+08,
2.214172e+07,
2.214172e+07,
2.214172e+07,
2.214172e+07,
2.214172e+07,
3.816192e+07,
3.816192e+07,
3.816192e+07,
3.816192e+07,
3.816192e+07,
1.883679e+08,
3.78334e+07,
1.505345e+08,
7566679,
7566679,
7566679,
7566679,
7566679,
3.010691e+07,
3.010691e+07,
3.010691e+07,
3.010691e+07,
3.010691e+07,
4.585216e+07,
2.564466e+07,
2.020751e+07,
5128932,
5128932,
5128932,
5128932,
5128932,
4041502,
4041502,
4041502,
4041502,
4041502,
3.859401e+08,
2.853065e+08,
1.006336e+08,
5.70613e+07,
5.70613e+07,
5.70613e+07,
5.70613e+07,
5.70613e+07,
2.012671e+07,
2.012671e+07,
2.012671e+07,
2.012671e+07,
2.012671e+07,
1.298439e+08,
7.775106e+07,
5.209284e+07,
1.555021e+07,
1.555021e+07,
1.555021e+07,
1.555021e+07,
1.555021e+07,
1.041857e+07,
1.041857e+07,
1.041857e+07,
1.041857e+07,
1.041857e+07,
6.22422e+07,
3.964442e+07,
2.259778e+07,
7928885,
7928885,
7928885,
7928885,
7928885,
4519556,
4519556,
4519556,
4519556,
4519556,
6.445687e+07,
4.252085e+07,
2.193603e+07,
8504170,
8504170,
8504170,
8504170,
8504170,
4387205,
4387205,
4387205,
4387205,
4387205,
5.512976e+07,
2.328879e+07,
3.184098e+07,
4657758,
4657758,
4657758,
4657758,
4657758,
6368195,
6368195,
6368195,
6368195,
6368195,
1.634728e+08,
1.169459e+08,
4.652686e+07,
2.338918e+07,
2.338918e+07,
2.338918e+07,
2.338918e+07,
2.338918e+07,
9305372,
9305372,
9305372,
9305372,
9305372,
1.662136e+08,
1.055152e+08,
6.069841e+07,
2.110305e+07,
2.110305e+07,
2.110305e+07,
2.110305e+07,
2.110305e+07,
1.213968e+07,
1.213968e+07,
1.213968e+07,
1.213968e+07,
1.213968e+07,
1.021435e+09,
2.781999e+08,
7.432346e+08,
5.563999e+07,
5.563999e+07,
5.563999e+07,
5.563999e+07,
5.563999e+07,
1.486469e+08,
1.486469e+08,
1.486469e+08,
1.486469e+08,
1.486469e+08,
6.92739e+07,
5.02364e+07,
1.903749e+07,
1.004728e+07,
1.004728e+07,
1.004728e+07,
1.004728e+07,
1.004728e+07,
3807498,
3807498,
3807498,
3807498,
3807498,
1.27812e+09,
4.373528e+08,
8.40767e+08,
8.747055e+07,
8.747055e+07,
8.747055e+07,
8.747055e+07,
8.747055e+07,
1.681534e+08,
1.681534e+08,
1.681534e+08,
1.681534e+08,
1.681534e+08,
3.016501e+08,
1.053714e+08,
1.962787e+08,
2.107429e+07,
2.107429e+07,
2.107429e+07,
2.107429e+07,
2.107429e+07,
3.925574e+07,
3.925574e+07,
3.925574e+07,
3.925574e+07,
3.925574e+07,
2.129943e+08,
8.251293e+07,
1.304814e+08,
1.650259e+07,
1.650259e+07,
1.650259e+07,
1.650259e+07,
1.650259e+07,
2.609628e+07,
2.609628e+07,
2.609628e+07,
2.609628e+07,
2.609628e+07,
1.263084e+08,
8.207974e+07,
4.422865e+07,
1.641595e+07,
1.641595e+07,
1.641595e+07,
1.641595e+07,
1.641595e+07,
8845730,
8845730,
8845730,
8845730,
8845730,
2.490782e+07,
2.04094e+07,
4498424,
4081880,
4081880,
4081880,
4081880,
4081880,
899684.7,
899684.7,
899684.7,
899684.7,
899684.7,
3.314148e+08,
8.500034e+07,
2.464144e+08,
1.700007e+07,
1.700007e+07,
1.700007e+07,
1.700007e+07,
1.700007e+07,
4.928289e+07,
4.928289e+07,
4.928289e+07,
4.928289e+07,
4.928289e+07,
1.029523e+08,
2.955213e+07,
7.340013e+07,
5910425,
5910425,
5910425,
5910425,
5910425,
1.468003e+07,
1.468003e+07,
1.468003e+07,
1.468003e+07,
1.468003e+07,
0,
0,
0,
0,
0,
0,
0,
0,
0,
0,
0,
0,
0,
1999, 
3.039978e+07,
2.405151e+07,
6348264,
4810303,
4810303,
4810303,
4810303,
4810303,
1269653,
1269653,
1269653,
1269653,
1269653,
2.791816e+08,
2.197757e+08,
5.940584e+07,
4.395515e+07,
4.395515e+07,
4.395515e+07,
4.395515e+07,
4.395515e+07,
1.188117e+07,
1.188117e+07,
1.188117e+07,
1.188117e+07,
1.188117e+07,
9.633481e+07,
7.172242e+07,
2.461238e+07,
1.434448e+07,
1.434448e+07,
1.434448e+07,
1.434448e+07,
1.434448e+07,
4922477,
4922477,
4922477,
4922477,
4922477,
7.365019e+07,
4.161992e+07,
3.203028e+07,
8323983,
8323983,
8323983,
8323983,
8323983,
6406056,
6406056,
6406056,
6406056,
6406056,
1.734863e+08,
1.396141e+08,
3.387216e+07,
2.792283e+07,
2.792283e+07,
2.792283e+07,
2.792283e+07,
2.792283e+07,
6774431,
6774431,
6774431,
6774431,
6774431,
1.711764e+08,
1.331288e+08,
3.804752e+07,
2.662577e+07,
2.662577e+07,
2.662577e+07,
2.662577e+07,
2.662577e+07,
7609505,
7609505,
7609505,
7609505,
7609505,
1.435343e+08,
7.326677e+07,
7.026754e+07,
1.465335e+07,
1.465335e+07,
1.465335e+07,
1.465335e+07,
1.465335e+07,
1.405351e+07,
1.405351e+07,
1.405351e+07,
1.405351e+07,
1.405351e+07,
3.097661e+08,
1.153846e+08,
1.943815e+08,
2.307692e+07,
2.307692e+07,
2.307692e+07,
2.307692e+07,
2.307692e+07,
3.88763e+07,
3.88763e+07,
3.88763e+07,
3.88763e+07,
3.88763e+07,
1.93773e+08,
3.944256e+07,
1.543304e+08,
7888513,
7888513,
7888513,
7888513,
7888513,
3.086609e+07,
3.086609e+07,
3.086609e+07,
3.086609e+07,
3.086609e+07,
4.636468e+07,
2.615432e+07,
2.021037e+07,
5230864,
5230864,
5230864,
5230864,
5230864,
4042073,
4042073,
4042073,
4042073,
4042073,
3.870484e+08,
2.866802e+08,
1.003682e+08,
5.733604e+07,
5.733604e+07,
5.733604e+07,
5.733604e+07,
5.733604e+07,
2.007364e+07,
2.007364e+07,
2.007364e+07,
2.007364e+07,
2.007364e+07,
1.292644e+08,
7.741764e+07,
5.184674e+07,
1.548353e+07,
1.548353e+07,
1.548353e+07,
1.548353e+07,
1.548353e+07,
1.036935e+07,
1.036935e+07,
1.036935e+07,
1.036935e+07,
1.036935e+07,
6.318562e+07,
4.057616e+07,
2.260946e+07,
8115232,
8115232,
8115232,
8115232,
8115232,
4521891,
4521891,
4521891,
4521891,
4521891,
6.393234e+07,
4.22234e+07,
2.170893e+07,
8444681,
8444681,
8444681,
8444681,
8444681,
4341787,
4341787,
4341787,
4341787,
4341787,
5.542852e+07,
2.32869e+07,
3.214162e+07,
4657379,
4657379,
4657379,
4657379,
4657379,
6428324,
6428324,
6428324,
6428324,
6428324,
1.630384e+08,
1.165852e+08,
4.645319e+07,
2.331703e+07,
2.331703e+07,
2.331703e+07,
2.331703e+07,
2.331703e+07,
9290638,
9290638,
9290638,
9290638,
9290638,
1.701533e+08,
1.086801e+08,
6.147316e+07,
2.173603e+07,
2.173603e+07,
2.173603e+07,
2.173603e+07,
2.173603e+07,
1.229463e+07,
1.229463e+07,
1.229463e+07,
1.229463e+07,
1.229463e+07,
1.0405e+09,
2.856235e+08,
7.548765e+08,
5.71247e+07,
5.71247e+07,
5.71247e+07,
5.71247e+07,
5.71247e+07,
1.509753e+08,
1.509753e+08,
1.509753e+08,
1.509753e+08,
1.509753e+08,
6.972494e+07,
5.069794e+07,
1.9027e+07,
1.013959e+07,
1.013959e+07,
1.013959e+07,
1.013959e+07,
1.013959e+07,
3805399,
3805399,
3805399,
3805399,
3805399,
1.286986e+09,
4.528322e+08,
8.341542e+08,
9.056645e+07,
9.056645e+07,
9.056645e+07,
9.056645e+07,
9.056645e+07,
1.668308e+08,
1.668308e+08,
1.668308e+08,
1.668308e+08,
1.668308e+08,
3.06625e+08,
1.082674e+08,
1.983576e+08,
2.165348e+07,
2.165348e+07,
2.165348e+07,
2.165348e+07,
2.165348e+07,
3.967152e+07,
3.967152e+07,
3.967152e+07,
3.967152e+07,
3.967152e+07,
2.163183e+08,
8.649283e+07,
1.298255e+08,
1.729857e+07,
1.729857e+07,
1.729857e+07,
1.729857e+07,
1.729857e+07,
2.596509e+07,
2.596509e+07,
2.596509e+07,
2.596509e+07,
2.596509e+07,
1.265551e+08,
8.23871e+07,
4.416797e+07,
1.647742e+07,
1.647742e+07,
1.647742e+07,
1.647742e+07,
1.647742e+07,
8833594,
8833594,
8833594,
8833594,
8833594,
2.516982e+07,
2.066835e+07,
4501471,
4133671,
4133671,
4133671,
4133671,
4133671,
900294.1,
900294.1,
900294.1,
900294.1,
900294.1,
3.393748e+08,
8.808476e+07,
2.5129e+08,
1.761695e+07,
1.761695e+07,
1.761695e+07,
1.761695e+07,
1.761695e+07,
5.025801e+07,
5.025801e+07,
5.025801e+07,
5.025801e+07,
5.025801e+07,
1.055025e+08,
3.078243e+07,
7.472009e+07,
6156486,
6156486,
6156486,
6156486,
6156486,
1.494402e+07,
1.494402e+07,
1.494402e+07,
1.494402e+07,
1.494402e+07,
0,
0,
0,
0,
0,
0,
0,
0,
0,
0,
0,
0,
0,
2000, 
3.068331e+07,
2.438648e+07,
6296830,
4877297,
4877297,
4877297,
4877297,
4877297,
1259366,
1259366,
1259366,
1259366,
1259366,
2.823986e+08,
2.233468e+08,
5.905174e+07,
4.466937e+07,
4.466937e+07,
4.466937e+07,
4.466937e+07,
4.466937e+07,
1.181035e+07,
1.181035e+07,
1.181035e+07,
1.181035e+07,
1.181035e+07,
9.787344e+07,
7.313299e+07,
2.474045e+07,
1.46266e+07,
1.46266e+07,
1.46266e+07,
1.46266e+07,
1.46266e+07,
4948090,
4948090,
4948090,
4948090,
4948090,
7.471477e+07,
4.260288e+07,
3.21119e+07,
8520575,
8520575,
8520575,
8520575,
8520575,
6422379,
6422379,
6422379,
6422379,
6422379,
1.758737e+08,
1.427954e+08,
3.307833e+07,
2.855908e+07,
2.855908e+07,
2.855908e+07,
2.855908e+07,
2.855908e+07,
6615666,
6615666,
6615666,
6615666,
6615666,
1.737575e+08,
1.357663e+08,
3.799118e+07,
2.715326e+07,
2.715326e+07,
2.715326e+07,
2.715326e+07,
2.715326e+07,
7598236,
7598236,
7598236,
7598236,
7598236,
1.460189e+08,
7.490109e+07,
7.111781e+07,
1.498022e+07,
1.498022e+07,
1.498022e+07,
1.498022e+07,
1.498022e+07,
1.422356e+07,
1.422356e+07,
1.422356e+07,
1.422356e+07,
1.422356e+07,
3.183719e+08,
1.202836e+08,
1.980884e+08,
2.405671e+07,
2.405671e+07,
2.405671e+07,
2.405671e+07,
2.405671e+07,
3.961767e+07,
3.961767e+07,
3.961767e+07,
3.961767e+07,
3.961767e+07,
1.99426e+08,
4.113206e+07,
1.58294e+08,
8226411,
8226411,
8226411,
8226411,
8226411,
3.165879e+07,
3.165879e+07,
3.165879e+07,
3.165879e+07,
3.165879e+07,
4.681327e+07,
2.663254e+07,
2.018073e+07,
5326507,
5326507,
5326507,
5326507,
5326507,
4036146,
4036146,
4036146,
4036146,
4036146,
3.882343e+08,
2.881147e+08,
1.001196e+08,
5.762294e+07,
5.762294e+07,
5.762294e+07,
5.762294e+07,
5.762294e+07,
2.002392e+07,
2.002392e+07,
2.002392e+07,
2.002392e+07,
2.002392e+07,
1.289964e+08,
7.727074e+07,
5.17257e+07,
1.545415e+07,
1.545415e+07,
1.545415e+07,
1.545415e+07,
1.545415e+07,
1.034514e+07,
1.034514e+07,
1.034514e+07,
1.034514e+07,
1.034514e+07,
6.411355e+07,
4.150776e+07,
2.260579e+07,
8301551,
8301551,
8301551,
8301551,
8301551,
4521159,
4521159,
4521159,
4521159,
4521159,
6.338781e+07,
4.191194e+07,
2.147587e+07,
8382388,
8382388,
8382388,
8382388,
8382388,
4295174,
4295174,
4295174,
4295174,
4295174,
5.593912e+07,
2.337214e+07,
3.256698e+07,
4674429,
4674429,
4674429,
4674429,
4674429,
6513396,
6513396,
6513396,
6513396,
6513396,
1.624689e+08,
1.161281e+08,
4.634073e+07,
2.322563e+07,
2.322563e+07,
2.322563e+07,
2.322563e+07,
2.322563e+07,
9268146,
9268146,
9268146,
9268146,
9268146,
1.742026e+08,
1.119462e+08,
6.225636e+07,
2.238924e+07,
2.238924e+07,
2.238924e+07,
2.238924e+07,
2.238924e+07,
1.245127e+07,
1.245127e+07,
1.245127e+07,
1.245127e+07,
1.245127e+07,
1.059634e+09,
2.931477e+08,
7.66486e+08,
5.862954e+07,
5.862954e+07,
5.862954e+07,
5.862954e+07,
5.862954e+07,
1.532972e+08,
1.532972e+08,
1.532972e+08,
1.532972e+08,
1.532972e+08,
7.015565e+07,
5.114639e+07,
1.900925e+07,
1.022928e+07,
1.022928e+07,
1.022928e+07,
1.022928e+07,
1.022928e+07,
3801851,
3801851,
3801851,
3801851,
3801851,
1.295908e+09,
4.685029e+08,
8.274049e+08,
9.370059e+07,
9.370059e+07,
9.370059e+07,
9.370059e+07,
9.370059e+07,
1.65481e+08,
1.65481e+08,
1.65481e+08,
1.65481e+08,
1.65481e+08,
3.113251e+08,
1.111028e+08,
2.002222e+08,
2.222057e+07,
2.222057e+07,
2.222057e+07,
2.222057e+07,
2.222057e+07,
4.004444e+07,
4.004444e+07,
4.004444e+07,
4.004444e+07,
4.004444e+07,
2.195807e+08,
9.05301e+07,
1.290506e+08,
1.810602e+07,
1.810602e+07,
1.810602e+07,
1.810602e+07,
1.810602e+07,
2.581012e+07,
2.581012e+07,
2.581012e+07,
2.581012e+07,
2.581012e+07,
1.268039e+08,
8.26964e+07,
4.410746e+07,
1.653928e+07,
1.653928e+07,
1.653928e+07,
1.653928e+07,
1.653928e+07,
8821491,
8821491,
8821491,
8821491,
8821491,
2.544759e+07,
2.09412e+07,
4506388,
4188240,
4188240,
4188240,
4188240,
4188240,
901277.5,
901277.5,
901277.5,
901277.5,
901277.5,
3.473118e+08,
9.121206e+07,
2.560998e+08,
1.824241e+07,
1.824241e+07,
1.824241e+07,
1.824241e+07,
1.824241e+07,
5.121995e+07,
5.121995e+07,
5.121995e+07,
5.121995e+07,
5.121995e+07,
1.081567e+08,
3.206764e+07,
7.608908e+07,
6413528,
6413528,
6413528,
6413528,
6413528,
1.521782e+07,
1.521782e+07,
1.521782e+07,
1.521782e+07,
1.521782e+07,
0,
0,
0,
0,
0,
0,
0,
0,
0,
0,
0,
0,
0,
2001, 
3.100276e+07,
2.468031e+07,
6322456,
4936062,
4936062,
4936062,
4936062,
4936062,
1264491,
1264491,
1264491,
1264491,
1264491,
2.854705e+08,
2.267378e+08,
5.873266e+07,
4.534757e+07,
4.534757e+07,
4.534757e+07,
4.534757e+07,
4.534757e+07,
1.174653e+07,
1.174653e+07,
1.174653e+07,
1.174653e+07,
1.174653e+07,
9.939429e+07,
7.458468e+07,
2.480961e+07,
1.491694e+07,
1.491694e+07,
1.491694e+07,
1.491694e+07,
1.491694e+07,
4961922,
4961922,
4961922,
4961922,
4961922,
7.574948e+07,
4.357431e+07,
3.217517e+07,
8714862,
8714862,
8714862,
8714862,
8714862,
6435034,
6435034,
6435034,
6435034,
6435034,
1.782119e+08,
1.45777e+08,
3.243492e+07,
2.915539e+07,
2.915539e+07,
2.915539e+07,
2.915539e+07,
2.915539e+07,
6486984,
6486984,
6486984,
6486984,
6486984,
1.762601e+08,
1.38326e+08,
3.793416e+07,
2.76652e+07,
2.76652e+07,
2.76652e+07,
2.76652e+07,
2.76652e+07,
7586833,
7586833,
7586833,
7586833,
7586833,
1.485402e+08,
7.658418e+07,
7.195602e+07,
1.531684e+07,
1.531684e+07,
1.531684e+07,
1.531684e+07,
1.531684e+07,
1.43912e+07,
1.43912e+07,
1.43912e+07,
1.43912e+07,
1.43912e+07,
3.27413e+08,
1.255671e+08,
2.018459e+08,
2.511342e+07,
2.511342e+07,
2.511342e+07,
2.511342e+07,
2.511342e+07,
4.036918e+07,
4.036918e+07,
4.036918e+07,
4.036918e+07,
4.036918e+07,
2.052716e+08,
4.291576e+07,
1.623558e+08,
8583153,
8583153,
8583153,
8583153,
8583153,
3.247116e+07,
3.247116e+07,
3.247116e+07,
3.247116e+07,
3.247116e+07,
4.722971e+07,
2.70954e+07,
2.013431e+07,
5419081,
5419081,
5419081,
5419081,
5419081,
4026862,
4026862,
4026862,
4026862,
4026862,
3.894989e+08,
2.900404e+08,
9.94585e+07,
5.800808e+07,
5.800808e+07,
5.800808e+07,
5.800808e+07,
5.800808e+07,
1.98917e+07,
1.98917e+07,
1.98917e+07,
1.98917e+07,
1.98917e+07,
1.288345e+08,
7.734322e+07,
5.149128e+07,
1.546865e+07,
1.546865e+07,
1.546865e+07,
1.546865e+07,
1.546865e+07,
1.029826e+07,
1.029826e+07,
1.029826e+07,
1.029826e+07,
1.029826e+07,
6.507202e+07,
4.245936e+07,
2.261266e+07,
8491873,
8491873,
8491873,
8491873,
8491873,
4522532,
4522532,
4522532,
4522532,
4522532,
6.281624e+07,
4.164022e+07,
2.117601e+07,
8328045,
8328045,
8328045,
8328045,
8328045,
4235203,
4235203,
4235203,
4235203,
4235203,
5.655508e+07,
2.361548e+07,
3.29396e+07,
4723095,
4723095,
4723095,
4723095,
4723095,
6587920,
6587920,
6587920,
6587920,
6587920,
1.617952e+08,
1.15505e+08,
4.629019e+07,
2.3101e+07,
2.3101e+07,
2.3101e+07,
2.3101e+07,
2.3101e+07,
9258038,
9258038,
9258038,
9258038,
9258038,
1.78308e+08,
1.152369e+08,
6.307113e+07,
2.304738e+07,
2.304738e+07,
2.304738e+07,
2.304738e+07,
2.304738e+07,
1.261423e+07,
1.261423e+07,
1.261423e+07,
1.261423e+07,
1.261423e+07,
1.078971e+09,
3.007653e+08,
7.782056e+08,
6.015307e+07,
6.015307e+07,
6.015307e+07,
6.015307e+07,
6.015307e+07,
1.556411e+08,
1.556411e+08,
1.556411e+08,
1.556411e+08,
1.556411e+08,
7.057731e+07,
5.162536e+07,
1.895195e+07,
1.032507e+07,
1.032507e+07,
1.032507e+07,
1.032507e+07,
1.032507e+07,
3790389,
3790389,
3790389,
3790389,
3790389,
1.304786e+09,
4.892111e+08,
8.15575e+08,
9.784222e+07,
9.784222e+07,
9.784222e+07,
9.784222e+07,
9.784222e+07,
1.63115e+08,
1.63115e+08,
1.63115e+08,
1.63115e+08,
1.63115e+08,
3.158641e+08,
1.141406e+08,
2.017234e+08,
2.282813e+07,
2.282813e+07,
2.282813e+07,
2.282813e+07,
2.282813e+07,
4.034469e+07,
4.034469e+07,
4.034469e+07,
4.034469e+07,
4.034469e+07,
2.228109e+08,
9.228796e+07,
1.30523e+08,
1.845759e+07,
1.845759e+07,
1.845759e+07,
1.845759e+07,
1.845759e+07,
2.610459e+07,
2.610459e+07,
2.610459e+07,
2.610459e+07,
2.610459e+07,
1.270657e+08,
8.305676e+07,
4.400896e+07,
1.661135e+07,
1.661135e+07,
1.661135e+07,
1.661135e+07,
1.661135e+07,
8801793,
8801793,
8801793,
8801793,
8801793,
2.575025e+07,
2.123627e+07,
4513978,
4247254,
4247254,
4247254,
4247254,
4247254,
902795.5,
902795.5,
902795.5,
902795.5,
902795.5,
3.553437e+08,
9.441801e+07,
2.609257e+08,
1.88836e+07,
1.88836e+07,
1.88836e+07,
1.88836e+07,
1.88836e+07,
5.218515e+07,
5.218515e+07,
5.218515e+07,
5.218515e+07,
5.218515e+07,
1.108377e+08,
3.34408e+07,
7.739693e+07,
6688160,
6688160,
6688160,
6688160,
6688160,
1.547939e+07,
1.547939e+07,
1.547939e+07,
1.547939e+07,
1.547939e+07,
0,
0,
0,
0,
0,
0,
0,
0,
0,
0,
0,
0,
0,
2002, 
3.13224e+07,
2.49751e+07,
6347296,
4995021,
4995021,
4995021,
4995021,
4995021,
1269459,
1269459,
1269459,
1269459,
1269459,
2.883502e+08,
2.299963e+08,
5.835399e+07,
4.599925e+07,
4.599925e+07,
4.599925e+07,
4.599925e+07,
4.599925e+07,
1.16708e+07,
1.16708e+07,
1.16708e+07,
1.16708e+07,
1.16708e+07,
1.009171e+08,
7.604748e+07,
2.48696e+07,
1.52095e+07,
1.52095e+07,
1.52095e+07,
1.52095e+07,
1.52095e+07,
4973921,
4973921,
4973921,
4973921,
4973921,
7.676642e+07,
4.454586e+07,
3.222057e+07,
8909171,
8909171,
8909171,
8909171,
8909171,
6444114,
6444114,
6444114,
6444114,
6444114,
1.804767e+08,
1.487265e+08,
3.175018e+07,
2.97453e+07,
2.97453e+07,
2.97453e+07,
2.97453e+07,
2.97453e+07,
6350037,
6350037,
6350037,
6350037,
6350037,
1.786972e+08,
1.408511e+08,
3.784608e+07,
2.817022e+07,
2.817022e+07,
2.817022e+07,
2.817022e+07,
2.817022e+07,
7569215,
7569215,
7569215,
7569215,
7569215,
1.511176e+08,
7.830955e+07,
7.280802e+07,
1.566191e+07,
1.566191e+07,
1.566191e+07,
1.566191e+07,
1.566191e+07,
1.45616e+07,
1.45616e+07,
1.45616e+07,
1.45616e+07,
1.45616e+07,
3.367642e+08,
1.310745e+08,
2.056898e+08,
2.621489e+07,
2.621489e+07,
2.621489e+07,
2.621489e+07,
2.621489e+07,
4.113795e+07,
4.113795e+07,
4.113795e+07,
4.113795e+07,
4.113795e+07,
2.113161e+08,
4.477455e+07,
1.665415e+08,
8954910,
8954910,
8954910,
8954910,
8954910,
3.33083e+07,
3.33083e+07,
3.33083e+07,
3.33083e+07,
3.33083e+07,
4.766152e+07,
2.757114e+07,
2.009038e+07,
5514227,
5514227,
5514227,
5514227,
5514227,
4018075,
4018075,
4018075,
4018075,
4018075,
3.911292e+08,
2.922457e+08,
9.888342e+07,
5.844914e+07,
5.844914e+07,
5.844914e+07,
5.844914e+07,
5.844914e+07,
1.977668e+07,
1.977668e+07,
1.977668e+07,
1.977668e+07,
1.977668e+07,
1.284781e+08,
7.729829e+07,
5.117982e+07,
1.545966e+07,
1.545966e+07,
1.545966e+07,
1.545966e+07,
1.545966e+07,
1.023596e+07,
1.023596e+07,
1.023596e+07,
1.023596e+07,
1.023596e+07,
6.598866e+07,
4.339322e+07,
2.259544e+07,
8678644,
8678644,
8678644,
8678644,
8678644,
4519089,
4519089,
4519089,
4519089,
4519089,
6.225957e+07,
4.137648e+07,
2.088309e+07,
8275296,
8275296,
8275296,
8275296,
8275296,
4176618,
4176618,
4176618,
4176618,
4176618,
5.718536e+07,
2.386448e+07,
3.332087e+07,
4772896,
4772896,
4772896,
4772896,
4772896,
6664175,
6664175,
6664175,
6664175,
6664175,
1.611284e+08,
1.14888e+08,
4.624047e+07,
2.297759e+07,
2.297759e+07,
2.297759e+07,
2.297759e+07,
2.297759e+07,
9248094,
9248094,
9248094,
9248094,
9248094,
1.819651e+08,
1.182662e+08,
6.36989e+07,
2.365324e+07,
2.365324e+07,
2.365324e+07,
2.365324e+07,
2.365324e+07,
1.273978e+07,
1.273978e+07,
1.273978e+07,
1.273978e+07,
1.273978e+07,
1.098313e+09,
3.084656e+08,
7.898474e+08,
6.169311e+07,
6.169311e+07,
6.169311e+07,
6.169311e+07,
6.169311e+07,
1.579695e+08,
1.579695e+08,
1.579695e+08,
1.579695e+08,
1.579695e+08,
7.095907e+07,
5.20771e+07,
1.888197e+07,
1.041542e+07,
1.041542e+07,
1.041542e+07,
1.041542e+07,
1.041542e+07,
3776395,
3776395,
3776395,
3776395,
3776395,
1.313189e+09,
5.099727e+08,
8.032161e+08,
1.019945e+08,
1.019945e+08,
1.019945e+08,
1.019945e+08,
1.019945e+08,
1.606432e+08,
1.606432e+08,
1.606432e+08,
1.606432e+08,
1.606432e+08,
3.203749e+08,
1.172089e+08,
2.03166e+08,
2.344178e+07,
2.344178e+07,
2.344178e+07,
2.344178e+07,
2.344178e+07,
4.063321e+07,
4.063321e+07,
4.063321e+07,
4.063321e+07,
4.063321e+07,
2.260077e+08,
9.404424e+07,
1.319634e+08,
1.880885e+07,
1.880885e+07,
1.880885e+07,
1.880885e+07,
1.880885e+07,
2.639269e+07,
2.639269e+07,
2.639269e+07,
2.639269e+07,
2.639269e+07,
1.273018e+08,
8.340098e+07,
4.390078e+07,
1.66802e+07,
1.66802e+07,
1.66802e+07,
1.66802e+07,
1.66802e+07,
8780155,
8780155,
8780155,
8780155,
8780155,
2.607413e+07,
2.154996e+07,
4524168,
4309992,
4309992,
4309992,
4309992,
4309992,
904833.5,
904833.5,
904833.5,
904833.5,
904833.5,
3.637571e+08,
9.777606e+07,
2.659811e+08,
1.955521e+07,
1.955521e+07,
1.955521e+07,
1.955521e+07,
1.955521e+07,
5.319621e+07,
5.319621e+07,
5.319621e+07,
5.319621e+07,
5.319621e+07,
1.13574e+08,
3.485891e+07,
7.871514e+07,
6971783,
6971783,
6971783,
6971783,
6971783,
1.574303e+07,
1.574303e+07,
1.574303e+07,
1.574303e+07,
1.574303e+07,
0,
0,
0,
0,
0,
0,
0,
0,
0,
0,
0,
0,
0,
2003, 
3.161945e+07,
2.525268e+07,
6366766,
5050537,
5050537,
5050537,
5050537,
5050537,
1273353,
1273353,
1273353,
1273353,
1273353,
2.911098e+08,
2.331778e+08,
5.793202e+07,
4.663556e+07,
4.663556e+07,
4.663556e+07,
4.663556e+07,
4.663556e+07,
1.15864e+07,
1.15864e+07,
1.15864e+07,
1.15864e+07,
1.15864e+07,
1.024293e+08,
7.751198e+07,
2.491737e+07,
1.55024e+07,
1.55024e+07,
1.55024e+07,
1.55024e+07,
1.55024e+07,
4983475,
4983475,
4983475,
4983475,
4983475,
7.776266e+07,
4.551552e+07,
3.224714e+07,
9103105,
9103105,
9103105,
9103105,
9103105,
6449428,
6449428,
6449428,
6449428,
6449428,
1.826293e+08,
1.516104e+08,
3.101885e+07,
3.032209e+07,
3.032209e+07,
3.032209e+07,
3.032209e+07,
3.032209e+07,
6203770,
6203770,
6203770,
6203770,
6203770,
1.810729e+08,
1.433444e+08,
3.772852e+07,
2.866887e+07,
2.866887e+07,
2.866887e+07,
2.866887e+07,
2.866887e+07,
7545704,
7545704,
7545704,
7545704,
7545704,
1.537281e+08,
8.006573e+07,
7.366236e+07,
1.601315e+07,
1.601315e+07,
1.601315e+07,
1.601315e+07,
1.601315e+07,
1.473247e+07,
1.473247e+07,
1.473247e+07,
1.473247e+07,
1.473247e+07,
3.463373e+08,
1.367762e+08,
2.095612e+08,
2.735524e+07,
2.735524e+07,
2.735524e+07,
2.735524e+07,
2.735524e+07,
4.191223e+07,
4.191223e+07,
4.191223e+07,
4.191223e+07,
4.191223e+07,
2.175543e+08,
4.670897e+07,
1.708454e+08,
9341794,
9341794,
9341794,
9341794,
9341794,
3.416907e+07,
3.416907e+07,
3.416907e+07,
3.416907e+07,
3.416907e+07,
4.810405e+07,
2.805726e+07,
2.004679e+07,
5611453,
5611453,
5611453,
5611453,
5611453,
4009357,
4009357,
4009357,
4009357,
4009357,
3.931879e+08,
2.947806e+08,
9.840732e+07,
5.895612e+07,
5.895612e+07,
5.895612e+07,
5.895612e+07,
5.895612e+07,
1.968146e+07,
1.968146e+07,
1.968146e+07,
1.968146e+07,
1.968146e+07,
1.280538e+08,
7.721146e+07,
5.084232e+07,
1.544229e+07,
1.544229e+07,
1.544229e+07,
1.544229e+07,
1.544229e+07,
1.016847e+07,
1.016847e+07,
1.016847e+07,
1.016847e+07,
1.016847e+07,
6.686732e+07,
4.431124e+07,
2.255609e+07,
8862247,
8862247,
8862247,
8862247,
8862247,
4511218,
4511218,
4511218,
4511218,
4511218,
6.17655e+07,
4.115257e+07,
2.061294e+07,
8230514,
8230514,
8230514,
8230514,
8230514,
4122587,
4122587,
4122587,
4122587,
4122587,
5.783237e+07,
2.412016e+07,
3.371222e+07,
4824031,
4824031,
4824031,
4824031,
4824031,
6742443,
6742443,
6742443,
6742443,
6742443,
1.60511e+08,
1.143072e+08,
4.620376e+07,
2.286144e+07,
2.286144e+07,
2.286144e+07,
2.286144e+07,
2.286144e+07,
9240753,
9240753,
9240753,
9240753,
9240753,
1.856089e+08,
1.213136e+08,
6.42953e+07,
2.426272e+07,
2.426272e+07,
2.426272e+07,
2.426272e+07,
2.426272e+07,
1.285906e+07,
1.285906e+07,
1.285906e+07,
1.285906e+07,
1.285906e+07,
1.117415e+09,
3.161793e+08,
8.012358e+08,
6.323586e+07,
6.323586e+07,
6.323586e+07,
6.323586e+07,
6.323586e+07,
1.602472e+08,
1.602472e+08,
1.602472e+08,
1.602472e+08,
1.602472e+08,
7.132144e+07,
5.251642e+07,
1.880503e+07,
1.050328e+07,
1.050328e+07,
1.050328e+07,
1.050328e+07,
1.050328e+07,
3761005,
3761005,
3761005,
3761005,
3761005,
1.321332e+09,
5.308558e+08,
7.904767e+08,
1.061712e+08,
1.061712e+08,
1.061712e+08,
1.061712e+08,
1.061712e+08,
1.580953e+08,
1.580953e+08,
1.580953e+08,
1.580953e+08,
1.580953e+08,
3.248433e+08,
1.203019e+08,
2.045414e+08,
2.406037e+07,
2.406037e+07,
2.406037e+07,
2.406037e+07,
2.406037e+07,
4.090828e+07,
4.090828e+07,
4.090828e+07,
4.090828e+07,
4.090828e+07,
2.291711e+08,
9.57988e+07,
1.333723e+08,
1.915976e+07,
1.915976e+07,
1.915976e+07,
1.915976e+07,
1.915976e+07,
2.667446e+07,
2.667446e+07,
2.667446e+07,
2.667446e+07,
2.667446e+07,
1.275024e+08,
8.372263e+07,
4.377972e+07,
1.674453e+07,
1.674453e+07,
1.674453e+07,
1.674453e+07,
1.674453e+07,
8755943,
8755943,
8755943,
8755943,
8755943,
2.640492e+07,
2.187053e+07,
4534387,
4374107,
4374107,
4374107,
4374107,
4374107,
906877.4,
906877.4,
906877.4,
906877.4,
906877.4,
3.71943e+08,
1.011242e+08,
2.708188e+08,
2.022483e+07,
2.022483e+07,
2.022483e+07,
2.022483e+07,
2.022483e+07,
5.416376e+07,
5.416376e+07,
5.416376e+07,
5.416376e+07,
5.416376e+07,
1.164409e+08,
3.634632e+07,
8.009458e+07,
7269265,
7269265,
7269265,
7269265,
7269265,
1.601892e+07,
1.601892e+07,
1.601892e+07,
1.601892e+07,
1.601892e+07,
0,
0,
0,
0,
0,
0,
0,
0,
0,
0,
0,
0,
0,
2004, 
3.191167e+07,
2.552716e+07,
6384504,
5105433,
5105433,
5105433,
5105433,
5105433,
1276901,
1276901,
1276901,
1276901,
1276901,
2.939479e+08,
2.364411e+08,
5.75068e+07,
4.728822e+07,
4.728822e+07,
4.728822e+07,
4.728822e+07,
4.728822e+07,
1.150136e+07,
1.150136e+07,
1.150136e+07,
1.150136e+07,
1.150136e+07,
1.039458e+08,
7.898926e+07,
2.495656e+07,
1.579785e+07,
1.579785e+07,
1.579785e+07,
1.579785e+07,
1.579785e+07,
4991312,
4991312,
4991312,
4991312,
4991312,
7.873913e+07,
4.648355e+07,
3.225557e+07,
9296710,
9296710,
9296710,
9296710,
9296710,
6451115,
6451115,
6451115,
6451115,
6451115,
1.84722e+08,
1.544705e+08,
3.025156e+07,
3.08941e+07,
3.08941e+07,
3.08941e+07,
3.08941e+07,
3.08941e+07,
6050313,
6050313,
6050313,
6050313,
6050313,
1.834016e+08,
1.458165e+08,
3.758502e+07,
2.916331e+07,
2.916331e+07,
2.916331e+07,
2.916331e+07,
2.916331e+07,
7517005,
7517005,
7517005,
7517005,
7517005,
1.563706e+08,
8.185236e+07,
7.451828e+07,
1.637047e+07,
1.637047e+07,
1.637047e+07,
1.637047e+07,
1.637047e+07,
1.490366e+07,
1.490366e+07,
1.490366e+07,
1.490366e+07,
1.490366e+07,
3.562386e+08,
1.427185e+08,
2.1352e+08,
2.854371e+07,
2.854371e+07,
2.854371e+07,
2.854371e+07,
2.854371e+07,
4.2704e+07,
4.2704e+07,
4.2704e+07,
4.2704e+07,
4.2704e+07,
2.239904e+08,
4.872156e+07,
1.752688e+08,
9744311,
9744311,
9744311,
9744311,
9744311,
3.505376e+07,
3.505376e+07,
3.505376e+07,
3.505376e+07,
3.505376e+07,
4.855607e+07,
2.855321e+07,
2.000287e+07,
5710641,
5710641,
5710641,
5710641,
5710641,
4000573,
4000573,
4000573,
4000573,
4000573,
3.954436e+08,
2.97474e+08,
9.796959e+07,
5.94948e+07,
5.94948e+07,
5.94948e+07,
5.94948e+07,
5.94948e+07,
1.959392e+07,
1.959392e+07,
1.959392e+07,
1.959392e+07,
1.959392e+07,
1.275979e+08,
7.710442e+07,
5.049345e+07,
1.542088e+07,
1.542088e+07,
1.542088e+07,
1.542088e+07,
1.542088e+07,
1.009869e+07,
1.009869e+07,
1.009869e+07,
1.009869e+07,
1.009869e+07,
6.778507e+07,
4.52643e+07,
2.252078e+07,
9052859,
9052859,
9052859,
9052859,
9052859,
4504155,
4504155,
4504155,
4504155,
4504155,
6.130867e+07,
4.095185e+07,
2.035682e+07,
8190371,
8190371,
8190371,
8190371,
8190371,
4071364,
4071364,
4071364,
4071364,
4071364,
5.851488e+07,
2.43903e+07,
3.412458e+07,
4878060,
4878060,
4878060,
4878060,
4878060,
6824916,
6824916,
6824916,
6824916,
6824916,
1.599644e+08,
1.13778e+08,
4.618644e+07,
2.275559e+07,
2.275559e+07,
2.275559e+07,
2.275559e+07,
2.275559e+07,
9237288,
9237288,
9237288,
9237288,
9237288,
1.897902e+08,
1.24741e+08,
6.504928e+07,
2.494819e+07,
2.494819e+07,
2.494819e+07,
2.494819e+07,
2.494819e+07,
1.300986e+07,
1.300986e+07,
1.300986e+07,
1.300986e+07,
1.300986e+07,
1.136265e+09,
3.239012e+08,
8.123633e+08,
6.478025e+07,
6.478025e+07,
6.478025e+07,
6.478025e+07,
6.478025e+07,
1.624727e+08,
1.624727e+08,
1.624727e+08,
1.624727e+08,
1.624727e+08,
7.167622e+07,
5.295188e+07,
1.872433e+07,
1.059038e+07,
1.059038e+07,
1.059038e+07,
1.059038e+07,
1.059038e+07,
3744867,
3744867,
3744867,
3744867,
3744867,
1.329449e+09,
5.51946e+08,
7.775034e+08,
1.103892e+08,
1.103892e+08,
1.103892e+08,
1.103892e+08,
1.103892e+08,
1.555007e+08,
1.555007e+08,
1.555007e+08,
1.555007e+08,
1.555007e+08,
3.29263e+08,
1.234168e+08,
2.058462e+08,
2.468335e+07,
2.468335e+07,
2.468335e+07,
2.468335e+07,
2.468335e+07,
4.116924e+07,
4.116924e+07,
4.116924e+07,
4.116924e+07,
4.116924e+07,
2.322318e+08,
9.752232e+07,
1.347094e+08,
1.950446e+07,
1.950446e+07,
1.950446e+07,
1.950446e+07,
1.950446e+07,
2.694189e+07,
2.694189e+07,
2.694189e+07,
2.694189e+07,
2.694189e+07,
1.276713e+08,
8.402406e+07,
4.364724e+07,
1.680481e+07,
1.680481e+07,
1.680481e+07,
1.680481e+07,
1.680481e+07,
8729448,
8729448,
8729448,
8729448,
8729448,
2.672792e+07,
2.218582e+07,
4542102,
4437165,
4437165,
4437165,
4437165,
4437165,
908420.3,
908420.3,
908420.3,
908420.3,
908420.3,
3.794384e+08,
1.04333e+08,
2.751055e+08,
2.086659e+07,
2.086659e+07,
2.086659e+07,
2.086659e+07,
2.086659e+07,
5.50211e+07,
5.50211e+07,
5.50211e+07,
5.50211e+07,
5.50211e+07,
1.194363e+08,
3.790445e+07,
8.153186e+07,
7580890,
7580890,
7580890,
7580890,
7580890,
1.630637e+07,
1.630637e+07,
1.630637e+07,
1.630637e+07,
1.630637e+07,
0,
0,
0,
0,
0,
0,
0,
0,
0,
0,
0,
0,
0,
2005, 
3.221592e+07,
2.581204e+07,
6403880,
5162407,
5162407,
5162407,
5162407,
5162407,
1280776,
1280776,
1280776,
1280776,
1280776,
2.968427e+08,
2.397693e+08,
5.707338e+07,
4.795386e+07,
4.795386e+07,
4.795386e+07,
4.795386e+07,
4.795386e+07,
1.141468e+07,
1.141468e+07,
1.141468e+07,
1.141468e+07,
1.141468e+07,
1.054424e+08,
8.046098e+07,
2.498141e+07,
1.60922e+07,
1.60922e+07,
1.60922e+07,
1.60922e+07,
1.60922e+07,
4996283,
4996283,
4996283,
4996283,
4996283,
7.970299e+07,
4.745392e+07,
3.224908e+07,
9490784,
9490784,
9490784,
9490784,
9490784,
6449815,
6449815,
6449815,
6449815,
6449815,
1.867973e+08,
1.573413e+08,
2.945607e+07,
3.146825e+07,
3.146825e+07,
3.146825e+07,
3.146825e+07,
3.146825e+07,
5891215,
5891215,
5891215,
5891215,
5891215,
1.857019e+08,
1.482821e+08,
3.741987e+07,
2.965641e+07,
2.965641e+07,
2.965641e+07,
2.965641e+07,
2.965641e+07,
7483975,
7483975,
7483975,
7483975,
7483975,
1.590294e+08,
8.36614e+07,
7.536802e+07,
1.673228e+07,
1.673228e+07,
1.673228e+07,
1.673228e+07,
1.673228e+07,
1.50736e+07,
1.50736e+07,
1.50736e+07,
1.50736e+07,
1.50736e+07,
3.665368e+08,
1.489352e+08,
2.176016e+08,
2.978704e+07,
2.978704e+07,
2.978704e+07,
2.978704e+07,
2.978704e+07,
4.352032e+07,
4.352032e+07,
4.352032e+07,
4.352032e+07,
4.352032e+07,
2.305703e+08,
5.080208e+07,
1.797682e+08,
1.016042e+07,
1.016042e+07,
1.016042e+07,
1.016042e+07,
1.016042e+07,
3.595364e+07,
3.595364e+07,
3.595364e+07,
3.595364e+07,
3.595364e+07,
4.901715e+07,
2.905884e+07,
1.995831e+07,
5811767,
5811767,
5811767,
5811767,
5811767,
3991663,
3991663,
3991663,
3991663,
3991663,
3.977134e+08,
3.001895e+08,
9.752386e+07,
6.003791e+07,
6.003791e+07,
6.003791e+07,
6.003791e+07,
6.003791e+07,
1.950477e+07,
1.950477e+07,
1.950477e+07,
1.950477e+07,
1.950477e+07,
1.271406e+08,
7.699537e+07,
5.014524e+07,
1.539907e+07,
1.539907e+07,
1.539907e+07,
1.539907e+07,
1.539907e+07,
1.002905e+07,
1.002905e+07,
1.002905e+07,
1.002905e+07,
1.002905e+07,
6.870471e+07,
4.622797e+07,
2.247675e+07,
9245594,
9245594,
9245594,
9245594,
9245594,
4495349,
4495349,
4495349,
4495349,
4495349,
6.084916e+07,
4.07478e+07,
2.010136e+07,
8149559,
8149559,
8149559,
8149559,
8149559,
4020272,
4020272,
4020272,
4020272,
4020272,
5.92377e+07,
2.46769e+07,
3.45608e+07,
4935381,
4935381,
4935381,
4935381,
4935381,
6912160,
6912160,
6912160,
6912160,
6912160,
1.594647e+08,
1.13283e+08,
4.618174e+07,
2.265659e+07,
2.265659e+07,
2.265659e+07,
2.265659e+07,
2.265659e+07,
9236348,
9236348,
9236348,
9236348,
9236348,
1.945423e+08,
1.285761e+08,
6.596617e+07,
2.571522e+07,
2.571522e+07,
2.571522e+07,
2.571522e+07,
2.571522e+07,
1.319323e+07,
1.319323e+07,
1.319323e+07,
1.319323e+07,
1.319323e+07,
1.154639e+09,
3.31566e+08,
8.230726e+08,
6.63132e+07,
6.63132e+07,
6.63132e+07,
6.63132e+07,
6.63132e+07,
1.646145e+08,
1.646145e+08,
1.646145e+08,
1.646145e+08,
1.646145e+08,
7.199055e+07,
5.33591e+07,
1.863145e+07,
1.067182e+07,
1.067182e+07,
1.067182e+07,
1.067182e+07,
1.067182e+07,
3726291,
3726291,
3726291,
3726291,
3726291,
1.337669e+09,
5.732979e+08,
7.643708e+08,
1.146596e+08,
1.146596e+08,
1.146596e+08,
1.146596e+08,
1.146596e+08,
1.528741e+08,
1.528741e+08,
1.528741e+08,
1.528741e+08,
1.528741e+08,
3.336529e+08,
1.2656e+08,
2.070929e+08,
2.531201e+07,
2.531201e+07,
2.531201e+07,
2.531201e+07,
2.531201e+07,
4.141858e+07,
4.141858e+07,
4.141858e+07,
4.141858e+07,
4.141858e+07,
2.35304e+08,
9.926242e+07,
1.360415e+08,
1.985248e+07,
1.985248e+07,
1.985248e+07,
1.985248e+07,
1.985248e+07,
2.720831e+07,
2.720831e+07,
2.720831e+07,
2.720831e+07,
2.720831e+07,
1.277984e+08,
8.429836e+07,
4.350001e+07,
1.685967e+07,
1.685967e+07,
1.685967e+07,
1.685967e+07,
1.685967e+07,
8700002,
8700002,
8700002,
8700002,
8700002,
2.706055e+07,
2.251027e+07,
4550279,
4502054,
4502054,
4502054,
4502054,
4502054,
910055.8,
910055.8,
910055.8,
910055.8,
910055.8,
3.866252e+08,
1.075022e+08,
2.79123e+08,
2.150044e+07,
2.150044e+07,
2.150044e+07,
2.150044e+07,
2.150044e+07,
5.58246e+07,
5.58246e+07,
5.58246e+07,
5.58246e+07,
5.58246e+07,
1.225518e+08,
3.953257e+07,
8.301926e+07,
7906514,
7906514,
7906514,
7906514,
7906514,
1.660385e+07,
1.660385e+07,
1.660385e+07,
1.660385e+07,
1.660385e+07,
0,
0,
0,
0,
0,
0,
0,
0,
0,
0,
0,
0,
0,
2006, 
3.253187e+07,
2.609511e+07,
6436756,
5219023,
5219023,
5219023,
5219023,
5219023,
1287351,
1287351,
1287351,
1287351,
1287351,
2.997531e+08,
2.430272e+08,
5.672593e+07,
4.860543e+07,
4.860543e+07,
4.860543e+07,
4.860543e+07,
4.860543e+07,
1.134519e+07,
1.134519e+07,
1.134519e+07,
1.134519e+07,
1.134519e+07,
1.068868e+08,
8.18881e+07,
2.499868e+07,
1.637762e+07,
1.637762e+07,
1.637762e+07,
1.637762e+07,
1.637762e+07,
4999737,
4999737,
4999737,
4999737,
4999737,
8.066769e+07,
4.838656e+07,
3.228114e+07,
9677311,
9677311,
9677311,
9677311,
9677311,
6456227,
6456227,
6456227,
6456227,
6456227,
1.888207e+08,
1.599134e+08,
2.890731e+07,
3.198267e+07,
3.198267e+07,
3.198267e+07,
3.198267e+07,
3.198267e+07,
5781463,
5781463,
5781463,
5781463,
5781463,
1.879644e+08,
1.506762e+08,
3.72882e+07,
3.013524e+07,
3.013524e+07,
3.013524e+07,
3.013524e+07,
3.013524e+07,
7457641,
7457641,
7457641,
7457641,
7457641,
1.617084e+08,
8.556937e+07,
7.613899e+07,
1.711387e+07,
1.711387e+07,
1.711387e+07,
1.711387e+07,
1.711387e+07,
1.52278e+07,
1.52278e+07,
1.52278e+07,
1.52278e+07,
1.52278e+07,
3.771488e+08,
1.555645e+08,
2.215843e+08,
3.111291e+07,
3.111291e+07,
3.111291e+07,
3.111291e+07,
3.111291e+07,
4.431686e+07,
4.431686e+07,
4.431686e+07,
4.431686e+07,
4.431686e+07,
2.373445e+08,
5.299508e+07,
1.843494e+08,
1.059902e+07,
1.059902e+07,
1.059902e+07,
1.059902e+07,
1.059902e+07,
3.686988e+07,
3.686988e+07,
3.686988e+07,
3.686988e+07,
3.686988e+07,
4.949176e+07,
2.957964e+07,
1.991212e+07,
5915928,
5915928,
5915928,
5915928,
5915928,
3982424,
3982424,
3982424,
3982424,
3982424,
3.999673e+08,
3.029275e+08,
9.703978e+07,
6.058549e+07,
6.058549e+07,
6.058549e+07,
6.058549e+07,
6.058549e+07,
1.940796e+07,
1.940796e+07,
1.940796e+07,
1.940796e+07,
1.940796e+07,
1.267094e+08,
7.69691e+07,
4.97403e+07,
1.539382e+07,
1.539382e+07,
1.539382e+07,
1.539382e+07,
1.539382e+07,
9948060,
9948060,
9948060,
9948060,
9948060,
6.960134e+07,
4.716033e+07,
2.2441e+07,
9432066,
9432066,
9432066,
9432066,
9432066,
4488201,
4488201,
4488201,
4488201,
4488201,
6.041e+07,
4.062985e+07,
1.978015e+07,
8125971,
8125971,
8125971,
8125971,
8125971,
3956031,
3956031,
3956031,
3956031,
3956031,
6.00078e+07,
2.503261e+07,
3.497519e+07,
5006522,
5006522,
5006522,
5006522,
5006522,
6995038,
6995038,
6995038,
6995038,
6995038,
1.590624e+08,
1.130525e+08,
4.600984e+07,
2.261051e+07,
2.261051e+07,
2.261051e+07,
2.261051e+07,
2.261051e+07,
9201968,
9201968,
9201968,
9201968,
9201968,
2.000268e+08,
1.330161e+08,
6.701062e+07,
2.660323e+07,
2.660323e+07,
2.660323e+07,
2.660323e+07,
2.660323e+07,
1.340212e+07,
1.340212e+07,
1.340212e+07,
1.340212e+07,
1.340212e+07,
1.172374e+09,
3.39693e+08,
8.326808e+08,
6.793859e+07,
6.793859e+07,
6.793859e+07,
6.793859e+07,
6.793859e+07,
1.665362e+08,
1.665362e+08,
1.665362e+08,
1.665362e+08,
1.665362e+08,
7.228511e+07,
5.375152e+07,
1.853359e+07,
1.07503e+07,
1.07503e+07,
1.07503e+07,
1.07503e+07,
1.07503e+07,
3706719,
3706719,
3706719,
3706719,
3706719,
1.346005e+09,
5.887702e+08,
7.57235e+08,
1.17754e+08,
1.17754e+08,
1.17754e+08,
1.17754e+08,
1.17754e+08,
1.51447e+08,
1.51447e+08,
1.51447e+08,
1.51447e+08,
1.51447e+08,
3.380492e+08,
1.299574e+08,
2.080918e+08,
2.599147e+07,
2.599147e+07,
2.599147e+07,
2.599147e+07,
2.599147e+07,
4.161836e+07,
4.161836e+07,
4.161836e+07,
4.161836e+07,
4.161836e+07,
2.385056e+08,
1.011589e+08,
1.373468e+08,
2.023177e+07,
2.023177e+07,
2.023177e+07,
2.023177e+07,
2.023177e+07,
2.746935e+07,
2.746935e+07,
2.746935e+07,
2.746935e+07,
2.746935e+07,
1.279022e+08,
8.458963e+07,
4.331254e+07,
1.691793e+07,
1.691793e+07,
1.691793e+07,
1.691793e+07,
1.691793e+07,
8662507,
8662507,
8662507,
8662507,
8662507,
2.743761e+07,
2.287038e+07,
4567227,
4574076,
4574076,
4574076,
4574076,
4574076,
913445.4,
913445.4,
913445.4,
913445.4,
913445.4,
3.935191e+08,
1.108396e+08,
2.826795e+08,
2.216792e+07,
2.216792e+07,
2.216792e+07,
2.216792e+07,
2.216792e+07,
5.65359e+07,
5.65359e+07,
5.65359e+07,
5.65359e+07,
5.65359e+07,
1.258505e+08,
4.12702e+07,
8.458031e+07,
8254041,
8254041,
8254041,
8254041,
8254041,
1.691606e+07,
1.691606e+07,
1.691606e+07,
1.691606e+07,
1.691606e+07,
0,
0,
0,
0,
0,
0,
0,
0,
0,
0,
0,
0,
0,
2007, 
3.286246e+07,
2.639052e+07,
6471933,
5278105,
5278105,
5278105,
5278105,
5278105,
1294387,
1294387,
1294387,
1294387,
1294387,
3.027434e+08,
2.463677e+08,
5.637573e+07,
4.927354e+07,
4.927354e+07,
4.927354e+07,
4.927354e+07,
4.927354e+07,
1.127515e+07,
1.127515e+07,
1.127515e+07,
1.127515e+07,
1.127515e+07,
1.08303e+08,
8.330231e+07,
2.500066e+07,
1.666046e+07,
1.666046e+07,
1.666046e+07,
1.666046e+07,
1.666046e+07,
5000132,
5000132,
5000132,
5000132,
5000132,
8.164994e+07,
4.933836e+07,
3.231157e+07,
9867673,
9867673,
9867673,
9867673,
9867673,
6462315,
6462315,
6462315,
6462315,
6462315,
1.907795e+08,
1.624491e+08,
2.833037e+07,
3.248982e+07,
3.248982e+07,
3.248982e+07,
3.248982e+07,
3.248982e+07,
5666073,
5666073,
5666073,
5666073,
5666073,
1.901833e+08,
1.530494e+08,
3.713386e+07,
3.060988e+07,
3.060988e+07,
3.060988e+07,
3.060988e+07,
3.060988e+07,
7426773,
7426773,
7426773,
7426773,
7426773,
1.644812e+08,
8.754384e+07,
7.693737e+07,
1.750877e+07,
1.750877e+07,
1.750877e+07,
1.750877e+07,
1.750877e+07,
1.538747e+07,
1.538747e+07,
1.538747e+07,
1.538747e+07,
1.538747e+07,
3.880721e+08,
1.624546e+08,
2.256176e+08,
3.249091e+07,
3.249091e+07,
3.249091e+07,
3.249091e+07,
3.249091e+07,
4.512351e+07,
4.512351e+07,
4.512351e+07,
4.512351e+07,
4.512351e+07,
2.444104e+08,
5.529406e+07,
1.891163e+08,
1.105881e+07,
1.105881e+07,
1.105881e+07,
1.105881e+07,
1.105881e+07,
3.782326e+07,
3.782326e+07,
3.782326e+07,
3.782326e+07,
3.782326e+07,
4.999609e+07,
3.012295e+07,
1.987315e+07,
6024590,
6024590,
6024590,
6024590,
6024590,
3974629,
3974629,
3974629,
3974629,
3974629,
4.025426e+08,
3.059214e+08,
9.662119e+07,
6.118428e+07,
6.118428e+07,
6.118428e+07,
6.118428e+07,
6.118428e+07,
1.932424e+07,
1.932424e+07,
1.932424e+07,
1.932424e+07,
1.932424e+07,
1.26302e+08,
7.695573e+07,
4.934624e+07,
1.539115e+07,
1.539115e+07,
1.539115e+07,
1.539115e+07,
1.539115e+07,
9869247,
9869247,
9869247,
9869247,
9869247,
7.046887e+07,
4.808133e+07,
2.238754e+07,
9616266,
9616266,
9616266,
9616266,
9616266,
4477508,
4477508,
4477508,
4477508,
4477508,
6.00159e+07,
4.053977e+07,
1.947612e+07,
8107955,
8107955,
8107955,
8107955,
8107955,
3895225,
3895225,
3895225,
3895225,
3895225,
6.08238e+07,
2.540839e+07,
3.541541e+07,
5081678,
5081678,
5081678,
5081678,
5081678,
7083083,
7083083,
7083083,
7083083,
7083083,
1.58907e+08,
1.129974e+08,
4.590955e+07,
2.259948e+07,
2.259948e+07,
2.259948e+07,
2.259948e+07,
2.259948e+07,
9181910,
9181910,
9181910,
9181910,
9181910,
2.059354e+08,
1.377847e+08,
6.815072e+07,
2.755693e+07,
2.755693e+07,
2.755693e+07,
2.755693e+07,
2.755693e+07,
1.363014e+07,
1.363014e+07,
1.363014e+07,
1.363014e+07,
1.363014e+07,
1.189692e+09,
3.477897e+08,
8.41902e+08,
6.955794e+07,
6.955794e+07,
6.955794e+07,
6.955794e+07,
6.955794e+07,
1.683804e+08,
1.683804e+08,
1.683804e+08,
1.683804e+08,
1.683804e+08,
7.257711e+07,
5.414345e+07,
1.843366e+07,
1.082869e+07,
1.082869e+07,
1.082869e+07,
1.082869e+07,
1.082869e+07,
3686732,
3686732,
3686732,
3686732,
3686732,
1.354578e+09,
6.044955e+08,
7.500825e+08,
1.208991e+08,
1.208991e+08,
1.208991e+08,
1.208991e+08,
1.208991e+08,
1.500165e+08,
1.500165e+08,
1.500165e+08,
1.500165e+08,
1.500165e+08,
3.425062e+08,
1.334233e+08,
2.090828e+08,
2.668466e+07,
2.668466e+07,
2.668466e+07,
2.668466e+07,
2.668466e+07,
4.181657e+07,
4.181657e+07,
4.181657e+07,
4.181657e+07,
4.181657e+07,
2.417794e+08,
1.031007e+08,
1.386787e+08,
2.062014e+07,
2.062014e+07,
2.062014e+07,
2.062014e+07,
2.062014e+07,
2.773573e+07,
2.773573e+07,
2.773573e+07,
2.773573e+07,
2.773573e+07,
1.280064e+08,
8.488157e+07,
4.312485e+07,
1.697631e+07,
1.697631e+07,
1.697631e+07,
1.697631e+07,
1.697631e+07,
8624970,
8624970,
8624970,
8624970,
8624970,
2.787689e+07,
2.328374e+07,
4593149,
4656748,
4656748,
4656748,
4656748,
4656748,
918629.8,
918629.8,
918629.8,
918629.8,
918629.8,
3.997628e+08,
1.140413e+08,
2.857215e+08,
2.280827e+07,
2.280827e+07,
2.280827e+07,
2.280827e+07,
2.280827e+07,
5.71443e+07,
5.71443e+07,
5.71443e+07,
5.71443e+07,
5.71443e+07,
1.293007e+08,
4.309365e+07,
8.62071e+07,
8618730,
8618730,
8618730,
8618730,
8618730,
1.724142e+07,
1.724142e+07,
1.724142e+07,
1.724142e+07,
1.724142e+07,
0,
0,
0,
0,
0,
0,
0,
0,
0,
0,
0,
0,
0,
2008, 
3.321854e+07,
2.670704e+07,
6511498,
5341408,
5341408,
5341408,
5341408,
5341408,
1302300,
1302300,
1302300,
1302300,
1302300,
3.056949e+08,
2.496946e+08,
5.600034e+07,
4.993892e+07,
4.993892e+07,
4.993892e+07,
4.993892e+07,
4.993892e+07,
1.120007e+07,
1.120007e+07,
1.120007e+07,
1.120007e+07,
1.120007e+07,
1.096845e+08,
8.469836e+07,
2.498613e+07,
1.693967e+07,
1.693967e+07,
1.693967e+07,
1.693967e+07,
1.693967e+07,
4997225,
4997225,
4997225,
4997225,
4997225,
8.264322e+07,
5.030562e+07,
3.23376e+07,
1.006113e+07,
1.006113e+07,
1.006113e+07,
1.006113e+07,
1.006113e+07,
6467520,
6467520,
6467520,
6467520,
6467520,
1.926723e+08,
1.649464e+08,
2.772593e+07,
3.298928e+07,
3.298928e+07,
3.298928e+07,
3.298928e+07,
3.298928e+07,
5545187,
5545187,
5545187,
5545187,
5545187,
1.923558e+08,
1.553991e+08,
3.695677e+07,
3.107981e+07,
3.107981e+07,
3.107981e+07,
3.107981e+07,
3.107981e+07,
7391354,
7391354,
7391354,
7391354,
7391354,
1.673412e+08,
8.958206e+07,
7.775913e+07,
1.791641e+07,
1.791641e+07,
1.791641e+07,
1.791641e+07,
1.791641e+07,
1.555183e+07,
1.555183e+07,
1.555183e+07,
1.555183e+07,
1.555183e+07,
3.993176e+08,
1.696157e+08,
2.297019e+08,
3.392314e+07,
3.392314e+07,
3.392314e+07,
3.392314e+07,
3.392314e+07,
4.594038e+07,
4.594038e+07,
4.594038e+07,
4.594038e+07,
4.594038e+07,
2.51719e+08,
5.769037e+07,
1.940286e+08,
1.153807e+07,
1.153807e+07,
1.153807e+07,
1.153807e+07,
1.153807e+07,
3.880573e+07,
3.880573e+07,
3.880573e+07,
3.880573e+07,
3.880573e+07,
5.056581e+07,
3.071084e+07,
1.985497e+07,
6142169,
6142169,
6142169,
6142169,
6142169,
3970994,
3970994,
3970994,
3970994,
3970994,
4.051591e+08,
3.089601e+08,
9.619901e+07,
6.179201e+07,
6.179201e+07,
6.179201e+07,
6.179201e+07,
6.179201e+07,
1.92398e+07,
1.92398e+07,
1.92398e+07,
1.92398e+07,
1.92398e+07,
1.259499e+08,
7.697466e+07,
4.89752e+07,
1.539493e+07,
1.539493e+07,
1.539493e+07,
1.539493e+07,
1.539493e+07,
9795040,
9795040,
9795040,
9795040,
9795040,
7.132073e+07,
4.899976e+07,
2.232096e+07,
9799953,
9799953,
9799953,
9799953,
9799953,
4464192,
4464192,
4464192,
4464192,
4464192,
5.966318e+07,
4.047548e+07,
1.918771e+07,
8095096,
8095096,
8095096,
8095096,
8095096,
3837541,
3837541,
3837541,
3837541,
3837541,
6.169345e+07,
2.580756e+07,
3.58859e+07,
5161511,
5161511,
5161511,
5161511,
5161511,
7177179,
7177179,
7177179,
7177179,
7177179,
1.589494e+08,
1.130829e+08,
4.586645e+07,
2.261658e+07,
2.261658e+07,
2.261658e+07,
2.261658e+07,
2.261658e+07,
9173290,
9173290,
9173290,
9173290,
9173290,
2.120263e+08,
1.42724e+08,
6.930224e+07,
2.854481e+07,
2.854481e+07,
2.854481e+07,
2.854481e+07,
2.854481e+07,
1.386045e+07,
1.386045e+07,
1.386045e+07,
1.386045e+07,
1.386045e+07,
1.206735e+09,
3.558951e+08,
8.508398e+08,
7.117902e+07,
7.117902e+07,
7.117902e+07,
7.117902e+07,
7.117902e+07,
1.70168e+08,
1.70168e+08,
1.70168e+08,
1.70168e+08,
1.70168e+08,
7.286767e+07,
5.453571e+07,
1.833196e+07,
1.090714e+07,
1.090714e+07,
1.090714e+07,
1.090714e+07,
1.090714e+07,
3666392,
3666392,
3666392,
3666392,
3666392,
1.363379e+09,
6.204763e+08,
7.429028e+08,
1.240953e+08,
1.240953e+08,
1.240953e+08,
1.240953e+08,
1.240953e+08,
1.485806e+08,
1.485806e+08,
1.485806e+08,
1.485806e+08,
1.485806e+08,
3.469174e+08,
1.369168e+08,
2.100006e+08,
2.738336e+07,
2.738336e+07,
2.738336e+07,
2.738336e+07,
2.738336e+07,
4.200012e+07,
4.200012e+07,
4.200012e+07,
4.200012e+07,
4.200012e+07,
2.450745e+08,
1.050667e+08,
1.400079e+08,
2.101333e+07,
2.101333e+07,
2.101333e+07,
2.101333e+07,
2.101333e+07,
2.800157e+07,
2.800157e+07,
2.800157e+07,
2.800157e+07,
2.800157e+07,
1.280776e+08,
8.51519e+07,
4.292573e+07,
1.703038e+07,
1.703038e+07,
1.703038e+07,
1.703038e+07,
1.703038e+07,
8585146,
8585146,
8585146,
8585146,
8585146,
2.836454e+07,
2.373907e+07,
4625474,
4747814,
4747814,
4747814,
4747814,
4747814,
925094.7,
925094.7,
925094.7,
925094.7,
925094.7,
4.059743e+08,
1.172788e+08,
2.886955e+08,
2.345576e+07,
2.345576e+07,
2.345576e+07,
2.345576e+07,
2.345576e+07,
5.77391e+07,
5.77391e+07,
5.77391e+07,
5.77391e+07,
5.77391e+07,
1.328315e+08,
4.498129e+07,
8.785018e+07,
8996258,
8996258,
8996258,
8996258,
8996258,
1.757004e+07,
1.757004e+07,
1.757004e+07,
1.757004e+07,
1.757004e+07,
0,
0,
0,
0,
0,
0,
0,
0,
0,
0,
0,
0,
0,
2009, 
3.359392e+07,
2.703974e+07,
6554173,
5407949,
5407949,
5407949,
5407949,
5407949,
1310835,
1310835,
1310835,
1310835,
1310835,
3.08512e+08,
2.529292e+08,
5.558286e+07,
5.058583e+07,
5.058583e+07,
5.058583e+07,
5.058583e+07,
5.058583e+07,
1.111657e+07,
1.111657e+07,
1.111657e+07,
1.111657e+07,
1.111657e+07,
1.110494e+08,
8.608996e+07,
2.495947e+07,
1.721799e+07,
1.721799e+07,
1.721799e+07,
1.721799e+07,
1.721799e+07,
4991894,
4991894,
4991894,
4991894,
4991894,
8.363834e+07,
5.128282e+07,
3.235551e+07,
1.025656e+07,
1.025656e+07,
1.025656e+07,
1.025656e+07,
1.025656e+07,
6471103,
6471103,
6471103,
6471103,
6471103,
1.945176e+08,
1.674201e+08,
2.709746e+07,
3.348402e+07,
3.348402e+07,
3.348402e+07,
3.348402e+07,
3.348402e+07,
5419492,
5419492,
5419492,
5419492,
5419492,
1.945245e+08,
1.577592e+08,
3.676535e+07,
3.155183e+07,
3.155183e+07,
3.155183e+07,
3.155183e+07,
3.155183e+07,
7353070,
7353070,
7353070,
7353070,
7353070,
1.702826e+08,
9.168175e+07,
7.860083e+07,
1.833635e+07,
1.833635e+07,
1.833635e+07,
1.833635e+07,
1.833635e+07,
1.572017e+07,
1.572017e+07,
1.572017e+07,
1.572017e+07,
1.572017e+07,
4.109236e+08,
1.770704e+08,
2.338532e+08,
3.541407e+07,
3.541407e+07,
3.541407e+07,
3.541407e+07,
3.541407e+07,
4.677064e+07,
4.677064e+07,
4.677064e+07,
4.677064e+07,
4.677064e+07,
2.591916e+08,
6.016788e+07,
1.990238e+08,
1.203358e+07,
1.203358e+07,
1.203358e+07,
1.203358e+07,
1.203358e+07,
3.980475e+07,
3.980475e+07,
3.980475e+07,
3.980475e+07,
3.980475e+07,
5.117078e+07,
3.132583e+07,
1.984495e+07,
6265167,
6265167,
6265167,
6265167,
6265167,
3968990,
3968990,
3968990,
3968990,
3968990,
4.073175e+08,
3.116618e+08,
9.565569e+07,
6.233235e+07,
6.233235e+07,
6.233235e+07,
6.233235e+07,
6.233235e+07,
1.913114e+07,
1.913114e+07,
1.913114e+07,
1.913114e+07,
1.913114e+07,
1.256701e+08,
7.703662e+07,
4.863346e+07,
1.540733e+07,
1.540733e+07,
1.540733e+07,
1.540733e+07,
1.540733e+07,
9726693,
9726693,
9726693,
9726693,
9726693,
7.222564e+07,
4.996295e+07,
2.226269e+07,
9992590,
9992590,
9992590,
9992590,
9992590,
4452537,
4452537,
4452537,
4452537,
4452537,
5.937108e+07,
4.045042e+07,
1.892066e+07,
8090084,
8090084,
8090084,
8090084,
8090084,
3784132,
3784132,
3784132,
3784132,
3784132,
6.263385e+07,
2.623738e+07,
3.639647e+07,
5247476,
5247476,
5247476,
5247476,
5247476,
7279295,
7279295,
7279295,
7279295,
7279295,
1.591028e+08,
1.132474e+08,
4.585531e+07,
2.264949e+07,
2.264949e+07,
2.264949e+07,
2.264949e+07,
2.264949e+07,
9171062,
9171062,
9171062,
9171062,
9171062,
2.180585e+08,
1.476734e+08,
7.038517e+07,
2.953467e+07,
2.953467e+07,
2.953467e+07,
2.953467e+07,
2.953467e+07,
1.407703e+07,
1.407703e+07,
1.407703e+07,
1.407703e+07,
1.407703e+07,
1.22364e+09,
3.640476e+08,
8.595925e+08,
7.280952e+07,
7.280952e+07,
7.280952e+07,
7.280952e+07,
7.280952e+07,
1.719185e+08,
1.719185e+08,
1.719185e+08,
1.719185e+08,
1.719185e+08,
7.316953e+07,
5.493785e+07,
1.823167e+07,
1.098757e+07,
1.098757e+07,
1.098757e+07,
1.098757e+07,
1.098757e+07,
3646335,
3646335,
3646335,
3646335,
3646335,
1.372474e+09,
6.367489e+08,
7.357251e+08,
1.273498e+08,
1.273498e+08,
1.273498e+08,
1.273498e+08,
1.273498e+08,
1.47145e+08,
1.47145e+08,
1.47145e+08,
1.47145e+08,
1.47145e+08,
3.513288e+08,
1.404555e+08,
2.108733e+08,
2.809111e+07,
2.809111e+07,
2.809111e+07,
2.809111e+07,
2.809111e+07,
4.217465e+07,
4.217465e+07,
4.217465e+07,
4.217465e+07,
4.217465e+07,
2.483402e+08,
1.07035e+08,
1.413052e+08,
2.140701e+07,
2.140701e+07,
2.140701e+07,
2.140701e+07,
2.140701e+07,
2.826103e+07,
2.826103e+07,
2.826103e+07,
2.826103e+07,
2.826103e+07,
1.28117e+08,
8.540127e+07,
4.271576e+07,
1.708025e+07,
1.708025e+07,
1.708025e+07,
1.708025e+07,
1.708025e+07,
8543151,
8543151,
8543151,
8543151,
8543151,
2.88507e+07,
2.41948e+07,
4655905,
4838960,
4838960,
4838960,
4838960,
4838960,
931180.9,
931180.9,
931180.9,
931180.9,
931180.9,
4.127715e+08,
1.207324e+08,
2.92039e+08,
2.414649e+07,
2.414649e+07,
2.414649e+07,
2.414649e+07,
2.414649e+07,
5.840781e+07,
5.840781e+07,
5.840781e+07,
5.840781e+07,
5.840781e+07,
1.364201e+08,
4.692663e+07,
8.949344e+07,
9385326,
9385326,
9385326,
9385326,
9385326,
1.789869e+07,
1.789869e+07,
1.789869e+07,
1.789869e+07,
1.789869e+07,
0,
0,
0,
0,
0,
0,
0,
0,
0,
0,
0,
0,
0,
2010, 
3.396341e+07,
2.73684e+07,
6595016,
5473679,
5473679,
5473679,
5473679,
5473679,
1319003,
1319003,
1319003,
1319003,
1319003,
3.111828e+08,
2.560604e+08,
5.512242e+07,
5.121208e+07,
5.121208e+07,
5.121208e+07,
5.121208e+07,
5.121208e+07,
1.102449e+07,
1.102449e+07,
1.102449e+07,
1.102449e+07,
1.102449e+07,
1.125324e+08,
8.758172e+07,
2.495068e+07,
1.751634e+07,
1.751634e+07,
1.751634e+07,
1.751634e+07,
1.751634e+07,
4990137,
4990137,
4990137,
4990137,
4990137,
8.459204e+07,
5.224329e+07,
3.234875e+07,
1.044866e+07,
1.044866e+07,
1.044866e+07,
1.044866e+07,
1.044866e+07,
6469751,
6469751,
6469751,
6469751,
6469751,
1.963535e+08,
1.699027e+08,
2.645078e+07,
3.398054e+07,
3.398054e+07,
3.398054e+07,
3.398054e+07,
3.398054e+07,
5290156,
5290156,
5290156,
5290156,
5290156,
1.967216e+08,
1.601559e+08,
3.656565e+07,
3.203119e+07,
3.203119e+07,
3.203119e+07,
3.203119e+07,
3.203119e+07,
7313130,
7313130,
7313130,
7313130,
7313130,
1.73374e+08,
9.38808e+07,
7.949317e+07,
1.877616e+07,
1.877616e+07,
1.877616e+07,
1.877616e+07,
1.877616e+07,
1.589863e+07,
1.589863e+07,
1.589863e+07,
1.589863e+07,
1.589863e+07,
4.229112e+08,
1.848344e+08,
2.380767e+08,
3.696689e+07,
3.696689e+07,
3.696689e+07,
3.696689e+07,
3.696689e+07,
4.761535e+07,
4.761535e+07,
4.761535e+07,
4.761535e+07,
4.761535e+07,
2.667339e+08,
6.270588e+07,
2.04028e+08,
1.254118e+07,
1.254118e+07,
1.254118e+07,
1.254118e+07,
1.254118e+07,
4.080561e+07,
4.080561e+07,
4.080561e+07,
4.080561e+07,
4.080561e+07,
5.178492e+07,
3.195233e+07,
1.983259e+07,
6390467,
6390467,
6390467,
6390467,
6390467,
3966518,
3966518,
3966518,
3966518,
3966518,
4.091818e+08,
3.141489e+08,
9.503286e+07,
6.282978e+07,
6.282978e+07,
6.282978e+07,
6.282978e+07,
6.282978e+07,
1.900657e+07,
1.900657e+07,
1.900657e+07,
1.900657e+07,
1.900657e+07,
1.253962e+08,
7.710119e+07,
4.829505e+07,
1.542024e+07,
1.542024e+07,
1.542024e+07,
1.542024e+07,
1.542024e+07,
9659010,
9659010,
9659010,
9659010,
9659010,
7.319534e+07,
5.097982e+07,
2.221552e+07,
1.019597e+07,
1.019597e+07,
1.019597e+07,
1.019597e+07,
1.019597e+07,
4443104,
4443104,
4443104,
4443104,
4443104,
5.909263e+07,
4.0433e+07,
1.865963e+07,
8086601,
8086601,
8086601,
8086601,
8086601,
3731926,
3731926,
3731926,
3731926,
3731926,
6.361558e+07,
2.668563e+07,
3.692996e+07,
5337125,
5337125,
5337125,
5337125,
5337125,
7385992,
7385992,
7385992,
7385992,
7385992,
1.592629e+08,
1.134169e+08,
4.584602e+07,
2.268338e+07,
2.268338e+07,
2.268338e+07,
2.268338e+07,
2.268338e+07,
9169203,
9169203,
9169203,
9169203,
9169203,
2.236141e+08,
1.523471e+08,
7.126704e+07,
3.046942e+07,
3.046942e+07,
3.046942e+07,
3.046942e+07,
3.046942e+07,
1.425341e+07,
1.425341e+07,
1.425341e+07,
1.425341e+07,
1.425341e+07,
1.240614e+09,
3.723082e+08,
8.683055e+08,
7.446164e+07,
7.446164e+07,
7.446164e+07,
7.446164e+07,
7.446164e+07,
1.736611e+08,
1.736611e+08,
1.736611e+08,
1.736611e+08,
1.736611e+08,
7.349948e+07,
5.536261e+07,
1.813687e+07,
1.107252e+07,
1.107252e+07,
1.107252e+07,
1.107252e+07,
1.107252e+07,
3627375,
3627375,
3627375,
3627375,
3627375,
1.381667e+09,
6.532286e+08,
7.284381e+08,
1.306457e+08,
1.306457e+08,
1.306457e+08,
1.306457e+08,
1.306457e+08,
1.456876e+08,
1.456876e+08,
1.456876e+08,
1.456876e+08,
1.456876e+08,
3.55762e+08,
1.440482e+08,
2.117138e+08,
2.880965e+07,
2.880965e+07,
2.880965e+07,
2.880965e+07,
2.880965e+07,
4.234275e+07,
4.234275e+07,
4.234275e+07,
4.234275e+07,
4.234275e+07,
2.515994e+08,
1.090156e+08,
1.425839e+08,
2.180311e+07,
2.180311e+07,
2.180311e+07,
2.180311e+07,
2.180311e+07,
2.851677e+07,
2.851677e+07,
2.851677e+07,
2.851677e+07,
2.851677e+07,
1.281054e+08,
8.56167e+07,
4.248873e+07,
1.712334e+07,
1.712334e+07,
1.712334e+07,
1.712334e+07,
1.712334e+07,
8497746,
8497746,
8497746,
8497746,
8497746,
2.928428e+07,
2.460799e+07,
4676293,
4921598,
4921598,
4921598,
4921598,
4921598,
935258.6,
935258.6,
935258.6,
935258.6,
935258.6,
4.199325e+08,
1.243429e+08,
2.955896e+08,
2.486858e+07,
2.486858e+07,
2.486858e+07,
2.486858e+07,
2.486858e+07,
5.911793e+07,
5.911793e+07,
5.911793e+07,
5.911793e+07,
5.911793e+07,
1.402123e+08,
4.898152e+07,
9.123079e+07,
9796304,
9796304,
9796304,
9796304,
9796304,
1.824616e+07,
1.824616e+07,
1.824616e+07,
1.824616e+07,
1.824616e+07,
0,
0,
0,
0,
0,
0,
0,
0,
0,
0,
0,
0,
0,
2011, 
3.432353e+07,
2.777086e+07,
6552671,
5554173,
5554173,
5554173,
5554173,
5554173,
1310534,
1310534,
1310534,
1310534,
1310534,
3.138766e+08,
2.591479e+08,
5.472876e+07,
5.182957e+07,
5.182957e+07,
5.182957e+07,
5.182957e+07,
5.182957e+07,
1.094575e+07,
1.094575e+07,
1.094575e+07,
1.094575e+07,
1.094575e+07,
1.141505e+08,
8.922753e+07,
2.492296e+07,
1.784551e+07,
1.784551e+07,
1.784551e+07,
1.784551e+07,
1.784551e+07,
4984591,
4984591,
4984591,
4984591,
4984591,
8.55457e+07,
5.323426e+07,
3.231144e+07,
1.064685e+07,
1.064685e+07,
1.064685e+07,
1.064685e+07,
1.064685e+07,
6462288,
6462288,
6462288,
6462288,
6462288,
1.981853e+08,
1.719198e+08,
2.626555e+07,
3.438395e+07,
3.438395e+07,
3.438395e+07,
3.438395e+07,
3.438395e+07,
5253111,
5253111,
5253111,
5253111,
5253111,
1.989467e+08,
1.625541e+08,
3.639258e+07,
3.251082e+07,
3.251082e+07,
3.251082e+07,
3.251082e+07,
3.251082e+07,
7278515,
7278515,
7278515,
7278515,
7278515,
1.762972e+08,
9.64157e+07,
7.988154e+07,
1.928314e+07,
1.928314e+07,
1.928314e+07,
1.928314e+07,
1.928314e+07,
1.597631e+07,
1.597631e+07,
1.597631e+07,
1.597631e+07,
1.597631e+07,
4.353295e+08,
1.929156e+08,
2.424139e+08,
3.858312e+07,
3.858312e+07,
3.858312e+07,
3.858312e+07,
3.858312e+07,
4.848278e+07,
4.848278e+07,
4.848278e+07,
4.848278e+07,
4.848278e+07,
2.741003e+08,
6.572274e+07,
2.083776e+08,
1.314455e+07,
1.314455e+07,
1.314455e+07,
1.314455e+07,
1.314455e+07,
4.167551e+07,
4.167551e+07,
4.167551e+07,
4.167551e+07,
4.167551e+07,
5.244332e+07,
3.264439e+07,
1.979894e+07,
6528878,
6528878,
6528878,
6528878,
6528878,
3959787,
3959787,
3959787,
3959787,
3959787,
4.109598e+08,
3.169093e+08,
9.405054e+07,
6.338186e+07,
6.338186e+07,
6.338186e+07,
6.338186e+07,
6.338186e+07,
1.881011e+07,
1.881011e+07,
1.881011e+07,
1.881011e+07,
1.881011e+07,
1.250961e+08,
7.756454e+07,
4.753155e+07,
1.551291e+07,
1.551291e+07,
1.551291e+07,
1.551291e+07,
1.551291e+07,
9506310,
9506310,
9506310,
9506310,
9506310,
7.417385e+07,
5.187554e+07,
2.229832e+07,
1.037511e+07,
1.037511e+07,
1.037511e+07,
1.037511e+07,
1.037511e+07,
4459663,
4459663,
4459663,
4459663,
4459663,
5.881824e+07,
4.04686e+07,
1.834964e+07,
8093719,
8093719,
8093719,
8093719,
8093719,
3669929,
3669929,
3669929,
3669929,
3669929,
6.462034e+07,
2.750165e+07,
3.711869e+07,
5500330,
5500330,
5500330,
5500330,
5500330,
7423739,
7423739,
7423739,
7423739,
7423739,
1.594742e+08,
1.142218e+08,
4.525239e+07,
2.284436e+07,
2.284436e+07,
2.284436e+07,
2.284436e+07,
2.284436e+07,
9050478,
9050478,
9050478,
9050478,
9050478,
2.28723e+08,
1.567436e+08,
7.197934e+07,
3.134873e+07,
3.134873e+07,
3.134873e+07,
3.134873e+07,
3.134873e+07,
1.439587e+07,
1.439587e+07,
1.439587e+07,
1.439587e+07,
1.439587e+07,
1.257621e+09,
3.846095e+08,
8.730118e+08,
7.69219e+07,
7.69219e+07,
7.69219e+07,
7.69219e+07,
7.69219e+07,
1.746024e+08,
1.746024e+08,
1.746024e+08,
1.746024e+08,
1.746024e+08,
7.395366e+07,
5.597517e+07,
1.797849e+07,
1.119503e+07,
1.119503e+07,
1.119503e+07,
1.119503e+07,
1.119503e+07,
3595699,
3595699,
3595699,
3595699,
3595699,
1.390729e+09,
6.682052e+08,
7.225236e+08,
1.33641e+08,
1.33641e+08,
1.33641e+08,
1.33641e+08,
1.33641e+08,
1.445047e+08,
1.445047e+08,
1.445047e+08,
1.445047e+08,
1.445047e+08,
3.601646e+08,
1.480481e+08,
2.121165e+08,
2.960962e+07,
2.960962e+07,
2.960962e+07,
2.960962e+07,
2.960962e+07,
4.242329e+07,
4.242329e+07,
4.242329e+07,
4.242329e+07,
4.242329e+07,
2.549063e+08,
1.120542e+08,
1.428521e+08,
2.241085e+07,
2.241085e+07,
2.241085e+07,
2.241085e+07,
2.241085e+07,
2.857042e+07,
2.857042e+07,
2.857042e+07,
2.857042e+07,
2.857042e+07,
1.280073e+08,
8.604431e+07,
4.196295e+07,
1.720886e+07,
1.720886e+07,
1.720886e+07,
1.720886e+07,
1.720886e+07,
8392590,
8392590,
8392590,
8392590,
8392590,
2.969061e+07,
2.500815e+07,
4682455,
5001631,
5001631,
5001631,
5001631,
5001631,
936490.9,
936490.9,
936490.9,
936490.9,
936490.9,
4.272768e+08,
1.29027e+08,
2.982498e+08,
2.58054e+07,
2.58054e+07,
2.58054e+07,
2.58054e+07,
2.58054e+07,
5.964996e+07,
5.964996e+07,
5.964996e+07,
5.964996e+07,
5.964996e+07,
1.442827e+08,
5.124936e+07,
9.303334e+07,
1.024987e+07,
1.024987e+07,
1.024987e+07,
1.024987e+07,
1.024987e+07,
1.860667e+07,
1.860667e+07,
1.860667e+07,
1.860667e+07,
1.860667e+07,
0,
0,
0,
0,
0,
0,
0,
0,
0,
0,
0,
0,
0,
2012, 
3.469188e+07,
2.818237e+07,
6509514,
5636473,
5636473,
5636473,
5636473,
5636473,
1301903,
1301903,
1301903,
1301903,
1301903,
3.166513e+08,
2.623173e+08,
5.433403e+07,
5.246345e+07,
5.246345e+07,
5.246345e+07,
5.246345e+07,
5.246345e+07,
1.086681e+07,
1.086681e+07,
1.086681e+07,
1.086681e+07,
1.086681e+07,
1.157559e+08,
9.087436e+07,
2.488156e+07,
1.817487e+07,
1.817487e+07,
1.817487e+07,
1.817487e+07,
1.817487e+07,
4976311,
4976311,
4976311,
4976311,
4976311,
8.654183e+07,
5.426083e+07,
3.228101e+07,
1.085217e+07,
1.085217e+07,
1.085217e+07,
1.085217e+07,
1.085217e+07,
6456201,
6456201,
6456201,
6456201,
6456201,
1.999777e+08,
1.739105e+08,
2.606721e+07,
3.47821e+07,
3.47821e+07,
3.47821e+07,
3.47821e+07,
3.47821e+07,
5213441,
5213441,
5213441,
5213441,
5213441,
2.011859e+08,
1.64977e+08,
3.620893e+07,
3.29954e+07,
3.29954e+07,
3.29954e+07,
3.29954e+07,
3.29954e+07,
7241787,
7241787,
7241787,
7241787,
7241787,
1.793433e+08,
9.905e+07,
8.02933e+07,
1.981e+07,
1.981e+07,
1.981e+07,
1.981e+07,
1.981e+07,
1.605866e+07,
1.605866e+07,
1.605866e+07,
1.605866e+07,
1.605866e+07,
4.479858e+08,
2.012551e+08,
2.467307e+08,
4.025102e+07,
4.025102e+07,
4.025102e+07,
4.025102e+07,
4.025102e+07,
4.934613e+07,
4.934613e+07,
4.934613e+07,
4.934613e+07,
4.934613e+07,
2.815318e+08,
6.882458e+07,
2.127072e+08,
1.376492e+07,
1.376492e+07,
1.376492e+07,
1.376492e+07,
1.376492e+07,
4.254144e+07,
4.254144e+07,
4.254144e+07,
4.254144e+07,
4.254144e+07,
5.314504e+07,
3.337081e+07,
1.977422e+07,
6674163,
6674163,
6674163,
6674163,
6674163,
3954845,
3954845,
3954845,
3954845,
3954845,
4.125353e+08,
3.195248e+08,
9.301047e+07,
6.390497e+07,
6.390497e+07,
6.390497e+07,
6.390497e+07,
6.390497e+07,
1.860209e+07,
1.860209e+07,
1.860209e+07,
1.860209e+07,
1.860209e+07,
1.247928e+08,
7.802283e+07,
4.677e+07,
1.560457e+07,
1.560457e+07,
1.560457e+07,
1.560457e+07,
1.560457e+07,
9353999,
9353999,
9353999,
9353999,
9353999,
7.527743e+07,
5.286473e+07,
2.24127e+07,
1.057295e+07,
1.057295e+07,
1.057295e+07,
1.057295e+07,
1.057295e+07,
4482541,
4482541,
4482541,
4482541,
4482541,
5.860717e+07,
4.054591e+07,
1.806125e+07,
8109183,
8109183,
8109183,
8109183,
8109183,
3612250,
3612250,
3612250,
3612250,
3612250,
6.565293e+07,
2.834196e+07,
3.731098e+07,
5668392,
5668392,
5668392,
5668392,
5668392,
7462195,
7462195,
7462195,
7462195,
7462195,
1.598337e+08,
1.151352e+08,
4.469849e+07,
2.302704e+07,
2.302704e+07,
2.302704e+07,
2.302704e+07,
2.302704e+07,
8939698,
8939698,
8939698,
8939698,
8939698,
2.337317e+08,
1.611121e+08,
7.261962e+07,
3.222242e+07,
3.222242e+07,
3.222242e+07,
3.222242e+07,
3.222242e+07,
1.452393e+07,
1.452393e+07,
1.452393e+07,
1.452393e+07,
1.452393e+07,
1.274487e+09,
3.970613e+08,
8.774259e+08,
7.941226e+07,
7.941226e+07,
7.941226e+07,
7.941226e+07,
7.941226e+07,
1.754852e+08,
1.754852e+08,
1.754852e+08,
1.754852e+08,
1.754852e+08,
7.452196e+07,
5.667784e+07,
1.784412e+07,
1.133557e+07,
1.133557e+07,
1.133557e+07,
1.133557e+07,
1.133557e+07,
3568824,
3568824,
3568824,
3568824,
3568824,
1.400404e+09,
6.836206e+08,
7.167834e+08,
1.367241e+08,
1.367241e+08,
1.367241e+08,
1.367241e+08,
1.367241e+08,
1.433567e+08,
1.433567e+08,
1.433567e+08,
1.433567e+08,
1.433567e+08,
3.645898e+08,
1.521116e+08,
2.124782e+08,
3.042233e+07,
3.042233e+07,
3.042233e+07,
3.042233e+07,
3.042233e+07,
4.249564e+07,
4.249564e+07,
4.249564e+07,
4.249564e+07,
4.249564e+07,
2.582492e+08,
1.151506e+08,
1.430987e+08,
2.303012e+07,
2.303012e+07,
2.303012e+07,
2.303012e+07,
2.303012e+07,
2.861973e+07,
2.861973e+07,
2.861973e+07,
2.861973e+07,
2.861973e+07,
1.278537e+08,
8.643371e+07,
4.141998e+07,
1.728674e+07,
1.728674e+07,
1.728674e+07,
1.728674e+07,
1.728674e+07,
8283995,
8283995,
8283995,
8283995,
8283995,
3.012544e+07,
2.543399e+07,
4691449,
5086799,
5086799,
5086799,
5086799,
5086799,
938289.7,
938289.7,
938289.7,
938289.7,
938289.7,
4.342195e+08,
1.336738e+08,
3.005457e+08,
2.673476e+07,
2.673476e+07,
2.673476e+07,
2.673476e+07,
2.673476e+07,
6.010914e+07,
6.010914e+07,
6.010914e+07,
6.010914e+07,
6.010914e+07,
1.485623e+08,
5.364047e+07,
9.492186e+07,
1.072809e+07,
1.072809e+07,
1.072809e+07,
1.072809e+07,
1.072809e+07,
1.898437e+07,
1.898437e+07,
1.898437e+07,
1.898437e+07,
1.898437e+07,
0,
0,
0,
0,
0,
0,
0,
0,
0,
0,
0,
0,
0,
2013, 
3.506369e+07,
2.85991e+07,
6464586,
5719821,
5719821,
5719821,
5719821,
5719821,
1292917,
1292917,
1292917,
1292917,
1292917,
3.193752e+08,
2.654598e+08,
5.391532e+07,
5.309197e+07,
5.309197e+07,
5.309197e+07,
5.309197e+07,
5.309197e+07,
1.078306e+07,
1.078306e+07,
1.078306e+07,
1.078306e+07,
1.078306e+07,
1.172907e+08,
9.247636e+07,
2.481433e+07,
1.849527e+07,
1.849527e+07,
1.849527e+07,
1.849527e+07,
1.849527e+07,
4962867,
4962867,
4962867,
4962867,
4962867,
8.752436e+07,
5.528816e+07,
3.22362e+07,
1.105763e+07,
1.105763e+07,
1.105763e+07,
1.105763e+07,
1.105763e+07,
6447240,
6447240,
6447240,
6447240,
6447240,
2.017218e+08,
1.758669e+08,
2.585485e+07,
3.517338e+07,
3.517338e+07,
3.517338e+07,
3.517338e+07,
3.517338e+07,
5170969,
5170969,
5170969,
5170969,
5170969,
2.034229e+08,
1.674112e+08,
3.601166e+07,
3.348224e+07,
3.348224e+07,
3.348224e+07,
3.348224e+07,
3.348224e+07,
7202333,
7202333,
7202333,
7202333,
7202333,
1.829303e+08,
1.020189e+08,
8.091145e+07,
2.040377e+07,
2.040377e+07,
2.040377e+07,
2.040377e+07,
2.040377e+07,
1.618229e+07,
1.618229e+07,
1.618229e+07,
1.618229e+07,
1.618229e+07,
4.608583e+08,
2.098474e+08,
2.510109e+08,
4.196948e+07,
4.196948e+07,
4.196948e+07,
4.196948e+07,
4.196948e+07,
5.020218e+07,
5.020218e+07,
5.020218e+07,
5.020218e+07,
5.020218e+07,
2.892003e+08,
7.205518e+07,
2.171451e+08,
1.441104e+07,
1.441104e+07,
1.441104e+07,
1.441104e+07,
1.441104e+07,
4.342902e+07,
4.342902e+07,
4.342902e+07,
4.342902e+07,
4.342902e+07,
5.387362e+07,
3.41219e+07,
1.975171e+07,
6824381,
6824381,
6824381,
6824381,
6824381,
3950342,
3950342,
3950342,
3950342,
3950342,
4.13839e+08,
3.219396e+08,
9.189934e+07,
6.438793e+07,
6.438793e+07,
6.438793e+07,
6.438793e+07,
6.438793e+07,
1.837987e+07,
1.837987e+07,
1.837987e+07,
1.837987e+07,
1.837987e+07,
1.244679e+08,
7.846434e+07,
4.600358e+07,
1.569287e+07,
1.569287e+07,
1.569287e+07,
1.569287e+07,
1.569287e+07,
9200717,
9200717,
9200717,
9200717,
9200717,
7.657612e+07,
5.399788e+07,
2.257824e+07,
1.079958e+07,
1.079958e+07,
1.079958e+07,
1.079958e+07,
1.079958e+07,
4515649,
4515649,
4515649,
4515649,
4515649,
5.841477e+07,
4.063462e+07,
1.778015e+07,
8126924,
8126924,
8126924,
8126924,
8126924,
3556030,
3556030,
3556030,
3556030,
3556030,
6.672522e+07,
2.921225e+07,
3.751297e+07,
5842451,
5842451,
5842451,
5842451,
5842451,
7502594,
7502594,
7502594,
7502594,
7502594,
1.602588e+08,
1.160991e+08,
4.41597e+07,
2.321981e+07,
2.321981e+07,
2.321981e+07,
2.321981e+07,
2.321981e+07,
8831940,
8831940,
8831940,
8831940,
8831940,
2.387974e+08,
1.655601e+08,
7.323726e+07,
3.311203e+07,
3.311203e+07,
3.311203e+07,
3.311203e+07,
3.311203e+07,
1.464745e+07,
1.464745e+07,
1.464745e+07,
1.464745e+07,
1.464745e+07,
1.291132e+09,
4.096361e+08,
8.814961e+08,
8.192722e+07,
8.192722e+07,
8.192722e+07,
8.192722e+07,
8.192722e+07,
1.762992e+08,
1.762992e+08,
1.762992e+08,
1.762992e+08,
1.762992e+08,
7.510005e+07,
5.739215e+07,
1.77079e+07,
1.147843e+07,
1.147843e+07,
1.147843e+07,
1.147843e+07,
1.147843e+07,
3541580,
3541580,
3541580,
3541580,
3541580,
1.410166e+09,
6.992276e+08,
7.109384e+08,
1.398455e+08,
1.398455e+08,
1.398455e+08,
1.398455e+08,
1.398455e+08,
1.421877e+08,
1.421877e+08,
1.421877e+08,
1.421877e+08,
1.421877e+08,
3.689813e+08,
1.562154e+08,
2.12766e+08,
3.124307e+07,
3.124307e+07,
3.124307e+07,
3.124307e+07,
3.124307e+07,
4.255319e+07,
4.255319e+07,
4.255319e+07,
4.255319e+07,
4.255319e+07,
2.615216e+08,
1.182572e+08,
1.432644e+08,
2.365143e+07,
2.365143e+07,
2.365143e+07,
2.365143e+07,
2.365143e+07,
2.865288e+07,
2.865288e+07,
2.865288e+07,
2.865288e+07,
2.865288e+07,
1.276789e+08,
8.680753e+07,
4.08714e+07,
1.736151e+07,
1.736151e+07,
1.736151e+07,
1.736151e+07,
1.736151e+07,
8174281,
8174281,
8174281,
8174281,
8174281,
3.058221e+07,
2.588011e+07,
4702094,
5176023,
5176023,
5176023,
5176023,
5176023,
940418.8,
940418.8,
940418.8,
940418.8,
940418.8,
4.405518e+08,
1.382107e+08,
3.023412e+08,
2.764213e+07,
2.764213e+07,
2.764213e+07,
2.764213e+07,
2.764213e+07,
6.046824e+07,
6.046824e+07,
6.046824e+07,
6.046824e+07,
6.046824e+07,
1.530816e+08,
5.616969e+07,
9.69119e+07,
1.123394e+07,
1.123394e+07,
1.123394e+07,
1.123394e+07,
1.123394e+07,
1.938238e+07,
1.938238e+07,
1.938238e+07,
1.938238e+07,
1.938238e+07,
0,
0,
0,
0,
0,
0,
0,
0,
0,
0,
0,
0,
0,
2014, 
3.540461e+07,
2.899298e+07,
6411631,
5798596,
5798596,
5798596,
5798596,
5798596,
1282326,
1282326,
1282326,
1282326,
1282326,
3.22034e+08,
2.685633e+08,
5.347069e+07,
5.371265e+07,
5.371265e+07,
5.371265e+07,
5.371265e+07,
5.371265e+07,
1.069414e+07,
1.069414e+07,
1.069414e+07,
1.069414e+07,
1.069414e+07,
1.187559e+08,
9.403366e+07,
2.472224e+07,
1.880673e+07,
1.880673e+07,
1.880673e+07,
1.880673e+07,
1.880673e+07,
4944447,
4944447,
4944447,
4944447,
4944447,
8.848309e+07,
5.630958e+07,
3.21735e+07,
1.126192e+07,
1.126192e+07,
1.126192e+07,
1.126192e+07,
1.126192e+07,
6434701,
6434701,
6434701,
6434701,
6434701,
2.034596e+08,
1.778256e+08,
2.563411e+07,
3.556511e+07,
3.556511e+07,
3.556511e+07,
3.556511e+07,
3.556511e+07,
5126822,
5126822,
5126822,
5126822,
5126822,
2.056658e+08,
1.698636e+08,
3.580226e+07,
3.397272e+07,
3.397272e+07,
3.397272e+07,
3.397272e+07,
3.397272e+07,
7160452,
7160452,
7160452,
7160452,
7160452,
1.866058e+08,
1.050763e+08,
8.152951e+07,
2.101526e+07,
2.101526e+07,
2.101526e+07,
2.101526e+07,
2.101526e+07,
1.63059e+07,
1.63059e+07,
1.63059e+07,
1.63059e+07,
1.63059e+07,
4.740886e+08,
2.187617e+08,
2.553269e+08,
4.375234e+07,
4.375234e+07,
4.375234e+07,
4.375234e+07,
4.375234e+07,
5.106538e+07,
5.106538e+07,
5.106538e+07,
5.106538e+07,
5.106538e+07,
2.968523e+08,
7.53535e+07,
2.214988e+08,
1.50707e+07,
1.50707e+07,
1.50707e+07,
1.50707e+07,
1.50707e+07,
4.429976e+07,
4.429976e+07,
4.429976e+07,
4.429976e+07,
4.429976e+07,
5.472955e+07,
3.49623e+07,
1.976726e+07,
6992459,
6992459,
6992459,
6992459,
6992459,
3953451,
3953451,
3953451,
3953451,
3953451,
4.15094e+08,
3.243253e+08,
9.076871e+07,
6.486506e+07,
6.486506e+07,
6.486506e+07,
6.486506e+07,
6.486506e+07,
1.815374e+07,
1.815374e+07,
1.815374e+07,
1.815374e+07,
1.815374e+07,
1.241274e+08,
7.889256e+07,
4.523484e+07,
1.577851e+07,
1.577851e+07,
1.577851e+07,
1.577851e+07,
1.577851e+07,
9046968,
9046968,
9046968,
9046968,
9046968,
7.811207e+07,
5.530652e+07,
2.280556e+07,
1.106131e+07,
1.106131e+07,
1.106131e+07,
1.106131e+07,
1.106131e+07,
4561111,
4561111,
4561111,
4561111,
4561111,
5.818015e+07,
4.069233e+07,
1.748782e+07,
8138467,
8138467,
8138467,
8138467,
8138467,
3497563,
3497563,
3497563,
3497563,
3497563,
6.784276e+07,
3.011573e+07,
3.772703e+07,
6023146,
6023146,
6023146,
6023146,
6023146,
7545406,
7545406,
7545406,
7545406,
7545406,
1.606911e+08,
1.170717e+08,
4.36194e+07,
2.341434e+07,
2.341434e+07,
2.341434e+07,
2.341434e+07,
2.341434e+07,
8723880,
8723880,
8723880,
8723880,
8723880,
2.439684e+08,
1.701221e+08,
7.38462e+07,
3.402443e+07,
3.402443e+07,
3.402443e+07,
3.402443e+07,
3.402443e+07,
1.476924e+07,
1.476924e+07,
1.476924e+07,
1.476924e+07,
1.476924e+07,
1.307246e+09,
4.2223e+08,
8.850165e+08,
8.444599e+07,
8.444599e+07,
8.444599e+07,
8.444599e+07,
8.444599e+07,
1.770033e+08,
1.770033e+08,
1.770033e+08,
1.770033e+08,
1.770033e+08,
7.568418e+07,
5.811532e+07,
1.756885e+07,
1.162307e+07,
1.162307e+07,
1.162307e+07,
1.162307e+07,
1.162307e+07,
3513771,
3513771,
3513771,
3513771,
3513771,
1.419471e+09,
7.147549e+08,
7.047164e+08,
1.42951e+08,
1.42951e+08,
1.42951e+08,
1.42951e+08,
1.42951e+08,
1.409433e+08,
1.409433e+08,
1.409433e+08,
1.409433e+08,
1.409433e+08,
3.732748e+08,
1.603311e+08,
2.129437e+08,
3.206621e+07,
3.206621e+07,
3.206621e+07,
3.206621e+07,
3.206621e+07,
4.258875e+07,
4.258875e+07,
4.258875e+07,
4.258875e+07,
4.258875e+07,
2.646939e+08,
1.213591e+08,
1.433348e+08,
2.427182e+07,
2.427182e+07,
2.427182e+07,
2.427182e+07,
2.427182e+07,
2.866696e+07,
2.866696e+07,
2.866696e+07,
2.866696e+07,
2.866696e+07,
1.274767e+08,
8.716124e+07,
4.03155e+07,
1.743225e+07,
1.743225e+07,
1.743225e+07,
1.743225e+07,
1.743225e+07,
8063101,
8063101,
8063101,
8063101,
8063101,
3.103724e+07,
2.632657e+07,
4710671,
5265315,
5265315,
5265315,
5265315,
5265315,
942134.1,
942134.1,
942134.1,
942134.1,
942134.1,
4.467838e+08,
1.427898e+08,
3.03994e+08,
2.855796e+07,
2.855796e+07,
2.855796e+07,
2.855796e+07,
2.855796e+07,
6.07988e+07,
6.07988e+07,
6.07988e+07,
6.07988e+07,
6.07988e+07,
1.577776e+08,
5.881778e+07,
9.895981e+07,
1.176356e+07,
1.176356e+07,
1.176356e+07,
1.176356e+07,
1.176356e+07,
1.979196e+07,
1.979196e+07,
1.979196e+07,
1.979196e+07,
1.979196e+07,
0,
0,
0,
0,
0,
0,
0,
0,
0,
0,
0,
0,
0,
2015, 
3.573212e+07,
2.937806e+07,
6354063,
5875613,
5875613,
5875613,
5875613,
5875613,
1270813,
1270813,
1270813,
1270813,
1270813,
3.246078e+08,
2.716103e+08,
5.299744e+07,
5.432207e+07,
5.432207e+07,
5.432207e+07,
5.432207e+07,
5.432207e+07,
1.059949e+07,
1.059949e+07,
1.059949e+07,
1.059949e+07,
1.059949e+07,
1.201499e+08,
9.554426e+07,
2.460564e+07,
1.910885e+07,
1.910885e+07,
1.910885e+07,
1.910885e+07,
1.910885e+07,
4921127,
4921127,
4921127,
4921127,
4921127,
8.941997e+07,
5.732601e+07,
3.209396e+07,
1.14652e+07,
1.14652e+07,
1.14652e+07,
1.14652e+07,
1.14652e+07,
6418791,
6418791,
6418791,
6418791,
6418791,
2.051882e+08,
1.797836e+08,
2.540463e+07,
3.595671e+07,
3.595671e+07,
3.595671e+07,
3.595671e+07,
3.595671e+07,
5080927,
5080927,
5080927,
5080927,
5080927,
2.079428e+08,
1.723573e+08,
3.558544e+07,
3.447147e+07,
3.447147e+07,
3.447147e+07,
3.447147e+07,
3.447147e+07,
7117088,
7117088,
7117088,
7117088,
7117088,
1.901892e+08,
1.081211e+08,
8.206815e+07,
2.162422e+07,
2.162422e+07,
2.162422e+07,
2.162422e+07,
2.162422e+07,
1.641363e+07,
1.641363e+07,
1.641363e+07,
1.641363e+07,
1.641363e+07,
4.875484e+08,
2.279445e+08,
2.596039e+08,
4.558891e+07,
4.558891e+07,
4.558891e+07,
4.558891e+07,
4.558891e+07,
5.192077e+07,
5.192077e+07,
5.192077e+07,
5.192077e+07,
5.192077e+07,
3.045425e+08,
7.873342e+07,
2.258091e+08,
1.574669e+07,
1.574669e+07,
1.574669e+07,
1.574669e+07,
1.574669e+07,
4.516182e+07,
4.516182e+07,
4.516182e+07,
4.516182e+07,
4.516182e+07,
5.58765e+07,
3.59995e+07,
1.9877e+07,
7199901,
7199901,
7199901,
7199901,
7199901,
3975399,
3975399,
3975399,
3975399,
3975399,
4.16377e+08,
3.267414e+08,
8.96356e+07,
6.534829e+07,
6.534829e+07,
6.534829e+07,
6.534829e+07,
6.534829e+07,
1.792712e+07,
1.792712e+07,
1.792712e+07,
1.792712e+07,
1.792712e+07,
1.237816e+08,
7.93139e+07,
4.446775e+07,
1.586278e+07,
1.586278e+07,
1.586278e+07,
1.586278e+07,
1.586278e+07,
8893550,
8893550,
8893550,
8893550,
8893550,
7.964618e+07,
5.662272e+07,
2.302346e+07,
1.132454e+07,
1.132454e+07,
1.132454e+07,
1.132454e+07,
1.132454e+07,
4604692,
4604692,
4604692,
4604692,
4604692,
5.796056e+07,
4.075884e+07,
1.720173e+07,
8151767,
8151767,
8151767,
8151767,
8151767,
3440345,
3440345,
3440345,
3440345,
3440345,
6.89908e+07,
3.104658e+07,
3.794422e+07,
6209317,
6209317,
6209317,
6209317,
6209317,
7588843,
7588843,
7588843,
7588843,
7588843,
1.611816e+08,
1.180905e+08,
4.309109e+07,
2.36181e+07,
2.36181e+07,
2.36181e+07,
2.36181e+07,
2.36181e+07,
8618218,
8618218,
8618218,
8618218,
8618218,
2.491999e+08,
1.747681e+08,
7.443182e+07,
3.495362e+07,
3.495362e+07,
3.495362e+07,
3.495362e+07,
3.495362e+07,
1.488637e+07,
1.488637e+07,
1.488637e+07,
1.488637e+07,
1.488637e+07,
1.322866e+09,
4.348458e+08,
8.880207e+08,
8.696915e+07,
8.696915e+07,
8.696915e+07,
8.696915e+07,
8.696915e+07,
1.776041e+08,
1.776041e+08,
1.776041e+08,
1.776041e+08,
1.776041e+08,
7.625242e+07,
5.883052e+07,
1.74219e+07,
1.17661e+07,
1.17661e+07,
1.17661e+07,
1.17661e+07,
1.17661e+07,
3484381,
3484381,
3484381,
3484381,
3484381,
1.428207e+09,
7.301343e+08,
6.980732e+08,
1.460268e+08,
1.460268e+08,
1.460268e+08,
1.460268e+08,
1.460268e+08,
1.396146e+08,
1.396146e+08,
1.396146e+08,
1.396146e+08,
1.396146e+08,
3.775522e+08,
1.644926e+08,
2.130595e+08,
3.289852e+07,
3.289852e+07,
3.289852e+07,
3.289852e+07,
3.289852e+07,
4.261191e+07,
4.261191e+07,
4.261191e+07,
4.261191e+07,
4.261191e+07,
2.677741e+08,
1.244582e+08,
1.433159e+08,
2.489165e+07,
2.489165e+07,
2.489165e+07,
2.489165e+07,
2.489165e+07,
2.866318e+07,
2.866318e+07,
2.866318e+07,
2.866318e+07,
2.866318e+07,
1.272509e+08,
8.749715e+07,
3.975378e+07,
1.749943e+07,
1.749943e+07,
1.749943e+07,
1.749943e+07,
1.749943e+07,
7950757,
7950757,
7950757,
7950757,
7950757,
3.149578e+07,
2.677781e+07,
4717972,
5355563,
5355563,
5355563,
5355563,
5355563,
943594.4,
943594.4,
943594.4,
943594.4,
943594.4,
4.526787e+08,
1.473325e+08,
3.053462e+08,
2.946649e+07,
2.946649e+07,
2.946649e+07,
2.946649e+07,
2.946649e+07,
6.106924e+07,
6.106924e+07,
6.106924e+07,
6.106924e+07,
6.106924e+07,
1.626962e+08,
6.160525e+07,
1.01091e+08,
1.232105e+07,
1.232105e+07,
1.232105e+07,
1.232105e+07,
1.232105e+07,
2.02182e+07,
2.02182e+07,
2.02182e+07,
2.02182e+07,
2.02182e+07,
0,
0,
0,
0,
0,
0,
0,
0,
0,
0,
0,
0,
0,
2016, 
3.611353e+07,
2.980977e+07,
6303759,
5961955,
5961955,
5961955,
5961955,
5961955,
1260752,
1260752,
1260752,
1260752,
1260752,
3.272102e+08,
2.746957e+08,
5.25145e+07,
5.493914e+07,
5.493914e+07,
5.493914e+07,
5.493914e+07,
5.493914e+07,
1.05029e+07,
1.05029e+07,
1.05029e+07,
1.05029e+07,
1.05029e+07,
1.215192e+08,
9.704459e+07,
2.447462e+07,
1.940892e+07,
1.940892e+07,
1.940892e+07,
1.940892e+07,
1.940892e+07,
4894925,
4894925,
4894925,
4894925,
4894925,
9.034228e+07,
5.834184e+07,
3.200044e+07,
1.166837e+07,
1.166837e+07,
1.166837e+07,
1.166837e+07,
1.166837e+07,
6400089,
6400089,
6400089,
6400089,
6400089,
2.068596e+08,
1.816989e+08,
2.516067e+07,
3.633978e+07,
3.633978e+07,
3.633978e+07,
3.633978e+07,
3.633978e+07,
5032135,
5032135,
5032135,
5032135,
5032135,
2.102386e+08,
1.748803e+08,
3.535837e+07,
3.497606e+07,
3.497606e+07,
3.497606e+07,
3.497606e+07,
3.497606e+07,
7071675,
7071675,
7071675,
7071675,
7071675,
1.937039e+08,
1.111651e+08,
8.25388e+07,
2.223303e+07,
2.223303e+07,
2.223303e+07,
2.223303e+07,
2.223303e+07,
1.650776e+07,
1.650776e+07,
1.650776e+07,
1.650776e+07,
1.650776e+07,
5.01414e+08,
2.374838e+08,
2.639302e+08,
4.749675e+07,
4.749675e+07,
4.749675e+07,
4.749675e+07,
4.749675e+07,
5.278605e+07,
5.278605e+07,
5.278605e+07,
5.278605e+07,
5.278605e+07,
3.124643e+08,
8.224644e+07,
2.302179e+08,
1.644929e+07,
1.644929e+07,
1.644929e+07,
1.644929e+07,
1.644929e+07,
4.604358e+07,
4.604358e+07,
4.604358e+07,
4.604358e+07,
4.604358e+07,
5.642227e+07,
3.665862e+07,
1.976365e+07,
7331725,
7331725,
7331725,
7331725,
7331725,
3952730,
3952730,
3952730,
3952730,
3952730,
4.176956e+08,
3.291943e+08,
8.85013e+07,
6.583886e+07,
6.583886e+07,
6.583886e+07,
6.583886e+07,
6.583886e+07,
1.770026e+07,
1.770026e+07,
1.770026e+07,
1.770026e+07,
1.770026e+07,
1.23434e+08,
7.973047e+07,
4.370359e+07,
1.594609e+07,
1.594609e+07,
1.594609e+07,
1.594609e+07,
1.594609e+07,
8740718,
8740718,
8740718,
8740718,
8740718,
8.101939e+07,
5.783294e+07,
2.318646e+07,
1.156659e+07,
1.156659e+07,
1.156659e+07,
1.156659e+07,
1.156659e+07,
4637292,
4637292,
4637292,
4637292,
4637292,
5.77668e+07,
4.084193e+07,
1.692487e+07,
8168387,
8168387,
8168387,
8168387,
8168387,
3384975,
3384975,
3384975,
3384975,
3384975,
7.01443e+07,
3.199394e+07,
3.815036e+07,
6398789,
6398789,
6398789,
6398789,
6398789,
7630071,
7630071,
7630071,
7630071,
7630071,
1.617224e+08,
1.191504e+08,
4.257199e+07,
2.383007e+07,
2.383007e+07,
2.383007e+07,
2.383007e+07,
2.383007e+07,
8514398,
8514398,
8514398,
8514398,
8514398,
2.540801e+08,
1.792081e+08,
7.487199e+07,
3.584162e+07,
3.584162e+07,
3.584162e+07,
3.584162e+07,
3.584162e+07,
1.49744e+07,
1.49744e+07,
1.49744e+07,
1.49744e+07,
1.49744e+07,
1.338636e+09,
4.476905e+08,
8.909459e+08,
8.95381e+07,
8.95381e+07,
8.95381e+07,
8.95381e+07,
8.95381e+07,
1.781892e+08,
1.781892e+08,
1.781892e+08,
1.781892e+08,
1.781892e+08,
7.669959e+07,
5.945602e+07,
1.724358e+07,
1.18912e+07,
1.18912e+07,
1.18912e+07,
1.18912e+07,
1.18912e+07,
3448716,
3448716,
3448716,
3448716,
3448716,
1.436576e+09,
7.454575e+08,
6.911188e+08,
1.490915e+08,
1.490915e+08,
1.490915e+08,
1.490915e+08,
1.490915e+08,
1.382238e+08,
1.382238e+08,
1.382238e+08,
1.382238e+08,
1.382238e+08,
3.81906e+08,
1.687406e+08,
2.131654e+08,
3.374812e+07,
3.374812e+07,
3.374812e+07,
3.374812e+07,
3.374812e+07,
4.263308e+07,
4.263308e+07,
4.263308e+07,
4.263308e+07,
4.263308e+07,
2.707493e+08,
1.275467e+08,
1.432027e+08,
2.550934e+07,
2.550934e+07,
2.550934e+07,
2.550934e+07,
2.550934e+07,
2.864053e+07,
2.864053e+07,
2.864053e+07,
2.864053e+07,
2.864053e+07,
1.269939e+08,
8.78097e+07,
3.918416e+07,
1.756194e+07,
1.756194e+07,
1.756194e+07,
1.756194e+07,
1.756194e+07,
7836832,
7836832,
7836832,
7836832,
7836832,
3.19788e+07,
2.725172e+07,
4727078,
5450345,
5450345,
5450345,
5450345,
5450345,
945415.5,
945415.5,
945415.5,
945415.5,
945415.5,
4.584363e+08,
1.518989e+08,
3.065374e+08,
3.037978e+07,
3.037978e+07,
3.037978e+07,
3.037978e+07,
3.037978e+07,
6.130748e+07,
6.130748e+07,
6.130748e+07,
6.130748e+07,
6.130748e+07,
1.678413e+08,
6.453745e+07,
1.033038e+08,
1.290749e+07,
1.290749e+07,
1.290749e+07,
1.290749e+07,
1.290749e+07,
2.066077e+07,
2.066077e+07,
2.066077e+07,
2.066077e+07,
2.066077e+07,
0,
0,
0,
0,
0,
0,
0,
0,
0,
0,
0,
0,
0,
2017, 
3.655435e+07,
3.029321e+07,
6261135,
6058643,
6058643,
6058643,
6058643,
6058643,
1252227,
1252227,
1252227,
1252227,
1252227,
3.297912e+08,
2.777775e+08,
5.201373e+07,
5.55555e+07,
5.55555e+07,
5.55555e+07,
5.55555e+07,
5.55555e+07,
1.040275e+07,
1.040275e+07,
1.040275e+07,
1.040275e+07,
1.040275e+07,
1.228393e+08,
9.851467e+07,
2.432458e+07,
1.970293e+07,
1.970293e+07,
1.970293e+07,
1.970293e+07,
1.970293e+07,
4864917,
4864917,
4864917,
4864917,
4864917,
9.124418e+07,
5.935305e+07,
3.189113e+07,
1.187061e+07,
1.187061e+07,
1.187061e+07,
1.187061e+07,
1.187061e+07,
6378225,
6378225,
6378225,
6378225,
6378225,
2.08505e+08,
1.835986e+08,
2.490632e+07,
3.671973e+07,
3.671973e+07,
3.671973e+07,
3.671973e+07,
3.671973e+07,
4981265,
4981265,
4981265,
4981265,
4981265,
2.12474e+08,
1.773663e+08,
3.510777e+07,
3.547325e+07,
3.547325e+07,
3.547325e+07,
3.547325e+07,
3.547325e+07,
7021554,
7021554,
7021554,
7021554,
7021554,
1.971626e+08,
1.142147e+08,
8.294793e+07,
2.284294e+07,
2.284294e+07,
2.284294e+07,
2.284294e+07,
2.284294e+07,
1.658959e+07,
1.658959e+07,
1.658959e+07,
1.658959e+07,
1.658959e+07,
5.1563e+08,
2.473601e+08,
2.682699e+08,
4.947202e+07,
4.947202e+07,
4.947202e+07,
4.947202e+07,
4.947202e+07,
5.365398e+07,
5.365398e+07,
5.365398e+07,
5.365398e+07,
5.365398e+07,
3.20559e+08,
8.588006e+07,
2.34679e+08,
1.717601e+07,
1.717601e+07,
1.717601e+07,
1.717601e+07,
1.717601e+07,
4.69358e+07,
4.69358e+07,
4.69358e+07,
4.69358e+07,
4.69358e+07,
5.664121e+07,
3.710955e+07,
1.953166e+07,
7421911,
7421911,
7421911,
7421911,
7421911,
3906331,
3906331,
3906331,
3906331,
3906331,
4.190344e+08,
3.316721e+08,
8.736226e+07,
6.633442e+07,
6.633442e+07,
6.633442e+07,
6.633442e+07,
6.633442e+07,
1.747245e+07,
1.747245e+07,
1.747245e+07,
1.747245e+07,
1.747245e+07,
1.231103e+08,
8.015898e+07,
4.295136e+07,
1.60318e+07,
1.60318e+07,
1.60318e+07,
1.60318e+07,
1.60318e+07,
8590272,
8590272,
8590272,
8590272,
8590272,
8.208983e+07,
5.883407e+07,
2.325576e+07,
1.176681e+07,
1.176681e+07,
1.176681e+07,
1.176681e+07,
1.176681e+07,
4651151,
4651151,
4651151,
4651151,
4651151,
5.754564e+07,
4.090408e+07,
1.664156e+07,
8180815,
8180815,
8180815,
8180815,
8180815,
3328313,
3328313,
3328313,
3328313,
3328313,
7.127566e+07,
3.294516e+07,
3.833051e+07,
6589031,
6589031,
6589031,
6589031,
6589031,
7666102,
7666102,
7666102,
7666102,
7666102,
1.621479e+08,
1.201293e+08,
4.20186e+07,
2.402586e+07,
2.402586e+07,
2.402586e+07,
2.402586e+07,
2.402586e+07,
8403721,
8403721,
8403721,
8403721,
8403721,
2.585756e+08,
1.834143e+08,
7.516127e+07,
3.668286e+07,
3.668286e+07,
3.668286e+07,
3.668286e+07,
3.668286e+07,
1.503225e+07,
1.503225e+07,
1.503225e+07,
1.503225e+07,
1.503225e+07,
1.354196e+09,
4.606441e+08,
8.935516e+08,
9.212882e+07,
9.212882e+07,
9.212882e+07,
9.212882e+07,
9.212882e+07,
1.787103e+08,
1.787103e+08,
1.787103e+08,
1.787103e+08,
1.787103e+08,
7.702796e+07,
5.999225e+07,
1.703571e+07,
1.199845e+07,
1.199845e+07,
1.199845e+07,
1.199845e+07,
1.199845e+07,
3407142,
3407142,
3407142,
3407142,
3407142,
1.445137e+09,
7.610103e+08,
6.841268e+08,
1.522021e+08,
1.522021e+08,
1.522021e+08,
1.522021e+08,
1.522021e+08,
1.368254e+08,
1.368254e+08,
1.368254e+08,
1.368254e+08,
1.368254e+08,
3.862005e+08,
1.730156e+08,
2.131849e+08,
3.460313e+07,
3.460313e+07,
3.460313e+07,
3.460313e+07,
3.460313e+07,
4.263697e+07,
4.263697e+07,
4.263697e+07,
4.263697e+07,
4.263697e+07,
2.736136e+08,
1.306197e+08,
1.42994e+08,
2.612394e+07,
2.612394e+07,
2.612394e+07,
2.612394e+07,
2.612394e+07,
2.859879e+07,
2.859879e+07,
2.859879e+07,
2.859879e+07,
2.859879e+07,
1.266625e+08,
8.80686e+07,
3.859387e+07,
1.761372e+07,
1.761372e+07,
1.761372e+07,
1.761372e+07,
1.761372e+07,
7718774,
7718774,
7718774,
7718774,
7718774,
3.248172e+07,
2.774454e+07,
4737176,
5548909,
5548909,
5548909,
5548909,
5548909,
947435.1,
947435.1,
947435.1,
947435.1,
947435.1,
4.647358e+08,
1.567157e+08,
3.080202e+08,
3.134314e+07,
3.134314e+07,
3.134314e+07,
3.134314e+07,
3.134314e+07,
6.160403e+07,
6.160403e+07,
6.160403e+07,
6.160403e+07,
6.160403e+07,
1.730638e+08,
6.75602e+07,
1.055036e+08,
1.351204e+07,
1.351204e+07,
1.351204e+07,
1.351204e+07,
1.351204e+07,
2.110072e+07,
2.110072e+07,
2.110072e+07,
2.110072e+07,
2.110072e+07,
0,
0,
0,
0,
0,
0,
0,
0,
0,
0,
0,
0,
0,
2018, 
3.703526e+07,
3.081289e+07,
6222363,
6162579,
6162579,
6162579,
6162579,
6162579,
1244473,
1244473,
1244473,
1244473,
1244473,
3.3214e+08,
2.806774e+08,
5.146267e+07,
5.613548e+07,
5.613548e+07,
5.613548e+07,
5.613548e+07,
5.613548e+07,
1.029253e+07,
1.029253e+07,
1.029253e+07,
1.029253e+07,
1.029253e+07,
1.240139e+08,
9.987657e+07,
2.413729e+07,
1.997531e+07,
1.997531e+07,
1.997531e+07,
1.997531e+07,
1.997531e+07,
4827459,
4827459,
4827459,
4827459,
4827459,
9.216304e+07,
6.038386e+07,
3.177918e+07,
1.207677e+07,
1.207677e+07,
1.207677e+07,
1.207677e+07,
1.207677e+07,
6355837,
6355837,
6355837,
6355837,
6355837,
2.101666e+08,
1.855199e+08,
2.46467e+07,
3.710398e+07,
3.710398e+07,
3.710398e+07,
3.710398e+07,
3.710398e+07,
4929341,
4929341,
4929341,
4929341,
4929341,
2.145704e+08,
1.79749e+08,
3.482143e+07,
3.59498e+07,
3.59498e+07,
3.59498e+07,
3.59498e+07,
3.59498e+07,
6964287,
6964287,
6964287,
6964287,
6964287,
2.005381e+08,
1.17253e+08,
8.328516e+07,
2.345059e+07,
2.345059e+07,
2.345059e+07,
2.345059e+07,
2.345059e+07,
1.665703e+07,
1.665703e+07,
1.665703e+07,
1.665703e+07,
1.665703e+07,
5.299455e+08,
2.574581e+08,
2.724874e+08,
5.149162e+07,
5.149162e+07,
5.149162e+07,
5.149162e+07,
5.149162e+07,
5.449748e+07,
5.449748e+07,
5.449748e+07,
5.449748e+07,
5.449748e+07,
3.28894e+08,
8.965506e+07,
2.392389e+08,
1.793101e+07,
1.793101e+07,
1.793101e+07,
1.793101e+07,
1.793101e+07,
4.784778e+07,
4.784778e+07,
4.784778e+07,
4.784778e+07,
4.784778e+07,
5.733963e+07,
3.787963e+07,
1.946e+07,
7575926,
7575926,
7575926,
7575926,
7575926,
3892001,
3892001,
3892001,
3892001,
3892001,
4.203334e+08,
3.341274e+08,
8.620598e+07,
6.682548e+07,
6.682548e+07,
6.682548e+07,
6.682548e+07,
6.682548e+07,
1.72412e+07,
1.72412e+07,
1.72412e+07,
1.72412e+07,
1.72412e+07,
1.227884e+08,
8.05853e+07,
4.220308e+07,
1.611706e+07,
1.611706e+07,
1.611706e+07,
1.611706e+07,
1.611706e+07,
8440616,
8440616,
8440616,
8440616,
8440616,
8.28093e+07,
5.958885e+07,
2.322046e+07,
1.191777e+07,
1.191777e+07,
1.191777e+07,
1.191777e+07,
1.191777e+07,
4644091,
4644091,
4644091,
4644091,
4644091,
5.728436e+07,
4.093588e+07,
1.634849e+07,
8187175,
8187175,
8187175,
8187175,
8187175,
3269697,
3269697,
3269697,
3269697,
3269697,
7.240437e+07,
3.390894e+07,
3.849543e+07,
6781787,
6781787,
6781787,
6781787,
6781787,
7699086,
7699086,
7699086,
7699086,
7699086,
1.624137e+08,
1.209927e+08,
4.142098e+07,
2.419854e+07,
2.419854e+07,
2.419854e+07,
2.419854e+07,
2.419854e+07,
8284195,
8284195,
8284195,
8284195,
8284195,
2.633357e+08,
1.878453e+08,
7.549039e+07,
3.756906e+07,
3.756906e+07,
3.756906e+07,
3.756906e+07,
3.756906e+07,
1.509808e+07,
1.509808e+07,
1.509808e+07,
1.509808e+07,
1.509808e+07,
1.369003e+09,
4.735159e+08,
8.954874e+08,
9.470318e+07,
9.470318e+07,
9.470318e+07,
9.470318e+07,
9.470318e+07,
1.790975e+08,
1.790975e+08,
1.790975e+08,
1.790975e+08,
1.790975e+08,
7.731505e+07,
6.049859e+07,
1.681646e+07,
1.209972e+07,
1.209972e+07,
1.209972e+07,
1.209972e+07,
1.209972e+07,
3363291,
3363291,
3363291,
3363291,
3363291,
1.452092e+09,
7.758369e+08,
6.762552e+08,
1.551674e+08,
1.551674e+08,
1.551674e+08,
1.551674e+08,
1.551674e+08,
1.35251e+08,
1.35251e+08,
1.35251e+08,
1.35251e+08,
1.35251e+08,
3.903172e+08,
1.772628e+08,
2.130544e+08,
3.545255e+07,
3.545255e+07,
3.545255e+07,
3.545255e+07,
3.545255e+07,
4.261088e+07,
4.261088e+07,
4.261088e+07,
4.261088e+07,
4.261088e+07,
2.763961e+08,
1.336892e+08,
1.427069e+08,
2.673783e+07,
2.673783e+07,
2.673783e+07,
2.673783e+07,
2.673783e+07,
2.854138e+07,
2.854138e+07,
2.854138e+07,
2.854138e+07,
2.854138e+07,
1.262559e+08,
8.827235e+07,
3.79835e+07,
1.765447e+07,
1.765447e+07,
1.765447e+07,
1.765447e+07,
1.765447e+07,
7596701,
7596701,
7596701,
7596701,
7596701,
3.29925e+07,
2.824609e+07,
4746415,
5649218,
5649218,
5649218,
5649218,
5649218,
949283,
949283,
949283,
949283,
949283,
4.714415e+08,
1.617458e+08,
3.096957e+08,
3.234916e+07,
3.234916e+07,
3.234916e+07,
3.234916e+07,
3.234916e+07,
6.193914e+07,
6.193914e+07,
6.193914e+07,
6.193914e+07,
6.193914e+07,
1.782594e+08,
7.063353e+07,
1.076258e+08,
1.412671e+07,
1.412671e+07,
1.412671e+07,
1.412671e+07,
1.412671e+07,
2.152516e+07,
2.152516e+07,
2.152516e+07,
2.152516e+07,
2.152516e+07,
0,
0,
0,
0,
0,
0,
0,
0,
0,
0,
0,
0,
0,
2019, 
3.752258e+07,
3.134108e+07,
6181504,
6268216,
6268216,
6268216,
6268216,
6268216,
1236301,
1236301,
1236301,
1236301,
1236301,
3.343197e+08,
2.834468e+08,
5.087283e+07,
5.668937e+07,
5.668937e+07,
5.668937e+07,
5.668937e+07,
5.668937e+07,
1.017457e+07,
1.017457e+07,
1.017457e+07,
1.017457e+07,
1.017457e+07,
1.250853e+08,
1.01163e+08,
2.392233e+07,
2.02326e+07,
2.02326e+07,
2.02326e+07,
2.02326e+07,
2.02326e+07,
4784465,
4784465,
4784465,
4784465,
4784465,
9.305229e+07,
6.140376e+07,
3.164853e+07,
1.228075e+07,
1.228075e+07,
1.228075e+07,
1.228075e+07,
1.228075e+07,
6329706,
6329706,
6329706,
6329706,
6329706,
2.117829e+08,
1.874083e+08,
2.437462e+07,
3.748166e+07,
3.748166e+07,
3.748166e+07,
3.748166e+07,
3.748166e+07,
4874924,
4874924,
4874924,
4874924,
4874924,
2.165316e+08,
1.820304e+08,
3.450118e+07,
3.640608e+07,
3.640608e+07,
3.640608e+07,
3.640608e+07,
3.640608e+07,
6900236,
6900236,
6900236,
6900236,
6900236,
2.037917e+08,
1.202558e+08,
8.353598e+07,
2.405115e+07,
2.405115e+07,
2.405115e+07,
2.405115e+07,
2.405115e+07,
1.67072e+07,
1.67072e+07,
1.67072e+07,
1.67072e+07,
1.67072e+07,
5.444275e+08,
2.678125e+08,
2.76615e+08,
5.35625e+07,
5.35625e+07,
5.35625e+07,
5.35625e+07,
5.35625e+07,
5.5323e+07,
5.5323e+07,
5.5323e+07,
5.5323e+07,
5.5323e+07,
3.37639e+08,
9.362194e+07,
2.440171e+08,
1.872439e+07,
1.872439e+07,
1.872439e+07,
1.872439e+07,
1.872439e+07,
4.880342e+07,
4.880342e+07,
4.880342e+07,
4.880342e+07,
4.880342e+07,
5.808706e+07,
3.868995e+07,
1.93971e+07,
7737991,
7737991,
7737991,
7737991,
7737991,
3879420,
3879420,
3879420,
3879420,
3879420,
4.216932e+08,
3.3664e+08,
8.505313e+07,
6.732801e+07,
6.732801e+07,
6.732801e+07,
6.732801e+07,
6.732801e+07,
1.701063e+07,
1.701063e+07,
1.701063e+07,
1.701063e+07,
1.701063e+07,
1.224642e+08,
8.10068e+07,
4.145738e+07,
1.620136e+07,
1.620136e+07,
1.620136e+07,
1.620136e+07,
1.620136e+07,
8291477,
8291477,
8291477,
8291477,
8291477,
8.348168e+07,
6.031375e+07,
2.316793e+07,
1.206275e+07,
1.206275e+07,
1.206275e+07,
1.206275e+07,
1.206275e+07,
4633586,
4633586,
4633586,
4633586,
4633586,
5.699456e+07,
4.09452e+07,
1.604936e+07,
8189039,
8189039,
8189039,
8189039,
8189039,
3209872,
3209872,
3209872,
3209872,
3209872,
7.355027e+07,
3.489466e+07,
3.865561e+07,
6978932,
6978932,
6978932,
6978932,
6978932,
7731122,
7731122,
7731122,
7731122,
7731122,
1.625664e+08,
1.217736e+08,
4.07928e+07,
2.435473e+07,
2.435473e+07,
2.435473e+07,
2.435473e+07,
2.435473e+07,
8158560,
8158560,
8158560,
8158560,
8158560,
2.681553e+08,
1.923571e+08,
7.579821e+07,
3.847142e+07,
3.847142e+07,
3.847142e+07,
3.847142e+07,
3.847142e+07,
1.515964e+07,
1.515964e+07,
1.515964e+07,
1.515964e+07,
1.515964e+07,
1.383112e+09,
4.863113e+08,
8.968007e+08,
9.726226e+07,
9.726226e+07,
9.726226e+07,
9.726226e+07,
9.726226e+07,
1.793601e+08,
1.793601e+08,
1.793601e+08,
1.793601e+08,
1.793601e+08,
7.755927e+07,
6.097333e+07,
1.658594e+07,
1.219467e+07,
1.219467e+07,
1.219467e+07,
1.219467e+07,
1.219467e+07,
3317188,
3317188,
3317188,
3317188,
3317188,
1.457034e+09,
7.896793e+08,
6.673546e+08,
1.579359e+08,
1.579359e+08,
1.579359e+08,
1.579359e+08,
1.579359e+08,
1.334709e+08,
1.334709e+08,
1.334709e+08,
1.334709e+08,
1.334709e+08,
3.943142e+08,
1.815055e+08,
2.128087e+08,
3.63011e+07,
3.63011e+07,
3.63011e+07,
3.63011e+07,
3.63011e+07,
4.256174e+07,
4.256174e+07,
4.256174e+07,
4.256174e+07,
4.256174e+07,
2.791254e+08,
1.367676e+08,
1.423577e+08,
2.735353e+07,
2.735353e+07,
2.735353e+07,
2.735353e+07,
2.735353e+07,
2.847154e+07,
2.847154e+07,
2.847154e+07,
2.847154e+07,
2.847154e+07,
1.257917e+08,
8.84325e+07,
3.735917e+07,
1.76865e+07,
1.76865e+07,
1.76865e+07,
1.76865e+07,
1.76865e+07,
7471835,
7471835,
7471835,
7471835,
7471835,
3.352026e+07,
2.876421e+07,
4756042,
5752843,
5752843,
5752843,
5752843,
5752843,
951208.4,
951208.4,
951208.4,
951208.4,
951208.4,
4.783331e+08,
1.669196e+08,
3.114135e+08,
3.338391e+07,
3.338391e+07,
3.338391e+07,
3.338391e+07,
3.338391e+07,
6.228271e+07,
6.228271e+07,
6.228271e+07,
6.228271e+07,
6.228271e+07,
1.834558e+08,
7.376814e+07,
1.096877e+08,
1.475363e+07,
1.475363e+07,
1.475363e+07,
1.475363e+07,
1.475363e+07,
2.193754e+07,
2.193754e+07,
2.193754e+07,
2.193754e+07,
2.193754e+07,
0,
0,
0,
0,
0,
0,
0,
0,
0,
0,
0,
0,
0,
2020, 
3.788871e+07,
3.177082e+07,
6117884,
6354164,
6354164,
6354164,
6354164,
6354164,
1223577,
1223577,
1223577,
1223577,
1223577,
3.35942e+08,
2.857544e+08,
5.018764e+07,
5.715087e+07,
5.715087e+07,
5.715087e+07,
5.715087e+07,
5.715087e+07,
1.003753e+07,
1.003753e+07,
1.003753e+07,
1.003753e+07,
1.003753e+07,
1.259983e+08,
1.02328e+08,
2.367033e+07,
2.04656e+07,
2.04656e+07,
2.04656e+07,
2.04656e+07,
2.04656e+07,
4734067,
4734067,
4734067,
4734067,
4734067,
9.391255e+07,
6.241275e+07,
3.14998e+07,
1.248255e+07,
1.248255e+07,
1.248255e+07,
1.248255e+07,
1.248255e+07,
6299961,
6299961,
6299961,
6299961,
6299961,
2.131963e+08,
1.891237e+08,
2.407258e+07,
3.782474e+07,
3.782474e+07,
3.782474e+07,
3.782474e+07,
3.782474e+07,
4814517,
4814517,
4814517,
4814517,
4814517,
2.1833e+08,
1.841861e+08,
3.41439e+07,
3.683721e+07,
3.683721e+07,
3.683721e+07,
3.683721e+07,
3.683721e+07,
6828781,
6828781,
6828781,
6828781,
6828781,
2.069773e+08,
1.232532e+08,
8.372412e+07,
2.465063e+07,
2.465063e+07,
2.465063e+07,
2.465063e+07,
2.465063e+07,
1.674482e+07,
1.674482e+07,
1.674482e+07,
1.674482e+07,
1.674482e+07,
5.592609e+08,
2.785185e+08,
2.807424e+08,
5.57037e+07,
5.57037e+07,
5.57037e+07,
5.57037e+07,
5.57037e+07,
5.614848e+07,
5.614848e+07,
5.614848e+07,
5.614848e+07,
5.614848e+07,
3.465701e+08,
9.772328e+07,
2.488469e+08,
1.954466e+07,
1.954466e+07,
1.954466e+07,
1.954466e+07,
1.954466e+07,
4.976938e+07,
4.976938e+07,
4.976938e+07,
4.976938e+07,
4.976938e+07,
5.880192e+07,
3.948657e+07,
1.931536e+07,
7897314,
7897314,
7897314,
7897314,
7897314,
3863072,
3863072,
3863072,
3863072,
3863072,
4.226484e+08,
3.388376e+08,
8.381084e+07,
6.776752e+07,
6.776752e+07,
6.776752e+07,
6.776752e+07,
6.776752e+07,
1.676217e+07,
1.676217e+07,
1.676217e+07,
1.676217e+07,
1.676217e+07,
1.220407e+08,
8.135873e+07,
4.068194e+07,
1.627175e+07,
1.627175e+07,
1.627175e+07,
1.627175e+07,
1.627175e+07,
8136388,
8136388,
8136388,
8136388,
8136388,
8.413543e+07,
6.102903e+07,
2.310641e+07,
1.220581e+07,
1.220581e+07,
1.220581e+07,
1.220581e+07,
1.220581e+07,
4621281,
4621281,
4621281,
4621281,
4621281,
5.662825e+07,
4.089707e+07,
1.573118e+07,
8179414,
8179414,
8179414,
8179414,
8179414,
3146237,
3146237,
3146237,
3146237,
3146237,
7.472442e+07,
3.590796e+07,
3.881646e+07,
7181591,
7181591,
7181591,
7181591,
7181591,
7763293,
7763293,
7763293,
7763293,
7763293,
1.624738e+08,
1.22371e+08,
4.01028e+07,
2.44742e+07,
2.44742e+07,
2.44742e+07,
2.44742e+07,
2.44742e+07,
8020561,
8020561,
8020561,
8020561,
8020561,
2.716985e+08,
1.959867e+08,
7.571174e+07,
3.919734e+07,
3.919734e+07,
3.919734e+07,
3.919734e+07,
3.919734e+07,
1.514235e+07,
1.514235e+07,
1.514235e+07,
1.514235e+07,
1.514235e+07,
1.396387e+09,
4.989704e+08,
8.974168e+08,
9.979407e+07,
9.979407e+07,
9.979407e+07,
9.979407e+07,
9.979407e+07,
1.794834e+08,
1.794834e+08,
1.794834e+08,
1.794834e+08,
1.794834e+08,
7.771216e+07,
6.137772e+07,
1.633444e+07,
1.227554e+07,
1.227554e+07,
1.227554e+07,
1.227554e+07,
1.227554e+07,
3266888,
3266888,
3266888,
3266888,
3266888,
1.460223e+09,
8.026342e+08,
6.575886e+08,
1.605268e+08,
1.605268e+08,
1.605268e+08,
1.605268e+08,
1.605268e+08,
1.315177e+08,
1.315177e+08,
1.315177e+08,
1.315177e+08,
1.315177e+08,
3.983064e+08,
1.857952e+08,
2.125112e+08,
3.715904e+07,
3.715904e+07,
3.715904e+07,
3.715904e+07,
3.715904e+07,
4.250223e+07,
4.250223e+07,
4.250223e+07,
4.250223e+07,
4.250223e+07,
2.816076e+08,
1.397579e+08,
1.418497e+08,
2.795159e+07,
2.795159e+07,
2.795159e+07,
2.795159e+07,
2.795159e+07,
2.836993e+07,
2.836993e+07,
2.836993e+07,
2.836993e+07,
2.836993e+07,
1.252448e+08,
8.853059e+07,
3.671416e+07,
1.770612e+07,
1.770612e+07,
1.770612e+07,
1.770612e+07,
1.770612e+07,
7342833,
7342833,
7342833,
7342833,
7342833,
3.397079e+07,
2.921801e+07,
4752777,
5843602,
5843602,
5843602,
5843602,
5843602,
950555.4,
950555.4,
950555.4,
950555.4,
950555.4,
4.859406e+08,
1.724283e+08,
3.135123e+08,
3.448566e+07,
3.448566e+07,
3.448566e+07,
3.448566e+07,
3.448566e+07,
6.270245e+07,
6.270245e+07,
6.270245e+07,
6.270245e+07,
6.270245e+07,
1.887559e+08,
7.700595e+07,
1.1175e+08,
1.540119e+07,
1.540119e+07,
1.540119e+07,
1.540119e+07,
1.540119e+07,
2.235e+07,
2.235e+07,
2.235e+07,
2.235e+07,
2.235e+07,
0,
0,
0,
0,
0,
0,
0,
0,
0,
0,
0,
0,
0,
2021, 
3.80649e+07,
3.202263e+07,
6042262,
6404527,
6404527,
6404527,
6404527,
6404527,
1208452,
1208452,
1208452,
1208452,
1208452,
3.372604e+08,
2.876904e+08,
4.957006e+07,
5.753808e+07,
5.753808e+07,
5.753808e+07,
5.753808e+07,
5.753808e+07,
9914011,
9914011,
9914011,
9914011,
9914011,
1.26962e+08,
1.034699e+08,
2.349206e+07,
2.069398e+07,
2.069398e+07,
2.069398e+07,
2.069398e+07,
2.069398e+07,
4698412,
4698412,
4698412,
4698412,
4698412,
9.478173e+07,
6.335816e+07,
3.142357e+07,
1.267163e+07,
1.267163e+07,
1.267163e+07,
1.267163e+07,
1.267163e+07,
6284714,
6284714,
6284714,
6284714,
6284714,
2.141955e+08,
1.903335e+08,
2.386205e+07,
3.80667e+07,
3.80667e+07,
3.80667e+07,
3.80667e+07,
3.80667e+07,
4772409,
4772409,
4772409,
4772409,
4772409,
2.199576e+08,
1.860891e+08,
3.386854e+07,
3.721782e+07,
3.721782e+07,
3.721782e+07,
3.721782e+07,
3.721782e+07,
6773707,
6773707,
6773707,
6773707,
6773707,
2.102077e+08,
1.261484e+08,
8.405929e+07,
2.522968e+07,
2.522968e+07,
2.522968e+07,
2.522968e+07,
2.522968e+07,
1.681186e+07,
1.681186e+07,
1.681186e+07,
1.681186e+07,
1.681186e+07,
5.751073e+08,
2.894771e+08,
2.856302e+08,
5.789541e+07,
5.789541e+07,
5.789541e+07,
5.789541e+07,
5.789541e+07,
5.712605e+07,
5.712605e+07,
5.712605e+07,
5.712605e+07,
5.712605e+07,
3.5551e+08,
1.019809e+08,
2.535291e+08,
2.039618e+07,
2.039618e+07,
2.039618e+07,
2.039618e+07,
2.039618e+07,
5.070582e+07,
5.070582e+07,
5.070582e+07,
5.070582e+07,
5.070582e+07,
5.927818e+07,
4.006544e+07,
1.921274e+07,
8013087,
8013087,
8013087,
8013087,
8013087,
3842548,
3842548,
3842548,
3842548,
3842548,
4.231685e+08,
3.404518e+08,
8.271667e+07,
6.809036e+07,
6.809036e+07,
6.809036e+07,
6.809036e+07,
6.809036e+07,
1.654333e+07,
1.654333e+07,
1.654333e+07,
1.654333e+07,
1.654333e+07,
1.218563e+08,
8.173915e+07,
4.011715e+07,
1.634783e+07,
1.634783e+07,
1.634783e+07,
1.634783e+07,
1.634783e+07,
8023430,
8023430,
8023430,
8023430,
8023430,
8.479342e+07,
6.173814e+07,
2.305529e+07,
1.234763e+07,
1.234763e+07,
1.234763e+07,
1.234763e+07,
1.234763e+07,
4611058,
4611058,
4611058,
4611058,
4611058,
5.503349e+07,
3.992976e+07,
1.510373e+07,
7985952,
7985952,
7985952,
7985952,
7985952,
3020745,
3020745,
3020745,
3020745,
3020745,
7.588515e+07,
3.688036e+07,
3.900479e+07,
7376073,
7376073,
7376073,
7376073,
7376073,
7800959,
7800959,
7800959,
7800959,
7800959,
1.624049e+08,
1.228793e+08,
3.952563e+07,
2.457585e+07,
2.457585e+07,
2.457585e+07,
2.457585e+07,
2.457585e+07,
7905127,
7905127,
7905127,
7905127,
7905127,
2.759931e+08,
1.999757e+08,
7.601735e+07,
3.999514e+07,
3.999514e+07,
3.999514e+07,
3.999514e+07,
3.999514e+07,
1.520347e+07,
1.520347e+07,
1.520347e+07,
1.520347e+07,
1.520347e+07,
1.407542e+09,
5.111957e+08,
8.96346e+08,
1.022391e+08,
1.022391e+08,
1.022391e+08,
1.022391e+08,
1.022391e+08,
1.792692e+08,
1.792692e+08,
1.792692e+08,
1.792692e+08,
1.792692e+08,
7.776049e+07,
6.165019e+07,
1.61103e+07,
1.233004e+07,
1.233004e+07,
1.233004e+07,
1.233004e+07,
1.233004e+07,
3222060,
3222060,
3222060,
3222060,
3222060,
1.460693e+09,
8.120182e+08,
6.486749e+08,
1.624036e+08,
1.624036e+08,
1.624036e+08,
1.624036e+08,
1.624036e+08,
1.29735e+08,
1.29735e+08,
1.29735e+08,
1.29735e+08,
1.29735e+08,
4.019298e+08,
1.898109e+08,
2.121189e+08,
3.796218e+07,
3.796218e+07,
3.796218e+07,
3.796218e+07,
3.796218e+07,
4.242378e+07,
4.242378e+07,
4.242378e+07,
4.242378e+07,
4.242378e+07,
2.837933e+08,
1.423941e+08,
1.413992e+08,
2.847882e+07,
2.847882e+07,
2.847882e+07,
2.847882e+07,
2.847882e+07,
2.827984e+07,
2.827984e+07,
2.827984e+07,
2.827984e+07,
2.827984e+07,
1.246328e+08,
8.853136e+07,
3.610148e+07,
1.770627e+07,
1.770627e+07,
1.770627e+07,
1.770627e+07,
1.770627e+07,
7220296,
7220296,
7220296,
7220296,
7220296,
3.424666e+07,
2.951985e+07,
4726807,
5903970,
5903970,
5903970,
5903970,
5903970,
945361.3,
945361.3,
945361.3,
945361.3,
945361.3,
4.941714e+08,
1.782007e+08,
3.159707e+08,
3.564014e+07,
3.564014e+07,
3.564014e+07,
3.564014e+07,
3.564014e+07,
6.319414e+07,
6.319414e+07,
6.319414e+07,
6.319414e+07,
6.319414e+07,
1.941505e+08,
8.025338e+07,
1.138972e+08,
1.605068e+07,
1.605068e+07,
1.605068e+07,
1.605068e+07,
1.605068e+07,
2.277943e+07,
2.277943e+07,
2.277943e+07,
2.277943e+07,
2.277943e+07,
0,
0,
0,
0,
0,
0,
0,
0,
0,
0,
0,
0,
0,
2022, 
3.824108e+07,
3.227541e+07,
5965676,
6455082,
6455082,
6455082,
6455082,
6455082,
1193135,
1193135,
1193135,
1193135,
1193135,
3.385788e+08,
2.896327e+08,
4.89461e+07,
5.792655e+07,
5.792655e+07,
5.792655e+07,
5.792655e+07,
5.792655e+07,
9789221,
9789221,
9789221,
9789221,
9789221,
1.279257e+08,
1.046173e+08,
2.330833e+07,
2.092347e+07,
2.092347e+07,
2.092347e+07,
2.092347e+07,
2.092347e+07,
4661667,
4661667,
4661667,
4661667,
4661667,
9.565091e+07,
6.431031e+07,
3.13406e+07,
1.286206e+07,
1.286206e+07,
1.286206e+07,
1.286206e+07,
1.286206e+07,
6268119,
6268119,
6268119,
6268119,
6268119,
2.151948e+08,
1.915463e+08,
2.364849e+07,
3.830925e+07,
3.830925e+07,
3.830925e+07,
3.830925e+07,
3.830925e+07,
4729698,
4729698,
4729698,
4729698,
4729698,
2.215852e+08,
1.879999e+08,
3.358532e+07,
3.759998e+07,
3.759998e+07,
3.759998e+07,
3.759998e+07,
3.759998e+07,
6717065,
6717065,
6717065,
6717065,
6717065,
2.134381e+08,
1.290735e+08,
8.436459e+07,
2.581471e+07,
2.581471e+07,
2.581471e+07,
2.581471e+07,
2.581471e+07,
1.687292e+07,
1.687292e+07,
1.687292e+07,
1.687292e+07,
1.687292e+07,
5.909537e+08,
3.006046e+08,
2.903491e+08,
6.012093e+07,
6.012093e+07,
6.012093e+07,
6.012093e+07,
6.012093e+07,
5.806982e+07,
5.806982e+07,
5.806982e+07,
5.806982e+07,
5.806982e+07,
3.644498e+08,
1.063258e+08,
2.58124e+08,
2.126517e+07,
2.126517e+07,
2.126517e+07,
2.126517e+07,
2.126517e+07,
5.162479e+07,
5.162479e+07,
5.162479e+07,
5.162479e+07,
5.162479e+07,
5.975443e+07,
4.064848e+07,
1.910596e+07,
8129695,
8129695,
8129695,
8129695,
8129695,
3821192,
3821192,
3821192,
3821192,
3821192,
4.236885e+08,
3.420689e+08,
8.161958e+07,
6.841378e+07,
6.841378e+07,
6.841378e+07,
6.841378e+07,
6.841378e+07,
1.632392e+07,
1.632392e+07,
1.632392e+07,
1.632392e+07,
1.632392e+07,
1.216719e+08,
8.211804e+07,
3.955388e+07,
1.642361e+07,
1.642361e+07,
1.642361e+07,
1.642361e+07,
1.642361e+07,
7910776,
7910776,
7910776,
7910776,
7910776,
8.545142e+07,
6.245085e+07,
2.300057e+07,
1.249017e+07,
1.249017e+07,
1.249017e+07,
1.249017e+07,
1.249017e+07,
4600115,
4600115,
4600115,
4600115,
4600115,
5.343873e+07,
3.895177e+07,
1.448696e+07,
7790355,
7790355,
7790355,
7790355,
7790355,
2897392,
2897392,
2897392,
2897392,
2897392,
7.704589e+07,
3.786545e+07,
3.918044e+07,
7573090,
7573090,
7573090,
7573090,
7573090,
7836089,
7836089,
7836089,
7836089,
7836089,
1.62336e+08,
1.233871e+08,
3.894894e+07,
2.467741e+07,
2.467741e+07,
2.467741e+07,
2.467741e+07,
2.467741e+07,
7789787,
7789787,
7789787,
7789787,
7789787,
2.802877e+08,
2.039925e+08,
7.629522e+07,
4.07985e+07,
4.07985e+07,
4.07985e+07,
4.07985e+07,
4.07985e+07,
1.525905e+07,
1.525905e+07,
1.525905e+07,
1.525905e+07,
1.525905e+07,
1.418696e+09,
5.235516e+08,
8.951447e+08,
1.047103e+08,
1.047103e+08,
1.047103e+08,
1.047103e+08,
1.047103e+08,
1.790289e+08,
1.790289e+08,
1.790289e+08,
1.790289e+08,
1.790289e+08,
7.780882e+07,
6.192296e+07,
1.588587e+07,
1.238459e+07,
1.238459e+07,
1.238459e+07,
1.238459e+07,
1.238459e+07,
3177173,
3177173,
3177173,
3177173,
3177173,
1.461163e+09,
8.214081e+08,
6.397554e+08,
1.642816e+08,
1.642816e+08,
1.642816e+08,
1.642816e+08,
1.642816e+08,
1.279511e+08,
1.279511e+08,
1.279511e+08,
1.279511e+08,
1.279511e+08,
4.055532e+08,
1.938685e+08,
2.116847e+08,
3.87737e+07,
3.87737e+07,
3.87737e+07,
3.87737e+07,
3.87737e+07,
4.233695e+07,
4.233695e+07,
4.233695e+07,
4.233695e+07,
4.233695e+07,
2.85979e+08,
1.450541e+08,
1.409249e+08,
2.901083e+07,
2.901083e+07,
2.901083e+07,
2.901083e+07,
2.901083e+07,
2.818498e+07,
2.818498e+07,
2.818498e+07,
2.818498e+07,
2.818498e+07,
1.240209e+08,
8.852786e+07,
3.549304e+07,
1.770557e+07,
1.770557e+07,
1.770557e+07,
1.770557e+07,
1.770557e+07,
7098609,
7098609,
7098609,
7098609,
7098609,
3.452252e+07,
2.982273e+07,
4699797,
5964545,
5964545,
5964545,
5964545,
5964545,
939959.3,
939959.3,
939959.3,
939959.3,
939959.3,
5.024022e+08,
1.84068e+08,
3.183342e+08,
3.681361e+07,
3.681361e+07,
3.681361e+07,
3.681361e+07,
3.681361e+07,
6.366684e+07,
6.366684e+07,
6.366684e+07,
6.366684e+07,
6.366684e+07,
1.995451e+08,
8.355895e+07,
1.159862e+08,
1.671179e+07,
1.671179e+07,
1.671179e+07,
1.671179e+07,
1.671179e+07,
2.319724e+07,
2.319724e+07,
2.319724e+07,
2.319724e+07,
2.319724e+07,
0,
0,
0,
0,
0,
0,
0,
0,
0,
0,
0,
0,
0,
2023, 
3.841728e+07,
3.252915e+07,
5888126,
6505830,
6505830,
6505830,
6505830,
6505830,
1177625,
1177625,
1177625,
1177625,
1177625,
3.398972e+08,
2.915814e+08,
4.831578e+07,
5.831629e+07,
5.831629e+07,
5.831629e+07,
5.831629e+07,
5.831629e+07,
9663156,
9663156,
9663156,
9663156,
9663156,
1.288893e+08,
1.057702e+08,
2.311915e+07,
2.115404e+07,
2.115404e+07,
2.115404e+07,
2.115404e+07,
2.115404e+07,
4623831,
4623831,
4623831,
4623831,
4623831,
9.652008e+07,
6.526921e+07,
3.125087e+07,
1.305384e+07,
1.305384e+07,
1.305384e+07,
1.305384e+07,
1.305384e+07,
6250174,
6250174,
6250174,
6250174,
6250174,
2.16194e+08,
1.927621e+08,
2.343192e+07,
3.855241e+07,
3.855241e+07,
3.855241e+07,
3.855241e+07,
3.855241e+07,
4686385,
4686385,
4686385,
4686385,
4686385,
2.232128e+08,
1.899186e+08,
3.329426e+07,
3.798372e+07,
3.798372e+07,
3.798372e+07,
3.798372e+07,
3.798372e+07,
6658853,
6658853,
6658853,
6658853,
6658853,
2.166685e+08,
1.320285e+08,
8.464003e+07,
2.64057e+07,
2.64057e+07,
2.64057e+07,
2.64057e+07,
2.64057e+07,
1.692801e+07,
1.692801e+07,
1.692801e+07,
1.692801e+07,
1.692801e+07,
6.068001e+08,
3.119012e+08,
2.948989e+08,
6.238024e+07,
6.238024e+07,
6.238024e+07,
6.238024e+07,
6.238024e+07,
5.897978e+07,
5.897978e+07,
5.897978e+07,
5.897978e+07,
5.897978e+07,
3.733896e+08,
1.107581e+08,
2.626315e+08,
2.215162e+07,
2.215162e+07,
2.215162e+07,
2.215162e+07,
2.215162e+07,
5.25263e+07,
5.25263e+07,
5.25263e+07,
5.25263e+07,
5.25263e+07,
6.023069e+07,
4.123567e+07,
1.899502e+07,
8247135,
8247135,
8247135,
8247135,
8247135,
3799003,
3799003,
3799003,
3799003,
3799003,
4.242085e+08,
3.43689e+08,
8.051952e+07,
6.873781e+07,
6.873781e+07,
6.873781e+07,
6.873781e+07,
6.873781e+07,
1.61039e+07,
1.61039e+07,
1.61039e+07,
1.61039e+07,
1.61039e+07,
1.214876e+08,
8.249543e+07,
3.899214e+07,
1.649909e+07,
1.649909e+07,
1.649909e+07,
1.649909e+07,
1.649909e+07,
7798427,
7798427,
7798427,
7798427,
7798427,
8.610942e+07,
6.316716e+07,
2.294226e+07,
1.263343e+07,
1.263343e+07,
1.263343e+07,
1.263343e+07,
1.263343e+07,
4588453,
4588453,
4588453,
4588453,
4588453,
5.184396e+07,
3.796308e+07,
1.388088e+07,
7592617,
7592617,
7592617,
7592617,
7592617,
2776176,
2776176,
2776176,
2776176,
2776176,
7.820662e+07,
3.886322e+07,
3.93434e+07,
7772644,
7772644,
7772644,
7772644,
7772644,
7868680,
7868680,
7868680,
7868680,
7868680,
1.622671e+08,
1.238944e+08,
3.837272e+07,
2.477887e+07,
2.477887e+07,
2.477887e+07,
2.477887e+07,
2.477887e+07,
7674544,
7674544,
7674544,
7674544,
7674544,
2.845823e+08,
2.08037e+08,
7.654535e+07,
4.16074e+07,
4.16074e+07,
4.16074e+07,
4.16074e+07,
4.16074e+07,
1.530907e+07,
1.530907e+07,
1.530907e+07,
1.530907e+07,
1.530907e+07,
1.429851e+09,
5.360381e+08,
8.938129e+08,
1.072076e+08,
1.072076e+08,
1.072076e+08,
1.072076e+08,
1.072076e+08,
1.787626e+08,
1.787626e+08,
1.787626e+08,
1.787626e+08,
1.787626e+08,
7.785715e+07,
6.219601e+07,
1.566114e+07,
1.24392e+07,
1.24392e+07,
1.24392e+07,
1.24392e+07,
1.24392e+07,
3132229,
3132229,
3132229,
3132229,
3132229,
1.461634e+09,
8.308038e+08,
6.308299e+08,
1.661608e+08,
1.661608e+08,
1.661608e+08,
1.661608e+08,
1.661608e+08,
1.26166e+08,
1.26166e+08,
1.26166e+08,
1.26166e+08,
1.26166e+08,
4.091767e+08,
1.97968e+08,
2.112087e+08,
3.95936e+07,
3.95936e+07,
3.95936e+07,
3.95936e+07,
3.95936e+07,
4.224174e+07,
4.224174e+07,
4.224174e+07,
4.224174e+07,
4.224174e+07,
2.881647e+08,
1.477381e+08,
1.404266e+08,
2.954761e+07,
2.954761e+07,
2.954761e+07,
2.954761e+07,
2.954761e+07,
2.808533e+07,
2.808533e+07,
2.808533e+07,
2.808533e+07,
2.808533e+07,
1.23409e+08,
8.852012e+07,
3.488888e+07,
1.770402e+07,
1.770402e+07,
1.770402e+07,
1.770402e+07,
1.770402e+07,
6977775,
6977775,
6977775,
6977775,
6977775,
3.479839e+07,
3.012664e+07,
4671746,
6025329,
6025329,
6025329,
6025329,
6025329,
934349.1,
934349.1,
934349.1,
934349.1,
934349.1,
5.10633e+08,
1.900304e+08,
3.206026e+08,
3.800609e+07,
3.800609e+07,
3.800609e+07,
3.800609e+07,
3.800609e+07,
6.412051e+07,
6.412051e+07,
6.412051e+07,
6.412051e+07,
6.412051e+07,
2.049397e+08,
8.69227e+07,
1.18017e+08,
1.738454e+07,
1.738454e+07,
1.738454e+07,
1.738454e+07,
1.738454e+07,
2.360341e+07,
2.360341e+07,
2.360341e+07,
2.360341e+07,
2.360341e+07,
0,
0,
0,
0,
0,
0,
0,
0,
0,
0,
0,
0,
0,
2024, 
3.859346e+07,
3.278385e+07,
5809613,
6556771,
6556771,
6556771,
6556771,
6556771,
1161923,
1161923,
1161923,
1161923,
1161923,
3.412157e+08,
2.935366e+08,
4.767909e+07,
5.870732e+07,
5.870732e+07,
5.870732e+07,
5.870732e+07,
5.870732e+07,
9535818,
9535818,
9535818,
9535818,
9535818,
1.29853e+08,
1.069285e+08,
2.292452e+07,
2.13857e+07,
2.13857e+07,
2.13857e+07,
2.13857e+07,
2.13857e+07,
4584903,
4584903,
4584903,
4584903,
4584903,
9.738926e+07,
6.623486e+07,
3.11544e+07,
1.324697e+07,
1.324697e+07,
1.324697e+07,
1.324697e+07,
1.324697e+07,
6230881,
6230881,
6230881,
6230881,
6230881,
2.171932e+08,
1.939809e+08,
2.321233e+07,
3.879618e+07,
3.879618e+07,
3.879618e+07,
3.879618e+07,
3.879618e+07,
4642467,
4642467,
4642467,
4642467,
4642467,
2.248405e+08,
1.918451e+08,
3.299536e+07,
3.836902e+07,
3.836902e+07,
3.836902e+07,
3.836902e+07,
3.836902e+07,
6599073,
6599073,
6599073,
6599073,
6599073,
2.19899e+08,
1.350133e+08,
8.488562e+07,
2.700267e+07,
2.700267e+07,
2.700267e+07,
2.700267e+07,
2.700267e+07,
1.697712e+07,
1.697712e+07,
1.697712e+07,
1.697712e+07,
1.697712e+07,
6.226465e+08,
3.233668e+08,
2.992798e+08,
6.467335e+07,
6.467335e+07,
6.467335e+07,
6.467335e+07,
6.467335e+07,
5.985596e+07,
5.985596e+07,
5.985596e+07,
5.985596e+07,
5.985596e+07,
3.823294e+08,
1.152778e+08,
2.670516e+08,
2.305555e+07,
2.305555e+07,
2.305555e+07,
2.305555e+07,
2.305555e+07,
5.341033e+07,
5.341033e+07,
5.341033e+07,
5.341033e+07,
5.341033e+07,
6.070694e+07,
4.182703e+07,
1.887991e+07,
8365407,
8365407,
8365407,
8365407,
8365407,
3775982,
3775982,
3775982,
3775982,
3775982,
4.247286e+08,
3.453121e+08,
7.941654e+07,
6.906242e+07,
6.906242e+07,
6.906242e+07,
6.906242e+07,
6.906242e+07,
1.588331e+07,
1.588331e+07,
1.588331e+07,
1.588331e+07,
1.588331e+07,
1.213032e+08,
8.287127e+07,
3.843191e+07,
1.657425e+07,
1.657425e+07,
1.657425e+07,
1.657425e+07,
1.657425e+07,
7686383,
7686383,
7686383,
7686383,
7686383,
8.676742e+07,
6.388706e+07,
2.288035e+07,
1.277741e+07,
1.277741e+07,
1.277741e+07,
1.277741e+07,
1.277741e+07,
4576071,
4576071,
4576071,
4576071,
4576071,
5.02492e+07,
3.696372e+07,
1.328549e+07,
7392743,
7392743,
7392743,
7392743,
7392743,
2657098,
2657098,
2657098,
2657098,
2657098,
7.936735e+07,
3.987368e+07,
3.949368e+07,
7974736,
7974736,
7974736,
7974736,
7974736,
7898736,
7898736,
7898736,
7898736,
7898736,
1.621982e+08,
1.244012e+08,
3.779698e+07,
2.488024e+07,
2.488024e+07,
2.488024e+07,
2.488024e+07,
2.488024e+07,
7559395,
7559395,
7559395,
7559395,
7559395,
2.88877e+08,
2.121092e+08,
7.676776e+07,
4.242184e+07,
4.242184e+07,
4.242184e+07,
4.242184e+07,
4.242184e+07,
1.535355e+07,
1.535355e+07,
1.535355e+07,
1.535355e+07,
1.535355e+07,
1.441005e+09,
5.486551e+08,
8.923504e+08,
1.09731e+08,
1.09731e+08,
1.09731e+08,
1.09731e+08,
1.09731e+08,
1.784701e+08,
1.784701e+08,
1.784701e+08,
1.784701e+08,
1.784701e+08,
7.790549e+07,
6.246936e+07,
1.543613e+07,
1.249387e+07,
1.249387e+07,
1.249387e+07,
1.249387e+07,
1.249387e+07,
3087226,
3087226,
3087226,
3087226,
3087226,
1.462104e+09,
8.402055e+08,
6.218986e+08,
1.680411e+08,
1.680411e+08,
1.680411e+08,
1.680411e+08,
1.680411e+08,
1.243797e+08,
1.243797e+08,
1.243797e+08,
1.243797e+08,
1.243797e+08,
4.128001e+08,
2.021094e+08,
2.106906e+08,
4.042189e+07,
4.042189e+07,
4.042189e+07,
4.042189e+07,
4.042189e+07,
4.213813e+07,
4.213813e+07,
4.213813e+07,
4.213813e+07,
4.213813e+07,
2.903504e+08,
1.504459e+08,
1.399045e+08,
3.008918e+07,
3.008918e+07,
3.008918e+07,
3.008918e+07,
3.008918e+07,
2.79809e+07,
2.79809e+07,
2.79809e+07,
2.79809e+07,
2.79809e+07,
1.227971e+08,
8.850813e+07,
3.428895e+07,
1.770163e+07,
1.770163e+07,
1.770163e+07,
1.770163e+07,
1.770163e+07,
6857791,
6857791,
6857791,
6857791,
6857791,
3.507426e+07,
3.04316e+07,
4642655,
6086321,
6086321,
6086321,
6086321,
6086321,
928531,
928531,
928531,
928531,
928531,
5.188638e+08,
1.960878e+08,
3.22776e+08,
3.921756e+07,
3.921756e+07,
3.921756e+07,
3.921756e+07,
3.921756e+07,
6.45552e+07,
6.45552e+07,
6.45552e+07,
6.45552e+07,
6.45552e+07,
2.103343e+08,
9.03446e+07,
1.199897e+08,
1.806892e+07,
1.806892e+07,
1.806892e+07,
1.806892e+07,
1.806892e+07,
2.399795e+07,
2.399795e+07,
2.399795e+07,
2.399795e+07,
2.399795e+07,
0,
0,
0,
0,
0,
0,
0,
0,
0,
0,
0,
0,
0,
2025, 
3.876965e+07,
3.303952e+07,
5730137,
6607903,
6607903,
6607903,
6607903,
6607903,
1146027,
1146027,
1146027,
1146027,
1146027,
3.425341e+08,
2.954981e+08,
4.703603e+07,
5.909962e+07,
5.909962e+07,
5.909962e+07,
5.909962e+07,
5.909962e+07,
9407206,
9407206,
9407206,
9407206,
9407206,
1.308167e+08,
1.080923e+08,
2.272443e+07,
2.161845e+07,
2.161845e+07,
2.161845e+07,
2.161845e+07,
2.161845e+07,
4544885,
4544885,
4544885,
4544885,
4544885,
9.825844e+07,
6.720726e+07,
3.105119e+07,
1.344145e+07,
1.344145e+07,
1.344145e+07,
1.344145e+07,
1.344145e+07,
6210239,
6210239,
6210239,
6210239,
6210239,
2.181924e+08,
1.952027e+08,
2.298973e+07,
3.904054e+07,
3.904054e+07,
3.904054e+07,
3.904054e+07,
3.904054e+07,
4597945,
4597945,
4597945,
4597945,
4597945,
2.264681e+08,
1.937795e+08,
3.268862e+07,
3.87559e+07,
3.87559e+07,
3.87559e+07,
3.87559e+07,
3.87559e+07,
6537725,
6537725,
6537725,
6537725,
6537725,
2.231294e+08,
1.38028e+08,
8.510134e+07,
2.760561e+07,
2.760561e+07,
2.760561e+07,
2.760561e+07,
2.760561e+07,
1.702027e+07,
1.702027e+07,
1.702027e+07,
1.702027e+07,
1.702027e+07,
6.384929e+08,
3.350013e+08,
3.034916e+08,
6.700027e+07,
6.700027e+07,
6.700027e+07,
6.700027e+07,
6.700027e+07,
6.069832e+07,
6.069832e+07,
6.069832e+07,
6.069832e+07,
6.069832e+07,
3.912692e+08,
1.198848e+08,
2.713844e+08,
2.397696e+07,
2.397696e+07,
2.397696e+07,
2.397696e+07,
2.397696e+07,
5.427689e+07,
5.427689e+07,
5.427689e+07,
5.427689e+07,
5.427689e+07,
6.118319e+07,
4.242256e+07,
1.876064e+07,
8484511,
8484511,
8484511,
8484511,
8484511,
3752128,
3752128,
3752128,
3752128,
3752128,
4.252487e+08,
3.46938e+08,
7.831061e+07,
6.938761e+07,
6.938761e+07,
6.938761e+07,
6.938761e+07,
6.938761e+07,
1.566212e+07,
1.566212e+07,
1.566212e+07,
1.566212e+07,
1.566212e+07,
1.211188e+08,
8.324561e+07,
3.787321e+07,
1.664912e+07,
1.664912e+07,
1.664912e+07,
1.664912e+07,
1.664912e+07,
7574643,
7574643,
7574643,
7574643,
7574643,
8.742542e+07,
6.461056e+07,
2.281484e+07,
1.292211e+07,
1.292211e+07,
1.292211e+07,
1.292211e+07,
1.292211e+07,
4562969,
4562969,
4562969,
4562969,
4562969,
4.865444e+07,
3.595365e+07,
1.270079e+07,
7190731,
7190731,
7190731,
7190731,
7190731,
2540158,
2540158,
2540158,
2540158,
2540158,
8.052809e+07,
4.089682e+07,
3.963127e+07,
8179364,
8179364,
8179364,
8179364,
8179364,
7926255,
7926255,
7926255,
7926255,
7926255,
1.621293e+08,
1.249076e+08,
3.722171e+07,
2.498152e+07,
2.498152e+07,
2.498152e+07,
2.498152e+07,
2.498152e+07,
7444342,
7444342,
7444342,
7444342,
7444342,
2.931716e+08,
2.162092e+08,
7.696243e+07,
4.324183e+07,
4.324183e+07,
4.324183e+07,
4.324183e+07,
4.324183e+07,
1.539249e+07,
1.539249e+07,
1.539249e+07,
1.539249e+07,
1.539249e+07,
1.45216e+09,
5.614028e+08,
8.907573e+08,
1.122806e+08,
1.122806e+08,
1.122806e+08,
1.122806e+08,
1.122806e+08,
1.781515e+08,
1.781515e+08,
1.781515e+08,
1.781515e+08,
1.781515e+08,
7.795382e+07,
6.2743e+07,
1.521082e+07,
1.25486e+07,
1.25486e+07,
1.25486e+07,
1.25486e+07,
1.25486e+07,
3042165,
3042165,
3042165,
3042165,
3042165,
1.462574e+09,
8.496131e+08,
6.129613e+08,
1.699226e+08,
1.699226e+08,
1.699226e+08,
1.699226e+08,
1.699226e+08,
1.225923e+08,
1.225923e+08,
1.225923e+08,
1.225923e+08,
1.225923e+08,
4.164235e+08,
2.062928e+08,
2.101307e+08,
4.125856e+07,
4.125856e+07,
4.125856e+07,
4.125856e+07,
4.125856e+07,
4.202614e+07,
4.202614e+07,
4.202614e+07,
4.202614e+07,
4.202614e+07,
2.925361e+08,
1.531776e+08,
1.393585e+08,
3.063553e+07,
3.063553e+07,
3.063553e+07,
3.063553e+07,
3.063553e+07,
2.78717e+07,
2.78717e+07,
2.78717e+07,
2.78717e+07,
2.78717e+07,
1.221852e+08,
8.849186e+07,
3.369328e+07,
1.769837e+07,
1.769837e+07,
1.769837e+07,
1.769837e+07,
1.769837e+07,
6738657,
6738657,
6738657,
6738657,
6738657,
3.535012e+07,
3.07376e+07,
4612524,
6147520,
6147520,
6147520,
6147520,
6147520,
922504.7,
922504.7,
922504.7,
922504.7,
922504.7,
5.270946e+08,
2.022401e+08,
3.248545e+08,
4.044803e+07,
4.044803e+07,
4.044803e+07,
4.044803e+07,
4.044803e+07,
6.497089e+07,
6.497089e+07,
6.497089e+07,
6.497089e+07,
6.497089e+07,
2.157289e+08,
9.382467e+07,
1.219043e+08,
1.876493e+07,
1.876493e+07,
1.876493e+07,
1.876493e+07,
1.876493e+07,
2.438085e+07,
2.438085e+07,
2.438085e+07,
2.438085e+07,
2.438085e+07,
0,
0,
0,
0,
0,
0,
0,
0,
0,
0,
0,
0,
0,
2026, 
3.893698e+07,
3.328857e+07,
5648412,
6657714,
6657714,
6657714,
6657714,
6657714,
1129682,
1129682,
1129682,
1129682,
1129682,
3.441136e+08,
2.976918e+08,
4.642182e+07,
5.953836e+07,
5.953836e+07,
5.953836e+07,
5.953836e+07,
5.953836e+07,
9284365,
9284365,
9284365,
9284365,
9284365,
1.316939e+08,
1.105806e+08,
2.111322e+07,
2.211613e+07,
2.211613e+07,
2.211613e+07,
2.211613e+07,
2.211613e+07,
4222645,
4222645,
4222645,
4222645,
4222645,
9.895619e+07,
6.90374e+07,
2.991879e+07,
1.380748e+07,
1.380748e+07,
1.380748e+07,
1.380748e+07,
1.380748e+07,
5983759,
5983759,
5983759,
5983759,
5983759,
2.189727e+08,
1.962313e+08,
2.274136e+07,
3.924626e+07,
3.924626e+07,
3.924626e+07,
3.924626e+07,
3.924626e+07,
4548272,
4548272,
4548272,
4548272,
4548272,
2.278728e+08,
1.966e+08,
3.127286e+07,
3.931999e+07,
3.931999e+07,
3.931999e+07,
3.931999e+07,
3.931999e+07,
6254573,
6254573,
6254573,
6254573,
6254573,
2.258347e+08,
1.430281e+08,
8.28066e+07,
2.860562e+07,
2.860562e+07,
2.860562e+07,
2.860562e+07,
2.860562e+07,
1.656132e+07,
1.656132e+07,
1.656132e+07,
1.656132e+07,
1.656132e+07,
6.531226e+08,
3.541348e+08,
2.989878e+08,
7.082696e+07,
7.082696e+07,
7.082696e+07,
7.082696e+07,
7.082696e+07,
5.979756e+07,
5.979756e+07,
5.979756e+07,
5.979756e+07,
5.979756e+07,
3.993996e+08,
1.302038e+08,
2.691958e+08,
2.604076e+07,
2.604076e+07,
2.604076e+07,
2.604076e+07,
2.604076e+07,
5.383916e+07,
5.383916e+07,
5.383916e+07,
5.383916e+07,
5.383916e+07,
6.169532e+07,
4.349646e+07,
1.819887e+07,
8699291,
8699291,
8699291,
8699291,
8699291,
3639774,
3639774,
3639774,
3639774,
3639774,
4.256312e+08,
3.511296e+08,
7.450157e+07,
7.022592e+07,
7.022592e+07,
7.022592e+07,
7.022592e+07,
7.022592e+07,
1.490031e+07,
1.490031e+07,
1.490031e+07,
1.490031e+07,
1.490031e+07,
1.20641e+08,
8.442254e+07,
3.621843e+07,
1.688451e+07,
1.688451e+07,
1.688451e+07,
1.688451e+07,
1.688451e+07,
7243687,
7243687,
7243687,
7243687,
7243687,
8.797663e+07,
6.610294e+07,
2.18737e+07,
1.322059e+07,
1.322059e+07,
1.322059e+07,
1.322059e+07,
1.322059e+07,
4374740,
4374740,
4374740,
4374740,
4374740,
4.873257e+07,
3.658107e+07,
1.215149e+07,
7316215,
7316215,
7316215,
7316215,
7316215,
2430298,
2430298,
2430298,
2430298,
2430298,
8.143453e+07,
4.277633e+07,
3.86582e+07,
8555266,
8555266,
8555266,
8555266,
8555266,
7731639,
7731639,
7731639,
7731639,
7731639,
1.618109e+08,
1.265802e+08,
3.523074e+07,
2.531604e+07,
2.531604e+07,
2.531604e+07,
2.531604e+07,
2.531604e+07,
7046147,
7046147,
7046147,
7046147,
7046147,
2.969628e+08,
2.224747e+08,
7.448821e+07,
4.449493e+07,
4.449493e+07,
4.449493e+07,
4.449493e+07,
4.449493e+07,
1.489764e+07,
1.489764e+07,
1.489764e+07,
1.489764e+07,
1.489764e+07,
1.46162e+09,
5.962705e+08,
8.653491e+08,
1.192541e+08,
1.192541e+08,
1.192541e+08,
1.192541e+08,
1.192541e+08,
1.730698e+08,
1.730698e+08,
1.730698e+08,
1.730698e+08,
1.730698e+08,
7.789645e+07,
6.310715e+07,
1.47893e+07,
1.262143e+07,
1.262143e+07,
1.262143e+07,
1.262143e+07,
1.262143e+07,
2957860,
2957860,
2957860,
2957860,
2957860,
1.460858e+09,
8.779655e+08,
5.828924e+08,
1.755931e+08,
1.755931e+08,
1.755931e+08,
1.755931e+08,
1.755931e+08,
1.165785e+08,
1.165785e+08,
1.165785e+08,
1.165785e+08,
1.165785e+08,
4.191565e+08,
2.155469e+08,
2.036096e+08,
4.310939e+07,
4.310939e+07,
4.310939e+07,
4.310939e+07,
4.310939e+07,
4.072191e+07,
4.072191e+07,
4.072191e+07,
4.072191e+07,
4.072191e+07,
2.944042e+08,
1.593404e+08,
1.350639e+08,
3.186807e+07,
3.186807e+07,
3.186807e+07,
3.186807e+07,
3.186807e+07,
2.701277e+07,
2.701277e+07,
2.701277e+07,
2.701277e+07,
2.701277e+07,
1.21639e+08,
8.958454e+07,
3.205444e+07,
1.791691e+07,
1.791691e+07,
1.791691e+07,
1.791691e+07,
1.791691e+07,
6410887,
6410887,
6410887,
6410887,
6410887,
3.560972e+07,
3.10453e+07,
4564426,
6209060,
6209060,
6209060,
6209060,
6209060,
912885.1,
912885.1,
912885.1,
912885.1,
912885.1,
5.342424e+08,
2.159725e+08,
3.182698e+08,
4.319451e+07,
4.319451e+07,
4.319451e+07,
4.319451e+07,
4.319451e+07,
6.365396e+07,
6.365396e+07,
6.365396e+07,
6.365396e+07,
6.365396e+07,
2.207865e+08,
1.003768e+08,
1.204097e+08,
2.007537e+07,
2.007537e+07,
2.007537e+07,
2.007537e+07,
2.007537e+07,
2.408194e+07,
2.408194e+07,
2.408194e+07,
2.408194e+07,
2.408194e+07,
0,
0,
0,
0,
0,
0,
0,
0,
0,
0,
0,
0,
0,
2027, 
3.91043e+07,
3.353853e+07,
5565771,
6707707,
6707707,
6707707,
6707707,
6707707,
1113154,
1113154,
1113154,
1113154,
1113154,
3.456932e+08,
2.998932e+08,
4.58e+07,
5.997863e+07,
5.997863e+07,
5.997863e+07,
5.997863e+07,
5.997863e+07,
9159999,
9159999,
9159999,
9159999,
9159999,
1.32571e+08,
1.130925e+08,
1.947853e+07,
2.26185e+07,
2.26185e+07,
2.26185e+07,
2.26185e+07,
2.26185e+07,
3895706,
3895706,
3895706,
3895706,
3895706,
9.965394e+07,
7.088663e+07,
2.876731e+07,
1.417733e+07,
1.417733e+07,
1.417733e+07,
1.417733e+07,
1.417733e+07,
5753463,
5753463,
5753463,
5753463,
5753463,
2.197529e+08,
1.972622e+08,
2.249063e+07,
3.945245e+07,
3.945245e+07,
3.945245e+07,
3.945245e+07,
3.945245e+07,
4498127,
4498127,
4498127,
4498127,
4498127,
2.292776e+08,
1.994404e+08,
2.983715e+07,
3.988809e+07,
3.988809e+07,
3.988809e+07,
3.988809e+07,
3.988809e+07,
5967429,
5967429,
5967429,
5967429,
5967429,
2.285401e+08,
1.481079e+08,
8.043218e+07,
2.962157e+07,
2.962157e+07,
2.962157e+07,
2.962157e+07,
2.962157e+07,
1.608644e+07,
1.608644e+07,
1.608644e+07,
1.608644e+07,
1.608644e+07,
6.677523e+08,
3.737816e+08,
2.939707e+08,
7.475631e+07,
7.475631e+07,
7.475631e+07,
7.475631e+07,
7.475631e+07,
5.879414e+07,
5.879414e+07,
5.879414e+07,
5.879414e+07,
5.879414e+07,
4.0753e+08,
1.408415e+08,
2.666885e+08,
2.81683e+07,
2.81683e+07,
2.81683e+07,
2.81683e+07,
2.81683e+07,
5.33377e+07,
5.33377e+07,
5.33377e+07,
5.33377e+07,
5.33377e+07,
6.220745e+07,
4.458229e+07,
1.762516e+07,
8916458,
8916458,
8916458,
8916458,
8916458,
3525032,
3525032,
3525032,
3525032,
3525032,
4.260137e+08,
3.553282e+08,
7.068555e+07,
7.106564e+07,
7.106564e+07,
7.106564e+07,
7.106564e+07,
7.106564e+07,
1.413711e+07,
1.413711e+07,
1.413711e+07,
1.413711e+07,
1.413711e+07,
1.201631e+08,
8.558754e+07,
3.457558e+07,
1.711751e+07,
1.711751e+07,
1.711751e+07,
1.711751e+07,
1.711751e+07,
6915117,
6915117,
6915117,
6915117,
6915117,
8.852785e+07,
6.760889e+07,
2.091896e+07,
1.352178e+07,
1.352178e+07,
1.352178e+07,
1.352178e+07,
1.352178e+07,
4183792,
4183792,
4183792,
4183792,
4183792,
4.88107e+07,
3.721033e+07,
1.160037e+07,
7442066,
7442066,
7442066,
7442066,
7442066,
2320074,
2320074,
2320074,
2320074,
2320074,
8.234096e+07,
4.468744e+07,
3.765352e+07,
8937487,
8937487,
8937487,
8937487,
8937487,
7530705,
7530705,
7530705,
7530705,
7530705,
1.614925e+08,
1.282452e+08,
3.324731e+07,
2.564904e+07,
2.564904e+07,
2.564904e+07,
2.564904e+07,
2.564904e+07,
6649462,
6649462,
6649462,
6649462,
6649462,
3.007541e+08,
2.288287e+08,
7.192537e+07,
4.576574e+07,
4.576574e+07,
4.576574e+07,
4.576574e+07,
4.576574e+07,
1.438507e+07,
1.438507e+07,
1.438507e+07,
1.438507e+07,
1.438507e+07,
1.471079e+09,
6.315422e+08,
8.395369e+08,
1.263084e+08,
1.263084e+08,
1.263084e+08,
1.263084e+08,
1.263084e+08,
1.679074e+08,
1.679074e+08,
1.679074e+08,
1.679074e+08,
1.679074e+08,
7.783906e+07,
6.347068e+07,
1.436838e+07,
1.269414e+07,
1.269414e+07,
1.269414e+07,
1.269414e+07,
1.269414e+07,
2873676,
2873676,
2873676,
2873676,
2873676,
1.459141e+09,
9.06249e+08,
5.528924e+08,
1.812498e+08,
1.812498e+08,
1.812498e+08,
1.812498e+08,
1.812498e+08,
1.105785e+08,
1.105785e+08,
1.105785e+08,
1.105785e+08,
1.105785e+08,
4.218894e+08,
2.24904e+08,
1.969854e+08,
4.498081e+07,
4.498081e+07,
4.498081e+07,
4.498081e+07,
4.498081e+07,
3.939708e+07,
3.939708e+07,
3.939708e+07,
3.939708e+07,
3.939708e+07,
2.962724e+08,
1.655689e+08,
1.307035e+08,
3.311378e+07,
3.311378e+07,
3.311378e+07,
3.311378e+07,
3.311378e+07,
2.614069e+07,
2.614069e+07,
2.614069e+07,
2.614069e+07,
2.614069e+07,
1.210928e+08,
9.066386e+07,
3.042895e+07,
1.813277e+07,
1.813277e+07,
1.813277e+07,
1.813277e+07,
1.813277e+07,
6085790,
6085790,
6085790,
6085790,
6085790,
3.586932e+07,
3.135419e+07,
4515132,
6270838,
6270838,
6270838,
6270838,
6270838,
903026.4,
903026.4,
903026.4,
903026.4,
903026.4,
5.413902e+08,
2.29999e+08,
3.113912e+08,
4.599981e+07,
4.599981e+07,
4.599981e+07,
4.599981e+07,
4.599981e+07,
6.227823e+07,
6.227823e+07,
6.227823e+07,
6.227823e+07,
6.227823e+07,
2.258441e+08,
1.071284e+08,
1.187157e+08,
2.142568e+07,
2.142568e+07,
2.142568e+07,
2.142568e+07,
2.142568e+07,
2.374314e+07,
2.374314e+07,
2.374314e+07,
2.374314e+07,
2.374314e+07,
0,
0,
0,
0,
0,
0,
0,
0,
0,
0,
0,
0,
0,
2028, 
3.927163e+07,
3.378942e+07,
5482216,
6757883,
6757883,
6757883,
6757883,
6757883,
1096443,
1096443,
1096443,
1096443,
1096443,
3.472727e+08,
3.021021e+08,
4.517053e+07,
6.042043e+07,
6.042043e+07,
6.042043e+07,
6.042043e+07,
6.042043e+07,
9034106,
9034106,
9034106,
9034106,
9034106,
1.334482e+08,
1.156279e+08,
1.782034e+07,
2.312557e+07,
2.312557e+07,
2.312557e+07,
2.312557e+07,
2.312557e+07,
3564068,
3564068,
3564068,
3564068,
3564068,
1.003517e+08,
7.275493e+07,
2.759676e+07,
1.455099e+07,
1.455099e+07,
1.455099e+07,
1.455099e+07,
1.455099e+07,
5519352,
5519352,
5519352,
5519352,
5519352,
2.205331e+08,
1.982956e+08,
2.223756e+07,
3.965911e+07,
3.965911e+07,
3.965911e+07,
3.965911e+07,
3.965911e+07,
4447511,
4447511,
4447511,
4447511,
4447511,
2.306823e+08,
2.023008e+08,
2.838148e+07,
4.046017e+07,
4.046017e+07,
4.046017e+07,
4.046017e+07,
4.046017e+07,
5676295,
5676295,
5676295,
5676295,
5676295,
2.312454e+08,
1.532673e+08,
7.797805e+07,
3.065347e+07,
3.065347e+07,
3.065347e+07,
3.065347e+07,
3.065347e+07,
1.559561e+07,
1.559561e+07,
1.559561e+07,
1.559561e+07,
1.559561e+07,
6.82382e+08,
3.939416e+08,
2.884404e+08,
7.878832e+07,
7.878832e+07,
7.878832e+07,
7.878832e+07,
7.878832e+07,
5.768808e+07,
5.768808e+07,
5.768808e+07,
5.768808e+07,
5.768808e+07,
4.156604e+08,
1.517979e+08,
2.638624e+08,
3.035959e+07,
3.035959e+07,
3.035959e+07,
3.035959e+07,
3.035959e+07,
5.277249e+07,
5.277249e+07,
5.277249e+07,
5.277249e+07,
5.277249e+07,
6.271958e+07,
4.568006e+07,
1.703952e+07,
9136012,
9136012,
9136012,
9136012,
9136012,
3407904,
3407904,
3407904,
3407904,
3407904,
4.263963e+08,
3.595338e+08,
6.686257e+07,
7.190675e+07,
7.190675e+07,
7.190675e+07,
7.190675e+07,
7.190675e+07,
1.337251e+07,
1.337251e+07,
1.337251e+07,
1.337251e+07,
1.337251e+07,
1.196853e+08,
8.674062e+07,
3.294466e+07,
1.734812e+07,
1.734812e+07,
1.734812e+07,
1.734812e+07,
1.734812e+07,
6588932,
6588932,
6588932,
6588932,
6588932,
8.907906e+07,
6.912844e+07,
1.995062e+07,
1.382569e+07,
1.382569e+07,
1.382569e+07,
1.382569e+07,
1.382569e+07,
3990124,
3990124,
3990124,
3990124,
3990124,
4.888883e+07,
3.784141e+07,
1.104742e+07,
7568283,
7568283,
7568283,
7568283,
7568283,
2209484,
2209484,
2209484,
2209484,
2209484,
8.324739e+07,
4.663014e+07,
3.661726e+07,
9326027,
9326027,
9326027,
9326027,
9326027,
7323452,
7323452,
7323452,
7323452,
7323452,
1.611742e+08,
1.299027e+08,
3.127143e+07,
2.598055e+07,
2.598055e+07,
2.598055e+07,
2.598055e+07,
2.598055e+07,
6254287,
6254287,
6254287,
6254287,
6254287,
3.045453e+08,
2.352714e+08,
6.927396e+07,
4.705428e+07,
4.705428e+07,
4.705428e+07,
4.705428e+07,
4.705428e+07,
1.385479e+07,
1.385479e+07,
1.385479e+07,
1.385479e+07,
1.385479e+07,
1.480539e+09,
6.672179e+08,
8.133207e+08,
1.334436e+08,
1.334436e+08,
1.334436e+08,
1.334436e+08,
1.334436e+08,
1.626641e+08,
1.626641e+08,
1.626641e+08,
1.626641e+08,
1.626641e+08,
7.77817e+07,
6.383362e+07,
1.394807e+07,
1.276673e+07,
1.276673e+07,
1.276673e+07,
1.276673e+07,
1.276673e+07,
2789614,
2789614,
2789614,
2789614,
2789614,
1.457425e+09,
9.344636e+08,
5.229614e+08,
1.868927e+08,
1.868927e+08,
1.868927e+08,
1.868927e+08,
1.868927e+08,
1.045923e+08,
1.045923e+08,
1.045923e+08,
1.045923e+08,
1.045923e+08,
4.246224e+08,
2.343642e+08,
1.902582e+08,
4.687284e+07,
4.687284e+07,
4.687284e+07,
4.687284e+07,
4.687284e+07,
3.805164e+07,
3.805164e+07,
3.805164e+07,
3.805164e+07,
3.805164e+07,
2.981404e+08,
1.718632e+08,
1.262773e+08,
3.437263e+07,
3.437263e+07,
3.437263e+07,
3.437263e+07,
3.437263e+07,
2.525545e+07,
2.525545e+07,
2.525545e+07,
2.525545e+07,
2.525545e+07,
1.205466e+08,
9.172982e+07,
2.881683e+07,
1.834596e+07,
1.834596e+07,
1.834596e+07,
1.834596e+07,
1.834596e+07,
5763366,
5763366,
5763366,
5763366,
5763366,
3.612891e+07,
3.166427e+07,
4464643,
6332855,
6332855,
6332855,
6332855,
6332855,
892928.6,
892928.6,
892928.6,
892928.6,
892928.6,
5.48538e+08,
2.443196e+08,
3.042184e+08,
4.886392e+07,
4.886392e+07,
4.886392e+07,
4.886392e+07,
4.886392e+07,
6.084367e+07,
6.084367e+07,
6.084367e+07,
6.084367e+07,
6.084367e+07,
2.309016e+08,
1.140794e+08,
1.168223e+08,
2.281587e+07,
2.281587e+07,
2.281587e+07,
2.281587e+07,
2.281587e+07,
2.336445e+07,
2.336445e+07,
2.336445e+07,
2.336445e+07,
2.336445e+07,
0,
0,
0,
0,
0,
0,
0,
0,
0,
0,
0,
0,
0,
2029, 
3.943896e+07,
3.404121e+07,
5397745,
6808243,
6808243,
6808243,
6808243,
6808243,
1079549,
1079549,
1079549,
1079549,
1079549,
3.488522e+08,
3.043188e+08,
4.453344e+07,
6.086375e+07,
6.086375e+07,
6.086375e+07,
6.086375e+07,
6.086375e+07,
8906689,
8906689,
8906689,
8906689,
8906689,
1.343254e+08,
1.181867e+08,
1.613866e+07,
2.363734e+07,
2.363734e+07,
2.363734e+07,
2.363734e+07,
2.363734e+07,
3227732,
3227732,
3227732,
3227732,
3227732,
1.010494e+08,
7.464233e+07,
2.640712e+07,
1.492847e+07,
1.492847e+07,
1.492847e+07,
1.492847e+07,
1.492847e+07,
5281425,
5281425,
5281425,
5281425,
5281425,
2.213133e+08,
1.993312e+08,
2.198212e+07,
3.986624e+07,
3.986624e+07,
3.986624e+07,
3.986624e+07,
3.986624e+07,
4396424,
4396424,
4396424,
4396424,
4396424,
2.320871e+08,
2.051812e+08,
2.690585e+07,
4.103624e+07,
4.103624e+07,
4.103624e+07,
4.103624e+07,
4.103624e+07,
5381170,
5381170,
5381170,
5381170,
5381170,
2.339508e+08,
1.585065e+08,
7.544423e+07,
3.17013e+07,
3.17013e+07,
3.17013e+07,
3.17013e+07,
3.17013e+07,
1.508885e+07,
1.508885e+07,
1.508885e+07,
1.508885e+07,
1.508885e+07,
6.970116e+08,
4.146149e+08,
2.823967e+08,
8.292298e+07,
8.292298e+07,
8.292298e+07,
8.292298e+07,
8.292298e+07,
5.647935e+07,
5.647935e+07,
5.647935e+07,
5.647935e+07,
5.647935e+07,
4.237908e+08,
1.630731e+08,
2.607177e+08,
3.261461e+07,
3.261461e+07,
3.261461e+07,
3.261461e+07,
3.261461e+07,
5.214354e+07,
5.214354e+07,
5.214354e+07,
5.214354e+07,
5.214354e+07,
6.323171e+07,
4.678976e+07,
1.644195e+07,
9357952,
9357952,
9357952,
9357952,
9357952,
3288390,
3288390,
3288390,
3288390,
3288390,
4.267788e+08,
3.637462e+08,
6.303261e+07,
7.274924e+07,
7.274924e+07,
7.274924e+07,
7.274924e+07,
7.274924e+07,
1.260652e+07,
1.260652e+07,
1.260652e+07,
1.260652e+07,
1.260652e+07,
1.192074e+08,
8.788177e+07,
3.132566e+07,
1.757635e+07,
1.757635e+07,
1.757635e+07,
1.757635e+07,
1.757635e+07,
6265132,
6265132,
6265132,
6265132,
6265132,
8.963027e+07,
7.066158e+07,
1.896869e+07,
1.413232e+07,
1.413232e+07,
1.413232e+07,
1.413232e+07,
1.413232e+07,
3793737,
3793737,
3793737,
3793737,
3793737,
4.896696e+07,
3.847432e+07,
1.049264e+07,
7694863,
7694863,
7694863,
7694863,
7694863,
2098528,
2098528,
2098528,
2098528,
2098528,
8.415382e+07,
4.860442e+07,
3.55494e+07,
9720885,
9720885,
9720885,
9720885,
9720885,
7109880,
7109880,
7109880,
7109880,
7109880,
1.608558e+08,
1.315527e+08,
2.93031e+07,
2.631054e+07,
2.631054e+07,
2.631054e+07,
2.631054e+07,
2.631054e+07,
5860621,
5860621,
5860621,
5860621,
5860621,
3.083366e+08,
2.418026e+08,
6.653395e+07,
4.836053e+07,
4.836053e+07,
4.836053e+07,
4.836053e+07,
4.836053e+07,
1.330679e+07,
1.330679e+07,
1.330679e+07,
1.330679e+07,
1.330679e+07,
1.489998e+09,
7.032977e+08,
7.867004e+08,
1.406595e+08,
1.406595e+08,
1.406595e+08,
1.406595e+08,
1.406595e+08,
1.573401e+08,
1.573401e+08,
1.573401e+08,
1.573401e+08,
1.573401e+08,
7.772431e+07,
6.419595e+07,
1.352836e+07,
1.283919e+07,
1.283919e+07,
1.283919e+07,
1.283919e+07,
1.283919e+07,
2705672,
2705672,
2705672,
2705672,
2705672,
1.455708e+09,
9.626092e+08,
4.930993e+08,
1.925218e+08,
1.925218e+08,
1.925218e+08,
1.925218e+08,
1.925218e+08,
9.861986e+07,
9.861986e+07,
9.861986e+07,
9.861986e+07,
9.861986e+07,
4.273554e+08,
2.439274e+08,
1.83428e+08,
4.878547e+07,
4.878547e+07,
4.878547e+07,
4.878547e+07,
4.878547e+07,
3.66856e+07,
3.66856e+07,
3.66856e+07,
3.66856e+07,
3.66856e+07,
3.000086e+08,
1.782233e+08,
1.217853e+08,
3.564466e+07,
3.564466e+07,
3.564466e+07,
3.564466e+07,
3.564466e+07,
2.435706e+07,
2.435706e+07,
2.435706e+07,
2.435706e+07,
2.435706e+07,
1.200005e+08,
9.278239e+07,
2.721807e+07,
1.855648e+07,
1.855648e+07,
1.855648e+07,
1.855648e+07,
1.855648e+07,
5443615,
5443615,
5443615,
5443615,
5443615,
3.638851e+07,
3.197555e+07,
4412959,
6395111,
6395111,
6395111,
6395111,
6395111,
882591.8,
882591.8,
882591.8,
882591.8,
882591.8,
5.556858e+08,
2.589342e+08,
2.967516e+08,
5.178685e+07,
5.178685e+07,
5.178685e+07,
5.178685e+07,
5.178685e+07,
5.935031e+07,
5.935031e+07,
5.935031e+07,
5.935031e+07,
5.935031e+07,
2.359592e+08,
1.212298e+08,
1.147295e+08,
2.424595e+07,
2.424595e+07,
2.424595e+07,
2.424595e+07,
2.424595e+07,
2.294589e+07,
2.294589e+07,
2.294589e+07,
2.294589e+07,
2.294589e+07,
0,
0,
0,
0,
0,
0,
0,
0,
0,
0,
0,
0,
0,
2030, 
3.960628e+07,
3.429393e+07,
5312360,
6858786,
6858786,
6858786,
6858786,
6858786,
1062472,
1062472,
1062472,
1062472,
1062472,
3.504317e+08,
3.06543e+08,
4.388872e+07,
6.13086e+07,
6.13086e+07,
6.13086e+07,
6.13086e+07,
6.13086e+07,
8777744,
8777744,
8777744,
8777744,
8777744,
1.352025e+08,
1.20769e+08,
1.443348e+07,
2.415381e+07,
2.415381e+07,
2.415381e+07,
2.415381e+07,
2.415381e+07,
2886697,
2886697,
2886697,
2886697,
2886697,
1.017472e+08,
7.654879e+07,
2.519841e+07,
1.530976e+07,
1.530976e+07,
1.530976e+07,
1.530976e+07,
1.530976e+07,
5039682,
5039682,
5039682,
5039682,
5039682,
2.220935e+08,
2.003692e+08,
2.172433e+07,
4.007384e+07,
4.007384e+07,
4.007384e+07,
4.007384e+07,
4.007384e+07,
4344867,
4344867,
4344867,
4344867,
4344867,
2.334918e+08,
2.080815e+08,
2.541027e+07,
4.16163e+07,
4.16163e+07,
4.16163e+07,
4.16163e+07,
4.16163e+07,
5082054,
5082054,
5082054,
5082054,
5082054,
2.366561e+08,
1.638254e+08,
7.28307e+07,
3.276508e+07,
3.276508e+07,
3.276508e+07,
3.276508e+07,
3.276508e+07,
1.456614e+07,
1.456614e+07,
1.456614e+07,
1.456614e+07,
1.456614e+07,
7.116413e+08,
4.358015e+08,
2.758398e+08,
8.71603e+07,
8.71603e+07,
8.71603e+07,
8.71603e+07,
8.71603e+07,
5.516796e+07,
5.516796e+07,
5.516796e+07,
5.516796e+07,
5.516796e+07,
4.319212e+08,
1.746669e+08,
2.572543e+08,
3.493337e+07,
3.493337e+07,
3.493337e+07,
3.493337e+07,
3.493337e+07,
5.145086e+07,
5.145086e+07,
5.145086e+07,
5.145086e+07,
5.145086e+07,
6.374384e+07,
4.79114e+07,
1.583244e+07,
9582280,
9582280,
9582280,
9582280,
9582280,
3166488,
3166488,
3166488,
3166488,
3166488,
4.271614e+08,
3.679657e+08,
5.919568e+07,
7.359314e+07,
7.359314e+07,
7.359314e+07,
7.359314e+07,
7.359314e+07,
1.183914e+07,
1.183914e+07,
1.183914e+07,
1.183914e+07,
1.183914e+07,
1.187296e+08,
8.9011e+07,
2.971859e+07,
1.78022e+07,
1.78022e+07,
1.78022e+07,
1.78022e+07,
1.78022e+07,
5943717,
5943717,
5943717,
5943717,
5943717,
9.018149e+07,
7.220834e+07,
1.797316e+07,
1.444167e+07,
1.444167e+07,
1.444167e+07,
1.444167e+07,
1.444167e+07,
3594631,
3594631,
3594631,
3594631,
3594631,
4.904508e+07,
3.910905e+07,
9936034,
7821811,
7821811,
7821811,
7821811,
7821811,
1987207,
1987207,
1987207,
1987207,
1987207,
8.506026e+07,
5.061031e+07,
3.444995e+07,
1.012206e+07,
1.012206e+07,
1.012206e+07,
1.012206e+07,
1.012206e+07,
6889990,
6889990,
6889990,
6889990,
6889990,
1.605374e+08,
1.331951e+08,
2.734232e+07,
2.663902e+07,
2.663902e+07,
2.663902e+07,
2.663902e+07,
2.663902e+07,
5468464,
5468464,
5468464,
5468464,
5468464,
3.121278e+08,
2.484225e+08,
6.370536e+07,
4.96845e+07,
4.96845e+07,
4.96845e+07,
4.96845e+07,
4.96845e+07,
1.274107e+07,
1.274107e+07,
1.274107e+07,
1.274107e+07,
1.274107e+07,
1.499458e+09,
7.397812e+08,
7.596763e+08,
1.479563e+08,
1.479563e+08,
1.479563e+08,
1.479563e+08,
1.479563e+08,
1.519353e+08,
1.519353e+08,
1.519353e+08,
1.519353e+08,
1.519353e+08,
7.766694e+07,
6.455768e+07,
1.310925e+07,
1.291154e+07,
1.291154e+07,
1.291154e+07,
1.291154e+07,
1.291154e+07,
2621851,
2621851,
2621851,
2621851,
2621851,
1.453992e+09,
9.906856e+08,
4.633062e+08,
1.981371e+08,
1.981371e+08,
1.981371e+08,
1.981371e+08,
1.981371e+08,
9.266123e+07,
9.266123e+07,
9.266123e+07,
9.266123e+07,
9.266123e+07,
4.300883e+08,
2.535935e+08,
1.764948e+08,
5.071871e+07,
5.071871e+07,
5.071871e+07,
5.071871e+07,
5.071871e+07,
3.529895e+07,
3.529895e+07,
3.529895e+07,
3.529895e+07,
3.529895e+07,
3.018767e+08,
1.846492e+08,
1.172275e+08,
3.692984e+07,
3.692984e+07,
3.692984e+07,
3.692984e+07,
3.692984e+07,
2.34455e+07,
2.34455e+07,
2.34455e+07,
2.34455e+07,
2.34455e+07,
1.194543e+08,
9.382162e+07,
2.563268e+07,
1.876432e+07,
1.876432e+07,
1.876432e+07,
1.876432e+07,
1.876432e+07,
5126536,
5126536,
5126536,
5126536,
5126536,
3.664811e+07,
3.228803e+07,
4360080,
6457606,
6457606,
6457606,
6457606,
6457606,
872016,
872016,
872016,
872016,
872016,
5.628335e+08,
2.738429e+08,
2.889906e+08,
5.476858e+07,
5.476858e+07,
5.476858e+07,
5.476858e+07,
5.476858e+07,
5.779812e+07,
5.779812e+07,
5.779812e+07,
5.779812e+07,
5.779812e+07,
2.410168e+08,
1.285795e+08,
1.124372e+08,
2.571591e+07,
2.571591e+07,
2.571591e+07,
2.571591e+07,
2.571591e+07,
2.248745e+07,
2.248745e+07,
2.248745e+07,
2.248745e+07,
2.248745e+07,
0,
0,
0,
0,
0,
0,
0,
0,
0,
0,
0,
0,
0,
2031, 
3.97642e+07,
3.452122e+07,
5242982,
6904243,
6904243,
6904243,
6904243,
6904243,
1048596,
1048596,
1048596,
1048596,
1048596,
3.51945e+08,
3.085986e+08,
4.33464e+07,
6.171972e+07,
6.171972e+07,
6.171972e+07,
6.171972e+07,
6.171972e+07,
8669280,
8669280,
8669280,
8669280,
8669280,
1.358776e+08,
1.217966e+08,
1.408102e+07,
2.435932e+07,
2.435932e+07,
2.435932e+07,
2.435932e+07,
2.435932e+07,
2816203,
2816203,
2816203,
2816203,
2816203,
1.022595e+08,
7.740694e+07,
2.485251e+07,
1.548139e+07,
1.548139e+07,
1.548139e+07,
1.548139e+07,
1.548139e+07,
4970502,
4970502,
4970502,
4970502,
4970502,
2.225612e+08,
2.010363e+08,
2.152485e+07,
4.020727e+07,
4.020727e+07,
4.020727e+07,
4.020727e+07,
4.020727e+07,
4304970,
4304970,
4304970,
4304970,
4304970,
2.34548e+08,
2.095341e+08,
2.501391e+07,
4.190682e+07,
4.190682e+07,
4.190682e+07,
4.190682e+07,
4.190682e+07,
5002782,
5002782,
5002782,
5002782,
5002782,
2.390275e+08,
1.668651e+08,
7.216242e+07,
3.337302e+07,
3.337302e+07,
3.337302e+07,
3.337302e+07,
3.337302e+07,
1.443249e+07,
1.443249e+07,
1.443249e+07,
1.443249e+07,
1.443249e+07,
7.255997e+08,
4.497454e+08,
2.758543e+08,
8.994907e+07,
8.994907e+07,
8.994907e+07,
8.994907e+07,
8.994907e+07,
5.517086e+07,
5.517086e+07,
5.517086e+07,
5.517086e+07,
5.517086e+07,
4.392742e+08,
1.816797e+08,
2.575945e+08,
3.633594e+07,
3.633594e+07,
3.633594e+07,
3.633594e+07,
3.633594e+07,
5.15189e+07,
5.15189e+07,
5.15189e+07,
5.15189e+07,
5.15189e+07,
6.414114e+07,
4.8557e+07,
1.558413e+07,
9711401,
9711401,
9711401,
9711401,
9711401,
3116827,
3116827,
3116827,
3116827,
3116827,
4.275816e+08,
3.695638e+08,
5.80178e+07,
7.391276e+07,
7.391276e+07,
7.391276e+07,
7.391276e+07,
7.391276e+07,
1.160356e+07,
1.160356e+07,
1.160356e+07,
1.160356e+07,
1.160356e+07,
1.182322e+08,
8.925144e+07,
2.898074e+07,
1.785029e+07,
1.785029e+07,
1.785029e+07,
1.785029e+07,
1.785029e+07,
5796148,
5796148,
5796148,
5796148,
5796148,
9.061001e+07,
7.287635e+07,
1.773366e+07,
1.457527e+07,
1.457527e+07,
1.457527e+07,
1.457527e+07,
1.457527e+07,
3546731,
3546731,
3546731,
3546731,
3546731,
4.901652e+07,
3.926828e+07,
9748238,
7853656,
7853656,
7853656,
7853656,
7853656,
1949648,
1949648,
1949648,
1949648,
1949648,
8.581702e+07,
5.173304e+07,
3.408398e+07,
1.034661e+07,
1.034661e+07,
1.034661e+07,
1.034661e+07,
1.034661e+07,
6816797,
6816797,
6816797,
6816797,
6816797,
1.602434e+08,
1.334525e+08,
2.679081e+07,
2.669051e+07,
2.669051e+07,
2.669051e+07,
2.669051e+07,
2.669051e+07,
5358163,
5358163,
5358163,
5358163,
5358163,
3.154576e+08,
2.522669e+08,
6.319079e+07,
5.045337e+07,
5.045337e+07,
5.045337e+07,
5.045337e+07,
5.045337e+07,
1.263816e+07,
1.263816e+07,
1.263816e+07,
1.263816e+07,
1.263816e+07,
1.506068e+09,
7.570858e+08,
7.489818e+08,
1.514172e+08,
1.514172e+08,
1.514172e+08,
1.514172e+08,
1.514172e+08,
1.497964e+08,
1.497964e+08,
1.497964e+08,
1.497964e+08,
1.497964e+08,
7.75204e+07,
6.469894e+07,
1.282146e+07,
1.293979e+07,
1.293979e+07,
1.293979e+07,
1.293979e+07,
1.293979e+07,
2564292,
2564292,
2564292,
2564292,
2564292,
1.450868e+09,
9.989873e+08,
4.518813e+08,
1.997975e+08,
1.997975e+08,
1.997975e+08,
1.997975e+08,
1.997975e+08,
9.037627e+07,
9.037627e+07,
9.037627e+07,
9.037627e+07,
9.037627e+07,
4.32024e+08,
2.5816e+08,
1.73864e+08,
5.163199e+07,
5.163199e+07,
5.163199e+07,
5.163199e+07,
5.163199e+07,
3.477281e+07,
3.477281e+07,
3.477281e+07,
3.477281e+07,
3.477281e+07,
3.032236e+08,
1.875716e+08,
1.156521e+08,
3.751431e+07,
3.751431e+07,
3.751431e+07,
3.751431e+07,
3.751431e+07,
2.313042e+07,
2.313042e+07,
2.313042e+07,
2.313042e+07,
2.313042e+07,
1.188844e+08,
9.383371e+07,
2.505066e+07,
1.876674e+07,
1.876674e+07,
1.876674e+07,
1.876674e+07,
1.876674e+07,
5010132,
5010132,
5010132,
5010132,
5010132,
3.688437e+07,
3.25639e+07,
4320470,
6512781,
6512781,
6512781,
6512781,
6512781,
864094,
864094,
864094,
864094,
864094,
5.690538e+08,
2.820192e+08,
2.870346e+08,
5.640384e+07,
5.640384e+07,
5.640384e+07,
5.640384e+07,
5.640384e+07,
5.740692e+07,
5.740692e+07,
5.740692e+07,
5.740692e+07,
5.740692e+07,
2.457122e+08,
1.331421e+08,
1.125701e+08,
2.662843e+07,
2.662843e+07,
2.662843e+07,
2.662843e+07,
2.662843e+07,
2.251401e+07,
2.251401e+07,
2.251401e+07,
2.251401e+07,
2.251401e+07,
0,
0,
0,
0,
0,
0,
0,
0,
0,
0,
0,
0,
0,
2032, 
3.992211e+07,
3.474922e+07,
5172884,
6949845,
6949845,
6949845,
6949845,
6949845,
1034577,
1034577,
1034577,
1034577,
1034577,
3.534583e+08,
3.106605e+08,
4.279778e+07,
6.213211e+07,
6.213211e+07,
6.213211e+07,
6.213211e+07,
6.213211e+07,
8559556,
8559556,
8559556,
8559556,
8559556,
1.365527e+08,
1.228284e+08,
1.372433e+07,
2.456567e+07,
2.456567e+07,
2.456567e+07,
2.456567e+07,
2.456567e+07,
2744866,
2744866,
2744866,
2744866,
2744866,
1.027717e+08,
7.826983e+07,
2.450187e+07,
1.565397e+07,
1.565397e+07,
1.565397e+07,
1.565397e+07,
1.565397e+07,
4900375,
4900375,
4900375,
4900375,
4900375,
2.230288e+08,
2.017045e+08,
2.132434e+07,
4.03409e+07,
4.03409e+07,
4.03409e+07,
4.03409e+07,
4.03409e+07,
4264868,
4264868,
4264868,
4264868,
4264868,
2.356043e+08,
2.109913e+08,
2.461295e+07,
4.219826e+07,
4.219826e+07,
4.219826e+07,
4.219826e+07,
4.219826e+07,
4922590,
4922590,
4922590,
4922590,
4922590,
2.413989e+08,
1.699325e+08,
7.146641e+07,
3.398651e+07,
3.398651e+07,
3.398651e+07,
3.398651e+07,
3.398651e+07,
1.429328e+07,
1.429328e+07,
1.429328e+07,
1.429328e+07,
1.429328e+07,
7.395581e+08,
4.638969e+08,
2.756612e+08,
9.277938e+07,
9.277938e+07,
9.277938e+07,
9.277938e+07,
9.277938e+07,
5.513224e+07,
5.513224e+07,
5.513224e+07,
5.513224e+07,
5.513224e+07,
4.466272e+08,
1.888277e+08,
2.577995e+08,
3.776554e+07,
3.776554e+07,
3.776554e+07,
3.776554e+07,
3.776554e+07,
5.155991e+07,
5.155991e+07,
5.155991e+07,
5.155991e+07,
5.155991e+07,
6.453844e+07,
4.920691e+07,
1.533153e+07,
9841382,
9841382,
9841382,
9841382,
9841382,
3066306,
3066306,
3066306,
3066306,
3066306,
4.280019e+08,
3.711644e+08,
5.683749e+07,
7.423287e+07,
7.423287e+07,
7.423287e+07,
7.423287e+07,
7.423287e+07,
1.13675e+07,
1.13675e+07,
1.13675e+07,
1.13675e+07,
1.13675e+07,
1.177348e+08,
8.948671e+07,
2.824805e+07,
1.789734e+07,
1.789734e+07,
1.789734e+07,
1.789734e+07,
1.789734e+07,
5649610,
5649610,
5649610,
5649610,
5649610,
9.103853e+07,
7.354745e+07,
1.749108e+07,
1.470949e+07,
1.470949e+07,
1.470949e+07,
1.470949e+07,
1.470949e+07,
3498217,
3498217,
3498217,
3498217,
3498217,
4.898795e+07,
3.94273e+07,
9560653,
7885459,
7885459,
7885459,
7885459,
7885459,
1912131,
1912131,
1912131,
1912131,
1912131,
8.657378e+07,
5.286763e+07,
3.370616e+07,
1.057353e+07,
1.057353e+07,
1.057353e+07,
1.057353e+07,
1.057353e+07,
6741231,
6741231,
6741231,
6741231,
6741231,
1.599493e+08,
1.337082e+08,
2.624114e+07,
2.674164e+07,
2.674164e+07,
2.674164e+07,
2.674164e+07,
2.674164e+07,
5248229,
5248229,
5248229,
5248229,
5248229,
3.187875e+08,
2.561364e+08,
6.265102e+07,
5.122728e+07,
5.122728e+07,
5.122728e+07,
5.122728e+07,
5.122728e+07,
1.25302e+07,
1.25302e+07,
1.25302e+07,
1.25302e+07,
1.25302e+07,
1.512678e+09,
7.745134e+08,
7.381641e+08,
1.549027e+08,
1.549027e+08,
1.549027e+08,
1.549027e+08,
1.549027e+08,
1.476328e+08,
1.476328e+08,
1.476328e+08,
1.476328e+08,
1.476328e+08,
7.737386e+07,
6.48392e+07,
1.253466e+07,
1.296784e+07,
1.296784e+07,
1.296784e+07,
1.296784e+07,
1.296784e+07,
2506933,
2506933,
2506933,
2506933,
2506933,
1.447745e+09,
1.007244e+09,
4.405015e+08,
2.014488e+08,
2.014488e+08,
2.014488e+08,
2.014488e+08,
2.014488e+08,
8.81003e+07,
8.81003e+07,
8.81003e+07,
8.81003e+07,
8.81003e+07,
4.339597e+08,
2.627571e+08,
1.712026e+08,
5.255142e+07,
5.255142e+07,
5.255142e+07,
5.255142e+07,
5.255142e+07,
3.424052e+07,
3.424052e+07,
3.424052e+07,
3.424052e+07,
3.424052e+07,
3.045707e+08,
1.905126e+08,
1.140581e+08,
3.810252e+07,
3.810252e+07,
3.810252e+07,
3.810252e+07,
3.810252e+07,
2.281161e+07,
2.281161e+07,
2.281161e+07,
2.281161e+07,
2.281161e+07,
1.183144e+08,
9.384138e+07,
2.447304e+07,
1.876828e+07,
1.876828e+07,
1.876828e+07,
1.876828e+07,
1.876828e+07,
4894609,
4894609,
4894609,
4894609,
4894609,
3.712064e+07,
3.284064e+07,
4279992,
6568129,
6568129,
6568129,
6568129,
6568129,
855998.4,
855998.4,
855998.4,
855998.4,
855998.4,
5.75274e+08,
2.903081e+08,
2.84966e+08,
5.806161e+07,
5.806161e+07,
5.806161e+07,
5.806161e+07,
5.806161e+07,
5.69932e+07,
5.69932e+07,
5.69932e+07,
5.69932e+07,
5.69932e+07,
2.504076e+08,
1.377834e+08,
1.126243e+08,
2.755667e+07,
2.755667e+07,
2.755667e+07,
2.755667e+07,
2.755667e+07,
2.252485e+07,
2.252485e+07,
2.252485e+07,
2.252485e+07,
2.252485e+07,
0,
0,
0,
0,
0,
0,
0,
0,
0,
0,
0,
0,
0,
2033, 
4.008002e+07,
3.497796e+07,
5102067,
6995591,
6995591,
6995591,
6995591,
6995591,
1020413,
1020413,
1020413,
1020413,
1020413,
3.549716e+08,
3.127287e+08,
4.224287e+07,
6.254575e+07,
6.254575e+07,
6.254575e+07,
6.254575e+07,
6.254575e+07,
8448574,
8448574,
8448574,
8448574,
8448574,
1.372278e+08,
1.238644e+08,
1.336343e+07,
2.477287e+07,
2.477287e+07,
2.477287e+07,
2.477287e+07,
2.477287e+07,
2672686,
2672686,
2672686,
2672686,
2672686,
1.03284e+08,
7.913746e+07,
2.414651e+07,
1.582749e+07,
1.582749e+07,
1.582749e+07,
1.582749e+07,
1.582749e+07,
4829301,
4829301,
4829301,
4829301,
4829301,
2.234965e+08,
2.023737e+08,
2.11228e+07,
4.047474e+07,
4.047474e+07,
4.047474e+07,
4.047474e+07,
4.047474e+07,
4224560,
4224560,
4224560,
4224560,
4224560,
2.366605e+08,
2.124532e+08,
2.420738e+07,
4.249063e+07,
4.249063e+07,
4.249063e+07,
4.249063e+07,
4.249063e+07,
4841476,
4841476,
4841476,
4841476,
4841476,
2.437704e+08,
1.730277e+08,
7.074266e+07,
3.460554e+07,
3.460554e+07,
3.460554e+07,
3.460554e+07,
3.460554e+07,
1.414853e+07,
1.414853e+07,
1.414853e+07,
1.414853e+07,
1.414853e+07,
7.535165e+08,
4.78256e+08,
2.752605e+08,
9.565119e+07,
9.565119e+07,
9.565119e+07,
9.565119e+07,
9.565119e+07,
5.50521e+07,
5.50521e+07,
5.50521e+07,
5.50521e+07,
5.50521e+07,
4.539803e+08,
1.96111e+08,
2.578693e+08,
3.92222e+07,
3.92222e+07,
3.92222e+07,
3.92222e+07,
3.92222e+07,
5.157386e+07,
5.157386e+07,
5.157386e+07,
5.157386e+07,
5.157386e+07,
6.493574e+07,
4.986112e+07,
1.507462e+07,
9972224,
9972224,
9972224,
9972224,
9972224,
3014925,
3014925,
3014925,
3014925,
3014925,
4.284221e+08,
3.727673e+08,
5.565475e+07,
7.455346e+07,
7.455346e+07,
7.455346e+07,
7.455346e+07,
7.455346e+07,
1.113095e+07,
1.113095e+07,
1.113095e+07,
1.113095e+07,
1.113095e+07,
1.172373e+08,
8.971682e+07,
2.752053e+07,
1.794336e+07,
1.794336e+07,
1.794336e+07,
1.794336e+07,
1.794336e+07,
5504105,
5504105,
5504105,
5504105,
5504105,
9.146704e+07,
7.42216e+07,
1.724543e+07,
1.484432e+07,
1.484432e+07,
1.484432e+07,
1.484432e+07,
1.484432e+07,
3449087,
3449087,
3449087,
3449087,
3449087,
4.895938e+07,
3.95861e+07,
9373281,
7917221,
7917221,
7917221,
7917221,
7917221,
1874656,
1874656,
1874656,
1874656,
1874656,
8.733054e+07,
5.401407e+07,
3.331647e+07,
1.080281e+07,
1.080281e+07,
1.080281e+07,
1.080281e+07,
1.080281e+07,
6663295,
6663295,
6663295,
6663295,
6663295,
1.596553e+08,
1.33962e+08,
2.569332e+07,
2.679239e+07,
2.679239e+07,
2.679239e+07,
2.679239e+07,
2.679239e+07,
5138663,
5138663,
5138663,
5138663,
5138663,
3.221173e+08,
2.600312e+08,
6.208605e+07,
5.200625e+07,
5.200625e+07,
5.200625e+07,
5.200625e+07,
5.200625e+07,
1.241721e+07,
1.241721e+07,
1.241721e+07,
1.241721e+07,
1.241721e+07,
1.519288e+09,
7.920646e+08,
7.272232e+08,
1.584129e+08,
1.584129e+08,
1.584129e+08,
1.584129e+08,
1.584129e+08,
1.454446e+08,
1.454446e+08,
1.454446e+08,
1.454446e+08,
1.454446e+08,
7.722733e+07,
6.497847e+07,
1.224886e+07,
1.299569e+07,
1.299569e+07,
1.299569e+07,
1.299569e+07,
1.299569e+07,
2449772,
2449772,
2449772,
2449772,
2449772,
1.444622e+09,
1.015456e+09,
4.291665e+08,
2.030911e+08,
2.030911e+08,
2.030911e+08,
2.030911e+08,
2.030911e+08,
8.58333e+07,
8.58333e+07,
8.58333e+07,
8.58333e+07,
8.58333e+07,
4.358954e+08,
2.673849e+08,
1.685105e+08,
5.347698e+07,
5.347698e+07,
5.347698e+07,
5.347698e+07,
5.347698e+07,
3.37021e+07,
3.37021e+07,
3.37021e+07,
3.37021e+07,
3.37021e+07,
3.059177e+08,
1.934723e+08,
1.124454e+08,
3.869446e+07,
3.869446e+07,
3.869446e+07,
3.869446e+07,
3.869446e+07,
2.248908e+07,
2.248908e+07,
2.248908e+07,
2.248908e+07,
2.248908e+07,
1.177445e+08,
9.384466e+07,
2.389983e+07,
1.876893e+07,
1.876893e+07,
1.876893e+07,
1.876893e+07,
1.876893e+07,
4779967,
4779967,
4779967,
4779967,
4779967,
3.73569e+07,
3.311825e+07,
4238647,
6623650,
6623650,
6623650,
6623650,
6623650,
847729.3,
847729.3,
847729.3,
847729.3,
847729.3,
5.814943e+08,
2.987095e+08,
2.827848e+08,
5.97419e+07,
5.97419e+07,
5.97419e+07,
5.97419e+07,
5.97419e+07,
5.655695e+07,
5.655695e+07,
5.655695e+07,
5.655695e+07,
5.655695e+07,
2.551031e+08,
1.425032e+08,
1.125998e+08,
2.850065e+07,
2.850065e+07,
2.850065e+07,
2.850065e+07,
2.850065e+07,
2.251996e+07,
2.251996e+07,
2.251996e+07,
2.251996e+07,
2.251996e+07,
0,
0,
0,
0,
0,
0,
0,
0,
0,
0,
0,
0,
0,
2034, 
4.023793e+07,
3.52074e+07,
5030530,
7041480,
7041480,
7041480,
7041480,
7041480,
1006106,
1006106,
1006106,
1006106,
1006106,
3.564849e+08,
3.148033e+08,
4.168166e+07,
6.296065e+07,
6.296065e+07,
6.296065e+07,
6.296065e+07,
6.296065e+07,
8336332,
8336332,
8336332,
8336332,
8336332,
1.379029e+08,
1.249046e+08,
1.29983e+07,
2.498091e+07,
2.498091e+07,
2.498091e+07,
2.498091e+07,
2.498091e+07,
2599661,
2599661,
2599661,
2599661,
2599661,
1.037962e+08,
8.000981e+07,
2.37864e+07,
1.600196e+07,
1.600196e+07,
1.600196e+07,
1.600196e+07,
1.600196e+07,
4757280,
4757280,
4757280,
4757280,
4757280,
2.239642e+08,
2.03044e+08,
2.092023e+07,
4.060879e+07,
4.060879e+07,
4.060879e+07,
4.060879e+07,
4.060879e+07,
4184045,
4184045,
4184045,
4184045,
4184045,
2.377168e+08,
2.139196e+08,
2.37972e+07,
4.278392e+07,
4.278392e+07,
4.278392e+07,
4.278392e+07,
4.278392e+07,
4759441,
4759441,
4759441,
4759441,
4759441,
2.461418e+08,
1.761506e+08,
6.999115e+07,
3.523012e+07,
3.523012e+07,
3.523012e+07,
3.523012e+07,
3.523012e+07,
1.399823e+07,
1.399823e+07,
1.399823e+07,
1.399823e+07,
1.399823e+07,
7.674749e+08,
4.928227e+08,
2.746522e+08,
9.856454e+07,
9.856454e+07,
9.856454e+07,
9.856454e+07,
9.856454e+07,
5.493044e+07,
5.493044e+07,
5.493044e+07,
5.493044e+07,
5.493044e+07,
4.613333e+08,
2.035295e+08,
2.578038e+08,
4.07059e+07,
4.07059e+07,
4.07059e+07,
4.07059e+07,
4.07059e+07,
5.156077e+07,
5.156077e+07,
5.156077e+07,
5.156077e+07,
5.156077e+07,
6.533304e+07,
5.051962e+07,
1.481342e+07,
1.010392e+07,
1.010392e+07,
1.010392e+07,
1.010392e+07,
1.010392e+07,
2962684,
2962684,
2962684,
2962684,
2962684,
4.288423e+08,
3.743728e+08,
5.446957e+07,
7.487455e+07,
7.487455e+07,
7.487455e+07,
7.487455e+07,
7.487455e+07,
1.089391e+07,
1.089391e+07,
1.089391e+07,
1.089391e+07,
1.089391e+07,
1.167399e+08,
8.994176e+07,
2.679816e+07,
1.798835e+07,
1.798835e+07,
1.798835e+07,
1.798835e+07,
1.798835e+07,
5359632,
5359632,
5359632,
5359632,
5359632,
9.189556e+07,
7.489885e+07,
1.699672e+07,
1.497977e+07,
1.497977e+07,
1.497977e+07,
1.497977e+07,
1.497977e+07,
3399343,
3399343,
3399343,
3399343,
3399343,
4.893082e+07,
3.974469e+07,
9186120,
7948939,
7948939,
7948939,
7948939,
7948939,
1837224,
1837224,
1837224,
1837224,
1837224,
8.808731e+07,
5.517238e+07,
3.291493e+07,
1.103448e+07,
1.103448e+07,
1.103448e+07,
1.103448e+07,
1.103448e+07,
6582986,
6582986,
6582986,
6582986,
6582986,
1.593612e+08,
1.342139e+08,
2.514733e+07,
2.684278e+07,
2.684278e+07,
2.684278e+07,
2.684278e+07,
2.684278e+07,
5029466,
5029466,
5029466,
5029466,
5029466,
3.254471e+08,
2.639512e+08,
6.149586e+07,
5.279025e+07,
5.279025e+07,
5.279025e+07,
5.279025e+07,
5.279025e+07,
1.229917e+07,
1.229917e+07,
1.229917e+07,
1.229917e+07,
1.229917e+07,
1.525898e+09,
8.097388e+08,
7.161589e+08,
1.619477e+08,
1.619477e+08,
1.619477e+08,
1.619477e+08,
1.619477e+08,
1.432318e+08,
1.432318e+08,
1.432318e+08,
1.432318e+08,
1.432318e+08,
7.708078e+07,
6.511673e+07,
1.196405e+07,
1.302335e+07,
1.302335e+07,
1.302335e+07,
1.302335e+07,
1.302335e+07,
2392811,
2392811,
2392811,
2392811,
2392811,
1.441499e+09,
1.023623e+09,
4.178764e+08,
2.047245e+08,
2.047245e+08,
2.047245e+08,
2.047245e+08,
2.047245e+08,
8.357528e+07,
8.357528e+07,
8.357528e+07,
8.357528e+07,
8.357528e+07,
4.378311e+08,
2.720434e+08,
1.657877e+08,
5.440867e+07,
5.440867e+07,
5.440867e+07,
5.440867e+07,
5.440867e+07,
3.315754e+07,
3.315754e+07,
3.315754e+07,
3.315754e+07,
3.315754e+07,
3.072647e+08,
1.964506e+08,
1.108141e+08,
3.929012e+07,
3.929012e+07,
3.929012e+07,
3.929012e+07,
3.929012e+07,
2.216281e+07,
2.216281e+07,
2.216281e+07,
2.216281e+07,
2.216281e+07,
1.171746e+08,
9.384353e+07,
2.333103e+07,
1.876871e+07,
1.876871e+07,
1.876871e+07,
1.876871e+07,
1.876871e+07,
4666207,
4666207,
4666207,
4666207,
4666207,
3.759316e+07,
3.339672e+07,
4196433,
6679345,
6679345,
6679345,
6679345,
6679345,
839286.6,
839286.6,
839286.6,
839286.6,
839286.6,
5.877146e+08,
3.072236e+08,
2.80491e+08,
6.144472e+07,
6.144472e+07,
6.144472e+07,
6.144472e+07,
6.144472e+07,
5.60982e+07,
5.60982e+07,
5.60982e+07,
5.60982e+07,
5.60982e+07,
2.597985e+08,
1.473017e+08,
1.124967e+08,
2.946035e+07,
2.946035e+07,
2.946035e+07,
2.946035e+07,
2.946035e+07,
2.249935e+07,
2.249935e+07,
2.249935e+07,
2.249935e+07,
2.249935e+07,
0,
0,
0,
0,
0,
0,
0,
0,
0,
0,
0,
0,
0,
2035, 
4.039584e+07,
3.543757e+07,
4958275,
7087514,
7087514,
7087514,
7087514,
7087514,
991654.9,
991654.9,
991654.9,
991654.9,
991654.9,
3.579982e+08,
3.168841e+08,
4.111416e+07,
6.337681e+07,
6.337681e+07,
6.337681e+07,
6.337681e+07,
6.337681e+07,
8222833,
8222833,
8222833,
8222833,
8222833,
1.385779e+08,
1.25949e+08,
1.262896e+07,
2.51898e+07,
2.51898e+07,
2.51898e+07,
2.51898e+07,
2.51898e+07,
2525793,
2525793,
2525793,
2525793,
2525793,
1.043085e+08,
8.088691e+07,
2.342155e+07,
1.617738e+07,
1.617738e+07,
1.617738e+07,
1.617738e+07,
1.617738e+07,
4684311,
4684311,
4684311,
4684311,
4684311,
2.244318e+08,
2.037152e+08,
2.071662e+07,
4.074304e+07,
4.074304e+07,
4.074304e+07,
4.074304e+07,
4.074304e+07,
4143325,
4143325,
4143325,
4143325,
4143325,
2.38773e+08,
2.153906e+08,
2.338243e+07,
4.307812e+07,
4.307812e+07,
4.307812e+07,
4.307812e+07,
4.307812e+07,
4676486,
4676486,
4676486,
4676486,
4676486,
2.485132e+08,
1.793013e+08,
6.92119e+07,
3.586026e+07,
3.586026e+07,
3.586026e+07,
3.586026e+07,
3.586026e+07,
1.384238e+07,
1.384238e+07,
1.384238e+07,
1.384238e+07,
1.384238e+07,
7.814333e+08,
5.07597e+08,
2.738363e+08,
1.015194e+08,
1.015194e+08,
1.015194e+08,
1.015194e+08,
1.015194e+08,
5.476726e+07,
5.476726e+07,
5.476726e+07,
5.476726e+07,
5.476726e+07,
4.686864e+08,
2.110832e+08,
2.576032e+08,
4.221664e+07,
4.221664e+07,
4.221664e+07,
4.221664e+07,
4.221664e+07,
5.152063e+07,
5.152063e+07,
5.152063e+07,
5.152063e+07,
5.152063e+07,
6.573034e+07,
5.118242e+07,
1.454792e+07,
1.023649e+07,
1.023649e+07,
1.023649e+07,
1.023649e+07,
1.023649e+07,
2909583,
2909583,
2909583,
2909583,
2909583,
4.292626e+08,
3.759806e+08,
5.328198e+07,
7.519612e+07,
7.519612e+07,
7.519612e+07,
7.519612e+07,
7.519612e+07,
1.06564e+07,
1.06564e+07,
1.06564e+07,
1.06564e+07,
1.06564e+07,
1.162425e+08,
9.016155e+07,
2.608096e+07,
1.803231e+07,
1.803231e+07,
1.803231e+07,
1.803231e+07,
1.803231e+07,
5216192,
5216192,
5216192,
5216192,
5216192,
9.232408e+07,
7.557916e+07,
1.674492e+07,
1.511583e+07,
1.511583e+07,
1.511583e+07,
1.511583e+07,
1.511583e+07,
3348985,
3348985,
3348985,
3348985,
3348985,
4.890225e+07,
3.990308e+07,
8999171,
7980615,
7980615,
7980615,
7980615,
7980615,
1799834,
1799834,
1799834,
1799834,
1799834,
8.884407e+07,
5.634254e+07,
3.250152e+07,
1.126851e+07,
1.126851e+07,
1.126851e+07,
1.126851e+07,
1.126851e+07,
6500305,
6500305,
6500305,
6500305,
6500305,
1.590672e+08,
1.34464e+08,
2.460318e+07,
2.68928e+07,
2.68928e+07,
2.68928e+07,
2.68928e+07,
2.68928e+07,
4920636,
4920636,
4920636,
4920636,
4920636,
3.287769e+08,
2.678964e+08,
6.088045e+07,
5.357928e+07,
5.357928e+07,
5.357928e+07,
5.357928e+07,
5.357928e+07,
1.217609e+07,
1.217609e+07,
1.217609e+07,
1.217609e+07,
1.217609e+07,
1.532508e+09,
8.275364e+08,
7.049715e+08,
1.655073e+08,
1.655073e+08,
1.655073e+08,
1.655073e+08,
1.655073e+08,
1.409943e+08,
1.409943e+08,
1.409943e+08,
1.409943e+08,
1.409943e+08,
7.693425e+07,
6.5254e+07,
1.168024e+07,
1.30508e+07,
1.30508e+07,
1.30508e+07,
1.30508e+07,
1.30508e+07,
2336048,
2336048,
2336048,
2336048,
2336048,
1.438376e+09,
1.031744e+09,
4.066312e+08,
2.063489e+08,
2.063489e+08,
2.063489e+08,
2.063489e+08,
2.063489e+08,
8.132624e+07,
8.132624e+07,
8.132624e+07,
8.132624e+07,
8.132624e+07,
4.397668e+08,
2.767325e+08,
1.630342e+08,
5.534651e+07,
5.534651e+07,
5.534651e+07,
5.534651e+07,
5.534651e+07,
3.260685e+07,
3.260685e+07,
3.260685e+07,
3.260685e+07,
3.260685e+07,
3.086116e+08,
1.994476e+08,
1.091641e+08,
3.988952e+07,
3.988952e+07,
3.988952e+07,
3.988952e+07,
3.988952e+07,
2.183281e+07,
2.183281e+07,
2.183281e+07,
2.183281e+07,
2.183281e+07,
1.166046e+08,
9.383798e+07,
2.276664e+07,
1.87676e+07,
1.87676e+07,
1.87676e+07,
1.87676e+07,
1.87676e+07,
4553328,
4553328,
4553328,
4553328,
4553328,
3.782942e+07,
3.367607e+07,
4153352,
6735215,
6735215,
6735215,
6735215,
6735215,
830670.4,
830670.4,
830670.4,
830670.4,
830670.4,
5.939348e+08,
3.158502e+08,
2.780846e+08,
6.317004e+07,
6.317004e+07,
6.317004e+07,
6.317004e+07,
6.317004e+07,
5.561692e+07,
5.561692e+07,
5.561692e+07,
5.561692e+07,
5.561692e+07,
2.644939e+08,
1.521789e+08,
1.12315e+08,
3.043578e+07,
3.043578e+07,
3.043578e+07,
3.043578e+07,
3.043578e+07,
2.2463e+07,
2.2463e+07,
2.2463e+07,
2.2463e+07,
2.2463e+07,
0,
0,
0,
0,
0,
0,
0,
0,
0,
0,
0,
0,
0,
2036, 
4.054088e+07,
3.565713e+07,
4883749,
7131427,
7131427,
7131427,
7131427,
7131427,
976749.8,
976749.8,
976749.8,
976749.8,
976749.8,
3.594139e+08,
3.188845e+08,
4.052936e+07,
6.37769e+07,
6.37769e+07,
6.37769e+07,
6.37769e+07,
6.37769e+07,
8105871,
8105871,
8105871,
8105871,
8105871,
1.390615e+08,
1.26823e+08,
1.223855e+07,
2.53646e+07,
2.53646e+07,
2.53646e+07,
2.53646e+07,
2.53646e+07,
2447710,
2447710,
2447710,
2447710,
2447710,
1.046579e+08,
8.164174e+07,
2.301617e+07,
1.632835e+07,
1.632835e+07,
1.632835e+07,
1.632835e+07,
1.632835e+07,
4603234,
4603234,
4603234,
4603234,
4603234,
2.245991e+08,
2.041145e+08,
2.048459e+07,
4.082289e+07,
4.082289e+07,
4.082289e+07,
4.082289e+07,
4.082289e+07,
4096917,
4096917,
4096917,
4096917,
4096917,
2.39483e+08,
2.165531e+08,
2.292989e+07,
4.331062e+07,
4.331062e+07,
4.331062e+07,
4.331062e+07,
4.331062e+07,
4585978,
4585978,
4585978,
4585978,
4585978,
2.506165e+08,
1.822847e+08,
6.833184e+07,
3.645694e+07,
3.645694e+07,
3.645694e+07,
3.645694e+07,
3.645694e+07,
1.366637e+07,
1.366637e+07,
1.366637e+07,
1.366637e+07,
1.366637e+07,
7.950642e+08,
5.223637e+08,
2.727005e+08,
1.044727e+08,
1.044727e+08,
1.044727e+08,
1.044727e+08,
1.044727e+08,
5.454011e+07,
5.454011e+07,
5.454011e+07,
5.454011e+07,
5.454011e+07,
4.754684e+08,
2.185097e+08,
2.569587e+08,
4.370194e+07,
4.370194e+07,
4.370194e+07,
4.370194e+07,
4.370194e+07,
5.139173e+07,
5.139173e+07,
5.139173e+07,
5.139173e+07,
5.139173e+07,
6.60194e+07,
5.176466e+07,
1.425474e+07,
1.035293e+07,
1.035293e+07,
1.035293e+07,
1.035293e+07,
1.035293e+07,
2850949,
2850949,
2850949,
2850949,
2850949,
4.297274e+08,
3.776301e+08,
5.209735e+07,
7.552602e+07,
7.552602e+07,
7.552602e+07,
7.552602e+07,
7.552602e+07,
1.041947e+07,
1.041947e+07,
1.041947e+07,
1.041947e+07,
1.041947e+07,
1.157513e+08,
9.038105e+07,
2.537028e+07,
1.807621e+07,
1.807621e+07,
1.807621e+07,
1.807621e+07,
1.807621e+07,
5074057,
5074057,
5074057,
5074057,
5074057,
9.26599e+07,
7.618633e+07,
1.647358e+07,
1.523727e+07,
1.523727e+07,
1.523727e+07,
1.523727e+07,
1.523727e+07,
3294715,
3294715,
3294715,
3294715,
3294715,
4.879092e+07,
3.999341e+07,
8797514,
7998682,
7998682,
7998682,
7998682,
7998682,
1759503,
1759503,
1759503,
1759503,
1759503,
8.949999e+07,
5.745984e+07,
3.204016e+07,
1.149197e+07,
1.149197e+07,
1.149197e+07,
1.149197e+07,
1.149197e+07,
6408032,
6408032,
6408032,
6408032,
6408032,
1.588388e+08,
1.347679e+08,
2.407082e+07,
2.695359e+07,
2.695359e+07,
2.695359e+07,
2.695359e+07,
2.695359e+07,
4814163,
4814163,
4814163,
4814163,
4814163,
3.316961e+08,
2.715308e+08,
6.016537e+07,
5.430615e+07,
5.430615e+07,
5.430615e+07,
5.430615e+07,
5.430615e+07,
1.203307e+07,
1.203307e+07,
1.203307e+07,
1.203307e+07,
1.203307e+07,
1.536455e+09,
8.439942e+08,
6.924604e+08,
1.687988e+08,
1.687988e+08,
1.687988e+08,
1.687988e+08,
1.687988e+08,
1.384921e+08,
1.384921e+08,
1.384921e+08,
1.384921e+08,
1.384921e+08,
7.670982e+07,
6.532396e+07,
1.138586e+07,
1.306479e+07,
1.306479e+07,
1.306479e+07,
1.306479e+07,
1.306479e+07,
2277172,
2277172,
2277172,
2277172,
2277172,
1.434242e+09,
1.03909e+09,
3.951526e+08,
2.07818e+08,
2.07818e+08,
2.07818e+08,
2.07818e+08,
2.07818e+08,
7.903053e+07,
7.903053e+07,
7.903053e+07,
7.903053e+07,
7.903053e+07,
4.409912e+08,
2.809992e+08,
1.59992e+08,
5.619985e+07,
5.619985e+07,
5.619985e+07,
5.619985e+07,
5.619985e+07,
3.19984e+07,
3.19984e+07,
3.19984e+07,
3.19984e+07,
3.19984e+07,
3.094436e+08,
2.021267e+08,
1.073168e+08,
4.042534e+07,
4.042534e+07,
4.042534e+07,
4.042534e+07,
4.042534e+07,
2.146336e+07,
2.146336e+07,
2.146336e+07,
2.146336e+07,
2.146336e+07,
1.160065e+08,
9.380526e+07,
2.220126e+07,
1.876105e+07,
1.876105e+07,
1.876105e+07,
1.876105e+07,
1.876105e+07,
4440253,
4440253,
4440253,
4440253,
4440253,
3.80463e+07,
3.393899e+07,
4107312,
6787798,
6787798,
6787798,
6787798,
6787798,
821462.4,
821462.4,
821462.4,
821462.4,
821462.4,
5.991978e+08,
3.240716e+08,
2.751261e+08,
6.481433e+07,
6.481433e+07,
6.481433e+07,
6.481433e+07,
6.481433e+07,
5.502522e+07,
5.502522e+07,
5.502522e+07,
5.502522e+07,
5.502522e+07,
2.68947e+08,
1.569932e+08,
1.119538e+08,
3.139865e+07,
3.139865e+07,
3.139865e+07,
3.139865e+07,
3.139865e+07,
2.239076e+07,
2.239076e+07,
2.239076e+07,
2.239076e+07,
2.239076e+07,
0,
0,
0,
0,
0,
0,
0,
0,
0,
0,
0,
0,
0,
2037, 
4.068592e+07,
3.587736e+07,
4808563,
7175472,
7175472,
7175472,
7175472,
7175472,
961712.6,
961712.6,
961712.6,
961712.6,
961712.6,
3.608295e+08,
3.208908e+08,
3.993866e+07,
6.417816e+07,
6.417816e+07,
6.417816e+07,
6.417816e+07,
6.417816e+07,
7987732,
7987732,
7987732,
7987732,
7987732,
1.395451e+08,
1.277e+08,
1.184512e+07,
2.554e+07,
2.554e+07,
2.554e+07,
2.554e+07,
2.554e+07,
2369023,
2369023,
2369023,
2369023,
2369023,
1.050074e+08,
8.23998e+07,
2.260755e+07,
1.647996e+07,
1.647996e+07,
1.647996e+07,
1.647996e+07,
1.647996e+07,
4521511,
4521511,
4521511,
4521511,
4521511,
2.247663e+08,
2.045141e+08,
2.025218e+07,
4.090282e+07,
4.090282e+07,
4.090282e+07,
4.090282e+07,
4.090282e+07,
4050437,
4050437,
4050437,
4050437,
4050437,
2.401929e+08,
2.177187e+08,
2.247425e+07,
4.354374e+07,
4.354374e+07,
4.354374e+07,
4.354374e+07,
4.354374e+07,
4494850,
4494850,
4494850,
4494850,
4494850,
2.527199e+08,
1.852927e+08,
6.742715e+07,
3.705854e+07,
3.705854e+07,
3.705854e+07,
3.705854e+07,
3.705854e+07,
1.348543e+07,
1.348543e+07,
1.348543e+07,
1.348543e+07,
1.348543e+07,
8.086951e+08,
5.373332e+08,
2.71362e+08,
1.074666e+08,
1.074666e+08,
1.074666e+08,
1.074666e+08,
1.074666e+08,
5.42724e+07,
5.42724e+07,
5.42724e+07,
5.42724e+07,
5.42724e+07,
4.822503e+08,
2.260609e+08,
2.561894e+08,
4.521219e+07,
4.521219e+07,
4.521219e+07,
4.521219e+07,
4.521219e+07,
5.123788e+07,
5.123788e+07,
5.123788e+07,
5.123788e+07,
5.123788e+07,
6.630847e+07,
5.235002e+07,
1.395845e+07,
1.047001e+07,
1.047001e+07,
1.047001e+07,
1.047001e+07,
1.047001e+07,
2791690,
2791690,
2791690,
2791690,
2791690,
4.301923e+08,
3.792822e+08,
5.091004e+07,
7.585645e+07,
7.585645e+07,
7.585645e+07,
7.585645e+07,
7.585645e+07,
1.018201e+07,
1.018201e+07,
1.018201e+07,
1.018201e+07,
1.018201e+07,
1.152601e+08,
9.059544e+07,
2.46647e+07,
1.811909e+07,
1.811909e+07,
1.811909e+07,
1.811909e+07,
1.811909e+07,
4932940,
4932940,
4932940,
4932940,
4932940,
9.299573e+07,
7.67959e+07,
1.619982e+07,
1.535918e+07,
1.535918e+07,
1.535918e+07,
1.535918e+07,
1.535918e+07,
3239964,
3239964,
3239964,
3239964,
3239964,
4.86796e+07,
4.008291e+07,
8596683,
8016583,
8016583,
8016583,
8016583,
8016583,
1719337,
1719337,
1719337,
1719337,
1719337,
9.01559e+07,
5.85874e+07,
3.156851e+07,
1.171748e+07,
1.171748e+07,
1.171748e+07,
1.171748e+07,
1.171748e+07,
6313702,
6313702,
6313702,
6313702,
6313702,
1.586103e+08,
1.350704e+08,
2.353988e+07,
2.701408e+07,
2.701408e+07,
2.701408e+07,
2.701408e+07,
2.701408e+07,
4707976,
4707976,
4707976,
4707976,
4707976,
3.346154e+08,
2.751872e+08,
5.942818e+07,
5.503744e+07,
5.503744e+07,
5.503744e+07,
5.503744e+07,
5.503744e+07,
1.188564e+07,
1.188564e+07,
1.188564e+07,
1.188564e+07,
1.188564e+07,
1.540401e+09,
8.605256e+08,
6.798756e+08,
1.721051e+08,
1.721051e+08,
1.721051e+08,
1.721051e+08,
1.721051e+08,
1.359751e+08,
1.359751e+08,
1.359751e+08,
1.359751e+08,
1.359751e+08,
7.648538e+07,
6.539237e+07,
1.1093e+07,
1.307847e+07,
1.307847e+07,
1.307847e+07,
1.307847e+07,
1.307847e+07,
2218600,
2218600,
2218600,
2218600,
2218600,
1.430109e+09,
1.046376e+09,
3.837335e+08,
2.092751e+08,
2.092751e+08,
2.092751e+08,
2.092751e+08,
2.092751e+08,
7.67467e+07,
7.67467e+07,
7.67467e+07,
7.67467e+07,
7.67467e+07,
4.422156e+08,
2.852853e+08,
1.569303e+08,
5.705706e+07,
5.705706e+07,
5.705706e+07,
5.705706e+07,
5.705706e+07,
3.138607e+07,
3.138607e+07,
3.138607e+07,
3.138607e+07,
3.138607e+07,
3.102754e+08,
2.048174e+08,
1.05458e+08,
4.096348e+07,
4.096348e+07,
4.096348e+07,
4.096348e+07,
4.096348e+07,
2.109161e+07,
2.109161e+07,
2.109161e+07,
2.109161e+07,
2.109161e+07,
1.154084e+08,
9.37679e+07,
2.164052e+07,
1.875358e+07,
1.875358e+07,
1.875358e+07,
1.875358e+07,
1.875358e+07,
4328103,
4328103,
4328103,
4328103,
4328103,
3.826318e+07,
3.42027e+07,
4060475,
6840540,
6840540,
6840540,
6840540,
6840540,
812094.9,
812094.9,
812094.9,
812094.9,
812094.9,
6.044607e+08,
3.323884e+08,
2.720723e+08,
6.647768e+07,
6.647768e+07,
6.647768e+07,
6.647768e+07,
6.647768e+07,
5.441446e+07,
5.441446e+07,
5.441446e+07,
5.441446e+07,
5.441446e+07,
2.734001e+08,
1.618821e+08,
1.11518e+08,
3.237643e+07,
3.237643e+07,
3.237643e+07,
3.237643e+07,
3.237643e+07,
2.230359e+07,
2.230359e+07,
2.230359e+07,
2.230359e+07,
2.230359e+07,
0,
0,
0,
0,
0,
0,
0,
0,
0,
0,
0,
0,
0,
2038, 
4.083096e+07,
3.609825e+07,
4732717,
7219650,
7219650,
7219650,
7219650,
7219650,
946543.3,
946543.3,
946543.3,
946543.3,
946543.3,
3.622451e+08,
3.22903e+08,
3.934208e+07,
6.45806e+07,
6.45806e+07,
6.45806e+07,
6.45806e+07,
6.45806e+07,
7868416,
7868416,
7868416,
7868416,
7868416,
1.400287e+08,
1.2858e+08,
1.144866e+07,
2.5716e+07,
2.5716e+07,
2.5716e+07,
2.5716e+07,
2.5716e+07,
2289732,
2289732,
2289732,
2289732,
2289732,
1.053568e+08,
8.31611e+07,
2.219571e+07,
1.663222e+07,
1.663222e+07,
1.663222e+07,
1.663222e+07,
1.663222e+07,
4439142,
4439142,
4439142,
4439142,
4439142,
2.249335e+08,
2.049141e+08,
2.001941e+07,
4.098282e+07,
4.098282e+07,
4.098282e+07,
4.098282e+07,
4.098282e+07,
4003883,
4003883,
4003883,
4003883,
4003883,
2.409029e+08,
2.188874e+08,
2.201552e+07,
4.377748e+07,
4.377748e+07,
4.377748e+07,
4.377748e+07,
4.377748e+07,
4403104,
4403104,
4403104,
4403104,
4403104,
2.548232e+08,
1.883253e+08,
6.649787e+07,
3.766507e+07,
3.766507e+07,
3.766507e+07,
3.766507e+07,
3.766507e+07,
1.329957e+07,
1.329957e+07,
1.329957e+07,
1.329957e+07,
1.329957e+07,
8.223261e+08,
5.525053e+08,
2.698207e+08,
1.105011e+08,
1.105011e+08,
1.105011e+08,
1.105011e+08,
1.105011e+08,
5.396414e+07,
5.396414e+07,
5.396414e+07,
5.396414e+07,
5.396414e+07,
4.890323e+08,
2.337369e+08,
2.552954e+08,
4.674738e+07,
4.674738e+07,
4.674738e+07,
4.674738e+07,
4.674738e+07,
5.105908e+07,
5.105908e+07,
5.105908e+07,
5.105908e+07,
5.105908e+07,
6.659754e+07,
5.293852e+07,
1.365902e+07,
1.05877e+07,
1.05877e+07,
1.05877e+07,
1.05877e+07,
1.05877e+07,
2731804,
2731804,
2731804,
2731804,
2731804,
4.306571e+08,
3.809371e+08,
4.972005e+07,
7.618742e+07,
7.618742e+07,
7.618742e+07,
7.618742e+07,
7.618742e+07,
9944010,
9944010,
9944010,
9944010,
9944010,
1.14769e+08,
9.080474e+07,
2.396422e+07,
1.816095e+07,
1.816095e+07,
1.816095e+07,
1.816095e+07,
1.816095e+07,
4792843,
4792843,
4792843,
4792843,
4792843,
9.333154e+07,
7.740788e+07,
1.592366e+07,
1.548158e+07,
1.548158e+07,
1.548158e+07,
1.548158e+07,
1.548158e+07,
3184732,
3184732,
3184732,
3184732,
3184732,
4.856827e+07,
4.01716e+07,
8396678,
8034319,
8034319,
8034319,
8034319,
8034319,
1679336,
1679336,
1679336,
1679336,
1679336,
9.081183e+07,
5.972525e+07,
3.108659e+07,
1.194505e+07,
1.194505e+07,
1.194505e+07,
1.194505e+07,
1.194505e+07,
6217317,
6217317,
6217317,
6217317,
6217317,
1.583819e+08,
1.353715e+08,
2.301038e+07,
2.70743e+07,
2.70743e+07,
2.70743e+07,
2.70743e+07,
2.70743e+07,
4602075,
4602075,
4602075,
4602075,
4602075,
3.375347e+08,
2.788658e+08,
5.866891e+07,
5.577315e+07,
5.577315e+07,
5.577315e+07,
5.577315e+07,
5.577315e+07,
1.173378e+07,
1.173378e+07,
1.173378e+07,
1.173378e+07,
1.173378e+07,
1.544348e+09,
8.771307e+08,
6.672173e+08,
1.754261e+08,
1.754261e+08,
1.754261e+08,
1.754261e+08,
1.754261e+08,
1.334435e+08,
1.334435e+08,
1.334435e+08,
1.334435e+08,
1.334435e+08,
7.626094e+07,
6.545928e+07,
1.080167e+07,
1.309186e+07,
1.309186e+07,
1.309186e+07,
1.309186e+07,
1.309186e+07,
2160333,
2160333,
2160333,
2160333,
2160333,
1.425976e+09,
1.053602e+09,
3.723738e+08,
2.107204e+08,
2.107204e+08,
2.107204e+08,
2.107204e+08,
2.107204e+08,
7.447476e+07,
7.447476e+07,
7.447476e+07,
7.447476e+07,
7.447476e+07,
4.434401e+08,
2.895908e+08,
1.538493e+08,
5.791816e+07,
5.791816e+07,
5.791816e+07,
5.791816e+07,
5.791816e+07,
3.076986e+07,
3.076986e+07,
3.076986e+07,
3.076986e+07,
3.076986e+07,
3.111073e+08,
2.075196e+08,
1.035877e+08,
4.150391e+07,
4.150391e+07,
4.150391e+07,
4.150391e+07,
4.150391e+07,
2.071755e+07,
2.071755e+07,
2.071755e+07,
2.071755e+07,
2.071755e+07,
1.148103e+08,
9.372591e+07,
2.108439e+07,
1.874518e+07,
1.874518e+07,
1.874518e+07,
1.874518e+07,
1.874518e+07,
4216879,
4216879,
4216879,
4216879,
4216879,
3.848005e+07,
3.446721e+07,
4012840,
6893443,
6893443,
6893443,
6893443,
6893443,
802568.1,
802568.1,
802568.1,
802568.1,
802568.1,
6.097238e+08,
3.408004e+08,
2.689233e+08,
6.816008e+07,
6.816008e+07,
6.816008e+07,
6.816008e+07,
6.816008e+07,
5.378466e+07,
5.378466e+07,
5.378466e+07,
5.378466e+07,
5.378466e+07,
2.778532e+08,
1.668457e+08,
1.110076e+08,
3.336914e+07,
3.336914e+07,
3.336914e+07,
3.336914e+07,
3.336914e+07,
2.220152e+07,
2.220152e+07,
2.220152e+07,
2.220152e+07,
2.220152e+07,
0,
0,
0,
0,
0,
0,
0,
0,
0,
0,
0,
0,
0,
2039, 
4.0976e+07,
3.63198e+07,
4656210,
7263959,
7263959,
7263959,
7263959,
7263959,
931241.9,
931241.9,
931241.9,
931241.9,
931241.9,
3.636607e+08,
3.249211e+08,
3.87396e+07,
6.498422e+07,
6.498422e+07,
6.498422e+07,
6.498422e+07,
6.498422e+07,
7747921,
7747921,
7747921,
7747921,
7747921,
1.405123e+08,
1.294631e+08,
1.104918e+07,
2.589261e+07,
2.589261e+07,
2.589261e+07,
2.589261e+07,
2.589261e+07,
2209836,
2209836,
2209836,
2209836,
2209836,
1.057063e+08,
8.392564e+07,
2.178063e+07,
1.678513e+07,
1.678513e+07,
1.678513e+07,
1.678513e+07,
1.678513e+07,
4356126,
4356126,
4356126,
4356126,
4356126,
2.251007e+08,
2.053145e+08,
1.978627e+07,
4.106289e+07,
4.106289e+07,
4.106289e+07,
4.106289e+07,
4.106289e+07,
3957255,
3957255,
3957255,
3957255,
3957255,
2.416128e+08,
2.200591e+08,
2.155369e+07,
4.401183e+07,
4.401183e+07,
4.401183e+07,
4.401183e+07,
4.401183e+07,
4310739,
4310739,
4310739,
4310739,
4310739,
2.569265e+08,
1.913826e+08,
6.554398e+07,
3.827651e+07,
3.827651e+07,
3.827651e+07,
3.827651e+07,
3.827651e+07,
1.31088e+07,
1.31088e+07,
1.31088e+07,
1.31088e+07,
1.31088e+07,
8.35957e+08,
5.678803e+08,
2.680767e+08,
1.13576e+08,
1.13576e+08,
1.13576e+08,
1.13576e+08,
1.13576e+08,
5.361533e+07,
5.361533e+07,
5.361533e+07,
5.361533e+07,
5.361533e+07,
4.958143e+08,
2.415376e+08,
2.542767e+08,
4.830752e+07,
4.830752e+07,
4.830752e+07,
4.830752e+07,
4.830752e+07,
5.085534e+07,
5.085534e+07,
5.085534e+07,
5.085534e+07,
5.085534e+07,
6.68866e+07,
5.353014e+07,
1.335647e+07,
1.070603e+07,
1.070603e+07,
1.070603e+07,
1.070603e+07,
1.070603e+07,
2671294,
2671294,
2671294,
2671294,
2671294,
4.31122e+08,
3.825946e+08,
4.852736e+07,
7.651892e+07,
7.651892e+07,
7.651892e+07,
7.651892e+07,
7.651892e+07,
9705473,
9705473,
9705473,
9705473,
9705473,
1.142778e+08,
9.100894e+07,
2.326883e+07,
1.820179e+07,
1.820179e+07,
1.820179e+07,
1.820179e+07,
1.820179e+07,
4653765,
4653765,
4653765,
4653765,
4653765,
9.366737e+07,
7.802228e+07,
1.564509e+07,
1.560446e+07,
1.560446e+07,
1.560446e+07,
1.560446e+07,
1.560446e+07,
3129017,
3129017,
3129017,
3129017,
3129017,
4.845694e+07,
4.025944e+07,
8197500,
8051889,
8051889,
8051889,
8051889,
8051889,
1639500,
1639500,
1639500,
1639500,
1639500,
9.146774e+07,
6.087337e+07,
3.059438e+07,
1.217467e+07,
1.217467e+07,
1.217467e+07,
1.217467e+07,
1.217467e+07,
6118876,
6118876,
6118876,
6118876,
6118876,
1.581534e+08,
1.356711e+08,
2.24823e+07,
2.713423e+07,
2.713423e+07,
2.713423e+07,
2.713423e+07,
2.713423e+07,
4496460,
4496460,
4496460,
4496460,
4496460,
3.404539e+08,
2.825664e+08,
5.788752e+07,
5.651328e+07,
5.651328e+07,
5.651328e+07,
5.651328e+07,
5.651328e+07,
1.15775e+07,
1.15775e+07,
1.15775e+07,
1.15775e+07,
1.15775e+07,
1.548295e+09,
8.938092e+08,
6.544854e+08,
1.787618e+08,
1.787618e+08,
1.787618e+08,
1.787618e+08,
1.787618e+08,
1.308971e+08,
1.308971e+08,
1.308971e+08,
1.308971e+08,
1.308971e+08,
7.60365e+07,
6.552464e+07,
1.051185e+07,
1.310493e+07,
1.310493e+07,
1.310493e+07,
1.310493e+07,
1.310493e+07,
2102371,
2102371,
2102371,
2102371,
2102371,
1.421843e+09,
1.060769e+09,
3.610735e+08,
2.121538e+08,
2.121538e+08,
2.121538e+08,
2.121538e+08,
2.121538e+08,
7.22147e+07,
7.22147e+07,
7.22147e+07,
7.22147e+07,
7.22147e+07,
4.446645e+08,
2.939157e+08,
1.507488e+08,
5.878314e+07,
5.878314e+07,
5.878314e+07,
5.878314e+07,
5.878314e+07,
3.014977e+07,
3.014977e+07,
3.014977e+07,
3.014977e+07,
3.014977e+07,
3.119391e+08,
2.102332e+08,
1.017059e+08,
4.204664e+07,
4.204664e+07,
4.204664e+07,
4.204664e+07,
4.204664e+07,
2.034119e+07,
2.034119e+07,
2.034119e+07,
2.034119e+07,
2.034119e+07,
1.142122e+08,
9.367931e+07,
2.053289e+07,
1.873586e+07,
1.873586e+07,
1.873586e+07,
1.873586e+07,
1.873586e+07,
4106579,
4106579,
4106579,
4106579,
4106579,
3.869693e+07,
3.473252e+07,
3964411,
6946503,
6946503,
6946503,
6946503,
6946503,
792882.1,
792882.1,
792882.1,
792882.1,
792882.1,
6.149868e+08,
3.493077e+08,
2.65679e+08,
6.986154e+07,
6.986154e+07,
6.986154e+07,
6.986154e+07,
6.986154e+07,
5.313581e+07,
5.313581e+07,
5.313581e+07,
5.313581e+07,
5.313581e+07,
2.823063e+08,
1.718837e+08,
1.104226e+08,
3.437675e+07,
3.437675e+07,
3.437675e+07,
3.437675e+07,
3.437675e+07,
2.208452e+07,
2.208452e+07,
2.208452e+07,
2.208452e+07,
2.208452e+07,
0,
0,
0,
0,
0,
0,
0,
0,
0,
0,
0,
0,
0,
2040, 
4.112104e+07,
3.6542e+07,
4579041,
7308401,
7308401,
7308401,
7308401,
7308401,
915808.2,
915808.2,
915808.2,
915808.2,
915808.2,
3.650763e+08,
3.269451e+08,
3.813125e+07,
6.538901e+07,
6.538901e+07,
6.538901e+07,
6.538901e+07,
6.538901e+07,
7626250,
7626250,
7626250,
7626250,
7626250,
1.409958e+08,
1.303492e+08,
1.064668e+07,
2.606983e+07,
2.606983e+07,
2.606983e+07,
2.606983e+07,
2.606983e+07,
2129336,
2129336,
2129336,
2129336,
2129336,
1.060557e+08,
8.469339e+07,
2.136232e+07,
1.693868e+07,
1.693868e+07,
1.693868e+07,
1.693868e+07,
1.693868e+07,
4272464,
4272464,
4272464,
4272464,
4272464,
2.25268e+08,
2.057152e+08,
1.955276e+07,
4.114304e+07,
4.114304e+07,
4.114304e+07,
4.114304e+07,
4.114304e+07,
3910553,
3910553,
3910553,
3910553,
3910553,
2.423228e+08,
2.21234e+08,
2.108877e+07,
4.424681e+07,
4.424681e+07,
4.424681e+07,
4.424681e+07,
4.424681e+07,
4217755,
4217755,
4217755,
4217755,
4217755,
2.590299e+08,
1.944644e+08,
6.456548e+07,
3.889288e+07,
3.889288e+07,
3.889288e+07,
3.889288e+07,
3.889288e+07,
1.29131e+07,
1.29131e+07,
1.29131e+07,
1.29131e+07,
1.29131e+07,
8.495879e+08,
5.834579e+08,
2.661299e+08,
1.166916e+08,
1.166916e+08,
1.166916e+08,
1.166916e+08,
1.166916e+08,
5.322598e+07,
5.322598e+07,
5.322598e+07,
5.322598e+07,
5.322598e+07,
5.025963e+08,
2.49463e+08,
2.531333e+08,
4.98926e+07,
4.98926e+07,
4.98926e+07,
4.98926e+07,
4.98926e+07,
5.062665e+07,
5.062665e+07,
5.062665e+07,
5.062665e+07,
5.062665e+07,
6.717566e+07,
5.412488e+07,
1.305079e+07,
1.082498e+07,
1.082498e+07,
1.082498e+07,
1.082498e+07,
1.082498e+07,
2610157,
2610157,
2610157,
2610157,
2610157,
4.315868e+08,
3.842548e+08,
4.733199e+07,
7.685096e+07,
7.685096e+07,
7.685096e+07,
7.685096e+07,
7.685096e+07,
9466398,
9466398,
9466398,
9466398,
9466398,
1.137866e+08,
9.120806e+07,
2.257854e+07,
1.824161e+07,
1.824161e+07,
1.824161e+07,
1.824161e+07,
1.824161e+07,
4515707,
4515707,
4515707,
4515707,
4515707,
9.400319e+07,
7.863908e+07,
1.536411e+07,
1.572782e+07,
1.572782e+07,
1.572782e+07,
1.572782e+07,
1.572782e+07,
3072822,
3072822,
3072822,
3072822,
3072822,
4.834562e+07,
4.034647e+07,
7999149,
8069294,
8069294,
8069294,
8069294,
8069294,
1599830,
1599830,
1599830,
1599830,
1599830,
9.212366e+07,
6.203177e+07,
3.00919e+07,
1.240635e+07,
1.240635e+07,
1.240635e+07,
1.240635e+07,
1.240635e+07,
6018379,
6018379,
6018379,
6018379,
6018379,
1.57925e+08,
1.359693e+08,
2.195565e+07,
2.719387e+07,
2.719387e+07,
2.719387e+07,
2.719387e+07,
2.719387e+07,
4391131,
4391131,
4391131,
4391131,
4391131,
3.433732e+08,
2.862892e+08,
5.708403e+07,
5.725783e+07,
5.725783e+07,
5.725783e+07,
5.725783e+07,
5.725783e+07,
1.141681e+07,
1.141681e+07,
1.141681e+07,
1.141681e+07,
1.141681e+07,
1.552241e+09,
9.105616e+08,
6.416799e+08,
1.821123e+08,
1.821123e+08,
1.821123e+08,
1.821123e+08,
1.821123e+08,
1.28336e+08,
1.28336e+08,
1.28336e+08,
1.28336e+08,
1.28336e+08,
7.581206e+07,
6.55885e+07,
1.022357e+07,
1.31177e+07,
1.31177e+07,
1.31177e+07,
1.31177e+07,
1.31177e+07,
2044713,
2044713,
2044713,
2044713,
2044713,
1.417709e+09,
1.067877e+09,
3.498326e+08,
2.135753e+08,
2.135753e+08,
2.135753e+08,
2.135753e+08,
2.135753e+08,
6.996652e+07,
6.996652e+07,
6.996652e+07,
6.996652e+07,
6.996652e+07,
4.45889e+08,
2.9826e+08,
1.476289e+08,
5.9652e+07,
5.9652e+07,
5.9652e+07,
5.9652e+07,
5.9652e+07,
2.952579e+07,
2.952579e+07,
2.952579e+07,
2.952579e+07,
2.952579e+07,
3.12771e+08,
2.129584e+08,
9.981262e+07,
4.259168e+07,
4.259168e+07,
4.259168e+07,
4.259168e+07,
4.259168e+07,
1.996252e+07,
1.996252e+07,
1.996252e+07,
1.996252e+07,
1.996252e+07,
1.136141e+08,
9.362808e+07,
1.998602e+07,
1.872562e+07,
1.872562e+07,
1.872562e+07,
1.872562e+07,
1.872562e+07,
3997205,
3997205,
3997205,
3997205,
3997205,
3.891381e+07,
3.499862e+07,
3915184,
6999725,
6999725,
6999725,
6999725,
6999725,
783036.8,
783036.8,
783036.8,
783036.8,
783036.8,
6.202497e+08,
3.579102e+08,
2.623395e+08,
7.158204e+07,
7.158204e+07,
7.158204e+07,
7.158204e+07,
7.158204e+07,
5.246791e+07,
5.246791e+07,
5.246791e+07,
5.246791e+07,
5.246791e+07,
2.867595e+08,
1.769964e+08,
1.09763e+08,
3.539928e+07,
3.539928e+07,
3.539928e+07,
3.539928e+07,
3.539928e+07,
2.195261e+07,
2.195261e+07,
2.195261e+07,
2.195261e+07,
2.195261e+07,
0,
0,
0,
0,
0,
0,
0,
0,
0,
0,
0,
0,
0,
2041, 
4.126168e+07,
3.674509e+07,
4516590,
7349018,
7349018,
7349018,
7349018,
7349018,
903318,
903318,
903318,
903318,
903318,
3.663823e+08,
3.287643e+08,
3.761793e+07,
6.575286e+07,
6.575286e+07,
6.575286e+07,
6.575286e+07,
6.575286e+07,
7523587,
7523587,
7523587,
7523587,
7523587,
1.413403e+08,
1.309727e+08,
1.036765e+07,
2.619453e+07,
2.619453e+07,
2.619453e+07,
2.619453e+07,
2.619453e+07,
2073531,
2073531,
2073531,
2073531,
2073531,
1.062914e+08,
8.527651e+07,
2.101492e+07,
1.70553e+07,
1.70553e+07,
1.70553e+07,
1.70553e+07,
1.70553e+07,
4202984,
4202984,
4202984,
4202984,
4202984,
2.251981e+08,
2.058398e+08,
1.935833e+07,
4.116796e+07,
4.116796e+07,
4.116796e+07,
4.116796e+07,
4.116796e+07,
3871665,
3871665,
3871665,
3871665,
3871665,
2.427867e+08,
2.220488e+08,
2.073794e+07,
4.440975e+07,
4.440975e+07,
4.440975e+07,
4.440975e+07,
4.440975e+07,
4147589,
4147589,
4147589,
4147589,
4147589,
2.609559e+08,
1.971568e+08,
6.379904e+07,
3.943137e+07,
3.943137e+07,
3.943137e+07,
3.943137e+07,
3.943137e+07,
1.275981e+07,
1.275981e+07,
1.275981e+07,
1.275981e+07,
1.275981e+07,
8.633528e+08,
5.983149e+08,
2.65038e+08,
1.19663e+08,
1.19663e+08,
1.19663e+08,
1.19663e+08,
1.19663e+08,
5.300759e+07,
5.300759e+07,
5.300759e+07,
5.300759e+07,
5.300759e+07,
5.09131e+08,
2.572305e+08,
2.519004e+08,
5.14461e+07,
5.14461e+07,
5.14461e+07,
5.14461e+07,
5.14461e+07,
5.038009e+07,
5.038009e+07,
5.038009e+07,
5.038009e+07,
5.038009e+07,
6.739188e+07,
5.460005e+07,
1.279183e+07,
1.092001e+07,
1.092001e+07,
1.092001e+07,
1.092001e+07,
1.092001e+07,
2558367,
2558367,
2558367,
2558367,
2558367,
4.321222e+08,
3.85666e+08,
4.645618e+07,
7.71332e+07,
7.71332e+07,
7.71332e+07,
7.71332e+07,
7.71332e+07,
9291236,
9291236,
9291236,
9291236,
9291236,
1.133219e+08,
9.131813e+07,
2.200375e+07,
1.826363e+07,
1.826363e+07,
1.826363e+07,
1.826363e+07,
1.826363e+07,
4400750,
4400750,
4400750,
4400750,
4400750,
9.425406e+07,
7.911635e+07,
1.51377e+07,
1.582327e+07,
1.582327e+07,
1.582327e+07,
1.582327e+07,
1.582327e+07,
3027540,
3027540,
3027540,
3027540,
3027540,
4.818411e+07,
4.035057e+07,
7833542,
8070115,
8070115,
8070115,
8070115,
8070115,
1566708,
1566708,
1566708,
1566708,
1566708,
9.27262e+07,
6.306286e+07,
2.966333e+07,
1.261257e+07,
1.261257e+07,
1.261257e+07,
1.261257e+07,
1.261257e+07,
5932667,
5932667,
5932667,
5932667,
5932667,
1.577726e+08,
1.361969e+08,
2.157577e+07,
2.723937e+07,
2.723937e+07,
2.723937e+07,
2.723937e+07,
2.723937e+07,
4315155,
4315155,
4315155,
4315155,
4315155,
3.459953e+08,
2.895219e+08,
5.647342e+07,
5.790438e+07,
5.790438e+07,
5.790438e+07,
5.790438e+07,
5.790438e+07,
1.129468e+07,
1.129468e+07,
1.129468e+07,
1.129468e+07,
1.129468e+07,
1.554217e+09,
9.245879e+08,
6.296286e+08,
1.849176e+08,
1.849176e+08,
1.849176e+08,
1.849176e+08,
1.849176e+08,
1.259257e+08,
1.259257e+08,
1.259257e+08,
1.259257e+08,
1.259257e+08,
7.552882e+07,
6.556308e+07,
9965745,
1.311262e+07,
1.311262e+07,
1.311262e+07,
1.311262e+07,
1.311262e+07,
1993149,
1993149,
1993149,
1993149,
1993149,
1.412444e+09,
1.071604e+09,
3.408401e+08,
2.143209e+08,
2.143209e+08,
2.143209e+08,
2.143209e+08,
2.143209e+08,
6.816802e+07,
6.816802e+07,
6.816802e+07,
6.816802e+07,
6.816802e+07,
4.466449e+08,
3.01765e+08,
1.448799e+08,
6.0353e+07,
6.0353e+07,
6.0353e+07,
6.0353e+07,
6.0353e+07,
2.897599e+07,
2.897599e+07,
2.897599e+07,
2.897599e+07,
2.897599e+07,
3.132271e+08,
2.150444e+08,
9.818266e+07,
4.300888e+07,
4.300888e+07,
4.300888e+07,
4.300888e+07,
4.300888e+07,
1.963653e+07,
1.963653e+07,
1.963653e+07,
1.963653e+07,
1.963653e+07,
1.130095e+08,
9.346904e+07,
1.95405e+07,
1.869381e+07,
1.869381e+07,
1.869381e+07,
1.869381e+07,
1.869381e+07,
3908099,
3908099,
3908099,
3908099,
3908099,
3.912453e+07,
3.525227e+07,
3872260,
7050454,
7050454,
7050454,
7050454,
7050454,
774451.9,
774451.9,
774451.9,
774451.9,
774451.9,
6.249356e+08,
3.656195e+08,
2.593161e+08,
7.31239e+07,
7.31239e+07,
7.31239e+07,
7.31239e+07,
7.31239e+07,
5.186321e+07,
5.186321e+07,
5.186321e+07,
5.186321e+07,
5.186321e+07,
2.911257e+08,
1.818342e+08,
1.092915e+08,
3.636685e+07,
3.636685e+07,
3.636685e+07,
3.636685e+07,
3.636685e+07,
2.185829e+07,
2.185829e+07,
2.185829e+07,
2.185829e+07,
2.185829e+07,
0,
0,
0,
0,
0,
0,
0,
0,
0,
0,
0,
0,
0,
2042, 
4.140231e+07,
3.69487e+07,
4453606,
7389741,
7389741,
7389741,
7389741,
7389741,
890721.2,
890721.2,
890721.2,
890721.2,
890721.2,
3.676882e+08,
3.305882e+08,
3.709998e+07,
6.611764e+07,
6.611764e+07,
6.611764e+07,
6.611764e+07,
6.611764e+07,
7419996,
7419996,
7419996,
7419996,
7419996,
1.416848e+08,
1.315977e+08,
1.008714e+07,
2.631953e+07,
2.631953e+07,
2.631953e+07,
2.631953e+07,
2.631953e+07,
2017428,
2017428,
2017428,
2017428,
2017428,
1.065272e+08,
8.58614e+07,
2.066577e+07,
1.717228e+07,
1.717228e+07,
1.717228e+07,
1.717228e+07,
1.717228e+07,
4133153,
4133153,
4133153,
4133153,
4133153,
2.251283e+08,
2.059643e+08,
1.9164e+07,
4.119286e+07,
4.119286e+07,
4.119286e+07,
4.119286e+07,
4.119286e+07,
3832801,
3832801,
3832801,
3832801,
3832801,
2.432506e+08,
2.22865e+08,
2.038562e+07,
4.4573e+07,
4.4573e+07,
4.4573e+07,
4.4573e+07,
4.4573e+07,
4077124,
4077124,
4077124,
4077124,
4077124,
2.628819e+08,
1.998677e+08,
6.30142e+07,
3.997354e+07,
3.997354e+07,
3.997354e+07,
3.997354e+07,
3.997354e+07,
1.260284e+07,
1.260284e+07,
1.260284e+07,
1.260284e+07,
1.260284e+07,
8.771179e+08,
6.133442e+08,
2.637737e+08,
1.226688e+08,
1.226688e+08,
1.226688e+08,
1.226688e+08,
1.226688e+08,
5.275474e+07,
5.275474e+07,
5.275474e+07,
5.275474e+07,
5.275474e+07,
5.156657e+08,
2.651142e+08,
2.505515e+08,
5.302284e+07,
5.302284e+07,
5.302284e+07,
5.302284e+07,
5.302284e+07,
5.01103e+07,
5.01103e+07,
5.01103e+07,
5.01103e+07,
5.01103e+07,
6.760811e+07,
5.507716e+07,
1.253095e+07,
1.101543e+07,
1.101543e+07,
1.101543e+07,
1.101543e+07,
1.101543e+07,
2506190,
2506190,
2506190,
2506190,
2506190,
4.326575e+08,
3.870795e+08,
4.557806e+07,
7.741589e+07,
7.741589e+07,
7.741589e+07,
7.741589e+07,
7.741589e+07,
9115611,
9115611,
9115611,
9115611,
9115611,
1.128572e+08,
9.142426e+07,
2.143292e+07,
1.828485e+07,
1.828485e+07,
1.828485e+07,
1.828485e+07,
1.828485e+07,
4286583,
4286583,
4286583,
4286583,
4286583,
9.450493e+07,
7.959506e+07,
1.490987e+07,
1.591901e+07,
1.591901e+07,
1.591901e+07,
1.591901e+07,
1.591901e+07,
2981974,
2981974,
2981974,
2981974,
2981974,
4.80226e+07,
4.035374e+07,
7668866,
8070748,
8070748,
8070748,
8070748,
8070748,
1533773,
1533773,
1533773,
1533773,
1533773,
9.332873e+07,
6.410209e+07,
2.922664e+07,
1.282042e+07,
1.282042e+07,
1.282042e+07,
1.282042e+07,
1.282042e+07,
5845328,
5845328,
5845328,
5845328,
5845328,
1.576203e+08,
1.364237e+08,
2.119658e+07,
2.728474e+07,
2.728474e+07,
2.728474e+07,
2.728474e+07,
2.728474e+07,
4239317,
4239317,
4239317,
4239317,
4239317,
3.486175e+08,
2.927706e+08,
5.584696e+07,
5.855411e+07,
5.855411e+07,
5.855411e+07,
5.855411e+07,
5.855411e+07,
1.116939e+07,
1.116939e+07,
1.116939e+07,
1.116939e+07,
1.116939e+07,
1.556192e+09,
9.386472e+08,
6.175447e+08,
1.877294e+08,
1.877294e+08,
1.877294e+08,
1.877294e+08,
1.877294e+08,
1.235089e+08,
1.235089e+08,
1.235089e+08,
1.235089e+08,
1.235089e+08,
7.524558e+07,
6.5536e+07,
9709570,
1.31072e+07,
1.31072e+07,
1.31072e+07,
1.31072e+07,
1.31072e+07,
1941914,
1941914,
1941914,
1941914,
1941914,
1.40718e+09,
1.075275e+09,
3.319049e+08,
2.150549e+08,
2.150549e+08,
2.150549e+08,
2.150549e+08,
2.150549e+08,
6.638098e+07,
6.638098e+07,
6.638098e+07,
6.638098e+07,
6.638098e+07,
4.474009e+08,
3.052802e+08,
1.421208e+08,
6.105603e+07,
6.105603e+07,
6.105603e+07,
6.105603e+07,
6.105603e+07,
2.842416e+07,
2.842416e+07,
2.842416e+07,
2.842416e+07,
2.842416e+07,
3.136832e+08,
2.171356e+08,
9.654755e+07,
4.342712e+07,
4.342712e+07,
4.342712e+07,
4.342712e+07,
4.342712e+07,
1.930951e+07,
1.930951e+07,
1.930951e+07,
1.930951e+07,
1.930951e+07,
1.12405e+08,
9.330637e+07,
1.90986e+07,
1.866127e+07,
1.866127e+07,
1.866127e+07,
1.866127e+07,
1.866127e+07,
3819721,
3819721,
3819721,
3819721,
3819721,
3.933526e+07,
3.550661e+07,
3828645,
7101323,
7101323,
7101323,
7101323,
7101323,
765729.1,
765729.1,
765729.1,
765729.1,
765729.1,
6.296213e+08,
3.734038e+08,
2.562176e+08,
7.468075e+07,
7.468075e+07,
7.468075e+07,
7.468075e+07,
7.468075e+07,
5.124351e+07,
5.124351e+07,
5.124351e+07,
5.124351e+07,
5.124351e+07,
2.954919e+08,
1.867363e+08,
1.087556e+08,
3.734726e+07,
3.734726e+07,
3.734726e+07,
3.734726e+07,
3.734726e+07,
2.175112e+07,
2.175112e+07,
2.175112e+07,
2.175112e+07,
2.175112e+07,
0,
0,
0,
0,
0,
0,
0,
0,
0,
0,
0,
0,
0,
2043, 
4.154294e+07,
3.715285e+07,
4390090,
7430571,
7430571,
7430571,
7430571,
7430571,
878018,
878018,
878018,
878018,
878018,
3.689941e+08,
3.324167e+08,
3.65774e+07,
6.648334e+07,
6.648334e+07,
6.648334e+07,
6.648334e+07,
6.648334e+07,
7315479,
7315479,
7315479,
7315479,
7315479,
1.420293e+08,
1.322241e+08,
9805140,
2.644482e+07,
2.644482e+07,
2.644482e+07,
2.644482e+07,
2.644482e+07,
1961028,
1961028,
1961028,
1961028,
1961028,
1.067629e+08,
8.644802e+07,
2.031486e+07,
1.72896e+07,
1.72896e+07,
1.72896e+07,
1.72896e+07,
1.72896e+07,
4062972,
4062972,
4062972,
4062972,
4062972,
2.250585e+08,
2.060887e+08,
1.89698e+07,
4.121774e+07,
4.121774e+07,
4.121774e+07,
4.121774e+07,
4.121774e+07,
3793960,
3793960,
3793960,
3793960,
3793960,
2.437145e+08,
2.236827e+08,
2.00318e+07,
4.473655e+07,
4.473655e+07,
4.473655e+07,
4.473655e+07,
4.473655e+07,
4006360,
4006360,
4006360,
4006360,
4006360,
2.648079e+08,
2.025969e+08,
6.221096e+07,
4.051938e+07,
4.051938e+07,
4.051938e+07,
4.051938e+07,
4.051938e+07,
1.244219e+07,
1.244219e+07,
1.244219e+07,
1.244219e+07,
1.244219e+07,
8.908828e+08,
6.285457e+08,
2.623372e+08,
1.257091e+08,
1.257091e+08,
1.257091e+08,
1.257091e+08,
1.257091e+08,
5.246743e+07,
5.246743e+07,
5.246743e+07,
5.246743e+07,
5.246743e+07,
5.222004e+08,
2.73114e+08,
2.490864e+08,
5.462281e+07,
5.462281e+07,
5.462281e+07,
5.462281e+07,
5.462281e+07,
4.981728e+07,
4.981728e+07,
4.981728e+07,
4.981728e+07,
4.981728e+07,
6.782433e+07,
5.555619e+07,
1.226814e+07,
1.111124e+07,
1.111124e+07,
1.111124e+07,
1.111124e+07,
1.111124e+07,
2453628,
2453628,
2453628,
2453628,
2453628,
4.331929e+08,
3.884953e+08,
4.469761e+07,
7.769906e+07,
7.769906e+07,
7.769906e+07,
7.769906e+07,
7.769906e+07,
8939522,
8939522,
8939522,
8939522,
8939522,
1.123925e+08,
9.152642e+07,
2.086604e+07,
1.830528e+07,
1.830528e+07,
1.830528e+07,
1.830528e+07,
1.830528e+07,
4173209,
4173209,
4173209,
4173209,
4173209,
9.475579e+07,
8.007518e+07,
1.468062e+07,
1.601504e+07,
1.601504e+07,
1.601504e+07,
1.601504e+07,
1.601504e+07,
2936123,
2936123,
2936123,
2936123,
2936123,
4.78611e+07,
4.035598e+07,
7505121,
8071195,
8071195,
8071195,
8071195,
8071195,
1501024,
1501024,
1501024,
1501024,
1501024,
9.393126e+07,
6.514944e+07,
2.878182e+07,
1.302989e+07,
1.302989e+07,
1.302989e+07,
1.302989e+07,
1.302989e+07,
5756365,
5756365,
5756365,
5756365,
5756365,
1.574679e+08,
1.366498e+08,
2.081809e+07,
2.732996e+07,
2.732996e+07,
2.732996e+07,
2.732996e+07,
2.732996e+07,
4163617,
4163617,
4163617,
4163617,
4163617,
3.512397e+08,
2.960351e+08,
5.520462e+07,
5.920702e+07,
5.920702e+07,
5.920702e+07,
5.920702e+07,
5.920702e+07,
1.104093e+07,
1.104093e+07,
1.104093e+07,
1.104093e+07,
1.104093e+07,
1.558167e+09,
9.527388e+08,
6.05428e+08,
1.905478e+08,
1.905478e+08,
1.905478e+08,
1.905478e+08,
1.905478e+08,
1.210856e+08,
1.210856e+08,
1.210856e+08,
1.210856e+08,
1.210856e+08,
7.496234e+07,
6.550729e+07,
9455044,
1.310146e+07,
1.310146e+07,
1.310146e+07,
1.310146e+07,
1.310146e+07,
1891009,
1891009,
1891009,
1891009,
1891009,
1.401915e+09,
1.078888e+09,
3.230271e+08,
2.157775e+08,
2.157775e+08,
2.157775e+08,
2.157775e+08,
2.157775e+08,
6.460542e+07,
6.460542e+07,
6.460542e+07,
6.460542e+07,
6.460542e+07,
4.481569e+08,
3.088054e+08,
1.393515e+08,
6.176109e+07,
6.176109e+07,
6.176109e+07,
6.176109e+07,
6.176109e+07,
2.787029e+07,
2.787029e+07,
2.787029e+07,
2.787029e+07,
2.787029e+07,
3.141392e+08,
2.19232e+08,
9.490726e+07,
4.384639e+07,
4.384639e+07,
4.384639e+07,
4.384639e+07,
4.384639e+07,
1.898145e+07,
1.898145e+07,
1.898145e+07,
1.898145e+07,
1.898145e+07,
1.118004e+08,
9.314006e+07,
1.866034e+07,
1.862801e+07,
1.862801e+07,
1.862801e+07,
1.862801e+07,
1.862801e+07,
3732067,
3732067,
3732067,
3732067,
3732067,
3.954598e+07,
3.576164e+07,
3784340,
7152328,
7152328,
7152328,
7152328,
7152328,
756867.9,
756867.9,
756867.9,
756867.9,
756867.9,
6.343072e+08,
3.812632e+08,
2.53044e+08,
7.625264e+07,
7.625264e+07,
7.625264e+07,
7.625264e+07,
7.625264e+07,
5.06088e+07,
5.06088e+07,
5.06088e+07,
5.06088e+07,
5.06088e+07,
2.998581e+08,
1.917027e+08,
1.081555e+08,
3.834054e+07,
3.834054e+07,
3.834054e+07,
3.834054e+07,
3.834054e+07,
2.16311e+07,
2.16311e+07,
2.16311e+07,
2.16311e+07,
2.16311e+07,
0,
0,
0,
0,
0,
0,
0,
0,
0,
0,
0,
0,
0,
2044, 
4.168358e+07,
3.735753e+07,
4326042,
7471507,
7471507,
7471507,
7471507,
7471507,
865208.3,
865208.3,
865208.3,
865208.3,
865208.3,
3.703e+08,
3.342499e+08,
3.605018e+07,
6.684997e+07,
6.684997e+07,
6.684997e+07,
6.684997e+07,
6.684997e+07,
7210037,
7210037,
7210037,
7210037,
7210037,
1.423737e+08,
1.328521e+08,
9521653,
2.657042e+07,
2.657042e+07,
2.657042e+07,
2.657042e+07,
2.657042e+07,
1904331,
1904331,
1904331,
1904331,
1904331,
1.069986e+08,
8.703641e+07,
1.99622e+07,
1.740728e+07,
1.740728e+07,
1.740728e+07,
1.740728e+07,
1.740728e+07,
3992441,
3992441,
3992441,
3992441,
3992441,
2.249886e+08,
2.062129e+08,
1.877571e+07,
4.124258e+07,
4.124258e+07,
4.124258e+07,
4.124258e+07,
4.124258e+07,
3755142,
3755142,
3755142,
3755142,
3755142,
2.441784e+08,
2.24502e+08,
1.967648e+07,
4.490039e+07,
4.490039e+07,
4.490039e+07,
4.490039e+07,
4.490039e+07,
3935297,
3935297,
3935297,
3935297,
3935297,
2.667339e+08,
2.053446e+08,
6.138932e+07,
4.106892e+07,
4.106892e+07,
4.106892e+07,
4.106892e+07,
4.106892e+07,
1.227787e+07,
1.227787e+07,
1.227787e+07,
1.227787e+07,
1.227787e+07,
9.046478e+08,
6.439196e+08,
2.607283e+08,
1.287839e+08,
1.287839e+08,
1.287839e+08,
1.287839e+08,
1.287839e+08,
5.214566e+07,
5.214566e+07,
5.214566e+07,
5.214566e+07,
5.214566e+07,
5.287352e+08,
2.8123e+08,
2.475052e+08,
5.6246e+07,
5.6246e+07,
5.6246e+07,
5.6246e+07,
5.6246e+07,
4.950103e+07,
4.950103e+07,
4.950103e+07,
4.950103e+07,
4.950103e+07,
6.804055e+07,
5.603716e+07,
1.200339e+07,
1.120743e+07,
1.120743e+07,
1.120743e+07,
1.120743e+07,
1.120743e+07,
2400679,
2400679,
2400679,
2400679,
2400679,
4.337283e+08,
3.899134e+08,
4.381485e+07,
7.798267e+07,
7.798267e+07,
7.798267e+07,
7.798267e+07,
7.798267e+07,
8762970,
8762970,
8762970,
8762970,
8762970,
1.119278e+08,
9.162462e+07,
2.030313e+07,
1.832492e+07,
1.832492e+07,
1.832492e+07,
1.832492e+07,
1.832492e+07,
4060627,
4060627,
4060627,
4060627,
4060627,
9.500666e+07,
8.055673e+07,
1.444994e+07,
1.611135e+07,
1.611135e+07,
1.611135e+07,
1.611135e+07,
1.611135e+07,
2889988,
2889988,
2889988,
2889988,
2889988,
4.769959e+07,
4.035728e+07,
7342308,
8071456,
8071456,
8071456,
8071456,
8071456,
1468462,
1468462,
1468462,
1468462,
1468462,
9.45338e+07,
6.620492e+07,
2.832888e+07,
1.324099e+07,
1.324099e+07,
1.324099e+07,
1.324099e+07,
1.324099e+07,
5665775,
5665775,
5665775,
5665775,
5665775,
1.573156e+08,
1.368753e+08,
2.044028e+07,
2.737506e+07,
2.737506e+07,
2.737506e+07,
2.737506e+07,
2.737506e+07,
4088057,
4088057,
4088057,
4088057,
4088057,
3.538619e+08,
2.993154e+08,
5.454644e+07,
5.986308e+07,
5.986308e+07,
5.986308e+07,
5.986308e+07,
5.986308e+07,
1.090929e+07,
1.090929e+07,
1.090929e+07,
1.090929e+07,
1.090929e+07,
1.560142e+09,
9.668636e+08,
5.932787e+08,
1.933727e+08,
1.933727e+08,
1.933727e+08,
1.933727e+08,
1.933727e+08,
1.186557e+08,
1.186557e+08,
1.186557e+08,
1.186557e+08,
1.186557e+08,
7.467909e+07,
6.547692e+07,
9202163,
1.309538e+07,
1.309538e+07,
1.309538e+07,
1.309538e+07,
1.309538e+07,
1840433,
1840433,
1840433,
1840433,
1840433,
1.39665e+09,
1.082443e+09,
3.142066e+08,
2.164887e+08,
2.164887e+08,
2.164887e+08,
2.164887e+08,
2.164887e+08,
6.284132e+07,
6.284132e+07,
6.284132e+07,
6.284132e+07,
6.284132e+07,
4.489129e+08,
3.123409e+08,
1.36572e+08,
6.246818e+07,
6.246818e+07,
6.246818e+07,
6.246818e+07,
6.246818e+07,
2.73144e+07,
2.73144e+07,
2.73144e+07,
2.73144e+07,
2.73144e+07,
3.145953e+08,
2.213335e+08,
9.326181e+07,
4.42667e+07,
4.42667e+07,
4.42667e+07,
4.42667e+07,
4.42667e+07,
1.865236e+07,
1.865236e+07,
1.865236e+07,
1.865236e+07,
1.865236e+07,
1.111958e+08,
9.297013e+07,
1.82257e+07,
1.859403e+07,
1.859403e+07,
1.859403e+07,
1.859403e+07,
1.859403e+07,
3645140,
3645140,
3645140,
3645140,
3645140,
3.97567e+07,
3.601736e+07,
3739343,
7203472,
7203472,
7203472,
7203472,
7203472,
747868.6,
747868.6,
747868.6,
747868.6,
747868.6,
6.38993e+08,
3.891976e+08,
2.497953e+08,
7.783953e+07,
7.783953e+07,
7.783953e+07,
7.783953e+07,
7.783953e+07,
4.995907e+07,
4.995907e+07,
4.995907e+07,
4.995907e+07,
4.995907e+07,
3.042244e+08,
1.967333e+08,
1.074911e+08,
3.934666e+07,
3.934666e+07,
3.934666e+07,
3.934666e+07,
3.934666e+07,
2.149821e+07,
2.149821e+07,
2.149821e+07,
2.149821e+07,
2.149821e+07,
0,
0,
0,
0,
0,
0,
0,
0,
0,
0,
0,
0,
0,
2045, 
4.182421e+07,
3.756274e+07,
4261461,
7512549,
7512549,
7512549,
7512549,
7512549,
852292.2,
852292.2,
852292.2,
852292.2,
852292.2,
3.71606e+08,
3.360876e+08,
3.551834e+07,
6.721752e+07,
6.721752e+07,
6.721752e+07,
6.721752e+07,
6.721752e+07,
7103667,
7103667,
7103667,
7103667,
7103667,
1.427182e+08,
1.334816e+08,
9236680,
2.669631e+07,
2.669631e+07,
2.669631e+07,
2.669631e+07,
2.669631e+07,
1847336,
1847336,
1847336,
1847336,
1847336,
1.072343e+08,
8.762654e+07,
1.960779e+07,
1.752531e+07,
1.752531e+07,
1.752531e+07,
1.752531e+07,
1.752531e+07,
3921559,
3921559,
3921559,
3921559,
3921559,
2.249188e+08,
2.06337e+08,
1.858174e+07,
4.126741e+07,
4.126741e+07,
4.126741e+07,
4.126741e+07,
4.126741e+07,
3716348,
3716348,
3716348,
3716348,
3716348,
2.446424e+08,
2.253227e+08,
1.931967e+07,
4.506454e+07,
4.506454e+07,
4.506454e+07,
4.506454e+07,
4.506454e+07,
3863935,
3863935,
3863935,
3863935,
3863935,
2.686599e+08,
2.081106e+08,
6.054928e+07,
4.162213e+07,
4.162213e+07,
4.162213e+07,
4.162213e+07,
4.162213e+07,
1.210986e+07,
1.210986e+07,
1.210986e+07,
1.210986e+07,
1.210986e+07,
9.184128e+08,
6.594657e+08,
2.589471e+08,
1.318931e+08,
1.318931e+08,
1.318931e+08,
1.318931e+08,
1.318931e+08,
5.178942e+07,
5.178942e+07,
5.178942e+07,
5.178942e+07,
5.178942e+07,
5.352699e+08,
2.894621e+08,
2.458078e+08,
5.789242e+07,
5.789242e+07,
5.789242e+07,
5.789242e+07,
5.789242e+07,
4.916156e+07,
4.916156e+07,
4.916156e+07,
4.916156e+07,
4.916156e+07,
6.825677e+07,
5.652005e+07,
1.173672e+07,
1.130401e+07,
1.130401e+07,
1.130401e+07,
1.130401e+07,
1.130401e+07,
2347343,
2347343,
2347343,
2347343,
2347343,
4.342636e+08,
3.913338e+08,
4.292978e+07,
7.826677e+07,
7.826677e+07,
7.826677e+07,
7.826677e+07,
7.826677e+07,
8585957,
8585957,
8585957,
8585957,
8585957,
1.11463e+08,
9.171886e+07,
1.974417e+07,
1.834377e+07,
1.834377e+07,
1.834377e+07,
1.834377e+07,
1.834377e+07,
3948835,
3948835,
3948835,
3948835,
3948835,
9.525753e+07,
8.10397e+07,
1.421784e+07,
1.620794e+07,
1.620794e+07,
1.620794e+07,
1.620794e+07,
1.620794e+07,
2843567,
2843567,
2843567,
2843567,
2843567,
4.753808e+07,
4.035766e+07,
7180426,
8071531,
8071531,
8071531,
8071531,
8071531,
1436085,
1436085,
1436085,
1436085,
1436085,
9.513633e+07,
6.726853e+07,
2.78678e+07,
1.345371e+07,
1.345371e+07,
1.345371e+07,
1.345371e+07,
1.345371e+07,
5573561,
5573561,
5573561,
5573561,
5573561,
1.571632e+08,
1.371e+08,
2.006317e+07,
2.742e+07,
2.742e+07,
2.742e+07,
2.742e+07,
2.742e+07,
4012635,
4012635,
4012635,
4012635,
4012635,
3.56484e+08,
3.026116e+08,
5.387238e+07,
6.052233e+07,
6.052233e+07,
6.052233e+07,
6.052233e+07,
6.052233e+07,
1.077448e+07,
1.077448e+07,
1.077448e+07,
1.077448e+07,
1.077448e+07,
1.562117e+09,
9.810206e+08,
5.810966e+08,
1.962041e+08,
1.962041e+08,
1.962041e+08,
1.962041e+08,
1.962041e+08,
1.162193e+08,
1.162193e+08,
1.162193e+08,
1.162193e+08,
1.162193e+08,
7.439584e+07,
6.544491e+07,
8950931,
1.308898e+07,
1.308898e+07,
1.308898e+07,
1.308898e+07,
1.308898e+07,
1790186,
1790186,
1790186,
1790186,
1790186,
1.391385e+09,
1.085942e+09,
3.054436e+08,
2.171884e+08,
2.171884e+08,
2.171884e+08,
2.171884e+08,
2.171884e+08,
6.108871e+07,
6.108871e+07,
6.108871e+07,
6.108871e+07,
6.108871e+07,
4.496689e+08,
3.158865e+08,
1.337824e+08,
6.31773e+07,
6.31773e+07,
6.31773e+07,
6.31773e+07,
6.31773e+07,
2.675648e+07,
2.675648e+07,
2.675648e+07,
2.675648e+07,
2.675648e+07,
3.150514e+08,
2.234402e+08,
9.161118e+07,
4.468804e+07,
4.468804e+07,
4.468804e+07,
4.468804e+07,
4.468804e+07,
1.832224e+07,
1.832224e+07,
1.832224e+07,
1.832224e+07,
1.832224e+07,
1.105913e+08,
9.279658e+07,
1.779469e+07,
1.855932e+07,
1.855932e+07,
1.855932e+07,
1.855932e+07,
1.855932e+07,
3558939,
3558939,
3558939,
3558939,
3558939,
3.996743e+07,
3.627377e+07,
3693656,
7254754,
7254754,
7254754,
7254754,
7254754,
738731.2,
738731.2,
738731.2,
738731.2,
738731.2,
6.436788e+08,
3.972071e+08,
2.464716e+08,
7.944142e+07,
7.944142e+07,
7.944142e+07,
7.944142e+07,
7.944142e+07,
4.929433e+07,
4.929433e+07,
4.929433e+07,
4.929433e+07,
4.929433e+07,
3.085906e+08,
2.018282e+08,
1.067624e+08,
4.036564e+07,
4.036564e+07,
4.036564e+07,
4.036564e+07,
4.036564e+07,
2.135248e+07,
2.135248e+07,
2.135248e+07,
2.135248e+07,
2.135248e+07,
0,
0,
0,
0,
0,
0,
0,
0,
0,
0,
0,
0,
0,
2046, 
4.196661e+07,
3.777009e+07,
4196525,
7554018,
7554018,
7554018,
7554018,
7554018,
839304.9,
839304.9,
839304.9,
839304.9,
839304.9,
3.728008e+08,
3.378293e+08,
3.497144e+07,
6.756587e+07,
6.756587e+07,
6.756587e+07,
6.756587e+07,
6.756587e+07,
6994288,
6994288,
6994288,
6994288,
6994288,
1.429017e+08,
1.339616e+08,
8940147,
2.679231e+07,
2.679231e+07,
2.679231e+07,
2.679231e+07,
2.679231e+07,
1788029,
1788029,
1788029,
1788029,
1788029,
1.073407e+08,
8.811221e+07,
1.922846e+07,
1.762244e+07,
1.762244e+07,
1.762244e+07,
1.762244e+07,
1.762244e+07,
3845692,
3845692,
3845692,
3845692,
3845692,
2.246202e+08,
2.06251e+08,
1.836918e+07,
4.12502e+07,
4.12502e+07,
4.12502e+07,
4.12502e+07,
4.12502e+07,
3673835,
3673835,
3673835,
3673835,
3673835,
2.448424e+08,
2.259014e+08,
1.894096e+07,
4.518028e+07,
4.518028e+07,
4.518028e+07,
4.518028e+07,
4.518028e+07,
3788191,
3788191,
3788191,
3788191,
3788191,
2.702775e+08,
2.106547e+08,
5.96228e+07,
4.213094e+07,
4.213094e+07,
4.213094e+07,
4.213094e+07,
4.213094e+07,
1.192456e+07,
1.192456e+07,
1.192456e+07,
1.192456e+07,
1.192456e+07,
9.316793e+08,
6.748231e+08,
2.568562e+08,
1.349646e+08,
1.349646e+08,
1.349646e+08,
1.349646e+08,
1.349646e+08,
5.137124e+07,
5.137124e+07,
5.137124e+07,
5.137124e+07,
5.137124e+07,
5.413939e+08,
2.975845e+08,
2.438094e+08,
5.951691e+07,
5.951691e+07,
5.951691e+07,
5.951691e+07,
5.951691e+07,
4.876188e+07,
4.876188e+07,
4.876188e+07,
4.876188e+07,
4.876188e+07,
6.841266e+07,
5.695466e+07,
1.1458e+07,
1.139093e+07,
1.139093e+07,
1.139093e+07,
1.139093e+07,
1.139093e+07,
2291601,
2291601,
2291601,
2291601,
2291601,
4.348203e+08,
3.927758e+08,
4.204445e+07,
7.855516e+07,
7.855516e+07,
7.855516e+07,
7.855516e+07,
7.855516e+07,
8408890,
8408890,
8408890,
8408890,
8408890,
1.110225e+08,
9.182914e+07,
1.919335e+07,
1.836583e+07,
1.836583e+07,
1.836583e+07,
1.836583e+07,
1.836583e+07,
3838671,
3838671,
3838671,
3838671,
3838671,
9.540535e+07,
8.143613e+07,
1.396923e+07,
1.628723e+07,
1.628723e+07,
1.628723e+07,
1.628723e+07,
1.628723e+07,
2793845,
2793845,
2793845,
2793845,
2793845,
4.735398e+07,
4.033785e+07,
7016127,
8067570,
8067570,
8067570,
8067570,
8067570,
1403225,
1403225,
1403225,
1403225,
1403225,
9.561846e+07,
6.82543e+07,
2.736415e+07,
1.365086e+07,
1.365086e+07,
1.365086e+07,
1.365086e+07,
1.365086e+07,
5472829,
5472829,
5472829,
5472829,
5472829,
1.570326e+08,
1.373431e+08,
1.968949e+07,
2.746862e+07,
2.746862e+07,
2.746862e+07,
2.746862e+07,
2.746862e+07,
3937898,
3937898,
3937898,
3937898,
3937898,
3.586855e+08,
3.055653e+08,
5.312015e+07,
6.111307e+07,
6.111307e+07,
6.111307e+07,
6.111307e+07,
6.111307e+07,
1.062403e+07,
1.062403e+07,
1.062403e+07,
1.062403e+07,
1.062403e+07,
1.562088e+09,
9.939356e+08,
5.68153e+08,
1.987871e+08,
1.987871e+08,
1.987871e+08,
1.987871e+08,
1.987871e+08,
1.136306e+08,
1.136306e+08,
1.136306e+08,
1.136306e+08,
1.136306e+08,
7.407941e+07,
6.538196e+07,
8697448,
1.307639e+07,
1.307639e+07,
1.307639e+07,
1.307639e+07,
1.307639e+07,
1739490,
1739490,
1739490,
1739490,
1739490,
1.384507e+09,
1.088115e+09,
2.963924e+08,
2.17623e+08,
2.17623e+08,
2.17623e+08,
2.17623e+08,
2.17623e+08,
5.927848e+07,
5.927848e+07,
5.927848e+07,
5.927848e+07,
5.927848e+07,
4.499316e+08,
3.190924e+08,
1.308392e+08,
6.381848e+07,
6.381848e+07,
6.381848e+07,
6.381848e+07,
6.381848e+07,
2.616784e+07,
2.616784e+07,
2.616784e+07,
2.616784e+07,
2.616784e+07,
3.151156e+08,
2.25272e+08,
8.984369e+07,
4.50544e+07,
4.50544e+07,
4.50544e+07,
4.50544e+07,
4.50544e+07,
1.796874e+07,
1.796874e+07,
1.796874e+07,
1.796874e+07,
1.796874e+07,
1.100038e+08,
9.263376e+07,
1.737001e+07,
1.852675e+07,
1.852675e+07,
1.852675e+07,
1.852675e+07,
1.852675e+07,
3474001,
3474001,
3474001,
3474001,
3474001,
4.017267e+07,
3.652589e+07,
3646781,
7305179,
7305179,
7305179,
7305179,
7305179,
729356.1,
729356.1,
729356.1,
729356.1,
729356.1,
6.476897e+08,
4.048698e+08,
2.428198e+08,
8.097397e+07,
8.097397e+07,
8.097397e+07,
8.097397e+07,
8.097397e+07,
4.856397e+07,
4.856397e+07,
4.856397e+07,
4.856397e+07,
4.856397e+07,
3.12754e+08,
2.068532e+08,
1.059008e+08,
4.137065e+07,
4.137065e+07,
4.137065e+07,
4.137065e+07,
4.137065e+07,
2.118015e+07,
2.118015e+07,
2.118015e+07,
2.118015e+07,
2.118015e+07,
0,
0,
0,
0,
0,
0,
0,
0,
0,
0,
0,
0,
0,
2047, 
4.210902e+07,
3.797797e+07,
4131050,
7595595,
7595595,
7595595,
7595595,
7595595,
826210,
826210,
826210,
826210,
826210,
3.739956e+08,
3.395753e+08,
3.44203e+07,
6.791506e+07,
6.791506e+07,
6.791506e+07,
6.791506e+07,
6.791506e+07,
6884060,
6884060,
6884060,
6884060,
6884060,
1.430852e+08,
1.344424e+08,
8642824,
2.688848e+07,
2.688848e+07,
2.688848e+07,
2.688848e+07,
2.688848e+07,
1728565,
1728565,
1728565,
1728565,
1728565,
1.07447e+08,
8.859866e+07,
1.884833e+07,
1.771973e+07,
1.771973e+07,
1.771973e+07,
1.771973e+07,
1.771973e+07,
3769666,
3769666,
3769666,
3769666,
3769666,
2.243216e+08,
2.061645e+08,
1.815712e+07,
4.12329e+07,
4.12329e+07,
4.12329e+07,
4.12329e+07,
4.12329e+07,
3631423,
3631423,
3631423,
3631423,
3631423,
2.450424e+08,
2.264808e+08,
1.856159e+07,
4.529616e+07,
4.529616e+07,
4.529616e+07,
4.529616e+07,
4.529616e+07,
3712318,
3712318,
3712318,
3712318,
3712318,
2.71895e+08,
2.132141e+08,
5.868085e+07,
4.264283e+07,
4.264283e+07,
4.264283e+07,
4.264283e+07,
4.264283e+07,
1.173617e+07,
1.173617e+07,
1.173617e+07,
1.173617e+07,
1.173617e+07,
9.449459e+08,
6.903467e+08,
2.545992e+08,
1.380693e+08,
1.380693e+08,
1.380693e+08,
1.380693e+08,
1.380693e+08,
5.091983e+07,
5.091983e+07,
5.091983e+07,
5.091983e+07,
5.091983e+07,
5.475179e+08,
3.058158e+08,
2.417021e+08,
6.116316e+07,
6.116316e+07,
6.116316e+07,
6.116316e+07,
6.116316e+07,
4.834042e+07,
4.834042e+07,
4.834042e+07,
4.834042e+07,
4.834042e+07,
6.856855e+07,
5.739065e+07,
1.11779e+07,
1.147813e+07,
1.147813e+07,
1.147813e+07,
1.147813e+07,
1.147813e+07,
2235580,
2235580,
2235580,
2235580,
2235580,
4.35377e+08,
3.942203e+08,
4.115672e+07,
7.884405e+07,
7.884405e+07,
7.884405e+07,
7.884405e+07,
7.884405e+07,
8231344,
8231344,
8231344,
8231344,
8231344,
1.105819e+08,
9.193566e+07,
1.864628e+07,
1.838713e+07,
1.838713e+07,
1.838713e+07,
1.838713e+07,
1.838713e+07,
3729256,
3729256,
3729256,
3729256,
3729256,
9.555317e+07,
8.18334e+07,
1.371977e+07,
1.636668e+07,
1.636668e+07,
1.636668e+07,
1.636668e+07,
1.636668e+07,
2743955,
2743955,
2743955,
2743955,
2743955,
4.716987e+07,
4.031698e+07,
6852889,
8063397,
8063397,
8063397,
8063397,
8063397,
1370578,
1370578,
1370578,
1370578,
1370578,
9.610057e+07,
6.924659e+07,
2.685398e+07,
1.384932e+07,
1.384932e+07,
1.384932e+07,
1.384932e+07,
1.384932e+07,
5370797,
5370797,
5370797,
5370797,
5370797,
1.56902e+08,
1.375856e+08,
1.931639e+07,
2.751713e+07,
2.751713e+07,
2.751713e+07,
2.751713e+07,
2.751713e+07,
3863279,
3863279,
3863279,
3863279,
3863279,
3.608869e+08,
3.085323e+08,
5.23546e+07,
6.170646e+07,
6.170646e+07,
6.170646e+07,
6.170646e+07,
6.170646e+07,
1.047092e+07,
1.047092e+07,
1.047092e+07,
1.047092e+07,
1.047092e+07,
1.56206e+09,
1.00685e+09,
5.552099e+08,
2.0137e+08,
2.0137e+08,
2.0137e+08,
2.0137e+08,
2.0137e+08,
1.11042e+08,
1.11042e+08,
1.11042e+08,
1.11042e+08,
1.11042e+08,
7.376297e+07,
6.531716e+07,
8445807,
1.306343e+07,
1.306343e+07,
1.306343e+07,
1.306343e+07,
1.306343e+07,
1689161,
1689161,
1689161,
1689161,
1689161,
1.377629e+09,
1.090213e+09,
2.874162e+08,
2.180426e+08,
2.180426e+08,
2.180426e+08,
2.180426e+08,
2.180426e+08,
5.748324e+07,
5.748324e+07,
5.748324e+07,
5.748324e+07,
5.748324e+07,
4.501943e+08,
3.223019e+08,
1.278924e+08,
6.446037e+07,
6.446037e+07,
6.446037e+07,
6.446037e+07,
6.446037e+07,
2.557849e+07,
2.557849e+07,
2.557849e+07,
2.557849e+07,
2.557849e+07,
3.1518e+08,
2.271045e+08,
8.807546e+07,
4.54209e+07,
4.54209e+07,
4.54209e+07,
4.54209e+07,
4.54209e+07,
1.761509e+07,
1.761509e+07,
1.761509e+07,
1.761509e+07,
1.761509e+07,
1.094163e+08,
9.246742e+07,
1.694885e+07,
1.849348e+07,
1.849348e+07,
1.849348e+07,
1.849348e+07,
1.849348e+07,
3389769,
3389769,
3389769,
3389769,
3389769,
4.037791e+07,
3.677868e+07,
3599232,
7355735,
7355735,
7355735,
7355735,
7355735,
719846.4,
719846.4,
719846.4,
719846.4,
719846.4,
6.517005e+08,
4.125967e+08,
2.391038e+08,
8.251934e+07,
8.251934e+07,
8.251934e+07,
8.251934e+07,
8.251934e+07,
4.782076e+07,
4.782076e+07,
4.782076e+07,
4.782076e+07,
4.782076e+07,
3.169174e+08,
2.119396e+08,
1.049778e+08,
4.238791e+07,
4.238791e+07,
4.238791e+07,
4.238791e+07,
4.238791e+07,
2.099557e+07,
2.099557e+07,
2.099557e+07,
2.099557e+07,
2.099557e+07,
0,
0,
0,
0,
0,
0,
0,
0,
0,
0,
0,
0,
0,
2048, 
4.225143e+07,
3.818639e+07,
4065035,
7637279,
7637279,
7637279,
7637279,
7637279,
813007.1,
813007.1,
813007.1,
813007.1,
813007.1,
3.751905e+08,
3.413255e+08,
3.386493e+07,
6.82651e+07,
6.82651e+07,
6.82651e+07,
6.82651e+07,
6.82651e+07,
6772986,
6772986,
6772986,
6772986,
6772986,
1.432687e+08,
1.34924e+08,
8344708,
2.69848e+07,
2.69848e+07,
2.69848e+07,
2.69848e+07,
2.69848e+07,
1668942,
1668942,
1668942,
1668942,
1668942,
1.075533e+08,
8.908592e+07,
1.846741e+07,
1.781718e+07,
1.781718e+07,
1.781718e+07,
1.781718e+07,
1.781718e+07,
3693483,
3693483,
3693483,
3693483,
3693483,
2.24023e+08,
2.060775e+08,
1.794556e+07,
4.12155e+07,
4.12155e+07,
4.12155e+07,
4.12155e+07,
4.12155e+07,
3589111,
3589111,
3589111,
3589111,
3589111,
2.452425e+08,
2.270609e+08,
1.818159e+07,
4.541217e+07,
4.541217e+07,
4.541217e+07,
4.541217e+07,
4.541217e+07,
3636317,
3636317,
3636317,
3636317,
3636317,
2.735125e+08,
2.157891e+08,
5.772346e+07,
4.315782e+07,
4.315782e+07,
4.315782e+07,
4.315782e+07,
4.315782e+07,
1.154469e+07,
1.154469e+07,
1.154469e+07,
1.154469e+07,
1.154469e+07,
9.582124e+08,
7.060362e+08,
2.521761e+08,
1.412072e+08,
1.412072e+08,
1.412072e+08,
1.412072e+08,
1.412072e+08,
5.043522e+07,
5.043522e+07,
5.043522e+07,
5.043522e+07,
5.043522e+07,
5.536419e+08,
3.141559e+08,
2.39486e+08,
6.283119e+07,
6.283119e+07,
6.283119e+07,
6.283119e+07,
6.283119e+07,
4.789719e+07,
4.789719e+07,
4.789719e+07,
4.789719e+07,
4.789719e+07,
6.872444e+07,
5.782804e+07,
1.08964e+07,
1.156561e+07,
1.156561e+07,
1.156561e+07,
1.156561e+07,
1.156561e+07,
2179281,
2179281,
2179281,
2179281,
2179281,
4.359336e+08,
3.95667e+08,
4.026657e+07,
7.91334e+07,
7.91334e+07,
7.91334e+07,
7.91334e+07,
7.91334e+07,
8053315,
8053315,
8053315,
8053315,
8053315,
1.101414e+08,
9.203842e+07,
1.810296e+07,
1.840768e+07,
1.840768e+07,
1.840768e+07,
1.840768e+07,
1.840768e+07,
3620593,
3620593,
3620593,
3620593,
3620593,
9.570098e+07,
8.22315e+07,
1.346948e+07,
1.64463e+07,
1.64463e+07,
1.64463e+07,
1.64463e+07,
1.64463e+07,
2693896,
2693896,
2693896,
2693896,
2693896,
4.698577e+07,
4.029506e+07,
6690712,
8059012,
8059012,
8059012,
8059012,
8059012,
1338142,
1338142,
1338142,
1338142,
1338142,
9.65827e+07,
7.024538e+07,
2.633731e+07,
1.404908e+07,
1.404908e+07,
1.404908e+07,
1.404908e+07,
1.404908e+07,
5267463,
5267463,
5267463,
5267463,
5267463,
1.567715e+08,
1.378276e+08,
1.89439e+07,
2.756551e+07,
2.756551e+07,
2.756551e+07,
2.756551e+07,
2.756551e+07,
3788780,
3788780,
3788780,
3788780,
3788780,
3.630884e+08,
3.115126e+08,
5.157574e+07,
6.230252e+07,
6.230252e+07,
6.230252e+07,
6.230252e+07,
6.230252e+07,
1.031515e+07,
1.031515e+07,
1.031515e+07,
1.031515e+07,
1.031515e+07,
1.562031e+09,
1.019764e+09,
5.422672e+08,
2.039528e+08,
2.039528e+08,
2.039528e+08,
2.039528e+08,
2.039528e+08,
1.084534e+08,
1.084534e+08,
1.084534e+08,
1.084534e+08,
1.084534e+08,
7.344653e+07,
6.525052e+07,
8196004,
1.30501e+07,
1.30501e+07,
1.30501e+07,
1.30501e+07,
1.30501e+07,
1639201,
1639201,
1639201,
1639201,
1639201,
1.370751e+09,
1.092236e+09,
2.785149e+08,
2.184472e+08,
2.184472e+08,
2.184472e+08,
2.184472e+08,
2.184472e+08,
5.570299e+07,
5.570299e+07,
5.570299e+07,
5.570299e+07,
5.570299e+07,
4.504569e+08,
3.255148e+08,
1.249422e+08,
6.510296e+07,
6.510296e+07,
6.510296e+07,
6.510296e+07,
6.510296e+07,
2.498843e+07,
2.498843e+07,
2.498843e+07,
2.498843e+07,
2.498843e+07,
3.152443e+08,
2.289377e+08,
8.630651e+07,
4.578755e+07,
4.578755e+07,
4.578755e+07,
4.578755e+07,
4.578755e+07,
1.72613e+07,
1.72613e+07,
1.72613e+07,
1.72613e+07,
1.72613e+07,
1.088288e+08,
9.229754e+07,
1.653122e+07,
1.845951e+07,
1.845951e+07,
1.845951e+07,
1.845951e+07,
1.845951e+07,
3306244,
3306244,
3306244,
3306244,
3306244,
4.058315e+07,
3.703214e+07,
3551011,
7406428,
7406428,
7406428,
7406428,
7406428,
710202.1,
710202.1,
710202.1,
710202.1,
710202.1,
6.557114e+08,
4.203879e+08,
2.353235e+08,
8.407758e+07,
8.407758e+07,
8.407758e+07,
8.407758e+07,
8.407758e+07,
4.70647e+07,
4.70647e+07,
4.70647e+07,
4.70647e+07,
4.70647e+07,
3.210807e+08,
2.170871e+08,
1.039936e+08,
4.341743e+07,
4.341743e+07,
4.341743e+07,
4.341743e+07,
4.341743e+07,
2.079872e+07,
2.079872e+07,
2.079872e+07,
2.079872e+07,
2.079872e+07,
0,
0,
0,
0,
0,
0,
0,
0,
0,
0,
0,
0,
0,
2049, 
4.239384e+07,
3.839536e+07,
3998482,
7679072,
7679072,
7679072,
7679072,
7679072,
799696.4,
799696.4,
799696.4,
799696.4,
799696.4,
3.763853e+08,
3.4308e+08,
3.330531e+07,
6.8616e+07,
6.8616e+07,
6.8616e+07,
6.8616e+07,
6.8616e+07,
6661063,
6661063,
6661063,
6661063,
6661063,
1.434522e+08,
1.354064e+08,
8045800,
2.708128e+07,
2.708128e+07,
2.708128e+07,
2.708128e+07,
2.708128e+07,
1609160,
1609160,
1609160,
1609160,
1609160,
1.076597e+08,
8.957396e+07,
1.80857e+07,
1.791479e+07,
1.791479e+07,
1.791479e+07,
1.791479e+07,
1.791479e+07,
3617141,
3617141,
3617141,
3617141,
3617141,
2.237245e+08,
2.0599e+08,
1.773449e+07,
4.119799e+07,
4.119799e+07,
4.119799e+07,
4.119799e+07,
4.119799e+07,
3546899,
3546899,
3546899,
3546899,
3546899,
2.454425e+08,
2.276416e+08,
1.780093e+07,
4.552831e+07,
4.552831e+07,
4.552831e+07,
4.552831e+07,
4.552831e+07,
3560187,
3560187,
3560187,
3560187,
3560187,
2.751301e+08,
2.183795e+08,
5.675061e+07,
4.367589e+07,
4.367589e+07,
4.367589e+07,
4.367589e+07,
4.367589e+07,
1.135012e+07,
1.135012e+07,
1.135012e+07,
1.135012e+07,
1.135012e+07,
9.714789e+08,
7.218918e+08,
2.49587e+08,
1.443784e+08,
1.443784e+08,
1.443784e+08,
1.443784e+08,
1.443784e+08,
4.99174e+07,
4.99174e+07,
4.99174e+07,
4.99174e+07,
4.99174e+07,
5.597659e+08,
3.226049e+08,
2.37161e+08,
6.452097e+07,
6.452097e+07,
6.452097e+07,
6.452097e+07,
6.452097e+07,
4.74322e+07,
4.74322e+07,
4.74322e+07,
4.74322e+07,
4.74322e+07,
6.888034e+07,
5.826682e+07,
1.061351e+07,
1.165336e+07,
1.165336e+07,
1.165336e+07,
1.165336e+07,
1.165336e+07,
2122703,
2122703,
2122703,
2122703,
2122703,
4.364903e+08,
3.971163e+08,
3.937402e+07,
7.942325e+07,
7.942325e+07,
7.942325e+07,
7.942325e+07,
7.942325e+07,
7874804,
7874804,
7874804,
7874804,
7874804,
1.097008e+08,
9.213743e+07,
1.75634e+07,
1.842749e+07,
1.842749e+07,
1.842749e+07,
1.842749e+07,
1.842749e+07,
3512679,
3512679,
3512679,
3512679,
3512679,
9.58488e+07,
8.263046e+07,
1.321835e+07,
1.652609e+07,
1.652609e+07,
1.652609e+07,
1.652609e+07,
1.652609e+07,
2643670,
2643670,
2643670,
2643670,
2643670,
4.680167e+07,
4.027207e+07,
6529597,
8054414,
8054414,
8054414,
8054414,
8054414,
1305919,
1305919,
1305919,
1305919,
1305919,
9.706481e+07,
7.125067e+07,
2.581414e+07,
1.425013e+07,
1.425013e+07,
1.425013e+07,
1.425013e+07,
1.425013e+07,
5162829,
5162829,
5162829,
5162829,
5162829,
1.566409e+08,
1.380689e+08,
1.857199e+07,
2.761378e+07,
2.761378e+07,
2.761378e+07,
2.761378e+07,
2.761378e+07,
3714398,
3714398,
3714398,
3714398,
3714398,
3.652898e+08,
3.145062e+08,
5.078356e+07,
6.290125e+07,
6.290125e+07,
6.290125e+07,
6.290125e+07,
6.290125e+07,
1.015671e+07,
1.015671e+07,
1.015671e+07,
1.015671e+07,
1.015671e+07,
1.562003e+09,
1.032678e+09,
5.29325e+08,
2.065355e+08,
2.065355e+08,
2.065355e+08,
2.065355e+08,
2.065355e+08,
1.05865e+08,
1.05865e+08,
1.05865e+08,
1.05865e+08,
1.05865e+08,
7.313009e+07,
6.518204e+07,
7948042,
1.303641e+07,
1.303641e+07,
1.303641e+07,
1.303641e+07,
1.303641e+07,
1589608,
1589608,
1589608,
1589608,
1589608,
1.363873e+09,
1.094185e+09,
2.696886e+08,
2.188369e+08,
2.188369e+08,
2.188369e+08,
2.188369e+08,
2.188369e+08,
5.393773e+07,
5.393773e+07,
5.393773e+07,
5.393773e+07,
5.393773e+07,
4.507196e+08,
3.287313e+08,
1.219884e+08,
6.574626e+07,
6.574626e+07,
6.574626e+07,
6.574626e+07,
6.574626e+07,
2.439768e+07,
2.439768e+07,
2.439768e+07,
2.439768e+07,
2.439768e+07,
3.153086e+08,
2.307717e+08,
8.453682e+07,
4.615435e+07,
4.615435e+07,
4.615435e+07,
4.615435e+07,
4.615435e+07,
1.690736e+07,
1.690736e+07,
1.690736e+07,
1.690736e+07,
1.690736e+07,
1.082413e+08,
9.212415e+07,
1.611711e+07,
1.842483e+07,
1.842483e+07,
1.842483e+07,
1.842483e+07,
1.842483e+07,
3223423,
3223423,
3223423,
3223423,
3223423,
4.078839e+07,
3.728627e+07,
3502117,
7457255,
7457255,
7457255,
7457255,
7457255,
700423.4,
700423.4,
700423.4,
700423.4,
700423.4,
6.597224e+08,
4.282434e+08,
2.31479e+08,
8.564867e+07,
8.564867e+07,
8.564867e+07,
8.564867e+07,
8.564867e+07,
4.62958e+07,
4.62958e+07,
4.62958e+07,
4.62958e+07,
4.62958e+07,
3.252441e+08,
2.22296e+08,
1.029481e+08,
4.445921e+07,
4.445921e+07,
4.445921e+07,
4.445921e+07,
4.445921e+07,
2.058962e+07,
2.058962e+07,
2.058962e+07,
2.058962e+07,
2.058962e+07,
0,
0,
0,
0,
0,
0,
0,
0,
0,
0,
0,
0,
0,
2050, 
4.253625e+07,
3.860486e+07,
3931389,
7720972,
7720972,
7720972,
7720972,
7720972,
786277.9,
786277.9,
786277.9,
786277.9,
786277.9,
3.775801e+08,
3.448387e+08,
3.274146e+07,
6.896773e+07,
6.896773e+07,
6.896773e+07,
6.896773e+07,
6.896773e+07,
6548293,
6548293,
6548293,
6548293,
6548293,
1.436357e+08,
1.358896e+08,
7746100,
2.717792e+07,
2.717792e+07,
2.717792e+07,
2.717792e+07,
2.717792e+07,
1549220,
1549220,
1549220,
1549220,
1549220,
1.07766e+08,
9.00628e+07,
1.770321e+07,
1.801256e+07,
1.801256e+07,
1.801256e+07,
1.801256e+07,
1.801256e+07,
3540642,
3540642,
3540642,
3540642,
3540642,
2.234259e+08,
2.05902e+08,
1.752393e+07,
4.118039e+07,
4.118039e+07,
4.118039e+07,
4.118039e+07,
4.118039e+07,
3504786,
3504786,
3504786,
3504786,
3504786,
2.456425e+08,
2.282229e+08,
1.741963e+07,
4.564458e+07,
4.564458e+07,
4.564458e+07,
4.564458e+07,
4.564458e+07,
3483927,
3483927,
3483927,
3483927,
3483927,
2.767476e+08,
2.209853e+08,
5.576231e+07,
4.419706e+07,
4.419706e+07,
4.419706e+07,
4.419706e+07,
4.419706e+07,
1.115246e+07,
1.115246e+07,
1.115246e+07,
1.115246e+07,
1.115246e+07,
9.847454e+08,
7.379137e+08,
2.468318e+08,
1.475827e+08,
1.475827e+08,
1.475827e+08,
1.475827e+08,
1.475827e+08,
4.936636e+07,
4.936636e+07,
4.936636e+07,
4.936636e+07,
4.936636e+07,
5.658899e+08,
3.311627e+08,
2.347272e+08,
6.623253e+07,
6.623253e+07,
6.623253e+07,
6.623253e+07,
6.623253e+07,
4.694544e+07,
4.694544e+07,
4.694544e+07,
4.694544e+07,
4.694544e+07,
6.903622e+07,
5.870699e+07,
1.032923e+07,
1.17414e+07,
1.17414e+07,
1.17414e+07,
1.17414e+07,
1.17414e+07,
2065846,
2065846,
2065846,
2065846,
2065846,
4.370469e+08,
3.985679e+08,
3.847906e+07,
7.971358e+07,
7.971358e+07,
7.971358e+07,
7.971358e+07,
7.971358e+07,
7695812,
7695812,
7695812,
7695812,
7695812,
1.092603e+08,
9.22327e+07,
1.702758e+07,
1.844654e+07,
1.844654e+07,
1.844654e+07,
1.844654e+07,
1.844654e+07,
3405517,
3405517,
3405517,
3405517,
3405517,
9.599662e+07,
8.303023e+07,
1.296639e+07,
1.660605e+07,
1.660605e+07,
1.660605e+07,
1.660605e+07,
1.660605e+07,
2593277,
2593277,
2593277,
2593277,
2593277,
4.661756e+07,
4.024802e+07,
6369542,
8049603,
8049603,
8049603,
8049603,
8049603,
1273908,
1273908,
1273908,
1273908,
1273908,
9.754694e+07,
7.226246e+07,
2.528447e+07,
1.445249e+07,
1.445249e+07,
1.445249e+07,
1.445249e+07,
1.445249e+07,
5056895,
5056895,
5056895,
5056895,
5056895,
1.565103e+08,
1.383096e+08,
1.820068e+07,
2.766192e+07,
2.766192e+07,
2.766192e+07,
2.766192e+07,
2.766192e+07,
3640136,
3640136,
3640136,
3640136,
3640136,
3.674912e+08,
3.175132e+08,
4.997806e+07,
6.350264e+07,
6.350264e+07,
6.350264e+07,
6.350264e+07,
6.350264e+07,
9995612,
9995612,
9995612,
9995612,
9995612,
1.561974e+09,
1.045591e+09,
5.163833e+08,
2.091181e+08,
2.091181e+08,
2.091181e+08,
2.091181e+08,
2.091181e+08,
1.032767e+08,
1.032767e+08,
1.032767e+08,
1.032767e+08,
1.032767e+08,
7.281366e+07,
6.511173e+07,
7701921,
1.302235e+07,
1.302235e+07,
1.302235e+07,
1.302235e+07,
1.302235e+07,
1540384,
1540384,
1540384,
1540384,
1540384,
1.356995e+09,
1.096058e+09,
2.609372e+08,
2.192116e+08,
2.192116e+08,
2.192116e+08,
2.192116e+08,
2.192116e+08,
5.218744e+07,
5.218744e+07,
5.218744e+07,
5.218744e+07,
5.218744e+07,
4.509823e+08,
3.319513e+08,
1.19031e+08,
6.639025e+07,
6.639025e+07,
6.639025e+07,
6.639025e+07,
6.639025e+07,
2.380621e+07,
2.380621e+07,
2.380621e+07,
2.380621e+07,
2.380621e+07,
3.153729e+08,
2.326065e+08,
8.276642e+07,
4.652129e+07,
4.652129e+07,
4.652129e+07,
4.652129e+07,
4.652129e+07,
1.655328e+07,
1.655328e+07,
1.655328e+07,
1.655328e+07,
1.655328e+07,
1.076538e+08,
9.194723e+07,
1.570653e+07,
1.838945e+07,
1.838945e+07,
1.838945e+07,
1.838945e+07,
1.838945e+07,
3141307,
3141307,
3141307,
3141307,
3141307,
4.099363e+07,
3.754108e+07,
3452551,
7508216,
7508216,
7508216,
7508216,
7508216,
690510.1,
690510.1,
690510.1,
690510.1,
690510.1,
6.637332e+08,
4.36163e+08,
2.275702e+08,
8.72326e+07,
8.72326e+07,
8.72326e+07,
8.72326e+07,
8.72326e+07,
4.551404e+07,
4.551404e+07,
4.551404e+07,
4.551404e+07,
4.551404e+07,
3.294075e+08,
2.275662e+08,
1.018413e+08,
4.551325e+07,
4.551325e+07,
4.551325e+07,
4.551325e+07,
4.551325e+07,
2.036826e+07,
2.036826e+07,
2.036826e+07,
2.036826e+07,
2.036826e+07,
0,
0,
0,
0,
0,
0,
0,
0,
0,
0,
0,
0,
0,
2051, 
4.265174e+07,
3.877672e+07,
3875027,
7755344,
7755344,
7755344,
7755344,
7755344,
775005.4,
775005.4,
775005.4,
775005.4,
775005.4,
3.785174e+08,
3.462624e+08,
3.225501e+07,
6.925248e+07,
6.925248e+07,
6.925248e+07,
6.925248e+07,
6.925248e+07,
6451003,
6451003,
6451003,
6451003,
6451003,
1.436627e+08,
1.361325e+08,
7530184,
2.72265e+07,
2.72265e+07,
2.72265e+07,
2.72265e+07,
2.72265e+07,
1506037,
1506037,
1506037,
1506037,
1506037,
1.077365e+08,
9.035738e+07,
1.73791e+07,
1.807148e+07,
1.807148e+07,
1.807148e+07,
1.807148e+07,
1.807148e+07,
3475819,
3475819,
3475819,
3475819,
3475819,
2.228972e+08,
2.055607e+08,
1.733653e+07,
4.111214e+07,
4.111214e+07,
4.111214e+07,
4.111214e+07,
4.111214e+07,
3467306,
3467306,
3467306,
3467306,
3467306,
2.455795e+08,
2.284636e+08,
1.711592e+07,
4.569272e+07,
4.569272e+07,
4.569272e+07,
4.569272e+07,
4.569272e+07,
3423185,
3423185,
3423185,
3423185,
3423185,
2.779474e+08,
2.230017e+08,
5.494574e+07,
4.460034e+07,
4.460034e+07,
4.460034e+07,
4.460034e+07,
4.460034e+07,
1.098915e+07,
1.098915e+07,
1.098915e+07,
1.098915e+07,
1.098915e+07,
9.967216e+08,
7.519903e+08,
2.447312e+08,
1.503981e+08,
1.503981e+08,
1.503981e+08,
1.503981e+08,
1.503981e+08,
4.894624e+07,
4.894624e+07,
4.894624e+07,
4.894624e+07,
4.894624e+07,
5.711606e+08,
3.388718e+08,
2.322888e+08,
6.777437e+07,
6.777437e+07,
6.777437e+07,
6.777437e+07,
6.777437e+07,
4.645775e+07,
4.645775e+07,
4.645775e+07,
4.645775e+07,
4.645775e+07,
6.908589e+07,
5.899684e+07,
1.008906e+07,
1.179937e+07,
1.179937e+07,
1.179937e+07,
1.179937e+07,
1.179937e+07,
2017811,
2017811,
2017811,
2017811,
2017811,
4.373399e+08,
3.995485e+08,
3.77914e+07,
7.99097e+07,
7.99097e+07,
7.99097e+07,
7.99097e+07,
7.99097e+07,
7558280,
7558280,
7558280,
7558280,
7558280,
1.088056e+08,
9.222057e+07,
1.658509e+07,
1.844411e+07,
1.844411e+07,
1.844411e+07,
1.844411e+07,
1.844411e+07,
3317018,
3317018,
3317018,
3317018,
3317018,
9.603417e+07,
8.328043e+07,
1.275373e+07,
1.665609e+07,
1.665609e+07,
1.665609e+07,
1.665609e+07,
1.665609e+07,
2550746,
2550746,
2550746,
2550746,
2550746,
4.641409e+07,
4.017752e+07,
6236573,
8035504,
8035504,
8035504,
8035504,
8035504,
1247315,
1247315,
1247315,
1247315,
1247315,
9.784845e+07,
7.303166e+07,
2.481679e+07,
1.460633e+07,
1.460633e+07,
1.460633e+07,
1.460633e+07,
1.460633e+07,
4963358,
4963358,
4963358,
4963358,
4963358,
1.563072e+08,
1.383969e+08,
1.791034e+07,
2.767938e+07,
2.767938e+07,
2.767938e+07,
2.767938e+07,
2.767938e+07,
3582067,
3582067,
3582067,
3582067,
3582067,
3.691961e+08,
3.198765e+08,
4.931953e+07,
6.397531e+07,
6.397531e+07,
6.397531e+07,
6.397531e+07,
6.397531e+07,
9863906,
9863906,
9863906,
9863906,
9863906,
1.560186e+09,
1.055307e+09,
5.048789e+08,
2.110615e+08,
2.110615e+08,
2.110615e+08,
2.110615e+08,
2.110615e+08,
1.009758e+08,
1.009758e+08,
1.009758e+08,
1.009758e+08,
1.009758e+08,
7.240998e+07,
6.492517e+07,
7484806,
1.298503e+07,
1.298503e+07,
1.298503e+07,
1.298503e+07,
1.298503e+07,
1496961,
1496961,
1496961,
1496961,
1496961,
1.348339e+09,
1.094597e+09,
2.537426e+08,
2.189193e+08,
2.189193e+08,
2.189193e+08,
2.189193e+08,
2.189193e+08,
5.074852e+07,
5.074852e+07,
5.074852e+07,
5.074852e+07,
5.074852e+07,
4.507163e+08,
3.3424e+08,
1.164763e+08,
6.6848e+07,
6.6848e+07,
6.6848e+07,
6.6848e+07,
6.6848e+07,
2.329526e+07,
2.329526e+07,
2.329526e+07,
2.329526e+07,
2.329526e+07,
3.150785e+08,
2.338404e+08,
8.12381e+07,
4.676808e+07,
4.676808e+07,
4.676808e+07,
4.676808e+07,
4.676808e+07,
1.624762e+07,
1.624762e+07,
1.624762e+07,
1.624762e+07,
1.624762e+07,
1.070929e+08,
9.172151e+07,
1.537139e+07,
1.83443e+07,
1.83443e+07,
1.83443e+07,
1.83443e+07,
1.83443e+07,
3074279,
3074279,
3074279,
3074279,
3074279,
4.11733e+07,
3.776164e+07,
3411667,
7552327,
7552327,
7552327,
7552327,
7552327,
682333.4,
682333.4,
682333.4,
682333.4,
682333.4,
6.66819e+08,
4.427024e+08,
2.241166e+08,
8.854049e+07,
8.854049e+07,
8.854049e+07,
8.854049e+07,
8.854049e+07,
4.482332e+07,
4.482332e+07,
4.482332e+07,
4.482332e+07,
4.482332e+07,
3.330511e+08,
2.321584e+08,
1.008926e+08,
4.643169e+07,
4.643169e+07,
4.643169e+07,
4.643169e+07,
4.643169e+07,
2.017853e+07,
2.017853e+07,
2.017853e+07,
2.017853e+07,
2.017853e+07,
0,
0,
0,
0,
0,
0,
0,
0,
0,
0,
0,
0,
0,
2052, 
4.276724e+07,
3.894894e+07,
3818302,
7789788,
7789788,
7789788,
7789788,
7789788,
763660.3,
763660.3,
763660.3,
763660.3,
763660.3,
3.794547e+08,
3.47689e+08,
3.176575e+07,
6.953779e+07,
6.953779e+07,
6.953779e+07,
6.953779e+07,
6.953779e+07,
6353150,
6353150,
6353150,
6353150,
6353150,
1.436897e+08,
1.363755e+08,
7314187,
2.727509e+07,
2.727509e+07,
2.727509e+07,
2.727509e+07,
2.727509e+07,
1462837,
1462837,
1462837,
1462837,
1462837,
1.077069e+08,
9.065178e+07,
1.705515e+07,
1.813036e+07,
1.813036e+07,
1.813036e+07,
1.813036e+07,
1.813036e+07,
3411031,
3411031,
3411031,
3411031,
3411031,
2.223686e+08,
2.052188e+08,
1.714982e+07,
4.104375e+07,
4.104375e+07,
4.104375e+07,
4.104375e+07,
4.104375e+07,
3429964,
3429964,
3429964,
3429964,
3429964,
2.455165e+08,
2.287041e+08,
1.681236e+07,
4.574082e+07,
4.574082e+07,
4.574082e+07,
4.574082e+07,
4.574082e+07,
3362473,
3362473,
3362473,
3362473,
3362473,
2.791472e+08,
2.250272e+08,
5.412002e+07,
4.500543e+07,
4.500543e+07,
4.500543e+07,
4.500543e+07,
4.500543e+07,
1.0824e+07,
1.0824e+07,
1.0824e+07,
1.0824e+07,
1.0824e+07,
1.008698e+09,
7.661898e+08,
2.425081e+08,
1.53238e+08,
1.53238e+08,
1.53238e+08,
1.53238e+08,
1.53238e+08,
4.850161e+07,
4.850161e+07,
4.850161e+07,
4.850161e+07,
4.850161e+07,
5.764313e+08,
3.466663e+08,
2.29765e+08,
6.933326e+07,
6.933326e+07,
6.933326e+07,
6.933326e+07,
6.933326e+07,
4.5953e+07,
4.5953e+07,
4.5953e+07,
4.5953e+07,
4.5953e+07,
6.913556e+07,
5.928704e+07,
9848521,
1.185741e+07,
1.185741e+07,
1.185741e+07,
1.185741e+07,
1.185741e+07,
1969704,
1969704,
1969704,
1969704,
1969704,
4.376329e+08,
4.005301e+08,
3.710278e+07,
8.010602e+07,
8.010602e+07,
8.010602e+07,
8.010602e+07,
8.010602e+07,
7420557,
7420557,
7420557,
7420557,
7420557,
1.08351e+08,
9.220532e+07,
1.61457e+07,
1.844106e+07,
1.844106e+07,
1.844106e+07,
1.844106e+07,
1.844106e+07,
3229140,
3229140,
3229140,
3229140,
3229140,
9.607172e+07,
8.353081e+07,
1.254091e+07,
1.670616e+07,
1.670616e+07,
1.670616e+07,
1.670616e+07,
1.670616e+07,
2508182,
2508182,
2508182,
2508182,
2508182,
4.621062e+07,
4.01061e+07,
6104524,
8021220,
8021220,
8021220,
8021220,
8021220,
1220905,
1220905,
1220905,
1220905,
1220905,
9.814995e+07,
7.380422e+07,
2.434574e+07,
1.476084e+07,
1.476084e+07,
1.476084e+07,
1.476084e+07,
1.476084e+07,
4869149,
4869149,
4869149,
4869149,
4869149,
1.561042e+08,
1.384835e+08,
1.762068e+07,
2.76967e+07,
2.76967e+07,
2.76967e+07,
2.76967e+07,
2.76967e+07,
3524137,
3524137,
3524137,
3524137,
3524137,
3.70901e+08,
3.222482e+08,
4.865277e+07,
6.444964e+07,
6.444964e+07,
6.444964e+07,
6.444964e+07,
6.444964e+07,
9730554,
9730554,
9730554,
9730554,
9730554,
1.558398e+09,
1.064999e+09,
4.933996e+08,
2.129998e+08,
2.129998e+08,
2.129998e+08,
2.129998e+08,
2.129998e+08,
9.867991e+07,
9.867991e+07,
9.867991e+07,
9.867991e+07,
9.867991e+07,
7.20063e+07,
6.473666e+07,
7269635,
1.294733e+07,
1.294733e+07,
1.294733e+07,
1.294733e+07,
1.294733e+07,
1453927,
1453927,
1453927,
1453927,
1453927,
1.339684e+09,
1.093065e+09,
2.466191e+08,
2.186129e+08,
2.186129e+08,
2.186129e+08,
2.186129e+08,
2.186129e+08,
4.932382e+07,
4.932382e+07,
4.932382e+07,
4.932382e+07,
4.932382e+07,
4.504503e+08,
3.365258e+08,
1.139245e+08,
6.730516e+07,
6.730516e+07,
6.730516e+07,
6.730516e+07,
6.730516e+07,
2.27849e+07,
2.27849e+07,
2.27849e+07,
2.27849e+07,
2.27849e+07,
3.147841e+08,
2.350716e+08,
7.97125e+07,
4.701433e+07,
4.701433e+07,
4.701433e+07,
4.701433e+07,
4.701433e+07,
1.59425e+07,
1.59425e+07,
1.59425e+07,
1.59425e+07,
1.59425e+07,
1.06532e+08,
9.149314e+07,
1.503891e+07,
1.829863e+07,
1.829863e+07,
1.829863e+07,
1.829863e+07,
1.829863e+07,
3007781,
3007781,
3007781,
3007781,
3007781,
4.135297e+07,
3.798268e+07,
3370296,
7596536,
7596536,
7596536,
7596536,
7596536,
674059.1,
674059.1,
674059.1,
674059.1,
674059.1,
6.699049e+08,
4.492837e+08,
2.206212e+08,
8.985674e+07,
8.985674e+07,
8.985674e+07,
8.985674e+07,
8.985674e+07,
4.412424e+07,
4.412424e+07,
4.412424e+07,
4.412424e+07,
4.412424e+07,
3.366946e+08,
2.36796e+08,
9.989857e+07,
4.735921e+07,
4.735921e+07,
4.735921e+07,
4.735921e+07,
4.735921e+07,
1.997971e+07,
1.997971e+07,
1.997971e+07,
1.997971e+07,
1.997971e+07,
0,
0,
0,
0,
0,
0,
0,
0,
0,
0,
0,
0,
0,
2053, 
4.288274e+07,
3.912153e+07,
3761213,
7824306,
7824306,
7824306,
7824306,
7824306,
752242.6,
752242.6,
752242.6,
752242.6,
752242.6,
3.80392e+08,
3.491183e+08,
3.127367e+07,
6.982366e+07,
6.982366e+07,
6.982366e+07,
6.982366e+07,
6.982366e+07,
6254735,
6254735,
6254735,
6254735,
6254735,
1.437166e+08,
1.366185e+08,
7098108,
2.732371e+07,
2.732371e+07,
2.732371e+07,
2.732371e+07,
2.732371e+07,
1419622,
1419622,
1419622,
1419622,
1419622,
1.076774e+08,
9.094602e+07,
1.673139e+07,
1.81892e+07,
1.81892e+07,
1.81892e+07,
1.81892e+07,
1.81892e+07,
3346279,
3346279,
3346279,
3346279,
3346279,
2.2184e+08,
2.048762e+08,
1.696381e+07,
4.097523e+07,
4.097523e+07,
4.097523e+07,
4.097523e+07,
4.097523e+07,
3392761,
3392761,
3392761,
3392761,
3392761,
2.454535e+08,
2.289445e+08,
1.650896e+07,
4.57889e+07,
4.57889e+07,
4.57889e+07,
4.57889e+07,
4.57889e+07,
3301792,
3301792,
3301792,
3301792,
3301792,
2.80347e+08,
2.270618e+08,
5.328517e+07,
4.541236e+07,
4.541236e+07,
4.541236e+07,
4.541236e+07,
4.541236e+07,
1.065703e+07,
1.065703e+07,
1.065703e+07,
1.065703e+07,
1.065703e+07,
1.020674e+09,
7.805117e+08,
2.401623e+08,
1.561023e+08,
1.561023e+08,
1.561023e+08,
1.561023e+08,
1.561023e+08,
4.803246e+07,
4.803246e+07,
4.803246e+07,
4.803246e+07,
4.803246e+07,
5.81702e+08,
3.545461e+08,
2.271558e+08,
7.090923e+07,
7.090923e+07,
7.090923e+07,
7.090923e+07,
7.090923e+07,
4.543116e+07,
4.543116e+07,
4.543116e+07,
4.543116e+07,
4.543116e+07,
6.918522e+07,
5.957759e+07,
9607631,
1.191552e+07,
1.191552e+07,
1.191552e+07,
1.191552e+07,
1.191552e+07,
1921526,
1921526,
1921526,
1921526,
1921526,
4.379259e+08,
4.015126e+08,
3.641321e+07,
8.030253e+07,
8.030253e+07,
8.030253e+07,
8.030253e+07,
8.030253e+07,
7282642,
7282642,
7282642,
7282642,
7282642,
1.078964e+08,
9.218699e+07,
1.570941e+07,
1.84374e+07,
1.84374e+07,
1.84374e+07,
1.84374e+07,
1.84374e+07,
3141882,
3141882,
3141882,
3141882,
3141882,
9.610926e+07,
8.378135e+07,
1.232791e+07,
1.675627e+07,
1.675627e+07,
1.675627e+07,
1.675627e+07,
1.675627e+07,
2465583,
2465583,
2465583,
2465583,
2465583,
4.600715e+07,
4.003375e+07,
5973399,
8006751,
8006751,
8006751,
8006751,
8006751,
1194680,
1194680,
1194680,
1194680,
1194680,
9.845147e+07,
7.458014e+07,
2.387133e+07,
1.491603e+07,
1.491603e+07,
1.491603e+07,
1.491603e+07,
1.491603e+07,
4774267,
4774267,
4774267,
4774267,
4774267,
1.559011e+08,
1.385694e+08,
1.733173e+07,
2.771388e+07,
2.771388e+07,
2.771388e+07,
2.771388e+07,
2.771388e+07,
3466345,
3466345,
3466345,
3466345,
3466345,
3.726059e+08,
3.246281e+08,
4.797779e+07,
6.492562e+07,
6.492562e+07,
6.492562e+07,
6.492562e+07,
6.492562e+07,
9595558,
9595558,
9595558,
9595558,
9595558,
1.556611e+09,
1.074665e+09,
4.819453e+08,
2.149331e+08,
2.149331e+08,
2.149331e+08,
2.149331e+08,
2.149331e+08,
9.638906e+07,
9.638906e+07,
9.638906e+07,
9.638906e+07,
9.638906e+07,
7.160262e+07,
6.454621e+07,
7056409,
1.290924e+07,
1.290924e+07,
1.290924e+07,
1.290924e+07,
1.290924e+07,
1411282,
1411282,
1411282,
1411282,
1411282,
1.331028e+09,
1.091461e+09,
2.395665e+08,
2.182923e+08,
2.182923e+08,
2.182923e+08,
2.182923e+08,
2.182923e+08,
4.79133e+07,
4.79133e+07,
4.79133e+07,
4.79133e+07,
4.79133e+07,
4.501843e+08,
3.388086e+08,
1.113757e+08,
6.776173e+07,
6.776173e+07,
6.776173e+07,
6.776173e+07,
6.776173e+07,
2.227513e+07,
2.227513e+07,
2.227513e+07,
2.227513e+07,
2.227513e+07,
3.144898e+08,
2.363002e+08,
7.818962e+07,
4.726003e+07,
4.726003e+07,
4.726003e+07,
4.726003e+07,
4.726003e+07,
1.563792e+07,
1.563792e+07,
1.563792e+07,
1.563792e+07,
1.563792e+07,
1.059712e+08,
9.126212e+07,
1.470907e+07,
1.825242e+07,
1.825242e+07,
1.825242e+07,
1.825242e+07,
1.825242e+07,
2941815,
2941815,
2941815,
2941815,
2941815,
4.153265e+07,
3.820421e+07,
3328435,
7640843,
7640843,
7640843,
7640843,
7640843,
665687,
665687,
665687,
665687,
665687,
6.729907e+08,
4.559067e+08,
2.17084e+08,
9.118134e+07,
9.118134e+07,
9.118134e+07,
9.118134e+07,
9.118134e+07,
4.341681e+07,
4.341681e+07,
4.341681e+07,
4.341681e+07,
4.341681e+07,
3.403382e+08,
2.414791e+08,
9.88591e+07,
4.829582e+07,
4.829582e+07,
4.829582e+07,
4.829582e+07,
4.829582e+07,
1.977182e+07,
1.977182e+07,
1.977182e+07,
1.977182e+07,
1.977182e+07,
0,
0,
0,
0,
0,
0,
0,
0,
0,
0,
0,
0,
0,
2054, 
4.299824e+07,
3.929448e+07,
3703762,
7858895,
7858895,
7858895,
7858895,
7858895,
740752.3,
740752.3,
740752.3,
740752.3,
740752.3,
3.813293e+08,
3.505505e+08,
3.077879e+07,
7.01101e+07,
7.01101e+07,
7.01101e+07,
7.01101e+07,
7.01101e+07,
6155758,
6155758,
6155758,
6155758,
6155758,
1.437436e+08,
1.368617e+08,
6881947,
2.737234e+07,
2.737234e+07,
2.737234e+07,
2.737234e+07,
2.737234e+07,
1376389,
1376389,
1376389,
1376389,
1376389,
1.076479e+08,
9.124006e+07,
1.640781e+07,
1.824801e+07,
1.824801e+07,
1.824801e+07,
1.824801e+07,
1.824801e+07,
3281561,
3281561,
3281561,
3281561,
3281561,
2.213113e+08,
2.045328e+08,
1.677848e+07,
4.090657e+07,
4.090657e+07,
4.090657e+07,
4.090657e+07,
4.090657e+07,
3355697,
3355697,
3355697,
3355697,
3355697,
2.453905e+08,
2.291848e+08,
1.62057e+07,
4.583695e+07,
4.583695e+07,
4.583695e+07,
4.583695e+07,
4.583695e+07,
3241141,
3241141,
3241141,
3241141,
3241141,
2.815468e+08,
2.291056e+08,
5.244118e+07,
4.582111e+07,
4.582111e+07,
4.582111e+07,
4.582111e+07,
4.582111e+07,
1.048824e+07,
1.048824e+07,
1.048824e+07,
1.048824e+07,
1.048824e+07,
1.03265e+09,
7.949563e+08,
2.376939e+08,
1.589913e+08,
1.589913e+08,
1.589913e+08,
1.589913e+08,
1.589913e+08,
4.753877e+07,
4.753877e+07,
4.753877e+07,
4.753877e+07,
4.753877e+07,
5.869727e+08,
3.625114e+08,
2.244613e+08,
7.250227e+07,
7.250227e+07,
7.250227e+07,
7.250227e+07,
7.250227e+07,
4.489226e+07,
4.489226e+07,
4.489226e+07,
4.489226e+07,
4.489226e+07,
6.923489e+07,
5.98685e+07,
9366385,
1.19737e+07,
1.19737e+07,
1.19737e+07,
1.19737e+07,
1.19737e+07,
1873277,
1873277,
1873277,
1873277,
1873277,
4.382188e+08,
4.024961e+08,
3.572268e+07,
8.049922e+07,
8.049922e+07,
8.049922e+07,
8.049922e+07,
8.049922e+07,
7144536,
7144536,
7144536,
7144536,
7144536,
1.074418e+08,
9.216554e+07,
1.527623e+07,
1.843311e+07,
1.843311e+07,
1.843311e+07,
1.843311e+07,
1.843311e+07,
3055247,
3055247,
3055247,
3055247,
3055247,
9.614682e+07,
8.403206e+07,
1.211475e+07,
1.680641e+07,
1.680641e+07,
1.680641e+07,
1.680641e+07,
1.680641e+07,
2422949,
2422949,
2422949,
2422949,
2422949,
4.580368e+07,
3.996049e+07,
5843195,
7992098,
7992098,
7992098,
7992098,
7992098,
1168639,
1168639,
1168639,
1168639,
1168639,
9.875298e+07,
7.535942e+07,
2.339356e+07,
1.507188e+07,
1.507188e+07,
1.507188e+07,
1.507188e+07,
1.507188e+07,
4678711,
4678711,
4678711,
4678711,
4678711,
1.556981e+08,
1.386546e+08,
1.704346e+07,
2.773092e+07,
2.773092e+07,
2.773092e+07,
2.773092e+07,
2.773092e+07,
3408692,
3408692,
3408692,
3408692,
3408692,
3.743108e+08,
3.270162e+08,
4.729459e+07,
6.540323e+07,
6.540323e+07,
6.540323e+07,
6.540323e+07,
6.540323e+07,
9458918,
9458918,
9458918,
9458918,
9458918,
1.554823e+09,
1.084307e+09,
4.705159e+08,
2.168614e+08,
2.168614e+08,
2.168614e+08,
2.168614e+08,
2.168614e+08,
9.410318e+07,
9.410318e+07,
9.410318e+07,
9.410318e+07,
9.410318e+07,
7.119894e+07,
6.435381e+07,
6845128,
1.287076e+07,
1.287076e+07,
1.287076e+07,
1.287076e+07,
1.287076e+07,
1369026,
1369026,
1369026,
1369026,
1369026,
1.322372e+09,
1.089787e+09,
2.325849e+08,
2.179574e+08,
2.179574e+08,
2.179574e+08,
2.179574e+08,
2.179574e+08,
4.651699e+07,
4.651699e+07,
4.651699e+07,
4.651699e+07,
4.651699e+07,
4.499183e+08,
3.410886e+08,
1.088297e+08,
6.821772e+07,
6.821772e+07,
6.821772e+07,
6.821772e+07,
6.821772e+07,
2.176595e+07,
2.176595e+07,
2.176595e+07,
2.176595e+07,
2.176595e+07,
3.141954e+08,
2.37526e+08,
7.666943e+07,
4.750519e+07,
4.750519e+07,
4.750519e+07,
4.750519e+07,
4.750519e+07,
1.533389e+07,
1.533389e+07,
1.533389e+07,
1.533389e+07,
1.533389e+07,
1.054103e+08,
9.102844e+07,
1.438189e+07,
1.820569e+07,
1.820569e+07,
1.820569e+07,
1.820569e+07,
1.820569e+07,
2876378,
2876378,
2876378,
2876378,
2876378,
4.171232e+07,
3.842624e+07,
3286085,
7685248,
7685248,
7685248,
7685248,
7685248,
657217.1,
657217.1,
657217.1,
657217.1,
657217.1,
6.760766e+08,
4.625715e+08,
2.135052e+08,
9.251429e+07,
9.251429e+07,
9.251429e+07,
9.251429e+07,
9.251429e+07,
4.270103e+07,
4.270103e+07,
4.270103e+07,
4.270103e+07,
4.270103e+07,
3.439817e+08,
2.462075e+08,
9.777421e+07,
4.92415e+07,
4.92415e+07,
4.92415e+07,
4.92415e+07,
4.92415e+07,
1.955484e+07,
1.955484e+07,
1.955484e+07,
1.955484e+07,
1.955484e+07,
0,
0,
0,
0,
0,
0,
0,
0,
0,
0,
0,
0,
0,
2055, 
4.311374e+07,
3.946779e+07,
3645947,
7893558,
7893558,
7893558,
7893558,
7893558,
729189.4,
729189.4,
729189.4,
729189.4,
729189.4,
3.822666e+08,
3.519855e+08,
3.028109e+07,
7.03971e+07,
7.03971e+07,
7.03971e+07,
7.03971e+07,
7.03971e+07,
6056218,
6056218,
6056218,
6056218,
6056218,
1.437706e+08,
1.371049e+08,
6665704,
2.742098e+07,
2.742098e+07,
2.742098e+07,
2.742098e+07,
2.742098e+07,
1333141,
1333141,
1333141,
1333141,
1333141,
1.076183e+08,
9.153395e+07,
1.608439e+07,
1.830679e+07,
1.830679e+07,
1.830679e+07,
1.830679e+07,
1.830679e+07,
3216879,
3216879,
3216879,
3216879,
3216879,
2.207827e+08,
2.041888e+08,
1.659385e+07,
4.083777e+07,
4.083777e+07,
4.083777e+07,
4.083777e+07,
4.083777e+07,
3318770,
3318770,
3318770,
3318770,
3318770,
2.453275e+08,
2.294249e+08,
1.590261e+07,
4.588497e+07,
4.588497e+07,
4.588497e+07,
4.588497e+07,
4.588497e+07,
3180522,
3180522,
3180522,
3180522,
3180522,
2.827466e+08,
2.311585e+08,
5.158806e+07,
4.62317e+07,
4.62317e+07,
4.62317e+07,
4.62317e+07,
4.62317e+07,
1.031761e+07,
1.031761e+07,
1.031761e+07,
1.031761e+07,
1.031761e+07,
1.044626e+09,
8.095235e+08,
2.351028e+08,
1.619047e+08,
1.619047e+08,
1.619047e+08,
1.619047e+08,
1.619047e+08,
4.702057e+07,
4.702057e+07,
4.702057e+07,
4.702057e+07,
4.702057e+07,
5.922433e+08,
3.705619e+08,
2.216815e+08,
7.411238e+07,
7.411238e+07,
7.411238e+07,
7.411238e+07,
7.411238e+07,
4.433629e+07,
4.433629e+07,
4.433629e+07,
4.433629e+07,
4.433629e+07,
6.928455e+07,
6.015977e+07,
9124783,
1.203195e+07,
1.203195e+07,
1.203195e+07,
1.203195e+07,
1.203195e+07,
1824957,
1824957,
1824957,
1824957,
1824957,
4.385118e+08,
4.034806e+08,
3.50312e+07,
8.069611e+07,
8.069611e+07,
8.069611e+07,
8.069611e+07,
8.069611e+07,
7006239,
7006239,
7006239,
7006239,
7006239,
1.069871e+08,
9.214098e+07,
1.484616e+07,
1.84282e+07,
1.84282e+07,
1.84282e+07,
1.84282e+07,
1.84282e+07,
2969232,
2969232,
2969232,
2969232,
2969232,
9.618436e+07,
8.428294e+07,
1.190141e+07,
1.685659e+07,
1.685659e+07,
1.685659e+07,
1.685659e+07,
1.685659e+07,
2380282,
2380282,
2380282,
2380282,
2380282,
4.560021e+07,
3.98863e+07,
5713914,
7977260,
7977260,
7977260,
7977260,
7977260,
1142783,
1142783,
1142783,
1142783,
1142783,
9.905449e+07,
7.614206e+07,
2.291242e+07,
1.522841e+07,
1.522841e+07,
1.522841e+07,
1.522841e+07,
1.522841e+07,
4582484,
4582484,
4582484,
4582484,
4582484,
1.55495e+08,
1.387391e+08,
1.675589e+07,
2.774782e+07,
2.774782e+07,
2.774782e+07,
2.774782e+07,
2.774782e+07,
3351178,
3351178,
3351178,
3351178,
3351178,
3.760156e+08,
3.294125e+08,
4.660316e+07,
6.58825e+07,
6.58825e+07,
6.58825e+07,
6.58825e+07,
6.58825e+07,
9320632,
9320632,
9320632,
9320632,
9320632,
1.553035e+09,
1.093924e+09,
4.591116e+08,
2.187847e+08,
2.187847e+08,
2.187847e+08,
2.187847e+08,
2.187847e+08,
9.182232e+07,
9.182232e+07,
9.182232e+07,
9.182232e+07,
9.182232e+07,
7.079526e+07,
6.415948e+07,
6635792,
1.28319e+07,
1.28319e+07,
1.28319e+07,
1.28319e+07,
1.28319e+07,
1327158,
1327158,
1327158,
1327158,
1327158,
1.313716e+09,
1.088042e+09,
2.256744e+08,
2.176084e+08,
2.176084e+08,
2.176084e+08,
2.176084e+08,
2.176084e+08,
4.513488e+07,
4.513488e+07,
4.513488e+07,
4.513488e+07,
4.513488e+07,
4.496524e+08,
3.433656e+08,
1.062868e+08,
6.867312e+07,
6.867312e+07,
6.867312e+07,
6.867312e+07,
6.867312e+07,
2.125735e+07,
2.125735e+07,
2.125735e+07,
2.125735e+07,
2.125735e+07,
3.13901e+08,
2.387491e+08,
7.515197e+07,
4.774982e+07,
4.774982e+07,
4.774982e+07,
4.774982e+07,
4.774982e+07,
1.503039e+07,
1.503039e+07,
1.503039e+07,
1.503039e+07,
1.503039e+07,
1.048495e+08,
9.079211e+07,
1.405736e+07,
1.815842e+07,
1.815842e+07,
1.815842e+07,
1.815842e+07,
1.815842e+07,
2811473,
2811473,
2811473,
2811473,
2811473,
4.1892e+07,
3.864875e+07,
3243247,
7729750,
7729750,
7729750,
7729750,
7729750,
648649.4,
648649.4,
648649.4,
648649.4,
648649.4,
6.791624e+08,
4.692779e+08,
2.098845e+08,
9.385558e+07,
9.385558e+07,
9.385558e+07,
9.385558e+07,
9.385558e+07,
4.19769e+07,
4.19769e+07,
4.19769e+07,
4.19769e+07,
4.19769e+07,
3.476252e+08,
2.509813e+08,
9.664394e+07,
5.019626e+07,
5.019626e+07,
5.019626e+07,
5.019626e+07,
5.019626e+07,
1.932879e+07,
1.932879e+07,
1.932879e+07,
1.932879e+07,
1.932879e+07,
0,
0,
0,
0,
0,
0,
0,
0,
0,
0,
0,
0,
0,
2056, 
4.320769e+07,
3.962171e+07,
3585981,
7924342,
7924342,
7924342,
7924342,
7924342,
717196.3,
717196.3,
717196.3,
717196.3,
717196.3,
3.830298e+08,
3.532627e+08,
2.976704e+07,
7.065254e+07,
7.065254e+07,
7.065254e+07,
7.065254e+07,
7.065254e+07,
5953409,
5953409,
5953409,
5953409,
5953409,
1.436338e+08,
1.371917e+08,
6442033,
2.743835e+07,
2.743835e+07,
2.743835e+07,
2.743835e+07,
2.743835e+07,
1288407,
1288407,
1288407,
1288407,
1288407,
1.074572e+08,
9.171529e+07,
1.574187e+07,
1.834306e+07,
1.834306e+07,
1.834306e+07,
1.834306e+07,
1.834306e+07,
3148374,
3148374,
3148374,
3148374,
3148374,
2.200277e+08,
2.036346e+08,
1.639305e+07,
4.072692e+07,
4.072692e+07,
4.072692e+07,
4.072692e+07,
4.072692e+07,
3278610,
3278610,
3278610,
3278610,
3278610,
2.449896e+08,
2.294075e+08,
1.558218e+07,
4.58815e+07,
4.58815e+07,
4.58815e+07,
4.58815e+07,
4.58815e+07,
3116437,
3116437,
3116437,
3116437,
3116437,
2.835082e+08,
2.328607e+08,
5.064753e+07,
4.657213e+07,
4.657213e+07,
4.657213e+07,
4.657213e+07,
4.657213e+07,
1.012951e+07,
1.012951e+07,
1.012951e+07,
1.012951e+07,
1.012951e+07,
1.055e+09,
8.229635e+08,
2.320368e+08,
1.645927e+08,
1.645927e+08,
1.645927e+08,
1.645927e+08,
1.645927e+08,
4.640736e+07,
4.640736e+07,
4.640736e+07,
4.640736e+07,
4.640736e+07,
5.965336e+08,
3.780764e+08,
2.184572e+08,
7.561528e+07,
7.561528e+07,
7.561528e+07,
7.561528e+07,
7.561528e+07,
4.369144e+07,
4.369144e+07,
4.369144e+07,
4.369144e+07,
4.369144e+07,
6.922956e+07,
6.036014e+07,
8869416,
1.207203e+07,
1.207203e+07,
1.207203e+07,
1.207203e+07,
1.207203e+07,
1773883,
1773883,
1773883,
1773883,
1773883,
4.38508e+08,
4.041925e+08,
3.431553e+07,
8.08385e+07,
8.08385e+07,
8.08385e+07,
8.08385e+07,
8.08385e+07,
6863106,
6863106,
6863106,
6863106,
6863106,
1.064983e+08,
9.208374e+07,
1.441456e+07,
1.841675e+07,
1.841675e+07,
1.841675e+07,
1.841675e+07,
1.841675e+07,
2882912,
2882912,
2882912,
2882912,
2882912,
9.609724e+07,
8.442448e+07,
1.167276e+07,
1.68849e+07,
1.68849e+07,
1.68849e+07,
1.68849e+07,
1.68849e+07,
2334553,
2334553,
2334553,
2334553,
2334553,
4.538427e+07,
3.980025e+07,
5584020,
7960051,
7960051,
7960051,
7960051,
7960051,
1116804,
1116804,
1116804,
1116804,
1116804,
9.91721e+07,
7.678569e+07,
2.238641e+07,
1.535714e+07,
1.535714e+07,
1.535714e+07,
1.535714e+07,
1.535714e+07,
4477281,
4477281,
4477281,
4477281,
4477281,
1.552035e+08,
1.387439e+08,
1.645963e+07,
2.774877e+07,
2.774877e+07,
2.774877e+07,
2.774877e+07,
2.774877e+07,
3291925,
3291925,
3291925,
3291925,
3291925,
3.771496e+08,
3.313154e+08,
4.583413e+07,
6.626308e+07,
6.626308e+07,
6.626308e+07,
6.626308e+07,
6.626308e+07,
9166826,
9166826,
9166826,
9166826,
9166826,
1.549395e+09,
1.102197e+09,
4.471976e+08,
2.204395e+08,
2.204395e+08,
2.204395e+08,
2.204395e+08,
2.204395e+08,
8.943952e+07,
8.943952e+07,
8.943952e+07,
8.943952e+07,
8.943952e+07,
7.028414e+07,
6.386556e+07,
6418587,
1.277311e+07,
1.277311e+07,
1.277311e+07,
1.277311e+07,
1.277311e+07,
1283717,
1283717,
1283717,
1283717,
1283717,
1.303697e+09,
1.085091e+09,
2.186062e+08,
2.170182e+08,
2.170182e+08,
2.170182e+08,
2.170182e+08,
2.170182e+08,
4.372124e+07,
4.372124e+07,
4.372124e+07,
4.372124e+07,
4.372124e+07,
4.488287e+08,
3.452108e+08,
1.03618e+08,
6.904215e+07,
6.904215e+07,
6.904215e+07,
6.904215e+07,
6.904215e+07,
2.072359e+07,
2.072359e+07,
2.072359e+07,
2.072359e+07,
2.072359e+07,
3.132242e+08,
2.396768e+08,
7.354741e+07,
4.793536e+07,
4.793536e+07,
4.793536e+07,
4.793536e+07,
4.793536e+07,
1.470948e+07,
1.470948e+07,
1.470948e+07,
1.470948e+07,
1.470948e+07,
1.042904e+08,
9.055463e+07,
1.373572e+07,
1.811093e+07,
1.811093e+07,
1.811093e+07,
1.811093e+07,
1.811093e+07,
2747144,
2747144,
2747144,
2747144,
2747144,
4.204293e+07,
3.88452e+07,
3197734,
7769040,
7769040,
7769040,
7769040,
7769040,
639546.7,
639546.7,
639546.7,
639546.7,
639546.7,
6.812358e+08,
4.753198e+08,
2.059161e+08,
9.506396e+07,
9.506396e+07,
9.506396e+07,
9.506396e+07,
9.506396e+07,
4.118321e+07,
4.118321e+07,
4.118321e+07,
4.118321e+07,
4.118321e+07,
3.506902e+08,
2.553792e+08,
9.531102e+07,
5.107585e+07,
5.107585e+07,
5.107585e+07,
5.107585e+07,
5.107585e+07,
1.90622e+07,
1.90622e+07,
1.90622e+07,
1.90622e+07,
1.90622e+07,
0,
0,
0,
0,
0,
0,
0,
0,
0,
0,
0,
0,
0,
2057, 
4.330164e+07,
3.977592e+07,
3525720,
7955184,
7955184,
7955184,
7955184,
7955184,
705144,
705144,
705144,
705144,
705144,
3.837929e+08,
3.545422e+08,
2.925071e+07,
7.090843e+07,
7.090843e+07,
7.090843e+07,
7.090843e+07,
7.090843e+07,
5850142,
5850142,
5850142,
5850142,
5850142,
1.434969e+08,
1.372782e+08,
6218776,
2.745563e+07,
2.745563e+07,
2.745563e+07,
2.745563e+07,
2.745563e+07,
1243755,
1243755,
1243755,
1243755,
1243755,
1.07296e+08,
9.189567e+07,
1.54003e+07,
1.837913e+07,
1.837913e+07,
1.837913e+07,
1.837913e+07,
1.837913e+07,
3080060,
3080060,
3080060,
3080060,
3080060,
2.192726e+08,
2.030794e+08,
1.619323e+07,
4.061588e+07,
4.061588e+07,
4.061588e+07,
4.061588e+07,
4.061588e+07,
3238646,
3238646,
3238646,
3238646,
3238646,
2.446518e+08,
2.293892e+08,
1.526258e+07,
4.587785e+07,
4.587785e+07,
4.587785e+07,
4.587785e+07,
4.587785e+07,
3052517,
3052517,
3052517,
3052517,
3052517,
2.842698e+08,
2.345686e+08,
4.97012e+07,
4.691372e+07,
4.691372e+07,
4.691372e+07,
4.691372e+07,
4.691372e+07,
9940239,
9940239,
9940239,
9940239,
9940239,
1.065374e+09,
8.365096e+08,
2.288646e+08,
1.673019e+08,
1.673019e+08,
1.673019e+08,
1.673019e+08,
1.673019e+08,
4.577291e+07,
4.577291e+07,
4.577291e+07,
4.577291e+07,
4.577291e+07,
6.008238e+08,
3.856604e+08,
2.151635e+08,
7.713207e+07,
7.713207e+07,
7.713207e+07,
7.713207e+07,
7.713207e+07,
4.303269e+07,
4.303269e+07,
4.303269e+07,
4.303269e+07,
4.303269e+07,
6.917457e+07,
6.056012e+07,
8614444,
1.211203e+07,
1.211203e+07,
1.211203e+07,
1.211203e+07,
1.211203e+07,
1722889,
1722889,
1722889,
1722889,
1722889,
4.385043e+08,
4.049044e+08,
3.359988e+07,
8.098087e+07,
8.098087e+07,
8.098087e+07,
8.098087e+07,
8.098087e+07,
6719976,
6719976,
6719976,
6719976,
6719976,
1.060094e+08,
9.202314e+07,
1.39863e+07,
1.840463e+07,
1.840463e+07,
1.840463e+07,
1.840463e+07,
1.840463e+07,
2797260,
2797260,
2797260,
2797260,
2797260,
9.601011e+07,
8.456561e+07,
1.144451e+07,
1.691312e+07,
1.691312e+07,
1.691312e+07,
1.691312e+07,
1.691312e+07,
2288902,
2288902,
2288902,
2288902,
2288902,
4.516833e+07,
3.971322e+07,
5455104,
7942645,
7942645,
7942645,
7942645,
7942645,
1091021,
1091021,
1091021,
1091021,
1091021,
9.92897e+07,
7.743062e+07,
2.185908e+07,
1.548613e+07,
1.548613e+07,
1.548613e+07,
1.548613e+07,
1.548613e+07,
4371816,
4371816,
4371816,
4371816,
4371816,
1.54912e+08,
1.387476e+08,
1.616436e+07,
2.774952e+07,
2.774952e+07,
2.774952e+07,
2.774952e+07,
2.774952e+07,
3232872,
3232872,
3232872,
3232872,
3232872,
3.782835e+08,
3.332239e+08,
4.505962e+07,
6.664478e+07,
6.664478e+07,
6.664478e+07,
6.664478e+07,
6.664478e+07,
9011925,
9011925,
9011925,
9011925,
9011925,
1.545755e+09,
1.11042e+09,
4.353345e+08,
2.220841e+08,
2.220841e+08,
2.220841e+08,
2.220841e+08,
2.220841e+08,
8.70669e+07,
8.70669e+07,
8.70669e+07,
8.70669e+07,
8.70669e+07,
6.977302e+07,
6.356918e+07,
6203846,
1.271384e+07,
1.271384e+07,
1.271384e+07,
1.271384e+07,
1.271384e+07,
1240769,
1240769,
1240769,
1240769,
1240769,
1.293678e+09,
1.082058e+09,
2.116202e+08,
2.164116e+08,
2.164116e+08,
2.164116e+08,
2.164116e+08,
2.164116e+08,
4.232404e+07,
4.232404e+07,
4.232404e+07,
4.232404e+07,
4.232404e+07,
4.480051e+08,
3.470469e+08,
1.009582e+08,
6.940938e+07,
6.940938e+07,
6.940938e+07,
6.940938e+07,
6.940938e+07,
2.019165e+07,
2.019165e+07,
2.019165e+07,
2.019165e+07,
2.019165e+07,
3.125474e+08,
2.405983e+08,
7.194908e+07,
4.811966e+07,
4.811966e+07,
4.811966e+07,
4.811966e+07,
4.811966e+07,
1.438982e+07,
1.438982e+07,
1.438982e+07,
1.438982e+07,
1.438982e+07,
1.037312e+08,
9.031451e+07,
1.341672e+07,
1.80629e+07,
1.80629e+07,
1.80629e+07,
1.80629e+07,
1.80629e+07,
2683344,
2683344,
2683344,
2683344,
2683344,
4.219387e+07,
3.904206e+07,
3151810,
7808412,
7808412,
7808412,
7808412,
7808412,
630362.1,
630362.1,
630362.1,
630362.1,
630362.1,
6.833092e+08,
4.813897e+08,
2.019196e+08,
9.627794e+07,
9.627794e+07,
9.627794e+07,
9.627794e+07,
9.627794e+07,
4.038391e+07,
4.038391e+07,
4.038391e+07,
4.038391e+07,
4.038391e+07,
3.537553e+08,
2.598153e+08,
9.39399e+07,
5.196307e+07,
5.196307e+07,
5.196307e+07,
5.196307e+07,
5.196307e+07,
1.878798e+07,
1.878798e+07,
1.878798e+07,
1.878798e+07,
1.878798e+07,
0,
0,
0,
0,
0,
0,
0,
0,
0,
0,
0,
0,
0,
2058, 
4.33956e+07,
3.993043e+07,
3465164,
7986087,
7986087,
7986087,
7986087,
7986087,
693032.8,
693032.8,
693032.8,
693032.8,
693032.8,
3.84556e+08,
3.558239e+08,
2.873209e+07,
7.116478e+07,
7.116478e+07,
7.116478e+07,
7.116478e+07,
7.116478e+07,
5746418,
5746418,
5746418,
5746418,
5746418,
1.433601e+08,
1.373641e+08,
5995931,
2.747283e+07,
2.747283e+07,
2.747283e+07,
2.747283e+07,
2.747283e+07,
1199186,
1199186,
1199186,
1199186,
1199186,
1.071348e+08,
9.20751e+07,
1.505969e+07,
1.841502e+07,
1.841502e+07,
1.841502e+07,
1.841502e+07,
1.841502e+07,
3011938,
3011938,
3011938,
3011938,
3011938,
2.185176e+08,
2.025232e+08,
1.59944e+07,
4.050465e+07,
4.050465e+07,
4.050465e+07,
4.050465e+07,
4.050465e+07,
3198881,
3198881,
3198881,
3198881,
3198881,
2.44314e+08,
2.293702e+08,
1.494381e+07,
4.587404e+07,
4.587404e+07,
4.587404e+07,
4.587404e+07,
4.587404e+07,
2988762,
2988762,
2988762,
2988762,
2988762,
2.850314e+08,
2.362824e+08,
4.874906e+07,
4.725648e+07,
4.725648e+07,
4.725648e+07,
4.725648e+07,
4.725648e+07,
9749811,
9749811,
9749811,
9749811,
9749811,
1.075748e+09,
8.501619e+08,
2.255861e+08,
1.700324e+08,
1.700324e+08,
1.700324e+08,
1.700324e+08,
1.700324e+08,
4.511721e+07,
4.511721e+07,
4.511721e+07,
4.511721e+07,
4.511721e+07,
6.05114e+08,
3.933138e+08,
2.118002e+08,
7.866276e+07,
7.866276e+07,
7.866276e+07,
7.866276e+07,
7.866276e+07,
4.236004e+07,
4.236004e+07,
4.236004e+07,
4.236004e+07,
4.236004e+07,
6.911957e+07,
6.07597e+07,
8359865,
1.215194e+07,
1.215194e+07,
1.215194e+07,
1.215194e+07,
1.215194e+07,
1671973,
1671973,
1671973,
1671973,
1671973,
4.385004e+08,
4.056162e+08,
3.288424e+07,
8.112325e+07,
8.112325e+07,
8.112325e+07,
8.112325e+07,
8.112325e+07,
6576849,
6576849,
6576849,
6576849,
6576849,
1.055206e+08,
9.195922e+07,
1.356138e+07,
1.839184e+07,
1.839184e+07,
1.839184e+07,
1.839184e+07,
1.839184e+07,
2712276,
2712276,
2712276,
2712276,
2712276,
9.592299e+07,
8.470634e+07,
1.121665e+07,
1.694127e+07,
1.694127e+07,
1.694127e+07,
1.694127e+07,
1.694127e+07,
2243330,
2243330,
2243330,
2243330,
2243330,
4.495238e+07,
3.962522e+07,
5327167,
7925043,
7925043,
7925043,
7925043,
7925043,
1065433,
1065433,
1065433,
1065433,
1065433,
9.940731e+07,
7.807687e+07,
2.133044e+07,
1.561537e+07,
1.561537e+07,
1.561537e+07,
1.561537e+07,
1.561537e+07,
4266088,
4266088,
4266088,
4266088,
4266088,
1.546204e+08,
1.387503e+08,
1.587009e+07,
2.775007e+07,
2.775007e+07,
2.775007e+07,
2.775007e+07,
2.775007e+07,
3174018,
3174018,
3174018,
3174018,
3174018,
3.794175e+08,
3.351379e+08,
4.427966e+07,
6.702757e+07,
6.702757e+07,
6.702757e+07,
6.702757e+07,
6.702757e+07,
8855931,
8855931,
8855931,
8855931,
8855931,
1.542115e+09,
1.118592e+09,
4.235224e+08,
2.237184e+08,
2.237184e+08,
2.237184e+08,
2.237184e+08,
2.237184e+08,
8.470448e+07,
8.470448e+07,
8.470448e+07,
8.470448e+07,
8.470448e+07,
6.92619e+07,
6.327034e+07,
5991566,
1.265407e+07,
1.265407e+07,
1.265407e+07,
1.265407e+07,
1.265407e+07,
1198313,
1198313,
1198313,
1198313,
1198313,
1.283659e+09,
1.078943e+09,
2.047165e+08,
2.157885e+08,
2.157885e+08,
2.157885e+08,
2.157885e+08,
2.157885e+08,
4.094329e+07,
4.094329e+07,
4.094329e+07,
4.094329e+07,
4.094329e+07,
4.471815e+08,
3.488739e+08,
9.830759e+07,
6.977477e+07,
6.977477e+07,
6.977477e+07,
6.977477e+07,
6.977477e+07,
1.966152e+07,
1.966152e+07,
1.966152e+07,
1.966152e+07,
1.966152e+07,
3.118706e+08,
2.415136e+08,
7.035698e+07,
4.830272e+07,
4.830272e+07,
4.830272e+07,
4.830272e+07,
4.830272e+07,
1.40714e+07,
1.40714e+07,
1.40714e+07,
1.40714e+07,
1.40714e+07,
1.031721e+08,
9.007174e+07,
1.310036e+07,
1.801435e+07,
1.801435e+07,
1.801435e+07,
1.801435e+07,
1.801435e+07,
2620072,
2620072,
2620072,
2620072,
2620072,
4.234481e+07,
3.923933e+07,
3105476,
7847867,
7847867,
7847867,
7847867,
7847867,
621095.1,
621095.1,
621095.1,
621095.1,
621095.1,
6.853827e+08,
4.874877e+08,
1.97895e+08,
9.749754e+07,
9.749754e+07,
9.749754e+07,
9.749754e+07,
9.749754e+07,
3.9579e+07,
3.9579e+07,
3.9579e+07,
3.9579e+07,
3.9579e+07,
3.568203e+08,
2.642897e+08,
9.25306e+07,
5.285794e+07,
5.285794e+07,
5.285794e+07,
5.285794e+07,
5.285794e+07,
1.850612e+07,
1.850612e+07,
1.850612e+07,
1.850612e+07,
1.850612e+07,
0,
0,
0,
0,
0,
0,
0,
0,
0,
0,
0,
0,
0,
2059, 
4.348955e+07,
4.008524e+07,
3404312,
8017047,
8017047,
8017047,
8017047,
8017047,
680862.4,
680862.4,
680862.4,
680862.4,
680862.4,
3.853192e+08,
3.57108e+08,
2.821118e+07,
7.14216e+07,
7.14216e+07,
7.14216e+07,
7.14216e+07,
7.14216e+07,
5642235,
5642235,
5642235,
5642235,
5642235,
1.432232e+08,
1.374497e+08,
5773502,
2.748995e+07,
2.748995e+07,
2.748995e+07,
2.748995e+07,
2.748995e+07,
1154700,
1154700,
1154700,
1154700,
1154700,
1.069736e+08,
9.225358e+07,
1.472003e+07,
1.845072e+07,
1.845072e+07,
1.845072e+07,
1.845072e+07,
1.845072e+07,
2944006,
2944006,
2944006,
2944006,
2944006,
2.177626e+08,
2.019661e+08,
1.579656e+07,
4.039321e+07,
4.039321e+07,
4.039321e+07,
4.039321e+07,
4.039321e+07,
3159313,
3159313,
3159313,
3159313,
3159313,
2.439762e+08,
2.293504e+08,
1.462585e+07,
4.587007e+07,
4.587007e+07,
4.587007e+07,
4.587007e+07,
4.587007e+07,
2925171,
2925171,
2925171,
2925171,
2925171,
2.857931e+08,
2.380019e+08,
4.779112e+07,
4.760038e+07,
4.760038e+07,
4.760038e+07,
4.760038e+07,
4.760038e+07,
9558225,
9558225,
9558225,
9558225,
9558225,
1.086122e+09,
8.639204e+08,
2.222014e+08,
1.727841e+08,
1.727841e+08,
1.727841e+08,
1.727841e+08,
1.727841e+08,
4.444028e+07,
4.444028e+07,
4.444028e+07,
4.444028e+07,
4.444028e+07,
6.094042e+08,
4.010367e+08,
2.083675e+08,
8.020734e+07,
8.020734e+07,
8.020734e+07,
8.020734e+07,
8.020734e+07,
4.16735e+07,
4.16735e+07,
4.16735e+07,
4.16735e+07,
4.16735e+07,
6.906458e+07,
6.095889e+07,
8105682,
1.219178e+07,
1.219178e+07,
1.219178e+07,
1.219178e+07,
1.219178e+07,
1621136,
1621136,
1621136,
1621136,
1621136,
4.384967e+08,
4.063281e+08,
3.216862e+07,
8.126562e+07,
8.126562e+07,
8.126562e+07,
8.126562e+07,
8.126562e+07,
6433725,
6433725,
6433725,
6433725,
6433725,
1.050317e+08,
9.189194e+07,
1.31398e+07,
1.837839e+07,
1.837839e+07,
1.837839e+07,
1.837839e+07,
1.837839e+07,
2627959,
2627959,
2627959,
2627959,
2627959,
9.583586e+07,
8.484667e+07,
1.098919e+07,
1.696933e+07,
1.696933e+07,
1.696933e+07,
1.696933e+07,
1.696933e+07,
2197837,
2197837,
2197837,
2197837,
2197837,
4.473644e+07,
3.953624e+07,
5200209,
7907247,
7907247,
7907247,
7907247,
7907247,
1040042,
1040042,
1040042,
1040042,
1040042,
9.952492e+07,
7.872443e+07,
2.080049e+07,
1.574489e+07,
1.574489e+07,
1.574489e+07,
1.574489e+07,
1.574489e+07,
4160098,
4160098,
4160098,
4160098,
4160098,
1.543289e+08,
1.387521e+08,
1.557681e+07,
2.775042e+07,
2.775042e+07,
2.775042e+07,
2.775042e+07,
2.775042e+07,
3115362,
3115362,
3115362,
3115362,
3115362,
3.805514e+08,
3.370572e+08,
4.349421e+07,
6.741144e+07,
6.741144e+07,
6.741144e+07,
6.741144e+07,
6.741144e+07,
8698842,
8698842,
8698842,
8698842,
8698842,
1.538474e+09,
1.126713e+09,
4.117612e+08,
2.253426e+08,
2.253426e+08,
2.253426e+08,
2.253426e+08,
2.253426e+08,
8.235224e+07,
8.235224e+07,
8.235224e+07,
8.235224e+07,
8.235224e+07,
6.875078e+07,
6.296904e+07,
5781750,
1.259381e+07,
1.259381e+07,
1.259381e+07,
1.259381e+07,
1.259381e+07,
1156350,
1156350,
1156350,
1156350,
1156350,
1.27364e+09,
1.075745e+09,
1.978948e+08,
2.15149e+08,
2.15149e+08,
2.15149e+08,
2.15149e+08,
2.15149e+08,
3.957897e+07,
3.957897e+07,
3.957897e+07,
3.957897e+07,
3.957897e+07,
4.463579e+08,
3.506918e+08,
9.566605e+07,
7.013836e+07,
7.013836e+07,
7.013836e+07,
7.013836e+07,
7.013836e+07,
1.913321e+07,
1.913321e+07,
1.913321e+07,
1.913321e+07,
1.913321e+07,
3.111938e+08,
2.424226e+08,
6.877114e+07,
4.848452e+07,
4.848452e+07,
4.848452e+07,
4.848452e+07,
4.848452e+07,
1.375423e+07,
1.375423e+07,
1.375423e+07,
1.375423e+07,
1.375423e+07,
1.02613e+08,
8.982634e+07,
1.278665e+07,
1.796527e+07,
1.796527e+07,
1.796527e+07,
1.796527e+07,
1.796527e+07,
2557330,
2557330,
2557330,
2557330,
2557330,
4.249575e+07,
3.943702e+07,
3058731,
7887403,
7887403,
7887403,
7887403,
7887403,
611746.1,
611746.1,
611746.1,
611746.1,
611746.1,
6.874561e+08,
4.936137e+08,
1.938424e+08,
9.872274e+07,
9.872274e+07,
9.872274e+07,
9.872274e+07,
9.872274e+07,
3.876848e+07,
3.876848e+07,
3.876848e+07,
3.876848e+07,
3.876848e+07,
3.598853e+08,
2.688021e+08,
9.10831e+07,
5.376043e+07,
5.376043e+07,
5.376043e+07,
5.376043e+07,
5.376043e+07,
1.821662e+07,
1.821662e+07,
1.821662e+07,
1.821662e+07,
1.821662e+07,
0,
0,
0,
0,
0,
0,
0,
0,
0,
0,
0,
0,
0,
2060, 
4.35835e+07,
4.024033e+07,
3343165,
8048067,
8048067,
8048067,
8048067,
8048067,
668633,
668633,
668633,
668633,
668633,
3.860823e+08,
3.583943e+08,
2.768797e+07,
7.167886e+07,
7.167886e+07,
7.167886e+07,
7.167886e+07,
7.167886e+07,
5537595,
5537595,
5537595,
5537595,
5537595,
1.430864e+08,
1.375349e+08,
5551487,
2.750698e+07,
2.750698e+07,
2.750698e+07,
2.750698e+07,
2.750698e+07,
1110297,
1110297,
1110297,
1110297,
1110297,
1.068124e+08,
9.24311e+07,
1.438133e+07,
1.848622e+07,
1.848622e+07,
1.848622e+07,
1.848622e+07,
1.848622e+07,
2876266,
2876266,
2876266,
2876266,
2876266,
2.170076e+08,
2.014079e+08,
1.559971e+07,
4.028158e+07,
4.028158e+07,
4.028158e+07,
4.028158e+07,
4.028158e+07,
3119943,
3119943,
3119943,
3119943,
3119943,
2.436384e+08,
2.293297e+08,
1.430872e+07,
4.586593e+07,
4.586593e+07,
4.586593e+07,
4.586593e+07,
4.586593e+07,
2861745,
2861745,
2861745,
2861745,
2861745,
2.865547e+08,
2.397273e+08,
4.682739e+07,
4.794546e+07,
4.794546e+07,
4.794546e+07,
4.794546e+07,
4.794546e+07,
9365478,
9365478,
9365478,
9365478,
9365478,
1.096496e+09,
8.777853e+08,
2.187105e+08,
1.755571e+08,
1.755571e+08,
1.755571e+08,
1.755571e+08,
1.755571e+08,
4.37421e+07,
4.37421e+07,
4.37421e+07,
4.37421e+07,
4.37421e+07,
6.136945e+08,
4.088291e+08,
2.048653e+08,
8.176582e+07,
8.176582e+07,
8.176582e+07,
8.176582e+07,
8.176582e+07,
4.097307e+07,
4.097307e+07,
4.097307e+07,
4.097307e+07,
4.097307e+07,
6.900958e+07,
6.115769e+07,
7851892,
1.223154e+07,
1.223154e+07,
1.223154e+07,
1.223154e+07,
1.223154e+07,
1570378,
1570378,
1570378,
1570378,
1570378,
4.384929e+08,
4.070399e+08,
3.1453e+07,
8.140798e+07,
8.140798e+07,
8.140798e+07,
8.140798e+07,
8.140798e+07,
6290601,
6290601,
6290601,
6290601,
6290601,
1.045429e+08,
9.182134e+07,
1.272155e+07,
1.836427e+07,
1.836427e+07,
1.836427e+07,
1.836427e+07,
1.836427e+07,
2544311,
2544311,
2544311,
2544311,
2544311,
9.574874e+07,
8.498662e+07,
1.076212e+07,
1.699732e+07,
1.699732e+07,
1.699732e+07,
1.699732e+07,
1.699732e+07,
2152424,
2152424,
2152424,
2152424,
2152424,
4.45205e+07,
3.944627e+07,
5074229,
7889254,
7889254,
7889254,
7889254,
7889254,
1014846,
1014846,
1014846,
1014846,
1014846,
9.964253e+07,
7.93733e+07,
2.026922e+07,
1.587466e+07,
1.587466e+07,
1.587466e+07,
1.587466e+07,
1.587466e+07,
4053845,
4053845,
4053845,
4053845,
4053845,
1.540374e+08,
1.387528e+08,
1.528453e+07,
2.775057e+07,
2.775057e+07,
2.775057e+07,
2.775057e+07,
2.775057e+07,
3056906,
3056906,
3056906,
3056906,
3056906,
3.816854e+08,
3.38982e+08,
4.27033e+07,
6.779641e+07,
6.779641e+07,
6.779641e+07,
6.779641e+07,
6.779641e+07,
8540660,
8540660,
8540660,
8540660,
8540660,
1.534834e+09,
1.134783e+09,
4.000509e+08,
2.269566e+08,
2.269566e+08,
2.269566e+08,
2.269566e+08,
2.269566e+08,
8.001018e+07,
8.001018e+07,
8.001018e+07,
8.001018e+07,
8.001018e+07,
6.823966e+07,
6.266527e+07,
5574395,
1.253305e+07,
1.253305e+07,
1.253305e+07,
1.253305e+07,
1.253305e+07,
1114879,
1114879,
1114879,
1114879,
1114879,
1.263621e+09,
1.072465e+09,
1.911554e+08,
2.144931e+08,
2.144931e+08,
2.144931e+08,
2.144931e+08,
2.144931e+08,
3.823108e+07,
3.823108e+07,
3.823108e+07,
3.823108e+07,
3.823108e+07,
4.455342e+08,
3.525006e+08,
9.303357e+07,
7.050013e+07,
7.050013e+07,
7.050013e+07,
7.050013e+07,
7.050013e+07,
1.860671e+07,
1.860671e+07,
1.860671e+07,
1.860671e+07,
1.860671e+07,
3.105169e+08,
2.433254e+08,
6.719151e+07,
4.866508e+07,
4.866508e+07,
4.866508e+07,
4.866508e+07,
4.866508e+07,
1.34383e+07,
1.34383e+07,
1.34383e+07,
1.34383e+07,
1.34383e+07,
1.020539e+08,
8.957828e+07,
1.247558e+07,
1.791566e+07,
1.791566e+07,
1.791566e+07,
1.791566e+07,
1.791566e+07,
2495117,
2495117,
2495117,
2495117,
2495117,
4.264668e+07,
3.963511e+07,
3011575,
7927022,
7927022,
7927022,
7927022,
7927022,
602315,
602315,
602315,
602315,
602315,
6.895295e+08,
4.997678e+08,
1.897617e+08,
9.995355e+07,
9.995355e+07,
9.995355e+07,
9.995355e+07,
9.995355e+07,
3.795235e+07,
3.795235e+07,
3.795235e+07,
3.795235e+07,
3.795235e+07,
3.629503e+08,
2.733529e+08,
8.959742e+07,
5.467057e+07,
5.467057e+07,
5.467057e+07,
5.467057e+07,
5.467057e+07,
1.791948e+07,
1.791948e+07,
1.791948e+07,
1.791948e+07,
1.791948e+07,
0,
0,
0,
0,
0,
0,
0,
0,
0,
0,
0,
0,
0,
2061, 
4.365663e+07,
4.036479e+07,
3291841,
8072959,
8072959,
8072959,
8072959,
8072959,
658368.1,
658368.1,
658368.1,
658368.1,
658368.1,
3.867126e+08,
3.594666e+08,
2.724603e+07,
7.189333e+07,
7.189333e+07,
7.189333e+07,
7.189333e+07,
7.189333e+07,
5449206,
5449206,
5449206,
5449206,
5449206,
1.428273e+08,
1.374392e+08,
5388139,
2.748783e+07,
2.748783e+07,
2.748783e+07,
2.748783e+07,
2.748783e+07,
1077628,
1077628,
1077628,
1077628,
1077628,
1.06558e+08,
9.246449e+07,
1.40935e+07,
1.84929e+07,
1.84929e+07,
1.84929e+07,
1.84929e+07,
1.84929e+07,
2818699,
2818699,
2818699,
2818699,
2818699,
2.160517e+08,
2.006342e+08,
1.541757e+07,
4.012683e+07,
4.012683e+07,
4.012683e+07,
4.012683e+07,
4.012683e+07,
3083513,
3083513,
3083513,
3083513,
3083513,
2.430783e+08,
2.290298e+08,
1.404849e+07,
4.580596e+07,
4.580596e+07,
4.580596e+07,
4.580596e+07,
4.580596e+07,
2809699,
2809699,
2809699,
2809699,
2809699,
2.869164e+08,
2.408966e+08,
4.601981e+07,
4.817932e+07,
4.817932e+07,
4.817932e+07,
4.817932e+07,
4.817932e+07,
9203962,
9203962,
9203962,
9203962,
9203962,
1.105476e+09,
8.895295e+08,
2.159465e+08,
1.779059e+08,
1.779059e+08,
1.779059e+08,
1.779059e+08,
1.779059e+08,
4.31893e+07,
4.31893e+07,
4.31893e+07,
4.31893e+07,
4.31893e+07,
6.170414e+08,
4.153841e+08,
2.016573e+08,
8.307682e+07,
8.307682e+07,
8.307682e+07,
8.307682e+07,
8.307682e+07,
4.033146e+07,
4.033146e+07,
4.033146e+07,
4.033146e+07,
4.033146e+07,
6.886821e+07,
6.122606e+07,
7642155,
1.224521e+07,
1.224521e+07,
1.224521e+07,
1.224521e+07,
1.224521e+07,
1528431,
1528431,
1528431,
1528431,
1528431,
4.382123e+08,
4.073271e+08,
3.088519e+07,
8.146542e+07,
8.146542e+07,
8.146542e+07,
8.146542e+07,
8.146542e+07,
6177039,
6177039,
6177039,
6177039,
6177039,
1.04013e+08,
9.163546e+07,
1.237754e+07,
1.832709e+07,
1.832709e+07,
1.832709e+07,
1.832709e+07,
1.832709e+07,
2475508,
2475508,
2475508,
2475508,
2475508,
9.55619e+07,
8.499563e+07,
1.056626e+07,
1.699913e+07,
1.699913e+07,
1.699913e+07,
1.699913e+07,
1.699913e+07,
2113252,
2113252,
2113252,
2113252,
2113252,
4.429156e+07,
3.932347e+07,
4968101,
7864694,
7864694,
7864694,
7864694,
7864694,
993620.2,
993620.2,
993620.2,
993620.2,
993620.2,
9.963726e+07,
7.981554e+07,
1.982172e+07,
1.596311e+07,
1.596311e+07,
1.596311e+07,
1.596311e+07,
1.596311e+07,
3964343,
3964343,
3964343,
3964343,
3964343,
1.536595e+08,
1.386137e+08,
1.504583e+07,
2.772274e+07,
2.772274e+07,
2.772274e+07,
2.772274e+07,
2.772274e+07,
3009166,
3009166,
3009166,
3009166,
3009166,
3.82258e+08,
3.40225e+08,
4.203308e+07,
6.804499e+07,
6.804499e+07,
6.804499e+07,
6.804499e+07,
6.804499e+07,
8406616,
8406616,
8406616,
8406616,
8406616,
1.52949e+09,
1.139567e+09,
3.899233e+08,
2.279133e+08,
2.279133e+08,
2.279133e+08,
2.279133e+08,
2.279133e+08,
7.798466e+07,
7.798466e+07,
7.798466e+07,
7.798466e+07,
7.798466e+07,
6.766729e+07,
6.227026e+07,
5397029,
1.245405e+07,
1.245405e+07,
1.245405e+07,
1.245405e+07,
1.245405e+07,
1079406,
1079406,
1079406,
1079406,
1079406,
1.252819e+09,
1.06721e+09,
1.856091e+08,
2.134419e+08,
2.134419e+08,
2.134419e+08,
2.134419e+08,
2.134419e+08,
3.712182e+07,
3.712182e+07,
3.712182e+07,
3.712182e+07,
3.712182e+07,
4.442631e+08,
3.534588e+08,
9.080425e+07,
7.069176e+07,
7.069176e+07,
7.069176e+07,
7.069176e+07,
7.069176e+07,
1.816085e+07,
1.816085e+07,
1.816085e+07,
1.816085e+07,
1.816085e+07,
3.094941e+08,
2.436798e+08,
6.581434e+07,
4.873596e+07,
4.873596e+07,
4.873596e+07,
4.873596e+07,
4.873596e+07,
1.316287e+07,
1.316287e+07,
1.316287e+07,
1.316287e+07,
1.316287e+07,
1.014571e+08,
8.924642e+07,
1.221069e+07,
1.784928e+07,
1.784928e+07,
1.784928e+07,
1.784928e+07,
1.784928e+07,
2442138,
2442138,
2442138,
2442138,
2442138,
4.276378e+07,
3.979223e+07,
2971545,
7958446,
7958446,
7958446,
7958446,
7958446,
594308.9,
594308.9,
594308.9,
594308.9,
594308.9,
6.907286e+08,
5.044659e+08,
1.862628e+08,
1.008932e+08,
1.008932e+08,
1.008932e+08,
1.008932e+08,
1.008932e+08,
3.725256e+07,
3.725256e+07,
3.725256e+07,
3.725256e+07,
3.725256e+07,
3.654698e+08,
2.771205e+08,
8.834924e+07,
5.542411e+07,
5.542411e+07,
5.542411e+07,
5.542411e+07,
5.542411e+07,
1.766985e+07,
1.766985e+07,
1.766985e+07,
1.766985e+07,
1.766985e+07,
0,
0,
0,
0,
0,
0,
0,
0,
0,
0,
0,
0,
0,
2062, 
4.372977e+07,
4.048944e+07,
3240326,
8097888,
8097888,
8097888,
8097888,
8097888,
648065.1,
648065.1,
648065.1,
648065.1,
648065.1,
3.873429e+08,
3.605405e+08,
2.680249e+07,
7.21081e+07,
7.21081e+07,
7.21081e+07,
7.21081e+07,
7.21081e+07,
5360499,
5360499,
5360499,
5360499,
5360499,
1.425682e+08,
1.373428e+08,
5225346,
2.746857e+07,
2.746857e+07,
2.746857e+07,
2.746857e+07,
2.746857e+07,
1045069,
1045069,
1045069,
1045069,
1045069,
1.063036e+08,
9.249667e+07,
1.380688e+07,
1.849933e+07,
1.849933e+07,
1.849933e+07,
1.849933e+07,
1.849933e+07,
2761376,
2761376,
2761376,
2761376,
2761376,
2.150959e+08,
1.998594e+08,
1.523642e+07,
3.997189e+07,
3.997189e+07,
3.997189e+07,
3.997189e+07,
3.997189e+07,
3047284,
3047284,
3047284,
3047284,
3047284,
2.425182e+08,
2.287289e+08,
1.378931e+07,
4.574578e+07,
4.574578e+07,
4.574578e+07,
4.574578e+07,
4.574578e+07,
2757862,
2757862,
2757862,
2757862,
2757862,
2.872781e+08,
2.420681e+08,
4.521004e+07,
4.841362e+07,
4.841362e+07,
4.841362e+07,
4.841362e+07,
4.841362e+07,
9042009,
9042009,
9042009,
9042009,
9042009,
1.114456e+09,
9.013475e+08,
2.131085e+08,
1.802695e+08,
1.802695e+08,
1.802695e+08,
1.802695e+08,
1.802695e+08,
4.26217e+07,
4.26217e+07,
4.26217e+07,
4.26217e+07,
4.26217e+07,
6.203884e+08,
4.21986e+08,
1.984024e+08,
8.43972e+07,
8.43972e+07,
8.43972e+07,
8.43972e+07,
8.43972e+07,
3.968047e+07,
3.968047e+07,
3.968047e+07,
3.968047e+07,
3.968047e+07,
6.872684e+07,
6.129362e+07,
7433213,
1.225873e+07,
1.225873e+07,
1.225873e+07,
1.225873e+07,
1.225873e+07,
1486643,
1486643,
1486643,
1486643,
1486643,
4.379316e+08,
4.076135e+08,
3.031809e+07,
8.15227e+07,
8.15227e+07,
8.15227e+07,
8.15227e+07,
8.15227e+07,
6063618,
6063618,
6063618,
6063618,
6063618,
1.034831e+08,
9.144674e+07,
1.203637e+07,
1.828935e+07,
1.828935e+07,
1.828935e+07,
1.828935e+07,
1.828935e+07,
2407275,
2407275,
2407275,
2407275,
2407275,
9.537506e+07,
8.500397e+07,
1.037109e+07,
1.700079e+07,
1.700079e+07,
1.700079e+07,
1.700079e+07,
1.700079e+07,
2074217,
2074217,
2074217,
2074217,
2074217,
4.406263e+07,
3.919983e+07,
4862801,
7839967,
7839967,
7839967,
7839967,
7839967,
972560.1,
972560.1,
972560.1,
972560.1,
972560.1,
9.9632e+07,
8.025774e+07,
1.937426e+07,
1.605155e+07,
1.605155e+07,
1.605155e+07,
1.605155e+07,
1.605155e+07,
3874851,
3874851,
3874851,
3874851,
3874851,
1.532816e+08,
1.384735e+08,
1.480812e+07,
2.76947e+07,
2.76947e+07,
2.76947e+07,
2.76947e+07,
2.76947e+07,
2961624,
2961624,
2961624,
2961624,
2961624,
3.828308e+08,
3.414701e+08,
4.136066e+07,
6.829402e+07,
6.829402e+07,
6.829402e+07,
6.829402e+07,
6.829402e+07,
8272133,
8272133,
8272133,
8272133,
8272133,
1.524146e+09,
1.144289e+09,
3.798568e+08,
2.288578e+08,
2.288578e+08,
2.288578e+08,
2.288578e+08,
2.288578e+08,
7.597136e+07,
7.597136e+07,
7.597136e+07,
7.597136e+07,
7.597136e+07,
6.709491e+07,
6.187304e+07,
5221873,
1.237461e+07,
1.237461e+07,
1.237461e+07,
1.237461e+07,
1.237461e+07,
1044375,
1044375,
1044375,
1044375,
1044375,
1.242017e+09,
1.061886e+09,
1.801303e+08,
2.123773e+08,
2.123773e+08,
2.123773e+08,
2.123773e+08,
2.123773e+08,
3.602605e+07,
3.602605e+07,
3.602605e+07,
3.602605e+07,
3.602605e+07,
4.429919e+08,
3.544058e+08,
8.858616e+07,
7.088116e+07,
7.088116e+07,
7.088116e+07,
7.088116e+07,
7.088116e+07,
1.771723e+07,
1.771723e+07,
1.771723e+07,
1.771723e+07,
1.771723e+07,
3.084713e+08,
2.440265e+08,
6.44448e+07,
4.88053e+07,
4.88053e+07,
4.88053e+07,
4.88053e+07,
4.88053e+07,
1.288896e+07,
1.288896e+07,
1.288896e+07,
1.288896e+07,
1.288896e+07,
1.008604e+08,
8.89123e+07,
1.194806e+07,
1.778246e+07,
1.778246e+07,
1.778246e+07,
1.778246e+07,
1.778246e+07,
2389611,
2389611,
2389611,
2389611,
2389611,
4.288087e+07,
3.994962e+07,
2931251,
7989923,
7989923,
7989923,
7989923,
7989923,
586250.1,
586250.1,
586250.1,
586250.1,
586250.1,
6.919278e+08,
5.091772e+08,
1.827505e+08,
1.018354e+08,
1.018354e+08,
1.018354e+08,
1.018354e+08,
1.018354e+08,
3.655011e+07,
3.655011e+07,
3.655011e+07,
3.655011e+07,
3.655011e+07,
3.679893e+08,
2.80914e+08,
8.707529e+07,
5.61828e+07,
5.61828e+07,
5.61828e+07,
5.61828e+07,
5.61828e+07,
1.741506e+07,
1.741506e+07,
1.741506e+07,
1.741506e+07,
1.741506e+07,
0,
0,
0,
0,
0,
0,
0,
0,
0,
0,
0,
0,
0,
2063, 
4.38029e+07,
4.061428e+07,
3188619,
8122856,
8122856,
8122856,
8122856,
8122856,
637723.9,
637723.9,
637723.9,
637723.9,
637723.9,
3.879733e+08,
3.616159e+08,
2.635738e+07,
7.232318e+07,
7.232318e+07,
7.232318e+07,
7.232318e+07,
7.232318e+07,
5271475,
5271475,
5271475,
5271475,
5271475,
1.423091e+08,
1.37246e+08,
5063111,
2.74492e+07,
2.74492e+07,
2.74492e+07,
2.74492e+07,
2.74492e+07,
1012622,
1012622,
1012622,
1012622,
1012622,
1.060491e+08,
9.252764e+07,
1.352147e+07,
1.850553e+07,
1.850553e+07,
1.850553e+07,
1.850553e+07,
1.850553e+07,
2704294,
2704294,
2704294,
2704294,
2704294,
2.1414e+08,
1.990837e+08,
1.505628e+07,
3.981674e+07,
3.981674e+07,
3.981674e+07,
3.981674e+07,
3.981674e+07,
3011257,
3011257,
3011257,
3011257,
3011257,
2.419582e+08,
2.28427e+08,
1.353118e+07,
4.56854e+07,
4.56854e+07,
4.56854e+07,
4.56854e+07,
4.56854e+07,
2706235,
2706235,
2706235,
2706235,
2706235,
2.876399e+08,
2.432418e+08,
4.43981e+07,
4.864835e+07,
4.864835e+07,
4.864835e+07,
4.864835e+07,
4.864835e+07,
8879619,
8879619,
8879619,
8879619,
8879619,
1.123436e+09,
9.132397e+08,
2.101965e+08,
1.82648e+08,
1.82648e+08,
1.82648e+08,
1.82648e+08,
1.82648e+08,
4.20393e+07,
4.20393e+07,
4.20393e+07,
4.20393e+07,
4.20393e+07,
6.237353e+08,
4.286348e+08,
1.951005e+08,
8.572696e+07,
8.572696e+07,
8.572696e+07,
8.572696e+07,
8.572696e+07,
3.90201e+07,
3.90201e+07,
3.90201e+07,
3.90201e+07,
3.90201e+07,
6.858546e+07,
6.13604e+07,
7225065,
1.227208e+07,
1.227208e+07,
1.227208e+07,
1.227208e+07,
1.227208e+07,
1445013,
1445013,
1445013,
1445013,
1445013,
4.376509e+08,
4.078993e+08,
2.975168e+07,
8.157986e+07,
8.157986e+07,
8.157986e+07,
8.157986e+07,
8.157986e+07,
5950336,
5950336,
5950336,
5950336,
5950336,
1.029532e+08,
9.125518e+07,
1.169806e+07,
1.825104e+07,
1.825104e+07,
1.825104e+07,
1.825104e+07,
1.825104e+07,
2339612,
2339612,
2339612,
2339612,
2339612,
9.51882e+07,
8.501161e+07,
1.017659e+07,
1.700232e+07,
1.700232e+07,
1.700232e+07,
1.700232e+07,
1.700232e+07,
2035319,
2035319,
2035319,
2035319,
2035319,
4.38337e+07,
3.907537e+07,
4758327,
7815075,
7815075,
7815075,
7815075,
7815075,
951665.4,
951665.4,
951665.4,
951665.4,
951665.4,
9.962673e+07,
8.069989e+07,
1.892684e+07,
1.613998e+07,
1.613998e+07,
1.613998e+07,
1.613998e+07,
1.613998e+07,
3785369,
3785369,
3785369,
3785369,
3785369,
1.529038e+08,
1.383324e+08,
1.45714e+07,
2.766647e+07,
2.766647e+07,
2.766647e+07,
2.766647e+07,
2.766647e+07,
2914281,
2914281,
2914281,
2914281,
2914281,
3.834035e+08,
3.427174e+08,
4.068605e+07,
6.854349e+07,
6.854349e+07,
6.854349e+07,
6.854349e+07,
6.854349e+07,
8137211,
8137211,
8137211,
8137211,
8137211,
1.518802e+09,
1.14895e+09,
3.698514e+08,
2.2979e+08,
2.2979e+08,
2.2979e+08,
2.2979e+08,
2.2979e+08,
7.397027e+07,
7.397027e+07,
7.397027e+07,
7.397027e+07,
7.397027e+07,
6.652254e+07,
6.147361e+07,
5048927,
1.229472e+07,
1.229472e+07,
1.229472e+07,
1.229472e+07,
1.229472e+07,
1009785,
1009785,
1009785,
1009785,
1009785,
1.231215e+09,
1.056496e+09,
1.747188e+08,
2.112992e+08,
2.112992e+08,
2.112992e+08,
2.112992e+08,
2.112992e+08,
3.494377e+07,
3.494377e+07,
3.494377e+07,
3.494377e+07,
3.494377e+07,
4.417208e+08,
3.553415e+08,
8.637932e+07,
7.10683e+07,
7.10683e+07,
7.10683e+07,
7.10683e+07,
7.10683e+07,
1.727586e+07,
1.727586e+07,
1.727586e+07,
1.727586e+07,
1.727586e+07,
3.074485e+08,
2.443656e+08,
6.308291e+07,
4.887313e+07,
4.887313e+07,
4.887313e+07,
4.887313e+07,
4.887313e+07,
1.261658e+07,
1.261658e+07,
1.261658e+07,
1.261658e+07,
1.261658e+07,
1.002636e+08,
8.857594e+07,
1.168768e+07,
1.771519e+07,
1.771519e+07,
1.771519e+07,
1.771519e+07,
1.771519e+07,
2337536,
2337536,
2337536,
2337536,
2337536,
4.299796e+07,
4.010727e+07,
2890692,
8021455,
8021455,
8021455,
8021455,
8021455,
578138.3,
578138.3,
578138.3,
578138.3,
578138.3,
6.931269e+08,
5.139019e+08,
1.79225e+08,
1.027804e+08,
1.027804e+08,
1.027804e+08,
1.027804e+08,
1.027804e+08,
3.5845e+07,
3.5845e+07,
3.5845e+07,
3.5845e+07,
3.5845e+07,
3.705088e+08,
2.847333e+08,
8.577554e+07,
5.694666e+07,
5.694666e+07,
5.694666e+07,
5.694666e+07,
5.694666e+07,
1.715511e+07,
1.715511e+07,
1.715511e+07,
1.715511e+07,
1.715511e+07,
0,
0,
0,
0,
0,
0,
0,
0,
0,
0,
0,
0,
0,
2064, 
4.387603e+07,
4.073931e+07,
3136723,
8147863,
8147863,
8147863,
8147863,
8147863,
627344.6,
627344.6,
627344.6,
627344.6,
627344.6,
3.886036e+08,
3.62693e+08,
2.591067e+07,
7.253859e+07,
7.253859e+07,
7.253859e+07,
7.253859e+07,
7.253859e+07,
5182134,
5182134,
5182134,
5182134,
5182134,
1.4205e+08,
1.371486e+08,
4901431,
2.742971e+07,
2.742971e+07,
2.742971e+07,
2.742971e+07,
2.742971e+07,
980286.2,
980286.2,
980286.2,
980286.2,
980286.2,
1.057947e+08,
9.255741e+07,
1.323727e+07,
1.851148e+07,
1.851148e+07,
1.851148e+07,
1.851148e+07,
1.851148e+07,
2647454,
2647454,
2647454,
2647454,
2647454,
2.131841e+08,
1.98307e+08,
1.487715e+07,
3.96614e+07,
3.96614e+07,
3.96614e+07,
3.96614e+07,
3.96614e+07,
2975429,
2975429,
2975429,
2975429,
2975429,
2.413981e+08,
2.28124e+08,
1.327409e+07,
4.56248e+07,
4.56248e+07,
4.56248e+07,
4.56248e+07,
4.56248e+07,
2654818,
2654818,
2654818,
2654818,
2654818,
2.880016e+08,
2.444176e+08,
4.358396e+07,
4.888352e+07,
4.888352e+07,
4.888352e+07,
4.888352e+07,
4.888352e+07,
8716792,
8716792,
8716792,
8716792,
8716792,
1.132416e+09,
9.252059e+08,
2.072105e+08,
1.850412e+08,
1.850412e+08,
1.850412e+08,
1.850412e+08,
1.850412e+08,
4.14421e+07,
4.14421e+07,
4.14421e+07,
4.14421e+07,
4.14421e+07,
6.270823e+08,
4.353306e+08,
1.917517e+08,
8.706611e+07,
8.706611e+07,
8.706611e+07,
8.706611e+07,
8.706611e+07,
3.835035e+07,
3.835035e+07,
3.835035e+07,
3.835035e+07,
3.835035e+07,
6.844409e+07,
6.142638e+07,
7017713,
1.228528e+07,
1.228528e+07,
1.228528e+07,
1.228528e+07,
1.228528e+07,
1403543,
1403543,
1403543,
1403543,
1403543,
4.373703e+08,
4.081843e+08,
2.918598e+07,
8.163686e+07,
8.163686e+07,
8.163686e+07,
8.163686e+07,
8.163686e+07,
5837196,
5837196,
5837196,
5837196,
5837196,
1.024233e+08,
9.106075e+07,
1.136259e+07,
1.821215e+07,
1.821215e+07,
1.821215e+07,
1.821215e+07,
1.821215e+07,
2272518,
2272518,
2272518,
2272518,
2272518,
9.500136e+07,
8.501857e+07,
9982787,
1.700371e+07,
1.700371e+07,
1.700371e+07,
1.700371e+07,
1.700371e+07,
1996557,
1996557,
1996557,
1996557,
1996557,
4.360477e+07,
3.895008e+07,
4654681,
7790017,
7790017,
7790017,
7790017,
7790017,
930936.2,
930936.2,
930936.2,
930936.2,
930936.2,
9.962146e+07,
8.114199e+07,
1.847948e+07,
1.62284e+07,
1.62284e+07,
1.62284e+07,
1.62284e+07,
1.62284e+07,
3695895,
3695895,
3695895,
3695895,
3695895,
1.525259e+08,
1.381903e+08,
1.433567e+07,
2.763805e+07,
2.763805e+07,
2.763805e+07,
2.763805e+07,
2.763805e+07,
2867135,
2867135,
2867135,
2867135,
2867135,
3.839762e+08,
3.439669e+08,
4.000924e+07,
6.879338e+07,
6.879338e+07,
6.879338e+07,
6.879338e+07,
6.879338e+07,
8001847,
8001847,
8001847,
8001847,
8001847,
1.513458e+09,
1.153551e+09,
3.599069e+08,
2.307101e+08,
2.307101e+08,
2.307101e+08,
2.307101e+08,
2.307101e+08,
7.198138e+07,
7.198138e+07,
7.198138e+07,
7.198138e+07,
7.198138e+07,
6.595016e+07,
6.107197e+07,
4878190,
1.221439e+07,
1.221439e+07,
1.221439e+07,
1.221439e+07,
1.221439e+07,
975637.9,
975637.9,
975637.9,
975637.9,
975637.9,
1.220413e+09,
1.051038e+09,
1.693749e+08,
2.102075e+08,
2.102075e+08,
2.102075e+08,
2.102075e+08,
2.102075e+08,
3.387499e+07,
3.387499e+07,
3.387499e+07,
3.387499e+07,
3.387499e+07,
4.404497e+08,
3.56266e+08,
8.41837e+07,
7.12532e+07,
7.12532e+07,
7.12532e+07,
7.12532e+07,
7.12532e+07,
1.683674e+07,
1.683674e+07,
1.683674e+07,
1.683674e+07,
1.683674e+07,
3.064258e+08,
2.446971e+08,
6.172865e+07,
4.893942e+07,
4.893942e+07,
4.893942e+07,
4.893942e+07,
4.893942e+07,
1.234573e+07,
1.234573e+07,
1.234573e+07,
1.234573e+07,
1.234573e+07,
9.966688e+07,
8.823732e+07,
1.142956e+07,
1.764746e+07,
1.764746e+07,
1.764746e+07,
1.764746e+07,
1.764746e+07,
2285912,
2285912,
2285912,
2285912,
2285912,
4.311506e+07,
4.026519e+07,
2849868,
8053038,
8053038,
8053038,
8053038,
8053038,
569973.6,
569973.6,
569973.6,
569973.6,
569973.6,
6.943261e+08,
5.186398e+08,
1.756862e+08,
1.03728e+08,
1.03728e+08,
1.03728e+08,
1.03728e+08,
1.03728e+08,
3.513724e+07,
3.513724e+07,
3.513724e+07,
3.513724e+07,
3.513724e+07,
3.730283e+08,
2.885783e+08,
8.445002e+07,
5.771566e+07,
5.771566e+07,
5.771566e+07,
5.771566e+07,
5.771566e+07,
1.689e+07,
1.689e+07,
1.689e+07,
1.689e+07,
1.689e+07,
0,
0,
0,
0,
0,
0,
0,
0,
0,
0,
0,
0,
0,
2065, 
4.394916e+07,
4.086453e+07,
3084635,
8172906,
8172906,
8172906,
8172906,
8172906,
616927.1,
616927.1,
616927.1,
616927.1,
616927.1,
3.892339e+08,
3.637716e+08,
2.546237e+07,
7.275431e+07,
7.275431e+07,
7.275431e+07,
7.275431e+07,
7.275431e+07,
5092473,
5092473,
5092473,
5092473,
5092473,
1.417909e+08,
1.370506e+08,
4740308,
2.741012e+07,
2.741012e+07,
2.741012e+07,
2.741012e+07,
2.741012e+07,
948061.6,
948061.6,
948061.6,
948061.6,
948061.6,
1.055402e+08,
9.258595e+07,
1.295428e+07,
1.851719e+07,
1.851719e+07,
1.851719e+07,
1.851719e+07,
1.851719e+07,
2590857,
2590857,
2590857,
2590857,
2590857,
2.122282e+08,
1.975292e+08,
1.469901e+07,
3.950584e+07,
3.950584e+07,
3.950584e+07,
3.950584e+07,
3.950584e+07,
2939803,
2939803,
2939803,
2939803,
2939803,
2.40838e+08,
2.2782e+08,
1.301805e+07,
4.556399e+07,
4.556399e+07,
4.556399e+07,
4.556399e+07,
4.556399e+07,
2603610,
2603610,
2603610,
2603610,
2603610,
2.883633e+08,
2.455957e+08,
4.276764e+07,
4.911914e+07,
4.911914e+07,
4.911914e+07,
4.911914e+07,
4.911914e+07,
8553527,
8553527,
8553527,
8553527,
8553527,
1.141397e+09,
9.37246e+08,
2.041505e+08,
1.874492e+08,
1.874492e+08,
1.874492e+08,
1.874492e+08,
1.874492e+08,
4.08301e+07,
4.08301e+07,
4.08301e+07,
4.08301e+07,
4.08301e+07,
6.304292e+08,
4.420732e+08,
1.88356e+08,
8.841464e+07,
8.841464e+07,
8.841464e+07,
8.841464e+07,
8.841464e+07,
3.76712e+07,
3.76712e+07,
3.76712e+07,
3.76712e+07,
3.76712e+07,
6.830272e+07,
6.149156e+07,
6811157,
1.229831e+07,
1.229831e+07,
1.229831e+07,
1.229831e+07,
1.229831e+07,
1362231,
1362231,
1362231,
1362231,
1362231,
4.370896e+08,
4.084687e+08,
2.862098e+07,
8.169374e+07,
8.169374e+07,
8.169374e+07,
8.169374e+07,
8.169374e+07,
5724195,
5724195,
5724195,
5724195,
5724195,
1.018935e+08,
9.086349e+07,
1.102997e+07,
1.81727e+07,
1.81727e+07,
1.81727e+07,
1.81727e+07,
1.81727e+07,
2205993,
2205993,
2205993,
2205993,
2205993,
9.481451e+07,
8.502485e+07,
9789663,
1.700497e+07,
1.700497e+07,
1.700497e+07,
1.700497e+07,
1.700497e+07,
1957933,
1957933,
1957933,
1957933,
1957933,
4.337583e+07,
3.882397e+07,
4551863,
7764795,
7764795,
7764795,
7764795,
7764795,
910372.5,
910372.5,
910372.5,
910372.5,
910372.5,
9.96162e+07,
8.158405e+07,
1.803216e+07,
1.631681e+07,
1.631681e+07,
1.631681e+07,
1.631681e+07,
1.631681e+07,
3606431,
3606431,
3606431,
3606431,
3606431,
1.521481e+08,
1.380471e+08,
1.410093e+07,
2.760942e+07,
2.760942e+07,
2.760942e+07,
2.760942e+07,
2.760942e+07,
2820187,
2820187,
2820187,
2820187,
2820187,
3.845489e+08,
3.452186e+08,
3.933022e+07,
6.904373e+07,
6.904373e+07,
6.904373e+07,
6.904373e+07,
6.904373e+07,
7866043,
7866043,
7866043,
7866043,
7866043,
1.508113e+09,
1.15809e+09,
3.500235e+08,
2.31618e+08,
2.31618e+08,
2.31618e+08,
2.31618e+08,
2.31618e+08,
7.00047e+07,
7.00047e+07,
7.00047e+07,
7.00047e+07,
7.00047e+07,
6.537778e+07,
6.066812e+07,
4709662,
1.213363e+07,
1.213363e+07,
1.213363e+07,
1.213363e+07,
1.213363e+07,
941932.4,
941932.4,
941932.4,
941932.4,
941932.4,
1.20961e+09,
1.045512e+09,
1.640984e+08,
2.091024e+08,
2.091024e+08,
2.091024e+08,
2.091024e+08,
2.091024e+08,
3.281969e+07,
3.281969e+07,
3.281969e+07,
3.281969e+07,
3.281969e+07,
4.391786e+08,
3.571792e+08,
8.199933e+07,
7.143585e+07,
7.143585e+07,
7.143585e+07,
7.143585e+07,
7.143585e+07,
1.639987e+07,
1.639987e+07,
1.639987e+07,
1.639987e+07,
1.639987e+07,
3.054029e+08,
2.450209e+08,
6.038204e+07,
4.900418e+07,
4.900418e+07,
4.900418e+07,
4.900418e+07,
4.900418e+07,
1.207641e+07,
1.207641e+07,
1.207641e+07,
1.207641e+07,
1.207641e+07,
9.907013e+07,
8.789643e+07,
1.11737e+07,
1.757929e+07,
1.757929e+07,
1.757929e+07,
1.757929e+07,
1.757929e+07,
2234740,
2234740,
2234740,
2234740,
2234740,
4.323215e+07,
4.042337e+07,
2808780,
8084674,
8084674,
8084674,
8084674,
8084674,
561756.1,
561756.1,
561756.1,
561756.1,
561756.1,
6.955251e+08,
5.233911e+08,
1.721341e+08,
1.046782e+08,
1.046782e+08,
1.046782e+08,
1.046782e+08,
1.046782e+08,
3.442681e+07,
3.442681e+07,
3.442681e+07,
3.442681e+07,
3.442681e+07,
3.755478e+08,
2.924491e+08,
8.309871e+07,
5.848982e+07,
5.848982e+07,
5.848982e+07,
5.848982e+07,
5.848982e+07,
1.661974e+07,
1.661974e+07,
1.661974e+07,
1.661974e+07,
1.661974e+07,
0,
0,
0,
0,
0,
0,
0,
0,
0,
0,
0,
0,
0,
2066, 
4.401036e+07,
4.097883e+07,
3031535,
8195766,
8195766,
8195766,
8195766,
8195766,
606307,
606307,
606307,
606307,
606307,
3.897947e+08,
3.647866e+08,
2.500802e+07,
7.295733e+07,
7.295733e+07,
7.295733e+07,
7.295733e+07,
7.295733e+07,
5001604,
5001604,
5001604,
5001604,
5001604,
1.414348e+08,
1.368582e+08,
4576602,
2.737164e+07,
2.737164e+07,
2.737164e+07,
2.737164e+07,
2.737164e+07,
915320.4,
915320.4,
915320.4,
915320.4,
915320.4,
1.052041e+08,
9.254145e+07,
1.266268e+07,
1.850829e+07,
1.850829e+07,
1.850829e+07,
1.850829e+07,
1.850829e+07,
2532535,
2532535,
2532535,
2532535,
2532535,
2.110943e+08,
1.965847e+08,
1.450964e+07,
3.931693e+07,
3.931693e+07,
3.931693e+07,
3.931693e+07,
3.931693e+07,
2901929,
2901929,
2901929,
2901929,
2901929,
2.400843e+08,
2.273316e+08,
1.275277e+07,
4.546631e+07,
4.546631e+07,
4.546631e+07,
4.546631e+07,
4.546631e+07,
2550555,
2550555,
2550555,
2550555,
2550555,
2.883896e+08,
2.464892e+08,
4.19004e+07,
4.929784e+07,
4.929784e+07,
4.929784e+07,
4.929784e+07,
4.929784e+07,
8380079,
8380079,
8380079,
8380079,
8380079,
1.148974e+09,
9.482028e+08,
2.007714e+08,
1.896406e+08,
1.896406e+08,
1.896406e+08,
1.896406e+08,
1.896406e+08,
4.015429e+07,
4.015429e+07,
4.015429e+07,
4.015429e+07,
4.015429e+07,
6.329136e+08,
4.482519e+08,
1.846617e+08,
8.965038e+07,
8.965038e+07,
8.965038e+07,
8.965038e+07,
8.965038e+07,
3.693234e+07,
3.693234e+07,
3.693234e+07,
3.693234e+07,
3.693234e+07,
6.807994e+07,
6.148244e+07,
6597506,
1.229649e+07,
1.229649e+07,
1.229649e+07,
1.229649e+07,
1.229649e+07,
1319501,
1319501,
1319501,
1319501,
1319501,
4.366747e+08,
4.086267e+08,
2.804805e+07,
8.172533e+07,
8.172533e+07,
8.172533e+07,
8.172533e+07,
8.172533e+07,
5609610,
5609610,
5609610,
5609610,
5609610,
1.013281e+08,
9.063169e+07,
1.069645e+07,
1.812634e+07,
1.812634e+07,
1.812634e+07,
1.812634e+07,
1.812634e+07,
2139291,
2139291,
2139291,
2139291,
2139291,
9.45495e+07,
8.496021e+07,
9589295,
1.699204e+07,
1.699204e+07,
1.699204e+07,
1.699204e+07,
1.699204e+07,
1917859,
1917859,
1917859,
1917859,
1917859,
4.313704e+07,
3.868818e+07,
4448855,
7737636,
7737636,
7737636,
7737636,
7737636,
889770.9,
889770.9,
889770.9,
889770.9,
889770.9,
9.95276e+07,
8.195742e+07,
1.757017e+07,
1.639149e+07,
1.639149e+07,
1.639149e+07,
1.639149e+07,
1.639149e+07,
3514035,
3514035,
3514035,
3514035,
3514035,
1.51704e+08,
1.378428e+08,
1.386113e+07,
2.756857e+07,
2.756857e+07,
2.756857e+07,
2.756857e+07,
2.756857e+07,
2772227,
2772227,
2772227,
2772227,
2772227,
3.846111e+08,
3.460133e+08,
3.859778e+07,
6.920267e+07,
6.920267e+07,
6.920267e+07,
6.920267e+07,
6.920267e+07,
7719555,
7719555,
7719555,
7719555,
7719555,
1.501372e+09,
1.161487e+09,
3.398847e+08,
2.322973e+08,
2.322973e+08,
2.322973e+08,
2.322973e+08,
2.322973e+08,
6.797694e+07,
6.797694e+07,
6.797694e+07,
6.797694e+07,
6.797694e+07,
6.479297e+07,
6.02505e+07,
4542472,
1.20501e+07,
1.20501e+07,
1.20501e+07,
1.20501e+07,
1.20501e+07,
908494.4,
908494.4,
908494.4,
908494.4,
908494.4,
1.198551e+09,
1.039696e+09,
1.588553e+08,
2.079391e+08,
2.079391e+08,
2.079391e+08,
2.079391e+08,
2.079391e+08,
3.177107e+07,
3.177107e+07,
3.177107e+07,
3.177107e+07,
3.177107e+07,
4.375383e+08,
3.577794e+08,
7.97589e+07,
7.155587e+07,
7.155587e+07,
7.155587e+07,
7.155587e+07,
7.155587e+07,
1.595178e+07,
1.595178e+07,
1.595178e+07,
1.595178e+07,
1.595178e+07,
3.041088e+08,
2.451184e+08,
5.899043e+07,
4.902368e+07,
4.902368e+07,
4.902368e+07,
4.902368e+07,
4.902368e+07,
1.179809e+07,
1.179809e+07,
1.179809e+07,
1.179809e+07,
1.179809e+07,
9.840742e+07,
8.749465e+07,
1.091278e+07,
1.749893e+07,
1.749893e+07,
1.749893e+07,
1.749893e+07,
1.749893e+07,
2182556,
2182556,
2182556,
2182556,
2182556,
4.331938e+07,
4.055386e+07,
2765522,
8110773,
8110773,
8110773,
8110773,
8110773,
553104.3,
553104.3,
553104.3,
553104.3,
553104.3,
6.959341e+08,
5.275566e+08,
1.683775e+08,
1.055113e+08,
1.055113e+08,
1.055113e+08,
1.055113e+08,
1.055113e+08,
3.36755e+07,
3.36755e+07,
3.36755e+07,
3.36755e+07,
3.36755e+07,
3.77527e+08,
2.959222e+08,
8.160482e+07,
5.918444e+07,
5.918444e+07,
5.918444e+07,
5.918444e+07,
5.918444e+07,
1.632097e+07,
1.632097e+07,
1.632097e+07,
1.632097e+07,
1.632097e+07,
0,
0,
0,
0,
0,
0,
0,
0,
0,
0,
0,
0,
0,
2067, 
4.407156e+07,
4.109328e+07,
2978275,
8218657,
8218657,
8218657,
8218657,
8218657,
595654.9,
595654.9,
595654.9,
595654.9,
595654.9,
3.903554e+08,
3.658031e+08,
2.455226e+07,
7.316062e+07,
7.316062e+07,
7.316062e+07,
7.316062e+07,
7.316062e+07,
4910451,
4910451,
4910451,
4910451,
4910451,
1.410787e+08,
1.36665e+08,
4413660,
2.7333e+07,
2.7333e+07,
2.7333e+07,
2.7333e+07,
2.7333e+07,
882732,
882732,
882732,
882732,
882732,
1.04868e+08,
9.249534e+07,
1.237267e+07,
1.849907e+07,
1.849907e+07,
1.849907e+07,
1.849907e+07,
1.849907e+07,
2474534,
2474534,
2474534,
2474534,
2474534,
2.099603e+08,
1.956389e+08,
1.432146e+07,
3.912778e+07,
3.912778e+07,
3.912778e+07,
3.912778e+07,
3.912778e+07,
2864293,
2864293,
2864293,
2864293,
2864293,
2.393307e+08,
2.268418e+08,
1.248891e+07,
4.536835e+07,
4.536835e+07,
4.536835e+07,
4.536835e+07,
4.536835e+07,
2497782,
2497782,
2497782,
2497782,
2497782,
2.884158e+08,
2.473829e+08,
4.103299e+07,
4.947657e+07,
4.947657e+07,
4.947657e+07,
4.947657e+07,
4.947657e+07,
8206598,
8206598,
8206598,
8206598,
8206598,
1.156552e+09,
9.59222e+08,
1.973299e+08,
1.918444e+08,
1.918444e+08,
1.918444e+08,
1.918444e+08,
1.918444e+08,
3.946598e+07,
3.946598e+07,
3.946598e+07,
3.946598e+07,
3.946598e+07,
6.35398e+08,
4.544654e+08,
1.809326e+08,
9.089307e+07,
9.089307e+07,
9.089307e+07,
9.089307e+07,
9.089307e+07,
3.618652e+07,
3.618652e+07,
3.618652e+07,
3.618652e+07,
3.618652e+07,
6.785716e+07,
6.147205e+07,
6385108,
1.229441e+07,
1.229441e+07,
1.229441e+07,
1.229441e+07,
1.229441e+07,
1277022,
1277022,
1277022,
1277022,
1277022,
4.362597e+08,
4.087836e+08,
2.747616e+07,
8.175672e+07,
8.175672e+07,
8.175672e+07,
8.175672e+07,
8.175672e+07,
5495232,
5495232,
5495232,
5495232,
5495232,
1.007628e+08,
9.039686e+07,
1.036598e+07,
1.807937e+07,
1.807937e+07,
1.807937e+07,
1.807937e+07,
1.807937e+07,
2073196,
2073196,
2073196,
2073196,
2073196,
9.428449e+07,
8.489458e+07,
9389898,
1.697892e+07,
1.697892e+07,
1.697892e+07,
1.697892e+07,
1.697892e+07,
1877980,
1877980,
1877980,
1877980,
1877980,
4.289824e+07,
3.855152e+07,
4346709,
7710305,
7710305,
7710305,
7710305,
7710305,
869341.8,
869341.8,
869341.8,
869341.8,
869341.8,
9.943901e+07,
8.233002e+07,
1.710899e+07,
1.646601e+07,
1.646601e+07,
1.646601e+07,
1.646601e+07,
1.646601e+07,
3421797,
3421797,
3421797,
3421797,
3421797,
1.512599e+08,
1.376374e+08,
1.36225e+07,
2.752748e+07,
2.752748e+07,
2.752748e+07,
2.752748e+07,
2.752748e+07,
2724499,
2724499,
2724499,
2724499,
2724499,
3.846734e+08,
3.468083e+08,
3.786509e+07,
6.936166e+07,
6.936166e+07,
6.936166e+07,
6.936166e+07,
6.936166e+07,
7573019,
7573019,
7573019,
7573019,
7573019,
1.49463e+09,
1.164807e+09,
3.298229e+08,
2.329613e+08,
2.329613e+08,
2.329613e+08,
2.329613e+08,
2.329613e+08,
6.596458e+07,
6.596458e+07,
6.596458e+07,
6.596458e+07,
6.596458e+07,
6.420815e+07,
5.983061e+07,
4377540,
1.196612e+07,
1.196612e+07,
1.196612e+07,
1.196612e+07,
1.196612e+07,
875507.9,
875507.9,
875507.9,
875507.9,
875507.9,
1.187491e+09,
1.03381e+09,
1.536813e+08,
2.06762e+08,
2.06762e+08,
2.06762e+08,
2.06762e+08,
2.06762e+08,
3.073626e+07,
3.073626e+07,
3.073626e+07,
3.073626e+07,
3.073626e+07,
4.35898e+08,
3.58365e+08,
7.753298e+07,
7.1673e+07,
7.1673e+07,
7.1673e+07,
7.1673e+07,
7.1673e+07,
1.55066e+07,
1.55066e+07,
1.55066e+07,
1.55066e+07,
1.55066e+07,
3.028147e+08,
2.452062e+08,
5.760849e+07,
4.904124e+07,
4.904124e+07,
4.904124e+07,
4.904124e+07,
4.904124e+07,
1.15217e+07,
1.15217e+07,
1.15217e+07,
1.15217e+07,
1.15217e+07,
9.77447e+07,
8.709034e+07,
1.065437e+07,
1.741807e+07,
1.741807e+07,
1.741807e+07,
1.741807e+07,
1.741807e+07,
2130874,
2130874,
2130874,
2130874,
2130874,
4.340662e+07,
4.068456e+07,
2722066,
8136912,
8136912,
8136912,
8136912,
8136912,
544413.2,
544413.2,
544413.2,
544413.2,
544413.2,
6.96343e+08,
5.317267e+08,
1.646163e+08,
1.063453e+08,
1.063453e+08,
1.063453e+08,
1.063453e+08,
1.063453e+08,
3.292327e+07,
3.292327e+07,
3.292327e+07,
3.292327e+07,
3.292327e+07,
3.795062e+08,
2.994155e+08,
8.009068e+07,
5.98831e+07,
5.98831e+07,
5.98831e+07,
5.98831e+07,
5.98831e+07,
1.601814e+07,
1.601814e+07,
1.601814e+07,
1.601814e+07,
1.601814e+07,
0,
0,
0,
0,
0,
0,
0,
0,
0,
0,
0,
0,
0,
2068, 
4.413276e+07,
4.12079e+07,
2924855,
8241580,
8241580,
8241580,
8241580,
8241580,
584971.1,
584971.1,
584971.1,
584971.1,
584971.1,
3.909161e+08,
3.668211e+08,
2.409508e+07,
7.336421e+07,
7.336421e+07,
7.336421e+07,
7.336421e+07,
7.336421e+07,
4819017,
4819017,
4819017,
4819017,
4819017,
1.407226e+08,
1.364711e+08,
4251483,
2.729422e+07,
2.729422e+07,
2.729422e+07,
2.729422e+07,
2.729422e+07,
850296.6,
850296.6,
850296.6,
850296.6,
850296.6,
1.045319e+08,
9.244763e+07,
1.208426e+07,
1.848953e+07,
1.848953e+07,
1.848953e+07,
1.848953e+07,
1.848953e+07,
2416852,
2416852,
2416852,
2416852,
2416852,
2.088264e+08,
1.946919e+08,
1.413448e+07,
3.893838e+07,
3.893838e+07,
3.893838e+07,
3.893838e+07,
3.893838e+07,
2826896,
2826896,
2826896,
2826896,
2826896,
2.38577e+08,
2.263506e+08,
1.222646e+07,
4.527012e+07,
4.527012e+07,
4.527012e+07,
4.527012e+07,
4.527012e+07,
2445291,
2445291,
2445291,
2445291,
2445291,
2.884421e+08,
2.482767e+08,
4.016543e+07,
4.965534e+07,
4.965534e+07,
4.965534e+07,
4.965534e+07,
4.965534e+07,
8033086,
8033086,
8033086,
8033086,
8033086,
1.16413e+09,
9.703037e+08,
1.938259e+08,
1.940607e+08,
1.940607e+08,
1.940607e+08,
1.940607e+08,
1.940607e+08,
3.876518e+07,
3.876518e+07,
3.876518e+07,
3.876518e+07,
3.876518e+07,
6.378824e+08,
4.607138e+08,
1.771687e+08,
9.214275e+07,
9.214275e+07,
9.214275e+07,
9.214275e+07,
9.214275e+07,
3.543373e+07,
3.543373e+07,
3.543373e+07,
3.543373e+07,
3.543373e+07,
6.763438e+07,
6.146042e+07,
6173963,
1.229208e+07,
1.229208e+07,
1.229208e+07,
1.229208e+07,
1.229208e+07,
1234793,
1234793,
1234793,
1234793,
1234793,
4.358448e+08,
4.089395e+08,
2.690531e+07,
8.17879e+07,
8.17879e+07,
8.17879e+07,
8.17879e+07,
8.17879e+07,
5381062,
5381062,
5381062,
5381062,
5381062,
1.001975e+08,
9.015898e+07,
1.003855e+07,
1.80318e+07,
1.80318e+07,
1.80318e+07,
1.80318e+07,
1.80318e+07,
2007709,
2007709,
2007709,
2007709,
2007709,
9.401946e+07,
8.482799e+07,
9191469,
1.69656e+07,
1.69656e+07,
1.69656e+07,
1.69656e+07,
1.69656e+07,
1838294,
1838294,
1838294,
1838294,
1838294,
4.265944e+07,
3.841401e+07,
4245426,
7682803,
7682803,
7682803,
7682803,
7682803,
849085.2,
849085.2,
849085.2,
849085.2,
849085.2,
9.935041e+07,
8.270183e+07,
1.664859e+07,
1.654037e+07,
1.654037e+07,
1.654037e+07,
1.654037e+07,
1.654037e+07,
3329718,
3329718,
3329718,
3329718,
3329718,
1.508158e+08,
1.374308e+08,
1.338502e+07,
2.748616e+07,
2.748616e+07,
2.748616e+07,
2.748616e+07,
2.748616e+07,
2677004,
2677004,
2677004,
2677004,
2677004,
3.847356e+08,
3.476035e+08,
3.713217e+07,
6.952069e+07,
6.952069e+07,
6.952069e+07,
6.952069e+07,
6.952069e+07,
7426435,
7426435,
7426435,
7426435,
7426435,
1.487887e+09,
1.168049e+09,
3.198381e+08,
2.336099e+08,
2.336099e+08,
2.336099e+08,
2.336099e+08,
2.336099e+08,
6.396762e+07,
6.396762e+07,
6.396762e+07,
6.396762e+07,
6.396762e+07,
6.362333e+07,
5.940847e+07,
4214865,
1.188169e+07,
1.188169e+07,
1.188169e+07,
1.188169e+07,
1.188169e+07,
842972.9,
842972.9,
842972.9,
842972.9,
842972.9,
1.176432e+09,
1.027855e+09,
1.485763e+08,
2.055711e+08,
2.055711e+08,
2.055711e+08,
2.055711e+08,
2.055711e+08,
2.971526e+07,
2.971526e+07,
2.971526e+07,
2.971526e+07,
2.971526e+07,
4.342577e+08,
3.589362e+08,
7.532156e+07,
7.178723e+07,
7.178723e+07,
7.178723e+07,
7.178723e+07,
7.178723e+07,
1.506431e+07,
1.506431e+07,
1.506431e+07,
1.506431e+07,
1.506431e+07,
3.015206e+08,
2.452844e+08,
5.623621e+07,
4.905688e+07,
4.905688e+07,
4.905688e+07,
4.905688e+07,
4.905688e+07,
1.124724e+07,
1.124724e+07,
1.124724e+07,
1.124724e+07,
1.124724e+07,
9.708199e+07,
8.668353e+07,
1.039847e+07,
1.733671e+07,
1.733671e+07,
1.733671e+07,
1.733671e+07,
1.733671e+07,
2079693,
2079693,
2079693,
2079693,
2079693,
4.349386e+07,
4.081545e+07,
2678414,
8163090,
8163090,
8163090,
8163090,
8163090,
535682.8,
535682.8,
535682.8,
535682.8,
535682.8,
6.96752e+08,
5.359014e+08,
1.608507e+08,
1.071803e+08,
1.071803e+08,
1.071803e+08,
1.071803e+08,
1.071803e+08,
3.217014e+07,
3.217014e+07,
3.217014e+07,
3.217014e+07,
3.217014e+07,
3.814854e+08,
3.029291e+08,
7.855628e+07,
6.058582e+07,
6.058582e+07,
6.058582e+07,
6.058582e+07,
6.058582e+07,
1.571126e+07,
1.571126e+07,
1.571126e+07,
1.571126e+07,
1.571126e+07,
0,
0,
0,
0,
0,
0,
0,
0,
0,
0,
0,
0,
0,
2069, 
4.419396e+07,
4.132268e+07,
2871276,
8264535,
8264535,
8264535,
8264535,
8264535,
574255.3,
574255.3,
574255.3,
574255.3,
574255.3,
3.914769e+08,
3.678404e+08,
2.363649e+07,
7.356807e+07,
7.356807e+07,
7.356807e+07,
7.356807e+07,
7.356807e+07,
4727299,
4727299,
4727299,
4727299,
4727299,
1.403665e+08,
1.362764e+08,
4090070,
2.725528e+07,
2.725528e+07,
2.725528e+07,
2.725528e+07,
2.725528e+07,
818014.1,
818014.1,
818014.1,
818014.1,
818014.1,
1.041958e+08,
9.239831e+07,
1.179745e+07,
1.847966e+07,
1.847966e+07,
1.847966e+07,
1.847966e+07,
1.847966e+07,
2359491,
2359491,
2359491,
2359491,
2359491,
2.076924e+08,
1.937438e+08,
1.394868e+07,
3.874876e+07,
3.874876e+07,
3.874876e+07,
3.874876e+07,
3.874876e+07,
2789736,
2789736,
2789736,
2789736,
2789736,
2.378234e+08,
2.25858e+08,
1.196541e+07,
4.517159e+07,
4.517159e+07,
4.517159e+07,
4.517159e+07,
4.517159e+07,
2393082,
2393082,
2393082,
2393082,
2393082,
2.884684e+08,
2.491707e+08,
3.92977e+07,
4.983413e+07,
4.983413e+07,
4.983413e+07,
4.983413e+07,
4.983413e+07,
7859541,
7859541,
7859541,
7859541,
7859541,
1.171707e+09,
9.814477e+08,
1.902595e+08,
1.962895e+08,
1.962895e+08,
1.962895e+08,
1.962895e+08,
1.962895e+08,
3.805189e+07,
3.805189e+07,
3.805189e+07,
3.805189e+07,
3.805189e+07,
6.403668e+08,
4.669969e+08,
1.733698e+08,
9.339938e+07,
9.339938e+07,
9.339938e+07,
9.339938e+07,
9.339938e+07,
3.467397e+07,
3.467397e+07,
3.467397e+07,
3.467397e+07,
3.467397e+07,
6.741161e+07,
6.144753e+07,
5964071,
1.228951e+07,
1.228951e+07,
1.228951e+07,
1.228951e+07,
1.228951e+07,
1192814,
1192814,
1192814,
1192814,
1192814,
4.354299e+08,
4.090944e+08,
2.633549e+07,
8.181887e+07,
8.181887e+07,
8.181887e+07,
8.181887e+07,
8.181887e+07,
5267099,
5267099,
5267099,
5267099,
5267099,
9.963221e+07,
8.991806e+07,
9714147,
1.798361e+07,
1.798361e+07,
1.798361e+07,
1.798361e+07,
1.798361e+07,
1942829,
1942829,
1942829,
1942829,
1942829,
9.375445e+07,
8.476044e+07,
8994012,
1.695209e+07,
1.695209e+07,
1.695209e+07,
1.695209e+07,
1.695209e+07,
1798802,
1798802,
1798802,
1798802,
1798802,
4.242064e+07,
3.827563e+07,
4145007,
7655127,
7655127,
7655127,
7655127,
7655127,
829001.4,
829001.4,
829001.4,
829001.4,
829001.4,
9.926182e+07,
8.307283e+07,
1.618899e+07,
1.661457e+07,
1.661457e+07,
1.661457e+07,
1.661457e+07,
1.661457e+07,
3237798,
3237798,
3237798,
3237798,
3237798,
1.503717e+08,
1.37223e+08,
1.314871e+07,
2.744461e+07,
2.744461e+07,
2.744461e+07,
2.744461e+07,
2.744461e+07,
2629742,
2629742,
2629742,
2629742,
2629742,
3.847979e+08,
3.483989e+08,
3.639901e+07,
6.967978e+07,
6.967978e+07,
6.967978e+07,
6.967978e+07,
6.967978e+07,
7279802,
7279802,
7279802,
7279802,
7279802,
1.481145e+09,
1.171215e+09,
3.099303e+08,
2.34243e+08,
2.34243e+08,
2.34243e+08,
2.34243e+08,
2.34243e+08,
6.198606e+07,
6.198606e+07,
6.198606e+07,
6.198606e+07,
6.198606e+07,
6.303851e+07,
5.898407e+07,
4054447,
1.179681e+07,
1.179681e+07,
1.179681e+07,
1.179681e+07,
1.179681e+07,
810889.4,
810889.4,
810889.4,
810889.4,
810889.4,
1.165372e+09,
1.021832e+09,
1.435404e+08,
2.043664e+08,
2.043664e+08,
2.043664e+08,
2.043664e+08,
2.043664e+08,
2.870807e+07,
2.870807e+07,
2.870807e+07,
2.870807e+07,
2.870807e+07,
4.326174e+08,
3.594928e+08,
7.312465e+07,
7.189856e+07,
7.189856e+07,
7.189856e+07,
7.189856e+07,
7.189856e+07,
1.462493e+07,
1.462493e+07,
1.462493e+07,
1.462493e+07,
1.462493e+07,
3.002265e+08,
2.453529e+08,
5.487361e+07,
4.907057e+07,
4.907057e+07,
4.907057e+07,
4.907057e+07,
4.907057e+07,
1.097472e+07,
1.097472e+07,
1.097472e+07,
1.097472e+07,
1.097472e+07,
9.641928e+07,
8.627421e+07,
1.014507e+07,
1.725484e+07,
1.725484e+07,
1.725484e+07,
1.725484e+07,
1.725484e+07,
2029014,
2029014,
2029014,
2029014,
2029014,
4.35811e+07,
4.094654e+07,
2634564,
8189307,
8189307,
8189307,
8189307,
8189307,
526912.8,
526912.8,
526912.8,
526912.8,
526912.8,
6.97161e+08,
5.400805e+08,
1.570805e+08,
1.080161e+08,
1.080161e+08,
1.080161e+08,
1.080161e+08,
1.080161e+08,
3.14161e+07,
3.14161e+07,
3.14161e+07,
3.14161e+07,
3.14161e+07,
3.834646e+08,
3.064629e+08,
7.700163e+07,
6.129259e+07,
6.129259e+07,
6.129259e+07,
6.129259e+07,
6.129259e+07,
1.540033e+07,
1.540033e+07,
1.540033e+07,
1.540033e+07,
1.540033e+07,
0,
0,
0,
0,
0,
0,
0,
0,
0,
0,
0,
0,
0,
2070, 
4.425515e+07,
4.143762e+07,
2817537,
8287523,
8287523,
8287523,
8287523,
8287523,
563507.4,
563507.4,
563507.4,
563507.4,
563507.4,
3.920376e+08,
3.688611e+08,
2.317649e+07,
7.377222e+07,
7.377222e+07,
7.377222e+07,
7.377222e+07,
7.377222e+07,
4635299,
4635299,
4635299,
4635299,
4635299,
1.400104e+08,
1.36081e+08,
3929422,
2.72162e+07,
2.72162e+07,
2.72162e+07,
2.72162e+07,
2.72162e+07,
785884.4,
785884.4,
785884.4,
785884.4,
785884.4,
1.038597e+08,
9.234742e+07,
1.151224e+07,
1.846948e+07,
1.846948e+07,
1.846948e+07,
1.846948e+07,
1.846948e+07,
2302449,
2302449,
2302449,
2302449,
2302449,
2.065585e+08,
1.927944e+08,
1.376407e+07,
3.855888e+07,
3.855888e+07,
3.855888e+07,
3.855888e+07,
3.855888e+07,
2752815,
2752815,
2752815,
2752815,
2752815,
2.370697e+08,
2.25364e+08,
1.170578e+07,
4.507279e+07,
4.507279e+07,
4.507279e+07,
4.507279e+07,
4.507279e+07,
2341155,
2341155,
2341155,
2341155,
2341155,
2.884946e+08,
2.500648e+08,
3.842982e+07,
5.001296e+07,
5.001296e+07,
5.001296e+07,
5.001296e+07,
5.001296e+07,
7685965,
7685965,
7685965,
7685965,
7685965,
1.179285e+09,
9.926542e+08,
1.866306e+08,
1.985308e+08,
1.985308e+08,
1.985308e+08,
1.985308e+08,
1.985308e+08,
3.732612e+07,
3.732612e+07,
3.732612e+07,
3.732612e+07,
3.732612e+07,
6.428511e+08,
4.733149e+08,
1.695362e+08,
9.466298e+07,
9.466298e+07,
9.466298e+07,
9.466298e+07,
9.466298e+07,
3.390724e+07,
3.390724e+07,
3.390724e+07,
3.390724e+07,
3.390724e+07,
6.718882e+07,
6.14334e+07,
5755431,
1.228668e+07,
1.228668e+07,
1.228668e+07,
1.228668e+07,
1.228668e+07,
1151086,
1151086,
1151086,
1151086,
1151086,
4.350149e+08,
4.092482e+08,
2.576671e+07,
8.184964e+07,
8.184964e+07,
8.184964e+07,
8.184964e+07,
8.184964e+07,
5153343,
5153343,
5153343,
5153343,
5153343,
9.90669e+07,
8.967412e+07,
9392789,
1.793482e+07,
1.793482e+07,
1.793482e+07,
1.793482e+07,
1.793482e+07,
1878558,
1878558,
1878558,
1878558,
1878558,
9.348943e+07,
8.469191e+07,
8797523,
1.693838e+07,
1.693838e+07,
1.693838e+07,
1.693838e+07,
1.693838e+07,
1759505,
1759505,
1759505,
1759505,
1759505,
4.218184e+07,
3.81364e+07,
4045451,
7627279,
7627279,
7627279,
7627279,
7627279,
809090.1,
809090.1,
809090.1,
809090.1,
809090.1,
9.917322e+07,
8.344304e+07,
1.573018e+07,
1.668861e+07,
1.668861e+07,
1.668861e+07,
1.668861e+07,
1.668861e+07,
3146036,
3146036,
3146036,
3146036,
3146036,
1.499277e+08,
1.370141e+08,
1.291356e+07,
2.740282e+07,
2.740282e+07,
2.740282e+07,
2.740282e+07,
2.740282e+07,
2582712,
2582712,
2582712,
2582712,
2582712,
3.848601e+08,
3.491945e+08,
3.566561e+07,
6.98389e+07,
6.98389e+07,
6.98389e+07,
6.98389e+07,
6.98389e+07,
7133123,
7133123,
7133123,
7133123,
7133123,
1.474404e+09,
1.174304e+09,
3.000995e+08,
2.348608e+08,
2.348608e+08,
2.348608e+08,
2.348608e+08,
2.348608e+08,
6.00199e+07,
6.00199e+07,
6.00199e+07,
6.00199e+07,
6.00199e+07,
6.24537e+07,
5.855741e+07,
3896288,
1.171148e+07,
1.171148e+07,
1.171148e+07,
1.171148e+07,
1.171148e+07,
779257.5,
779257.5,
779257.5,
779257.5,
779257.5,
1.154313e+09,
1.015739e+09,
1.385735e+08,
2.031478e+08,
2.031478e+08,
2.031478e+08,
2.031478e+08,
2.031478e+08,
2.771471e+07,
2.771471e+07,
2.771471e+07,
2.771471e+07,
2.771471e+07,
4.309772e+08,
3.600349e+08,
7.094223e+07,
7.200698e+07,
7.200698e+07,
7.200698e+07,
7.200698e+07,
7.200698e+07,
1.418845e+07,
1.418845e+07,
1.418845e+07,
1.418845e+07,
1.418845e+07,
2.989324e+08,
2.454117e+08,
5.352066e+07,
4.908234e+07,
4.908234e+07,
4.908234e+07,
4.908234e+07,
4.908234e+07,
1.070413e+07,
1.070413e+07,
1.070413e+07,
1.070413e+07,
1.070413e+07,
9.575657e+07,
8.586239e+07,
9894181,
1.717248e+07,
1.717248e+07,
1.717248e+07,
1.717248e+07,
1.717248e+07,
1978836,
1978836,
1978836,
1978836,
1978836,
4.366834e+07,
4.107782e+07,
2590518,
8215565,
8215565,
8215565,
8215565,
8215565,
518103.5,
518103.5,
518103.5,
518103.5,
518103.5,
6.975699e+08,
5.442642e+08,
1.533058e+08,
1.088528e+08,
1.088528e+08,
1.088528e+08,
1.088528e+08,
1.088528e+08,
3.066115e+07,
3.066115e+07,
3.066115e+07,
3.066115e+07,
3.066115e+07,
3.854437e+08,
3.10017e+08,
7.542672e+07,
6.20034e+07,
6.20034e+07,
6.20034e+07,
6.20034e+07,
6.20034e+07,
1.508534e+07,
1.508534e+07,
1.508534e+07,
1.508534e+07,
1.508534e+07,
0,
0,
0,
0,
0,
0,
0,
0,
0,
0,
0,
0,
0,
2071, 
4.429969e+07,
4.152724e+07,
2772448,
8305447,
8305447,
8305447,
8305447,
8305447,
554489.5,
554489.5,
554489.5,
554489.5,
554489.5,
3.925079e+08,
3.697164e+08,
2.279148e+07,
7.394328e+07,
7.394328e+07,
7.394328e+07,
7.394328e+07,
7.394328e+07,
4558295,
4558295,
4558295,
4558295,
4558295,
1.395748e+08,
1.357648e+08,
3809977,
2.715296e+07,
2.715296e+07,
2.715296e+07,
2.715296e+07,
2.715296e+07,
761995.4,
761995.4,
761995.4,
761995.4,
761995.4,
1.034545e+08,
9.218527e+07,
1.126922e+07,
1.843705e+07,
1.843705e+07,
1.843705e+07,
1.843705e+07,
1.843705e+07,
2253844,
2253844,
2253844,
2253844,
2253844,
2.052867e+08,
1.916955e+08,
1.359118e+07,
3.83391e+07,
3.83391e+07,
3.83391e+07,
3.83391e+07,
3.83391e+07,
2718236,
2718236,
2718236,
2718236,
2718236,
2.361481e+08,
2.246593e+08,
1.148878e+07,
4.493186e+07,
4.493186e+07,
4.493186e+07,
4.493186e+07,
4.493186e+07,
2297756,
2297756,
2297756,
2297756,
2297756,
2.882669e+08,
2.50561e+08,
3.770594e+07,
5.01122e+07,
5.01122e+07,
5.01122e+07,
5.01122e+07,
5.01122e+07,
7541188,
7541188,
7541188,
7541188,
7541188,
1.185461e+09,
1.001748e+09,
1.837122e+08,
2.003497e+08,
2.003497e+08,
2.003497e+08,
2.003497e+08,
2.003497e+08,
3.674243e+07,
3.674243e+07,
3.674243e+07,
3.674243e+07,
3.674243e+07,
6.444509e+08,
4.782384e+08,
1.662125e+08,
9.564767e+07,
9.564767e+07,
9.564767e+07,
9.564767e+07,
9.564767e+07,
3.32425e+07,
3.32425e+07,
3.32425e+07,
3.32425e+07,
3.32425e+07,
6.689325e+07,
6.13081e+07,
5585147,
1.226162e+07,
1.226162e+07,
1.226162e+07,
1.226162e+07,
1.226162e+07,
1117029,
1117029,
1117029,
1117029,
1117029,
4.345239e+08,
4.092065e+08,
2.531738e+07,
8.18413e+07,
8.18413e+07,
8.18413e+07,
8.18413e+07,
8.18413e+07,
5063476,
5063476,
5063476,
5063476,
5063476,
9.848346e+07,
8.93513e+07,
9132170,
1.787026e+07,
1.787026e+07,
1.787026e+07,
1.787026e+07,
1.787026e+07,
1826434,
1826434,
1826434,
1826434,
1826434,
9.315815e+07,
8.453066e+07,
8627495,
1.690613e+07,
1.690613e+07,
1.690613e+07,
1.690613e+07,
1.690613e+07,
1725499,
1725499,
1725499,
1725499,
1725499,
4.193655e+07,
3.797589e+07,
3960659,
7595179,
7595179,
7595179,
7595179,
7595179,
792131.8,
792131.8,
792131.8,
792131.8,
792131.8,
9.901431e+07,
8.365925e+07,
1.535506e+07,
1.673185e+07,
1.673185e+07,
1.673185e+07,
1.673185e+07,
1.673185e+07,
3071013,
3071013,
3071013,
3071013,
3071013,
1.494324e+08,
1.36715e+08,
1.271742e+07,
2.7343e+07,
2.7343e+07,
2.7343e+07,
2.7343e+07,
2.7343e+07,
2543484,
2543484,
2543484,
2543484,
2543484,
3.844911e+08,
3.494484e+08,
3.504268e+07,
6.988969e+07,
6.988969e+07,
6.988969e+07,
6.988969e+07,
6.988969e+07,
7008535,
7008535,
7008535,
7008535,
7008535,
1.466325e+09,
1.174554e+09,
2.917709e+08,
2.349108e+08,
2.349108e+08,
2.349108e+08,
2.349108e+08,
2.349108e+08,
5.835418e+07,
5.835418e+07,
5.835418e+07,
5.835418e+07,
5.835418e+07,
6.187963e+07,
5.811232e+07,
3767306,
1.162247e+07,
1.162247e+07,
1.162247e+07,
1.162247e+07,
1.162247e+07,
753461.2,
753461.2,
753461.2,
753461.2,
753461.2,
1.143405e+09,
1.008885e+09,
1.345201e+08,
2.01777e+08,
2.01777e+08,
2.01777e+08,
2.01777e+08,
2.01777e+08,
2.690403e+07,
2.690403e+07,
2.690403e+07,
2.690403e+07,
2.690403e+07,
4.290244e+08,
3.599017e+08,
6.912269e+07,
7.198034e+07,
7.198034e+07,
7.198034e+07,
7.198034e+07,
7.198034e+07,
1.382454e+07,
1.382454e+07,
1.382454e+07,
1.382454e+07,
1.382454e+07,
2.974368e+08,
2.450858e+08,
5.235099e+07,
4.901716e+07,
4.901716e+07,
4.901716e+07,
4.901716e+07,
4.901716e+07,
1.04702e+07,
1.04702e+07,
1.04702e+07,
1.04702e+07,
1.04702e+07,
9.501996e+07,
8.534762e+07,
9672342,
1.706952e+07,
1.706952e+07,
1.706952e+07,
1.706952e+07,
1.706952e+07,
1934468,
1934468,
1934468,
1934468,
1934468,
4.372561e+07,
4.117157e+07,
2554046,
8234314,
8234314,
8234314,
8234314,
8234314,
510809.3,
510809.3,
510809.3,
510809.3,
510809.3,
6.97228e+08,
5.471023e+08,
1.501256e+08,
1.094205e+08,
1.094205e+08,
1.094205e+08,
1.094205e+08,
1.094205e+08,
3.002511e+07,
3.002511e+07,
3.002511e+07,
3.002511e+07,
3.002511e+07,
3.869148e+08,
3.12793e+08,
7.412183e+07,
6.255859e+07,
6.255859e+07,
6.255859e+07,
6.255859e+07,
6.255859e+07,
1.482437e+07,
1.482437e+07,
1.482437e+07,
1.482437e+07,
1.482437e+07,
0,
0,
0,
0,
0,
0,
0,
0,
0,
0,
0,
0,
0,
2072, 
4.434422e+07,
4.161696e+07,
2727262,
8323391,
8323391,
8323391,
8323391,
8323391,
545452.3,
545452.3,
545452.3,
545452.3,
545452.3,
3.929782e+08,
3.705728e+08,
2.240547e+07,
7.411455e+07,
7.411455e+07,
7.411455e+07,
7.411455e+07,
7.411455e+07,
4481094,
4481094,
4481094,
4481094,
4481094,
1.391392e+08,
1.35448e+08,
3691202,
2.70896e+07,
2.70896e+07,
2.70896e+07,
2.70896e+07,
2.70896e+07,
738240.4,
738240.4,
738240.4,
738240.4,
738240.4,
1.030493e+08,
9.202158e+07,
1.102774e+07,
1.840432e+07,
1.840432e+07,
1.840432e+07,
1.840432e+07,
1.840432e+07,
2205549,
2205549,
2205549,
2205549,
2205549,
2.040148e+08,
1.905955e+08,
1.341937e+07,
3.81191e+07,
3.81191e+07,
3.81191e+07,
3.81191e+07,
3.81191e+07,
2683875,
2683875,
2683875,
2683875,
2683875,
2.352265e+08,
2.239534e+08,
1.127312e+07,
4.479068e+07,
4.479068e+07,
4.479068e+07,
4.479068e+07,
4.479068e+07,
2254624,
2254624,
2254624,
2254624,
2254624,
2.880392e+08,
2.51056e+08,
3.698315e+07,
5.021121e+07,
5.021121e+07,
5.021121e+07,
5.021121e+07,
5.021121e+07,
7396631,
7396631,
7396631,
7396631,
7396631,
1.191636e+09,
1.010883e+09,
1.807531e+08,
2.021766e+08,
2.021766e+08,
2.021766e+08,
2.021766e+08,
2.021766e+08,
3.615063e+07,
3.615063e+07,
3.615063e+07,
3.615063e+07,
3.615063e+07,
6.460506e+08,
4.831805e+08,
1.628701e+08,
9.66361e+07,
9.66361e+07,
9.66361e+07,
9.66361e+07,
9.66361e+07,
3.257403e+07,
3.257403e+07,
3.257403e+07,
3.257403e+07,
3.257403e+07,
6.659767e+07,
6.118153e+07,
5416144,
1.223631e+07,
1.223631e+07,
1.223631e+07,
1.223631e+07,
1.223631e+07,
1083229,
1083229,
1083229,
1083229,
1083229,
4.340329e+08,
4.091639e+08,
2.4869e+07,
8.183278e+07,
8.183278e+07,
8.183278e+07,
8.183278e+07,
8.183278e+07,
4973800,
4973800,
4973800,
4973800,
4973800,
9.790003e+07,
8.902606e+07,
8873982,
1.780521e+07,
1.780521e+07,
1.780521e+07,
1.780521e+07,
1.780521e+07,
1774796,
1774796,
1774796,
1774796,
1774796,
9.282687e+07,
8.436842e+07,
8458456,
1.687368e+07,
1.687368e+07,
1.687368e+07,
1.687368e+07,
1.687368e+07,
1691691,
1691691,
1691691,
1691691,
1691691,
4.169126e+07,
3.781468e+07,
3876584,
7562935,
7562935,
7562935,
7562935,
7562935,
775316.8,
775316.8,
775316.8,
775316.8,
775316.8,
9.885541e+07,
8.387434e+07,
1.498107e+07,
1.677487e+07,
1.677487e+07,
1.677487e+07,
1.677487e+07,
1.677487e+07,
2996214,
2996214,
2996214,
2996214,
2996214,
1.489372e+08,
1.364149e+08,
1.25223e+07,
2.728298e+07,
2.728298e+07,
2.728298e+07,
2.728298e+07,
2.728298e+07,
2504460,
2504460,
2504460,
2504460,
2504460,
3.841221e+08,
3.497012e+08,
3.442086e+07,
6.994024e+07,
6.994024e+07,
6.994024e+07,
6.994024e+07,
6.994024e+07,
6884173,
6884173,
6884173,
6884173,
6884173,
1.458246e+09,
1.17473e+09,
2.83516e+08,
2.34946e+08,
2.34946e+08,
2.34946e+08,
2.34946e+08,
2.34946e+08,
5.670319e+07,
5.670319e+07,
5.670319e+07,
5.670319e+07,
5.670319e+07,
6.130556e+07,
5.766551e+07,
3640053,
1.15331e+07,
1.15331e+07,
1.15331e+07,
1.15331e+07,
1.15331e+07,
728010.6,
728010.6,
728010.6,
728010.6,
728010.6,
1.132498e+09,
1.001979e+09,
1.305191e+08,
2.003958e+08,
2.003958e+08,
2.003958e+08,
2.003958e+08,
2.003958e+08,
2.610382e+07,
2.610382e+07,
2.610382e+07,
2.610382e+07,
2.610382e+07,
4.270717e+08,
3.597549e+08,
6.731678e+07,
7.195098e+07,
7.195098e+07,
7.195098e+07,
7.195098e+07,
7.195098e+07,
1.346336e+07,
1.346336e+07,
1.346336e+07,
1.346336e+07,
1.346336e+07,
2.959412e+08,
2.447508e+08,
5.119038e+07,
4.895017e+07,
4.895017e+07,
4.895017e+07,
4.895017e+07,
4.895017e+07,
1.023808e+07,
1.023808e+07,
1.023808e+07,
1.023808e+07,
1.023808e+07,
9.428334e+07,
8.483058e+07,
9452763,
1.696612e+07,
1.696612e+07,
1.696612e+07,
1.696612e+07,
1.696612e+07,
1890553,
1890553,
1890553,
1890553,
1890553,
4.378289e+07,
4.126542e+07,
2517470,
8253084,
8253084,
8253084,
8253084,
8253084,
503494,
503494,
503494,
503494,
503494,
6.96886e+08,
5.499376e+08,
1.469484e+08,
1.099875e+08,
1.099875e+08,
1.099875e+08,
1.099875e+08,
1.099875e+08,
2.938969e+07,
2.938969e+07,
2.938969e+07,
2.938969e+07,
2.938969e+07,
3.883859e+08,
3.155811e+08,
7.280482e+07,
6.311621e+07,
6.311621e+07,
6.311621e+07,
6.311621e+07,
6.311621e+07,
1.456097e+07,
1.456097e+07,
1.456097e+07,
1.456097e+07,
1.456097e+07,
0,
0,
0,
0,
0,
0,
0,
0,
0,
0,
0,
0,
0,
2073, 
4.438875e+07,
4.170677e+07,
2681979,
8341355,
8341355,
8341355,
8341355,
8341355,
536395.8,
536395.8,
536395.8,
536395.8,
536395.8,
3.934485e+08,
3.7143e+08,
2.201847e+07,
7.4286e+07,
7.4286e+07,
7.4286e+07,
7.4286e+07,
7.4286e+07,
4403695,
4403695,
4403695,
4403695,
4403695,
1.387036e+08,
1.351305e+08,
3573095,
2.70261e+07,
2.70261e+07,
2.70261e+07,
2.70261e+07,
2.70261e+07,
714619,
714619,
714619,
714619,
714619,
1.026442e+08,
9.185634e+07,
1.078782e+07,
1.837127e+07,
1.837127e+07,
1.837127e+07,
1.837127e+07,
1.837127e+07,
2157564,
2157564,
2157564,
2157564,
2157564,
2.02743e+08,
1.894944e+08,
1.324866e+07,
3.789887e+07,
3.789887e+07,
3.789887e+07,
3.789887e+07,
3.789887e+07,
2649733,
2649733,
2649733,
2649733,
2649733,
2.343049e+08,
2.232461e+08,
1.10588e+07,
4.464922e+07,
4.464922e+07,
4.464922e+07,
4.464922e+07,
4.464922e+07,
2211760,
2211760,
2211760,
2211760,
2211760,
2.878114e+08,
2.5155e+08,
3.626145e+07,
5.030999e+07,
5.030999e+07,
5.030999e+07,
5.030999e+07,
5.030999e+07,
7252291,
7252291,
7252291,
7252291,
7252291,
1.197812e+09,
1.020058e+09,
1.777535e+08,
2.040117e+08,
2.040117e+08,
2.040117e+08,
2.040117e+08,
2.040117e+08,
3.55507e+07,
3.55507e+07,
3.55507e+07,
3.55507e+07,
3.55507e+07,
6.476502e+08,
4.881411e+08,
1.595092e+08,
9.762822e+07,
9.762822e+07,
9.762822e+07,
9.762822e+07,
9.762822e+07,
3.190184e+07,
3.190184e+07,
3.190184e+07,
3.190184e+07,
3.190184e+07,
6.630209e+07,
6.105367e+07,
5248421,
1.221073e+07,
1.221073e+07,
1.221073e+07,
1.221073e+07,
1.221073e+07,
1049684,
1049684,
1049684,
1049684,
1049684,
4.335419e+08,
4.091203e+08,
2.442156e+07,
8.182406e+07,
8.182406e+07,
8.182406e+07,
8.182406e+07,
8.182406e+07,
4884313,
4884313,
4884313,
4884313,
4884313,
9.731661e+07,
8.869837e+07,
8618228,
1.773967e+07,
1.773967e+07,
1.773967e+07,
1.773967e+07,
1.773967e+07,
1723646,
1723646,
1723646,
1723646,
1723646,
9.249559e+07,
8.420518e+07,
8290403,
1.684104e+07,
1.684104e+07,
1.684104e+07,
1.684104e+07,
1.684104e+07,
1658081,
1658081,
1658081,
1658081,
1658081,
4.144596e+07,
3.765274e+07,
3793226,
7530547,
7530547,
7530547,
7530547,
7530547,
758645.2,
758645.2,
758645.2,
758645.2,
758645.2,
9.869651e+07,
8.408831e+07,
1.46082e+07,
1.681766e+07,
1.681766e+07,
1.681766e+07,
1.681766e+07,
1.681766e+07,
2921640,
2921640,
2921640,
2921640,
2921640,
1.48442e+08,
1.361138e+08,
1.23282e+07,
2.722275e+07,
2.722275e+07,
2.722275e+07,
2.722275e+07,
2.722275e+07,
2465639,
2465639,
2465639,
2465639,
2465639,
3.837531e+08,
3.499529e+08,
3.380019e+07,
6.999058e+07,
6.999058e+07,
6.999058e+07,
6.999058e+07,
6.999058e+07,
6760038,
6760038,
6760038,
6760038,
6760038,
1.450167e+09,
1.174832e+09,
2.753347e+08,
2.349664e+08,
2.349664e+08,
2.349664e+08,
2.349664e+08,
2.349664e+08,
5.506693e+07,
5.506693e+07,
5.506693e+07,
5.506693e+07,
5.506693e+07,
6.07315e+07,
5.721696e+07,
3514529,
1.144339e+07,
1.144339e+07,
1.144339e+07,
1.144339e+07,
1.144339e+07,
702905.7,
702905.7,
702905.7,
702905.7,
702905.7,
1.121591e+09,
9.950203e+08,
1.265704e+08,
1.990041e+08,
1.990041e+08,
1.990041e+08,
1.990041e+08,
1.990041e+08,
2.531408e+07,
2.531408e+07,
2.531408e+07,
2.531408e+07,
2.531408e+07,
4.251189e+08,
3.595944e+08,
6.55245e+07,
7.191889e+07,
7.191889e+07,
7.191889e+07,
7.191889e+07,
7.191889e+07,
1.31049e+07,
1.31049e+07,
1.31049e+07,
1.31049e+07,
1.31049e+07,
2.944457e+08,
2.444068e+08,
5.003885e+07,
4.888137e+07,
4.888137e+07,
4.888137e+07,
4.888137e+07,
4.888137e+07,
1.000777e+07,
1.000777e+07,
1.000777e+07,
1.000777e+07,
1.000777e+07,
9.354673e+07,
8.431129e+07,
9235442,
1.686226e+07,
1.686226e+07,
1.686226e+07,
1.686226e+07,
1.686226e+07,
1847088,
1847088,
1847088,
1847088,
1847088,
4.384016e+07,
4.135937e+07,
2480790,
8271875,
8271875,
8271875,
8271875,
8271875,
496158,
496158,
496158,
496158,
496158,
6.965441e+08,
5.527698e+08,
1.437743e+08,
1.10554e+08,
1.10554e+08,
1.10554e+08,
1.10554e+08,
1.10554e+08,
2.875486e+07,
2.875486e+07,
2.875486e+07,
2.875486e+07,
2.875486e+07,
3.89857e+08,
3.183813e+08,
7.147571e+07,
6.367626e+07,
6.367626e+07,
6.367626e+07,
6.367626e+07,
6.367626e+07,
1.429514e+07,
1.429514e+07,
1.429514e+07,
1.429514e+07,
1.429514e+07,
0,
0,
0,
0,
0,
0,
0,
0,
0,
0,
0,
0,
0,
2074, 
4.443328e+07,
4.179668e+07,
2636600,
8359336,
8359336,
8359336,
8359336,
8359336,
527320.1,
527320.1,
527320.1,
527320.1,
527320.1,
3.939188e+08,
3.722883e+08,
2.163049e+07,
7.445766e+07,
7.445766e+07,
7.445766e+07,
7.445766e+07,
7.445766e+07,
4326097,
4326097,
4326097,
4326097,
4326097,
1.38268e+08,
1.348123e+08,
3455658,
2.696247e+07,
2.696247e+07,
2.696247e+07,
2.696247e+07,
2.696247e+07,
691131.6,
691131.6,
691131.6,
691131.6,
691131.6,
1.02239e+08,
9.168955e+07,
1.054945e+07,
1.833791e+07,
1.833791e+07,
1.833791e+07,
1.833791e+07,
1.833791e+07,
2109890,
2109890,
2109890,
2109890,
2109890,
2.014712e+08,
1.883921e+08,
1.307904e+07,
3.767843e+07,
3.767843e+07,
3.767843e+07,
3.767843e+07,
3.767843e+07,
2615809,
2615809,
2615809,
2615809,
2615809,
2.333833e+08,
2.225374e+08,
1.084582e+07,
4.450749e+07,
4.450749e+07,
4.450749e+07,
4.450749e+07,
4.450749e+07,
2169164,
2169164,
2169164,
2169164,
2169164,
2.875837e+08,
2.520428e+08,
3.554085e+07,
5.040857e+07,
5.040857e+07,
5.040857e+07,
5.040857e+07,
5.040857e+07,
7108171,
7108171,
7108171,
7108171,
7108171,
1.203988e+09,
1.029274e+09,
1.747133e+08,
2.058549e+08,
2.058549e+08,
2.058549e+08,
2.058549e+08,
2.058549e+08,
3.494266e+07,
3.494266e+07,
3.494266e+07,
3.494266e+07,
3.494266e+07,
6.4925e+08,
4.931203e+08,
1.561296e+08,
9.862406e+07,
9.862406e+07,
9.862406e+07,
9.862406e+07,
9.862406e+07,
3.122593e+07,
3.122593e+07,
3.122593e+07,
3.122593e+07,
3.122593e+07,
6.600652e+07,
6.092453e+07,
5081980,
1.218491e+07,
1.218491e+07,
1.218491e+07,
1.218491e+07,
1.218491e+07,
1016396,
1016396,
1016396,
1016396,
1016396,
4.330508e+08,
4.090758e+08,
2.397508e+07,
8.181515e+07,
8.181515e+07,
8.181515e+07,
8.181515e+07,
8.181515e+07,
4795016,
4795016,
4795016,
4795016,
4795016,
9.673317e+07,
8.836826e+07,
8364907,
1.767365e+07,
1.767365e+07,
1.767365e+07,
1.767365e+07,
1.767365e+07,
1672981,
1672981,
1672981,
1672981,
1672981,
9.216431e+07,
8.404098e+07,
8123339,
1.68082e+07,
1.68082e+07,
1.68082e+07,
1.68082e+07,
1.68082e+07,
1624668,
1624668,
1624668,
1624668,
1624668,
4.120067e+07,
3.749009e+07,
3710585,
7498018,
7498018,
7498018,
7498018,
7498018,
742116.9,
742116.9,
742116.9,
742116.9,
742116.9,
9.853761e+07,
8.430115e+07,
1.423645e+07,
1.686023e+07,
1.686023e+07,
1.686023e+07,
1.686023e+07,
1.686023e+07,
2847291,
2847291,
2847291,
2847291,
2847291,
1.479467e+08,
1.358116e+08,
1.213511e+07,
2.716232e+07,
2.716232e+07,
2.716232e+07,
2.716232e+07,
2.716232e+07,
2427022,
2427022,
2427022,
2427022,
2427022,
3.83384e+08,
3.502033e+08,
3.318064e+07,
7.004066e+07,
7.004066e+07,
7.004066e+07,
7.004066e+07,
7.004066e+07,
6636129,
6636129,
6636129,
6636129,
6636129,
1.442088e+09,
1.174861e+09,
2.67227e+08,
2.349722e+08,
2.349722e+08,
2.349722e+08,
2.349722e+08,
2.349722e+08,
5.34454e+07,
5.34454e+07,
5.34454e+07,
5.34454e+07,
5.34454e+07,
6.015742e+07,
5.676669e+07,
3390733,
1.135334e+07,
1.135334e+07,
1.135334e+07,
1.135334e+07,
1.135334e+07,
678146.6,
678146.6,
678146.6,
678146.6,
678146.6,
1.110683e+09,
9.880093e+08,
1.226741e+08,
1.976019e+08,
1.976019e+08,
1.976019e+08,
1.976019e+08,
1.976019e+08,
2.453482e+07,
2.453482e+07,
2.453482e+07,
2.453482e+07,
2.453482e+07,
4.231662e+08,
3.594204e+08,
6.374587e+07,
7.188407e+07,
7.188407e+07,
7.188407e+07,
7.188407e+07,
7.188407e+07,
1.274917e+07,
1.274917e+07,
1.274917e+07,
1.274917e+07,
1.274917e+07,
2.929501e+08,
2.440537e+08,
4.889638e+07,
4.881074e+07,
4.881074e+07,
4.881074e+07,
4.881074e+07,
4.881074e+07,
9779275,
9779275,
9779275,
9779275,
9779275,
9.281011e+07,
8.378973e+07,
9020381,
1.675795e+07,
1.675795e+07,
1.675795e+07,
1.675795e+07,
1.675795e+07,
1804076,
1804076,
1804076,
1804076,
1804076,
4.389744e+07,
4.145343e+07,
2444005,
8290687,
8290687,
8290687,
8290687,
8290687,
488801.1,
488801.1,
488801.1,
488801.1,
488801.1,
6.962022e+08,
5.555988e+08,
1.406033e+08,
1.111198e+08,
1.111198e+08,
1.111198e+08,
1.111198e+08,
1.111198e+08,
2.812066e+07,
2.812066e+07,
2.812066e+07,
2.812066e+07,
2.812066e+07,
3.913281e+08,
3.211936e+08,
7.013449e+07,
6.423871e+07,
6.423871e+07,
6.423871e+07,
6.423871e+07,
6.423871e+07,
1.40269e+07,
1.40269e+07,
1.40269e+07,
1.40269e+07,
1.40269e+07,
0,
0,
0,
0,
0,
0,
0,
0,
0,
0,
0,
0,
0,
2075, 
4.447781e+07,
4.188669e+07,
2591125,
8377338,
8377338,
8377338,
8377338,
8377338,
518225.1,
518225.1,
518225.1,
518225.1,
518225.1,
3.943891e+08,
3.731476e+08,
2.124151e+07,
7.462952e+07,
7.462952e+07,
7.462952e+07,
7.462952e+07,
7.462952e+07,
4248302,
4248302,
4248302,
4248302,
4248302,
1.378324e+08,
1.344935e+08,
3338890,
2.68987e+07,
2.68987e+07,
2.68987e+07,
2.68987e+07,
2.68987e+07,
667778.1,
667778.1,
667778.1,
667778.1,
667778.1,
1.018338e+08,
9.152121e+07,
1.031263e+07,
1.830424e+07,
1.830424e+07,
1.830424e+07,
1.830424e+07,
1.830424e+07,
2062526,
2062526,
2062526,
2062526,
2062526,
2.001994e+08,
1.872888e+08,
1.291052e+07,
3.745777e+07,
3.745777e+07,
3.745777e+07,
3.745777e+07,
3.745777e+07,
2582104,
2582104,
2582104,
2582104,
2582104,
2.324616e+08,
2.218275e+08,
1.063417e+07,
4.43655e+07,
4.43655e+07,
4.43655e+07,
4.43655e+07,
4.43655e+07,
2126835,
2126835,
2126835,
2126835,
2126835,
2.87356e+08,
2.525346e+08,
3.482135e+07,
5.050693e+07,
5.050693e+07,
5.050693e+07,
5.050693e+07,
5.050693e+07,
6964271,
6964271,
6964271,
6964271,
6964271,
1.210163e+09,
1.038531e+09,
1.716325e+08,
2.077062e+08,
2.077062e+08,
2.077062e+08,
2.077062e+08,
2.077062e+08,
3.43265e+07,
3.43265e+07,
3.43265e+07,
3.43265e+07,
3.43265e+07,
6.508497e+08,
4.981182e+08,
1.527315e+08,
9.962365e+07,
9.962365e+07,
9.962365e+07,
9.962365e+07,
9.962365e+07,
3.054631e+07,
3.054631e+07,
3.054631e+07,
3.054631e+07,
3.054631e+07,
6.571094e+07,
6.079412e+07,
4916820,
1.215882e+07,
1.215882e+07,
1.215882e+07,
1.215882e+07,
1.215882e+07,
983364,
983364,
983364,
983364,
983364,
4.325598e+08,
4.090303e+08,
2.352955e+07,
8.180606e+07,
8.180606e+07,
8.180606e+07,
8.180606e+07,
8.180606e+07,
4705909,
4705909,
4705909,
4705909,
4705909,
9.614974e+07,
8.803572e+07,
8114018,
1.760714e+07,
1.760714e+07,
1.760714e+07,
1.760714e+07,
1.760714e+07,
1622804,
1622804,
1622804,
1622804,
1622804,
9.183303e+07,
8.387577e+07,
7957260,
1.677515e+07,
1.677515e+07,
1.677515e+07,
1.677515e+07,
1.677515e+07,
1591452,
1591452,
1591452,
1591452,
1591452,
4.095538e+07,
3.732672e+07,
3628660,
7465343,
7465343,
7465343,
7465343,
7465343,
725731.9,
725731.9,
725731.9,
725731.9,
725731.9,
9.83787e+07,
8.451287e+07,
1.386583e+07,
1.690257e+07,
1.690257e+07,
1.690257e+07,
1.690257e+07,
1.690257e+07,
2773166,
2773166,
2773166,
2773166,
2773166,
1.474515e+08,
1.355084e+08,
1.194304e+07,
2.710169e+07,
2.710169e+07,
2.710169e+07,
2.710169e+07,
2.710169e+07,
2388608,
2388608,
2388608,
2388608,
2388608,
3.83015e+08,
3.504528e+08,
3.256223e+07,
7.009055e+07,
7.009055e+07,
7.009055e+07,
7.009055e+07,
7.009055e+07,
6512445,
6512445,
6512445,
6512445,
6512445,
1.434009e+09,
1.174816e+09,
2.591931e+08,
2.349632e+08,
2.349632e+08,
2.349632e+08,
2.349632e+08,
2.349632e+08,
5.183861e+07,
5.183861e+07,
5.183861e+07,
5.183861e+07,
5.183861e+07,
5.958336e+07,
5.631469e+07,
3268666,
1.126294e+07,
1.126294e+07,
1.126294e+07,
1.126294e+07,
1.126294e+07,
653733.2,
653733.2,
653733.2,
653733.2,
653733.2,
1.099776e+09,
9.809459e+08,
1.188301e+08,
1.961892e+08,
1.961892e+08,
1.961892e+08,
1.961892e+08,
1.961892e+08,
2.376602e+07,
2.376602e+07,
2.376602e+07,
2.376602e+07,
2.376602e+07,
4.212135e+08,
3.592326e+08,
6.198088e+07,
7.184652e+07,
7.184652e+07,
7.184652e+07,
7.184652e+07,
7.184652e+07,
1.239618e+07,
1.239618e+07,
1.239618e+07,
1.239618e+07,
1.239618e+07,
2.914546e+08,
2.436916e+08,
4.776298e+07,
4.873831e+07,
4.873831e+07,
4.873831e+07,
4.873831e+07,
4.873831e+07,
9552597,
9552597,
9552597,
9552597,
9552597,
9.20735e+07,
8.326592e+07,
8807580,
1.665318e+07,
1.665318e+07,
1.665318e+07,
1.665318e+07,
1.665318e+07,
1761516,
1761516,
1761516,
1761516,
1761516,
4.395471e+07,
4.154759e+07,
2407116,
8309519,
8309519,
8309519,
8309519,
8309519,
481423.3,
481423.3,
481423.3,
481423.3,
481423.3,
6.958602e+08,
5.584249e+08,
1.374353e+08,
1.11685e+08,
1.11685e+08,
1.11685e+08,
1.11685e+08,
1.11685e+08,
2.748706e+07,
2.748706e+07,
2.748706e+07,
2.748706e+07,
2.748706e+07,
3.927991e+08,
3.24018e+08,
6.878115e+07,
6.48036e+07,
6.48036e+07,
6.48036e+07,
6.48036e+07,
6.48036e+07,
1.375623e+07,
1.375623e+07,
1.375623e+07,
1.375623e+07,
1.375623e+07,
0,
0,
0,
0,
0,
0,
0,
0,
0,
0,
0,
0,
0,
2076, 
4.449027e+07,
4.194655e+07,
2543720,
8389310,
8389310,
8389310,
8389310,
8389310,
508743.9,
508743.9,
508743.9,
508743.9,
508743.9,
3.94684e+08,
3.738417e+08,
2.084228e+07,
7.476834e+07,
7.476834e+07,
7.476834e+07,
7.476834e+07,
7.476834e+07,
4168456,
4168456,
4168456,
4168456,
4168456,
1.373276e+08,
1.341064e+08,
3221169,
2.682128e+07,
2.682128e+07,
2.682128e+07,
2.682128e+07,
2.682128e+07,
644233.8,
644233.8,
644233.8,
644233.8,
644233.8,
1.013654e+08,
9.129436e+07,
1.007108e+07,
1.825887e+07,
1.825887e+07,
1.825887e+07,
1.825887e+07,
1.825887e+07,
2014216,
2014216,
2014216,
2014216,
2014216,
1.988277e+08,
1.86091e+08,
1.273669e+07,
3.721821e+07,
3.721821e+07,
3.721821e+07,
3.721821e+07,
3.721821e+07,
2547338,
2547338,
2547338,
2547338,
2547338,
2.313858e+08,
2.209689e+08,
1.041692e+07,
4.419377e+07,
4.419377e+07,
4.419377e+07,
4.419377e+07,
4.419377e+07,
2083385,
2083385,
2083385,
2083385,
2083385,
2.869201e+08,
2.528419e+08,
3.407822e+07,
5.056837e+07,
5.056837e+07,
5.056837e+07,
5.056837e+07,
5.056837e+07,
6815644,
6815644,
6815644,
6815644,
6815644,
1.214832e+09,
1.04653e+09,
1.683024e+08,
2.09306e+08,
2.09306e+08,
2.09306e+08,
2.09306e+08,
2.09306e+08,
3.366047e+07,
3.366047e+07,
3.366047e+07,
3.366047e+07,
3.366047e+07,
6.51613e+08,
5.024896e+08,
1.491234e+08,
1.004979e+08,
1.004979e+08,
1.004979e+08,
1.004979e+08,
1.004979e+08,
2.982467e+07,
2.982467e+07,
2.982467e+07,
2.982467e+07,
2.982467e+07,
6.534369e+07,
6.059596e+07,
4747734,
1.211919e+07,
1.211919e+07,
1.211919e+07,
1.211919e+07,
1.211919e+07,
949546.7,
949546.7,
949546.7,
949546.7,
949546.7,
4.318925e+08,
4.08817e+08,
2.307554e+07,
8.176341e+07,
8.176341e+07,
8.176341e+07,
8.176341e+07,
8.176341e+07,
4615109,
4615109,
4615109,
4615109,
4615109,
9.556588e+07,
8.770035e+07,
7865525,
1.754007e+07,
1.754007e+07,
1.754007e+07,
1.754007e+07,
1.754007e+07,
1573105,
1573105,
1573105,
1573105,
1573105,
9.144849e+07,
8.366085e+07,
7787634,
1.673217e+07,
1.673217e+07,
1.673217e+07,
1.673217e+07,
1.673217e+07,
1557527,
1557527,
1557527,
1557527,
1557527,
4.070555e+07,
3.715849e+07,
3547056,
7431699,
7431699,
7431699,
7431699,
7431699,
709411.3,
709411.3,
709411.3,
709411.3,
709411.3,
9.815088e+07,
8.466402e+07,
1.348686e+07,
1.69328e+07,
1.69328e+07,
1.69328e+07,
1.69328e+07,
1.69328e+07,
2697372,
2697372,
2697372,
2697372,
2697372,
1.469135e+08,
1.351649e+08,
1.174857e+07,
2.703298e+07,
2.703298e+07,
2.703298e+07,
2.703298e+07,
2.703298e+07,
2349714,
2349714,
2349714,
2349714,
2349714,
3.822834e+08,
3.503687e+08,
3.191467e+07,
7.007374e+07,
7.007374e+07,
7.007374e+07,
7.007374e+07,
7.007374e+07,
6382934,
6382934,
6382934,
6382934,
6382934,
1.424684e+09,
1.173671e+09,
2.510132e+08,
2.347343e+08,
2.347343e+08,
2.347343e+08,
2.347343e+08,
2.347343e+08,
5.020265e+07,
5.020265e+07,
5.020265e+07,
5.020265e+07,
5.020265e+07,
5.902931e+07,
5.587991e+07,
3149396,
1.117598e+07,
1.117598e+07,
1.117598e+07,
1.117598e+07,
1.117598e+07,
629879.1,
629879.1,
629879.1,
629879.1,
629879.1,
1.089023e+09,
9.739683e+08,
1.150548e+08,
1.947937e+08,
1.947937e+08,
1.947937e+08,
1.947937e+08,
1.947937e+08,
2.301096e+07,
2.301096e+07,
2.301096e+07,
2.301096e+07,
2.301096e+07,
4.190079e+08,
3.588147e+08,
6.01932e+07,
7.176294e+07,
7.176294e+07,
7.176294e+07,
7.176294e+07,
7.176294e+07,
1.203864e+07,
1.203864e+07,
1.203864e+07,
1.203864e+07,
1.203864e+07,
2.898108e+08,
2.43196e+08,
4.661482e+07,
4.86392e+07,
4.86392e+07,
4.86392e+07,
4.86392e+07,
4.86392e+07,
9322965,
9322965,
9322965,
9322965,
9322965,
9.128906e+07,
8.269653e+07,
8592536,
1.653931e+07,
1.653931e+07,
1.653931e+07,
1.653931e+07,
1.653931e+07,
1718507,
1718507,
1718507,
1718507,
1718507,
4.397676e+07,
4.160854e+07,
2368226,
8321707,
8321707,
8321707,
8321707,
8321707,
473645.2,
473645.2,
473645.2,
473645.2,
473645.2,
6.94782e+08,
5.606538e+08,
1.341282e+08,
1.121308e+08,
1.121308e+08,
1.121308e+08,
1.121308e+08,
1.121308e+08,
2.682564e+07,
2.682564e+07,
2.682564e+07,
2.682564e+07,
2.682564e+07,
3.937349e+08,
3.264108e+08,
6.732418e+07,
6.528215e+07,
6.528215e+07,
6.528215e+07,
6.528215e+07,
6.528215e+07,
1.346484e+07,
1.346484e+07,
1.346484e+07,
1.346484e+07,
1.346484e+07,
0,
0,
0,
0,
0,
0,
0,
0,
0,
0,
0,
0,
0,
2077, 
4.450272e+07,
4.200644e+07,
2496287,
8401287,
8401287,
8401287,
8401287,
8401287,
499257.4,
499257.4,
499257.4,
499257.4,
499257.4,
3.949788e+08,
3.745364e+08,
2.044243e+07,
7.490727e+07,
7.490727e+07,
7.490727e+07,
7.490727e+07,
7.490727e+07,
4088486,
4088486,
4088486,
4088486,
4088486,
1.368228e+08,
1.337186e+08,
3104223,
2.674372e+07,
2.674372e+07,
2.674372e+07,
2.674372e+07,
2.674372e+07,
620844.6,
620844.6,
620844.6,
620844.6,
620844.6,
1.00897e+08,
9.10657e+07,
9831323,
1.821314e+07,
1.821314e+07,
1.821314e+07,
1.821314e+07,
1.821314e+07,
1966265,
1966265,
1966265,
1966265,
1966265,
1.974561e+08,
1.84892e+08,
1.256404e+07,
3.697841e+07,
3.697841e+07,
3.697841e+07,
3.697841e+07,
3.697841e+07,
2512808,
2512808,
2512808,
2512808,
2512808,
2.303099e+08,
2.201087e+08,
1.020124e+07,
4.402174e+07,
4.402174e+07,
4.402174e+07,
4.402174e+07,
4.402174e+07,
2040248,
2040248,
2040248,
2040248,
2040248,
2.864842e+08,
2.53147e+08,
3.333718e+07,
5.06294e+07,
5.06294e+07,
5.06294e+07,
5.06294e+07,
5.06294e+07,
6667437,
6667437,
6667437,
6667437,
6667437,
1.219501e+09,
1.054559e+09,
1.649415e+08,
2.109118e+08,
2.109118e+08,
2.109118e+08,
2.109118e+08,
2.109118e+08,
3.29883e+07,
3.29883e+07,
3.29883e+07,
3.29883e+07,
3.29883e+07,
6.523762e+08,
5.068699e+08,
1.455064e+08,
1.01374e+08,
1.01374e+08,
1.01374e+08,
1.01374e+08,
1.01374e+08,
2.910127e+07,
2.910127e+07,
2.910127e+07,
2.910127e+07,
2.910127e+07,
6.497645e+07,
6.03962e+07,
4580240,
1.207924e+07,
1.207924e+07,
1.207924e+07,
1.207924e+07,
1.207924e+07,
916047.9,
916047.9,
916047.9,
916047.9,
916047.9,
4.312252e+08,
4.086024e+08,
2.262283e+07,
8.172049e+07,
8.172049e+07,
8.172049e+07,
8.172049e+07,
8.172049e+07,
4524567,
4524567,
4524567,
4524567,
4524567,
9.498202e+07,
8.736255e+07,
7619468,
1.747251e+07,
1.747251e+07,
1.747251e+07,
1.747251e+07,
1.747251e+07,
1523894,
1523894,
1523894,
1523894,
1523894,
9.106395e+07,
8.344479e+07,
7619156,
1.668896e+07,
1.668896e+07,
1.668896e+07,
1.668896e+07,
1.668896e+07,
1523831,
1523831,
1523831,
1523831,
1523831,
4.045572e+07,
3.698953e+07,
3466183,
7397907,
7397907,
7397907,
7397907,
7397907,
693236.6,
693236.6,
693236.6,
693236.6,
693236.6,
9.792305e+07,
8.481355e+07,
1.31095e+07,
1.696271e+07,
1.696271e+07,
1.696271e+07,
1.696271e+07,
1.696271e+07,
2621899,
2621899,
2621899,
2621899,
2621899,
1.463754e+08,
1.348203e+08,
1.15552e+07,
2.696405e+07,
2.696405e+07,
2.696405e+07,
2.696405e+07,
2.696405e+07,
2311040,
2311040,
2311040,
2311040,
2311040,
3.815517e+08,
3.502824e+08,
3.126935e+07,
7.005648e+07,
7.005648e+07,
7.005648e+07,
7.005648e+07,
7.005648e+07,
6253871,
6253871,
6253871,
6253871,
6253871,
1.41536e+09,
1.172441e+09,
2.429184e+08,
2.344883e+08,
2.344883e+08,
2.344883e+08,
2.344883e+08,
2.344883e+08,
4.858368e+07,
4.858368e+07,
4.858368e+07,
4.858368e+07,
4.858368e+07,
5.847526e+07,
5.544347e+07,
3031793,
1.108869e+07,
1.108869e+07,
1.108869e+07,
1.108869e+07,
1.108869e+07,
606358.6,
606358.6,
606358.6,
606358.6,
606358.6,
1.07827e+09,
9.669389e+08,
1.113311e+08,
1.933878e+08,
1.933878e+08,
1.933878e+08,
1.933878e+08,
1.933878e+08,
2.226621e+07,
2.226621e+07,
2.226621e+07,
2.226621e+07,
2.226621e+07,
4.168024e+08,
3.583815e+08,
5.842093e+07,
7.16763e+07,
7.16763e+07,
7.16763e+07,
7.16763e+07,
7.16763e+07,
1.168419e+07,
1.168419e+07,
1.168419e+07,
1.168419e+07,
1.168419e+07,
2.88167e+08,
2.426904e+08,
4.547663e+07,
4.853809e+07,
4.853809e+07,
4.853809e+07,
4.853809e+07,
4.853809e+07,
9095326,
9095326,
9095326,
9095326,
9095326,
9.050462e+07,
8.212473e+07,
8379899,
1.642495e+07,
1.642495e+07,
1.642495e+07,
1.642495e+07,
1.642495e+07,
1675980,
1675980,
1675980,
1675980,
1675980,
4.399882e+07,
4.166952e+07,
2329296,
8333905,
8333905,
8333905,
8333905,
8333905,
465859.2,
465859.2,
465859.2,
465859.2,
465859.2,
6.937037e+08,
5.62873e+08,
1.308307e+08,
1.125746e+08,
1.125746e+08,
1.125746e+08,
1.125746e+08,
1.125746e+08,
2.616613e+07,
2.616613e+07,
2.616613e+07,
2.616613e+07,
2.616613e+07,
3.946707e+08,
3.288112e+08,
6.58595e+07,
6.576225e+07,
6.576225e+07,
6.576225e+07,
6.576225e+07,
6.576225e+07,
1.31719e+07,
1.31719e+07,
1.31719e+07,
1.31719e+07,
1.31719e+07,
0,
0,
0,
0,
0,
0,
0,
0,
0,
0,
0,
0,
0,
2078, 
4.451518e+07,
4.206634e+07,
2448828,
8413269,
8413269,
8413269,
8413269,
8413269,
489765.6,
489765.6,
489765.6,
489765.6,
489765.6,
3.952737e+08,
3.752317e+08,
2.004196e+07,
7.504634e+07,
7.504634e+07,
7.504634e+07,
7.504634e+07,
7.504634e+07,
4008392,
4008392,
4008392,
4008392,
4008392,
1.36318e+08,
1.3333e+08,
2988053,
2.666599e+07,
2.666599e+07,
2.666599e+07,
2.666599e+07,
2.666599e+07,
597610.5,
597610.5,
597610.5,
597610.5,
597610.5,
1.004286e+08,
9.083526e+07,
9593361,
1.816705e+07,
1.816705e+07,
1.816705e+07,
1.816705e+07,
1.816705e+07,
1918672,
1918672,
1918672,
1918672,
1918672,
1.960844e+08,
1.836919e+08,
1.239257e+07,
3.673838e+07,
3.673838e+07,
3.673838e+07,
3.673838e+07,
3.673838e+07,
2478513,
2478513,
2478513,
2478513,
2478513,
2.29234e+08,
2.192469e+08,
9987114,
4.384939e+07,
4.384939e+07,
4.384939e+07,
4.384939e+07,
4.384939e+07,
1997423,
1997423,
1997423,
1997423,
1997423,
2.860483e+08,
2.5345e+08,
3.259824e+07,
5.069e+07,
5.069e+07,
5.069e+07,
5.069e+07,
5.069e+07,
6519649,
6519649,
6519649,
6519649,
6519649,
1.224169e+09,
1.06262e+09,
1.615499e+08,
2.125239e+08,
2.125239e+08,
2.125239e+08,
2.125239e+08,
2.125239e+08,
3.230999e+07,
3.230999e+07,
3.230999e+07,
3.230999e+07,
3.230999e+07,
6.531394e+08,
5.11259e+08,
1.418804e+08,
1.022518e+08,
1.022518e+08,
1.022518e+08,
1.022518e+08,
1.022518e+08,
2.837609e+07,
2.837609e+07,
2.837609e+07,
2.837609e+07,
2.837609e+07,
6.46092e+07,
6.019486e+07,
4414336,
1.203897e+07,
1.203897e+07,
1.203897e+07,
1.203897e+07,
1.203897e+07,
882867.2,
882867.2,
882867.2,
882867.2,
882867.2,
4.30558e+08,
4.083866e+08,
2.217141e+07,
8.167731e+07,
8.167731e+07,
8.167731e+07,
8.167731e+07,
8.167731e+07,
4434283,
4434283,
4434283,
4434283,
4434283,
9.439816e+07,
8.702231e+07,
7375845,
1.740446e+07,
1.740446e+07,
1.740446e+07,
1.740446e+07,
1.740446e+07,
1475169,
1475169,
1475169,
1475169,
1475169,
9.067941e+07,
8.322758e+07,
7451823,
1.664552e+07,
1.664552e+07,
1.664552e+07,
1.664552e+07,
1.664552e+07,
1490365,
1490365,
1490365,
1490365,
1490365,
4.020588e+07,
3.681984e+07,
3386039,
7363969,
7363969,
7363969,
7363969,
7363969,
677207.8,
677207.8,
677207.8,
677207.8,
677207.8,
9.769523e+07,
8.496149e+07,
1.273375e+07,
1.69923e+07,
1.69923e+07,
1.69923e+07,
1.69923e+07,
1.69923e+07,
2546749,
2546749,
2546749,
2546749,
2546749,
1.458374e+08,
1.344745e+08,
1.136294e+07,
2.68949e+07,
2.68949e+07,
2.68949e+07,
2.68949e+07,
2.68949e+07,
2272587,
2272587,
2272587,
2272587,
2272587,
3.808201e+08,
3.501939e+08,
3.062628e+07,
7.003877e+07,
7.003877e+07,
7.003877e+07,
7.003877e+07,
7.003877e+07,
6125255,
6125255,
6125255,
6125255,
6125255,
1.406035e+09,
1.171127e+09,
2.349086e+08,
2.342253e+08,
2.342253e+08,
2.342253e+08,
2.342253e+08,
2.342253e+08,
4.698172e+07,
4.698172e+07,
4.698172e+07,
4.698172e+07,
4.698172e+07,
5.792121e+07,
5.500535e+07,
2915860,
1.100107e+07,
1.100107e+07,
1.100107e+07,
1.100107e+07,
1.100107e+07,
583172,
583172,
583172,
583172,
583172,
1.067517e+09,
9.598582e+08,
1.07659e+08,
1.919716e+08,
1.919716e+08,
1.919716e+08,
1.919716e+08,
1.919716e+08,
2.15318e+07,
2.15318e+07,
2.15318e+07,
2.15318e+07,
2.15318e+07,
4.145969e+08,
3.579328e+08,
5.666407e+07,
7.158657e+07,
7.158657e+07,
7.158657e+07,
7.158657e+07,
7.158657e+07,
1.133281e+07,
1.133281e+07,
1.133281e+07,
1.133281e+07,
1.133281e+07,
2.865233e+08,
2.421749e+08,
4.43484e+07,
4.843498e+07,
4.843498e+07,
4.843498e+07,
4.843498e+07,
4.843498e+07,
8869681,
8869681,
8869681,
8869681,
8869681,
8.972018e+07,
8.15505e+07,
8169667,
1.63101e+07,
1.63101e+07,
1.63101e+07,
1.63101e+07,
1.63101e+07,
1633933,
1633933,
1633933,
1633933,
1633933,
4.402088e+07,
4.173055e+07,
2290325,
8346111,
8346111,
8346111,
8346111,
8346111,
458065.1,
458065.1,
458065.1,
458065.1,
458065.1,
6.926254e+08,
5.650827e+08,
1.275428e+08,
1.130165e+08,
1.130165e+08,
1.130165e+08,
1.130165e+08,
1.130165e+08,
2.550855e+07,
2.550855e+07,
2.550855e+07,
2.550855e+07,
2.550855e+07,
3.956065e+08,
3.312194e+08,
6.438712e+07,
6.624388e+07,
6.624388e+07,
6.624388e+07,
6.624388e+07,
6.624388e+07,
1.287743e+07,
1.287743e+07,
1.287743e+07,
1.287743e+07,
1.287743e+07,
0,
0,
0,
0,
0,
0,
0,
0,
0,
0,
0,
0,
0,
2079, 
4.452763e+07,
4.212628e+07,
2401342,
8425257,
8425257,
8425257,
8425257,
8425257,
480268.3,
480268.3,
480268.3,
480268.3,
480268.3,
3.955685e+08,
3.759276e+08,
1.964087e+07,
7.518552e+07,
7.518552e+07,
7.518552e+07,
7.518552e+07,
7.518552e+07,
3928174,
3928174,
3928174,
3928174,
3928174,
1.358132e+08,
1.329406e+08,
2872658,
2.658811e+07,
2.658811e+07,
2.658811e+07,
2.658811e+07,
2.658811e+07,
574531.6,
574531.6,
574531.6,
574531.6,
574531.6,
9.996022e+07,
9.060302e+07,
9357192,
1.81206e+07,
1.81206e+07,
1.81206e+07,
1.81206e+07,
1.81206e+07,
1871438,
1871438,
1871438,
1871438,
1871438,
1.947128e+08,
1.824905e+08,
1.222227e+07,
3.64981e+07,
3.64981e+07,
3.64981e+07,
3.64981e+07,
3.64981e+07,
2444454,
2444454,
2444454,
2444454,
2444454,
2.281582e+08,
2.183836e+08,
9774552,
4.367673e+07,
4.367673e+07,
4.367673e+07,
4.367673e+07,
4.367673e+07,
1954910,
1954910,
1954910,
1954910,
1954910,
2.856123e+08,
2.537509e+08,
3.18614e+07,
5.075018e+07,
5.075018e+07,
5.075018e+07,
5.075018e+07,
5.075018e+07,
6372281,
6372281,
6372281,
6372281,
6372281,
1.228838e+09,
1.07071e+09,
1.581277e+08,
2.141421e+08,
2.141421e+08,
2.141421e+08,
2.141421e+08,
2.141421e+08,
3.162554e+07,
3.162554e+07,
3.162554e+07,
3.162554e+07,
3.162554e+07,
6.539027e+08,
5.15657e+08,
1.382457e+08,
1.031314e+08,
1.031314e+08,
1.031314e+08,
1.031314e+08,
1.031314e+08,
2.764913e+07,
2.764913e+07,
2.764913e+07,
2.764913e+07,
2.764913e+07,
6.424196e+07,
5.999193e+07,
4250026,
1.199839e+07,
1.199839e+07,
1.199839e+07,
1.199839e+07,
1.199839e+07,
850005.1,
850005.1,
850005.1,
850005.1,
850005.1,
4.298907e+08,
4.081694e+08,
2.172128e+07,
8.163388e+07,
8.163388e+07,
8.163388e+07,
8.163388e+07,
8.163388e+07,
4344257,
4344257,
4344257,
4344257,
4344257,
9.38143e+07,
8.667965e+07,
7134656,
1.733593e+07,
1.733593e+07,
1.733593e+07,
1.733593e+07,
1.733593e+07,
1426931,
1426931,
1426931,
1426931,
1426931,
9.029487e+07,
8.300923e+07,
7285637,
1.660185e+07,
1.660185e+07,
1.660185e+07,
1.660185e+07,
1.660185e+07,
1457127,
1457127,
1457127,
1457127,
1457127,
3.995605e+07,
3.664942e+07,
3306625,
7329885,
7329885,
7329885,
7329885,
7329885,
661325.1,
661325.1,
661325.1,
661325.1,
661325.1,
9.74674e+07,
8.510779e+07,
1.23596e+07,
1.702156e+07,
1.702156e+07,
1.702156e+07,
1.702156e+07,
1.702156e+07,
2471921,
2471921,
2471921,
2471921,
2471921,
1.452994e+08,
1.341276e+08,
1.117178e+07,
2.682552e+07,
2.682552e+07,
2.682552e+07,
2.682552e+07,
2.682552e+07,
2234356,
2234356,
2234356,
2234356,
2234356,
3.800885e+08,
3.501031e+08,
2.998544e+07,
7.002062e+07,
7.002062e+07,
7.002062e+07,
7.002062e+07,
7.002062e+07,
5997089,
5997089,
5997089,
5997089,
5997089,
1.39671e+09,
1.169727e+09,
2.269838e+08,
2.339453e+08,
2.339453e+08,
2.339453e+08,
2.339453e+08,
2.339453e+08,
4.539677e+07,
4.539677e+07,
4.539677e+07,
4.539677e+07,
4.539677e+07,
5.736716e+07,
5.456556e+07,
2801595,
1.091311e+07,
1.091311e+07,
1.091311e+07,
1.091311e+07,
1.091311e+07,
560319,
560319,
560319,
560319,
560319,
1.056764e+09,
9.527255e+08,
1.040385e+08,
1.905451e+08,
1.905451e+08,
1.905451e+08,
1.905451e+08,
1.905451e+08,
2.080769e+07,
2.080769e+07,
2.080769e+07,
2.080769e+07,
2.080769e+07,
4.123914e+08,
3.574688e+08,
5.49226e+07,
7.149375e+07,
7.149375e+07,
7.149375e+07,
7.149375e+07,
7.149375e+07,
1.098452e+07,
1.098452e+07,
1.098452e+07,
1.098452e+07,
1.098452e+07,
2.848796e+08,
2.416494e+08,
4.323014e+07,
4.832988e+07,
4.832988e+07,
4.832988e+07,
4.832988e+07,
4.832988e+07,
8646029,
8646029,
8646029,
8646029,
8646029,
8.893574e+07,
8.09739e+07,
7961841,
1.619478e+07,
1.619478e+07,
1.619478e+07,
1.619478e+07,
1.619478e+07,
1592368,
1592368,
1592368,
1592368,
1592368,
4.404294e+07,
4.179162e+07,
2251314,
8358325,
8358325,
8358325,
8358325,
8358325,
450262.8,
450262.8,
450262.8,
450262.8,
450262.8,
6.915471e+08,
5.672827e+08,
1.242645e+08,
1.134565e+08,
1.134565e+08,
1.134565e+08,
1.134565e+08,
1.134565e+08,
2.485289e+07,
2.485289e+07,
2.485289e+07,
2.485289e+07,
2.485289e+07,
3.965423e+08,
3.336353e+08,
6.290703e+07,
6.672706e+07,
6.672706e+07,
6.672706e+07,
6.672706e+07,
6.672706e+07,
1.258141e+07,
1.258141e+07,
1.258141e+07,
1.258141e+07,
1.258141e+07,
0,
0,
0,
0,
0,
0,
0,
0,
0,
0,
0,
0,
0,
2080, 
4.454008e+07,
4.218626e+07,
2353829,
8437251,
8437251,
8437251,
8437251,
8437251,
470765.7,
470765.7,
470765.7,
470765.7,
470765.7,
3.958633e+08,
3.766242e+08,
1.923916e+07,
7.532483e+07,
7.532483e+07,
7.532483e+07,
7.532483e+07,
7.532483e+07,
3847831,
3847831,
3847831,
3847831,
3847831,
1.353084e+08,
1.325504e+08,
2758039,
2.651008e+07,
2.651008e+07,
2.651008e+07,
2.651008e+07,
2.651008e+07,
551607.7,
551607.7,
551607.7,
551607.7,
551607.7,
9.949182e+07,
9.0369e+07,
9122817,
1.80738e+07,
1.80738e+07,
1.80738e+07,
1.80738e+07,
1.80738e+07,
1824563,
1824563,
1824563,
1824563,
1824563,
1.933411e+08,
1.81288e+08,
1.205316e+07,
3.62576e+07,
3.62576e+07,
3.62576e+07,
3.62576e+07,
3.62576e+07,
2410631,
2410631,
2410631,
2410631,
2410631,
2.270823e+08,
2.175188e+08,
9563554,
4.350375e+07,
4.350375e+07,
4.350375e+07,
4.350375e+07,
4.350375e+07,
1912711,
1912711,
1912711,
1912711,
1912711,
2.851764e+08,
2.540498e+08,
3.112666e+07,
5.080995e+07,
5.080995e+07,
5.080995e+07,
5.080995e+07,
5.080995e+07,
6225332,
6225332,
6225332,
6225332,
6225332,
1.233507e+09,
1.078832e+09,
1.546748e+08,
2.157664e+08,
2.157664e+08,
2.157664e+08,
2.157664e+08,
2.157664e+08,
3.093496e+07,
3.093496e+07,
3.093496e+07,
3.093496e+07,
3.093496e+07,
6.546659e+08,
5.200639e+08,
1.34602e+08,
1.040128e+08,
1.040128e+08,
1.040128e+08,
1.040128e+08,
1.040128e+08,
2.69204e+07,
2.69204e+07,
2.69204e+07,
2.69204e+07,
2.69204e+07,
6.387471e+07,
5.978741e+07,
4087307,
1.195748e+07,
1.195748e+07,
1.195748e+07,
1.195748e+07,
1.195748e+07,
817461.3,
817461.3,
817461.3,
817461.3,
817461.3,
4.292234e+08,
4.07951e+08,
2.127245e+07,
8.159019e+07,
8.159019e+07,
8.159019e+07,
8.159019e+07,
8.159019e+07,
4254489,
4254489,
4254489,
4254489,
4254489,
9.323045e+07,
8.633454e+07,
6895901,
1.726691e+07,
1.726691e+07,
1.726691e+07,
1.726691e+07,
1.726691e+07,
1379180,
1379180,
1379180,
1379180,
1379180,
8.991033e+07,
8.278973e+07,
7120596,
1.655795e+07,
1.655795e+07,
1.655795e+07,
1.655795e+07,
1.655795e+07,
1424119,
1424119,
1424119,
1424119,
1424119,
3.970622e+07,
3.647828e+07,
3227942,
7295656,
7295656,
7295656,
7295656,
7295656,
645588.4,
645588.4,
645588.4,
645588.4,
645588.4,
9.723958e+07,
8.52525e+07,
1.198708e+07,
1.70505e+07,
1.70505e+07,
1.70505e+07,
1.70505e+07,
1.70505e+07,
2397415,
2397415,
2397415,
2397415,
2397415,
1.447614e+08,
1.337797e+08,
1.098173e+07,
2.675594e+07,
2.675594e+07,
2.675594e+07,
2.675594e+07,
2.675594e+07,
2196346,
2196346,
2196346,
2196346,
2196346,
3.793569e+08,
3.500101e+08,
2.934685e+07,
7.000202e+07,
7.000202e+07,
7.000202e+07,
7.000202e+07,
7.000202e+07,
5869369,
5869369,
5869369,
5869369,
5869369,
1.387386e+09,
1.168242e+09,
2.191441e+08,
2.336483e+08,
2.336483e+08,
2.336483e+08,
2.336483e+08,
2.336483e+08,
4.382882e+07,
4.382882e+07,
4.382882e+07,
4.382882e+07,
4.382882e+07,
5.681311e+07,
5.412411e+07,
2688998,
1.082482e+07,
1.082482e+07,
1.082482e+07,
1.082482e+07,
1.082482e+07,
537799.6,
537799.6,
537799.6,
537799.6,
537799.6,
1.046011e+09,
9.455415e+08,
1.004696e+08,
1.891083e+08,
1.891083e+08,
1.891083e+08,
1.891083e+08,
1.891083e+08,
2.009392e+07,
2.009392e+07,
2.009392e+07,
2.009392e+07,
2.009392e+07,
4.101858e+08,
3.569893e+08,
5.319654e+07,
7.139786e+07,
7.139786e+07,
7.139786e+07,
7.139786e+07,
7.139786e+07,
1.063931e+07,
1.063931e+07,
1.063931e+07,
1.063931e+07,
1.063931e+07,
2.832358e+08,
2.41114e+08,
4.212186e+07,
4.822279e+07,
4.822279e+07,
4.822279e+07,
4.822279e+07,
4.822279e+07,
8424371,
8424371,
8424371,
8424371,
8424371,
8.81513e+07,
8.039487e+07,
7756423,
1.607897e+07,
1.607897e+07,
1.607897e+07,
1.607897e+07,
1.607897e+07,
1551285,
1551285,
1551285,
1551285,
1551285,
4.406499e+07,
4.185272e+07,
2212263,
8370545,
8370545,
8370545,
8370545,
8370545,
442452.7,
442452.7,
442452.7,
442452.7,
442452.7,
6.904689e+08,
5.694731e+08,
1.209958e+08,
1.138946e+08,
1.138946e+08,
1.138946e+08,
1.138946e+08,
1.138946e+08,
2.419915e+07,
2.419915e+07,
2.419915e+07,
2.419915e+07,
2.419915e+07,
3.974781e+08,
3.360589e+08,
6.141924e+07,
6.721178e+07,
6.721178e+07,
6.721178e+07,
6.721178e+07,
6.721178e+07,
1.228385e+07,
1.228385e+07,
1.228385e+07,
1.228385e+07,
1.228385e+07,
0,
0,
0,
0,
0,
0,
0,
0,
0,
0,
0,
0,
0,
2081, 
4.449992e+07,
4.218815e+07,
2311772,
8437630,
8437630,
8437630,
8437630,
8437630,
462354.3,
462354.3,
462354.3,
462354.3,
462354.3,
3.958804e+08,
3.769863e+08,
1.889408e+07,
7.539726e+07,
7.539726e+07,
7.539726e+07,
7.539726e+07,
7.539726e+07,
3778817,
3778817,
3778817,
3778817,
3778817,
1.347348e+08,
1.320631e+08,
2671768,
2.641261e+07,
2.641261e+07,
2.641261e+07,
2.641261e+07,
2.641261e+07,
534353.6,
534353.6,
534353.6,
534353.6,
534353.6,
9.896237e+07,
9.004081e+07,
8921549,
1.800816e+07,
1.800816e+07,
1.800816e+07,
1.800816e+07,
1.800816e+07,
1784310,
1784310,
1784310,
1784310,
1784310,
1.919052e+08,
1.8001e+08,
1.189515e+07,
3.600201e+07,
3.600201e+07,
3.600201e+07,
3.600201e+07,
3.600201e+07,
2379029,
2379029,
2379029,
2379029,
2379029,
2.258647e+08,
2.164808e+08,
9383907,
4.329615e+07,
4.329615e+07,
4.329615e+07,
4.329615e+07,
4.329615e+07,
1876781,
1876781,
1876781,
1876781,
1876781,
2.845577e+08,
2.540448e+08,
3.051292e+07,
5.080896e+07,
5.080896e+07,
5.080896e+07,
5.080896e+07,
5.080896e+07,
6102585,
6102585,
6102585,
6102585,
6102585,
1.236549e+09,
1.084718e+09,
1.518312e+08,
2.169435e+08,
2.169435e+08,
2.169435e+08,
2.169435e+08,
2.169435e+08,
3.036625e+07,
3.036625e+07,
3.036625e+07,
3.036625e+07,
3.036625e+07,
6.546171e+08,
5.23078e+08,
1.315392e+08,
1.046156e+08,
1.046156e+08,
1.046156e+08,
1.046156e+08,
1.046156e+08,
2.630783e+07,
2.630783e+07,
2.630783e+07,
2.630783e+07,
2.630783e+07,
6.345115e+07,
5.949548e+07,
3955679,
1.18991e+07,
1.18991e+07,
1.18991e+07,
1.18991e+07,
1.18991e+07,
791135.8,
791135.8,
791135.8,
791135.8,
791135.8,
4.281495e+08,
4.072546e+08,
2.089496e+07,
8.145091e+07,
8.145091e+07,
8.145091e+07,
8.145091e+07,
8.145091e+07,
4178993,
4178993,
4178993,
4178993,
4178993,
9.265559e+07,
8.595047e+07,
6705129,
1.719009e+07,
1.719009e+07,
1.719009e+07,
1.719009e+07,
1.719009e+07,
1341026,
1341026,
1341026,
1341026,
1341026,
8.948303e+07,
8.250584e+07,
6977197,
1.650117e+07,
1.650117e+07,
1.650117e+07,
1.650117e+07,
1.650117e+07,
1395439,
1395439,
1395439,
1395439,
1395439,
3.945438e+07,
3.629401e+07,
3160373,
7258803,
7258803,
7258803,
7258803,
7258803,
632074.6,
632074.6,
632074.6,
632074.6,
632074.6,
9.695142e+07,
8.526745e+07,
1.168398e+07,
1.705349e+07,
1.705349e+07,
1.705349e+07,
1.705349e+07,
1.705349e+07,
2336796,
2336796,
2336796,
2336796,
2336796,
1.441899e+08,
1.333697e+08,
1.082017e+07,
2.667394e+07,
2.667394e+07,
2.667394e+07,
2.667394e+07,
2.667394e+07,
2164034,
2164034,
2164034,
2164034,
2164034,
3.783161e+08,
3.495144e+08,
2.88017e+07,
6.990287e+07,
6.990287e+07,
6.990287e+07,
6.990287e+07,
6.990287e+07,
5760341,
5760341,
5760341,
5760341,
5760341,
1.376979e+09,
1.164418e+09,
2.125618e+08,
2.328835e+08,
2.328835e+08,
2.328835e+08,
2.328835e+08,
2.328835e+08,
4.251235e+07,
4.251235e+07,
4.251235e+07,
4.251235e+07,
4.251235e+07,
5.627023e+07,
5.367221e+07,
2598023,
1.073444e+07,
1.073444e+07,
1.073444e+07,
1.073444e+07,
1.073444e+07,
519604.5,
519604.5,
519604.5,
519604.5,
519604.5,
1.035118e+09,
9.376183e+08,
9.749975e+07,
1.875237e+08,
1.875237e+08,
1.875237e+08,
1.875237e+08,
1.875237e+08,
1.949995e+07,
1.949995e+07,
1.949995e+07,
1.949995e+07,
1.949995e+07,
4.07734e+08,
3.559702e+08,
5.176377e+07,
7.119405e+07,
7.119405e+07,
7.119405e+07,
7.119405e+07,
7.119405e+07,
1.035275e+07,
1.035275e+07,
1.035275e+07,
1.035275e+07,
1.035275e+07,
2.814783e+08,
2.403124e+08,
4.116586e+07,
4.806249e+07,
4.806249e+07,
4.806249e+07,
4.806249e+07,
4.806249e+07,
8233171,
8233171,
8233171,
8233171,
8233171,
8.73595e+07,
7.978267e+07,
7576836,
1.595653e+07,
1.595653e+07,
1.595653e+07,
1.595653e+07,
1.595653e+07,
1515367,
1515367,
1515367,
1515367,
1515367,
4.402926e+07,
4.185106e+07,
2178203,
8370212,
8370212,
8370212,
8370212,
8370212,
435640.7,
435640.7,
435640.7,
435640.7,
435640.7,
6.887288e+08,
5.704743e+08,
1.182545e+08,
1.140949e+08,
1.140949e+08,
1.140949e+08,
1.140949e+08,
1.140949e+08,
2.36509e+07,
2.36509e+07,
2.36509e+07,
2.36509e+07,
2.36509e+07,
3.978542e+08,
3.376767e+08,
6.017756e+07,
6.753534e+07,
6.753534e+07,
6.753534e+07,
6.753534e+07,
6.753534e+07,
1.203551e+07,
1.203551e+07,
1.203551e+07,
1.203551e+07,
1.203551e+07,
0,
0,
0,
0,
0,
0,
0,
0,
0,
0,
0,
0,
0,
2082, 
4.445975e+07,
4.218996e+07,
2269787,
8437993,
8437993,
8437993,
8437993,
8437993,
453957.4,
453957.4,
453957.4,
453957.4,
453957.4,
3.958975e+08,
3.773485e+08,
1.854898e+07,
7.54697e+07,
7.54697e+07,
7.54697e+07,
7.54697e+07,
7.54697e+07,
3709796,
3709796,
3709796,
3709796,
3709796,
1.341613e+08,
1.315751e+08,
2586133,
2.631502e+07,
2.631502e+07,
2.631502e+07,
2.631502e+07,
2.631502e+07,
517226.5,
517226.5,
517226.5,
517226.5,
517226.5,
9.843292e+07,
8.971102e+07,
8721914,
1.79422e+07,
1.79422e+07,
1.79422e+07,
1.79422e+07,
1.79422e+07,
1744383,
1744383,
1744383,
1744383,
1744383,
1.904692e+08,
1.787311e+08,
1.173816e+07,
3.574621e+07,
3.574621e+07,
3.574621e+07,
3.574621e+07,
3.574621e+07,
2347632,
2347632,
2347632,
2347632,
2347632,
2.246471e+08,
2.154414e+08,
9205647,
4.308828e+07,
4.308828e+07,
4.308828e+07,
4.308828e+07,
4.308828e+07,
1841129,
1841129,
1841129,
1841129,
1841129,
2.839391e+08,
2.540375e+08,
2.990157e+07,
5.08075e+07,
5.08075e+07,
5.08075e+07,
5.08075e+07,
5.08075e+07,
5980314,
5980314,
5980314,
5980314,
5980314,
1.239591e+09,
1.090619e+09,
1.489719e+08,
2.181239e+08,
2.181239e+08,
2.181239e+08,
2.181239e+08,
2.181239e+08,
2.979437e+07,
2.979437e+07,
2.979437e+07,
2.979437e+07,
2.979437e+07,
6.545682e+08,
5.260914e+08,
1.284768e+08,
1.052183e+08,
1.052183e+08,
1.052183e+08,
1.052183e+08,
1.052183e+08,
2.569536e+07,
2.569536e+07,
2.569536e+07,
2.569536e+07,
2.569536e+07,
6.302759e+07,
5.920214e+07,
3825447,
1.184043e+07,
1.184043e+07,
1.184043e+07,
1.184043e+07,
1.184043e+07,
765089.4,
765089.4,
765089.4,
765089.4,
765089.4,
4.270756e+08,
4.065564e+08,
2.051911e+07,
8.131129e+07,
8.131129e+07,
8.131129e+07,
8.131129e+07,
8.131129e+07,
4103822,
4103822,
4103822,
4103822,
4103822,
9.208075e+07,
8.556455e+07,
6516197,
1.711291e+07,
1.711291e+07,
1.711291e+07,
1.711291e+07,
1.711291e+07,
1303239,
1303239,
1303239,
1303239,
1303239,
8.905574e+07,
8.22209e+07,
6834843,
1.644418e+07,
1.644418e+07,
1.644418e+07,
1.644418e+07,
1.644418e+07,
1366969,
1366969,
1366969,
1366969,
1366969,
3.920255e+07,
3.610914e+07,
3093406,
7221829,
7221829,
7221829,
7221829,
7221829,
618681.1,
618681.1,
618681.1,
618681.1,
618681.1,
9.666326e+07,
8.528079e+07,
1.138248e+07,
1.705616e+07,
1.705616e+07,
1.705616e+07,
1.705616e+07,
1.705616e+07,
2276495,
2276495,
2276495,
2276495,
2276495,
1.436184e+08,
1.329588e+08,
1.065954e+07,
2.659177e+07,
2.659177e+07,
2.659177e+07,
2.659177e+07,
2.659177e+07,
2131909,
2131909,
2131909,
2131909,
2131909,
3.772752e+08,
3.490161e+08,
2.825912e+07,
6.980322e+07,
6.980322e+07,
6.980322e+07,
6.980322e+07,
6.980322e+07,
5651824,
5651824,
5651824,
5651824,
5651824,
1.366573e+09,
1.160519e+09,
2.060541e+08,
2.321038e+08,
2.321038e+08,
2.321038e+08,
2.321038e+08,
2.321038e+08,
4.121081e+07,
4.121081e+07,
4.121081e+07,
4.121081e+07,
4.121081e+07,
5.572736e+07,
5.321905e+07,
2508307,
1.064381e+07,
1.064381e+07,
1.064381e+07,
1.064381e+07,
1.064381e+07,
501661.3,
501661.3,
501661.3,
501661.3,
501661.3,
1.024225e+09,
9.296546e+08,
9.457042e+07,
1.859309e+08,
1.859309e+08,
1.859309e+08,
1.859309e+08,
1.859309e+08,
1.891408e+07,
1.891408e+07,
1.891408e+07,
1.891408e+07,
1.891408e+07,
4.052822e+08,
3.549378e+08,
5.034441e+07,
7.098757e+07,
7.098757e+07,
7.098757e+07,
7.098757e+07,
7.098757e+07,
1.006888e+07,
1.006888e+07,
1.006888e+07,
1.006888e+07,
1.006888e+07,
2.797208e+08,
2.395023e+08,
4.021853e+07,
4.790046e+07,
4.790046e+07,
4.790046e+07,
4.790046e+07,
4.790046e+07,
8043707,
8043707,
8043707,
8043707,
8043707,
8.656771e+07,
7.916846e+07,
7399243,
1.583369e+07,
1.583369e+07,
1.583369e+07,
1.583369e+07,
1.583369e+07,
1479849,
1479849,
1479849,
1479849,
1479849,
4.399353e+07,
4.184934e+07,
2144196,
8369867,
8369867,
8369867,
8369867,
8369867,
428839.1,
428839.1,
428839.1,
428839.1,
428839.1,
6.869888e+08,
5.714633e+08,
1.155255e+08,
1.142927e+08,
1.142927e+08,
1.142927e+08,
1.142927e+08,
1.142927e+08,
2.31051e+07,
2.31051e+07,
2.31051e+07,
2.31051e+07,
2.31051e+07,
3.982303e+08,
3.392969e+08,
5.893342e+07,
6.785938e+07,
6.785938e+07,
6.785938e+07,
6.785938e+07,
6.785938e+07,
1.178668e+07,
1.178668e+07,
1.178668e+07,
1.178668e+07,
1.178668e+07,
0,
0,
0,
0,
0,
0,
0,
0,
0,
0,
0,
0,
0,
2083, 
4.441959e+07,
4.219171e+07,
2227875,
8438342,
8438342,
8438342,
8438342,
8438342,
445575.1,
445575.1,
445575.1,
445575.1,
445575.1,
3.959146e+08,
3.777107e+08,
1.820385e+07,
7.554214e+07,
7.554214e+07,
7.554214e+07,
7.554214e+07,
7.554214e+07,
3640770,
3640770,
3640770,
3640770,
3640770,
1.335877e+08,
1.310865e+08,
2501132,
2.621731e+07,
2.621731e+07,
2.621731e+07,
2.621731e+07,
2.621731e+07,
500226.3,
500226.3,
500226.3,
500226.3,
500226.3,
9.790347e+07,
8.937955e+07,
8523915,
1.787591e+07,
1.787591e+07,
1.787591e+07,
1.787591e+07,
1.787591e+07,
1704783,
1704783,
1704783,
1704783,
1704783,
1.890332e+08,
1.774511e+08,
1.15822e+07,
3.549021e+07,
3.549021e+07,
3.549021e+07,
3.549021e+07,
3.549021e+07,
2316440,
2316440,
2316440,
2316440,
2316440,
2.234294e+08,
2.144006e+08,
9028768,
4.288013e+07,
4.288013e+07,
4.288013e+07,
4.288013e+07,
4.288013e+07,
1805754,
1805754,
1805754,
1805754,
1805754,
2.833204e+08,
2.540278e+08,
2.929259e+07,
5.080556e+07,
5.080556e+07,
5.080556e+07,
5.080556e+07,
5.080556e+07,
5858518,
5858518,
5858518,
5858518,
5858518,
1.242633e+09,
1.096537e+09,
1.460966e+08,
2.193073e+08,
2.193073e+08,
2.193073e+08,
2.193073e+08,
2.193073e+08,
2.921931e+07,
2.921931e+07,
2.921931e+07,
2.921931e+07,
2.921931e+07,
6.545194e+08,
5.291045e+08,
1.254148e+08,
1.058209e+08,
1.058209e+08,
1.058209e+08,
1.058209e+08,
1.058209e+08,
2.508297e+07,
2.508297e+07,
2.508297e+07,
2.508297e+07,
2.508297e+07,
6.260404e+07,
5.890742e+07,
3696611,
1.178149e+07,
1.178149e+07,
1.178149e+07,
1.178149e+07,
1.178149e+07,
739322.1,
739322.1,
739322.1,
739322.1,
739322.1,
4.260016e+08,
4.058567e+08,
2.014488e+07,
8.117134e+07,
8.117134e+07,
8.117134e+07,
8.117134e+07,
8.117134e+07,
4028977,
4028977,
4028977,
4028977,
4028977,
9.15059e+07,
8.517679e+07,
6329104,
1.703536e+07,
1.703536e+07,
1.703536e+07,
1.703536e+07,
1.703536e+07,
1265821,
1265821,
1265821,
1265821,
1265821,
8.862844e+07,
8.19349e+07,
6693537,
1.638698e+07,
1.638698e+07,
1.638698e+07,
1.638698e+07,
1.638698e+07,
1338707,
1338707,
1338707,
1338707,
1338707,
3.895071e+07,
3.592367e+07,
3027039,
7184735,
7184735,
7184735,
7184735,
7184735,
605407.8,
605407.8,
605407.8,
605407.8,
605407.8,
9.63751e+07,
8.529255e+07,
1.108256e+07,
1.705851e+07,
1.705851e+07,
1.705851e+07,
1.705851e+07,
1.705851e+07,
2216512,
2216512,
2216512,
2216512,
2216512,
1.430469e+08,
1.32547e+08,
1.049986e+07,
2.650941e+07,
2.650941e+07,
2.650941e+07,
2.650941e+07,
2.650941e+07,
2099972,
2099972,
2099972,
2099972,
2099972,
3.762344e+08,
3.485154e+08,
2.771909e+07,
6.970307e+07,
6.970307e+07,
6.970307e+07,
6.970307e+07,
6.970307e+07,
5543819,
5543819,
5543819,
5543819,
5543819,
1.356167e+09,
1.156546e+09,
1.99621e+08,
2.313091e+08,
2.313091e+08,
2.313091e+08,
2.313091e+08,
2.313091e+08,
3.992421e+07,
3.992421e+07,
3.992421e+07,
3.992421e+07,
3.992421e+07,
5.518448e+07,
5.276463e+07,
2419850,
1.055293e+07,
1.055293e+07,
1.055293e+07,
1.055293e+07,
1.055293e+07,
483970.1,
483970.1,
483970.1,
483970.1,
483970.1,
1.013332e+09,
9.216503e+08,
9.168155e+07,
1.843301e+08,
1.843301e+08,
1.843301e+08,
1.843301e+08,
1.843301e+08,
1.833631e+07,
1.833631e+07,
1.833631e+07,
1.833631e+07,
1.833631e+07,
4.028304e+08,
3.53892e+08,
4.893846e+07,
7.077839e+07,
7.077839e+07,
7.077839e+07,
7.077839e+07,
7.077839e+07,
9787691,
9787691,
9787691,
9787691,
9787691,
2.779633e+08,
2.386834e+08,
3.927988e+07,
4.773668e+07,
4.773668e+07,
4.773668e+07,
4.773668e+07,
4.773668e+07,
7855976,
7855976,
7855976,
7855976,
7855976,
8.577592e+07,
7.855228e+07,
7223642,
1.571046e+07,
1.571046e+07,
1.571046e+07,
1.571046e+07,
1.571046e+07,
1444728,
1444728,
1444728,
1444728,
1444728,
4.39578e+07,
4.184756e+07,
2110240,
8369512,
8369512,
8369512,
8369512,
8369512,
422048.1,
422048.1,
422048.1,
422048.1,
422048.1,
6.852488e+08,
5.724399e+08,
1.128089e+08,
1.14488e+08,
1.14488e+08,
1.14488e+08,
1.14488e+08,
1.14488e+08,
2.256177e+07,
2.256177e+07,
2.256177e+07,
2.256177e+07,
2.256177e+07,
3.986065e+08,
3.409197e+08,
5.768682e+07,
6.818394e+07,
6.818394e+07,
6.818394e+07,
6.818394e+07,
6.818394e+07,
1.153736e+07,
1.153736e+07,
1.153736e+07,
1.153736e+07,
1.153736e+07,
0,
0,
0,
0,
0,
0,
0,
0,
0,
0,
0,
0,
0,
2084, 
4.437942e+07,
4.219338e+07,
2186035,
8438677,
8438677,
8438677,
8438677,
8438677,
437206.9,
437206.9,
437206.9,
437206.9,
437206.9,
3.959316e+08,
3.78073e+08,
1.785869e+07,
7.561459e+07,
7.561459e+07,
7.561459e+07,
7.561459e+07,
7.561459e+07,
3571737,
3571737,
3571737,
3571737,
3571737,
1.330141e+08,
1.305973e+08,
2416767,
2.611946e+07,
2.611946e+07,
2.611946e+07,
2.611946e+07,
2.611946e+07,
483353.3,
483353.3,
483353.3,
483353.3,
483353.3,
9.737403e+07,
8.904648e+07,
8327550,
1.78093e+07,
1.78093e+07,
1.78093e+07,
1.78093e+07,
1.78093e+07,
1665510,
1665510,
1665510,
1665510,
1665510,
1.875973e+08,
1.7617e+08,
1.142726e+07,
3.5234e+07,
3.5234e+07,
3.5234e+07,
3.5234e+07,
3.5234e+07,
2285453,
2285453,
2285453,
2285453,
2285453,
2.222118e+08,
2.133585e+08,
8853272,
4.26717e+07,
4.26717e+07,
4.26717e+07,
4.26717e+07,
4.26717e+07,
1770654,
1770654,
1770654,
1770654,
1770654,
2.827017e+08,
2.540157e+08,
2.868598e+07,
5.080315e+07,
5.080315e+07,
5.080315e+07,
5.080315e+07,
5.080315e+07,
5737197,
5737197,
5737197,
5737197,
5737197,
1.245676e+09,
1.10247e+09,
1.432054e+08,
2.20494e+08,
2.20494e+08,
2.20494e+08,
2.20494e+08,
2.20494e+08,
2.864108e+07,
2.864108e+07,
2.864108e+07,
2.864108e+07,
2.864108e+07,
6.544705e+08,
5.321171e+08,
1.223534e+08,
1.064234e+08,
1.064234e+08,
1.064234e+08,
1.064234e+08,
1.064234e+08,
2.447067e+07,
2.447067e+07,
2.447067e+07,
2.447067e+07,
2.447067e+07,
6.218047e+07,
5.86113e+07,
3569170,
1.172226e+07,
1.172226e+07,
1.172226e+07,
1.172226e+07,
1.172226e+07,
713833.9,
713833.9,
713833.9,
713833.9,
713833.9,
4.249277e+08,
4.051554e+08,
1.977228e+07,
8.103109e+07,
8.103109e+07,
8.103109e+07,
8.103109e+07,
8.103109e+07,
3954456,
3954456,
3954456,
3954456,
3954456,
9.093106e+07,
8.47872e+07,
6143851,
1.695744e+07,
1.695744e+07,
1.695744e+07,
1.695744e+07,
1.695744e+07,
1228770,
1228770,
1228770,
1228770,
1228770,
8.820115e+07,
8.164787e+07,
6553276,
1.632957e+07,
1.632957e+07,
1.632957e+07,
1.632957e+07,
1.632957e+07,
1310655,
1310655,
1310655,
1310655,
1310655,
3.869888e+07,
3.57376e+07,
2961274,
7147521,
7147521,
7147521,
7147521,
7147521,
592254.9,
592254.9,
592254.9,
592254.9,
592254.9,
9.608694e+07,
8.530271e+07,
1.078424e+07,
1.706054e+07,
1.706054e+07,
1.706054e+07,
1.706054e+07,
1.706054e+07,
2156847,
2156847,
2156847,
2156847,
2156847,
1.424754e+08,
1.321343e+08,
1.034111e+07,
2.642686e+07,
2.642686e+07,
2.642686e+07,
2.642686e+07,
2.642686e+07,
2068222,
2068222,
2068222,
2068222,
2068222,
3.751936e+08,
3.48012e+08,
2.718162e+07,
6.960239e+07,
6.960239e+07,
6.960239e+07,
6.960239e+07,
6.960239e+07,
5436325,
5436325,
5436325,
5436325,
5436325,
1.34576e+09,
1.152498e+09,
1.932627e+08,
2.304995e+08,
2.304995e+08,
2.304995e+08,
2.304995e+08,
2.304995e+08,
3.865253e+07,
3.865253e+07,
3.865253e+07,
3.865253e+07,
3.865253e+07,
5.46416e+07,
5.230895e+07,
2332654,
1.046179e+07,
1.046179e+07,
1.046179e+07,
1.046179e+07,
1.046179e+07,
466530.8,
466530.8,
466530.8,
466530.8,
466530.8,
1.002439e+09,
9.136055e+08,
8.883317e+07,
1.827211e+08,
1.827211e+08,
1.827211e+08,
1.827211e+08,
1.827211e+08,
1.776663e+07,
1.776663e+07,
1.776663e+07,
1.776663e+07,
1.776663e+07,
4.003786e+08,
3.528327e+08,
4.754591e+07,
7.056654e+07,
7.056654e+07,
7.056654e+07,
7.056654e+07,
7.056654e+07,
9509182,
9509182,
9509182,
9509182,
9509182,
2.762059e+08,
2.378559e+08,
3.834991e+07,
4.757119e+07,
4.757119e+07,
4.757119e+07,
4.757119e+07,
4.757119e+07,
7669983,
7669983,
7669983,
7669983,
7669983,
8.498412e+07,
7.793409e+07,
7050032,
1.558682e+07,
1.558682e+07,
1.558682e+07,
1.558682e+07,
1.558682e+07,
1410006,
1410006,
1410006,
1410006,
1410006,
4.392207e+07,
4.184573e+07,
2076337,
8369147,
8369147,
8369147,
8369147,
8369147,
415267.4,
415267.4,
415267.4,
415267.4,
415267.4,
6.835088e+08,
5.734042e+08,
1.101045e+08,
1.146808e+08,
1.146808e+08,
1.146808e+08,
1.146808e+08,
1.146808e+08,
2.20209e+07,
2.20209e+07,
2.20209e+07,
2.20209e+07,
2.20209e+07,
3.989826e+08,
3.425448e+08,
5.643776e+07,
6.850896e+07,
6.850896e+07,
6.850896e+07,
6.850896e+07,
6.850896e+07,
1.128755e+07,
1.128755e+07,
1.128755e+07,
1.128755e+07,
1.128755e+07,
0,
0,
0,
0,
0,
0,
0,
0,
0,
0,
0,
0,
0,
2085, 
4.433925e+07,
4.219498e+07,
2144267,
8438997,
8438997,
8438997,
8438997,
8438997,
428853.3,
428853.3,
428853.3,
428853.3,
428853.3,
3.959487e+08,
3.784352e+08,
1.751349e+07,
7.568705e+07,
7.568705e+07,
7.568705e+07,
7.568705e+07,
7.568705e+07,
3502699,
3502699,
3502699,
3502699,
3502699,
1.324405e+08,
1.301075e+08,
2333036,
2.602149e+07,
2.602149e+07,
2.602149e+07,
2.602149e+07,
2.602149e+07,
466607.2,
466607.2,
466607.2,
466607.2,
466607.2,
9.684458e+07,
8.871176e+07,
8132818,
1.774235e+07,
1.774235e+07,
1.774235e+07,
1.774235e+07,
1.774235e+07,
1626564,
1626564,
1626564,
1626564,
1626564,
1.861613e+08,
1.74888e+08,
1.127335e+07,
3.497759e+07,
3.497759e+07,
3.497759e+07,
3.497759e+07,
3.497759e+07,
2254671,
2254671,
2254671,
2254671,
2254671,
2.209941e+08,
2.12315e+08,
8679164,
4.2463e+07,
4.2463e+07,
4.2463e+07,
4.2463e+07,
4.2463e+07,
1735833,
1735833,
1735833,
1735833,
1735833,
2.82083e+08,
2.540013e+08,
2.808175e+07,
5.080026e+07,
5.080026e+07,
5.080026e+07,
5.080026e+07,
5.080026e+07,
5616350,
5616350,
5616350,
5616350,
5616350,
1.248718e+09,
1.108419e+09,
1.402984e+08,
2.216839e+08,
2.216839e+08,
2.216839e+08,
2.216839e+08,
2.216839e+08,
2.805968e+07,
2.805968e+07,
2.805968e+07,
2.805968e+07,
2.805968e+07,
6.544216e+08,
5.351293e+08,
1.192923e+08,
1.070259e+08,
1.070259e+08,
1.070259e+08,
1.070259e+08,
1.070259e+08,
2.385847e+07,
2.385847e+07,
2.385847e+07,
2.385847e+07,
2.385847e+07,
6.175692e+07,
5.831379e+07,
3443124,
1.166276e+07,
1.166276e+07,
1.166276e+07,
1.166276e+07,
1.166276e+07,
688624.8,
688624.8,
688624.8,
688624.8,
688624.8,
4.238538e+08,
4.044525e+08,
1.940131e+07,
8.08905e+07,
8.08905e+07,
8.08905e+07,
8.08905e+07,
8.08905e+07,
3880262,
3880262,
3880262,
3880262,
3880262,
9.03562e+07,
8.439576e+07,
5960437,
1.687915e+07,
1.687915e+07,
1.687915e+07,
1.687915e+07,
1.687915e+07,
1192087,
1192087,
1192087,
1192087,
1192087,
8.777386e+07,
8.135979e+07,
6414062,
1.627196e+07,
1.627196e+07,
1.627196e+07,
1.627196e+07,
1.627196e+07,
1282812,
1282812,
1282812,
1282812,
1282812,
3.844704e+07,
3.555093e+07,
2896110,
7110187,
7110187,
7110187,
7110187,
7110187,
579222.1,
579222.1,
579222.1,
579222.1,
579222.1,
9.579879e+07,
8.531129e+07,
1.04875e+07,
1.706226e+07,
1.706226e+07,
1.706226e+07,
1.706226e+07,
1.706226e+07,
2097501,
2097501,
2097501,
2097501,
2097501,
1.419039e+08,
1.317206e+08,
1.01833e+07,
2.634412e+07,
2.634412e+07,
2.634412e+07,
2.634412e+07,
2.634412e+07,
2036659,
2036659,
2036659,
2036659,
2036659,
3.741528e+08,
3.475061e+08,
2.664671e+07,
6.950122e+07,
6.950122e+07,
6.950122e+07,
6.950122e+07,
6.950122e+07,
5329342,
5329342,
5329342,
5329342,
5329342,
1.335354e+09,
1.148375e+09,
1.869789e+08,
2.29675e+08,
2.29675e+08,
2.29675e+08,
2.29675e+08,
2.29675e+08,
3.739578e+07,
3.739578e+07,
3.739578e+07,
3.739578e+07,
3.739578e+07,
5.409873e+07,
5.185201e+07,
2246717,
1.03704e+07,
1.03704e+07,
1.03704e+07,
1.03704e+07,
1.03704e+07,
449343.3,
449343.3,
449343.3,
449343.3,
449343.3,
9.915457e+08,
9.055204e+08,
8.602528e+07,
1.811041e+08,
1.811041e+08,
1.811041e+08,
1.811041e+08,
1.811041e+08,
1.720506e+07,
1.720506e+07,
1.720506e+07,
1.720506e+07,
1.720506e+07,
3.979268e+08,
3.5176e+08,
4.616678e+07,
7.035201e+07,
7.035201e+07,
7.035201e+07,
7.035201e+07,
7.035201e+07,
9233355,
9233355,
9233355,
9233355,
9233355,
2.744483e+08,
2.370197e+08,
3.74286e+07,
4.740394e+07,
4.740394e+07,
4.740394e+07,
4.740394e+07,
4.740394e+07,
7485721,
7485721,
7485721,
7485721,
7485721,
8.419233e+07,
7.731391e+07,
6878417,
1.546278e+07,
1.546278e+07,
1.546278e+07,
1.546278e+07,
1.546278e+07,
1375683,
1375683,
1375683,
1375683,
1375683,
4.388634e+07,
4.184385e+07,
2042486,
8368771,
8368771,
8368771,
8368771,
8368771,
408497.3,
408497.3,
408497.3,
408497.3,
408497.3,
6.817688e+08,
5.743563e+08,
1.074125e+08,
1.148713e+08,
1.148713e+08,
1.148713e+08,
1.148713e+08,
1.148713e+08,
2.14825e+07,
2.14825e+07,
2.14825e+07,
2.14825e+07,
2.14825e+07,
3.993587e+08,
3.441724e+08,
5.518625e+07,
6.883449e+07,
6.883449e+07,
6.883449e+07,
6.883449e+07,
6.883449e+07,
1.103725e+07,
1.103725e+07,
1.103725e+07,
1.103725e+07,
1.103725e+07,
0,
0,
0,
0,
0,
0,
0,
0,
0,
0,
0,
0,
0,
2086, 
4.421492e+07,
4.211635e+07,
2098576,
8423270,
8423270,
8423270,
8423270,
8423270,
419715.2,
419715.2,
419715.2,
419715.2,
419715.2,
3.9562e+08,
3.784667e+08,
1.715328e+07,
7.569334e+07,
7.569334e+07,
7.569334e+07,
7.569334e+07,
7.569334e+07,
3430656,
3430656,
3430656,
3430656,
3430656,
1.317888e+08,
1.295402e+08,
2248608,
2.590804e+07,
2.590804e+07,
2.590804e+07,
2.590804e+07,
2.590804e+07,
449721.5,
449721.5,
449721.5,
449721.5,
449721.5,
9.62541e+07,
8.831941e+07,
7934688,
1.766388e+07,
1.766388e+07,
1.766388e+07,
1.766388e+07,
1.766388e+07,
1586938,
1586938,
1586938,
1586938,
1586938,
1.846895e+08,
1.735712e+08,
1.111831e+07,
3.471424e+07,
3.471424e+07,
3.471424e+07,
3.471424e+07,
3.471424e+07,
2223662,
2223662,
2223662,
2223662,
2223662,
2.196403e+08,
2.111392e+08,
8501166,
4.222783e+07,
4.222783e+07,
4.222783e+07,
4.222783e+07,
4.222783e+07,
1700233,
1700233,
1700233,
1700233,
1700233,
2.813196e+08,
2.538538e+08,
2.746576e+07,
5.077076e+07,
5.077076e+07,
5.077076e+07,
5.077076e+07,
5.077076e+07,
5493151,
5493151,
5493151,
5493151,
5493151,
1.250048e+09,
1.11286e+09,
1.371876e+08,
2.225721e+08,
2.225721e+08,
2.225721e+08,
2.225721e+08,
2.225721e+08,
2.743752e+07,
2.743752e+07,
2.743752e+07,
2.743752e+07,
2.743752e+07,
6.536086e+08,
5.375126e+08,
1.16096e+08,
1.075025e+08,
1.075025e+08,
1.075025e+08,
1.075025e+08,
1.075025e+08,
2.321921e+07,
2.321921e+07,
2.321921e+07,
2.321921e+07,
2.321921e+07,
6.12927e+07,
5.797643e+07,
3316275,
1.159529e+07,
1.159529e+07,
1.159529e+07,
1.159529e+07,
1.159529e+07,
663254.9,
663254.9,
663254.9,
663254.9,
663254.9,
4.22252e+08,
4.032438e+08,
1.90082e+07,
8.064875e+07,
8.064875e+07,
8.064875e+07,
8.064875e+07,
8.064875e+07,
3801639,
3801639,
3801639,
3801639,
3801639,
8.979236e+07,
8.401278e+07,
5779572,
1.680256e+07,
1.680256e+07,
1.680256e+07,
1.680256e+07,
1.680256e+07,
1155914,
1155914,
1155914,
1155914,
1155914,
8.731373e+07,
8.104019e+07,
6273536,
1.620804e+07,
1.620804e+07,
1.620804e+07,
1.620804e+07,
1.620804e+07,
1254707,
1254707,
1254707,
1254707,
1254707,
3.81989e+07,
3.536708e+07,
2831821,
7073415,
7073415,
7073415,
7073415,
7073415,
566364.3,
566364.3,
566364.3,
566364.3,
566364.3,
9.546639e+07,
8.527874e+07,
1.018764e+07,
1.705575e+07,
1.705575e+07,
1.705575e+07,
1.705575e+07,
1.705575e+07,
2037528,
2037528,
2037528,
2037528,
2037528,
1.413215e+08,
1.312959e+08,
1.002565e+07,
2.625917e+07,
2.625917e+07,
2.625917e+07,
2.625917e+07,
2.625917e+07,
2005130,
2005130,
2005130,
2005130,
2005130,
3.728546e+08,
3.467582e+08,
2.609634e+07,
6.935165e+07,
6.935165e+07,
6.935165e+07,
6.935165e+07,
6.935165e+07,
5219268,
5219268,
5219268,
5219268,
5219268,
1.324103e+09,
1.143449e+09,
1.806546e+08,
2.286897e+08,
2.286897e+08,
2.286897e+08,
2.286897e+08,
2.286897e+08,
3.613092e+07,
3.613092e+07,
3.613092e+07,
3.613092e+07,
3.613092e+07,
5.35478e+07,
5.138608e+07,
2161714,
1.027722e+07,
1.027722e+07,
1.027722e+07,
1.027722e+07,
1.027722e+07,
432342.8,
432342.8,
432342.8,
432342.8,
432342.8,
9.807201e+08,
8.974565e+08,
8.32636e+07,
1.794913e+08,
1.794913e+08,
1.794913e+08,
1.794913e+08,
1.794913e+08,
1.665272e+07,
1.665272e+07,
1.665272e+07,
1.665272e+07,
1.665272e+07,
3.95257e+08,
3.504807e+08,
4.477634e+07,
7.009614e+07,
7.009614e+07,
7.009614e+07,
7.009614e+07,
7.009614e+07,
8955269,
8955269,
8955269,
8955269,
8955269,
2.725745e+08,
2.360741e+08,
3.65004e+07,
4.721482e+07,
4.721482e+07,
4.721482e+07,
4.721482e+07,
4.721482e+07,
7300079,
7300079,
7300079,
7300079,
7300079,
8.341672e+07,
7.670662e+07,
6710094,
1.534133e+07,
1.534133e+07,
1.534133e+07,
1.534133e+07,
1.534133e+07,
1342019,
1342019,
1342019,
1342019,
1342019,
4.377448e+07,
4.176928e+07,
2005201,
8353856,
8353856,
8353856,
8353856,
8353856,
401040.2,
401040.2,
401040.2,
401040.2,
401040.2,
6.794632e+08,
5.748175e+08,
1.046457e+08,
1.149635e+08,
1.149635e+08,
1.149635e+08,
1.149635e+08,
1.149635e+08,
2.092913e+07,
2.092913e+07,
2.092913e+07,
2.092913e+07,
2.092913e+07,
3.991906e+08,
3.453317e+08,
5.385885e+07,
6.906635e+07,
6.906635e+07,
6.906635e+07,
6.906635e+07,
6.906635e+07,
1.077177e+07,
1.077177e+07,
1.077177e+07,
1.077177e+07,
1.077177e+07,
0,
0,
0,
0,
0,
0,
0,
0,
0,
0,
0,
0,
0,
2087, 
4.40906e+07,
4.203749e+07,
2053109,
8407498,
8407498,
8407498,
8407498,
8407498,
410621.8,
410621.8,
410621.8,
410621.8,
410621.8,
3.952913e+08,
3.784976e+08,
1.679364e+07,
7.569953e+07,
7.569953e+07,
7.569953e+07,
7.569953e+07,
7.569953e+07,
3358727,
3358727,
3358727,
3358727,
3358727,
1.311371e+08,
1.289722e+08,
2164900,
2.579444e+07,
2.579444e+07,
2.579444e+07,
2.579444e+07,
2.579444e+07,
432980.1,
432980.1,
432980.1,
432980.1,
432980.1,
9.566362e+07,
8.792523e+07,
7738382,
1.758505e+07,
1.758505e+07,
1.758505e+07,
1.758505e+07,
1.758505e+07,
1547676,
1547676,
1547676,
1547676,
1547676,
1.832176e+08,
1.722533e+08,
1.096431e+07,
3.445067e+07,
3.445067e+07,
3.445067e+07,
3.445067e+07,
3.445067e+07,
2192863,
2192863,
2192863,
2192863,
2192863,
2.182865e+08,
2.099618e+08,
8324708,
4.199236e+07,
4.199236e+07,
4.199236e+07,
4.199236e+07,
4.199236e+07,
1664942,
1664942,
1664942,
1664942,
1664942,
2.805561e+08,
2.537034e+08,
2.685269e+07,
5.074067e+07,
5.074067e+07,
5.074067e+07,
5.074067e+07,
5.074067e+07,
5370539,
5370539,
5370539,
5370539,
5370539,
1.251378e+09,
1.117308e+09,
1.340699e+08,
2.234617e+08,
2.234617e+08,
2.234617e+08,
2.234617e+08,
2.234617e+08,
2.681399e+07,
2.681399e+07,
2.681399e+07,
2.681399e+07,
2.681399e+07,
6.527956e+08,
5.398883e+08,
1.129073e+08,
1.079777e+08,
1.079777e+08,
1.079777e+08,
1.079777e+08,
1.079777e+08,
2.258146e+07,
2.258146e+07,
2.258146e+07,
2.258146e+07,
2.258146e+07,
6.08285e+07,
5.763754e+07,
3190954,
1.152751e+07,
1.152751e+07,
1.152751e+07,
1.152751e+07,
1.152751e+07,
638190.9,
638190.9,
638190.9,
638190.9,
638190.9,
4.206501e+08,
4.020326e+08,
1.861751e+07,
8.040652e+07,
8.040652e+07,
8.040652e+07,
8.040652e+07,
8.040652e+07,
3723502,
3723502,
3723502,
3723502,
3723502,
8.92285e+07,
8.3628e+07,
5600509,
1.67256e+07,
1.67256e+07,
1.67256e+07,
1.67256e+07,
1.67256e+07,
1120102,
1120102,
1120102,
1120102,
1120102,
8.68536e+07,
8.071946e+07,
6134135,
1.614389e+07,
1.614389e+07,
1.614389e+07,
1.614389e+07,
1.614389e+07,
1226827,
1226827,
1226827,
1226827,
1226827,
3.795075e+07,
3.518263e+07,
2768124,
7036526,
7036526,
7036526,
7036526,
7036526,
553624.9,
553624.9,
553624.9,
553624.9,
553624.9,
9.513398e+07,
8.524438e+07,
9889610,
1.704888e+07,
1.704888e+07,
1.704888e+07,
1.704888e+07,
1.704888e+07,
1977922,
1977922,
1977922,
1977922,
1977922,
1.407391e+08,
1.308702e+08,
9868958,
2.617404e+07,
2.617404e+07,
2.617404e+07,
2.617404e+07,
2.617404e+07,
1973792,
1973792,
1973792,
1973792,
1973792,
3.715564e+08,
3.460072e+08,
2.554915e+07,
6.920145e+07,
6.920145e+07,
6.920145e+07,
6.920145e+07,
6.920145e+07,
5109831,
5109831,
5109831,
5109831,
5109831,
1.312853e+09,
1.138442e+09,
1.744111e+08,
2.276883e+08,
2.276883e+08,
2.276883e+08,
2.276883e+08,
2.276883e+08,
3.488222e+07,
3.488222e+07,
3.488222e+07,
3.488222e+07,
3.488222e+07,
5.299686e+07,
5.091888e+07,
2077989,
1.018378e+07,
1.018378e+07,
1.018378e+07,
1.018378e+07,
1.018378e+07,
415597.9,
415597.9,
415597.9,
415597.9,
415597.9,
9.698946e+08,
8.893524e+08,
8.054216e+07,
1.778705e+08,
1.778705e+08,
1.778705e+08,
1.778705e+08,
1.778705e+08,
1.610843e+07,
1.610843e+07,
1.610843e+07,
1.610843e+07,
1.610843e+07,
3.925872e+08,
3.491867e+08,
4.340052e+07,
6.983734e+07,
6.983734e+07,
6.983734e+07,
6.983734e+07,
6.983734e+07,
8680103,
8680103,
8680103,
8680103,
8680103,
2.707006e+08,
2.351192e+08,
3.558144e+07,
4.702384e+07,
4.702384e+07,
4.702384e+07,
4.702384e+07,
4.702384e+07,
7116287,
7116287,
7116287,
7116287,
7116287,
8.26411e+07,
7.609738e+07,
6543724,
1.521948e+07,
1.521948e+07,
1.521948e+07,
1.521948e+07,
1.521948e+07,
1308745,
1308745,
1308745,
1308745,
1308745,
4.366262e+07,
4.169454e+07,
1968079,
8338909,
8338909,
8338909,
8338909,
8338909,
393615.8,
393615.8,
393615.8,
393615.8,
393615.8,
6.771576e+08,
5.752625e+08,
1.018952e+08,
1.150525e+08,
1.150525e+08,
1.150525e+08,
1.150525e+08,
1.150525e+08,
2.037903e+07,
2.037903e+07,
2.037903e+07,
2.037903e+07,
2.037903e+07,
3.990226e+08,
3.4649e+08,
5.253256e+07,
6.9298e+07,
6.9298e+07,
6.9298e+07,
6.9298e+07,
6.9298e+07,
1.050651e+07,
1.050651e+07,
1.050651e+07,
1.050651e+07,
1.050651e+07,
0,
0,
0,
0,
0,
0,
0,
0,
0,
0,
0,
0,
0,
2088, 
4.396627e+07,
4.19584e+07,
2007864,
8391681,
8391681,
8391681,
8391681,
8391681,
401572.8,
401572.8,
401572.8,
401572.8,
401572.8,
3.949625e+08,
3.785279e+08,
1.643457e+07,
7.570558e+07,
7.570558e+07,
7.570558e+07,
7.570558e+07,
7.570558e+07,
3286914,
3286914,
3286914,
3286914,
3286914,
1.304854e+08,
1.284035e+08,
2081915,
2.56807e+07,
2.56807e+07,
2.56807e+07,
2.56807e+07,
2.56807e+07,
416383,
416383,
416383,
416383,
416383,
9.507313e+07,
8.752923e+07,
7543898,
1.750585e+07,
1.750585e+07,
1.750585e+07,
1.750585e+07,
1.750585e+07,
1508780,
1508780,
1508780,
1508780,
1508780,
1.817458e+08,
1.709344e+08,
1.081137e+07,
3.418689e+07,
3.418689e+07,
3.418689e+07,
3.418689e+07,
3.418689e+07,
2162274,
2162274,
2162274,
2162274,
2162274,
2.169327e+08,
2.087829e+08,
8149789,
4.175658e+07,
4.175658e+07,
4.175658e+07,
4.175658e+07,
4.175658e+07,
1629958,
1629958,
1629958,
1629958,
1629958,
2.797925e+08,
2.5355e+08,
2.624256e+07,
5.071e+07,
5.071e+07,
5.071e+07,
5.071e+07,
5.071e+07,
5248512,
5248512,
5248512,
5248512,
5248512,
1.252708e+09,
1.121763e+09,
1.309453e+08,
2.243526e+08,
2.243526e+08,
2.243526e+08,
2.243526e+08,
2.243526e+08,
2.618906e+07,
2.618906e+07,
2.618906e+07,
2.618906e+07,
2.618906e+07,
6.519827e+08,
5.422564e+08,
1.097262e+08,
1.084513e+08,
1.084513e+08,
1.084513e+08,
1.084513e+08,
1.084513e+08,
2.194524e+07,
2.194524e+07,
2.194524e+07,
2.194524e+07,
2.194524e+07,
6.036429e+07,
5.729713e+07,
3067164,
1.145943e+07,
1.145943e+07,
1.145943e+07,
1.145943e+07,
1.145943e+07,
613432.8,
613432.8,
613432.8,
613432.8,
613432.8,
4.190483e+08,
4.00819e+08,
1.822925e+07,
8.01638e+07,
8.01638e+07,
8.01638e+07,
8.01638e+07,
8.01638e+07,
3645850,
3645850,
3645850,
3645850,
3645850,
8.866466e+07,
8.324142e+07,
5423252,
1.664828e+07,
1.664828e+07,
1.664828e+07,
1.664828e+07,
1.664828e+07,
1084650,
1084650,
1084650,
1084650,
1084650,
8.639347e+07,
8.039761e+07,
5995861,
1.607952e+07,
1.607952e+07,
1.607952e+07,
1.607952e+07,
1.607952e+07,
1199172,
1199172,
1199172,
1199172,
1199172,
3.770261e+07,
3.499759e+07,
2705021,
6999518,
6999518,
6999518,
6999518,
6999518,
541004.1,
541004.1,
541004.1,
541004.1,
541004.1,
9.480159e+07,
8.520818e+07,
9593416,
1.704164e+07,
1.704164e+07,
1.704164e+07,
1.704164e+07,
1.704164e+07,
1918683,
1918683,
1918683,
1918683,
1918683,
1.401567e+08,
1.304435e+08,
9713221,
2.60887e+07,
2.60887e+07,
2.60887e+07,
2.60887e+07,
2.60887e+07,
1942644,
1942644,
1942644,
1942644,
1942644,
3.702582e+08,
3.45253e+08,
2.500516e+07,
6.905061e+07,
6.905061e+07,
6.905061e+07,
6.905061e+07,
6.905061e+07,
5001032,
5001032,
5001032,
5001032,
5001032,
1.301602e+09,
1.133354e+09,
1.682482e+08,
2.266708e+08,
2.266708e+08,
2.266708e+08,
2.266708e+08,
2.266708e+08,
3.364964e+07,
3.364964e+07,
3.364964e+07,
3.364964e+07,
3.364964e+07,
5.244594e+07,
5.045039e+07,
1995543,
1.009008e+07,
1.009008e+07,
1.009008e+07,
1.009008e+07,
1.009008e+07,
399108.7,
399108.7,
399108.7,
399108.7,
399108.7,
9.590691e+08,
8.812081e+08,
7.786095e+07,
1.762416e+08,
1.762416e+08,
1.762416e+08,
1.762416e+08,
1.762416e+08,
1.557219e+07,
1.557219e+07,
1.557219e+07,
1.557219e+07,
1.557219e+07,
3.899174e+08,
3.478781e+08,
4.203928e+07,
6.957562e+07,
6.957562e+07,
6.957562e+07,
6.957562e+07,
6.957562e+07,
8407857,
8407857,
8407857,
8407857,
8407857,
2.688268e+08,
2.341551e+08,
3.467172e+07,
4.683101e+07,
4.683101e+07,
4.683101e+07,
4.683101e+07,
4.683101e+07,
6934345,
6934345,
6934345,
6934345,
6934345,
8.18655e+07,
7.548618e+07,
6379305,
1.509724e+07,
1.509724e+07,
1.509724e+07,
1.509724e+07,
1.509724e+07,
1275861,
1275861,
1275861,
1275861,
1275861,
4.355077e+07,
4.161965e+07,
1931122,
8323930,
8323930,
8323930,
8323930,
8323930,
386224.3,
386224.3,
386224.3,
386224.3,
386224.3,
6.74852e+08,
5.756911e+08,
9.916094e+07,
1.151382e+08,
1.151382e+08,
1.151382e+08,
1.151382e+08,
1.151382e+08,
1.983219e+07,
1.983219e+07,
1.983219e+07,
1.983219e+07,
1.983219e+07,
3.988545e+08,
3.476471e+08,
5.120736e+07,
6.952942e+07,
6.952942e+07,
6.952942e+07,
6.952942e+07,
6.952942e+07,
1.024147e+07,
1.024147e+07,
1.024147e+07,
1.024147e+07,
1.024147e+07,
0,
0,
0,
0,
0,
0,
0,
0,
0,
0,
0,
0,
0,
2089, 
4.384194e+07,
4.18791e+07,
1962843,
8375819,
8375819,
8375819,
8375819,
8375819,
392568.6,
392568.6,
392568.6,
392568.6,
392568.6,
3.946338e+08,
3.785577e+08,
1.607608e+07,
7.571154e+07,
7.571154e+07,
7.571154e+07,
7.571154e+07,
7.571154e+07,
3215215,
3215215,
3215215,
3215215,
3215215,
1.298337e+08,
1.278341e+08,
1999651,
2.556681e+07,
2.556681e+07,
2.556681e+07,
2.556681e+07,
2.556681e+07,
399930.2,
399930.2,
399930.2,
399930.2,
399930.2,
9.448264e+07,
8.713141e+07,
7351236,
1.742628e+07,
1.742628e+07,
1.742628e+07,
1.742628e+07,
1.742628e+07,
1470247,
1470247,
1470247,
1470247,
1470247,
1.80274e+08,
1.696145e+08,
1.065948e+07,
3.39229e+07,
3.39229e+07,
3.39229e+07,
3.39229e+07,
3.39229e+07,
2131896,
2131896,
2131896,
2131896,
2131896,
2.155789e+08,
2.076024e+08,
7976409,
4.152049e+07,
4.152049e+07,
4.152049e+07,
4.152049e+07,
4.152049e+07,
1595282,
1595282,
1595282,
1595282,
1595282,
2.790291e+08,
2.533937e+08,
2.563536e+07,
5.067874e+07,
5.067874e+07,
5.067874e+07,
5.067874e+07,
5.067874e+07,
5127072,
5127072,
5127072,
5127072,
5127072,
1.254039e+09,
1.126225e+09,
1.278137e+08,
2.25245e+08,
2.25245e+08,
2.25245e+08,
2.25245e+08,
2.25245e+08,
2.556274e+07,
2.556274e+07,
2.556274e+07,
2.556274e+07,
2.556274e+07,
6.511697e+08,
5.44617e+08,
1.065526e+08,
1.089234e+08,
1.089234e+08,
1.089234e+08,
1.089234e+08,
1.089234e+08,
2.131053e+07,
2.131053e+07,
2.131053e+07,
2.131053e+07,
2.131053e+07,
5.990008e+07,
5.695518e+07,
2944903,
1.139104e+07,
1.139104e+07,
1.139104e+07,
1.139104e+07,
1.139104e+07,
588980.5,
588980.5,
588980.5,
588980.5,
588980.5,
4.174464e+08,
3.99603e+08,
1.784341e+07,
7.992059e+07,
7.992059e+07,
7.992059e+07,
7.992059e+07,
7.992059e+07,
3568683,
3568683,
3568683,
3568683,
3568683,
8.810082e+07,
8.285302e+07,
5247800,
1.65706e+07,
1.65706e+07,
1.65706e+07,
1.65706e+07,
1.65706e+07,
1049560,
1049560,
1049560,
1049560,
1049560,
8.593334e+07,
8.007463e+07,
5858714,
1.601493e+07,
1.601493e+07,
1.601493e+07,
1.601493e+07,
1.601493e+07,
1171743,
1171743,
1171743,
1171743,
1171743,
3.745446e+07,
3.481196e+07,
2642509,
6962391,
6962391,
6962391,
6962391,
6962391,
528501.7,
528501.7,
528501.7,
528501.7,
528501.7,
9.446918e+07,
8.517013e+07,
9299056,
1.703403e+07,
1.703403e+07,
1.703403e+07,
1.703403e+07,
1.703403e+07,
1859811,
1859811,
1859811,
1859811,
1859811,
1.395744e+08,
1.300159e+08,
9558437,
2.600318e+07,
2.600318e+07,
2.600318e+07,
2.600318e+07,
2.600318e+07,
1911687,
1911687,
1911687,
1911687,
1911687,
3.6896e+08,
3.444956e+08,
2.446435e+07,
6.889913e+07,
6.889913e+07,
6.889913e+07,
6.889913e+07,
6.889913e+07,
4892871,
4892871,
4892871,
4892871,
4892871,
1.290352e+09,
1.128186e+09,
1.62166e+08,
2.256372e+08,
2.256372e+08,
2.256372e+08,
2.256372e+08,
2.256372e+08,
3.243321e+07,
3.243321e+07,
3.243321e+07,
3.243321e+07,
3.243321e+07,
5.1895e+07,
4.998062e+07,
1914376,
9996125,
9996125,
9996125,
9996125,
9996125,
382875.1,
382875.1,
382875.1,
382875.1,
382875.1,
9.482435e+08,
8.730235e+08,
7.521998e+07,
1.746047e+08,
1.746047e+08,
1.746047e+08,
1.746047e+08,
1.746047e+08,
1.5044e+07,
1.5044e+07,
1.5044e+07,
1.5044e+07,
1.5044e+07,
3.872476e+08,
3.465549e+08,
4.069265e+07,
6.931099e+07,
6.931099e+07,
6.931099e+07,
6.931099e+07,
6.931099e+07,
8138531,
8138531,
8138531,
8138531,
8138531,
2.669529e+08,
2.331817e+08,
3.377126e+07,
4.663633e+07,
4.663633e+07,
4.663633e+07,
4.663633e+07,
4.663633e+07,
6754252,
6754252,
6754252,
6754252,
6754252,
8.108988e+07,
7.487305e+07,
6216839,
1.497461e+07,
1.497461e+07,
1.497461e+07,
1.497461e+07,
1.497461e+07,
1243368,
1243368,
1243368,
1243368,
1243368,
4.343891e+07,
4.154458e+07,
1894328,
8308917,
8308917,
8308917,
8308917,
8308917,
378865.6,
378865.6,
378865.6,
378865.6,
378865.6,
6.725465e+08,
5.761034e+08,
9.644306e+07,
1.152207e+08,
1.152207e+08,
1.152207e+08,
1.152207e+08,
1.152207e+08,
1.928861e+07,
1.928861e+07,
1.928861e+07,
1.928861e+07,
1.928861e+07,
3.986864e+08,
3.488031e+08,
4.988326e+07,
6.976062e+07,
6.976062e+07,
6.976062e+07,
6.976062e+07,
6.976062e+07,
9976653,
9976653,
9976653,
9976653,
9976653,
0,
0,
0,
0,
0,
0,
0,
0,
0,
0,
0,
0,
0,
2090, 
4.371761e+07,
4.179957e+07,
1918045,
8359914,
8359914,
8359914,
8359914,
8359914,
383609,
383609,
383609,
383609,
383609,
3.94305e+08,
3.785869e+08,
1.571816e+07,
7.571738e+07,
7.571738e+07,
7.571738e+07,
7.571738e+07,
7.571738e+07,
3143632,
3143632,
3143632,
3143632,
3143632,
1.29182e+08,
1.272639e+08,
1918109,
2.545278e+07,
2.545278e+07,
2.545278e+07,
2.545278e+07,
2.545278e+07,
383621.8,
383621.8,
383621.8,
383621.8,
383621.8,
9.389216e+07,
8.673176e+07,
7160397,
1.734635e+07,
1.734635e+07,
1.734635e+07,
1.734635e+07,
1.734635e+07,
1432079,
1432079,
1432079,
1432079,
1432079,
1.788022e+08,
1.682935e+08,
1.050864e+07,
3.36587e+07,
3.36587e+07,
3.36587e+07,
3.36587e+07,
3.36587e+07,
2101727,
2101727,
2101727,
2101727,
2101727,
2.14225e+08,
2.064205e+08,
7804568,
4.128409e+07,
4.128409e+07,
4.128409e+07,
4.128409e+07,
4.128409e+07,
1560914,
1560914,
1560914,
1560914,
1560914,
2.782656e+08,
2.532345e+08,
2.503109e+07,
5.06469e+07,
5.06469e+07,
5.06469e+07,
5.06469e+07,
5.06469e+07,
5006218,
5006218,
5006218,
5006218,
5006218,
1.255369e+09,
1.130694e+09,
1.246752e+08,
2.261388e+08,
2.261388e+08,
2.261388e+08,
2.261388e+08,
2.261388e+08,
2.493504e+07,
2.493504e+07,
2.493504e+07,
2.493504e+07,
2.493504e+07,
6.503567e+08,
5.4697e+08,
1.033867e+08,
1.09394e+08,
1.09394e+08,
1.09394e+08,
1.09394e+08,
1.09394e+08,
2.067734e+07,
2.067734e+07,
2.067734e+07,
2.067734e+07,
2.067734e+07,
5.943587e+07,
5.66117e+07,
2824171,
1.132234e+07,
1.132234e+07,
1.132234e+07,
1.132234e+07,
1.132234e+07,
564834.1,
564834.1,
564834.1,
564834.1,
564834.1,
4.158445e+08,
3.983845e+08,
1.746001e+07,
7.96769e+07,
7.96769e+07,
7.96769e+07,
7.96769e+07,
7.96769e+07,
3492001,
3492001,
3492001,
3492001,
3492001,
8.753698e+07,
8.246282e+07,
5074151,
1.649257e+07,
1.649257e+07,
1.649257e+07,
1.649257e+07,
1.649257e+07,
1014830,
1014830,
1014830,
1014830,
1014830,
8.547322e+07,
7.975052e+07,
5722694,
1.59501e+07,
1.59501e+07,
1.59501e+07,
1.59501e+07,
1.59501e+07,
1144539,
1144539,
1144539,
1144539,
1144539,
3.720632e+07,
3.462573e+07,
2580589,
6925147,
6925147,
6925147,
6925147,
6925147,
516117.8,
516117.8,
516117.8,
516117.8,
516117.8,
9.413678e+07,
8.513026e+07,
9006532,
1.702605e+07,
1.702605e+07,
1.702605e+07,
1.702605e+07,
1.702605e+07,
1801306,
1801306,
1801306,
1801306,
1801306,
1.38992e+08,
1.295874e+08,
9404611,
2.591747e+07,
2.591747e+07,
2.591747e+07,
2.591747e+07,
2.591747e+07,
1880922,
1880922,
1880922,
1880922,
1880922,
3.676618e+08,
3.43735e+08,
2.392674e+07,
6.874701e+07,
6.874701e+07,
6.874701e+07,
6.874701e+07,
6.874701e+07,
4785348,
4785348,
4785348,
4785348,
4785348,
1.279101e+09,
1.122937e+09,
1.561646e+08,
2.245873e+08,
2.245873e+08,
2.245873e+08,
2.245873e+08,
2.245873e+08,
3.123291e+07,
3.123291e+07,
3.123291e+07,
3.123291e+07,
3.123291e+07,
5.134407e+07,
4.950958e+07,
1834486,
9901916,
9901916,
9901916,
9901916,
9901916,
366897.2,
366897.2,
366897.2,
366897.2,
366897.2,
9.37418e+08,
8.647988e+08,
7.261925e+07,
1.729598e+08,
1.729598e+08,
1.729598e+08,
1.729598e+08,
1.729598e+08,
1.452385e+07,
1.452385e+07,
1.452385e+07,
1.452385e+07,
1.452385e+07,
3.845778e+08,
3.452172e+08,
3.936062e+07,
6.904343e+07,
6.904343e+07,
6.904343e+07,
6.904343e+07,
6.904343e+07,
7872125,
7872125,
7872125,
7872125,
7872125,
2.650791e+08,
2.321991e+08,
3.288005e+07,
4.643981e+07,
4.643981e+07,
4.643981e+07,
4.643981e+07,
4.643981e+07,
6576009,
6576009,
6576009,
6576009,
6576009,
8.031427e+07,
7.425795e+07,
6056323,
1.485159e+07,
1.485159e+07,
1.485159e+07,
1.485159e+07,
1.485159e+07,
1211265,
1211265,
1211265,
1211265,
1211265,
4.332705e+07,
4.146935e+07,
1857698,
8293871,
8293871,
8293871,
8293871,
8293871,
371539.7,
371539.7,
371539.7,
371539.7,
371539.7,
6.70241e+08,
5.764995e+08,
9.374149e+07,
1.152999e+08,
1.152999e+08,
1.152999e+08,
1.152999e+08,
1.152999e+08,
1.87483e+07,
1.87483e+07,
1.87483e+07,
1.87483e+07,
1.87483e+07,
3.985183e+08,
3.49958e+08,
4.856026e+07,
6.999161e+07,
6.999161e+07,
6.999161e+07,
6.999161e+07,
6.999161e+07,
9712051,
9712051,
9712051,
9712051,
9712051,
0,
0,
0,
0,
0,
0,
0,
0,
0,
0,
0,
0,
0,
2091, 
4.351159e+07,
4.163498e+07,
1876613,
8326995,
8326995,
8326995,
8326995,
8326995,
375322.6,
375322.6,
375322.6,
375322.6,
375322.6,
3.93614e+08,
3.78208e+08,
1.540608e+07,
7.564159e+07,
7.564159e+07,
7.564159e+07,
7.564159e+07,
7.564159e+07,
3081216,
3081216,
3081216,
3081216,
3081216,
1.284407e+08,
1.265851e+08,
1855616,
2.531702e+07,
2.531702e+07,
2.531702e+07,
2.531702e+07,
2.531702e+07,
371123.3,
371123.3,
371123.3,
371123.3,
371123.3,
9.324501e+07,
8.625012e+07,
6994886,
1.725002e+07,
1.725002e+07,
1.725002e+07,
1.725002e+07,
1.725002e+07,
1398977,
1398977,
1398977,
1398977,
1398977,
1.772763e+08,
1.669106e+08,
1.036565e+07,
3.338213e+07,
3.338213e+07,
3.338213e+07,
3.338213e+07,
3.338213e+07,
2073130,
2073130,
2073130,
2073130,
2073130,
2.127366e+08,
2.050821e+08,
7654473,
4.101642e+07,
4.101642e+07,
4.101642e+07,
4.101642e+07,
4.101642e+07,
1530895,
1530895,
1530895,
1530895,
1530895,
2.773492e+08,
2.528268e+08,
2.452237e+07,
5.056537e+07,
5.056537e+07,
5.056537e+07,
5.056537e+07,
5.056537e+07,
4904474,
4904474,
4904474,
4904474,
4904474,
1.254945e+09,
1.132902e+09,
1.220422e+08,
2.265804e+08,
2.265804e+08,
2.265804e+08,
2.265804e+08,
2.265804e+08,
2.440844e+07,
2.440844e+07,
2.440844e+07,
2.440844e+07,
2.440844e+07,
6.488075e+08,
5.480418e+08,
1.007657e+08,
1.096084e+08,
1.096084e+08,
1.096084e+08,
1.096084e+08,
1.096084e+08,
2.015314e+07,
2.015314e+07,
2.015314e+07,
2.015314e+07,
2.015314e+07,
5.894576e+07,
5.621792e+07,
2727841,
1.124358e+07,
1.124358e+07,
1.124358e+07,
1.124358e+07,
1.124358e+07,
545568.1,
545568.1,
545568.1,
545568.1,
545568.1,
4.137461e+08,
3.966222e+08,
1.712384e+07,
7.932445e+07,
7.932445e+07,
7.932445e+07,
7.932445e+07,
7.932445e+07,
3424767,
3424767,
3424767,
3424767,
3424767,
8.698526e+07,
8.20493e+07,
4935970,
1.640986e+07,
1.640986e+07,
1.640986e+07,
1.640986e+07,
1.640986e+07,
987193.9,
987193.9,
987193.9,
987193.9,
987193.9,
8.49884e+07,
7.938429e+07,
5604123,
1.587686e+07,
1.587686e+07,
1.587686e+07,
1.587686e+07,
1.587686e+07,
1120825,
1120825,
1120825,
1120825,
1120825,
3.696662e+07,
3.443904e+07,
2527586,
6887807,
6887807,
6887807,
6887807,
6887807,
505517.1,
505517.1,
505517.1,
505517.1,
505517.1,
9.377742e+07,
8.500588e+07,
8771529,
1.700118e+07,
1.700118e+07,
1.700118e+07,
1.700118e+07,
1.700118e+07,
1754306,
1754306,
1754306,
1754306,
1754306,
1.3842e+08,
1.29146e+08,
9274027,
2.58292e+07,
2.58292e+07,
2.58292e+07,
2.58292e+07,
2.58292e+07,
1854805,
1854805,
1854805,
1854805,
1854805,
3.661457e+08,
3.426781e+08,
2.346758e+07,
6.853563e+07,
6.853563e+07,
6.853563e+07,
6.853563e+07,
6.853563e+07,
4693516,
4693516,
4693516,
4693516,
4693516,
1.267195e+09,
1.116028e+09,
1.511676e+08,
2.232055e+08,
2.232055e+08,
2.232055e+08,
2.232055e+08,
2.232055e+08,
3.023352e+07,
3.023352e+07,
3.023352e+07,
3.023352e+07,
3.023352e+07,
5.077683e+07,
4.900731e+07,
1769522,
9801462,
9801462,
9801462,
9801462,
9801462,
353904.4,
353904.4,
353904.4,
353904.4,
353904.4,
9.272362e+08,
8.567469e+08,
7.048924e+07,
1.713494e+08,
1.713494e+08,
1.713494e+08,
1.713494e+08,
1.713494e+08,
1.409785e+07,
1.409785e+07,
1.409785e+07,
1.409785e+07,
1.409785e+07,
3.817205e+08,
3.434638e+08,
3.825664e+07,
6.869277e+07,
6.869277e+07,
6.869277e+07,
6.869277e+07,
6.869277e+07,
7651328,
7651328,
7651328,
7651328,
7651328,
2.630815e+08,
2.309791e+08,
3.210243e+07,
4.619582e+07,
4.619582e+07,
4.619582e+07,
4.619582e+07,
4.619582e+07,
6420487,
6420487,
6420487,
6420487,
6420487,
7.954208e+07,
7.362695e+07,
5915122,
1.472539e+07,
1.472539e+07,
1.472539e+07,
1.472539e+07,
1.472539e+07,
1183024,
1183024,
1183024,
1183024,
1183024,
4.314608e+07,
4.132198e+07,
1824097,
8264397,
8264397,
8264397,
8264397,
8264397,
364819.4,
364819.4,
364819.4,
364819.4,
364819.4,
6.674361e+08,
5.759532e+08,
9.148289e+07,
1.151906e+08,
1.151906e+08,
1.151906e+08,
1.151906e+08,
1.151906e+08,
1.829658e+07,
1.829658e+07,
1.829658e+07,
1.829658e+07,
1.829658e+07,
3.978616e+08,
3.504057e+08,
4.745589e+07,
7.008114e+07,
7.008114e+07,
7.008114e+07,
7.008114e+07,
7.008114e+07,
9491178,
9491178,
9491178,
9491178,
9491178,
0,
0,
0,
0,
0,
0,
0,
0,
0,
0,
0,
0,
0,
2092, 
4.330557e+07,
4.147008e+07,
1835488,
8294016,
8294016,
8294016,
8294016,
8294016,
367097.7,
367097.7,
367097.7,
367097.7,
367097.7,
3.92923e+08,
3.77828e+08,
1.5095e+07,
7.556561e+07,
7.556561e+07,
7.556561e+07,
7.556561e+07,
7.556561e+07,
3019001,
3019001,
3019001,
3019001,
3019001,
1.276994e+08,
1.259056e+08,
1793718,
2.518113e+07,
2.518113e+07,
2.518113e+07,
2.518113e+07,
2.518113e+07,
358743.6,
358743.6,
358743.6,
358743.6,
358743.6,
9.259786e+07,
8.576687e+07,
6830986,
1.715337e+07,
1.715337e+07,
1.715337e+07,
1.715337e+07,
1.715337e+07,
1366197,
1366197,
1366197,
1366197,
1366197,
1.757504e+08,
1.655268e+08,
1.022358e+07,
3.310537e+07,
3.310537e+07,
3.310537e+07,
3.310537e+07,
3.310537e+07,
2044716,
2044716,
2044716,
2044716,
2044716,
2.112482e+08,
2.037425e+08,
7505719,
4.074849e+07,
4.074849e+07,
4.074849e+07,
4.074849e+07,
4.074849e+07,
1501144,
1501144,
1501144,
1501144,
1501144,
2.764329e+08,
2.524164e+08,
2.401647e+07,
5.048328e+07,
5.048328e+07,
5.048328e+07,
5.048328e+07,
5.048328e+07,
4803294,
4803294,
4803294,
4803294,
4803294,
1.25452e+09,
1.135109e+09,
1.19411e+08,
2.270217e+08,
2.270217e+08,
2.270217e+08,
2.270217e+08,
2.270217e+08,
2.388219e+07,
2.388219e+07,
2.388219e+07,
2.388219e+07,
2.388219e+07,
6.472582e+08,
5.491021e+08,
9.815606e+07,
1.098204e+08,
1.098204e+08,
1.098204e+08,
1.098204e+08,
1.098204e+08,
1.963121e+07,
1.963121e+07,
1.963121e+07,
1.963121e+07,
1.963121e+07,
5.845565e+07,
5.582292e+07,
2632726,
1.116459e+07,
1.116459e+07,
1.116459e+07,
1.116459e+07,
1.116459e+07,
526545.1,
526545.1,
526545.1,
526545.1,
526545.1,
4.116476e+08,
3.948574e+08,
1.679018e+07,
7.897149e+07,
7.897149e+07,
7.897149e+07,
7.897149e+07,
7.897149e+07,
3358037,
3358037,
3358037,
3358037,
3358037,
8.643356e+07,
8.163443e+07,
4799135,
1.632689e+07,
1.632689e+07,
1.632689e+07,
1.632689e+07,
1.632689e+07,
959827,
959827,
959827,
959827,
959827,
8.450359e+07,
7.901706e+07,
5486536,
1.580341e+07,
1.580341e+07,
1.580341e+07,
1.580341e+07,
1.580341e+07,
1097307,
1097307,
1097307,
1097307,
1097307,
3.672692e+07,
3.425187e+07,
2475053,
6850375,
6850375,
6850375,
6850375,
6850375,
495010.7,
495010.7,
495010.7,
495010.7,
495010.7,
9.341805e+07,
8.487998e+07,
8538066,
1.6976e+07,
1.6976e+07,
1.6976e+07,
1.6976e+07,
1.6976e+07,
1707613,
1707613,
1707613,
1707613,
1707613,
1.378481e+08,
1.287039e+08,
9144201,
2.574078e+07,
2.574078e+07,
2.574078e+07,
2.574078e+07,
2.574078e+07,
1828840,
1828840,
1828840,
1828840,
1828840,
3.646296e+08,
3.416182e+08,
2.30114e+07,
6.832363e+07,
6.832363e+07,
6.832363e+07,
6.832363e+07,
6.832363e+07,
4602280,
4602280,
4602280,
4602280,
4602280,
1.255289e+09,
1.109052e+09,
1.462372e+08,
2.218104e+08,
2.218104e+08,
2.218104e+08,
2.218104e+08,
2.218104e+08,
2.924745e+07,
2.924745e+07,
2.924745e+07,
2.924745e+07,
2.924745e+07,
5.02096e+07,
4.850404e+07,
1705557,
9700808,
9700808,
9700808,
9700808,
9700808,
341111.4,
341111.4,
341111.4,
341111.4,
341111.4,
9.170544e+08,
8.486657e+08,
6.83887e+07,
1.697332e+08,
1.697332e+08,
1.697332e+08,
1.697332e+08,
1.697332e+08,
1.367774e+07,
1.367774e+07,
1.367774e+07,
1.367774e+07,
1.367774e+07,
3.788632e+08,
3.416984e+08,
3.716481e+07,
6.833967e+07,
6.833967e+07,
6.833967e+07,
6.833967e+07,
6.833967e+07,
7432963,
7432963,
7432963,
7432963,
7432963,
2.610839e+08,
2.29751e+08,
3.133286e+07,
4.59502e+07,
4.59502e+07,
4.59502e+07,
4.59502e+07,
4.59502e+07,
6266572,
6266572,
6266572,
6266572,
6266572,
7.876988e+07,
7.299434e+07,
5775532,
1.459887e+07,
1.459887e+07,
1.459887e+07,
1.459887e+07,
1.459887e+07,
1155106,
1155106,
1155106,
1155106,
1155106,
4.296511e+07,
4.117439e+07,
1790713,
8234879,
8234879,
8234879,
8234879,
8234879,
358142.6,
358142.6,
358142.6,
358142.6,
358142.6,
6.646312e+08,
5.753912e+08,
8.923999e+07,
1.150782e+08,
1.150782e+08,
1.150782e+08,
1.150782e+08,
1.150782e+08,
1.7848e+07,
1.7848e+07,
1.7848e+07,
1.7848e+07,
1.7848e+07,
3.972049e+08,
3.5085e+08,
4.63549e+07,
7.017e+07,
7.017e+07,
7.017e+07,
7.017e+07,
7.017e+07,
9270981,
9270981,
9270981,
9270981,
9270981,
0,
0,
0,
0,
0,
0,
0,
0,
0,
0,
0,
0,
0,
2093, 
4.309954e+07,
4.130488e+07,
1794670,
8260975,
8260975,
8260975,
8260975,
8260975,
358934,
358934,
358934,
358934,
358934,
3.922321e+08,
3.774471e+08,
1.478492e+07,
7.548942e+07,
7.548942e+07,
7.548942e+07,
7.548942e+07,
7.548942e+07,
2956985,
2956985,
2956985,
2956985,
2956985,
1.269581e+08,
1.252256e+08,
1732414,
2.504513e+07,
2.504513e+07,
2.504513e+07,
2.504513e+07,
2.504513e+07,
346482.8,
346482.8,
346482.8,
346482.8,
346482.8,
9.19507e+07,
8.528201e+07,
6668700,
1.70564e+07,
1.70564e+07,
1.70564e+07,
1.70564e+07,
1.70564e+07,
1333740,
1333740,
1333740,
1333740,
1333740,
1.742246e+08,
1.641421e+08,
1.008243e+07,
3.282843e+07,
3.282843e+07,
3.282843e+07,
3.282843e+07,
3.282843e+07,
2016486,
2016486,
2016486,
2016486,
2016486,
2.097597e+08,
2.024014e+08,
7358307,
4.048029e+07,
4.048029e+07,
4.048029e+07,
4.048029e+07,
4.048029e+07,
1471661,
1471661,
1471661,
1471661,
1471661,
2.755165e+08,
2.520031e+08,
2.351339e+07,
5.040063e+07,
5.040063e+07,
5.040063e+07,
5.040063e+07,
5.040063e+07,
4702678,
4702678,
4702678,
4702678,
4702678,
1.254095e+09,
1.137314e+09,
1.167815e+08,
2.274627e+08,
2.274627e+08,
2.274627e+08,
2.274627e+08,
2.274627e+08,
2.33563e+07,
2.33563e+07,
2.33563e+07,
2.33563e+07,
2.33563e+07,
6.457091e+08,
5.501512e+08,
9.555778e+07,
1.100302e+08,
1.100302e+08,
1.100302e+08,
1.100302e+08,
1.100302e+08,
1.911156e+07,
1.911156e+07,
1.911156e+07,
1.911156e+07,
1.911156e+07,
5.796554e+07,
5.542672e+07,
2538825,
1.108534e+07,
1.108534e+07,
1.108534e+07,
1.108534e+07,
1.108534e+07,
507764.9,
507764.9,
507764.9,
507764.9,
507764.9,
4.095492e+08,
3.930901e+08,
1.645904e+07,
7.861803e+07,
7.861803e+07,
7.861803e+07,
7.861803e+07,
7.861803e+07,
3291809,
3291809,
3291809,
3291809,
3291809,
8.588186e+07,
8.121821e+07,
4663648,
1.624364e+07,
1.624364e+07,
1.624364e+07,
1.624364e+07,
1.624364e+07,
932729.5,
932729.5,
932729.5,
932729.5,
932729.5,
8.401878e+07,
7.864884e+07,
5369930,
1.572977e+07,
1.572977e+07,
1.572977e+07,
1.572977e+07,
1.572977e+07,
1073986,
1073986,
1073986,
1073986,
1073986,
3.648723e+07,
3.406424e+07,
2422993,
6812847,
6812847,
6812847,
6812847,
6812847,
484598.6,
484598.6,
484598.6,
484598.6,
484598.6,
9.305867e+07,
8.475254e+07,
8306139,
1.695051e+07,
1.695051e+07,
1.695051e+07,
1.695051e+07,
1.695051e+07,
1661228,
1661228,
1661228,
1661228,
1661228,
1.372762e+08,
1.28261e+08,
9015136,
2.565221e+07,
2.565221e+07,
2.565221e+07,
2.565221e+07,
2.565221e+07,
1803027,
1803027,
1803027,
1803027,
1803027,
3.631134e+08,
3.405552e+08,
2.255821e+07,
6.811104e+07,
6.811104e+07,
6.811104e+07,
6.811104e+07,
6.811104e+07,
4511642,
4511642,
4511642,
4511642,
4511642,
1.243384e+09,
1.10201e+09,
1.413735e+08,
2.20402e+08,
2.20402e+08,
2.20402e+08,
2.20402e+08,
2.20402e+08,
2.827469e+07,
2.827469e+07,
2.827469e+07,
2.827469e+07,
2.827469e+07,
4.964236e+07,
4.799977e+07,
1642591,
9599954,
9599954,
9599954,
9599954,
9599954,
328518.1,
328518.1,
328518.1,
328518.1,
328518.1,
9.068725e+08,
8.405549e+08,
6.63176e+07,
1.68111e+08,
1.68111e+08,
1.68111e+08,
1.68111e+08,
1.68111e+08,
1.326352e+07,
1.326352e+07,
1.326352e+07,
1.326352e+07,
1.326352e+07,
3.760059e+08,
3.399208e+08,
3.608513e+07,
6.798416e+07,
6.798416e+07,
6.798416e+07,
6.798416e+07,
6.798416e+07,
7217026,
7217026,
7217026,
7217026,
7217026,
2.590863e+08,
2.28515e+08,
3.057134e+07,
4.5703e+07,
4.5703e+07,
4.5703e+07,
4.5703e+07,
4.5703e+07,
6114268,
6114268,
6114268,
6114268,
6114268,
7.799768e+07,
7.236013e+07,
5637552,
1.447203e+07,
1.447203e+07,
1.447203e+07,
1.447203e+07,
1.447203e+07,
1127510,
1127510,
1127510,
1127510,
1127510,
4.278413e+07,
4.102659e+07,
1757545,
8205318,
8205318,
8205318,
8205318,
8205318,
351509.1,
351509.1,
351509.1,
351509.1,
351509.1,
6.618264e+08,
5.748136e+08,
8.701278e+07,
1.149627e+08,
1.149627e+08,
1.149627e+08,
1.149627e+08,
1.149627e+08,
1.740256e+07,
1.740256e+07,
1.740256e+07,
1.740256e+07,
1.740256e+07,
3.965481e+08,
3.512908e+08,
4.525729e+07,
7.025817e+07,
7.025817e+07,
7.025817e+07,
7.025817e+07,
7.025817e+07,
9051458,
9051458,
9051458,
9051458,
9051458,
0,
0,
0,
0,
0,
0,
0,
0,
0,
0,
0,
0,
0,
2094, 
4.289352e+07,
4.113937e+07,
1754159,
8227874,
8227874,
8227874,
8227874,
8227874,
350831.7,
350831.7,
350831.7,
350831.7,
350831.7,
3.915411e+08,
3.770652e+08,
1.447584e+07,
7.541304e+07,
7.541304e+07,
7.541304e+07,
7.541304e+07,
7.541304e+07,
2895169,
2895169,
2895169,
2895169,
2895169,
1.262167e+08,
1.24545e+08,
1671704,
2.490901e+07,
2.490901e+07,
2.490901e+07,
2.490901e+07,
2.490901e+07,
334340.9,
334340.9,
334340.9,
334340.9,
334340.9,
9.130355e+07,
8.479553e+07,
6508026,
1.695911e+07,
1.695911e+07,
1.695911e+07,
1.695911e+07,
1.695911e+07,
1301605,
1301605,
1301605,
1301605,
1301605,
1.726987e+08,
1.627565e+08,
9942199,
3.25513e+07,
3.25513e+07,
3.25513e+07,
3.25513e+07,
3.25513e+07,
1988440,
1988440,
1988440,
1988440,
1988440,
2.082713e+08,
2.010591e+08,
7212237,
4.021182e+07,
4.021182e+07,
4.021182e+07,
4.021182e+07,
4.021182e+07,
1442447,
1442447,
1442447,
1442447,
1442447,
2.746002e+08,
2.515871e+08,
2.301312e+07,
5.031742e+07,
5.031742e+07,
5.031742e+07,
5.031742e+07,
5.031742e+07,
4602624,
4602624,
4602624,
4602624,
4602624,
1.253671e+09,
1.139517e+09,
1.141538e+08,
2.279033e+08,
2.279033e+08,
2.279033e+08,
2.279033e+08,
2.279033e+08,
2.283075e+07,
2.283075e+07,
2.283075e+07,
2.283075e+07,
2.283075e+07,
6.441598e+08,
5.51189e+08,
9.297082e+07,
1.102378e+08,
1.102378e+08,
1.102378e+08,
1.102378e+08,
1.102378e+08,
1.859416e+07,
1.859416e+07,
1.859416e+07,
1.859416e+07,
1.859416e+07,
5.747543e+07,
5.502929e+07,
2446139,
1.100586e+07,
1.100586e+07,
1.100586e+07,
1.100586e+07,
1.100586e+07,
489227.8,
489227.8,
489227.8,
489227.8,
489227.8,
4.074508e+08,
3.913204e+08,
1.613042e+07,
7.826407e+07,
7.826407e+07,
7.826407e+07,
7.826407e+07,
7.826407e+07,
3226084,
3226084,
3226084,
3226084,
3226084,
8.533015e+07,
8.080064e+07,
4529508,
1.616013e+07,
1.616013e+07,
1.616013e+07,
1.616013e+07,
1.616013e+07,
905901.6,
905901.6,
905901.6,
905901.6,
905901.6,
8.353397e+07,
7.827966e+07,
5254307,
1.565593e+07,
1.565593e+07,
1.565593e+07,
1.565593e+07,
1.565593e+07,
1050861,
1050861,
1050861,
1050861,
1050861,
3.624753e+07,
3.387612e+07,
2371404,
6775224,
6775224,
6775224,
6775224,
6775224,
474280.8,
474280.8,
474280.8,
474280.8,
474280.8,
9.26993e+07,
8.462355e+07,
8075752,
1.692471e+07,
1.692471e+07,
1.692471e+07,
1.692471e+07,
1.692471e+07,
1615150,
1615150,
1615150,
1615150,
1615150,
1.367043e+08,
1.278174e+08,
8886829,
2.556349e+07,
2.556349e+07,
2.556349e+07,
2.556349e+07,
2.556349e+07,
1777366,
1777366,
1777366,
1777366,
1777366,
3.615973e+08,
3.394893e+08,
2.2108e+07,
6.789786e+07,
6.789786e+07,
6.789786e+07,
6.789786e+07,
6.789786e+07,
4421601,
4421601,
4421601,
4421601,
4421601,
1.231478e+09,
1.094902e+09,
1.365763e+08,
2.189803e+08,
2.189803e+08,
2.189803e+08,
2.189803e+08,
2.189803e+08,
2.731525e+07,
2.731525e+07,
2.731525e+07,
2.731525e+07,
2.731525e+07,
4.907513e+07,
4.749451e+07,
1580623,
9498902,
9498902,
9498902,
9498902,
9498902,
316124.6,
316124.6,
316124.6,
316124.6,
316124.6,
8.966907e+08,
8.324147e+08,
6.427596e+07,
1.664829e+08,
1.664829e+08,
1.664829e+08,
1.664829e+08,
1.664829e+08,
1.285519e+07,
1.285519e+07,
1.285519e+07,
1.285519e+07,
1.285519e+07,
3.731486e+08,
3.38131e+08,
3.50176e+07,
6.76262e+07,
6.76262e+07,
6.76262e+07,
6.76262e+07,
6.76262e+07,
7003519,
7003519,
7003519,
7003519,
7003519,
2.570887e+08,
2.272708e+08,
2.981786e+07,
4.545417e+07,
4.545417e+07,
4.545417e+07,
4.545417e+07,
4.545417e+07,
5963572,
5963572,
5963572,
5963572,
5963572,
7.722549e+07,
7.17243e+07,
5501184,
1.434486e+07,
1.434486e+07,
1.434486e+07,
1.434486e+07,
1.434486e+07,
1100237,
1100237,
1100237,
1100237,
1100237,
4.260316e+07,
4.087857e+07,
1724595,
8175714,
8175714,
8175714,
8175714,
8175714,
344918.9,
344918.9,
344918.9,
344918.9,
344918.9,
6.590216e+08,
5.742204e+08,
8.480126e+07,
1.148441e+08,
1.148441e+08,
1.148441e+08,
1.148441e+08,
1.148441e+08,
1.696025e+07,
1.696025e+07,
1.696025e+07,
1.696025e+07,
1.696025e+07,
3.958914e+08,
3.517284e+08,
4.416308e+07,
7.034567e+07,
7.034567e+07,
7.034567e+07,
7.034567e+07,
7.034567e+07,
8832615,
8832615,
8832615,
8832615,
8832615,
0,
0,
0,
0,
0,
0,
0,
0,
0,
0,
0,
0,
0,
2095, 
4.26875e+07,
4.097354e+07,
1713954,
8194709,
8194709,
8194709,
8194709,
8194709,
342790.7,
342790.7,
342790.7,
342790.7,
342790.7,
3.908501e+08,
3.766823e+08,
1.416776e+07,
7.533646e+07,
7.533646e+07,
7.533646e+07,
7.533646e+07,
7.533646e+07,
2833552,
2833552,
2833552,
2833552,
2833552,
1.254754e+08,
1.238638e+08,
1611589,
2.477276e+07,
2.477276e+07,
2.477276e+07,
2.477276e+07,
2.477276e+07,
322317.8,
322317.8,
322317.8,
322317.8,
322317.8,
9.06564e+07,
8.430744e+07,
6348964,
1.686149e+07,
1.686149e+07,
1.686149e+07,
1.686149e+07,
1.686149e+07,
1269793,
1269793,
1269793,
1269793,
1269793,
1.711728e+08,
1.6137e+08,
9802884,
3.227399e+07,
3.227399e+07,
3.227399e+07,
3.227399e+07,
3.227399e+07,
1960577,
1960577,
1960577,
1960577,
1960577,
2.067829e+08,
1.997154e+08,
7067508,
3.994308e+07,
3.994308e+07,
3.994308e+07,
3.994308e+07,
3.994308e+07,
1413502,
1413502,
1413502,
1413502,
1413502,
2.736838e+08,
2.511682e+08,
2.251567e+07,
5.023363e+07,
5.023363e+07,
5.023363e+07,
5.023363e+07,
5.023363e+07,
4503134,
4503134,
4503134,
4503134,
4503134,
1.253246e+09,
1.141718e+09,
1.115278e+08,
2.283436e+08,
2.283436e+08,
2.283436e+08,
2.283436e+08,
2.283436e+08,
2.230556e+07,
2.230556e+07,
2.230556e+07,
2.230556e+07,
2.230556e+07,
6.426106e+08,
5.522154e+08,
9.039521e+07,
1.104431e+08,
1.104431e+08,
1.104431e+08,
1.104431e+08,
1.104431e+08,
1.807904e+07,
1.807904e+07,
1.807904e+07,
1.807904e+07,
1.807904e+07,
5.698532e+07,
5.463066e+07,
2354668,
1.092613e+07,
1.092613e+07,
1.092613e+07,
1.092613e+07,
1.092613e+07,
470933.6,
470933.6,
470933.6,
470933.6,
470933.6,
4.053523e+08,
3.89548e+08,
1.580432e+07,
7.790959e+07,
7.790959e+07,
7.790959e+07,
7.790959e+07,
7.790959e+07,
3160864,
3160864,
3160864,
3160864,
3160864,
8.477845e+07,
8.038174e+07,
4396715,
1.607635e+07,
1.607635e+07,
1.607635e+07,
1.607635e+07,
1.607635e+07,
879343,
879343,
879343,
879343,
879343,
8.304916e+07,
7.79095e+07,
5139666,
1.55819e+07,
1.55819e+07,
1.55819e+07,
1.55819e+07,
1.55819e+07,
1027933,
1027933,
1027933,
1027933,
1027933,
3.600783e+07,
3.368754e+07,
2320288,
6737509,
6737509,
6737509,
6737509,
6737509,
464057.5,
464057.5,
464057.5,
464057.5,
464057.5,
9.233993e+07,
8.449302e+07,
7846900,
1.68986e+07,
1.68986e+07,
1.68986e+07,
1.68986e+07,
1.68986e+07,
1569380,
1569380,
1569380,
1569380,
1569380,
1.361323e+08,
1.27373e+08,
8759281,
2.547461e+07,
2.547461e+07,
2.547461e+07,
2.547461e+07,
2.547461e+07,
1751856,
1751856,
1751856,
1751856,
1751856,
3.600812e+08,
3.384204e+08,
2.166079e+07,
6.768408e+07,
6.768408e+07,
6.768408e+07,
6.768408e+07,
6.768408e+07,
4332157,
4332157,
4332157,
4332157,
4332157,
1.219572e+09,
1.087726e+09,
1.318456e+08,
2.175452e+08,
2.175452e+08,
2.175452e+08,
2.175452e+08,
2.175452e+08,
2.636913e+07,
2.636913e+07,
2.636913e+07,
2.636913e+07,
2.636913e+07,
4.850789e+07,
4.698824e+07,
1519654,
9397648,
9397648,
9397648,
9397648,
9397648,
303930.7,
303930.7,
303930.7,
303930.7,
303930.7,
8.865089e+08,
8.242451e+08,
6.226378e+07,
1.64849e+08,
1.64849e+08,
1.64849e+08,
1.64849e+08,
1.64849e+08,
1.245276e+07,
1.245276e+07,
1.245276e+07,
1.245276e+07,
1.245276e+07,
3.702913e+08,
3.363291e+08,
3.396221e+07,
6.726582e+07,
6.726582e+07,
6.726582e+07,
6.726582e+07,
6.726582e+07,
6792443,
6792443,
6792443,
6792443,
6792443,
2.550911e+08,
2.260187e+08,
2.907243e+07,
4.520374e+07,
4.520374e+07,
4.520374e+07,
4.520374e+07,
4.520374e+07,
5814486,
5814486,
5814486,
5814486,
5814486,
7.64533e+07,
7.108687e+07,
5366426,
1.421737e+07,
1.421737e+07,
1.421737e+07,
1.421737e+07,
1.421737e+07,
1073285,
1073285,
1073285,
1073285,
1073285,
4.242219e+07,
4.073033e+07,
1691861,
8146066,
8146066,
8146066,
8146066,
8146066,
338372.1,
338372.1,
338372.1,
338372.1,
338372.1,
6.562167e+08,
5.736113e+08,
8.260541e+07,
1.147223e+08,
1.147223e+08,
1.147223e+08,
1.147223e+08,
1.147223e+08,
1.652108e+07,
1.652108e+07,
1.652108e+07,
1.652108e+07,
1.652108e+07,
3.952347e+08,
3.521624e+08,
4.307223e+07,
7.043249e+07,
7.043249e+07,
7.043249e+07,
7.043249e+07,
7.043249e+07,
8614446,
8614446,
8614446,
8614446,
8614446,
0,
0,
0,
0,
0,
0,
0,
0,
0,
0,
0,
0,
0,
2096, 
4.241882e+07,
4.074724e+07,
1671587,
8149448,
8149448,
8149448,
8149448,
8149448,
334317.3,
334317.3,
334317.3,
334317.3,
334317.3,
3.896621e+08,
3.758191e+08,
1.384302e+07,
7.516382e+07,
7.516382e+07,
7.516382e+07,
7.516382e+07,
7.516382e+07,
2768605,
2768605,
2768605,
2768605,
2768605,
1.245952e+08,
1.230449e+08,
1550341,
2.460898e+07,
2.460898e+07,
2.460898e+07,
2.460898e+07,
2.460898e+07,
310068.1,
310068.1,
310068.1,
310068.1,
310068.1,
8.99592e+07,
8.377113e+07,
6188072,
1.675423e+07,
1.675423e+07,
1.675423e+07,
1.675423e+07,
1.675423e+07,
1237614,
1237614,
1237614,
1237614,
1237614,
1.695382e+08,
1.598799e+08,
9658291,
3.197599e+07,
3.197599e+07,
3.197599e+07,
3.197599e+07,
3.197599e+07,
1931658,
1931658,
1931658,
1931658,
1931658,
2.051375e+08,
1.982187e+08,
6918826,
3.964374e+07,
3.964374e+07,
3.964374e+07,
3.964374e+07,
3.964374e+07,
1383765,
1383765,
1383765,
1383765,
1383765,
2.725943e+08,
2.505873e+08,
2.200706e+07,
5.011746e+07,
5.011746e+07,
5.011746e+07,
5.011746e+07,
5.011746e+07,
4401412,
4401412,
4401412,
4401412,
4401412,
1.251174e+09,
1.142413e+09,
1.087604e+08,
2.284827e+08,
2.284827e+08,
2.284827e+08,
2.284827e+08,
2.284827e+08,
2.175207e+07,
2.175207e+07,
2.175207e+07,
2.175207e+07,
2.175207e+07,
6.403927e+08,
5.526534e+08,
8.773932e+07,
1.105307e+08,
1.105307e+08,
1.105307e+08,
1.105307e+08,
1.105307e+08,
1.754786e+07,
1.754786e+07,
1.754786e+07,
1.754786e+07,
1.754786e+07,
5.647407e+07,
5.421051e+07,
2263563,
1.08421e+07,
1.08421e+07,
1.08421e+07,
1.08421e+07,
1.08421e+07,
452712.7,
452712.7,
452712.7,
452712.7,
452712.7,
4.028844e+08,
3.874178e+08,
1.546654e+07,
7.748357e+07,
7.748357e+07,
7.748357e+07,
7.748357e+07,
7.748357e+07,
3093309,
3093309,
3093309,
3093309,
3093309,
8.423338e+07,
7.996778e+07,
4265606,
1.599356e+07,
1.599356e+07,
1.599356e+07,
1.599356e+07,
1.599356e+07,
853121.1,
853121.1,
853121.1,
853121.1,
853121.1,
8.254634e+07,
7.752142e+07,
5024911,
1.550429e+07,
1.550429e+07,
1.550429e+07,
1.550429e+07,
1.550429e+07,
1004982,
1004982,
1004982,
1004982,
1004982,
3.577184e+07,
3.350196e+07,
2269878,
6700392,
6700392,
6700392,
6700392,
6700392,
453975.5,
453975.5,
453975.5,
453975.5,
453975.5,
9.194922e+07,
8.433222e+07,
7616991,
1.686644e+07,
1.686644e+07,
1.686644e+07,
1.686644e+07,
1.686644e+07,
1523398,
1523398,
1523398,
1523398,
1523398,
1.35552e+08,
1.269201e+08,
8631962,
2.538401e+07,
2.538401e+07,
2.538401e+07,
2.538401e+07,
2.538401e+07,
1726392,
1726392,
1726392,
1726392,
1726392,
3.582766e+08,
3.370771e+08,
2.119948e+07,
6.741542e+07,
6.741542e+07,
6.741542e+07,
6.741542e+07,
6.741542e+07,
4239897,
4239897,
4239897,
4239897,
4239897,
1.207248e+09,
1.08011e+09,
1.271376e+08,
2.160221e+08,
2.160221e+08,
2.160221e+08,
2.160221e+08,
2.160221e+08,
2.542752e+07,
2.542752e+07,
2.542752e+07,
2.542752e+07,
2.542752e+07,
4.79357e+07,
4.647616e+07,
1459532,
9295232,
9295232,
9295232,
9295232,
9295232,
291906.4,
291906.4,
291906.4,
291906.4,
291906.4,
8.770982e+08,
8.167641e+08,
6.033411e+07,
1.633528e+08,
1.633528e+08,
1.633528e+08,
1.633528e+08,
1.633528e+08,
1.206682e+07,
1.206682e+07,
1.206682e+07,
1.206682e+07,
1.206682e+07,
3.672858e+08,
3.343801e+08,
3.29057e+07,
6.687602e+07,
6.687602e+07,
6.687602e+07,
6.687602e+07,
6.687602e+07,
6581139,
6581139,
6581139,
6581139,
6581139,
2.529699e+08,
2.246487e+08,
2.832121e+07,
4.492974e+07,
4.492974e+07,
4.492974e+07,
4.492974e+07,
4.492974e+07,
5664241,
5664241,
5664241,
5664241,
5664241,
7.562339e+07,
7.03941e+07,
5229290,
1.407882e+07,
1.407882e+07,
1.407882e+07,
1.407882e+07,
1.407882e+07,
1045858,
1045858,
1045858,
1045858,
1045858,
4.220158e+07,
4.05438e+07,
1657787,
8108759,
8108759,
8108759,
8108759,
8108759,
331557.3,
331557.3,
331557.3,
331557.3,
331557.3,
6.529909e+08,
5.726175e+08,
8.037344e+07,
1.145235e+08,
1.145235e+08,
1.145235e+08,
1.145235e+08,
1.145235e+08,
1.607469e+07,
1.607469e+07,
1.607469e+07,
1.607469e+07,
1.607469e+07,
3.941221e+08,
3.521859e+08,
4.193627e+07,
7.043717e+07,
7.043717e+07,
7.043717e+07,
7.043717e+07,
7.043717e+07,
8387254,
8387254,
8387254,
8387254,
8387254,
0,
0,
0,
0,
0,
0,
0,
0,
0,
0,
0,
0,
0,
2097, 
4.215015e+07,
4.052053e+07,
1629620,
8104106,
8104106,
8104106,
8104106,
8104106,
325923.9,
325923.9,
325923.9,
325923.9,
325923.9,
3.884741e+08,
3.749541e+08,
1.352e+07,
7.499082e+07,
7.499082e+07,
7.499082e+07,
7.499082e+07,
7.499082e+07,
2704001,
2704001,
2704001,
2704001,
2704001,
1.237151e+08,
1.222253e+08,
1489798,
2.444505e+07,
2.444505e+07,
2.444505e+07,
2.444505e+07,
2.444505e+07,
297959.5,
297959.5,
297959.5,
297959.5,
297959.5,
8.926199e+07,
8.323308e+07,
6028916,
1.664662e+07,
1.664662e+07,
1.664662e+07,
1.664662e+07,
1.664662e+07,
1205783,
1205783,
1205783,
1205783,
1205783,
1.679036e+08,
1.583889e+08,
9514681,
3.167779e+07,
3.167779e+07,
3.167779e+07,
3.167779e+07,
3.167779e+07,
1902936,
1902936,
1902936,
1902936,
1902936,
2.034921e+08,
1.967205e+08,
6771628,
3.93441e+07,
3.93441e+07,
3.93441e+07,
3.93441e+07,
3.93441e+07,
1354326,
1354326,
1354326,
1354326,
1354326,
2.715049e+08,
2.500031e+08,
2.15018e+07,
5.000061e+07,
5.000061e+07,
5.000061e+07,
5.000061e+07,
5.000061e+07,
4300359,
4300359,
4300359,
4300359,
4300359,
1.249102e+09,
1.1431e+09,
1.060015e+08,
2.2862e+08,
2.2862e+08,
2.2862e+08,
2.2862e+08,
2.2862e+08,
2.120029e+07,
2.120029e+07,
2.120029e+07,
2.120029e+07,
2.120029e+07,
6.381748e+08,
5.530751e+08,
8.509967e+07,
1.10615e+08,
1.10615e+08,
1.10615e+08,
1.10615e+08,
1.10615e+08,
1.701993e+07,
1.701993e+07,
1.701993e+07,
1.701993e+07,
1.701993e+07,
5.596282e+07,
5.37891e+07,
2173726,
1.075782e+07,
1.075782e+07,
1.075782e+07,
1.075782e+07,
1.075782e+07,
434745.3,
434745.3,
434745.3,
434745.3,
434745.3,
4.004165e+08,
3.852847e+08,
1.513173e+07,
7.705694e+07,
7.705694e+07,
7.705694e+07,
7.705694e+07,
7.705694e+07,
3026346,
3026346,
3026346,
3026346,
3026346,
8.368832e+07,
7.95525e+07,
4135828,
1.59105e+07,
1.59105e+07,
1.59105e+07,
1.59105e+07,
1.59105e+07,
827165.5,
827165.5,
827165.5,
827165.5,
827165.5,
8.204352e+07,
7.713234e+07,
4911176,
1.542647e+07,
1.542647e+07,
1.542647e+07,
1.542647e+07,
1.542647e+07,
982235.1,
982235.1,
982235.1,
982235.1,
982235.1,
3.553585e+07,
3.331591e+07,
2219932,
6663183,
6663183,
6663183,
6663183,
6663183,
443986.4,
443986.4,
443986.4,
443986.4,
443986.4,
9.155852e+07,
8.416976e+07,
7388754,
1.683395e+07,
1.683395e+07,
1.683395e+07,
1.683395e+07,
1.683395e+07,
1477751,
1477751,
1477751,
1477751,
1477751,
1.349718e+08,
1.264663e+08,
8505413,
2.529327e+07,
2.529327e+07,
2.529327e+07,
2.529327e+07,
2.529327e+07,
1701083,
1701083,
1701083,
1701083,
1701083,
3.56472e+08,
3.357302e+08,
2.074173e+07,
6.714605e+07,
6.714605e+07,
6.714605e+07,
6.714605e+07,
6.714605e+07,
4148346,
4148346,
4148346,
4148346,
4148346,
1.194924e+09,
1.072426e+09,
1.224984e+08,
2.144851e+08,
2.144851e+08,
2.144851e+08,
2.144851e+08,
2.144851e+08,
2.449969e+07,
2.449969e+07,
2.449969e+07,
2.449969e+07,
2.449969e+07,
4.73635e+07,
4.596308e+07,
1400418,
9192615,
9192615,
9192615,
9192615,
9192615,
280083.5,
280083.5,
280083.5,
280083.5,
280083.5,
8.676876e+08,
8.092559e+08,
5.843165e+07,
1.618512e+08,
1.618512e+08,
1.618512e+08,
1.618512e+08,
1.618512e+08,
1.168633e+07,
1.168633e+07,
1.168633e+07,
1.168633e+07,
1.168633e+07,
3.642803e+08,
3.324183e+08,
3.186196e+07,
6.648366e+07,
6.648366e+07,
6.648366e+07,
6.648366e+07,
6.648366e+07,
6372392,
6372392,
6372392,
6372392,
6372392,
2.508487e+08,
2.232702e+08,
2.757852e+07,
4.465403e+07,
4.465403e+07,
4.465403e+07,
4.465403e+07,
4.465403e+07,
5515705,
5515705,
5515705,
5515705,
5515705,
7.479349e+07,
6.96996e+07,
5093884,
1.393992e+07,
1.393992e+07,
1.393992e+07,
1.393992e+07,
1.393992e+07,
1018777,
1018777,
1018777,
1018777,
1018777,
4.198098e+07,
4.0357e+07,
1623977,
8071400,
8071400,
8071400,
8071400,
8071400,
324795.3,
324795.3,
324795.3,
324795.3,
324795.3,
6.497651e+08,
5.716056e+08,
7.815951e+07,
1.143211e+08,
1.143211e+08,
1.143211e+08,
1.143211e+08,
1.143211e+08,
1.56319e+07,
1.56319e+07,
1.56319e+07,
1.56319e+07,
1.56319e+07,
3.930096e+08,
3.522036e+08,
4.080604e+07,
7.044071e+07,
7.044071e+07,
7.044071e+07,
7.044071e+07,
7.044071e+07,
8161207,
8161207,
8161207,
8161207,
8161207,
0,
0,
0,
0,
0,
0,
0,
0,
0,
0,
0,
0,
0,
2098, 
4.188147e+07,
4.029342e+07,
1588053,
8058684,
8058684,
8058684,
8058684,
8058684,
317610.6,
317610.6,
317610.6,
317610.6,
317610.6,
3.872862e+08,
3.740875e+08,
1.31987e+07,
7.481749e+07,
7.481749e+07,
7.481749e+07,
7.481749e+07,
7.481749e+07,
2639740,
2639740,
2639740,
2639740,
2639740,
1.228349e+08,
1.214049e+08,
1429960,
2.428099e+07,
2.428099e+07,
2.428099e+07,
2.428099e+07,
2.428099e+07,
285992.1,
285992.1,
285992.1,
285992.1,
285992.1,
8.856478e+07,
8.269328e+07,
5871497,
1.653866e+07,
1.653866e+07,
1.653866e+07,
1.653866e+07,
1.653866e+07,
1174299,
1174299,
1174299,
1174299,
1174299,
1.66269e+08,
1.568969e+08,
9372054,
3.137939e+07,
3.137939e+07,
3.137939e+07,
3.137939e+07,
3.137939e+07,
1874411,
1874411,
1874411,
1874411,
1874411,
2.018467e+08,
1.952208e+08,
6625912,
3.904416e+07,
3.904416e+07,
3.904416e+07,
3.904416e+07,
3.904416e+07,
1325182,
1325182,
1325182,
1325182,
1325182,
2.704154e+08,
2.494155e+08,
2.099988e+07,
4.98831e+07,
4.98831e+07,
4.98831e+07,
4.98831e+07,
4.98831e+07,
4199977,
4199977,
4199977,
4199977,
4199977,
1.247029e+09,
1.143778e+09,
1.032511e+08,
2.287556e+08,
2.287556e+08,
2.287556e+08,
2.287556e+08,
2.287556e+08,
2.065023e+07,
2.065023e+07,
2.065023e+07,
2.065023e+07,
2.065023e+07,
6.359569e+08,
5.534806e+08,
8.247625e+07,
1.106961e+08,
1.106961e+08,
1.106961e+08,
1.106961e+08,
1.106961e+08,
1.649525e+07,
1.649525e+07,
1.649525e+07,
1.649525e+07,
1.649525e+07,
5.545157e+07,
5.336641e+07,
2085156,
1.067328e+07,
1.067328e+07,
1.067328e+07,
1.067328e+07,
1.067328e+07,
417031.2,
417031.2,
417031.2,
417031.2,
417031.2,
3.979485e+08,
3.831487e+08,
1.479987e+07,
7.662974e+07,
7.662974e+07,
7.662974e+07,
7.662974e+07,
7.662974e+07,
2959975,
2959975,
2959975,
2959975,
2959975,
8.314326e+07,
7.913588e+07,
4007380,
1.582718e+07,
1.582718e+07,
1.582718e+07,
1.582718e+07,
1.582718e+07,
801475.9,
801475.9,
801475.9,
801475.9,
801475.9,
8.15407e+07,
7.674223e+07,
4798458,
1.534845e+07,
1.534845e+07,
1.534845e+07,
1.534845e+07,
1.534845e+07,
959691.6,
959691.6,
959691.6,
959691.6,
959691.6,
3.529986e+07,
3.312941e+07,
2170452,
6625881,
6625881,
6625881,
6625881,
6625881,
434090.3,
434090.3,
434090.3,
434090.3,
434090.3,
9.116781e+07,
8.400562e+07,
7162188,
1.680112e+07,
1.680112e+07,
1.680112e+07,
1.680112e+07,
1.680112e+07,
1432438,
1432438,
1432438,
1432438,
1432438,
1.343915e+08,
1.260118e+08,
8379633,
2.520237e+07,
2.520237e+07,
2.520237e+07,
2.520237e+07,
2.520237e+07,
1675927,
1675927,
1675927,
1675927,
1675927,
3.546674e+08,
3.343798e+08,
2.028753e+07,
6.687597e+07,
6.687597e+07,
6.687597e+07,
6.687597e+07,
6.687597e+07,
4057507,
4057507,
4057507,
4057507,
4057507,
1.1826e+09,
1.064672e+09,
1.179283e+08,
2.129344e+08,
2.129344e+08,
2.129344e+08,
2.129344e+08,
2.129344e+08,
2.358565e+07,
2.358565e+07,
2.358565e+07,
2.358565e+07,
2.358565e+07,
4.67913e+07,
4.544899e+07,
1342311,
9089798,
9089798,
9089798,
9089798,
9089798,
268462.1,
268462.1,
268462.1,
268462.1,
268462.1,
8.582769e+08,
8.017204e+08,
5.655642e+07,
1.603441e+08,
1.603441e+08,
1.603441e+08,
1.603441e+08,
1.603441e+08,
1.131128e+07,
1.131128e+07,
1.131128e+07,
1.131128e+07,
1.131128e+07,
3.612747e+08,
3.304437e+08,
3.083101e+07,
6.608874e+07,
6.608874e+07,
6.608874e+07,
6.608874e+07,
6.608874e+07,
6166201,
6166201,
6166201,
6166201,
6166201,
2.487275e+08,
2.218831e+08,
2.684439e+07,
4.437662e+07,
4.437662e+07,
4.437662e+07,
4.437662e+07,
4.437662e+07,
5368878,
5368878,
5368878,
5368878,
5368878,
7.396359e+07,
6.900338e+07,
4960211,
1.380068e+07,
1.380068e+07,
1.380068e+07,
1.380068e+07,
1.380068e+07,
992042.1,
992042.1,
992042.1,
992042.1,
992042.1,
4.176037e+07,
4.016994e+07,
1590431,
8033988,
8033988,
8033988,
8033988,
8033988,
318086.3,
318086.3,
318086.3,
318086.3,
318086.3,
6.465393e+08,
5.705757e+08,
7.596362e+07,
1.141151e+08,
1.141151e+08,
1.141151e+08,
1.141151e+08,
1.141151e+08,
1.519273e+07,
1.519273e+07,
1.519273e+07,
1.519273e+07,
1.519273e+07,
3.91897e+08,
3.522155e+08,
3.968153e+07,
7.04431e+07,
7.04431e+07,
7.04431e+07,
7.04431e+07,
7.04431e+07,
7936306,
7936306,
7936306,
7936306,
7936306,
0,
0,
0,
0,
0,
0,
0,
0,
0,
0,
0,
0,
0,
2099, 
4.16128e+07,
4.006591e+07,
1546886,
8013183,
8013183,
8013183,
8013183,
8013183,
309377.2,
309377.2,
309377.2,
309377.2,
309377.2,
3.860982e+08,
3.73219e+08,
1.287912e+07,
7.464381e+07,
7.464381e+07,
7.464381e+07,
7.464381e+07,
7.464381e+07,
2575823,
2575823,
2575823,
2575823,
2575823,
1.219547e+08,
1.205839e+08,
1370829,
2.411678e+07,
2.411678e+07,
2.411678e+07,
2.411678e+07,
2.411678e+07,
274165.7,
274165.7,
274165.7,
274165.7,
274165.7,
8.786758e+07,
8.215176e+07,
5715815,
1.643035e+07,
1.643035e+07,
1.643035e+07,
1.643035e+07,
1.643035e+07,
1143163,
1143163,
1143163,
1143163,
1143163,
1.646344e+08,
1.55404e+08,
9230410,
3.108079e+07,
3.108079e+07,
3.108079e+07,
3.108079e+07,
3.108079e+07,
1846082,
1846082,
1846082,
1846082,
1846082,
2.002013e+08,
1.937196e+08,
6481681,
3.874393e+07,
3.874393e+07,
3.874393e+07,
3.874393e+07,
3.874393e+07,
1296336,
1296336,
1296336,
1296336,
1296336,
2.693259e+08,
2.488246e+08,
2.050132e+07,
4.976491e+07,
4.976491e+07,
4.976491e+07,
4.976491e+07,
4.976491e+07,
4100265,
4100265,
4100265,
4100265,
4100265,
1.244957e+09,
1.144448e+09,
1.005094e+08,
2.288896e+08,
2.288896e+08,
2.288896e+08,
2.288896e+08,
2.288896e+08,
2.010188e+07,
2.010188e+07,
2.010188e+07,
2.010188e+07,
2.010188e+07,
6.337389e+08,
5.538699e+08,
7.986907e+07,
1.10774e+08,
1.10774e+08,
1.10774e+08,
1.10774e+08,
1.10774e+08,
1.597381e+07,
1.597381e+07,
1.597381e+07,
1.597381e+07,
1.597381e+07,
5.494032e+07,
5.294247e+07,
1997853,
1.058849e+07,
1.058849e+07,
1.058849e+07,
1.058849e+07,
1.058849e+07,
399570.6,
399570.6,
399570.6,
399570.6,
399570.6,
3.954806e+08,
3.810097e+08,
1.447098e+07,
7.620194e+07,
7.620194e+07,
7.620194e+07,
7.620194e+07,
7.620194e+07,
2894197,
2894197,
2894197,
2894197,
2894197,
8.25982e+07,
7.871794e+07,
3880263,
1.574359e+07,
1.574359e+07,
1.574359e+07,
1.574359e+07,
1.574359e+07,
776052.6,
776052.6,
776052.6,
776052.6,
776052.6,
8.103788e+07,
7.635112e+07,
4686761,
1.527022e+07,
1.527022e+07,
1.527022e+07,
1.527022e+07,
1.527022e+07,
937352.2,
937352.2,
937352.2,
937352.2,
937352.2,
3.506386e+07,
3.294243e+07,
2121435,
6588486,
6588486,
6588486,
6588486,
6588486,
424286.9,
424286.9,
424286.9,
424286.9,
424286.9,
9.07771e+07,
8.383982e+07,
6937294,
1.676796e+07,
1.676796e+07,
1.676796e+07,
1.676796e+07,
1.676796e+07,
1387459,
1387459,
1387459,
1387459,
1387459,
1.338112e+08,
1.255566e+08,
8254626,
2.511131e+07,
2.511131e+07,
2.511131e+07,
2.511131e+07,
2.511131e+07,
1650925,
1650925,
1650925,
1650925,
1650925,
3.528628e+08,
3.330259e+08,
1.983689e+07,
6.660518e+07,
6.660518e+07,
6.660518e+07,
6.660518e+07,
6.660518e+07,
3967378,
3967378,
3967378,
3967378,
3967378,
1.170277e+09,
1.05685e+09,
1.13427e+08,
2.113699e+08,
2.113699e+08,
2.113699e+08,
2.113699e+08,
2.113699e+08,
2.268539e+07,
2.268539e+07,
2.268539e+07,
2.268539e+07,
2.268539e+07,
4.62191e+07,
4.493389e+07,
1285211,
8986778,
8986778,
8986778,
8986778,
8986778,
257042.2,
257042.2,
257042.2,
257042.2,
257042.2,
8.488662e+08,
7.941578e+08,
5.470842e+07,
1.588316e+08,
1.588316e+08,
1.588316e+08,
1.588316e+08,
1.588316e+08,
1.094168e+07,
1.094168e+07,
1.094168e+07,
1.094168e+07,
1.094168e+07,
3.582692e+08,
3.284563e+08,
2.981283e+07,
6.569126e+07,
6.569126e+07,
6.569126e+07,
6.569126e+07,
6.569126e+07,
5962565,
5962565,
5962565,
5962565,
5962565,
2.466063e+08,
2.204875e+08,
2.61188e+07,
4.40975e+07,
4.40975e+07,
4.40975e+07,
4.40975e+07,
4.40975e+07,
5223760,
5223760,
5223760,
5223760,
5223760,
7.313369e+07,
6.830542e+07,
4828268,
1.366108e+07,
1.366108e+07,
1.366108e+07,
1.366108e+07,
1.366108e+07,
965653.5,
965653.5,
965653.5,
965653.5,
965653.5,
4.153976e+07,
3.998261e+07,
1557150,
7996523,
7996523,
7996523,
7996523,
7996523,
311429.9,
311429.9,
311429.9,
311429.9,
311429.9,
6.433135e+08,
5.695277e+08,
7.378578e+07,
1.139055e+08,
1.139055e+08,
1.139055e+08,
1.139055e+08,
1.139055e+08,
1.475716e+07,
1.475716e+07,
1.475716e+07,
1.475716e+07,
1.475716e+07,
3.907845e+08,
3.522217e+08,
3.856276e+07,
7.044434e+07,
7.044434e+07,
7.044434e+07,
7.044434e+07,
7.044434e+07,
7712551,
7712551,
7712551,
7712551,
7712551,
0,
0,
0,
0,
0,
0,
0,
0,
0,
0,
0,
0,
0,
2100, 
4.134412e+07,
3.9838e+07,
1506119,
7967600,
7967600,
7967600,
7967600,
7967600,
301223.8,
301223.8,
301223.8,
301223.8,
301223.8,
3.849102e+08,
3.72349e+08,
1.256125e+07,
7.446979e+07,
7.446979e+07,
7.446979e+07,
7.446979e+07,
7.446979e+07,
2512250,
2512250,
2512250,
2512250,
2512250,
1.210746e+08,
1.197622e+08,
1312403,
2.395243e+07,
2.395243e+07,
2.395243e+07,
2.395243e+07,
2.395243e+07,
262480.5,
262480.5,
262480.5,
262480.5,
262480.5,
8.717038e+07,
8.16085e+07,
5561871,
1.63217e+07,
1.63217e+07,
1.63217e+07,
1.63217e+07,
1.63217e+07,
1112374,
1112374,
1112374,
1112374,
1112374,
1.629997e+08,
1.5391e+08,
9089749,
3.0782e+07,
3.0782e+07,
3.0782e+07,
3.0782e+07,
3.0782e+07,
1817950,
1817950,
1817950,
1817950,
1817950,
1.985559e+08,
1.92217e+08,
6338931,
3.84434e+07,
3.84434e+07,
3.84434e+07,
3.84434e+07,
3.84434e+07,
1267786,
1267786,
1267786,
1267786,
1267786,
2.682364e+08,
2.482303e+08,
2.000611e+07,
4.964605e+07,
4.964605e+07,
4.964605e+07,
4.964605e+07,
4.964605e+07,
4001221,
4001221,
4001221,
4001221,
4001221,
1.242885e+09,
1.145109e+09,
9.777616e+07,
2.290217e+08,
2.290217e+08,
2.290217e+08,
2.290217e+08,
2.290217e+08,
1.955523e+07,
1.955523e+07,
1.955523e+07,
1.955523e+07,
1.955523e+07,
6.315211e+08,
5.54243e+08,
7.727812e+07,
1.108486e+08,
1.108486e+08,
1.108486e+08,
1.108486e+08,
1.108486e+08,
1.545562e+07,
1.545562e+07,
1.545562e+07,
1.545562e+07,
1.545562e+07,
5.442906e+07,
5.251725e+07,
1911817,
1.050345e+07,
1.050345e+07,
1.050345e+07,
1.050345e+07,
1.050345e+07,
382363.4,
382363.4,
382363.4,
382363.4,
382363.4,
3.930127e+08,
3.788677e+08,
1.414504e+07,
7.577354e+07,
7.577354e+07,
7.577354e+07,
7.577354e+07,
7.577354e+07,
2829009,
2829009,
2829009,
2829009,
2829009,
8.205313e+07,
7.829866e+07,
3754478,
1.565973e+07,
1.565973e+07,
1.565973e+07,
1.565973e+07,
1.565973e+07,
750895.5,
750895.5,
750895.5,
750895.5,
750895.5,
8.053506e+07,
7.595898e+07,
4576082,
1.51918e+07,
1.51918e+07,
1.51918e+07,
1.51918e+07,
1.51918e+07,
915216.4,
915216.4,
915216.4,
915216.4,
915216.4,
3.482787e+07,
3.275499e+07,
2072883,
6550998,
6550998,
6550998,
6550998,
6550998,
414576.6,
414576.6,
414576.6,
414576.6,
414576.6,
9.03864e+07,
8.367233e+07,
6714071,
1.673447e+07,
1.673447e+07,
1.673447e+07,
1.673447e+07,
1.673447e+07,
1342814,
1342814,
1342814,
1342814,
1342814,
1.332309e+08,
1.251005e+08,
8130387,
2.50201e+07,
2.50201e+07,
2.50201e+07,
2.50201e+07,
2.50201e+07,
1626077,
1626077,
1626077,
1626077,
1626077,
3.510582e+08,
3.316684e+08,
1.93898e+07,
6.633367e+07,
6.633367e+07,
6.633367e+07,
6.633367e+07,
6.633367e+07,
3877960,
3877960,
3877960,
3877960,
3877960,
1.157953e+09,
1.048958e+09,
1.089946e+08,
2.097916e+08,
2.097916e+08,
2.097916e+08,
2.097916e+08,
2.097916e+08,
2.179892e+07,
2.179892e+07,
2.179892e+07,
2.179892e+07,
2.179892e+07,
4.56469e+07,
4.441778e+07,
1229119,
8883556,
8883556,
8883556,
8883556,
8883556,
245823.7,
245823.7,
245823.7,
245823.7,
245823.7,
8.394556e+08,
7.865679e+08,
5.288764e+07,
1.573136e+08,
1.573136e+08,
1.573136e+08,
1.573136e+08,
1.573136e+08,
1.057753e+07,
1.057753e+07,
1.057753e+07,
1.057753e+07,
1.057753e+07,
3.552636e+08,
3.264562e+08,
2.880743e+07,
6.529124e+07,
6.529124e+07,
6.529124e+07,
6.529124e+07,
6.529124e+07,
5761486,
5761486,
5761486,
5761486,
5761486,
2.444851e+08,
2.190833e+08,
2.540175e+07,
4.381666e+07,
4.381666e+07,
4.381666e+07,
4.381666e+07,
4.381666e+07,
5080350,
5080350,
5080350,
5080350,
5080350,
7.230378e+07,
6.760573e+07,
4698056,
1.352115e+07,
1.352115e+07,
1.352115e+07,
1.352115e+07,
1.352115e+07,
939611.2,
939611.2,
939611.2,
939611.2,
939611.2,
4.131916e+07,
3.979503e+07,
1524133,
7959006,
7959006,
7959006,
7959006,
7959006,
304826.6,
304826.6,
304826.6,
304826.6,
304826.6,
6.400877e+08,
5.684618e+08,
7.162597e+07,
1.136924e+08,
1.136924e+08,
1.136924e+08,
1.136924e+08,
1.136924e+08,
1.432519e+07,
1.432519e+07,
1.432519e+07,
1.432519e+07,
1.432519e+07,
3.896719e+08,
3.522222e+08,
3.744971e+07,
7.044445e+07,
7.044445e+07,
7.044445e+07,
7.044445e+07,
7.044445e+07,
7489943,
7489943,
7489943,
7489943,
7489943,
0,
0,
0,
0,
0,
0,
0,
0,
0,
0,
0,
0,
0];
