real main.em.bio.BOut.BSFProdSpecRes[27,4](t) = [1971, 
0,
0,
0,
0,
0,
0,
0,
0,
0,
0,
0,
0,
0,
0,
0,
0,
0,
0,
0,
0,
0,
0,
0,
0,
0,
0,
0,
0,
0,
0,
0,
0,
0,
0,
0,
0,
0,
0,
0,
0,
0,
0,
0,
0,
0,
0,
0,
0,
0,
0,
0,
0,
0,
0,
0,
0,
0,
0,
0,
0,
0,
0,
0,
0,
0,
0,
0,
0,
0,
0,
0,
0,
0,
0,
0,
0,
0,
0,
0,
0,
0,
0,
0,
0,
0,
0,
0,
0,
0,
0,
0,
0,
0,
0,
0,
0,
0,
0,
0,
0,
0,
0,
0,
0,
0,
0,
0,
0,
1972, 
0,
0,
1.336043e+08,
1.043951e+08,
0,
0,
2.897746e+07,
2.897746e+07,
0,
0,
2.594549e+07,
2.594549e+07,
0,
0,
7767544,
3.788414e+07,
0,
0,
1.154102e+08,
1.744779e+08,
0,
0,
1.24185e+07,
1.24185e+07,
0,
0,
1324911,
331227.7,
0,
0,
0,
2188209,
0,
0,
0,
5170127,
0,
0,
0,
1.251038e+07,
0,
0,
1.230562e+08,
1.230562e+08,
0,
0,
0,
0,
0,
0,
0,
1519418,
0,
0,
4553748,
4553748,
0,
0,
4346859,
0,
0,
0,
0,
2.605785e+08,
0,
0,
737750.2,
737750.2,
0,
0,
0,
3.081837e+08,
0,
0,
0,
8080105,
0,
0,
3397997,
3871477,
0,
0,
0,
6.056334e+07,
0,
0,
255349.4,
183651.2,
0,
0,
1.707018e+07,
1.707018e+07,
0,
0,
2822802,
2822802,
0,
0,
0,
1399215,
0,
0,
0,
0,
0,
0,
4.816893e+08,
1.196919e+09,
1973, 
0,
0,
1.387266e+08,
1.051768e+08,
0,
0,
3.026608e+07,
3.026608e+07,
0,
0,
2.833109e+07,
2.833109e+07,
0,
0,
8440454,
3.911531e+07,
0,
0,
1.2379e+08,
1.837935e+08,
0,
0,
1.194112e+07,
1.194112e+07,
0,
0,
1135410,
486604.2,
0,
0,
0,
2200390,
0,
0,
0,
5266209,
0,
0,
0,
1.201881e+07,
0,
0,
1.756151e+08,
1.756151e+08,
0,
0,
0,
0,
0,
0,
0,
1570322,
0,
0,
4817087,
4817087,
0,
0,
4560405,
0,
0,
0,
0,
2.616018e+08,
0,
0,
871347.5,
871347.5,
0,
0,
0,
3.431316e+08,
0,
0,
0,
8657932,
0,
0,
2511709,
5548393,
0,
0,
0,
5.903468e+07,
0,
0,
261724.6,
179417.4,
0,
0,
1.787646e+07,
1.787646e+07,
0,
0,
2821912,
2821912,
0,
0,
0,
1296123,
0,
0,
0,
0,
0,
0,
5.519665e+08,
1.301618e+09,
1974, 
0,
0,
1.348824e+08,
1.059615e+08,
0,
0,
2.755651e+07,
2.755651e+07,
0,
0,
2.924028e+07,
2.924028e+07,
0,
0,
8933722,
4.016975e+07,
0,
0,
1.274529e+08,
1.787785e+08,
0,
0,
1.268888e+07,
1.268888e+07,
0,
0,
1002398,
668265.6,
0,
0,
0,
2240006,
0,
0,
0,
5256919,
0,
0,
0,
1.16661e+07,
0,
0,
1.911586e+08,
1.911586e+08,
0,
0,
0,
0,
0,
0,
0,
1566163,
0,
0,
4949319,
4949319,
0,
0,
4695064,
0,
0,
0,
0,
2.617906e+08,
0,
0,
790359.1,
790359.1,
0,
0,
0,
3.4351e+08,
0,
0,
0,
8652629,
0,
0,
1046719,
5671148,
0,
0,
0,
7.322974e+07,
0,
0,
340735.3,
222541,
0,
0,
1.729936e+07,
1.729936e+07,
0,
0,
1.170406e+07,
1.170406e+07,
0,
0,
0,
1292383,
0,
0,
0,
0,
0,
0,
5.737412e+08,
1.336064e+09,
1975, 
0,
0,
1.263438e+08,
1.067489e+08,
0,
0,
2.574369e+07,
2.574369e+07,
0,
0,
2.851191e+07,
2.851191e+07,
0,
0,
9037707,
4.083782e+07,
0,
0,
1.285697e+08,
1.710957e+08,
0,
0,
2.297912e+07,
2.297912e+07,
0,
0,
926273.4,
926273.4,
0,
0,
0,
2291536,
0,
0,
0,
5403303,
0,
0,
0,
1.145409e+07,
0,
0,
1.856954e+08,
1.856954e+08,
0,
0,
0,
0,
0,
0,
0,
2258352,
0,
0,
5226524,
5226524,
0,
0,
5082615,
0,
0,
0,
0,
2.902861e+08,
0,
0,
794180.5,
794180.5,
0,
0,
0,
3.466592e+08,
0,
0,
0,
8511708,
0,
0,
0,
8351433,
0,
0,
0,
7.120334e+07,
0,
0,
1.604803e+07,
9980949,
0,
0,
1.438321e+07,
1.438321e+07,
0,
0,
2.484178e+07,
2.290128e+07,
0,
0,
0,
1518904,
0,
0,
0,
0,
0,
0,
5.941839e+08,
1.383763e+09,
1976, 
0,
0,
1.228786e+08,
1.08602e+08,
0,
0,
2.711501e+07,
2.711501e+07,
0,
0,
2.768993e+07,
2.768993e+07,
0,
0,
9891079,
4.243402e+07,
0,
0,
1.335952e+08,
1.812922e+08,
0,
0,
2.340857e+07,
2.340857e+07,
0,
0,
1236644,
824429.2,
0,
0,
0,
2312960,
0,
0,
0,
5656801,
0,
0,
0,
1.147064e+07,
0,
0,
1.920598e+08,
1.920598e+08,
0,
0,
0,
0,
0,
0,
0,
3059628,
0,
0,
5436020,
5436020,
0,
0,
5339796,
0,
0,
0,
0,
2.692084e+08,
0,
0,
903104,
602069.3,
0,
0,
0,
3.659961e+08,
0,
0,
1449765,
6547260,
0,
0,
1071653,
5234243,
0,
0,
0,
6.921284e+07,
0,
0,
1.364477e+07,
1.401902e+07,
0,
0,
1.479506e+07,
1.479506e+07,
0,
0,
2.50892e+07,
2.311228e+07,
0,
0,
0,
1684905,
0,
0,
0,
0,
0,
0,
6.056042e+08,
1.401774e+09,
1977, 
0,
0,
1.136242e+08,
1.104645e+08,
0,
0,
2.686932e+07,
2.686932e+07,
0,
0,
2.709108e+07,
2.709108e+07,
0,
0,
1.008788e+07,
4.337765e+07,
0,
0,
1.422753e+08,
2.022821e+08,
0,
0,
2.873443e+07,
2.873443e+07,
0,
0,
1517428,
650326.3,
0,
0,
0,
2305064,
0,
0,
0,
6870122,
0,
0,
0,
1.113742e+07,
0,
0,
1.906937e+08,
1.906937e+08,
0,
0,
0,
0,
0,
0,
0,
3328216,
0,
0,
5295377,
5295377,
0,
0,
5306961,
0,
0,
0,
0,
2.589047e+08,
0,
0,
1054224,
451810.4,
0,
0,
0,
3.967964e+08,
0,
0,
3208736,
5641094,
0,
0,
2989507,
5806026,
0,
0,
0,
7.347127e+07,
0,
0,
1.146132e+07,
1.952135e+07,
0,
0,
1.433709e+07,
1.433709e+07,
0,
0,
2.533769e+07,
2.332416e+07,
0,
0,
0,
1899885,
0,
0,
0,
0,
0,
0,
6.098842e+08,
1.459253e+09,
1978, 
0,
0,
1.091305e+08,
1.091305e+08,
0,
0,
2.740257e+07,
2.740257e+07,
0,
0,
3.202525e+07,
3.202525e+07,
0,
0,
1.185467e+07,
4.458274e+07,
0,
0,
1.414927e+08,
2.0139e+08,
0,
0,
3.010004e+07,
3.010004e+07,
0,
0,
1747834,
436958.6,
0,
0,
0,
2289211,
0,
0,
0,
7970591,
0,
0,
0,
1.077838e+07,
0,
0,
1.972385e+08,
1.972385e+08,
0,
0,
0,
0,
0,
0,
0,
3834208,
0,
0,
5285919,
5285919,
0,
0,
5251271,
0,
0,
0,
0,
2.728232e+08,
0,
0,
1057692,
264423.1,
0,
0,
0,
3.917731e+08,
0,
0,
5304173,
4448582,
0,
0,
5102330,
4905499,
0,
0,
0,
7.140572e+07,
0,
0,
7506674,
2.293181e+07,
0,
0,
1.439685e+07,
1.439685e+07,
0,
0,
2.558722e+07,
2.353689e+07,
0,
0,
0,
2126030,
0,
0,
0,
0,
0,
0,
6.204841e+08,
1.481077e+09,
1979, 
0,
0,
1.073047e+08,
1.073047e+08,
0,
0,
2.717319e+07,
2.717319e+07,
0,
0,
3.406555e+07,
3.406555e+07,
0,
0,
1.145012e+07,
4.558384e+07,
0,
0,
1.412837e+08,
1.990662e+08,
0,
0,
3.09219e+07,
3.09219e+07,
0,
0,
1960770,
217863.3,
0,
0,
0,
2291378,
0,
0,
0,
1.010336e+07,
0,
0,
0,
1.053264e+07,
0,
0,
2.069354e+08,
2.069354e+08,
0,
0,
0,
0,
0,
0,
0,
3265162,
0,
0,
4749545,
4749545,
0,
0,
4772859,
0,
0,
0,
0,
2.82519e+08,
0,
0,
1546744,
171860.4,
0,
0,
0,
3.860748e+08,
0,
0,
7234655,
2742087,
0,
0,
8124043,
3826973,
0,
0,
0,
8.001683e+07,
0,
0,
3502843,
2.49042e+07,
0,
0,
1.442753e+07,
1.442753e+07,
0,
0,
2.792515e+07,
2.37505e+07,
0,
0,
0,
2376675,
0,
0,
0,
0,
0,
0,
6.333786e+08,
1.503021e+09,
1980, 
0,
0,
1.160608e+08,
1.160608e+08,
0,
0,
2.459663e+07,
2.459663e+07,
0,
0,
3.324622e+07,
3.324622e+07,
0,
0,
1.022872e+07,
4.578304e+07,
0,
0,
1.449227e+08,
2.109019e+08,
0,
0,
3.048314e+07,
3.048314e+07,
0,
0,
2316701,
0,
0,
0,
0,
2314666,
0,
0,
0,
1.762992e+07,
0,
0,
0,
1.040745e+07,
0,
0,
2.133026e+08,
2.133026e+08,
0,
0,
0,
0,
0,
0,
0,
3456723,
0,
0,
3889653,
3889653,
0,
0,
4066066,
0,
0,
0,
0,
2.67756e+08,
0,
0,
1558506,
0,
0,
0,
0,
3.806575e+08,
0,
0,
8923724,
921079.1,
0,
0,
1.378163e+07,
2437336,
0,
0,
0,
7.796199e+07,
0,
0,
0,
2.650591e+07,
0,
0,
1.056088e+07,
1.056088e+07,
0,
0,
2.821398e+07,
2.396497e+07,
0,
0,
0,
2576377,
0,
0,
0,
0,
0,
0,
6.461519e+08,
1.505415e+09,
1981, 
0,
0,
1.163854e+08,
1.163854e+08,
0,
0,
2.374708e+07,
2.374708e+07,
0,
0,
2.601409e+07,
3.902113e+07,
0,
0,
1.461985e+07,
4.761847e+07,
0,
0,
1.645252e+08,
2.046919e+08,
0,
0,
2.98067e+07,
2.98067e+07,
0,
0,
2337661,
0,
0,
0,
0,
2295031,
0,
0,
0,
1.801347e+07,
0,
0,
0,
1.038507e+07,
0,
0,
2.165235e+08,
2.165235e+08,
0,
0,
0,
0,
0,
0,
0,
3343805,
0,
0,
3814396,
3814396,
0,
0,
4020277,
0,
0,
0,
0,
2.723211e+08,
0,
0,
1690402,
0,
0,
0,
0,
3.967598e+08,
0,
0,
8712583,
887588.4,
0,
0,
1.293233e+07,
2243347,
0,
0,
0,
8.59453e+07,
0,
0,
3933876,
2.319638e+07,
0,
0,
9678122,
9678122,
0,
0,
2.81855e+07,
2.429412e+07,
0,
0,
0,
2523925,
0,
0,
0,
0,
0,
0,
6.669269e+08,
1.533496e+09,
1982, 
0,
0,
1.136049e+08,
1.136049e+08,
0,
0,
1.801466e+07,
1.801466e+07,
0,
0,
1.943844e+07,
4.535636e+07,
0,
0,
2.362564e+07,
4.86521e+07,
0,
0,
1.808056e+08,
2.000447e+08,
0,
0,
3.054658e+07,
3.054658e+07,
0,
0,
2508869,
0,
0,
0,
0,
2309734,
0,
0,
0,
1.941258e+07,
0,
0,
0,
9394779,
0,
0,
2.243809e+08,
2.243809e+08,
0,
0,
0,
0,
0,
0,
0,
4995983,
0,
0,
3765547,
3765547,
0,
0,
4008880,
0,
0,
0,
0,
2.765554e+08,
0,
0,
1959778,
0,
0,
0,
0,
4.121081e+08,
0,
0,
7207088,
724564.4,
0,
0,
1.316368e+07,
2239165,
0,
0,
0,
1.053525e+08,
0,
0,
8049781,
1.970816e+07,
0,
0,
8.274261e+07,
8.274261e+07,
0,
0,
2.815012e+07,
2.463102e+07,
0,
0,
0,
2912960,
0,
0,
0,
0,
0,
0,
7.619731e+08,
1.647453e+09,
1983, 
0,
0,
1.106065e+08,
1.106065e+08,
0,
0,
2.061749e+07,
2.061749e+07,
0,
0,
1.342988e+07,
5.371953e+07,
0,
0,
2.248199e+07,
4.969116e+07,
0,
0,
2.106221e+08,
2.209123e+08,
0,
0,
3.543711e+07,
3.543711e+07,
0,
0,
2729738,
0,
0,
0,
0,
2318735,
0,
0,
0,
2.012747e+07,
0,
0,
0,
8009207,
0,
0,
2.209588e+08,
2.209588e+08,
0,
0,
0,
0,
0,
0,
0,
3370457,
0,
0,
3689973,
3689973,
0,
0,
3984604,
0,
0,
0,
0,
2.79762e+08,
0,
0,
2224729,
0,
0,
0,
0,
4.118281e+08,
0,
0,
7822935,
776026.7,
0,
0,
1.396634e+07,
2328952,
0,
0,
0,
1.116571e+08,
0,
0,
1.154457e+07,
1.499475e+07,
0,
0,
8.596286e+07,
8.596286e+07,
0,
0,
2.810779e+07,
2.497573e+07,
0,
0,
0,
2918884,
0,
0,
0,
0,
0,
0,
7.941873e+08,
1.684663e+09,
1984, 
0,
0,
1.098965e+08,
1.098965e+08,
0,
0,
2.087092e+07,
2.087092e+07,
0,
0,
7434081,
6.690672e+07,
0,
0,
2.889218e+07,
5.073564e+07,
0,
0,
2.18638e+08,
2.246716e+08,
0,
0,
3.614459e+07,
3.614459e+07,
0,
0,
2942850,
0,
0,
0,
0,
2407453,
0,
0,
0,
1.986104e+07,
0,
0,
0,
7822188,
0,
0,
2.395046e+08,
2.395046e+08,
0,
0,
0,
4.157646e+07,
0,
0,
0,
3530883,
0,
0,
3490780,
3490780,
0,
0,
3870235,
0,
0,
0,
0,
2.784825e+08,
0,
0,
2353776,
0,
0,
0,
0,
4.074663e+08,
0,
0,
7958768,
778893.5,
0,
0,
1.450853e+07,
2371079,
0,
0,
0,
1.092929e+08,
0,
0,
1.552222e+07,
1.12403e+07,
0,
0,
9.191547e+07,
9.191547e+07,
0,
0,
2.805845e+07,
2.53283e+07,
0,
0,
0,
2980061,
0,
0,
0,
0,
0,
0,
8.320019e+08,
1.757275e+09,
1985, 
0,
0,
1.086846e+08,
1.086846e+08,
0,
0,
2.534324e+07,
2.534324e+07,
0,
0,
0,
7.264133e+07,
0,
0,
2.45838e+07,
5.178556e+07,
0,
0,
2.204355e+08,
2.315757e+08,
0,
0,
4.026121e+07,
4.026121e+07,
0,
0,
3151808,
0,
0,
0,
0,
2494768,
0,
0,
0,
2.009542e+07,
0,
0,
0,
7639759,
0,
0,
2.44115e+08,
2.44115e+08,
0,
0,
0,
4.83333e+07,
0,
0,
0,
3074889,
0,
0,
3716738,
3716738,
0,
0,
4048008,
0,
0,
0,
0,
2.909908e+08,
0,
0,
2269626,
0,
0,
0,
0,
4.028564e+08,
0,
0,
7944445,
766928.8,
0,
0,
1.333802e+07,
2135650,
0,
0,
0,
1.100577e+08,
0,
0,
1.940724e+07,
7361447,
0,
0,
9.513608e+07,
9.513608e+07,
0,
0,
2.800205e+07,
2.56888e+07,
0,
0,
0,
3187027,
0,
0,
0,
0,
0,
0,
8.404374e+08,
1.797943e+09,
1986, 
0,
0,
1.136311e+08,
1.136311e+08,
0,
0,
2.377385e+07,
2.377385e+07,
0,
0,
0,
8.039657e+07,
0,
0,
2.510994e+07,
5.278768e+07,
0,
0,
2.245078e+08,
2.350029e+08,
0,
0,
4.11544e+07,
4.11544e+07,
0,
0,
3274367,
0,
0,
0,
0,
2610695,
0,
0,
0,
2.075665e+07,
0,
0,
0,
7307079,
0,
0,
2.471264e+08,
2.471264e+08,
0,
0,
0,
3.874701e+07,
0,
0,
206076.3,
2815703,
0,
0,
3811615,
3811615,
0,
0,
4161296,
0,
0,
0,
0,
2.971986e+08,
0,
0,
2438990,
0,
0,
0,
0,
4.104008e+08,
0,
0,
7954771,
752756.7,
0,
0,
1.255673e+07,
1989640,
0,
0,
0,
1.112293e+08,
0,
0,
1.979675e+07,
7320922,
0,
0,
9.928648e+07,
9.928648e+07,
0,
0,
2.790261e+07,
2.602136e+07,
0,
0,
576843.5,
2989747,
0,
0,
0,
0,
0,
0,
8.5727e+08,
1.827111e+09,
1987, 
0,
0,
1.214011e+08,
1.214011e+08,
0,
0,
2.650798e+07,
2.650798e+07,
0,
0,
0,
8.968107e+07,
0,
0,
2.451467e+07,
5.379491e+07,
0,
0,
2.382085e+08,
2.471347e+08,
0,
0,
4.300373e+07,
4.300373e+07,
0,
0,
3289334,
0,
0,
0,
0,
2676351,
0,
0,
0,
2.161462e+07,
0,
0,
0,
6798490,
0,
0,
2.532611e+08,
2.62665e+08,
0,
0,
0,
4.966582e+07,
0,
0,
421113.4,
2666364,
0,
0,
3392280,
3392280,
0,
0,
3707039,
0,
0,
0,
0,
2.934464e+08,
0,
0,
2547278,
0,
0,
0,
0,
4.331907e+08,
0,
0,
7858602,
728722.7,
0,
0,
1.554766e+07,
2437744,
0,
0,
0,
9.908302e+07,
0,
0,
2.028533e+07,
7311329,
0,
0,
1.089987e+08,
1.044735e+08,
0,
0,
2.779578e+07,
2.636173e+07,
0,
0,
1130403,
2364205,
0,
0,
0,
0,
0,
0,
9.018706e+08,
1.9004e+09,
1988, 
0,
0,
1.214546e+08,
1.214546e+08,
0,
0,
2.896746e+07,
2.896746e+07,
0,
0,
0,
8.776044e+07,
0,
0,
2.707544e+07,
5.480726e+07,
0,
0,
2.344527e+08,
2.438206e+08,
0,
0,
4.403531e+07,
4.403531e+07,
0,
0,
3154696,
0,
0,
0,
0,
2792495,
0,
0,
0,
2.306143e+07,
0,
0,
0,
6729845,
0,
0,
2.584223e+08,
2.87387e+08,
0,
0,
0,
4.730928e+07,
0,
0,
574103.1,
2231998,
0,
0,
3108179,
3108179,
0,
0,
3415769,
0,
0,
0,
0,
2.41158e+08,
0,
0,
2662539,
0,
0,
0,
0,
4.54602e+08,
0,
0,
0,
0,
0,
0,
2.077248e+07,
3222558,
0,
0,
0,
9.722454e+07,
0,
0,
2.338265e+07,
8211333,
0,
0,
1.253221e+08,
1.044623e+08,
0,
0,
2.76815e+07,
2.670999e+07,
0,
0,
1658456,
1759590,
0,
0,
0,
0,
0,
0,
9.261402e+08,
1.890816e+09,
1989, 
0,
0,
1.275711e+08,
1.275711e+08,
0,
0,
4.792511e+07,
4.792511e+07,
0,
0,
0,
8.591787e+07,
0,
0,
2.551433e+07,
5.58247e+07,
0,
0,
2.276287e+08,
2.387342e+08,
0,
0,
4.316552e+07,
4.316552e+07,
0,
0,
3055605,
0,
0,
0,
0,
2948878,
0,
0,
0,
2.400792e+07,
0,
0,
0,
6458870,
0,
0,
2.597632e+08,
3.057813e+08,
0,
0,
0,
4.992715e+07,
0,
0,
802999.8,
2140677,
0,
0,
2648882,
2648882,
0,
0,
2920121,
0,
0,
0,
0,
2.009037e+08,
0,
0,
2727599,
0,
0,
0,
0,
4.726978e+08,
0,
0,
0,
0,
0,
0,
2.097099e+07,
3218731,
0,
0,
0,
1.253072e+08,
0,
0,
2.402675e+07,
8218226,
0,
0,
1.374774e+08,
1.044492e+08,
0,
0,
2.755971e+07,
2.706618e+07,
0,
0,
2398018,
1308684,
0,
0,
0,
0,
0,
0,
9.561561e+08,
1.936222e+09,
1990, 
0,
0,
1.393583e+08,
1.310012e+08,
0,
0,
2.440636e+08,
2.440636e+08,
0,
0,
0,
8.423483e+07,
0,
0,
3.115572e+07,
5.684726e+07,
0,
0,
2.148985e+08,
2.29951e+08,
0,
0,
4.190268e+07,
4.190268e+07,
0,
0,
2971041,
0,
0,
0,
0,
3640806,
0,
0,
0,
2.887843e+07,
0,
0,
0,
6368319,
0,
0,
2.593092e+08,
3.127008e+08,
0,
0,
0,
5.295408e+07,
0,
0,
983922.6,
1901608,
0,
0,
885391.6,
885391.6,
0,
0,
1149001,
0,
0,
0,
0,
1.329155e+08,
0,
0,
2525386,
0,
0,
0,
0,
5.025023e+08,
0,
0,
0,
0,
0,
0,
2.199231e+07,
3339281,
0,
0,
0,
1.308859e+08,
0,
0,
2.46799e+07,
8219397,
0,
0,
9.612994e+07,
9.612994e+07,
0,
0,
2.743035e+07,
2.743035e+07,
0,
0,
2860389,
676735.3,
0,
0,
0,
0,
0,
0,
1.112296e+09,
2.09743e+09,
1991, 
0,
0,
1.365276e+08,
1.338484e+08,
0,
0,
5.685396e+08,
5.685396e+08,
0,
0,
0,
1.096805e+08,
0,
0,
2.634177e+07,
5.705305e+07,
0,
0,
1.959187e+08,
2.39334e+08,
0,
0,
4.931082e+07,
4.931082e+07,
0,
0,
2999692,
0,
0,
0,
0,
4246880,
0,
0,
0,
3.021334e+07,
0,
0,
0,
5967158,
0,
0,
2.666508e+08,
3.123771e+08,
0,
0,
0,
7.672618e+07,
0,
0,
902210.7,
1656998,
0,
0,
906360.1,
906360.1,
0,
0,
1051080,
0,
0,
0,
0,
1.806457e+08,
0,
0,
2508675,
0,
0,
0,
6.127094e+07,
4.581484e+08,
0,
0,
0,
0,
0,
0,
2.27068e+07,
3363841,
0,
0,
0,
1.321245e+08,
0,
0,
2.532031e+07,
8236646,
0,
0,
9.685834e+07,
9.685834e+07,
0,
0,
2.740419e+07,
2.791338e+07,
0,
0,
2857968,
661559.5,
0,
0,
0,
0,
0,
0,
1.488076e+09,
2.497813e+09,
1992, 
0,
0,
1.393213e+08,
1.367101e+08,
0,
0,
6.014307e+08,
6.014307e+08,
0,
0,
0,
1.143322e+08,
0,
0,
2.725972e+07,
5.725905e+07,
0,
0,
1.963019e+08,
2.726186e+08,
0,
0,
5.070577e+07,
5.070577e+07,
0,
0,
2871896,
0,
0,
0,
0,
4348782,
0,
0,
0,
3.067248e+07,
0,
0,
0,
5798303,
0,
0,
2.740575e+08,
3.120199e+08,
0,
0,
0,
8.831248e+07,
0,
0,
951406.1,
1661737,
0,
0,
919912.8,
919912.8,
0,
0,
991594,
0,
0,
0,
0,
2.555648e+08,
0,
0,
2655118,
0,
0,
0,
1.192798e+08,
3.95809e+08,
0,
0,
6370107,
5171124,
0,
0,
2.037427e+07,
2943470,
0,
0,
0,
1.65086e+08,
0,
0,
1.924053e+07,
6111664,
0,
0,
9.636312e+07,
9.636312e+07,
0,
0,
2.7371e+07,
2.840518e+07,
0,
0,
2926766,
662653.3,
0,
0,
0,
0,
0,
0,
1.589392e+09,
2.632907e+09,
1993, 
0,
0,
1.368617e+08,
1.368617e+08,
0,
0,
5.73268e+08,
5.73268e+08,
0,
0,
0,
1.152987e+08,
0,
0,
1.533637e+07,
5.746527e+07,
0,
0,
2.030649e+08,
2.792624e+08,
0,
0,
4.979508e+07,
4.979508e+07,
0,
0,
2851049,
0,
0,
0,
0,
4590593,
0,
0,
0,
3.145998e+07,
0,
0,
0,
5646075,
0,
0,
2.815296e+08,
3.11629e+08,
0,
0,
0,
1.174783e+08,
0,
0,
3920599,
6516655,
0,
0,
932078.1,
932078.1,
0,
0,
883144.9,
0,
0,
0,
0,
2.1046e+08,
0,
0,
2555713,
0,
0,
0,
1.742718e+08,
3.369372e+08,
0,
0,
4364972,
7497580,
0,
0,
1.804504e+07,
2541117,
0,
0,
0,
1.632127e+08,
0,
0,
1.900172e+07,
5892065,
0,
0,
9.59741e+07,
9.59741e+07,
0,
0,
2.733075e+07,
2.890579e+07,
0,
0,
2872844,
636005.9,
0,
0,
0,
0,
0,
0,
1.612859e+09,
2.54226e+09,
1994, 
0,
0,
1.721685e+08,
1.424775e+08,
0,
0,
6.07519e+08,
6.07519e+08,
0,
0,
0,
1.118691e+08,
0,
0,
1.499352e+07,
5.76717e+07,
0,
0,
2.725619e+08,
2.809485e+08,
0,
0,
5.143969e+07,
5.143969e+07,
0,
0,
2800497,
0,
0,
0,
0,
4479450,
0,
0,
0,
3.177417e+07,
0,
0,
0,
5326780,
0,
0,
2.890673e+08,
3.11204e+08,
0,
0,
0,
1.923759e+08,
0,
0,
796713.3,
1260993,
0,
0,
957438.5,
957438.5,
0,
0,
805692.9,
0,
0,
0,
0,
1.684056e+08,
0,
0,
2478889,
0,
0,
0,
2.584763e+08,
2.912907e+08,
0,
0,
2049545,
9090427,
0,
0,
2.748561e+07,
3770887,
0,
0,
0,
1.61319e+08,
0,
0,
1.999378e+07,
6050162,
0,
0,
9.749226e+07,
9.749226e+07,
0,
0,
2.728336e+07,
2.941528e+07,
0,
0,
2880481,
623337.4,
0,
0,
0,
0,
0,
0,
1.85125e+09,
2.566762e+09,
1995, 
0,
0,
1.906458e+08,
1.453831e+08,
0,
0,
7.300488e+08,
7.300488e+08,
0,
0,
0,
1.13215e+08,
0,
0,
1.055039e+07,
5.501177e+07,
0,
0,
3.100222e+08,
2.556112e+08,
0,
0,
5.019198e+07,
5.019198e+07,
0,
0,
2718901,
0,
0,
0,
0,
4278215,
0,
0,
0,
3.466601e+07,
0,
0,
0,
5418947,
0,
0,
2.966709e+08,
3.107449e+08,
0,
0,
0,
2.412214e+08,
0,
0,
773495.2,
1166377,
0,
0,
1014606,
1014606,
0,
0,
802702.9,
0,
0,
0,
0,
1.450873e+08,
0,
0,
2355927,
0,
0,
0,
3.152356e+08,
2.30576e+08,
0,
0,
0,
1.375072e+07,
0,
0,
4.756868e+07,
6354796,
0,
0,
0,
1.897589e+08,
0,
0,
2.015729e+07,
5950606,
0,
0,
9.92493e+07,
9.92493e+07,
0,
0,
2.722878e+07,
2.993371e+07,
0,
0,
3128908,
661626.4,
0,
0,
0,
0,
0,
0,
2.108364e+09,
2.669295e+09,
1996, 
0,
0,
2.148385e+08,
1.185943e+08,
0,
0,
7.715281e+08,
7.715281e+08,
0,
0,
0,
1.032476e+08,
0,
0,
1.242496e+07,
5.775848e+07,
0,
0,
3.267242e+08,
2.622511e+08,
0,
0,
5.168036e+07,
5.168036e+07,
0,
0,
2663080,
0,
0,
0,
0,
4365257,
0,
0,
0,
3.719862e+07,
0,
0,
0,
5817435,
0,
0,
2.961364e+08,
3.319214e+08,
0,
0,
0,
2.964138e+08,
0,
0,
780987.9,
1087904,
0,
0,
1072847,
1072847,
0,
0,
789943,
0,
0,
0,
0,
1.451896e+08,
0,
0,
2515396,
0,
0,
0,
2.777918e+08,
3.059508e+08,
0,
0,
2815654,
1.26431e+07,
0,
0,
4.009046e+07,
5271486,
0,
0,
3.135569e+07,
1.955381e+08,
0,
0,
1.521333e+07,
4476241,
0,
0,
9.892026e+07,
9.892026e+07,
0,
0,
2.771059e+07,
3.836212e+07,
0,
0,
2986815,
618055.7,
0,
0,
0,
0,
0,
0,
2.178039e+09,
2.849907e+09,
1997, 
0,
0,
2.375209e+08,
9.06701e+07,
0,
0,
7.43852e+08,
7.43852e+08,
0,
0,
0,
9.984181e+07,
0,
0,
1.330419e+07,
5.951421e+07,
0,
0,
3.351525e+08,
2.754109e+08,
0,
0,
5.172454e+07,
5.172454e+07,
0,
0,
2682271,
0,
0,
0,
0,
4492725,
0,
0,
0,
3.862386e+07,
0,
0,
0,
6730844,
0,
0,
2.957766e+08,
3.780046e+08,
0,
0,
0,
3.293553e+08,
0,
0,
740357.1,
953663.9,
0,
0,
1080727,
1080727,
0,
0,
867216.9,
0,
0,
0,
0,
1.369594e+08,
0,
0,
2640400,
0,
0,
0,
2.110514e+08,
3.817725e+08,
0,
0,
5094790,
8891139,
0,
0,
5.113486e+07,
6616613,
0,
0,
5.469291e+07,
1.51207e+08,
0,
0,
1.017289e+07,
2983258,
0,
0,
9.989323e+07,
9.989323e+07,
0,
0,
2.819477e+07,
4.683945e+07,
0,
0,
2831860,
573264,
0,
0,
0,
0,
0,
0,
2.148409e+09,
2.915991e+09,
1998, 
0,
0,
2.731267e+08,
6.160204e+07,
0,
0,
7.848886e+08,
7.848886e+08,
0,
0,
0,
1.008805e+08,
0,
0,
1.009101e+07,
5.718187e+07,
0,
0,
3.655811e+08,
3.117546e+08,
0,
0,
5.17404e+07,
5.17404e+07,
0,
0,
2658507,
0,
0,
0,
0,
4635419,
0,
0,
0,
4.141944e+07,
0,
0,
0,
7592463,
0,
0,
2.955933e+08,
3.838675e+08,
0,
0,
0,
3.872825e+08,
0,
0,
801669.6,
955628.8,
0,
0,
1120246,
1120246,
0,
0,
695519.9,
0,
0,
0,
0,
1.288633e+08,
0,
0,
2647349,
0,
0,
0,
1.376712e+08,
4.515618e+08,
0,
0,
7418365,
6157953,
0,
0,
5.536293e+07,
7048178,
0,
0,
8.005068e+07,
1.232757e+08,
0,
0,
8011328,
2341563,
0,
0,
9.746326e+07,
9.746326e+07,
0,
0,
2.86813e+07,
5.53657e+07,
0,
0,
2770114,
548407.4,
0,
0,
0,
0,
0,
0,
2.206374e+09,
3.067547e+09,
1999, 
0,
0,
3.407391e+08,
3.138153e+07,
0,
0,
9.858382e+08,
9.858382e+08,
0,
0,
0,
9.736806e+07,
0,
0,
1.43117e+07,
6.228775e+07,
0,
0,
3.695121e+08,
3.510986e+08,
0,
0,
5.08051e+07,
5.08051e+07,
0,
0,
2590436,
0,
0,
0,
0,
4797302,
0,
0,
0,
4.297126e+07,
0,
0,
0,
6742388,
0,
0,
2.95588e+08,
3.811494e+08,
0,
0,
0,
4.208176e+08,
0,
0,
741272.9,
818161,
0,
0,
1187065,
1187065,
0,
0,
700391.6,
0,
0,
0,
0,
1.253356e+08,
0,
0,
2746084,
0,
0,
0,
6.677708e+07,
5.160321e+08,
0,
0,
1.017921e+07,
3792485,
0,
0,
6.03109e+07,
7552710,
0,
0,
1.185135e+08,
1.020981e+08,
0,
0,
2922434,
851330.3,
0,
0,
9.796051e+07,
9.796051e+07,
0,
0,
2.917018e+07,
6.11701e+07,
0,
0,
2689407,
520521,
0,
0,
0,
0,
0,
0,
2.453283e+09,
3.352576e+09,
2000, 
0,
0,
3.846543e+08,
0,
0,
0,
1.138093e+09,
1.027082e+09,
0,
0,
0,
9.726319e+07,
0,
0,
1.138642e+07,
6.025201e+07,
0,
0,
3.704788e+08,
3.454288e+08,
0,
0,
5.210258e+07,
5.210258e+07,
0,
0,
2401864,
0,
0,
0,
0,
4931138,
0,
0,
0,
4.627638e+07,
0,
0,
0,
8314895,
0,
0,
2.957624e+08,
3.951224e+08,
0,
0,
0,
5.529225e+08,
0,
0,
1859525,
1900886,
0,
0,
1123421,
1123421,
0,
0,
673479.9,
0,
0,
0,
0,
1.338281e+08,
0,
0,
2719680,
0,
0,
0,
0,
5.77892e+08,
0,
0,
1.429617e+07,
1401846,
0,
0,
6.923678e+07,
8527080,
0,
0,
1.348506e+08,
7.221755e+07,
0,
0,
2842781,
825365.4,
0,
0,
1.008737e+08,
1.008737e+08,
0,
0,
2.966142e+07,
6.085164e+07,
0,
0,
2577262,
487488.1,
0,
0,
0,
0,
0,
0,
2.615594e+09,
3.549625e+09,
2001, 
0,
0,
3.493816e+08,
3.268334e+07,
0,
0,
1.051456e+09,
1.051456e+09,
0,
0,
0,
1.097164e+08,
0,
0,
2.204861e+07,
5.372254e+07,
0,
0,
3.694466e+08,
3.530614e+08,
0,
0,
5.185469e+07,
5.185469e+07,
0,
0,
2346523,
0,
0,
0,
0,
4929362,
0,
0,
0,
4.864619e+07,
0,
0,
0,
9359707,
0,
0,
2.97274e+08,
3.97494e+08,
0,
0,
0,
6.401043e+08,
0,
0,
1715799,
1670612,
0,
0,
1062594,
1062594,
0,
0,
623897.4,
0,
0,
0,
0,
1.417904e+08,
0,
0,
2824221,
0,
0,
0,
1.031487e+08,
4.797541e+08,
0,
0,
1.193805e+07,
4447782,
0,
0,
7.386486e+07,
9012639,
0,
0,
1.47016e+08,
6.500935e+07,
0,
0,
2711259,
763255.1,
0,
0,
9.752981e+07,
9.752981e+07,
0,
0,
3.357799e+07,
6.643278e+07,
0,
0,
2511312,
470339.7,
0,
0,
0,
0,
0,
0,
2.622332e+09,
3.620972e+09,
2002, 
0,
0,
3.337028e+08,
6.681081e+07,
0,
0,
1.173413e+09,
1.080805e+09,
0,
0,
0,
1.076258e+08,
0,
0,
4.13413e+07,
4.987674e+07,
0,
0,
4.031309e+08,
3.768236e+08,
0,
0,
5.386709e+07,
5.386709e+07,
0,
0,
2150336,
0,
0,
0,
0,
5052044,
0,
0,
0,
5.125476e+07,
0,
0,
0,
1.130616e+07,
0,
0,
2.987895e+08,
4.198852e+08,
0,
0,
0,
6.787267e+08,
0,
0,
1557373,
1444253,
0,
0,
979892.5,
979892.5,
0,
0,
536377.3,
0,
0,
0,
0,
1.535764e+08,
0,
0,
2784790,
0,
0,
0,
2.052029e+08,
3.746074e+08,
0,
0,
9726591,
8074002,
0,
0,
7.581397e+07,
9163983,
0,
0,
1.56616e+08,
5.718056e+07,
0,
0,
2879097,
785443.4,
0,
0,
1.000122e+08,
1.000122e+08,
0,
0,
3.75167e+07,
6.093435e+07,
0,
0,
2372951,
440023.7,
0,
0,
0,
0,
0,
0,
2.902394e+09,
3.669232e+09,
2003, 
0,
0,
3.171599e+08,
1.023933e+08,
0,
0,
1.122923e+09,
1.107872e+09,
0,
0,
0,
1.035996e+08,
0,
0,
4.619361e+07,
4.553576e+07,
0,
0,
4.406396e+08,
4.00511e+08,
0,
0,
5.289158e+07,
5.289158e+07,
0,
0,
2346909,
0,
0,
0,
0,
4507859,
0,
0,
0,
5.393208e+07,
0,
0,
0,
1.167237e+07,
0,
0,
3.003087e+08,
4.532334e+08,
0,
0,
0,
7.65875e+08,
0,
0,
1386728,
1224741,
0,
0,
1003130,
1003130,
0,
0,
481308.8,
0,
0,
0,
0,
1.449491e+08,
0,
0,
2559016,
0,
0,
0,
3.070123e+08,
2.71306e+08,
0,
0,
6014682,
1.049648e+07,
0,
0,
8.11532e+07,
9716981,
0,
0,
2.005603e+08,
5.380533e+07,
0,
0,
2638458,
697138.8,
0,
0,
1.018972e+08,
1.018972e+08,
0,
0,
4.147756e+07,
5.521534e+07,
0,
0,
2201843,
404222.2,
0,
0,
0,
0,
0,
0,
3.030849e+09,
3.75274e+09,
2004, 
0,
0,
3.260316e+08,
1.394416e+08,
0,
0,
9.715891e+08,
9.715891e+08,
0,
0,
0,
1.02754e+08,
0,
0,
5.160361e+07,
4.286244e+07,
0,
0,
4.750857e+08,
4.213433e+08,
0,
0,
5.273751e+07,
5.273751e+07,
0,
0,
2272594,
0,
0,
0,
0,
6254703,
0,
0,
0,
5.718652e+07,
0,
0,
0,
1.109907e+07,
0,
0,
3.018317e+08,
5.477243e+08,
0,
0,
0,
8.186504e+08,
0,
0,
1486915,
1250481,
0,
0,
930226.5,
930226.5,
0,
0,
544365.9,
0,
0,
0,
0,
1.502263e+08,
0,
0,
2676594,
0,
0,
0,
4.052182e+08,
1.672632e+08,
0,
0,
4120946,
1.850423e+07,
0,
0,
1.012857e+08,
1.201251e+07,
0,
0,
2.171348e+08,
4.676264e+07,
0,
0,
2824441,
722351.8,
0,
0,
1.041178e+08,
1.040751e+08,
0,
0,
4.484204e+07,
4.484204e+07,
0,
0,
2171425,
394634.3,
0,
0,
0,
0,
0,
0,
3.068505e+09,
3.718627e+09,
2005, 
0,
0,
2.711569e+08,
1.779666e+08,
0,
0,
9.565551e+08,
9.565551e+08,
0,
0,
0,
1.01568e+08,
0,
0,
4.310622e+07,
3.897726e+07,
0,
0,
4.904897e+08,
4.344614e+08,
0,
0,
5.508846e+07,
5.508846e+07,
0,
0,
2161324,
0,
0,
0,
0,
6346210,
0,
0,
0,
6.118242e+07,
0,
0,
0,
1.141164e+07,
0,
0,
3.033585e+08,
7.328377e+08,
0,
0,
0,
8.271007e+08,
0,
0,
1811608,
1450451,
0,
0,
789100.1,
789100.1,
0,
0,
601288.8,
0,
0,
0,
0,
1.618133e+08,
0,
0,
2655335,
0,
0,
0,
5.15912e+08,
6.718134e+07,
0,
0,
0,
2.68413e+07,
0,
0,
1.207495e+08,
1.418403e+07,
0,
0,
2.285663e+08,
3.864901e+07,
0,
0,
2864901,
708751.8,
0,
0,
1.364834e+08,
1.038074e+08,
0,
0,
4.173248e+07,
4.173248e+07,
0,
0,
2307190,
415067.5,
0,
0,
0,
0,
0,
0,
3.176389e+09,
3.861068e+09,
2006, 
0,
0,
2.498638e+08,
1.980179e+08,
0,
0,
1.084057e+09,
1.084057e+09,
0,
0,
0,
9.284365e+07,
0,
0,
4.804473e+07,
3.22366e+07,
0,
0,
5.181206e+08,
5.171443e+08,
0,
0,
5.454298e+07,
5.454298e+07,
0,
0,
1951426,
0,
0,
0,
790646.3,
1.17499e+07,
0,
0,
0,
6.404273e+07,
0,
0,
0,
1.960856e+07,
0,
0,
3.059013e+08,
8.070875e+08,
0,
0,
1.568078e+07,
8.190291e+08,
0,
0,
1397688,
1052027,
0,
0,
715843.7,
715843.7,
0,
0,
617054,
0,
0,
0,
0,
1.79903e+08,
0,
0,
2927798,
0,
0,
0,
5.594191e+08,
9.300108e+07,
0,
0,
0,
3.3571e+07,
0,
0,
1.566652e+08,
1.79128e+07,
0,
0,
2.247028e+08,
3.699016e+07,
0,
0,
3023509,
716770.9,
0,
0,
1.377784e+08,
1.033309e+08,
0,
0,
4.340744e+07,
4.340744e+07,
0,
0,
2181422,
387194,
0,
0,
0,
0,
0,
0,
3.41179e+09,
4.211349e+09,
2007, 
0,
0,
2.31507e+08,
2.13696e+08,
0,
0,
1.05194e+09,
1.05194e+09,
0,
0,
0,
9.45953e+07,
0,
0,
6.112318e+07,
3.129564e+07,
0,
0,
4.898028e+08,
6.076792e+08,
0,
0,
5.945934e+07,
5.945934e+07,
0,
0,
2009179,
0,
0,
0,
859266,
5955200,
0,
0,
0,
6.894513e+07,
0,
0,
0,
1.838314e+07,
0,
0,
3.084442e+08,
8.539571e+08,
0,
0,
3.166226e+07,
8.106568e+08,
0,
0,
1338254,
946448.9,
0,
0,
1156983,
1156983,
0,
0,
635558.1,
0,
0,
0,
0,
1.876383e+08,
0,
0,
2982230,
0,
0,
0,
5.880662e+08,
1.167602e+08,
0,
0,
0,
4.820008e+07,
0,
0,
1.935868e+08,
2.153211e+07,
0,
0,
2.327156e+08,
3.727573e+07,
0,
0,
3161610,
717400.7,
0,
0,
1.414648e+08,
1.028544e+08,
0,
0,
4.412837e+07,
4.412837e+07,
0,
0,
2020714,
353827.7,
0,
0,
0,
0,
0,
0,
3.448065e+09,
4.378127e+09,
2008, 
0,
0,
2.150489e+08,
2.218171e+08,
0,
0,
1.079539e+09,
1.079539e+09,
0,
0,
0,
8.31721e+07,
0,
0,
6.4637e+07,
2.407623e+07,
0,
0,
4.282212e+08,
6.867533e+08,
0,
0,
7.081662e+07,
7.081662e+07,
0,
0,
2748516,
0,
0,
0,
1507466,
6462573,
0,
0,
0,
7.437033e+07,
0,
0,
0,
1.862085e+07,
0,
0,
3.10987e+08,
8.611747e+08,
0,
0,
4.794442e+07,
8.019838e+08,
0,
0,
1222983,
812136,
0,
0,
1575850,
1575850,
0,
0,
602003.3,
0,
0,
0,
0,
1.936888e+08,
0,
0,
3124207,
0,
0,
0,
5.838422e+08,
1.365624e+08,
0,
0,
0,
4.442573e+07,
0,
0,
2.637602e+08,
2.852131e+07,
0,
0,
2.477623e+08,
3.859394e+07,
0,
0,
3328930,
722109.3,
0,
0,
1.572181e+08,
1.023779e+08,
0,
0,
5.45299e+07,
5.904746e+07,
0,
0,
2182653,
376975.2,
0,
0,
0,
0,
0,
0,
3.5406e+09,
4.535491e+09,
2009, 
0,
0,
2.083865e+08,
2.333543e+08,
0,
0,
1.068524e+09,
1.068524e+09,
0,
0,
0,
7.130448e+07,
0,
0,
8.13515e+07,
1.979041e+07,
0,
0,
3.623318e+08,
7.840221e+08,
0,
0,
7.368296e+07,
7.368296e+07,
0,
0,
2578881,
0,
0,
0,
1359574,
4031521,
0,
0,
0,
7.741704e+07,
0,
0,
0,
1.858182e+07,
0,
0,
3.135299e+08,
8.683922e+08,
0,
0,
6.755981e+07,
8.005362e+08,
0,
0,
1816183,
1131528,
0,
0,
2184622,
2184622,
0,
0,
637531.3,
0,
0,
0,
0,
2.059686e+08,
0,
0,
3367955,
0,
0,
0,
5.707441e+08,
1.555404e+08,
0,
0,
0,
4.550723e+07,
0,
0,
3.477697e+08,
3.653565e+07,
0,
0,
2.775205e+08,
4.201555e+07,
0,
0,
3744089,
775363.9,
0,
0,
1.693286e+08,
1.019014e+08,
0,
0,
4.797297e+07,
4.797297e+07,
0,
0,
2655991,
452415.8,
0,
0,
0,
0,
0,
0,
3.607048e+09,
4.659623e+09,
2010, 
0,
0,
2.034292e+08,
2.458437e+08,
0,
0,
1.052932e+09,
1.052932e+09,
0,
0,
0,
7.819469e+07,
0,
0,
9.373542e+07,
1.368921e+07,
0,
0,
2.858772e+08,
9.410362e+08,
0,
0,
8.590266e+07,
8.590266e+07,
0,
0,
5765420,
0,
0,
0,
2233945,
4852634,
0,
0,
0,
8.004034e+07,
0,
0,
0,
1.717335e+07,
0,
0,
3.160727e+08,
9.265416e+08,
0,
0,
1.092128e+08,
8.884488e+08,
0,
0,
2396828,
1399661,
0,
0,
2421898,
2421898,
0,
0,
689673.7,
0,
0,
0,
0,
2.291457e+08,
0,
0,
3696446,
0,
0,
0,
5.761764e+08,
1.76762e+08,
0,
0,
0,
4.562038e+07,
0,
0,
5.255761e+08,
5.36075e+07,
0,
0,
2.940361e+08,
4.323958e+07,
0,
0,
4311625,
851194.5,
0,
0,
2.152132e+08,
1.242352e+08,
0,
0,
6.086066e+07,
6.086066e+07,
0,
0,
2731441,
458803,
0,
0,
0,
0,
0,
0,
3.843271e+09,
5.073257e+09,
2011, 
0,
0,
2.071541e+08,
2.389879e+08,
0,
0,
1.066268e+09,
1.066268e+09,
0,
0,
0,
6.64193e+07,
0,
0,
9.057175e+07,
1.382292e+07,
0,
0,
3.063809e+08,
9.281383e+08,
0,
0,
6.765301e+07,
1.014795e+08,
0,
0,
6006423,
0,
0,
0,
2270478,
4711079,
0,
0,
0,
7.97979e+07,
0,
0,
0,
3.058514e+07,
0,
0,
3.56579e+08,
9.815787e+08,
0,
0,
1.34796e+08,
8.650199e+08,
0,
0,
2133838,
1157310,
0,
0,
3151023,
3151023,
0,
0,
720122.9,
0,
0,
0,
0,
2.40186e+08,
0,
0,
4074078,
0,
0,
0,
6.297298e+08,
1.610813e+08,
0,
0,
0,
5.152687e+07,
0,
0,
6.02185e+08,
5.96981e+07,
0,
0,
3.029279e+08,
4.477366e+07,
0,
0,
6241234,
1213428,
0,
0,
2.155751e+08,
1.256807e+08,
0,
0,
5.920664e+07,
6.226719e+07,
0,
0,
2702911,
453356.6,
0,
0,
0,
0,
0,
0,
4.066328e+09,
5.127998e+09,
2012, 
0,
0,
2.111319e+08,
2.375327e+08,
0,
0,
1.096791e+09,
1.096791e+09,
0,
0,
0,
7.00536e+07,
0,
0,
1.052484e+08,
1.394796e+07,
0,
0,
3.269359e+08,
9.53908e+08,
0,
0,
5.317245e+07,
1.24069e+08,
0,
0,
6054493,
0,
0,
0,
3007292,
5964727,
0,
0,
0,
7.952477e+07,
0,
0,
0,
3.041522e+07,
0,
0,
3.978699e+08,
1.045535e+09,
0,
0,
1.618216e+08,
8.401507e+08,
0,
0,
5643291,
3815180,
0,
0,
3207924,
3207924,
0,
0,
746424.6,
0,
0,
0,
0,
2.526269e+08,
0,
0,
4548507,
0,
0,
0,
6.574251e+08,
1.414932e+08,
0,
0,
0,
5.48821e+07,
0,
0,
6.928233e+08,
6.671113e+07,
0,
0,
3.208236e+08,
4.76589e+07,
0,
0,
6862557,
1313760,
0,
0,
2.14774e+08,
1.2241e+08,
0,
0,
5.815888e+07,
6.381907e+07,
0,
0,
2253084,
377362.5,
0,
0,
0,
0,
0,
0,
4.329299e+09,
5.256208e+09,
2013, 
0,
0,
2.147411e+08,
2.334692e+08,
0,
0,
1.107259e+09,
1.107259e+09,
0,
0,
0,
7.652147e+07,
0,
0,
1.103469e+08,
1.40643e+07,
0,
0,
3.475422e+08,
9.443552e+08,
0,
0,
4.406691e+07,
1.762676e+08,
0,
0,
2.090121e+07,
0,
0,
0,
6215757,
1.179256e+07,
0,
0,
0,
8.023063e+07,
0,
0,
0,
3.074673e+07,
0,
0,
4.399477e+08,
1.186144e+09,
0,
0,
1.570057e+08,
7.271329e+08,
0,
0,
5798577,
6053629,
0,
0,
3157331,
3157331,
0,
0,
845997.3,
0,
0,
0,
0,
2.575372e+08,
0,
0,
4375154,
0,
0,
0,
7.095033e+08,
1.23334e+08,
0,
0,
0,
7.831909e+07,
0,
0,
9.442685e+08,
8.824806e+07,
0,
0,
3.841955e+08,
5.736091e+07,
0,
0,
5688713,
1072159,
0,
0,
2.170519e+08,
1.314341e+08,
0,
0,
5.867707e+07,
7.047734e+07,
0,
0,
2486137,
415794.6,
0,
0,
0,
0,
0,
0,
4.784074e+09,
5.405393e+09,
2014, 
0,
0,
2.156875e+08,
2.156875e+08,
0,
0,
1.131331e+09,
1.131331e+09,
0,
0,
0,
8.75537e+07,
0,
0,
1.141071e+08,
1.417192e+07,
0,
0,
3.682e+08,
9.352931e+08,
0,
0,
2.462248e+07,
2.216023e+08,
0,
0,
5857119,
0,
0,
0,
3644035,
6616942,
0,
0,
0,
8.015871e+07,
0,
0,
0,
3.034198e+07,
0,
0,
4.828148e+08,
1.154153e+09,
0,
0,
1.919267e+08,
7.200474e+08,
0,
0,
5954414,
6408977,
0,
0,
3252296,
3252296,
0,
0,
885092.4,
0,
0,
0,
0,
2.443377e+08,
0,
0,
5010884,
0,
0,
0,
7.376288e+08,
1.015198e+08,
0,
0,
0,
9.005966e+07,
0,
0,
1.055432e+09,
9.566314e+07,
0,
0,
4.189312e+08,
6.286146e+07,
0,
0,
1.218283e+07,
2260140,
0,
0,
2.170636e+08,
1.313463e+08,
0,
0,
5.752256e+07,
7.310115e+07,
0,
0,
2902882,
484791.5,
0,
0,
0,
0,
0,
0,
5.054957e+09,
5.408253e+09,
2015, 
0,
0,
2.108488e+08,
2.108488e+08,
0,
0,
1.140034e+09,
1.140034e+09,
0,
0,
0,
7.955474e+07,
0,
0,
1.187441e+08,
1.425764e+07,
0,
0,
3.88551e+08,
9.039471e+08,
0,
0,
0,
2.540582e+08,
0,
0,
5621417,
0,
0,
0,
3495478,
6078287,
0,
0,
0,
8.2213e+07,
0,
0,
0,
3.273338e+07,
0,
0,
5.259887e+08,
1.143727e+09,
0,
0,
2.513677e+08,
7.561596e+08,
0,
0,
6105178,
6622557,
0,
0,
2992371,
2992371,
0,
0,
891549.6,
0,
0,
0,
0,
2.254267e+08,
0,
0,
4350824,
0,
0,
0,
7.839336e+08,
8.044683e+07,
0,
0,
0,
6.160902e+07,
0,
0,
1.141192e+09,
1.002374e+08,
0,
0,
4.749574e+08,
7.162528e+07,
0,
0,
1.552459e+07,
2834484,
0,
0,
2.193304e+08,
1.406468e+08,
0,
0,
5.63566e+07,
8.011404e+07,
0,
0,
1.19305e+07,
1989552,
0,
0,
0,
0,
0,
0,
5.362216e+09,
5.398157e+09,
2016, 
0,
0,
2.189936e+08,
2.189936e+08,
0,
0,
1.123521e+09,
1.123521e+09,
0,
0,
0,
7.911675e+07,
0,
0,
1.281963e+08,
1.818294e+07,
0,
0,
4.134295e+08,
9.003734e+08,
0,
0,
0,
2.568142e+08,
0,
0,
5638071,
0,
0,
0,
3804789,
6422167,
0,
0,
0,
8.465851e+07,
0,
0,
0,
3.264757e+07,
0,
0,
5.460564e+08,
1.238801e+09,
0,
0,
2.635251e+08,
7.670218e+08,
0,
0,
6210369,
1.019409e+07,
0,
0,
2783783,
2783783,
0,
0,
947865.8,
0,
0,
0,
0,
2.071381e+08,
0,
0,
4798555,
0,
0,
0,
7.982232e+08,
8.124526e+07,
0,
0,
0,
1.218359e+08,
0,
0,
1.313667e+09,
1.141152e+08,
0,
0,
6.931626e+08,
1.05701e+08,
0,
0,
2.272604e+07,
4167705,
0,
0,
2.238183e+08,
1.589099e+08,
0,
0,
5.624915e+07,
8.008632e+07,
0,
0,
1.488761e+07,
2467165,
0,
0,
0,
0,
0,
0,
5.84064e+09,
5.615197e+09,
2017, 
0,
0,
2.122179e+08,
2.122179e+08,
0,
0,
1.140325e+09,
1.140325e+09,
0,
0,
0,
1.129662e+08,
0,
0,
1.243811e+08,
2.197894e+07,
0,
0,
4.383303e+08,
8.803956e+08,
0,
0,
0,
2.665509e+08,
0,
0,
5712850,
0,
0,
0,
3756426,
6156020,
0,
0,
0,
8.65498e+07,
0,
0,
0,
3.285392e+07,
0,
0,
5.660615e+08,
1.314281e+09,
0,
0,
2.759683e+08,
7.776065e+08,
0,
0,
6315752,
1.458442e+07,
0,
0,
2818076,
2818076,
0,
0,
922075,
0,
0,
0,
0,
1.941053e+08,
0,
0,
5243494,
0,
0,
0,
7.85648e+08,
7.930889e+07,
0,
0,
0,
1.237751e+08,
0,
0,
1.539681e+09,
1.322608e+08,
0,
0,
6.33784e+08,
9.771883e+07,
0,
0,
2.037297e+07,
3752677,
0,
0,
2.43437e+08,
2.014929e+08,
0,
0,
5.784119e+07,
8.082092e+07,
0,
0,
1.913745e+07,
3151530,
0,
0,
0,
0,
0,
0,
6.081955e+09,
5.785672e+09,
2018, 
0,
0,
2.076731e+08,
2.076731e+08,
0,
0,
1.19107e+09,
1.19107e+09,
0,
0,
0,
1.186539e+08,
0,
0,
1.216792e+08,
2.606728e+07,
0,
0,
4.632532e+08,
8.708235e+08,
0,
0,
0,
2.588982e+08,
0,
0,
5741512,
0,
0,
0,
5735844,
9128252,
0,
0,
0,
9.469009e+07,
0,
0,
0,
3.315767e+07,
0,
0,
5.86004e+08,
1.371313e+09,
0,
0,
2.886976e+08,
7.879135e+08,
0,
0,
6421325,
1.300867e+07,
0,
0,
2888823,
2888823,
0,
0,
908970.3,
0,
0,
0,
0,
1.871475e+08,
0,
0,
5136458,
0,
0,
0,
8.069566e+08,
8.07867e+07,
0,
0,
0,
1.384696e+08,
0,
0,
1.674982e+09,
1.422678e+08,
0,
0,
6.683613e+08,
1.041844e+08,
0,
0,
2.009669e+08,
3.718082e+07,
0,
0,
2.642964e+08,
2.273874e+08,
0,
0,
6.105294e+07,
7.681775e+07,
0,
0,
1.820013e+07,
2978268,
0,
0,
0,
0,
0,
0,
6.580026e+09,
5.982506e+09,
2019, 
0,
0,
2.027304e+08,
2.027304e+08,
0,
0,
1.181393e+09,
1.181393e+09,
0,
0,
0,
1.093436e+08,
0,
0,
1.206578e+08,
3.152877e+07,
0,
0,
4.881984e+08,
8.39556e+08,
0,
0,
0,
2.728172e+08,
0,
0,
5800432,
0,
0,
0,
5356463,
8279769,
0,
0,
0,
9.791689e+07,
0,
0,
0,
3.317514e+07,
0,
0,
6.058836e+08,
1.395388e+09,
0,
0,
3.017131e+08,
7.979428e+08,
0,
0,
6527087,
2.208025e+07,
0,
0,
3319697,
3319697,
0,
0,
1012059,
0,
0,
0,
0,
1.7821e+08,
0,
0,
5076435,
0,
0,
0,
7.898988e+08,
7.842099e+07,
0,
0,
0,
1.46386e+08,
0,
0,
1.921068e+09,
1.613199e+08,
0,
0,
7.257169e+08,
1.143604e+08,
0,
0,
2.014066e+08,
3.742571e+07,
0,
0,
2.72834e+08,
2.37442e+08,
0,
0,
6.672839e+07,
7.279046e+07,
0,
0,
1.392412e+07,
2264103,
0,
0,
0,
0,
0,
0,
6.919245e+09,
6.024091e+09,
2020, 
0,
0,
1.973848e+08,
1.973848e+08,
0,
0,
1.190195e+09,
1.190195e+09,
0,
0,
0,
1.067436e+08,
0,
0,
1.143288e+08,
3.320742e+07,
3.632884e+07,
3.537688e+07,
5.131659e+08,
8.057718e+08,
0,
0,
0,
2.835075e+08,
0,
0,
5580212,
0,
0,
0,
6544119,
9826971,
0,
0,
0,
1.018496e+08,
0,
0,
0,
3.113468e+07,
0,
0,
6.257005e+08,
1.385002e+09,
0,
0,
3.15015e+08,
8.076941e+08,
0,
0,
6633041,
3.359515e+07,
0,
0,
4938640,
4938640,
0,
0,
1057161,
0,
0,
0,
0,
1.760406e+08,
0,
0,
5196513,
0,
0,
0,
8.227432e+08,
8.099747e+07,
0,
0,
0,
1.469141e+08,
0,
0,
2.188046e+09,
1.816362e+08,
0,
0,
6.840908e+08,
1.089688e+08,
0,
0,
2.096952e+08,
3.91364e+07,
0,
0,
2.696537e+08,
2.327929e+08,
8196757,
7252028,
6.104807e+07,
6.104807e+07,
0,
0,
1.577642e+07,
2548962,
0,
0,
0,
0,
4.452559e+07,
4.262891e+07,
7.236793e+09,
6.020935e+09,
2021, 
0,
0,
1.960003e+08,
1.960003e+08,
0,
0,
1.222324e+09,
1.222324e+09,
0,
0,
0,
1.06434e+08,
0,
0,
1.323894e+08,
4.574794e+07,
0,
0,
5.131494e+08,
8.849194e+08,
0,
0,
0,
2.880069e+08,
0,
0,
5982642,
0,
0,
0,
6745844,
1.005625e+07,
0,
0,
6050521,
1.031666e+08,
0,
0,
0,
2.987876e+07,
0,
0,
6.362383e+08,
1.435661e+09,
0,
0,
3.083273e+08,
8.562652e+08,
0,
0,
1.145461e+07,
7.06316e+07,
0,
0,
5434109,
5434109,
0,
0,
1036324,
0,
0,
0,
1.792199e+07,
1.612979e+08,
0,
0,
4836025,
0,
0,
0,
8.320496e+08,
8.183563e+07,
0,
0,
4835073,
1.386955e+08,
0,
0,
2.579095e+09,
2.140698e+08,
0,
0,
7.079292e+08,
1.132905e+08,
0,
0,
2.490048e+08,
4.611638e+07,
0,
0,
2.973344e+08,
2.654196e+08,
6459255,
5699729,
6.234738e+07,
6.234738e+07,
0,
0,
1.637679e+07,
2603318,
0,
0,
0,
0,
6459255,
5699729,
7.816863e+09,
6.340203e+09,
2022, 
0,
0,
1.872582e+08,
1.872582e+08,
0,
0,
1.247292e+09,
1.247292e+09,
0,
0,
0,
1.049174e+08,
0,
0,
1.475321e+08,
4.825153e+07,
0,
0,
5.131159e+08,
8.657232e+08,
0,
0,
0,
2.774075e+08,
0,
0,
7030339,
0,
0,
0,
8225056,
1.217236e+07,
0,
0,
1.23009e+07,
9.850405e+07,
0,
0,
0,
3.114544e+07,
0,
0,
6.468008e+08,
1.442725e+09,
0,
0,
3.447669e+08,
9.751572e+08,
2614859,
3900270,
1.320209e+07,
8.452334e+07,
0,
0,
3457913,
3457913,
0,
0,
1077507,
0,
0,
0,
3.934182e+07,
1.573673e+08,
0,
0,
5616479,
0,
0,
0,
8.313819e+08,
8.1692e+07,
0,
0,
9679891,
1.698142e+08,
0,
0,
5.086808e+08,
4.221587e+07,
0,
0,
7.318234e+08,
1.176573e+08,
0,
0,
3.012092e+08,
5.535449e+07,
0,
0,
2.992787e+08,
2.659912e+08,
4155029,
3658798,
6.364669e+07,
6.364669e+07,
0,
0,
1.574362e+07,
2461855,
0,
0,
0,
0,
6769887,
7559068,
5.938462e+09,
6.334736e+09,
2023, 
0,
0,
1.811386e+08,
1.811386e+08,
0,
0,
1.336282e+09,
1.336282e+09,
0,
0,
0,
1.189246e+08,
0,
0,
1.485853e+08,
4.278334e+07,
0,
0,
5.130651e+08,
8.477179e+08,
0,
0,
0,
2.74218e+08,
0,
0,
3.731021e+08,
0,
0,
0,
9438292,
1.386659e+07,
0,
0,
1.981972e+07,
9.724794e+07,
0,
0,
0,
3.754757e+07,
0,
0,
6.573879e+08,
1.449764e+09,
0,
0,
2.9055e+08,
9.496374e+08,
3.771594e+07,
5.231154e+07,
1.528308e+07,
9.326062e+07,
0,
0,
7620809,
7620809,
1809928,
1628572,
6.909639e+07,
1.72741e+07,
0,
0,
6.266357e+07,
1.46215e+08,
0,
0,
1.018933e+08,
4.419862e+07,
0,
0,
8.417484e+08,
8.263169e+07,
0,
0,
1.453445e+07,
1.58534e+08,
0,
0,
1.185678e+09,
9.838737e+07,
0,
0,
7.307729e+08,
1.180312e+08,
0,
0,
3.827244e+08,
6.978944e+07,
0,
0,
3.12787e+08,
2.798196e+08,
5074255,
4463143,
6.4946e+07,
6.4946e+07,
0,
0,
2.544375e+07,
3913015,
0,
0,
0,
0,
4.460012e+07,
5.840325e+07,
7.344561e+09,
6.53375e+09,
2024, 
0,
0,
1.756008e+08,
1.756008e+08,
0,
0,
1.624958e+09,
1.386742e+09,
0,
0,
0,
1.426939e+08,
0,
0,
1.506987e+08,
3.838044e+07,
0,
0,
5.129972e+08,
8.107292e+08,
0,
0,
0,
2.844854e+08,
0,
0,
4.112188e+08,
1.133259e+07,
0,
0,
1.066023e+07,
1.554848e+07,
0,
0,
3.607534e+07,
1.129284e+08,
0,
0,
0,
4.45436e+07,
0,
0,
6.679996e+08,
1.456779e+09,
0,
0,
3.005141e+08,
1.027414e+09,
4733381,
1.391086e+07,
9198506,
1.579407e+08,
0,
0,
1.208868e+08,
1.263414e+08,
1.626288e+07,
1.483222e+07,
7.157921e+07,
1.539447e+07,
0,
0,
8.999871e+07,
1.349981e+08,
1.890708e+07,
1.997701e+07,
1.285769e+08,
7.278447e+07,
0,
0,
8.808681e+08,
8.638936e+07,
0,
0,
1.939876e+07,
1.523906e+08,
0,
0,
1.517038e+09,
1.258669e+08,
0,
0,
7.296031e+08,
1.183849e+08,
0,
0,
4.212577e+08,
7.621707e+07,
0,
0,
3.200729e+08,
2.858575e+08,
2603087,
2286932,
6.62453e+07,
6.62453e+07,
0,
0,
4.680015e+07,
7077192,
0,
0,
0,
0,
4.250644e+07,
5.100703e+07,
8.312247e+09,
6.933066e+09,
2025, 
0,
0,
1.716878e+08,
1.716878e+08,
0,
0,
1.76221e+09,
1.611311e+09,
0,
0,
0,
1.783018e+08,
0,
0,
1.548635e+08,
3.627406e+07,
0,
0,
5.076059e+08,
7.906168e+08,
0,
0,
0,
3.125626e+08,
0,
0,
4.725484e+08,
7.651047e+07,
0,
0,
1.336788e+07,
1.935677e+07,
0,
0,
5.660428e+07,
1.263234e+08,
0,
0,
0,
5.27735e+07,
0,
0,
7.610543e+08,
1.482097e+09,
0,
0,
2.907645e+08,
1.0752e+09,
0,
0,
0,
1.560523e+08,
0,
0,
1.800049e+08,
1.7481e+08,
1.875237e+07,
1.724735e+07,
7.415221e+07,
1.344202e+07,
0,
0,
1.339499e+08,
1.339499e+08,
1.589593e+07,
1.892756e+07,
1.058615e+08,
5.736034e+07,
0,
0,
9.3138e+08,
9.125593e+07,
0,
0,
2.427152e+07,
1.673759e+08,
0,
0,
1.789678e+09,
1.484678e+08,
0,
0,
7.662643e+08,
1.249042e+08,
0,
0,
4.097812e+08,
7.355946e+07,
0,
0,
3.270437e+08,
2.911441e+08,
1427361,
1145153,
6.760878e+07,
6.760878e+07,
0,
0,
7.723652e+07,
1.148227e+07,
0,
0,
0,
0,
3.607566e+07,
3.732006e+07,
9.077939e+09,
7.444429e+09,
2026, 
0,
0,
1.637269e+08,
1.637269e+08,
0,
0,
1.713925e+09,
1.609103e+09,
0,
0,
0,
1.975539e+08,
0,
0,
1.560762e+08,
4.436172e+07,
0,
0,
5.271628e+08,
7.408376e+08,
0,
0,
0,
3.45113e+08,
0,
0,
3.652467e+08,
0,
0,
0,
6.613409e+07,
9.513902e+07,
0,
0,
6.80389e+07,
1.448662e+08,
0,
0,
0,
5.878455e+07,
0,
0,
7.655192e+08,
1.473715e+09,
0,
0,
2.781492e+08,
1.095983e+09,
0,
0,
1.244383e+07,
1.520619e+08,
0,
0,
1.781381e+08,
1.713813e+08,
0,
0,
7.116697e+07,
1.705228e+07,
0,
0,
3.151604e+08,
4.009596e+08,
1.197532e+07,
1.948214e+07,
1.110062e+08,
5.99997e+07,
0,
0,
1.047423e+09,
1.038047e+08,
0,
0,
2.423447e+07,
1.611169e+08,
0,
0,
2.338461e+09,
1.939253e+08,
0,
0,
9.948092e+08,
1.633732e+08,
0,
0,
3.242325e+08,
5.828177e+07,
0,
0,
3.434751e+08,
3.041447e+08,
0,
0,
7.114561e+07,
7.114561e+07,
0,
0,
1.245012e+08,
1.817247e+07,
0,
0,
0,
0,
1.197532e+07,
1.948214e+07,
1.006018e+10,
7.844604e+09,
2027, 
0,
0,
1.512184e+08,
1.512184e+08,
0,
0,
1.44223e+09,
1.427058e+09,
0,
0,
0,
1.622046e+08,
0,
0,
1.601165e+08,
5.245269e+07,
0,
0,
4.31571e+08,
8.192155e+08,
0,
0,
0,
3.839432e+08,
0,
0,
9.475564e+07,
0,
0,
0,
9.204133e+07,
1.315475e+08,
0,
0,
7.126558e+07,
1.499835e+08,
0,
0,
0,
5.43082e+07,
0,
0,
8.522947e+08,
1.48393e+09,
0,
0,
2.24484e+08,
1.052396e+09,
0,
0,
2.499431e+07,
1.151774e+08,
0,
0,
1.575433e+08,
1.428943e+08,
0,
0,
6.816814e+07,
2.067688e+07,
0,
0,
3.321062e+08,
3.559895e+08,
7859152,
2.150537e+07,
1.161577e+08,
6.264252e+07,
0,
0,
1.027324e+09,
1.029715e+08,
0,
0,
2.419735e+07,
1.428996e+08,
0,
0,
2.293342e+09,
1.901166e+08,
0,
0,
9.700924e+08,
1.605017e+08,
0,
0,
3.19016e+08,
5.742192e+07,
0,
0,
3.683292e+08,
3.096515e+08,
0,
0,
7.48915e+07,
7.48915e+07,
0,
0,
1.595927e+08,
2.286537e+07,
0,
0,
0,
0,
7859152,
2.150537e+07,
9.455733e+09,
7.626958e+09,
2028, 
0,
0,
1.449335e+08,
1.449335e+08,
0,
0,
1.446845e+09,
1.470783e+09,
0,
0,
0,
1.775422e+08,
0,
0,
1.688581e+08,
6.054695e+07,
0,
0,
3.320233e+08,
8.973288e+08,
0,
0,
0,
3.824308e+08,
0,
0,
2.791067e+08,
0,
0,
0,
8.456514e+07,
1.200772e+08,
0,
0,
7.051867e+07,
1.487651e+08,
0,
0,
0,
5.259104e+07,
0,
0,
9.389055e+08,
1.494437e+09,
0,
0,
1.946744e+08,
1.045766e+09,
0,
0,
3.765161e+07,
1.226413e+08,
0,
0,
1.192922e+08,
1.192922e+08,
0,
0,
6.515568e+07,
2.431586e+07,
0,
0,
3.174442e+08,
3.05668e+08,
0,
0,
5.558762e+07,
0,
0,
0,
1.076669e+09,
1.091343e+08,
0,
0,
2.416016e+07,
1.675632e+08,
0,
0,
2.26722e+09,
1.878849e+08,
0,
0,
9.315001e+08,
1.552593e+08,
0,
0,
3.62707e+08,
6.537469e+07,
0,
0,
3.908308e+08,
3.044183e+08,
0,
0,
7.970582e+07,
7.970582e+07,
0,
0,
1.660414e+08,
2.334491e+07,
0,
0,
0,
0,
0,
0,
9.554396e+09,
7.659804e+09,
2029, 
0,
0,
1.393551e+08,
1.393551e+08,
0,
0,
1.431301e+09,
1.521515e+09,
0,
0,
0,
1.919452e+08,
0,
0,
1.744163e+08,
6.864449e+07,
0,
0,
2.291328e+08,
9.757973e+08,
0,
0,
0,
4.063362e+08,
0,
0,
4.103589e+08,
5979648,
0,
0,
7.235303e+07,
1.020702e+08,
0,
0,
9.212309e+07,
1.823695e+08,
0,
0,
0,
5.848479e+07,
0,
0,
9.823107e+08,
1.389151e+09,
0,
0,
1.671837e+08,
1.042673e+09,
0,
0,
5.041592e+07,
1.246916e+08,
0,
0,
1.196849e+08,
1.196849e+08,
0,
0,
6.21296e+07,
2.796921e+07,
0,
0,
4.891156e+08,
3.32195e+08,
0,
0,
9.318318e+07,
3.464087e+07,
0,
0,
1.160755e+09,
1.189721e+08,
0,
0,
2.41229e+07,
2.145922e+08,
0,
0,
2.462886e+09,
2.040278e+08,
0,
0,
1.026965e+09,
1.724336e+08,
0,
0,
5.154881e+08,
9.303801e+07,
0,
0,
4.06466e+08,
2.925278e+08,
0,
0,
8.966182e+07,
8.966182e+07,
0,
0,
2.04542e+08,
2.82131e+07,
0,
0,
0,
0,
0,
0,
1.040395e+10,
7.936969e+09,
2030, 
0,
0,
1.287289e+08,
1.287289e+08,
0,
0,
1.40349e+09,
1.422771e+09,
0,
0,
0,
2.042417e+08,
0,
0,
1.826512e+08,
7.67453e+07,
0,
0,
1.225331e+08,
1.054262e+09,
0,
0,
0,
4.269639e+08,
0,
0,
4.994881e+08,
9.301746e+07,
0,
0,
4.98298e+07,
6.984046e+07,
0,
0,
1.350305e+08,
2.480609e+08,
0,
0,
0,
6.181523e+07,
0,
0,
9.538773e+08,
1.207495e+09,
0,
0,
1.538685e+08,
1.062858e+09,
0,
0,
6.328741e+07,
1.336614e+08,
0,
0,
1.591751e+08,
1.435568e+08,
0,
0,
5.908987e+07,
3.163698e+07,
0,
0,
6.125837e+08,
4.733859e+08,
0,
0,
1.316524e+08,
7.059164e+07,
0,
0,
1.310612e+09,
1.358193e+08,
0,
0,
2.408557e+07,
2.262107e+08,
0,
0,
2.497874e+09,
2.068532e+08,
0,
0,
1.253923e+09,
2.120858e+08,
0,
0,
6.877784e+08,
9.404151e+07,
0,
0,
3.126123e+08,
2.78244e+08,
0,
0,
9.519315e+07,
9.519315e+07,
0,
0,
2.348634e+08,
3.177272e+07,
0,
0,
0,
0,
0,
0,
1.107223e+10,
8.189853e+09,
2031, 
0,
0,
1.208782e+08,
1.208782e+08,
0,
0,
1.40491e+09,
1.425195e+09,
0,
0,
0,
2.228614e+08,
0,
0,
1.925687e+08,
7.901289e+07,
0,
0,
1.999369e+08,
9.575624e+08,
0,
0,
0,
4.586061e+08,
0,
0,
5.657932e+08,
1.254574e+08,
0,
0,
6.772057e+07,
9.314944e+07,
0,
0,
2.103234e+08,
3.540506e+08,
0,
0,
0,
6.776855e+07,
0,
0,
9.568057e+08,
1.219662e+09,
0,
0,
1.23592e+08,
1.132822e+09,
0,
0,
6.631458e+07,
1.104381e+08,
0,
0,
1.598256e+08,
1.434926e+08,
0,
0,
5.944158e+07,
3.187453e+07,
0,
0,
6.078956e+08,
4.665468e+08,
0,
0,
1.265934e+08,
5.398647e+07,
0,
0,
1.567625e+09,
1.641129e+08,
0,
0,
3.860688e+07,
2.16354e+08,
0,
0,
2.694364e+09,
2.229354e+08,
0,
0,
1.31485e+09,
2.241343e+08,
0,
0,
6.230174e+08,
9.476466e+07,
0,
0,
3.081316e+08,
2.755974e+08,
0,
0,
9.680426e+07,
9.680426e+07,
0,
0,
2.571054e+08,
3.453241e+07,
0,
0,
0,
0,
0,
0,
1.17631e+10,
8.3926e+09,
2032, 
0,
0,
1.143679e+08,
1.143679e+08,
0,
0,
1.406332e+09,
1.406332e+09,
0,
0,
0,
2.452962e+08,
0,
0,
1.962793e+08,
8.129781e+07,
0,
0,
2.841257e+08,
8.615384e+08,
0,
0,
0,
4.992665e+08,
0,
0,
6.048618e+08,
1.302553e+08,
0,
0,
8.345725e+07,
1.126651e+08,
0,
0,
1.557974e+08,
2.612252e+08,
0,
0,
0,
7.432052e+07,
0,
0,
9.596813e+08,
1.2319e+09,
0,
0,
9.30673e+07,
1.203086e+09,
0,
0,
6.936235e+07,
1.139841e+08,
0,
0,
1.60478e+08,
1.43427e+08,
0,
0,
5.97937e+07,
3.211238e+07,
0,
0,
6.004677e+08,
2.739538e+08,
0,
0,
1.303892e+08,
4.585769e+07,
0,
0,
2.006979e+09,
2.122368e+08,
0,
0,
5.311223e+07,
2.065192e+08,
0,
0,
3.449709e+09,
2.851909e+08,
0,
0,
1.354196e+09,
2.32641e+08,
0,
0,
5.307272e+08,
9.549094e+07,
0,
0,
3.036627e+08,
2.72929e+08,
0,
0,
9.841742e+07,
9.841742e+07,
0,
0,
2.764091e+08,
3.685763e+07,
0,
0,
0,
0,
0,
0,
1.299167e+10,
8.271169e+09,
2033, 
0,
0,
1.095337e+08,
1.095337e+08,
0,
0,
1.407753e+09,
1.407753e+09,
0,
0,
0,
2.629797e+08,
0,
0,
1.551701e+08,
8.360008e+07,
0,
0,
3.698139e+08,
7.608925e+08,
0,
0,
0,
4.930602e+08,
0,
0,
5.700514e+08,
6.076768e+07,
0,
0,
8.97896e+07,
1.189707e+08,
0,
0,
1.758479e+08,
2.815066e+08,
0,
0,
0,
7.273331e+07,
0,
0,
8.047395e+08,
9.240286e+08,
0,
0,
0,
1.143464e+09,
0,
0,
7.243077e+07,
9.625059e+07,
0,
0,
1.868294e+08,
1.740673e+08,
0,
0,
5.31973e+07,
2.540158e+07,
0,
0,
5.958362e+08,
2.720978e+08,
0,
0,
1.563575e+08,
5.95223e+07,
0,
0,
2.710853e+09,
2.895515e+08,
0,
0,
6.760154e+07,
1.967064e+08,
0,
0,
3.761891e+09,
3.107349e+08,
0,
0,
1.273059e+09,
2.203979e+08,
0,
0,
1.027956e+09,
9.622037e+07,
0,
0,
2.992058e+08,
2.702387e+08,
0,
0,
7.620297e+07,
7.620297e+07,
0,
0,
2.957056e+08,
3.914502e+07,
0,
0,
0,
0,
0,
0,
1.425982e+10,
7.845828e+09,
2034, 
0,
0,
2.429715e+08,
2.429715e+08,
0,
0,
1.409175e+09,
1.409175e+09,
0,
0,
0,
2.78099e+08,
0,
0,
2.529855e+08,
8.591973e+07,
0,
0,
4.578255e+08,
6.564371e+08,
0,
0,
0,
5.099069e+08,
0,
0,
5.541687e+08,
1.547872e+07,
0,
0,
9.9066e+07,
1.288393e+08,
0,
0,
1.920885e+08,
2.953308e+08,
0,
0,
0,
7.181234e+07,
0,
0,
8.07543e+08,
9.325786e+08,
0,
0,
0,
1.182535e+09,
0,
0,
7.551985e+07,
9.13735e+07,
0,
0,
2.140661e+08,
2.040998e+08,
0,
0,
5.352161e+07,
2.561136e+07,
0,
0,
5.91198e+08,
2.702392e+08,
0,
0,
1.649777e+08,
5.545896e+07,
0,
0,
3.126016e+09,
3.372239e+08,
0,
0,
8.207475e+07,
1.869156e+08,
0,
0,
4.062433e+09,
3.352742e+08,
0,
0,
1.312525e+09,
2.289828e+08,
0,
0,
4.735697e+08,
8.724175e+07,
0,
0,
2.947608e+08,
2.675265e+08,
0,
0,
7.757141e+07,
7.757141e+07,
0,
0,
3.526382e+08,
4.634154e+07,
0,
0,
0,
0,
0,
0,
1.48967e+10,
8.022945e+09,
2035, 
0,
0,
2.436072e+08,
2.436072e+08,
0,
0,
1.410598e+09,
1.410598e+09,
0,
0,
0,
2.31844e+08,
0,
0,
2.293674e+08,
8.82568e+07,
0,
0,
5.264899e+08,
5.264899e+08,
0,
0,
0,
7.694396e+08,
0,
0,
6.493541e+08,
6.949395e+07,
0,
0,
6.263258e+08,
8.718598e+08,
0,
0,
2.087096e+08,
3.090432e+08,
0,
0,
0,
1.014281e+08,
0,
0,
3.331636e+08,
3.902018e+08,
0,
0,
0,
6.39593e+08,
0,
0,
4.480945e+07,
5.499428e+07,
0,
0,
1.21296e+08,
1.276909e+08,
0,
0,
5.384631e+07,
2.58214e+07,
0,
0,
5.865532e+08,
2.68378e+08,
0,
0,
1.567217e+08,
3.413883e+07,
0,
0,
3.585427e+09,
3.906081e+08,
0,
0,
2.386467e+07,
1.368394e+08,
0,
0,
5.090506e+09,
4.197636e+08,
0,
0,
1.243723e+09,
2.186437e+08,
0,
0,
3.617926e+07,
6696702,
0,
0,
1.917336e+08,
1.507794e+08,
0,
0,
7.894157e+07,
7.894157e+07,
0,
0,
7.583581e+08,
9.892856e+07,
0,
0,
8.351745e+07,
1.427594e+08,
0,
0,
1.628309e+10,
7.80684e+09,
2036, 
0,
0,
2.44492e+08,
2.44492e+08,
0,
0,
1.411537e+09,
1.411537e+09,
0,
0,
0,
3.179923e+08,
0,
0,
2.450572e+08,
1.009895e+08,
0,
0,
5.352393e+08,
5.352393e+08,
0,
0,
0,
7.783516e+08,
0,
0,
7.060248e+08,
1.560527e+08,
0,
0,
7.052615e+08,
9.157242e+08,
0,
0,
2.769199e+08,
4.137696e+08,
0,
0,
0,
1.326133e+08,
0,
0,
3.349225e+08,
3.922279e+08,
0,
0,
0,
6.406613e+08,
0,
0,
3.602009e+07,
6.432618e+07,
0,
0,
1.632319e+08,
1.430636e+08,
0,
0,
5.418722e+07,
2.604752e+07,
0,
0,
5.838344e+08,
2.670974e+08,
0,
0,
1.566602e+08,
3.410986e+07,
0,
0,
3.978495e+09,
4.35289e+08,
0,
0,
2.366608e+07,
6.104938e+07,
0,
0,
5.556723e+09,
8.623489e+08,
0,
0,
1.75226e+09,
3.101056e+08,
0,
0,
3.629948e+07,
6764232,
0,
0,
1.6662e+08,
7.801059e+07,
0,
0,
8.036848e+07,
8.036848e+07,
0,
0,
5.61615e+08,
7.250537e+07,
0,
0,
6.997383e+07,
2.637715e+08,
0,
0,
1.767941e+10,
8.744508e+09,
2037, 
0,
0,
2.453778e+08,
2.453778e+08,
0,
0,
1.412476e+09,
1.412476e+09,
0,
0,
0,
3.524754e+08,
0,
0,
3.581348e+08,
1.139813e+08,
0,
0,
5.62423e+08,
5.62423e+08,
0,
0,
0,
8.351071e+08,
0,
0,
6.777177e+08,
1.579234e+08,
0,
0,
6.957329e+08,
9.606961e+08,
0,
0,
2.807852e+08,
4.234157e+08,
0,
0,
0,
1.327724e+08,
0,
0,
3.366835e+08,
3.942564e+08,
0,
0,
0,
6.417304e+08,
0,
0,
2.714462e+07,
7.374482e+07,
0,
0,
1.640234e+08,
1.428996e+08,
0,
0,
5.452853e+07,
2.627392e+07,
0,
0,
5.811115e+08,
2.658149e+08,
0,
0,
1.39558e+08,
1.704042e+07,
0,
0,
4.543304e+09,
4.992094e+08,
0,
0,
2.346722e+07,
2.346722e+07,
0,
0,
5.567024e+09,
1.541737e+09,
0,
0,
1.757472e+09,
3.131004e+08,
0,
0,
3.641954e+07,
6832128,
0,
0,
1.619772e+08,
7.627759e+07,
0,
0,
8.179719e+07,
8.179719e+07,
0,
0,
6.137492e+08,
7.840974e+07,
0,
0,
5.606017e+07,
2.862334e+08,
0,
0,
1.837697e+10,
9.665474e+09,
2038, 
0,
0,
2.462645e+08,
2.462645e+08,
0,
0,
1.413415e+09,
1.413415e+09,
0,
0,
0,
3.815218e+08,
0,
0,
3.495628e+08,
1.272328e+08,
0,
0,
5.691554e+08,
5.691554e+08,
0,
0,
0,
8.443335e+08,
0,
0,
6.799507e+08,
1.906245e+08,
0,
0,
1.214598e+09,
1.006778e+09,
0,
0,
3.841884e+08,
5.738936e+08,
0,
0,
0,
1.329317e+08,
0,
0,
3.384466e+08,
3.962872e+08,
0,
0,
0,
6.428004e+08,
0,
0,
1.818287e+07,
8.325036e+07,
0,
0,
1.648208e+08,
1.427304e+08,
0,
0,
5.487025e+07,
2.65006e+07,
0,
0,
5.783845e+08,
2.645305e+08,
0,
0,
1.224848e+08,
0,
0,
0,
4.74885e+09,
5.240169e+08,
0,
0,
0,
0,
0,
0,
5.070203e+09,
2.074878e+09,
0,
0,
2.696441e+09,
9.965066e+08,
0,
0,
3.653946e+07,
6900392,
0,
0,
7.454224e+07,
7.454224e+07,
0,
0,
8.322772e+07,
8.322772e+07,
0,
0,
5.091117e+08,
6.4358e+07,
0,
0,
4.177575e+07,
3.090771e+08,
0,
0,
1.939502e+10,
1.117576e+10,
2039, 
0,
0,
2.471522e+08,
2.471522e+08,
0,
0,
1.414354e+09,
1.414354e+09,
0,
0,
0,
4.09469e+08,
0,
0,
3.407364e+08,
1.407443e+08,
0,
0,
5.748008e+08,
5.748008e+08,
0,
0,
0,
8.535713e+08,
0,
0,
6.666992e+08,
2.08132e+08,
0,
0,
1.214153e+09,
1.053971e+09,
0,
0,
3.961596e+08,
5.930289e+08,
0,
0,
0,
1.33091e+08,
0,
0,
3.402116e+08,
3.983203e+08,
0,
0,
0,
6.438712e+08,
0,
0,
9134717,
9.284294e+07,
0,
0,
1.65624e+08,
1.425558e+08,
0,
0,
6.233356e+07,
3.384876e+07,
0,
0,
5.756534e+08,
2.632442e+08,
0,
0,
6.804512e+07,
0,
0,
0,
4.772262e+09,
5.288356e+08,
0,
0,
0,
0,
0,
0,
4.573516e+09,
4.624633e+09,
0,
0,
2.703187e+09,
1.291609e+09,
0,
0,
3.665921e+07,
6969021,
0,
0,
7.280455e+07,
7.280455e+07,
0,
0,
8.466006e+07,
8.466006e+07,
0,
0,
3.205577e+08,
4.009296e+07,
0,
0,
2.711987e+07,
3.323031e+08,
0,
0,
1.866582e+10,
1.41849e+10,
2040, 
0,
0,
2.480408e+08,
2.480408e+08,
0,
0,
1.415293e+09,
1.710241e+09,
0,
0,
0,
4.694694e+08,
0,
0,
3.316553e+08,
1.545163e+08,
0,
0,
9.138995e+08,
9.138995e+08,
0,
0,
0,
8.628204e+08,
0,
0,
6.533045e+08,
2.257875e+08,
0,
0,
1.212654e+09,
1.102278e+09,
0,
0,
4.02921e+08,
6.049043e+08,
0,
0,
0,
1.646778e+08,
0,
0,
3.764523e+08,
4.242594e+08,
0,
0,
0,
8.422752e+08,
0,
0,
0,
1.132649e+08,
0,
0,
1.664331e+08,
1.42376e+08,
0,
0,
6.27049e+07,
3.41048e+07,
0,
0,
5.729183e+08,
2.619559e+08,
0,
0,
6.798665e+07,
0,
0,
0,
5.600807e+09,
5.33679e+08,
0,
0,
0,
0,
0,
0,
4.076962e+09,
5.126943e+09,
0,
0,
2.709924e+09,
1.889241e+09,
0,
0,
3.67788e+07,
7038021,
0,
0,
7.10645e+07,
7.10645e+07,
0,
0,
8.609421e+07,
8.609421e+07,
0,
0,
1.644158e+08,
2.034414e+07,
0,
0,
1.209185e+07,
4.651038e+08,
0,
0,
1.91824e+10,
1.647438e+10,
2041, 
0,
0,
5.283454e+08,
2.486361e+08,
0,
0,
1.416056e+09,
1.711463e+09,
0,
0,
0,
5.461939e+08,
0,
0,
4.625357e+08,
1.553336e+08,
0,
0,
1.048566e+09,
1.048566e+09,
0,
0,
0,
8.722708e+08,
0,
0,
6.301638e+08,
2.536143e+08,
0,
0,
1.196762e+09,
1.157096e+09,
0,
0,
4.146624e+08,
6.097972e+08,
0,
0,
0,
1.653232e+08,
0,
0,
3.788878e+08,
4.265343e+08,
0,
0,
0,
8.435302e+08,
0,
0,
0,
1.233884e+08,
0,
0,
1.982137e+08,
1.70802e+08,
0,
0,
6.306933e+07,
3.43538e+07,
0,
0,
5.687494e+08,
2.606453e+08,
0,
0,
1.227892e+08,
0,
0,
0,
5.501246e+09,
6.127342e+08,
0,
0,
0,
0,
0,
0,
3.784661e+09,
7.255006e+09,
0,
0,
2.70876e+09,
1.889926e+09,
0,
0,
3.689816e+07,
7107462,
0,
0,
7.115055e+07,
7.115055e+07,
0,
0,
8.755725e+07,
8.755725e+07,
0,
0,
4.774321e+08,
5.886495e+07,
0,
0,
1.256551e+07,
4.575629e+08,
0,
0,
1.970907e+10,
1.906746e+10,
2042, 
0,
0,
5.306616e+08,
2.492319e+08,
0,
0,
1.416818e+09,
1.712685e+09,
0,
0,
0,
5.571979e+08,
0,
0,
4.667844e+08,
1.561452e+08,
0,
0,
1.066881e+09,
1.066881e+09,
0,
0,
0,
9.463153e+08,
0,
0,
6.056966e+08,
2.827729e+08,
0,
0,
1.638242e+09,
1.325184e+09,
0,
0,
4.265765e+08,
6.145384e+08,
0,
0,
0,
1.659693e+08,
0,
0,
3.813276e+08,
4.288103e+08,
0,
0,
0,
8.44786e+08,
0,
0,
0,
1.33525e+08,
0,
0,
2.000231e+08,
1.703357e+08,
0,
0,
6.343417e+07,
3.46031e+07,
0,
0,
5.691683e+08,
5.59981e+08,
0,
0,
1.457332e+08,
2.257311e+07,
0,
0,
5.650035e+09,
7.44223e+08,
0,
0,
0,
0,
0,
0,
3.447248e+09,
7.859368e+09,
0,
0,
3.40592e+09,
1.890609e+09,
0,
0,
3.701736e+07,
7177275,
0,
0,
1.491775e+08,
7.123664e+07,
0,
0,
1.069638e+08,
1.069638e+08,
0,
0,
4.873082e+08,
5.986789e+07,
0,
0,
1.304828e+07,
4.500032e+08,
0,
0,
2.080807e+10,
2.046098e+10,
2043, 
0,
0,
5.329804e+08,
2.498282e+08,
0,
0,
1.417581e+09,
1.713908e+09,
0,
0,
0,
5.633283e+08,
0,
0,
4.71045e+08,
1.569511e+08,
0,
0,
1.085218e+09,
1.085218e+09,
0,
0,
0,
1.38315e+09,
0,
0,
5.799002e+08,
3.132662e+08,
0,
0,
1.57057e+09,
1.441244e+09,
0,
0,
4.386636e+08,
6.191274e+08,
0,
0,
0,
1.666161e+08,
0,
0,
3.837718e+08,
4.310874e+08,
0,
0,
0,
8.460429e+08,
0,
0,
0,
1.436748e+08,
0,
0,
2.018504e+08,
1.69853e+08,
0,
0,
6.379944e+07,
3.48527e+07,
0,
0,
5.65009e+08,
5.557787e+08,
0,
0,
1.681214e+08,
4.459009e+07,
0,
0,
5.711755e+09,
9.13294e+08,
0,
0,
0,
0,
0,
0,
3.064634e+09,
8.250772e+09,
0,
0,
3.404706e+09,
1.891289e+09,
0,
0,
4.300338e+08,
8.392441e+07,
0,
0,
1.497615e+08,
7.132278e+07,
0,
0,
1.170492e+08,
1.170492e+08,
0,
0,
8.330323e+08,
7.63376e+07,
0,
0,
1.354017e+07,
5.569124e+08,
0,
0,
2.120302e+10,
2.187942e+10,
2044, 
0,
0,
5.353018e+08,
2.504252e+08,
0,
0,
1.418343e+09,
1.71513e+09,
0,
0,
0,
5.694664e+08,
0,
0,
4.753174e+08,
1.577512e+08,
0,
0,
1.103579e+09,
1.103579e+09,
0,
0,
0,
1.399436e+09,
0,
0,
5.527722e+08,
3.450964e+08,
0,
0,
1.499882e+09,
1.560381e+09,
0,
0,
4.509241e+08,
6.235642e+08,
0,
0,
0,
1.672636e+08,
0,
0,
3.862205e+08,
4.333657e+08,
0,
0,
0,
8.473007e+08,
0,
0,
0,
1.538377e+08,
0,
0,
2.036957e+08,
1.693538e+08,
0,
0,
6.416513e+07,
3.510259e+07,
0,
0,
5.608424e+08,
5.515718e+08,
0,
0,
1.920019e+08,
6.809896e+07,
0,
0,
5.493622e+09,
9.666707e+08,
0,
0,
0,
0,
0,
0,
2.636733e+09,
8.687466e+09,
0,
0,
3.403488e+09,
1.891968e+09,
0,
0,
2.115383e+08,
4.15522e+07,
0,
0,
1.673589e+08,
1.333335e+08,
0,
0,
1.187851e+08,
1.187851e+08,
0,
0,
8.541582e+08,
6.967012e+07,
0,
0,
1.404121e+07,
5.510849e+08,
0,
0,
2.034277e+10,
2.261126e+10,
2045, 
0,
0,
5.376257e+08,
2.510227e+08,
0,
0,
1.419105e+09,
1.716353e+09,
0,
0,
0,
5.756119e+08,
0,
0,
4.796016e+08,
1.585457e+08,
0,
0,
1.121963e+09,
1.121963e+09,
0,
0,
0,
1.415741e+09,
0,
0,
5.243099e+08,
3.782663e+08,
0,
0,
1.42617e+09,
1.682603e+09,
0,
0,
5.910241e+08,
7.840024e+08,
0,
0,
0,
2.001666e+08,
0,
0,
3.886735e+08,
4.356451e+08,
0,
0,
0,
9.371609e+08,
0,
0,
0,
1.640139e+08,
0,
0,
2.05559e+08,
1.68838e+08,
0,
0,
6.453124e+07,
3.535278e+07,
0,
0,
5.566687e+08,
5.473602e+08,
0,
0,
2.173776e+08,
9.310259e+07,
0,
0,
5.847062e+09,
1.181764e+09,
0,
0,
0,
0,
0,
0,
2.163456e+09,
9.767542e+09,
0,
0,
3.402267e+09,
1.892645e+09,
0,
0,
5.165582e+08,
1.021248e+08,
0,
0,
2.641278e+08,
2.509649e+08,
0,
0,
1.205232e+08,
1.205232e+08,
0,
0,
8.754648e+08,
6.284008e+07,
0,
0,
1.45514e+07,
5.452408e+08,
0,
0,
2.073662e+10,
2.458939e+10,
2046, 
0,
0,
5.409805e+08,
2.5176e+08,
0,
0,
1.419533e+09,
1.850347e+09,
0,
0,
0,
5.969755e+08,
0,
0,
4.696043e+08,
1.733441e+08,
0,
0,
1.142016e+09,
1.142016e+09,
0,
0,
0,
1.433379e+09,
0,
0,
5.346626e+08,
3.87909e+08,
0,
0,
1.37888e+09,
1.761366e+09,
0,
0,
6.080536e+08,
7.857358e+08,
0,
0,
0,
2.014839e+08,
0,
0,
3.835686e+08,
4.453133e+08,
0,
0,
0,
9.56015e+08,
0,
0,
0,
1.644106e+08,
0,
0,
2.085868e+08,
1.817304e+08,
0,
0,
6.485919e+07,
3.556468e+07,
0,
0,
5.580169e+08,
5.48629e+08,
0,
0,
2.250359e+08,
9.855978e+07,
0,
0,
6.343859e+09,
1.18344e+09,
0,
0,
2.264555e+07,
2.264555e+07,
0,
0,
1.857773e+09,
1.098099e+10,
0,
0,
2.761747e+09,
1.814444e+09,
0,
0,
5.11194e+08,
1.020737e+08,
0,
0,
1.632402e+08,
1.304223e+08,
0,
0,
1.223481e+08,
1.223481e+08,
0,
0,
8.752964e+08,
6.259669e+07,
0,
0,
1.509441e+07,
5.556321e+08,
0,
0,
2.0207e+10,
2.598913e+10,
2047, 
0,
0,
5.443391e+08,
2.524981e+08,
0,
0,
1.419961e+09,
2.07667e+09,
0,
0,
0,
6.183665e+08,
0,
0,
4.593716e+08,
1.883836e+08,
0,
0,
1.162095e+09,
1.162095e+09,
0,
0,
0,
1.451039e+09,
0,
0,
5.465106e+08,
3.990462e+08,
0,
0,
1.330384e+09,
1.841375e+09,
0,
0,
6.253309e+08,
7.872447e+08,
0,
0,
0,
2.028027e+08,
0,
0,
3.784005e+08,
4.5505e+08,
0,
0,
0,
1.053395e+09,
0,
0,
0,
1.648076e+08,
0,
0,
2.116449e+08,
1.946128e+08,
0,
0,
6.518751e+07,
3.577682e+07,
0,
0,
5.593666e+08,
5.498988e+08,
0,
0,
2.32704e+08,
1.04024e+08,
0,
0,
6.834683e+09,
1.185103e+09,
0,
0,
2.273668e+07,
2.273668e+07,
0,
0,
1.509853e+09,
1.193427e+10,
0,
0,
2.736734e+09,
1.408917e+09,
0,
0,
5.058386e+08,
1.020064e+08,
0,
0,
1.427254e+08,
6.865246e+07,
0,
0,
1.241754e+08,
1.241754e+08,
0,
0,
9.308067e+08,
6.235357e+07,
0,
0,
1.564759e+07,
5.660271e+08,
0,
0,
2.03585e+10,
2.701133e+10,
2048, 
0,
0,
5.477016e+08,
2.53237e+08,
0,
0,
1.420388e+09,
3.016102e+09,
0,
0,
0,
6.397849e+08,
0,
0,
4.489031e+08,
2.036645e+08,
0,
0,
1.1822e+09,
1.1822e+09,
0,
0,
0,
1.468721e+09,
0,
0,
5.805e+08,
4.32324e+08,
0,
0,
1.280679e+09,
1.92263e+09,
0,
0,
6.428565e+08,
7.885286e+08,
0,
0,
0,
2.041232e+08,
0,
0,
3.731692e+08,
4.648551e+08,
0,
0,
0,
1.056241e+09,
0,
0,
0,
1.652051e+08,
0,
0,
2.147336e+08,
2.074852e+08,
0,
0,
6.551621e+07,
3.59892e+07,
0,
0,
5.607177e+08,
5.511697e+08,
0,
0,
2.403819e+08,
1.094953e+08,
0,
0,
6.860895e+09,
1.186754e+09,
0,
0,
6.959107e+07,
4.966577e+07,
0,
0,
1.119614e+09,
1.232989e+10,
0,
0,
2.668577e+09,
1.106286e+09,
0,
0,
5.004915e+08,
1.01923e+08,
0,
0,
6.72282e+07,
6.72282e+07,
0,
0,
1.260049e+08,
1.260049e+08,
0,
0,
8.749548e+08,
6.211073e+07,
0,
0,
1.621096e+07,
5.764257e+08,
0,
0,
1.986131e+10,
2.830805e+10,
2049, 
0,
0,
5.51068e+08,
2.539766e+08,
0,
0,
1.420815e+09,
3.217296e+09,
0,
0,
0,
6.612308e+08,
0,
0,
4.381985e+08,
2.191874e+08,
0,
0,
1.202329e+09,
1.202329e+09,
0,
0,
0,
1.486425e+09,
0,
0,
5.971165e+08,
4.482281e+08,
0,
0,
1.229764e+09,
2.005135e+09,
0,
0,
6.60631e+08,
7.895872e+08,
0,
0,
0,
2.277774e+08,
0,
0,
3.678746e+08,
4.747289e+08,
0,
0,
0,
1.059089e+09,
0,
0,
0,
1.656029e+08,
0,
0,
2.497512e+08,
2.42797e+08,
0,
0,
8.905387e+07,
5.941044e+07,
0,
0,
5.76066e+08,
8.397248e+08,
0,
0,
2.480697e+08,
1.149737e+08,
0,
0,
6.887149e+09,
1.188391e+09,
0,
0,
7.574722e+07,
1.181156e+08,
0,
0,
6.869738e+08,
1.276791e+10,
0,
0,
1.976141e+09,
3.63053e+08,
0,
0,
1.666798e+09,
1.018233e+08,
0,
0,
6.580202e+07,
6.580202e+07,
0,
0,
1.562985e+08,
1.562985e+08,
0,
0,
1.090996e+09,
6.186817e+07,
0,
0,
1.678453e+07,
5.86828e+08,
0,
0,
2.025343e+10,
2.887759e+10,
2050, 
0,
0,
5.544384e+08,
2.547169e+08,
0,
0,
1.421241e+09,
3.354878e+09,
0,
0,
0,
6.827041e+08,
0,
0,
4.272572e+08,
2.349526e+08,
0,
0,
1.222484e+09,
1.222484e+09,
0,
0,
0,
1.50415e+09,
0,
0,
5.923113e+08,
4.427098e+08,
0,
0,
1.269321e+09,
2.165506e+09,
0,
0,
6.786545e+08,
7.904199e+08,
0,
0,
0,
2.402424e+08,
0,
0,
3.625164e+08,
4.846714e+08,
0,
0,
0,
1.061941e+09,
0,
0,
0,
1.660011e+08,
0,
0,
2.608892e+08,
2.604159e+08,
0,
0,
8.96395e+07,
5.987951e+07,
0,
0,
5.775357e+08,
8.420471e+08,
0,
0,
2.557673e+08,
1.204591e+08,
0,
0,
6.913445e+09,
1.190016e+09,
0,
0,
1.178361e+08,
1.514565e+08,
0,
0,
4.49751e+08,
1.348631e+10,
0,
0,
1.726977e+09,
3.173598e+08,
0,
0,
1.646672e+09,
1.017073e+08,
0,
0,
6.437392e+07,
6.437392e+07,
0,
0,
1.584753e+08,
1.584753e+08,
0,
0,
1.235719e+09,
6.162588e+07,
0,
0,
1.736831e+07,
7.235929e+08,
0,
0,
2.004267e+10,
3.01431e+10,
2051, 
0,
0,
5.560675e+08,
2.547808e+08,
0,
0,
1.416646e+09,
3.336251e+09,
0,
0,
0,
6.844195e+08,
0,
0,
4.287495e+08,
2.357751e+08,
0,
0,
1.352891e+09,
1.352891e+09,
0,
0,
0,
1.516056e+09,
0,
0,
6.269165e+08,
4.783761e+08,
0,
0,
1.470466e+09,
2.43537e+09,
0,
0,
6.29369e+08,
8.042367e+08,
0,
0,
0,
2.216996e+08,
0,
0,
3.631185e+08,
4.823056e+08,
0,
0,
0,
1.061856e+09,
0,
0,
0,
1.657558e+08,
0,
0,
2.228164e+08,
2.345239e+08,
0,
0,
8.947994e+07,
5.990677e+07,
0,
0,
5.851114e+08,
8.537679e+08,
0,
0,
2.581323e+08,
1.187356e+08,
0,
0,
6.701249e+09,
1.411382e+09,
0,
0,
8.47709e+07,
1.08207e+08,
0,
0,
5.237806e+08,
1.291843e+10,
0,
0,
2.45326e+09,
4.51068e+08,
0,
0,
1.53286e+09,
2.167738e+08,
0,
0,
6.47099e+07,
6.47099e+07,
0,
0,
1.601243e+08,
1.601243e+08,
0,
0,
1.671932e+09,
6.085115e+07,
0,
0,
4.745207e+07,
5.750209e+08,
0,
0,
2.12399e+10,
3.026327e+10,
2052, 
0,
0,
5.576964e+08,
2.548446e+08,
0,
0,
1.41205e+09,
3.317624e+09,
0,
0,
0,
6.861349e+08,
0,
0,
4.302407e+08,
2.365985e+08,
0,
0,
1.483298e+09,
1.483298e+09,
0,
0,
0,
1.527962e+09,
0,
0,
6.28766e+08,
4.812868e+08,
0,
0,
1.43052e+09,
2.504338e+09,
0,
0,
5.896172e+08,
8.085197e+08,
0,
0,
0,
2.082306e+08,
0,
0,
4.350203e+08,
5.112717e+08,
0,
0,
0,
1.061772e+09,
0,
0,
0,
2.248839e+08,
0,
0,
2.657101e+08,
2.632243e+08,
0,
0,
8.932039e+07,
5.993403e+07,
0,
0,
5.78404e+08,
5.685846e+08,
0,
0,
2.604972e+08,
1.170122e+08,
0,
0,
6.488877e+09,
1.632921e+09,
0,
0,
8.020866e+07,
3.796767e+07,
0,
0,
6.585604e+08,
1.27656e+10,
0,
0,
2.62979e+09,
1.161403e+09,
0,
0,
1.343641e+09,
3.133894e+08,
0,
0,
6.504588e+07,
6.504588e+07,
0,
0,
1.617733e+08,
1.617733e+08,
0,
0,
1.681834e+09,
6.004768e+07,
0,
0,
7.866042e+07,
6.804233e+08,
0,
0,
2.134953e+10,
3.119409e+10,
2053, 
0,
0,
5.593254e+08,
2.549084e+08,
0,
0,
1.407455e+09,
3.298997e+09,
0,
0,
0,
6.878504e+08,
0,
0,
4.31731e+08,
2.374229e+08,
0,
0,
1.613705e+09,
1.613705e+09,
0,
0,
0,
1.539867e+09,
0,
0,
6.24898e+08,
4.784799e+08,
0,
0,
1.384911e+09,
2.569522e+09,
0,
0,
5.593992e+08,
8.032689e+08,
0,
0,
0,
2.089616e+08,
0,
0,
6.085373e+08,
5.837658e+08,
0,
0,
0,
1.061687e+09,
0,
0,
0,
2.246363e+08,
0,
0,
2.264624e+08,
2.371535e+08,
0,
0,
8.916083e+07,
5.996129e+07,
0,
0,
5.858922e+08,
5.760216e+08,
0,
0,
2.628622e+08,
1.152887e+08,
0,
0,
6.276332e+09,
1.854635e+09,
0,
0,
5.088777e+07,
3.007708e+07,
0,
0,
6.161902e+08,
1.278991e+10,
0,
0,
2.757415e+09,
1.69893e+09,
0,
0,
8.621722e+08,
2.58397e+08,
0,
0,
1.333676e+08,
6.538187e+07,
0,
0,
1.634224e+08,
1.634224e+08,
0,
0,
1.949119e+09,
5.921548e+07,
0,
0,
1.109934e+08,
6.571516e+08,
0,
0,
2.127424e+10,
3.212862e+10,
2054, 
0,
0,
5.609545e+08,
2.549722e+08,
0,
0,
1.40286e+09,
3.28037e+09,
0,
0,
0,
6.895657e+08,
0,
0,
4.332202e+08,
2.382483e+08,
0,
0,
2.234078e+09,
2.234078e+09,
0,
0,
0,
1.551773e+09,
0,
0,
6.2103e+08,
4.756731e+08,
0,
0,
1.338855e+09,
2.635152e+09,
0,
0,
5.387151e+08,
7.884842e+08,
0,
0,
0,
2.096925e+08,
0,
0,
3.649248e+08,
4.752081e+08,
0,
0,
0,
1.061602e+09,
0,
0,
0,
2.243887e+08,
0,
0,
2.282945e+08,
2.384591e+08,
0,
0,
8.900127e+07,
5.998855e+07,
0,
0,
5.933791e+08,
5.834596e+08,
0,
0,
2.652272e+08,
1.135652e+08,
0,
0,
6.063611e+09,
2.076522e+09,
0,
0,
2.225494e+07,
2.225494e+07,
0,
0,
3.966701e+08,
1.299138e+10,
0,
0,
3.355929e+09,
1.76174e+09,
0,
0,
4.975846e+08,
1.026212e+08,
0,
0,
1.481451e+08,
1.20585e+08,
0,
0,
1.650714e+08,
1.650714e+08,
0,
0,
2.068299e+09,
5.835454e+07,
0,
0,
1.44451e+08,
5.016344e+08,
0,
0,
2.153256e+10,
3.291485e+10,
2055, 
0,
0,
5.625835e+08,
2.55036e+08,
0,
0,
1.398264e+09,
3.261743e+09,
0,
0,
0,
6.912811e+08,
0,
0,
4.347085e+08,
2.390747e+08,
0,
0,
2.465644e+09,
2.465644e+09,
0,
0,
0,
1.563679e+09,
0,
0,
6.17162e+08,
4.728662e+08,
0,
0,
1.292352e+09,
2.701229e+09,
0,
0,
5.275649e+08,
7.641658e+08,
0,
0,
0,
2.226389e+08,
0,
0,
3.655269e+08,
4.728423e+08,
0,
0,
0,
1.061518e+09,
0,
0,
0,
1.647742e+08,
0,
0,
2.301328e+08,
2.397586e+08,
0,
0,
8.884171e+07,
6.001582e+07,
0,
0,
6.008648e+08,
5.908989e+08,
0,
0,
2.675921e+08,
1.118417e+08,
0,
0,
5.850718e+09,
2.298584e+09,
0,
0,
2.206601e+07,
2.206601e+07,
0,
0,
0,
1.337e+10,
0,
0,
3.553339e+09,
1.824165e+09,
0,
0,
4.919812e+08,
9.782403e+07,
0,
0,
3.277199e+08,
2.322024e+08,
0,
0,
1.621389e+08,
1.621389e+08,
0,
0,
2.079653e+09,
5.746486e+07,
0,
0,
1.790331e+08,
6.004911e+08,
0,
0,
2.151789e+10,
3.400394e+10,
2056, 
0,
0,
5.637196e+08,
2.54833e+08,
0,
0,
1.489986e+09,
3.165515e+09,
0,
0,
0,
6.93122e+08,
0,
0,
4.508412e+08,
2.253773e+08,
0,
0,
2.49933e+09,
2.49933e+09,
0,
0,
0,
1.575155e+09,
0,
0,
6.133099e+08,
4.700752e+08,
0,
0,
1.309809e+09,
2.700996e+09,
0,
0,
5.824814e+08,
7.250418e+08,
0,
0,
0,
2.389063e+08,
0,
0,
3.664653e+08,
5.757299e+08,
0,
0,
4.459049e+07,
1.015275e+09,
0,
0,
0,
1.645193e+08,
0,
0,
2.23902e+08,
2.497688e+08,
0,
0,
8.868214e+07,
6.004306e+07,
0,
0,
6.06286e+08,
5.962642e+08,
0,
0,
2.67783e+08,
1.120571e+08,
0,
0,
5.846581e+09,
2.309436e+09,
0,
0,
2.209055e+07,
2.209055e+07,
0,
0,
0,
1.33512e+10,
0,
0,
3.332034e+09,
1.994567e+09,
0,
0,
5.978174e+08,
1.176248e+08,
0,
0,
3.242965e+08,
2.312743e+08,
0,
0,
1.379984e+08,
1.379984e+08,
0,
0,
2.028e+09,
1.046458e+08,
0,
0,
1.455607e+08,
6.503179e+08,
0,
0,
2.154156e+10,
3.424116e+10,
2057, 
0,
0,
5.648557e+08,
2.5463e+08,
0,
0,
1.581529e+09,
3.069466e+09,
0,
0,
0,
6.949629e+08,
0,
0,
4.590079e+08,
2.196459e+08,
0,
0,
2.533016e+09,
2.533016e+09,
0,
0,
0,
1.586631e+09,
0,
0,
6.094578e+08,
4.672842e+08,
0,
0,
1.327356e+09,
2.700672e+09,
0,
0,
6.80508e+08,
7.873564e+08,
0,
0,
0,
2.546995e+08,
0,
0,
3.757677e+08,
6.821299e+08,
0,
0,
8.915773e+07,
9.690564e+08,
0,
0,
0,
2.235411e+08,
0,
0,
2.174915e+08,
2.599589e+08,
0,
0,
8.852256e+07,
6.00703e+07,
0,
0,
6.117068e+08,
6.016299e+08,
0,
0,
2.67974e+08,
1.122724e+08,
0,
0,
5.842426e+09,
2.320307e+09,
0,
0,
4.988538e+07,
2.978363e+07,
0,
0,
0,
1.333239e+10,
0,
0,
3.121259e+09,
2.163527e+09,
0,
0,
7.040179e+08,
1.370613e+08,
0,
0,
3.208871e+08,
2.303322e+08,
0,
0,
1.619073e+08,
1.619073e+08,
0,
0,
1.97656e+09,
1.516143e+08,
0,
0,
1.109212e+08,
6.945685e+08,
0,
0,
2.169421e+10,
3.469851e+10,
2058, 
0,
0,
5.659917e+08,
2.54427e+08,
0,
0,
1.672895e+09,
2.973594e+09,
0,
0,
0,
6.968038e+08,
0,
0,
4.592087e+08,
2.218804e+08,
0,
0,
2.566702e+09,
2.566702e+09,
0,
0,
0,
1.598108e+09,
0,
0,
6.056056e+08,
4.644932e+08,
0,
0,
1.344994e+09,
2.700257e+09,
0,
0,
7.413356e+08,
8.662803e+08,
0,
0,
0,
2.479784e+08,
0,
0,
3.683423e+08,
7.815051e+08,
0,
0,
1.337017e+08,
9.228607e+08,
0,
0,
0,
1.640093e+08,
0,
0,
2.109012e+08,
2.703286e+08,
0,
0,
8.836298e+07,
6.009754e+07,
0,
0,
6.171272e+08,
6.06996e+08,
0,
0,
2.681649e+08,
1.124878e+08,
0,
0,
5.838253e+09,
2.331196e+09,
0,
0,
4.991551e+07,
2.986168e+07,
0,
0,
0,
1.331359e+10,
0,
0,
2.980434e+09,
2.331045e+09,
0,
0,
8.105827e+08,
1.561335e+08,
0,
0,
3.174916e+08,
2.293762e+08,
0,
0,
1.64908e+08,
1.64908e+08,
0,
0,
1.925333e+09,
1.983703e+08,
0,
0,
7.511462e+07,
6.86801e+08,
0,
0,
2.180537e+10,
3.495009e+10,
2059, 
0,
0,
5.671278e+08,
2.54224e+08,
0,
0,
1.764082e+09,
2.8779e+09,
0,
0,
0,
6.986448e+08,
0,
0,
4.514436e+08,
2.320808e+08,
0,
0,
2.600387e+09,
2.600387e+09,
0,
0,
0,
1.609584e+09,
0,
0,
6.017535e+08,
4.617022e+08,
0,
0,
1.215355e+09,
2.606776e+09,
0,
0,
7.593231e+08,
8.520255e+08,
0,
0,
0,
2.490834e+08,
0,
0,
3.692808e+08,
8.843927e+08,
0,
0,
1.782225e+08,
8.766881e+08,
0,
0,
0,
1.637544e+08,
0,
0,
2.041312e+08,
2.808781e+08,
0,
0,
8.820341e+07,
6.012478e+07,
0,
0,
6.225471e+08,
6.123625e+08,
0,
0,
2.683558e+08,
1.127032e+08,
0,
0,
5.834061e+09,
2.342104e+09,
0,
0,
9.550538e+07,
9.105122e+07,
0,
0,
0,
1.329479e+10,
0,
0,
2.828062e+09,
2.497121e+09,
0,
0,
9.175117e+08,
1.748415e+08,
0,
0,
3.141101e+08,
2.284061e+08,
0,
0,
1.67947e+08,
1.67947e+08,
0,
0,
1.874318e+09,
2.449138e+08,
0,
0,
3.814086e+07,
6.487864e+08,
0,
0,
2.175987e+10,
3.512327e+10,
2060, 
0,
0,
5.682639e+08,
2.54021e+08,
0,
0,
1.855092e+09,
2.782384e+09,
0,
0,
0,
7.004857e+08,
0,
0,
4.357125e+08,
2.502472e+08,
0,
0,
2.634073e+09,
2.634073e+09,
0,
0,
0,
1.62106e+09,
0,
0,
5.979014e+08,
4.589112e+08,
0,
0,
9.838664e+08,
2.457176e+09,
0,
0,
7.773683e+08,
8.377129e+08,
0,
0,
0,
2.501885e+08,
0,
0,
3.702193e+08,
9.872803e+08,
0,
0,
2.2272e+08,
8.305388e+08,
0,
0,
0,
1.634994e+08,
0,
0,
1.971814e+08,
2.916074e+08,
0,
0,
8.804383e+07,
6.015202e+07,
0,
0,
6.279667e+08,
6.177294e+08,
0,
0,
2.685467e+08,
1.129185e+08,
0,
0,
5.829851e+09,
2.353029e+09,
0,
0,
1.311863e+08,
9.127202e+07,
0,
0,
0,
1.327598e+10,
0,
0,
2.651703e+09,
2.661755e+09,
0,
0,
1.024805e+09,
1.931852e+08,
0,
0,
3.107426e+08,
2.274222e+08,
0,
0,
1.698073e+08,
1.698073e+08,
0,
0,
1.823515e+09,
2.912448e+08,
0,
0,
0,
6.9517e+08,
0,
0,
2.156857e+10,
3.526885e+10,
2061, 
0,
0,
5.709216e+08,
2.543185e+08,
0,
0,
1.853925e+09,
2.782149e+09,
0,
0,
0,
6.991361e+08,
0,
0,
4.377512e+08,
2.513319e+08,
0,
0,
2.523909e+09,
2.523909e+09,
0,
0,
0,
1.630708e+09,
0,
0,
5.82791e+08,
4.671958e+08,
0,
0,
8.974674e+08,
2.42207e+09,
0,
0,
6.772047e+08,
7.665021e+08,
0,
0,
0,
2.464839e+08,
0,
0,
3.707258e+08,
9.89634e+08,
0,
0,
2.224082e+08,
8.280674e+08,
0,
0,
0,
1.617378e+08,
0,
0,
1.849667e+08,
3.060601e+08,
0,
0,
9.097681e+07,
5.704446e+07,
0,
0,
6.320773e+08,
6.217706e+08,
0,
0,
2.68744e+08,
1.132068e+08,
0,
0,
5.439476e+09,
2.737707e+09,
0,
0,
9.446581e+07,
9.028378e+07,
0,
0,
0,
1.325193e+10,
0,
0,
2.226651e+09,
2.693698e+09,
0,
0,
1.101972e+09,
6.647229e+08,
0,
0,
3.074323e+08,
2.262527e+08,
0,
0,
1.593204e+08,
1.824728e+08,
0,
0,
1.751268e+09,
3.599856e+08,
0,
0,
0,
7.030385e+08,
0,
0,
2.039445e+10,
3.603141e+10,
2062, 
0,
0,
5.735792e+08,
2.54616e+08,
0,
0,
1.852757e+09,
2.781914e+09,
0,
0,
0,
6.977864e+08,
0,
0,
4.3979e+08,
2.524166e+08,
0,
0,
2.265266e+09,
2.265266e+09,
0,
0,
0,
1.640357e+09,
0,
0,
5.665798e+08,
4.765812e+08,
0,
0,
8.208712e+08,
2.392821e+09,
0,
0,
5.907187e+08,
9.485194e+08,
0,
0,
0,
2.427793e+08,
0,
0,
3.712324e+08,
9.919879e+08,
0,
0,
2.220965e+08,
8.25596e+08,
0,
0,
0,
1.599762e+08,
0,
0,
1.725636e+08,
3.207011e+08,
0,
0,
9.390979e+07,
5.39369e+07,
0,
0,
6.361879e+08,
6.258117e+08,
0,
0,
2.689413e+08,
1.134951e+08,
0,
0,
5.109705e+09,
3.121633e+09,
0,
0,
7.596352e+07,
3.709855e+07,
0,
0,
0,
1.322788e+10,
0,
0,
2.121233e+09,
2.748965e+09,
0,
0,
1.178938e+09,
1.137553e+09,
0,
0,
3.041342e+08,
2.250711e+08,
0,
0,
1.498743e+08,
1.975973e+08,
0,
0,
1.679172e+09,
4.285742e+08,
0,
0,
0,
7.109068e+08,
0,
0,
1.949351e+10,
3.687984e+10,
2063, 
0,
0,
5.762369e+08,
2.549135e+08,
0,
0,
1.851589e+09,
2.781679e+09,
0,
0,
0,
6.964368e+08,
0,
0,
4.418286e+08,
2.535013e+08,
0,
0,
2.077654e+09,
2.077654e+09,
0,
0,
0,
1.650005e+09,
0,
0,
5.49268e+08,
4.870674e+08,
0,
0,
7.443507e+08,
2.363496e+09,
0,
0,
5.1791e+08,
6.746655e+08,
0,
0,
0,
2.390747e+08,
0,
0,
3.717388e+08,
9.943416e+08,
0,
0,
2.217848e+08,
7.782732e+08,
0,
0,
0,
1.582147e+08,
0,
0,
1.599722e+08,
3.355304e+08,
0,
0,
7.256715e+07,
2.655372e+07,
0,
0,
6.402984e+08,
6.298529e+08,
0,
0,
2.691386e+08,
1.137834e+08,
0,
0,
4.771331e+09,
3.504808e+09,
0,
0,
4.828572e+07,
2.91144e+07,
0,
0,
0,
1.320382e+10,
0,
0,
1.99249e+09,
2.827557e+09,
0,
0,
1.255703e+09,
1.611676e+09,
0,
0,
2.103712e+08,
2.238772e+08,
0,
0,
1.279524e+08,
1.663648e+08,
0,
0,
1.607229e+09,
4.970107e+08,
0,
0,
0,
7.187753e+08,
0,
0,
1.85077e+10,
3.729805e+10,
2064, 
0,
0,
5.788945e+08,
2.552109e+08,
0,
0,
1.850422e+09,
2.781445e+09,
0,
0,
0,
6.950872e+08,
0,
0,
4.438674e+08,
2.54586e+08,
0,
0,
2.102884e+09,
2.102884e+09,
0,
0,
0,
1.659653e+09,
0,
0,
5.308553e+08,
4.986542e+08,
0,
0,
6.679057e+08,
2.334096e+09,
0,
0,
4.58779e+08,
7.416584e+08,
0,
0,
0,
2.353701e+08,
0,
0,
3.722453e+08,
9.966954e+08,
0,
0,
2.21473e+08,
6.310289e+08,
0,
0,
0,
1.564531e+08,
0,
0,
1.471925e+08,
3.505481e+08,
0,
0,
7.543998e+07,
2.3386e+07,
0,
0,
6.444088e+08,
6.338941e+08,
0,
0,
2.693359e+08,
1.140717e+08,
0,
0,
4.462053e+09,
3.88723e+09,
0,
0,
2.127844e+07,
2.127844e+07,
0,
0,
0,
1.317977e+10,
0,
0,
1.840423e+09,
2.929473e+09,
0,
0,
1.058497e+09,
1.813322e+09,
0,
0,
2.078512e+08,
2.226712e+08,
0,
0,
1.226768e+08,
1.743746e+08,
0,
0,
1.535438e+09,
5.652951e+08,
0,
0,
0,
7.266438e+08,
0,
0,
1.761192e+10,
3.798478e+10,
2065, 
0,
0,
5.815521e+08,
2.555084e+08,
0,
0,
1.849254e+09,
2.78121e+09,
0,
0,
0,
6.937375e+08,
0,
0,
3.005697e+08,
2.556706e+08,
0,
0,
2.128115e+09,
2.128115e+09,
0,
0,
0,
1.669302e+09,
0,
0,
5.113418e+08,
5.113418e+08,
0,
0,
5.915363e+08,
2.304621e+09,
0,
0,
4.133253e+08,
8.172411e+08,
0,
0,
0,
2.316655e+08,
0,
0,
3.727519e+08,
9.990492e+08,
0,
0,
2.211613e+08,
6.233832e+08,
0,
0,
0,
1.546915e+08,
0,
0,
1.342244e+08,
3.657541e+08,
0,
0,
7.83128e+07,
2.021828e+07,
0,
0,
6.485193e+08,
6.379355e+08,
0,
0,
2.695332e+08,
1.1436e+08,
0,
0,
3.885492e+09,
4.268902e+09,
0,
0,
2.105088e+07,
2.105088e+07,
0,
0,
0,
1.272446e+10,
0,
0,
1.665032e+09,
3.054713e+09,
0,
0,
1.134588e+09,
2.289757e+09,
0,
0,
2.053434e+08,
2.214529e+08,
0,
0,
1.172809e+08,
1.825047e+08,
0,
0,
1.4638e+09,
6.334273e+08,
0,
0,
0,
7.345122e+08,
0,
0,
1.659278e+10,
3.869459e+10,
2066, 
0,
0,
5.857613e+08,
2.565934e+08,
0,
0,
1.850182e+09,
2.783623e+09,
0,
0,
0,
6.915675e+08,
0,
0,
3.020933e+08,
2.568632e+08,
0,
0,
2.15336e+09,
2.15336e+09,
0,
0,
0,
1.6784e+09,
0,
0,
5.078364e+08,
5.078364e+08,
0,
0,
4.724932e+08,
2.423588e+09,
0,
0,
3.92367e+08,
8.969757e+08,
0,
0,
0,
2.403116e+08,
0,
0,
3.737106e+08,
1.002464e+09,
0,
0,
2.208182e+08,
6.216415e+08,
0,
0,
0,
1.577237e+08,
0,
0,
1.345005e+08,
3.673564e+08,
0,
0,
7.725276e+07,
2.81651e+07,
0,
0,
7.207577e+08,
5.706748e+08,
0,
0,
2.631914e+08,
1.210739e+08,
0,
0,
3.723189e+09,
4.519771e+09,
0,
0,
2.092867e+07,
2.092867e+07,
0,
0,
0,
1.31288e+10,
0,
0,
1.703312e+09,
2.964021e+09,
0,
0,
1.052242e+09,
1.818849e+09,
0,
0,
2.028561e+08,
2.201093e+08,
0,
0,
1.18161e+08,
1.839011e+08,
0,
0,
1.463417e+09,
6.315448e+08,
0,
0,
0,
7.187775e+08,
0,
0,
1.633843e+10,
3.896492e+10,
2067, 
0,
0,
5.899706e+08,
2.576783e+08,
0,
0,
1.851109e+09,
2.786037e+09,
0,
0,
0,
6.893975e+08,
0,
0,
3.03617e+08,
2.580557e+08,
0,
0,
2.178606e+09,
2.178606e+09,
0,
0,
0,
1.687498e+09,
0,
0,
5.043311e+08,
5.043311e+08,
0,
0,
3.53818e+08,
2.542188e+09,
0,
0,
3.722932e+08,
9.354245e+08,
0,
0,
0,
2.489577e+08,
0,
0,
3.746694e+08,
1.005879e+09,
0,
0,
2.204751e+08,
6.198999e+08,
0,
0,
0,
1.504264e+08,
0,
0,
1.347766e+08,
3.689586e+08,
0,
0,
7.61903e+07,
3.611434e+07,
0,
0,
7.934036e+08,
5.030067e+08,
0,
0,
2.568708e+08,
1.277667e+08,
0,
0,
3.364921e+09,
4.770104e+09,
0,
0,
0,
0,
0,
0,
0,
1.26704e+10,
0,
0,
1.741618e+09,
2.873304e+09,
0,
0,
1.244474e+09,
1.62145e+09,
0,
0,
2.003799e+08,
2.187545e+08,
0,
0,
1.190412e+08,
1.852975e+08,
0,
0,
1.463029e+09,
6.296666e+08,
0,
0,
0,
7.030429e+08,
0,
0,
1.614359e+10,
3.857224e+10,
2068, 
0,
0,
5.941798e+08,
2.587632e+08,
0,
0,
1.852037e+09,
2.788451e+09,
0,
0,
0,
6.872274e+08,
0,
0,
3.051406e+08,
2.592482e+08,
0,
0,
2.203852e+09,
2.203852e+09,
0,
0,
0,
1.541844e+09,
0,
0,
5.008257e+08,
5.008257e+08,
0,
0,
2.355107e+08,
2.66042e+09,
0,
0,
3.531039e+08,
1.003224e+09,
0,
0,
0,
2.576039e+08,
0,
0,
3.756282e+08,
1.009294e+09,
0,
0,
2.20132e+08,
6.181582e+08,
0,
0,
0,
1.482939e+08,
0,
0,
1.350528e+08,
3.705609e+08,
0,
0,
7.512543e+07,
4.406601e+07,
0,
0,
8.664571e+08,
4.349311e+08,
0,
0,
2.505714e+08,
1.344382e+08,
0,
0,
3.10544e+09,
5.019901e+09,
0,
0,
0,
0,
0,
0,
0,
1.280973e+10,
0,
0,
1.779948e+09,
2.782561e+09,
0,
0,
1.43724e+09,
1.423516e+09,
0,
0,
1.979148e+08,
2.173886e+08,
0,
0,
1.199214e+08,
1.86694e+08,
0,
0,
1.462638e+09,
6.277927e+08,
0,
0,
0,
6.873082e+08,
0,
0,
1.607072e+10,
3.86761e+10,
2069, 
0,
0,
5.983891e+08,
2.598482e+08,
0,
0,
1.852964e+09,
2.790865e+09,
0,
0,
0,
6.850575e+08,
0,
0,
3.066643e+08,
2.604408e+08,
0,
0,
2.229098e+09,
2.229098e+09,
0,
0,
0,
1.346342e+09,
0,
0,
4.973203e+08,
4.973203e+08,
0,
0,
1.175714e+08,
2.778284e+09,
0,
0,
3.34799e+08,
1.060784e+09,
0,
0,
0,
2.6625e+08,
0,
0,
3.765869e+08,
1.012709e+09,
0,
0,
2.197889e+08,
6.164165e+08,
0,
0,
0,
1.461613e+08,
0,
0,
1.353289e+08,
3.655284e+08,
0,
0,
7.405814e+07,
5.20201e+07,
0,
0,
9.399178e+08,
3.664481e+08,
0,
0,
2.442933e+08,
1.410885e+08,
0,
0,
2.846494e+09,
5.269162e+09,
0,
0,
0,
0,
0,
0,
0,
1.279233e+10,
0,
0,
1.818304e+09,
2.691794e+09,
0,
0,
1.630539e+09,
1.225049e+09,
0,
0,
1.954609e+08,
2.160115e+08,
0,
0,
1.208016e+08,
1.880904e+08,
0,
0,
1.462242e+09,
6.259231e+08,
0,
0,
0,
6.715736e+08,
0,
0,
1.600062e+10,
3.855459e+10,
2070, 
0,
0,
6.025984e+08,
2.609331e+08,
0,
0,
1.853892e+09,
2.793278e+09,
0,
0,
0,
6.828874e+08,
0,
0,
3.08188e+08,
2.616333e+08,
0,
0,
2.254344e+09,
2.254344e+09,
0,
0,
0,
1.342421e+09,
0,
0,
4.938148e+08,
4.938148e+08,
0,
0,
0,
2.89578e+09,
0,
0,
3.173786e+08,
1.114871e+09,
0,
0,
0,
2.737904e+08,
0,
0,
3.775457e+08,
1.016124e+09,
0,
0,
2.194459e+08,
6.146749e+08,
0,
0,
0,
1.440288e+08,
0,
0,
1.35605e+08,
2.943786e+08,
0,
0,
7.298841e+07,
5.99766e+07,
0,
0,
1.013786e+09,
2.975576e+08,
0,
0,
2.380364e+08,
1.477176e+08,
0,
0,
2.588084e+09,
5.517889e+09,
0,
0,
0,
0,
0,
0,
0,
1.302115e+10,
0,
0,
1.856685e+09,
2.601001e+09,
0,
0,
1.553503e+09,
7.55177e+08,
0,
0,
2.192223e+08,
2.146233e+08,
0,
0,
1.216817e+08,
1.894868e+08,
0,
0,
1.461841e+09,
6.24058e+08,
0,
0,
0,
6.558389e+08,
0,
0,
1.568864e+10,
3.852743e+10,
2071, 
0,
0,
6.045532e+08,
2.617185e+08,
0,
0,
1.856251e+09,
2.796785e+09,
0,
0,
0,
6.774992e+08,
0,
0,
2.940226e+08,
2.773856e+08,
0,
0,
2.272203e+09,
2.272203e+09,
0,
0,
0,
1.317232e+09,
0,
0,
4.903232e+08,
4.903232e+08,
0,
0,
0,
2.894666e+09,
0,
0,
2.699722e+08,
1.16295e+09,
0,
0,
0,
2.696005e+08,
0,
0,
3.782981e+08,
1.015701e+09,
0,
0,
2.36966e+08,
5.933736e+08,
0,
0,
0,
1.428121e+08,
0,
0,
1.359695e+08,
2.948411e+08,
0,
0,
7.289248e+07,
5.997408e+07,
0,
0,
1.016161e+09,
2.985439e+08,
0,
0,
2.430708e+08,
1.527464e+08,
0,
0,
2.742541e+09,
5.35815e+09,
0,
0,
0,
0,
0,
0,
0,
1.198382e+10,
0,
0,
1.672804e+09,
2.720027e+09,
0,
0,
1.623631e+09,
1.229954e+09,
0,
0,
2.866732e+08,
2.074486e+08,
0,
0,
1.222172e+08,
1.903034e+08,
0,
0,
1.388526e+09,
7.021914e+08,
0,
0,
0,
6.626813e+08,
0,
0,
1.570707e+10,
3.803293e+10,
2072, 
0,
0,
6.065079e+08,
2.625039e+08,
0,
0,
1.85861e+09,
2.711545e+09,
0,
0,
0,
6.72111e+08,
0,
0,
2.797705e+08,
2.932245e+08,
0,
0,
2.290062e+09,
2.290062e+09,
0,
0,
0,
1.271033e+09,
0,
0,
4.868316e+08,
4.868316e+08,
0,
0,
0,
2.893552e+09,
0,
0,
2.221778e+08,
1.211417e+09,
0,
0,
0,
2.625855e+08,
0,
0,
3.790506e+08,
1.015277e+09,
0,
0,
2.542215e+08,
5.723368e+08,
0,
0,
0,
1.415955e+08,
0,
0,
1.36334e+08,
2.953036e+08,
0,
0,
7.279654e+07,
5.997155e+07,
0,
0,
1.018536e+09,
2.995302e+08,
0,
0,
2.481052e+08,
1.577751e+08,
0,
0,
2.896452e+09,
5.198957e+09,
0,
0,
0,
0,
0,
0,
0,
1.188874e+10,
0,
0,
1.493176e+09,
2.834798e+09,
0,
0,
1.422362e+09,
1.434388e+09,
0,
0,
2.949703e+08,
2.004668e+08,
0,
0,
1.227527e+08,
1.9112e+08,
0,
0,
1.314788e+09,
7.80747e+08,
0,
0,
0,
6.695236e+08,
0,
0,
1.53975e+10,
3.80954e+10,
2073, 
0,
0,
6.084627e+08,
2.632894e+08,
0,
0,
1.860969e+09,
2.495457e+09,
0,
0,
0,
6.667228e+08,
0,
0,
2.654319e+08,
3.0915e+08,
0,
0,
2.307921e+09,
2.307921e+09,
0,
0,
0,
1.263814e+09,
0,
0,
4.8334e+08,
4.8334e+08,
0,
0,
0,
2.892438e+09,
0,
0,
1.739952e+08,
1.260272e+09,
0,
0,
0,
2.477512e+08,
0,
0,
3.798031e+08,
1.014854e+09,
0,
0,
2.712125e+08,
5.515646e+08,
0,
0,
0,
1.403788e+08,
0,
0,
1.366985e+08,
2.95766e+08,
0,
0,
7.270061e+07,
5.996902e+07,
0,
0,
1.02091e+09,
3.005164e+08,
0,
0,
2.531396e+08,
1.628039e+08,
0,
0,
3.049816e+09,
5.04031e+09,
0,
0,
0,
0,
0,
0,
0,
1.159481e+10,
0,
0,
1.317802e+09,
2.945317e+09,
0,
0,
1.220567e+09,
1.639348e+09,
0,
0,
3.030744e+08,
1.93678e+08,
0,
0,
1.232882e+08,
1.919366e+08,
0,
0,
1.240627e+09,
8.597249e+08,
0,
0,
0,
6.76366e+08,
0,
0,
1.508976e+10,
3.78575e+10,
2074, 
0,
0,
6.104175e+08,
2.640748e+08,
0,
0,
1.863328e+09,
2.226876e+09,
0,
0,
0,
6.613346e+08,
0,
0,
2.510065e+08,
3.251623e+08,
0,
0,
2.32578e+09,
2.32578e+09,
0,
0,
0,
1.243848e+09,
0,
0,
4.798484e+08,
4.798484e+08,
0,
0,
0,
2.891323e+09,
0,
0,
1.254244e+08,
1.309516e+09,
0,
0,
0,
2.53714e+08,
0,
0,
3.805556e+08,
1.01443e+09,
0,
0,
2.879389e+08,
5.31057e+08,
0,
0,
0,
1.391621e+08,
0,
0,
1.370631e+08,
2.962285e+08,
0,
0,
7.260467e+07,
5.99665e+07,
0,
0,
1.023285e+09,
3.015027e+08,
0,
0,
2.581741e+08,
1.678326e+08,
0,
0,
3.202634e+09,
4.882209e+09,
0,
0,
0,
0,
0,
0,
0,
1.064793e+10,
0,
0,
1.146681e+09,
3.051582e+09,
0,
0,
1.21325e+09,
2.039839e+09,
0,
0,
2.286743e+08,
1.870821e+08,
0,
0,
1.238236e+08,
1.927532e+08,
0,
0,
1.166045e+09,
9.391251e+08,
0,
0,
0,
6.903085e+08,
0,
0,
1.489653e+10,
3.712249e+10,
2075, 
0,
0,
6.123723e+08,
2.648602e+08,
0,
0,
1.865687e+09,
1.963205e+09,
0,
0,
0,
6.559464e+08,
0,
0,
2.197567e+08,
3.245233e+08,
0,
0,
2.070582e+09,
2.070582e+09,
0,
0,
0,
1.240995e+09,
0,
0,
4.763567e+08,
4.763567e+08,
0,
0,
0,
2.89021e+09,
0,
0,
7.646556e+07,
1.359147e+09,
0,
0,
0,
2.073474e+08,
0,
0,
3.81308e+08,
1.014006e+09,
0,
0,
3.044009e+08,
5.108139e+08,
0,
0,
0,
1.379455e+08,
0,
0,
1.374276e+08,
2.966909e+08,
0,
0,
7.250874e+07,
5.996397e+07,
0,
0,
1.02566e+09,
3.02489e+08,
0,
0,
2.632085e+08,
1.728614e+08,
0,
0,
3.354907e+09,
4.724655e+09,
0,
0,
0,
0,
0,
0,
0,
1.057897e+10,
0,
0,
9.798129e+08,
3.153595e+09,
0,
0,
1.087197e+09,
2.322647e+09,
0,
0,
2.37106e+08,
1.806792e+08,
0,
0,
1.243591e+08,
1.935698e+08,
0,
0,
1.09104e+09,
1.018947e+09,
0,
0,
0,
6.900508e+08,
0,
0,
1.438015e+10,
3.681106e+10,
2076, 
0,
0,
6.143296e+08,
2.656584e+08,
0,
0,
1.866787e+09,
1.866787e+09,
0,
0,
0,
6.500703e+08,
0,
0,
2.06781e+08,
3.11922e+08,
0,
0,
2.036819e+09,
2.036819e+09,
0,
0,
0,
1.239705e+09,
0,
0,
4.728574e+08,
4.728574e+08,
0,
0,
0,
2.889493e+09,
0,
0,
7.772936e+07,
1.319481e+09,
0,
0,
0,
2.084254e+08,
0,
0,
3.815947e+08,
1.01194e+09,
0,
0,
3.049423e+08,
5.051559e+08,
0,
0,
0,
1.365823e+08,
0,
0,
1.37658e+08,
2.969455e+08,
0,
0,
7.245209e+07,
6.000074e+07,
0,
0,
1.02634e+09,
3.031604e+08,
0,
0,
2.631525e+08,
1.727997e+08,
0,
0,
3.090346e+09,
4.979355e+09,
0,
0,
0,
0,
0,
0,
0,
1.051035e+10,
0,
0,
9.17514e+08,
3.06361e+09,
0,
0,
8.735967e+08,
2.138835e+09,
0,
0,
2.34416e+08,
1.793426e+08,
0,
0,
1.246778e+08,
1.941243e+08,
0,
0,
1.100459e+09,
1.011006e+09,
0,
0,
0,
6.97061e+08,
0,
0,
1.380245e+10,
3.652149e+10,
2077, 
0,
0,
6.162869e+08,
2.664567e+08,
0,
0,
1.867887e+09,
1.867887e+09,
0,
0,
0,
5.576585e+08,
0,
0,
2.376617e+08,
3.431772e+08,
0,
0,
1.954718e+09,
1.954718e+09,
0,
0,
0,
1.261642e+09,
0,
0,
4.69358e+08,
4.69358e+08,
0,
0,
0,
2.888776e+09,
0,
0,
7.899502e+07,
1.279814e+09,
0,
0,
0,
2.095033e+08,
0,
0,
3.818814e+08,
1.009873e+09,
0,
0,
3.054417e+08,
4.995399e+08,
0,
0,
0,
1.352191e+08,
0,
0,
1.378884e+08,
2.972001e+08,
0,
0,
7.239545e+07,
6.00375e+07,
0,
0,
1.027021e+09,
3.038318e+08,
0,
0,
2.630965e+08,
1.72738e+08,
0,
0,
2.825179e+09,
5.234662e+09,
0,
0,
0,
0,
0,
0,
0,
1.017405e+10,
0,
0,
8.367018e+08,
2.99214e+09,
0,
0,
8.143801e+08,
2.050698e+09,
0,
0,
2.317314e+08,
1.780007e+08,
0,
0,
1.249965e+08,
1.946788e+08,
0,
0,
1.109866e+09,
1.003075e+09,
0,
0,
0,
7.040712e+08,
0,
0,
1.335549e+10,
3.610881e+10,
2078, 
0,
0,
6.182442e+08,
2.672549e+08,
0,
0,
1.868988e+09,
1.868988e+09,
0,
0,
0,
5.366272e+08,
0,
0,
2.362712e+08,
3.421612e+08,
0,
0,
1.947085e+09,
1.947085e+09,
0,
0,
0,
1.3049e+09,
0,
0,
4.658587e+08,
4.658587e+08,
0,
0,
0,
2.888059e+09,
0,
0,
8.026257e+07,
1.240144e+09,
0,
0,
0,
2.399406e+08,
0,
0,
3.821682e+08,
1.007806e+09,
0,
0,
3.058992e+08,
4.939658e+08,
0,
0,
0,
1.33856e+08,
0,
0,
1.381187e+08,
2.974546e+08,
0,
0,
7.23388e+07,
6.007427e+07,
0,
0,
1.027702e+09,
3.045032e+08,
0,
0,
2.630405e+08,
1.726764e+08,
0,
0,
2.559405e+09,
5.490576e+09,
0,
0,
0,
0,
0,
0,
0,
9.620068e+09,
0,
0,
7.373761e+08,
2.939182e+09,
0,
0,
8.138713e+08,
2.050623e+09,
0,
0,
2.290521e+08,
1.766534e+08,
0,
0,
1.253152e+08,
1.952333e+08,
0,
0,
1.11926e+09,
9.951571e+08,
0,
0,
0,
7.110814e+08,
0,
0,
1.299026e+10,
3.574993e+10,
2079, 
0,
0,
6.202015e+08,
2.680531e+08,
0,
0,
1.870087e+09,
1.870087e+09,
0,
0,
0,
5.31844e+08,
0,
0,
2.336262e+08,
3.398907e+08,
0,
0,
1.973718e+09,
1.973718e+09,
0,
0,
0,
1.318097e+09,
0,
0,
4.623594e+08,
4.623594e+08,
0,
0,
0,
2.887342e+09,
0,
0,
8.153198e+07,
1.200473e+09,
0,
0,
0,
2.534424e+08,
0,
0,
3.824549e+08,
1.00574e+09,
0,
0,
3.063147e+08,
4.884338e+08,
0,
0,
0,
1.324928e+08,
0,
0,
1.383491e+08,
2.977092e+08,
0,
0,
7.228216e+07,
6.011104e+07,
0,
0,
1.028383e+09,
3.051746e+08,
0,
0,
2.629845e+08,
1.726147e+08,
0,
0,
2.293025e+09,
5.747096e+09,
0,
0,
0,
0,
0,
0,
0,
9.20191e+09,
0,
0,
6.195372e+08,
2.904738e+09,
0,
0,
8.133626e+08,
2.050548e+09,
0,
0,
2.263782e+08,
1.753008e+08,
0,
0,
1.256338e+08,
1.957878e+08,
0,
0,
1.128643e+09,
9.872507e+08,
0,
0,
0,
7.180916e+08,
0,
0,
1.263887e+10,
3.55483e+10,
2080, 
0,
0,
6.221588e+08,
2.688513e+08,
0,
0,
1.871188e+09,
1.871188e+09,
0,
0,
0,
5.293941e+08,
0,
0,
2.394125e+08,
3.460515e+08,
0,
0,
1.991574e+09,
1.991574e+09,
0,
0,
0,
1.285074e+09,
0,
0,
4.5886e+08,
4.5886e+08,
0,
0,
0,
2.886625e+09,
0,
0,
8.280326e+07,
1.160799e+09,
0,
0,
0,
2.546984e+08,
0,
0,
3.827416e+08,
1.003673e+09,
0,
0,
3.066883e+08,
4.829437e+08,
0,
0,
0,
1.311296e+08,
0,
0,
1.385795e+08,
2.979637e+08,
0,
0,
7.222552e+07,
6.01478e+07,
0,
0,
1.029063e+09,
3.05846e+08,
0,
0,
2.629284e+08,
1.72553e+08,
0,
0,
2.026038e+09,
6.004223e+09,
0,
0,
0,
0,
0,
0,
0,
8.831464e+09,
0,
0,
4.831848e+08,
2.888808e+09,
0,
0,
8.128539e+08,
2.050473e+09,
0,
0,
2.237096e+08,
1.739429e+08,
0,
0,
1.259525e+08,
1.963423e+08,
0,
0,
1.138015e+09,
9.79356e+08,
0,
0,
0,
7.251018e+08,
0,
0,
1.226798e+10,
3.535708e+10,
2081, 
0,
0,
6.233213e+08,
2.694613e+08,
0,
0,
1.777499e+09,
1.966548e+09,
0,
0,
0,
5.45334e+08,
0,
0,
2.400222e+08,
3.469126e+08,
0,
0,
1.988489e+09,
1.988489e+09,
0,
0,
1.052951e+08,
1.223357e+09,
0,
0,
4.553484e+08,
4.553484e+08,
0,
0,
0,
2.881552e+09,
0,
0,
1.007195e+08,
1.143626e+09,
0,
0,
0,
2.403821e+08,
0,
0,
3.824963e+08,
1.00129e+09,
0,
0,
3.048747e+08,
4.814791e+08,
0,
0,
0,
1.290421e+08,
0,
0,
1.38775e+08,
2.983341e+08,
0,
0,
7.213426e+07,
6.014995e+07,
0,
0,
1.030523e+09,
3.063226e+08,
0,
0,
2.627322e+08,
1.72351e+08,
0,
0,
1.78012e+09,
6.240808e+09,
0,
0,
0,
0,
0,
0,
0,
8.897252e+09,
0,
0,
4.725119e+08,
2.829346e+09,
0,
0,
5.77314e+08,
1.812099e+09,
0,
0,
2.21037e+08,
1.723293e+08,
0,
0,
1.261399e+08,
1.967021e+08,
0,
0,
1.025784e+09,
1.092451e+09,
0,
0,
0,
7.327229e+08,
0,
0,
1.168514e+10,
3.548369e+10,
2082, 
0,
0,
6.244838e+08,
2.700713e+08,
0,
0,
1.683733e+09,
2.061986e+09,
0,
0,
0,
5.494625e+08,
0,
0,
2.406319e+08,
3.477738e+08,
0,
0,
1.9523e+09,
1.9523e+09,
0,
0,
2.107569e+08,
1.19517e+09,
0,
0,
4.518369e+08,
4.518369e+08,
0,
0,
0,
2.949198e+09,
0,
0,
1.013973e+08,
1.14369e+09,
0,
0,
0,
2.263158e+08,
0,
0,
3.82251e+08,
9.989074e+08,
0,
0,
3.030691e+08,
4.800067e+08,
0,
0,
0,
1.269546e+08,
0,
0,
1.389704e+08,
2.987045e+08,
0,
0,
7.204298e+07,
6.015209e+07,
0,
0,
1.031983e+09,
3.067992e+08,
0,
0,
2.625359e+08,
1.721491e+08,
0,
0,
1.535603e+09,
6.475994e+09,
0,
0,
1.928222e+07,
1.928222e+07,
0,
0,
0,
8.584371e+09,
0,
0,
4.618473e+08,
2.769876e+09,
0,
0,
5.138802e+08,
1.745832e+09,
0,
0,
2.183673e+08,
1.707128e+08,
0,
0,
1.263273e+08,
1.970619e+08,
0,
0,
9.174783e+08,
1.201622e+09,
0,
0,
0,
7.40344e+08,
0,
0,
1.124878e+10,
3.549657e+10,
2083, 
0,
0,
6.256463e+08,
2.706813e+08,
0,
0,
1.58989e+09,
2.157502e+09,
0,
0,
0,
5.519149e+08,
0,
0,
2.412415e+08,
3.486349e+08,
0,
0,
1.909694e+09,
1.909694e+09,
0,
0,
3.163854e+08,
1.159227e+09,
0,
0,
4.483252e+08,
4.483252e+08,
0,
0,
0,
2.9754e+09,
0,
0,
8.483666e+07,
1.108202e+09,
0,
0,
0,
2.272023e+08,
0,
0,
3.820057e+08,
9.965246e+08,
0,
0,
3.012714e+08,
4.785264e+08,
0,
0,
0,
1.248671e+08,
0,
0,
1.391659e+08,
2.990749e+08,
0,
0,
7.195173e+07,
6.015424e+07,
0,
0,
1.033443e+09,
3.072757e+08,
0,
0,
2.623396e+08,
1.719471e+08,
0,
0,
1.292486e+09,
6.709779e+09,
0,
0,
1.926869e+07,
1.926869e+07,
0,
0,
0,
8.187081e+09,
0,
0,
4.51191e+08,
2.710398e+09,
0,
0,
4.731124e+08,
1.702231e+09,
0,
0,
2.157005e+08,
1.690934e+08,
0,
0,
1.265148e+08,
1.974216e+08,
0,
0,
8.13097e+08,
1.306868e+09,
0,
0,
0,
7.479651e+08,
0,
0,
1.079757e+10,
3.534526e+10,
2084, 
0,
0,
6.268088e+08,
2.712913e+08,
0,
0,
1.49597e+09,
2.253094e+09,
0,
0,
0,
5.364855e+08,
0,
0,
2.418512e+08,
3.494961e+08,
0,
0,
2.05208e+09,
2.05208e+09,
0,
0,
4.221806e+08,
1.121414e+09,
0,
0,
4.448137e+08,
4.448137e+08,
0,
0,
0,
3.111514e+09,
0,
0,
5.103756e+07,
1.195535e+09,
0,
0,
0,
2.400714e+08,
0,
0,
3.817604e+08,
9.94142e+08,
0,
0,
2.994816e+08,
4.770381e+08,
0,
0,
0,
1.227796e+08,
0,
0,
1.393613e+08,
2.994454e+08,
0,
0,
7.186046e+07,
6.015638e+07,
0,
0,
1.034903e+09,
3.077523e+08,
0,
0,
2.621433e+08,
1.717452e+08,
0,
0,
1.050769e+09,
6.942165e+09,
0,
0,
1.925516e+07,
7.841051e+07,
0,
0,
0,
8.441565e+09,
0,
0,
4.405429e+08,
2.650911e+09,
0,
0,
2.674527e+08,
1.493738e+09,
0,
0,
2.130366e+08,
1.674711e+08,
0,
0,
1.267022e+08,
1.977814e+08,
0,
0,
6.983557e+08,
1.279631e+09,
0,
0,
0,
7.555862e+08,
0,
0,
1.034037e+10,
3.601611e+10,
2085, 
0,
0,
6.279713e+08,
2.719013e+08,
0,
0,
1.401972e+09,
2.348764e+09,
0,
0,
0,
4.226496e+08,
0,
0,
2.424609e+08,
3.503573e+08,
0,
0,
2.177182e+09,
2.177182e+09,
0,
0,
5.281426e+08,
1.225507e+09,
0,
0,
4.413021e+08,
4.413021e+08,
0,
0,
0,
3.009545e+09,
0,
0,
0,
1.247315e+09,
0,
0,
0,
2.438984e+08,
0,
0,
3.815151e+08,
9.917592e+08,
0,
0,
2.976997e+08,
4.755419e+08,
0,
0,
0,
1.20692e+08,
0,
0,
1.395568e+08,
2.998158e+08,
0,
0,
7.176919e+07,
6.015853e+07,
0,
0,
1.036363e+09,
3.082289e+08,
0,
0,
2.61947e+08,
1.715432e+08,
0,
0,
8.104513e+08,
7.17315e+09,
0,
0,
4.877823e+07,
1.078514e+08,
0,
0,
0,
8.550995e+09,
0,
0,
4.299031e+08,
2.591416e+09,
0,
0,
0,
1.223452e+09,
0,
0,
2.103756e+08,
1.658459e+08,
0,
0,
1.268896e+08,
1.981412e+08,
0,
0,
6.161078e+08,
1.167907e+09,
0,
0,
0,
7.632072e+08,
0,
0,
9.850387e+09,
3.610813e+10,
2086, 
0,
0,
6.293107e+08,
2.722331e+08,
0,
0,
1.402284e+09,
2.349941e+09,
0,
0,
0,
4.681437e+08,
0,
0,
2.68325e+08,
3.54783e+08,
0,
0,
2.251233e+09,
2.251233e+09,
0,
0,
5.284986e+08,
1.226427e+09,
0,
0,
4.378342e+08,
4.378342e+08,
0,
0,
0,
3.012569e+09,
0,
0,
0,
9.519733e+08,
0,
0,
0,
2.181973e+08,
0,
0,
3.810444e+08,
9.903113e+08,
0,
0,
2.955343e+08,
4.732699e+08,
0,
0,
0,
1.185132e+08,
0,
0,
1.39739e+08,
3.001152e+08,
0,
0,
7.502568e+07,
5.677362e+07,
0,
0,
9.640059e+08,
3.79909e+08,
0,
0,
2.568283e+08,
1.664189e+08,
0,
0,
1.000079e+09,
7.152521e+09,
0,
0,
4.846338e+07,
1.071099e+08,
0,
0,
0,
7.923715e+09,
0,
0,
4.19401e+08,
2.53309e+09,
0,
0,
2.664153e+08,
1.490098e+09,
0,
0,
1.094639e+08,
1.159472e+08,
0,
0,
1.269485e+08,
1.982476e+08,
0,
0,
5.368657e+08,
1.219323e+09,
0,
0,
0,
7.711219e+08,
0,
0,
1.01373e+10,
3.553982e+10,
2087, 
0,
0,
6.306501e+08,
2.72565e+08,
0,
0,
1.402596e+09,
2.398984e+09,
0,
0,
0,
4.377995e+08,
0,
0,
2.942242e+08,
3.591734e+08,
0,
0,
2.426262e+09,
2.426262e+09,
0,
0,
5.288546e+08,
1.227347e+09,
0,
0,
4.343663e+08,
4.343663e+08,
0,
0,
0,
3.015594e+09,
0,
0,
0,
9.537053e+08,
0,
0,
0,
2.187478e+08,
0,
0,
3.805736e+08,
9.888632e+08,
0,
0,
2.933786e+08,
4.709881e+08,
0,
0,
0,
1.163344e+08,
0,
0,
1.399212e+08,
3.004147e+08,
0,
0,
7.828216e+07,
5.338871e+07,
0,
0,
6.98329e+08,
3.259601e+08,
0,
0,
2.517096e+08,
1.612945e+08,
0,
0,
1.032474e+09,
6.974282e+09,
0,
0,
4.814852e+07,
1.063683e+08,
0,
0,
0,
7.83989e+09,
0,
0,
4.089114e+08,
2.47475e+09,
0,
0,
3.141538e+08,
1.538068e+09,
0,
0,
9.638984e+07,
5.449204e+07,
0,
0,
1.270073e+08,
1.98354e+08,
0,
0,
4.572211e+08,
1.300109e+09,
0,
0,
0,
7.790365e+08,
0,
0,
1.004345e+10,
3.542714e+10,
2088, 
0,
0,
6.319895e+08,
2.728968e+08,
0,
0,
1.402908e+09,
2.509184e+09,
0,
0,
0,
4.059305e+08,
0,
0,
3.201587e+08,
3.635287e+08,
0,
0,
2.560235e+09,
2.560235e+09,
0,
0,
5.292107e+08,
1.228268e+09,
0,
0,
4.308984e+08,
4.308984e+08,
0,
0,
0,
3.018619e+09,
0,
0,
0,
9.554375e+08,
0,
0,
0,
2.192984e+08,
0,
0,
3.801029e+08,
9.874153e+08,
0,
0,
2.912326e+08,
4.686967e+08,
0,
0,
0,
1.141555e+08,
0,
0,
1.401034e+08,
3.007141e+08,
0,
0,
8.153864e+07,
5.000381e+07,
0,
0,
6.829549e+08,
3.2565e+08,
0,
0,
2.465909e+08,
1.561701e+08,
0,
0,
1.104922e+09,
6.835719e+09,
0,
0,
4.783367e+07,
1.056268e+08,
0,
0,
0,
7.777372e+09,
0,
0,
3.984343e+08,
2.416399e+09,
0,
0,
2.726689e+08,
1.496815e+09,
0,
0,
5.365028e+07,
5.365028e+07,
0,
0,
1.270662e+08,
1.984604e+08,
0,
0,
3.771738e+08,
1.381297e+09,
0,
0,
0,
7.869512e+08,
0,
0,
1.007967e+10,
3.541939e+10,
2089, 
0,
0,
6.333289e+08,
2.732286e+08,
0,
0,
1.40322e+09,
2.575811e+09,
0,
0,
0,
4.003574e+08,
0,
0,
3.461284e+08,
3.678486e+08,
0,
0,
2.576377e+09,
2.576377e+09,
0,
0,
5.295667e+08,
1.229188e+09,
0,
0,
4.274306e+08,
4.274306e+08,
0,
0,
0,
3.021644e+09,
0,
0,
0,
9.571697e+08,
0,
0,
0,
2.198489e+08,
0,
0,
3.796321e+08,
9.859673e+08,
0,
0,
2.890962e+08,
4.663956e+08,
0,
0,
0,
1.119767e+08,
0,
0,
1.402856e+08,
3.010135e+08,
0,
0,
8.479512e+07,
4.66189e+07,
0,
0,
6.792248e+08,
3.395727e+08,
0,
0,
2.414722e+08,
1.510458e+08,
0,
0,
1.019772e+09,
6.539182e+09,
0,
0,
4.751882e+07,
1.048853e+08,
0,
0,
0,
7.714855e+09,
0,
0,
3.747836e+08,
2.357588e+09,
0,
0,
5.318542e+08,
1.756232e+09,
0,
0,
5.280852e+07,
5.280852e+07,
0,
0,
1.271251e+08,
1.985669e+08,
0,
0,
2.967239e+08,
1.462887e+09,
0,
0,
0,
7.948659e+08,
0,
0,
1.018114e+10,
3.543337e+10,
2090, 
0,
0,
6.346684e+08,
2.735604e+08,
0,
0,
1.403533e+09,
2.597685e+09,
0,
0,
0,
3.947844e+08,
0,
0,
3.721334e+08,
3.721334e+08,
0,
0,
2.488092e+09,
2.488092e+09,
0,
0,
5.299228e+08,
1.098294e+09,
0,
0,
3.386314e+08,
3.386314e+08,
0,
0,
0,
3.024669e+09,
0,
0,
0,
9.589016e+08,
0,
0,
0,
2.203995e+08,
0,
0,
3.791614e+08,
9.845193e+08,
0,
0,
2.869695e+08,
4.640848e+08,
0,
0,
0,
1.097979e+08,
0,
0,
1.404678e+08,
3.01313e+08,
0,
0,
8.805161e+07,
4.323399e+07,
0,
0,
6.714123e+08,
3.561272e+08,
0,
0,
1.893168e+08,
9.888464e+07,
0,
0,
1.231584e+09,
6.53923e+09,
0,
0,
4.720397e+07,
1.041437e+08,
0,
0,
0,
7.650862e+09,
0,
0,
0,
2.286633e+09,
0,
0,
5.315287e+08,
2.287667e+09,
0,
0,
5.196675e+07,
5.196675e+07,
0,
0,
1.271839e+08,
1.271839e+08,
0,
0,
2.158714e+08,
1.54488e+09,
0,
0,
0,
8.027806e+08,
0,
0,
9.727699e+09,
3.552046e+10,
2091, 
0,
0,
6.344906e+08,
2.734621e+08,
0,
0,
1.402837e+09,
2.596669e+09,
0,
0,
1.998326e+07,
3.676205e+08,
0,
0,
3.717124e+08,
3.717124e+08,
0,
0,
2.604616e+09,
2.604616e+09,
0,
0,
5.296234e+08,
1.093313e+09,
0,
0,
3.422248e+08,
3.422248e+08,
0,
0,
0,
3.033825e+09,
0,
0,
0,
9.614974e+08,
0,
0,
0,
2.211101e+08,
0,
0,
3.7819e+08,
9.817848e+08,
0,
0,
2.850733e+08,
4.624897e+08,
0,
0,
0,
1.078599e+08,
0,
0,
1.406985e+08,
3.016062e+08,
0,
0,
8.348946e+07,
4.76899e+07,
0,
0,
6.708154e+08,
3.549945e+08,
0,
0,
1.892732e+08,
9.883537e+07,
0,
0,
9.91143e+08,
6.77074e+09,
0,
0,
1.858193e+07,
4.673134e+07,
0,
0,
0,
7.581555e+09,
0,
0,
0,
2.233421e+09,
0,
0,
4.764058e+08,
2.331881e+09,
0,
0,
5.193379e+07,
5.193379e+07,
0,
0,
1.271711e+08,
1.987007e+08,
0,
0,
2.826915e+08,
1.418948e+09,
0,
0,
0,
8.104705e+08,
0,
0,
9.600955e+09,
3.566569e+10,
2092, 
0,
0,
6.34313e+08,
2.733639e+08,
0,
0,
1.402141e+09,
2.582903e+09,
0,
0,
3.933044e+07,
3.410927e+08,
0,
0,
3.677401e+08,
3.677401e+08,
0,
0,
2.616714e+09,
2.616714e+09,
0,
0,
5.293241e+08,
1.102103e+09,
0,
0,
3.322856e+08,
3.322856e+08,
0,
0,
0,
3.042981e+09,
0,
0,
0,
9.640931e+08,
0,
0,
0,
2.218207e+08,
0,
0,
3.772186e+08,
9.790504e+08,
0,
0,
2.831839e+08,
4.608878e+08,
0,
0,
0,
1.059219e+08,
0,
0,
1.409292e+08,
3.018995e+08,
0,
0,
7.894094e+07,
5.213216e+07,
0,
0,
6.702788e+08,
3.572918e+08,
0,
0,
1.892295e+08,
9.878608e+07,
0,
0,
7.477642e+08,
7.005188e+09,
0,
0,
1.842978e+07,
1.842978e+07,
0,
0,
0,
7.510772e+09,
0,
0,
0,
2.180209e+09,
0,
0,
4.217208e+08,
2.24046e+09,
0,
0,
5.190082e+07,
5.190082e+07,
0,
0,
1.271582e+08,
1.987282e+08,
0,
0,
3.495888e+08,
1.292939e+09,
0,
0,
0,
8.181604e+08,
0,
0,
9.378192e+09,
3.551785e+10,
2093, 
0,
0,
6.341352e+08,
2.732657e+08,
0,
0,
1.401446e+09,
2.56794e+09,
0,
0,
5.804156e+07,
3.152011e+08,
0,
0,
3.759214e+08,
3.759214e+08,
0,
0,
2.628812e+09,
2.628812e+09,
0,
0,
5.290246e+08,
1.200957e+09,
0,
0,
3.291127e+08,
3.291127e+08,
0,
0,
0,
3.052137e+09,
0,
0,
0,
9.666888e+08,
0,
0,
0,
2.348617e+08,
0,
0,
3.762472e+08,
9.763158e+08,
0,
0,
2.813014e+08,
4.592791e+08,
0,
0,
0,
7.043002e+07,
0,
0,
1.4116e+08,
3.021928e+08,
0,
0,
7.440604e+07,
5.65608e+07,
0,
0,
6.69743e+08,
3.595804e+08,
0,
0,
2.358499e+08,
1.454008e+08,
0,
0,
5.014472e+08,
7.242574e+09,
0,
0,
1.827762e+07,
1.827762e+07,
0,
0,
0,
7.439989e+09,
0,
0,
0,
2.126997e+09,
0,
0,
3.674734e+08,
2.418996e+09,
0,
0,
5.186786e+07,
5.186786e+07,
0,
0,
1.271453e+08,
1.987556e+08,
0,
0,
4.165631e+08,
1.166853e+09,
0,
0,
0,
8.258502e+08,
0,
0,
9.217974e+09,
3.580482e+10,
2094, 
0,
0,
6.339575e+08,
2.731674e+08,
0,
0,
1.40075e+09,
2.575717e+09,
0,
0,
7.61166e+07,
2.899454e+08,
0,
0,
3.77184e+08,
3.77184e+08,
0,
0,
2.640909e+09,
2.640909e+09,
0,
0,
5.287253e+08,
1.228778e+09,
0,
0,
3.732304e+08,
3.732304e+08,
0,
0,
0,
3.061293e+09,
0,
0,
0,
9.692845e+08,
0,
0,
0,
2.295728e+08,
0,
0,
3.752758e+08,
9.735814e+08,
0,
0,
3.091643e+08,
5.87696e+08,
0,
0,
0,
6.965571e+07,
0,
0,
1.413907e+08,
3.02486e+08,
0,
0,
6.988479e+07,
6.09758e+07,
0,
0,
6.717459e+08,
5.019441e+08,
0,
0,
2.35682e+08,
1.452273e+08,
0,
0,
2.521925e+08,
7.482898e+09,
0,
0,
0,
0,
0,
0,
0,
7.369206e+09,
0,
0,
0,
2.073785e+09,
0,
0,
3.136639e+08,
2.461897e+09,
0,
0,
5.18349e+07,
5.18349e+07,
0,
0,
1.271324e+08,
1.987831e+08,
0,
0,
4.836147e+08,
1.040689e+09,
0,
0,
0,
8.335401e+08,
0,
0,
9.062454e+09,
3.617328e+10,
2095, 
0,
0,
6.337798e+08,
2.730692e+08,
0,
0,
1.400054e+09,
2.596082e+09,
0,
0,
9.355558e+07,
2.653259e+08,
0,
0,
3.784467e+08,
3.784467e+08,
0,
0,
2.653006e+09,
2.653006e+09,
0,
0,
5.284259e+08,
1.250479e+09,
0,
0,
4.064749e+08,
4.064749e+08,
0,
0,
0,
3.070449e+09,
0,
0,
0,
9.718802e+08,
0,
0,
0,
2.239525e+08,
0,
0,
3.743044e+08,
9.708468e+08,
0,
0,
3.0675e+08,
5.857545e+08,
0,
0,
0,
6.888139e+07,
0,
0,
2.135124e+08,
3.114673e+08,
0,
0,
6.537717e+07,
6.537717e+07,
0,
0,
6.741186e+08,
6.61221e+08,
0,
0,
2.355142e+08,
1.450537e+08,
0,
0,
0,
7.903192e+09,
0,
0,
0,
0,
0,
0,
0,
7.298424e+09,
0,
0,
3.292909e+08,
2.033584e+09,
0,
0,
2.602921e+08,
2.504361e+09,
0,
0,
5.364026e+07,
5.561678e+07,
0,
0,
1.271196e+08,
1.988105e+08,
0,
0,
5.507434e+08,
9.144486e+08,
0,
0,
0,
8.4123e+08,
0,
0,
9.284406e+09,
3.664743e+10,
2096, 
0,
0,
6.330831e+08,
2.727712e+08,
0,
0,
1.398986e+09,
2.616245e+09,
0,
0,
9.197782e+07,
2.599158e+08,
0,
0,
3.798751e+08,
3.798751e+08,
0,
0,
2.704376e+09,
2.704376e+09,
0,
0,
5.280487e+08,
1.303045e+09,
0,
0,
4.029665e+08,
4.029665e+08,
0,
0,
0,
3.082997e+09,
0,
0,
0,
9.744476e+08,
0,
0,
0,
2.247591e+08,
0,
0,
3.737407e+08,
9.701939e+08,
0,
0,
3.040456e+08,
5.831949e+08,
0,
0,
0,
9.832669e+07,
0,
0,
1.994529e+08,
3.26362e+08,
0,
0,
6.078724e+07,
6.078724e+07,
0,
0,
6.734215e+08,
6.603754e+08,
0,
0,
2.353309e+08,
1.448648e+08,
0,
0,
0,
8.433897e+09,
0,
0,
0,
0,
0,
0,
0,
7.382189e+09,
0,
0,
3.196455e+08,
1.981567e+09,
0,
0,
2.589792e+08,
2.492654e+09,
0,
0,
6.308332e+07,
7.588646e+07,
0,
0,
1.269822e+08,
1.985978e+08,
0,
0,
5.520404e+08,
9.115942e+08,
0,
0,
0,
8.490796e+08,
0,
0,
9.306823e+09,
3.739097e+10,
2097, 
0,
0,
6.323863e+08,
2.724732e+08,
0,
0,
1.397918e+09,
2.637381e+09,
0,
0,
9.040007e+07,
2.545058e+08,
0,
0,
3.813036e+08,
3.813036e+08,
0,
0,
2.848214e+09,
2.848214e+09,
0,
0,
5.276716e+08,
1.372805e+09,
0,
0,
3.994581e+08,
3.994581e+08,
0,
0,
0,
3.095545e+09,
0,
0,
0,
9.77015e+08,
0,
0,
0,
2.255656e+08,
0,
0,
3.731771e+08,
9.695409e+08,
0,
0,
3.013541e+08,
5.806224e+08,
0,
0,
0,
9.654541e+07,
0,
0,
1.853485e+08,
3.413016e+08,
0,
0,
5.619731e+07,
5.619731e+07,
0,
0,
6.727242e+08,
6.595301e+08,
0,
0,
2.351477e+08,
1.446759e+08,
0,
0,
0,
8.721434e+09,
0,
0,
0,
0,
0,
0,
0,
7.489497e+09,
0,
0,
3.100304e+08,
1.929519e+09,
0,
0,
2.576663e+08,
2.480946e+09,
0,
0,
6.230238e+07,
7.493189e+07,
0,
0,
1.268448e+08,
1.98385e+08,
0,
0,
5.533386e+08,
9.087389e+08,
0,
0,
0,
8.569293e+08,
0,
0,
9.411483e+09,
3.797306e+10,
2098, 
0,
0,
6.316895e+08,
2.721753e+08,
0,
0,
1.39685e+09,
2.607957e+09,
0,
0,
8.882232e+07,
2.490958e+08,
0,
0,
3.82732e+08,
3.82732e+08,
0,
0,
3.064791e+09,
3.064791e+09,
0,
0,
5.272943e+08,
1.482027e+09,
0,
0,
3.959498e+08,
3.959498e+08,
0,
0,
0,
3.108093e+09,
0,
0,
0,
9.795825e+08,
0,
0,
0,
2.263722e+08,
0,
0,
3.726134e+08,
9.688881e+08,
0,
0,
2.986755e+08,
5.780369e+08,
0,
0,
0,
9.476413e+07,
0,
0,
1.711992e+08,
3.562862e+08,
0,
0,
5.160738e+07,
5.160738e+07,
0,
0,
6.720266e+08,
6.586851e+08,
0,
0,
2.349645e+08,
1.44487e+08,
0,
0,
0,
8.884896e+09,
0,
0,
0,
0,
0,
0,
0,
7.639002e+09,
0,
0,
3.004455e+08,
1.87744e+09,
0,
0,
2.563534e+08,
2.469239e+09,
0,
0,
8.132885e+07,
1.159599e+08,
0,
0,
1.267074e+08,
1.981722e+08,
0,
0,
5.546376e+08,
9.058824e+08,
0,
0,
0,
8.647789e+08,
0,
0,
9.608688e+09,
3.85769e+10,
2099, 
0,
0,
9.901082e+08,
2.718772e+08,
0,
0,
1.395782e+09,
2.49791e+09,
0,
0,
8.724457e+07,
2.436858e+08,
0,
0,
3.841604e+08,
3.841604e+08,
0,
0,
3.07478e+09,
3.07478e+09,
0,
0,
5.269171e+08,
1.572731e+09,
0,
0,
3.924414e+08,
3.924414e+08,
0,
0,
0,
3.120642e+09,
0,
0,
0,
9.821499e+08,
0,
0,
0,
2.271788e+08,
0,
0,
3.720497e+08,
9.682351e+08,
0,
0,
2.960098e+08,
5.754386e+08,
0,
0,
0,
9.298285e+07,
0,
0,
1.57005e+08,
3.713156e+08,
0,
0,
4.701745e+07,
4.701745e+07,
0,
0,
6.713288e+08,
6.578403e+08,
0,
0,
2.347812e+08,
1.442981e+08,
0,
0,
0,
8.947535e+09,
0,
0,
0,
0,
0,
0,
0,
7.481848e+09,
0,
0,
2.908909e+08,
1.825332e+09,
0,
0,
2.550404e+08,
2.457532e+09,
0,
0,
9.960693e+07,
1.559847e+08,
0,
0,
1.265701e+08,
1.979595e+08,
0,
0,
5.559377e+08,
1.064417e+09,
0,
0,
0,
8.726285e+08,
0,
0,
9.957671e+09,
3.862792e+10,
2100, 
0,
0,
9.890126e+08,
2.715793e+08,
0,
0,
1.394714e+09,
2.384491e+09,
0,
0,
8.566681e+07,
2.382758e+08,
0,
0,
3.855889e+08,
3.855889e+08,
0,
0,
3.157609e+09,
3.157609e+09,
0,
0,
5.265399e+08,
1.653812e+09,
0,
0,
3.889331e+08,
3.889331e+08,
0,
0,
0,
3.13319e+09,
0,
0,
0,
9.847174e+08,
0,
0,
0,
2.279854e+08,
0,
0,
3.71486e+08,
9.675821e+08,
0,
0,
2.93357e+08,
5.728274e+08,
0,
0,
0,
9.120157e+07,
0,
0,
1.427658e+08,
3.8639e+08,
0,
0,
4.242752e+07,
4.242752e+07,
0,
0,
6.706307e+08,
6.569957e+08,
0,
0,
2.34598e+08,
1.441092e+08,
0,
0,
0,
8.940215e+09,
0,
0,
0,
0,
0,
0,
0,
7.765507e+09,
0,
0,
2.813667e+08,
1.773193e+09,
0,
0,
2.537275e+08,
2.445825e+09,
0,
0,
1.581264e+08,
1.540164e+08,
0,
0,
1.264327e+08,
1.977467e+08,
0,
0,
5.572387e+08,
1.259803e+09,
0,
0,
0,
8.804782e+08,
0,
0,
1.006022e+10,
3.91045e+10];
