units/km,Hv,Mv,Lv
Substations,0.0169,0.0848,0.795250388
Transformers,0.0532,0.1033,0.795250388
