kg/kg oil,Steel,Concrete,Silicon,Aluminium,Copper
offshore,0.00088,0.00113,0.00000017,0.000104,0.00000001
onshore,0.00268,0.000678,9.96E-08,0.0000624,3.97E-09
