year,region,region_name,shipping_type,source,ton_km_mega
1971,1,CAN,international shipping,preprocessed,2348617.0
1971,2,USA,international shipping,preprocessed,5524689.0
1971,3,MEX,international shipping,preprocessed,186278.4
1971,4,RCAM,international shipping,preprocessed,992992.1
1971,5,BRA,international shipping,preprocessed,466195.0
1971,6,RSAM,international shipping,preprocessed,1031910.0
1971,7,NAF,international shipping,preprocessed,695029.8
1971,8,WAF,international shipping,preprocessed,787987.2
1971,9,EAF,international shipping,preprocessed,294694.4
1971,10,SAF,international shipping,preprocessed,616322.6
1971,11,WEU,international shipping,preprocessed,29693660.0
1971,12,CEU,international shipping,preprocessed,2478382.0
1971,13,TUR,international shipping,preprocessed,166566.4
1971,14,UKR,international shipping,preprocessed,265619.3
1971,15,STAN,international shipping,preprocessed,134534.4
1971,16,RUS,international shipping,preprocessed,817555.4
1971,17,ME,international shipping,preprocessed,2101300.0
1971,18,INDIA,international shipping,preprocessed,396472.5
1971,19,KOR,international shipping,preprocessed,200331.5
1971,20,CHN,international shipping,preprocessed,1140927.0
1971,21,SEAS,international shipping,preprocessed,869489.7
1971,22,INDO,international shipping,preprocessed,249849.6
1971,23,JAP,international shipping,preprocessed,3888686.0
1971,24,OCE,international shipping,preprocessed,778730.9
1971,25,RSAS,international shipping,preprocessed,191841.5
1971,26,RSAF,international shipping,preprocessed,461260.8
1971,27,Unused,international shipping,preprocessed,0.0
1971,28,World Total,international shipping,preprocessed,56779920.0
1972,1,CAN,international shipping,preprocessed,2441427.0
1972,2,USA,international shipping,preprocessed,5711827.0
1972,3,MEX,international shipping,preprocessed,189835.6
1972,4,RCAM,international shipping,preprocessed,967112.6
1972,5,BRA,international shipping,preprocessed,525097.0
1972,6,RSAM,international shipping,preprocessed,995056.5
1972,7,NAF,international shipping,preprocessed,732248.1
1972,8,WAF,international shipping,preprocessed,785749.3
1972,9,EAF,international shipping,preprocessed,280664.5
1972,10,SAF,international shipping,preprocessed,588087.9
1972,11,WEU,international shipping,preprocessed,31030960.0
1972,12,CEU,international shipping,preprocessed,2594502.0
1972,13,TUR,international shipping,preprocessed,187023.2
1972,14,UKR,international shipping,preprocessed,277885.8
1972,15,STAN,international shipping,preprocessed,140190.6
1972,16,RUS,international shipping,preprocessed,854707.9
1972,17,ME,international shipping,preprocessed,2089664.0
1972,18,INDIA,international shipping,preprocessed,381768.3
1972,19,KOR,international shipping,preprocessed,211627.4
1972,20,CHN,international shipping,preprocessed,1257498.0
1972,21,SEAS,international shipping,preprocessed,871572.0
1972,22,INDO,international shipping,preprocessed,292068.4
1972,23,JAP,international shipping,preprocessed,4102754.0
1972,24,OCE,international shipping,preprocessed,783914.8
1972,25,RSAS,international shipping,preprocessed,298255.7
1972,26,RSAF,international shipping,preprocessed,423636.2
1972,27,Unused,international shipping,preprocessed,0.0
1972,28,World Total,international shipping,preprocessed,59015130.0
1973,1,CAN,international shipping,preprocessed,2514837.0
1973,2,USA,international shipping,preprocessed,5874257.0
1973,3,MEX,international shipping,preprocessed,202795.2
1973,4,RCAM,international shipping,preprocessed,1041587.0
1973,5,BRA,international shipping,preprocessed,528637.2
1973,6,RSAM,international shipping,preprocessed,1077780.0
1973,7,NAF,international shipping,preprocessed,760511.5
1973,8,WAF,international shipping,preprocessed,840819.1
1973,9,EAF,international shipping,preprocessed,308652.8
1973,10,SAF,international shipping,preprocessed,647228.7
1973,11,WEU,international shipping,preprocessed,31510050.0
1973,12,CEU,international shipping,preprocessed,2644638.0
1973,13,TUR,international shipping,preprocessed,188069.1
1973,14,UKR,international shipping,preprocessed,282789.1
1973,15,STAN,international shipping,preprocessed,146249.5
1973,16,RUS,international shipping,preprocessed,868849.6
1973,17,ME,international shipping,preprocessed,2267467.0
1973,18,INDIA,international shipping,preprocessed,414359.3
1973,19,KOR,international shipping,preprocessed,218778.0
1973,20,CHN,international shipping,preprocessed,1275075.0
1973,21,SEAS,international shipping,preprocessed,928364.6
1973,22,INDO,international shipping,preprocessed,289722.1
1973,23,JAP,international shipping,preprocessed,4195291.0
1973,24,OCE,international shipping,preprocessed,827452.9
1973,25,RSAS,international shipping,preprocessed,260802.9
1973,26,RSAF,international shipping,preprocessed,477879.9
1973,27,Unused,international shipping,preprocessed,0.0
1973,28,World Total,international shipping,preprocessed,60592940.0
1974,1,CAN,international shipping,preprocessed,2368739.0
1974,2,USA,international shipping,preprocessed,5672515.0
1974,3,MEX,international shipping,preprocessed,197581.9
1974,4,RCAM,international shipping,preprocessed,987441.1
1974,5,BRA,international shipping,preprocessed,552821.1
1974,6,RSAM,international shipping,preprocessed,1014311.0
1974,7,NAF,international shipping,preprocessed,761970.4
1974,8,WAF,international shipping,preprocessed,815374.3
1974,9,EAF,international shipping,preprocessed,281297.0
1974,10,SAF,international shipping,preprocessed,607576.1
1974,11,WEU,international shipping,preprocessed,30947150.0
1974,12,CEU,international shipping,preprocessed,2580796.0
1974,13,TUR,international shipping,preprocessed,191934.4
1974,14,UKR,international shipping,preprocessed,276796.3
1974,15,STAN,international shipping,preprocessed,142734.3
1974,16,RUS,international shipping,preprocessed,849855.3
1974,17,ME,international shipping,preprocessed,2253147.0
1974,18,INDIA,international shipping,preprocessed,383562.1
1974,19,KOR,international shipping,preprocessed,240308.4
1974,20,CHN,international shipping,preprocessed,1330479.0
1974,21,SEAS,international shipping,preprocessed,934700.1
1974,22,INDO,international shipping,preprocessed,329959.1
1974,23,JAP,international shipping,preprocessed,4194551.0
1974,24,OCE,international shipping,preprocessed,807011.1
1974,25,RSAS,international shipping,preprocessed,282426.8
1974,26,RSAF,international shipping,preprocessed,437117.8
1974,27,Unused,international shipping,preprocessed,0.0
1974,28,World Total,international shipping,preprocessed,59442160.0
1975,1,CAN,international shipping,preprocessed,2044317.0
1975,2,USA,international shipping,preprocessed,5161042.0
1975,3,MEX,international shipping,preprocessed,181076.3
1975,4,RCAM,international shipping,preprocessed,953764.6
1975,5,BRA,international shipping,preprocessed,564067.9
1975,6,RSAM,international shipping,preprocessed,943972.1
1975,7,NAF,international shipping,preprocessed,795766.1
1975,8,WAF,international shipping,preprocessed,787367.4
1975,9,EAF,international shipping,preprocessed,233069.9
1975,10,SAF,international shipping,preprocessed,535065.9
1975,11,WEU,international shipping,preprocessed,27919640.0
1975,12,CEU,international shipping,preprocessed,2309525.0
1975,13,TUR,international shipping,preprocessed,186988.5
1975,14,UKR,international shipping,preprocessed,242322.1
1975,15,STAN,international shipping,preprocessed,125242.5
1975,16,RUS,international shipping,preprocessed,745040.3
1975,17,ME,international shipping,preprocessed,2637728.0
1975,18,INDIA,international shipping,preprocessed,333368.5
1975,19,KOR,international shipping,preprocessed,250865.3
1975,20,CHN,international shipping,preprocessed,1247240.0
1975,21,SEAS,international shipping,preprocessed,916394.6
1975,22,INDO,international shipping,preprocessed,373465.4
1975,23,JAP,international shipping,preprocessed,4028706.0
1975,24,OCE,international shipping,preprocessed,718035.0
1975,25,RSAS,international shipping,preprocessed,281974.1
1975,26,RSAF,international shipping,preprocessed,361392.8
1975,27,Unused,international shipping,preprocessed,0.0
1975,28,World Total,international shipping,preprocessed,54877440.0
1976,1,CAN,international shipping,preprocessed,1912075.0
1976,2,USA,international shipping,preprocessed,5157956.0
1976,3,MEX,international shipping,preprocessed,185882.2
1976,4,RCAM,international shipping,preprocessed,1066014.0
1976,5,BRA,international shipping,preprocessed,602406.9
1976,6,RSAM,international shipping,preprocessed,983404.0
1976,7,NAF,international shipping,preprocessed,924968.8
1976,8,WAF,international shipping,preprocessed,870508.4
1976,9,EAF,international shipping,preprocessed,225051.5
1976,10,SAF,international shipping,preprocessed,543152.5
1976,11,WEU,international shipping,preprocessed,27750610.0
1976,12,CEU,international shipping,preprocessed,2362740.0
1976,13,TUR,international shipping,preprocessed,200710.7
1976,14,UKR,international shipping,preprocessed,251696.5
1976,15,STAN,international shipping,preprocessed,130658.9
1976,16,RUS,international shipping,preprocessed,775860.7
1976,17,ME,international shipping,preprocessed,3343588.0
1976,18,INDIA,international shipping,preprocessed,345819.6
1976,19,KOR,international shipping,preprocessed,289009.4
1976,20,CHN,international shipping,preprocessed,1231507.0
1976,21,SEAS,international shipping,preprocessed,998751.9
1976,22,INDO,international shipping,preprocessed,436454.3
1976,23,JAP,international shipping,preprocessed,4140086.0
1976,24,OCE,international shipping,preprocessed,701659.8
1976,25,RSAS,international shipping,preprocessed,261667.7
1976,26,RSAF,international shipping,preprocessed,339176.9
1976,27,Unused,international shipping,preprocessed,0.0
1976,28,World Total,international shipping,preprocessed,56031420.0
1977,1,CAN,international shipping,preprocessed,1774238.0
1977,2,USA,international shipping,preprocessed,5031057.0
1977,3,MEX,international shipping,preprocessed,175711.3
1977,4,RCAM,international shipping,preprocessed,1136245.0
1977,5,BRA,international shipping,preprocessed,595700.8
1977,6,RSAM,international shipping,preprocessed,981355.2
1977,7,NAF,international shipping,preprocessed,1001262.0
1977,8,WAF,international shipping,preprocessed,942918.4
1977,9,EAF,international shipping,preprocessed,212244.5
1977,10,SAF,international shipping,preprocessed,490692.2
1977,11,WEU,international shipping,preprocessed,26241890.0
1977,12,CEU,international shipping,preprocessed,2283911.0
1977,13,TUR,international shipping,preprocessed,208942.6
1977,14,UKR,international shipping,preprocessed,247139.7
1977,15,STAN,international shipping,preprocessed,129550.3
1977,16,RUS,international shipping,preprocessed,764127.6
1977,17,ME,international shipping,preprocessed,4009230.0
1977,18,INDIA,international shipping,preprocessed,342863.2
1977,19,KOR,international shipping,preprocessed,315264.4
1977,20,CHN,international shipping,preprocessed,1123214.0
1977,21,SEAS,international shipping,preprocessed,1025804.0
1977,22,INDO,international shipping,preprocessed,465946.7
1977,23,JAP,international shipping,preprocessed,4060539.0
1977,24,OCE,international shipping,preprocessed,636372.9
1977,25,RSAS,international shipping,preprocessed,240572.9
1977,26,RSAF,international shipping,preprocessed,284629.3
1977,27,Unused,international shipping,preprocessed,0.0
1977,28,World Total,international shipping,preprocessed,54721420.0
1978,1,CAN,international shipping,preprocessed,1685043.0
1978,2,USA,international shipping,preprocessed,4992976.0
1978,3,MEX,international shipping,preprocessed,161727.0
1978,4,RCAM,international shipping,preprocessed,1125885.0
1978,5,BRA,international shipping,preprocessed,558217.2
1978,6,RSAM,international shipping,preprocessed,964258.6
1978,7,NAF,international shipping,preprocessed,1021837.0
1978,8,WAF,international shipping,preprocessed,999952.3
1978,9,EAF,international shipping,preprocessed,217058.1
1978,10,SAF,international shipping,preprocessed,435424.6
1978,11,WEU,international shipping,preprocessed,25941830.0
1978,12,CEU,international shipping,preprocessed,2312103.0
1978,13,TUR,international shipping,preprocessed,212126.9
1978,14,UKR,international shipping,preprocessed,260941.1
1978,15,STAN,international shipping,preprocessed,136974.9
1978,16,RUS,international shipping,preprocessed,807880.4
1978,17,ME,international shipping,preprocessed,4078954.0
1978,18,INDIA,international shipping,preprocessed,345884.1
1978,19,KOR,international shipping,preprocessed,351558.1
1978,20,CHN,international shipping,preprocessed,1080819.0
1978,21,SEAS,international shipping,preprocessed,1052362.0
1978,22,INDO,international shipping,preprocessed,476702.5
1978,23,JAP,international shipping,preprocessed,3955758.0
1978,24,OCE,international shipping,preprocessed,592855.9
1978,25,RSAS,international shipping,preprocessed,226068.8
1978,26,RSAF,international shipping,preprocessed,244761.5
1978,27,Unused,international shipping,preprocessed,0.0
1978,28,World Total,international shipping,preprocessed,54239960.0
1979,1,CAN,international shipping,preprocessed,1670997.0
1979,2,USA,international shipping,preprocessed,5252828.0
1979,3,MEX,international shipping,preprocessed,167431.5
1979,4,RCAM,international shipping,preprocessed,1108862.0
1979,5,BRA,international shipping,preprocessed,550465.6
1979,6,RSAM,international shipping,preprocessed,1000618.0
1979,7,NAF,international shipping,preprocessed,1048134.0
1979,8,WAF,international shipping,preprocessed,1043432.0
1979,9,EAF,international shipping,preprocessed,223819.8
1979,10,SAF,international shipping,preprocessed,414383.7
1979,11,WEU,international shipping,preprocessed,26970280.0
1979,12,CEU,international shipping,preprocessed,2333447.0
1979,13,TUR,international shipping,preprocessed,203227.6
1979,14,UKR,international shipping,preprocessed,269788.1
1979,15,STAN,international shipping,preprocessed,140915.3
1979,16,RUS,international shipping,preprocessed,832654.9
1979,17,ME,international shipping,preprocessed,4209206.0
1979,18,INDIA,international shipping,preprocessed,346071.4
1979,19,KOR,international shipping,preprocessed,418906.9
1979,20,CHN,international shipping,preprocessed,1172589.0
1979,21,SEAS,international shipping,preprocessed,1162229.0
1979,22,INDO,international shipping,preprocessed,499342.4
1979,23,JAP,international shipping,preprocessed,4151330.0
1979,24,OCE,international shipping,preprocessed,586421.3
1979,25,RSAS,international shipping,preprocessed,232424.3
1979,26,RSAF,international shipping,preprocessed,229542.9
1979,27,Unused,international shipping,preprocessed,0.0
1979,28,World Total,international shipping,preprocessed,56239340.0
1980,1,CAN,international shipping,preprocessed,1599598.0
1980,2,USA,international shipping,preprocessed,5346810.0
1980,3,MEX,international shipping,preprocessed,189541.0
1980,4,RCAM,international shipping,preprocessed,1049875.0
1980,5,BRA,international shipping,preprocessed,545193.2
1980,6,RSAM,international shipping,preprocessed,1036777.0
1980,7,NAF,international shipping,preprocessed,1063962.0
1980,8,WAF,international shipping,preprocessed,1017495.0
1980,9,EAF,international shipping,preprocessed,219337.0
1980,10,SAF,international shipping,preprocessed,435589.8
1980,11,WEU,international shipping,preprocessed,27765610.0
1980,12,CEU,international shipping,preprocessed,2318311.0
1980,13,TUR,international shipping,preprocessed,178520.5
1980,14,UKR,international shipping,preprocessed,274506.0
1980,15,STAN,international shipping,preprocessed,142548.9
1980,16,RUS,international shipping,preprocessed,843390.4
1980,17,ME,international shipping,preprocessed,4314008.0
1980,18,INDIA,international shipping,preprocessed,344689.8
1980,19,KOR,international shipping,preprocessed,463123.3
1980,20,CHN,international shipping,preprocessed,1262985.0
1980,21,SEAS,international shipping,preprocessed,1278981.0
1980,22,INDO,international shipping,preprocessed,505338.6
1980,23,JAP,international shipping,preprocessed,4166112.0
1980,24,OCE,international shipping,preprocessed,571149.8
1980,25,RSAS,international shipping,preprocessed,250886.9
1980,26,RSAF,international shipping,preprocessed,230240.7
1980,27,Unused,international shipping,preprocessed,0.0
1980,28,World Total,international shipping,preprocessed,57414580.0
1981,1,CAN,international shipping,preprocessed,1446215.0
1981,2,USA,international shipping,preprocessed,5068673.0
1981,3,MEX,international shipping,preprocessed,244896.4
1981,4,RCAM,international shipping,preprocessed,971914.8
1981,5,BRA,international shipping,preprocessed,531028.3
1981,6,RSAM,international shipping,preprocessed,993040.6
1981,7,NAF,international shipping,preprocessed,1023635.0
1981,8,WAF,international shipping,preprocessed,954092.3
1981,9,EAF,international shipping,preprocessed,192093.4
1981,10,SAF,international shipping,preprocessed,493811.0
1981,11,WEU,international shipping,preprocessed,26531170.0
1981,12,CEU,international shipping,preprocessed,2138538.0
1981,13,TUR,international shipping,preprocessed,156723.0
1981,14,UKR,international shipping,preprocessed,260049.5
1981,15,STAN,international shipping,preprocessed,133874.7
1981,16,RUS,international shipping,preprocessed,796321.6
1981,17,ME,international shipping,preprocessed,4408927.0
1981,18,INDIA,international shipping,preprocessed,329538.6
1981,19,KOR,international shipping,preprocessed,459980.1
1981,20,CHN,international shipping,preprocessed,1316955.0
1981,21,SEAS,international shipping,preprocessed,1328242.0
1981,22,INDO,international shipping,preprocessed,496425.3
1981,23,JAP,international shipping,preprocessed,3981439.0
1981,24,OCE,international shipping,preprocessed,533665.3
1981,25,RSAS,international shipping,preprocessed,254291.5
1981,26,RSAF,international shipping,preprocessed,240891.7
1981,27,Unused,international shipping,preprocessed,0.0
1981,28,World Total,international shipping,preprocessed,55286430.0
1982,1,CAN,international shipping,preprocessed,1241729.0
1982,2,USA,international shipping,preprocessed,4427279.0
1982,3,MEX,international shipping,preprocessed,283468.1
1982,4,RCAM,international shipping,preprocessed,852453.2
1982,5,BRA,international shipping,preprocessed,485828.8
1982,6,RSAM,international shipping,preprocessed,893970.3
1982,7,NAF,international shipping,preprocessed,918568.9
1982,8,WAF,international shipping,preprocessed,821632.4
1982,9,EAF,international shipping,preprocessed,158750.2
1982,10,SAF,international shipping,preprocessed,481995.9
1982,11,WEU,international shipping,preprocessed,22229910.0
1982,12,CEU,international shipping,preprocessed,1785674.0
1982,13,TUR,international shipping,preprocessed,148617.4
1982,14,UKR,international shipping,preprocessed,223806.1
1982,15,STAN,international shipping,preprocessed,115715.8
1982,16,RUS,international shipping,preprocessed,686934.9
1982,17,ME,international shipping,preprocessed,4233666.0
1982,18,INDIA,international shipping,preprocessed,290547.9
1982,19,KOR,international shipping,preprocessed,420920.8
1982,20,CHN,international shipping,preprocessed,1245762.0
1982,21,SEAS,international shipping,preprocessed,1252425.0
1982,22,INDO,international shipping,preprocessed,464966.9
1982,23,JAP,international shipping,preprocessed,3538610.0
1982,24,OCE,international shipping,preprocessed,470112.7
1982,25,RSAS,international shipping,preprocessed,227370.8
1982,26,RSAF,international shipping,preprocessed,226537.8
1982,27,Unused,international shipping,preprocessed,0.0
1982,28,World Total,international shipping,preprocessed,48127250.0
1983,1,CAN,international shipping,preprocessed,1128695.0
1983,2,USA,international shipping,preprocessed,4096341.0
1983,3,MEX,international shipping,preprocessed,306169.7
1983,4,RCAM,international shipping,preprocessed,806445.9
1983,5,BRA,international shipping,preprocessed,458830.9
1983,6,RSAM,international shipping,preprocessed,816551.6
1983,7,NAF,international shipping,preprocessed,874836.7
1983,8,WAF,international shipping,preprocessed,736198.1
1983,9,EAF,international shipping,preprocessed,137936.9
1983,10,SAF,international shipping,preprocessed,471266.6
1983,11,WEU,international shipping,preprocessed,19644330.0
1983,12,CEU,international shipping,preprocessed,1608811.0
1983,13,TUR,international shipping,preprocessed,163959.3
1983,14,UKR,international shipping,preprocessed,216670.3
1983,15,STAN,international shipping,preprocessed,112489.0
1983,16,RUS,international shipping,preprocessed,668090.0
1983,17,ME,international shipping,preprocessed,4056661.0
1983,18,INDIA,international shipping,preprocessed,281587.3
1983,19,KOR,international shipping,preprocessed,409570.7
1983,20,CHN,international shipping,preprocessed,1228638.0
1983,21,SEAS,international shipping,preprocessed,1237948.0
1983,22,INDO,international shipping,preprocessed,483233.5
1983,23,JAP,international shipping,preprocessed,3367139.0
1983,24,OCE,international shipping,preprocessed,447707.2
1983,25,RSAS,international shipping,preprocessed,213702.8
1983,26,RSAF,international shipping,preprocessed,221141.1
1983,27,Unused,international shipping,preprocessed,0.0
1983,28,World Total,international shipping,preprocessed,44194950.0
1984,1,CAN,international shipping,preprocessed,1212045.0
1984,2,USA,international shipping,preprocessed,4287999.0
1984,3,MEX,international shipping,preprocessed,318926.0
1984,4,RCAM,international shipping,preprocessed,806929.5
1984,5,BRA,international shipping,preprocessed,464877.7
1984,6,RSAM,international shipping,preprocessed,779142.9
1984,7,NAF,international shipping,preprocessed,886724.3
1984,8,WAF,international shipping,preprocessed,656153.9
1984,9,EAF,international shipping,preprocessed,137902.6
1984,10,SAF,international shipping,preprocessed,453449.4
1984,11,WEU,international shipping,preprocessed,19395760.0
1984,12,CEU,international shipping,preprocessed,1647493.0
1984,13,TUR,international shipping,preprocessed,192247.6
1984,14,UKR,international shipping,preprocessed,240088.2
1984,15,STAN,international shipping,preprocessed,125742.7
1984,16,RUS,international shipping,preprocessed,743450.2
1984,17,ME,international shipping,preprocessed,3875996.0
1984,18,INDIA,international shipping,preprocessed,292733.9
1984,19,KOR,international shipping,preprocessed,464864.4
1984,20,CHN,international shipping,preprocessed,1341257.0
1984,21,SEAS,international shipping,preprocessed,1351333.0
1984,22,INDO,international shipping,preprocessed,528892.3
1984,23,JAP,international shipping,preprocessed,3535429.0
1984,24,OCE,international shipping,preprocessed,460089.4
1984,25,RSAS,international shipping,preprocessed,226315.2
1984,26,RSAF,international shipping,preprocessed,214568.5
1984,27,Unused,international shipping,preprocessed,0.0
1984,28,World Total,international shipping,preprocessed,44640410.0
1985,1,CAN,international shipping,preprocessed,1379075.0
1985,2,USA,international shipping,preprocessed,4801011.0
1985,3,MEX,international shipping,preprocessed,325088.8
1985,4,RCAM,international shipping,preprocessed,813868.1
1985,5,BRA,international shipping,preprocessed,484857.6
1985,6,RSAM,international shipping,preprocessed,750856.9
1985,7,NAF,international shipping,preprocessed,914020.1
1985,8,WAF,international shipping,preprocessed,608595.8
1985,9,EAF,international shipping,preprocessed,144886.1
1985,10,SAF,international shipping,preprocessed,443948.3
1985,11,WEU,international shipping,preprocessed,20514680.0
1985,12,CEU,international shipping,preprocessed,1767885.0
1985,13,TUR,international shipping,preprocessed,228084.7
1985,14,UKR,international shipping,preprocessed,270013.7
1985,15,STAN,international shipping,preprocessed,141074.7
1985,16,RUS,international shipping,preprocessed,834883.4
1985,17,ME,international shipping,preprocessed,3575435.0
1985,18,INDIA,international shipping,preprocessed,317727.5
1985,19,KOR,international shipping,preprocessed,542222.6
1985,20,CHN,international shipping,preprocessed,1546020.0
1985,21,SEAS,international shipping,preprocessed,1509513.0
1985,22,INDO,international shipping,preprocessed,572538.0
1985,23,JAP,international shipping,preprocessed,3847886.0
1985,24,OCE,international shipping,preprocessed,495598.8
1985,25,RSAS,international shipping,preprocessed,248987.6
1985,26,RSAF,international shipping,preprocessed,209051.4
1985,27,Unused,international shipping,preprocessed,0.0
1985,28,World Total,international shipping,preprocessed,47287800.0
1986,1,CAN,international shipping,preprocessed,1539957.0
1986,2,USA,international shipping,preprocessed,5199225.0
1986,3,MEX,international shipping,preprocessed,339560.8
1986,4,RCAM,international shipping,preprocessed,753788.1
1986,5,BRA,international shipping,preprocessed,490458.9
1986,6,RSAM,international shipping,preprocessed,714518.7
1986,7,NAF,international shipping,preprocessed,904154.6
1986,8,WAF,international shipping,preprocessed,575073.8
1986,9,EAF,international shipping,preprocessed,142253.5
1986,10,SAF,international shipping,preprocessed,414410.2
1986,11,WEU,international shipping,preprocessed,20884110.0
1986,12,CEU,international shipping,preprocessed,1773549.0
1986,13,TUR,international shipping,preprocessed,254843.4
1986,14,UKR,international shipping,preprocessed,276394.4
1986,15,STAN,international shipping,preprocessed,143546.1
1986,16,RUS,international shipping,preprocessed,853344.9
1986,17,ME,international shipping,preprocessed,3048107.0
1986,18,INDIA,international shipping,preprocessed,322727.1
1986,19,KOR,international shipping,preprocessed,605797.9
1986,20,CHN,international shipping,preprocessed,1765418.0
1986,21,SEAS,international shipping,preprocessed,1539313.0
1986,22,INDO,international shipping,preprocessed,527474.9
1986,23,JAP,international shipping,preprocessed,4067258.0
1986,24,OCE,international shipping,preprocessed,500904.6
1986,25,RSAS,international shipping,preprocessed,260535.7
1986,26,RSAF,international shipping,preprocessed,201247.7
1986,27,Unused,international shipping,preprocessed,0.0
1986,28,World Total,international shipping,preprocessed,48097970.0
1987,1,CAN,international shipping,preprocessed,1553550.0
1987,2,USA,international shipping,preprocessed,5282393.0
1987,3,MEX,international shipping,preprocessed,320457.3
1987,4,RCAM,international shipping,preprocessed,664731.6
1987,5,BRA,international shipping,preprocessed,459925.2
1987,6,RSAM,international shipping,preprocessed,662690.3
1987,7,NAF,international shipping,preprocessed,801089.8
1987,8,WAF,international shipping,preprocessed,489083.8
1987,9,EAF,international shipping,preprocessed,138414.3
1987,10,SAF,international shipping,preprocessed,376191.2
1987,11,WEU,international shipping,preprocessed,21237270.0
1987,12,CEU,international shipping,preprocessed,1670828.0
1987,13,TUR,international shipping,preprocessed,255534.8
1987,14,UKR,international shipping,preprocessed,266420.4
1987,15,STAN,international shipping,preprocessed,137558.8
1987,16,RUS,international shipping,preprocessed,820979.3
1987,17,ME,international shipping,preprocessed,2525428.0
1987,18,INDIA,international shipping,preprocessed,306672.5
1987,19,KOR,international shipping,preprocessed,621212.6
1987,20,CHN,international shipping,preprocessed,1910083.0
1987,21,SEAS,international shipping,preprocessed,1417144.0
1987,22,INDO,international shipping,preprocessed,444505.2
1987,23,JAP,international shipping,preprocessed,4082197.0
1987,24,OCE,international shipping,preprocessed,491467.7
1987,25,RSAS,international shipping,preprocessed,248178.1
1987,26,RSAF,international shipping,preprocessed,184158.5
1987,27,Unused,international shipping,preprocessed,0.0
1987,28,World Total,international shipping,preprocessed,47368170.0
1988,1,CAN,international shipping,preprocessed,1634580.0
1988,2,USA,international shipping,preprocessed,5614237.0
1988,3,MEX,international shipping,preprocessed,324908.1
1988,4,RCAM,international shipping,preprocessed,636454.1
1988,5,BRA,international shipping,preprocessed,468030.3
1988,6,RSAM,international shipping,preprocessed,668674.6
1988,7,NAF,international shipping,preprocessed,783660.6
1988,8,WAF,international shipping,preprocessed,467864.7
1988,9,EAF,international shipping,preprocessed,148304.6
1988,10,SAF,international shipping,preprocessed,390244.0
1988,11,WEU,international shipping,preprocessed,24297840.0
1988,12,CEU,international shipping,preprocessed,1708925.0
1988,13,TUR,international shipping,preprocessed,283402.9
1988,14,UKR,international shipping,preprocessed,281967.7
1988,15,STAN,international shipping,preprocessed,145382.0
1988,16,RUS,international shipping,preprocessed,869813.9
1988,17,ME,international shipping,preprocessed,2125430.0
1988,18,INDIA,international shipping,preprocessed,318644.7
1988,19,KOR,international shipping,preprocessed,706976.2
1988,20,CHN,international shipping,preprocessed,2248941.0
1988,21,SEAS,international shipping,preprocessed,1485760.0
1988,22,INDO,international shipping,preprocessed,420304.3
1988,23,JAP,international shipping,preprocessed,4393504.0
1988,24,OCE,international shipping,preprocessed,517072.0
1988,25,RSAS,international shipping,preprocessed,255757.5
1988,26,RSAF,international shipping,preprocessed,197833.9
1988,27,Unused,international shipping,preprocessed,0.0
1988,28,World Total,international shipping,preprocessed,51394510.0
1989,1,CAN,international shipping,preprocessed,1623492.0
1989,2,USA,international shipping,preprocessed,5599763.0
1989,3,MEX,international shipping,preprocessed,316686.8
1989,4,RCAM,international shipping,preprocessed,575814.4
1989,5,BRA,international shipping,preprocessed,452605.5
1989,6,RSAM,international shipping,preprocessed,636384.1
1989,7,NAF,international shipping,preprocessed,721550.7
1989,8,WAF,international shipping,preprocessed,389307.8
1989,9,EAF,international shipping,preprocessed,150496.9
1989,10,SAF,international shipping,preprocessed,395801.5
1989,11,WEU,international shipping,preprocessed,25507140.0
1989,12,CEU,international shipping,preprocessed,1638851.0
1989,13,TUR,international shipping,preprocessed,279958.9
1989,14,UKR,international shipping,preprocessed,273598.8
1989,15,STAN,international shipping,preprocessed,141991.7
1989,16,RUS,international shipping,preprocessed,844844.4
1989,17,ME,international shipping,preprocessed,1786798.0
1989,18,INDIA,international shipping,preprocessed,307246.3
1989,19,KOR,international shipping,preprocessed,773082.9
1989,20,CHN,international shipping,preprocessed,2495662.0
1989,21,SEAS,international shipping,preprocessed,1577139.0
1989,22,INDO,international shipping,preprocessed,392673.2
1989,23,JAP,international shipping,preprocessed,4465400.0
1989,24,OCE,international shipping,preprocessed,520238.8
1989,25,RSAS,international shipping,preprocessed,243720.1
1989,26,RSAF,international shipping,preprocessed,194801.3
1989,27,Unused,international shipping,preprocessed,0.0
1989,28,World Total,international shipping,preprocessed,52305040.0
1990,1,CAN,international shipping,preprocessed,1715013.0
1990,2,USA,international shipping,preprocessed,5967994.0
1990,3,MEX,international shipping,preprocessed,366903.6
1990,4,RCAM,international shipping,preprocessed,556864.3
1990,5,BRA,international shipping,preprocessed,486435.6
1990,6,RSAM,international shipping,preprocessed,662465.3
1990,7,NAF,international shipping,preprocessed,751902.8
1990,8,WAF,international shipping,preprocessed,397551.9
1990,9,EAF,international shipping,preprocessed,152311.3
1990,10,SAF,international shipping,preprocessed,407280.0
1990,11,WEU,international shipping,preprocessed,27287160.0
1990,12,CEU,international shipping,preprocessed,1616849.0
1990,13,TUR,international shipping,preprocessed,301915.5
1990,14,UKR,international shipping,preprocessed,274282.7
1990,15,STAN,international shipping,preprocessed,142907.9
1990,16,RUS,international shipping,preprocessed,847743.3
1990,17,ME,international shipping,preprocessed,1830412.0
1990,18,INDIA,international shipping,preprocessed,328424.1
1990,19,KOR,international shipping,preprocessed,891013.5
1990,20,CHN,international shipping,preprocessed,2872496.0
1990,21,SEAS,international shipping,preprocessed,1892527.0
1990,22,INDO,international shipping,preprocessed,417885.2
1990,23,JAP,international shipping,preprocessed,4754283.0
1990,24,OCE,international shipping,preprocessed,581096.8
1990,25,RSAS,international shipping,preprocessed,249610.5
1990,26,RSAF,international shipping,preprocessed,213026.1
1990,27,Unused,international shipping,preprocessed,0.0
1990,28,World Total,international shipping,preprocessed,55966350.0
1991,1,CAN,international shipping,preprocessed,1758187.0
1991,2,USA,international shipping,preprocessed,6184693.0
1991,3,MEX,international shipping,preprocessed,416100.4
1991,4,RCAM,international shipping,preprocessed,522128.9
1991,5,BRA,international shipping,preprocessed,493472.9
1991,6,RSAM,international shipping,preprocessed,687077.3
1991,7,NAF,international shipping,preprocessed,748019.6
1991,8,WAF,international shipping,preprocessed,409877.8
1991,9,EAF,international shipping,preprocessed,147019.4
1991,10,SAF,international shipping,preprocessed,392740.1
1991,11,WEU,international shipping,preprocessed,28710540.0
1991,12,CEU,international shipping,preprocessed,1471879.0
1991,13,TUR,international shipping,preprocessed,319792.9
1991,14,UKR,international shipping,preprocessed,263805.4
1991,15,STAN,international shipping,preprocessed,138319.7
1991,16,RUS,international shipping,preprocessed,815218.2
1991,17,ME,international shipping,preprocessed,1904674.0
1991,18,INDIA,international shipping,preprocessed,348116.3
1991,19,KOR,international shipping,preprocessed,948179.2
1991,20,CHN,international shipping,preprocessed,3050611.0
1991,21,SEAS,international shipping,preprocessed,2196998.0
1991,22,INDO,international shipping,preprocessed,452323.6
1991,23,JAP,international shipping,preprocessed,4925048.0
1991,24,OCE,international shipping,preprocessed,609984.9
1991,25,RSAS,international shipping,preprocessed,252967.4
1991,26,RSAF,international shipping,preprocessed,221850.1
1991,27,Unused,international shipping,preprocessed,0.0
1991,28,World Total,international shipping,preprocessed,58389620.0
1992,1,CAN,international shipping,preprocessed,1828050.0
1992,2,USA,international shipping,preprocessed,6633884.0
1992,3,MEX,international shipping,preprocessed,488121.0
1992,4,RCAM,international shipping,preprocessed,521968.8
1992,5,BRA,international shipping,preprocessed,514829.3
1992,6,RSAM,international shipping,preprocessed,754282.2
1992,7,NAF,international shipping,preprocessed,742321.4
1992,8,WAF,international shipping,preprocessed,451996.1
1992,9,EAF,international shipping,preprocessed,143024.9
1992,10,SAF,international shipping,preprocessed,392959.8
1992,11,WEU,international shipping,preprocessed,31309850.0
1992,12,CEU,international shipping,preprocessed,1371212.0
1992,13,TUR,international shipping,preprocessed,354167.1
1992,14,UKR,international shipping,preprocessed,212968.4
1992,15,STAN,international shipping,preprocessed,112389.4
1992,16,RUS,international shipping,preprocessed,660625.1
1992,17,ME,international shipping,preprocessed,2102470.0
1992,18,INDIA,international shipping,preprocessed,367539.5
1992,19,KOR,international shipping,preprocessed,1048127.0
1992,20,CHN,international shipping,preprocessed,3409877.0
1992,21,SEAS,international shipping,preprocessed,2621244.0
1992,22,INDO,international shipping,preprocessed,537582.4
1992,23,JAP,international shipping,preprocessed,5302689.0
1992,24,OCE,international shipping,preprocessed,647551.0
1992,25,RSAS,international shipping,preprocessed,275431.9
1992,26,RSAF,international shipping,preprocessed,241126.1
1992,27,Unused,international shipping,preprocessed,0.0
1992,28,World Total,international shipping,preprocessed,63046290.0
1993,1,CAN,international shipping,preprocessed,1792776.0
1993,2,USA,international shipping,preprocessed,6670794.0
1993,3,MEX,international shipping,preprocessed,536250.4
1993,4,RCAM,international shipping,preprocessed,478304.5
1993,5,BRA,international shipping,preprocessed,506699.3
1993,6,RSAM,international shipping,preprocessed,810342.0
1993,7,NAF,international shipping,preprocessed,688723.2
1993,8,WAF,international shipping,preprocessed,450966.2
1993,9,EAF,international shipping,preprocessed,137838.4
1993,10,SAF,international shipping,preprocessed,374319.2
1993,11,WEU,international shipping,preprocessed,31929440.0
1993,12,CEU,international shipping,preprocessed,1251727.0
1993,13,TUR,international shipping,preprocessed,370911.2
1993,14,UKR,international shipping,preprocessed,170366.1
1993,15,STAN,international shipping,preprocessed,90947.41
1993,16,RUS,international shipping,preprocessed,528626.3
1993,17,ME,international shipping,preprocessed,2145731.0
1993,18,INDIA,international shipping,preprocessed,366301.3
1993,19,KOR,international shipping,preprocessed,1063688.0
1993,20,CHN,international shipping,preprocessed,3697066.0
1993,21,SEAS,international shipping,preprocessed,2864189.0
1993,22,INDO,international shipping,preprocessed,589953.3
1993,23,JAP,international shipping,preprocessed,5325518.0
1993,24,OCE,international shipping,preprocessed,624834.4
1993,25,RSAS,international shipping,preprocessed,290633.5
1993,26,RSAF,international shipping,preprocessed,241957.9
1993,27,Unused,international shipping,preprocessed,0.0
1993,28,World Total,international shipping,preprocessed,63998900.0
1994,1,CAN,international shipping,preprocessed,1863572.0
1994,2,USA,international shipping,preprocessed,7010902.0
1994,3,MEX,international shipping,preprocessed,596517.9
1994,4,RCAM,international shipping,preprocessed,484937.8
1994,5,BRA,international shipping,preprocessed,543698.7
1994,6,RSAM,international shipping,preprocessed,883755.1
1994,7,NAF,international shipping,preprocessed,660179.5
1994,8,WAF,international shipping,preprocessed,438062.4
1994,9,EAF,international shipping,preprocessed,137338.0
1994,10,SAF,international shipping,preprocessed,375207.8
1994,11,WEU,international shipping,preprocessed,31180580.0
1994,12,CEU,international shipping,preprocessed,1287186.0
1994,13,TUR,international shipping,preprocessed,400877.9
1994,14,UKR,international shipping,preprocessed,135665.4
1994,15,STAN,international shipping,preprocessed,74266.53
1994,16,RUS,international shipping,preprocessed,422390.0
1994,17,ME,international shipping,preprocessed,2156364.0
1994,18,INDIA,international shipping,preprocessed,369084.4
1994,19,KOR,international shipping,preprocessed,1115231.0
1994,20,CHN,international shipping,preprocessed,4233974.0
1994,21,SEAS,international shipping,preprocessed,3231863.0
1994,22,INDO,international shipping,preprocessed,651094.2
1994,23,JAP,international shipping,preprocessed,5537164.0
1994,24,OCE,international shipping,preprocessed,636221.4
1994,25,RSAS,international shipping,preprocessed,312013.5
1994,26,RSAF,international shipping,preprocessed,242042.9
1994,27,Unused,international shipping,preprocessed,0.0
1994,28,World Total,international shipping,preprocessed,64980190.0
1995,1,CAN,international shipping,preprocessed,1941695.0
1995,2,USA,international shipping,preprocessed,7337186.0
1995,3,MEX,international shipping,preprocessed,655868.4
1995,4,RCAM,international shipping,preprocessed,494205.4
1995,5,BRA,international shipping,preprocessed,596735.1
1995,6,RSAM,international shipping,preprocessed,952563.1
1995,7,NAF,international shipping,preprocessed,642829.4
1995,8,WAF,international shipping,preprocessed,407126.1
1995,9,EAF,international shipping,preprocessed,145906.6
1995,10,SAF,international shipping,preprocessed,374133.5
1995,11,WEU,international shipping,preprocessed,30660830.0
1995,12,CEU,international shipping,preprocessed,1362661.0
1995,13,TUR,international shipping,preprocessed,405452.8
1995,14,UKR,international shipping,preprocessed,124117.1
1995,15,STAN,international shipping,preprocessed,85975.57
1995,16,RUS,international shipping,preprocessed,486735.7
1995,17,ME,international shipping,preprocessed,2105901.0
1995,18,INDIA,international shipping,preprocessed,391875.2
1995,19,KOR,international shipping,preprocessed,1146467.0
1995,20,CHN,international shipping,preprocessed,4656948.0
1995,21,SEAS,international shipping,preprocessed,3634234.0
1995,22,INDO,international shipping,preprocessed,682739.9
1995,23,JAP,international shipping,preprocessed,5654100.0
1995,24,OCE,international shipping,preprocessed,655991.7
1995,25,RSAS,international shipping,preprocessed,322116.5
1995,26,RSAF,international shipping,preprocessed,235195.4
1995,27,Unused,international shipping,preprocessed,0.0
1995,28,World Total,international shipping,preprocessed,66159590.0
1996,1,CAN,international shipping,preprocessed,1999110.0
1996,2,USA,international shipping,preprocessed,7523355.0
1996,3,MEX,international shipping,preprocessed,676691.4
1996,4,RCAM,international shipping,preprocessed,510915.0
1996,5,BRA,international shipping,preprocessed,662144.7
1996,6,RSAM,international shipping,preprocessed,1003914.0
1996,7,NAF,international shipping,preprocessed,626749.4
1996,8,WAF,international shipping,preprocessed,392062.4
1996,9,EAF,international shipping,preprocessed,150677.1
1996,10,SAF,international shipping,preprocessed,378568.1
1996,11,WEU,international shipping,preprocessed,30449510.0
1996,12,CEU,international shipping,preprocessed,1475020.0
1996,13,TUR,international shipping,preprocessed,431117.6
1996,14,UKR,international shipping,preprocessed,139469.8
1996,15,STAN,international shipping,preprocessed,88735.98
1996,16,RUS,international shipping,preprocessed,540485.5
1996,17,ME,international shipping,preprocessed,1985602.0
1996,18,INDIA,international shipping,preprocessed,415242.5
1996,19,KOR,international shipping,preprocessed,1238544.0
1996,20,CHN,international shipping,preprocessed,4949951.0
1996,21,SEAS,international shipping,preprocessed,4099783.0
1996,22,INDO,international shipping,preprocessed,706865.3
1996,23,JAP,international shipping,preprocessed,5769185.0
1996,24,OCE,international shipping,preprocessed,670969.4
1996,25,RSAS,international shipping,preprocessed,328785.1
1996,26,RSAF,international shipping,preprocessed,223202.0
1996,27,Unused,international shipping,preprocessed,0.0
1996,28,World Total,international shipping,preprocessed,67436660.0
1997,1,CAN,international shipping,preprocessed,2035488.0
1997,2,USA,international shipping,preprocessed,7723967.0
1997,3,MEX,international shipping,preprocessed,729583.8
1997,4,RCAM,international shipping,preprocessed,514960.3
1997,5,BRA,international shipping,preprocessed,713710.9
1997,6,RSAM,international shipping,preprocessed,1067738.0
1997,7,NAF,international shipping,preprocessed,634572.1
1997,8,WAF,international shipping,preprocessed,398890.6
1997,9,EAF,international shipping,preprocessed,152083.8
1997,10,SAF,international shipping,preprocessed,382620.4
1997,11,WEU,international shipping,preprocessed,31583400.0
1997,12,CEU,international shipping,preprocessed,1618221.0
1997,13,TUR,international shipping,preprocessed,454717.7
1997,14,UKR,international shipping,preprocessed,163677.7
1997,15,STAN,international shipping,preprocessed,96460.61
1997,16,RUS,international shipping,preprocessed,619141.7
1997,17,ME,international shipping,preprocessed,1989478.0
1997,18,INDIA,international shipping,preprocessed,447154.4
1997,19,KOR,international shipping,preprocessed,1345825.0
1997,20,CHN,international shipping,preprocessed,5116294.0
1997,21,SEAS,international shipping,preprocessed,4479631.0
1997,22,INDO,international shipping,preprocessed,733241.7
1997,23,JAP,international shipping,preprocessed,5739700.0
1997,24,OCE,international shipping,preprocessed,699022.9
1997,25,RSAS,international shipping,preprocessed,341771.1
1997,26,RSAF,international shipping,preprocessed,223417.8
1997,27,Unused,international shipping,preprocessed,0.0
1997,28,World Total,international shipping,preprocessed,70004780.0
1998,1,CAN,international shipping,preprocessed,2064335.0
1998,2,USA,international shipping,preprocessed,7895866.0
1998,3,MEX,international shipping,preprocessed,789154.3
1998,4,RCAM,international shipping,preprocessed,526144.6
1998,5,BRA,international shipping,preprocessed,753565.8
1998,6,RSAM,international shipping,preprocessed,1131683.0
1998,7,NAF,international shipping,preprocessed,625976.9
1998,8,WAF,international shipping,preprocessed,417891.8
1998,9,EAF,international shipping,preprocessed,144975.0
1998,10,SAF,international shipping,preprocessed,384507.3
1998,11,WEU,international shipping,preprocessed,31389800.0
1998,12,CEU,international shipping,preprocessed,1729072.0
1998,13,TUR,international shipping,preprocessed,512658.2
1998,14,UKR,international shipping,preprocessed,182543.8
1998,15,STAN,international shipping,preprocessed,99879.57
1998,16,RUS,international shipping,preprocessed,636038.3
1998,17,ME,international shipping,preprocessed,2020605.0
1998,18,INDIA,international shipping,preprocessed,470163.2
1998,19,KOR,international shipping,preprocessed,1387417.0
1998,20,CHN,international shipping,preprocessed,5194164.0
1998,21,SEAS,international shipping,preprocessed,4581698.0
1998,22,INDO,international shipping,preprocessed,775135.4
1998,23,JAP,international shipping,preprocessed,5524089.0
1998,24,OCE,international shipping,preprocessed,700236.6
1998,25,RSAS,international shipping,preprocessed,351091.0
1998,26,RSAF,international shipping,preprocessed,225982.6
1998,27,Unused,international shipping,preprocessed,0.0
1998,28,World Total,international shipping,preprocessed,70514670.0
1999,1,CAN,international shipping,preprocessed,2280781.0
1999,2,USA,international shipping,preprocessed,8814360.0
1999,3,MEX,international shipping,preprocessed,965610.6
1999,4,RCAM,international shipping,preprocessed,590726.9
1999,5,BRA,international shipping,preprocessed,818670.0
1999,6,RSAM,international shipping,preprocessed,1248802.0
1999,7,NAF,international shipping,preprocessed,662010.3
1999,8,WAF,international shipping,preprocessed,438893.3
1999,9,EAF,international shipping,preprocessed,151711.0
1999,10,SAF,international shipping,preprocessed,392435.3
1999,11,WEU,international shipping,preprocessed,33582880.0
1999,12,CEU,international shipping,preprocessed,1968562.0
1999,13,TUR,international shipping,preprocessed,578774.0
1999,14,UKR,international shipping,preprocessed,196843.7
1999,15,STAN,international shipping,preprocessed,106371.6
1999,16,RUS,international shipping,preprocessed,650289.4
1999,17,ME,international shipping,preprocessed,2137396.0
1999,18,INDIA,international shipping,preprocessed,518907.3
1999,19,KOR,international shipping,preprocessed,1377362.0
1999,20,CHN,international shipping,preprocessed,5503264.0
1999,21,SEAS,international shipping,preprocessed,4647882.0
1999,22,INDO,international shipping,preprocessed,808021.8
1999,23,JAP,international shipping,preprocessed,5473257.0
1999,24,OCE,international shipping,preprocessed,739326.4
1999,25,RSAS,international shipping,preprocessed,376144.5
1999,26,RSAF,international shipping,preprocessed,239223.0
1999,27,Unused,international shipping,preprocessed,0.0
1999,28,World Total,international shipping,preprocessed,75268500.0
2000,1,CAN,international shipping,preprocessed,2472553.0
2000,2,USA,international shipping,preprocessed,9534114.0
2000,3,MEX,international shipping,preprocessed,1116686.0
2000,4,RCAM,international shipping,preprocessed,646997.3
2000,5,BRA,international shipping,preprocessed,815008.5
2000,6,RSAM,international shipping,preprocessed,1250363.0
2000,7,NAF,international shipping,preprocessed,671830.1
2000,8,WAF,international shipping,preprocessed,443895.9
2000,9,EAF,international shipping,preprocessed,153253.1
2000,10,SAF,international shipping,preprocessed,377769.3
2000,11,WEU,international shipping,preprocessed,34500540.0
2000,12,CEU,international shipping,preprocessed,2071459.0
2000,13,TUR,international shipping,preprocessed,586878.6
2000,14,UKR,international shipping,preprocessed,184971.2
2000,15,STAN,international shipping,preprocessed,102861.5
2000,16,RUS,international shipping,preprocessed,596410.8
2000,17,ME,international shipping,preprocessed,2168715.0
2000,18,INDIA,international shipping,preprocessed,552686.3
2000,19,KOR,international shipping,preprocessed,1352246.0
2000,20,CHN,international shipping,preprocessed,5678698.0
2000,21,SEAS,international shipping,preprocessed,4605762.0
2000,22,INDO,international shipping,preprocessed,791775.8
2000,23,JAP,international shipping,preprocessed,5431824.0
2000,24,OCE,international shipping,preprocessed,744770.3
2000,25,RSAS,international shipping,preprocessed,385127.8
2000,26,RSAF,international shipping,preprocessed,244116.1
2000,27,Unused,international shipping,preprocessed,0.0
2000,28,World Total,international shipping,preprocessed,77481310.0
2001,1,CAN,international shipping,preprocessed,2381923.0
2001,2,USA,international shipping,preprocessed,9237909.0
2001,3,MEX,international shipping,preprocessed,1146826.0
2001,4,RCAM,international shipping,preprocessed,624481.3
2001,5,BRA,international shipping,preprocessed,716822.8
2001,6,RSAM,international shipping,preprocessed,1108108.0
2001,7,NAF,international shipping,preprocessed,631762.4
2001,8,WAF,international shipping,preprocessed,406340.8
2001,9,EAF,international shipping,preprocessed,140407.9
2001,10,SAF,international shipping,preprocessed,324701.4
2001,11,WEU,international shipping,preprocessed,31733320.0
2001,12,CEU,international shipping,preprocessed,1946607.0
2001,13,TUR,international shipping,preprocessed,540537.2
2001,14,UKR,international shipping,preprocessed,160159.6
2001,15,STAN,international shipping,preprocessed,96561.04
2001,16,RUS,international shipping,preprocessed,518721.1
2001,17,ME,international shipping,preprocessed,2101779.0
2001,18,INDIA,international shipping,preprocessed,528580.4
2001,19,KOR,international shipping,preprocessed,1266234.0
2001,20,CHN,international shipping,preprocessed,5412425.0
2001,21,SEAS,international shipping,preprocessed,4250062.0
2001,22,INDO,international shipping,preprocessed,704072.4
2001,23,JAP,international shipping,preprocessed,5016416.0
2001,24,OCE,international shipping,preprocessed,670072.4
2001,25,RSAS,international shipping,preprocessed,354097.8
2001,26,RSAF,international shipping,preprocessed,219486.5
2001,27,Unused,international shipping,preprocessed,0.0
2001,28,World Total,international shipping,preprocessed,72238410.0
2002,1,CAN,international shipping,preprocessed,2471768.0
2002,2,USA,international shipping,preprocessed,9599701.0
2002,3,MEX,international shipping,preprocessed,1239953.0
2002,4,RCAM,international shipping,preprocessed,648825.3
2002,5,BRA,international shipping,preprocessed,713019.4
2002,6,RSAM,international shipping,preprocessed,1087140.0
2002,7,NAF,international shipping,preprocessed,657103.2
2002,8,WAF,international shipping,preprocessed,429383.9
2002,9,EAF,international shipping,preprocessed,141091.7
2002,10,SAF,international shipping,preprocessed,321245.5
2002,11,WEU,international shipping,preprocessed,31774560.0
2002,12,CEU,international shipping,preprocessed,2017715.0
2002,13,TUR,international shipping,preprocessed,534119.9
2002,14,UKR,international shipping,preprocessed,163368.9
2002,15,STAN,international shipping,preprocessed,105752.2
2002,16,RUS,international shipping,preprocessed,539673.2
2002,17,ME,international shipping,preprocessed,2297773.0
2002,18,INDIA,international shipping,preprocessed,556988.1
2002,19,KOR,international shipping,preprocessed,1344436.0
2002,20,CHN,international shipping,preprocessed,5733552.0
2002,21,SEAS,international shipping,preprocessed,4440544.0
2002,22,INDO,international shipping,preprocessed,716305.8
2002,23,JAP,international shipping,preprocessed,5112496.0
2002,24,OCE,international shipping,preprocessed,674411.7
2002,25,RSAS,international shipping,preprocessed,363563.3
2002,26,RSAF,international shipping,preprocessed,225366.5
2002,27,Unused,international shipping,preprocessed,0.0
2002,28,World Total,international shipping,preprocessed,73909850.0
2003,1,CAN,international shipping,preprocessed,2433256.0
2003,2,USA,international shipping,preprocessed,9531540.0
2003,3,MEX,international shipping,preprocessed,1265968.0
2003,4,RCAM,international shipping,preprocessed,653485.6
2003,5,BRA,international shipping,preprocessed,711896.4
2003,6,RSAM,international shipping,preprocessed,1054100.0
2003,7,NAF,international shipping,preprocessed,668743.9
2003,8,WAF,international shipping,preprocessed,434143.1
2003,9,EAF,international shipping,preprocessed,145348.5
2003,10,SAF,international shipping,preprocessed,319114.8
2003,11,WEU,international shipping,preprocessed,31651240.0
2003,12,CEU,international shipping,preprocessed,2152056.0
2003,13,TUR,international shipping,preprocessed,564722.8
2003,14,UKR,international shipping,preprocessed,179322.6
2003,15,STAN,international shipping,preprocessed,115291.6
2003,16,RUS,international shipping,preprocessed,590961.9
2003,17,ME,international shipping,preprocessed,2404339.0
2003,18,INDIA,international shipping,preprocessed,587070.3
2003,19,KOR,international shipping,preprocessed,1369280.0
2003,20,CHN,international shipping,preprocessed,6104258.0
2003,21,SEAS,international shipping,preprocessed,4496762.0
2003,22,INDO,international shipping,preprocessed,721959.4
2003,23,JAP,international shipping,preprocessed,4978056.0
2003,24,OCE,international shipping,preprocessed,672235.9
2003,25,RSAS,international shipping,preprocessed,362969.0
2003,26,RSAF,international shipping,preprocessed,226980.8
2003,27,Unused,international shipping,preprocessed,0.0
2003,28,World Total,international shipping,preprocessed,74395100.0
2004,1,CAN,international shipping,preprocessed,2566702.0
2004,2,USA,international shipping,preprocessed,10054610.0
2004,3,MEX,international shipping,preprocessed,1330494.0
2004,4,RCAM,international shipping,preprocessed,705968.0
2004,5,BRA,international shipping,preprocessed,772272.8
2004,6,RSAM,international shipping,preprocessed,1097559.0
2004,7,NAF,international shipping,preprocessed,737497.8
2004,8,WAF,international shipping,preprocessed,499978.5
2004,9,EAF,international shipping,preprocessed,165217.4
2004,10,SAF,international shipping,preprocessed,362925.4
2004,11,WEU,international shipping,preprocessed,35928130.0
2004,12,CEU,international shipping,preprocessed,2620861.0
2004,13,TUR,international shipping,preprocessed,671445.8
2004,14,UKR,international shipping,preprocessed,218189.9
2004,15,STAN,international shipping,preprocessed,138234.3
2004,16,RUS,international shipping,preprocessed,703998.8
2004,17,ME,international shipping,preprocessed,2686421.0
2004,18,INDIA,international shipping,preprocessed,696548.6
2004,19,KOR,international shipping,preprocessed,1489909.0
2004,20,CHN,international shipping,preprocessed,7114183.0
2004,21,SEAS,international shipping,preprocessed,4910533.0
2004,22,INDO,international shipping,preprocessed,754012.8
2004,23,JAP,international shipping,preprocessed,5206514.0
2004,24,OCE,international shipping,preprocessed,753899.4
2004,25,RSAS,international shipping,preprocessed,402540.8
2004,26,RSAF,international shipping,preprocessed,262933.3
2004,27,Unused,international shipping,preprocessed,0.0
2004,28,World Total,international shipping,preprocessed,82851580.0
2005,1,CAN,international shipping,preprocessed,2530188.0
2005,2,USA,international shipping,preprocessed,9915598.0
2005,3,MEX,international shipping,preprocessed,1290275.0
2005,4,RCAM,international shipping,preprocessed,693208.0
2005,5,BRA,international shipping,preprocessed,791925.0
2005,6,RSAM,international shipping,preprocessed,1123184.0
2005,7,NAF,international shipping,preprocessed,784941.8
2005,8,WAF,international shipping,preprocessed,556813.5
2005,9,EAF,international shipping,preprocessed,173200.0
2005,10,SAF,international shipping,preprocessed,398009.2
2005,11,WEU,international shipping,preprocessed,37695430.0
2005,12,CEU,international shipping,preprocessed,2971053.0
2005,13,TUR,international shipping,preprocessed,804115.3
2005,14,UKR,international shipping,preprocessed,252799.1
2005,15,STAN,international shipping,preprocessed,160515.1
2005,16,RUS,international shipping,preprocessed,791775.0
2005,17,ME,international shipping,preprocessed,2931172.0
2005,18,INDIA,international shipping,preprocessed,795233.1
2005,19,KOR,international shipping,preprocessed,1607090.0
2005,20,CHN,international shipping,preprocessed,7959923.0
2005,21,SEAS,international shipping,preprocessed,5169987.0
2005,22,INDO,international shipping,preprocessed,761736.9
2005,23,JAP,international shipping,preprocessed,5276760.0
2005,24,OCE,international shipping,preprocessed,803237.1
2005,25,RSAS,international shipping,preprocessed,417217.8
2005,26,RSAF,international shipping,preprocessed,294183.8
2005,27,Unused,international shipping,preprocessed,0.0
2005,28,World Total,international shipping,preprocessed,86949570.0
2006,1,CAN,international shipping,preprocessed,2581618.0
2006,2,USA,international shipping,preprocessed,10031180.0
2006,3,MEX,international shipping,preprocessed,1275998.0
2006,4,RCAM,international shipping,preprocessed,726404.0
2006,5,BRA,international shipping,preprocessed,868546.4
2006,6,RSAM,international shipping,preprocessed,1280405.0
2006,7,NAF,international shipping,preprocessed,886049.5
2006,8,WAF,international shipping,preprocessed,660397.1
2006,9,EAF,international shipping,preprocessed,191724.1
2006,10,SAF,international shipping,preprocessed,442904.3
2006,11,WEU,international shipping,preprocessed,39369770.0
2006,12,CEU,international shipping,preprocessed,3320618.0
2006,13,TUR,international shipping,preprocessed,934777.8
2006,14,UKR,international shipping,preprocessed,286770.5
2006,15,STAN,international shipping,preprocessed,193707.9
2006,16,RUS,international shipping,preprocessed,938501.2
2006,17,ME,international shipping,preprocessed,3369109.0
2006,18,INDIA,international shipping,preprocessed,959318.8
2006,19,KOR,international shipping,preprocessed,1736022.0
2006,20,CHN,international shipping,preprocessed,8860326.0
2006,21,SEAS,international shipping,preprocessed,5494383.0
2006,22,INDO,international shipping,preprocessed,821794.1
2006,23,JAP,international shipping,preprocessed,5406312.0
2006,24,OCE,international shipping,preprocessed,861337.7
2006,25,RSAS,international shipping,preprocessed,445938.4
2006,26,RSAF,international shipping,preprocessed,339790.1
2006,27,Unused,international shipping,preprocessed,0.0
2006,28,World Total,international shipping,preprocessed,92283700.0
2007,1,CAN,international shipping,preprocessed,2642367.0
2007,2,USA,international shipping,preprocessed,10280540.0
2007,3,MEX,international shipping,preprocessed,1318257.0
2007,4,RCAM,international shipping,preprocessed,782364.4
2007,5,BRA,international shipping,preprocessed,967579.3
2007,6,RSAM,international shipping,preprocessed,1494870.0
2007,7,NAF,international shipping,preprocessed,1002668.0
2007,8,WAF,international shipping,preprocessed,759949.1
2007,9,EAF,international shipping,preprocessed,214357.0
2007,10,SAF,international shipping,preprocessed,482769.0
2007,11,WEU,international shipping,preprocessed,40367130.0
2007,12,CEU,international shipping,preprocessed,3655873.0
2007,13,TUR,international shipping,preprocessed,1045137.0
2007,14,UKR,international shipping,preprocessed,319777.3
2007,15,STAN,international shipping,preprocessed,236255.7
2007,16,RUS,international shipping,preprocessed,1107638.0
2007,17,ME,international shipping,preprocessed,3827155.0
2007,18,INDIA,international shipping,preprocessed,1136251.0
2007,19,KOR,international shipping,preprocessed,1855579.0
2007,20,CHN,international shipping,preprocessed,9691530.0
2007,21,SEAS,international shipping,preprocessed,5838749.0
2007,22,INDO,international shipping,preprocessed,890094.4
2007,23,JAP,international shipping,preprocessed,5480227.0
2007,24,OCE,international shipping,preprocessed,908584.1
2007,25,RSAS,international shipping,preprocessed,476550.3
2007,26,RSAF,international shipping,preprocessed,386365.5
2007,27,Unused,international shipping,preprocessed,0.0
2007,28,World Total,international shipping,preprocessed,97168620.0
2008,1,CAN,international shipping,preprocessed,2583533.0
2008,2,USA,international shipping,preprocessed,10017910.0
2008,3,MEX,international shipping,preprocessed,1305144.0
2008,4,RCAM,international shipping,preprocessed,816075.1
2008,5,BRA,international shipping,preprocessed,1030882.0
2008,6,RSAM,international shipping,preprocessed,1635360.0
2008,7,NAF,international shipping,preprocessed,1086839.0
2008,8,WAF,international shipping,preprocessed,813797.7
2008,9,EAF,international shipping,preprocessed,232803.8
2008,10,SAF,international shipping,preprocessed,494982.1
2008,11,WEU,international shipping,preprocessed,39919260.0
2008,12,CEU,international shipping,preprocessed,3910909.0
2008,13,TUR,international shipping,preprocessed,1102288.0
2008,14,UKR,international shipping,preprocessed,342582.2
2008,15,STAN,international shipping,preprocessed,274876.2
2008,16,RUS,international shipping,preprocessed,1247123.0
2008,17,ME,international shipping,preprocessed,4111685.0
2008,18,INDIA,international shipping,preprocessed,1288986.0
2008,19,KOR,international shipping,preprocessed,1867478.0
2008,20,CHN,international shipping,preprocessed,10055980.0
2008,21,SEAS,international shipping,preprocessed,5866827.0
2008,22,INDO,international shipping,preprocessed,925049.4
2008,23,JAP,international shipping,preprocessed,5246835.0
2008,24,OCE,international shipping,preprocessed,918337.8
2008,25,RSAS,international shipping,preprocessed,479612.4
2008,26,RSAF,international shipping,preprocessed,431188.0
2008,27,Unused,international shipping,preprocessed,0.0
2008,28,World Total,international shipping,preprocessed,98006340.0
2009,1,CAN,international shipping,preprocessed,2285651.0
2009,2,USA,international shipping,preprocessed,8912285.0
2009,3,MEX,international shipping,preprocessed,1176528.0
2009,4,RCAM,international shipping,preprocessed,758439.8
2009,5,BRA,international shipping,preprocessed,1042405.0
2009,6,RSAM,international shipping,preprocessed,1624370.0
2009,7,NAF,international shipping,preprocessed,1099012.0
2009,8,WAF,international shipping,preprocessed,810728.8
2009,9,EAF,international shipping,preprocessed,228718.1
2009,10,SAF,international shipping,preprocessed,468863.3
2009,11,WEU,international shipping,preprocessed,36509180.0
2009,12,CEU,international shipping,preprocessed,3886741.0
2009,13,TUR,international shipping,preprocessed,1076757.0
2009,14,UKR,international shipping,preprocessed,363356.2
2009,15,STAN,international shipping,preprocessed,300120.0
2009,16,RUS,international shipping,preprocessed,1294919.0
2009,17,ME,international shipping,preprocessed,4118854.0
2009,18,INDIA,international shipping,preprocessed,1348856.0
2009,19,KOR,international shipping,preprocessed,1750193.0
2009,20,CHN,international shipping,preprocessed,9511272.0
2009,21,SEAS,international shipping,preprocessed,5463153.0
2009,22,INDO,international shipping,preprocessed,882625.6
2009,23,JAP,international shipping,preprocessed,4727217.0
2009,24,OCE,international shipping,preprocessed,872552.1
2009,25,RSAS,international shipping,preprocessed,448354.5
2009,26,RSAF,international shipping,preprocessed,443838.8
2009,27,Unused,international shipping,preprocessed,0.0
2009,28,World Total,international shipping,preprocessed,91404990.0
2010,1,CAN,international shipping,preprocessed,2362402.0
2010,2,USA,international shipping,preprocessed,9310181.0
2010,3,MEX,international shipping,preprocessed,1234480.0
2010,4,RCAM,international shipping,preprocessed,810392.9
2010,5,BRA,international shipping,preprocessed,1196652.0
2010,6,RSAM,international shipping,preprocessed,1828484.0
2010,7,NAF,international shipping,preprocessed,1272900.0
2010,8,WAF,international shipping,preprocessed,926955.1
2010,9,EAF,international shipping,preprocessed,272945.5
2010,10,SAF,international shipping,preprocessed,503063.2
2010,11,WEU,international shipping,preprocessed,39108780.0
2010,12,CEU,international shipping,preprocessed,4329849.0
2010,13,TUR,international shipping,preprocessed,1190474.0
2010,14,UKR,international shipping,preprocessed,401456.9
2010,15,STAN,international shipping,preprocessed,351795.4
2010,16,RUS,international shipping,preprocessed,1429768.0
2010,17,ME,international shipping,preprocessed,4699676.0
2010,18,INDIA,international shipping,preprocessed,1625039.0
2010,19,KOR,international shipping,preprocessed,1929421.0
2010,20,CHN,international shipping,preprocessed,10728530.0
2010,21,SEAS,international shipping,preprocessed,5979974.0
2010,22,INDO,international shipping,preprocessed,996194.0
2010,23,JAP,international shipping,preprocessed,4946471.0
2010,24,OCE,international shipping,preprocessed,989846.9
2010,25,RSAS,international shipping,preprocessed,504579.6
2010,26,RSAF,international shipping,preprocessed,540155.4
2010,27,Unused,international shipping,preprocessed,0.0
2010,28,World Total,international shipping,preprocessed,99470460.0
2011,1,CAN,international shipping,preprocessed,2302582.0
2011,2,USA,international shipping,preprocessed,9231892.0
2011,3,MEX,international shipping,preprocessed,1245956.0
2011,4,RCAM,international shipping,preprocessed,791614.9
2011,5,BRA,international shipping,preprocessed,1305930.0
2011,6,RSAM,international shipping,preprocessed,1903564.0
2011,7,NAF,international shipping,preprocessed,1325116.0
2011,8,WAF,international shipping,preprocessed,988269.7
2011,9,EAF,international shipping,preprocessed,287572.8
2011,10,SAF,international shipping,preprocessed,520134.9
2011,11,WEU,international shipping,preprocessed,37642190.0
2011,12,CEU,international shipping,preprocessed,4267186.0
2011,13,TUR,international shipping,preprocessed,1196616.0
2011,14,UKR,international shipping,preprocessed,404420.5
2011,15,STAN,international shipping,preprocessed,365046.4
2011,16,RUS,international shipping,preprocessed,1461758.0
2011,17,ME,international shipping,preprocessed,4870302.0
2011,18,INDIA,international shipping,preprocessed,1841567.0
2011,19,KOR,international shipping,preprocessed,2021840.0
2011,20,CHN,international shipping,preprocessed,11506750.0
2011,21,SEAS,international shipping,preprocessed,6252719.0
2011,22,INDO,international shipping,preprocessed,1095120.0
2011,23,JAP,international shipping,preprocessed,4981816.0
2011,24,OCE,international shipping,preprocessed,1057775.0
2011,25,RSAS,international shipping,preprocessed,538305.8
2011,26,RSAF,international shipping,preprocessed,571414.4
2011,27,Unused,international shipping,preprocessed,0.0
2011,28,World Total,international shipping,preprocessed,99977460.0
2012,1,CAN,international shipping,preprocessed,2104721.0
2012,2,USA,international shipping,preprocessed,8535766.0
2012,3,MEX,international shipping,preprocessed,1176715.0
2012,4,RCAM,international shipping,preprocessed,734059.8
2012,5,BRA,international shipping,preprocessed,1282743.0
2012,6,RSAM,international shipping,preprocessed,1837921.0
2012,7,NAF,international shipping,preprocessed,1165771.0
2012,8,WAF,international shipping,preprocessed,962596.4
2012,9,EAF,international shipping,preprocessed,268001.6
2012,10,SAF,international shipping,preprocessed,502597.7
2012,11,WEU,international shipping,preprocessed,33670190.0
2012,12,CEU,international shipping,preprocessed,3849360.0
2012,13,TUR,international shipping,preprocessed,1117120.0
2012,14,UKR,international shipping,preprocessed,369904.5
2012,15,STAN,international shipping,preprocessed,345455.8
2012,16,RUS,international shipping,preprocessed,1359232.0
2012,17,ME,international shipping,preprocessed,4592902.0
2012,18,INDIA,international shipping,preprocessed,1895577.0
2012,19,KOR,international shipping,preprocessed,1954127.0
2012,20,CHN,international shipping,preprocessed,11426650.0
2012,21,SEAS,international shipping,preprocessed,5998228.0
2012,22,INDO,international shipping,preprocessed,1109000.0
2012,23,JAP,international shipping,preprocessed,4567549.0
2012,24,OCE,international shipping,preprocessed,1036698.0
2012,25,RSAS,international shipping,preprocessed,528400.0
2012,26,RSAF,international shipping,preprocessed,549313.8
2012,27,Unused,international shipping,preprocessed,0.0
2012,28,World Total,international shipping,preprocessed,92940600.0
2013,1,CAN,international shipping,preprocessed,2054472.0
2013,2,USA,international shipping,preprocessed,8356828.0
2013,3,MEX,international shipping,preprocessed,1180197.0
2013,4,RCAM,international shipping,preprocessed,717479.3
2013,5,BRA,international shipping,preprocessed,1304853.0
2013,6,RSAM,international shipping,preprocessed,1868733.0
2013,7,NAF,international shipping,preprocessed,1140199.0
2013,8,WAF,international shipping,preprocessed,983617.4
2013,9,EAF,international shipping,preprocessed,247349.5
2013,10,SAF,international shipping,preprocessed,508267.9
2013,11,WEU,international shipping,preprocessed,31189840.0
2013,12,CEU,international shipping,preprocessed,3647748.0
2013,13,TUR,international shipping,preprocessed,1127627.0
2013,14,UKR,international shipping,preprocessed,388198.9
2013,15,STAN,international shipping,preprocessed,361180.2
2013,16,RUS,international shipping,preprocessed,1402002.0
2013,17,ME,international shipping,preprocessed,4688322.0
2013,18,INDIA,international shipping,preprocessed,2001099.0
2013,19,KOR,international shipping,preprocessed,1941424.0
2013,20,CHN,international shipping,preprocessed,11671050.0
2013,21,SEAS,international shipping,preprocessed,6019945.0
2013,22,INDO,international shipping,preprocessed,1151175.0
2013,23,JAP,international shipping,preprocessed,4463579.0
2013,24,OCE,international shipping,preprocessed,1043208.0
2013,25,RSAS,international shipping,preprocessed,522686.1
2013,26,RSAF,international shipping,preprocessed,548608.2
2013,27,Unused,international shipping,preprocessed,0.0
2013,28,World Total,international shipping,preprocessed,90529680.0
2014,1,CAN,international shipping,preprocessed,2098508.0
2014,2,USA,international shipping,preprocessed,8591552.0
2014,3,MEX,international shipping,preprocessed,1228622.0
2014,4,RCAM,international shipping,preprocessed,757546.8
2014,5,BRA,international shipping,preprocessed,1353716.0
2014,6,RSAM,international shipping,preprocessed,1973889.0
2014,7,NAF,international shipping,preprocessed,1166862.0
2014,8,WAF,international shipping,preprocessed,1034938.0
2014,9,EAF,international shipping,preprocessed,251081.9
2014,10,SAF,international shipping,preprocessed,519512.2
2014,11,WEU,international shipping,preprocessed,31496520.0
2014,12,CEU,international shipping,preprocessed,3742284.0
2014,13,TUR,international shipping,preprocessed,1225560.0
2014,14,UKR,international shipping,preprocessed,409607.9
2014,15,STAN,international shipping,preprocessed,401970.9
2014,16,RUS,international shipping,preprocessed,1486377.0
2014,17,ME,international shipping,preprocessed,5062213.0
2014,18,INDIA,international shipping,preprocessed,2135362.0
2014,19,KOR,international shipping,preprocessed,1988668.0
2014,20,CHN,international shipping,preprocessed,12469370.0
2014,21,SEAS,international shipping,preprocessed,6272022.0
2014,22,INDO,international shipping,preprocessed,1199064.0
2014,23,JAP,international shipping,preprocessed,4376560.0
2014,24,OCE,international shipping,preprocessed,1071730.0
2014,25,RSAS,international shipping,preprocessed,551019.6
2014,26,RSAF,international shipping,preprocessed,595952.4
2014,27,Unused,international shipping,preprocessed,0.0
2014,28,World Total,international shipping,preprocessed,93460500.0
2015,1,CAN,international shipping,preprocessed,2181080.0
2015,2,USA,international shipping,preprocessed,9041432.0
2015,3,MEX,international shipping,preprocessed,1312736.0
2015,4,RCAM,international shipping,preprocessed,772109.4
2015,5,BRA,international shipping,preprocessed,1358378.0
2015,6,RSAM,international shipping,preprocessed,1998489.0
2015,7,NAF,international shipping,preprocessed,1221696.0
2015,8,WAF,international shipping,preprocessed,1075075.0
2015,9,EAF,international shipping,preprocessed,267969.9
2015,10,SAF,international shipping,preprocessed,518222.8
2015,11,WEU,international shipping,preprocessed,32092230.0
2015,12,CEU,international shipping,preprocessed,3893606.0
2015,13,TUR,international shipping,preprocessed,1305937.0
2015,14,UKR,international shipping,preprocessed,392026.2
2015,15,STAN,international shipping,preprocessed,423973.3
2015,16,RUS,international shipping,preprocessed,1498700.0
2015,17,ME,international shipping,preprocessed,5263870.0
2015,18,INDIA,international shipping,preprocessed,2201102.0
2015,19,KOR,international shipping,preprocessed,2041755.0
2015,20,CHN,international shipping,preprocessed,13427910.0
2015,21,SEAS,international shipping,preprocessed,6617875.0
2015,22,INDO,international shipping,preprocessed,1200480.0
2015,23,JAP,international shipping,preprocessed,4305930.0
2015,24,OCE,international shipping,preprocessed,1079321.0
2015,25,RSAS,international shipping,preprocessed,581779.8
2015,26,RSAF,international shipping,preprocessed,622881.6
2015,27,Unused,international shipping,preprocessed,0.0
2015,28,World Total,international shipping,preprocessed,96696560.0
2016,1,CAN,international shipping,preprocessed,2276931.0
2016,2,USA,international shipping,preprocessed,9731028.0
2016,3,MEX,international shipping,preprocessed,1437619.0
2016,4,RCAM,international shipping,preprocessed,805091.3
2016,5,BRA,international shipping,preprocessed,1344715.0
2016,6,RSAM,international shipping,preprocessed,1951849.0
2016,7,NAF,international shipping,preprocessed,1172982.0
2016,8,WAF,international shipping,preprocessed,1056412.0
2016,9,EAF,international shipping,preprocessed,294994.4
2016,10,SAF,international shipping,preprocessed,516240.4
2016,11,WEU,international shipping,preprocessed,33261470.0
2016,12,CEU,international shipping,preprocessed,4143461.0
2016,13,TUR,international shipping,preprocessed,1373708.0
2016,14,UKR,international shipping,preprocessed,348235.4
2016,15,STAN,international shipping,preprocessed,399914.9
2016,16,RUS,international shipping,preprocessed,1386904.0
2016,17,ME,international shipping,preprocessed,5179145.0
2016,18,INDIA,international shipping,preprocessed,2237089.0
2016,19,KOR,international shipping,preprocessed,2115476.0
2016,20,CHN,international shipping,preprocessed,14499610.0
2016,21,SEAS,international shipping,preprocessed,7001738.0
2016,22,INDO,international shipping,preprocessed,1186519.0
2016,23,JAP,international shipping,preprocessed,4201075.0
2016,24,OCE,international shipping,preprocessed,1072258.0
2016,25,RSAS,international shipping,preprocessed,644860.3
2016,26,RSAF,international shipping,preprocessed,608095.4
2016,27,Unused,international shipping,preprocessed,0.0
2016,28,World Total,international shipping,preprocessed,100247400.0
2017,1,CAN,international shipping,preprocessed,2424354.0
2017,2,USA,international shipping,preprocessed,10657460.0
2017,3,MEX,international shipping,preprocessed,1596664.0
2017,4,RCAM,international shipping,preprocessed,848077.2
2017,5,BRA,international shipping,preprocessed,1314714.0
2017,6,RSAM,international shipping,preprocessed,1905009.0
2017,7,NAF,international shipping,preprocessed,1147107.0
2017,8,WAF,international shipping,preprocessed,1031443.0
2017,9,EAF,international shipping,preprocessed,324087.0
2017,10,SAF,international shipping,preprocessed,513144.7
2017,11,WEU,international shipping,preprocessed,35283450.0
2017,12,CEU,international shipping,preprocessed,4516132.0
2017,13,TUR,international shipping,preprocessed,1430980.0
2017,14,UKR,international shipping,preprocessed,321270.1
2017,15,STAN,international shipping,preprocessed,364403.4
2017,16,RUS,international shipping,preprocessed,1267810.0
2017,17,ME,international shipping,preprocessed,5109998.0
2017,18,INDIA,international shipping,preprocessed,2313114.0
2017,19,KOR,international shipping,preprocessed,2208629.0
2017,20,CHN,international shipping,preprocessed,15510070.0
2017,21,SEAS,international shipping,preprocessed,7559368.0
2017,22,INDO,international shipping,preprocessed,1202230.0
2017,23,JAP,international shipping,preprocessed,4341523.0
2017,24,OCE,international shipping,preprocessed,1111386.0
2017,25,RSAS,international shipping,preprocessed,731864.4
2017,26,RSAF,international shipping,preprocessed,573849.3
2017,27,Unused,international shipping,preprocessed,0.0
2017,28,World Total,international shipping,preprocessed,105608100.0
2018,1,CAN,international shipping,preprocessed,2415812.0
2018,2,USA,international shipping,preprocessed,10836370.0
2018,3,MEX,international shipping,preprocessed,1648403.0
2018,4,RCAM,international shipping,preprocessed,843168.6
2018,5,BRA,international shipping,preprocessed,1265973.0
2018,6,RSAM,international shipping,preprocessed,1797516.0
2018,7,NAF,international shipping,preprocessed,1101288.0
2018,8,WAF,international shipping,preprocessed,912656.1
2018,9,EAF,international shipping,preprocessed,337459.7
2018,10,SAF,international shipping,preprocessed,501424.3
2018,11,WEU,international shipping,preprocessed,35318780.0
2018,12,CEU,international shipping,preprocessed,4642466.0
2018,13,TUR,international shipping,preprocessed,1433560.0
2018,14,UKR,international shipping,preprocessed,311784.7
2018,15,STAN,international shipping,preprocessed,323634.7
2018,16,RUS,international shipping,preprocessed,1160036.0
2018,17,ME,international shipping,preprocessed,4803089.0
2018,18,INDIA,international shipping,preprocessed,2333221.0
2018,19,KOR,international shipping,preprocessed,2214676.0
2018,20,CHN,international shipping,preprocessed,15642890.0
2018,21,SEAS,international shipping,preprocessed,7817157.0
2018,22,INDO,international shipping,preprocessed,1193875.0
2018,23,JAP,international shipping,preprocessed,4282732.0
2018,24,OCE,international shipping,preprocessed,1120766.0
2018,25,RSAS,international shipping,preprocessed,784493.3
2018,26,RSAF,international shipping,preprocessed,515239.0
2018,27,Unused,international shipping,preprocessed,0.0
2018,28,World Total,international shipping,preprocessed,105558500.0
2019,1,CAN,international shipping,preprocessed,2329387.0
2019,2,USA,international shipping,preprocessed,10482050.0
2019,3,MEX,international shipping,preprocessed,1615051.0
2019,4,RCAM,international shipping,preprocessed,802156.9
2019,5,BRA,international shipping,preprocessed,1239718.0
2019,6,RSAM,international shipping,preprocessed,1717987.0
2019,7,NAF,international shipping,preprocessed,1085623.0
2019,8,WAF,international shipping,preprocessed,877312.2
2019,9,EAF,international shipping,preprocessed,327221.8
2019,10,SAF,international shipping,preprocessed,482343.1
2019,11,WEU,international shipping,preprocessed,34677060.0
2019,12,CEU,international shipping,preprocessed,4697513.0
2019,13,TUR,international shipping,preprocessed,1375024.0
2019,14,UKR,international shipping,preprocessed,318965.1
2019,15,STAN,international shipping,preprocessed,322927.1
2019,16,RUS,international shipping,preprocessed,1173754.0
2019,17,ME,international shipping,preprocessed,4645358.0
2019,18,INDIA,international shipping,preprocessed,2345575.0
2019,19,KOR,international shipping,preprocessed,2160239.0
2019,20,CHN,international shipping,preprocessed,15244880.0
2019,21,SEAS,international shipping,preprocessed,7869583.0
2019,22,INDO,international shipping,preprocessed,1192325.0
2019,23,JAP,international shipping,preprocessed,4168642.0
2019,24,OCE,international shipping,preprocessed,1118184.0
2019,25,RSAS,international shipping,preprocessed,791864.9
2019,26,RSAF,international shipping,preprocessed,491667.3
2019,27,Unused,international shipping,preprocessed,0.0
2019,28,World Total,international shipping,preprocessed,103552400.0
2020,1,CAN,international shipping,preprocessed,2077087.0
2020,2,USA,international shipping,preprocessed,9341244.0
2020,3,MEX,international shipping,preprocessed,1460520.0
2020,4,RCAM,international shipping,preprocessed,704979.7
2020,5,BRA,international shipping,preprocessed,1145678.0
2020,6,RSAM,international shipping,preprocessed,1520825.0
2020,7,NAF,international shipping,preprocessed,1006303.0
2020,8,WAF,international shipping,preprocessed,819706.3
2020,9,EAF,international shipping,preprocessed,295581.4
2020,10,SAF,international shipping,preprocessed,433857.3
2020,11,WEU,international shipping,preprocessed,30915660.0
2020,12,CEU,international shipping,preprocessed,4299158.0
2020,13,TUR,international shipping,preprocessed,1212563.0
2020,14,UKR,international shipping,preprocessed,307493.4
2020,15,STAN,international shipping,preprocessed,321515.8
2020,16,RUS,international shipping,preprocessed,1120087.0
2020,17,ME,international shipping,preprocessed,4185922.0
2020,18,INDIA,international shipping,preprocessed,2176841.0
2020,19,KOR,international shipping,preprocessed,1920632.0
2020,20,CHN,international shipping,preprocessed,13776950.0
2020,21,SEAS,international shipping,preprocessed,7270265.0
2020,22,INDO,international shipping,preprocessed,1086295.0
2020,23,JAP,international shipping,preprocessed,3689709.0
2020,24,OCE,international shipping,preprocessed,1023124.0
2020,25,RSAS,international shipping,preprocessed,712441.6
2020,26,RSAF,international shipping,preprocessed,435995.3
2020,27,Unused,international shipping,preprocessed,0.0
2020,28,World Total,international shipping,preprocessed,93260430.0
2021,1,CAN,international shipping,preprocessed,2120760.0
2021,2,USA,international shipping,preprocessed,9656484.0
2021,3,MEX,international shipping,preprocessed,1504098.0
2021,4,RCAM,international shipping,preprocessed,710801.4
2021,5,BRA,international shipping,preprocessed,1189307.0
2021,6,RSAM,international shipping,preprocessed,1516148.0
2021,7,NAF,international shipping,preprocessed,1017499.0
2021,8,WAF,international shipping,preprocessed,869128.6
2021,9,EAF,international shipping,preprocessed,303181.7
2021,10,SAF,international shipping,preprocessed,433749.7
2021,11,WEU,international shipping,preprocessed,31958890.0
2021,12,CEU,international shipping,preprocessed,4571076.0
2021,13,TUR,international shipping,preprocessed,1247160.0
2021,14,UKR,international shipping,preprocessed,320525.4
2021,15,STAN,international shipping,preprocessed,355141.8
2021,16,RUS,international shipping,preprocessed,1160690.0
2021,17,ME,international shipping,preprocessed,4226952.0
2021,18,INDIA,international shipping,preprocessed,2177765.0
2021,19,KOR,international shipping,preprocessed,1937385.0
2021,20,CHN,international shipping,preprocessed,14779480.0
2021,21,SEAS,international shipping,preprocessed,7688243.0
2021,22,INDO,international shipping,preprocessed,1110287.0
2021,23,JAP,international shipping,preprocessed,3739964.0
2021,24,OCE,international shipping,preprocessed,1058065.0
2021,25,RSAS,international shipping,preprocessed,720230.1
2021,26,RSAF,international shipping,preprocessed,431870.0
2021,27,Unused,international shipping,preprocessed,0.0
2021,28,World Total,international shipping,preprocessed,96804880.0
2022,1,CAN,international shipping,preprocessed,2373991.0
2022,2,USA,international shipping,preprocessed,10615590.0
2022,3,MEX,international shipping,preprocessed,1651724.0
2022,4,RCAM,international shipping,preprocessed,824558.3
2022,5,BRA,international shipping,preprocessed,1259690.0
2022,6,RSAM,international shipping,preprocessed,1758084.0
2022,7,NAF,international shipping,preprocessed,1137010.0
2022,8,WAF,international shipping,preprocessed,952286.3
2022,9,EAF,international shipping,preprocessed,353205.4
2022,10,SAF,international shipping,preprocessed,496188.7
2022,11,WEU,international shipping,preprocessed,34841150.0
2022,12,CEU,international shipping,preprocessed,4756558.0
2022,13,TUR,international shipping,preprocessed,1407467.0
2022,14,UKR,international shipping,preprocessed,299065.2
2022,15,STAN,international shipping,preprocessed,371507.7
2022,16,RUS,international shipping,preprocessed,1172090.0
2022,17,ME,international shipping,preprocessed,4855533.0
2022,18,INDIA,international shipping,preprocessed,2405921.0
2022,19,KOR,international shipping,preprocessed,2167190.0
2022,20,CHN,international shipping,preprocessed,15288090.0
2022,21,SEAS,international shipping,preprocessed,8164357.0
2022,22,INDO,international shipping,preprocessed,1221602.0
2022,23,JAP,international shipping,preprocessed,4109960.0
2022,24,OCE,international shipping,preprocessed,1151619.0
2022,25,RSAS,international shipping,preprocessed,831710.5
2022,26,RSAF,international shipping,preprocessed,534787.1
2022,27,Unused,international shipping,preprocessed,0.0
2022,28,World Total,international shipping,preprocessed,105000900.0
2023,1,CAN,international shipping,preprocessed,2371599.0
2023,2,USA,international shipping,preprocessed,10751500.0
2023,3,MEX,international shipping,preprocessed,1674798.0
2023,4,RCAM,international shipping,preprocessed,838291.8
2023,5,BRA,international shipping,preprocessed,1291366.0
2023,6,RSAM,international shipping,preprocessed,1759086.0
2023,7,NAF,international shipping,preprocessed,1192459.0
2023,8,WAF,international shipping,preprocessed,995887.4
2023,9,EAF,international shipping,preprocessed,349825.9
2023,10,SAF,international shipping,preprocessed,498995.7
2023,11,WEU,international shipping,preprocessed,34664600.0
2023,12,CEU,international shipping,preprocessed,4776475.0
2023,13,TUR,international shipping,preprocessed,1454754.0
2023,14,UKR,international shipping,preprocessed,301592.3
2023,15,STAN,international shipping,preprocessed,389549.0
2023,16,RUS,international shipping,preprocessed,1183092.0
2023,17,ME,international shipping,preprocessed,4931987.0
2023,18,INDIA,international shipping,preprocessed,2535038.0
2023,19,KOR,international shipping,preprocessed,2194941.0
2023,20,CHN,international shipping,preprocessed,15722480.0
2023,21,SEAS,international shipping,preprocessed,8390491.0
2023,22,INDO,international shipping,preprocessed,1298373.0
2023,23,JAP,international shipping,preprocessed,4167179.0
2023,24,OCE,international shipping,preprocessed,1160829.0
2023,25,RSAS,international shipping,preprocessed,849824.4
2023,26,RSAF,international shipping,preprocessed,551742.6
2023,27,Unused,international shipping,preprocessed,0.0
2023,28,World Total,international shipping,preprocessed,106296800.0
2024,1,CAN,international shipping,preprocessed,2351389.0
2024,2,USA,international shipping,preprocessed,10692530.0
2024,3,MEX,international shipping,preprocessed,1675410.0
2024,4,RCAM,international shipping,preprocessed,847341.1
2024,5,BRA,international shipping,preprocessed,1297834.0
2024,6,RSAM,international shipping,preprocessed,1748261.0
2024,7,NAF,international shipping,preprocessed,1149408.0
2024,8,WAF,international shipping,preprocessed,1009906.0
2024,9,EAF,international shipping,preprocessed,358383.0
2024,10,SAF,international shipping,preprocessed,500786.4
2024,11,WEU,international shipping,preprocessed,34492230.0
2024,12,CEU,international shipping,preprocessed,4830404.0
2024,13,TUR,international shipping,preprocessed,1486171.0
2024,14,UKR,international shipping,preprocessed,303671.1
2024,15,STAN,international shipping,preprocessed,395275.5
2024,16,RUS,international shipping,preprocessed,1175196.0
2024,17,ME,international shipping,preprocessed,4462647.0
2024,18,INDIA,international shipping,preprocessed,2628628.0
2024,19,KOR,international shipping,preprocessed,2223272.0
2024,20,CHN,international shipping,preprocessed,15981170.0
2024,21,SEAS,international shipping,preprocessed,8530197.0
2024,22,INDO,international shipping,preprocessed,1308362.0
2024,23,JAP,international shipping,preprocessed,4147608.0
2024,24,OCE,international shipping,preprocessed,1157328.0
2024,25,RSAS,international shipping,preprocessed,867524.6
2024,26,RSAF,international shipping,preprocessed,565103.8
2024,27,Unused,international shipping,preprocessed,0.0
2024,28,World Total,international shipping,preprocessed,106186000.0
2025,1,CAN,international shipping,preprocessed,2345543.0
2025,2,USA,international shipping,preprocessed,10742310.0
2025,3,MEX,international shipping,preprocessed,1680118.0
2025,4,RCAM,international shipping,preprocessed,860779.7
2025,5,BRA,international shipping,preprocessed,1315525.0
2025,6,RSAM,international shipping,preprocessed,1762266.0
2025,7,NAF,international shipping,preprocessed,1150996.0
2025,8,WAF,international shipping,preprocessed,1033435.0
2025,9,EAF,international shipping,preprocessed,374700.0
2025,10,SAF,international shipping,preprocessed,504199.2
2025,11,WEU,international shipping,preprocessed,34632590.0
2025,12,CEU,international shipping,preprocessed,4916861.0
2025,13,TUR,international shipping,preprocessed,1522643.0
2025,14,UKR,international shipping,preprocessed,311308.8
2025,15,STAN,international shipping,preprocessed,404726.1
2025,16,RUS,international shipping,preprocessed,1173575.0
2025,17,ME,international shipping,preprocessed,4355317.0
2025,18,INDIA,international shipping,preprocessed,2735070.0
2025,19,KOR,international shipping,preprocessed,2257313.0
2025,20,CHN,international shipping,preprocessed,16299370.0
2025,21,SEAS,international shipping,preprocessed,8748336.0
2025,22,INDO,international shipping,preprocessed,1337848.0
2025,23,JAP,international shipping,preprocessed,4133671.0
2025,24,OCE,international shipping,preprocessed,1166759.0
2025,25,RSAS,international shipping,preprocessed,894803.3
2025,26,RSAF,international shipping,preprocessed,582869.1
2025,27,Unused,international shipping,preprocessed,0.0
2025,28,World Total,international shipping,preprocessed,107242900.0
2026,1,CAN,international shipping,preprocessed,2323439.0
2026,2,USA,international shipping,preprocessed,10774490.0
2026,3,MEX,international shipping,preprocessed,1699713.0
2026,4,RCAM,international shipping,preprocessed,875648.1
2026,5,BRA,international shipping,preprocessed,1330316.0
2026,6,RSAM,international shipping,preprocessed,1776395.0
2026,7,NAF,international shipping,preprocessed,1158641.0
2026,8,WAF,international shipping,preprocessed,1059086.0
2026,9,EAF,international shipping,preprocessed,393286.3
2026,10,SAF,international shipping,preprocessed,505764.8
2026,11,WEU,international shipping,preprocessed,34586400.0
2026,12,CEU,international shipping,preprocessed,4992406.0
2026,13,TUR,international shipping,preprocessed,1573318.0
2026,14,UKR,international shipping,preprocessed,319051.8
2026,15,STAN,international shipping,preprocessed,412058.9
2026,16,RUS,international shipping,preprocessed,1173080.0
2026,17,ME,international shipping,preprocessed,4272691.0
2026,18,INDIA,international shipping,preprocessed,2852188.0
2026,19,KOR,international shipping,preprocessed,2288708.0
2026,20,CHN,international shipping,preprocessed,16612580.0
2026,21,SEAS,international shipping,preprocessed,9005020.0
2026,22,INDO,international shipping,preprocessed,1368323.0
2026,23,JAP,international shipping,preprocessed,4112644.0
2026,24,OCE,international shipping,preprocessed,1181283.0
2026,25,RSAS,international shipping,preprocessed,936669.9
2026,26,RSAF,international shipping,preprocessed,606650.9
2026,27,Unused,international shipping,preprocessed,0.0
2026,28,World Total,international shipping,preprocessed,108189800.0
2027,1,CAN,international shipping,preprocessed,2287347.0
2027,2,USA,international shipping,preprocessed,10736250.0
2027,3,MEX,international shipping,preprocessed,1690205.0
2027,4,RCAM,international shipping,preprocessed,884334.3
2027,5,BRA,international shipping,preprocessed,1342795.0
2027,6,RSAM,international shipping,preprocessed,1771512.0
2027,7,NAF,international shipping,preprocessed,1136569.0
2027,8,WAF,international shipping,preprocessed,1065926.0
2027,9,EAF,international shipping,preprocessed,406988.2
2027,10,SAF,international shipping,preprocessed,503819.8
2027,11,WEU,international shipping,preprocessed,34322960.0
2027,12,CEU,international shipping,preprocessed,5036655.0
2027,13,TUR,international shipping,preprocessed,1616724.0
2027,14,UKR,international shipping,preprocessed,324614.3
2027,15,STAN,international shipping,preprocessed,413054.7
2027,16,RUS,international shipping,preprocessed,1164541.0
2027,17,ME,international shipping,preprocessed,4141502.0
2027,18,INDIA,international shipping,preprocessed,2938270.0
2027,19,KOR,international shipping,preprocessed,2310467.0
2027,20,CHN,international shipping,preprocessed,16802590.0
2027,21,SEAS,international shipping,preprocessed,9160569.0
2027,22,INDO,international shipping,preprocessed,1366312.0
2027,23,JAP,international shipping,preprocessed,4073203.0
2027,24,OCE,international shipping,preprocessed,1188764.0
2027,25,RSAS,international shipping,preprocessed,968270.6
2027,26,RSAF,international shipping,preprocessed,622688.5
2027,27,Unused,international shipping,preprocessed,0.0
2027,28,World Total,international shipping,preprocessed,108276900.0
2028,1,CAN,international shipping,preprocessed,2281514.0
2028,2,USA,international shipping,preprocessed,10803340.0
2028,3,MEX,international shipping,preprocessed,1718802.0
2028,4,RCAM,international shipping,preprocessed,897618.2
2028,5,BRA,international shipping,preprocessed,1363262.0
2028,6,RSAM,international shipping,preprocessed,1771107.0
2028,7,NAF,international shipping,preprocessed,1125415.0
2028,8,WAF,international shipping,preprocessed,1071740.0
2028,9,EAF,international shipping,preprocessed,420859.5
2028,10,SAF,international shipping,preprocessed,505006.6
2028,11,WEU,international shipping,preprocessed,34407370.0
2028,12,CEU,international shipping,preprocessed,5095288.0
2028,13,TUR,international shipping,preprocessed,1662330.0
2028,14,UKR,international shipping,preprocessed,332087.9
2028,15,STAN,international shipping,preprocessed,414003.2
2028,16,RUS,international shipping,preprocessed,1164883.0
2028,17,ME,international shipping,preprocessed,4063502.0
2028,18,INDIA,international shipping,preprocessed,3029485.0
2028,19,KOR,international shipping,preprocessed,2338566.0
2028,20,CHN,international shipping,preprocessed,17067200.0
2028,21,SEAS,international shipping,preprocessed,9348254.0
2028,22,INDO,international shipping,preprocessed,1366805.0
2028,23,JAP,international shipping,preprocessed,4037962.0
2028,24,OCE,international shipping,preprocessed,1203139.0
2028,25,RSAS,international shipping,preprocessed,997216.9
2028,26,RSAF,international shipping,preprocessed,643276.8
2028,27,Unused,international shipping,preprocessed,0.0
2028,28,World Total,international shipping,preprocessed,109130000.0
2029,1,CAN,international shipping,preprocessed,2294037.0
2029,2,USA,international shipping,preprocessed,10985160.0
2029,3,MEX,international shipping,preprocessed,1759506.0
2029,4,RCAM,international shipping,preprocessed,916208.8
2029,5,BRA,international shipping,preprocessed,1388667.0
2029,6,RSAM,international shipping,preprocessed,1807669.0
2029,7,NAF,international shipping,preprocessed,1161649.0
2029,8,WAF,international shipping,preprocessed,1105605.0
2029,9,EAF,international shipping,preprocessed,440323.2
2029,10,SAF,international shipping,preprocessed,511011.6
2029,11,WEU,international shipping,preprocessed,34682930.0
2029,12,CEU,international shipping,preprocessed,5186247.0
2029,13,TUR,international shipping,preprocessed,1711688.0
2029,14,UKR,international shipping,preprocessed,341796.0
2029,15,STAN,international shipping,preprocessed,425179.0
2029,16,RUS,international shipping,preprocessed,1176018.0
2029,17,ME,international shipping,preprocessed,4171030.0
2029,18,INDIA,international shipping,preprocessed,3152930.0
2029,19,KOR,international shipping,preprocessed,2380949.0
2029,20,CHN,international shipping,preprocessed,17427560.0
2029,21,SEAS,international shipping,preprocessed,9656982.0
2029,22,INDO,international shipping,preprocessed,1412559.0
2029,23,JAP,international shipping,preprocessed,4052232.0
2029,24,OCE,international shipping,preprocessed,1227529.0
2029,25,RSAS,international shipping,preprocessed,1041159.0
2029,26,RSAF,international shipping,preprocessed,672145.7
2029,27,Unused,international shipping,preprocessed,0.0
2029,28,World Total,international shipping,preprocessed,111088800.0
2030,1,CAN,international shipping,preprocessed,2303736.0
2030,2,USA,international shipping,preprocessed,11161390.0
2030,3,MEX,international shipping,preprocessed,1799446.0
2030,4,RCAM,international shipping,preprocessed,934448.1
2030,5,BRA,international shipping,preprocessed,1415269.0
2030,6,RSAM,international shipping,preprocessed,1843002.0
2030,7,NAF,international shipping,preprocessed,1198662.0
2030,8,WAF,international shipping,preprocessed,1140605.0
2030,9,EAF,international shipping,preprocessed,460293.8
2030,10,SAF,international shipping,preprocessed,518468.6
2030,11,WEU,international shipping,preprocessed,34940910.0
2030,12,CEU,international shipping,preprocessed,5272358.0
2030,13,TUR,international shipping,preprocessed,1760276.0
2030,14,UKR,international shipping,preprocessed,351436.9
2030,15,STAN,international shipping,preprocessed,436115.5
2030,16,RUS,international shipping,preprocessed,1187093.0
2030,17,ME,international shipping,preprocessed,4286511.0
2030,18,INDIA,international shipping,preprocessed,3266443.0
2030,19,KOR,international shipping,preprocessed,2413806.0
2030,20,CHN,international shipping,preprocessed,17764710.0
2030,21,SEAS,international shipping,preprocessed,9959542.0
2030,22,INDO,international shipping,preprocessed,1457499.0
2030,23,JAP,international shipping,preprocessed,4059997.0
2030,24,OCE,international shipping,preprocessed,1251207.0
2030,25,RSAS,international shipping,preprocessed,1084920.0
2030,26,RSAF,international shipping,preprocessed,701312.8
2030,27,Unused,international shipping,preprocessed,0.0
2030,28,World Total,international shipping,preprocessed,112969500.0
2031,1,CAN,international shipping,preprocessed,2322396.0
2031,2,USA,international shipping,preprocessed,11325390.0
2031,3,MEX,international shipping,preprocessed,1843149.0
2031,4,RCAM,international shipping,preprocessed,956903.1
2031,5,BRA,international shipping,preprocessed,1461387.0
2031,6,RSAM,international shipping,preprocessed,1882193.0
2031,7,NAF,international shipping,preprocessed,1243252.0
2031,8,WAF,international shipping,preprocessed,1187902.0
2031,9,EAF,international shipping,preprocessed,484102.8
2031,10,SAF,international shipping,preprocessed,530492.4
2031,11,WEU,international shipping,preprocessed,35146570.0
2031,12,CEU,international shipping,preprocessed,5339773.0
2031,13,TUR,international shipping,preprocessed,1807723.0
2031,14,UKR,international shipping,preprocessed,361375.2
2031,15,STAN,international shipping,preprocessed,448625.8
2031,16,RUS,international shipping,preprocessed,1201575.0
2031,17,ME,international shipping,preprocessed,4409361.0
2031,18,INDIA,international shipping,preprocessed,3379323.0
2031,19,KOR,international shipping,preprocessed,2452220.0
2031,20,CHN,international shipping,preprocessed,18033740.0
2031,21,SEAS,international shipping,preprocessed,10257340.0
2031,22,INDO,international shipping,preprocessed,1501329.0
2031,23,JAP,international shipping,preprocessed,4076632.0
2031,24,OCE,international shipping,preprocessed,1274250.0
2031,25,RSAS,international shipping,preprocessed,1134540.0
2031,26,RSAF,international shipping,preprocessed,736773.4
2031,27,Unused,international shipping,preprocessed,0.0
2031,28,World Total,international shipping,preprocessed,114798300.0
2032,1,CAN,international shipping,preprocessed,2342471.0
2032,2,USA,international shipping,preprocessed,11486640.0
2032,3,MEX,international shipping,preprocessed,1887451.0
2032,4,RCAM,international shipping,preprocessed,980111.6
2032,5,BRA,international shipping,preprocessed,1503133.0
2032,6,RSAM,international shipping,preprocessed,1919664.0
2032,7,NAF,international shipping,preprocessed,1289924.0
2032,8,WAF,international shipping,preprocessed,1234920.0
2032,9,EAF,international shipping,preprocessed,508308.4
2032,10,SAF,international shipping,preprocessed,542480.2
2032,11,WEU,international shipping,preprocessed,35369680.0
2032,12,CEU,international shipping,preprocessed,5409359.0
2032,13,TUR,international shipping,preprocessed,1855485.0
2032,14,UKR,international shipping,preprocessed,371792.7
2032,15,STAN,international shipping,preprocessed,461126.8
2032,16,RUS,international shipping,preprocessed,1216355.0
2032,17,ME,international shipping,preprocessed,4539840.0
2032,18,INDIA,international shipping,preprocessed,3489398.0
2032,19,KOR,international shipping,preprocessed,2497087.0
2032,20,CHN,international shipping,preprocessed,18327970.0
2032,21,SEAS,international shipping,preprocessed,10559610.0
2032,22,INDO,international shipping,preprocessed,1547126.0
2032,23,JAP,international shipping,preprocessed,4092934.0
2032,24,OCE,international shipping,preprocessed,1295743.0
2032,25,RSAS,international shipping,preprocessed,1185034.0
2032,26,RSAF,international shipping,preprocessed,772120.1
2032,27,Unused,international shipping,preprocessed,0.0
2032,28,World Total,international shipping,preprocessed,116685800.0
2033,1,CAN,international shipping,preprocessed,2362654.0
2033,2,USA,international shipping,preprocessed,11631580.0
2033,3,MEX,international shipping,preprocessed,1930305.0
2033,4,RCAM,international shipping,preprocessed,1001296.0
2033,5,BRA,international shipping,preprocessed,1536123.0
2033,6,RSAM,international shipping,preprocessed,1953315.0
2033,7,NAF,international shipping,preprocessed,1336187.0
2033,8,WAF,international shipping,preprocessed,1281521.0
2033,9,EAF,international shipping,preprocessed,532757.5
2033,10,SAF,international shipping,preprocessed,554620.4
2033,11,WEU,international shipping,preprocessed,35610700.0
2033,12,CEU,international shipping,preprocessed,5476813.0
2033,13,TUR,international shipping,preprocessed,1901568.0
2033,14,UKR,international shipping,preprocessed,382349.0
2033,15,STAN,international shipping,preprocessed,473095.3
2033,16,RUS,international shipping,preprocessed,1231083.0
2033,17,ME,international shipping,preprocessed,4667341.0
2033,18,INDIA,international shipping,preprocessed,3594561.0
2033,19,KOR,international shipping,preprocessed,2532747.0
2033,20,CHN,international shipping,preprocessed,18578830.0
2033,21,SEAS,international shipping,preprocessed,10852370.0
2033,22,INDO,international shipping,preprocessed,1592693.0
2033,23,JAP,international shipping,preprocessed,4102262.0
2033,24,OCE,international shipping,preprocessed,1314241.0
2033,25,RSAS,international shipping,preprocessed,1235286.0
2033,26,RSAF,international shipping,preprocessed,807219.5
2033,27,Unused,international shipping,preprocessed,0.0
2033,28,World Total,international shipping,preprocessed,118473500.0
2034,1,CAN,international shipping,preprocessed,2382166.0
2034,2,USA,international shipping,preprocessed,11760600.0
2034,3,MEX,international shipping,preprocessed,1971623.0
2034,4,RCAM,international shipping,preprocessed,1021410.0
2034,5,BRA,international shipping,preprocessed,1566914.0
2034,6,RSAM,international shipping,preprocessed,1984301.0
2034,7,NAF,international shipping,preprocessed,1380466.0
2034,8,WAF,international shipping,preprocessed,1327366.0
2034,9,EAF,international shipping,preprocessed,557248.1
2034,10,SAF,international shipping,preprocessed,566722.6
2034,11,WEU,international shipping,preprocessed,35833170.0
2034,12,CEU,international shipping,preprocessed,5541542.0
2034,13,TUR,international shipping,preprocessed,1945865.0
2034,14,UKR,international shipping,preprocessed,393000.3
2034,15,STAN,international shipping,preprocessed,484544.6
2034,16,RUS,international shipping,preprocessed,1245279.0
2034,17,ME,international shipping,preprocessed,4783781.0
2034,18,INDIA,international shipping,preprocessed,3700021.0
2034,19,KOR,international shipping,preprocessed,2561202.0
2034,20,CHN,international shipping,preprocessed,18807700.0
2034,21,SEAS,international shipping,preprocessed,11126810.0
2034,22,INDO,international shipping,preprocessed,1637821.0
2034,23,JAP,international shipping,preprocessed,4102390.0
2034,24,OCE,international shipping,preprocessed,1330410.0
2034,25,RSAS,international shipping,preprocessed,1284829.0
2034,26,RSAF,international shipping,preprocessed,841925.1
2034,27,Unused,international shipping,preprocessed,0.0
2034,28,World Total,international shipping,preprocessed,120139100.0
2035,1,CAN,international shipping,preprocessed,2402814.0
2035,2,USA,international shipping,preprocessed,11881290.0
2035,3,MEX,international shipping,preprocessed,2012244.0
2035,4,RCAM,international shipping,preprocessed,1046756.0
2035,5,BRA,international shipping,preprocessed,1592379.0
2035,6,RSAM,international shipping,preprocessed,2018945.0
2035,7,NAF,international shipping,preprocessed,1422357.0
2035,8,WAF,international shipping,preprocessed,1372774.0
2035,9,EAF,international shipping,preprocessed,581669.4
2035,10,SAF,international shipping,preprocessed,578652.5
2035,11,WEU,international shipping,preprocessed,36056600.0
2035,12,CEU,international shipping,preprocessed,5613166.0
2035,13,TUR,international shipping,preprocessed,1982684.0
2035,14,UKR,international shipping,preprocessed,403035.5
2035,15,STAN,international shipping,preprocessed,495936.3
2035,16,RUS,international shipping,preprocessed,1259344.0
2035,17,ME,international shipping,preprocessed,4895250.0
2035,18,INDIA,international shipping,preprocessed,3823519.0
2035,19,KOR,international shipping,preprocessed,2587818.0
2035,20,CHN,international shipping,preprocessed,19038450.0
2035,21,SEAS,international shipping,preprocessed,11417510.0
2035,22,INDO,international shipping,preprocessed,1680856.0
2035,23,JAP,international shipping,preprocessed,4096763.0
2035,24,OCE,international shipping,preprocessed,1342899.0
2035,25,RSAS,international shipping,preprocessed,1337838.0
2035,26,RSAF,international shipping,preprocessed,875512.2
2035,27,Unused,international shipping,preprocessed,0.0
2035,28,World Total,international shipping,preprocessed,121817000.0
2036,1,CAN,international shipping,preprocessed,2425135.0
2036,2,USA,international shipping,preprocessed,11983000.0
2036,3,MEX,international shipping,preprocessed,2055254.0
2036,4,RCAM,international shipping,preprocessed,1072823.0
2036,5,BRA,international shipping,preprocessed,1618931.0
2036,6,RSAM,international shipping,preprocessed,2064406.0
2036,7,NAF,international shipping,preprocessed,1468110.0
2036,8,WAF,international shipping,preprocessed,1425433.0
2036,9,EAF,international shipping,preprocessed,609281.1
2036,10,SAF,international shipping,preprocessed,592499.4
2036,11,WEU,international shipping,preprocessed,36351560.0
2036,12,CEU,international shipping,preprocessed,5657190.0
2036,13,TUR,international shipping,preprocessed,2017502.0
2036,14,UKR,international shipping,preprocessed,412635.5
2036,15,STAN,international shipping,preprocessed,506850.2
2036,16,RUS,international shipping,preprocessed,1273796.0
2036,17,ME,international shipping,preprocessed,4999350.0
2036,18,INDIA,international shipping,preprocessed,3958774.0
2036,19,KOR,international shipping,preprocessed,2605634.0
2036,20,CHN,international shipping,preprocessed,19273960.0
2036,21,SEAS,international shipping,preprocessed,11716180.0
2036,22,INDO,international shipping,preprocessed,1723115.0
2036,23,JAP,international shipping,preprocessed,4085092.0
2036,24,OCE,international shipping,preprocessed,1357710.0
2036,25,RSAS,international shipping,preprocessed,1395662.0
2036,26,RSAF,international shipping,preprocessed,914114.0
2036,27,Unused,international shipping,preprocessed,0.0
2036,28,World Total,international shipping,preprocessed,123564000.0
2037,1,CAN,international shipping,preprocessed,2447138.0
2037,2,USA,international shipping,preprocessed,12073690.0
2037,3,MEX,international shipping,preprocessed,2095115.0
2037,4,RCAM,international shipping,preprocessed,1097914.0
2037,5,BRA,international shipping,preprocessed,1645592.0
2037,6,RSAM,international shipping,preprocessed,2108142.0
2037,7,NAF,international shipping,preprocessed,1510264.0
2037,8,WAF,international shipping,preprocessed,1477203.0
2037,9,EAF,international shipping,preprocessed,636325.4
2037,10,SAF,international shipping,preprocessed,605251.9
2037,11,WEU,international shipping,preprocessed,36640820.0
2037,12,CEU,international shipping,preprocessed,5688223.0
2037,13,TUR,international shipping,preprocessed,2070835.0
2037,14,UKR,international shipping,preprocessed,421599.7
2037,15,STAN,international shipping,preprocessed,517103.5
2037,16,RUS,international shipping,preprocessed,1287443.0
2037,17,ME,international shipping,preprocessed,5092594.0
2037,18,INDIA,international shipping,preprocessed,4087020.0
2037,19,KOR,international shipping,preprocessed,2628328.0
2037,20,CHN,international shipping,preprocessed,19484750.0
2037,21,SEAS,international shipping,preprocessed,11988360.0
2037,22,INDO,international shipping,preprocessed,1762017.0
2037,23,JAP,international shipping,preprocessed,4092053.0
2037,24,OCE,international shipping,preprocessed,1373741.0
2037,25,RSAS,international shipping,preprocessed,1450502.0
2037,26,RSAF,international shipping,preprocessed,951691.7
2037,27,Unused,international shipping,preprocessed,0.0
2037,28,World Total,international shipping,preprocessed,125233700.0
2038,1,CAN,international shipping,preprocessed,2469713.0
2038,2,USA,international shipping,preprocessed,12163930.0
2038,3,MEX,international shipping,preprocessed,2133029.0
2038,4,RCAM,international shipping,preprocessed,1122574.0
2038,5,BRA,international shipping,preprocessed,1675018.0
2038,6,RSAM,international shipping,preprocessed,2151257.0
2038,7,NAF,international shipping,preprocessed,1551123.0
2038,8,WAF,international shipping,preprocessed,1522103.0
2038,9,EAF,international shipping,preprocessed,661924.1
2038,10,SAF,international shipping,preprocessed,615888.6
2038,11,WEU,international shipping,preprocessed,36925350.0
2038,12,CEU,international shipping,preprocessed,5727278.0
2038,13,TUR,international shipping,preprocessed,2130795.0
2038,14,UKR,international shipping,preprocessed,429762.4
2038,15,STAN,international shipping,preprocessed,526388.8
2038,16,RUS,international shipping,preprocessed,1300683.0
2038,17,ME,international shipping,preprocessed,5184422.0
2038,18,INDIA,international shipping,preprocessed,4209404.0
2038,19,KOR,international shipping,preprocessed,2652030.0
2038,20,CHN,international shipping,preprocessed,19674070.0
2038,21,SEAS,international shipping,preprocessed,12242100.0
2038,22,INDO,international shipping,preprocessed,1799600.0
2038,23,JAP,international shipping,preprocessed,4102122.0
2038,24,OCE,international shipping,preprocessed,1390720.0
2038,25,RSAS,international shipping,preprocessed,1501850.0
2038,26,RSAF,international shipping,preprocessed,987754.7
2038,27,Unused,international shipping,preprocessed,0.0
2038,28,World Total,international shipping,preprocessed,126850900.0
2039,1,CAN,international shipping,preprocessed,2485322.0
2039,2,USA,international shipping,preprocessed,12252670.0
2039,3,MEX,international shipping,preprocessed,2171281.0
2039,4,RCAM,international shipping,preprocessed,1146272.0
2039,5,BRA,international shipping,preprocessed,1706671.0
2039,6,RSAM,international shipping,preprocessed,2193538.0
2039,7,NAF,international shipping,preprocessed,1590755.0
2039,8,WAF,international shipping,preprocessed,1560839.0
2039,9,EAF,international shipping,preprocessed,684975.3
2039,10,SAF,international shipping,preprocessed,623445.0
2039,11,WEU,international shipping,preprocessed,37195560.0
2039,12,CEU,international shipping,preprocessed,5771966.0
2039,13,TUR,international shipping,preprocessed,2191339.0
2039,14,UKR,international shipping,preprocessed,437795.0
2039,15,STAN,international shipping,preprocessed,533223.1
2039,16,RUS,international shipping,preprocessed,1311443.0
2039,17,ME,international shipping,preprocessed,5274904.0
2039,18,INDIA,international shipping,preprocessed,4325413.0
2039,19,KOR,international shipping,preprocessed,2675808.0
2039,20,CHN,international shipping,preprocessed,19841930.0
2039,21,SEAS,international shipping,preprocessed,12478910.0
2039,22,INDO,international shipping,preprocessed,1835665.0
2039,23,JAP,international shipping,preprocessed,4110604.0
2039,24,OCE,international shipping,preprocessed,1407724.0
2039,25,RSAS,international shipping,preprocessed,1546327.0
2039,26,RSAF,international shipping,preprocessed,1020068.0
2039,27,Unused,international shipping,preprocessed,0.0
2039,28,World Total,international shipping,preprocessed,128374400.0
2040,1,CAN,international shipping,preprocessed,2506486.0
2040,2,USA,international shipping,preprocessed,12339490.0
2040,3,MEX,international shipping,preprocessed,2212007.0
2040,4,RCAM,international shipping,preprocessed,1167445.0
2040,5,BRA,international shipping,preprocessed,1740051.0
2040,6,RSAM,international shipping,preprocessed,2235037.0
2040,7,NAF,international shipping,preprocessed,1629618.0
2040,8,WAF,international shipping,preprocessed,1612845.0
2040,9,EAF,international shipping,preprocessed,710927.6
2040,10,SAF,international shipping,preprocessed,632705.4
2040,11,WEU,international shipping,preprocessed,37456000.0
2040,12,CEU,international shipping,preprocessed,5804533.0
2040,13,TUR,international shipping,preprocessed,2250314.0
2040,14,UKR,international shipping,preprocessed,445451.8
2040,15,STAN,international shipping,preprocessed,540348.0
2040,16,RUS,international shipping,preprocessed,1319567.0
2040,17,ME,international shipping,preprocessed,5364208.0
2040,18,INDIA,international shipping,preprocessed,4435556.0
2040,19,KOR,international shipping,preprocessed,2697046.0
2040,20,CHN,international shipping,preprocessed,19992680.0
2040,21,SEAS,international shipping,preprocessed,12700540.0
2040,22,INDO,international shipping,preprocessed,1870154.0
2040,23,JAP,international shipping,preprocessed,4116767.0
2040,24,OCE,international shipping,preprocessed,1424273.0
2040,25,RSAS,international shipping,preprocessed,1590749.0
2040,26,RSAF,international shipping,preprocessed,1050883.0
2040,27,Unused,international shipping,preprocessed,0.0
2040,28,World Total,international shipping,preprocessed,129845700.0
2041,1,CAN,international shipping,preprocessed,2524988.0
2041,2,USA,international shipping,preprocessed,12421010.0
2041,3,MEX,international shipping,preprocessed,2258032.0
2041,4,RCAM,international shipping,preprocessed,1191011.0
2041,5,BRA,international shipping,preprocessed,1782615.0
2041,6,RSAM,international shipping,preprocessed,2279457.0
2041,7,NAF,international shipping,preprocessed,1673762.0
2041,8,WAF,international shipping,preprocessed,1672365.0
2041,9,EAF,international shipping,preprocessed,743176.5
2041,10,SAF,international shipping,preprocessed,646235.0
2041,11,WEU,international shipping,preprocessed,37714160.0
2041,12,CEU,international shipping,preprocessed,5820142.0
2041,13,TUR,international shipping,preprocessed,2282768.0
2041,14,UKR,international shipping,preprocessed,452035.2
2041,15,STAN,international shipping,preprocessed,549336.1
2041,16,RUS,international shipping,preprocessed,1327660.0
2041,17,ME,international shipping,preprocessed,5449768.0
2041,18,INDIA,international shipping,preprocessed,4546661.0
2041,19,KOR,international shipping,preprocessed,2708941.0
2041,20,CHN,international shipping,preprocessed,20107640.0
2041,21,SEAS,international shipping,preprocessed,12897430.0
2041,22,INDO,international shipping,preprocessed,1902619.0
2041,23,JAP,international shipping,preprocessed,4121442.0
2041,24,OCE,international shipping,preprocessed,1441506.0
2041,25,RSAS,international shipping,preprocessed,1649965.0
2041,26,RSAF,international shipping,preprocessed,1092842.0
2041,27,Unused,international shipping,preprocessed,0.0
2041,28,World Total,international shipping,preprocessed,131257600.0
2042,1,CAN,international shipping,preprocessed,2543794.0
2042,2,USA,international shipping,preprocessed,12499310.0
2042,3,MEX,international shipping,preprocessed,2304187.0
2042,4,RCAM,international shipping,preprocessed,1213082.0
2042,5,BRA,international shipping,preprocessed,1825780.0
2042,6,RSAM,international shipping,preprocessed,2323397.0
2042,7,NAF,international shipping,preprocessed,1716772.0
2042,8,WAF,international shipping,preprocessed,1731851.0
2042,9,EAF,international shipping,preprocessed,777283.7
2042,10,SAF,international shipping,preprocessed,659403.5
2042,11,WEU,international shipping,preprocessed,37963780.0
2042,12,CEU,international shipping,preprocessed,5841001.0
2042,13,TUR,international shipping,preprocessed,2316701.0
2042,14,UKR,international shipping,preprocessed,458667.3
2042,15,STAN,international shipping,preprocessed,557941.7
2042,16,RUS,international shipping,preprocessed,1336567.0
2042,17,ME,international shipping,preprocessed,5534655.0
2042,18,INDIA,international shipping,preprocessed,4654156.0
2042,19,KOR,international shipping,preprocessed,2714599.0
2042,20,CHN,international shipping,preprocessed,20216680.0
2042,21,SEAS,international shipping,preprocessed,13084930.0
2042,22,INDO,international shipping,preprocessed,1934058.0
2042,23,JAP,international shipping,preprocessed,4125935.0
2042,24,OCE,international shipping,preprocessed,1457942.0
2042,25,RSAS,international shipping,preprocessed,1708214.0
2042,26,RSAF,international shipping,preprocessed,1133807.0
2042,27,Unused,international shipping,preprocessed,0.0
2042,28,World Total,international shipping,preprocessed,132634500.0
2043,1,CAN,international shipping,preprocessed,2563484.0
2043,2,USA,international shipping,preprocessed,12575340.0
2043,3,MEX,international shipping,preprocessed,2350294.0
2043,4,RCAM,international shipping,preprocessed,1233797.0
2043,5,BRA,international shipping,preprocessed,1869069.0
2043,6,RSAM,international shipping,preprocessed,2366995.0
2043,7,NAF,international shipping,preprocessed,1758734.0
2043,8,WAF,international shipping,preprocessed,1791214.0
2043,9,EAF,international shipping,preprocessed,812444.4
2043,10,SAF,international shipping,preprocessed,672308.7
2043,11,WEU,international shipping,preprocessed,38221180.0
2043,12,CEU,international shipping,preprocessed,5865070.0
2043,13,TUR,international shipping,preprocessed,2351765.0
2043,14,UKR,international shipping,preprocessed,465300.3
2043,15,STAN,international shipping,preprocessed,566201.1
2043,16,RUS,international shipping,preprocessed,1346829.0
2043,17,ME,international shipping,preprocessed,5618995.0
2043,18,INDIA,international shipping,preprocessed,4759263.0
2043,19,KOR,international shipping,preprocessed,2717335.0
2043,20,CHN,international shipping,preprocessed,20328340.0
2043,21,SEAS,international shipping,preprocessed,13268180.0
2043,22,INDO,international shipping,preprocessed,1964648.0
2043,23,JAP,international shipping,preprocessed,4130781.0
2043,24,OCE,international shipping,preprocessed,1473806.0
2043,25,RSAS,international shipping,preprocessed,1765330.0
2043,26,RSAF,international shipping,preprocessed,1174583.0
2043,27,Unused,international shipping,preprocessed,0.0
2043,28,World Total,international shipping,preprocessed,134011300.0
2044,1,CAN,international shipping,preprocessed,2584009.0
2044,2,USA,international shipping,preprocessed,12630090.0
2044,3,MEX,international shipping,preprocessed,2396166.0
2044,4,RCAM,international shipping,preprocessed,1255017.0
2044,5,BRA,international shipping,preprocessed,1912131.0
2044,6,RSAM,international shipping,preprocessed,2410086.0
2044,7,NAF,international shipping,preprocessed,1799725.0
2044,8,WAF,international shipping,preprocessed,1850460.0
2044,9,EAF,international shipping,preprocessed,847679.1
2044,10,SAF,international shipping,preprocessed,684975.7
2044,11,WEU,international shipping,preprocessed,38485930.0
2044,12,CEU,international shipping,preprocessed,5890893.0
2044,13,TUR,international shipping,preprocessed,2388254.0
2044,14,UKR,international shipping,preprocessed,472048.8
2044,15,STAN,international shipping,preprocessed,574092.8
2044,16,RUS,international shipping,preprocessed,1359022.0
2044,17,ME,international shipping,preprocessed,5702861.0
2044,18,INDIA,international shipping,preprocessed,4862377.0
2044,19,KOR,international shipping,preprocessed,2721171.0
2044,20,CHN,international shipping,preprocessed,20442980.0
2044,21,SEAS,international shipping,preprocessed,13444120.0
2044,22,INDO,international shipping,preprocessed,1994820.0
2044,23,JAP,international shipping,preprocessed,4135202.0
2044,24,OCE,international shipping,preprocessed,1489325.0
2044,25,RSAS,international shipping,preprocessed,1821282.0
2044,26,RSAF,international shipping,preprocessed,1215235.0
2044,27,Unused,international shipping,preprocessed,0.0
2044,28,World Total,international shipping,preprocessed,135370000.0
2045,1,CAN,international shipping,preprocessed,2599373.0
2045,2,USA,international shipping,preprocessed,12703140.0
2045,3,MEX,international shipping,preprocessed,2441719.0
2045,4,RCAM,international shipping,preprocessed,1276884.0
2045,5,BRA,international shipping,preprocessed,1954611.0
2045,6,RSAM,international shipping,preprocessed,2452475.0
2045,7,NAF,international shipping,preprocessed,1839278.0
2045,8,WAF,international shipping,preprocessed,1909604.0
2045,9,EAF,international shipping,preprocessed,882394.4
2045,10,SAF,international shipping,preprocessed,697406.0
2045,11,WEU,international shipping,preprocessed,38755570.0
2045,12,CEU,international shipping,preprocessed,5918255.0
2045,13,TUR,international shipping,preprocessed,2425519.0
2045,14,UKR,international shipping,preprocessed,478800.4
2045,15,STAN,international shipping,preprocessed,581647.3
2045,16,RUS,international shipping,preprocessed,1371089.0
2045,17,ME,international shipping,preprocessed,5786248.0
2045,18,INDIA,international shipping,preprocessed,4963929.0
2045,19,KOR,international shipping,preprocessed,2727502.0
2045,20,CHN,international shipping,preprocessed,20559570.0
2045,21,SEAS,international shipping,preprocessed,13613630.0
2045,22,INDO,international shipping,preprocessed,2024440.0
2045,23,JAP,international shipping,preprocessed,4139470.0
2045,24,OCE,international shipping,preprocessed,1504659.0
2045,25,RSAS,international shipping,preprocessed,1876105.0
2045,26,RSAF,international shipping,preprocessed,1255797.0
2045,27,Unused,international shipping,preprocessed,0.0
2045,28,World Total,international shipping,preprocessed,136739100.0
2046,1,CAN,international shipping,preprocessed,2615116.0
2046,2,USA,international shipping,preprocessed,12759650.0
2046,3,MEX,international shipping,preprocessed,2489321.0
2046,4,RCAM,international shipping,preprocessed,1301357.0
2046,5,BRA,international shipping,preprocessed,2001922.0
2046,6,RSAM,international shipping,preprocessed,2496205.0
2046,7,NAF,international shipping,preprocessed,1883570.0
2046,8,WAF,international shipping,preprocessed,1979990.0
2046,9,EAF,international shipping,preprocessed,922941.8
2046,10,SAF,international shipping,preprocessed,710931.0
2046,11,WEU,international shipping,preprocessed,39027540.0
2046,12,CEU,international shipping,preprocessed,5939675.0
2046,13,TUR,international shipping,preprocessed,2459039.0
2046,14,UKR,international shipping,preprocessed,485573.2
2046,15,STAN,international shipping,preprocessed,588539.3
2046,16,RUS,international shipping,preprocessed,1382783.0
2046,17,ME,international shipping,preprocessed,5864995.0
2046,18,INDIA,international shipping,preprocessed,5068768.0
2046,19,KOR,international shipping,preprocessed,2733388.0
2046,20,CHN,international shipping,preprocessed,20647850.0
2046,21,SEAS,international shipping,preprocessed,13765110.0
2046,22,INDO,international shipping,preprocessed,2051901.0
2046,23,JAP,international shipping,preprocessed,4145097.0
2046,24,OCE,international shipping,preprocessed,1520204.0
2046,25,RSAS,international shipping,preprocessed,1938810.0
2046,26,RSAF,international shipping,preprocessed,1304789.0
2046,27,Unused,international shipping,preprocessed,0.0
2046,28,World Total,international shipping,preprocessed,138085100.0
2047,1,CAN,international shipping,preprocessed,2636482.0
2047,2,USA,international shipping,preprocessed,12826480.0
2047,3,MEX,international shipping,preprocessed,2536464.0
2047,4,RCAM,international shipping,preprocessed,1325790.0
2047,5,BRA,international shipping,preprocessed,2047602.0
2047,6,RSAM,international shipping,preprocessed,2539162.0
2047,7,NAF,international shipping,preprocessed,1926245.0
2047,8,WAF,international shipping,preprocessed,2050177.0
2047,9,EAF,international shipping,preprocessed,962655.1
2047,10,SAF,international shipping,preprocessed,724066.5
2047,11,WEU,international shipping,preprocessed,39302710.0
2047,12,CEU,international shipping,preprocessed,5960338.0
2047,13,TUR,international shipping,preprocessed,2491058.0
2047,14,UKR,international shipping,preprocessed,492296.0
2047,15,STAN,international shipping,preprocessed,595070.6
2047,16,RUS,international shipping,preprocessed,1394100.0
2047,17,ME,international shipping,preprocessed,5942983.0
2047,18,INDIA,international shipping,preprocessed,5172909.0
2047,19,KOR,international shipping,preprocessed,2741334.0
2047,20,CHN,international shipping,preprocessed,20737490.0
2047,21,SEAS,international shipping,preprocessed,13912950.0
2047,22,INDO,international shipping,preprocessed,2078945.0
2047,23,JAP,international shipping,preprocessed,4150308.0
2047,24,OCE,international shipping,preprocessed,1535602.0
2047,25,RSAS,international shipping,preprocessed,2000557.0
2047,26,RSAF,international shipping,preprocessed,1353459.0
2047,27,Unused,international shipping,preprocessed,0.0
2047,28,World Total,international shipping,preprocessed,139437200.0
2048,1,CAN,international shipping,preprocessed,2658192.0
2048,2,USA,international shipping,preprocessed,12892470.0
2048,3,MEX,international shipping,preprocessed,2583248.0
2048,4,RCAM,international shipping,preprocessed,1349867.0
2048,5,BRA,international shipping,preprocessed,2091591.0
2048,6,RSAM,international shipping,preprocessed,2581075.0
2048,7,NAF,international shipping,preprocessed,1968049.0
2048,8,WAF,international shipping,preprocessed,2120212.0
2048,9,EAF,international shipping,preprocessed,1001483.0
2048,10,SAF,international shipping,preprocessed,736828.6
2048,11,WEU,international shipping,preprocessed,39576040.0
2048,12,CEU,international shipping,preprocessed,5979899.0
2048,13,TUR,international shipping,preprocessed,2521330.0
2048,14,UKR,international shipping,preprocessed,498956.1
2048,15,STAN,international shipping,preprocessed,601221.6
2048,16,RUS,international shipping,preprocessed,1405293.0
2048,17,ME,international shipping,preprocessed,6020358.0
2048,18,INDIA,international shipping,preprocessed,5275863.0
2048,19,KOR,international shipping,preprocessed,2750780.0
2048,20,CHN,international shipping,preprocessed,20825460.0
2048,21,SEAS,international shipping,preprocessed,14057980.0
2048,22,INDO,international shipping,preprocessed,2105592.0
2048,23,JAP,international shipping,preprocessed,4155674.0
2048,24,OCE,international shipping,preprocessed,1550798.0
2048,25,RSAS,international shipping,preprocessed,2061583.0
2048,26,RSAF,international shipping,preprocessed,1401712.0
2048,27,Unused,international shipping,preprocessed,0.0
2048,28,World Total,international shipping,preprocessed,140771600.0
2049,1,CAN,international shipping,preprocessed,2680148.0
2049,2,USA,international shipping,preprocessed,12957550.0
2049,3,MEX,international shipping,preprocessed,2629727.0
2049,4,RCAM,international shipping,preprocessed,1373468.0
2049,5,BRA,international shipping,preprocessed,2134096.0
2049,6,RSAM,international shipping,preprocessed,2622025.0
2049,7,NAF,international shipping,preprocessed,2009177.0
2049,8,WAF,international shipping,preprocessed,2190127.0
2049,9,EAF,international shipping,preprocessed,1039490.0
2049,10,SAF,international shipping,preprocessed,749275.9
2049,11,WEU,international shipping,preprocessed,39847000.0
2049,12,CEU,international shipping,preprocessed,5998864.0
2049,13,TUR,international shipping,preprocessed,2549633.0
2049,14,UKR,international shipping,preprocessed,505658.1
2049,15,STAN,international shipping,preprocessed,606970.5
2049,16,RUS,international shipping,preprocessed,1416347.0
2049,17,ME,international shipping,preprocessed,6097499.0
2049,18,INDIA,international shipping,preprocessed,5377902.0
2049,19,KOR,international shipping,preprocessed,2761155.0
2049,20,CHN,international shipping,preprocessed,20914050.0
2049,21,SEAS,international shipping,preprocessed,14198540.0
2049,22,INDO,international shipping,preprocessed,2131915.0
2049,23,JAP,international shipping,preprocessed,4161122.0
2049,24,OCE,international shipping,preprocessed,1565843.0
2049,25,RSAS,international shipping,preprocessed,2122008.0
2049,26,RSAF,international shipping,preprocessed,1449595.0
2049,27,Unused,international shipping,preprocessed,0.0
2049,28,World Total,international shipping,preprocessed,142089200.0
2050,1,CAN,international shipping,preprocessed,2702305.0
2050,2,USA,international shipping,preprocessed,13020900.0
2050,3,MEX,international shipping,preprocessed,2675932.0
2050,4,RCAM,international shipping,preprocessed,1396647.0
2050,5,BRA,international shipping,preprocessed,2175393.0
2050,6,RSAM,international shipping,preprocessed,2662146.0
2050,7,NAF,international shipping,preprocessed,2049810.0
2050,8,WAF,international shipping,preprocessed,2259826.0
2050,9,EAF,international shipping,preprocessed,1076766.0
2050,10,SAF,international shipping,preprocessed,761517.6
2050,11,WEU,international shipping,preprocessed,40118040.0
2050,12,CEU,international shipping,preprocessed,6017256.0
2050,13,TUR,international shipping,preprocessed,2576442.0
2050,14,UKR,international shipping,preprocessed,512572.4
2050,15,STAN,international shipping,preprocessed,612405.6
2050,16,RUS,international shipping,preprocessed,1427332.0
2050,17,ME,international shipping,preprocessed,6174016.0
2050,18,INDIA,international shipping,preprocessed,5479261.0
2050,19,KOR,international shipping,preprocessed,2772188.0
2050,20,CHN,international shipping,preprocessed,20998990.0
2050,21,SEAS,international shipping,preprocessed,14341870.0
2050,22,INDO,international shipping,preprocessed,2154626.0
2050,23,JAP,international shipping,preprocessed,4166793.0
2050,24,OCE,international shipping,preprocessed,1581139.0
2050,25,RSAS,international shipping,preprocessed,2181960.0
2050,26,RSAF,international shipping,preprocessed,1497234.0
2050,27,Unused,international shipping,preprocessed,0.0
2050,28,World Total,international shipping,preprocessed,143393300.0
2051,1,CAN,international shipping,preprocessed,2733351.0
2051,2,USA,international shipping,preprocessed,13091860.0
2051,3,MEX,international shipping,preprocessed,2713742.0
2051,4,RCAM,international shipping,preprocessed,1421391.0
2051,5,BRA,international shipping,preprocessed,2210125.0
2051,6,RSAM,international shipping,preprocessed,2699735.0
2051,7,NAF,international shipping,preprocessed,2100999.0
2051,8,WAF,international shipping,preprocessed,2346337.0
2051,9,EAF,international shipping,preprocessed,1119527.0
2051,10,SAF,international shipping,preprocessed,776304.9
2051,11,WEU,international shipping,preprocessed,40414460.0
2051,12,CEU,international shipping,preprocessed,6021678.0
2051,13,TUR,international shipping,preprocessed,2591461.0
2051,14,UKR,international shipping,preprocessed,516691.0
2051,15,STAN,international shipping,preprocessed,622474.3
2051,16,RUS,international shipping,preprocessed,1438058.0
2051,17,ME,international shipping,preprocessed,6245887.0
2051,18,INDIA,international shipping,preprocessed,5582861.0
2051,19,KOR,international shipping,preprocessed,2767681.0
2051,20,CHN,international shipping,preprocessed,21028360.0
2051,21,SEAS,international shipping,preprocessed,14495310.0
2051,22,INDO,international shipping,preprocessed,2176766.0
2051,23,JAP,international shipping,preprocessed,4166888.0
2051,24,OCE,international shipping,preprocessed,1606399.0
2051,25,RSAS,international shipping,preprocessed,2247062.0
2051,26,RSAF,international shipping,preprocessed,1551709.0
2051,27,Unused,international shipping,preprocessed,0.0
2051,28,World Total,international shipping,preprocessed,144687100.0
2052,1,CAN,international shipping,preprocessed,2764486.0
2052,2,USA,international shipping,preprocessed,13162520.0
2052,3,MEX,international shipping,preprocessed,2751084.0
2052,4,RCAM,international shipping,preprocessed,1445859.0
2052,5,BRA,international shipping,preprocessed,2243893.0
2052,6,RSAM,international shipping,preprocessed,2736028.0
2052,7,NAF,international shipping,preprocessed,2152107.0
2052,8,WAF,international shipping,preprocessed,2432649.0
2052,9,EAF,international shipping,preprocessed,1161767.0
2052,10,SAF,international shipping,preprocessed,790937.4
2052,11,WEU,international shipping,preprocessed,40710330.0
2052,12,CEU,international shipping,preprocessed,6025950.0
2052,13,TUR,international shipping,preprocessed,2605626.0
2052,14,UKR,international shipping,preprocessed,520705.8
2052,15,STAN,international shipping,preprocessed,632487.2
2052,16,RUS,international shipping,preprocessed,1448787.0
2052,17,ME,international shipping,preprocessed,6317052.0
2052,18,INDIA,international shipping,preprocessed,5684919.0
2052,19,KOR,international shipping,preprocessed,2762910.0
2052,20,CHN,international shipping,preprocessed,21056160.0
2052,21,SEAS,international shipping,preprocessed,14648160.0
2052,22,INDO,international shipping,preprocessed,2198783.0
2052,23,JAP,international shipping,preprocessed,4167117.0
2052,24,OCE,international shipping,preprocessed,1631641.0
2052,25,RSAS,international shipping,preprocessed,2311250.0
2052,26,RSAF,international shipping,preprocessed,1605406.0
2052,27,Unused,international shipping,preprocessed,0.0
2052,28,World Total,international shipping,preprocessed,145968600.0
2053,1,CAN,international shipping,preprocessed,2795653.0
2053,2,USA,international shipping,preprocessed,13233190.0
2053,3,MEX,international shipping,preprocessed,2788014.0
2053,4,RCAM,international shipping,preprocessed,1470061.0
2053,5,BRA,international shipping,preprocessed,2276758.0
2053,6,RSAM,international shipping,preprocessed,2771591.0
2053,7,NAF,international shipping,preprocessed,2202582.0
2053,8,WAF,international shipping,preprocessed,2518775.0
2053,9,EAF,international shipping,preprocessed,1203564.0
2053,10,SAF,international shipping,preprocessed,805412.1
2053,11,WEU,international shipping,preprocessed,41005650.0
2053,12,CEU,international shipping,preprocessed,6030180.0
2053,13,TUR,international shipping,preprocessed,2618017.0
2053,14,UKR,international shipping,preprocessed,524604.6
2053,15,STAN,international shipping,preprocessed,642455.1
2053,16,RUS,international shipping,preprocessed,1459497.0
2053,17,ME,international shipping,preprocessed,6387515.0
2053,18,INDIA,international shipping,preprocessed,5785216.0
2053,19,KOR,international shipping,preprocessed,2757777.0
2053,20,CHN,international shipping,preprocessed,21082410.0
2053,21,SEAS,international shipping,preprocessed,14799600.0
2053,22,INDO,international shipping,preprocessed,2220431.0
2053,23,JAP,international shipping,preprocessed,4167509.0
2053,24,OCE,international shipping,preprocessed,1656886.0
2053,25,RSAS,international shipping,preprocessed,2374541.0
2053,26,RSAF,international shipping,preprocessed,1658378.0
2053,27,Unused,international shipping,preprocessed,0.0
2053,28,World Total,international shipping,preprocessed,147236300.0
2054,1,CAN,international shipping,preprocessed,2826765.0
2054,2,USA,international shipping,preprocessed,13303460.0
2054,3,MEX,international shipping,preprocessed,2824554.0
2054,4,RCAM,international shipping,preprocessed,1494011.0
2054,5,BRA,international shipping,preprocessed,2308792.0
2054,6,RSAM,international shipping,preprocessed,2806404.0
2054,7,NAF,international shipping,preprocessed,2252460.0
2054,8,WAF,international shipping,preprocessed,2604710.0
2054,9,EAF,international shipping,preprocessed,1244917.0
2054,10,SAF,international shipping,preprocessed,819716.9
2054,11,WEU,international shipping,preprocessed,41299140.0
2054,12,CEU,international shipping,preprocessed,6034402.0
2054,13,TUR,international shipping,preprocessed,2629439.0
2054,14,UKR,international shipping,preprocessed,528404.4
2054,15,STAN,international shipping,preprocessed,652349.5
2054,16,RUS,international shipping,preprocessed,1470159.0
2054,17,ME,international shipping,preprocessed,6457281.0
2054,18,INDIA,international shipping,preprocessed,5883554.0
2054,19,KOR,international shipping,preprocessed,2751950.0
2054,20,CHN,international shipping,preprocessed,21106880.0
2054,21,SEAS,international shipping,preprocessed,14948620.0
2054,22,INDO,international shipping,preprocessed,2241657.0
2054,23,JAP,international shipping,preprocessed,4168072.0
2054,24,OCE,international shipping,preprocessed,1682150.0
2054,25,RSAS,international shipping,preprocessed,2437095.0
2054,26,RSAF,international shipping,preprocessed,1710663.0
2054,27,Unused,international shipping,preprocessed,0.0
2054,28,World Total,international shipping,preprocessed,148487600.0
2055,1,CAN,international shipping,preprocessed,2857739.0
2055,2,USA,international shipping,preprocessed,13372500.0
2055,3,MEX,international shipping,preprocessed,2860824.0
2055,4,RCAM,international shipping,preprocessed,1517670.0
2055,5,BRA,international shipping,preprocessed,2340032.0
2055,6,RSAM,international shipping,preprocessed,2840430.0
2055,7,NAF,international shipping,preprocessed,2301550.0
2055,8,WAF,international shipping,preprocessed,2690529.0
2055,9,EAF,international shipping,preprocessed,1285782.0
2055,10,SAF,international shipping,preprocessed,833814.9
2055,11,WEU,international shipping,preprocessed,41587490.0
2055,12,CEU,international shipping,preprocessed,6038545.0
2055,13,TUR,international shipping,preprocessed,2640235.0
2055,14,UKR,international shipping,preprocessed,532030.4
2055,15,STAN,international shipping,preprocessed,662107.2
2055,16,RUS,international shipping,preprocessed,1480799.0
2055,17,ME,international shipping,preprocessed,6526359.0
2055,18,INDIA,international shipping,preprocessed,5979612.0
2055,19,KOR,international shipping,preprocessed,2745520.0
2055,20,CHN,international shipping,preprocessed,21129160.0
2055,21,SEAS,international shipping,preprocessed,15094960.0
2055,22,INDO,international shipping,preprocessed,2262353.0
2055,23,JAP,international shipping,preprocessed,4168759.0
2055,24,OCE,international shipping,preprocessed,1707419.0
2055,25,RSAS,international shipping,preprocessed,2498702.0
2055,26,RSAF,international shipping,preprocessed,1762247.0
2055,27,Unused,international shipping,preprocessed,0.0
2055,28,World Total,international shipping,preprocessed,149717200.0
2056,1,CAN,international shipping,preprocessed,2889074.0
2056,2,USA,international shipping,preprocessed,13442210.0
2056,3,MEX,international shipping,preprocessed,2895710.0
2056,4,RCAM,international shipping,preprocessed,1542800.0
2056,5,BRA,international shipping,preprocessed,2372838.0
2056,6,RSAM,international shipping,preprocessed,2875133.0
2056,7,NAF,international shipping,preprocessed,2355542.0
2056,8,WAF,international shipping,preprocessed,2790929.0
2056,9,EAF,international shipping,preprocessed,1333772.0
2056,10,SAF,international shipping,preprocessed,848730.1
2056,11,WEU,international shipping,preprocessed,41866240.0
2056,12,CEU,international shipping,preprocessed,6040358.0
2056,13,TUR,international shipping,preprocessed,2647795.0
2056,14,UKR,international shipping,preprocessed,535840.9
2056,15,STAN,international shipping,preprocessed,672224.3
2056,16,RUS,international shipping,preprocessed,1493121.0
2056,17,ME,international shipping,preprocessed,6594177.0
2056,18,INDIA,international shipping,preprocessed,6077294.0
2056,19,KOR,international shipping,preprocessed,2735501.0
2056,20,CHN,international shipping,preprocessed,21132790.0
2056,21,SEAS,international shipping,preprocessed,15234530.0
2056,22,INDO,international shipping,preprocessed,2281742.0
2056,23,JAP,international shipping,preprocessed,4167457.0
2056,24,OCE,international shipping,preprocessed,1733264.0
2056,25,RSAS,international shipping,preprocessed,2568339.0
2056,26,RSAF,international shipping,preprocessed,1823293.0
2056,27,Unused,international shipping,preprocessed,0.0
2056,28,World Total,international shipping,preprocessed,150950700.0
2057,1,CAN,international shipping,preprocessed,2920100.0
2057,2,USA,international shipping,preprocessed,13510040.0
2057,3,MEX,international shipping,preprocessed,2929913.0
2057,4,RCAM,international shipping,preprocessed,1567458.0
2057,5,BRA,international shipping,preprocessed,2404702.0
2057,6,RSAM,international shipping,preprocessed,2908919.0
2057,7,NAF,international shipping,preprocessed,2408235.0
2057,8,WAF,international shipping,preprocessed,2890148.0
2057,9,EAF,international shipping,preprocessed,1380923.0
2057,10,SAF,international shipping,preprocessed,863363.2
2057,11,WEU,international shipping,preprocessed,42135410.0
2057,12,CEU,international shipping,preprocessed,6041924.0
2057,13,TUR,international shipping,preprocessed,2656006.0
2057,14,UKR,international shipping,preprocessed,539422.8
2057,15,STAN,international shipping,preprocessed,682238.0
2057,16,RUS,international shipping,preprocessed,1505273.0
2057,17,ME,international shipping,preprocessed,6661265.0
2057,18,INDIA,international shipping,preprocessed,6172486.0
2057,19,KOR,international shipping,preprocessed,2725375.0
2057,20,CHN,international shipping,preprocessed,21132870.0
2057,21,SEAS,international shipping,preprocessed,15370300.0
2057,22,INDO,international shipping,preprocessed,2300179.0
2057,23,JAP,international shipping,preprocessed,4166049.0
2057,24,OCE,international shipping,preprocessed,1759159.0
2057,25,RSAS,international shipping,preprocessed,2636616.0
2057,26,RSAF,international shipping,preprocessed,1883236.0
2057,27,Unused,international shipping,preprocessed,0.0
2057,28,World Total,international shipping,preprocessed,152151600.0
2058,1,CAN,international shipping,preprocessed,2950807.0
2058,2,USA,international shipping,preprocessed,13575260.0
2058,3,MEX,international shipping,preprocessed,2963431.0
2058,4,RCAM,international shipping,preprocessed,1591627.0
2058,5,BRA,international shipping,preprocessed,2435736.0
2058,6,RSAM,international shipping,preprocessed,2941815.0
2058,7,NAF,international shipping,preprocessed,2459099.0
2058,8,WAF,international shipping,preprocessed,2988928.0
2058,9,EAF,international shipping,preprocessed,1427273.0
2058,10,SAF,international shipping,preprocessed,877702.3
2058,11,WEU,international shipping,preprocessed,42394530.0
2058,12,CEU,international shipping,preprocessed,6043211.0
2058,13,TUR,international shipping,preprocessed,2666128.0
2058,14,UKR,international shipping,preprocessed,542872.3
2058,15,STAN,international shipping,preprocessed,692146.8
2058,16,RUS,international shipping,preprocessed,1517230.0
2058,17,ME,international shipping,preprocessed,6727557.0
2058,18,INDIA,international shipping,preprocessed,6265309.0
2058,19,KOR,international shipping,preprocessed,2715475.0
2058,20,CHN,international shipping,preprocessed,21129020.0
2058,21,SEAS,international shipping,preprocessed,15501420.0
2058,22,INDO,international shipping,preprocessed,2317908.0
2058,23,JAP,international shipping,preprocessed,4164400.0
2058,24,OCE,international shipping,preprocessed,1785021.0
2058,25,RSAS,international shipping,preprocessed,2703555.0
2058,26,RSAF,international shipping,preprocessed,1942031.0
2058,27,Unused,international shipping,preprocessed,0.0
2058,28,World Total,international shipping,preprocessed,153319500.0
2059,1,CAN,international shipping,preprocessed,2981249.0
2059,2,USA,international shipping,preprocessed,13638590.0
2059,3,MEX,international shipping,preprocessed,2996336.0
2059,4,RCAM,international shipping,preprocessed,1615295.0
2059,5,BRA,international shipping,preprocessed,2466027.0
2059,6,RSAM,international shipping,preprocessed,2973920.0
2059,7,NAF,international shipping,preprocessed,2508437.0
2059,8,WAF,international shipping,preprocessed,3086852.0
2059,9,EAF,international shipping,preprocessed,1472776.0
2059,10,SAF,international shipping,preprocessed,891764.9
2059,11,WEU,international shipping,preprocessed,42645140.0
2059,12,CEU,international shipping,preprocessed,6044251.0
2059,13,TUR,international shipping,preprocessed,2676789.0
2059,14,UKR,international shipping,preprocessed,546155.5
2059,15,STAN,international shipping,preprocessed,702019.8
2059,16,RUS,international shipping,preprocessed,1528993.0
2059,17,ME,international shipping,preprocessed,6792980.0
2059,18,INDIA,international shipping,preprocessed,6355951.0
2059,19,KOR,international shipping,preprocessed,2706467.0
2059,20,CHN,international shipping,preprocessed,21121620.0
2059,21,SEAS,international shipping,preprocessed,15629320.0
2059,22,INDO,international shipping,preprocessed,2334996.0
2059,23,JAP,international shipping,preprocessed,4162429.0
2059,24,OCE,international shipping,preprocessed,1810713.0
2059,25,RSAS,international shipping,preprocessed,2769121.0
2059,26,RSAF,international shipping,preprocessed,1999954.0
2059,27,Unused,international shipping,preprocessed,0.0
2059,28,World Total,international shipping,preprocessed,154458100.0
2060,1,CAN,international shipping,preprocessed,3011487.0
2060,2,USA,international shipping,preprocessed,13701410.0
2060,3,MEX,international shipping,preprocessed,3028870.0
2060,4,RCAM,international shipping,preprocessed,1638545.0
2060,5,BRA,international shipping,preprocessed,2495717.0
2060,6,RSAM,international shipping,preprocessed,3005348.0
2060,7,NAF,international shipping,preprocessed,2556172.0
2060,8,WAF,international shipping,preprocessed,3184287.0
2060,9,EAF,international shipping,preprocessed,1517722.0
2060,10,SAF,international shipping,preprocessed,905610.4
2060,11,WEU,international shipping,preprocessed,42891720.0
2060,12,CEU,international shipping,preprocessed,6045309.0
2060,13,TUR,international shipping,preprocessed,2687724.0
2060,14,UKR,international shipping,preprocessed,549286.4
2060,15,STAN,international shipping,preprocessed,712166.8
2060,16,RUS,international shipping,preprocessed,1540567.0
2060,17,ME,international shipping,preprocessed,6857451.0
2060,18,INDIA,international shipping,preprocessed,6445044.0
2060,19,KOR,international shipping,preprocessed,2698440.0
2060,20,CHN,international shipping,preprocessed,21111520.0
2060,21,SEAS,international shipping,preprocessed,15754580.0
2060,22,INDO,international shipping,preprocessed,2351638.0
2060,23,JAP,international shipping,preprocessed,4160089.0
2060,24,OCE,international shipping,preprocessed,1836216.0
2060,25,RSAS,international shipping,preprocessed,2833760.0
2060,26,RSAF,international shipping,preprocessed,2057021.0
2060,27,Unused,international shipping,preprocessed,0.0
2060,28,World Total,international shipping,preprocessed,155577700.0
2061,1,CAN,international shipping,preprocessed,3043294.0
2061,2,USA,international shipping,preprocessed,13766290.0
2061,3,MEX,international shipping,preprocessed,3060875.0
2061,4,RCAM,international shipping,preprocessed,1663542.0
2061,5,BRA,international shipping,preprocessed,2527275.0
2061,6,RSAM,international shipping,preprocessed,3038011.0
2061,7,NAF,international shipping,preprocessed,2607014.0
2061,8,WAF,international shipping,preprocessed,3298491.0
2061,9,EAF,international shipping,preprocessed,1570493.0
2061,10,SAF,international shipping,preprocessed,920106.4
2061,11,WEU,international shipping,preprocessed,43135950.0
2061,12,CEU,international shipping,preprocessed,6044920.0
2061,13,TUR,international shipping,preprocessed,2695506.0
2061,14,UKR,international shipping,preprocessed,552639.2
2061,15,STAN,international shipping,preprocessed,722984.3
2061,16,RUS,international shipping,preprocessed,1552579.0
2061,17,ME,international shipping,preprocessed,6919588.0
2061,18,INDIA,international shipping,preprocessed,6534886.0
2061,19,KOR,international shipping,preprocessed,2690444.0
2061,20,CHN,international shipping,preprocessed,21088580.0
2061,21,SEAS,international shipping,preprocessed,15875070.0
2061,22,INDO,international shipping,preprocessed,2367146.0
2061,23,JAP,international shipping,preprocessed,4154788.0
2061,24,OCE,international shipping,preprocessed,1862028.0
2061,25,RSAS,international shipping,preprocessed,2907166.0
2061,26,RSAF,international shipping,preprocessed,2124243.0
2061,27,Unused,international shipping,preprocessed,0.0
2061,28,World Total,international shipping,preprocessed,156723900.0
2062,1,CAN,international shipping,preprocessed,3074967.0
2062,2,USA,international shipping,preprocessed,13832460.0
2062,3,MEX,international shipping,preprocessed,3092874.0
2062,4,RCAM,international shipping,preprocessed,1688265.0
2062,5,BRA,international shipping,preprocessed,2558133.0
2062,6,RSAM,international shipping,preprocessed,3070097.0
2062,7,NAF,international shipping,preprocessed,2657411.0
2062,8,WAF,international shipping,preprocessed,3413598.0
2062,9,EAF,international shipping,preprocessed,1622949.0
2062,10,SAF,international shipping,preprocessed,934447.1
2062,11,WEU,international shipping,preprocessed,43379500.0
2062,12,CEU,international shipping,preprocessed,6045012.0
2062,13,TUR,international shipping,preprocessed,2703120.0
2062,14,UKR,international shipping,preprocessed,555935.4
2062,15,STAN,international shipping,preprocessed,733828.1
2062,16,RUS,international shipping,preprocessed,1564422.0
2062,17,ME,international shipping,preprocessed,6980526.0
2062,18,INDIA,international shipping,preprocessed,6623912.0
2062,19,KOR,international shipping,preprocessed,2683202.0
2062,20,CHN,international shipping,preprocessed,21065040.0
2062,21,SEAS,international shipping,preprocessed,15994180.0
2062,22,INDO,international shipping,preprocessed,2382572.0
2062,23,JAP,international shipping,preprocessed,4149265.0
2062,24,OCE,international shipping,preprocessed,1887547.0
2062,25,RSAS,international shipping,preprocessed,2979767.0
2062,26,RSAF,international shipping,preprocessed,2190612.0
2062,27,Unused,international shipping,preprocessed,0.0
2062,28,World Total,international shipping,preprocessed,157863600.0
2063,1,CAN,international shipping,preprocessed,3106543.0
2063,2,USA,international shipping,preprocessed,13900590.0
2063,3,MEX,international shipping,preprocessed,3125256.0
2063,4,RCAM,international shipping,preprocessed,1712756.0
2063,5,BRA,international shipping,preprocessed,2588430.0
2063,6,RSAM,international shipping,preprocessed,3101642.0
2063,7,NAF,international shipping,preprocessed,2707151.0
2063,8,WAF,international shipping,preprocessed,3525931.0
2063,9,EAF,international shipping,preprocessed,1675358.0
2063,10,SAF,international shipping,preprocessed,948662.8
2063,11,WEU,international shipping,preprocessed,43626550.0
2063,12,CEU,international shipping,preprocessed,6045561.0
2063,13,TUR,international shipping,preprocessed,2710320.0
2063,14,UKR,international shipping,preprocessed,558948.2
2063,15,STAN,international shipping,preprocessed,744701.1
2063,16,RUS,international shipping,preprocessed,1576127.0
2063,17,ME,international shipping,preprocessed,7040337.0
2063,18,INDIA,international shipping,preprocessed,6712331.0
2063,19,KOR,international shipping,preprocessed,2676425.0
2063,20,CHN,international shipping,preprocessed,21040290.0
2063,21,SEAS,international shipping,preprocessed,16112940.0
2063,22,INDO,international shipping,preprocessed,2397904.0
2063,23,JAP,international shipping,preprocessed,4143527.0
2063,24,OCE,international shipping,preprocessed,1912942.0
2063,25,RSAS,international shipping,preprocessed,3051889.0
2063,26,RSAF,international shipping,preprocessed,2256738.0
2063,27,Unused,international shipping,preprocessed,0.0
2063,28,World Total,international shipping,preprocessed,158999900.0
2064,1,CAN,international shipping,preprocessed,3138014.0
2064,2,USA,international shipping,preprocessed,13971350.0
2064,3,MEX,international shipping,preprocessed,3157463.0
2064,4,RCAM,international shipping,preprocessed,1737015.0
2064,5,BRA,international shipping,preprocessed,2617974.0
2064,6,RSAM,international shipping,preprocessed,3132634.0
2064,7,NAF,international shipping,preprocessed,2756215.0
2064,8,WAF,international shipping,preprocessed,3639401.0
2064,9,EAF,international shipping,preprocessed,1727538.0
2064,10,SAF,international shipping,preprocessed,962736.8
2064,11,WEU,international shipping,preprocessed,43877100.0
2064,12,CEU,international shipping,preprocessed,6046490.0
2064,13,TUR,international shipping,preprocessed,2718046.0
2064,14,UKR,international shipping,preprocessed,561800.9
2064,15,STAN,international shipping,preprocessed,755576.0
2064,16,RUS,international shipping,preprocessed,1587715.0
2064,17,ME,international shipping,preprocessed,7099104.0
2064,18,INDIA,international shipping,preprocessed,6800153.0
2064,19,KOR,international shipping,preprocessed,2669646.0
2064,20,CHN,international shipping,preprocessed,21014980.0
2064,21,SEAS,international shipping,preprocessed,16230950.0
2064,22,INDO,international shipping,preprocessed,2413112.0
2064,23,JAP,international shipping,preprocessed,4137693.0
2064,24,OCE,international shipping,preprocessed,1938378.0
2064,25,RSAS,international shipping,preprocessed,3123369.0
2064,26,RSAF,international shipping,preprocessed,2321798.0
2064,27,Unused,international shipping,preprocessed,0.0
2064,28,World Total,international shipping,preprocessed,160136200.0
2065,1,CAN,international shipping,preprocessed,3169376.0
2065,2,USA,international shipping,preprocessed,14041740.0
2065,3,MEX,international shipping,preprocessed,3189384.0
2065,4,RCAM,international shipping,preprocessed,1761010.0
2065,5,BRA,international shipping,preprocessed,2646482.0
2065,6,RSAM,international shipping,preprocessed,3163055.0
2065,7,NAF,international shipping,preprocessed,2805108.0
2065,8,WAF,international shipping,preprocessed,3752455.0
2065,9,EAF,international shipping,preprocessed,1779372.0
2065,10,SAF,international shipping,preprocessed,976631.0
2065,11,WEU,international shipping,preprocessed,44129710.0
2065,12,CEU,international shipping,preprocessed,6047572.0
2065,13,TUR,international shipping,preprocessed,2726414.0
2065,14,UKR,international shipping,preprocessed,564508.0
2065,15,STAN,international shipping,preprocessed,766117.8
2065,16,RUS,international shipping,preprocessed,1599195.0
2065,17,ME,international shipping,preprocessed,7156929.0
2065,18,INDIA,international shipping,preprocessed,6887096.0
2065,19,KOR,international shipping,preprocessed,2662548.0
2065,20,CHN,international shipping,preprocessed,20989180.0
2065,21,SEAS,international shipping,preprocessed,16346430.0
2065,22,INDO,international shipping,preprocessed,2428233.0
2065,23,JAP,international shipping,preprocessed,4131876.0
2065,24,OCE,international shipping,preprocessed,1964071.0
2065,25,RSAS,international shipping,preprocessed,3194334.0
2065,26,RSAF,international shipping,preprocessed,2385810.0
2065,27,Unused,international shipping,preprocessed,0.0
2065,28,World Total,international shipping,preprocessed,161264600.0
2066,1,CAN,international shipping,preprocessed,3201296.0
2066,2,USA,international shipping,preprocessed,14109820.0
2066,3,MEX,international shipping,preprocessed,3220321.0
2066,4,RCAM,international shipping,preprocessed,1785969.0
2066,5,BRA,international shipping,preprocessed,2674276.0
2066,6,RSAM,international shipping,preprocessed,3193908.0
2066,7,NAF,international shipping,preprocessed,2857098.0
2066,8,WAF,international shipping,preprocessed,3880330.0
2066,9,EAF,international shipping,preprocessed,1838273.0
2066,10,SAF,international shipping,preprocessed,990858.9
2066,11,WEU,international shipping,preprocessed,44371010.0
2066,12,CEU,international shipping,preprocessed,6045552.0
2066,13,TUR,international shipping,preprocessed,2730667.0
2066,14,UKR,international shipping,preprocessed,567132.5
2066,15,STAN,international shipping,preprocessed,777135.6
2066,16,RUS,international shipping,preprocessed,1610908.0
2066,17,ME,international shipping,preprocessed,7209908.0
2066,18,INDIA,international shipping,preprocessed,6970597.0
2066,19,KOR,international shipping,preprocessed,2654863.0
2066,20,CHN,international shipping,preprocessed,20939480.0
2066,21,SEAS,international shipping,preprocessed,16453260.0
2066,22,INDO,international shipping,preprocessed,2441904.0
2066,23,JAP,international shipping,preprocessed,4123258.0
2066,24,OCE,international shipping,preprocessed,1989685.0
2066,25,RSAS,international shipping,preprocessed,3271848.0
2066,26,RSAF,international shipping,preprocessed,2459327.0
2066,27,Unused,international shipping,preprocessed,0.0
2066,28,World Total,international shipping,preprocessed,162368700.0
2067,1,CAN,international shipping,preprocessed,3233026.0
2067,2,USA,international shipping,preprocessed,14176800.0
2067,3,MEX,international shipping,preprocessed,3250721.0
2067,4,RCAM,international shipping,preprocessed,1810465.0
2067,5,BRA,international shipping,preprocessed,2700840.0
2067,6,RSAM,international shipping,preprocessed,3224073.0
2067,7,NAF,international shipping,preprocessed,2908338.0
2067,8,WAF,international shipping,preprocessed,4007413.0
2067,9,EAF,international shipping,preprocessed,1896179.0
2067,10,SAF,international shipping,preprocessed,1004782.0
2067,11,WEU,international shipping,preprocessed,44612920.0
2067,12,CEU,international shipping,preprocessed,6043289.0
2067,13,TUR,international shipping,preprocessed,2735880.0
2067,14,UKR,international shipping,preprocessed,569651.1
2067,15,STAN,international shipping,preprocessed,788112.3
2067,16,RUS,international shipping,preprocessed,1622488.0
2067,17,ME,international shipping,preprocessed,7262157.0
2067,18,INDIA,international shipping,preprocessed,7052643.0
2067,19,KOR,international shipping,preprocessed,2646578.0
2067,20,CHN,international shipping,preprocessed,20888330.0
2067,21,SEAS,international shipping,preprocessed,16558440.0
2067,22,INDO,international shipping,preprocessed,2455127.0
2067,23,JAP,international shipping,preprocessed,4114797.0
2067,24,OCE,international shipping,preprocessed,2015332.0
2067,25,RSAS,international shipping,preprocessed,3348185.0
2067,26,RSAF,international shipping,preprocessed,2531546.0
2067,27,Unused,international shipping,preprocessed,0.0
2067,28,World Total,international shipping,preprocessed,163458100.0
2068,1,CAN,international shipping,preprocessed,3264509.0
2068,2,USA,international shipping,preprocessed,14241530.0
2068,3,MEX,international shipping,preprocessed,3280116.0
2068,4,RCAM,international shipping,preprocessed,1834511.0
2068,5,BRA,international shipping,preprocessed,2726526.0
2068,6,RSAM,international shipping,preprocessed,3253562.0
2068,7,NAF,international shipping,preprocessed,2959477.0
2068,8,WAF,international shipping,preprocessed,4133801.0
2068,9,EAF,international shipping,preprocessed,1952883.0
2068,10,SAF,international shipping,preprocessed,1018388.0
2068,11,WEU,international shipping,preprocessed,44855270.0
2068,12,CEU,international shipping,preprocessed,6040788.0
2068,13,TUR,international shipping,preprocessed,2741617.0
2068,14,UKR,international shipping,preprocessed,572232.6
2068,15,STAN,international shipping,preprocessed,799044.4
2068,16,RUS,international shipping,preprocessed,1633909.0
2068,17,ME,international shipping,preprocessed,7313720.0
2068,18,INDIA,international shipping,preprocessed,7133180.0
2068,19,KOR,international shipping,preprocessed,2637980.0
2068,20,CHN,international shipping,preprocessed,20836910.0
2068,21,SEAS,international shipping,preprocessed,16662260.0
2068,22,INDO,international shipping,preprocessed,2467924.0
2068,23,JAP,international shipping,preprocessed,4106503.0
2068,24,OCE,international shipping,preprocessed,2040870.0
2068,25,RSAS,international shipping,preprocessed,3423138.0
2068,26,RSAF,international shipping,preprocessed,2602025.0
2068,27,Unused,international shipping,preprocessed,0.0
2068,28,World Total,international shipping,preprocessed,164532700.0
2069,1,CAN,international shipping,preprocessed,3295784.0
2069,2,USA,international shipping,preprocessed,14304220.0
2069,3,MEX,international shipping,preprocessed,3308968.0
2069,4,RCAM,international shipping,preprocessed,1858085.0
2069,5,BRA,international shipping,preprocessed,2751326.0
2069,6,RSAM,international shipping,preprocessed,3282395.0
2069,7,NAF,international shipping,preprocessed,3010348.0
2069,8,WAF,international shipping,preprocessed,4259339.0
2069,9,EAF,international shipping,preprocessed,2008803.0
2069,10,SAF,international shipping,preprocessed,1031684.0
2069,11,WEU,international shipping,preprocessed,45095980.0
2069,12,CEU,international shipping,preprocessed,6037917.0
2069,13,TUR,international shipping,preprocessed,2747431.0
2069,14,UKR,international shipping,preprocessed,574786.8
2069,15,STAN,international shipping,preprocessed,809902.9
2069,16,RUS,international shipping,preprocessed,1645081.0
2069,17,ME,international shipping,preprocessed,7364630.0
2069,18,INDIA,international shipping,preprocessed,7212089.0
2069,19,KOR,international shipping,preprocessed,2629198.0
2069,20,CHN,international shipping,preprocessed,20783890.0
2069,21,SEAS,international shipping,preprocessed,16763560.0
2069,22,INDO,international shipping,preprocessed,2480274.0
2069,23,JAP,international shipping,preprocessed,4098237.0
2069,24,OCE,international shipping,preprocessed,2066086.0
2069,25,RSAS,international shipping,preprocessed,3496815.0
2069,26,RSAF,international shipping,preprocessed,2671507.0
2069,27,Unused,international shipping,preprocessed,0.0
2069,28,World Total,international shipping,preprocessed,165588300.0
2070,1,CAN,international shipping,preprocessed,3326820.0
2070,2,USA,international shipping,preprocessed,14366130.0
2070,3,MEX,international shipping,preprocessed,3336921.0
2070,4,RCAM,international shipping,preprocessed,1881151.0
2070,5,BRA,international shipping,preprocessed,2775562.0
2070,6,RSAM,international shipping,preprocessed,3310582.0
2070,7,NAF,international shipping,preprocessed,3060784.0
2070,8,WAF,international shipping,preprocessed,4383824.0
2070,9,EAF,international shipping,preprocessed,2063853.0
2070,10,SAF,international shipping,preprocessed,1044682.0
2070,11,WEU,international shipping,preprocessed,45332520.0
2070,12,CEU,international shipping,preprocessed,6034559.0
2070,13,TUR,international shipping,preprocessed,2753203.0
2070,14,UKR,international shipping,preprocessed,577382.3
2070,15,STAN,international shipping,preprocessed,820629.9
2070,16,RUS,international shipping,preprocessed,1655859.0
2070,17,ME,international shipping,preprocessed,7414909.0
2070,18,INDIA,international shipping,preprocessed,7289104.0
2070,19,KOR,international shipping,preprocessed,2620291.0
2070,20,CHN,international shipping,preprocessed,20727980.0
2070,21,SEAS,international shipping,preprocessed,16862030.0
2070,22,INDO,international shipping,preprocessed,2491889.0
2070,23,JAP,international shipping,preprocessed,4089765.0
2070,24,OCE,international shipping,preprocessed,2090889.0
2070,25,RSAS,international shipping,preprocessed,3568678.0
2070,26,RSAF,international shipping,preprocessed,2740105.0
2070,27,Unused,international shipping,preprocessed,0.0
2070,28,World Total,international shipping,preprocessed,166620100.0
2071,1,CAN,international shipping,preprocessed,3356302.0
2071,2,USA,international shipping,preprocessed,14423500.0
2071,3,MEX,international shipping,preprocessed,3362471.0
2071,4,RCAM,international shipping,preprocessed,1905001.0
2071,5,BRA,international shipping,preprocessed,2799406.0
2071,6,RSAM,international shipping,preprocessed,3338224.0
2071,7,NAF,international shipping,preprocessed,3112532.0
2071,8,WAF,international shipping,preprocessed,4523705.0
2071,9,EAF,international shipping,preprocessed,2125875.0
2071,10,SAF,international shipping,preprocessed,1057812.0
2071,11,WEU,international shipping,preprocessed,45549760.0
2071,12,CEU,international shipping,preprocessed,6027380.0
2071,13,TUR,international shipping,preprocessed,2755176.0
2071,14,UKR,international shipping,preprocessed,579924.8
2071,15,STAN,international shipping,preprocessed,831453.3
2071,16,RUS,international shipping,preprocessed,1666127.0
2071,17,ME,international shipping,preprocessed,7460391.0
2071,18,INDIA,international shipping,preprocessed,7360364.0
2071,19,KOR,international shipping,preprocessed,2610806.0
2071,20,CHN,international shipping,preprocessed,20648650.0
2071,21,SEAS,international shipping,preprocessed,16946150.0
2071,22,INDO,international shipping,preprocessed,2501864.0
2071,23,JAP,international shipping,preprocessed,4078841.0
2071,24,OCE,international shipping,preprocessed,2114721.0
2071,25,RSAS,international shipping,preprocessed,3645888.0
2071,26,RSAF,international shipping,preprocessed,2818192.0
2071,27,Unused,international shipping,preprocessed,0.0
2071,28,World Total,international shipping,preprocessed,167600500.0
2072,1,CAN,international shipping,preprocessed,3384360.0
2072,2,USA,international shipping,preprocessed,14478530.0
2072,3,MEX,international shipping,preprocessed,3387319.0
2072,4,RCAM,international shipping,preprocessed,1928473.0
2072,5,BRA,international shipping,preprocessed,2822474.0
2072,6,RSAM,international shipping,preprocessed,3365242.0
2072,7,NAF,international shipping,preprocessed,3162574.0
2072,8,WAF,international shipping,preprocessed,4660511.0
2072,9,EAF,international shipping,preprocessed,2186829.0
2072,10,SAF,international shipping,preprocessed,1070711.0
2072,11,WEU,international shipping,preprocessed,45756040.0
2072,12,CEU,international shipping,preprocessed,6019411.0
2072,13,TUR,international shipping,preprocessed,2756281.0
2072,14,UKR,international shipping,preprocessed,582324.6
2072,15,STAN,international shipping,preprocessed,841472.4
2072,16,RUS,international shipping,preprocessed,1675774.0
2072,17,ME,international shipping,preprocessed,7505265.0
2072,18,INDIA,international shipping,preprocessed,7428639.0
2072,19,KOR,international shipping,preprocessed,2601127.0
2072,20,CHN,international shipping,preprocessed,20564500.0
2072,21,SEAS,international shipping,preprocessed,17025100.0
2072,22,INDO,international shipping,preprocessed,2510928.0
2072,23,JAP,international shipping,preprocessed,4067329.0
2072,24,OCE,international shipping,preprocessed,2138259.0
2072,25,RSAS,international shipping,preprocessed,3720753.0
2072,26,RSAF,international shipping,preprocessed,2894315.0
2072,27,Unused,international shipping,preprocessed,0.0
2072,28,World Total,international shipping,preprocessed,168534500.0
2073,1,CAN,international shipping,preprocessed,3412702.0
2073,2,USA,international shipping,preprocessed,14535080.0
2073,3,MEX,international shipping,preprocessed,3411539.0
2073,4,RCAM,international shipping,preprocessed,1951456.0
2073,5,BRA,international shipping,preprocessed,2845030.0
2073,6,RSAM,international shipping,preprocessed,3391664.0
2073,7,NAF,international shipping,preprocessed,3211006.0
2073,8,WAF,international shipping,preprocessed,4797101.0
2073,9,EAF,international shipping,preprocessed,2246581.0
2073,10,SAF,international shipping,preprocessed,1083398.0
2073,11,WEU,international shipping,preprocessed,45960680.0
2073,12,CEU,international shipping,preprocessed,6010526.0
2073,13,TUR,international shipping,preprocessed,2756452.0
2073,14,UKR,international shipping,preprocessed,584562.3
2073,15,STAN,international shipping,preprocessed,851731.8
2073,16,RUS,international shipping,preprocessed,1684738.0
2073,17,ME,international shipping,preprocessed,7549546.0
2073,18,INDIA,international shipping,preprocessed,7494016.0
2073,19,KOR,international shipping,preprocessed,2591150.0
2073,20,CHN,international shipping,preprocessed,20476810.0
2073,21,SEAS,international shipping,preprocessed,17098090.0
2073,22,INDO,international shipping,preprocessed,2519108.0
2073,23,JAP,international shipping,preprocessed,4055099.0
2073,24,OCE,international shipping,preprocessed,2161598.0
2073,25,RSAS,international shipping,preprocessed,3793055.0
2073,26,RSAF,international shipping,preprocessed,2968358.0
2073,27,Unused,international shipping,preprocessed,0.0
2073,28,World Total,international shipping,preprocessed,169441100.0
2074,1,CAN,international shipping,preprocessed,3441553.0
2074,2,USA,international shipping,preprocessed,14588600.0
2074,3,MEX,international shipping,preprocessed,3435334.0
2074,4,RCAM,international shipping,preprocessed,1973799.0
2074,5,BRA,international shipping,preprocessed,2866570.0
2074,6,RSAM,international shipping,preprocessed,3417462.0
2074,7,NAF,international shipping,preprocessed,3257756.0
2074,8,WAF,international shipping,preprocessed,4933151.0
2074,9,EAF,international shipping,preprocessed,2303993.0
2074,10,SAF,international shipping,preprocessed,1095915.0
2074,11,WEU,international shipping,preprocessed,46157200.0
2074,12,CEU,international shipping,preprocessed,6000940.0
2074,13,TUR,international shipping,preprocessed,2755970.0
2074,14,UKR,international shipping,preprocessed,586551.8
2074,15,STAN,international shipping,preprocessed,861749.5
2074,16,RUS,international shipping,preprocessed,1693110.0
2074,17,ME,international shipping,preprocessed,7593238.0
2074,18,INDIA,international shipping,preprocessed,7556294.0
2074,19,KOR,international shipping,preprocessed,2580958.0
2074,20,CHN,international shipping,preprocessed,20384620.0
2074,21,SEAS,international shipping,preprocessed,17165720.0
2074,22,INDO,international shipping,preprocessed,2524511.0
2074,23,JAP,international shipping,preprocessed,4042244.0
2074,24,OCE,international shipping,preprocessed,2184814.0
2074,25,RSAS,international shipping,preprocessed,3862366.0
2074,26,RSAF,international shipping,preprocessed,3037615.0
2074,27,Unused,international shipping,preprocessed,0.0
2074,28,World Total,international shipping,preprocessed,170302000.0
2075,1,CAN,international shipping,preprocessed,3470277.0
2075,2,USA,international shipping,preprocessed,14643770.0
2075,3,MEX,international shipping,preprocessed,3459160.0
2075,4,RCAM,international shipping,preprocessed,1994402.0
2075,5,BRA,international shipping,preprocessed,2887662.0
2075,6,RSAM,international shipping,preprocessed,3442631.0
2075,7,NAF,international shipping,preprocessed,3303092.0
2075,8,WAF,international shipping,preprocessed,5068409.0
2075,9,EAF,international shipping,preprocessed,2361839.0
2075,10,SAF,international shipping,preprocessed,1108301.0
2075,11,WEU,international shipping,preprocessed,46323770.0
2075,12,CEU,international shipping,preprocessed,5991011.0
2075,13,TUR,international shipping,preprocessed,2754891.0
2075,14,UKR,international shipping,preprocessed,588227.6
2075,15,STAN,international shipping,preprocessed,871709.1
2075,16,RUS,international shipping,preprocessed,1701121.0
2075,17,ME,international shipping,preprocessed,7636396.0
2075,18,INDIA,international shipping,preprocessed,7616637.0
2075,19,KOR,international shipping,preprocessed,2570621.0
2075,20,CHN,international shipping,preprocessed,20289260.0
2075,21,SEAS,international shipping,preprocessed,17230530.0
2075,22,INDO,international shipping,preprocessed,2530821.0
2075,23,JAP,international shipping,preprocessed,4029034.0
2075,24,OCE,international shipping,preprocessed,2207860.0
2075,25,RSAS,international shipping,preprocessed,3930758.0
2075,26,RSAF,international shipping,preprocessed,3108745.0
2075,27,Unused,international shipping,preprocessed,0.0
2075,28,World Total,international shipping,preprocessed,171120900.0
2076,1,CAN,international shipping,preprocessed,3496468.0
2076,2,USA,international shipping,preprocessed,14691370.0
2076,3,MEX,international shipping,preprocessed,3480543.0
2076,4,RCAM,international shipping,preprocessed,2016813.0
2076,5,BRA,international shipping,preprocessed,2907295.0
2076,6,RSAM,international shipping,preprocessed,3466191.0
2076,7,NAF,international shipping,preprocessed,3349867.0
2076,8,WAF,international shipping,preprocessed,5219690.0
2076,9,EAF,international shipping,preprocessed,2425707.0
2076,10,SAF,international shipping,preprocessed,1120846.0
2076,11,WEU,international shipping,preprocessed,46503260.0
2076,12,CEU,international shipping,preprocessed,5978997.0
2076,13,TUR,international shipping,preprocessed,2750455.0
2076,14,UKR,international shipping,preprocessed,589704.0
2076,15,STAN,international shipping,preprocessed,881939.6
2076,16,RUS,international shipping,preprocessed,1709049.0
2076,17,ME,international shipping,preprocessed,7675804.0
2076,18,INDIA,international shipping,preprocessed,7669833.0
2076,19,KOR,international shipping,preprocessed,2559730.0
2076,20,CHN,international shipping,preprocessed,20175910.0
2076,21,SEAS,international shipping,preprocessed,17283490.0
2076,22,INDO,international shipping,preprocessed,2534938.0
2076,23,JAP,international shipping,preprocessed,4015620.0
2076,24,OCE,international shipping,preprocessed,2229992.0
2076,25,RSAS,international shipping,preprocessed,4003178.0
2076,26,RSAF,international shipping,preprocessed,3188054.0
2076,27,Unused,international shipping,preprocessed,0.0
2076,28,World Total,international shipping,preprocessed,171924700.0
2077,1,CAN,international shipping,preprocessed,3522361.0
2077,2,USA,international shipping,preprocessed,14741130.0
2077,3,MEX,international shipping,preprocessed,3501834.0
2077,4,RCAM,international shipping,preprocessed,2038785.0
2077,5,BRA,international shipping,preprocessed,2926719.0
2077,6,RSAM,international shipping,preprocessed,3489028.0
2077,7,NAF,international shipping,preprocessed,3396138.0
2077,8,WAF,international shipping,preprocessed,5369945.0
2077,9,EAF,international shipping,preprocessed,2488826.0
2077,10,SAF,international shipping,preprocessed,1133268.0
2077,11,WEU,international shipping,preprocessed,46685790.0
2077,12,CEU,international shipping,preprocessed,5967505.0
2077,13,TUR,international shipping,preprocessed,2745843.0
2077,14,UKR,international shipping,preprocessed,591043.8
2077,15,STAN,international shipping,preprocessed,892202.4
2077,16,RUS,international shipping,preprocessed,1717003.0
2077,17,ME,international shipping,preprocessed,7714854.0
2077,18,INDIA,international shipping,preprocessed,7722596.0
2077,19,KOR,international shipping,preprocessed,2548897.0
2077,20,CHN,international shipping,preprocessed,20062480.0
2077,21,SEAS,international shipping,preprocessed,17336210.0
2077,22,INDO,international shipping,preprocessed,2538943.0
2077,23,JAP,international shipping,preprocessed,4002354.0
2077,24,OCE,international shipping,preprocessed,2252147.0
2077,25,RSAS,international shipping,preprocessed,4075045.0
2077,26,RSAF,international shipping,preprocessed,3266217.0
2077,27,Unused,international shipping,preprocessed,0.0
2077,28,World Total,international shipping,preprocessed,172727200.0
2078,1,CAN,international shipping,preprocessed,3547960.0
2078,2,USA,international shipping,preprocessed,14788160.0
2078,3,MEX,international shipping,preprocessed,3523000.0
2078,4,RCAM,international shipping,preprocessed,2060333.0
2078,5,BRA,international shipping,preprocessed,2944989.0
2078,6,RSAM,international shipping,preprocessed,3511119.0
2078,7,NAF,international shipping,preprocessed,3441942.0
2078,8,WAF,international shipping,preprocessed,5519219.0
2078,9,EAF,international shipping,preprocessed,2551358.0
2078,10,SAF,international shipping,preprocessed,1145582.0
2078,11,WEU,international shipping,preprocessed,46870360.0
2078,12,CEU,international shipping,preprocessed,5956705.0
2078,13,TUR,international shipping,preprocessed,2741277.0
2078,14,UKR,international shipping,preprocessed,592259.1
2078,15,STAN,international shipping,preprocessed,902584.6
2078,16,RUS,international shipping,preprocessed,1725137.0
2078,17,ME,international shipping,preprocessed,7753694.0
2078,18,INDIA,international shipping,preprocessed,7775437.0
2078,19,KOR,international shipping,preprocessed,2538173.0
2078,20,CHN,international shipping,preprocessed,19950870.0
2078,21,SEAS,international shipping,preprocessed,17391060.0
2078,22,INDO,international shipping,preprocessed,2543203.0
2078,23,JAP,international shipping,preprocessed,3989437.0
2078,24,OCE,international shipping,preprocessed,2274259.0
2078,25,RSAS,international shipping,preprocessed,4146735.0
2078,26,RSAF,international shipping,preprocessed,3343304.0
2078,27,Unused,international shipping,preprocessed,0.0
2078,28,World Total,international shipping,preprocessed,173528100.0
2079,1,CAN,international shipping,preprocessed,3573284.0
2079,2,USA,international shipping,preprocessed,14837400.0
2079,3,MEX,international shipping,preprocessed,3543908.0
2079,4,RCAM,international shipping,preprocessed,2081397.0
2079,5,BRA,international shipping,preprocessed,2962920.0
2079,6,RSAM,international shipping,preprocessed,3532493.0
2079,7,NAF,international shipping,preprocessed,3487586.0
2079,8,WAF,international shipping,preprocessed,5667457.0
2079,9,EAF,international shipping,preprocessed,2613672.0
2079,10,SAF,international shipping,preprocessed,1157778.0
2079,11,WEU,international shipping,preprocessed,47055960.0
2079,12,CEU,international shipping,preprocessed,5946525.0
2079,13,TUR,international shipping,preprocessed,2736626.0
2079,14,UKR,international shipping,preprocessed,593445.5
2079,15,STAN,international shipping,preprocessed,913056.1
2079,16,RUS,international shipping,preprocessed,1733504.0
2079,17,ME,international shipping,preprocessed,7792397.0
2079,18,INDIA,international shipping,preprocessed,7828434.0
2079,19,KOR,international shipping,preprocessed,2527521.0
2079,20,CHN,international shipping,preprocessed,19842990.0
2079,21,SEAS,international shipping,preprocessed,17428930.0
2079,22,INDO,international shipping,preprocessed,2547845.0
2079,23,JAP,international shipping,preprocessed,3976902.0
2079,24,OCE,international shipping,preprocessed,2296326.0
2079,25,RSAS,international shipping,preprocessed,4217962.0
2079,26,RSAF,international shipping,preprocessed,3419803.0
2079,27,Unused,international shipping,preprocessed,0.0
2079,28,World Total,international shipping,preprocessed,174316100.0
2080,1,CAN,international shipping,preprocessed,3598339.0
2080,2,USA,international shipping,preprocessed,14886690.0
2080,3,MEX,international shipping,preprocessed,3564522.0
2080,4,RCAM,international shipping,preprocessed,2101774.0
2080,5,BRA,international shipping,preprocessed,2980313.0
2080,6,RSAM,international shipping,preprocessed,3553180.0
2080,7,NAF,international shipping,preprocessed,3532725.0
2080,8,WAF,international shipping,preprocessed,5814979.0
2080,9,EAF,international shipping,preprocessed,2675553.0
2080,10,SAF,international shipping,preprocessed,1169841.0
2080,11,WEU,international shipping,preprocessed,47243380.0
2080,12,CEU,international shipping,preprocessed,5936756.0
2080,13,TUR,international shipping,preprocessed,2732012.0
2080,14,UKR,international shipping,preprocessed,594689.4
2080,15,STAN,international shipping,preprocessed,923499.2
2080,16,RUS,international shipping,preprocessed,1742057.0
2080,17,ME,international shipping,preprocessed,7830792.0
2080,18,INDIA,international shipping,preprocessed,7881263.0
2080,19,KOR,international shipping,preprocessed,2516915.0
2080,20,CHN,international shipping,preprocessed,19733020.0
2080,21,SEAS,international shipping,preprocessed,17485610.0
2080,22,INDO,international shipping,preprocessed,2552850.0
2080,23,JAP,international shipping,preprocessed,3964670.0
2080,24,OCE,international shipping,preprocessed,2318427.0
2080,25,RSAS,international shipping,preprocessed,4288721.0
2080,26,RSAF,international shipping,preprocessed,3494579.0
2080,27,Unused,international shipping,preprocessed,0.0
2080,28,World Total,international shipping,preprocessed,175117200.0
2081,1,CAN,international shipping,preprocessed,3620337.0
2081,2,USA,international shipping,preprocessed,14932800.0
2081,3,MEX,international shipping,preprocessed,3582292.0
2081,4,RCAM,international shipping,preprocessed,2121564.0
2081,5,BRA,international shipping,preprocessed,2996779.0
2081,6,RSAM,international shipping,preprocessed,3571113.0
2081,7,NAF,international shipping,preprocessed,3579612.0
2081,8,WAF,international shipping,preprocessed,5977021.0
2081,9,EAF,international shipping,preprocessed,2743140.0
2081,10,SAF,international shipping,preprocessed,1182123.0
2081,11,WEU,international shipping,preprocessed,47404720.0
2081,12,CEU,international shipping,preprocessed,5926603.0
2081,13,TUR,international shipping,preprocessed,2725451.0
2081,14,UKR,international shipping,preprocessed,596032.2
2081,15,STAN,international shipping,preprocessed,934460.9
2081,16,RUS,international shipping,preprocessed,1751298.0
2081,17,ME,international shipping,preprocessed,7866582.0
2081,18,INDIA,international shipping,preprocessed,7926542.0
2081,19,KOR,international shipping,preprocessed,2506010.0
2081,20,CHN,international shipping,preprocessed,19617130.0
2081,21,SEAS,international shipping,preprocessed,17533940.0
2081,22,INDO,international shipping,preprocessed,2556509.0
2081,23,JAP,international shipping,preprocessed,3952615.0
2081,24,OCE,international shipping,preprocessed,2339182.0
2081,25,RSAS,international shipping,preprocessed,4362676.0
2081,26,RSAF,international shipping,preprocessed,3577137.0
2081,27,Unused,international shipping,preprocessed,0.0
2081,28,World Total,international shipping,preprocessed,175883700.0
2082,1,CAN,international shipping,preprocessed,3642148.0
2082,2,USA,international shipping,preprocessed,14976730.0
2082,3,MEX,international shipping,preprocessed,3599699.0
2082,4,RCAM,international shipping,preprocessed,2140881.0
2082,5,BRA,international shipping,preprocessed,3012611.0
2082,6,RSAM,international shipping,preprocessed,3589622.0
2082,7,NAF,international shipping,preprocessed,3626170.0
2082,8,WAF,international shipping,preprocessed,6137455.0
2082,9,EAF,international shipping,preprocessed,2809915.0
2082,10,SAF,international shipping,preprocessed,1194227.0
2082,11,WEU,international shipping,preprocessed,47564290.0
2082,12,CEU,international shipping,preprocessed,5916549.0
2082,13,TUR,international shipping,preprocessed,2719049.0
2082,14,UKR,international shipping,preprocessed,597390.6
2082,15,STAN,international shipping,preprocessed,945422.9
2082,16,RUS,international shipping,preprocessed,1760598.0
2082,17,ME,international shipping,preprocessed,7901944.0
2082,18,INDIA,international shipping,preprocessed,7972539.0
2082,19,KOR,international shipping,preprocessed,2495068.0
2082,20,CHN,international shipping,preprocessed,19505240.0
2082,21,SEAS,international shipping,preprocessed,17582310.0
2082,22,INDO,international shipping,preprocessed,2560241.0
2082,23,JAP,international shipping,preprocessed,3941755.0
2082,24,OCE,international shipping,preprocessed,2359937.0
2082,25,RSAS,international shipping,preprocessed,4435671.0
2082,26,RSAF,international shipping,preprocessed,3658094.0
2082,27,Unused,international shipping,preprocessed,0.0
2082,28,World Total,international shipping,preprocessed,176645600.0
2083,1,CAN,international shipping,preprocessed,3663796.0
2083,2,USA,international shipping,preprocessed,15021730.0
2083,3,MEX,international shipping,preprocessed,3616785.0
2083,4,RCAM,international shipping,preprocessed,2159764.0
2083,5,BRA,international shipping,preprocessed,3027772.0
2083,6,RSAM,international shipping,preprocessed,3607616.0
2083,7,NAF,international shipping,preprocessed,3672638.0
2083,8,WAF,international shipping,preprocessed,6296403.0
2083,9,EAF,international shipping,preprocessed,2875874.0
2083,10,SAF,international shipping,preprocessed,1206142.0
2083,11,WEU,international shipping,preprocessed,47723630.0
2083,12,CEU,international shipping,preprocessed,5906529.0
2083,13,TUR,international shipping,preprocessed,2712791.0
2083,14,UKR,international shipping,preprocessed,598735.6
2083,15,STAN,international shipping,preprocessed,956382.7
2083,16,RUS,international shipping,preprocessed,1769900.0
2083,17,ME,international shipping,preprocessed,7936831.0
2083,18,INDIA,international shipping,preprocessed,8017858.0
2083,19,KOR,international shipping,preprocessed,2484048.0
2083,20,CHN,international shipping,preprocessed,19395050.0
2083,21,SEAS,international shipping,preprocessed,17629320.0
2083,22,INDO,international shipping,preprocessed,2563913.0
2083,23,JAP,international shipping,preprocessed,3931336.0
2083,24,OCE,international shipping,preprocessed,2380684.0
2083,25,RSAS,international shipping,preprocessed,4507722.0
2083,26,RSAF,international shipping,preprocessed,3737484.0
2083,27,Unused,international shipping,preprocessed,0.0
2083,28,World Total,international shipping,preprocessed,177400700.0
2084,1,CAN,international shipping,preprocessed,3685302.0
2084,2,USA,international shipping,preprocessed,15066290.0
2084,3,MEX,international shipping,preprocessed,3633602.0
2084,4,RCAM,international shipping,preprocessed,2178408.0
2084,5,BRA,international shipping,preprocessed,3042326.0
2084,6,RSAM,international shipping,preprocessed,3625166.0
2084,7,NAF,international shipping,preprocessed,3718656.0
2084,8,WAF,international shipping,preprocessed,6453961.0
2084,9,EAF,international shipping,preprocessed,2940783.0
2084,10,SAF,international shipping,preprocessed,1217854.0
2084,11,WEU,international shipping,preprocessed,47883920.0
2084,12,CEU,international shipping,preprocessed,5896504.0
2084,13,TUR,international shipping,preprocessed,2706672.0
2084,14,UKR,international shipping,preprocessed,600033.7
2084,15,STAN,international shipping,preprocessed,967346.2
2084,16,RUS,international shipping,preprocessed,1779575.0
2084,17,ME,international shipping,preprocessed,7971212.0
2084,18,INDIA,international shipping,preprocessed,8062427.0
2084,19,KOR,international shipping,preprocessed,2472905.0
2084,20,CHN,international shipping,preprocessed,19284810.0
2084,21,SEAS,international shipping,preprocessed,17675420.0
2084,22,INDO,international shipping,preprocessed,2567345.0
2084,23,JAP,international shipping,preprocessed,3921080.0
2084,24,OCE,international shipping,preprocessed,2401562.0
2084,25,RSAS,international shipping,preprocessed,4579020.0
2084,26,RSAF,international shipping,preprocessed,3815208.0
2084,27,Unused,international shipping,preprocessed,0.0
2084,28,World Total,international shipping,preprocessed,178147400.0
2085,1,CAN,international shipping,preprocessed,3706678.0
2085,2,USA,international shipping,preprocessed,15106800.0
2085,3,MEX,international shipping,preprocessed,3650409.0
2085,4,RCAM,international shipping,preprocessed,2196864.0
2085,5,BRA,international shipping,preprocessed,3056399.0
2085,6,RSAM,international shipping,preprocessed,3642304.0
2085,7,NAF,international shipping,preprocessed,3764442.0
2085,8,WAF,international shipping,preprocessed,6609694.0
2085,9,EAF,international shipping,preprocessed,3004862.0
2085,10,SAF,international shipping,preprocessed,1229361.0
2085,11,WEU,international shipping,preprocessed,48043820.0
2085,12,CEU,international shipping,preprocessed,5886493.0
2085,13,TUR,international shipping,preprocessed,2700547.0
2085,14,UKR,international shipping,preprocessed,601292.6
2085,15,STAN,international shipping,preprocessed,978312.6
2085,16,RUS,international shipping,preprocessed,1789248.0
2085,17,ME,international shipping,preprocessed,8005073.0
2085,18,INDIA,international shipping,preprocessed,8106261.0
2085,19,KOR,international shipping,preprocessed,2461620.0
2085,20,CHN,international shipping,preprocessed,19175600.0
2085,21,SEAS,international shipping,preprocessed,17719980.0
2085,22,INDO,international shipping,preprocessed,2570448.0
2085,23,JAP,international shipping,preprocessed,3910951.0
2085,24,OCE,international shipping,preprocessed,2422441.0
2085,25,RSAS,international shipping,preprocessed,4649307.0
2085,26,RSAF,international shipping,preprocessed,3892214.0
2085,27,Unused,international shipping,preprocessed,0.0
2085,28,World Total,international shipping,preprocessed,178881400.0
2086,1,CAN,international shipping,preprocessed,3725184.0
2086,2,USA,international shipping,preprocessed,15141180.0
2086,3,MEX,international shipping,preprocessed,3664371.0
2086,4,RCAM,international shipping,preprocessed,2215766.0
2086,5,BRA,international shipping,preprocessed,3069194.0
2086,6,RSAM,international shipping,preprocessed,3658066.0
2086,7,NAF,international shipping,preprocessed,3811667.0
2086,8,WAF,international shipping,preprocessed,6780857.0
2086,9,EAF,international shipping,preprocessed,3074125.0
2086,10,SAF,international shipping,preprocessed,1240952.0
2086,11,WEU,international shipping,preprocessed,48180100.0
2086,12,CEU,international shipping,preprocessed,5877159.0
2086,13,TUR,international shipping,preprocessed,2692942.0
2086,14,UKR,international shipping,preprocessed,602822.8
2086,15,STAN,international shipping,preprocessed,989822.0
2086,16,RUS,international shipping,preprocessed,1799747.0
2086,17,ME,international shipping,preprocessed,8037625.0
2086,18,INDIA,international shipping,preprocessed,8144083.0
2086,19,KOR,international shipping,preprocessed,2449790.0
2086,20,CHN,international shipping,preprocessed,19063990.0
2086,21,SEAS,international shipping,preprocessed,17757050.0
2086,22,INDO,international shipping,preprocessed,2571438.0
2086,23,JAP,international shipping,preprocessed,3901014.0
2086,24,OCE,international shipping,preprocessed,2441874.0
2086,25,RSAS,international shipping,preprocessed,4722223.0
2086,26,RSAF,international shipping,preprocessed,3976122.0
2086,27,Unused,international shipping,preprocessed,0.0
2086,28,World Total,international shipping,preprocessed,179589200.0
2087,1,CAN,international shipping,preprocessed,3743535.0
2087,2,USA,international shipping,preprocessed,15175200.0
2087,3,MEX,international shipping,preprocessed,3678119.0
2087,4,RCAM,international shipping,preprocessed,2234385.0
2087,5,BRA,international shipping,preprocessed,3081587.0
2087,6,RSAM,international shipping,preprocessed,3673375.0
2087,7,NAF,international shipping,preprocessed,3858194.0
2087,8,WAF,international shipping,preprocessed,6950490.0
2087,9,EAF,international shipping,preprocessed,3142620.0
2087,10,SAF,international shipping,preprocessed,1252353.0
2087,11,WEU,international shipping,preprocessed,48319940.0
2087,12,CEU,international shipping,preprocessed,5867831.0
2087,13,TUR,international shipping,preprocessed,2685267.0
2087,14,UKR,international shipping,preprocessed,604331.1
2087,15,STAN,international shipping,preprocessed,1001211.0
2087,16,RUS,international shipping,preprocessed,1809784.0
2087,17,ME,international shipping,preprocessed,8069588.0
2087,18,INDIA,international shipping,preprocessed,8181274.0
2087,19,KOR,international shipping,preprocessed,2437930.0
2087,20,CHN,international shipping,preprocessed,18952520.0
2087,21,SEAS,international shipping,preprocessed,17792280.0
2087,22,INDO,international shipping,preprocessed,2572194.0
2087,23,JAP,international shipping,preprocessed,3891163.0
2087,24,OCE,international shipping,preprocessed,2461267.0
2087,25,RSAS,international shipping,preprocessed,4793963.0
2087,26,RSAF,international shipping,preprocessed,4058399.0
2087,27,Unused,international shipping,preprocessed,0.0
2087,28,World Total,international shipping,preprocessed,180288800.0
2088,1,CAN,international shipping,preprocessed,3761707.0
2088,2,USA,international shipping,preprocessed,15205830.0
2088,3,MEX,international shipping,preprocessed,3691658.0
2088,4,RCAM,international shipping,preprocessed,2252679.0
2088,5,BRA,international shipping,preprocessed,3093597.0
2088,6,RSAM,international shipping,preprocessed,3688197.0
2088,7,NAF,international shipping,preprocessed,3904097.0
2088,8,WAF,international shipping,preprocessed,7118610.0
2088,9,EAF,international shipping,preprocessed,3210213.0
2088,10,SAF,international shipping,preprocessed,1263593.0
2088,11,WEU,international shipping,preprocessed,48462680.0
2088,12,CEU,international shipping,preprocessed,5858578.0
2088,13,TUR,international shipping,preprocessed,2677547.0
2088,14,UKR,international shipping,preprocessed,605805.3
2088,15,STAN,international shipping,preprocessed,1012378.0
2088,16,RUS,international shipping,preprocessed,1819572.0
2088,17,ME,international shipping,preprocessed,8100892.0
2088,18,INDIA,international shipping,preprocessed,8217505.0
2088,19,KOR,international shipping,preprocessed,2426104.0
2088,20,CHN,international shipping,preprocessed,18841590.0
2088,21,SEAS,international shipping,preprocessed,17825710.0
2088,22,INDO,international shipping,preprocessed,2572780.0
2088,23,JAP,international shipping,preprocessed,3881313.0
2088,24,OCE,international shipping,preprocessed,2480390.0
2088,25,RSAS,international shipping,preprocessed,4864555.0
2088,26,RSAF,international shipping,preprocessed,4139113.0
2088,27,Unused,international shipping,preprocessed,0.0
2088,28,World Total,international shipping,preprocessed,180976700.0
2089,1,CAN,international shipping,preprocessed,3779678.0
2089,2,USA,international shipping,preprocessed,15239660.0
2089,3,MEX,international shipping,preprocessed,3704994.0
2089,4,RCAM,international shipping,preprocessed,2270158.0
2089,5,BRA,international shipping,preprocessed,3105211.0
2089,6,RSAM,international shipping,preprocessed,3702503.0
2089,7,NAF,international shipping,preprocessed,3949486.0
2089,8,WAF,international shipping,preprocessed,7285236.0
2089,9,EAF,international shipping,preprocessed,3276500.0
2089,10,SAF,international shipping,preprocessed,1274709.0
2089,11,WEU,international shipping,preprocessed,48608060.0
2089,12,CEU,international shipping,preprocessed,5849475.0
2089,13,TUR,international shipping,preprocessed,2669935.0
2089,14,UKR,international shipping,preprocessed,607236.4
2089,15,STAN,international shipping,preprocessed,1023384.0
2089,16,RUS,international shipping,preprocessed,1829212.0
2089,17,ME,international shipping,preprocessed,8131358.0
2089,18,INDIA,international shipping,preprocessed,8252925.0
2089,19,KOR,international shipping,preprocessed,2414378.0
2089,20,CHN,international shipping,preprocessed,18731820.0
2089,21,SEAS,international shipping,preprocessed,17858330.0
2089,22,INDO,international shipping,preprocessed,2573044.0
2089,23,JAP,international shipping,preprocessed,3871381.0
2089,24,OCE,international shipping,preprocessed,2499439.0
2089,25,RSAS,international shipping,preprocessed,4933925.0
2089,26,RSAF,international shipping,preprocessed,4218888.0
2089,27,Unused,international shipping,preprocessed,0.0
2089,28,World Total,international shipping,preprocessed,181660900.0
2090,1,CAN,international shipping,preprocessed,3797432.0
2090,2,USA,international shipping,preprocessed,15271940.0
2090,3,MEX,international shipping,preprocessed,3717846.0
2090,4,RCAM,international shipping,preprocessed,2287347.0
2090,5,BRA,international shipping,preprocessed,3116404.0
2090,6,RSAM,international shipping,preprocessed,3716283.0
2090,7,NAF,international shipping,preprocessed,3994639.0
2090,8,WAF,international shipping,preprocessed,7449532.0
2090,9,EAF,international shipping,preprocessed,3341712.0
2090,10,SAF,international shipping,preprocessed,1285724.0
2090,11,WEU,international shipping,preprocessed,48755020.0
2090,12,CEU,international shipping,preprocessed,5840535.0
2090,13,TUR,international shipping,preprocessed,2662460.0
2090,14,UKR,international shipping,preprocessed,608619.5
2090,15,STAN,international shipping,preprocessed,1034438.0
2090,16,RUS,international shipping,preprocessed,1838724.0
2090,17,ME,international shipping,preprocessed,8160808.0
2090,18,INDIA,international shipping,preprocessed,8287538.0
2090,19,KOR,international shipping,preprocessed,2402785.0
2090,20,CHN,international shipping,preprocessed,18620250.0
2090,21,SEAS,international shipping,preprocessed,17890880.0
2090,22,INDO,international shipping,preprocessed,2572885.0
2090,23,JAP,international shipping,preprocessed,3861235.0
2090,24,OCE,international shipping,preprocessed,2518378.0
2090,25,RSAS,international shipping,preprocessed,5001815.0
2090,26,RSAF,international shipping,preprocessed,4297106.0
2090,27,Unused,international shipping,preprocessed,0.0
2090,28,World Total,international shipping,preprocessed,182332300.0
2091,1,CAN,international shipping,preprocessed,3812751.0
2091,2,USA,international shipping,preprocessed,15303140.0
2091,3,MEX,international shipping,preprocessed,3728024.0
2091,4,RCAM,international shipping,preprocessed,2304496.0
2091,5,BRA,international shipping,preprocessed,3126897.0
2091,6,RSAM,international shipping,preprocessed,3728725.0
2091,7,NAF,international shipping,preprocessed,4040910.0
2091,8,WAF,international shipping,preprocessed,7628163.0
2091,9,EAF,international shipping,preprocessed,3411522.0
2091,10,SAF,international shipping,preprocessed,1296742.0
2091,11,WEU,international shipping,preprocessed,48874530.0
2091,12,CEU,international shipping,preprocessed,5832947.0
2091,13,TUR,international shipping,preprocessed,2654193.0
2091,14,UKR,international shipping,preprocessed,610153.6
2091,15,STAN,international shipping,preprocessed,1046111.0
2091,16,RUS,international shipping,preprocessed,1848817.0
2091,17,ME,international shipping,preprocessed,8188685.0
2091,18,INDIA,international shipping,preprocessed,8316877.0
2091,19,KOR,international shipping,preprocessed,2391065.0
2091,20,CHN,international shipping,preprocessed,18507460.0
2091,21,SEAS,international shipping,preprocessed,17920680.0
2091,22,INDO,international shipping,preprocessed,2570523.0
2091,23,JAP,international shipping,preprocessed,3849785.0
2091,24,OCE,international shipping,preprocessed,2536168.0
2091,25,RSAS,international shipping,preprocessed,5072062.0
2091,26,RSAF,international shipping,preprocessed,4381762.0
2091,27,Unused,international shipping,preprocessed,0.0
2091,28,World Total,international shipping,preprocessed,182983200.0
2092,1,CAN,international shipping,preprocessed,3827807.0
2092,2,USA,international shipping,preprocessed,15330830.0
2092,3,MEX,international shipping,preprocessed,3738015.0
2092,4,RCAM,international shipping,preprocessed,2321262.0
2092,5,BRA,international shipping,preprocessed,3136922.0
2092,6,RSAM,international shipping,preprocessed,3740636.0
2092,7,NAF,international shipping,preprocessed,4086361.0
2092,8,WAF,international shipping,preprocessed,7804912.0
2092,9,EAF,international shipping,preprocessed,3479601.0
2092,10,SAF,international shipping,preprocessed,1307591.0
2092,11,WEU,international shipping,preprocessed,48990620.0
2092,12,CEU,international shipping,preprocessed,5825392.0
2092,13,TUR,international shipping,preprocessed,2646219.0
2092,14,UKR,international shipping,preprocessed,611601.7
2092,15,STAN,international shipping,preprocessed,1057617.0
2092,16,RUS,international shipping,preprocessed,1858777.0
2092,17,ME,international shipping,preprocessed,8215198.0
2092,18,INDIA,international shipping,preprocessed,8345284.0
2092,19,KOR,international shipping,preprocessed,2379435.0
2092,20,CHN,international shipping,preprocessed,18394880.0
2092,21,SEAS,international shipping,preprocessed,17950690.0
2092,22,INDO,international shipping,preprocessed,2567701.0
2092,23,JAP,international shipping,preprocessed,3838250.0
2092,24,OCE,international shipping,preprocessed,2553903.0
2092,25,RSAS,international shipping,preprocessed,5140800.0
2092,26,RSAF,international shipping,preprocessed,4464365.0
2092,27,Unused,international shipping,preprocessed,0.0
2092,28,World Total,international shipping,preprocessed,183614700.0
2093,1,CAN,international shipping,preprocessed,3842599.0
2093,2,USA,international shipping,preprocessed,15361620.0
2093,3,MEX,international shipping,preprocessed,3747769.0
2093,4,RCAM,international shipping,preprocessed,2337735.0
2093,5,BRA,international shipping,preprocessed,3146470.0
2093,6,RSAM,international shipping,preprocessed,3751980.0
2093,7,NAF,international shipping,preprocessed,4131060.0
2093,8,WAF,international shipping,preprocessed,7979851.0
2093,9,EAF,international shipping,preprocessed,3546499.0
2093,10,SAF,international shipping,preprocessed,1318290.0
2093,11,WEU,international shipping,preprocessed,49104460.0
2093,12,CEU,international shipping,preprocessed,5817817.0
2093,13,TUR,international shipping,preprocessed,2638560.0
2093,14,UKR,international shipping,preprocessed,612968.8
2093,15,STAN,international shipping,preprocessed,1068978.0
2093,16,RUS,international shipping,preprocessed,1868612.0
2093,17,ME,international shipping,preprocessed,8240297.0
2093,18,INDIA,international shipping,preprocessed,8373567.0
2093,19,KOR,international shipping,preprocessed,2367861.0
2093,20,CHN,international shipping,preprocessed,18279990.0
2093,21,SEAS,international shipping,preprocessed,17981490.0
2093,22,INDO,international shipping,preprocessed,2564455.0
2093,23,JAP,international shipping,preprocessed,3826930.0
2093,24,OCE,international shipping,preprocessed,2571730.0
2093,25,RSAS,international shipping,preprocessed,5208047.0
2093,26,RSAF,international shipping,preprocessed,4544951.0
2093,27,Unused,international shipping,preprocessed,0.0
2093,28,World Total,international shipping,preprocessed,184234600.0
2094,1,CAN,international shipping,preprocessed,3857140.0
2094,2,USA,international shipping,preprocessed,15387400.0
2094,3,MEX,international shipping,preprocessed,3757207.0
2094,4,RCAM,international shipping,preprocessed,2354261.0
2094,5,BRA,international shipping,preprocessed,3155568.0
2094,6,RSAM,international shipping,preprocessed,3763233.0
2094,7,NAF,international shipping,preprocessed,4175061.0
2094,8,WAF,international shipping,preprocessed,8153056.0
2094,9,EAF,international shipping,preprocessed,3612867.0
2094,10,SAF,international shipping,preprocessed,1328846.0
2094,11,WEU,international shipping,preprocessed,49215870.0
2094,12,CEU,international shipping,preprocessed,5810230.0
2094,13,TUR,international shipping,preprocessed,2631180.0
2094,14,UKR,international shipping,preprocessed,614257.1
2094,15,STAN,international shipping,preprocessed,1080217.0
2094,16,RUS,international shipping,preprocessed,1878329.0
2094,17,ME,international shipping,preprocessed,8264176.0
2094,18,INDIA,international shipping,preprocessed,8401830.0
2094,19,KOR,international shipping,preprocessed,2356270.0
2094,20,CHN,international shipping,preprocessed,18164230.0
2094,21,SEAS,international shipping,preprocessed,18012970.0
2094,22,INDO,international shipping,preprocessed,2561198.0
2094,23,JAP,international shipping,preprocessed,3815484.0
2094,24,OCE,international shipping,preprocessed,2589540.0
2094,25,RSAS,international shipping,preprocessed,5274476.0
2094,26,RSAF,international shipping,preprocessed,4622473.0
2094,27,Unused,international shipping,preprocessed,0.0
2094,28,World Total,international shipping,preprocessed,184837400.0
2095,1,CAN,international shipping,preprocessed,3871462.0
2095,2,USA,international shipping,preprocessed,15411120.0
2095,3,MEX,international shipping,preprocessed,3766241.0
2095,4,RCAM,international shipping,preprocessed,2370547.0
2095,5,BRA,international shipping,preprocessed,3164265.0
2095,6,RSAM,international shipping,preprocessed,3774149.0
2095,7,NAF,international shipping,preprocessed,4218240.0
2095,8,WAF,international shipping,preprocessed,8325539.0
2095,9,EAF,international shipping,preprocessed,3678670.0
2095,10,SAF,international shipping,preprocessed,1339277.0
2095,11,WEU,international shipping,preprocessed,49330280.0
2095,12,CEU,international shipping,preprocessed,5802693.0
2095,13,TUR,international shipping,preprocessed,2624176.0
2095,14,UKR,international shipping,preprocessed,615500.6
2095,15,STAN,international shipping,preprocessed,1091356.0
2095,16,RUS,international shipping,preprocessed,1887934.0
2095,17,ME,international shipping,preprocessed,8287029.0
2095,18,INDIA,international shipping,preprocessed,8429811.0
2095,19,KOR,international shipping,preprocessed,2344604.0
2095,20,CHN,international shipping,preprocessed,18048080.0
2095,21,SEAS,international shipping,preprocessed,18045150.0
2095,22,INDO,international shipping,preprocessed,2558179.0
2095,23,JAP,international shipping,preprocessed,3804012.0
2095,24,OCE,international shipping,preprocessed,2607422.0
2095,25,RSAS,international shipping,preprocessed,5340330.0
2095,26,RSAF,international shipping,preprocessed,4698339.0
2095,27,Unused,international shipping,preprocessed,0.0
2095,28,World Total,international shipping,preprocessed,185434400.0
2096,1,CAN,international shipping,preprocessed,3883639.0
2096,2,USA,international shipping,preprocessed,15429050.0
2096,3,MEX,international shipping,preprocessed,3771961.0
2096,4,RCAM,international shipping,preprocessed,2387045.0
2096,5,BRA,international shipping,preprocessed,3172501.0
2096,6,RSAM,international shipping,preprocessed,3783908.0
2096,7,NAF,international shipping,preprocessed,4261900.0
2096,8,WAF,international shipping,preprocessed,8511213.0
2096,9,EAF,international shipping,preprocessed,3749582.0
2096,10,SAF,international shipping,preprocessed,1349546.0
2096,11,WEU,international shipping,preprocessed,49402820.0
2096,12,CEU,international shipping,preprocessed,5795262.0
2096,13,TUR,international shipping,preprocessed,2616739.0
2096,14,UKR,international shipping,preprocessed,616691.1
2096,15,STAN,international shipping,preprocessed,1102783.0
2096,16,RUS,international shipping,preprocessed,1897348.0
2096,17,ME,international shipping,preprocessed,8308135.0
2096,18,INDIA,international shipping,preprocessed,8453001.0
2096,19,KOR,international shipping,preprocessed,2333272.0
2096,20,CHN,international shipping,preprocessed,17926500.0
2096,21,SEAS,international shipping,preprocessed,18075890.0
2096,22,INDO,international shipping,preprocessed,2553848.0
2096,23,JAP,international shipping,preprocessed,3790414.0
2096,24,OCE,international shipping,preprocessed,2624282.0
2096,25,RSAS,international shipping,preprocessed,5409562.0
2096,26,RSAF,international shipping,preprocessed,4780091.0
2096,27,Unused,international shipping,preprocessed,0.0
2096,28,World Total,international shipping,preprocessed,185987000.0
2097,1,CAN,international shipping,preprocessed,3895714.0
2097,2,USA,international shipping,preprocessed,15445150.0
2097,3,MEX,international shipping,preprocessed,3776778.0
2097,4,RCAM,international shipping,preprocessed,2402961.0
2097,5,BRA,international shipping,preprocessed,3180209.0
2097,6,RSAM,international shipping,preprocessed,3792567.0
2097,7,NAF,international shipping,preprocessed,4304771.0
2097,8,WAF,international shipping,preprocessed,8694323.0
2097,9,EAF,international shipping,preprocessed,3820213.0
2097,10,SAF,international shipping,preprocessed,1359552.0
2097,11,WEU,international shipping,preprocessed,49480420.0
2097,12,CEU,international shipping,preprocessed,5787687.0
2097,13,TUR,international shipping,preprocessed,2609628.0
2097,14,UKR,international shipping,preprocessed,617797.6
2097,15,STAN,international shipping,preprocessed,1114079.0
2097,16,RUS,international shipping,preprocessed,1906638.0
2097,17,ME,international shipping,preprocessed,8328546.0
2097,18,INDIA,international shipping,preprocessed,8476842.0
2097,19,KOR,international shipping,preprocessed,2321704.0
2097,20,CHN,international shipping,preprocessed,17802510.0
2097,21,SEAS,international shipping,preprocessed,18105200.0
2097,22,INDO,international shipping,preprocessed,2549721.0
2097,23,JAP,international shipping,preprocessed,3776851.0
2097,24,OCE,international shipping,preprocessed,2641008.0
2097,25,RSAS,international shipping,preprocessed,5478812.0
2097,26,RSAF,international shipping,preprocessed,4860240.0
2097,27,Unused,international shipping,preprocessed,0.0
2097,28,World Total,international shipping,preprocessed,186529900.0
2098,1,CAN,international shipping,preprocessed,3907705.0
2098,2,USA,international shipping,preprocessed,15459270.0
2098,3,MEX,international shipping,preprocessed,3780530.0
2098,4,RCAM,international shipping,preprocessed,2418087.0
2098,5,BRA,international shipping,preprocessed,3187252.0
2098,6,RSAM,international shipping,preprocessed,3799632.0
2098,7,NAF,international shipping,preprocessed,4346299.0
2098,8,WAF,international shipping,preprocessed,8874612.0
2098,9,EAF,international shipping,preprocessed,3890144.0
2098,10,SAF,international shipping,preprocessed,1369180.0
2098,11,WEU,international shipping,preprocessed,49547120.0
2098,12,CEU,international shipping,preprocessed,5779713.0
2098,13,TUR,international shipping,preprocessed,2602784.0
2098,14,UKR,international shipping,preprocessed,618790.8
2098,15,STAN,international shipping,preprocessed,1125213.0
2098,16,RUS,international shipping,preprocessed,1915796.0
2098,17,ME,international shipping,preprocessed,8348397.0
2098,18,INDIA,international shipping,preprocessed,8500860.0
2098,19,KOR,international shipping,preprocessed,2309855.0
2098,20,CHN,international shipping,preprocessed,17677850.0
2098,21,SEAS,international shipping,preprocessed,18130680.0
2098,22,INDO,international shipping,preprocessed,2545579.0
2098,23,JAP,international shipping,preprocessed,3763271.0
2098,24,OCE,international shipping,preprocessed,2657493.0
2098,25,RSAS,international shipping,preprocessed,5547754.0
2098,26,RSAF,international shipping,preprocessed,4938814.0
2098,27,Unused,international shipping,preprocessed,0.0
2098,28,World Total,international shipping,preprocessed,187042700.0
2099,1,CAN,international shipping,preprocessed,3919596.0
2099,2,USA,international shipping,preprocessed,15471210.0
2099,3,MEX,international shipping,preprocessed,3783158.0
2099,4,RCAM,international shipping,preprocessed,2432346.0
2099,5,BRA,international shipping,preprocessed,3193469.0
2099,6,RSAM,international shipping,preprocessed,3804679.0
2099,7,NAF,international shipping,preprocessed,4386195.0
2099,8,WAF,international shipping,preprocessed,9051826.0
2099,9,EAF,international shipping,preprocessed,3959093.0
2099,10,SAF,international shipping,preprocessed,1378321.0
2099,11,WEU,international shipping,preprocessed,49609280.0
2099,12,CEU,international shipping,preprocessed,5771181.0
2099,13,TUR,international shipping,preprocessed,2595986.0
2099,14,UKR,international shipping,preprocessed,619648.6
2099,15,STAN,international shipping,preprocessed,1136138.0
2099,16,RUS,international shipping,preprocessed,1924815.0
2099,17,ME,international shipping,preprocessed,8367690.0
2099,18,INDIA,international shipping,preprocessed,8522666.0
2099,19,KOR,international shipping,preprocessed,2297926.0
2099,20,CHN,international shipping,preprocessed,17550190.0
2099,21,SEAS,international shipping,preprocessed,18150760.0
2099,22,INDO,international shipping,preprocessed,2541143.0
2099,23,JAP,international shipping,preprocessed,3749588.0
2099,24,OCE,international shipping,preprocessed,2673567.0
2099,25,RSAS,international shipping,preprocessed,5615846.0
2099,26,RSAF,international shipping,preprocessed,5016281.0
2099,27,Unused,international shipping,preprocessed,0.0
2099,28,World Total,international shipping,preprocessed,187522600.0
2100,1,CAN,international shipping,preprocessed,3931128.0
2100,2,USA,international shipping,preprocessed,15480500.0
2100,3,MEX,international shipping,preprocessed,3784244.0
2100,4,RCAM,international shipping,preprocessed,2445763.0
2100,5,BRA,international shipping,preprocessed,3198696.0
2100,6,RSAM,international shipping,preprocessed,3807331.0
2100,7,NAF,international shipping,preprocessed,4424115.0
2100,8,WAF,international shipping,preprocessed,9229333.0
2100,9,EAF,international shipping,preprocessed,4026561.0
2100,10,SAF,international shipping,preprocessed,1386885.0
2100,11,WEU,international shipping,preprocessed,49662170.0
2100,12,CEU,international shipping,preprocessed,5761817.0
2100,13,TUR,international shipping,preprocessed,2588980.0
2100,14,UKR,international shipping,preprocessed,620343.2
2100,15,STAN,international shipping,preprocessed,1146824.0
2100,16,RUS,international shipping,preprocessed,1933687.0
2100,17,ME,international shipping,preprocessed,8386444.0
2100,18,INDIA,international shipping,preprocessed,8541682.0
2100,19,KOR,international shipping,preprocessed,2285850.0
2100,20,CHN,international shipping,preprocessed,17422980.0
2100,21,SEAS,international shipping,preprocessed,18164580.0
2100,22,INDO,international shipping,preprocessed,2536142.0
2100,23,JAP,international shipping,preprocessed,3735601.0
2100,24,OCE,international shipping,preprocessed,2689142.0
2100,25,RSAS,international shipping,preprocessed,5682477.0
2100,26,RSAF,international shipping,preprocessed,5091797.0
2100,27,Unused,international shipping,preprocessed,0.0
2100,28,World Total,international shipping,preprocessed,187965100.0
1971,1,CAN,international shipping,raw,2348617.0
1971,2,USA,international shipping,raw,5524689.0
1971,3,MEX,international shipping,raw,186278.4
1971,4,RCAM,international shipping,raw,992992.1
1971,5,BRA,international shipping,raw,466195.0
1971,6,RSAM,international shipping,raw,1031910.0
1971,7,NAF,international shipping,raw,695029.8
1971,8,WAF,international shipping,raw,787987.2
1971,9,EAF,international shipping,raw,294694.4
1971,10,SAF,international shipping,raw,616322.6
1971,11,WEU,international shipping,raw,29693660.0
1971,12,CEU,international shipping,raw,2478382.0
1971,13,TUR,international shipping,raw,166566.4
1971,14,UKR,international shipping,raw,265619.3
1971,15,STAN,international shipping,raw,134534.4
1971,16,RUS,international shipping,raw,817555.4
1971,17,ME,international shipping,raw,2101300.0
1971,18,INDIA,international shipping,raw,396472.5
1971,19,KOR,international shipping,raw,200331.5
1971,20,CHN,international shipping,raw,1140927.0
1971,21,SEAS,international shipping,raw,869489.7
1971,22,INDO,international shipping,raw,249849.6
1971,23,JAP,international shipping,raw,3888686.0
1971,24,OCE,international shipping,raw,778730.9
1971,25,RSAS,international shipping,raw,191841.5
1971,26,RSAF,international shipping,raw,461260.8
1971,27,Unused,international shipping,raw,0.0
1971,28,World Total,international shipping,raw,56779920.0
1972,1,CAN,international shipping,raw,2441427.0
1972,2,USA,international shipping,raw,5711827.0
1972,3,MEX,international shipping,raw,189835.6
1972,4,RCAM,international shipping,raw,967112.6
1972,5,BRA,international shipping,raw,525097.0
1972,6,RSAM,international shipping,raw,995056.5
1972,7,NAF,international shipping,raw,732248.1
1972,8,WAF,international shipping,raw,785749.3
1972,9,EAF,international shipping,raw,280664.5
1972,10,SAF,international shipping,raw,588087.9
1972,11,WEU,international shipping,raw,31030960.0
1972,12,CEU,international shipping,raw,2594502.0
1972,13,TUR,international shipping,raw,187023.2
1972,14,UKR,international shipping,raw,277885.8
1972,15,STAN,international shipping,raw,140190.6
1972,16,RUS,international shipping,raw,854707.9
1972,17,ME,international shipping,raw,2089664.0
1972,18,INDIA,international shipping,raw,381768.3
1972,19,KOR,international shipping,raw,211627.4
1972,20,CHN,international shipping,raw,1257498.0
1972,21,SEAS,international shipping,raw,871572.0
1972,22,INDO,international shipping,raw,292068.4
1972,23,JAP,international shipping,raw,4102754.0
1972,24,OCE,international shipping,raw,783914.8
1972,25,RSAS,international shipping,raw,298255.7
1972,26,RSAF,international shipping,raw,423636.2
1972,27,Unused,international shipping,raw,0.0
1972,28,World Total,international shipping,raw,59015130.0
1973,1,CAN,international shipping,raw,2514837.0
1973,2,USA,international shipping,raw,5874257.0
1973,3,MEX,international shipping,raw,202795.2
1973,4,RCAM,international shipping,raw,1041587.0
1973,5,BRA,international shipping,raw,528637.2
1973,6,RSAM,international shipping,raw,1077780.0
1973,7,NAF,international shipping,raw,760511.5
1973,8,WAF,international shipping,raw,840819.1
1973,9,EAF,international shipping,raw,308652.8
1973,10,SAF,international shipping,raw,647228.7
1973,11,WEU,international shipping,raw,31510050.0
1973,12,CEU,international shipping,raw,2644638.0
1973,13,TUR,international shipping,raw,188069.1
1973,14,UKR,international shipping,raw,282789.1
1973,15,STAN,international shipping,raw,146249.5
1973,16,RUS,international shipping,raw,868849.6
1973,17,ME,international shipping,raw,2267467.0
1973,18,INDIA,international shipping,raw,414359.3
1973,19,KOR,international shipping,raw,218778.0
1973,20,CHN,international shipping,raw,1275075.0
1973,21,SEAS,international shipping,raw,928364.6
1973,22,INDO,international shipping,raw,289722.1
1973,23,JAP,international shipping,raw,4195291.0
1973,24,OCE,international shipping,raw,827452.9
1973,25,RSAS,international shipping,raw,260802.9
1973,26,RSAF,international shipping,raw,477879.9
1973,27,Unused,international shipping,raw,0.0
1973,28,World Total,international shipping,raw,60592940.0
1974,1,CAN,international shipping,raw,2368739.0
1974,2,USA,international shipping,raw,5672515.0
1974,3,MEX,international shipping,raw,197581.9
1974,4,RCAM,international shipping,raw,987441.1
1974,5,BRA,international shipping,raw,552821.1
1974,6,RSAM,international shipping,raw,1014311.0
1974,7,NAF,international shipping,raw,761970.4
1974,8,WAF,international shipping,raw,815374.3
1974,9,EAF,international shipping,raw,281297.0
1974,10,SAF,international shipping,raw,607576.1
1974,11,WEU,international shipping,raw,30947150.0
1974,12,CEU,international shipping,raw,2580796.0
1974,13,TUR,international shipping,raw,191934.4
1974,14,UKR,international shipping,raw,276796.3
1974,15,STAN,international shipping,raw,142734.3
1974,16,RUS,international shipping,raw,849855.3
1974,17,ME,international shipping,raw,2253147.0
1974,18,INDIA,international shipping,raw,383562.1
1974,19,KOR,international shipping,raw,240308.4
1974,20,CHN,international shipping,raw,1330479.0
1974,21,SEAS,international shipping,raw,934700.1
1974,22,INDO,international shipping,raw,329959.1
1974,23,JAP,international shipping,raw,4194551.0
1974,24,OCE,international shipping,raw,807011.1
1974,25,RSAS,international shipping,raw,282426.8
1974,26,RSAF,international shipping,raw,437117.8
1974,27,Unused,international shipping,raw,0.0
1974,28,World Total,international shipping,raw,59442160.0
1975,1,CAN,international shipping,raw,2044317.0
1975,2,USA,international shipping,raw,5161042.0
1975,3,MEX,international shipping,raw,181076.3
1975,4,RCAM,international shipping,raw,953764.6
1975,5,BRA,international shipping,raw,564067.9
1975,6,RSAM,international shipping,raw,943972.1
1975,7,NAF,international shipping,raw,795766.1
1975,8,WAF,international shipping,raw,787367.4
1975,9,EAF,international shipping,raw,233069.9
1975,10,SAF,international shipping,raw,535065.9
1975,11,WEU,international shipping,raw,27919640.0
1975,12,CEU,international shipping,raw,2309525.0
1975,13,TUR,international shipping,raw,186988.5
1975,14,UKR,international shipping,raw,242322.1
1975,15,STAN,international shipping,raw,125242.5
1975,16,RUS,international shipping,raw,745040.3
1975,17,ME,international shipping,raw,2637728.0
1975,18,INDIA,international shipping,raw,333368.5
1975,19,KOR,international shipping,raw,250865.3
1975,20,CHN,international shipping,raw,1247240.0
1975,21,SEAS,international shipping,raw,916394.6
1975,22,INDO,international shipping,raw,373465.4
1975,23,JAP,international shipping,raw,4028706.0
1975,24,OCE,international shipping,raw,718035.0
1975,25,RSAS,international shipping,raw,281974.1
1975,26,RSAF,international shipping,raw,361392.8
1975,27,Unused,international shipping,raw,0.0
1975,28,World Total,international shipping,raw,54877440.0
1976,1,CAN,international shipping,raw,1912075.0
1976,2,USA,international shipping,raw,5157956.0
1976,3,MEX,international shipping,raw,185882.2
1976,4,RCAM,international shipping,raw,1066014.0
1976,5,BRA,international shipping,raw,602406.9
1976,6,RSAM,international shipping,raw,983404.0
1976,7,NAF,international shipping,raw,924968.8
1976,8,WAF,international shipping,raw,870508.4
1976,9,EAF,international shipping,raw,225051.5
1976,10,SAF,international shipping,raw,543152.5
1976,11,WEU,international shipping,raw,27750610.0
1976,12,CEU,international shipping,raw,2362740.0
1976,13,TUR,international shipping,raw,200710.7
1976,14,UKR,international shipping,raw,251696.5
1976,15,STAN,international shipping,raw,130658.9
1976,16,RUS,international shipping,raw,775860.7
1976,17,ME,international shipping,raw,3343588.0
1976,18,INDIA,international shipping,raw,345819.6
1976,19,KOR,international shipping,raw,289009.4
1976,20,CHN,international shipping,raw,1231507.0
1976,21,SEAS,international shipping,raw,998751.9
1976,22,INDO,international shipping,raw,436454.3
1976,23,JAP,international shipping,raw,4140086.0
1976,24,OCE,international shipping,raw,701659.8
1976,25,RSAS,international shipping,raw,261667.7
1976,26,RSAF,international shipping,raw,339176.9
1976,27,Unused,international shipping,raw,0.0
1976,28,World Total,international shipping,raw,56031420.0
1977,1,CAN,international shipping,raw,1774238.0
1977,2,USA,international shipping,raw,5031057.0
1977,3,MEX,international shipping,raw,175711.3
1977,4,RCAM,international shipping,raw,1136245.0
1977,5,BRA,international shipping,raw,595700.8
1977,6,RSAM,international shipping,raw,981355.2
1977,7,NAF,international shipping,raw,1001262.0
1977,8,WAF,international shipping,raw,942918.4
1977,9,EAF,international shipping,raw,212244.5
1977,10,SAF,international shipping,raw,490692.2
1977,11,WEU,international shipping,raw,26241890.0
1977,12,CEU,international shipping,raw,2283911.0
1977,13,TUR,international shipping,raw,208942.6
1977,14,UKR,international shipping,raw,247139.7
1977,15,STAN,international shipping,raw,129550.3
1977,16,RUS,international shipping,raw,764127.6
1977,17,ME,international shipping,raw,4009230.0
1977,18,INDIA,international shipping,raw,342863.2
1977,19,KOR,international shipping,raw,315264.4
1977,20,CHN,international shipping,raw,1123214.0
1977,21,SEAS,international shipping,raw,1025804.0
1977,22,INDO,international shipping,raw,465946.7
1977,23,JAP,international shipping,raw,4060539.0
1977,24,OCE,international shipping,raw,636372.9
1977,25,RSAS,international shipping,raw,240572.9
1977,26,RSAF,international shipping,raw,284629.3
1977,27,Unused,international shipping,raw,0.0
1977,28,World Total,international shipping,raw,54721420.0
1978,1,CAN,international shipping,raw,1685043.0
1978,2,USA,international shipping,raw,4992976.0
1978,3,MEX,international shipping,raw,161727.0
1978,4,RCAM,international shipping,raw,1125885.0
1978,5,BRA,international shipping,raw,558217.2
1978,6,RSAM,international shipping,raw,964258.6
1978,7,NAF,international shipping,raw,1021837.0
1978,8,WAF,international shipping,raw,999952.3
1978,9,EAF,international shipping,raw,217058.1
1978,10,SAF,international shipping,raw,435424.6
1978,11,WEU,international shipping,raw,25941830.0
1978,12,CEU,international shipping,raw,2312103.0
1978,13,TUR,international shipping,raw,212126.9
1978,14,UKR,international shipping,raw,260941.1
1978,15,STAN,international shipping,raw,136974.9
1978,16,RUS,international shipping,raw,807880.4
1978,17,ME,international shipping,raw,4078954.0
1978,18,INDIA,international shipping,raw,345884.1
1978,19,KOR,international shipping,raw,351558.1
1978,20,CHN,international shipping,raw,1080819.0
1978,21,SEAS,international shipping,raw,1052362.0
1978,22,INDO,international shipping,raw,476702.5
1978,23,JAP,international shipping,raw,3955758.0
1978,24,OCE,international shipping,raw,592855.9
1978,25,RSAS,international shipping,raw,226068.8
1978,26,RSAF,international shipping,raw,244761.5
1978,27,Unused,international shipping,raw,0.0
1978,28,World Total,international shipping,raw,54239960.0
1979,1,CAN,international shipping,raw,1670997.0
1979,2,USA,international shipping,raw,5252828.0
1979,3,MEX,international shipping,raw,167431.5
1979,4,RCAM,international shipping,raw,1108862.0
1979,5,BRA,international shipping,raw,550465.6
1979,6,RSAM,international shipping,raw,1000618.0
1979,7,NAF,international shipping,raw,1048134.0
1979,8,WAF,international shipping,raw,1043432.0
1979,9,EAF,international shipping,raw,223819.8
1979,10,SAF,international shipping,raw,414383.7
1979,11,WEU,international shipping,raw,26970280.0
1979,12,CEU,international shipping,raw,2333447.0
1979,13,TUR,international shipping,raw,203227.6
1979,14,UKR,international shipping,raw,269788.1
1979,15,STAN,international shipping,raw,140915.3
1979,16,RUS,international shipping,raw,832654.9
1979,17,ME,international shipping,raw,4209206.0
1979,18,INDIA,international shipping,raw,346071.4
1979,19,KOR,international shipping,raw,418906.9
1979,20,CHN,international shipping,raw,1172589.0
1979,21,SEAS,international shipping,raw,1162229.0
1979,22,INDO,international shipping,raw,499342.4
1979,23,JAP,international shipping,raw,4151330.0
1979,24,OCE,international shipping,raw,586421.3
1979,25,RSAS,international shipping,raw,232424.3
1979,26,RSAF,international shipping,raw,229542.9
1979,27,Unused,international shipping,raw,0.0
1979,28,World Total,international shipping,raw,56239340.0
1980,1,CAN,international shipping,raw,1599598.0
1980,2,USA,international shipping,raw,5346810.0
1980,3,MEX,international shipping,raw,189541.0
1980,4,RCAM,international shipping,raw,1049875.0
1980,5,BRA,international shipping,raw,545193.2
1980,6,RSAM,international shipping,raw,1036777.0
1980,7,NAF,international shipping,raw,1063962.0
1980,8,WAF,international shipping,raw,1017495.0
1980,9,EAF,international shipping,raw,219337.0
1980,10,SAF,international shipping,raw,435589.8
1980,11,WEU,international shipping,raw,27765610.0
1980,12,CEU,international shipping,raw,2318311.0
1980,13,TUR,international shipping,raw,178520.5
1980,14,UKR,international shipping,raw,274506.0
1980,15,STAN,international shipping,raw,142548.9
1980,16,RUS,international shipping,raw,843390.4
1980,17,ME,international shipping,raw,4314008.0
1980,18,INDIA,international shipping,raw,344689.8
1980,19,KOR,international shipping,raw,463123.3
1980,20,CHN,international shipping,raw,1262985.0
1980,21,SEAS,international shipping,raw,1278981.0
1980,22,INDO,international shipping,raw,505338.6
1980,23,JAP,international shipping,raw,4166112.0
1980,24,OCE,international shipping,raw,571149.8
1980,25,RSAS,international shipping,raw,250886.9
1980,26,RSAF,international shipping,raw,230240.7
1980,27,Unused,international shipping,raw,0.0
1980,28,World Total,international shipping,raw,57414580.0
1981,1,CAN,international shipping,raw,1446215.0
1981,2,USA,international shipping,raw,5068673.0
1981,3,MEX,international shipping,raw,244896.4
1981,4,RCAM,international shipping,raw,971914.8
1981,5,BRA,international shipping,raw,531028.3
1981,6,RSAM,international shipping,raw,993040.6
1981,7,NAF,international shipping,raw,1023635.0
1981,8,WAF,international shipping,raw,954092.3
1981,9,EAF,international shipping,raw,192093.4
1981,10,SAF,international shipping,raw,493811.0
1981,11,WEU,international shipping,raw,26531170.0
1981,12,CEU,international shipping,raw,2138538.0
1981,13,TUR,international shipping,raw,156723.0
1981,14,UKR,international shipping,raw,260049.5
1981,15,STAN,international shipping,raw,133874.7
1981,16,RUS,international shipping,raw,796321.6
1981,17,ME,international shipping,raw,4408927.0
1981,18,INDIA,international shipping,raw,329538.6
1981,19,KOR,international shipping,raw,459980.1
1981,20,CHN,international shipping,raw,1316955.0
1981,21,SEAS,international shipping,raw,1328242.0
1981,22,INDO,international shipping,raw,496425.3
1981,23,JAP,international shipping,raw,3981439.0
1981,24,OCE,international shipping,raw,533665.3
1981,25,RSAS,international shipping,raw,254291.5
1981,26,RSAF,international shipping,raw,240891.7
1981,27,Unused,international shipping,raw,0.0
1981,28,World Total,international shipping,raw,55286430.0
1982,1,CAN,international shipping,raw,1241729.0
1982,2,USA,international shipping,raw,4427279.0
1982,3,MEX,international shipping,raw,283468.1
1982,4,RCAM,international shipping,raw,852453.2
1982,5,BRA,international shipping,raw,485828.8
1982,6,RSAM,international shipping,raw,893970.3
1982,7,NAF,international shipping,raw,918568.9
1982,8,WAF,international shipping,raw,821632.4
1982,9,EAF,international shipping,raw,158750.2
1982,10,SAF,international shipping,raw,481995.9
1982,11,WEU,international shipping,raw,22229910.0
1982,12,CEU,international shipping,raw,1785674.0
1982,13,TUR,international shipping,raw,148617.4
1982,14,UKR,international shipping,raw,223806.1
1982,15,STAN,international shipping,raw,115715.8
1982,16,RUS,international shipping,raw,686934.9
1982,17,ME,international shipping,raw,4233666.0
1982,18,INDIA,international shipping,raw,290547.9
1982,19,KOR,international shipping,raw,420920.8
1982,20,CHN,international shipping,raw,1245762.0
1982,21,SEAS,international shipping,raw,1252425.0
1982,22,INDO,international shipping,raw,464966.9
1982,23,JAP,international shipping,raw,3538610.0
1982,24,OCE,international shipping,raw,470112.7
1982,25,RSAS,international shipping,raw,227370.8
1982,26,RSAF,international shipping,raw,226537.8
1982,27,Unused,international shipping,raw,0.0
1982,28,World Total,international shipping,raw,48127250.0
1983,1,CAN,international shipping,raw,1128695.0
1983,2,USA,international shipping,raw,4096341.0
1983,3,MEX,international shipping,raw,306169.7
1983,4,RCAM,international shipping,raw,806445.9
1983,5,BRA,international shipping,raw,458830.9
1983,6,RSAM,international shipping,raw,816551.6
1983,7,NAF,international shipping,raw,874836.7
1983,8,WAF,international shipping,raw,736198.1
1983,9,EAF,international shipping,raw,137936.9
1983,10,SAF,international shipping,raw,471266.6
1983,11,WEU,international shipping,raw,19644330.0
1983,12,CEU,international shipping,raw,1608811.0
1983,13,TUR,international shipping,raw,163959.3
1983,14,UKR,international shipping,raw,216670.3
1983,15,STAN,international shipping,raw,112489.0
1983,16,RUS,international shipping,raw,668090.0
1983,17,ME,international shipping,raw,4056661.0
1983,18,INDIA,international shipping,raw,281587.3
1983,19,KOR,international shipping,raw,409570.7
1983,20,CHN,international shipping,raw,1228638.0
1983,21,SEAS,international shipping,raw,1237948.0
1983,22,INDO,international shipping,raw,483233.5
1983,23,JAP,international shipping,raw,3367139.0
1983,24,OCE,international shipping,raw,447707.2
1983,25,RSAS,international shipping,raw,213702.8
1983,26,RSAF,international shipping,raw,221141.1
1983,27,Unused,international shipping,raw,0.0
1983,28,World Total,international shipping,raw,44194950.0
1984,1,CAN,international shipping,raw,1212045.0
1984,2,USA,international shipping,raw,4287999.0
1984,3,MEX,international shipping,raw,318926.0
1984,4,RCAM,international shipping,raw,806929.5
1984,5,BRA,international shipping,raw,464877.7
1984,6,RSAM,international shipping,raw,779142.9
1984,7,NAF,international shipping,raw,886724.3
1984,8,WAF,international shipping,raw,656153.9
1984,9,EAF,international shipping,raw,137902.6
1984,10,SAF,international shipping,raw,453449.4
1984,11,WEU,international shipping,raw,19395760.0
1984,12,CEU,international shipping,raw,1647493.0
1984,13,TUR,international shipping,raw,192247.6
1984,14,UKR,international shipping,raw,240088.2
1984,15,STAN,international shipping,raw,125742.7
1984,16,RUS,international shipping,raw,743450.2
1984,17,ME,international shipping,raw,3875996.0
1984,18,INDIA,international shipping,raw,292733.9
1984,19,KOR,international shipping,raw,464864.4
1984,20,CHN,international shipping,raw,1341257.0
1984,21,SEAS,international shipping,raw,1351333.0
1984,22,INDO,international shipping,raw,528892.3
1984,23,JAP,international shipping,raw,3535429.0
1984,24,OCE,international shipping,raw,460089.4
1984,25,RSAS,international shipping,raw,226315.2
1984,26,RSAF,international shipping,raw,214568.5
1984,27,Unused,international shipping,raw,0.0
1984,28,World Total,international shipping,raw,44640410.0
1985,1,CAN,international shipping,raw,1379075.0
1985,2,USA,international shipping,raw,4801011.0
1985,3,MEX,international shipping,raw,325088.8
1985,4,RCAM,international shipping,raw,813868.1
1985,5,BRA,international shipping,raw,484857.6
1985,6,RSAM,international shipping,raw,750856.9
1985,7,NAF,international shipping,raw,914020.1
1985,8,WAF,international shipping,raw,608595.8
1985,9,EAF,international shipping,raw,144886.1
1985,10,SAF,international shipping,raw,443948.3
1985,11,WEU,international shipping,raw,20514680.0
1985,12,CEU,international shipping,raw,1767885.0
1985,13,TUR,international shipping,raw,228084.7
1985,14,UKR,international shipping,raw,270013.7
1985,15,STAN,international shipping,raw,141074.7
1985,16,RUS,international shipping,raw,834883.4
1985,17,ME,international shipping,raw,3575435.0
1985,18,INDIA,international shipping,raw,317727.5
1985,19,KOR,international shipping,raw,542222.6
1985,20,CHN,international shipping,raw,1546020.0
1985,21,SEAS,international shipping,raw,1509513.0
1985,22,INDO,international shipping,raw,572538.0
1985,23,JAP,international shipping,raw,3847886.0
1985,24,OCE,international shipping,raw,495598.8
1985,25,RSAS,international shipping,raw,248987.6
1985,26,RSAF,international shipping,raw,209051.4
1985,27,Unused,international shipping,raw,0.0
1985,28,World Total,international shipping,raw,47287800.0
1986,1,CAN,international shipping,raw,1539957.0
1986,2,USA,international shipping,raw,5199225.0
1986,3,MEX,international shipping,raw,339560.8
1986,4,RCAM,international shipping,raw,753788.1
1986,5,BRA,international shipping,raw,490458.9
1986,6,RSAM,international shipping,raw,714518.7
1986,7,NAF,international shipping,raw,904154.6
1986,8,WAF,international shipping,raw,575073.8
1986,9,EAF,international shipping,raw,142253.5
1986,10,SAF,international shipping,raw,414410.2
1986,11,WEU,international shipping,raw,20884110.0
1986,12,CEU,international shipping,raw,1773549.0
1986,13,TUR,international shipping,raw,254843.4
1986,14,UKR,international shipping,raw,276394.4
1986,15,STAN,international shipping,raw,143546.1
1986,16,RUS,international shipping,raw,853344.9
1986,17,ME,international shipping,raw,3048107.0
1986,18,INDIA,international shipping,raw,322727.1
1986,19,KOR,international shipping,raw,605797.9
1986,20,CHN,international shipping,raw,1765418.0
1986,21,SEAS,international shipping,raw,1539313.0
1986,22,INDO,international shipping,raw,527474.9
1986,23,JAP,international shipping,raw,4067258.0
1986,24,OCE,international shipping,raw,500904.6
1986,25,RSAS,international shipping,raw,260535.7
1986,26,RSAF,international shipping,raw,201247.7
1986,27,Unused,international shipping,raw,0.0
1986,28,World Total,international shipping,raw,48097970.0
1987,1,CAN,international shipping,raw,1553550.0
1987,2,USA,international shipping,raw,5282393.0
1987,3,MEX,international shipping,raw,320457.3
1987,4,RCAM,international shipping,raw,664731.6
1987,5,BRA,international shipping,raw,459925.2
1987,6,RSAM,international shipping,raw,662690.3
1987,7,NAF,international shipping,raw,801089.8
1987,8,WAF,international shipping,raw,489083.8
1987,9,EAF,international shipping,raw,138414.3
1987,10,SAF,international shipping,raw,376191.2
1987,11,WEU,international shipping,raw,21237270.0
1987,12,CEU,international shipping,raw,1670828.0
1987,13,TUR,international shipping,raw,255534.8
1987,14,UKR,international shipping,raw,266420.4
1987,15,STAN,international shipping,raw,137558.8
1987,16,RUS,international shipping,raw,820979.3
1987,17,ME,international shipping,raw,2525428.0
1987,18,INDIA,international shipping,raw,306672.5
1987,19,KOR,international shipping,raw,621212.6
1987,20,CHN,international shipping,raw,1910083.0
1987,21,SEAS,international shipping,raw,1417144.0
1987,22,INDO,international shipping,raw,444505.2
1987,23,JAP,international shipping,raw,4082197.0
1987,24,OCE,international shipping,raw,491467.7
1987,25,RSAS,international shipping,raw,248178.1
1987,26,RSAF,international shipping,raw,184158.5
1987,27,Unused,international shipping,raw,0.0
1987,28,World Total,international shipping,raw,47368170.0
1988,1,CAN,international shipping,raw,1634580.0
1988,2,USA,international shipping,raw,5614237.0
1988,3,MEX,international shipping,raw,324908.1
1988,4,RCAM,international shipping,raw,636454.1
1988,5,BRA,international shipping,raw,468030.3
1988,6,RSAM,international shipping,raw,668674.6
1988,7,NAF,international shipping,raw,783660.6
1988,8,WAF,international shipping,raw,467864.7
1988,9,EAF,international shipping,raw,148304.6
1988,10,SAF,international shipping,raw,390244.0
1988,11,WEU,international shipping,raw,24297840.0
1988,12,CEU,international shipping,raw,1708925.0
1988,13,TUR,international shipping,raw,283402.9
1988,14,UKR,international shipping,raw,281967.7
1988,15,STAN,international shipping,raw,145382.0
1988,16,RUS,international shipping,raw,869813.9
1988,17,ME,international shipping,raw,2125430.0
1988,18,INDIA,international shipping,raw,318644.7
1988,19,KOR,international shipping,raw,706976.2
1988,20,CHN,international shipping,raw,2248941.0
1988,21,SEAS,international shipping,raw,1485760.0
1988,22,INDO,international shipping,raw,420304.3
1988,23,JAP,international shipping,raw,4393504.0
1988,24,OCE,international shipping,raw,517072.0
1988,25,RSAS,international shipping,raw,255757.5
1988,26,RSAF,international shipping,raw,197833.9
1988,27,Unused,international shipping,raw,0.0
1988,28,World Total,international shipping,raw,51394510.0
1989,1,CAN,international shipping,raw,1623492.0
1989,2,USA,international shipping,raw,5599763.0
1989,3,MEX,international shipping,raw,316686.8
1989,4,RCAM,international shipping,raw,575814.4
1989,5,BRA,international shipping,raw,452605.5
1989,6,RSAM,international shipping,raw,636384.1
1989,7,NAF,international shipping,raw,721550.7
1989,8,WAF,international shipping,raw,389307.8
1989,9,EAF,international shipping,raw,150496.9
1989,10,SAF,international shipping,raw,395801.5
1989,11,WEU,international shipping,raw,25507140.0
1989,12,CEU,international shipping,raw,1638851.0
1989,13,TUR,international shipping,raw,279958.9
1989,14,UKR,international shipping,raw,273598.8
1989,15,STAN,international shipping,raw,141991.7
1989,16,RUS,international shipping,raw,844844.4
1989,17,ME,international shipping,raw,1786798.0
1989,18,INDIA,international shipping,raw,307246.3
1989,19,KOR,international shipping,raw,773082.9
1989,20,CHN,international shipping,raw,2495662.0
1989,21,SEAS,international shipping,raw,1577139.0
1989,22,INDO,international shipping,raw,392673.2
1989,23,JAP,international shipping,raw,4465400.0
1989,24,OCE,international shipping,raw,520238.8
1989,25,RSAS,international shipping,raw,243720.1
1989,26,RSAF,international shipping,raw,194801.3
1989,27,Unused,international shipping,raw,0.0
1989,28,World Total,international shipping,raw,52305040.0
1990,1,CAN,international shipping,raw,1715013.0
1990,2,USA,international shipping,raw,5967994.0
1990,3,MEX,international shipping,raw,366903.6
1990,4,RCAM,international shipping,raw,556864.3
1990,5,BRA,international shipping,raw,486435.6
1990,6,RSAM,international shipping,raw,662465.3
1990,7,NAF,international shipping,raw,751902.8
1990,8,WAF,international shipping,raw,397551.9
1990,9,EAF,international shipping,raw,152311.3
1990,10,SAF,international shipping,raw,407280.0
1990,11,WEU,international shipping,raw,27287160.0
1990,12,CEU,international shipping,raw,1616849.0
1990,13,TUR,international shipping,raw,301915.5
1990,14,UKR,international shipping,raw,274282.7
1990,15,STAN,international shipping,raw,142907.9
1990,16,RUS,international shipping,raw,847743.3
1990,17,ME,international shipping,raw,1830412.0
1990,18,INDIA,international shipping,raw,328424.1
1990,19,KOR,international shipping,raw,891013.5
1990,20,CHN,international shipping,raw,2872496.0
1990,21,SEAS,international shipping,raw,1892527.0
1990,22,INDO,international shipping,raw,417885.2
1990,23,JAP,international shipping,raw,4754283.0
1990,24,OCE,international shipping,raw,581096.8
1990,25,RSAS,international shipping,raw,249610.5
1990,26,RSAF,international shipping,raw,213026.1
1990,27,Unused,international shipping,raw,0.0
1990,28,World Total,international shipping,raw,55966350.0
1991,1,CAN,international shipping,raw,1758187.0
1991,2,USA,international shipping,raw,6184693.0
1991,3,MEX,international shipping,raw,416100.4
1991,4,RCAM,international shipping,raw,522128.9
1991,5,BRA,international shipping,raw,493472.9
1991,6,RSAM,international shipping,raw,687077.3
1991,7,NAF,international shipping,raw,748019.6
1991,8,WAF,international shipping,raw,409877.8
1991,9,EAF,international shipping,raw,147019.4
1991,10,SAF,international shipping,raw,392740.1
1991,11,WEU,international shipping,raw,28710540.0
1991,12,CEU,international shipping,raw,1471879.0
1991,13,TUR,international shipping,raw,319792.9
1991,14,UKR,international shipping,raw,263805.4
1991,15,STAN,international shipping,raw,138319.7
1991,16,RUS,international shipping,raw,815218.2
1991,17,ME,international shipping,raw,1904674.0
1991,18,INDIA,international shipping,raw,348116.3
1991,19,KOR,international shipping,raw,948179.2
1991,20,CHN,international shipping,raw,3050611.0
1991,21,SEAS,international shipping,raw,2196998.0
1991,22,INDO,international shipping,raw,452323.6
1991,23,JAP,international shipping,raw,4925048.0
1991,24,OCE,international shipping,raw,609984.9
1991,25,RSAS,international shipping,raw,252967.4
1991,26,RSAF,international shipping,raw,221850.1
1991,27,Unused,international shipping,raw,0.0
1991,28,World Total,international shipping,raw,58389620.0
1992,1,CAN,international shipping,raw,1828050.0
1992,2,USA,international shipping,raw,6633884.0
1992,3,MEX,international shipping,raw,488121.0
1992,4,RCAM,international shipping,raw,521968.8
1992,5,BRA,international shipping,raw,514829.3
1992,6,RSAM,international shipping,raw,754282.2
1992,7,NAF,international shipping,raw,742321.4
1992,8,WAF,international shipping,raw,451996.1
1992,9,EAF,international shipping,raw,143024.9
1992,10,SAF,international shipping,raw,392959.8
1992,11,WEU,international shipping,raw,31309850.0
1992,12,CEU,international shipping,raw,1371212.0
1992,13,TUR,international shipping,raw,354167.1
1992,14,UKR,international shipping,raw,212968.4
1992,15,STAN,international shipping,raw,112389.4
1992,16,RUS,international shipping,raw,660625.1
1992,17,ME,international shipping,raw,2102470.0
1992,18,INDIA,international shipping,raw,367539.5
1992,19,KOR,international shipping,raw,1048127.0
1992,20,CHN,international shipping,raw,3409877.0
1992,21,SEAS,international shipping,raw,2621244.0
1992,22,INDO,international shipping,raw,537582.4
1992,23,JAP,international shipping,raw,5302689.0
1992,24,OCE,international shipping,raw,647551.0
1992,25,RSAS,international shipping,raw,275431.9
1992,26,RSAF,international shipping,raw,241126.1
1992,27,Unused,international shipping,raw,0.0
1992,28,World Total,international shipping,raw,63046290.0
1993,1,CAN,international shipping,raw,1792776.0
1993,2,USA,international shipping,raw,6670794.0
1993,3,MEX,international shipping,raw,536250.4
1993,4,RCAM,international shipping,raw,478304.5
1993,5,BRA,international shipping,raw,506699.3
1993,6,RSAM,international shipping,raw,810342.0
1993,7,NAF,international shipping,raw,688723.2
1993,8,WAF,international shipping,raw,450966.2
1993,9,EAF,international shipping,raw,137838.4
1993,10,SAF,international shipping,raw,374319.2
1993,11,WEU,international shipping,raw,31929440.0
1993,12,CEU,international shipping,raw,1251727.0
1993,13,TUR,international shipping,raw,370911.2
1993,14,UKR,international shipping,raw,170366.1
1993,15,STAN,international shipping,raw,90947.41
1993,16,RUS,international shipping,raw,528626.3
1993,17,ME,international shipping,raw,2145731.0
1993,18,INDIA,international shipping,raw,366301.3
1993,19,KOR,international shipping,raw,1063688.0
1993,20,CHN,international shipping,raw,3697066.0
1993,21,SEAS,international shipping,raw,2864189.0
1993,22,INDO,international shipping,raw,589953.3
1993,23,JAP,international shipping,raw,5325518.0
1993,24,OCE,international shipping,raw,624834.4
1993,25,RSAS,international shipping,raw,290633.5
1993,26,RSAF,international shipping,raw,241957.9
1993,27,Unused,international shipping,raw,0.0
1993,28,World Total,international shipping,raw,63998900.0
1994,1,CAN,international shipping,raw,1863572.0
1994,2,USA,international shipping,raw,7010902.0
1994,3,MEX,international shipping,raw,596517.9
1994,4,RCAM,international shipping,raw,484937.8
1994,5,BRA,international shipping,raw,543698.7
1994,6,RSAM,international shipping,raw,883755.1
1994,7,NAF,international shipping,raw,660179.5
1994,8,WAF,international shipping,raw,438062.4
1994,9,EAF,international shipping,raw,137338.0
1994,10,SAF,international shipping,raw,375207.8
1994,11,WEU,international shipping,raw,31180580.0
1994,12,CEU,international shipping,raw,1287186.0
1994,13,TUR,international shipping,raw,400877.9
1994,14,UKR,international shipping,raw,135665.4
1994,15,STAN,international shipping,raw,74266.53
1994,16,RUS,international shipping,raw,422390.0
1994,17,ME,international shipping,raw,2156364.0
1994,18,INDIA,international shipping,raw,369084.4
1994,19,KOR,international shipping,raw,1115231.0
1994,20,CHN,international shipping,raw,4233974.0
1994,21,SEAS,international shipping,raw,3231863.0
1994,22,INDO,international shipping,raw,651094.2
1994,23,JAP,international shipping,raw,5537164.0
1994,24,OCE,international shipping,raw,636221.4
1994,25,RSAS,international shipping,raw,312013.5
1994,26,RSAF,international shipping,raw,242042.9
1994,27,Unused,international shipping,raw,0.0
1994,28,World Total,international shipping,raw,64980190.0
1995,1,CAN,international shipping,raw,1941695.0
1995,2,USA,international shipping,raw,7337186.0
1995,3,MEX,international shipping,raw,655868.4
1995,4,RCAM,international shipping,raw,494205.4
1995,5,BRA,international shipping,raw,596735.1
1995,6,RSAM,international shipping,raw,952563.1
1995,7,NAF,international shipping,raw,642829.4
1995,8,WAF,international shipping,raw,407126.1
1995,9,EAF,international shipping,raw,145906.6
1995,10,SAF,international shipping,raw,374133.5
1995,11,WEU,international shipping,raw,30660830.0
1995,12,CEU,international shipping,raw,1362661.0
1995,13,TUR,international shipping,raw,405452.8
1995,14,UKR,international shipping,raw,124117.1
1995,15,STAN,international shipping,raw,85975.57
1995,16,RUS,international shipping,raw,486735.7
1995,17,ME,international shipping,raw,2105901.0
1995,18,INDIA,international shipping,raw,391875.2
1995,19,KOR,international shipping,raw,1146467.0
1995,20,CHN,international shipping,raw,4656948.0
1995,21,SEAS,international shipping,raw,3634234.0
1995,22,INDO,international shipping,raw,682739.9
1995,23,JAP,international shipping,raw,5654100.0
1995,24,OCE,international shipping,raw,655991.7
1995,25,RSAS,international shipping,raw,322116.5
1995,26,RSAF,international shipping,raw,235195.4
1995,27,Unused,international shipping,raw,0.0
1995,28,World Total,international shipping,raw,66159590.0
1996,1,CAN,international shipping,raw,1999110.0
1996,2,USA,international shipping,raw,7523355.0
1996,3,MEX,international shipping,raw,676691.4
1996,4,RCAM,international shipping,raw,510915.0
1996,5,BRA,international shipping,raw,662144.7
1996,6,RSAM,international shipping,raw,1003914.0
1996,7,NAF,international shipping,raw,626749.4
1996,8,WAF,international shipping,raw,392062.4
1996,9,EAF,international shipping,raw,150677.1
1996,10,SAF,international shipping,raw,378568.1
1996,11,WEU,international shipping,raw,30449510.0
1996,12,CEU,international shipping,raw,1475020.0
1996,13,TUR,international shipping,raw,431117.6
1996,14,UKR,international shipping,raw,139469.8
1996,15,STAN,international shipping,raw,88735.98
1996,16,RUS,international shipping,raw,540485.5
1996,17,ME,international shipping,raw,1985602.0
1996,18,INDIA,international shipping,raw,415242.5
1996,19,KOR,international shipping,raw,1238544.0
1996,20,CHN,international shipping,raw,4949951.0
1996,21,SEAS,international shipping,raw,4099783.0
1996,22,INDO,international shipping,raw,706865.3
1996,23,JAP,international shipping,raw,5769185.0
1996,24,OCE,international shipping,raw,670969.4
1996,25,RSAS,international shipping,raw,328785.1
1996,26,RSAF,international shipping,raw,223202.0
1996,27,Unused,international shipping,raw,0.0
1996,28,World Total,international shipping,raw,67436660.0
1997,1,CAN,international shipping,raw,2035488.0
1997,2,USA,international shipping,raw,7723967.0
1997,3,MEX,international shipping,raw,729583.8
1997,4,RCAM,international shipping,raw,514960.3
1997,5,BRA,international shipping,raw,713710.9
1997,6,RSAM,international shipping,raw,1067738.0
1997,7,NAF,international shipping,raw,634572.1
1997,8,WAF,international shipping,raw,398890.6
1997,9,EAF,international shipping,raw,152083.8
1997,10,SAF,international shipping,raw,382620.4
1997,11,WEU,international shipping,raw,31583400.0
1997,12,CEU,international shipping,raw,1618221.0
1997,13,TUR,international shipping,raw,454717.7
1997,14,UKR,international shipping,raw,163677.7
1997,15,STAN,international shipping,raw,96460.61
1997,16,RUS,international shipping,raw,619141.7
1997,17,ME,international shipping,raw,1989478.0
1997,18,INDIA,international shipping,raw,447154.4
1997,19,KOR,international shipping,raw,1345825.0
1997,20,CHN,international shipping,raw,5116294.0
1997,21,SEAS,international shipping,raw,4479631.0
1997,22,INDO,international shipping,raw,733241.7
1997,23,JAP,international shipping,raw,5739700.0
1997,24,OCE,international shipping,raw,699022.9
1997,25,RSAS,international shipping,raw,341771.1
1997,26,RSAF,international shipping,raw,223417.8
1997,27,Unused,international shipping,raw,0.0
1997,28,World Total,international shipping,raw,70004780.0
1998,1,CAN,international shipping,raw,2064335.0
1998,2,USA,international shipping,raw,7895866.0
1998,3,MEX,international shipping,raw,789154.3
1998,4,RCAM,international shipping,raw,526144.6
1998,5,BRA,international shipping,raw,753565.8
1998,6,RSAM,international shipping,raw,1131683.0
1998,7,NAF,international shipping,raw,625976.9
1998,8,WAF,international shipping,raw,417891.8
1998,9,EAF,international shipping,raw,144975.0
1998,10,SAF,international shipping,raw,384507.3
1998,11,WEU,international shipping,raw,31389800.0
1998,12,CEU,international shipping,raw,1729072.0
1998,13,TUR,international shipping,raw,512658.2
1998,14,UKR,international shipping,raw,182543.8
1998,15,STAN,international shipping,raw,99879.57
1998,16,RUS,international shipping,raw,636038.3
1998,17,ME,international shipping,raw,2020605.0
1998,18,INDIA,international shipping,raw,470163.2
1998,19,KOR,international shipping,raw,1387417.0
1998,20,CHN,international shipping,raw,5194164.0
1998,21,SEAS,international shipping,raw,4581698.0
1998,22,INDO,international shipping,raw,775135.4
1998,23,JAP,international shipping,raw,5524089.0
1998,24,OCE,international shipping,raw,700236.6
1998,25,RSAS,international shipping,raw,351091.0
1998,26,RSAF,international shipping,raw,225982.6
1998,27,Unused,international shipping,raw,0.0
1998,28,World Total,international shipping,raw,70514670.0
1999,1,CAN,international shipping,raw,2280781.0
1999,2,USA,international shipping,raw,8814360.0
1999,3,MEX,international shipping,raw,965610.6
1999,4,RCAM,international shipping,raw,590726.9
1999,5,BRA,international shipping,raw,818670.0
1999,6,RSAM,international shipping,raw,1248802.0
1999,7,NAF,international shipping,raw,662010.3
1999,8,WAF,international shipping,raw,438893.3
1999,9,EAF,international shipping,raw,151711.0
1999,10,SAF,international shipping,raw,392435.3
1999,11,WEU,international shipping,raw,33582880.0
1999,12,CEU,international shipping,raw,1968562.0
1999,13,TUR,international shipping,raw,578774.0
1999,14,UKR,international shipping,raw,196843.7
1999,15,STAN,international shipping,raw,106371.6
1999,16,RUS,international shipping,raw,650289.4
1999,17,ME,international shipping,raw,2137396.0
1999,18,INDIA,international shipping,raw,518907.3
1999,19,KOR,international shipping,raw,1377362.0
1999,20,CHN,international shipping,raw,5503264.0
1999,21,SEAS,international shipping,raw,4647882.0
1999,22,INDO,international shipping,raw,808021.8
1999,23,JAP,international shipping,raw,5473257.0
1999,24,OCE,international shipping,raw,739326.4
1999,25,RSAS,international shipping,raw,376144.5
1999,26,RSAF,international shipping,raw,239223.0
1999,27,Unused,international shipping,raw,0.0
1999,28,World Total,international shipping,raw,75268500.0
2000,1,CAN,international shipping,raw,2472553.0
2000,2,USA,international shipping,raw,9534114.0
2000,3,MEX,international shipping,raw,1116686.0
2000,4,RCAM,international shipping,raw,646997.3
2000,5,BRA,international shipping,raw,815008.5
2000,6,RSAM,international shipping,raw,1250363.0
2000,7,NAF,international shipping,raw,671830.1
2000,8,WAF,international shipping,raw,443895.9
2000,9,EAF,international shipping,raw,153253.1
2000,10,SAF,international shipping,raw,377769.3
2000,11,WEU,international shipping,raw,34500540.0
2000,12,CEU,international shipping,raw,2071459.0
2000,13,TUR,international shipping,raw,586878.6
2000,14,UKR,international shipping,raw,184971.2
2000,15,STAN,international shipping,raw,102861.5
2000,16,RUS,international shipping,raw,596410.8
2000,17,ME,international shipping,raw,2168715.0
2000,18,INDIA,international shipping,raw,552686.3
2000,19,KOR,international shipping,raw,1352246.0
2000,20,CHN,international shipping,raw,5678698.0
2000,21,SEAS,international shipping,raw,4605762.0
2000,22,INDO,international shipping,raw,791775.8
2000,23,JAP,international shipping,raw,5431824.0
2000,24,OCE,international shipping,raw,744770.3
2000,25,RSAS,international shipping,raw,385127.8
2000,26,RSAF,international shipping,raw,244116.1
2000,27,Unused,international shipping,raw,0.0
2000,28,World Total,international shipping,raw,77481310.0
2001,1,CAN,international shipping,raw,2381923.0
2001,2,USA,international shipping,raw,9237909.0
2001,3,MEX,international shipping,raw,1146826.0
2001,4,RCAM,international shipping,raw,624481.3
2001,5,BRA,international shipping,raw,716822.8
2001,6,RSAM,international shipping,raw,1108108.0
2001,7,NAF,international shipping,raw,631762.4
2001,8,WAF,international shipping,raw,406340.8
2001,9,EAF,international shipping,raw,140407.9
2001,10,SAF,international shipping,raw,324701.4
2001,11,WEU,international shipping,raw,31733320.0
2001,12,CEU,international shipping,raw,1946607.0
2001,13,TUR,international shipping,raw,540537.2
2001,14,UKR,international shipping,raw,160159.6
2001,15,STAN,international shipping,raw,96561.04
2001,16,RUS,international shipping,raw,518721.1
2001,17,ME,international shipping,raw,2101779.0
2001,18,INDIA,international shipping,raw,528580.4
2001,19,KOR,international shipping,raw,1266234.0
2001,20,CHN,international shipping,raw,5412425.0
2001,21,SEAS,international shipping,raw,4250062.0
2001,22,INDO,international shipping,raw,704072.4
2001,23,JAP,international shipping,raw,5016416.0
2001,24,OCE,international shipping,raw,670072.4
2001,25,RSAS,international shipping,raw,354097.8
2001,26,RSAF,international shipping,raw,219486.5
2001,27,Unused,international shipping,raw,0.0
2001,28,World Total,international shipping,raw,72238410.0
2002,1,CAN,international shipping,raw,2471768.0
2002,2,USA,international shipping,raw,9599701.0
2002,3,MEX,international shipping,raw,1239953.0
2002,4,RCAM,international shipping,raw,648825.3
2002,5,BRA,international shipping,raw,713019.4
2002,6,RSAM,international shipping,raw,1087140.0
2002,7,NAF,international shipping,raw,657103.2
2002,8,WAF,international shipping,raw,429383.9
2002,9,EAF,international shipping,raw,141091.7
2002,10,SAF,international shipping,raw,321245.5
2002,11,WEU,international shipping,raw,31774560.0
2002,12,CEU,international shipping,raw,2017715.0
2002,13,TUR,international shipping,raw,534119.9
2002,14,UKR,international shipping,raw,163368.9
2002,15,STAN,international shipping,raw,105752.2
2002,16,RUS,international shipping,raw,539673.2
2002,17,ME,international shipping,raw,2297773.0
2002,18,INDIA,international shipping,raw,556988.1
2002,19,KOR,international shipping,raw,1344436.0
2002,20,CHN,international shipping,raw,5733552.0
2002,21,SEAS,international shipping,raw,4440544.0
2002,22,INDO,international shipping,raw,716305.8
2002,23,JAP,international shipping,raw,5112496.0
2002,24,OCE,international shipping,raw,674411.7
2002,25,RSAS,international shipping,raw,363563.3
2002,26,RSAF,international shipping,raw,225366.5
2002,27,Unused,international shipping,raw,0.0
2002,28,World Total,international shipping,raw,73909850.0
2003,1,CAN,international shipping,raw,2433256.0
2003,2,USA,international shipping,raw,9531540.0
2003,3,MEX,international shipping,raw,1265968.0
2003,4,RCAM,international shipping,raw,653485.6
2003,5,BRA,international shipping,raw,711896.4
2003,6,RSAM,international shipping,raw,1054100.0
2003,7,NAF,international shipping,raw,668743.9
2003,8,WAF,international shipping,raw,434143.1
2003,9,EAF,international shipping,raw,145348.5
2003,10,SAF,international shipping,raw,319114.8
2003,11,WEU,international shipping,raw,31651240.0
2003,12,CEU,international shipping,raw,2152056.0
2003,13,TUR,international shipping,raw,564722.8
2003,14,UKR,international shipping,raw,179322.6
2003,15,STAN,international shipping,raw,115291.6
2003,16,RUS,international shipping,raw,590961.9
2003,17,ME,international shipping,raw,2404339.0
2003,18,INDIA,international shipping,raw,587070.3
2003,19,KOR,international shipping,raw,1369280.0
2003,20,CHN,international shipping,raw,6104258.0
2003,21,SEAS,international shipping,raw,4496762.0
2003,22,INDO,international shipping,raw,721959.4
2003,23,JAP,international shipping,raw,4978056.0
2003,24,OCE,international shipping,raw,672235.9
2003,25,RSAS,international shipping,raw,362969.0
2003,26,RSAF,international shipping,raw,226980.8
2003,27,Unused,international shipping,raw,0.0
2003,28,World Total,international shipping,raw,74395100.0
2004,1,CAN,international shipping,raw,2566702.0
2004,2,USA,international shipping,raw,10054610.0
2004,3,MEX,international shipping,raw,1330494.0
2004,4,RCAM,international shipping,raw,705968.0
2004,5,BRA,international shipping,raw,772272.8
2004,6,RSAM,international shipping,raw,1097559.0
2004,7,NAF,international shipping,raw,737497.8
2004,8,WAF,international shipping,raw,499978.5
2004,9,EAF,international shipping,raw,165217.4
2004,10,SAF,international shipping,raw,362925.4
2004,11,WEU,international shipping,raw,35928130.0
2004,12,CEU,international shipping,raw,2620861.0
2004,13,TUR,international shipping,raw,671445.8
2004,14,UKR,international shipping,raw,218189.9
2004,15,STAN,international shipping,raw,138234.3
2004,16,RUS,international shipping,raw,703998.8
2004,17,ME,international shipping,raw,2686421.0
2004,18,INDIA,international shipping,raw,696548.6
2004,19,KOR,international shipping,raw,1489909.0
2004,20,CHN,international shipping,raw,7114183.0
2004,21,SEAS,international shipping,raw,4910533.0
2004,22,INDO,international shipping,raw,754012.8
2004,23,JAP,international shipping,raw,5206514.0
2004,24,OCE,international shipping,raw,753899.4
2004,25,RSAS,international shipping,raw,402540.8
2004,26,RSAF,international shipping,raw,262933.3
2004,27,Unused,international shipping,raw,0.0
2004,28,World Total,international shipping,raw,82851580.0
2005,1,CAN,international shipping,raw,2530188.0
2005,2,USA,international shipping,raw,9915598.0
2005,3,MEX,international shipping,raw,1290275.0
2005,4,RCAM,international shipping,raw,693208.0
2005,5,BRA,international shipping,raw,791925.0
2005,6,RSAM,international shipping,raw,1123184.0
2005,7,NAF,international shipping,raw,784941.8
2005,8,WAF,international shipping,raw,556813.5
2005,9,EAF,international shipping,raw,173200.0
2005,10,SAF,international shipping,raw,398009.2
2005,11,WEU,international shipping,raw,37695430.0
2005,12,CEU,international shipping,raw,2971053.0
2005,13,TUR,international shipping,raw,804115.3
2005,14,UKR,international shipping,raw,252799.1
2005,15,STAN,international shipping,raw,160515.1
2005,16,RUS,international shipping,raw,791775.0
2005,17,ME,international shipping,raw,2931172.0
2005,18,INDIA,international shipping,raw,795233.1
2005,19,KOR,international shipping,raw,1607090.0
2005,20,CHN,international shipping,raw,7959923.0
2005,21,SEAS,international shipping,raw,5169987.0
2005,22,INDO,international shipping,raw,761736.9
2005,23,JAP,international shipping,raw,5276760.0
2005,24,OCE,international shipping,raw,803237.1
2005,25,RSAS,international shipping,raw,417217.8
2005,26,RSAF,international shipping,raw,294183.8
2005,27,Unused,international shipping,raw,0.0
2005,28,World Total,international shipping,raw,86949570.0
2006,1,CAN,international shipping,raw,2581618.0
2006,2,USA,international shipping,raw,10031180.0
2006,3,MEX,international shipping,raw,1275998.0
2006,4,RCAM,international shipping,raw,726404.0
2006,5,BRA,international shipping,raw,868546.4
2006,6,RSAM,international shipping,raw,1280405.0
2006,7,NAF,international shipping,raw,886049.5
2006,8,WAF,international shipping,raw,660397.1
2006,9,EAF,international shipping,raw,191724.1
2006,10,SAF,international shipping,raw,442904.3
2006,11,WEU,international shipping,raw,39369770.0
2006,12,CEU,international shipping,raw,3320618.0
2006,13,TUR,international shipping,raw,934777.8
2006,14,UKR,international shipping,raw,286770.5
2006,15,STAN,international shipping,raw,193707.9
2006,16,RUS,international shipping,raw,938501.2
2006,17,ME,international shipping,raw,3369109.0
2006,18,INDIA,international shipping,raw,959318.8
2006,19,KOR,international shipping,raw,1736022.0
2006,20,CHN,international shipping,raw,8860326.0
2006,21,SEAS,international shipping,raw,5494383.0
2006,22,INDO,international shipping,raw,821794.1
2006,23,JAP,international shipping,raw,5406312.0
2006,24,OCE,international shipping,raw,861337.7
2006,25,RSAS,international shipping,raw,445938.4
2006,26,RSAF,international shipping,raw,339790.1
2006,27,Unused,international shipping,raw,0.0
2006,28,World Total,international shipping,raw,92283700.0
2007,1,CAN,international shipping,raw,2642367.0
2007,2,USA,international shipping,raw,10280540.0
2007,3,MEX,international shipping,raw,1318257.0
2007,4,RCAM,international shipping,raw,782364.4
2007,5,BRA,international shipping,raw,967579.3
2007,6,RSAM,international shipping,raw,1494870.0
2007,7,NAF,international shipping,raw,1002668.0
2007,8,WAF,international shipping,raw,759949.1
2007,9,EAF,international shipping,raw,214357.0
2007,10,SAF,international shipping,raw,482769.0
2007,11,WEU,international shipping,raw,40367130.0
2007,12,CEU,international shipping,raw,3655873.0
2007,13,TUR,international shipping,raw,1045137.0
2007,14,UKR,international shipping,raw,319777.3
2007,15,STAN,international shipping,raw,236255.7
2007,16,RUS,international shipping,raw,1107638.0
2007,17,ME,international shipping,raw,3827155.0
2007,18,INDIA,international shipping,raw,1136251.0
2007,19,KOR,international shipping,raw,1855579.0
2007,20,CHN,international shipping,raw,9691530.0
2007,21,SEAS,international shipping,raw,5838749.0
2007,22,INDO,international shipping,raw,890094.4
2007,23,JAP,international shipping,raw,5480227.0
2007,24,OCE,international shipping,raw,908584.1
2007,25,RSAS,international shipping,raw,476550.3
2007,26,RSAF,international shipping,raw,386365.5
2007,27,Unused,international shipping,raw,0.0
2007,28,World Total,international shipping,raw,97168620.0
2008,1,CAN,international shipping,raw,2583533.0
2008,2,USA,international shipping,raw,10017910.0
2008,3,MEX,international shipping,raw,1305144.0
2008,4,RCAM,international shipping,raw,816075.1
2008,5,BRA,international shipping,raw,1030882.0
2008,6,RSAM,international shipping,raw,1635360.0
2008,7,NAF,international shipping,raw,1086839.0
2008,8,WAF,international shipping,raw,813797.7
2008,9,EAF,international shipping,raw,232803.8
2008,10,SAF,international shipping,raw,494982.1
2008,11,WEU,international shipping,raw,39919260.0
2008,12,CEU,international shipping,raw,3910909.0
2008,13,TUR,international shipping,raw,1102288.0
2008,14,UKR,international shipping,raw,342582.2
2008,15,STAN,international shipping,raw,274876.2
2008,16,RUS,international shipping,raw,1247123.0
2008,17,ME,international shipping,raw,4111685.0
2008,18,INDIA,international shipping,raw,1288986.0
2008,19,KOR,international shipping,raw,1867478.0
2008,20,CHN,international shipping,raw,10055980.0
2008,21,SEAS,international shipping,raw,5866827.0
2008,22,INDO,international shipping,raw,925049.4
2008,23,JAP,international shipping,raw,5246835.0
2008,24,OCE,international shipping,raw,918337.8
2008,25,RSAS,international shipping,raw,479612.4
2008,26,RSAF,international shipping,raw,431188.0
2008,27,Unused,international shipping,raw,0.0
2008,28,World Total,international shipping,raw,98006340.0
2009,1,CAN,international shipping,raw,2285651.0
2009,2,USA,international shipping,raw,8912285.0
2009,3,MEX,international shipping,raw,1176528.0
2009,4,RCAM,international shipping,raw,758439.8
2009,5,BRA,international shipping,raw,1042405.0
2009,6,RSAM,international shipping,raw,1624370.0
2009,7,NAF,international shipping,raw,1099012.0
2009,8,WAF,international shipping,raw,810728.8
2009,9,EAF,international shipping,raw,228718.1
2009,10,SAF,international shipping,raw,468863.3
2009,11,WEU,international shipping,raw,36509180.0
2009,12,CEU,international shipping,raw,3886741.0
2009,13,TUR,international shipping,raw,1076757.0
2009,14,UKR,international shipping,raw,363356.2
2009,15,STAN,international shipping,raw,300120.0
2009,16,RUS,international shipping,raw,1294919.0
2009,17,ME,international shipping,raw,4118854.0
2009,18,INDIA,international shipping,raw,1348856.0
2009,19,KOR,international shipping,raw,1750193.0
2009,20,CHN,international shipping,raw,9511272.0
2009,21,SEAS,international shipping,raw,5463153.0
2009,22,INDO,international shipping,raw,882625.6
2009,23,JAP,international shipping,raw,4727217.0
2009,24,OCE,international shipping,raw,872552.1
2009,25,RSAS,international shipping,raw,448354.5
2009,26,RSAF,international shipping,raw,443838.8
2009,27,Unused,international shipping,raw,0.0
2009,28,World Total,international shipping,raw,91404990.0
2010,1,CAN,international shipping,raw,2362402.0
2010,2,USA,international shipping,raw,9310181.0
2010,3,MEX,international shipping,raw,1234480.0
2010,4,RCAM,international shipping,raw,810392.9
2010,5,BRA,international shipping,raw,1196652.0
2010,6,RSAM,international shipping,raw,1828484.0
2010,7,NAF,international shipping,raw,1272900.0
2010,8,WAF,international shipping,raw,926955.1
2010,9,EAF,international shipping,raw,272945.5
2010,10,SAF,international shipping,raw,503063.2
2010,11,WEU,international shipping,raw,39108780.0
2010,12,CEU,international shipping,raw,4329849.0
2010,13,TUR,international shipping,raw,1190474.0
2010,14,UKR,international shipping,raw,401456.9
2010,15,STAN,international shipping,raw,351795.4
2010,16,RUS,international shipping,raw,1429768.0
2010,17,ME,international shipping,raw,4699676.0
2010,18,INDIA,international shipping,raw,1625039.0
2010,19,KOR,international shipping,raw,1929421.0
2010,20,CHN,international shipping,raw,10728530.0
2010,21,SEAS,international shipping,raw,5979974.0
2010,22,INDO,international shipping,raw,996194.0
2010,23,JAP,international shipping,raw,4946471.0
2010,24,OCE,international shipping,raw,989846.9
2010,25,RSAS,international shipping,raw,504579.6
2010,26,RSAF,international shipping,raw,540155.4
2010,27,Unused,international shipping,raw,0.0
2010,28,World Total,international shipping,raw,99470460.0
2011,1,CAN,international shipping,raw,2302582.0
2011,2,USA,international shipping,raw,9231892.0
2011,3,MEX,international shipping,raw,1245956.0
2011,4,RCAM,international shipping,raw,791614.9
2011,5,BRA,international shipping,raw,1305930.0
2011,6,RSAM,international shipping,raw,1903564.0
2011,7,NAF,international shipping,raw,1325116.0
2011,8,WAF,international shipping,raw,988269.7
2011,9,EAF,international shipping,raw,287572.8
2011,10,SAF,international shipping,raw,520134.9
2011,11,WEU,international shipping,raw,37642190.0
2011,12,CEU,international shipping,raw,4267186.0
2011,13,TUR,international shipping,raw,1196616.0
2011,14,UKR,international shipping,raw,404420.5
2011,15,STAN,international shipping,raw,365046.4
2011,16,RUS,international shipping,raw,1461758.0
2011,17,ME,international shipping,raw,4870302.0
2011,18,INDIA,international shipping,raw,1841567.0
2011,19,KOR,international shipping,raw,2021840.0
2011,20,CHN,international shipping,raw,11506750.0
2011,21,SEAS,international shipping,raw,6252719.0
2011,22,INDO,international shipping,raw,1095120.0
2011,23,JAP,international shipping,raw,4981816.0
2011,24,OCE,international shipping,raw,1057775.0
2011,25,RSAS,international shipping,raw,538305.8
2011,26,RSAF,international shipping,raw,571414.4
2011,27,Unused,international shipping,raw,0.0
2011,28,World Total,international shipping,raw,99977460.0
2012,1,CAN,international shipping,raw,2104721.0
2012,2,USA,international shipping,raw,8535766.0
2012,3,MEX,international shipping,raw,1176715.0
2012,4,RCAM,international shipping,raw,734059.8
2012,5,BRA,international shipping,raw,1282743.0
2012,6,RSAM,international shipping,raw,1837921.0
2012,7,NAF,international shipping,raw,1165771.0
2012,8,WAF,international shipping,raw,962596.4
2012,9,EAF,international shipping,raw,268001.6
2012,10,SAF,international shipping,raw,502597.7
2012,11,WEU,international shipping,raw,33670190.0
2012,12,CEU,international shipping,raw,3849360.0
2012,13,TUR,international shipping,raw,1117120.0
2012,14,UKR,international shipping,raw,369904.5
2012,15,STAN,international shipping,raw,345455.8
2012,16,RUS,international shipping,raw,1359232.0
2012,17,ME,international shipping,raw,4592902.0
2012,18,INDIA,international shipping,raw,1895577.0
2012,19,KOR,international shipping,raw,1954127.0
2012,20,CHN,international shipping,raw,11426650.0
2012,21,SEAS,international shipping,raw,5998228.0
2012,22,INDO,international shipping,raw,1109000.0
2012,23,JAP,international shipping,raw,4567549.0
2012,24,OCE,international shipping,raw,1036698.0
2012,25,RSAS,international shipping,raw,528400.0
2012,26,RSAF,international shipping,raw,549313.8
2012,27,Unused,international shipping,raw,0.0
2012,28,World Total,international shipping,raw,92940600.0
2013,1,CAN,international shipping,raw,2054472.0
2013,2,USA,international shipping,raw,8356828.0
2013,3,MEX,international shipping,raw,1180197.0
2013,4,RCAM,international shipping,raw,717479.3
2013,5,BRA,international shipping,raw,1304853.0
2013,6,RSAM,international shipping,raw,1868733.0
2013,7,NAF,international shipping,raw,1140199.0
2013,8,WAF,international shipping,raw,983617.4
2013,9,EAF,international shipping,raw,247349.5
2013,10,SAF,international shipping,raw,508267.9
2013,11,WEU,international shipping,raw,31189840.0
2013,12,CEU,international shipping,raw,3647748.0
2013,13,TUR,international shipping,raw,1127627.0
2013,14,UKR,international shipping,raw,388198.9
2013,15,STAN,international shipping,raw,361180.2
2013,16,RUS,international shipping,raw,1402002.0
2013,17,ME,international shipping,raw,4688322.0
2013,18,INDIA,international shipping,raw,2001099.0
2013,19,KOR,international shipping,raw,1941424.0
2013,20,CHN,international shipping,raw,11671050.0
2013,21,SEAS,international shipping,raw,6019945.0
2013,22,INDO,international shipping,raw,1151175.0
2013,23,JAP,international shipping,raw,4463579.0
2013,24,OCE,international shipping,raw,1043208.0
2013,25,RSAS,international shipping,raw,522686.1
2013,26,RSAF,international shipping,raw,548608.2
2013,27,Unused,international shipping,raw,0.0
2013,28,World Total,international shipping,raw,90529680.0
2014,1,CAN,international shipping,raw,2098508.0
2014,2,USA,international shipping,raw,8591552.0
2014,3,MEX,international shipping,raw,1228622.0
2014,4,RCAM,international shipping,raw,757546.8
2014,5,BRA,international shipping,raw,1353716.0
2014,6,RSAM,international shipping,raw,1973889.0
2014,7,NAF,international shipping,raw,1166862.0
2014,8,WAF,international shipping,raw,1034938.0
2014,9,EAF,international shipping,raw,251081.9
2014,10,SAF,international shipping,raw,519512.2
2014,11,WEU,international shipping,raw,31496520.0
2014,12,CEU,international shipping,raw,3742284.0
2014,13,TUR,international shipping,raw,1225560.0
2014,14,UKR,international shipping,raw,409607.9
2014,15,STAN,international shipping,raw,401970.9
2014,16,RUS,international shipping,raw,1486377.0
2014,17,ME,international shipping,raw,5062213.0
2014,18,INDIA,international shipping,raw,2135362.0
2014,19,KOR,international shipping,raw,1988668.0
2014,20,CHN,international shipping,raw,12469370.0
2014,21,SEAS,international shipping,raw,6272022.0
2014,22,INDO,international shipping,raw,1199064.0
2014,23,JAP,international shipping,raw,4376560.0
2014,24,OCE,international shipping,raw,1071730.0
2014,25,RSAS,international shipping,raw,551019.6
2014,26,RSAF,international shipping,raw,595952.4
2014,27,Unused,international shipping,raw,0.0
2014,28,World Total,international shipping,raw,93460500.0
2015,1,CAN,international shipping,raw,2181080.0
2015,2,USA,international shipping,raw,9041432.0
2015,3,MEX,international shipping,raw,1312736.0
2015,4,RCAM,international shipping,raw,772109.4
2015,5,BRA,international shipping,raw,1358378.0
2015,6,RSAM,international shipping,raw,1998489.0
2015,7,NAF,international shipping,raw,1221696.0
2015,8,WAF,international shipping,raw,1075075.0
2015,9,EAF,international shipping,raw,267969.9
2015,10,SAF,international shipping,raw,518222.8
2015,11,WEU,international shipping,raw,32092230.0
2015,12,CEU,international shipping,raw,3893606.0
2015,13,TUR,international shipping,raw,1305937.0
2015,14,UKR,international shipping,raw,392026.2
2015,15,STAN,international shipping,raw,423973.3
2015,16,RUS,international shipping,raw,1498700.0
2015,17,ME,international shipping,raw,5263870.0
2015,18,INDIA,international shipping,raw,2201102.0
2015,19,KOR,international shipping,raw,2041755.0
2015,20,CHN,international shipping,raw,13427910.0
2015,21,SEAS,international shipping,raw,6617875.0
2015,22,INDO,international shipping,raw,1200480.0
2015,23,JAP,international shipping,raw,4305930.0
2015,24,OCE,international shipping,raw,1079321.0
2015,25,RSAS,international shipping,raw,581779.8
2015,26,RSAF,international shipping,raw,622881.6
2015,27,Unused,international shipping,raw,0.0
2015,28,World Total,international shipping,raw,96696560.0
2016,1,CAN,international shipping,raw,2276931.0
2016,2,USA,international shipping,raw,9731028.0
2016,3,MEX,international shipping,raw,1437619.0
2016,4,RCAM,international shipping,raw,805091.3
2016,5,BRA,international shipping,raw,1344715.0
2016,6,RSAM,international shipping,raw,1951849.0
2016,7,NAF,international shipping,raw,1172982.0
2016,8,WAF,international shipping,raw,1056412.0
2016,9,EAF,international shipping,raw,294994.4
2016,10,SAF,international shipping,raw,516240.4
2016,11,WEU,international shipping,raw,33261470.0
2016,12,CEU,international shipping,raw,4143461.0
2016,13,TUR,international shipping,raw,1373708.0
2016,14,UKR,international shipping,raw,348235.4
2016,15,STAN,international shipping,raw,399914.9
2016,16,RUS,international shipping,raw,1386904.0
2016,17,ME,international shipping,raw,5179145.0
2016,18,INDIA,international shipping,raw,2237089.0
2016,19,KOR,international shipping,raw,2115476.0
2016,20,CHN,international shipping,raw,14499610.0
2016,21,SEAS,international shipping,raw,7001738.0
2016,22,INDO,international shipping,raw,1186519.0
2016,23,JAP,international shipping,raw,4201075.0
2016,24,OCE,international shipping,raw,1072258.0
2016,25,RSAS,international shipping,raw,644860.3
2016,26,RSAF,international shipping,raw,608095.4
2016,27,Unused,international shipping,raw,0.0
2016,28,World Total,international shipping,raw,100247400.0
2017,1,CAN,international shipping,raw,2424354.0
2017,2,USA,international shipping,raw,10657460.0
2017,3,MEX,international shipping,raw,1596664.0
2017,4,RCAM,international shipping,raw,848077.2
2017,5,BRA,international shipping,raw,1314714.0
2017,6,RSAM,international shipping,raw,1905009.0
2017,7,NAF,international shipping,raw,1147107.0
2017,8,WAF,international shipping,raw,1031443.0
2017,9,EAF,international shipping,raw,324087.0
2017,10,SAF,international shipping,raw,513144.7
2017,11,WEU,international shipping,raw,35283450.0
2017,12,CEU,international shipping,raw,4516132.0
2017,13,TUR,international shipping,raw,1430980.0
2017,14,UKR,international shipping,raw,321270.1
2017,15,STAN,international shipping,raw,364403.4
2017,16,RUS,international shipping,raw,1267810.0
2017,17,ME,international shipping,raw,5109998.0
2017,18,INDIA,international shipping,raw,2313114.0
2017,19,KOR,international shipping,raw,2208629.0
2017,20,CHN,international shipping,raw,15510070.0
2017,21,SEAS,international shipping,raw,7559368.0
2017,22,INDO,international shipping,raw,1202230.0
2017,23,JAP,international shipping,raw,4341523.0
2017,24,OCE,international shipping,raw,1111386.0
2017,25,RSAS,international shipping,raw,731864.4
2017,26,RSAF,international shipping,raw,573849.3
2017,27,Unused,international shipping,raw,0.0
2017,28,World Total,international shipping,raw,105608100.0
2018,1,CAN,international shipping,raw,2415812.0
2018,2,USA,international shipping,raw,10836370.0
2018,3,MEX,international shipping,raw,1648403.0
2018,4,RCAM,international shipping,raw,843168.6
2018,5,BRA,international shipping,raw,1265973.0
2018,6,RSAM,international shipping,raw,1797516.0
2018,7,NAF,international shipping,raw,1101288.0
2018,8,WAF,international shipping,raw,912656.1
2018,9,EAF,international shipping,raw,337459.7
2018,10,SAF,international shipping,raw,501424.3
2018,11,WEU,international shipping,raw,35318780.0
2018,12,CEU,international shipping,raw,4642466.0
2018,13,TUR,international shipping,raw,1433560.0
2018,14,UKR,international shipping,raw,311784.7
2018,15,STAN,international shipping,raw,323634.7
2018,16,RUS,international shipping,raw,1160036.0
2018,17,ME,international shipping,raw,4803089.0
2018,18,INDIA,international shipping,raw,2333221.0
2018,19,KOR,international shipping,raw,2214676.0
2018,20,CHN,international shipping,raw,15642890.0
2018,21,SEAS,international shipping,raw,7817157.0
2018,22,INDO,international shipping,raw,1193875.0
2018,23,JAP,international shipping,raw,4282732.0
2018,24,OCE,international shipping,raw,1120766.0
2018,25,RSAS,international shipping,raw,784493.3
2018,26,RSAF,international shipping,raw,515239.0
2018,27,Unused,international shipping,raw,0.0
2018,28,World Total,international shipping,raw,105558500.0
2019,1,CAN,international shipping,raw,2329387.0
2019,2,USA,international shipping,raw,10482050.0
2019,3,MEX,international shipping,raw,1615051.0
2019,4,RCAM,international shipping,raw,802156.9
2019,5,BRA,international shipping,raw,1239718.0
2019,6,RSAM,international shipping,raw,1717987.0
2019,7,NAF,international shipping,raw,1085623.0
2019,8,WAF,international shipping,raw,877312.2
2019,9,EAF,international shipping,raw,327221.8
2019,10,SAF,international shipping,raw,482343.1
2019,11,WEU,international shipping,raw,34677060.0
2019,12,CEU,international shipping,raw,4697513.0
2019,13,TUR,international shipping,raw,1375024.0
2019,14,UKR,international shipping,raw,318965.1
2019,15,STAN,international shipping,raw,322927.1
2019,16,RUS,international shipping,raw,1173754.0
2019,17,ME,international shipping,raw,4645358.0
2019,18,INDIA,international shipping,raw,2345575.0
2019,19,KOR,international shipping,raw,2160239.0
2019,20,CHN,international shipping,raw,15244880.0
2019,21,SEAS,international shipping,raw,7869583.0
2019,22,INDO,international shipping,raw,1192325.0
2019,23,JAP,international shipping,raw,4168642.0
2019,24,OCE,international shipping,raw,1118184.0
2019,25,RSAS,international shipping,raw,791864.9
2019,26,RSAF,international shipping,raw,491667.3
2019,27,Unused,international shipping,raw,0.0
2019,28,World Total,international shipping,raw,103552400.0
2020,1,CAN,international shipping,raw,2077087.0
2020,2,USA,international shipping,raw,9341244.0
2020,3,MEX,international shipping,raw,1460520.0
2020,4,RCAM,international shipping,raw,704979.7
2020,5,BRA,international shipping,raw,1145678.0
2020,6,RSAM,international shipping,raw,1520825.0
2020,7,NAF,international shipping,raw,1006303.0
2020,8,WAF,international shipping,raw,819706.3
2020,9,EAF,international shipping,raw,295581.4
2020,10,SAF,international shipping,raw,433857.3
2020,11,WEU,international shipping,raw,30915660.0
2020,12,CEU,international shipping,raw,4299158.0
2020,13,TUR,international shipping,raw,1212563.0
2020,14,UKR,international shipping,raw,307493.4
2020,15,STAN,international shipping,raw,321515.8
2020,16,RUS,international shipping,raw,1120087.0
2020,17,ME,international shipping,raw,4185922.0
2020,18,INDIA,international shipping,raw,2176841.0
2020,19,KOR,international shipping,raw,1920632.0
2020,20,CHN,international shipping,raw,13776950.0
2020,21,SEAS,international shipping,raw,7270265.0
2020,22,INDO,international shipping,raw,1086295.0
2020,23,JAP,international shipping,raw,3689709.0
2020,24,OCE,international shipping,raw,1023124.0
2020,25,RSAS,international shipping,raw,712441.6
2020,26,RSAF,international shipping,raw,435995.3
2020,27,Unused,international shipping,raw,0.0
2020,28,World Total,international shipping,raw,93260430.0
2021,1,CAN,international shipping,raw,2120760.0
2021,2,USA,international shipping,raw,9656484.0
2021,3,MEX,international shipping,raw,1504098.0
2021,4,RCAM,international shipping,raw,710801.4
2021,5,BRA,international shipping,raw,1189307.0
2021,6,RSAM,international shipping,raw,1516148.0
2021,7,NAF,international shipping,raw,1017499.0
2021,8,WAF,international shipping,raw,869128.6
2021,9,EAF,international shipping,raw,303181.7
2021,10,SAF,international shipping,raw,433749.7
2021,11,WEU,international shipping,raw,31958890.0
2021,12,CEU,international shipping,raw,4571076.0
2021,13,TUR,international shipping,raw,1247160.0
2021,14,UKR,international shipping,raw,320525.4
2021,15,STAN,international shipping,raw,355141.8
2021,16,RUS,international shipping,raw,1160690.0
2021,17,ME,international shipping,raw,4226952.0
2021,18,INDIA,international shipping,raw,2177765.0
2021,19,KOR,international shipping,raw,1937385.0
2021,20,CHN,international shipping,raw,14779480.0
2021,21,SEAS,international shipping,raw,7688243.0
2021,22,INDO,international shipping,raw,1110287.0
2021,23,JAP,international shipping,raw,3739964.0
2021,24,OCE,international shipping,raw,1058065.0
2021,25,RSAS,international shipping,raw,720230.1
2021,26,RSAF,international shipping,raw,431870.0
2021,27,Unused,international shipping,raw,0.0
2021,28,World Total,international shipping,raw,96804880.0
2022,1,CAN,international shipping,raw,2373991.0
2022,2,USA,international shipping,raw,10615590.0
2022,3,MEX,international shipping,raw,1651724.0
2022,4,RCAM,international shipping,raw,824558.3
2022,5,BRA,international shipping,raw,1259690.0
2022,6,RSAM,international shipping,raw,1758084.0
2022,7,NAF,international shipping,raw,1137010.0
2022,8,WAF,international shipping,raw,952286.3
2022,9,EAF,international shipping,raw,353205.4
2022,10,SAF,international shipping,raw,496188.7
2022,11,WEU,international shipping,raw,34841150.0
2022,12,CEU,international shipping,raw,4756558.0
2022,13,TUR,international shipping,raw,1407467.0
2022,14,UKR,international shipping,raw,299065.2
2022,15,STAN,international shipping,raw,371507.7
2022,16,RUS,international shipping,raw,1172090.0
2022,17,ME,international shipping,raw,4855533.0
2022,18,INDIA,international shipping,raw,2405921.0
2022,19,KOR,international shipping,raw,2167190.0
2022,20,CHN,international shipping,raw,15288090.0
2022,21,SEAS,international shipping,raw,8164357.0
2022,22,INDO,international shipping,raw,1221602.0
2022,23,JAP,international shipping,raw,4109960.0
2022,24,OCE,international shipping,raw,1151619.0
2022,25,RSAS,international shipping,raw,831710.5
2022,26,RSAF,international shipping,raw,534787.1
2022,27,Unused,international shipping,raw,0.0
2022,28,World Total,international shipping,raw,105000900.0
2023,1,CAN,international shipping,raw,2371599.0
2023,2,USA,international shipping,raw,10751500.0
2023,3,MEX,international shipping,raw,1674798.0
2023,4,RCAM,international shipping,raw,838291.8
2023,5,BRA,international shipping,raw,1291366.0
2023,6,RSAM,international shipping,raw,1759086.0
2023,7,NAF,international shipping,raw,1192459.0
2023,8,WAF,international shipping,raw,995887.4
2023,9,EAF,international shipping,raw,349825.9
2023,10,SAF,international shipping,raw,498995.7
2023,11,WEU,international shipping,raw,34664600.0
2023,12,CEU,international shipping,raw,4776475.0
2023,13,TUR,international shipping,raw,1454754.0
2023,14,UKR,international shipping,raw,301592.3
2023,15,STAN,international shipping,raw,389549.0
2023,16,RUS,international shipping,raw,1183092.0
2023,17,ME,international shipping,raw,4931987.0
2023,18,INDIA,international shipping,raw,2535038.0
2023,19,KOR,international shipping,raw,2194941.0
2023,20,CHN,international shipping,raw,15722480.0
2023,21,SEAS,international shipping,raw,8390491.0
2023,22,INDO,international shipping,raw,1298373.0
2023,23,JAP,international shipping,raw,4167179.0
2023,24,OCE,international shipping,raw,1160829.0
2023,25,RSAS,international shipping,raw,849824.4
2023,26,RSAF,international shipping,raw,551742.6
2023,27,Unused,international shipping,raw,0.0
2023,28,World Total,international shipping,raw,106296800.0
2024,1,CAN,international shipping,raw,2351389.0
2024,2,USA,international shipping,raw,10692530.0
2024,3,MEX,international shipping,raw,1675410.0
2024,4,RCAM,international shipping,raw,847341.1
2024,5,BRA,international shipping,raw,1297834.0
2024,6,RSAM,international shipping,raw,1748261.0
2024,7,NAF,international shipping,raw,1149408.0
2024,8,WAF,international shipping,raw,1009906.0
2024,9,EAF,international shipping,raw,358383.0
2024,10,SAF,international shipping,raw,500786.4
2024,11,WEU,international shipping,raw,34492230.0
2024,12,CEU,international shipping,raw,4830404.0
2024,13,TUR,international shipping,raw,1486171.0
2024,14,UKR,international shipping,raw,303671.1
2024,15,STAN,international shipping,raw,395275.5
2024,16,RUS,international shipping,raw,1175196.0
2024,17,ME,international shipping,raw,4462647.0
2024,18,INDIA,international shipping,raw,2628628.0
2024,19,KOR,international shipping,raw,2223272.0
2024,20,CHN,international shipping,raw,15981170.0
2024,21,SEAS,international shipping,raw,8530197.0
2024,22,INDO,international shipping,raw,1308362.0
2024,23,JAP,international shipping,raw,4147608.0
2024,24,OCE,international shipping,raw,1157328.0
2024,25,RSAS,international shipping,raw,867524.6
2024,26,RSAF,international shipping,raw,565103.8
2024,27,Unused,international shipping,raw,0.0
2024,28,World Total,international shipping,raw,106186000.0
2025,1,CAN,international shipping,raw,2345543.0
2025,2,USA,international shipping,raw,10742310.0
2025,3,MEX,international shipping,raw,1680118.0
2025,4,RCAM,international shipping,raw,860779.7
2025,5,BRA,international shipping,raw,1315525.0
2025,6,RSAM,international shipping,raw,1762266.0
2025,7,NAF,international shipping,raw,1150996.0
2025,8,WAF,international shipping,raw,1033435.0
2025,9,EAF,international shipping,raw,374700.0
2025,10,SAF,international shipping,raw,504199.2
2025,11,WEU,international shipping,raw,34632590.0
2025,12,CEU,international shipping,raw,4916861.0
2025,13,TUR,international shipping,raw,1522643.0
2025,14,UKR,international shipping,raw,311308.8
2025,15,STAN,international shipping,raw,404726.1
2025,16,RUS,international shipping,raw,1173575.0
2025,17,ME,international shipping,raw,4355317.0
2025,18,INDIA,international shipping,raw,2735070.0
2025,19,KOR,international shipping,raw,2257313.0
2025,20,CHN,international shipping,raw,16299370.0
2025,21,SEAS,international shipping,raw,8748336.0
2025,22,INDO,international shipping,raw,1337848.0
2025,23,JAP,international shipping,raw,4133671.0
2025,24,OCE,international shipping,raw,1166759.0
2025,25,RSAS,international shipping,raw,894803.3
2025,26,RSAF,international shipping,raw,582869.1
2025,27,Unused,international shipping,raw,0.0
2025,28,World Total,international shipping,raw,107242900.0
2026,1,CAN,international shipping,raw,2323439.0
2026,2,USA,international shipping,raw,10774490.0
2026,3,MEX,international shipping,raw,1699713.0
2026,4,RCAM,international shipping,raw,875648.1
2026,5,BRA,international shipping,raw,1330316.0
2026,6,RSAM,international shipping,raw,1776395.0
2026,7,NAF,international shipping,raw,1158641.0
2026,8,WAF,international shipping,raw,1059086.0
2026,9,EAF,international shipping,raw,393286.3
2026,10,SAF,international shipping,raw,505764.8
2026,11,WEU,international shipping,raw,34586400.0
2026,12,CEU,international shipping,raw,4992406.0
2026,13,TUR,international shipping,raw,1573318.0
2026,14,UKR,international shipping,raw,319051.8
2026,15,STAN,international shipping,raw,412058.9
2026,16,RUS,international shipping,raw,1173080.0
2026,17,ME,international shipping,raw,4272691.0
2026,18,INDIA,international shipping,raw,2852188.0
2026,19,KOR,international shipping,raw,2288708.0
2026,20,CHN,international shipping,raw,16612580.0
2026,21,SEAS,international shipping,raw,9005020.0
2026,22,INDO,international shipping,raw,1368323.0
2026,23,JAP,international shipping,raw,4112644.0
2026,24,OCE,international shipping,raw,1181283.0
2026,25,RSAS,international shipping,raw,936669.9
2026,26,RSAF,international shipping,raw,606650.9
2026,27,Unused,international shipping,raw,0.0
2026,28,World Total,international shipping,raw,108189800.0
2027,1,CAN,international shipping,raw,2287347.0
2027,2,USA,international shipping,raw,10736250.0
2027,3,MEX,international shipping,raw,1690205.0
2027,4,RCAM,international shipping,raw,884334.3
2027,5,BRA,international shipping,raw,1342795.0
2027,6,RSAM,international shipping,raw,1771512.0
2027,7,NAF,international shipping,raw,1136569.0
2027,8,WAF,international shipping,raw,1065926.0
2027,9,EAF,international shipping,raw,406988.2
2027,10,SAF,international shipping,raw,503819.8
2027,11,WEU,international shipping,raw,34322960.0
2027,12,CEU,international shipping,raw,5036655.0
2027,13,TUR,international shipping,raw,1616724.0
2027,14,UKR,international shipping,raw,324614.3
2027,15,STAN,international shipping,raw,413054.7
2027,16,RUS,international shipping,raw,1164541.0
2027,17,ME,international shipping,raw,4141502.0
2027,18,INDIA,international shipping,raw,2938270.0
2027,19,KOR,international shipping,raw,2310467.0
2027,20,CHN,international shipping,raw,16802590.0
2027,21,SEAS,international shipping,raw,9160569.0
2027,22,INDO,international shipping,raw,1366312.0
2027,23,JAP,international shipping,raw,4073203.0
2027,24,OCE,international shipping,raw,1188764.0
2027,25,RSAS,international shipping,raw,968270.6
2027,26,RSAF,international shipping,raw,622688.5
2027,27,Unused,international shipping,raw,0.0
2027,28,World Total,international shipping,raw,108276900.0
2028,1,CAN,international shipping,raw,2281514.0
2028,2,USA,international shipping,raw,10803340.0
2028,3,MEX,international shipping,raw,1718802.0
2028,4,RCAM,international shipping,raw,897618.2
2028,5,BRA,international shipping,raw,1363262.0
2028,6,RSAM,international shipping,raw,1771107.0
2028,7,NAF,international shipping,raw,1125415.0
2028,8,WAF,international shipping,raw,1071740.0
2028,9,EAF,international shipping,raw,420859.5
2028,10,SAF,international shipping,raw,505006.6
2028,11,WEU,international shipping,raw,34407370.0
2028,12,CEU,international shipping,raw,5095288.0
2028,13,TUR,international shipping,raw,1662330.0
2028,14,UKR,international shipping,raw,332087.9
2028,15,STAN,international shipping,raw,414003.2
2028,16,RUS,international shipping,raw,1164883.0
2028,17,ME,international shipping,raw,4063502.0
2028,18,INDIA,international shipping,raw,3029485.0
2028,19,KOR,international shipping,raw,2338566.0
2028,20,CHN,international shipping,raw,17067200.0
2028,21,SEAS,international shipping,raw,9348254.0
2028,22,INDO,international shipping,raw,1366805.0
2028,23,JAP,international shipping,raw,4037962.0
2028,24,OCE,international shipping,raw,1203139.0
2028,25,RSAS,international shipping,raw,997216.9
2028,26,RSAF,international shipping,raw,643276.8
2028,27,Unused,international shipping,raw,0.0
2028,28,World Total,international shipping,raw,109130000.0
2029,1,CAN,international shipping,raw,2294037.0
2029,2,USA,international shipping,raw,10985160.0
2029,3,MEX,international shipping,raw,1759506.0
2029,4,RCAM,international shipping,raw,916208.8
2029,5,BRA,international shipping,raw,1388667.0
2029,6,RSAM,international shipping,raw,1807669.0
2029,7,NAF,international shipping,raw,1161649.0
2029,8,WAF,international shipping,raw,1105605.0
2029,9,EAF,international shipping,raw,440323.2
2029,10,SAF,international shipping,raw,511011.6
2029,11,WEU,international shipping,raw,34682930.0
2029,12,CEU,international shipping,raw,5186247.0
2029,13,TUR,international shipping,raw,1711688.0
2029,14,UKR,international shipping,raw,341796.0
2029,15,STAN,international shipping,raw,425179.0
2029,16,RUS,international shipping,raw,1176018.0
2029,17,ME,international shipping,raw,4171030.0
2029,18,INDIA,international shipping,raw,3152930.0
2029,19,KOR,international shipping,raw,2380949.0
2029,20,CHN,international shipping,raw,17427560.0
2029,21,SEAS,international shipping,raw,9656982.0
2029,22,INDO,international shipping,raw,1412559.0
2029,23,JAP,international shipping,raw,4052232.0
2029,24,OCE,international shipping,raw,1227529.0
2029,25,RSAS,international shipping,raw,1041159.0
2029,26,RSAF,international shipping,raw,672145.7
2029,27,Unused,international shipping,raw,0.0
2029,28,World Total,international shipping,raw,111088800.0
2030,1,CAN,international shipping,raw,2303736.0
2030,2,USA,international shipping,raw,11161390.0
2030,3,MEX,international shipping,raw,1799446.0
2030,4,RCAM,international shipping,raw,934448.1
2030,5,BRA,international shipping,raw,1415269.0
2030,6,RSAM,international shipping,raw,1843002.0
2030,7,NAF,international shipping,raw,1198662.0
2030,8,WAF,international shipping,raw,1140605.0
2030,9,EAF,international shipping,raw,460293.8
2030,10,SAF,international shipping,raw,518468.6
2030,11,WEU,international shipping,raw,34940910.0
2030,12,CEU,international shipping,raw,5272358.0
2030,13,TUR,international shipping,raw,1760276.0
2030,14,UKR,international shipping,raw,351436.9
2030,15,STAN,international shipping,raw,436115.5
2030,16,RUS,international shipping,raw,1187093.0
2030,17,ME,international shipping,raw,4286511.0
2030,18,INDIA,international shipping,raw,3266443.0
2030,19,KOR,international shipping,raw,2413806.0
2030,20,CHN,international shipping,raw,17764710.0
2030,21,SEAS,international shipping,raw,9959542.0
2030,22,INDO,international shipping,raw,1457499.0
2030,23,JAP,international shipping,raw,4059997.0
2030,24,OCE,international shipping,raw,1251207.0
2030,25,RSAS,international shipping,raw,1084920.0
2030,26,RSAF,international shipping,raw,701312.8
2030,27,Unused,international shipping,raw,0.0
2030,28,World Total,international shipping,raw,112969500.0
2031,1,CAN,international shipping,raw,2322396.0
2031,2,USA,international shipping,raw,11325390.0
2031,3,MEX,international shipping,raw,1843149.0
2031,4,RCAM,international shipping,raw,956903.1
2031,5,BRA,international shipping,raw,1461387.0
2031,6,RSAM,international shipping,raw,1882193.0
2031,7,NAF,international shipping,raw,1243252.0
2031,8,WAF,international shipping,raw,1187902.0
2031,9,EAF,international shipping,raw,484102.8
2031,10,SAF,international shipping,raw,530492.4
2031,11,WEU,international shipping,raw,35146570.0
2031,12,CEU,international shipping,raw,5339773.0
2031,13,TUR,international shipping,raw,1807723.0
2031,14,UKR,international shipping,raw,361375.2
2031,15,STAN,international shipping,raw,448625.8
2031,16,RUS,international shipping,raw,1201575.0
2031,17,ME,international shipping,raw,4409361.0
2031,18,INDIA,international shipping,raw,3379323.0
2031,19,KOR,international shipping,raw,2452220.0
2031,20,CHN,international shipping,raw,18033740.0
2031,21,SEAS,international shipping,raw,10257340.0
2031,22,INDO,international shipping,raw,1501329.0
2031,23,JAP,international shipping,raw,4076632.0
2031,24,OCE,international shipping,raw,1274250.0
2031,25,RSAS,international shipping,raw,1134540.0
2031,26,RSAF,international shipping,raw,736773.4
2031,27,Unused,international shipping,raw,0.0
2031,28,World Total,international shipping,raw,114798300.0
2032,1,CAN,international shipping,raw,2342471.0
2032,2,USA,international shipping,raw,11486640.0
2032,3,MEX,international shipping,raw,1887451.0
2032,4,RCAM,international shipping,raw,980111.6
2032,5,BRA,international shipping,raw,1503133.0
2032,6,RSAM,international shipping,raw,1919664.0
2032,7,NAF,international shipping,raw,1289924.0
2032,8,WAF,international shipping,raw,1234920.0
2032,9,EAF,international shipping,raw,508308.4
2032,10,SAF,international shipping,raw,542480.2
2032,11,WEU,international shipping,raw,35369680.0
2032,12,CEU,international shipping,raw,5409359.0
2032,13,TUR,international shipping,raw,1855485.0
2032,14,UKR,international shipping,raw,371792.7
2032,15,STAN,international shipping,raw,461126.8
2032,16,RUS,international shipping,raw,1216355.0
2032,17,ME,international shipping,raw,4539840.0
2032,18,INDIA,international shipping,raw,3489398.0
2032,19,KOR,international shipping,raw,2497087.0
2032,20,CHN,international shipping,raw,18327970.0
2032,21,SEAS,international shipping,raw,10559610.0
2032,22,INDO,international shipping,raw,1547126.0
2032,23,JAP,international shipping,raw,4092934.0
2032,24,OCE,international shipping,raw,1295743.0
2032,25,RSAS,international shipping,raw,1185034.0
2032,26,RSAF,international shipping,raw,772120.1
2032,27,Unused,international shipping,raw,0.0
2032,28,World Total,international shipping,raw,116685800.0
2033,1,CAN,international shipping,raw,2362654.0
2033,2,USA,international shipping,raw,11631580.0
2033,3,MEX,international shipping,raw,1930305.0
2033,4,RCAM,international shipping,raw,1001296.0
2033,5,BRA,international shipping,raw,1536123.0
2033,6,RSAM,international shipping,raw,1953315.0
2033,7,NAF,international shipping,raw,1336187.0
2033,8,WAF,international shipping,raw,1281521.0
2033,9,EAF,international shipping,raw,532757.5
2033,10,SAF,international shipping,raw,554620.4
2033,11,WEU,international shipping,raw,35610700.0
2033,12,CEU,international shipping,raw,5476813.0
2033,13,TUR,international shipping,raw,1901568.0
2033,14,UKR,international shipping,raw,382349.0
2033,15,STAN,international shipping,raw,473095.3
2033,16,RUS,international shipping,raw,1231083.0
2033,17,ME,international shipping,raw,4667341.0
2033,18,INDIA,international shipping,raw,3594561.0
2033,19,KOR,international shipping,raw,2532747.0
2033,20,CHN,international shipping,raw,18578830.0
2033,21,SEAS,international shipping,raw,10852370.0
2033,22,INDO,international shipping,raw,1592693.0
2033,23,JAP,international shipping,raw,4102262.0
2033,24,OCE,international shipping,raw,1314241.0
2033,25,RSAS,international shipping,raw,1235286.0
2033,26,RSAF,international shipping,raw,807219.5
2033,27,Unused,international shipping,raw,0.0
2033,28,World Total,international shipping,raw,118473500.0
2034,1,CAN,international shipping,raw,2382166.0
2034,2,USA,international shipping,raw,11760600.0
2034,3,MEX,international shipping,raw,1971623.0
2034,4,RCAM,international shipping,raw,1021410.0
2034,5,BRA,international shipping,raw,1566914.0
2034,6,RSAM,international shipping,raw,1984301.0
2034,7,NAF,international shipping,raw,1380466.0
2034,8,WAF,international shipping,raw,1327366.0
2034,9,EAF,international shipping,raw,557248.1
2034,10,SAF,international shipping,raw,566722.6
2034,11,WEU,international shipping,raw,35833170.0
2034,12,CEU,international shipping,raw,5541542.0
2034,13,TUR,international shipping,raw,1945865.0
2034,14,UKR,international shipping,raw,393000.3
2034,15,STAN,international shipping,raw,484544.6
2034,16,RUS,international shipping,raw,1245279.0
2034,17,ME,international shipping,raw,4783781.0
2034,18,INDIA,international shipping,raw,3700021.0
2034,19,KOR,international shipping,raw,2561202.0
2034,20,CHN,international shipping,raw,18807700.0
2034,21,SEAS,international shipping,raw,11126810.0
2034,22,INDO,international shipping,raw,1637821.0
2034,23,JAP,international shipping,raw,4102390.0
2034,24,OCE,international shipping,raw,1330410.0
2034,25,RSAS,international shipping,raw,1284829.0
2034,26,RSAF,international shipping,raw,841925.1
2034,27,Unused,international shipping,raw,0.0
2034,28,World Total,international shipping,raw,120139100.0
2035,1,CAN,international shipping,raw,2402814.0
2035,2,USA,international shipping,raw,11881290.0
2035,3,MEX,international shipping,raw,2012244.0
2035,4,RCAM,international shipping,raw,1046756.0
2035,5,BRA,international shipping,raw,1592379.0
2035,6,RSAM,international shipping,raw,2018945.0
2035,7,NAF,international shipping,raw,1422357.0
2035,8,WAF,international shipping,raw,1372774.0
2035,9,EAF,international shipping,raw,581669.4
2035,10,SAF,international shipping,raw,578652.5
2035,11,WEU,international shipping,raw,36056600.0
2035,12,CEU,international shipping,raw,5613166.0
2035,13,TUR,international shipping,raw,1982684.0
2035,14,UKR,international shipping,raw,403035.5
2035,15,STAN,international shipping,raw,495936.3
2035,16,RUS,international shipping,raw,1259344.0
2035,17,ME,international shipping,raw,4895250.0
2035,18,INDIA,international shipping,raw,3823519.0
2035,19,KOR,international shipping,raw,2587818.0
2035,20,CHN,international shipping,raw,19038450.0
2035,21,SEAS,international shipping,raw,11417510.0
2035,22,INDO,international shipping,raw,1680856.0
2035,23,JAP,international shipping,raw,4096763.0
2035,24,OCE,international shipping,raw,1342899.0
2035,25,RSAS,international shipping,raw,1337838.0
2035,26,RSAF,international shipping,raw,875512.2
2035,27,Unused,international shipping,raw,0.0
2035,28,World Total,international shipping,raw,121817000.0
2036,1,CAN,international shipping,raw,2425135.0
2036,2,USA,international shipping,raw,11983000.0
2036,3,MEX,international shipping,raw,2055254.0
2036,4,RCAM,international shipping,raw,1072823.0
2036,5,BRA,international shipping,raw,1618931.0
2036,6,RSAM,international shipping,raw,2064406.0
2036,7,NAF,international shipping,raw,1468110.0
2036,8,WAF,international shipping,raw,1425433.0
2036,9,EAF,international shipping,raw,609281.1
2036,10,SAF,international shipping,raw,592499.4
2036,11,WEU,international shipping,raw,36351560.0
2036,12,CEU,international shipping,raw,5657190.0
2036,13,TUR,international shipping,raw,2017502.0
2036,14,UKR,international shipping,raw,412635.5
2036,15,STAN,international shipping,raw,506850.2
2036,16,RUS,international shipping,raw,1273796.0
2036,17,ME,international shipping,raw,4999350.0
2036,18,INDIA,international shipping,raw,3958774.0
2036,19,KOR,international shipping,raw,2605634.0
2036,20,CHN,international shipping,raw,19273960.0
2036,21,SEAS,international shipping,raw,11716180.0
2036,22,INDO,international shipping,raw,1723115.0
2036,23,JAP,international shipping,raw,4085092.0
2036,24,OCE,international shipping,raw,1357710.0
2036,25,RSAS,international shipping,raw,1395662.0
2036,26,RSAF,international shipping,raw,914114.0
2036,27,Unused,international shipping,raw,0.0
2036,28,World Total,international shipping,raw,123564000.0
2037,1,CAN,international shipping,raw,2447138.0
2037,2,USA,international shipping,raw,12073690.0
2037,3,MEX,international shipping,raw,2095115.0
2037,4,RCAM,international shipping,raw,1097914.0
2037,5,BRA,international shipping,raw,1645592.0
2037,6,RSAM,international shipping,raw,2108142.0
2037,7,NAF,international shipping,raw,1510264.0
2037,8,WAF,international shipping,raw,1477203.0
2037,9,EAF,international shipping,raw,636325.4
2037,10,SAF,international shipping,raw,605251.9
2037,11,WEU,international shipping,raw,36640820.0
2037,12,CEU,international shipping,raw,5688223.0
2037,13,TUR,international shipping,raw,2070835.0
2037,14,UKR,international shipping,raw,421599.7
2037,15,STAN,international shipping,raw,517103.5
2037,16,RUS,international shipping,raw,1287443.0
2037,17,ME,international shipping,raw,5092594.0
2037,18,INDIA,international shipping,raw,4087020.0
2037,19,KOR,international shipping,raw,2628328.0
2037,20,CHN,international shipping,raw,19484750.0
2037,21,SEAS,international shipping,raw,11988360.0
2037,22,INDO,international shipping,raw,1762017.0
2037,23,JAP,international shipping,raw,4092053.0
2037,24,OCE,international shipping,raw,1373741.0
2037,25,RSAS,international shipping,raw,1450502.0
2037,26,RSAF,international shipping,raw,951691.7
2037,27,Unused,international shipping,raw,0.0
2037,28,World Total,international shipping,raw,125233700.0
2038,1,CAN,international shipping,raw,2469713.0
2038,2,USA,international shipping,raw,12163930.0
2038,3,MEX,international shipping,raw,2133029.0
2038,4,RCAM,international shipping,raw,1122574.0
2038,5,BRA,international shipping,raw,1675018.0
2038,6,RSAM,international shipping,raw,2151257.0
2038,7,NAF,international shipping,raw,1551123.0
2038,8,WAF,international shipping,raw,1522103.0
2038,9,EAF,international shipping,raw,661924.1
2038,10,SAF,international shipping,raw,615888.6
2038,11,WEU,international shipping,raw,36925350.0
2038,12,CEU,international shipping,raw,5727278.0
2038,13,TUR,international shipping,raw,2130795.0
2038,14,UKR,international shipping,raw,429762.4
2038,15,STAN,international shipping,raw,526388.8
2038,16,RUS,international shipping,raw,1300683.0
2038,17,ME,international shipping,raw,5184422.0
2038,18,INDIA,international shipping,raw,4209404.0
2038,19,KOR,international shipping,raw,2652030.0
2038,20,CHN,international shipping,raw,19674070.0
2038,21,SEAS,international shipping,raw,12242100.0
2038,22,INDO,international shipping,raw,1799600.0
2038,23,JAP,international shipping,raw,4102122.0
2038,24,OCE,international shipping,raw,1390720.0
2038,25,RSAS,international shipping,raw,1501850.0
2038,26,RSAF,international shipping,raw,987754.7
2038,27,Unused,international shipping,raw,0.0
2038,28,World Total,international shipping,raw,126850900.0
2039,1,CAN,international shipping,raw,2485322.0
2039,2,USA,international shipping,raw,12252670.0
2039,3,MEX,international shipping,raw,2171281.0
2039,4,RCAM,international shipping,raw,1146272.0
2039,5,BRA,international shipping,raw,1706671.0
2039,6,RSAM,international shipping,raw,2193538.0
2039,7,NAF,international shipping,raw,1590755.0
2039,8,WAF,international shipping,raw,1560839.0
2039,9,EAF,international shipping,raw,684975.3
2039,10,SAF,international shipping,raw,623445.0
2039,11,WEU,international shipping,raw,37195560.0
2039,12,CEU,international shipping,raw,5771966.0
2039,13,TUR,international shipping,raw,2191339.0
2039,14,UKR,international shipping,raw,437795.0
2039,15,STAN,international shipping,raw,533223.1
2039,16,RUS,international shipping,raw,1311443.0
2039,17,ME,international shipping,raw,5274904.0
2039,18,INDIA,international shipping,raw,4325413.0
2039,19,KOR,international shipping,raw,2675808.0
2039,20,CHN,international shipping,raw,19841930.0
2039,21,SEAS,international shipping,raw,12478910.0
2039,22,INDO,international shipping,raw,1835665.0
2039,23,JAP,international shipping,raw,4110604.0
2039,24,OCE,international shipping,raw,1407724.0
2039,25,RSAS,international shipping,raw,1546327.0
2039,26,RSAF,international shipping,raw,1020068.0
2039,27,Unused,international shipping,raw,0.0
2039,28,World Total,international shipping,raw,128374400.0
2040,1,CAN,international shipping,raw,2506486.0
2040,2,USA,international shipping,raw,12339490.0
2040,3,MEX,international shipping,raw,2212007.0
2040,4,RCAM,international shipping,raw,1167445.0
2040,5,BRA,international shipping,raw,1740051.0
2040,6,RSAM,international shipping,raw,2235037.0
2040,7,NAF,international shipping,raw,1629618.0
2040,8,WAF,international shipping,raw,1612845.0
2040,9,EAF,international shipping,raw,710927.6
2040,10,SAF,international shipping,raw,632705.4
2040,11,WEU,international shipping,raw,37456000.0
2040,12,CEU,international shipping,raw,5804533.0
2040,13,TUR,international shipping,raw,2250314.0
2040,14,UKR,international shipping,raw,445451.8
2040,15,STAN,international shipping,raw,540348.0
2040,16,RUS,international shipping,raw,1319567.0
2040,17,ME,international shipping,raw,5364208.0
2040,18,INDIA,international shipping,raw,4435556.0
2040,19,KOR,international shipping,raw,2697046.0
2040,20,CHN,international shipping,raw,19992680.0
2040,21,SEAS,international shipping,raw,12700540.0
2040,22,INDO,international shipping,raw,1870154.0
2040,23,JAP,international shipping,raw,4116767.0
2040,24,OCE,international shipping,raw,1424273.0
2040,25,RSAS,international shipping,raw,1590749.0
2040,26,RSAF,international shipping,raw,1050883.0
2040,27,Unused,international shipping,raw,0.0
2040,28,World Total,international shipping,raw,129845700.0
2041,1,CAN,international shipping,raw,2524988.0
2041,2,USA,international shipping,raw,12421010.0
2041,3,MEX,international shipping,raw,2258032.0
2041,4,RCAM,international shipping,raw,1191011.0
2041,5,BRA,international shipping,raw,1782615.0
2041,6,RSAM,international shipping,raw,2279457.0
2041,7,NAF,international shipping,raw,1673762.0
2041,8,WAF,international shipping,raw,1672365.0
2041,9,EAF,international shipping,raw,743176.5
2041,10,SAF,international shipping,raw,646235.0
2041,11,WEU,international shipping,raw,37714160.0
2041,12,CEU,international shipping,raw,5820142.0
2041,13,TUR,international shipping,raw,2282768.0
2041,14,UKR,international shipping,raw,452035.2
2041,15,STAN,international shipping,raw,549336.1
2041,16,RUS,international shipping,raw,1327660.0
2041,17,ME,international shipping,raw,5449768.0
2041,18,INDIA,international shipping,raw,4546661.0
2041,19,KOR,international shipping,raw,2708941.0
2041,20,CHN,international shipping,raw,20107640.0
2041,21,SEAS,international shipping,raw,12897430.0
2041,22,INDO,international shipping,raw,1902619.0
2041,23,JAP,international shipping,raw,4121442.0
2041,24,OCE,international shipping,raw,1441506.0
2041,25,RSAS,international shipping,raw,1649965.0
2041,26,RSAF,international shipping,raw,1092842.0
2041,27,Unused,international shipping,raw,0.0
2041,28,World Total,international shipping,raw,131257600.0
2042,1,CAN,international shipping,raw,2543794.0
2042,2,USA,international shipping,raw,12499310.0
2042,3,MEX,international shipping,raw,2304187.0
2042,4,RCAM,international shipping,raw,1213082.0
2042,5,BRA,international shipping,raw,1825780.0
2042,6,RSAM,international shipping,raw,2323397.0
2042,7,NAF,international shipping,raw,1716772.0
2042,8,WAF,international shipping,raw,1731851.0
2042,9,EAF,international shipping,raw,777283.7
2042,10,SAF,international shipping,raw,659403.5
2042,11,WEU,international shipping,raw,37963780.0
2042,12,CEU,international shipping,raw,5841001.0
2042,13,TUR,international shipping,raw,2316701.0
2042,14,UKR,international shipping,raw,458667.3
2042,15,STAN,international shipping,raw,557941.7
2042,16,RUS,international shipping,raw,1336567.0
2042,17,ME,international shipping,raw,5534655.0
2042,18,INDIA,international shipping,raw,4654156.0
2042,19,KOR,international shipping,raw,2714599.0
2042,20,CHN,international shipping,raw,20216680.0
2042,21,SEAS,international shipping,raw,13084930.0
2042,22,INDO,international shipping,raw,1934058.0
2042,23,JAP,international shipping,raw,4125935.0
2042,24,OCE,international shipping,raw,1457942.0
2042,25,RSAS,international shipping,raw,1708214.0
2042,26,RSAF,international shipping,raw,1133807.0
2042,27,Unused,international shipping,raw,0.0
2042,28,World Total,international shipping,raw,132634500.0
2043,1,CAN,international shipping,raw,2563484.0
2043,2,USA,international shipping,raw,12575340.0
2043,3,MEX,international shipping,raw,2350294.0
2043,4,RCAM,international shipping,raw,1233797.0
2043,5,BRA,international shipping,raw,1869069.0
2043,6,RSAM,international shipping,raw,2366995.0
2043,7,NAF,international shipping,raw,1758734.0
2043,8,WAF,international shipping,raw,1791214.0
2043,9,EAF,international shipping,raw,812444.4
2043,10,SAF,international shipping,raw,672308.7
2043,11,WEU,international shipping,raw,38221180.0
2043,12,CEU,international shipping,raw,5865070.0
2043,13,TUR,international shipping,raw,2351765.0
2043,14,UKR,international shipping,raw,465300.3
2043,15,STAN,international shipping,raw,566201.1
2043,16,RUS,international shipping,raw,1346829.0
2043,17,ME,international shipping,raw,5618995.0
2043,18,INDIA,international shipping,raw,4759263.0
2043,19,KOR,international shipping,raw,2717335.0
2043,20,CHN,international shipping,raw,20328340.0
2043,21,SEAS,international shipping,raw,13268180.0
2043,22,INDO,international shipping,raw,1964648.0
2043,23,JAP,international shipping,raw,4130781.0
2043,24,OCE,international shipping,raw,1473806.0
2043,25,RSAS,international shipping,raw,1765330.0
2043,26,RSAF,international shipping,raw,1174583.0
2043,27,Unused,international shipping,raw,0.0
2043,28,World Total,international shipping,raw,134011300.0
2044,1,CAN,international shipping,raw,2584009.0
2044,2,USA,international shipping,raw,12630090.0
2044,3,MEX,international shipping,raw,2396166.0
2044,4,RCAM,international shipping,raw,1255017.0
2044,5,BRA,international shipping,raw,1912131.0
2044,6,RSAM,international shipping,raw,2410086.0
2044,7,NAF,international shipping,raw,1799725.0
2044,8,WAF,international shipping,raw,1850460.0
2044,9,EAF,international shipping,raw,847679.1
2044,10,SAF,international shipping,raw,684975.7
2044,11,WEU,international shipping,raw,38485930.0
2044,12,CEU,international shipping,raw,5890893.0
2044,13,TUR,international shipping,raw,2388254.0
2044,14,UKR,international shipping,raw,472048.8
2044,15,STAN,international shipping,raw,574092.8
2044,16,RUS,international shipping,raw,1359022.0
2044,17,ME,international shipping,raw,5702861.0
2044,18,INDIA,international shipping,raw,4862377.0
2044,19,KOR,international shipping,raw,2721171.0
2044,20,CHN,international shipping,raw,20442980.0
2044,21,SEAS,international shipping,raw,13444120.0
2044,22,INDO,international shipping,raw,1994820.0
2044,23,JAP,international shipping,raw,4135202.0
2044,24,OCE,international shipping,raw,1489325.0
2044,25,RSAS,international shipping,raw,1821282.0
2044,26,RSAF,international shipping,raw,1215235.0
2044,27,Unused,international shipping,raw,0.0
2044,28,World Total,international shipping,raw,135370000.0
2045,1,CAN,international shipping,raw,2599373.0
2045,2,USA,international shipping,raw,12703140.0
2045,3,MEX,international shipping,raw,2441719.0
2045,4,RCAM,international shipping,raw,1276884.0
2045,5,BRA,international shipping,raw,1954611.0
2045,6,RSAM,international shipping,raw,2452475.0
2045,7,NAF,international shipping,raw,1839278.0
2045,8,WAF,international shipping,raw,1909604.0
2045,9,EAF,international shipping,raw,882394.4
2045,10,SAF,international shipping,raw,697406.0
2045,11,WEU,international shipping,raw,38755570.0
2045,12,CEU,international shipping,raw,5918255.0
2045,13,TUR,international shipping,raw,2425519.0
2045,14,UKR,international shipping,raw,478800.4
2045,15,STAN,international shipping,raw,581647.3
2045,16,RUS,international shipping,raw,1371089.0
2045,17,ME,international shipping,raw,5786248.0
2045,18,INDIA,international shipping,raw,4963929.0
2045,19,KOR,international shipping,raw,2727502.0
2045,20,CHN,international shipping,raw,20559570.0
2045,21,SEAS,international shipping,raw,13613630.0
2045,22,INDO,international shipping,raw,2024440.0
2045,23,JAP,international shipping,raw,4139470.0
2045,24,OCE,international shipping,raw,1504659.0
2045,25,RSAS,international shipping,raw,1876105.0
2045,26,RSAF,international shipping,raw,1255797.0
2045,27,Unused,international shipping,raw,0.0
2045,28,World Total,international shipping,raw,136739100.0
2046,1,CAN,international shipping,raw,2615116.0
2046,2,USA,international shipping,raw,12759650.0
2046,3,MEX,international shipping,raw,2489321.0
2046,4,RCAM,international shipping,raw,1301357.0
2046,5,BRA,international shipping,raw,2001922.0
2046,6,RSAM,international shipping,raw,2496205.0
2046,7,NAF,international shipping,raw,1883570.0
2046,8,WAF,international shipping,raw,1979990.0
2046,9,EAF,international shipping,raw,922941.8
2046,10,SAF,international shipping,raw,710931.0
2046,11,WEU,international shipping,raw,39027540.0
2046,12,CEU,international shipping,raw,5939675.0
2046,13,TUR,international shipping,raw,2459039.0
2046,14,UKR,international shipping,raw,485573.2
2046,15,STAN,international shipping,raw,588539.3
2046,16,RUS,international shipping,raw,1382783.0
2046,17,ME,international shipping,raw,5864995.0
2046,18,INDIA,international shipping,raw,5068768.0
2046,19,KOR,international shipping,raw,2733388.0
2046,20,CHN,international shipping,raw,20647850.0
2046,21,SEAS,international shipping,raw,13765110.0
2046,22,INDO,international shipping,raw,2051901.0
2046,23,JAP,international shipping,raw,4145097.0
2046,24,OCE,international shipping,raw,1520204.0
2046,25,RSAS,international shipping,raw,1938810.0
2046,26,RSAF,international shipping,raw,1304789.0
2046,27,Unused,international shipping,raw,0.0
2046,28,World Total,international shipping,raw,138085100.0
2047,1,CAN,international shipping,raw,2636482.0
2047,2,USA,international shipping,raw,12826480.0
2047,3,MEX,international shipping,raw,2536464.0
2047,4,RCAM,international shipping,raw,1325790.0
2047,5,BRA,international shipping,raw,2047602.0
2047,6,RSAM,international shipping,raw,2539162.0
2047,7,NAF,international shipping,raw,1926245.0
2047,8,WAF,international shipping,raw,2050177.0
2047,9,EAF,international shipping,raw,962655.1
2047,10,SAF,international shipping,raw,724066.5
2047,11,WEU,international shipping,raw,39302710.0
2047,12,CEU,international shipping,raw,5960338.0
2047,13,TUR,international shipping,raw,2491058.0
2047,14,UKR,international shipping,raw,492296.0
2047,15,STAN,international shipping,raw,595070.6
2047,16,RUS,international shipping,raw,1394100.0
2047,17,ME,international shipping,raw,5942983.0
2047,18,INDIA,international shipping,raw,5172909.0
2047,19,KOR,international shipping,raw,2741334.0
2047,20,CHN,international shipping,raw,20737490.0
2047,21,SEAS,international shipping,raw,13912950.0
2047,22,INDO,international shipping,raw,2078945.0
2047,23,JAP,international shipping,raw,4150308.0
2047,24,OCE,international shipping,raw,1535602.0
2047,25,RSAS,international shipping,raw,2000557.0
2047,26,RSAF,international shipping,raw,1353459.0
2047,27,Unused,international shipping,raw,0.0
2047,28,World Total,international shipping,raw,139437200.0
2048,1,CAN,international shipping,raw,2658192.0
2048,2,USA,international shipping,raw,12892470.0
2048,3,MEX,international shipping,raw,2583248.0
2048,4,RCAM,international shipping,raw,1349867.0
2048,5,BRA,international shipping,raw,2091591.0
2048,6,RSAM,international shipping,raw,2581075.0
2048,7,NAF,international shipping,raw,1968049.0
2048,8,WAF,international shipping,raw,2120212.0
2048,9,EAF,international shipping,raw,1001483.0
2048,10,SAF,international shipping,raw,736828.6
2048,11,WEU,international shipping,raw,39576040.0
2048,12,CEU,international shipping,raw,5979899.0
2048,13,TUR,international shipping,raw,2521330.0
2048,14,UKR,international shipping,raw,498956.1
2048,15,STAN,international shipping,raw,601221.6
2048,16,RUS,international shipping,raw,1405293.0
2048,17,ME,international shipping,raw,6020358.0
2048,18,INDIA,international shipping,raw,5275863.0
2048,19,KOR,international shipping,raw,2750780.0
2048,20,CHN,international shipping,raw,20825460.0
2048,21,SEAS,international shipping,raw,14057980.0
2048,22,INDO,international shipping,raw,2105592.0
2048,23,JAP,international shipping,raw,4155674.0
2048,24,OCE,international shipping,raw,1550798.0
2048,25,RSAS,international shipping,raw,2061583.0
2048,26,RSAF,international shipping,raw,1401712.0
2048,27,Unused,international shipping,raw,0.0
2048,28,World Total,international shipping,raw,140771600.0
2049,1,CAN,international shipping,raw,2680148.0
2049,2,USA,international shipping,raw,12957550.0
2049,3,MEX,international shipping,raw,2629727.0
2049,4,RCAM,international shipping,raw,1373468.0
2049,5,BRA,international shipping,raw,2134096.0
2049,6,RSAM,international shipping,raw,2622025.0
2049,7,NAF,international shipping,raw,2009177.0
2049,8,WAF,international shipping,raw,2190127.0
2049,9,EAF,international shipping,raw,1039490.0
2049,10,SAF,international shipping,raw,749275.9
2049,11,WEU,international shipping,raw,39847000.0
2049,12,CEU,international shipping,raw,5998864.0
2049,13,TUR,international shipping,raw,2549633.0
2049,14,UKR,international shipping,raw,505658.1
2049,15,STAN,international shipping,raw,606970.5
2049,16,RUS,international shipping,raw,1416347.0
2049,17,ME,international shipping,raw,6097499.0
2049,18,INDIA,international shipping,raw,5377902.0
2049,19,KOR,international shipping,raw,2761155.0
2049,20,CHN,international shipping,raw,20914050.0
2049,21,SEAS,international shipping,raw,14198540.0
2049,22,INDO,international shipping,raw,2131915.0
2049,23,JAP,international shipping,raw,4161122.0
2049,24,OCE,international shipping,raw,1565843.0
2049,25,RSAS,international shipping,raw,2122008.0
2049,26,RSAF,international shipping,raw,1449595.0
2049,27,Unused,international shipping,raw,0.0
2049,28,World Total,international shipping,raw,142089200.0
2050,1,CAN,international shipping,raw,2702305.0
2050,2,USA,international shipping,raw,13020900.0
2050,3,MEX,international shipping,raw,2675932.0
2050,4,RCAM,international shipping,raw,1396647.0
2050,5,BRA,international shipping,raw,2175393.0
2050,6,RSAM,international shipping,raw,2662146.0
2050,7,NAF,international shipping,raw,2049810.0
2050,8,WAF,international shipping,raw,2259826.0
2050,9,EAF,international shipping,raw,1076766.0
2050,10,SAF,international shipping,raw,761517.6
2050,11,WEU,international shipping,raw,40118040.0
2050,12,CEU,international shipping,raw,6017256.0
2050,13,TUR,international shipping,raw,2576442.0
2050,14,UKR,international shipping,raw,512572.4
2050,15,STAN,international shipping,raw,612405.6
2050,16,RUS,international shipping,raw,1427332.0
2050,17,ME,international shipping,raw,6174016.0
2050,18,INDIA,international shipping,raw,5479261.0
2050,19,KOR,international shipping,raw,2772188.0
2050,20,CHN,international shipping,raw,20998990.0
2050,21,SEAS,international shipping,raw,14341870.0
2050,22,INDO,international shipping,raw,2154626.0
2050,23,JAP,international shipping,raw,4166793.0
2050,24,OCE,international shipping,raw,1581139.0
2050,25,RSAS,international shipping,raw,2181960.0
2050,26,RSAF,international shipping,raw,1497234.0
2050,27,Unused,international shipping,raw,0.0
2050,28,World Total,international shipping,raw,143393300.0
2051,1,CAN,international shipping,raw,2733351.0
2051,2,USA,international shipping,raw,13091860.0
2051,3,MEX,international shipping,raw,2713742.0
2051,4,RCAM,international shipping,raw,1421391.0
2051,5,BRA,international shipping,raw,2210125.0
2051,6,RSAM,international shipping,raw,2699735.0
2051,7,NAF,international shipping,raw,2100999.0
2051,8,WAF,international shipping,raw,2346337.0
2051,9,EAF,international shipping,raw,1119527.0
2051,10,SAF,international shipping,raw,776304.9
2051,11,WEU,international shipping,raw,40414460.0
2051,12,CEU,international shipping,raw,6021678.0
2051,13,TUR,international shipping,raw,2591461.0
2051,14,UKR,international shipping,raw,516691.0
2051,15,STAN,international shipping,raw,622474.3
2051,16,RUS,international shipping,raw,1438058.0
2051,17,ME,international shipping,raw,6245887.0
2051,18,INDIA,international shipping,raw,5582861.0
2051,19,KOR,international shipping,raw,2767681.0
2051,20,CHN,international shipping,raw,21028360.0
2051,21,SEAS,international shipping,raw,14495310.0
2051,22,INDO,international shipping,raw,2176766.0
2051,23,JAP,international shipping,raw,4166888.0
2051,24,OCE,international shipping,raw,1606399.0
2051,25,RSAS,international shipping,raw,2247062.0
2051,26,RSAF,international shipping,raw,1551709.0
2051,27,Unused,international shipping,raw,0.0
2051,28,World Total,international shipping,raw,144687100.0
2052,1,CAN,international shipping,raw,2764486.0
2052,2,USA,international shipping,raw,13162520.0
2052,3,MEX,international shipping,raw,2751084.0
2052,4,RCAM,international shipping,raw,1445859.0
2052,5,BRA,international shipping,raw,2243893.0
2052,6,RSAM,international shipping,raw,2736028.0
2052,7,NAF,international shipping,raw,2152107.0
2052,8,WAF,international shipping,raw,2432649.0
2052,9,EAF,international shipping,raw,1161767.0
2052,10,SAF,international shipping,raw,790937.4
2052,11,WEU,international shipping,raw,40710330.0
2052,12,CEU,international shipping,raw,6025950.0
2052,13,TUR,international shipping,raw,2605626.0
2052,14,UKR,international shipping,raw,520705.8
2052,15,STAN,international shipping,raw,632487.2
2052,16,RUS,international shipping,raw,1448787.0
2052,17,ME,international shipping,raw,6317052.0
2052,18,INDIA,international shipping,raw,5684919.0
2052,19,KOR,international shipping,raw,2762910.0
2052,20,CHN,international shipping,raw,21056160.0
2052,21,SEAS,international shipping,raw,14648160.0
2052,22,INDO,international shipping,raw,2198783.0
2052,23,JAP,international shipping,raw,4167117.0
2052,24,OCE,international shipping,raw,1631641.0
2052,25,RSAS,international shipping,raw,2311250.0
2052,26,RSAF,international shipping,raw,1605406.0
2052,27,Unused,international shipping,raw,0.0
2052,28,World Total,international shipping,raw,145968600.0
2053,1,CAN,international shipping,raw,2795653.0
2053,2,USA,international shipping,raw,13233190.0
2053,3,MEX,international shipping,raw,2788014.0
2053,4,RCAM,international shipping,raw,1470061.0
2053,5,BRA,international shipping,raw,2276758.0
2053,6,RSAM,international shipping,raw,2771591.0
2053,7,NAF,international shipping,raw,2202582.0
2053,8,WAF,international shipping,raw,2518775.0
2053,9,EAF,international shipping,raw,1203564.0
2053,10,SAF,international shipping,raw,805412.1
2053,11,WEU,international shipping,raw,41005650.0
2053,12,CEU,international shipping,raw,6030180.0
2053,13,TUR,international shipping,raw,2618017.0
2053,14,UKR,international shipping,raw,524604.6
2053,15,STAN,international shipping,raw,642455.1
2053,16,RUS,international shipping,raw,1459497.0
2053,17,ME,international shipping,raw,6387515.0
2053,18,INDIA,international shipping,raw,5785216.0
2053,19,KOR,international shipping,raw,2757777.0
2053,20,CHN,international shipping,raw,21082410.0
2053,21,SEAS,international shipping,raw,14799600.0
2053,22,INDO,international shipping,raw,2220431.0
2053,23,JAP,international shipping,raw,4167509.0
2053,24,OCE,international shipping,raw,1656886.0
2053,25,RSAS,international shipping,raw,2374541.0
2053,26,RSAF,international shipping,raw,1658378.0
2053,27,Unused,international shipping,raw,0.0
2053,28,World Total,international shipping,raw,147236300.0
2054,1,CAN,international shipping,raw,2826765.0
2054,2,USA,international shipping,raw,13303460.0
2054,3,MEX,international shipping,raw,2824554.0
2054,4,RCAM,international shipping,raw,1494011.0
2054,5,BRA,international shipping,raw,2308792.0
2054,6,RSAM,international shipping,raw,2806404.0
2054,7,NAF,international shipping,raw,2252460.0
2054,8,WAF,international shipping,raw,2604710.0
2054,9,EAF,international shipping,raw,1244917.0
2054,10,SAF,international shipping,raw,819716.9
2054,11,WEU,international shipping,raw,41299140.0
2054,12,CEU,international shipping,raw,6034402.0
2054,13,TUR,international shipping,raw,2629439.0
2054,14,UKR,international shipping,raw,528404.4
2054,15,STAN,international shipping,raw,652349.5
2054,16,RUS,international shipping,raw,1470159.0
2054,17,ME,international shipping,raw,6457281.0
2054,18,INDIA,international shipping,raw,5883554.0
2054,19,KOR,international shipping,raw,2751950.0
2054,20,CHN,international shipping,raw,21106880.0
2054,21,SEAS,international shipping,raw,14948620.0
2054,22,INDO,international shipping,raw,2241657.0
2054,23,JAP,international shipping,raw,4168072.0
2054,24,OCE,international shipping,raw,1682150.0
2054,25,RSAS,international shipping,raw,2437095.0
2054,26,RSAF,international shipping,raw,1710663.0
2054,27,Unused,international shipping,raw,0.0
2054,28,World Total,international shipping,raw,148487600.0
2055,1,CAN,international shipping,raw,2857739.0
2055,2,USA,international shipping,raw,13372500.0
2055,3,MEX,international shipping,raw,2860824.0
2055,4,RCAM,international shipping,raw,1517670.0
2055,5,BRA,international shipping,raw,2340032.0
2055,6,RSAM,international shipping,raw,2840430.0
2055,7,NAF,international shipping,raw,2301550.0
2055,8,WAF,international shipping,raw,2690529.0
2055,9,EAF,international shipping,raw,1285782.0
2055,10,SAF,international shipping,raw,833814.9
2055,11,WEU,international shipping,raw,41587490.0
2055,12,CEU,international shipping,raw,6038545.0
2055,13,TUR,international shipping,raw,2640235.0
2055,14,UKR,international shipping,raw,532030.4
2055,15,STAN,international shipping,raw,662107.2
2055,16,RUS,international shipping,raw,1480799.0
2055,17,ME,international shipping,raw,6526359.0
2055,18,INDIA,international shipping,raw,5979612.0
2055,19,KOR,international shipping,raw,2745520.0
2055,20,CHN,international shipping,raw,21129160.0
2055,21,SEAS,international shipping,raw,15094960.0
2055,22,INDO,international shipping,raw,2262353.0
2055,23,JAP,international shipping,raw,4168759.0
2055,24,OCE,international shipping,raw,1707419.0
2055,25,RSAS,international shipping,raw,2498702.0
2055,26,RSAF,international shipping,raw,1762247.0
2055,27,Unused,international shipping,raw,0.0
2055,28,World Total,international shipping,raw,149717200.0
2056,1,CAN,international shipping,raw,2889074.0
2056,2,USA,international shipping,raw,13442210.0
2056,3,MEX,international shipping,raw,2895710.0
2056,4,RCAM,international shipping,raw,1542800.0
2056,5,BRA,international shipping,raw,2372838.0
2056,6,RSAM,international shipping,raw,2875133.0
2056,7,NAF,international shipping,raw,2355542.0
2056,8,WAF,international shipping,raw,2790929.0
2056,9,EAF,international shipping,raw,1333772.0
2056,10,SAF,international shipping,raw,848730.1
2056,11,WEU,international shipping,raw,41866240.0
2056,12,CEU,international shipping,raw,6040358.0
2056,13,TUR,international shipping,raw,2647795.0
2056,14,UKR,international shipping,raw,535840.9
2056,15,STAN,international shipping,raw,672224.3
2056,16,RUS,international shipping,raw,1493121.0
2056,17,ME,international shipping,raw,6594177.0
2056,18,INDIA,international shipping,raw,6077294.0
2056,19,KOR,international shipping,raw,2735501.0
2056,20,CHN,international shipping,raw,21132790.0
2056,21,SEAS,international shipping,raw,15234530.0
2056,22,INDO,international shipping,raw,2281742.0
2056,23,JAP,international shipping,raw,4167457.0
2056,24,OCE,international shipping,raw,1733264.0
2056,25,RSAS,international shipping,raw,2568339.0
2056,26,RSAF,international shipping,raw,1823293.0
2056,27,Unused,international shipping,raw,0.0
2056,28,World Total,international shipping,raw,150950700.0
2057,1,CAN,international shipping,raw,2920100.0
2057,2,USA,international shipping,raw,13510040.0
2057,3,MEX,international shipping,raw,2929913.0
2057,4,RCAM,international shipping,raw,1567458.0
2057,5,BRA,international shipping,raw,2404702.0
2057,6,RSAM,international shipping,raw,2908919.0
2057,7,NAF,international shipping,raw,2408235.0
2057,8,WAF,international shipping,raw,2890148.0
2057,9,EAF,international shipping,raw,1380923.0
2057,10,SAF,international shipping,raw,863363.2
2057,11,WEU,international shipping,raw,42135410.0
2057,12,CEU,international shipping,raw,6041924.0
2057,13,TUR,international shipping,raw,2656006.0
2057,14,UKR,international shipping,raw,539422.8
2057,15,STAN,international shipping,raw,682238.0
2057,16,RUS,international shipping,raw,1505273.0
2057,17,ME,international shipping,raw,6661265.0
2057,18,INDIA,international shipping,raw,6172486.0
2057,19,KOR,international shipping,raw,2725375.0
2057,20,CHN,international shipping,raw,21132870.0
2057,21,SEAS,international shipping,raw,15370300.0
2057,22,INDO,international shipping,raw,2300179.0
2057,23,JAP,international shipping,raw,4166049.0
2057,24,OCE,international shipping,raw,1759159.0
2057,25,RSAS,international shipping,raw,2636616.0
2057,26,RSAF,international shipping,raw,1883236.0
2057,27,Unused,international shipping,raw,0.0
2057,28,World Total,international shipping,raw,152151600.0
2058,1,CAN,international shipping,raw,2950807.0
2058,2,USA,international shipping,raw,13575260.0
2058,3,MEX,international shipping,raw,2963431.0
2058,4,RCAM,international shipping,raw,1591627.0
2058,5,BRA,international shipping,raw,2435736.0
2058,6,RSAM,international shipping,raw,2941815.0
2058,7,NAF,international shipping,raw,2459099.0
2058,8,WAF,international shipping,raw,2988928.0
2058,9,EAF,international shipping,raw,1427273.0
2058,10,SAF,international shipping,raw,877702.3
2058,11,WEU,international shipping,raw,42394530.0
2058,12,CEU,international shipping,raw,6043211.0
2058,13,TUR,international shipping,raw,2666128.0
2058,14,UKR,international shipping,raw,542872.3
2058,15,STAN,international shipping,raw,692146.8
2058,16,RUS,international shipping,raw,1517230.0
2058,17,ME,international shipping,raw,6727557.0
2058,18,INDIA,international shipping,raw,6265309.0
2058,19,KOR,international shipping,raw,2715475.0
2058,20,CHN,international shipping,raw,21129020.0
2058,21,SEAS,international shipping,raw,15501420.0
2058,22,INDO,international shipping,raw,2317908.0
2058,23,JAP,international shipping,raw,4164400.0
2058,24,OCE,international shipping,raw,1785021.0
2058,25,RSAS,international shipping,raw,2703555.0
2058,26,RSAF,international shipping,raw,1942031.0
2058,27,Unused,international shipping,raw,0.0
2058,28,World Total,international shipping,raw,153319500.0
2059,1,CAN,international shipping,raw,2981249.0
2059,2,USA,international shipping,raw,13638590.0
2059,3,MEX,international shipping,raw,2996336.0
2059,4,RCAM,international shipping,raw,1615295.0
2059,5,BRA,international shipping,raw,2466027.0
2059,6,RSAM,international shipping,raw,2973920.0
2059,7,NAF,international shipping,raw,2508437.0
2059,8,WAF,international shipping,raw,3086852.0
2059,9,EAF,international shipping,raw,1472776.0
2059,10,SAF,international shipping,raw,891764.9
2059,11,WEU,international shipping,raw,42645140.0
2059,12,CEU,international shipping,raw,6044251.0
2059,13,TUR,international shipping,raw,2676789.0
2059,14,UKR,international shipping,raw,546155.5
2059,15,STAN,international shipping,raw,702019.8
2059,16,RUS,international shipping,raw,1528993.0
2059,17,ME,international shipping,raw,6792980.0
2059,18,INDIA,international shipping,raw,6355951.0
2059,19,KOR,international shipping,raw,2706467.0
2059,20,CHN,international shipping,raw,21121620.0
2059,21,SEAS,international shipping,raw,15629320.0
2059,22,INDO,international shipping,raw,2334996.0
2059,23,JAP,international shipping,raw,4162429.0
2059,24,OCE,international shipping,raw,1810713.0
2059,25,RSAS,international shipping,raw,2769121.0
2059,26,RSAF,international shipping,raw,1999954.0
2059,27,Unused,international shipping,raw,0.0
2059,28,World Total,international shipping,raw,154458100.0
2060,1,CAN,international shipping,raw,3011487.0
2060,2,USA,international shipping,raw,13701410.0
2060,3,MEX,international shipping,raw,3028870.0
2060,4,RCAM,international shipping,raw,1638545.0
2060,5,BRA,international shipping,raw,2495717.0
2060,6,RSAM,international shipping,raw,3005348.0
2060,7,NAF,international shipping,raw,2556172.0
2060,8,WAF,international shipping,raw,3184287.0
2060,9,EAF,international shipping,raw,1517722.0
2060,10,SAF,international shipping,raw,905610.4
2060,11,WEU,international shipping,raw,42891720.0
2060,12,CEU,international shipping,raw,6045309.0
2060,13,TUR,international shipping,raw,2687724.0
2060,14,UKR,international shipping,raw,549286.4
2060,15,STAN,international shipping,raw,712166.8
2060,16,RUS,international shipping,raw,1540567.0
2060,17,ME,international shipping,raw,6857451.0
2060,18,INDIA,international shipping,raw,6445044.0
2060,19,KOR,international shipping,raw,2698440.0
2060,20,CHN,international shipping,raw,21111520.0
2060,21,SEAS,international shipping,raw,15754580.0
2060,22,INDO,international shipping,raw,2351638.0
2060,23,JAP,international shipping,raw,4160089.0
2060,24,OCE,international shipping,raw,1836216.0
2060,25,RSAS,international shipping,raw,2833760.0
2060,26,RSAF,international shipping,raw,2057021.0
2060,27,Unused,international shipping,raw,0.0
2060,28,World Total,international shipping,raw,155577700.0
2061,1,CAN,international shipping,raw,3043294.0
2061,2,USA,international shipping,raw,13766290.0
2061,3,MEX,international shipping,raw,3060875.0
2061,4,RCAM,international shipping,raw,1663542.0
2061,5,BRA,international shipping,raw,2527275.0
2061,6,RSAM,international shipping,raw,3038011.0
2061,7,NAF,international shipping,raw,2607014.0
2061,8,WAF,international shipping,raw,3298491.0
2061,9,EAF,international shipping,raw,1570493.0
2061,10,SAF,international shipping,raw,920106.4
2061,11,WEU,international shipping,raw,43135950.0
2061,12,CEU,international shipping,raw,6044920.0
2061,13,TUR,international shipping,raw,2695506.0
2061,14,UKR,international shipping,raw,552639.2
2061,15,STAN,international shipping,raw,722984.3
2061,16,RUS,international shipping,raw,1552579.0
2061,17,ME,international shipping,raw,6919588.0
2061,18,INDIA,international shipping,raw,6534886.0
2061,19,KOR,international shipping,raw,2690444.0
2061,20,CHN,international shipping,raw,21088580.0
2061,21,SEAS,international shipping,raw,15875070.0
2061,22,INDO,international shipping,raw,2367146.0
2061,23,JAP,international shipping,raw,4154788.0
2061,24,OCE,international shipping,raw,1862028.0
2061,25,RSAS,international shipping,raw,2907166.0
2061,26,RSAF,international shipping,raw,2124243.0
2061,27,Unused,international shipping,raw,0.0
2061,28,World Total,international shipping,raw,156723900.0
2062,1,CAN,international shipping,raw,3074967.0
2062,2,USA,international shipping,raw,13832460.0
2062,3,MEX,international shipping,raw,3092874.0
2062,4,RCAM,international shipping,raw,1688265.0
2062,5,BRA,international shipping,raw,2558133.0
2062,6,RSAM,international shipping,raw,3070097.0
2062,7,NAF,international shipping,raw,2657411.0
2062,8,WAF,international shipping,raw,3413598.0
2062,9,EAF,international shipping,raw,1622949.0
2062,10,SAF,international shipping,raw,934447.1
2062,11,WEU,international shipping,raw,43379500.0
2062,12,CEU,international shipping,raw,6045012.0
2062,13,TUR,international shipping,raw,2703120.0
2062,14,UKR,international shipping,raw,555935.4
2062,15,STAN,international shipping,raw,733828.1
2062,16,RUS,international shipping,raw,1564422.0
2062,17,ME,international shipping,raw,6980526.0
2062,18,INDIA,international shipping,raw,6623912.0
2062,19,KOR,international shipping,raw,2683202.0
2062,20,CHN,international shipping,raw,21065040.0
2062,21,SEAS,international shipping,raw,15994180.0
2062,22,INDO,international shipping,raw,2382572.0
2062,23,JAP,international shipping,raw,4149265.0
2062,24,OCE,international shipping,raw,1887547.0
2062,25,RSAS,international shipping,raw,2979767.0
2062,26,RSAF,international shipping,raw,2190612.0
2062,27,Unused,international shipping,raw,0.0
2062,28,World Total,international shipping,raw,157863600.0
2063,1,CAN,international shipping,raw,3106543.0
2063,2,USA,international shipping,raw,13900590.0
2063,3,MEX,international shipping,raw,3125256.0
2063,4,RCAM,international shipping,raw,1712756.0
2063,5,BRA,international shipping,raw,2588430.0
2063,6,RSAM,international shipping,raw,3101642.0
2063,7,NAF,international shipping,raw,2707151.0
2063,8,WAF,international shipping,raw,3525931.0
2063,9,EAF,international shipping,raw,1675358.0
2063,10,SAF,international shipping,raw,948662.8
2063,11,WEU,international shipping,raw,43626550.0
2063,12,CEU,international shipping,raw,6045561.0
2063,13,TUR,international shipping,raw,2710320.0
2063,14,UKR,international shipping,raw,558948.2
2063,15,STAN,international shipping,raw,744701.1
2063,16,RUS,international shipping,raw,1576127.0
2063,17,ME,international shipping,raw,7040337.0
2063,18,INDIA,international shipping,raw,6712331.0
2063,19,KOR,international shipping,raw,2676425.0
2063,20,CHN,international shipping,raw,21040290.0
2063,21,SEAS,international shipping,raw,16112940.0
2063,22,INDO,international shipping,raw,2397904.0
2063,23,JAP,international shipping,raw,4143527.0
2063,24,OCE,international shipping,raw,1912942.0
2063,25,RSAS,international shipping,raw,3051889.0
2063,26,RSAF,international shipping,raw,2256738.0
2063,27,Unused,international shipping,raw,0.0
2063,28,World Total,international shipping,raw,158999900.0
2064,1,CAN,international shipping,raw,3138014.0
2064,2,USA,international shipping,raw,13971350.0
2064,3,MEX,international shipping,raw,3157463.0
2064,4,RCAM,international shipping,raw,1737015.0
2064,5,BRA,international shipping,raw,2617974.0
2064,6,RSAM,international shipping,raw,3132634.0
2064,7,NAF,international shipping,raw,2756215.0
2064,8,WAF,international shipping,raw,3639401.0
2064,9,EAF,international shipping,raw,1727538.0
2064,10,SAF,international shipping,raw,962736.8
2064,11,WEU,international shipping,raw,43877100.0
2064,12,CEU,international shipping,raw,6046490.0
2064,13,TUR,international shipping,raw,2718046.0
2064,14,UKR,international shipping,raw,561800.9
2064,15,STAN,international shipping,raw,755576.0
2064,16,RUS,international shipping,raw,1587715.0
2064,17,ME,international shipping,raw,7099104.0
2064,18,INDIA,international shipping,raw,6800153.0
2064,19,KOR,international shipping,raw,2669646.0
2064,20,CHN,international shipping,raw,21014980.0
2064,21,SEAS,international shipping,raw,16230950.0
2064,22,INDO,international shipping,raw,2413112.0
2064,23,JAP,international shipping,raw,4137693.0
2064,24,OCE,international shipping,raw,1938378.0
2064,25,RSAS,international shipping,raw,3123369.0
2064,26,RSAF,international shipping,raw,2321798.0
2064,27,Unused,international shipping,raw,0.0
2064,28,World Total,international shipping,raw,160136200.0
2065,1,CAN,international shipping,raw,3169376.0
2065,2,USA,international shipping,raw,14041740.0
2065,3,MEX,international shipping,raw,3189384.0
2065,4,RCAM,international shipping,raw,1761010.0
2065,5,BRA,international shipping,raw,2646482.0
2065,6,RSAM,international shipping,raw,3163055.0
2065,7,NAF,international shipping,raw,2805108.0
2065,8,WAF,international shipping,raw,3752455.0
2065,9,EAF,international shipping,raw,1779372.0
2065,10,SAF,international shipping,raw,976631.0
2065,11,WEU,international shipping,raw,44129710.0
2065,12,CEU,international shipping,raw,6047572.0
2065,13,TUR,international shipping,raw,2726414.0
2065,14,UKR,international shipping,raw,564508.0
2065,15,STAN,international shipping,raw,766117.8
2065,16,RUS,international shipping,raw,1599195.0
2065,17,ME,international shipping,raw,7156929.0
2065,18,INDIA,international shipping,raw,6887096.0
2065,19,KOR,international shipping,raw,2662548.0
2065,20,CHN,international shipping,raw,20989180.0
2065,21,SEAS,international shipping,raw,16346430.0
2065,22,INDO,international shipping,raw,2428233.0
2065,23,JAP,international shipping,raw,4131876.0
2065,24,OCE,international shipping,raw,1964071.0
2065,25,RSAS,international shipping,raw,3194334.0
2065,26,RSAF,international shipping,raw,2385810.0
2065,27,Unused,international shipping,raw,0.0
2065,28,World Total,international shipping,raw,161264600.0
2066,1,CAN,international shipping,raw,3201296.0
2066,2,USA,international shipping,raw,14109820.0
2066,3,MEX,international shipping,raw,3220321.0
2066,4,RCAM,international shipping,raw,1785969.0
2066,5,BRA,international shipping,raw,2674276.0
2066,6,RSAM,international shipping,raw,3193908.0
2066,7,NAF,international shipping,raw,2857098.0
2066,8,WAF,international shipping,raw,3880330.0
2066,9,EAF,international shipping,raw,1838273.0
2066,10,SAF,international shipping,raw,990858.9
2066,11,WEU,international shipping,raw,44371010.0
2066,12,CEU,international shipping,raw,6045552.0
2066,13,TUR,international shipping,raw,2730667.0
2066,14,UKR,international shipping,raw,567132.5
2066,15,STAN,international shipping,raw,777135.6
2066,16,RUS,international shipping,raw,1610908.0
2066,17,ME,international shipping,raw,7209908.0
2066,18,INDIA,international shipping,raw,6970597.0
2066,19,KOR,international shipping,raw,2654863.0
2066,20,CHN,international shipping,raw,20939480.0
2066,21,SEAS,international shipping,raw,16453260.0
2066,22,INDO,international shipping,raw,2441904.0
2066,23,JAP,international shipping,raw,4123258.0
2066,24,OCE,international shipping,raw,1989685.0
2066,25,RSAS,international shipping,raw,3271848.0
2066,26,RSAF,international shipping,raw,2459327.0
2066,27,Unused,international shipping,raw,0.0
2066,28,World Total,international shipping,raw,162368700.0
2067,1,CAN,international shipping,raw,3233026.0
2067,2,USA,international shipping,raw,14176800.0
2067,3,MEX,international shipping,raw,3250721.0
2067,4,RCAM,international shipping,raw,1810465.0
2067,5,BRA,international shipping,raw,2700840.0
2067,6,RSAM,international shipping,raw,3224073.0
2067,7,NAF,international shipping,raw,2908338.0
2067,8,WAF,international shipping,raw,4007413.0
2067,9,EAF,international shipping,raw,1896179.0
2067,10,SAF,international shipping,raw,1004782.0
2067,11,WEU,international shipping,raw,44612920.0
2067,12,CEU,international shipping,raw,6043289.0
2067,13,TUR,international shipping,raw,2735880.0
2067,14,UKR,international shipping,raw,569651.1
2067,15,STAN,international shipping,raw,788112.3
2067,16,RUS,international shipping,raw,1622488.0
2067,17,ME,international shipping,raw,7262157.0
2067,18,INDIA,international shipping,raw,7052643.0
2067,19,KOR,international shipping,raw,2646578.0
2067,20,CHN,international shipping,raw,20888330.0
2067,21,SEAS,international shipping,raw,16558440.0
2067,22,INDO,international shipping,raw,2455127.0
2067,23,JAP,international shipping,raw,4114797.0
2067,24,OCE,international shipping,raw,2015332.0
2067,25,RSAS,international shipping,raw,3348185.0
2067,26,RSAF,international shipping,raw,2531546.0
2067,27,Unused,international shipping,raw,0.0
2067,28,World Total,international shipping,raw,163458100.0
2068,1,CAN,international shipping,raw,3264509.0
2068,2,USA,international shipping,raw,14241530.0
2068,3,MEX,international shipping,raw,3280116.0
2068,4,RCAM,international shipping,raw,1834511.0
2068,5,BRA,international shipping,raw,2726526.0
2068,6,RSAM,international shipping,raw,3253562.0
2068,7,NAF,international shipping,raw,2959477.0
2068,8,WAF,international shipping,raw,4133801.0
2068,9,EAF,international shipping,raw,1952883.0
2068,10,SAF,international shipping,raw,1018388.0
2068,11,WEU,international shipping,raw,44855270.0
2068,12,CEU,international shipping,raw,6040788.0
2068,13,TUR,international shipping,raw,2741617.0
2068,14,UKR,international shipping,raw,572232.6
2068,15,STAN,international shipping,raw,799044.4
2068,16,RUS,international shipping,raw,1633909.0
2068,17,ME,international shipping,raw,7313720.0
2068,18,INDIA,international shipping,raw,7133180.0
2068,19,KOR,international shipping,raw,2637980.0
2068,20,CHN,international shipping,raw,20836910.0
2068,21,SEAS,international shipping,raw,16662260.0
2068,22,INDO,international shipping,raw,2467924.0
2068,23,JAP,international shipping,raw,4106503.0
2068,24,OCE,international shipping,raw,2040870.0
2068,25,RSAS,international shipping,raw,3423138.0
2068,26,RSAF,international shipping,raw,2602025.0
2068,27,Unused,international shipping,raw,0.0
2068,28,World Total,international shipping,raw,164532700.0
2069,1,CAN,international shipping,raw,3295784.0
2069,2,USA,international shipping,raw,14304220.0
2069,3,MEX,international shipping,raw,3308968.0
2069,4,RCAM,international shipping,raw,1858085.0
2069,5,BRA,international shipping,raw,2751326.0
2069,6,RSAM,international shipping,raw,3282395.0
2069,7,NAF,international shipping,raw,3010348.0
2069,8,WAF,international shipping,raw,4259339.0
2069,9,EAF,international shipping,raw,2008803.0
2069,10,SAF,international shipping,raw,1031684.0
2069,11,WEU,international shipping,raw,45095980.0
2069,12,CEU,international shipping,raw,6037917.0
2069,13,TUR,international shipping,raw,2747431.0
2069,14,UKR,international shipping,raw,574786.8
2069,15,STAN,international shipping,raw,809902.9
2069,16,RUS,international shipping,raw,1645081.0
2069,17,ME,international shipping,raw,7364630.0
2069,18,INDIA,international shipping,raw,7212089.0
2069,19,KOR,international shipping,raw,2629198.0
2069,20,CHN,international shipping,raw,20783890.0
2069,21,SEAS,international shipping,raw,16763560.0
2069,22,INDO,international shipping,raw,2480274.0
2069,23,JAP,international shipping,raw,4098237.0
2069,24,OCE,international shipping,raw,2066086.0
2069,25,RSAS,international shipping,raw,3496815.0
2069,26,RSAF,international shipping,raw,2671507.0
2069,27,Unused,international shipping,raw,0.0
2069,28,World Total,international shipping,raw,165588300.0
2070,1,CAN,international shipping,raw,3326820.0
2070,2,USA,international shipping,raw,14366130.0
2070,3,MEX,international shipping,raw,3336921.0
2070,4,RCAM,international shipping,raw,1881151.0
2070,5,BRA,international shipping,raw,2775562.0
2070,6,RSAM,international shipping,raw,3310582.0
2070,7,NAF,international shipping,raw,3060784.0
2070,8,WAF,international shipping,raw,4383824.0
2070,9,EAF,international shipping,raw,2063853.0
2070,10,SAF,international shipping,raw,1044682.0
2070,11,WEU,international shipping,raw,45332520.0
2070,12,CEU,international shipping,raw,6034559.0
2070,13,TUR,international shipping,raw,2753203.0
2070,14,UKR,international shipping,raw,577382.3
2070,15,STAN,international shipping,raw,820629.9
2070,16,RUS,international shipping,raw,1655859.0
2070,17,ME,international shipping,raw,7414909.0
2070,18,INDIA,international shipping,raw,7289104.0
2070,19,KOR,international shipping,raw,2620291.0
2070,20,CHN,international shipping,raw,20727980.0
2070,21,SEAS,international shipping,raw,16862030.0
2070,22,INDO,international shipping,raw,2491889.0
2070,23,JAP,international shipping,raw,4089765.0
2070,24,OCE,international shipping,raw,2090889.0
2070,25,RSAS,international shipping,raw,3568678.0
2070,26,RSAF,international shipping,raw,2740105.0
2070,27,Unused,international shipping,raw,0.0
2070,28,World Total,international shipping,raw,166620100.0
2071,1,CAN,international shipping,raw,3356302.0
2071,2,USA,international shipping,raw,14423500.0
2071,3,MEX,international shipping,raw,3362471.0
2071,4,RCAM,international shipping,raw,1905001.0
2071,5,BRA,international shipping,raw,2799406.0
2071,6,RSAM,international shipping,raw,3338224.0
2071,7,NAF,international shipping,raw,3112532.0
2071,8,WAF,international shipping,raw,4523705.0
2071,9,EAF,international shipping,raw,2125875.0
2071,10,SAF,international shipping,raw,1057812.0
2071,11,WEU,international shipping,raw,45549760.0
2071,12,CEU,international shipping,raw,6027380.0
2071,13,TUR,international shipping,raw,2755176.0
2071,14,UKR,international shipping,raw,579924.8
2071,15,STAN,international shipping,raw,831453.3
2071,16,RUS,international shipping,raw,1666127.0
2071,17,ME,international shipping,raw,7460391.0
2071,18,INDIA,international shipping,raw,7360364.0
2071,19,KOR,international shipping,raw,2610806.0
2071,20,CHN,international shipping,raw,20648650.0
2071,21,SEAS,international shipping,raw,16946150.0
2071,22,INDO,international shipping,raw,2501864.0
2071,23,JAP,international shipping,raw,4078841.0
2071,24,OCE,international shipping,raw,2114721.0
2071,25,RSAS,international shipping,raw,3645888.0
2071,26,RSAF,international shipping,raw,2818192.0
2071,27,Unused,international shipping,raw,0.0
2071,28,World Total,international shipping,raw,167600500.0
2072,1,CAN,international shipping,raw,3384360.0
2072,2,USA,international shipping,raw,14478530.0
2072,3,MEX,international shipping,raw,3387319.0
2072,4,RCAM,international shipping,raw,1928473.0
2072,5,BRA,international shipping,raw,2822474.0
2072,6,RSAM,international shipping,raw,3365242.0
2072,7,NAF,international shipping,raw,3162574.0
2072,8,WAF,international shipping,raw,4660511.0
2072,9,EAF,international shipping,raw,2186829.0
2072,10,SAF,international shipping,raw,1070711.0
2072,11,WEU,international shipping,raw,45756040.0
2072,12,CEU,international shipping,raw,6019411.0
2072,13,TUR,international shipping,raw,2756281.0
2072,14,UKR,international shipping,raw,582324.6
2072,15,STAN,international shipping,raw,841472.4
2072,16,RUS,international shipping,raw,1675774.0
2072,17,ME,international shipping,raw,7505265.0
2072,18,INDIA,international shipping,raw,7428639.0
2072,19,KOR,international shipping,raw,2601127.0
2072,20,CHN,international shipping,raw,20564500.0
2072,21,SEAS,international shipping,raw,17025100.0
2072,22,INDO,international shipping,raw,2510928.0
2072,23,JAP,international shipping,raw,4067329.0
2072,24,OCE,international shipping,raw,2138259.0
2072,25,RSAS,international shipping,raw,3720753.0
2072,26,RSAF,international shipping,raw,2894315.0
2072,27,Unused,international shipping,raw,0.0
2072,28,World Total,international shipping,raw,168534500.0
2073,1,CAN,international shipping,raw,3412702.0
2073,2,USA,international shipping,raw,14535080.0
2073,3,MEX,international shipping,raw,3411539.0
2073,4,RCAM,international shipping,raw,1951456.0
2073,5,BRA,international shipping,raw,2845030.0
2073,6,RSAM,international shipping,raw,3391664.0
2073,7,NAF,international shipping,raw,3211006.0
2073,8,WAF,international shipping,raw,4797101.0
2073,9,EAF,international shipping,raw,2246581.0
2073,10,SAF,international shipping,raw,1083398.0
2073,11,WEU,international shipping,raw,45960680.0
2073,12,CEU,international shipping,raw,6010526.0
2073,13,TUR,international shipping,raw,2756452.0
2073,14,UKR,international shipping,raw,584562.3
2073,15,STAN,international shipping,raw,851731.8
2073,16,RUS,international shipping,raw,1684738.0
2073,17,ME,international shipping,raw,7549546.0
2073,18,INDIA,international shipping,raw,7494016.0
2073,19,KOR,international shipping,raw,2591150.0
2073,20,CHN,international shipping,raw,20476810.0
2073,21,SEAS,international shipping,raw,17098090.0
2073,22,INDO,international shipping,raw,2519108.0
2073,23,JAP,international shipping,raw,4055099.0
2073,24,OCE,international shipping,raw,2161598.0
2073,25,RSAS,international shipping,raw,3793055.0
2073,26,RSAF,international shipping,raw,2968358.0
2073,27,Unused,international shipping,raw,0.0
2073,28,World Total,international shipping,raw,169441100.0
2074,1,CAN,international shipping,raw,3441553.0
2074,2,USA,international shipping,raw,14588600.0
2074,3,MEX,international shipping,raw,3435334.0
2074,4,RCAM,international shipping,raw,1973799.0
2074,5,BRA,international shipping,raw,2866570.0
2074,6,RSAM,international shipping,raw,3417462.0
2074,7,NAF,international shipping,raw,3257756.0
2074,8,WAF,international shipping,raw,4933151.0
2074,9,EAF,international shipping,raw,2303993.0
2074,10,SAF,international shipping,raw,1095915.0
2074,11,WEU,international shipping,raw,46157200.0
2074,12,CEU,international shipping,raw,6000940.0
2074,13,TUR,international shipping,raw,2755970.0
2074,14,UKR,international shipping,raw,586551.8
2074,15,STAN,international shipping,raw,861749.5
2074,16,RUS,international shipping,raw,1693110.0
2074,17,ME,international shipping,raw,7593238.0
2074,18,INDIA,international shipping,raw,7556294.0
2074,19,KOR,international shipping,raw,2580958.0
2074,20,CHN,international shipping,raw,20384620.0
2074,21,SEAS,international shipping,raw,17165720.0
2074,22,INDO,international shipping,raw,2524511.0
2074,23,JAP,international shipping,raw,4042244.0
2074,24,OCE,international shipping,raw,2184814.0
2074,25,RSAS,international shipping,raw,3862366.0
2074,26,RSAF,international shipping,raw,3037615.0
2074,27,Unused,international shipping,raw,0.0
2074,28,World Total,international shipping,raw,170302000.0
2075,1,CAN,international shipping,raw,3470277.0
2075,2,USA,international shipping,raw,14643770.0
2075,3,MEX,international shipping,raw,3459160.0
2075,4,RCAM,international shipping,raw,1994402.0
2075,5,BRA,international shipping,raw,2887662.0
2075,6,RSAM,international shipping,raw,3442631.0
2075,7,NAF,international shipping,raw,3303092.0
2075,8,WAF,international shipping,raw,5068409.0
2075,9,EAF,international shipping,raw,2361839.0
2075,10,SAF,international shipping,raw,1108301.0
2075,11,WEU,international shipping,raw,46323770.0
2075,12,CEU,international shipping,raw,5991011.0
2075,13,TUR,international shipping,raw,2754891.0
2075,14,UKR,international shipping,raw,588227.6
2075,15,STAN,international shipping,raw,871709.1
2075,16,RUS,international shipping,raw,1701121.0
2075,17,ME,international shipping,raw,7636396.0
2075,18,INDIA,international shipping,raw,7616637.0
2075,19,KOR,international shipping,raw,2570621.0
2075,20,CHN,international shipping,raw,20289260.0
2075,21,SEAS,international shipping,raw,17230530.0
2075,22,INDO,international shipping,raw,2530821.0
2075,23,JAP,international shipping,raw,4029034.0
2075,24,OCE,international shipping,raw,2207860.0
2075,25,RSAS,international shipping,raw,3930758.0
2075,26,RSAF,international shipping,raw,3108745.0
2075,27,Unused,international shipping,raw,0.0
2075,28,World Total,international shipping,raw,171120900.0
2076,1,CAN,international shipping,raw,3496468.0
2076,2,USA,international shipping,raw,14691370.0
2076,3,MEX,international shipping,raw,3480543.0
2076,4,RCAM,international shipping,raw,2016813.0
2076,5,BRA,international shipping,raw,2907295.0
2076,6,RSAM,international shipping,raw,3466191.0
2076,7,NAF,international shipping,raw,3349867.0
2076,8,WAF,international shipping,raw,5219690.0
2076,9,EAF,international shipping,raw,2425707.0
2076,10,SAF,international shipping,raw,1120846.0
2076,11,WEU,international shipping,raw,46503260.0
2076,12,CEU,international shipping,raw,5978997.0
2076,13,TUR,international shipping,raw,2750455.0
2076,14,UKR,international shipping,raw,589704.0
2076,15,STAN,international shipping,raw,881939.6
2076,16,RUS,international shipping,raw,1709049.0
2076,17,ME,international shipping,raw,7675804.0
2076,18,INDIA,international shipping,raw,7669833.0
2076,19,KOR,international shipping,raw,2559730.0
2076,20,CHN,international shipping,raw,20175910.0
2076,21,SEAS,international shipping,raw,17283490.0
2076,22,INDO,international shipping,raw,2534938.0
2076,23,JAP,international shipping,raw,4015620.0
2076,24,OCE,international shipping,raw,2229992.0
2076,25,RSAS,international shipping,raw,4003178.0
2076,26,RSAF,international shipping,raw,3188054.0
2076,27,Unused,international shipping,raw,0.0
2076,28,World Total,international shipping,raw,171924700.0
2077,1,CAN,international shipping,raw,3522361.0
2077,2,USA,international shipping,raw,14741130.0
2077,3,MEX,international shipping,raw,3501834.0
2077,4,RCAM,international shipping,raw,2038785.0
2077,5,BRA,international shipping,raw,2926719.0
2077,6,RSAM,international shipping,raw,3489028.0
2077,7,NAF,international shipping,raw,3396138.0
2077,8,WAF,international shipping,raw,5369945.0
2077,9,EAF,international shipping,raw,2488826.0
2077,10,SAF,international shipping,raw,1133268.0
2077,11,WEU,international shipping,raw,46685790.0
2077,12,CEU,international shipping,raw,5967505.0
2077,13,TUR,international shipping,raw,2745843.0
2077,14,UKR,international shipping,raw,591043.8
2077,15,STAN,international shipping,raw,892202.4
2077,16,RUS,international shipping,raw,1717003.0
2077,17,ME,international shipping,raw,7714854.0
2077,18,INDIA,international shipping,raw,7722596.0
2077,19,KOR,international shipping,raw,2548897.0
2077,20,CHN,international shipping,raw,20062480.0
2077,21,SEAS,international shipping,raw,17336210.0
2077,22,INDO,international shipping,raw,2538943.0
2077,23,JAP,international shipping,raw,4002354.0
2077,24,OCE,international shipping,raw,2252147.0
2077,25,RSAS,international shipping,raw,4075045.0
2077,26,RSAF,international shipping,raw,3266217.0
2077,27,Unused,international shipping,raw,0.0
2077,28,World Total,international shipping,raw,172727200.0
2078,1,CAN,international shipping,raw,3547960.0
2078,2,USA,international shipping,raw,14788160.0
2078,3,MEX,international shipping,raw,3523000.0
2078,4,RCAM,international shipping,raw,2060333.0
2078,5,BRA,international shipping,raw,2944989.0
2078,6,RSAM,international shipping,raw,3511119.0
2078,7,NAF,international shipping,raw,3441942.0
2078,8,WAF,international shipping,raw,5519219.0
2078,9,EAF,international shipping,raw,2551358.0
2078,10,SAF,international shipping,raw,1145582.0
2078,11,WEU,international shipping,raw,46870360.0
2078,12,CEU,international shipping,raw,5956705.0
2078,13,TUR,international shipping,raw,2741277.0
2078,14,UKR,international shipping,raw,592259.1
2078,15,STAN,international shipping,raw,902584.6
2078,16,RUS,international shipping,raw,1725137.0
2078,17,ME,international shipping,raw,7753694.0
2078,18,INDIA,international shipping,raw,7775437.0
2078,19,KOR,international shipping,raw,2538173.0
2078,20,CHN,international shipping,raw,19950870.0
2078,21,SEAS,international shipping,raw,17391060.0
2078,22,INDO,international shipping,raw,2543203.0
2078,23,JAP,international shipping,raw,3989437.0
2078,24,OCE,international shipping,raw,2274259.0
2078,25,RSAS,international shipping,raw,4146735.0
2078,26,RSAF,international shipping,raw,3343304.0
2078,27,Unused,international shipping,raw,0.0
2078,28,World Total,international shipping,raw,173528100.0
2079,1,CAN,international shipping,raw,3573284.0
2079,2,USA,international shipping,raw,14837400.0
2079,3,MEX,international shipping,raw,3543908.0
2079,4,RCAM,international shipping,raw,2081397.0
2079,5,BRA,international shipping,raw,2962920.0
2079,6,RSAM,international shipping,raw,3532493.0
2079,7,NAF,international shipping,raw,3487586.0
2079,8,WAF,international shipping,raw,5667457.0
2079,9,EAF,international shipping,raw,2613672.0
2079,10,SAF,international shipping,raw,1157778.0
2079,11,WEU,international shipping,raw,47055960.0
2079,12,CEU,international shipping,raw,5946525.0
2079,13,TUR,international shipping,raw,2736626.0
2079,14,UKR,international shipping,raw,593445.5
2079,15,STAN,international shipping,raw,913056.1
2079,16,RUS,international shipping,raw,1733504.0
2079,17,ME,international shipping,raw,7792397.0
2079,18,INDIA,international shipping,raw,7828434.0
2079,19,KOR,international shipping,raw,2527521.0
2079,20,CHN,international shipping,raw,19842990.0
2079,21,SEAS,international shipping,raw,17428930.0
2079,22,INDO,international shipping,raw,2547845.0
2079,23,JAP,international shipping,raw,3976902.0
2079,24,OCE,international shipping,raw,2296326.0
2079,25,RSAS,international shipping,raw,4217962.0
2079,26,RSAF,international shipping,raw,3419803.0
2079,27,Unused,international shipping,raw,0.0
2079,28,World Total,international shipping,raw,174316100.0
2080,1,CAN,international shipping,raw,3598339.0
2080,2,USA,international shipping,raw,14886690.0
2080,3,MEX,international shipping,raw,3564522.0
2080,4,RCAM,international shipping,raw,2101774.0
2080,5,BRA,international shipping,raw,2980313.0
2080,6,RSAM,international shipping,raw,3553180.0
2080,7,NAF,international shipping,raw,3532725.0
2080,8,WAF,international shipping,raw,5814979.0
2080,9,EAF,international shipping,raw,2675553.0
2080,10,SAF,international shipping,raw,1169841.0
2080,11,WEU,international shipping,raw,47243380.0
2080,12,CEU,international shipping,raw,5936756.0
2080,13,TUR,international shipping,raw,2732012.0
2080,14,UKR,international shipping,raw,594689.4
2080,15,STAN,international shipping,raw,923499.2
2080,16,RUS,international shipping,raw,1742057.0
2080,17,ME,international shipping,raw,7830792.0
2080,18,INDIA,international shipping,raw,7881263.0
2080,19,KOR,international shipping,raw,2516915.0
2080,20,CHN,international shipping,raw,19733020.0
2080,21,SEAS,international shipping,raw,17485610.0
2080,22,INDO,international shipping,raw,2552850.0
2080,23,JAP,international shipping,raw,3964670.0
2080,24,OCE,international shipping,raw,2318427.0
2080,25,RSAS,international shipping,raw,4288721.0
2080,26,RSAF,international shipping,raw,3494579.0
2080,27,Unused,international shipping,raw,0.0
2080,28,World Total,international shipping,raw,175117200.0
2081,1,CAN,international shipping,raw,3620337.0
2081,2,USA,international shipping,raw,14932800.0
2081,3,MEX,international shipping,raw,3582292.0
2081,4,RCAM,international shipping,raw,2121564.0
2081,5,BRA,international shipping,raw,2996779.0
2081,6,RSAM,international shipping,raw,3571113.0
2081,7,NAF,international shipping,raw,3579612.0
2081,8,WAF,international shipping,raw,5977021.0
2081,9,EAF,international shipping,raw,2743140.0
2081,10,SAF,international shipping,raw,1182123.0
2081,11,WEU,international shipping,raw,47404720.0
2081,12,CEU,international shipping,raw,5926603.0
2081,13,TUR,international shipping,raw,2725451.0
2081,14,UKR,international shipping,raw,596032.2
2081,15,STAN,international shipping,raw,934460.9
2081,16,RUS,international shipping,raw,1751298.0
2081,17,ME,international shipping,raw,7866582.0
2081,18,INDIA,international shipping,raw,7926542.0
2081,19,KOR,international shipping,raw,2506010.0
2081,20,CHN,international shipping,raw,19617130.0
2081,21,SEAS,international shipping,raw,17533940.0
2081,22,INDO,international shipping,raw,2556509.0
2081,23,JAP,international shipping,raw,3952615.0
2081,24,OCE,international shipping,raw,2339182.0
2081,25,RSAS,international shipping,raw,4362676.0
2081,26,RSAF,international shipping,raw,3577137.0
2081,27,Unused,international shipping,raw,0.0
2081,28,World Total,international shipping,raw,175883700.0
2082,1,CAN,international shipping,raw,3642148.0
2082,2,USA,international shipping,raw,14976730.0
2082,3,MEX,international shipping,raw,3599699.0
2082,4,RCAM,international shipping,raw,2140881.0
2082,5,BRA,international shipping,raw,3012611.0
2082,6,RSAM,international shipping,raw,3589622.0
2082,7,NAF,international shipping,raw,3626170.0
2082,8,WAF,international shipping,raw,6137455.0
2082,9,EAF,international shipping,raw,2809915.0
2082,10,SAF,international shipping,raw,1194227.0
2082,11,WEU,international shipping,raw,47564290.0
2082,12,CEU,international shipping,raw,5916549.0
2082,13,TUR,international shipping,raw,2719049.0
2082,14,UKR,international shipping,raw,597390.6
2082,15,STAN,international shipping,raw,945422.9
2082,16,RUS,international shipping,raw,1760598.0
2082,17,ME,international shipping,raw,7901944.0
2082,18,INDIA,international shipping,raw,7972539.0
2082,19,KOR,international shipping,raw,2495068.0
2082,20,CHN,international shipping,raw,19505240.0
2082,21,SEAS,international shipping,raw,17582310.0
2082,22,INDO,international shipping,raw,2560241.0
2082,23,JAP,international shipping,raw,3941755.0
2082,24,OCE,international shipping,raw,2359937.0
2082,25,RSAS,international shipping,raw,4435671.0
2082,26,RSAF,international shipping,raw,3658094.0
2082,27,Unused,international shipping,raw,0.0
2082,28,World Total,international shipping,raw,176645600.0
2083,1,CAN,international shipping,raw,3663796.0
2083,2,USA,international shipping,raw,15021730.0
2083,3,MEX,international shipping,raw,3616785.0
2083,4,RCAM,international shipping,raw,2159764.0
2083,5,BRA,international shipping,raw,3027772.0
2083,6,RSAM,international shipping,raw,3607616.0
2083,7,NAF,international shipping,raw,3672638.0
2083,8,WAF,international shipping,raw,6296403.0
2083,9,EAF,international shipping,raw,2875874.0
2083,10,SAF,international shipping,raw,1206142.0
2083,11,WEU,international shipping,raw,47723630.0
2083,12,CEU,international shipping,raw,5906529.0
2083,13,TUR,international shipping,raw,2712791.0
2083,14,UKR,international shipping,raw,598735.6
2083,15,STAN,international shipping,raw,956382.7
2083,16,RUS,international shipping,raw,1769900.0
2083,17,ME,international shipping,raw,7936831.0
2083,18,INDIA,international shipping,raw,8017858.0
2083,19,KOR,international shipping,raw,2484048.0
2083,20,CHN,international shipping,raw,19395050.0
2083,21,SEAS,international shipping,raw,17629320.0
2083,22,INDO,international shipping,raw,2563913.0
2083,23,JAP,international shipping,raw,3931336.0
2083,24,OCE,international shipping,raw,2380684.0
2083,25,RSAS,international shipping,raw,4507722.0
2083,26,RSAF,international shipping,raw,3737484.0
2083,27,Unused,international shipping,raw,0.0
2083,28,World Total,international shipping,raw,177400700.0
2084,1,CAN,international shipping,raw,3685302.0
2084,2,USA,international shipping,raw,15066290.0
2084,3,MEX,international shipping,raw,3633602.0
2084,4,RCAM,international shipping,raw,2178408.0
2084,5,BRA,international shipping,raw,3042326.0
2084,6,RSAM,international shipping,raw,3625166.0
2084,7,NAF,international shipping,raw,3718656.0
2084,8,WAF,international shipping,raw,6453961.0
2084,9,EAF,international shipping,raw,2940783.0
2084,10,SAF,international shipping,raw,1217854.0
2084,11,WEU,international shipping,raw,47883920.0
2084,12,CEU,international shipping,raw,5896504.0
2084,13,TUR,international shipping,raw,2706672.0
2084,14,UKR,international shipping,raw,600033.7
2084,15,STAN,international shipping,raw,967346.2
2084,16,RUS,international shipping,raw,1779575.0
2084,17,ME,international shipping,raw,7971212.0
2084,18,INDIA,international shipping,raw,8062427.0
2084,19,KOR,international shipping,raw,2472905.0
2084,20,CHN,international shipping,raw,19284810.0
2084,21,SEAS,international shipping,raw,17675420.0
2084,22,INDO,international shipping,raw,2567345.0
2084,23,JAP,international shipping,raw,3921080.0
2084,24,OCE,international shipping,raw,2401562.0
2084,25,RSAS,international shipping,raw,4579020.0
2084,26,RSAF,international shipping,raw,3815208.0
2084,27,Unused,international shipping,raw,0.0
2084,28,World Total,international shipping,raw,178147400.0
2085,1,CAN,international shipping,raw,3706678.0
2085,2,USA,international shipping,raw,15106800.0
2085,3,MEX,international shipping,raw,3650409.0
2085,4,RCAM,international shipping,raw,2196864.0
2085,5,BRA,international shipping,raw,3056399.0
2085,6,RSAM,international shipping,raw,3642304.0
2085,7,NAF,international shipping,raw,3764442.0
2085,8,WAF,international shipping,raw,6609694.0
2085,9,EAF,international shipping,raw,3004862.0
2085,10,SAF,international shipping,raw,1229361.0
2085,11,WEU,international shipping,raw,48043820.0
2085,12,CEU,international shipping,raw,5886493.0
2085,13,TUR,international shipping,raw,2700547.0
2085,14,UKR,international shipping,raw,601292.6
2085,15,STAN,international shipping,raw,978312.6
2085,16,RUS,international shipping,raw,1789248.0
2085,17,ME,international shipping,raw,8005073.0
2085,18,INDIA,international shipping,raw,8106261.0
2085,19,KOR,international shipping,raw,2461620.0
2085,20,CHN,international shipping,raw,19175600.0
2085,21,SEAS,international shipping,raw,17719980.0
2085,22,INDO,international shipping,raw,2570448.0
2085,23,JAP,international shipping,raw,3910951.0
2085,24,OCE,international shipping,raw,2422441.0
2085,25,RSAS,international shipping,raw,4649307.0
2085,26,RSAF,international shipping,raw,3892214.0
2085,27,Unused,international shipping,raw,0.0
2085,28,World Total,international shipping,raw,178881400.0
2086,1,CAN,international shipping,raw,3725184.0
2086,2,USA,international shipping,raw,15141180.0
2086,3,MEX,international shipping,raw,3664371.0
2086,4,RCAM,international shipping,raw,2215766.0
2086,5,BRA,international shipping,raw,3069194.0
2086,6,RSAM,international shipping,raw,3658066.0
2086,7,NAF,international shipping,raw,3811667.0
2086,8,WAF,international shipping,raw,6780857.0
2086,9,EAF,international shipping,raw,3074125.0
2086,10,SAF,international shipping,raw,1240952.0
2086,11,WEU,international shipping,raw,48180100.0
2086,12,CEU,international shipping,raw,5877159.0
2086,13,TUR,international shipping,raw,2692942.0
2086,14,UKR,international shipping,raw,602822.8
2086,15,STAN,international shipping,raw,989822.0
2086,16,RUS,international shipping,raw,1799747.0
2086,17,ME,international shipping,raw,8037625.0
2086,18,INDIA,international shipping,raw,8144083.0
2086,19,KOR,international shipping,raw,2449790.0
2086,20,CHN,international shipping,raw,19063990.0
2086,21,SEAS,international shipping,raw,17757050.0
2086,22,INDO,international shipping,raw,2571438.0
2086,23,JAP,international shipping,raw,3901014.0
2086,24,OCE,international shipping,raw,2441874.0
2086,25,RSAS,international shipping,raw,4722223.0
2086,26,RSAF,international shipping,raw,3976122.0
2086,27,Unused,international shipping,raw,0.0
2086,28,World Total,international shipping,raw,179589200.0
2087,1,CAN,international shipping,raw,3743535.0
2087,2,USA,international shipping,raw,15175200.0
2087,3,MEX,international shipping,raw,3678119.0
2087,4,RCAM,international shipping,raw,2234385.0
2087,5,BRA,international shipping,raw,3081587.0
2087,6,RSAM,international shipping,raw,3673375.0
2087,7,NAF,international shipping,raw,3858194.0
2087,8,WAF,international shipping,raw,6950490.0
2087,9,EAF,international shipping,raw,3142620.0
2087,10,SAF,international shipping,raw,1252353.0
2087,11,WEU,international shipping,raw,48319940.0
2087,12,CEU,international shipping,raw,5867831.0
2087,13,TUR,international shipping,raw,2685267.0
2087,14,UKR,international shipping,raw,604331.1
2087,15,STAN,international shipping,raw,1001211.0
2087,16,RUS,international shipping,raw,1809784.0
2087,17,ME,international shipping,raw,8069588.0
2087,18,INDIA,international shipping,raw,8181274.0
2087,19,KOR,international shipping,raw,2437930.0
2087,20,CHN,international shipping,raw,18952520.0
2087,21,SEAS,international shipping,raw,17792280.0
2087,22,INDO,international shipping,raw,2572194.0
2087,23,JAP,international shipping,raw,3891163.0
2087,24,OCE,international shipping,raw,2461267.0
2087,25,RSAS,international shipping,raw,4793963.0
2087,26,RSAF,international shipping,raw,4058399.0
2087,27,Unused,international shipping,raw,0.0
2087,28,World Total,international shipping,raw,180288800.0
2088,1,CAN,international shipping,raw,3761707.0
2088,2,USA,international shipping,raw,15205830.0
2088,3,MEX,international shipping,raw,3691658.0
2088,4,RCAM,international shipping,raw,2252679.0
2088,5,BRA,international shipping,raw,3093597.0
2088,6,RSAM,international shipping,raw,3688197.0
2088,7,NAF,international shipping,raw,3904097.0
2088,8,WAF,international shipping,raw,7118610.0
2088,9,EAF,international shipping,raw,3210213.0
2088,10,SAF,international shipping,raw,1263593.0
2088,11,WEU,international shipping,raw,48462680.0
2088,12,CEU,international shipping,raw,5858578.0
2088,13,TUR,international shipping,raw,2677547.0
2088,14,UKR,international shipping,raw,605805.3
2088,15,STAN,international shipping,raw,1012378.0
2088,16,RUS,international shipping,raw,1819572.0
2088,17,ME,international shipping,raw,8100892.0
2088,18,INDIA,international shipping,raw,8217505.0
2088,19,KOR,international shipping,raw,2426104.0
2088,20,CHN,international shipping,raw,18841590.0
2088,21,SEAS,international shipping,raw,17825710.0
2088,22,INDO,international shipping,raw,2572780.0
2088,23,JAP,international shipping,raw,3881313.0
2088,24,OCE,international shipping,raw,2480390.0
2088,25,RSAS,international shipping,raw,4864555.0
2088,26,RSAF,international shipping,raw,4139113.0
2088,27,Unused,international shipping,raw,0.0
2088,28,World Total,international shipping,raw,180976700.0
2089,1,CAN,international shipping,raw,3779678.0
2089,2,USA,international shipping,raw,15239660.0
2089,3,MEX,international shipping,raw,3704994.0
2089,4,RCAM,international shipping,raw,2270158.0
2089,5,BRA,international shipping,raw,3105211.0
2089,6,RSAM,international shipping,raw,3702503.0
2089,7,NAF,international shipping,raw,3949486.0
2089,8,WAF,international shipping,raw,7285236.0
2089,9,EAF,international shipping,raw,3276500.0
2089,10,SAF,international shipping,raw,1274709.0
2089,11,WEU,international shipping,raw,48608060.0
2089,12,CEU,international shipping,raw,5849475.0
2089,13,TUR,international shipping,raw,2669935.0
2089,14,UKR,international shipping,raw,607236.4
2089,15,STAN,international shipping,raw,1023384.0
2089,16,RUS,international shipping,raw,1829212.0
2089,17,ME,international shipping,raw,8131358.0
2089,18,INDIA,international shipping,raw,8252925.0
2089,19,KOR,international shipping,raw,2414378.0
2089,20,CHN,international shipping,raw,18731820.0
2089,21,SEAS,international shipping,raw,17858330.0
2089,22,INDO,international shipping,raw,2573044.0
2089,23,JAP,international shipping,raw,3871381.0
2089,24,OCE,international shipping,raw,2499439.0
2089,25,RSAS,international shipping,raw,4933925.0
2089,26,RSAF,international shipping,raw,4218888.0
2089,27,Unused,international shipping,raw,0.0
2089,28,World Total,international shipping,raw,181660900.0
2090,1,CAN,international shipping,raw,3797432.0
2090,2,USA,international shipping,raw,15271940.0
2090,3,MEX,international shipping,raw,3717846.0
2090,4,RCAM,international shipping,raw,2287347.0
2090,5,BRA,international shipping,raw,3116404.0
2090,6,RSAM,international shipping,raw,3716283.0
2090,7,NAF,international shipping,raw,3994639.0
2090,8,WAF,international shipping,raw,7449532.0
2090,9,EAF,international shipping,raw,3341712.0
2090,10,SAF,international shipping,raw,1285724.0
2090,11,WEU,international shipping,raw,48755020.0
2090,12,CEU,international shipping,raw,5840535.0
2090,13,TUR,international shipping,raw,2662460.0
2090,14,UKR,international shipping,raw,608619.5
2090,15,STAN,international shipping,raw,1034438.0
2090,16,RUS,international shipping,raw,1838724.0
2090,17,ME,international shipping,raw,8160808.0
2090,18,INDIA,international shipping,raw,8287538.0
2090,19,KOR,international shipping,raw,2402785.0
2090,20,CHN,international shipping,raw,18620250.0
2090,21,SEAS,international shipping,raw,17890880.0
2090,22,INDO,international shipping,raw,2572885.0
2090,23,JAP,international shipping,raw,3861235.0
2090,24,OCE,international shipping,raw,2518378.0
2090,25,RSAS,international shipping,raw,5001815.0
2090,26,RSAF,international shipping,raw,4297106.0
2090,27,Unused,international shipping,raw,0.0
2090,28,World Total,international shipping,raw,182332300.0
2091,1,CAN,international shipping,raw,3812751.0
2091,2,USA,international shipping,raw,15303140.0
2091,3,MEX,international shipping,raw,3728024.0
2091,4,RCAM,international shipping,raw,2304496.0
2091,5,BRA,international shipping,raw,3126897.0
2091,6,RSAM,international shipping,raw,3728725.0
2091,7,NAF,international shipping,raw,4040910.0
2091,8,WAF,international shipping,raw,7628163.0
2091,9,EAF,international shipping,raw,3411522.0
2091,10,SAF,international shipping,raw,1296742.0
2091,11,WEU,international shipping,raw,48874530.0
2091,12,CEU,international shipping,raw,5832947.0
2091,13,TUR,international shipping,raw,2654193.0
2091,14,UKR,international shipping,raw,610153.6
2091,15,STAN,international shipping,raw,1046111.0
2091,16,RUS,international shipping,raw,1848817.0
2091,17,ME,international shipping,raw,8188685.0
2091,18,INDIA,international shipping,raw,8316877.0
2091,19,KOR,international shipping,raw,2391065.0
2091,20,CHN,international shipping,raw,18507460.0
2091,21,SEAS,international shipping,raw,17920680.0
2091,22,INDO,international shipping,raw,2570523.0
2091,23,JAP,international shipping,raw,3849785.0
2091,24,OCE,international shipping,raw,2536168.0
2091,25,RSAS,international shipping,raw,5072062.0
2091,26,RSAF,international shipping,raw,4381762.0
2091,27,Unused,international shipping,raw,0.0
2091,28,World Total,international shipping,raw,182983200.0
2092,1,CAN,international shipping,raw,3827807.0
2092,2,USA,international shipping,raw,15330830.0
2092,3,MEX,international shipping,raw,3738015.0
2092,4,RCAM,international shipping,raw,2321262.0
2092,5,BRA,international shipping,raw,3136922.0
2092,6,RSAM,international shipping,raw,3740636.0
2092,7,NAF,international shipping,raw,4086361.0
2092,8,WAF,international shipping,raw,7804912.0
2092,9,EAF,international shipping,raw,3479601.0
2092,10,SAF,international shipping,raw,1307591.0
2092,11,WEU,international shipping,raw,48990620.0
2092,12,CEU,international shipping,raw,5825392.0
2092,13,TUR,international shipping,raw,2646219.0
2092,14,UKR,international shipping,raw,611601.7
2092,15,STAN,international shipping,raw,1057617.0
2092,16,RUS,international shipping,raw,1858777.0
2092,17,ME,international shipping,raw,8215198.0
2092,18,INDIA,international shipping,raw,8345284.0
2092,19,KOR,international shipping,raw,2379435.0
2092,20,CHN,international shipping,raw,18394880.0
2092,21,SEAS,international shipping,raw,17950690.0
2092,22,INDO,international shipping,raw,2567701.0
2092,23,JAP,international shipping,raw,3838250.0
2092,24,OCE,international shipping,raw,2553903.0
2092,25,RSAS,international shipping,raw,5140800.0
2092,26,RSAF,international shipping,raw,4464365.0
2092,27,Unused,international shipping,raw,0.0
2092,28,World Total,international shipping,raw,183614700.0
2093,1,CAN,international shipping,raw,3842599.0
2093,2,USA,international shipping,raw,15361620.0
2093,3,MEX,international shipping,raw,3747769.0
2093,4,RCAM,international shipping,raw,2337735.0
2093,5,BRA,international shipping,raw,3146470.0
2093,6,RSAM,international shipping,raw,3751980.0
2093,7,NAF,international shipping,raw,4131060.0
2093,8,WAF,international shipping,raw,7979851.0
2093,9,EAF,international shipping,raw,3546499.0
2093,10,SAF,international shipping,raw,1318290.0
2093,11,WEU,international shipping,raw,49104460.0
2093,12,CEU,international shipping,raw,5817817.0
2093,13,TUR,international shipping,raw,2638560.0
2093,14,UKR,international shipping,raw,612968.8
2093,15,STAN,international shipping,raw,1068978.0
2093,16,RUS,international shipping,raw,1868612.0
2093,17,ME,international shipping,raw,8240297.0
2093,18,INDIA,international shipping,raw,8373567.0
2093,19,KOR,international shipping,raw,2367861.0
2093,20,CHN,international shipping,raw,18279990.0
2093,21,SEAS,international shipping,raw,17981490.0
2093,22,INDO,international shipping,raw,2564455.0
2093,23,JAP,international shipping,raw,3826930.0
2093,24,OCE,international shipping,raw,2571730.0
2093,25,RSAS,international shipping,raw,5208047.0
2093,26,RSAF,international shipping,raw,4544951.0
2093,27,Unused,international shipping,raw,0.0
2093,28,World Total,international shipping,raw,184234600.0
2094,1,CAN,international shipping,raw,3857140.0
2094,2,USA,international shipping,raw,15387400.0
2094,3,MEX,international shipping,raw,3757207.0
2094,4,RCAM,international shipping,raw,2354261.0
2094,5,BRA,international shipping,raw,3155568.0
2094,6,RSAM,international shipping,raw,3763233.0
2094,7,NAF,international shipping,raw,4175061.0
2094,8,WAF,international shipping,raw,8153056.0
2094,9,EAF,international shipping,raw,3612867.0
2094,10,SAF,international shipping,raw,1328846.0
2094,11,WEU,international shipping,raw,49215870.0
2094,12,CEU,international shipping,raw,5810230.0
2094,13,TUR,international shipping,raw,2631180.0
2094,14,UKR,international shipping,raw,614257.1
2094,15,STAN,international shipping,raw,1080217.0
2094,16,RUS,international shipping,raw,1878329.0
2094,17,ME,international shipping,raw,8264176.0
2094,18,INDIA,international shipping,raw,8401830.0
2094,19,KOR,international shipping,raw,2356270.0
2094,20,CHN,international shipping,raw,18164230.0
2094,21,SEAS,international shipping,raw,18012970.0
2094,22,INDO,international shipping,raw,2561198.0
2094,23,JAP,international shipping,raw,3815484.0
2094,24,OCE,international shipping,raw,2589540.0
2094,25,RSAS,international shipping,raw,5274476.0
2094,26,RSAF,international shipping,raw,4622473.0
2094,27,Unused,international shipping,raw,0.0
2094,28,World Total,international shipping,raw,184837400.0
2095,1,CAN,international shipping,raw,3871462.0
2095,2,USA,international shipping,raw,15411120.0
2095,3,MEX,international shipping,raw,3766241.0
2095,4,RCAM,international shipping,raw,2370547.0
2095,5,BRA,international shipping,raw,3164265.0
2095,6,RSAM,international shipping,raw,3774149.0
2095,7,NAF,international shipping,raw,4218240.0
2095,8,WAF,international shipping,raw,8325539.0
2095,9,EAF,international shipping,raw,3678670.0
2095,10,SAF,international shipping,raw,1339277.0
2095,11,WEU,international shipping,raw,49330280.0
2095,12,CEU,international shipping,raw,5802693.0
2095,13,TUR,international shipping,raw,2624176.0
2095,14,UKR,international shipping,raw,615500.6
2095,15,STAN,international shipping,raw,1091356.0
2095,16,RUS,international shipping,raw,1887934.0
2095,17,ME,international shipping,raw,8287029.0
2095,18,INDIA,international shipping,raw,8429811.0
2095,19,KOR,international shipping,raw,2344604.0
2095,20,CHN,international shipping,raw,18048080.0
2095,21,SEAS,international shipping,raw,18045150.0
2095,22,INDO,international shipping,raw,2558179.0
2095,23,JAP,international shipping,raw,3804012.0
2095,24,OCE,international shipping,raw,2607422.0
2095,25,RSAS,international shipping,raw,5340330.0
2095,26,RSAF,international shipping,raw,4698339.0
2095,27,Unused,international shipping,raw,0.0
2095,28,World Total,international shipping,raw,185434400.0
2096,1,CAN,international shipping,raw,3883639.0
2096,2,USA,international shipping,raw,15429050.0
2096,3,MEX,international shipping,raw,3771961.0
2096,4,RCAM,international shipping,raw,2387045.0
2096,5,BRA,international shipping,raw,3172501.0
2096,6,RSAM,international shipping,raw,3783908.0
2096,7,NAF,international shipping,raw,4261900.0
2096,8,WAF,international shipping,raw,8511213.0
2096,9,EAF,international shipping,raw,3749582.0
2096,10,SAF,international shipping,raw,1349546.0
2096,11,WEU,international shipping,raw,49402820.0
2096,12,CEU,international shipping,raw,5795262.0
2096,13,TUR,international shipping,raw,2616739.0
2096,14,UKR,international shipping,raw,616691.1
2096,15,STAN,international shipping,raw,1102783.0
2096,16,RUS,international shipping,raw,1897348.0
2096,17,ME,international shipping,raw,8308135.0
2096,18,INDIA,international shipping,raw,8453001.0
2096,19,KOR,international shipping,raw,2333272.0
2096,20,CHN,international shipping,raw,17926500.0
2096,21,SEAS,international shipping,raw,18075890.0
2096,22,INDO,international shipping,raw,2553848.0
2096,23,JAP,international shipping,raw,3790414.0
2096,24,OCE,international shipping,raw,2624282.0
2096,25,RSAS,international shipping,raw,5409562.0
2096,26,RSAF,international shipping,raw,4780091.0
2096,27,Unused,international shipping,raw,0.0
2096,28,World Total,international shipping,raw,185987000.0
2097,1,CAN,international shipping,raw,3895714.0
2097,2,USA,international shipping,raw,15445150.0
2097,3,MEX,international shipping,raw,3776778.0
2097,4,RCAM,international shipping,raw,2402961.0
2097,5,BRA,international shipping,raw,3180209.0
2097,6,RSAM,international shipping,raw,3792567.0
2097,7,NAF,international shipping,raw,4304771.0
2097,8,WAF,international shipping,raw,8694323.0
2097,9,EAF,international shipping,raw,3820213.0
2097,10,SAF,international shipping,raw,1359552.0
2097,11,WEU,international shipping,raw,49480420.0
2097,12,CEU,international shipping,raw,5787687.0
2097,13,TUR,international shipping,raw,2609628.0
2097,14,UKR,international shipping,raw,617797.6
2097,15,STAN,international shipping,raw,1114079.0
2097,16,RUS,international shipping,raw,1906638.0
2097,17,ME,international shipping,raw,8328546.0
2097,18,INDIA,international shipping,raw,8476842.0
2097,19,KOR,international shipping,raw,2321704.0
2097,20,CHN,international shipping,raw,17802510.0
2097,21,SEAS,international shipping,raw,18105200.0
2097,22,INDO,international shipping,raw,2549721.0
2097,23,JAP,international shipping,raw,3776851.0
2097,24,OCE,international shipping,raw,2641008.0
2097,25,RSAS,international shipping,raw,5478812.0
2097,26,RSAF,international shipping,raw,4860240.0
2097,27,Unused,international shipping,raw,0.0
2097,28,World Total,international shipping,raw,186529900.0
2098,1,CAN,international shipping,raw,3907705.0
2098,2,USA,international shipping,raw,15459270.0
2098,3,MEX,international shipping,raw,3780530.0
2098,4,RCAM,international shipping,raw,2418087.0
2098,5,BRA,international shipping,raw,3187252.0
2098,6,RSAM,international shipping,raw,3799632.0
2098,7,NAF,international shipping,raw,4346299.0
2098,8,WAF,international shipping,raw,8874612.0
2098,9,EAF,international shipping,raw,3890144.0
2098,10,SAF,international shipping,raw,1369180.0
2098,11,WEU,international shipping,raw,49547120.0
2098,12,CEU,international shipping,raw,5779713.0
2098,13,TUR,international shipping,raw,2602784.0
2098,14,UKR,international shipping,raw,618790.8
2098,15,STAN,international shipping,raw,1125213.0
2098,16,RUS,international shipping,raw,1915796.0
2098,17,ME,international shipping,raw,8348397.0
2098,18,INDIA,international shipping,raw,8500860.0
2098,19,KOR,international shipping,raw,2309855.0
2098,20,CHN,international shipping,raw,17677850.0
2098,21,SEAS,international shipping,raw,18130680.0
2098,22,INDO,international shipping,raw,2545579.0
2098,23,JAP,international shipping,raw,3763271.0
2098,24,OCE,international shipping,raw,2657493.0
2098,25,RSAS,international shipping,raw,5547754.0
2098,26,RSAF,international shipping,raw,4938814.0
2098,27,Unused,international shipping,raw,0.0
2098,28,World Total,international shipping,raw,187042700.0
2099,1,CAN,international shipping,raw,3919596.0
2099,2,USA,international shipping,raw,15471210.0
2099,3,MEX,international shipping,raw,3783158.0
2099,4,RCAM,international shipping,raw,2432346.0
2099,5,BRA,international shipping,raw,3193469.0
2099,6,RSAM,international shipping,raw,3804679.0
2099,7,NAF,international shipping,raw,4386195.0
2099,8,WAF,international shipping,raw,9051826.0
2099,9,EAF,international shipping,raw,3959093.0
2099,10,SAF,international shipping,raw,1378321.0
2099,11,WEU,international shipping,raw,49609280.0
2099,12,CEU,international shipping,raw,5771181.0
2099,13,TUR,international shipping,raw,2595986.0
2099,14,UKR,international shipping,raw,619648.6
2099,15,STAN,international shipping,raw,1136138.0
2099,16,RUS,international shipping,raw,1924815.0
2099,17,ME,international shipping,raw,8367690.0
2099,18,INDIA,international shipping,raw,8522666.0
2099,19,KOR,international shipping,raw,2297926.0
2099,20,CHN,international shipping,raw,17550190.0
2099,21,SEAS,international shipping,raw,18150760.0
2099,22,INDO,international shipping,raw,2541143.0
2099,23,JAP,international shipping,raw,3749588.0
2099,24,OCE,international shipping,raw,2673567.0
2099,25,RSAS,international shipping,raw,5615846.0
2099,26,RSAF,international shipping,raw,5016281.0
2099,27,Unused,international shipping,raw,0.0
2099,28,World Total,international shipping,raw,187522600.0
2100,1,CAN,international shipping,raw,3931128.0
2100,2,USA,international shipping,raw,15480500.0
2100,3,MEX,international shipping,raw,3784244.0
2100,4,RCAM,international shipping,raw,2445763.0
2100,5,BRA,international shipping,raw,3198696.0
2100,6,RSAM,international shipping,raw,3807331.0
2100,7,NAF,international shipping,raw,4424115.0
2100,8,WAF,international shipping,raw,9229333.0
2100,9,EAF,international shipping,raw,4026561.0
2100,10,SAF,international shipping,raw,1386885.0
2100,11,WEU,international shipping,raw,49662170.0
2100,12,CEU,international shipping,raw,5761817.0
2100,13,TUR,international shipping,raw,2588980.0
2100,14,UKR,international shipping,raw,620343.2
2100,15,STAN,international shipping,raw,1146824.0
2100,16,RUS,international shipping,raw,1933687.0
2100,17,ME,international shipping,raw,8386444.0
2100,18,INDIA,international shipping,raw,8541682.0
2100,19,KOR,international shipping,raw,2285850.0
2100,20,CHN,international shipping,raw,17422980.0
2100,21,SEAS,international shipping,raw,18164580.0
2100,22,INDO,international shipping,raw,2536142.0
2100,23,JAP,international shipping,raw,3735601.0
2100,24,OCE,international shipping,raw,2689142.0
2100,25,RSAS,international shipping,raw,5682477.0
2100,26,RSAF,international shipping,raw,5091797.0
2100,27,Unused,international shipping,raw,0.0
2100,28,World Total,international shipping,raw,187965100.0
