real main.em.dem.trp.frgt.ModeF.MedTFleet.V_share[26,25](t) = [1971, 
0,
0,
0.1765363,
6.576739e-15,
0.4584334,
0.3202581,
0,
0.00965499,
0.009909956,
1.287579e-14,
0,
0,
0,
0,
6.915164e-39,
0.02520261,
4.588793e-06,
6.932504e-12,
3.208493e-27,
4.595613e-23,
3.286014e-24,
3.481068e-30,
0,
0,
0,
0,
0,
0.2912297,
2.448899e-20,
0.4495417,
0.2496767,
0.003308347,
0.002516758,
0.002112109,
5.400019e-20,
0,
5.797528e-21,
0,
0,
0,
0.001561496,
7.596806e-09,
8.457148e-17,
5.323814e-05,
3.658548e-10,
4.997046e-18,
1.804312e-41,
0,
0,
0,
0,
0,
0.1829564,
9.428037e-17,
0.4631321,
0.3199193,
0,
0.009139976,
0.009289111,
3.388348e-16,
0,
0,
0,
0,
1.479631e-40,
0.01556157,
1.509384e-06,
1.311324e-12,
1.356758e-37,
2.364349e-30,
9.472136e-30,
8.010206e-32,
0,
0,
0,
0,
0,
0.1328035,
1.130493e-13,
0.4364179,
0.3382324,
0,
0.01674241,
0.01882422,
3.297732e-13,
0,
0,
0,
0,
1.354204e-33,
0.05694678,
3.278006e-05,
3.261959e-10,
4.52284e-31,
5.021012e-25,
1.572153e-24,
2.758443e-26,
0,
0,
0,
0,
0,
0.07373356,
1.664699e-11,
0.3413449,
0.2962327,
0.03921924,
0.02306803,
0.02912407,
4.57498e-11,
0,
1.863286e-11,
1.307229e-40,
2.131232e-31,
4.71742e-28,
0.1791351,
0.0005071125,
4.154663e-08,
0.0175906,
4.464599e-05,
3.428759e-09,
1.031657e-21,
0,
0,
0,
0,
0,
0.2100453,
8.467996e-19,
0.4656752,
0.3034071,
0,
0.006556103,
0.006329705,
4.047923e-18,
0,
0,
0,
0,
2.101948e-44,
0.007986325,
3.201662e-07,
8.17737e-14,
4.17629e-41,
3.490952e-33,
1.755503e-32,
1.351628e-34,
0,
0,
0,
0,
0,
0.3552546,
4.609669e-26,
0.428652,
0.2135718,
0,
0.001281496,
0.0009776583,
3.571316e-25,
0,
0,
0,
0,
0,
0.0002623656,
1.334793e-10,
9.985579e-20,
0,
0,
0,
0,
0,
0,
0,
0,
0,
0.1566078,
6.411157e-17,
0.4553498,
0.3343609,
0,
0.01278953,
0.01371437,
4.101476e-16,
0,
0,
0,
0,
5.158987e-38,
0.02717184,
5.638437e-06,
1.573297e-11,
4.41409e-43,
1.287409e-33,
2.188806e-31,
2.534291e-29,
0,
0,
0,
0,
0,
0.1304525,
1.067287e-15,
0.4383597,
0.343095,
0,
0.01779981,
0.0201866,
7.309462e-15,
0,
0,
0,
0,
1.821118e-34,
0.05008195,
2.449136e-05,
2.414288e-10,
1.081381e-38,
3.224777e-30,
3.022382e-28,
1.438756e-26,
0,
0,
0,
0,
0,
0.08013258,
2.058921e-12,
0.3507389,
0.3084521,
0,
0.02792312,
0.035079,
1.042904e-11,
0,
0,
2.904291e-38,
0,
2.473153e-27,
0.1969037,
0.00077054,
1.086375e-07,
9.713998e-31,
8.580522e-24,
4.178261e-22,
2.296016e-20,
0,
0,
0,
0,
0,
0.04430676,
1.258899e-12,
0.288016,
0.2609441,
0.05168559,
0.01954054,
0.02684368,
5.603994e-12,
0.0006228822,
2.152644e-11,
3.369983e-41,
1.904406e-31,
8.044939e-29,
0.2847289,
0.0009617428,
8.444164e-08,
0.02229607,
5.365048e-05,
3.853584e-09,
1.163422e-21,
0,
0,
0,
0,
0,
0.03407664,
2.008045e-09,
0.2175541,
0.2132057,
6.002098e-40,
0.02832858,
0.04014555,
6.893092e-09,
0.0007097161,
1.453147e-42,
2.250035e-32,
0,
9.255867e-22,
0.4588279,
0.007145653,
6.191429e-06,
8.750752e-22,
4.472426e-17,
2.79584e-16,
2.656891e-16,
0,
0,
0,
0,
0,
0.01728425,
5.786742e-07,
0.1407691,
0.144929,
7.992133e-32,
0.02133167,
0.0323792,
1.007767e-06,
0,
6.77163e-35,
6.749686e-31,
0,
4.448626e-19,
0.6252306,
0.01804411,
3.052837e-05,
2.69713e-17,
9.297648e-14,
1.59574e-13,
1.030336e-14,
0,
0,
0,
0,
0,
0.1137146,
6.936187e-13,
0.411064,
0.3322599,
0,
0.02010362,
0.02345303,
2.122932e-12,
0.01524905,
0,
1.541428e-44,
0,
2.851296e-31,
0.08406832,
8.74683e-05,
2.036902e-09,
1.136237e-31,
4.11403e-25,
4.275698e-24,
2.052011e-24,
0,
0,
0,
0,
0,
0.136884,
2.447858e-14,
0.4382159,
0.3357317,
0,
0.01572807,
0.01750566,
8.357081e-14,
0.008470403,
0,
0,
0,
1.609829e-34,
0.04744288,
2.14236e-05,
1.597182e-10,
5.031581e-35,
8.377752e-28,
1.127669e-26,
5.416478e-27,
0,
0,
0,
0,
0,
0.1507604,
3.110486e-15,
0.4480012,
0.3321401,
0,
0.01330099,
0.01438358,
1.135507e-14,
0.008564536,
0,
0,
0,
1.621033e-36,
0.03284032,
8.889804e-06,
3.29681e-11,
4.921966e-37,
2.007121e-29,
3.092416e-28,
1.403974e-28,
0,
0,
0,
0,
0,
0.8173622,
0,
0.1531724,
0.02946356,
0,
1.390668e-06,
4.871424e-07,
0,
0,
0,
0,
0,
0,
1.546997e-09,
1.86018e-22,
9.082236e-41,
0,
0,
0,
0,
0,
0,
0,
0,
0,
0.1053704,
3.968842e-13,
0.4014399,
0.3320831,
0,
0.02244302,
0.02671989,
1.609198e-12,
0,
0,
8.3097e-43,
0,
1.989944e-30,
0.1117696,
0.0001740585,
6.829803e-09,
3.396261e-30,
6.547235e-24,
6.217154e-23,
3.334525e-23,
0,
0,
0,
0,
0,
0.02455707,
9.074278e-08,
0.1764636,
0.1767167,
4.388972e-34,
0.02427356,
0.0355296,
1.83811e-07,
0,
3.268365e-37,
6.5062e-32,
0,
2.657904e-20,
0.5506116,
0.01183373,
1.391101e-05,
1.391501e-18,
9.122367e-15,
1.895193e-14,
1.641e-15,
0,
0,
0,
0,
0,
0.08545936,
1.220857e-11,
0.3632748,
0.3153842,
0,
0.0268454,
0.03334554,
4.158184e-11,
0,
0,
3.226118e-39,
0,
2.161792e-27,
0.1751295,
0.0005611569,
6.018752e-08,
1.71573e-28,
2.15986e-22,
2.841478e-21,
5.64992e-21,
0,
0,
0,
0,
0,
0.2353734,
3.606179e-20,
0.4641442,
0.2871853,
0,
0.004848808,
0.004473846,
1.875686e-19,
5.688968e-06,
0,
0,
0,
0,
0.003968771,
6.407311e-08,
5.075857e-15,
4.806454e-43,
5.615032e-35,
1.829546e-34,
2.326821e-37,
0,
0,
0,
0,
0,
0.3064513,
7.509308e-24,
0.44682,
0.2420034,
0,
0.002163373,
0.001775914,
5.112123e-23,
0,
0,
0,
0,
0,
0.0007860777,
1.593687e-09,
7.442594e-18,
0,
4.485556e-41,
1.771157e-40,
7.567012e-44,
0,
0,
0,
0,
0,
0.04927506,
3.358526e-10,
0.2680378,
0.2540205,
1.434509e-41,
0.03131247,
0.04239425,
1.277762e-09,
0,
2.382207e-44,
1.685425e-33,
0,
4.617894e-23,
0.3512731,
0.003684823,
2.036966e-06,
8.598581e-23,
5.832617e-18,
3.475835e-17,
2.260329e-17,
0,
0,
0,
0,
0,
0.0761356,
5.047116e-11,
0.3416186,
0.3037375,
0,
0.02897175,
0.03674775,
1.646347e-10,
0,
0,
1.881761e-37,
0,
5.695248e-26,
0.2118428,
0.0009459076,
1.638742e-07,
4.259024e-26,
1.286354e-20,
9.64575e-20,
6.142121e-20,
0,
0,
0,
0,
0,
0.1244197,
2.023823e-14,
0.427853,
0.3382983,
0,
0.01842549,
0.02108379,
9.255709e-14,
0,
0,
0,
0,
3.298267e-33,
0.06986567,
5.401157e-05,
8.130034e-10,
5.688121e-33,
3.852491e-26,
4.470794e-25,
2.311407e-25,
0,
0,
0,
0,
0,
0.1068688,
2.304957e-14,
0.4044865,
0.3336366,
0,
0.0222386,
0.02640936,
1.460771e-13,
0,
0,
5.0727e-43,
0,
2.407546e-31,
0.1062068,
0.0001533204,
5.538298e-09,
7.797483e-40,
2.098146e-30,
1.396363e-27,
2.049425e-23,
0,
0,
0,
1972, 
0,
0,
0.1817777,
6.576739e-15,
0.467057,
0.3108187,
0,
0.008708113,
0.008933896,
1.287579e-14,
0,
0,
0,
0,
6.915164e-39,
0.02270044,
4.129914e-06,
6.239254e-12,
3.208494e-27,
4.595613e-23,
3.286014e-24,
3.481068e-30,
0,
0,
0,
0,
0,
0.3133394,
2.448899e-20,
0.4416324,
0.2360911,
0.003308347,
0.0022681,
0.00190235,
5.400019e-20,
0,
5.797528e-21,
0,
0,
0,
0.001405038,
6.834563e-09,
7.608581e-17,
5.323814e-05,
3.658548e-10,
4.997046e-18,
1.804312e-41,
0,
0,
0,
0,
0,
0.1933468,
9.428037e-17,
0.4687445,
0.3072962,
0,
0.008235934,
0.00836743,
3.388348e-16,
0,
0,
0,
0,
1.479631e-40,
0.01400777,
1.358446e-06,
1.180192e-12,
1.356758e-37,
2.364349e-30,
9.472136e-30,
8.010206e-32,
0,
0,
0,
0,
0,
0.1300701,
1.130493e-13,
0.4550888,
0.3314926,
0,
0.01508057,
0.0169539,
3.297732e-13,
0,
0,
0,
0,
1.354204e-33,
0.05128453,
2.950205e-05,
2.935763e-10,
4.52284e-31,
5.021012e-25,
1.572153e-24,
2.758443e-26,
0,
0,
0,
0,
0,
0.06834922,
1.664699e-11,
0.3640862,
0.3009646,
0.0383927,
0.02069394,
0.0261367,
4.57498e-11,
0,
1.824018e-11,
1.170294e-40,
2.086317e-31,
4.71742e-28,
0.1636591,
0.0004539885,
3.71943e-08,
0.01721988,
4.370508e-05,
3.356498e-09,
1.031657e-21,
0,
0,
0,
0,
0,
0.2247033,
8.467995e-19,
0.4644206,
0.2920308,
0,
0.005931972,
0.005719197,
4.047922e-18,
0,
0,
0,
0,
2.101948e-44,
0.007193807,
2.881495e-07,
7.359632e-14,
4.17629e-41,
3.490952e-33,
1.755503e-32,
1.351628e-34,
0,
0,
0,
0,
0,
0.3860626,
4.609668e-26,
0.4124663,
0.1991997,
0,
0.001154693,
0.0008805185,
3.571316e-25,
0,
0,
0,
0,
0,
0.0002361291,
1.201313e-10,
8.98702e-20,
0,
0,
0,
0,
0,
0,
0,
0,
0,
0.1593944,
6.411157e-17,
0.4699568,
0.3223239,
0,
0.01151492,
0.0123464,
4.101476e-16,
0,
0,
0,
0,
5.158987e-38,
0.02445847,
5.074593e-06,
1.415967e-11,
4.41409e-43,
1.287409e-33,
2.188806e-31,
2.534291e-29,
0,
0,
0,
0,
0,
0.127397,
1.067287e-15,
0.4591452,
0.3341549,
0,
0.01602499,
0.01817284,
7.309462e-15,
0,
0,
0,
0,
1.821118e-34,
0.04508295,
2.204222e-05,
2.17286e-10,
1.081381e-38,
3.224777e-30,
3.022382e-28,
1.438756e-26,
0,
0,
0,
0,
0,
0.07666895,
2.058921e-12,
0.3735519,
0.3134623,
0,
0.0252233,
0.03169342,
1.042904e-11,
0,
0,
2.613862e-38,
0,
2.473153e-27,
0.1787066,
0.000693486,
9.777379e-08,
9.713998e-31,
8.580522e-24,
4.178261e-22,
2.296016e-20,
0,
0,
0,
0,
0,
0.04487536,
1.258899e-12,
0.3019496,
0.2682622,
0.05168559,
0.01819507,
0.02498321,
5.603993e-12,
0.0006488153,
2.152644e-11,
3.006065e-41,
1.904405e-31,
8.044938e-29,
0.2661909,
0.0008594746,
7.53225e-08,
0.02229606,
5.365048e-05,
3.853584e-09,
1.163422e-21,
0,
0,
0,
0,
0,
0.03190159,
2.008045e-09,
0.2333467,
0.2225601,
6.002098e-40,
0.02572742,
0.03654062,
6.893092e-09,
0.0008006687,
1.453147e-42,
2.025042e-32,
0,
9.255867e-22,
0.4426856,
0.006431727,
5.572316e-06,
8.750752e-22,
4.472426e-17,
2.79584e-16,
2.656891e-16,
0,
0,
0,
0,
0,
0.01556989,
5.786742e-07,
0.1293902,
0.1333278,
7.992133e-32,
0.01922164,
0.02920701,
1.007767e-06,
0,
6.77163e-35,
6.074716e-31,
0,
4.448626e-19,
0.6570047,
0.01624979,
2.747553e-05,
2.69713e-17,
9.297648e-14,
1.59574e-13,
1.030336e-14,
0,
0,
0,
0,
0,
0.110263,
6.936187e-13,
0.431035,
0.3268326,
0,
0.01811006,
0.02112574,
2.122932e-12,
0.01680724,
0,
1.401298e-44,
0,
2.851296e-31,
0.07574762,
7.873651e-05,
1.833562e-09,
1.136237e-31,
4.11403e-25,
4.275698e-24,
2.052011e-24,
0,
0,
0,
0,
0,
0.1378357,
2.447858e-14,
0.4526052,
0.3274521,
0,
0.01417392,
0.01577227,
8.357081e-14,
0.009408382,
0,
0,
0,
1.609829e-34,
0.04273317,
1.928327e-05,
1.437615e-10,
5.031581e-35,
8.377752e-28,
1.127669e-26,
5.416478e-27,
0,
0,
0,
0,
0,
0.156124,
3.110486e-15,
0.45881,
0.3211036,
0,
0.0119842,
0.01295634,
1.135507e-14,
0.009447131,
0,
0,
0,
1.621033e-36,
0.02956673,
8.001677e-06,
2.967445e-11,
4.921966e-37,
2.007121e-29,
3.092416e-28,
1.403974e-28,
0,
0,
0,
0,
0,
0.8242143,
0,
0.1478004,
0.0279836,
0,
1.251601e-06,
4.384282e-07,
0,
0,
0,
0,
0,
0,
1.392297e-09,
1.674162e-22,
8.174054e-41,
0,
0,
0,
0,
0,
0,
0,
0,
0,
0.1042389,
3.968842e-13,
0.4212998,
0.3292252,
0,
0.0202363,
0.02408768,
1.609198e-12,
0,
0,
7.482934e-43,
0,
1.989944e-30,
0.1007555,
0.0001566527,
6.146823e-09,
3.396261e-30,
6.547235e-24,
6.217154e-23,
3.334525e-23,
0,
0,
0,
0,
0,
0.02259596,
9.074278e-08,
0.1927032,
0.1879158,
4.388972e-34,
0.02197541,
0.03224871,
1.83811e-07,
0,
3.268365e-37,
5.85558e-32,
0,
2.657904e-20,
0.5318977,
0.01065052,
1.251991e-05,
1.391501e-18,
9.122367e-15,
1.895193e-14,
1.640999e-15,
0,
0,
0,
0,
0,
0.08128053,
1.220857e-11,
0.3912338,
0.314973,
0,
0.024173,
0.03002581,
4.158184e-11,
0,
0,
2.903506e-39,
0,
2.161792e-27,
0.1578088,
0.0005050412,
5.416877e-08,
1.71573e-28,
2.15986e-22,
2.841478e-21,
5.64992e-21,
0,
0,
0,
0,
0,
0.2476411,
3.606179e-20,
0.4658763,
0.2745015,
0,
0.004368924,
0.004029722,
1.875686e-19,
9.819967e-06,
0,
0,
0,
0,
0.003572589,
5.76658e-08,
4.568272e-15,
4.806454e-43,
5.615032e-35,
1.829546e-34,
2.326821e-37,
0,
0,
0,
0,
0,
0.3343101,
7.509308e-24,
0.4342577,
0.2271751,
0,
0.001949873,
0.001599792,
5.112123e-23,
0,
0,
0,
0,
0,
0.0007074699,
1.434318e-09,
6.698334e-18,
0,
4.485556e-41,
1.771157e-40,
7.567012e-44,
0,
0,
0,
0,
0,
0.04621175,
3.358526e-10,
0.2904465,
0.2661187,
1.434509e-41,
0.02838126,
0.03848849,
1.277762e-09,
0,
2.382207e-44,
1.516883e-33,
0,
4.617894e-23,
0.3270351,
0.003316341,
1.83327e-06,
8.598581e-23,
5.832617e-18,
3.475835e-17,
2.260329e-17,
0,
0,
0,
0,
0,
0.0723366,
5.047116e-11,
0.3657653,
0.3099327,
0,
0.02616013,
0.03319084,
1.646347e-10,
0,
0,
1.693585e-37,
0,
5.695248e-26,
0.1917629,
0.0008513168,
1.474868e-07,
4.259024e-26,
1.286354e-20,
9.64575e-20,
6.142121e-20,
0,
0,
0,
0,
0,
0.1275952,
2.023823e-14,
0.4421461,
0.3316539,
0,
0.01662159,
0.01901121,
9.255709e-14,
0,
0,
0,
0,
3.298267e-33,
0.0629233,
4.861041e-05,
7.317031e-10,
5.688121e-33,
3.852491e-26,
4.470794e-25,
2.311407e-25,
0,
0,
0,
0,
0,
0.1060542,
2.304957e-14,
0.4226033,
0.3315893,
0,
0.02007656,
0.02383458,
1.460771e-13,
0,
0,
4.568233e-43,
0,
2.407546e-31,
0.09570398,
0.0001379884,
4.984468e-09,
7.797483e-40,
2.098146e-30,
1.396363e-27,
2.049425e-23,
0,
0,
0,
1973, 
0,
0,
0.1913999,
6.576738e-15,
0.4668173,
0.3050292,
0,
0.008055527,
0.008213749,
1.287579e-14,
0,
0,
0,
0,
6.915164e-39,
0.02048062,
3.671034e-06,
5.546003e-12,
3.208493e-27,
4.595613e-23,
3.286014e-24,
3.481068e-30,
0,
0,
0,
0,
0,
0.333208,
2.448899e-20,
0.433033,
0.2253974,
0.003308347,
0.002041982,
0.001706961,
5.400019e-20,
0,
5.797528e-21,
0,
0,
0,
0.0012511,
6.07232e-09,
6.760013e-17,
5.323814e-05,
3.658548e-10,
4.997046e-18,
1.804312e-41,
0,
0,
0,
0,
0,
0.2067449,
9.428039e-17,
0.4667434,
0.2988642,
0,
0.007514737,
0.007594239,
3.388349e-16,
0,
0,
0,
0,
1.479631e-40,
0.01253731,
1.207508e-06,
1.04906e-12,
1.356758e-37,
2.364349e-30,
9.472137e-30,
8.010208e-32,
0,
0,
0,
0,
0,
0.1370383,
1.130493e-13,
0.457895,
0.3283906,
0,
0.01411957,
0.01576924,
3.297732e-13,
0,
0,
0,
0,
1.354204e-33,
0.04676103,
2.622405e-05,
2.609567e-10,
4.52284e-31,
5.021012e-25,
1.572153e-24,
2.758443e-26,
0,
0,
0,
0,
0,
0.07019506,
1.664699e-11,
0.3715967,
0.3038624,
0.03756616,
0.01959884,
0.024674,
4.57498e-11,
0,
1.784749e-11,
1.03336e-40,
2.041401e-31,
4.71742e-28,
0.1552082,
0.0004067147,
3.284197e-08,
0.01684916,
4.276416e-05,
3.284237e-09,
1.031657e-21,
0,
0,
0,
0,
0,
0.2401337,
8.467995e-19,
0.4603318,
0.2825367,
0,
0.005392722,
0.005173826,
4.047922e-18,
0,
0,
0,
0,
2.101948e-44,
0.006430971,
2.561329e-07,
6.541895e-14,
4.17629e-41,
3.490952e-33,
1.755503e-32,
1.351628e-34,
0,
0,
0,
0,
0,
0.4147958,
4.609669e-26,
0.3971816,
0.1859983,
0,
0.001030025,
0.0007844819,
3.571316e-25,
0,
0,
0,
0,
0,
0.0002098925,
1.067834e-10,
7.988463e-20,
0,
0,
0,
0,
0,
0,
0,
0,
0,
0.1688405,
6.411157e-17,
0.4705153,
0.3165227,
0,
0.01063734,
0.01133518,
4.101476e-16,
0,
0,
0,
0,
5.158987e-38,
0.02214445,
4.510749e-06,
1.258637e-11,
4.41409e-43,
1.287409e-33,
2.188806e-31,
2.534291e-29,
0,
0,
0,
0,
0,
0.1351815,
1.067287e-15,
0.4618602,
0.3302824,
0,
0.01491387,
0.01680195,
7.309462e-15,
0,
0,
0,
0,
1.821118e-34,
0.04094045,
1.959309e-05,
1.931431e-10,
1.081381e-38,
3.224777e-30,
3.022382e-28,
1.438756e-26,
0,
0,
0,
0,
0,
0.08139471,
2.058921e-12,
0.3814945,
0.3163577,
0,
0.02419955,
0.03019502,
1.042904e-11,
0,
0,
2.323433e-38,
0,
2.473153e-27,
0.1657372,
0.000621324,
8.691004e-08,
9.713998e-31,
8.580522e-24,
4.178261e-22,
2.296016e-20,
0,
0,
0,
0,
0,
0.04940101,
1.258899e-12,
0.3088099,
0.2722566,
0.05168559,
0.01849389,
0.02502139,
5.603993e-12,
0.0006830539,
2.152644e-11,
2.642148e-41,
1.904405e-31,
8.044938e-29,
0.2505073,
0.0007915723,
6.620336e-08,
0.02229606,
5.365048e-05,
3.853584e-09,
1.163422e-21,
0,
0,
0,
0,
0,
0.03335531,
2.008045e-09,
0.2450503,
0.2309009,
6.002098e-40,
0.02469196,
0.03499875,
6.893092e-09,
0.0008026516,
1.453147e-42,
1.800049e-32,
0,
9.255867e-22,
0.4244229,
0.005772328,
4.953202e-06,
8.750752e-22,
4.472426e-17,
2.79584e-16,
2.656891e-16,
0,
0,
0,
0,
0,
0.01423782,
5.786742e-07,
0.1245357,
0.1284323,
7.992133e-32,
0.01761541,
0.02695305,
1.007767e-06,
0,
6.77163e-35,
5.399747e-31,
0,
4.448626e-19,
0.6734184,
0.01478132,
2.442268e-05,
2.69713e-17,
9.297648e-14,
1.59574e-13,
1.030336e-14,
0,
0,
0,
0,
0,
0.1168287,
6.936186e-13,
0.4353822,
0.3250213,
0,
0.01700014,
0.0196963,
2.122932e-12,
0.01677915,
0,
1.261169e-44,
0,
2.851296e-31,
0.069222,
7.023871e-05,
1.630223e-09,
1.136237e-31,
4.11403e-25,
4.275698e-24,
2.052011e-24,
0,
0,
0,
0,
0,
0.1466131,
2.447858e-14,
0.4548402,
0.32287,
0,
0.01313288,
0.01451999,
8.35708e-14,
0.009331019,
0,
0,
0,
1.609829e-34,
0.03867562,
1.714295e-05,
1.278049e-10,
5.031581e-35,
8.377752e-28,
1.127669e-26,
5.416478e-27,
0,
0,
0,
0,
0,
0.1657962,
3.110486e-15,
0.4597776,
0.3154193,
0,
0.01106064,
0.01188405,
1.135507e-14,
0.009415573,
0,
0,
0,
1.621033e-36,
0.02663956,
7.113551e-06,
2.638081e-11,
4.921966e-37,
2.007121e-29,
3.092416e-28,
1.403974e-28,
0,
0,
0,
0,
0,
0.8315429,
0,
0.1420415,
0.02641404,
0,
1.112534e-06,
3.897139e-07,
0,
0,
0,
0,
0,
0,
1.237597e-09,
1.488144e-22,
7.265873e-41,
0,
0,
0,
0,
0,
0,
0,
0,
0,
0.1117273,
3.968842e-13,
0.4272892,
0.3280394,
0,
0.01892829,
0.02237133,
1.609198e-12,
0,
0,
6.656168e-43,
0,
1.989944e-30,
0.09150491,
0.0001394935,
5.463842e-09,
3.396261e-30,
6.547235e-24,
6.217154e-23,
3.334525e-23,
0,
0,
0,
0,
0,
0.02341609,
9.074277e-08,
0.2054785,
0.1982581,
4.388972e-34,
0.02118847,
0.03112711,
1.83811e-07,
0,
3.268365e-37,
5.20496e-32,
0,
2.657904e-20,
0.5109951,
0.009525132,
1.11288e-05,
1.391501e-18,
9.122367e-15,
1.895193e-14,
1.640999e-15,
0,
0,
0,
0,
0,
0.08795973,
1.220857e-11,
0.3997765,
0.3165792,
0,
0.02279285,
0.0280973,
4.158184e-11,
0,
0,
2.580893e-39,
0,
2.161792e-27,
0.144344,
0.0004503482,
4.815002e-08,
1.71573e-28,
2.15986e-22,
2.841478e-21,
5.64992e-21,
0,
0,
0,
0,
0,
0.2602633,
3.606179e-20,
0.4620566,
0.2667818,
0,
0.004003827,
0.003672875,
1.875686e-19,
9.746772e-06,
0,
0,
0,
0,
0.003211846,
5.12585e-08,
4.060687e-15,
4.806454e-43,
5.615032e-35,
1.829546e-34,
2.326821e-37,
0,
0,
0,
0,
0,
0.360286,
7.509308e-24,
0.4218707,
0.2140429,
0,
0.001743594,
0.001427832,
5.112123e-23,
0,
0,
0,
0,
0,
0.0006289826,
1.274949e-09,
5.954075e-18,
0,
4.485556e-41,
1.771157e-40,
7.567012e-44,
0,
0,
0,
0,
0,
0.04843797,
3.358526e-10,
0.3002766,
0.2726565,
1.434509e-41,
0.02757057,
0.03724251,
1.277762e-09,
0,
2.382207e-44,
1.34834e-33,
0,
4.617894e-23,
0.310825,
0.002989129,
1.629573e-06,
8.598581e-23,
5.832617e-18,
3.475835e-17,
2.260329e-17,
0,
0,
0,
0,
0,
0.07694428,
5.047116e-11,
0.3744618,
0.3137408,
0,
0.02520316,
0.03175311,
1.646347e-10,
0,
0,
1.505409e-37,
0,
5.695248e-26,
0.1771353,
0.0007614148,
1.310994e-07,
4.259024e-26,
1.286354e-20,
9.64575e-20,
6.142121e-20,
0,
0,
0,
0,
0,
0.1372297,
2.023823e-14,
0.4458607,
0.327444,
0,
0.01535362,
0.01744667,
9.255709e-14,
0,
0,
0,
0,
3.298267e-33,
0.05662217,
4.320925e-05,
6.504028e-10,
5.688122e-33,
3.852491e-26,
4.470795e-25,
2.311407e-25,
0,
0,
0,
0,
0,
0.112835,
2.304957e-14,
0.4282384,
0.3306448,
0,
0.01886317,
0.02223716,
1.460771e-13,
0,
0,
4.063766e-43,
0,
2.407546e-31,
0.0870586,
0.0001229198,
4.430639e-09,
7.797483e-40,
2.098146e-30,
1.396363e-27,
2.049425e-23,
0,
0,
0,
1974, 
0,
0,
0.201764,
6.576738e-15,
0.4663931,
0.2987801,
0,
0.007378094,
0.007469132,
1.287579e-14,
0,
0,
0,
0,
6.915164e-39,
0.01821239,
3.212155e-06,
4.852753e-12,
3.208493e-27,
4.595613e-23,
3.286014e-24,
3.481067e-30,
0,
0,
0,
0,
0,
0.3543253,
2.448899e-20,
0.4237684,
0.2141273,
0.003308347,
0.001812036,
0.001508919,
5.400019e-20,
0,
5.797528e-21,
0,
0,
0,
0.001096486,
5.310078e-09,
5.911446e-17,
5.323814e-05,
3.658548e-10,
4.997046e-18,
1.804312e-41,
0,
0,
0,
0,
0,
0.2212596,
9.428038e-17,
0.4643452,
0.2897763,
0,
0.006771716,
0.006801109,
3.388348e-16,
0,
0,
0,
0,
1.479631e-40,
0.01104502,
1.056569e-06,
9.179272e-13,
1.356758e-37,
2.364349e-30,
9.472136e-30,
8.010207e-32,
0,
0,
0,
0,
0,
0.1444582,
1.130493e-13,
0.4607229,
0.3250115,
0,
0.01312071,
0.01454203,
3.297732e-13,
0,
0,
0,
0,
1.354204e-33,
0.0421217,
2.294604e-05,
2.283371e-10,
4.52284e-31,
5.021012e-25,
1.572153e-24,
2.758443e-26,
0,
0,
0,
0,
0,
0.07378577,
1.664699e-11,
0.3771568,
0.3059953,
0.03673961,
0.01907305,
0.02382635,
4.57498e-11,
0,
1.74548e-11,
8.964246e-41,
1.996485e-31,
4.71742e-28,
0.146537,
0.0003658163,
2.848964e-08,
0.01647844,
4.182325e-05,
3.211976e-09,
1.031657e-21,
0,
0,
0,
0,
0,
0.2572291,
8.467995e-19,
0.4555261,
0.2721407,
0,
0.004834871,
0.004612714,
4.047922e-18,
0,
0,
0,
0,
2.101948e-44,
0.005656326,
2.241163e-07,
5.724158e-14,
4.17629e-41,
3.490952e-33,
1.755503e-32,
1.351628e-34,
0,
0,
0,
0,
0,
0.4456727,
4.609668e-26,
0.3805006,
0.1720507,
0,
0.0009044,
0.0006879263,
3.571316e-25,
0,
0,
0,
0,
0,
0.0001836559,
9.34355e-11,
6.989904e-20,
0,
0,
0,
0,
0,
0,
0,
0,
0,
0.1782276,
6.411158e-17,
0.471086,
0.3107606,
0,
0.009762534,
0.01032683,
4.101476e-16,
0,
0,
0,
0,
5.158987e-38,
0.01983251,
3.946905e-06,
1.101308e-11,
4.41409e-43,
1.287409e-33,
2.188806e-31,
2.534291e-29,
0,
0,
0,
0,
0,
0.1434774,
1.067287e-15,
0.4646184,
0.3261267,
0,
0.01376477,
0.01538878,
7.309462e-15,
0,
0,
0,
0,
1.821118e-34,
0.03660686,
1.714395e-05,
1.690002e-10,
1.081381e-38,
3.224777e-30,
3.022382e-28,
1.438756e-26,
0,
0,
0,
0,
0,
0.08647469,
2.058921e-12,
0.3898192,
0.3192751,
0,
0.02310903,
0.02860691,
1.042904e-11,
0,
0,
2.033004e-38,
0,
2.473153e-27,
0.1521668,
0.0005481648,
7.604629e-08,
9.713998e-31,
8.580522e-24,
4.178261e-22,
2.296016e-20,
0,
0,
0,
0,
0,
0.05427692,
1.258899e-12,
0.3160663,
0.2763934,
0.05168559,
0.01876658,
0.0250053,
5.603993e-12,
0.0009281742,
2.152644e-11,
2.278231e-41,
1.904405e-31,
8.044938e-29,
0.2338089,
0.0007189874,
5.708421e-08,
0.02229606,
5.365048e-05,
3.853584e-09,
1.163422e-21,
0,
0,
0,
0,
0,
0.03652344,
2.008045e-09,
0.2556878,
0.2386542,
6.002098e-40,
0.02455634,
0.03448205,
6.893092e-09,
0.0009058276,
1.453147e-42,
1.575056e-32,
0,
9.255867e-22,
0.404001,
0.005184973,
4.334089e-06,
8.750752e-22,
4.472426e-17,
2.79584e-16,
2.656891e-16,
0,
0,
0,
0,
0,
0.01360319,
5.786742e-07,
0.1233971,
0.1272491,
7.992132e-32,
0.01681731,
0.02589207,
1.007767e-06,
0,
6.771629e-35,
4.724776e-31,
0,
4.448626e-19,
0.679146,
0.0138718,
2.176772e-05,
2.69713e-17,
9.297647e-14,
1.59574e-13,
1.030336e-14,
0,
0,
0,
0,
0,
0.1237588,
6.936186e-13,
0.4396135,
0.3228183,
0,
0.01583767,
0.01820594,
2.122932e-12,
0.0172554,
0,
1.121039e-44,
0,
2.851296e-31,
0.06244872,
6.167602e-05,
1.426883e-09,
1.136237e-31,
4.11403e-25,
4.275698e-24,
2.052011e-24,
0,
0,
0,
0,
0,
0.1560426,
2.447858e-14,
0.4568468,
0.3177203,
0,
0.01204592,
0.01321884,
8.35708e-14,
0.009597213,
0,
0,
0,
1.609829e-34,
0.03451335,
1.500262e-05,
1.118482e-10,
5.03158e-35,
8.377751e-28,
1.127669e-26,
5.416478e-27,
0,
0,
0,
0,
0,
0.1748879,
3.110486e-15,
0.4606958,
0.3099813,
0,
0.01016069,
0.01083642,
1.135507e-14,
0.009668764,
0,
0,
0,
1.621033e-36,
0.0237629,
6.225423e-06,
2.308716e-11,
4.921966e-37,
2.007121e-29,
3.092416e-28,
1.403974e-28,
0,
0,
0,
0,
0,
0.8393292,
0,
0.1359093,
0.02476018,
0,
9.734673e-07,
3.409997e-07,
0,
0,
0,
0,
0,
0,
1.082897e-09,
1.302126e-22,
6.357691e-41,
0,
0,
0,
0,
0,
0,
0,
0,
0,
0.1199539,
3.968842e-13,
0.4334606,
0.3264708,
0,
0.01754117,
0.02056205,
1.609198e-12,
0,
0,
5.829402e-43,
0,
1.989944e-30,
0.08188915,
0.0001222388,
4.780862e-09,
3.396261e-30,
6.547235e-24,
6.217154e-23,
3.334525e-23,
0,
0,
0,
0,
0,
0.02537086,
9.074277e-08,
0.2187819,
0.209193,
4.388972e-34,
0.02104456,
0.03078577,
1.83811e-07,
0,
3.268365e-37,
4.554339e-32,
0,
2.657904e-20,
0.4863771,
0.008436751,
9.737702e-06,
1.391501e-18,
9.122366e-15,
1.895193e-14,
1.640999e-15,
0,
0,
0,
0,
0,
0.09498635,
1.220857e-11,
0.4085426,
0.3180932,
0,
0.02136174,
0.02610468,
4.158184e-11,
0,
0,
2.258281e-39,
0,
2.161792e-27,
0.1305161,
0.0003953703,
4.213127e-08,
1.71573e-28,
2.15986e-22,
2.841478e-21,
5.64992e-21,
0,
0,
0,
0,
0,
0.2738534,
3.606179e-20,
0.457827,
0.2585317,
0,
0.003627159,
0.003306148,
1.875686e-19,
1.001304e-05,
0,
0,
0,
0,
0.002844523,
4.485119e-08,
3.553101e-15,
4.806454e-43,
5.615032e-35,
1.829546e-34,
2.326821e-37,
0,
0,
0,
0,
0,
0.3885241,
7.509308e-24,
0.408131,
0.2000055,
0,
0.001534685,
0.001254259,
5.112123e-23,
0,
0,
0,
0,
0,
0.0005503749,
1.115581e-09,
5.209816e-18,
0,
4.485556e-41,
1.771157e-40,
7.567012e-44,
0,
0,
0,
0,
0,
0.05173604,
3.358526e-10,
0.309344,
0.2787498,
1.434509e-41,
0.02726852,
0.03655227,
1.277762e-09,
0,
2.382207e-44,
1.179798e-33,
0,
4.617894e-23,
0.2936664,
0.002681457,
1.425876e-06,
8.598581e-23,
5.832617e-18,
3.475835e-17,
2.260329e-17,
0,
0,
0,
0,
0,
0.08192764,
5.047116e-11,
0.3835722,
0.317566,
0,
0.02416448,
0.03020409,
1.646347e-10,
0,
0,
1.317233e-37,
0,
5.695248e-26,
0.1618949,
0.0006705141,
1.14712e-07,
4.259024e-26,
1.286354e-20,
9.64575e-20,
6.142121e-20,
0,
0,
0,
0,
0,
0.1476005,
2.023823e-14,
0.4495297,
0.3227675,
0,
0.01403775,
0.01583032,
9.255709e-14,
0,
0,
0,
0,
3.298267e-33,
0.05019645,
3.780809e-05,
5.691024e-10,
5.688122e-33,
3.852491e-26,
4.470794e-25,
2.311407e-25,
0,
0,
0,
0,
0,
0.1202561,
2.304957e-14,
0.4342661,
0.3295821,
0,
0.01758941,
0.02056701,
1.460771e-13,
0,
0,
3.559298e-43,
0,
2.407546e-31,
0.07763166,
0.0001075877,
3.876809e-09,
7.797483e-40,
2.098146e-30,
1.396363e-27,
2.049425e-23,
0,
0,
0,
1975, 
0,
0,
0.21279,
6.576739e-15,
0.4657892,
0.2921215,
0,
0.006680236,
0.006704637,
1.287579e-14,
0,
0,
0,
0,
6.915164e-39,
0.01591156,
2.753276e-06,
4.159503e-12,
3.208493e-27,
4.595613e-23,
3.286014e-24,
3.481068e-30,
0,
0,
0,
0,
0,
0.3767991,
2.448899e-20,
0.4137656,
0.2022454,
0.003308347,
0.001578534,
0.001308459,
5.400019e-20,
0,
5.797528e-21,
0,
0,
0,
0.0009412974,
4.547835e-09,
5.062878e-17,
5.323814e-05,
3.658547e-10,
4.997046e-18,
1.804312e-41,
0,
0,
0,
0,
0,
0.236931,
9.428037e-17,
0.4615124,
0.2800202,
0,
0.006008829,
0.005990149,
3.388348e-16,
0,
0,
0,
0,
1.479631e-40,
0.009536464,
9.056305e-07,
7.867947e-13,
1.356758e-37,
2.364349e-30,
9.472136e-30,
8.010206e-32,
0,
0,
0,
0,
0,
0.152377,
1.130493e-13,
0.4635653,
0.321328,
0,
0.0120828,
0.01327136,
3.297732e-13,
0,
0,
0,
0,
1.354204e-33,
0.03735584,
1.966803e-05,
1.957175e-10,
4.52284e-31,
5.021012e-25,
1.572153e-24,
2.758443e-26,
0,
0,
0,
0,
0,
0.07793933,
1.664699e-11,
0.3831453,
0.3082911,
0.03591307,
0.01855721,
0.02296879,
4.57498e-11,
0,
1.706212e-11,
7.594898e-41,
1.95157e-31,
4.71742e-28,
0.136714,
0.0003224935,
2.413731e-08,
0.01610772,
4.088234e-05,
3.139715e-09,
1.031657e-21,
0,
0,
0,
0,
0,
0.2763076,
8.467995e-19,
0.449822,
0.2607016,
0,
0.004258789,
0.004036584,
4.047922e-18,
0,
0,
0,
0,
2.101948e-44,
0.004873161,
1.920997e-07,
4.906421e-14,
4.17629e-41,
3.490952e-33,
1.755503e-32,
1.351628e-34,
0,
0,
0,
0,
0,
0.479629,
4.609668e-26,
0.3617606,
0.1570844,
0,
0.0007778035,
0.0005908659,
3.571316e-25,
0,
0,
0,
0,
0,
0.0001574194,
8.008757e-11,
5.991345e-20,
0,
0,
0,
0,
0,
0,
0,
0,
0,
0.1877262,
6.411157e-17,
0.4716413,
0.3049312,
0,
0.008882715,
0.00931331,
4.101476e-16,
0,
0,
0,
0,
5.158987e-38,
0.01750191,
3.383061e-06,
9.439781e-12,
4.41409e-43,
1.287409e-33,
2.188806e-31,
2.534291e-29,
0,
0,
0,
0,
0,
0.1523675,
1.067287e-15,
0.4673773,
0.3216084,
0,
0.01257307,
0.01392876,
7.309462e-15,
0,
0,
0,
0,
1.821118e-34,
0.03213032,
1.469482e-05,
1.448573e-10,
1.081381e-38,
3.224777e-30,
3.022382e-28,
1.438756e-26,
0,
0,
0,
0,
0,
0.09186938,
2.058921e-12,
0.3984867,
0.3222215,
0,
0.02196394,
0.02694583,
1.042904e-11,
0,
0,
1.742575e-38,
0,
2.473153e-27,
0.1380384,
0.0004742038,
6.518254e-08,
9.713998e-31,
8.580522e-24,
4.17826e-22,
2.296016e-20,
0,
0,
0,
0,
0,
0.05941343,
1.258899e-12,
0.3238063,
0.280735,
0.05168559,
0.01898423,
0.0249073,
5.603993e-12,
0.001179075,
2.152644e-11,
1.914314e-41,
1.904405e-31,
8.044938e-29,
0.2162974,
0.0006419285,
4.796507e-08,
0.02229606,
5.365048e-05,
3.853584e-09,
1.163422e-21,
0,
0,
0,
0,
0,
0.04021126,
2.008045e-09,
0.2664365,
0.2464987,
6.002098e-40,
0.02462949,
0.03418316,
6.893092e-09,
0.0008871874,
1.453147e-42,
1.350063e-32,
0,
9.255867e-22,
0.3825398,
0.004610169,
3.714975e-06,
8.750752e-22,
4.472426e-17,
2.79584e-16,
2.656891e-16,
0,
0,
0,
0,
0,
0.01317199,
5.786742e-07,
0.1231413,
0.1269281,
7.992133e-32,
0.01622864,
0.02511879,
1.007767e-06,
0,
6.77163e-35,
4.049807e-31,
0,
4.448626e-19,
0.6823438,
0.01304651,
1.92779e-05,
2.69713e-17,
9.297648e-14,
1.59574e-13,
1.030336e-14,
0,
0,
0,
0,
0,
0.1313805,
6.936187e-13,
0.4444777,
0.3207283,
0,
0.01463779,
0.01667059,
2.122932e-12,
0.01659495,
0,
9.809089e-45,
0,
2.851296e-31,
0.05545711,
5.306322e-05,
1.223543e-09,
1.136237e-31,
4.11403e-25,
4.275698e-24,
2.052011e-24,
0,
0,
0,
0,
0,
0.1664236,
2.447858e-14,
0.459083,
0.3122717,
0,
0.01091947,
0.01187559,
8.357082e-14,
0.009168517,
0,
0,
0,
1.60983e-34,
0.03024524,
1.28623e-05,
9.589157e-11,
5.031581e-35,
8.377752e-28,
1.127669e-26,
5.416478e-27,
0,
0,
0,
0,
0,
0.1835778,
3.110485e-15,
0.4619935,
0.3050845,
0,
0.009292806,
0.009821972,
1.135507e-14,
0.009278747,
0,
0,
0,
1.621033e-36,
0.02094531,
5.337296e-06,
1.979351e-11,
4.921966e-37,
2.007121e-29,
3.092416e-28,
1.403974e-28,
0,
0,
0,
0,
0,
0.8476629,
0,
0.1293282,
0.0230078,
0,
8.344006e-07,
2.922854e-07,
0,
0,
0,
0,
0,
0,
9.281978e-10,
1.116108e-22,
5.44951e-41,
0,
0,
0,
0,
0,
0,
0,
0,
0,
0.1287428,
3.968842e-13,
0.4397466,
0.3246044,
0,
0.01609896,
0.01868891,
1.609199e-12,
0,
0,
5.002636e-43,
0,
1.989944e-30,
0.07201359,
0.000104833,
4.097882e-09,
3.396261e-30,
6.547235e-24,
6.217154e-23,
3.334525e-23,
0,
0,
0,
0,
0,
0.02783473,
9.074277e-08,
0.2328563,
0.2207071,
4.388972e-34,
0.02107468,
0.03062644,
1.83811e-07,
0,
3.268365e-37,
3.903719e-32,
0,
2.657904e-20,
0.4595443,
0.007347847,
8.346601e-06,
1.391501e-18,
9.122366e-15,
1.895193e-14,
1.640999e-15,
0,
0,
0,
0,
0,
0.1024089,
1.220857e-11,
0.4175629,
0.319509,
0,
0.01987666,
0.02404465,
4.158184e-11,
0,
0,
1.935668e-39,
0,
2.161792e-27,
0.1162578,
0.0003401032,
3.611252e-08,
1.71573e-28,
2.15986e-22,
2.841478e-21,
5.64992e-21,
0,
0,
0,
0,
0,
0.2885177,
3.606179e-20,
0.453126,
0.2497012,
0,
0.003238978,
0.002929739,
1.875686e-19,
1.517251e-05,
0,
0,
0,
0,
0.0024712,
3.844388e-08,
3.045516e-15,
4.806454e-43,
5.615032e-35,
1.829546e-34,
2.326821e-37,
0,
0,
0,
0,
0,
0.4189138,
7.509308e-24,
0.3930701,
0.1851409,
0,
0.001323871,
0.001079557,
5.112122e-23,
0,
0,
0,
0,
0,
0.0004717671,
9.562118e-10,
4.465556e-18,
0,
4.485556e-41,
1.771157e-40,
7.567012e-44,
0,
0,
0,
0,
0,
0.05522036,
3.358526e-10,
0.3188635,
0.2851016,
1.434509e-41,
0.02693103,
0.03580421,
1.277762e-09,
0,
2.382207e-44,
1.011255e-33,
0,
4.617894e-23,
0.2757112,
0.002366854,
1.22218e-06,
8.598581e-23,
5.832617e-18,
3.475835e-17,
2.260329e-17,
0,
0,
0,
0,
0,
0.08729307,
5.047116e-11,
0.3930902,
0.3214025,
0,
0.02304785,
0.0285498,
1.646347e-10,
0,
0,
1.129056e-37,
0,
5.695248e-26,
0.1460377,
0.0005787541,
9.832455e-08,
4.259024e-26,
1.286354e-20,
9.64575e-20,
6.142121e-20,
0,
0,
0,
0,
0,
0.1586605,
2.023823e-14,
0.4531248,
0.3176449,
0,
0.01268068,
0.01417001,
9.255709e-14,
0,
0,
0,
0,
3.298267e-33,
0.04368675,
3.240693e-05,
4.87802e-10,
5.688121e-33,
3.852491e-26,
4.470794e-25,
2.311407e-25,
0,
0,
0,
0,
0,
0.1282565,
2.304957e-14,
0.4405492,
0.3283266,
0,
0.01625962,
0.01883046,
1.460771e-13,
0,
0,
3.054831e-43,
0,
2.407546e-31,
0.06768542,
9.225566e-05,
3.322979e-09,
7.797483e-40,
2.098146e-30,
1.396363e-27,
2.049425e-23,
0,
0,
0,
1976, 
0,
0,
0.2257537,
5.978854e-15,
0.4648652,
0.2842892,
0,
0.005892704,
0.00584543,
1.170527e-14,
0,
0,
0,
0,
6.286512e-39,
0.01335147,
2.252681e-06,
3.403231e-12,
2.916812e-27,
4.17783e-23,
2.987286e-24,
3.164607e-30,
0,
0,
0,
0,
0,
0.4030853,
2.226272e-20,
0.4020565,
0.1886214,
0.003007588,
0.001320875,
0.001087962,
4.909108e-20,
0,
5.270479e-21,
0,
0,
0,
0.0007719035,
3.718627e-09,
4.139761e-17,
4.839831e-05,
3.325952e-10,
4.542769e-18,
1.64022e-41,
0,
0,
0,
0,
0,
0.2552864,
8.570943e-17,
0.4579253,
0.2686624,
0,
0.005157584,
0.005088712,
3.080316e-16,
0,
0,
0,
0,
1.34512e-40,
0.007878837,
7.409704e-07,
6.437412e-13,
1.233417e-37,
2.149408e-30,
8.611032e-30,
7.282006e-32,
0,
0,
0,
0,
0,
0.1616521,
1.027721e-13,
0.4666711,
0.316923,
0,
0.01090439,
0.01183431,
2.997939e-13,
0,
0,
0,
0,
1.231095e-33,
0.03199897,
1.609203e-05,
1.601325e-10,
4.111673e-31,
4.564557e-25,
1.42923e-24,
2.507675e-26,
0,
0,
0,
0,
0,
0.08327113,
1.513363e-11,
0.3918218,
0.3122539,
0.03219741,
0.01801016,
0.02204276,
4.159073e-11,
0,
1.529682e-11,
6.157586e-41,
1.749655e-31,
4.288564e-28,
0.1256503,
0.0002746487,
1.956901e-08,
0.01444117,
3.665254e-05,
2.814872e-09,
9.378698e-22,
0,
0,
0,
0,
0,
0.2994826,
7.698178e-19,
0.4425308,
0.2469705,
0,
0.003610722,
0.003392562,
3.67993e-18,
0,
0,
0,
0,
1.961818e-44,
0.004012701,
1.571725e-07,
4.014344e-14,
3.796678e-41,
3.173593e-33,
1.595911e-32,
1.228753e-34,
0,
0,
0,
0,
0,
0.5205336,
4.190608e-26,
0.3386514,
0.1395627,
0,
0.0006389303,
0.0004846062,
3.246651e-25,
0,
0,
0,
0,
0,
0.0001287976,
6.55262e-11,
4.90201e-20,
0,
0,
0,
0,
0,
0,
0,
0,
0,
0.1983336,
5.828325e-17,
0.4722055,
0.2984182,
0,
0.007911914,
0.00819636,
3.728615e-16,
0,
0,
0,
0,
4.689988e-38,
0.01493158,
2.767959e-06,
7.723456e-12,
4.007714e-43,
1.170372e-33,
1.989824e-31,
2.303901e-29,
0,
0,
0,
0,
0,
0.162693,
9.702611e-16,
0.4703592,
0.3162854,
0,
0.01123093,
0.01229024,
6.644965e-15,
0,
0,
0,
0,
1.655562e-34,
0.02712912,
1.202303e-05,
1.185196e-10,
9.830734e-39,
2.931615e-30,
2.74762e-28,
1.30796e-26,
0,
0,
0,
0,
0,
0.09817743,
1.871747e-12,
0.4083805,
0.3254583,
0,
0.02064399,
0.02503998,
9.480944e-12,
0,
0,
1.425743e-38,
0,
2.248321e-27,
0.1219072,
0.00039264,
5.333117e-08,
8.830908e-31,
7.800474e-24,
3.798419e-22,
2.087288e-20,
0,
0,
0,
0,
0,
0.06578775,
1.144453e-12,
0.3352076,
0.2877665,
0.04698689,
0.01928404,
0.02487634,
5.094539e-12,
0.001411312,
1.956949e-11,
1.541849e-41,
1.731278e-31,
7.313579e-29,
0.1978037,
0.0005578913,
3.863053e-08,
0.02026915,
4.877316e-05,
3.503258e-09,
1.057656e-21,
0,
0,
0,
0,
0,
0.04450122,
1.825495e-09,
0.2788945,
0.2555213,
5.456446e-40,
0.02466575,
0.03378066,
6.266448e-09,
0.0009288266,
1.321424e-42,
1.104607e-32,
0,
8.414425e-22,
0.3577428,
0.003961854,
3.039552e-06,
7.955229e-22,
4.065842e-17,
2.541672e-16,
2.415355e-16,
0,
0,
0,
0,
0,
0.01286671,
5.260674e-07,
0.1237044,
0.1273678,
7.265575e-32,
0.0157168,
0.02444637,
9.161516e-07,
0,
6.156027e-35,
3.313477e-31,
0,
4.044206e-19,
0.6837499,
0.01212987,
1.658827e-05,
2.451936e-17,
8.452406e-14,
1.450672e-13,
9.366687e-15,
0,
0,
0,
0,
0,
0.1400951,
6.305624e-13,
0.4494516,
0.3178397,
0,
0.01326621,
0.0149246,
1.929938e-12,
0.01679935,
0,
8.407791e-45,
0,
2.592087e-31,
0.04757996,
4.352396e-05,
1.001399e-09,
1.032943e-31,
3.740028e-25,
3.886999e-24,
1.865465e-24,
0,
0,
0,
0,
0,
0.1785388,
2.225326e-14,
0.461108,
0.305568,
0,
0.009641586,
0.01035947,
7.597346e-14,
0.009291744,
0,
0,
0,
1.463481e-34,
0.02548188,
1.052554e-05,
7.847051e-11,
4.574164e-35,
7.616138e-28,
1.025153e-26,
4.924071e-27,
0,
0,
0,
0,
0,
0.1923961,
2.827714e-15,
0.4632448,
0.2999482,
0,
0.008373655,
0.00874477,
1.032279e-14,
0.009368545,
0,
0,
0,
1.473666e-36,
0.01791954,
4.367655e-06,
1.619757e-11,
4.474515e-37,
1.824656e-29,
2.811288e-28,
1.27634e-28,
0,
0,
0,
0,
0,
0.8572785,
0,
0.1217165,
0.02100411,
0,
6.826914e-07,
2.391427e-07,
0,
0,
0,
0,
0,
0,
7.594345e-10,
9.131791e-23,
4.458792e-41,
0,
0,
0,
0,
0,
0,
0,
0,
0,
0.1389405,
3.608038e-13,
0.4466716,
0.322206,
0,
0.0144682,
0.01657976,
1.462908e-12,
0,
0,
4.105805e-43,
0,
1.80904e-30,
0.06104814,
8.584477e-05,
3.352812e-09,
3.08751e-30,
5.952031e-24,
5.651958e-23,
3.031386e-23,
0,
0,
0,
0,
0,
0.03093134,
8.249344e-08,
0.2489941,
0.2338816,
3.989975e-34,
0.02123725,
0.03058814,
1.671009e-07,
0,
2.971241e-37,
3.193952e-32,
0,
2.416277e-20,
0.4282076,
0.006152907,
6.829038e-06,
1.265001e-18,
8.293062e-15,
1.722903e-14,
1.491818e-15,
0,
0,
0,
0,
0,
0.1109696,
1.10987e-11,
0.4276356,
0.3208806,
0,
0.01819246,
0.02171821,
3.780167e-11,
0,
0,
1.583728e-39,
0,
1.965265e-27,
0.1003239,
0.0002795946,
2.954661e-08,
1.559755e-28,
1.963509e-22,
2.583162e-21,
5.136291e-21,
0,
0,
0,
0,
0,
0.3059267,
3.278345e-20,
0.4473615,
0.2393221,
0,
0.002802205,
0.002508116,
1.705169e-19,
2.132164e-05,
0,
0,
0,
0,
0.002058029,
3.145409e-08,
2.491786e-15,
4.372051e-43,
5.104575e-35,
1.663224e-34,
2.115292e-37,
0,
0,
0,
0,
0,
0.4545642,
6.826644e-24,
0.3750668,
0.1680028,
0,
0.001092219,
0.0008880157,
4.647384e-23,
0,
0,
0,
0,
0,
0.0003860132,
7.82355e-10,
3.653637e-18,
0,
4.077779e-41,
1.610148e-40,
6.866362e-44,
0,
0,
0,
0,
0,
0.05931215,
3.053205e-10,
0.3299294,
0.2924069,
1.304048e-41,
0.02650548,
0.03489603,
1.161602e-09,
0,
2.101948e-44,
8.273906e-34,
0,
4.198085e-23,
0.2549348,
0.002014284,
9.999651e-07,
7.816891e-23,
5.302379e-18,
3.15985e-17,
2.054844e-17,
0,
0,
0,
0,
0,
0.09357233,
4.588287e-11,
0.4038574,
0.3255315,
0,
0.02174043,
0.0266263,
1.496679e-10,
0,
0,
9.237734e-38,
0,
5.177499e-26,
0.128194,
0.0004779969,
8.044736e-08,
3.87184e-26,
1.169413e-20,
8.768863e-20,
5.583746e-20,
0,
0,
0,
0,
0,
0.1714949,
1.839839e-14,
0.4569392,
0.3115565,
0,
0.01115814,
0.01231443,
8.41428e-14,
0,
0,
0,
0,
2.998424e-33,
0.03651027,
2.651476e-05,
3.991107e-10,
5.171019e-33,
3.502264e-26,
4.064358e-25,
2.101279e-25,
0,
0,
0,
0,
0,
0.1374397,
2.095416e-14,
0.4474244,
0.3266378,
0,
0.01475691,
0.0168756,
1.327973e-13,
0,
0,
2.508324e-43,
0,
2.188678e-31,
0.05679001,
7.55298e-05,
2.718801e-09,
7.088622e-40,
1.907405e-30,
1.269421e-27,
1.863113e-23,
0,
0,
0,
1977, 
0,
0,
0.2398849,
5.380968e-15,
0.4629104,
0.2763217,
0,
0.005111,
0.004989454,
1.053474e-14,
0,
0,
0,
0,
5.65786e-39,
0.01078081,
1.752085e-06,
2.646957e-12,
2.625131e-27,
3.760047e-23,
2.688557e-24,
2.848146e-30,
0,
0,
0,
0,
0,
0.430468,
2.003645e-20,
0.3895567,
0.1746931,
0.002706829,
0.001062519,
0.0008669504,
4.418197e-20,
0,
4.743431e-21,
0,
0,
0,
0.0006023617,
2.889418e-09,
3.216644e-17,
4.355847e-05,
2.993357e-10,
4.088492e-18,
1.476128e-41,
0,
0,
0,
0,
0,
0.2743739,
7.71385e-17,
0.4534711,
0.2574241,
0,
0.004315542,
0.004194156,
2.772285e-16,
0,
0,
0,
0,
1.21061e-40,
0.006220604,
5.763104e-07,
5.006877e-13,
1.110075e-37,
1.934468e-30,
7.74993e-30,
6.553807e-32,
0,
0,
0,
0,
0,
0.1719784,
9.249487e-14,
0.468336,
0.3127434,
0,
0.009776682,
0.01044516,
2.698144e-13,
0,
0,
0,
0,
1.107985e-33,
0.02670791,
1.251602e-05,
1.245475e-10,
3.700505e-31,
4.108101e-25,
1.286307e-24,
2.256908e-26,
0,
0,
0,
0,
0,
0.08942974,
1.362027e-11,
0.3989813,
0.3160502,
0.02854483,
0.01764799,
0.0213313,
3.743165e-11,
0,
1.353153e-11,
4.720274e-41,
1.54774e-31,
3.859707e-28,
0.114962,
0.0002273901,
1.500071e-08,
0.01279287,
3.242274e-05,
2.490028e-09,
8.440828e-22,
0,
0,
0,
0,
0,
0.3212469,
6.92836e-19,
0.435648,
0.2342031,
0,
0.002982215,
0.002763606,
3.311937e-18,
0,
0,
0,
0,
1.821688e-44,
0.003156034,
1.222452e-07,
3.122267e-14,
3.417066e-41,
2.856233e-33,
1.43632e-32,
1.105878e-34,
0,
0,
0,
0,
0,
0.5634599,
3.771547e-26,
0.3140903,
0.1214716,
0,
0.0004998159,
0.0003782311,
2.921986e-25,
0,
0,
0,
0,
0,
0.0001001759,
5.096482e-11,
3.812674e-20,
0,
0,
0,
0,
0,
0,
0,
0,
0,
0.2092492,
5.245492e-17,
0.4715874,
0.2926968,
0,
0.006991955,
0.007126947,
3.355753e-16,
0,
0,
0,
0,
4.220989e-38,
0.01234561,
2.152857e-06,
6.007133e-12,
3.601337e-43,
1.053335e-33,
1.790841e-31,
2.073511e-29,
0,
0,
0,
0,
0,
0.1747237,
8.732351e-16,
0.4716587,
0.3109725,
0,
0.009902698,
0.01065993,
5.980469e-15,
0,
0,
0,
0,
1.490006e-34,
0.02207312,
9.35125e-06,
9.218194e-11,
8.847661e-39,
2.638454e-30,
2.472858e-28,
1.177164e-26,
0,
0,
0,
0,
0,
0.1057121,
1.684572e-12,
0.4173872,
0.3284954,
0,
0.01939506,
0.0231986,
8.53285e-12,
0,
0,
1.108911e-38,
0,
2.023489e-27,
0.105501,
0.000310678,
4.147981e-08,
7.947817e-31,
7.020427e-24,
3.418577e-22,
1.878559e-20,
0,
0,
0,
0,
0,
0.07313526,
1.030008e-12,
0.3470488,
0.2949493,
0.0422882,
0.01962375,
0.0248555,
4.585085e-12,
0.001505662,
1.761254e-11,
1.169384e-41,
1.55815e-31,
6.582221e-29,
0.1778377,
0.0004697488,
2.929599e-08,
0.01824223,
4.389585e-05,
3.152932e-09,
9.518907e-22,
0,
0,
0,
0,
0,
0.04926274,
1.642946e-09,
0.29081,
0.2644081,
4.910794e-40,
0.02498081,
0.03373246,
5.639803e-09,
0.0009177784,
1.189702e-42,
8.591506e-33,
0,
7.572983e-22,
0.3325579,
0.003327801,
2.364129e-06,
7.159706e-22,
3.659258e-17,
2.287505e-16,
2.17382e-16,
0,
0,
0,
0,
0,
0.0128533,
4.734607e-07,
0.1261958,
0.1296798,
6.539018e-32,
0.01546339,
0.0241455,
8.245365e-07,
0,
5.540425e-35,
2.577148e-31,
0,
3.639785e-19,
0.6803899,
0.01125719,
1.393346e-05,
2.206743e-17,
7.607166e-14,
1.305605e-13,
8.430019e-15,
0,
0,
0,
0,
0,
0.1501957,
5.675062e-13,
0.4531625,
0.3150979,
0,
0.01193608,
0.01321541,
1.736945e-12,
0.01662932,
0,
7.006492e-45,
0,
2.332878e-31,
0.03972904,
3.39847e-05,
7.792555e-10,
9.296485e-32,
3.366025e-25,
3.498299e-24,
1.678918e-24,
0,
0,
0,
0,
0,
0.1922313,
2.002793e-14,
0.4619489,
0.2987062,
0,
0.008371308,
0.008846633,
6.837612e-14,
0.009190354,
0,
0,
0,
1.317133e-34,
0.0206971,
8.188794e-06,
6.104947e-11,
4.116748e-35,
6.854524e-28,
9.22638e-27,
4.431664e-27,
0,
0,
0,
0,
0,
0.2005502,
2.544943e-15,
0.4637774,
0.2960392,
0,
0.007556114,
0.007770079,
9.290513e-15,
0.009243039,
0,
0,
0,
1.3263e-36,
0.01506061,
3.398013e-06,
1.260163e-11,
4.027064e-37,
1.64219e-29,
2.530159e-28,
1.148706e-28,
0,
0,
0,
0,
0,
0.8666879,
0,
0.1142762,
0.01903522,
0,
5.309822e-07,
1.859998e-07,
0,
0,
0,
0,
0,
0,
5.906712e-10,
7.102505e-23,
3.468074e-41,
0,
0,
0,
0,
0,
0,
0,
0,
0,
0.1504021,
3.247234e-13,
0.4523975,
0.3196836,
0,
0.01287458,
0.01450284,
1.316617e-12,
0,
0,
3.208973e-43,
0,
1.628136e-30,
0.05007253,
6.685656e-05,
2.607743e-09,
2.778759e-30,
5.356829e-24,
5.086762e-23,
2.728247e-23,
0,
0,
0,
0,
0,
0.03464789,
7.424409e-08,
0.2650032,
0.2470818,
3.590977e-34,
0.02167217,
0.0308866,
1.503908e-07,
0,
2.674116e-37,
2.484185e-32,
0,
2.174649e-20,
0.3957316,
0.004971273,
5.311473e-06,
1.138501e-18,
7.463754e-15,
1.550612e-14,
1.342636e-15,
0,
0,
0,
0,
0,
0.1209707,
9.988833e-12,
0.4361909,
0.3222919,
0,
0.01656699,
0.01944586,
3.40215e-11,
0,
0,
1.231788e-39,
0,
1.768739e-27,
0.08431455,
0.0002189868,
2.298069e-08,
1.403779e-28,
1.767158e-22,
2.324846e-21,
4.622662e-21,
0,
0,
0,
0,
0,
0.3246325,
2.95051e-20,
0.4405198,
0.2287357,
0,
0.002364601,
0.002085176,
1.534652e-19,
2.025652e-05,
0,
0,
0,
0,
0.001642057,
2.446429e-08,
1.938056e-15,
3.937649e-43,
4.594117e-35,
1.496902e-34,
1.903763e-37,
0,
0,
0,
0,
0,
0.4926138,
6.143979e-24,
0.3554437,
0.1500866,
0,
0.0008596521,
0.00069596,
4.182645e-23,
0,
0,
0,
0,
0,
0.0003002592,
6.084982e-10,
2.841717e-18,
0,
3.670001e-41,
1.449139e-40,
6.165713e-44,
0,
0,
0,
0,
0,
0.06419553,
2.747885e-10,
0.3402213,
0.2993684,
1.173587e-41,
0.02626337,
0.03419454,
1.045442e-09,
0,
1.821688e-44,
6.435261e-34,
0,
3.778277e-23,
0.2340941,
0.001661873,
7.777506e-07,
7.035202e-23,
4.772141e-18,
2.843865e-17,
1.84936e-17,
0,
0,
0,
0,
0,
0.1014804,
4.129458e-11,
0.4139871,
0.3293386,
0,
0.02043469,
0.02467501,
1.347012e-10,
0,
0,
7.184905e-38,
0,
4.659749e-26,
0.1097077,
0.0003764844,
6.257017e-08,
3.484656e-26,
1.052471e-20,
7.891977e-20,
5.025372e-20,
0,
0,
0,
0,
0,
0.1853938,
1.655855e-14,
0.4597513,
0.3054018,
0,
0.009658922,
0.0104782,
7.572852e-14,
0,
0,
0,
0,
2.698582e-33,
0.02929534,
2.062259e-05,
3.104195e-10,
4.653918e-33,
3.152038e-26,
3.657922e-25,
1.891151e-25,
0,
0,
0,
0,
0,
0.1475706,
1.885874e-14,
0.453265,
0.3249537,
0,
0.01331591,
0.0149807,
1.195176e-13,
0,
0,
1.961818e-43,
0,
1.96981e-31,
0.04585536,
5.880392e-05,
2.114623e-09,
6.379762e-40,
1.716665e-30,
1.142479e-27,
1.676802e-23,
0,
0,
0,
1978, 
0,
0,
0.2538401,
4.783082e-15,
0.4610206,
0.2684618,
0,
0.004332885,
0.004136732,
9.364214e-15,
0,
0,
0,
0,
5.029208e-39,
0.008206622,
1.251489e-06,
1.890684e-12,
2.333449e-27,
3.342264e-23,
2.389828e-24,
2.531685e-30,
0,
0,
0,
0,
0,
0.4558521,
1.781018e-20,
0.3781844,
0.161629,
0.002406071,
0.0008080716,
0.000648497,
3.927286e-20,
0,
4.216384e-21,
0,
0,
0,
0.0004331315,
2.06021e-09,
2.293528e-17,
3.871865e-05,
2.660762e-10,
3.634216e-18,
1.312036e-41,
0,
0,
0,
0,
0,
0.2919652,
6.856756e-17,
0.4496144,
0.2470336,
0,
0.003495493,
0.003318907,
2.464253e-16,
0,
0,
0,
0,
1.076099e-40,
0.004572007,
4.116502e-07,
3.576341e-13,
9.867334e-38,
1.719527e-30,
6.888826e-30,
5.825605e-32,
0,
0,
0,
0,
0,
0.1814725,
8.221767e-14,
0.4700166,
0.3090901,
0,
0.008710358,
0.009123613,
2.398351e-13,
0,
0,
0,
0,
9.848756e-34,
0.02157792,
8.940016e-06,
8.89625e-11,
3.289338e-31,
3.651645e-25,
1.143384e-24,
2.00614e-26,
0,
0,
0,
0,
0,
0.09447604,
1.21069e-11,
0.4026279,
0.3175425,
0.02938512,
0.01732994,
0.02069009,
3.327258e-11,
0,
1.176624e-11,
3.282962e-41,
1.345825e-31,
3.430851e-28,
0.104858,
0.0001830271,
1.043241e-08,
0.01287684,
3.039223e-05,
2.165184e-09,
7.502959e-22,
0,
0,
0,
0,
0,
0.3393346,
6.158542e-19,
0.4304281,
0.2233735,
0,
0.002387927,
0.002162897,
2.943944e-18,
0,
0,
0,
0,
1.681558e-44,
0.002312806,
8.731802e-08,
2.23019e-14,
3.037455e-41,
2.538874e-33,
1.276729e-32,
9.830023e-35,
0,
0,
0,
0,
0,
0.6037046,
3.352486e-26,
0.2914285,
0.1041624,
0,
0.0003610123,
0.0002719927,
2.597321e-25,
0,
0,
0,
0,
0,
7.155423e-05,
3.640344e-11,
2.723338e-20,
0,
0,
0,
0,
0,
0,
0,
0,
0,
0.2191859,
4.66266e-17,
0.4711512,
0.2876213,
0,
0.006120344,
0.006107645,
2.982892e-16,
0,
0,
0,
0,
3.75199e-38,
0.009811986,
1.537755e-06,
4.290809e-12,
3.19496e-43,
9.362975e-34,
1.591859e-31,
1.843121e-29,
0,
0,
0,
0,
0,
0.1862307,
7.762089e-16,
0.4730317,
0.3060182,
0,
0.008607384,
0.009064796,
5.315972e-15,
0,
0,
0,
0,
1.324449e-34,
0.01704057,
6.679465e-06,
6.584423e-11,
7.864586e-39,
2.345292e-30,
2.198096e-28,
1.046368e-26,
0,
0,
0,
0,
0,
0.1130971,
1.497397e-12,
0.4263723,
0.3316645,
0,
0.01818307,
0.02140413,
7.584756e-12,
0,
0,
7.920789e-39,
0,
1.798656e-27,
0.08905029,
0.0002286021,
2.962844e-08,
7.064727e-31,
6.240379e-24,
3.038735e-22,
1.66983e-20,
0,
0,
0,
0,
0,
0.08083966,
9.155625e-13,
0.3595161,
0.3023998,
0.03758952,
0.01990467,
0.02474679,
4.075631e-12,
0.001418409,
1.565559e-11,
7.969184e-42,
1.385022e-31,
5.850864e-29,
0.1569528,
0.0003778635,
1.996146e-08,
0.01621532,
3.901853e-05,
2.802606e-09,
8.46125e-22,
0,
0,
0,
0,
0,
0.05387472,
1.460396e-09,
0.3017088,
0.2726872,
4.365143e-40,
0.02547031,
0.033922,
5.013159e-09,
0.0009699318,
1.05798e-42,
6.136942e-33,
0,
6.731541e-22,
0.3086388,
0.002726553,
1.688705e-06,
6.364182e-22,
3.252674e-17,
2.033338e-16,
1.932284e-16,
0,
0,
0,
0,
0,
0.01337304,
4.208539e-07,
0.1305392,
0.1337308,
5.81246e-32,
0.01567259,
0.02444393,
7.329213e-07,
0,
4.924822e-35,
1.840818e-31,
0,
3.235365e-19,
0.6716565,
0.01057117,
1.167815e-05,
1.961549e-17,
6.761926e-14,
1.160538e-13,
7.493351e-15,
0,
0,
0,
0,
0,
0.1596067,
5.0445e-13,
0.4561738,
0.3121563,
0,
0.01063148,
0.01153677,
1.543951e-12,
0.01795042,
0,
5.605194e-45,
0,
2.07367e-31,
0.03192016,
2.442416e-05,
5.571117e-10,
8.263542e-32,
2.992022e-25,
3.109599e-24,
1.492372e-24,
0,
0,
0,
0,
0,
0.2053048,
1.780261e-14,
0.4624567,
0.2918437,
0,
0.007113044,
0.007346251,
6.077877e-14,
0.01001428,
0,
0,
0,
1.170785e-34,
0.01591538,
5.852044e-06,
4.362843e-11,
3.659331e-35,
6.09291e-28,
8.201227e-27,
3.939257e-27,
0,
0,
0,
0,
0,
0.2077709,
2.262172e-15,
0.4639899,
0.2923682,
0,
0.006781148,
0.006841828,
8.258234e-15,
0.009961339,
0,
0,
0,
1.178933e-36,
0.01228423,
2.428371e-06,
9.005682e-12,
3.579612e-37,
1.459724e-29,
2.24903e-28,
1.021072e-28,
0,
0,
0,
0,
0,
0.8758305,
0,
0.1070557,
0.01711331,
0,
3.79273e-07,
1.32857e-07,
0,
0,
0,
0,
0,
0,
4.21908e-10,
5.073218e-23,
2.477356e-41,
0,
0,
0,
0,
0,
0,
0,
0,
0,
0.1614852,
2.88643e-13,
0.4581117,
0.3174022,
0,
0.01131374,
0.01246276,
1.170326e-12,
0,
0,
2.312142e-43,
0,
1.447232e-30,
0.03917648,
4.784593e-05,
1.862674e-09,
2.470008e-30,
4.761625e-24,
4.521566e-23,
2.425109e-23,
0,
0,
0,
0,
0,
0.03890484,
6.599475e-08,
0.2804854,
0.2599274,
3.19198e-34,
0.02247328,
0.03160983,
1.336807e-07,
0,
2.376992e-37,
1.774417e-32,
0,
1.933021e-20,
0.3627706,
0.003824702,
3.793908e-06,
1.012001e-18,
6.634448e-15,
1.378322e-14,
1.193454e-15,
0,
0,
0,
0,
0,
0.1307459,
8.878962e-12,
0.4446812,
0.3238294,
0,
0.0149729,
0.01721148,
3.024134e-11,
0,
0,
8.798473e-40,
0,
1.572212e-27,
0.06840072,
0.0001584052,
1.641478e-08,
1.247804e-28,
1.570807e-22,
2.06653e-21,
4.109033e-21,
0,
0,
0,
0,
0,
0.3423496,
2.622676e-20,
0.4341394,
0.2186576,
0,
0.001934826,
0.00166854,
1.364135e-19,
2.213043e-05,
0,
0,
0,
0,
0.001227881,
1.74745e-08,
1.384326e-15,
3.503246e-43,
4.08366e-35,
1.330579e-34,
1.692234e-37,
0,
0,
0,
0,
0,
0.5289134,
5.461314e-24,
0.3369617,
0.1327784,
0,
0.0006277874,
0.000504271,
3.717907e-23,
0,
0,
0,
0,
0,
0.0002144943,
4.346415e-10,
2.029798e-18,
0,
3.262223e-41,
1.28813e-40,
5.465064e-44,
0,
0,
0,
0,
0,
0.06913529,
2.442564e-10,
0.3503307,
0.3062136,
1.043127e-41,
0.02606941,
0.03354767,
9.292815e-10,
0,
1.541428e-44,
4.596615e-34,
0,
3.358468e-23,
0.2133901,
0.001312613,
5.55536e-07,
6.253512e-23,
4.241903e-18,
2.52788e-17,
1.643875e-17,
0,
0,
0,
0,
0,
0.1098418,
3.670629e-11,
0.4245237,
0.3331008,
0,
0.01904514,
0.02261329,
1.197344e-10,
0,
0,
5.132075e-38,
0,
4.141999e-26,
0.09060085,
0.0002743648,
4.469297e-08,
3.097472e-26,
9.3553e-21,
7.015091e-20,
4.466997e-20,
0,
0,
0,
0,
0,
0.1986506,
1.471871e-14,
0.4626803,
0.2996761,
0,
0.008192868,
0.008676501,
6.731424e-14,
0,
0,
0,
0,
2.398739e-33,
0.02210877,
1.473042e-05,
2.217282e-10,
4.136816e-33,
2.801811e-26,
3.251486e-25,
1.681023e-25,
0,
0,
0,
0,
0,
0.1578513,
1.676333e-14,
0.4591561,
0.323204,
0,
0.01185922,
0.01306726,
1.062379e-13,
0,
0,
1.415311e-43,
0,
1.750942e-31,
0.03482006,
4.205411e-05,
1.510445e-09,
5.670901e-40,
1.525924e-30,
1.015537e-27,
1.490491e-23,
0,
0,
0,
1979, 
0,
0,
0.2682091,
4.185197e-15,
0.4590093,
0.2603506,
0,
0.003543566,
0.003273295,
8.193688e-15,
0,
0,
0,
0,
4.400556e-39,
0.005613361,
7.508939e-07,
1.134411e-12,
2.041768e-27,
2.924481e-23,
2.0911e-24,
2.215225e-30,
0,
0,
0,
0,
0,
0.4812029,
1.55839e-20,
0.3668317,
0.1485787,
0.002105312,
0.0005536629,
0.0004300659,
3.436375e-20,
0,
3.689335e-21,
0,
0,
0,
0.0002638426,
1.231002e-09,
1.370411e-17,
3.387881e-05,
2.328166e-10,
3.179939e-18,
1.147944e-41,
0,
0,
0,
0,
0,
0.3089763,
5.999661e-17,
0.4459795,
0.2369783,
0,
0.002685175,
0.00245236,
2.156221e-16,
0,
0,
0,
0,
9.415885e-41,
0.002928033,
2.469901e-07,
2.145806e-13,
8.633917e-38,
1.504586e-30,
6.027722e-30,
5.097405e-32,
0,
0,
0,
0,
0,
0.1906655,
7.194046e-14,
0.4716873,
0.30562,
0,
0.007667671,
0.007828393,
2.098557e-13,
0,
0,
0,
0,
8.617661e-34,
0.01652576,
5.36401e-06,
5.33775e-11,
2.878171e-31,
3.195189e-25,
1.000461e-24,
1.755373e-26,
0,
0,
0,
0,
0,
0.09743832,
1.059354e-11,
0.3994085,
0.3137527,
0.04126051,
0.01677173,
0.01978324,
2.911351e-11,
0,
1.000094e-11,
1.84565e-41,
1.14391e-31,
3.001994e-28,
0.09404991,
0.0001391826,
5.864109e-09,
0.01736123,
3.461775e-05,
1.84034e-09,
6.565089e-22,
0,
0,
0,
0,
0,
0.3548237,
5.388724e-19,
0.4263032,
0.2139725,
0,
0.00182536,
0.001589356,
2.575951e-18,
0,
0,
0,
0,
1.541428e-44,
0.001485865,
5.23908e-08,
1.338114e-14,
2.657843e-41,
2.221515e-33,
1.117138e-32,
8.60127e-35,
0,
0,
0,
0,
0,
0.6446351,
2.933425e-26,
0.2683,
0.08663432,
0,
0.0002220377,
0.0001656678,
2.272656e-25,
0,
0,
0,
0,
0,
4.293252e-05,
2.184207e-11,
1.634002e-20,
0,
0,
0,
0,
0,
0,
0,
0,
0,
0.2295108,
4.079827e-17,
0.4706709,
0.2823107,
0,
0.005229735,
0.005068535,
2.61003e-16,
0,
0,
0,
0,
3.282991e-38,
0.007208417,
9.226525e-07,
2.574485e-12,
2.788584e-43,
8.192603e-34,
1.392877e-31,
1.612731e-29,
0,
0,
0,
0,
0,
0.1978232,
6.791828e-16,
0.4744043,
0.3010119,
0,
0.007306076,
0.007463095,
4.651476e-15,
0,
0,
0,
0,
1.158893e-34,
0.01198736,
4.00768e-06,
3.950654e-11,
6.881512e-39,
2.052131e-30,
1.923334e-28,
9.155719e-27,
0,
0,
0,
0,
0,
0.1205462,
1.310223e-12,
0.4353887,
0.3347976,
0,
0.01695555,
0.01958945,
6.636661e-12,
0,
0,
4.75247e-39,
0,
1.573824e-27,
0.07257611,
0.0001464645,
1.777708e-08,
6.181636e-31,
5.460332e-24,
2.658893e-22,
1.461101e-20,
0,
0,
0,
0,
0,
0.0890993,
8.011172e-13,
0.3728481,
0.3101253,
0.03289083,
0.02007038,
0.02447335,
3.566177e-12,
0.001302583,
1.369864e-11,
4.244533e-42,
1.211894e-31,
5.119506e-29,
0.1346866,
0.000281049,
1.062692e-08,
0.0141884,
3.414122e-05,
2.452281e-09,
7.403595e-22,
0,
0,
0,
0,
0,
0.05831299,
1.277847e-09,
0.3120474,
0.2806411,
3.819491e-40,
0.02603352,
0.03422271,
4.386514e-09,
0.0009817861,
9.262583e-43,
3.682378e-33,
0,
5.890099e-22,
0.2856156,
0.002143815,
1.013282e-06,
5.56866e-22,
2.84609e-17,
1.779171e-16,
1.690749e-16,
0,
0,
0,
0,
0,
0.0141171,
3.682472e-07,
0.135796,
0.138625,
5.085902e-32,
0.01604564,
0.02494864,
6.413062e-07,
0,
4.309219e-35,
1.104488e-31,
0,
2.830944e-19,
0.6605825,
0.009874677,
9.471484e-06,
1.716355e-17,
5.916685e-14,
1.015471e-13,
6.556682e-15,
0,
0,
0,
0,
0,
0.1694012,
4.413937e-13,
0.4599737,
0.3097065,
0,
0.009334326,
0.009864573,
1.350957e-12,
0.01764063,
0,
4.203895e-45,
0,
1.814461e-31,
0.02406424,
1.484826e-05,
3.349679e-10,
7.230599e-32,
2.618019e-25,
2.720899e-24,
1.305825e-24,
0,
0,
0,
0,
0,
0.2189944,
1.557728e-14,
0.46343,
0.2850799,
0,
0.005843084,
0.005833099,
5.318143e-14,
0.009731437,
0,
0,
0,
1.024437e-34,
0.01108455,
3.515293e-06,
2.620739e-11,
3.201915e-35,
5.331297e-28,
7.176074e-27,
3.44685e-27,
0,
0,
0,
0,
0,
0.2144758,
1.9794e-15,
0.4646896,
0.2894418,
0,
0.006059853,
0.005971049,
7.225955e-15,
0.009749271,
0,
0,
0,
1.031566e-36,
0.00961119,
1.45873e-06,
5.409736e-12,
3.132161e-37,
1.277259e-29,
1.967901e-28,
8.934378e-29,
0,
0,
0,
0,
0,
0.8844525,
0,
0.1002619,
0.01528539,
0,
2.275639e-07,
7.971421e-08,
0,
0,
0,
0,
0,
0,
2.531447e-10,
3.043932e-23,
1.486638e-41,
0,
0,
0,
0,
0,
0,
0,
0,
0,
0.1727241,
2.525626e-13,
0.4638264,
0.315011,
0,
0.009736853,
0.01040433,
1.024035e-12,
0,
0,
1.415311e-43,
0,
1.266328e-30,
0.02826855,
2.882156e-05,
1.117604e-09,
2.161257e-30,
4.166422e-24,
3.95637e-23,
2.12197e-23,
0,
0,
0,
0,
0,
0.04329241,
5.77454e-08,
0.2960404,
0.2727911,
2.792982e-34,
0.02330384,
0.03235552,
1.169706e-07,
0,
2.079868e-37,
1.06465e-32,
0,
1.691394e-20,
0.3295332,
0.002681079,
2.276344e-06,
8.85501e-19,
5.805142e-15,
1.206032e-14,
1.044273e-15,
0,
0,
0,
0,
0,
0.1407195,
7.769091e-12,
0.4533011,
0.325325,
0,
0.01335447,
0.01494695,
2.646117e-11,
0,
0,
5.27907e-40,
0,
1.375686e-27,
0.05225523,
9.770088e-05,
9.848868e-09,
1.091828e-28,
1.374456e-22,
1.808214e-21,
3.595404e-21,
0,
0,
0,
0,
0,
0.3605199,
2.294841e-20,
0.4275566,
0.2083412,
0,
0.001500781,
0.001248372,
1.193618e-19,
2.149646e-05,
0,
0,
0,
0,
0.0008115861,
1.04847e-08,
8.305967e-16,
3.068844e-43,
3.573202e-35,
1.164257e-34,
1.480704e-37,
0,
0,
0,
0,
0,
0.5662628,
4.77865e-24,
0.3178167,
0.1150843,
0,
0.0003952342,
0.0003121885,
3.253169e-23,
0,
0,
0,
0,
0,
0.0001287294,
2.607847e-10,
1.217879e-18,
0,
2.854445e-41,
1.12712e-40,
4.764415e-44,
0,
0,
0,
0,
0,
0.07429072,
2.137244e-10,
0.3610122,
0.3134239,
9.126657e-42,
0.02585317,
0.03286098,
8.131213e-10,
0,
1.261169e-44,
2.75797e-34,
0,
2.93866e-23,
0.1916031,
0.0009556355,
3.333216e-07,
5.471824e-23,
3.711666e-18,
2.211895e-17,
1.438391e-17,
0,
0,
0,
0,
0,
0.1190365,
3.2118e-11,
0.4356492,
0.3366334,
0,
0.01750031,
0.02035059,
1.047676e-10,
0,
0,
3.079245e-38,
0,
3.624249e-26,
0.07065839,
0.0001715783,
2.681579e-08,
2.710288e-26,
8.185888e-21,
6.138204e-20,
3.908622e-20,
0,
0,
0,
0,
0,
0.2120291,
1.287888e-14,
0.4655923,
0.2938693,
0,
0.006719695,
0.00686725,
5.889995e-14,
0,
0,
0,
0,
2.098897e-33,
0.01491348,
8.838252e-06,
1.330369e-10,
3.619714e-33,
2.451585e-26,
2.845051e-25,
1.470895e-25,
0,
0,
0,
0,
0,
0.1684139,
1.466791e-14,
0.4650511,
0.3212506,
0,
0.01037076,
0.01111704,
9.295814e-14,
0,
0,
8.68805e-44,
0,
1.532075e-31,
0.02377125,
2.53043e-05,
9.062667e-10,
4.96204e-40,
1.335184e-30,
8.885948e-28,
1.304179e-23,
0,
0,
0,
1980, 
0,
0,
0.2822187,
3.587312e-15,
0.4571045,
0.2524547,
0,
0.002763451,
0.002418596,
7.023161e-15,
0,
0,
0,
0,
3.771905e-39,
0.003039821,
2.502984e-07,
3.78138e-13,
1.750087e-27,
2.506698e-23,
1.792371e-24,
1.898764e-30,
0,
0,
0,
0,
0,
0.5075027,
1.335763e-20,
0.3549524,
0.1351096,
0.001804553,
0.0002971135,
0.0002102069,
2.945464e-20,
0,
3.162287e-21,
0,
0,
0,
9.439664e-05,
4.017937e-10,
4.472948e-18,
2.903898e-05,
1.995571e-10,
2.725662e-18,
9.838517e-42,
0,
0,
0,
0,
0,
0.3273228,
5.142567e-17,
0.4418303,
0.2261542,
0,
0.001852946,
0.001566277,
1.848189e-16,
0,
0,
0,
0,
8.070779e-41,
0.001273386,
8.232993e-08,
7.152701e-14,
7.4005e-38,
1.289645e-30,
5.166619e-30,
4.369204e-32,
0,
0,
0,
0,
0,
0.2005805,
6.166325e-14,
0.4733678,
0.3017019,
0,
0.006568921,
0.006470902,
1.798763e-13,
0,
0,
0,
0,
7.386566e-34,
0.01130823,
1.788004e-06,
1.779249e-11,
2.467003e-31,
2.738734e-25,
8.575379e-25,
1.504605e-26,
0,
0,
0,
0,
0,
0.1008743,
9.080178e-12,
0.3967641,
0.3100331,
0.05429221,
0.01610893,
0.01873208,
2.495444e-11,
0,
8.235649e-12,
4.083384e-42,
9.419953e-32,
2.573138e-28,
0.08205877,
9.204879e-05,
1.29581e-09,
0.02100803,
3.637276e-05,
1.515497e-09,
5.62722e-22,
0,
0,
0,
0,
0,
0.3750257,
4.618907e-19,
0.4201475,
0.2020126,
0,
0.001209595,
0.0009707131,
2.207958e-18,
0,
0,
0,
0,
1.401298e-44,
0.000633886,
1.746358e-08,
4.460372e-15,
2.278231e-41,
1.904156e-33,
9.575468e-33,
7.372517e-35,
0,
0,
0,
0,
0,
0.6862829,
2.514364e-26,
0.2446754,
0.06888516,
0,
8.292473e-05,
5.927565e-05,
1.947991e-25,
0,
0,
0,
0,
0,
1.431081e-05,
7.28069e-12,
5.446664e-21,
0,
0,
0,
0,
0,
0,
0,
0,
0,
0.2401635,
3.496995e-17,
0.4700998,
0.2767585,
0,
0.004322119,
0.004011851,
2.237169e-16,
0,
0,
0,
0,
2.813992e-38,
0.004643949,
3.075503e-07,
8.581615e-13,
2.382207e-43,
7.022232e-34,
1.193894e-31,
1.382341e-29,
0,
0,
0,
0,
0,
0.2095128,
5.821566e-16,
0.4757592,
0.2959329,
0,
0.005997792,
0.005853844,
3.986979e-15,
0,
0,
0,
0,
9.933369e-35,
0.006942058,
1.335896e-06,
1.316884e-11,
5.898438e-39,
1.758969e-30,
1.648572e-28,
7.847759e-27,
0,
0,
0,
0,
0,
0.1279326,
1.123048e-12,
0.4443188,
0.3379028,
0,
0.01573498,
0.01778416,
5.688567e-12,
0,
0,
1.584151e-39,
0,
1.348992e-27,
0.05626214,
6.448301e-05,
5.925709e-09,
5.298545e-31,
4.680285e-24,
2.279051e-22,
1.252373e-20,
0,
0,
0,
0,
0,
0.09657697,
6.866719e-13,
0.3849462,
0.3174422,
0.02819213,
0.02039276,
0.024424,
3.056723e-12,
0.001263997,
1.174169e-11,
5.198817e-43,
1.038767e-31,
4.388147e-29,
0.1143802,
0.0001907969,
1.292383e-09,
0.01216149,
2.926391e-05,
2.101955e-09,
6.345938e-22,
0,
0,
0,
0,
0,
0.06312068,
1.095297e-09,
0.3233266,
0.289137,
3.27384e-40,
0.02650304,
0.03436802,
3.75987e-09,
0.001045638,
7.945362e-43,
1.227814e-33,
0,
5.048656e-22,
0.2609656,
0.001533084,
3.378588e-07,
4.773136e-22,
2.439506e-17,
1.525003e-16,
1.449213e-16,
0,
0,
0,
0,
0,
0.01436537,
3.156404e-07,
0.139295,
0.1419081,
4.359344e-32,
0.01604876,
0.02499468,
5.49691e-07,
0,
3.693617e-35,
3.681588e-32,
0,
2.426524e-19,
0.6542422,
0.009138088,
7.035722e-06,
1.471162e-17,
5.071444e-14,
8.704033e-14,
5.620014e-15,
0,
0,
0,
0,
0,
0.1794227,
3.783375e-13,
0.4640262,
0.3073414,
0,
0.00802904,
0.008182436,
1.157963e-12,
0.0167627,
0,
2.802597e-45,
0,
1.555252e-31,
0.01623032,
5.261541e-06,
1.128241e-10,
6.197656e-32,
2.244016e-25,
2.332199e-24,
1.119279e-24,
0,
0,
0,
0,
0,
0.2325571,
1.335196e-14,
0.4645331,
0.2784886,
0,
0.004582058,
0.004329001,
4.558408e-14,
0.009214495,
0,
0,
0,
8.780888e-35,
0.006294483,
1.178543e-06,
8.786343e-12,
2.744498e-35,
4.569683e-28,
6.15092e-27,
2.954442e-27,
0,
0,
0,
0,
0,
0.2224424,
1.696629e-15,
0.4654475,
0.2858266,
0,
0.005258595,
0.005013116,
6.193676e-15,
0.009237178,
0,
0,
0,
8.841998e-37,
0.006774101,
4.890881e-07,
1.813792e-12,
2.684709e-37,
1.094793e-29,
1.686773e-28,
7.658037e-29,
0,
0,
0,
0,
0,
0.8938093,
0,
0.09286541,
0.0133252,
0,
7.585467e-08,
2.65714e-08,
0,
0,
0,
0,
0,
0,
8.43814e-11,
1.014645e-23,
4.959195e-42,
0,
0,
0,
0,
0,
0,
0,
0,
0,
0.1840134,
2.164823e-13,
0.4695604,
0.3126031,
0,
0.008156006,
0.008341314,
8.777447e-13,
0,
0,
5.184804e-44,
0,
1.085424e-30,
0.01731605,
9.797186e-06,
3.725348e-10,
1.852506e-30,
3.571219e-24,
3.391175e-23,
1.818832e-23,
0,
0,
0,
0,
0,
0.04730857,
4.949606e-08,
0.311905,
0.2859211,
2.393985e-34,
0.0239362,
0.0328875,
1.002606e-07,
0,
1.782744e-37,
3.548826e-33,
0,
1.449766e-20,
0.2965252,
0.001515496,
7.587794e-07,
7.590009e-19,
4.975836e-15,
1.033742e-14,
8.950907e-16,
0,
0,
0,
0,
0,
0.1505853,
6.65922e-12,
0.4618292,
0.3268197,
0,
0.01174667,
0.01269563,
2.2681e-11,
0,
0,
1.759667e-40,
0,
1.179159e-27,
0.03628638,
3.70804e-05,
3.282956e-09,
9.358525e-29,
1.178106e-22,
1.549897e-21,
3.081775e-21,
0,
0,
0,
0,
0,
0.3786528,
1.967007e-20,
0.4209882,
0.1980416,
0,
0.001066983,
0.0008283994,
1.023101e-19,
2.564407e-05,
0,
0,
0,
0,
0.0003963764,
3.494911e-09,
2.768669e-16,
2.634441e-43,
3.062745e-35,
9.979346e-35,
1.269175e-37,
0,
0,
0,
0,
0,
0.6033344,
4.095986e-24,
0.2988506,
0.097489,
0,
0.0001628218,
0.0001201834,
2.78843e-23,
0,
0,
0,
0,
0,
4.296456e-05,
8.692798e-11,
4.059596e-19,
0,
2.446667e-41,
9.661112e-41,
4.063766e-44,
0,
0,
0,
0,
0,
0.07924578,
1.831923e-10,
0.3712094,
0.320353,
7.822048e-42,
0.02566876,
0.03222636,
6.969612e-10,
0,
9.809089e-45,
9.193246e-35,
0,
2.518852e-23,
0.1706919,
0.0006047298,
1.11107e-07,
4.690135e-23,
3.181428e-18,
1.89591e-17,
1.232907e-17,
0,
0,
0,
0,
0,
0.1270478,
2.752971e-11,
0.4458028,
0.3403402,
0,
0.01615672,
0.01834898,
8.980077e-11,
0.0003570628,
0,
1.026415e-38,
0,
3.106499e-26,
0.05187678,
6.964761e-05,
8.938595e-09,
2.323103e-26,
7.016474e-21,
5.261318e-20,
3.350247e-20,
0,
0,
0,
0,
0,
0.2256433,
1.103904e-14,
0.4684598,
0.287899,
0,
0.005233184,
0.00504396,
5.048567e-14,
0,
0,
0,
0,
1.799054e-33,
0.007717696,
2.94608e-06,
4.434563e-11,
3.102612e-33,
2.101358e-26,
2.438615e-25,
1.260767e-25,
0,
0,
0,
0,
0,
0.1787052,
1.25725e-14,
0.4709547,
0.3195026,
0,
0.008912633,
0.009201757,
7.967841e-14,
0,
0,
3.222986e-44,
0,
1.313207e-31,
0.01271463,
8.554485e-06,
3.020887e-10,
4.253179e-40,
1.144443e-30,
7.616527e-28,
1.117868e-23,
0,
0,
0,
1981, 
0,
0,
0.2838229,
2.989426e-15,
0.4561988,
0.252059,
0,
0.002719982,
0.002365672,
5.852634e-15,
0,
0,
0,
0,
3.143253e-39,
0.002833484,
2.085821e-07,
3.151152e-13,
1.458405e-27,
2.088915e-23,
1.493642e-24,
1.582303e-30,
0,
0,
0,
0,
0,
0.5091975,
1.113136e-20,
0.3542504,
0.1344699,
0.001503794,
0.0002791412,
0.0001942171,
2.454553e-20,
0,
2.63524e-21,
0,
0,
0,
8.087846e-05,
3.348283e-10,
3.727455e-18,
2.419915e-05,
1.662976e-10,
2.271385e-18,
8.197596e-42,
0,
0,
0,
0,
0,
0.3283584,
4.285472e-17,
0.4411324,
0.2260343,
0,
0.001811774,
0.001516446,
1.540158e-16,
0,
0,
0,
0,
6.725672e-41,
0.001146659,
6.860826e-08,
5.960588e-14,
6.167084e-38,
1.074704e-30,
4.305516e-30,
3.641004e-32,
0,
0,
0,
0,
0,
0.2018094,
5.138605e-14,
0.4721792,
0.3019336,
0,
0.006568582,
0.00645155,
1.498969e-13,
0,
0,
0,
0,
6.155472e-34,
0.01105613,
1.490003e-06,
1.482707e-11,
2.055836e-31,
2.282278e-25,
7.146149e-25,
1.253838e-26,
0,
0,
0,
0,
0,
0.1019943,
7.566817e-12,
0.3953789,
0.3100855,
0.05386648,
0.01638664,
0.01904565,
2.079537e-11,
0,
6.863043e-12,
3.403754e-42,
7.849962e-32,
2.144282e-28,
0.08253486,
9.277475e-05,
1.079843e-09,
0.02058063,
3.426745e-05,
1.262914e-09,
4.689351e-22,
0,
0,
0,
0,
0,
0.3747853,
3.849089e-19,
0.420175,
0.2021899,
0.000120696,
0.001186407,
0.0009423634,
1.839965e-18,
0,
0,
0,
0,
1.261169e-44,
0.000574047,
1.455298e-08,
3.716975e-15,
2.629655e-05,
1.586797e-33,
7.979557e-33,
6.143764e-35,
0,
0,
0,
0,
0,
0.6884075,
2.095304e-26,
0.2435859,
0.06787225,
0,
7.17588e-05,
5.062309e-05,
1.623326e-25,
0,
0,
0,
0,
0,
1.192567e-05,
6.067242e-12,
4.538884e-21,
0,
0,
0,
0,
0,
0,
0,
0,
0,
0.2405029,
2.914162e-17,
0.4690651,
0.277548,
0,
0.004338648,
0.004015462,
1.864307e-16,
0,
0,
0,
0,
2.344994e-38,
0.004529606,
2.562918e-07,
7.151345e-13,
1.975831e-43,
5.85186e-34,
9.949117e-32,
1.151951e-29,
0,
0,
0,
0,
0,
0.211116,
4.851305e-16,
0.4744167,
0.2961428,
0,
0.005965099,
0.005796222,
3.322483e-15,
0,
0,
0,
0,
8.277807e-35,
0.006562052,
1.113247e-06,
1.097404e-11,
4.915364e-39,
1.465808e-30,
1.37381e-28,
6.539799e-27,
0,
0,
0,
0,
0,
0.1291943,
9.358731e-13,
0.4438668,
0.338071,
0,
0.01578825,
0.01781023,
4.740472e-12,
0,
0,
1.320124e-39,
0,
1.12416e-27,
0.05521151,
5.78327e-05,
4.938094e-09,
4.415455e-31,
3.900237e-24,
1.899209e-22,
1.043644e-20,
0,
0,
0,
0,
0,
0.09811755,
5.722265e-13,
0.3878151,
0.3197614,
0.02349344,
0.02064276,
0.02468793,
2.547269e-12,
0.001251811,
9.784745e-12,
4.344025e-43,
8.656389e-32,
3.656789e-29,
0.113883,
0.0001879924,
1.076985e-09,
0.01013457,
2.438659e-05,
1.751629e-09,
5.288282e-22,
0,
0,
0,
0,
0,
0.0639873,
9.127474e-10,
0.3230872,
0.2892548,
2.728188e-40,
0.02692358,
0.03486186,
3.133225e-09,
0.0012219,
6.628142e-43,
1.023178e-33,
0,
4.207214e-22,
0.2591425,
0.001520557,
2.81549e-07,
3.977613e-22,
2.032921e-17,
1.270836e-16,
1.207678e-16,
0,
0,
0,
0,
0,
0.01474378,
2.630337e-07,
0.1415835,
0.1441509,
3.632787e-32,
0.01641512,
0.02552327,
4.580759e-07,
0,
3.078014e-35,
3.067989e-32,
0,
2.022103e-19,
0.6483214,
0.009254239,
7.050453e-06,
1.225968e-17,
4.226204e-14,
7.253361e-14,
4.683345e-15,
0,
0,
0,
0,
0,
0.1806801,
3.152812e-13,
0.4624386,
0.3071316,
0,
0.007998085,
0.008123261,
9.649692e-13,
0.01793491,
0,
2.802597e-45,
0,
1.296043e-31,
0.01568887,
4.480909e-06,
9.402013e-11,
5.164714e-32,
1.870013e-25,
1.943499e-24,
9.327324e-25,
0,
0,
0,
0,
0,
0.2341019,
1.112663e-14,
0.463257,
0.2780464,
0,
0.004515992,
0.00423991,
3.798673e-14,
0.009917572,
0,
0,
0,
7.317406e-35,
0.005920239,
9.821196e-07,
7.321957e-12,
2.287082e-35,
3.808069e-28,
5.125767e-27,
2.462035e-27,
0,
0,
0,
0,
0,
0.2216612,
1.413857e-15,
0.4644657,
0.2867999,
0,
0.005326415,
0.005073556,
5.161397e-15,
0.009876209,
0,
0,
0,
7.368332e-37,
0.006796606,
4.075735e-07,
1.511493e-12,
2.237258e-37,
9.123275e-30,
1.405644e-28,
6.381697e-29,
0,
0,
0,
0,
0,
0.8915236,
0,
0.09469385,
0.01378248,
0,
6.321224e-08,
2.214284e-08,
0,
0,
0,
0,
0,
0,
7.03178e-11,
8.455375e-24,
4.13383e-42,
0,
0,
0,
0,
0,
0,
0,
0,
0,
0.1855837,
1.804019e-13,
0.4688964,
0.3126132,
0,
0.008107215,
0.008254621,
7.31454e-13,
0,
0,
4.484155e-44,
0,
9.0452e-31,
0.0165366,
8.248359e-06,
3.104457e-10,
1.543755e-30,
2.976016e-24,
2.825979e-23,
1.515693e-23,
0,
0,
0,
0,
0,
0.04829356,
4.124671e-08,
0.3129754,
0.2870155,
1.994987e-34,
0.02435576,
0.03339479,
8.355046e-08,
0,
1.48562e-37,
2.957355e-33,
0,
1.208138e-20,
0.292524,
0.001440184,
6.32316e-07,
6.325008e-19,
4.14653e-15,
8.614513e-15,
7.45909e-16,
0,
0,
0,
0,
0,
0.1522463,
5.54935e-12,
0.4609377,
0.3271865,
0,
0.01173309,
0.01263926,
1.890084e-11,
0,
0,
1.466389e-40,
0,
9.826326e-28,
0.03522506,
3.209682e-05,
2.735797e-09,
7.79877e-29,
9.817546e-23,
1.291581e-21,
2.568146e-21,
0,
0,
0,
0,
0,
0.3797664,
1.639172e-20,
0.4201671,
0.1978206,
0,
0.001044409,
0.0008039876,
8.525845e-20,
3.218744e-05,
0,
0,
0,
0,
0.00036525,
2.912425e-09,
2.307225e-16,
2.200039e-43,
2.552287e-35,
8.316121e-35,
1.057646e-37,
0,
0,
0,
0,
0,
0.6055576,
3.413321e-24,
0.2977341,
0.09642322,
0,
0.0001444703,
0.0001047591,
2.323692e-23,
0,
0,
0,
0,
0,
3.580745e-05,
7.243992e-11,
3.382996e-19,
0,
2.038889e-41,
8.05102e-41,
3.363116e-44,
0,
0,
0,
0,
0,
0.08029094,
1.526603e-10,
0.3709361,
0.3204367,
6.517439e-42,
0.02591736,
0.03249042,
5.80801e-10,
0,
7.006492e-45,
7.661042e-35,
0,
2.099043e-23,
0.1693473,
0.0005811048,
9.258916e-08,
3.908445e-23,
2.65119e-18,
1.579925e-17,
1.027422e-17,
0,
0,
0,
0,
0,
0.1288061,
2.294143e-11,
0.4456725,
0.3403507,
0,
0.01610991,
0.01823995,
7.483399e-11,
0.0006292933,
0,
8.553456e-39,
0,
2.58875e-26,
0.05013075,
6.074977e-05,
7.44883e-09,
1.93592e-26,
5.847062e-21,
4.384432e-20,
2.791873e-20,
0,
0,
0,
0,
0,
0.227046,
9.199198e-15,
0.4678633,
0.2877892,
0,
0.005169456,
0.004950699,
4.207139e-14,
0,
0,
0,
0,
1.499212e-33,
0.007178857,
2.455066e-06,
3.695469e-11,
2.58551e-33,
1.751132e-26,
2.032179e-25,
1.050639e-25,
0,
0,
0,
0,
0,
0.1801179,
1.047708e-14,
0.4704913,
0.3195881,
0,
0.008883899,
0.009139132,
6.639868e-14,
0,
0,
2.802597e-44,
0,
1.094339e-31,
0.01177253,
7.136719e-06,
2.517405e-10,
3.544318e-40,
9.537025e-31,
6.347107e-28,
9.315568e-24,
0,
0,
0,
1982, 
0,
0,
0.2841538,
2.391541e-15,
0.4556292,
0.2524573,
0,
0.00271796,
0.00235339,
4.682108e-15,
0,
0,
0,
0,
2.514601e-39,
0.00268829,
1.668658e-07,
2.520925e-13,
1.166724e-27,
1.671132e-23,
1.194914e-24,
1.265842e-30,
0,
0,
0,
0,
0,
0.5074628,
8.905086e-21,
0.35534,
0.1354451,
0.001203036,
0.0002734317,
0.0001869192,
1.963642e-20,
0,
2.108192e-21,
0,
0,
0,
6.933056e-05,
2.678629e-10,
2.981962e-18,
1.935932e-05,
1.330381e-10,
1.817108e-18,
6.556676e-42,
0,
0,
0,
0,
0,
0.3268299,
3.428378e-17,
0.4412858,
0.2274645,
0,
0.001831086,
0.001523398,
1.232126e-16,
0,
0,
0,
0,
5.380566e-41,
0.001065243,
5.488658e-08,
4.768475e-14,
4.933667e-38,
8.597633e-31,
3.444413e-30,
2.912803e-32,
0,
0,
0,
0,
0,
0.2017628,
4.110884e-14,
0.470856,
0.3029281,
0,
0.006688801,
0.00657026,
1.199175e-13,
0,
0,
0,
0,
4.924377e-34,
0.01119278,
1.309282e-06,
1.186165e-11,
1.644669e-31,
1.825823e-25,
5.716919e-25,
1.00307e-26,
0,
0,
0,
0,
0,
0.09961408,
6.053453e-12,
0.3822433,
0.3009684,
0.07266828,
0.01620821,
0.01884909,
1.663629e-11,
0,
5.490434e-12,
2.724124e-42,
6.279969e-32,
1.715425e-28,
0.08142513,
9.404298e-05,
8.638743e-10,
0.02788278,
4.6696e-05,
1.010331e-09,
3.751481e-22,
0,
0,
0,
0,
0,
0.3706936,
3.079271e-19,
0.4216262,
0.2045648,
0.0002791409,
0.001229605,
0.0009739308,
1.471972e-18,
0,
0,
0,
0,
1.121039e-44,
0.00056075,
1.164238e-08,
2.973578e-15,
7.199918e-05,
1.269437e-33,
6.383645e-33,
4.91501e-35,
0,
0,
0,
0,
0,
0.683701,
1.676243e-26,
0.2468327,
0.06934688,
0,
6.512142e-05,
4.458867e-05,
1.298661e-25,
0,
0,
0,
0,
0,
9.708632e-06,
4.853794e-12,
3.631104e-21,
0,
0,
0,
0,
0,
0,
0,
0,
0,
0.2390956,
2.33133e-17,
0.4681549,
0.2794769,
0,
0.004474965,
0.004149473,
1.491446e-16,
0,
0,
0,
0,
1.875995e-38,
0.004648001,
2.050332e-07,
5.721076e-13,
1.569454e-43,
4.681488e-34,
7.959293e-32,
9.215606e-30,
0,
0,
0,
0,
0,
0.2112518,
3.881044e-16,
0.4730666,
0.2973177,
0,
0.006061262,
0.005883706,
2.657986e-15,
0,
0,
0,
0,
6.622245e-35,
0.006418092,
8.905988e-07,
8.779227e-12,
3.93229e-39,
1.172646e-30,
1.099048e-28,
5.23184e-27,
0,
0,
0,
0,
0,
0.1296927,
7.486985e-13,
0.4426428,
0.3382562,
0,
0.01599764,
0.01804603,
3.792378e-12,
0,
0,
1.056097e-39,
0,
8.99328e-28,
0.05531171,
5.29954e-05,
3.950481e-09,
3.532364e-31,
3.12019e-24,
1.519367e-22,
8.349152e-21,
0,
0,
0,
0,
0,
0.0994052,
4.577812e-13,
0.3902842,
0.3219581,
0.01879476,
0.02095325,
0.02503926,
2.037815e-12,
0.001230218,
7.827798e-12,
3.489233e-43,
6.925113e-32,
2.925432e-29,
0.1140199,
0.0001879492,
8.615878e-10,
0.008107659,
1.950928e-05,
1.401303e-09,
4.230626e-22,
0,
0,
0,
0,
0,
0.06438689,
7.301979e-10,
0.3214778,
0.2884657,
2.182536e-40,
0.02742347,
0.03550104,
2.50658e-09,
0.001362553,
5.310921e-43,
8.185419e-34,
0,
3.365771e-22,
0.259821,
0.001561233,
2.252393e-07,
3.18209e-22,
1.626337e-17,
1.016669e-16,
9.661422e-17,
0,
0,
0,
0,
0,
0.01511078,
2.104269e-07,
0.1436578,
0.1462139,
2.90623e-32,
0.0168061,
0.02608913,
3.664607e-07,
0,
2.462412e-35,
2.454389e-32,
0,
1.617683e-19,
0.6426759,
0.009438632,
7.195998e-06,
9.807747e-18,
3.380963e-14,
5.802688e-14,
3.746677e-15,
0,
0,
0,
0,
0,
0.180804,
2.52225e-13,
0.4604138,
0.3073683,
0,
0.008084216,
0.008203048,
7.719753e-13,
0.019557,
0,
2.802597e-45,
0,
1.036835e-31,
0.01556579,
3.822014e-06,
7.521617e-11,
4.131771e-32,
1.49601e-25,
1.5548e-24,
7.461858e-25,
0,
0,
0,
0,
0,
0.2341495,
8.901303e-15,
0.462037,
0.2784827,
0,
0.004536658,
0.00424375,
3.038939e-14,
0.01082532,
0,
0,
0,
5.853925e-35,
0.005724361,
7.856958e-07,
5.857571e-12,
1.829665e-35,
3.046455e-28,
4.100613e-27,
1.969628e-27,
0,
0,
0,
0,
0,
0.2194141,
1.131086e-15,
0.46328,
0.2885647,
0,
0.005516959,
0.005273206,
4.129118e-15,
0.01077031,
0,
0,
0,
5.894667e-37,
0.007180295,
4.035305e-07,
1.209194e-12,
1.789806e-37,
7.298621e-30,
1.124515e-28,
5.105357e-29,
0,
0,
0,
0,
0,
0.8824671,
0,
0.1016001,
0.01593223,
0,
4.477117e-07,
1.803893e-07,
0,
0,
0,
0,
0,
0,
5.62542e-11,
6.764302e-24,
3.308466e-42,
0,
0,
0,
0,
0,
0,
0,
0,
0,
0.186051,
1.443215e-13,
0.4679955,
0.3132355,
0,
0.008181619,
0.008312909,
5.851632e-13,
0,
0,
3.783506e-44,
0,
7.23616e-31,
0.01621671,
6.824263e-06,
2.483566e-10,
1.235004e-30,
2.380813e-24,
2.260783e-23,
1.212554e-23,
0,
0,
0,
0,
0,
0.04899641,
3.299737e-08,
0.3131739,
0.2874941,
1.59599e-34,
0.02476993,
0.03392464,
6.684037e-08,
0,
1.188496e-37,
2.365884e-33,
0,
9.665106e-21,
0.2902581,
0.001382418,
5.058525e-07,
5.060006e-19,
3.317223e-15,
6.89161e-15,
5.967272e-16,
0,
0,
0,
0,
0,
0.1530529,
4.439479e-12,
0.4595372,
0.3278308,
0,
0.01185336,
0.01275159,
1.512067e-11,
0,
0,
1.173111e-40,
0,
7.86106e-28,
0.03494642,
2.771376e-05,
2.188638e-09,
6.239015e-29,
7.854037e-23,
1.033265e-21,
2.054517e-21,
0,
0,
0,
0,
0,
0.3781955,
1.311338e-20,
0.420453,
0.1990944,
0,
0.001057612,
0.0008106372,
6.820676e-20,
3.705519e-05,
0,
0,
0,
0,
0.0003518606,
2.329939e-09,
1.845781e-16,
1.765636e-43,
2.04183e-35,
6.652897e-35,
8.461166e-38,
0,
0,
0,
0,
0,
0.6026032,
2.730657e-24,
0.2996562,
0.09748393,
0,
0.0001336356,
9.41111e-05,
1.858953e-23,
0,
0,
0,
0,
0,
2.884219e-05,
5.795185e-11,
2.706396e-19,
0,
1.631111e-41,
6.440928e-41,
2.662467e-44,
0,
0,
0,
0,
0,
0.08099303,
1.221282e-10,
0.3699169,
0.3201557,
5.21283e-42,
0.02625754,
0.032898,
4.646408e-10,
0,
4.203895e-45,
6.128837e-35,
0,
1.679234e-23,
0.1692106,
0.0005681973,
7.407128e-08,
3.126756e-23,
2.120953e-18,
1.26394e-17,
8.219378e-18,
0,
0,
0,
0,
0,
0.1301644,
1.835314e-11,
0.44508,
0.3402922,
0,
0.01612726,
0.01821686,
5.986719e-11,
0.001288419,
0,
6.842765e-39,
0,
2.071e-26,
0.04877852,
5.226928e-05,
5.959064e-09,
1.548735e-26,
4.677649e-21,
3.507545e-20,
2.233498e-20,
0,
0,
0,
0,
0,
0.2269441,
7.359359e-15,
0.4673453,
0.2886519,
0,
0.005212331,
0.004974073,
3.365712e-14,
0,
0,
0,
0,
1.199369e-33,
0.006870216,
1.964052e-06,
2.956375e-11,
2.068408e-33,
1.400905e-26,
1.625743e-25,
8.405113e-26,
0,
0,
0,
0,
0,
0.180524,
8.381665e-15,
0.4698356,
0.3203004,
0,
0.008988038,
0.009235266,
5.311895e-14,
0,
0,
2.382207e-44,
0,
8.754712e-32,
0.01111094,
5.71895e-06,
2.013923e-10,
2.835457e-40,
7.629618e-31,
5.077685e-28,
7.452453e-24,
0,
0,
0,
1983, 
0,
0,
0.2827635,
1.793655e-15,
0.4554377,
0.2539435,
0,
0.002783721,
0.002409414,
3.511581e-15,
0,
0,
0,
0,
1.885949e-39,
0.002662094,
1.251495e-07,
1.890697e-13,
8.750431e-28,
1.253349e-23,
8.961852e-25,
9.493817e-31,
0,
0,
0,
0,
0,
0.5015828,
6.678815e-21,
0.3584276,
0.1385187,
0.0009022769,
0.0002922893,
0.0001981957,
1.472732e-20,
0,
1.581144e-21,
0,
0,
0,
6.363671e-05,
2.008975e-10,
2.236469e-18,
1.451949e-05,
9.977856e-11,
1.362831e-18,
4.915755e-42,
0,
0,
0,
0,
0,
0.3227004,
2.571284e-17,
0.4421602,
0.2305285,
0,
0.001934543,
0.001612925,
9.240945e-17,
0,
0,
0,
0,
4.035459e-41,
0.001063374,
4.11649e-08,
3.576362e-14,
3.70025e-38,
6.448225e-31,
2.58331e-30,
2.184603e-32,
0,
0,
0,
0,
0,
0.2004047,
3.083163e-14,
0.4692664,
0.3046652,
0,
0.00695696,
0.0068632,
8.993815e-14,
0,
0,
0,
0,
3.693282e-34,
0.01184216,
1.280352e-06,
8.896236e-12,
1.233502e-31,
1.369367e-25,
4.28769e-25,
7.523027e-27,
0,
0,
0,
0,
0,
0.09488016,
4.54009e-12,
0.3609379,
0.2853819,
0.1042446,
0.01568517,
0.01826244,
1.247722e-11,
0,
4.117827e-12,
2.044494e-42,
4.709976e-32,
1.286569e-28,
0.07901578,
9.609436e-05,
6.479062e-10,
0.04141779,
7.812432e-05,
7.577483e-10,
2.813611e-22,
0,
0,
0,
0,
0,
0.3630269,
2.309454e-19,
0.4242762,
0.2092144,
0.0002839195,
0.001373247,
0.001102082,
1.103979e-18,
0,
0,
0,
0,
9.809089e-45,
0.0006496529,
8.73178e-09,
2.230181e-15,
7.363277e-05,
9.520781e-34,
4.787734e-33,
3.686257e-35,
0,
0,
0,
0,
0,
0.6714489,
1.257182e-26,
0.2544738,
0.07395085,
0,
7.11687e-05,
4.683787e-05,
9.739954e-26,
0,
0,
0,
0,
0,
8.34954e-06,
3.640345e-12,
2.723324e-21,
0,
0,
0,
0,
0,
0,
0,
0,
0,
0.2358174,
1.748497e-17,
0.467187,
0.2825918,
0,
0.004774665,
0.004468044,
1.118584e-16,
0,
0,
0,
0,
1.406996e-38,
0.005160884,
1.537747e-07,
4.290806e-13,
1.163078e-43,
3.511116e-34,
5.969469e-32,
6.911705e-30,
0,
0,
0,
0,
0,
0.2097211,
2.910783e-16,
0.4715322,
0.2995434,
0,
0.006338703,
0.006182284,
1.99349e-15,
0,
0,
0,
0,
4.966683e-35,
0.006681589,
7.507439e-07,
6.584419e-12,
2.949216e-39,
8.794846e-31,
8.242855e-29,
3.92388e-27,
0,
0,
0,
0,
0,
0.1291616,
5.615238e-13,
0.4401409,
0.3382524,
0,
0.01642758,
0.01858665,
2.844283e-12,
0,
0,
7.920699e-40,
0,
6.744959e-28,
0.05737824,
5.261851e-05,
2.962867e-09,
2.649273e-31,
2.340142e-24,
1.139525e-22,
6.261863e-21,
0,
0,
0,
0,
0,
0.1000503,
3.433358e-13,
0.3916216,
0.3237234,
0.01409607,
0.02141259,
0.02561022,
1.528361e-12,
0.001214079,
5.870849e-12,
2.634441e-43,
5.193835e-32,
2.194074e-29,
0.1159791,
0.0001973561,
6.461901e-10,
0.006080744,
1.463196e-05,
1.050978e-09,
3.17297e-22,
0,
0,
0,
0,
0,
0.06411743,
5.476484e-10,
0.3181645,
0.2864842,
1.636885e-40,
0.02792189,
0.03620756,
1.879936e-09,
0.001460278,
3.993701e-43,
6.139059e-34,
0,
2.524329e-22,
0.2639703,
0.001673563,
2.868214e-07,
2.386567e-22,
1.219753e-17,
7.625017e-17,
7.246066e-17,
0,
0,
0,
0,
0,
0.01537456,
1.578202e-07,
0.1450601,
0.1476865,
2.179672e-32,
0.01717465,
0.0266386,
2.748455e-07,
0,
1.846809e-35,
1.84079e-32,
0,
1.213262e-19,
0.638317,
0.009740599,
7.571241e-06,
7.35581e-18,
2.535722e-14,
4.352015e-14,
2.810008e-15,
0,
0,
0,
0,
0,
0.1796629,
1.891687e-13,
0.4578342,
0.3081096,
0,
0.008329198,
0.008476126,
5.789815e-13,
0.0214949,
0,
2.802597e-45,
0,
7.77626e-32,
0.01608964,
3.436699e-06,
5.641222e-11,
3.098828e-32,
1.122008e-25,
1.1661e-24,
5.596394e-25,
0,
0,
0,
0,
0,
0.2325051,
6.675978e-15,
0.460776,
0.2799188,
0,
0.004679228,
0.004382298,
2.279204e-14,
0.01191723,
0,
0,
0,
4.390444e-35,
0.005820794,
5.892721e-07,
4.393184e-12,
1.372249e-35,
2.284841e-28,
3.07546e-27,
1.477221e-27,
0,
0,
0,
0,
0,
0.2156327,
8.483147e-16,
0.4617558,
0.2911345,
0,
0.005864664,
0.005656528,
3.096839e-15,
0.01183964,
0,
0,
0,
4.421001e-37,
0.008115601,
5.348268e-07,
9.068954e-13,
1.342355e-37,
5.473965e-30,
8.433866e-29,
3.829017e-29,
0,
0,
0,
0,
0,
0.86454,
0,
0.114716,
0.02074019,
0,
2.609005e-06,
1.229831e-06,
0,
0,
0,
0,
0,
0,
4.219059e-11,
5.07323e-24,
2.483101e-42,
0,
0,
0,
0,
0,
0,
0,
0,
0,
0.1851878,
1.082411e-13,
0.466632,
0.3145029,
0,
0.00842873,
0.008580253,
4.388725e-13,
0,
0,
3.082857e-44,
0,
5.42712e-31,
0.0166626,
5.720035e-06,
1.862675e-10,
9.262531e-31,
1.78561e-24,
1.695587e-23,
9.094159e-24,
0,
0,
0,
0,
0,
0.04926829,
2.474803e-08,
0.3120752,
0.2870461,
1.196992e-34,
0.02516256,
0.03447505,
5.013028e-08,
0,
8.91372e-38,
1.774412e-33,
0,
7.248829e-21,
0.2906187,
0.001353632,
3.793891e-07,
3.795005e-19,
2.487917e-15,
5.168709e-15,
4.475454e-16,
0,
0,
0,
0,
0,
0.1528504,
3.329609e-12,
0.4573739,
0.3286826,
0,
0.01214591,
0.01308629,
1.13405e-11,
0,
0,
8.798333e-41,
0,
5.895795e-28,
0.03583626,
2.460234e-05,
1.641479e-09,
4.679261e-29,
5.890529e-23,
7.749486e-22,
1.540888e-21,
0,
0,
0,
0,
0,
0.3735588,
9.835035e-21,
0.4218742,
0.2021602,
0,
0.001127775,
0.0008691127,
5.115507e-20,
3.648235e-05,
0,
0,
0,
0,
0.0003734149,
1.747453e-09,
1.384336e-16,
1.331234e-43,
1.531372e-35,
4.989673e-35,
6.345874e-38,
0,
0,
0,
0,
0,
0.5938019,
2.047992e-24,
0.30475,
0.1011905,
0,
0.0001397252,
9.523369e-05,
1.394215e-23,
0,
0,
0,
0,
0,
2.26301e-05,
4.346378e-11,
2.029797e-19,
0,
1.223334e-41,
4.830836e-41,
1.961818e-44,
0,
0,
0,
0,
0,
0.08117118,
9.159618e-11,
0.3676944,
0.3192537,
3.908221e-42,
0.02674228,
0.03353636,
3.484806e-10,
0,
1.401298e-45,
4.596632e-35,
0,
1.259426e-23,
0.171026,
0.0005760661,
5.55534e-08,
2.345067e-23,
1.590715e-18,
9.479553e-18,
6.164534e-18,
0,
0,
0,
0,
0,
0.1306703,
1.376486e-11,
0.4431911,
0.3397593,
0,
0.01625378,
0.0183455,
4.49004e-11,
0.003490884,
0,
5.132073e-39,
0,
1.55325e-26,
0.04824432,
4.487682e-05,
4.469299e-09,
1.161551e-26,
3.508236e-21,
2.630659e-20,
1.675123e-20,
0,
0,
0,
0,
0,
0.2250666,
5.51952e-15,
0.4667417,
0.2906238,
0,
0.005412457,
0.005175542,
2.524284e-14,
0,
0,
0,
0,
8.995268e-34,
0.006978309,
1.553304e-06,
2.217281e-11,
1.551306e-33,
1.050679e-26,
1.219307e-25,
6.303834e-26,
0,
0,
0,
0,
0,
0.1796445,
6.28625e-15,
0.4687857,
0.3217438,
0,
0.009289381,
0.009573306,
3.983922e-14,
0,
0,
1.961818e-44,
0,
6.566036e-32,
0.01095877,
4.462659e-06,
1.510442e-10,
2.126597e-40,
5.722214e-31,
3.808265e-28,
5.589341e-24,
0,
0,
0,
1984, 
0,
0,
0.2792598,
1.19577e-15,
0.4555441,
0.2567098,
0,
0.002945682,
0.00256496,
2.341054e-15,
0.0001406183,
0,
0,
0,
1.257297e-39,
0.002834889,
8.343324e-08,
1.260469e-13,
5.833619e-28,
8.355665e-24,
5.974567e-25,
6.32921e-31,
0,
0,
0,
0,
0,
0.4910936,
4.452543e-21,
0.3636645,
0.1439748,
0.0006015181,
0.0003471854,
0.0002383928,
9.818207e-21,
0,
1.054096e-21,
0,
0,
0,
7.031349e-05,
1.339321e-10,
1.490977e-18,
9.679659e-06,
6.651904e-11,
9.085545e-19,
3.274835e-42,
0,
0,
0,
0,
0,
0.3161083,
1.714189e-17,
0.4436199,
0.2351664,
0,
0.002135109,
0.001800632,
6.160628e-17,
0,
0,
0,
0,
2.690353e-41,
0.00116965,
2.744322e-08,
2.384249e-14,
2.466833e-38,
4.298817e-31,
1.722206e-30,
1.456402e-32,
0,
0,
0,
0,
0,
0.1977891,
2.055443e-14,
0.4673419,
0.3070848,
0,
0.007383412,
0.007345995,
5.995877e-14,
0,
0,
0,
0,
2.462187e-34,
0.01305331,
1.467813e-06,
5.930819e-12,
8.223345e-32,
9.129113e-26,
2.85846e-25,
5.015353e-27,
0,
0,
0,
0,
0,
0.09066496,
3.026726e-12,
0.3433514,
0.2732395,
0.1277019,
0.01546644,
0.01807798,
8.318148e-12,
0,
2.745219e-12,
1.364865e-42,
3.139983e-32,
8.577124e-29,
0.07978126,
0.0001081397,
4.31938e-10,
0.05150596,
0.000102456,
5.051655e-10,
1.875741e-22,
0,
0,
0,
0,
0,
0.3520321,
1.539636e-19,
0.4276672,
0.2159029,
0.0003913649,
0.001639972,
0.001354194,
7.359857e-19,
0,
0,
0,
0,
8.407791e-45,
0.0009004009,
5.821178e-09,
1.486783e-15,
0.0001118541,
6.347188e-34,
3.191823e-33,
2.457504e-35,
0,
0,
0,
0,
0,
0.6515738,
8.381212e-27,
0.2662817,
0.08196738,
0,
0.000101233,
6.621944e-05,
6.493303e-26,
0,
0,
0,
0,
0,
9.657626e-06,
2.426897e-12,
1.815544e-21,
0,
0,
0,
0,
0,
0,
0,
0,
0,
0.2306004,
1.165665e-17,
0.4660216,
0.2868902,
0,
0.005269303,
0.005012356,
7.457225e-17,
0,
0,
0,
0,
9.379972e-39,
0.006205941,
2.761811e-07,
2.860536e-13,
7.567012e-44,
2.340744e-34,
3.979646e-32,
4.607804e-30,
0,
0,
0,
0,
0,
0.2064538,
1.940521e-16,
0.4696593,
0.302809,
0,
0.006834493,
0.006741567,
1.328993e-15,
0,
0,
0,
0,
3.311121e-35,
0.007501075,
7.285132e-07,
4.389612e-12,
1.966142e-39,
5.86323e-31,
5.495235e-29,
2.61592e-27,
0,
0,
0,
0,
0,
0.1274,
3.743492e-13,
0.4358575,
0.3377853,
0,
0.0171293,
0.01951302,
1.896189e-12,
0,
0,
5.280429e-40,
0,
4.496638e-28,
0.06225354,
6.135632e-05,
1.975253e-09,
1.766182e-31,
1.560095e-24,
7.596833e-23,
4.174577e-21,
0,
0,
0,
0,
0,
0.09965044,
2.288905e-13,
0.3909067,
0.3245688,
0.009397376,
0.02211072,
0.02654348,
1.018907e-12,
0.001187626,
3.9139e-12,
1.779649e-43,
3.462557e-32,
1.462716e-29,
0.1213414,
0.0002298848,
4.307925e-10,
0.004053829,
9.754642e-06,
7.006518e-10,
2.115313e-22,
0,
0,
0,
0,
0,
0.06309263,
3.650988e-10,
0.3127362,
0.282945,
1.091233e-40,
0.02838168,
0.03694408,
1.253291e-09,
0.001828019,
2.67648e-43,
4.092699e-34,
0,
1.682886e-22,
0.2721885,
0.00188339,
4.374405e-07,
1.591044e-22,
8.131687e-18,
5.083345e-17,
4.830711e-17,
0,
0,
0,
0,
0,
0.01541571,
1.052134e-07,
0.1452172,
0.1480369,
1.453115e-32,
0.01743426,
0.02706472,
1.832304e-07,
0,
1.231206e-35,
1.227191e-32,
0,
8.088414e-20,
0.6366196,
0.01020304,
8.240076e-06,
4.903874e-18,
1.690482e-14,
2.901342e-14,
1.873339e-15,
0,
0,
0,
0,
0,
0.176514,
1.261125e-13,
0.4525533,
0.3078348,
0,
0.00870037,
0.008915293,
3.859877e-13,
0.02817536,
0,
2.802597e-45,
0,
5.184172e-32,
0.01730338,
3.489559e-06,
3.760827e-11,
2.065886e-32,
7.480049e-26,
7.774001e-25,
3.73093e-25,
0,
0,
0,
0,
0,
0.2286092,
4.450652e-15,
0.4582224,
0.2816033,
0,
0.004948303,
0.004666458,
1.519469e-14,
0.01567497,
0,
0,
0,
2.926963e-35,
0.006274867,
4.95212e-07,
2.928798e-12,
9.148325e-36,
1.523228e-28,
2.050307e-27,
9.848139e-28,
0,
0,
0,
0,
0,
0.2098525,
5.655433e-16,
0.4585984,
0.293654,
0,
0.006370102,
0.006232705,
2.06456e-15,
0.01555295,
0,
0,
0,
2.947335e-37,
0.009738434,
9.266642e-07,
6.045965e-13,
8.949034e-38,
3.64931e-30,
5.622579e-29,
2.552678e-29,
0,
0,
0,
0,
0,
0.8365696,
0,
0.1344404,
0.02897407,
0,
1.028697e-05,
5.451833e-06,
0,
0,
0,
0,
0,
0,
1.646669e-07,
3.382158e-24,
1.657736e-42,
0,
0,
0,
0,
0,
0,
0,
0,
0,
0.1828377,
7.216076e-14,
0.4645815,
0.3163867,
0,
0.008890484,
0.009113383,
2.925817e-13,
0,
0,
2.382207e-44,
0,
3.61808e-31,
0.01818498,
5.270713e-06,
1.241784e-10,
6.17502e-31,
1.190407e-24,
1.130392e-23,
6.062772e-24,
0,
0,
0,
0,
0,
0.04897191,
1.649868e-08,
0.30918,
0.2852784,
7.979949e-35,
0.0255095,
0.03503194,
3.342019e-08,
0,
5.94248e-38,
1.182941e-33,
0,
4.832552e-21,
0.2946578,
0.001370122,
2.529258e-07,
2.530004e-19,
1.658611e-15,
3.445806e-15,
2.983636e-16,
0,
0,
0,
0,
0,
0.1515541,
2.219739e-12,
0.4542419,
0.3296412,
0,
0.01263318,
0.01367683,
7.560334e-12,
0,
0,
5.865555e-41,
0,
3.930531e-28,
0.03822915,
2.364661e-05,
1.09432e-09,
3.119507e-29,
3.927021e-23,
5.166325e-22,
1.027259e-21,
0,
0,
0,
0,
0,
0.3656858,
6.556691e-21,
0.4243804,
0.2071679,
0,
0.001273948,
0.0009992755,
3.410338e-20,
4.231762e-05,
0,
0,
0,
0,
0.000450334,
1.164967e-09,
9.228922e-17,
8.96831e-44,
1.020915e-35,
3.326449e-35,
4.230582e-38,
0,
0,
0,
0,
0,
0.578914,
1.365328e-24,
0.3129562,
0.1078193,
0,
0.0001743382,
0.0001175958,
9.294763e-24,
0,
0,
0,
0,
0,
1.858097e-05,
2.897572e-11,
1.353197e-19,
0,
8.155557e-42,
3.220744e-41,
1.261169e-44,
0,
0,
0,
0,
0,
0.08064805,
6.106413e-11,
0.3637339,
0.3173789,
2.603613e-42,
0.02741342,
0.03448081,
2.323204e-10,
0,
0,
3.064428e-35,
0,
8.396173e-24,
0.1757241,
0.0006206943,
3.703552e-08,
1.563378e-23,
1.060477e-18,
6.319703e-18,
4.10969e-18,
0,
0,
0,
0,
0,
0.130318,
9.176571e-12,
0.4406392,
0.3395009,
0,
0.01660516,
0.01877629,
2.993361e-11,
0.004835121,
0,
3.421382e-39,
0,
1.0355e-26,
0.0492854,
3.996324e-05,
2.979533e-09,
7.743674e-27,
2.338823e-21,
1.753772e-20,
1.116749e-20,
0,
0,
0,
0,
0,
0.2212587,
3.679681e-15,
0.4658665,
0.2937345,
0,
0.005812965,
0.005610332,
1.682856e-14,
0,
0,
0,
0,
5.996843e-34,
0.007715693,
1.277951e-06,
1.478187e-11,
1.034204e-33,
7.004524e-27,
8.128713e-26,
4.202555e-26,
0,
0,
0,
0,
0,
0.1772479,
4.190834e-15,
0.4671108,
0.3239646,
0,
0.009854528,
0.01024266,
2.655949e-14,
0,
0,
1.541428e-44,
0,
4.377357e-32,
0.01157602,
3.457241e-06,
1.00696e-10,
1.417736e-40,
3.814808e-31,
2.538844e-28,
3.726227e-24,
0,
0,
0,
1985, 
0,
0,
0.2733169,
5.978846e-16,
0.4558376,
0.2609199,
0,
0.003237666,
0.002858559,
1.170527e-15,
0.0005065565,
0,
0,
0,
6.286449e-40,
0.003322779,
4.171694e-08,
6.302417e-14,
2.916806e-28,
4.177835e-24,
2.987281e-25,
3.164604e-31,
0,
0,
0,
0,
0,
0.4752943,
2.226271e-21,
0.3712642,
0.1522543,
0.0003007592,
0.0004557039,
0.000323737,
4.909098e-21,
0,
5.270476e-22,
0,
0,
0,
0.0001020534,
6.696668e-11,
7.454839e-19,
4.839828e-06,
3.325951e-11,
4.542776e-19,
1.633914e-42,
0,
0,
0,
0,
0,
0.3070072,
8.570949e-18,
0.4456461,
0.2414066,
0,
0.002441513,
0.002096905,
3.080311e-17,
0,
0,
0,
0,
1.345247e-41,
0.001401591,
1.372155e-08,
1.192136e-14,
1.233417e-38,
2.149409e-31,
8.611031e-31,
7.282016e-33,
0,
0,
0,
0,
0,
0.1938903,
1.027722e-14,
0.4650662,
0.3102005,
0,
0.007977145,
0.008030809,
2.997938e-14,
0,
0,
0,
0,
1.231092e-34,
0.01483309,
1.899478e-06,
2.965401e-12,
4.111672e-32,
4.564556e-26,
1.42923e-25,
2.507677e-27,
0,
0,
0,
0,
0,
0.08619463,
1.513363e-12,
0.3269638,
0.2625091,
0.1471913,
0.01540569,
0.01813014,
4.159075e-12,
0,
1.372611e-12,
6.852349e-43,
1.569991e-32,
4.28856e-29,
0.08336198,
0.0001296512,
2.159699e-10,
0.05999041,
0.0001233706,
2.525826e-10,
9.378716e-23,
0,
0,
0,
0,
0,
0.3373628,
7.698182e-20,
0.4319504,
0.2248959,
0.0003977474,
0.002054338,
0.001758117,
3.679927e-19,
9.790344e-05,
0,
0,
0,
7.006492e-45,
0.001368732,
2.910577e-09,
7.433862e-16,
0.0001141625,
3.173596e-34,
1.595911e-33,
1.228751e-35,
0,
0,
0,
0,
0,
0.6239195,
4.190606e-27,
0.2821691,
0.09361234,
0,
0.0001683333,
0.0001137703,
3.246653e-26,
0,
0,
0,
0,
0,
1.690574e-05,
1.213449e-12,
9.077645e-22,
0,
0,
0,
0,
0,
0,
0,
0,
0,
0.223338,
5.828324e-18,
0.4645583,
0.2924047,
0,
0.005989703,
0.005822764,
3.72861e-17,
0,
0,
0,
0,
4.689985e-39,
0.00788598,
5.649394e-07,
1.430266e-13,
3.503246e-44,
1.170373e-34,
1.989822e-32,
2.303903e-30,
0,
0,
0,
0,
0,
0.2013601,
9.702603e-17,
0.4673068,
0.3071065,
0,
0.007582757,
0.00760798,
6.644965e-16,
0,
0,
0,
0,
1.655559e-35,
0.009034965,
9.186608e-07,
2.194804e-12,
9.830683e-40,
2.931615e-31,
2.747615e-29,
1.30796e-27,
0,
0,
0,
0,
0,
0.1242209,
1.871745e-13,
0.4292598,
0.3365316,
0,
0.01815121,
0.02090558,
9.480946e-13,
0,
0,
2.640158e-40,
0,
2.248317e-28,
0.07084402,
8.692374e-05,
9.87639e-10,
8.830916e-32,
7.800476e-25,
3.798413e-23,
2.087289e-21,
0,
0,
0,
0,
0,
0.09788468,
1.144451e-13,
0.3870841,
0.3237649,
0.004698687,
0.02310995,
0.02795561,
5.094532e-13,
0.001109129,
1.956952e-12,
9.24857e-44,
1.73128e-32,
7.313575e-30,
0.1320451,
0.0003160528,
2.153948e-10,
0.002026914,
4.877325e-06,
3.50326e-10,
1.057657e-22,
0,
0,
0,
0,
0,
0.06118041,
1.825493e-10,
0.3046524,
0.2774093,
5.455815e-41,
0.02878273,
0.03769992,
6.266461e-10,
0.002623794,
1.35926e-43,
2.04634e-34,
0,
8.41444e-23,
0.2854214,
0.002229304,
7.283728e-07,
7.955214e-23,
4.065845e-18,
2.541673e-17,
2.415355e-17,
0,
0,
0,
0,
0,
0.015206,
5.260665e-08,
0.1438143,
0.1469601,
7.265572e-33,
0.01755893,
0.02733271,
9.161521e-08,
0,
6.156037e-36,
6.135922e-33,
0,
4.044209e-20,
0.6382211,
0.01089737,
9.361755e-06,
2.451938e-18,
8.452412e-15,
1.45067e-14,
9.366704e-16,
0,
0,
0,
0,
0,
0.1713353,
6.305626e-14,
0.4444832,
0.306504,
0,
0.009212906,
0.009542785,
1.929938e-13,
0.03957505,
0,
2.802597e-45,
0,
2.592085e-32,
0.01934259,
4.21342e-06,
1.88043e-11,
1.032943e-32,
3.74002e-26,
3.887002e-25,
1.865465e-25,
0,
0,
0,
0,
0,
0.2223275,
2.225327e-15,
0.4539715,
0.2832916,
0,
0.005353158,
0.005110585,
7.597347e-15,
0.02279374,
0,
0,
0,
1.463481e-35,
0.007151473,
4.906831e-07,
1.464412e-12,
4.574161e-36,
7.616138e-29,
1.025154e-27,
4.924068e-28,
0,
0,
0,
0,
0,
0.2018566,
2.827718e-16,
0.4534948,
0.2959959,
0,
0.007052097,
0.007027938,
1.032281e-15,
0.02237313,
0,
0,
0,
1.473669e-37,
0.01219783,
1.740139e-06,
3.022974e-13,
4.474519e-38,
1.824654e-30,
2.811292e-29,
1.276338e-29,
0,
0,
0,
0,
0,
0.7979046,
0,
0.1608807,
0.04116631,
0,
3.010968e-05,
1.741389e-05,
0,
0,
0,
0,
0,
0,
9.459241e-07,
1.691085e-24,
8.323713e-43,
0,
0,
0,
0,
0,
0,
0,
0,
0,
0.1788363,
3.608038e-14,
0.4616036,
0.3188447,
0,
0.009611211,
0.009973469,
1.46291e-13,
0,
0,
1.681558e-44,
0,
1.80904e-31,
0.02112466,
6.007183e-06,
6.208928e-11,
3.08751e-31,
5.95204e-25,
5.651958e-24,
3.031386e-24,
0,
0,
0,
0,
0,
0.04804953,
8.249338e-09,
0.3038152,
0.2816401,
3.989975e-35,
0.02583814,
0.03564024,
1.67101e-08,
0,
2.971239e-38,
5.914699e-34,
0,
2.416276e-21,
0.3035484,
0.00146821,
1.264624e-07,
1.265003e-19,
8.293054e-16,
1.722904e-15,
1.491819e-16,
0,
0,
0,
0,
0,
0.1490948,
1.109868e-12,
0.4499456,
0.3305943,
0,
0.01333161,
0.01454898,
3.780167e-12,
0,
0,
2.932778e-41,
0,
1.965265e-28,
0.04245865,
2.604229e-05,
5.471602e-10,
1.559752e-29,
1.963511e-23,
2.583162e-22,
5.136294e-22,
0,
0,
0,
0,
0,
0.3544104,
3.278346e-21,
0.427934,
0.2142559,
0,
0.001515898,
0.001222397,
1.70517e-20,
5.515638e-05,
0,
0,
0,
0,
0.0006062703,
5.824811e-10,
4.614479e-17,
4.624285e-44,
5.104571e-36,
1.663225e-35,
2.11529e-38,
0,
0,
0,
0,
0,
0.5577466,
6.826637e-25,
0.3242953,
0.1175225,
0,
0.0002471176,
0.0001699886,
4.647378e-24,
0,
0,
0,
0,
0,
1.852658e-05,
1.448766e-11,
6.765979e-20,
0,
4.077779e-42,
1.610652e-41,
5.605194e-45,
0,
0,
0,
0,
0,
0.07925089,
3.053207e-11,
0.3574131,
0.3140701,
1.299004e-42,
0.02829985,
0.03579314,
1.161602e-10,
0,
0,
1.532223e-35,
0,
4.198087e-24,
0.1844429,
0.0007299256,
1.851764e-08,
7.816887e-24,
5.302389e-19,
3.159853e-18,
2.054845e-18,
0,
0,
0,
0,
0,
0.1287352,
4.588284e-12,
0.43628,
0.3387217,
0,
0.01719795,
0.01954783,
1.496682e-11,
0.007022751,
0,
1.710691e-39,
0,
5.177504e-27,
0.05245473,
3.993195e-05,
1.489767e-09,
3.871834e-27,
1.169411e-21,
8.768858e-21,
5.583741e-21,
0,
0,
0,
0,
0,
0.2152815,
1.839842e-15,
0.4645095,
0.2980423,
0,
0.006468087,
0.006348628,
8.414275e-15,
0,
0,
0,
0,
2.998419e-34,
0.009348648,
1.294923e-06,
7.390926e-12,
5.171024e-34,
3.502259e-27,
4.064355e-26,
2.101277e-26,
0,
0,
0,
0,
0,
0.1731544,
2.095418e-15,
0.4645592,
0.3269567,
0,
0.01075327,
0.01134068,
1.327975e-14,
0,
0,
1.121039e-44,
0,
2.188679e-32,
0.01323266,
2.947522e-06,
5.034783e-11,
7.088749e-41,
1.907402e-31,
1.269423e-28,
1.863113e-24,
0,
0,
0,
1986, 
0,
0,
0.2661527,
0,
0.4562848,
0.2659735,
0,
0.003613883,
0.003243709,
6.352747e-22,
0.000686485,
0,
0,
0,
0,
0.00404497,
6.465938e-13,
1.409463e-18,
0,
5.522026e-30,
0,
0,
0,
0,
0,
0,
0,
0.4564234,
0,
0.3801001,
0.1622575,
4.656613e-10,
0.0006089184,
0.0004485922,
0,
0,
0,
0,
0,
0,
0.000161551,
1.276757e-15,
0,
0,
0,
7.237831e-25,
0,
0,
0,
0,
0,
0,
0.2977054,
4.963083e-24,
0.4477624,
0.2477731,
0,
0.002749761,
0.002394116,
0,
0,
0,
0,
0,
1.401298e-45,
0.001615202,
0,
2.270048e-19,
0,
4.701977e-38,
0,
1.028558e-38,
0,
0,
0,
0,
0,
0.1899585,
1.185846e-20,
0.4628877,
0.3134204,
0,
0.008573731,
0.008717393,
0,
0,
0,
0,
0,
0,
0.01644006,
2.228247e-06,
0,
0,
0,
7.39557e-32,
2.696302e-33,
0,
0,
0,
0,
0,
0.08219863,
2.168404e-19,
0.3132731,
0.2541796,
0.1612991,
0.01553303,
0.01842612,
2.602085e-18,
0,
3.686287e-18,
5.605194e-45,
0,
0,
0.08871694,
0.0001558935,
1.804112e-15,
0.06607918,
0.0001383924,
0,
1.767049e-28,
0,
0,
0,
0,
0,
0.3217486,
3.877409e-26,
0.43636,
0.2344112,
0.000386775,
0.002506057,
0.00220072,
0,
0.0003957452,
0,
0,
0,
5.605194e-45,
0.001879156,
0,
0,
0.0001117719,
3.214242e-40,
0,
0,
0,
0,
0,
0,
0,
0.594305,
0,
0.2990923,
0.1061648,
0,
0.0002445605,
0.0001683854,
1.848893e-32,
0,
0,
0,
0,
0,
2.495877e-05,
1.084202e-18,
0,
0,
0,
0,
0,
0,
0,
0,
0,
0,
0.2157875,
0,
0.4631456,
0.2981658,
0,
0.006741384,
0.006668848,
0,
0,
0,
0,
0,
0,
0.009489972,
8.168833e-07,
0,
0,
6.887662e-41,
0,
1.128475e-36,
0,
0,
0,
0,
0,
0.1957877,
0,
0.464833,
0.3116872,
0,
0.008401273,
0.008560285,
0,
0,
0,
0,
0,
0,
0.01072941,
1.158889e-06,
0,
0,
0,
0,
1.92593e-34,
0,
0,
0,
0,
0,
0.1203087,
0,
0.4212744,
0.3346812,
0,
0.01933873,
0.02254755,
2.168404e-19,
0,
0,
0,
0,
0,
0.08172297,
0.0001264886,
2.509104e-14,
8.22846e-38,
9.860761e-32,
0,
1.21169e-27,
0,
0,
0,
0,
0,
0.09505581,
0,
0.3804589,
0.3212557,
0,
0.02432071,
0.02972763,
0,
0.001056212,
3.035766e-18,
7.006492e-45,
2.057115e-38,
0,
0.1476488,
0.0004762814,
0,
0,
9.094947e-12,
1.665335e-16,
8.835242e-29,
0,
0,
0,
0,
0,
0.05885313,
0,
0.2953024,
0.2709172,
0,
0.02915429,
0.03846864,
1.332268e-15,
0.003175334,
4.203895e-45,
0,
0,
1.514613e-28,
0.301468,
0.002659983,
1.121428e-06,
0,
2.481542e-24,
3.308722e-24,
0,
0,
0,
0,
0,
0,
0.01480565,
0,
0.1412502,
0.14481,
0,
0.01756062,
0.02745232,
4.263256e-14,
0,
1.004451e-41,
0,
0,
3.231174e-26,
0.6423731,
0.0117374,
1.076728e-05,
1.654361e-24,
5.082197e-21,
0,
1.694066e-21,
0,
0,
0,
0,
0,
0.166176,
1.355253e-20,
0.4374001,
0.306202,
0,
0.009822778,
0.01028677,
0,
0.04835896,
0,
2.802597e-45,
0,
0,
0.02174829,
5.172347e-06,
3.434752e-16,
1.469368e-39,
0,
3.451266e-31,
0,
0,
0,
0,
0,
0,
0.2160189,
8.470329e-22,
0.4506366,
0.2858778,
0,
0.005813918,
0.005616371,
0,
0.02790841,
0,
0,
0,
0,
0.008127434,
5.005853e-07,
2.558717e-17,
0,
0,
5.77779e-34,
0,
0,
0,
0,
0,
0,
0.1938634,
4.235165e-22,
0.4492021,
0.2991526,
0,
0.007795772,
0.007893909,
1.482308e-21,
0.02724959,
0,
0,
0,
2.690493e-43,
0.01483994,
2.614901e-06,
0,
3.923636e-44,
0,
4.212972e-35,
0,
0,
0,
0,
0,
0,
0.7562695,
0,
0.1891377,
0.05450415,
0,
5.439443e-05,
3.233566e-05,
0,
0,
0,
0,
0,
0,
2.027518e-06,
1.262177e-29,
7.006492e-45,
0,
0,
0,
0,
0,
0,
0,
0,
0,
0.1741925,
0,
0.458201,
0.3214868,
0,
0.0104424,
0.01097548,
1.897354e-19,
0,
0,
9.809089e-45,
0,
2.350989e-38,
0.02469445,
7.39795e-06,
1.665335e-16,
0,
8.874685e-31,
7.888609e-31,
3.944305e-31,
0,
0,
0,
0,
0,
0.04679695,
0,
0.296703,
0.2766467,
0,
0.02621584,
0.03635772,
1.065814e-14,
0,
0,
0,
0,
0,
0.3156235,
0.001656219,
1.562299e-07,
1.809458e-25,
0,
1.482308e-21,
7.940934e-23,
0,
0,
0,
0,
0,
0.1463631,
0,
0.445336,
0.3314993,
0,
0.01407296,
0.01547874,
0,
0,
0,
0,
0,
0,
0.04722035,
2.947901e-05,
8.881784e-16,
0,
2.208811e-29,
0,
3.029226e-28,
0,
0,
0,
0,
0,
0.342153,
2.019484e-27,
0.4317829,
0.2219603,
0,
0.001788529,
0.001475682,
9.693522e-27,
6.040266e-05,
0,
0,
0,
0,
0.0007790839,
0,
3.771943e-22,
2.802597e-45,
0,
1.43493e-41,
0,
0,
0,
0,
0,
0,
0.5347653,
0,
0.3365213,
0.1281293,
0,
0.0003322374,
0.0002323045,
0,
0,
0,
0,
0,
0,
1.958723e-05,
0,
0,
0,
0,
5.605194e-45,
0,
0,
0,
0,
0,
0,
0.07728604,
2.081668e-17,
0.3494371,
0.3096941,
0,
0.02932281,
0.03734872,
0,
0,
0,
1.83671e-40,
0,
1.577722e-30,
0.196013,
0.0008980349,
1.126001e-07,
0,
1.033976e-24,
2.895132e-24,
1.240771e-24,
0,
0,
0,
0,
0,
0.1266584,
0,
0.4317521,
0.3384164,
0,
0.01801597,
0.02062901,
2.428613e-17,
0.007013296,
0,
0,
0,
5.392604e-33,
0.0574697,
4.507855e-05,
1.554312e-15,
0,
0,
0,
0,
0,
0,
0,
0,
0,
0.2084207,
3.388132e-21,
0.4628807,
0.3028141,
0,
0.007243919,
0.007234022,
0,
0,
0,
0,
0,
0,
0.0114051,
1.494791e-06,
0,
4.591775e-40,
0,
0,
0,
0,
0,
0,
0,
0,
0.1683545,
2.964615e-21,
0.4616397,
0.3303126,
0,
0.01182001,
0.01265849,
2.371692e-20,
0,
0,
7.006492e-45,
0,
1.469368e-38,
0.01521199,
2.625474e-06,
0,
1.401298e-45,
0,
1.685189e-34,
0,
0,
0,
0,
1987, 
0,
0,
0.2576163,
0,
0.4563302,
0.2715053,
0,
0.004076222,
0.003725722,
6.352747e-22,
0.00166629,
0,
0,
0,
0,
0.005080055,
6.465938e-13,
1.409463e-18,
0,
5.522026e-30,
0,
0,
0,
0,
0,
0,
0,
0.4353886,
0,
0.389593,
0.1733707,
4.656613e-10,
0.0007961806,
0.0006042199,
0,
0,
0,
0,
0,
0,
0.0002473609,
1.276756e-15,
0,
0,
0,
7.23783e-25,
0,
0,
0,
0,
0,
0,
0.288936,
4.963084e-24,
0.4497311,
0.2537679,
0,
0.003038912,
0.002673663,
0,
0,
0,
0,
0,
1.401298e-45,
0.001852473,
0,
2.270048e-19,
0,
4.701977e-38,
0,
1.028558e-38,
0,
0,
0,
0,
0,
0.1864145,
1.185846e-20,
0.4608466,
0.3164486,
0,
0.009119437,
0.009342892,
0,
0,
0,
0,
0,
0,
0.01782533,
2.587154e-06,
0,
0,
0,
7.39557e-32,
2.696302e-33,
0,
0,
0,
0,
0,
0.07916919,
2.168404e-19,
0.3031097,
0.2487673,
0.1692456,
0.01587176,
0.01896936,
2.602085e-18,
0,
3.686287e-18,
5.605194e-45,
0,
0,
0.09493724,
0.0001832612,
1.804112e-15,
0.0695987,
0.0001478549,
0,
1.767048e-28,
0,
0,
0,
0,
0,
0.3062676,
3.877409e-26,
0.4406686,
0.2437038,
0.0004717888,
0.002934308,
0.002617401,
0,
0.0008609719,
0,
0,
0,
5.605194e-45,
0.00233338,
0,
0,
0.0001421191,
3.214242e-40,
0,
0,
0,
0,
0,
0,
0,
0.5648289,
0,
0.3160133,
0.1185909,
0,
0.0003158989,
0.0002189688,
1.848893e-32,
0,
0,
0,
0,
0,
3.194724e-05,
1.084202e-18,
0,
0,
0,
0,
0,
0,
0,
0,
0,
0,
0.2084492,
0,
0.4618814,
0.3038728,
0,
0.007460339,
0.007473945,
0,
0,
0,
0,
0,
0,
0.01086137,
1.00585e-06,
0,
0,
6.887662e-41,
0,
1.128475e-36,
0,
0,
0,
0,
0,
0.190146,
0,
0.4623139,
0.3162712,
0,
0.009224623,
0.009518707,
0,
0,
0,
0,
0,
0,
0.01252405,
1.5182e-06,
0,
0,
0,
0,
1.92593e-34,
0,
0,
0,
0,
0,
0.1158331,
0,
0.4121467,
0.3322904,
0,
0.02064777,
0.02437577,
2.168404e-19,
0,
0,
0,
0,
0,
0.09452652,
0.0001796377,
2.509104e-14,
8.22846e-38,
9.860761e-32,
0,
1.21169e-27,
0,
0,
0,
0,
0,
0.09054493,
0,
0.3684224,
0.3146156,
0,
0.02543867,
0.03149312,
0,
0.0009932796,
3.035766e-18,
7.006492e-45,
2.057115e-38,
0,
0.1677467,
0.0007450923,
1.289969e-07,
0,
9.094946e-12,
1.665334e-16,
8.835242e-29,
0,
0,
0,
0,
0,
0.05620356,
0,
0.2849061,
0.2636075,
0,
0.02948901,
0.03922739,
1.332268e-15,
0.00410401,
4.203895e-45,
0,
0,
1.514613e-28,
0.319309,
0.003151868,
1.601219e-06,
0,
2.481542e-24,
3.308722e-24,
0,
0,
0,
0,
0,
0,
0.01428327,
0,
0.1377877,
0.141815,
0,
0.01747655,
0.02746325,
4.263256e-14,
0,
1.004451e-41,
0,
0,
3.231174e-26,
0.6484483,
0.01271344,
1.248255e-05,
1.654361e-24,
5.082198e-21,
0,
1.694066e-21,
0,
0,
0,
0,
0,
0.1602747,
1.355253e-20,
0.4283046,
0.3044779,
0,
0.01039399,
0.01099406,
0,
0.06138967,
0,
2.802597e-45,
0,
0,
0.02415864,
6.489382e-06,
3.434752e-16,
1.469368e-39,
0,
3.451266e-31,
0,
0,
0,
0,
0,
0,
0.2090529,
8.470329e-22,
0.4458434,
0.2875409,
0,
0.006269487,
0.006123413,
0,
0.03600802,
0,
0,
0,
0,
0.00916124,
6.395295e-07,
2.558717e-17,
0,
0,
5.77779e-34,
0,
0,
0,
0,
0,
0,
0.1854962,
4.235165e-22,
0.4437736,
0.301439,
0,
0.00849409,
0.008707982,
1.482308e-21,
0.03482116,
0,
0,
0,
2.690493e-43,
0.01726457,
3.361769e-06,
0,
3.923636e-44,
0,
4.212972e-35,
0,
0,
0,
0,
0,
0,
0.7162968,
0,
0.2163062,
0.06727047,
0,
7.716932e-05,
4.627798e-05,
0,
0,
0,
0,
0,
0,
3.092548e-06,
1.262177e-29,
7.006492e-45,
0,
0,
0,
0,
0,
0,
0,
0,
0,
0.1690424,
0,
0.4543492,
0.3241811,
0,
0.01136932,
0.01210477,
1.897354e-19,
0,
0,
9.809089e-45,
0,
2.350989e-38,
0.02894302,
1.020884e-05,
1.665335e-16,
0,
8.874685e-31,
7.888609e-31,
3.944305e-31,
0,
0,
0,
0,
0,
0.0452242,
0,
0.2874439,
0.2698877,
0,
0.0266479,
0.03718043,
1.065814e-14,
0,
0,
0,
0,
0,
0.3315861,
0.002029247,
4.065198e-07,
1.809458e-25,
0,
1.482308e-21,
7.940934e-23,
0,
0,
0,
0,
0,
0.1435013,
0,
0.4404534,
0.3322725,
0,
0.01484489,
0.01645581,
0,
0,
0,
0,
0,
0,
0.05243591,
3.618778e-05,
8.881784e-16,
0,
2.208811e-29,
0,
3.029226e-28,
0,
0,
0,
0,
0,
0.3297152,
2.019484e-27,
0.4357055,
0.2297711,
0,
0.002064015,
0.001731493,
9.693522e-27,
5.921265e-05,
0,
0,
0,
0,
0.0009533972,
0,
3.771943e-22,
2.802597e-45,
0,
1.43493e-41,
0,
0,
0,
0,
0,
0,
0.5111555,
0,
0.3490303,
0.1390638,
0,
0.000423885,
0.0003003548,
0,
0,
0,
0,
0,
0,
2.612296e-05,
0,
0,
0,
0,
5.605194e-45,
0,
0,
0,
0,
0,
0,
0.07466381,
2.081668e-17,
0.3396138,
0.3039953,
0,
0.03035938,
0.0389949,
0,
0,
0,
1.83671e-40,
0,
1.577722e-30,
0.2112312,
0.001141338,
2.695782e-07,
0,
1.033976e-24,
2.895132e-24,
1.240771e-24,
0,
0,
0,
0,
0,
0.1237187,
0,
0.4257248,
0.3375485,
0,
0.01903385,
0.02200511,
2.428613e-17,
0.006896167,
0,
0,
0,
5.392604e-33,
0.06500991,
6.291377e-05,
1.554312e-15,
0,
0,
0,
0,
0,
0,
0,
0,
0,
0.2008891,
3.388132e-21,
0.4609209,
0.3078466,
0,
0.008120718,
0.008246222,
0,
1.882384e-05,
0,
0,
0,
0,
0.01395535,
2.166212e-06,
0,
4.591775e-40,
0,
0,
0,
0,
0,
0,
0,
0,
0.1629521,
2.964615e-21,
0.458185,
0.3337534,
0,
0.01301525,
0.01414831,
2.371692e-20,
0,
0,
7.006492e-45,
0,
1.469368e-38,
0.01794239,
3.644973e-06,
0,
1.401298e-45,
0,
1.685189e-34,
0,
0,
0,
0,
1988, 
0,
0,
0.2494233,
0,
0.4575664,
0.2766384,
0,
0.004482872,
0.004152282,
6.352747e-22,
0.001731078,
0,
0,
0,
0,
0.00600571,
6.465938e-13,
1.409463e-18,
0,
5.522026e-30,
0,
0,
0,
0,
0,
0,
0,
0.4161001,
0,
0.3984982,
0.1833787,
4.656613e-10,
0.0009617194,
0.0007412309,
0,
0,
0,
0,
0,
0,
0.0003200533,
1.276756e-15,
0,
0,
0,
7.23783e-25,
0,
0,
0,
0,
0,
0,
0.2829065,
4.963084e-24,
0.4516992,
0.2574391,
0,
0.003189088,
0.002815988,
0,
0,
0,
0,
0,
1.401298e-45,
0.001950122,
0,
2.270048e-19,
0,
4.701977e-38,
0,
1.028558e-38,
0,
0,
0,
0,
0,
0.1836553,
1.185846e-20,
0.4607059,
0.3182521,
0,
0.009392857,
0.009656278,
0,
0,
0,
0,
0,
0,
0.01833486,
2.712097e-06,
0,
0,
0,
7.39557e-32,
2.696302e-33,
0,
0,
0,
0,
0,
0.07646917,
2.168404e-19,
0.2964649,
0.2447786,
0.1755392,
0.0160685,
0.01929481,
2.602085e-18,
6.756751e-05,
3.686287e-18,
5.605194e-45,
0,
0,
0.09868888,
0.0002017757,
1.804112e-15,
0.07227172,
0.0001549458,
0,
1.767048e-28,
0,
0,
0,
0,
0,
0.2935448,
3.877409e-26,
0.4444246,
0.250843,
0.0004903058,
0.00322413,
0.002893494,
0,
0.001834864,
0,
0,
0,
5.605194e-45,
0.002595396,
0,
0,
0.0001494189,
3.214242e-40,
0,
0,
0,
0,
0,
0,
0,
0.542052,
0,
0.3296128,
0.1277065,
0,
0.0003517862,
0.0002428247,
1.848893e-32,
0,
0,
0,
0,
0,
3.421509e-05,
1.084202e-18,
0,
0,
0,
0,
0,
0,
0,
0,
0,
0,
0.2025668,
0,
0.4622091,
0.3077923,
0,
0.007917063,
0.007980987,
0,
0,
0,
0,
0,
0,
0.01153282,
1.00585e-06,
0,
0,
6.887662e-41,
0,
1.128475e-36,
0,
0,
0,
0,
0,
0.1849963,
0,
0.4619017,
0.3195831,
0,
0.009768381,
0.01014999,
0,
0,
0,
0,
0,
0,
0.0135989,
1.684875e-06,
0,
0,
0,
0,
1.92593e-34,
0,
0,
0,
0,
0,
0.1110181,
0,
0.405103,
0.3303917,
0,
0.02171617,
0.0259007,
2.168404e-19,
0,
0,
0,
0,
0,
0.105646,
0.0002244304,
2.509104e-14,
8.22846e-38,
9.860761e-32,
0,
1.21169e-27,
0,
0,
0,
0,
0,
0.08526311,
0,
0.3559753,
0.307474,
0,
0.02635364,
0.03306369,
0,
0.0008891367,
3.035766e-18,
7.006492e-45,
2.057115e-38,
0,
0.189919,
0.001061701,
3.000905e-07,
0,
9.094946e-12,
1.665334e-16,
8.835242e-29,
0,
0,
0,
0,
0,
0.05337591,
0,
0.2761334,
0.2573507,
0,
0.02962551,
0.03971308,
1.332268e-15,
0.004464328,
4.203895e-45,
0,
0,
1.514613e-28,
0.3357613,
0.003573844,
2.016819e-06,
0,
2.481542e-24,
3.308722e-24,
0,
0,
0,
0,
0,
0,
0.01357966,
0,
0.1331045,
0.1375951,
0,
0.01717849,
0.02715765,
4.263256e-14,
0,
1.004451e-41,
0,
0,
3.231174e-26,
0.6578669,
0.01350387,
1.385768e-05,
1.654361e-24,
5.082198e-21,
0,
1.694066e-21,
0,
0,
0,
0,
0,
0.1552059,
1.355253e-20,
0.4233555,
0.3036473,
0,
0.01078041,
0.01147588,
0,
0.06984765,
0,
2.802597e-45,
0,
0,
0.02568006,
7.189218e-06,
3.434752e-16,
1.469368e-39,
0,
3.451266e-31,
0,
0,
0,
0,
0,
0,
0.2037319,
8.470329e-22,
0.4442924,
0.2892608,
0,
0.006558741,
0.006443377,
0,
0.0399996,
0,
0,
0,
0,
0.009712566,
6.395294e-07,
2.558717e-17,
0,
0,
5.777789e-34,
0,
0,
0,
0,
0,
0,
0.1789302,
4.235165e-22,
0.4411221,
0.3034125,
0,
0.008993212,
0.009287803,
1.482308e-21,
0.03937944,
0,
0,
0,
2.690493e-43,
0.01887098,
3.743e-06,
0,
3.923636e-44,
0,
4.212972e-35,
0,
0,
0,
0,
0,
0,
0.6831456,
0,
0.2392929,
0.07741456,
0,
8.984149e-05,
5.357644e-05,
0,
0,
0,
0,
0,
0,
3.515217e-06,
1.262177e-29,
7.006492e-45,
0,
0,
0,
0,
0,
0,
0,
0,
0,
0.1640135,
0,
0.4524238,
0.3265258,
0,
0.01206113,
0.01295285,
1.897354e-19,
0,
0,
9.809089e-45,
0,
2.350989e-38,
0.03201094,
1.19437e-05,
1.665335e-16,
0,
8.874685e-31,
7.888609e-31,
3.944305e-31,
0,
0,
0,
0,
0,
0.04333398,
0,
0.2785943,
0.2632502,
0,
0.02689955,
0.03775259,
1.065814e-14,
0,
0,
0,
0,
0,
0.3477603,
0.00240839,
6.901929e-07,
1.809458e-25,
0,
1.482308e-21,
7.940934e-23,
0,
0,
0,
0,
0,
0.1406996,
0,
0.438397,
0.3328612,
0,
0.01529946,
0.01703913,
0,
0,
0,
0,
0,
0,
0.05566395,
3.97074e-05,
8.881784e-16,
0,
2.208811e-29,
0,
3.029226e-28,
0,
0,
0,
0,
0,
0.3194894,
2.019484e-27,
0.439499,
0.2357265,
0,
0.002257426,
0.001909022,
9.693523e-27,
5.715656e-05,
0,
0,
0,
0,
0.001061565,
0,
3.771944e-22,
2.802597e-45,
0,
1.43493e-41,
0,
0,
0,
0,
0,
0,
0.4917456,
0,
0.3595996,
0.1477949,
0,
0.0004856324,
0.0003446897,
0,
0,
0,
0,
0,
0,
2.961547e-05,
0,
0,
0,
0,
5.605194e-45,
0,
0,
0,
0,
0,
0,
0.07153054,
2.081668e-17,
0.3311526,
0.2988977,
0,
0.03112056,
0.0402961,
0,
0,
0,
1.83671e-40,
0,
1.577722e-30,
0.2256241,
0.001378061,
4.281632e-07,
0,
1.033976e-24,
2.895132e-24,
1.240771e-24,
0,
0,
0,
0,
0,
0.120138,
0,
0.4213646,
0.3370348,
0,
0.01986389,
0.02315884,
2.428613e-17,
0.006578814,
0,
0,
0,
5.392604e-33,
0.07178181,
7.91627e-05,
1.554312e-15,
0,
0,
0,
0,
0,
0,
0,
0,
0,
0.1938694,
3.388132e-21,
0.4602976,
0.3121193,
0,
0.008801892,
0.009033002,
0,
2.989443e-05,
0,
0,
0,
0,
0.01584624,
2.579141e-06,
0,
4.591775e-40,
0,
0,
0,
0,
0,
0,
0,
0,
0.1575678,
2.964615e-21,
0.4563875,
0.3368998,
0,
0.01397532,
0.01535279,
2.371692e-20,
0,
0,
7.006492e-45,
0,
1.469368e-38,
0.01981253,
4.220477e-06,
0,
1.401298e-45,
0,
1.685189e-34,
0,
0,
0,
0,
1989, 
0,
0,
0.2417297,
0,
0.4587732,
0.2814867,
0,
0.004863696,
0.004551394,
6.352747e-22,
0.001720272,
0,
0,
0,
0,
0.006874958,
6.465939e-13,
1.409463e-18,
0,
5.522026e-30,
0,
0,
0,
0,
0,
0,
0,
0.3983866,
0,
0.4067137,
0.1925428,
4.656613e-10,
0.001110162,
0.0008635877,
0,
0,
0,
0,
0,
0,
0.0003832152,
1.276756e-15,
0,
0,
0,
7.23783e-25,
0,
0,
0,
0,
0,
0,
0.2794203,
4.963084e-24,
0.4529691,
0.2595041,
0,
0.003255702,
0.002876281,
0,
0,
0,
0,
0,
1.401298e-45,
0.001974559,
0,
2.270048e-19,
0,
4.701977e-38,
0,
1.028558e-38,
0,
0,
0,
0,
0,
0.1823035,
1.185846e-20,
0.4608085,
0.319225,
0,
0.009508673,
0.009784825,
0,
0,
0,
0,
0,
0,
0.01836682,
2.632842e-06,
0,
0,
0,
7.395572e-32,
2.696302e-33,
0,
0,
0,
0,
0,
0.07485037,
2.168404e-19,
0.2930942,
0.2430178,
0.1781186,
0.01626194,
0.01958361,
2.602085e-18,
6.756751e-05,
3.686287e-18,
5.605194e-45,
0,
0,
0.1014666,
0.0002133585,
1.804112e-15,
0.07316902,
0.0001569403,
0,
1.767048e-28,
0,
0,
0,
0,
0,
0.2834713,
3.877409e-26,
0.4473655,
0.2561971,
0.0004771154,
0.003414604,
0.003070229,
0,
0.00311594,
0,
0,
0,
5.605194e-45,
0.002742244,
0,
0,
0.0001460517,
3.214242e-40,
0,
0,
0,
0,
0,
0,
0,
0.5252271,
0,
0.3400358,
0.1340813,
0,
0.00036819,
0.0002529235,
1.848893e-32,
0,
0,
0,
0,
0,
3.476789e-05,
1.084202e-18,
0,
0,
0,
0,
0,
0,
0,
0,
0,
0,
0.1984843,
0,
0.4626479,
0.3105744,
0,
0.008201134,
0.008290115,
0,
0,
0,
0,
0,
0,
0.01180121,
9.900621e-07,
0,
0,
6.887662e-41,
0,
1.128474e-36,
0,
0,
0,
0,
0,
0.1811021,
0,
0.4617479,
0.3221273,
0,
0.01014457,
0.0105803,
0,
0,
0,
0,
0,
0,
0.01429609,
1.768382e-06,
0,
0,
0,
0,
1.92593e-34,
0,
0,
0,
0,
0,
0.1065788,
0,
0.3986693,
0.3286988,
0,
0.02269979,
0.0273021,
2.168404e-19,
0,
0,
0,
0,
0,
0.1157871,
0.0002640454,
2.509104e-14,
8.22846e-38,
9.860761e-32,
0,
1.21169e-27,
0,
0,
0,
0,
0,
0.07980009,
0,
0.342976,
0.2998512,
0,
0.02721037,
0.03458343,
0,
0.0007821348,
3.035766e-18,
7.006492e-45,
2.057115e-38,
0,
0.2133831,
0.001413091,
5.041863e-07,
0,
9.094946e-12,
1.665334e-16,
8.835242e-29,
0,
0,
0,
0,
0,
0.05068711,
0,
0.268483,
0.2519208,
0,
0.02968564,
0.04008433,
1.332268e-15,
0.004688906,
4.203895e-45,
0,
0,
1.514613e-28,
0.3505136,
0.003934271,
2.376715e-06,
0,
2.481542e-24,
3.308722e-24,
0,
0,
0,
0,
0,
0,
0.01273204,
0,
0.1277817,
0.1327321,
0,
0.01669707,
0.02659178,
4.263256e-14,
0,
1.004451e-41,
0,
0,
3.231174e-26,
0.6693217,
0.01412876,
1.485656e-05,
1.654361e-24,
5.082197e-21,
0,
1.694066e-21,
0,
0,
0,
0,
0,
0.1515627,
1.355253e-20,
0.4203794,
0.3035775,
0,
0.0110742,
0.01183502,
0,
0.07488637,
0,
2.802597e-45,
0,
0,
0.02667732,
7.567965e-06,
3.434752e-16,
1.469368e-39,
0,
3.451266e-31,
0,
0,
0,
0,
0,
0,
0.2000422,
8.470329e-22,
0.4434126,
0.2905317,
0,
0.006738696,
0.006638602,
0,
0.04266575,
0,
0,
0,
0,
0.009969749,
6.302237e-07,
2.558717e-17,
0,
0,
5.77779e-34,
0,
0,
0,
0,
0,
0,
0.1742039,
4.235165e-22,
0.4395927,
0.3051266,
0,
0.009345394,
0.009691487,
1.482308e-21,
0.04215223,
0,
0,
0,
2.690493e-43,
0.01988366,
3.929372e-06,
0,
3.923636e-44,
0,
4.212972e-35,
0,
0,
0,
0,
0,
0,
0.6576009,
0,
0.2574449,
0.08479788,
0,
9.580305e-05,
5.676999e-05,
0,
0,
0,
0,
0,
0,
3.647579e-06,
1.262177e-29,
7.006492e-45,
0,
0,
0,
0,
0,
0,
0,
0,
0,
0.1598345,
0,
0.4510298,
0.3286127,
0,
0.01261615,
0.01362726,
1.897354e-19,
0,
0,
9.809089e-45,
0,
2.350989e-38,
0.03426652,
1.302925e-05,
1.665335e-16,
0,
8.874685e-31,
7.888609e-31,
3.944305e-31,
0,
0,
0,
0,
0,
0.04138573,
0,
0.2699681,
0.2567486,
0,
0.02708053,
0.03823209,
1.065814e-14,
0,
0,
0,
0,
0,
0.3637988,
0.002785125,
9.917449e-07,
1.809457e-25,
0,
1.482308e-21,
7.940933e-23,
0,
0,
0,
0,
0,
0.1387567,
0,
0.4370956,
0.333353,
0,
0.01559723,
0.01741652,
0,
0,
0,
0,
0,
0,
0.05773934,
4.154291e-05,
8.881784e-16,
0,
2.208811e-29,
0,
3.029226e-28,
0,
0,
0,
0,
0,
0.310873,
2.019484e-27,
0.4427833,
0.2406959,
0,
0.00240825,
0.002045823,
9.693523e-27,
5.288396e-05,
0,
0,
0,
0,
0.001140823,
0,
3.771944e-22,
2.802597e-45,
0,
1.43493e-41,
0,
0,
0,
0,
0,
0,
0.4752088,
0,
0.3687621,
0.1550901,
0,
0.0005307055,
0.0003763463,
0,
0,
0,
0,
0,
0,
3.202655e-05,
0,
0,
0,
0,
5.605194e-45,
0,
0,
0,
0,
0,
0,
0.0684139,
2.081668e-17,
0.323003,
0.2939278,
0,
0.03177404,
0.0414537,
0,
0,
0,
1.83671e-40,
0,
1.577722e-30,
0.2398164,
0.00161062,
5.878089e-07,
0,
1.033976e-24,
2.895132e-24,
1.240771e-24,
0,
0,
0,
0,
0,
0.116668,
0,
0.4171946,
0.3365965,
0,
0.02067361,
0.02428299,
2.428613e-17,
0.006139257,
0,
0,
0,
5.392604e-33,
0.07835026,
9.473237e-05,
1.554312e-15,
0,
0,
0,
0,
0,
0,
0,
0,
0,
0.1878921,
3.388132e-21,
0.459945,
0.3158323,
0,
0.009355211,
0.009666527,
0,
2.989443e-05,
0,
0,
0,
0,
0.0172761,
2.841781e-06,
0,
4.591775e-40,
0,
0,
0,
0,
0,
0,
0,
0,
0.1528237,
2.964615e-21,
0.4549847,
0.3398097,
0,
0.01480795,
0.01639191,
2.371692e-20,
0,
0,
7.006492e-45,
0,
1.469368e-38,
0.02117751,
4.56709e-06,
0,
1.401298e-45,
0,
1.685189e-34,
0,
0,
0,
0,
1990, 
0,
0,
0.234875,
0,
0.4598896,
0.2858048,
0,
0.005195699,
0.004898186,
6.352748e-22,
0.001715604,
0,
0,
0,
0,
0.007621069,
6.465939e-13,
1.409463e-18,
0,
5.522027e-30,
0,
0,
0,
0,
0,
0,
0,
0.3831337,
0,
0.4138733,
0.2003729,
4.656613e-10,
0.001229589,
0.0009608522,
0,
0,
0,
0,
0,
0,
0.000429755,
1.276756e-15,
0,
0,
0,
7.23783e-25,
0,
0,
0,
0,
0,
0,
0.2788087,
4.963084e-24,
0.4533753,
0.2597899,
0,
0.00323974,
0.002856688,
0,
0,
0,
0,
0,
1.401298e-45,
0.001929781,
0,
2.270048e-19,
0,
4.701977e-38,
0,
1.028558e-38,
0,
0,
0,
0,
0,
0.1825198,
1.185846e-20,
0.4611055,
0.3192517,
0,
0.009463772,
0.009727142,
0,
0,
0,
0,
0,
0,
0.01792962,
2.487253e-06,
0,
0,
0,
7.395572e-32,
2.696302e-33,
0,
0,
0,
0,
0,
0.07632925,
2.168404e-19,
0.299925,
0.2491366,
0.1644891,
0.01681553,
0.0202606,
2.602085e-18,
6.756751e-05,
3.686287e-18,
5.605194e-45,
0,
0,
0.1049666,
0.0002204319,
1.804112e-15,
0.06764357,
0.0001457801,
0,
1.767048e-28,
0,
0,
0,
0,
0,
0.2767467,
3.877409e-26,
0.4493551,
0.2594617,
0.0004535666,
0.003498059,
0.003141557,
0,
0.004432697,
0,
0,
0,
5.605194e-45,
0.00277127,
0,
0,
0.0001392651,
3.214242e-40,
0,
0,
0,
0,
0,
0,
0,
0.5159114,
0,
0.3462692,
0.1371685,
0,
0.0003664568,
0.0002505636,
1.848893e-32,
0,
0,
0,
0,
0,
3.378496e-05,
1.084202e-18,
0,
0,
0,
0,
0,
0,
0,
0,
0,
0,
0.196434,
0,
0.4631354,
0.3120476,
0,
0.008303178,
0.008392849,
0,
0,
0,
0,
0,
0,
0.01168606,
9.433638e-07,
0,
0,
6.887662e-41,
0,
1.128475e-36,
0,
0,
0,
0,
0,
0.1787493,
0,
0.461862,
0.3237249,
0,
0.01033105,
0.01078555,
0,
0,
0,
0,
0,
0,
0.01454546,
1.705108e-06,
0,
0,
0,
0,
1.92593e-34,
0,
0,
0,
0,
0,
0.1027457,
0,
0.3932674,
0.3273851,
0,
0.02354654,
0.02850216,
2.168404e-19,
0,
0,
0,
0,
0,
0.1242585,
0.0002946555,
2.509104e-14,
8.22846e-38,
9.860761e-32,
0,
1.21169e-27,
0,
0,
0,
0,
0,
0.0745341,
0,
0.330384,
0.2924192,
0,
0.02801785,
0.03602685,
0,
0.0007176974,
3.035766e-18,
7.006492e-45,
2.057115e-38,
0,
0.2361417,
0.001757891,
7.080062e-07,
0,
9.094948e-12,
1.665335e-16,
8.835243e-29,
0,
0,
0,
0,
0,
0.04843751,
0,
0.2623473,
0.2476611,
0,
0.02977859,
0.04045547,
1.332268e-15,
0.004443252,
4.203895e-45,
0,
0,
1.514613e-28,
0.3626573,
0.004216859,
2.654828e-06,
0,
2.481542e-24,
3.308722e-24,
0,
0,
0,
0,
0,
0,
0.01185423,
0,
0.1225084,
0.1278968,
0,
0.01614444,
0.02592353,
4.263256e-14,
0,
1.004451e-41,
0,
0,
3.231174e-26,
0.681067,
0.01459016,
1.545028e-05,
1.654361e-24,
5.082198e-21,
0,
1.694066e-21,
0,
0,
0,
0,
0,
0.1504573,
1.355253e-20,
0.4218841,
0.3059076,
0,
0.01131058,
0.01210548,
0,
0.07113334,
0,
2.802597e-45,
0,
0,
0.02719402,
7.648157e-06,
3.434752e-16,
1.469368e-39,
0,
3.451266e-31,
0,
0,
0,
0,
0,
0,
0.1990918,
8.470329e-22,
0.4447611,
0.2921602,
0,
0.006814199,
0.006713037,
0,
0.04050956,
0,
0,
0,
0,
0.009949532,
6.034729e-07,
2.558717e-17,
0,
0,
5.777789e-34,
0,
0,
0,
0,
0,
0,
0.1720822,
4.235165e-22,
0.4406366,
0.3074428,
0,
0.009559472,
0.009925925,
1.482308e-21,
0.04003475,
0,
0,
0,
2.690493e-43,
0.02031428,
3.934745e-06,
0,
3.923636e-44,
0,
4.212972e-35,
0,
0,
0,
0,
0,
0,
0.6405144,
0,
0.2700872,
0.08924143,
0,
9.653599e-05,
5.690474e-05,
0,
0,
0,
0,
0,
0,
3.561587e-06,
1.262177e-29,
7.006492e-45,
0,
0,
0,
0,
0,
0,
0,
0,
0,
0.1568583,
0,
0.4502945,
0.3302637,
0,
0.01298428,
0.01406697,
1.897354e-19,
0,
0,
9.809089e-45,
0,
2.350989e-38,
0.03551878,
1.344083e-05,
1.665335e-16,
0,
8.874685e-31,
7.888609e-31,
3.944305e-31,
0,
0,
0,
0,
0,
0.03960142,
0,
0.2621123,
0.2508379,
0,
0.02726327,
0.03869259,
1.065814e-14,
0,
0,
0,
0,
0,
0.3783569,
0.003134342,
1.285716e-06,
1.809457e-25,
0,
1.482308e-21,
7.940933e-23,
0,
0,
0,
0,
0,
0.1378451,
0,
0.436637,
0.3336839,
0,
0.01571547,
0.01756039,
0,
0,
0,
0,
0,
0,
0.05851654,
4.169812e-05,
8.881784e-16,
0,
2.208811e-29,
0,
3.029226e-28,
0,
0,
0,
0,
0,
0.3040739,
2.019484e-27,
0.445477,
0.2445604,
0,
0.002513322,
0.002139129,
9.693523e-27,
4.729265e-05,
0,
0,
0,
0,
0.001188937,
0,
3.771943e-22,
2.802597e-45,
0,
1.43493e-41,
0,
0,
0,
0,
0,
0,
0.4618952,
0,
0.3762971,
0.1608015,
0,
0.0005590214,
0.0003953612,
0,
1.843109e-05,
0,
0,
0,
0,
3.336457e-05,
0,
0,
0,
0,
5.605194e-45,
0,
0,
0,
0,
0,
0,
0.06564274,
2.081668e-17,
0.3157137,
0.2894955,
0,
0.03237665,
0.04250555,
0,
2.518879e-07,
0,
1.83671e-40,
0,
1.577722e-30,
0.2524491,
0.00181575,
7.312374e-07,
0,
1.033976e-24,
2.895132e-24,
1.240771e-24,
0,
0,
0,
0,
0,
0.1135709,
0,
0.4136311,
0.3363661,
0,
0.02140331,
0.02529128,
2.428613e-17,
0.005497875,
0,
0,
0,
5.392604e-33,
0.08413173,
0.0001076839,
1.554312e-15,
0,
0,
0,
0,
0,
0,
0,
0,
0,
0.1834163,
3.388132e-21,
0.4599139,
0.3186952,
0,
0.009730874,
0.010089,
0,
4.052795e-05,
0,
0,
0,
0,
0.01811129,
2.94226e-06,
0,
4.591775e-40,
0,
0,
0,
0,
0,
0,
0,
0,
0.1490436,
2.964615e-21,
0.4541199,
0.3423069,
0,
0.01544587,
0.0171796,
2.371692e-20,
0,
0,
7.006492e-45,
0,
1.469368e-38,
0.02189941,
4.672178e-06,
0,
1.401298e-45,
0,
1.685189e-34,
0,
0,
0,
0,
1991, 
0,
0,
0.2289561,
0,
0.4608963,
0.2895334,
0,
0.005475245,
0.005189026,
6.352747e-22,
0.001716889,
0,
0,
0,
0,
0.008232986,
6.465939e-13,
1.409463e-18,
0,
5.522026e-30,
0,
0,
0,
0,
0,
0,
0,
0.3707687,
0,
0.4197623,
0.2066378,
4.656613e-10,
0.001316492,
0.001030217,
0,
2.603261e-05,
0,
0,
0,
0,
0.0004585007,
1.276756e-15,
0,
0,
0,
7.23783e-25,
0,
0,
0,
0,
0,
0,
0.2806522,
4.963084e-24,
0.452996,
0.258581,
0,
0.003160009,
0.002776008,
0,
0,
0,
0,
0,
1.401298e-45,
0.001834827,
0,
2.270048e-19,
0,
4.701977e-38,
0,
1.028558e-38,
0,
0,
0,
0,
0,
0.1840506,
1.185846e-20,
0.4615119,
0.3184679,
0,
0.009292471,
0.009524258,
0,
0,
0,
0,
0,
0,
0.01715051,
2.284685e-06,
0,
0,
0,
7.395571e-32,
2.696302e-33,
0,
0,
0,
0,
0,
0.07752185,
2.168404e-19,
0.3040456,
0.2525131,
0.1580793,
0.01704552,
0.02051737,
2.602085e-18,
6.756751e-05,
3.686287e-18,
5.605194e-45,
0,
0,
0.105428,
0.0002182269,
1.804112e-15,
0.06442639,
0.0001371917,
0,
1.767048e-28,
0,
0,
0,
0,
0,
0.2728941,
3.877409e-26,
0.4494708,
0.260205,
0.0004862045,
0.003483722,
0.003118726,
0,
0.007491946,
0,
0,
0,
5.605194e-45,
0.002702622,
0,
0,
0.0001468431,
3.214242e-40,
0,
0,
0,
0,
0,
0,
0,
0.513956,
0,
0.3482066,
0.1372156,
0,
0.0003512345,
0.0002390198,
1.848893e-32,
0,
0,
0,
0,
0,
3.164782e-05,
1.084202e-18,
0,
0,
0,
0,
0,
0,
0,
0,
0,
0,
0.1961889,
0,
0.4635898,
0.3123381,
0,
0.00825563,
0.008327799,
0,
0,
0,
0,
0,
0,
0.01129893,
8.691017e-07,
0,
0,
6.887662e-41,
0,
1.128475e-36,
0,
0,
0,
0,
0,
0.177881,
0,
0.4621692,
0.3243937,
0,
0.01034862,
0.01079253,
0,
0,
0,
0,
0,
0,
0.01441329,
1.599755e-06,
0,
0,
0,
0,
1.92593e-34,
0,
0,
0,
0,
0,
0.09959207,
0,
0.3890166,
0.3264956,
0,
0.02424459,
0.02948403,
2.168404e-19,
0,
0,
0,
0,
0,
0.1308513,
0.000315758,
2.509104e-14,
8.22846e-38,
9.860761e-32,
0,
1.21169e-27,
0,
0,
0,
0,
0,
0.06975269,
0,
0.3189744,
0.2857214,
0,
0.02877549,
0.03736511,
0,
0.0006963266,
3.035766e-18,
7.006492e-45,
2.057115e-38,
0,
0.2566501,
0.002063571,
8.884371e-07,
0,
9.094947e-12,
1.665335e-16,
8.835243e-29,
0,
0,
0,
0,
0,
0.04668612,
0,
0.2577034,
0.2445285,
0,
0.02991044,
0.0408246,
1.332268e-15,
0.004148628,
4.203895e-45,
0,
0,
1.514613e-28,
0.371777,
0.004418476,
2.849365e-06,
0,
2.481542e-24,
3.308723e-24,
0,
0,
0,
0,
0,
0,
0.01099001,
0,
0.1175075,
0.1232984,
0,
0.01555916,
0.02520254,
4.263256e-14,
0,
1.004451e-41,
0,
0,
3.231174e-26,
0.6925278,
0.01489882,
1.569182e-05,
1.654361e-24,
5.082198e-21,
0,
1.694066e-21,
0,
0,
0,
0,
0,
0.150539,
1.355253e-20,
0.4241706,
0.3080189,
0,
0.01141286,
0.01221052,
0,
0.06650245,
0,
2.802597e-45,
0,
0,
0.02713828,
7.465194e-06,
3.434753e-16,
1.469368e-39,
0,
3.451267e-31,
0,
0,
0,
0,
0,
0,
0.1999079,
8.47033e-22,
0.4462671,
0.2928757,
0,
0.006774124,
0.006660042,
0,
0.03783908,
0,
0,
0,
0,
0.009675581,
5.579654e-07,
2.558717e-17,
0,
0,
5.77779e-34,
0,
0,
0,
0,
0,
0,
0.171683,
4.235165e-22,
0.4421525,
0.3089732,
0,
0.009611336,
0.009970858,
1.482308e-21,
0.03742939,
0,
0,
0,
2.690493e-43,
0.02017594,
3.697026e-06,
0,
3.923636e-44,
0,
4.212972e-35,
0,
0,
0,
0,
0,
0,
0.6332553,
0,
0.276138,
0.09045574,
0,
9.297732e-05,
5.458479e-05,
0,
0,
0,
0,
0,
0,
3.377268e-06,
1.262177e-29,
7.006492e-45,
0,
0,
0,
0,
0,
0,
0,
0,
0,
0.1552008,
0,
0.4501847,
0.3313738,
0,
0.0131584,
0.01426588,
1.897354e-19,
0,
0,
9.809089e-45,
0,
2.350989e-38,
0.03580311,
1.327979e-05,
1.665335e-16,
0,
8.874685e-31,
7.888609e-31,
3.944305e-31,
0,
0,
0,
0,
0,
0.0380591,
0,
0.2552999,
0.2457215,
0,
0.02744389,
0.03911844,
1.065814e-14,
0,
0,
0,
0,
0,
0.3909147,
0.003440874,
1.546398e-06,
1.809458e-25,
0,
1.482308e-21,
7.940934e-23,
0,
0,
0,
0,
0,
0.1378725,
0,
0.4368971,
0.3338374,
0,
0.01567757,
0.01750286,
0,
0,
0,
0,
0,
0,
0.05817203,
4.051288e-05,
8.881784e-16,
0,
2.20881e-29,
0,
3.029226e-28,
0,
0,
0,
0,
0,
0.2986152,
2.019484e-27,
0.4477012,
0.2476149,
0,
0.002587308,
0.002203094,
9.693522e-27,
5.905055e-05,
0,
0,
0,
0,
0.001219254,
0,
3.771943e-22,
2.802597e-45,
0,
1.43493e-41,
0,
0,
0,
0,
0,
0,
0.4508985,
0,
0.3825529,
0.1653856,
0,
0.0005770015,
0.0004065979,
0,
0.0001450673,
0,
0,
0,
0,
3.426381e-05,
0,
0,
0,
0,
5.605194e-45,
0,
0,
0,
0,
0,
0,
0.063363,
2.081668e-17,
0.3096591,
0.2858391,
0,
0.03290374,
0.04340211,
0,
9.39197e-07,
0,
1.83671e-40,
0,
1.577722e-30,
0.2628507,
0.001980466,
8.420394e-07,
0,
1.033976e-24,
2.895132e-24,
1.240771e-24,
0,
0,
0,
0,
0,
0.1109344,
0,
0.410702,
0.3362614,
0,
0.02201667,
0.02613436,
2.428613e-17,
0.004961221,
0,
0,
0,
5.392604e-33,
0.0888724,
0.0001175061,
1.554312e-15,
0,
0,
0,
0,
0,
0,
0,
0,
0,
0.1806435,
3.388132e-21,
0.460161,
0.3205588,
0,
0.009919812,
0.01029238,
0,
6.154206e-05,
0,
0,
0,
0,
0.01836026,
2.80637e-06,
0,
4.591775e-40,
0,
0,
0,
0,
0,
0,
0,
0,
0.1462693,
2.964615e-21,
0.453751,
0.3443281,
0,
0.01588871,
0.01771769,
2.371692e-20,
0,
0,
7.006492e-45,
0,
1.469368e-38,
0.0220406,
4.594078e-06,
0,
1.401298e-45,
0,
1.685189e-34,
0,
0,
0,
0,
1992, 
0,
0,
0.2240123,
0,
0.4617629,
0.2926516,
0,
0.005704976,
0.005427329,
6.352747e-22,
0.001721538,
0,
0,
0,
0,
0.008719391,
6.465938e-13,
1.409463e-18,
0,
5.522026e-30,
0,
0,
0,
0,
0,
0,
0,
0.3615905,
0,
0.4242385,
0.2112223,
4.656613e-10,
0.001371172,
0.001072253,
0,
3.420416e-05,
0,
0,
0,
0,
0.0004710357,
1.276756e-15,
0,
0,
0,
7.23783e-25,
0,
0,
0,
0,
0,
0,
0.2839494,
4.963084e-24,
0.4521427,
0.256492,
0,
0.003043785,
0.00266051,
0,
0,
0,
0,
0,
1.401298e-45,
0.001711627,
0,
2.270048e-19,
0,
4.701977e-38,
0,
1.028558e-38,
0,
0,
0,
0,
0,
0.1863922,
1.185846e-20,
0.4619705,
0.3171772,
0,
0.00904493,
0.009234134,
0,
0,
0,
0,
0,
0,
0.01617898,
2.04852e-06,
0,
0,
0,
7.395571e-32,
2.696302e-33,
0,
0,
0,
0,
0,
0.07929906,
2.168404e-19,
0.3090031,
0.2561623,
0.1520448,
0.01718257,
0.02063605,
2.602085e-18,
6.756751e-05,
3.686287e-18,
5.605194e-45,
0,
0,
0.1043159,
0.0002106031,
1.804112e-15,
0.0609509,
0.0001272403,
0,
1.767048e-28,
0,
0,
0,
0,
0,
0.2719803,
3.877409e-26,
0.4484657,
0.2591157,
0.000478274,
0.003399591,
0.003029622,
0,
0.01081838,
0,
0,
0,
5.605194e-45,
0.002570252,
0,
0,
0.0001421805,
3.214242e-40,
0,
0,
0,
0,
0,
0,
0,
0.5178152,
0,
0.3466358,
0.1349715,
0,
0.0003272418,
0.000221548,
1.848893e-32,
0,
0,
0,
0,
0,
2.874213e-05,
1.084202e-18,
0,
0,
0,
0,
0,
0,
0,
0,
0,
0,
0.1972694,
0,
0.4639852,
0.3117558,
0,
0.008104527,
0.008147467,
0,
0,
0,
0,
0,
0,
0.01073682,
7.776607e-07,
0,
0,
6.887662e-41,
0,
1.128475e-36,
0,
0,
0,
0,
0,
0.178144,
0,
0.4625805,
0.324342,
0,
0.01024534,
0.01065887,
0,
0,
0,
0,
0,
0,
0.01402787,
1.461737e-06,
0,
0,
0,
0,
1.92593e-34,
0,
0,
0,
0,
0,
0.09714667,
0,
0.3859157,
0.3260039,
0,
0.02479162,
0.03024638,
2.168404e-19,
0,
0,
0,
0,
0,
0.1355676,
0.0003281116,
2.509104e-14,
8.22846e-38,
9.860761e-32,
0,
1.21169e-27,
0,
0,
0,
0,
0,
0.06580449,
0,
0.3096312,
0.280358,
0,
0.02947377,
0.03855382,
0,
0.0006797791,
3.035766e-18,
7.006492e-45,
2.057115e-38,
0,
0.2731998,
0.002298172,
1.018762e-06,
0,
9.094947e-12,
1.665335e-16,
8.835242e-29,
0,
0,
0,
0,
0,
0.04547033,
0,
0.2546297,
0.2425667,
4.699946e-05,
0.03007537,
0.04118125,
1.332268e-15,
0.003761244,
4.203895e-45,
0,
0,
1.514613e-28,
0.3776402,
0.004537467,
2.963499e-06,
8.670044e-05,
1.052691e-06,
3.308722e-24,
0,
0,
0,
0,
0,
0,
0.0101801,
0,
0.1130165,
0.1191512,
0,
0.01496674,
0.02445778,
4.263256e-14,
0,
1.004451e-41,
0,
0,
3.231174e-26,
0.7031681,
0.01504393,
1.558365e-05,
1.654361e-24,
5.082198e-21,
0,
1.694066e-21,
0,
0,
0,
0,
0,
0.1514942,
1.355253e-20,
0.4270477,
0.3100021,
0,
0.01142546,
0.01220549,
0,
0.06110192,
0,
2.802597e-45,
0,
0,
0.02671612,
7.115174e-06,
3.434752e-16,
1.469368e-39,
0,
3.451266e-31,
0,
0,
0,
0,
0,
0,
0.2021215,
8.470329e-22,
0.4480238,
0.2930139,
0,
0.006655824,
0.006521271,
0,
0.0344207,
0,
0,
0,
0,
0.009242493,
4.998264e-07,
2.558717e-17,
0,
0,
5.77779e-34,
0,
0,
0,
0,
0,
0,
0.1726295,
4.235165e-22,
0.4439503,
0.3098294,
0,
0.009540081,
0.009873284,
1.482308e-21,
0.03454493,
0,
0,
0,
2.690493e-43,
0.0196291,
3.390771e-06,
0,
3.923636e-44,
0,
4.212972e-35,
0,
0,
0,
0,
0,
0,
0.6357671,
0,
0.275384,
0.08870879,
0,
8.645208e-05,
5.05736e-05,
0,
0,
0,
0,
0,
0,
3.096127e-06,
1.262177e-29,
7.006492e-45,
0,
0,
0,
0,
0,
0,
0,
0,
0,
0.1548383,
0,
0.4505866,
0.3318875,
0,
0.01315302,
0.01424472,
1.897354e-19,
0,
0,
9.809089e-45,
0,
2.350989e-38,
0.03527721,
1.269192e-05,
1.665335e-16,
0,
8.874685e-31,
7.888609e-31,
3.944305e-31,
0,
0,
0,
0,
0,
0.03684083,
0,
0.2498925,
0.24167,
0,
0.02760451,
0.03947438,
1.065814e-14,
0,
0,
0,
0,
0,
0.4008332,
0.003682768,
1.750004e-06,
1.809458e-25,
0,
1.482308e-21,
7.940935e-23,
0,
0,
0,
0,
0,
0.1385446,
0,
0.437627,
0.3338528,
0,
0.01553502,
0.01731104,
0,
0,
0,
0,
0,
0,
0.05709115,
3.849115e-05,
8.881784e-16,
0,
2.208811e-29,
0,
3.029226e-28,
0,
0,
0,
0,
0,
0.293745,
2.019484e-27,
0.4496748,
0.2503524,
0,
0.00265469,
0.002261433,
9.693522e-27,
5.813101e-05,
0,
0,
0,
0,
0.00125355,
0,
3.771943e-22,
2.802597e-45,
0,
1.43493e-41,
0,
0,
0,
0,
0,
0,
0.4408326,
0,
0.3882454,
0.1696691,
0,
0.0005960747,
0.0004188334,
0,
0.0002018289,
0,
0,
0,
0,
3.616128e-05,
0,
0,
0,
0,
5.605194e-45,
0,
0,
0,
0,
0,
0,
0.0616797,
2.081668e-17,
0.3052907,
0.2832605,
0,
0.03330064,
0.04406516,
0,
2.725252e-06,
0,
1.83671e-40,
0,
1.577722e-30,
0.2703134,
0.002086392,
8.175322e-07,
0,
1.033976e-24,
2.895132e-24,
1.240771e-24,
0,
0,
0,
0,
0,
0.108848,
0,
0.4085385,
0.3363249,
0,
0.02250045,
0.02679393,
2.428613e-17,
0.004315496,
0,
0,
0,
5.392604e-33,
0.09255441,
0.0001243205,
1.554312e-15,
0,
0,
0,
0,
0,
0,
0,
0,
0,
0.1795813,
3.388132e-21,
0.4605962,
0.3213907,
0,
0.009937867,
0.01029792,
0,
6.907438e-05,
0,
0,
0,
0,
0.01812419,
2.609441e-06,
0,
4.591775e-40,
0,
0,
0,
0,
0,
0,
0,
0,
0.144379,
2.964615e-21,
0.4537457,
0.3458827,
0,
0.01616823,
0.01804892,
2.371692e-20,
0,
0,
7.006492e-45,
0,
1.469368e-38,
0.02177113,
4.388706e-06,
0,
1.401298e-45,
0,
1.685189e-34,
0,
0,
0,
0,
1993, 
0,
0,
0.2196748,
0,
0.4624604,
0.2953863,
0,
0.005916653,
0.005648587,
6.352747e-22,
0.001732394,
0,
0,
0,
0,
0.009180801,
6.465938e-13,
1.409463e-18,
0,
5.522026e-30,
0,
0,
0,
0,
0,
0,
0,
0.3527305,
0,
0.4253196,
0.213511,
0.005263224,
0.001402219,
0.001095389,
0,
6.09687e-05,
0,
0,
0,
0,
0.0004748928,
1.276756e-15,
0,
0.0001422312,
0,
7.23783e-25,
0,
0,
0,
0,
0,
0,
0.2871081,
4.963084e-24,
0.4513557,
0.2544777,
0,
0.00292766,
0.002544642,
0,
0,
0,
0,
0,
1.401298e-45,
0.001586152,
0,
2.270048e-19,
0,
4.701977e-38,
0,
1.028558e-38,
0,
0,
0,
0,
0,
0.1887134,
1.185846e-20,
0.4624489,
0.3159004,
0,
0.008793835,
0.008939093,
0,
0,
0,
0,
0,
0,
0.01520254,
1.797804e-06,
0,
0,
0,
7.395571e-32,
2.696302e-33,
0,
0,
0,
0,
0,
0.08018853,
2.168404e-19,
0.3103098,
0.2567171,
0.1535971,
0.01709207,
0.02047871,
2.602085e-18,
0.0004258401,
3.686287e-18,
5.605194e-45,
0,
0,
0.1015804,
0.0001993801,
1.804112e-15,
0.05929232,
0.0001187286,
0,
1.767048e-28,
0,
0,
0,
0,
0,
0.2726792,
3.877409e-26,
0.4471839,
0.2573217,
0.0004568228,
0.003287025,
0.002913667,
0,
0.01360933,
0,
0,
0,
5.605194e-45,
0.002414794,
0,
0,
0.0001335134,
3.214242e-40,
0,
0,
0,
0,
0,
0,
0,
0.5232684,
0,
0.3440966,
0.1321065,
0,
0.0003005368,
0.0002022261,
1.848893e-32,
0,
0,
0,
0,
0,
2.572394e-05,
1.084202e-18,
0,
0,
0,
0,
0,
0,
0,
0,
0,
0,
0.1986175,
0,
0.4643629,
0.3109919,
0,
0.007931457,
0.007942448,
0,
0,
0,
0,
0,
0,
0.01015302,
6.862198e-07,
0,
0,
6.887662e-41,
0,
1.128475e-36,
0,
0,
0,
0,
0,
0.1787019,
0,
0.4629959,
0.3240951,
0,
0.01011341,
0.01049217,
0,
0,
0,
0,
0,
0,
0.01360016,
1.307883e-06,
0,
0,
0,
0,
1.92593e-34,
0,
0,
0,
0,
0,
0.0951535,
0,
0.3834089,
0.3256386,
0,
0.0252504,
0.03088618,
2.168404e-19,
0,
0,
0,
0,
0,
0.1393249,
0.0003374688,
2.509104e-14,
8.22846e-38,
9.860761e-32,
0,
1.21169e-27,
0,
0,
0,
0,
0,
0.06261303,
0,
0.3020561,
0.2760491,
2.932109e-05,
0.03007541,
0.03955735,
0,
0.0006794172,
3.035766e-18,
7.006492e-45,
2.057115e-38,
0,
0.2863857,
0.002480674,
1.117137e-06,
7.196187e-05,
8.437917e-07,
1.665335e-16,
8.835242e-29,
0,
0,
0,
0,
0,
0.04463455,
0,
0.2526627,
0.2414242,
9.396882e-05,
0.03025916,
0.04152669,
1.332268e-15,
0.003333851,
4.203895e-45,
0,
0,
1.514613e-28,
0.3812893,
0.004603869,
3.030954e-06,
0.0001666174,
1.989777e-06,
3.308722e-24,
0,
0,
0,
0,
0,
0,
0.009411332,
0,
0.1088297,
0.1152522,
0,
0.0143559,
0.02367246,
4.263257e-14,
0,
1.004451e-41,
0,
0,
3.231174e-26,
0.7133836,
0.01507962,
1.523903e-05,
1.654361e-24,
5.082198e-21,
0,
1.694066e-21,
0,
0,
0,
0,
0,
0.1526754,
1.355253e-20,
0.4302412,
0.3121313,
0,
0.01143284,
0.01219336,
0,
0.05503639,
0,
2.802597e-45,
0,
0,
0.02628272,
6.740792e-06,
3.434752e-16,
1.469368e-39,
0,
3.451266e-31,
0,
0,
0,
0,
0,
0,
0.2046705,
8.470329e-22,
0.4499443,
0.2931008,
0,
0.006520914,
0.00636377,
0,
0.03062309,
0,
0,
0,
0,
0.008776142,
4.416875e-07,
2.558717e-17,
0,
0,
5.77779e-34,
0,
0,
0,
0,
0,
0,
0.1739813,
4.235165e-22,
0.4458616,
0.3105138,
0,
0.00943429,
0.009735625,
1.482308e-21,
0.03151486,
0,
0,
0,
2.690493e-43,
0.01895542,
3.047459e-06,
0,
3.923636e-44,
0,
4.212972e-35,
0,
0,
0,
0,
0,
0,
0.6437209,
0,
0.2707556,
0.08539629,
0,
7.859071e-05,
4.581837e-05,
0,
0,
0,
0,
0,
0,
2.776562e-06,
1.262177e-29,
7.006492e-45,
0,
0,
0,
0,
0,
0,
0,
0,
0,
0.1551601,
0,
0.4512095,
0.3320572,
0,
0.01305798,
0.01411473,
1.897354e-19,
0,
0,
9.809089e-45,
0,
2.350989e-38,
0.03438868,
1.192138e-05,
1.665335e-16,
0,
8.874685e-31,
7.888609e-31,
3.944304e-31,
0,
0,
0,
0,
0,
0.03579449,
0,
0.2453511,
0.238215,
0,
0.0276768,
0.03968586,
1.065814e-14,
0,
0,
0,
0,
0,
0.4093909,
0.00388393,
1.913888e-06,
1.809458e-25,
0,
1.482308e-21,
7.940934e-23,
0,
0,
0,
0,
0,
0.1392305,
0,
0.4382402,
0.3337274,
0,
0.01537497,
0.01709753,
0,
0.0004156818,
0,
0,
0,
0,
0.05587744,
3.630331e-05,
8.881784e-16,
0,
2.208811e-29,
0,
3.029226e-28,
0,
0,
0,
0,
0,
0.2886713,
2.019484e-27,
0.4515638,
0.2532848,
0,
0.002746838,
0.002345387,
9.693523e-27,
6.222189e-05,
0,
0,
0,
0,
0.001325592,
0,
3.771944e-22,
2.802597e-45,
0,
1.43493e-41,
0,
0,
0,
0,
0,
0,
0.4302787,
0,
0.3938392,
0.174402,
0,
0.0006320344,
0.0004448919,
0,
0.0003606494,
0,
0,
0,
0,
4.24801e-05,
0,
0,
0,
0,
5.605194e-45,
0,
0,
0,
0,
0,
0,
0.06042658,
2.081668e-17,
0.3020247,
0.281328,
0,
0.03358935,
0.04454318,
0,
5.596049e-06,
0,
1.83671e-40,
0,
1.577722e-30,
0.2759203,
0.002161557,
7.786083e-07,
0,
1.033976e-24,
2.895132e-24,
1.240771e-24,
0,
0,
0,
0,
0,
0.1070597,
0,
0.4066513,
0.336345,
0,
0.02291261,
0.02735662,
2.428613e-17,
0.003669772,
0,
0,
0,
5.392603e-33,
0.09587433,
0.0001307044,
1.554312e-15,
0,
0,
0,
0,
0,
0,
0,
0,
0,
0.1794816,
3.388132e-21,
0.4610811,
0.3216257,
0,
0.009868548,
0.01020358,
0,
8.008315e-05,
0,
0,
0,
0,
0.01765691,
2.37431e-06,
0,
4.591775e-40,
0,
0,
0,
0,
0,
0,
0,
0,
0.1429323,
2.964615e-21,
0.4538435,
0.3471578,
0,
0.0163785,
0.01829508,
2.371692e-20,
0,
0,
7.006492e-45,
0,
1.469368e-38,
0.02138874,
4.147391e-06,
0,
1.401298e-45,
0,
1.685189e-34,
0,
0,
0,
0,
1994, 
0,
0,
0.2163067,
0,
0.4629997,
0.2975237,
0,
0.006084253,
0.005824135,
6.352747e-22,
0.001723922,
0,
0,
0,
0,
0.009537634,
6.465939e-13,
1.409463e-18,
0,
5.522027e-30,
0,
0,
0,
0,
0,
0,
0,
0.3482169,
0,
0.4269796,
0.2152644,
0.006282695,
0.001413892,
0.001102074,
0,
0.0001039945,
0,
0,
0,
0,
0.0004696167,
1.276756e-15,
0,
0.0001668654,
0,
7.23783e-25,
0,
0,
0,
0,
0,
0,
0.2905216,
4.963084e-24,
0.4504818,
0.2523108,
0,
0.002805839,
0.002423456,
0,
0,
0,
0,
0,
1.401298e-45,
0.001456606,
0,
2.270048e-19,
0,
4.701977e-38,
0,
1.028558e-38,
0,
0,
0,
0,
0,
0.1911916,
1.185846e-20,
0.4629346,
0.3145226,
0,
0.008528048,
0.008627342,
0,
0,
0,
0,
0,
0,
0.01419426,
1.547087e-06,
0,
0,
0,
7.395571e-32,
2.696302e-33,
0,
0,
0,
0,
0,
0.08142901,
2.168404e-19,
0.3124071,
0.2577379,
0.1548554,
0.01697832,
0.02028289,
2.602085e-18,
0.0007551569,
3.686287e-18,
5.605194e-45,
0,
0,
0.09824256,
0.0001859661,
1.804112e-15,
0.05701711,
0.0001085782,
0,
1.767048e-28,
0,
0,
0,
0,
0,
0.2747148,
3.877409e-26,
0.4448704,
0.2543088,
0.0004059302,
0.003137765,
0.00276389,
0,
0.01744987,
0,
0,
0,
5.605194e-45,
0.002230498,
0,
0,
0.0001181596,
3.214242e-40,
0,
0,
0,
0,
0,
0,
0,
0.5316016,
0,
0.3397646,
0.1281588,
0,
0.0002711921,
0.0001812841,
1.848893e-32,
0,
0,
0,
0,
0,
2.251157e-05,
1.084202e-18,
0,
0,
0,
0,
0,
0,
0,
0,
0,
0,
0.2004919,
0,
0.464695,
0.3098733,
0,
0.007720547,
0.007696015,
0,
0,
0,
0,
0,
0,
0.009522641,
5.947788e-07,
0,
0,
6.887662e-41,
0,
1.128475e-36,
0,
0,
0,
0,
0,
0.1798237,
0,
0.4634326,
0.323482,
0,
0.009927982,
0.01026437,
0,
0,
0,
0,
0,
0,
0.01306823,
1.144096e-06,
0,
0,
0,
0,
1.92593e-34,
0,
0,
0,
0,
0,
0.09379379,
0,
0.3818826,
0.3255939,
0,
0.02558547,
0.03134878,
2.168404e-19,
0,
0,
0,
0,
0,
0.141455,
0.0003403984,
2.509104e-14,
8.22846e-38,
9.860761e-32,
0,
1.21169e-27,
0,
0,
0,
0,
0,
0.06031454,
0,
0.2965241,
0.2729486,
0.0001481516,
0.03056477,
0.04034283,
0,
0.0006983036,
3.035766e-18,
7.006492e-45,
2.057115e-38,
0,
0.295524,
0.002600544,
1.176806e-06,
0.0003293446,
3.643675e-06,
1.665335e-16,
8.835242e-29,
0,
0,
0,
0,
0,
0.0442319,
0,
0.251958,
0.2412308,
0.0001556623,
0.03047713,
0.04187399,
1.332268e-15,
0.002883571,
4.203895e-45,
0,
0,
1.514613e-28,
0.3823118,
0.004607157,
3.039944e-06,
0.0002639456,
3.081201e-06,
3.308722e-24,
0,
0,
0,
0,
0,
0,
0.008771054,
0,
0.1054366,
0.1120773,
0,
0.01381156,
0.02296273,
4.263256e-14,
0,
1.004451e-41,
0,
0,
3.231174e-26,
0.7219328,
0.01499339,
1.469888e-05,
1.654361e-24,
5.082198e-21,
0,
1.694066e-21,
0,
0,
0,
0,
0,
0.1542762,
1.355253e-20,
0.4337596,
0.3142543,
0,
0.01140654,
0.01214029,
0,
0.04843321,
0,
2.802597e-45,
0,
0,
0.02572353,
6.315241e-06,
3.434752e-16,
1.469368e-39,
0,
3.451266e-31,
0,
0,
0,
0,
0,
0,
0.2078142,
8.470329e-22,
0.451899,
0.2928886,
0,
0.006353358,
0.006171115,
0,
0.02662687,
0,
0,
0,
0,
0.008246447,
3.835485e-07,
2.558717e-17,
0,
0,
5.77779e-34,
0,
0,
0,
0,
0,
0,
0.1758353,
4.235165e-22,
0.4478715,
0.3109489,
0,
0.009285635,
0.009548862,
1.482308e-21,
0.02838674,
0,
0,
0,
2.690493e-43,
0.01812029,
2.680893e-06,
0,
3.923636e-44,
0,
4.212972e-35,
0,
0,
0,
0,
0,
0,
0.656543,
0,
0.2625883,
0.08075569,
0,
6.999118e-05,
4.060108e-05,
0,
0,
0,
0,
0,
0,
2.443603e-06,
1.262177e-29,
7.006492e-45,
0,
0,
0,
0,
0,
0,
0,
0,
0,
0.1563035,
0,
0.4520826,
0.3317997,
0,
0.01285624,
0.01385593,
1.897354e-19,
0,
0,
9.809089e-45,
0,
2.350989e-38,
0.03309104,
1.09802e-05,
1.665335e-16,
0,
8.874685e-31,
7.888609e-31,
3.944304e-31,
0,
0,
0,
0,
0,
0.03502042,
0,
0.2418105,
0.2354683,
0,
0.02770771,
0.0398025,
1.065814e-14,
0,
0,
0,
0,
0,
0.4161462,
0.004042378,
2.037121e-06,
1.809458e-25,
0,
1.482308e-21,
7.940934e-23,
0,
0,
0,
0,
0,
0.1402366,
0,
0.4392177,
0.3336816,
0,
0.01518188,
0.01684109,
0,
0.0004156818,
0,
0,
0,
0,
0.05439149,
3.386915e-05,
8.881784e-16,
0,
2.208811e-29,
0,
3.029226e-28,
0,
0,
0,
0,
0,
0.2841831,
2.019484e-27,
0.4530666,
0.255853,
0,
0.002838616,
0.002430839,
9.693523e-27,
0.0002165464,
0,
0,
0,
0,
0.001411383,
0,
3.771944e-22,
2.802597e-45,
0,
1.43493e-41,
0,
0,
0,
0,
0,
0,
0.4208194,
0,
0.3987169,
0.1787721,
0,
0.0006730289,
0.0004758211,
0,
0.0004910698,
0,
0,
0,
0,
5.174293e-05,
0,
0,
0,
0,
5.605194e-45,
0,
0,
0,
0,
0,
0,
0.05968857,
2.081668e-17,
0.3001515,
0.2802617,
0,
0.03376952,
0.04482944,
0,
9.175709e-06,
0,
1.83671e-40,
0,
1.577722e-30,
0.2790948,
0.002194577,
7.251711e-07,
0,
1.033976e-24,
2.895132e-24,
1.240771e-24,
0,
0,
0,
0,
0,
0.1057652,
0,
0.405319,
0.3363903,
0,
0.02320898,
0.02775969,
2.428613e-17,
0.003024048,
0,
0,
0,
5.392603e-33,
0.09839734,
0.0001353966,
1.554312e-15,
0,
0,
0,
0,
0,
0,
0,
0,
0,
0.1805106,
3.388132e-21,
0.4616193,
0.3211525,
0,
0.009697321,
0.0099933,
0,
8.707432e-05,
0,
0,
0,
0,
0.01693774,
2.112856e-06,
0,
4.591775e-40,
0,
0,
0,
0,
0,
0,
0,
0,
0.1421838,
2.964615e-21,
0.4541464,
0.3480085,
0,
0.01646893,
0.01839205,
2.371692e-20,
0,
0,
7.006492e-45,
0,
1.469368e-38,
0.0207965,
3.859245e-06,
0,
1.401298e-45,
0,
1.685189e-34,
0,
0,
0,
0,
1995, 
0,
0,
0.2140247,
0,
0.4634054,
0.2990319,
0,
0.006204317,
0.005950379,
6.352747e-22,
0.001599555,
0,
0,
0,
0,
0.009783742,
6.465938e-13,
1.409463e-18,
0,
5.522026e-30,
0,
0,
0,
0,
0,
0,
0,
0.3466646,
0,
0.4276309,
0.2157306,
0.006687596,
0.001403759,
0.001090858,
0,
0.0001603562,
0,
0,
0,
0,
0.0004558411,
1.276757e-15,
0,
0.0001755718,
0,
7.237831e-25,
0,
0,
0,
0,
0,
0,
0.2938436,
4.963084e-24,
0.4496349,
0.2502009,
0,
0.002686572,
0.002304702,
0,
0,
0,
0,
0,
1.401298e-45,
0.001329349,
0,
2.270048e-19,
0,
4.701977e-38,
0,
1.028558e-38,
0,
0,
0,
0,
0,
0.193641,
1.185846e-20,
0.4634131,
0.313156,
0,
0.008264042,
0.008317566,
0,
0,
0,
0,
0,
0,
0.01320709,
1.296371e-06,
0,
0,
0,
7.395571e-32,
2.696302e-33,
0,
0,
0,
0,
0,
0.08362585,
2.168404e-19,
0.3176216,
0.2611567,
0.1510067,
0.0169742,
0.02020729,
2.602085e-18,
0.000849314,
3.686287e-18,
5.605194e-45,
0,
0,
0.09501702,
0.0001717513,
1.804112e-15,
0.05327298,
9.670474e-05,
0,
1.767048e-28,
0,
0,
0,
0,
0,
0.2789942,
3.877409e-26,
0.4436349,
0.251399,
0.0003525243,
0.002971507,
0.002597774,
0,
0.01791609,
0,
0,
0,
5.605194e-45,
0.002031813,
0,
0,
0.0001022103,
3.214242e-40,
0,
0,
0,
0,
0,
0,
0,
0.5419005,
0,
0.3341748,
0.1235052,
0,
0.0002405972,
0.0001596161,
1.848893e-32,
0,
0,
0,
0,
0,
1.926855e-05,
1.084202e-18,
0,
0,
0,
0,
0,
0,
0,
0,
0,
0,
0.2027298,
0,
0.4649753,
0.3085058,
0,
0.007486636,
0.007424915,
0,
0,
0,
0,
0,
0,
0.008877078,
5.033379e-07,
0,
0,
6.887662e-41,
0,
1.128475e-36,
0,
0,
0,
0,
0,
0.181363,
0,
0.4638658,
0.3225913,
0,
0.009706208,
0.009995699,
0,
0,
0,
0,
0,
0,
0.01247704,
9.803098e-07,
0,
0,
0,
0,
1.92593e-34,
0,
0,
0,
0,
0,
0.09305406,
0,
0.3812774,
0.3258251,
0,
0.0257991,
0.03163891,
2.168404e-19,
0,
0,
0,
0,
0,
0.1420676,
0.0003378101,
2.509104e-14,
8.228461e-38,
9.860761e-32,
0,
1.21169e-27,
0,
0,
0,
0,
0,
0.05894046,
0,
0.2931911,
0.2711404,
0.0002477304,
0.03091064,
0.04087479,
0,
0.0007297199,
3.035766e-18,
7.006492e-45,
2.057115e-38,
0,
0.3007768,
0.002659539,
1.112442e-06,
0.0005220707,
5.575812e-06,
1.665335e-16,
8.835242e-29,
0,
0,
0,
0,
0,
0.04420307,
0,
0.2523184,
0.2418325,
0.000264838,
0.03072256,
0.04222016,
1.332268e-15,
0.002444984,
4.203895e-45,
0,
0,
1.514613e-28,
0.381003,
0.004556582,
2.999612e-06,
0.0004261421,
4.837681e-06,
3.308722e-24,
0,
0,
0,
0,
0,
0,
0.008278426,
0,
0.1028782,
0.1096621,
0,
0.01334997,
0.02234908,
4.263256e-14,
0,
1.004451e-41,
0,
0,
3.231174e-26,
0.7286609,
0.01480724,
1.402047e-05,
1.654361e-24,
5.082198e-21,
0,
1.694066e-21,
0,
0,
0,
0,
0,
0.1561389,
1.355253e-20,
0.4374339,
0.3163359,
0,
0.01136005,
0.0120634,
0,
0.04158542,
0,
2.802597e-45,
0,
0,
0.02507651,
5.857828e-06,
3.434752e-16,
1.469368e-39,
0,
3.451266e-31,
0,
0,
0,
0,
0,
0,
0.2111528,
8.470329e-22,
0.4535047,
0.2922622,
0,
0.006162954,
0.005954695,
0,
0.02329731,
0,
0,
0,
0,
0.007664917,
3.254096e-07,
2.558717e-17,
0,
0,
5.77779e-34,
0,
0,
0,
0,
0,
0,
0.1780318,
4.235165e-22,
0.450121,
0.3113862,
0,
0.009120058,
0.009342525,
1.482308e-21,
0.02481999,
0,
0,
0,
2.690493e-43,
0.0171761,
2.300131e-06,
0,
3.923636e-44,
0,
4.212972e-35,
0,
0,
0,
0,
0,
0,
0.6734214,
0,
0.2514177,
0.07506262,
0,
6.100788e-05,
3.522766e-05,
0,
0,
0,
0,
0,
0,
2.110644e-06,
1.262177e-29,
7.006492e-45,
0,
0,
0,
0,
0,
0,
0,
0,
0,
0.1580995,
0,
0.4531246,
0.3311861,
0,
0.0125736,
0.01350036,
1.897354e-19,
0,
0,
9.809089e-45,
0,
2.350989e-38,
0.03150593,
9.932595e-06,
1.665334e-16,
0,
8.874684e-31,
7.888609e-31,
3.944304e-31,
0,
0,
0,
0,
0,
0.03449529,
0,
0.2391983,
0.2333679,
0,
0.02768709,
0.03981454,
1.065814e-14,
0,
0,
0,
0,
0,
0.4212737,
0.004161062,
2.122489e-06,
1.809458e-25,
0,
1.482308e-21,
7.940934e-23,
0,
0,
0,
0,
0,
0.1414023,
0,
0.4402964,
0.3335952,
0,
0.01496704,
0.01655749,
0,
0.0004156818,
0,
0,
0,
0,
0.0527346,
3.131887e-05,
8.881784e-16,
0,
2.208811e-29,
0,
3.029226e-28,
0,
0,
0,
0,
0,
0.280653,
2.019484e-27,
0.454219,
0.2579514,
0,
0.002922981,
0.002510925,
9.693523e-27,
0.000238925,
0,
0,
0,
0,
0.001503807,
0,
3.771944e-22,
2.802597e-45,
0,
1.43493e-41,
0,
0,
0,
0,
0,
0,
0.4129139,
0,
0.4026334,
0.1825754,
0,
0.0007174892,
0.0005105007,
0,
0.0005854137,
0,
0,
0,
0,
6.393759e-05,
0,
0,
0,
0,
5.605194e-45,
0,
0,
0,
0,
0,
0,
0.05943349,
2.081668e-17,
0.2995496,
0.279963,
0,
0.03384066,
0.04492818,
0,
1.754312e-05,
0,
1.83671e-40,
0,
1.577722e-30,
0.2800741,
0.00219274,
6.586949e-07,
0,
1.033976e-24,
2.895132e-24,
1.240771e-24,
0,
0,
0,
0,
0,
0.1049945,
0,
0.4045145,
0.3364097,
0,
0.02338641,
0.02800105,
2.428613e-17,
0.002378324,
0,
0,
0,
5.392604e-33,
0.1001767,
0.000138837,
1.554312e-15,
0,
0,
0,
0,
0,
0,
0,
0,
0,
0.1824158,
3.388132e-21,
0.4621016,
0.3200571,
0,
0.009448582,
0.009695952,
0,
0.0002378953,
0,
0,
0,
0,
0.01604123,
1.835625e-06,
0,
4.591775e-40,
0,
0,
0,
0,
0,
0,
0,
0,
0.1420846,
2.964615e-21,
0.4545935,
0.3484339,
0,
0.01645326,
0.01835843,
2.371692e-20,
0,
0,
7.006492e-45,
0,
1.469368e-38,
0.02007269,
3.546509e-06,
0,
1.401298e-45,
0,
1.685189e-34,
0,
0,
0,
0,
1996, 
0,
0,
0.2131381,
0,
0.4636226,
0.2996657,
0,
0.006250871,
0.005998755,
6.352747e-22,
0.001476198,
0,
0,
0,
0,
0.009847719,
6.465939e-13,
1.409463e-18,
0,
5.522027e-30,
0,
0,
0,
0,
0,
0,
0,
0.3488038,
0,
0.4268315,
0.2144696,
0.006687596,
0.001365538,
0.001056703,
0,
0.00017806,
0,
0,
0,
0,
0.0004316496,
1.276756e-15,
0,
0.0001755718,
0,
7.23783e-25,
0,
0,
0,
0,
0,
0,
0.2977495,
4.963084e-24,
0.448578,
0.2477455,
0,
0.002555714,
0.002175332,
0,
0,
0,
0,
0,
1.401298e-45,
0.001195913,
0,
2.270048e-19,
0,
4.701977e-38,
0,
1.028558e-38,
0,
0,
0,
0,
0,
0.196397,
1.185846e-20,
0.4638856,
0.3115866,
0,
0.007974783,
0.007979645,
0,
0,
0,
0,
0,
0,
0.01217532,
1.045654e-06,
0,
0,
0,
7.395571e-32,
2.696302e-33,
0,
0,
0,
0,
0,
0.0861796,
2.168404e-19,
0.3235025,
0.2648969,
0.146942,
0.0169293,
0.02007172,
2.602085e-18,
0.0008431715,
3.686287e-18,
5.605194e-45,
0,
0,
0.0911603,
0.0001558917,
1.804112e-15,
0.04923452,
8.412256e-05,
0,
1.767048e-28,
0,
0,
0,
0,
0,
0.285388,
3.877409e-26,
0.4415583,
0.2472531,
0.0002928643,
0.002769711,
0.002399818,
0,
0.018444,
0,
0,
0,
5.605194e-45,
0.001809541,
0,
0,
8.462863e-05,
3.214242e-40,
0,
0,
0,
0,
0,
0,
0,
0.5557299,
0,
0.3263122,
0.1175969,
0,
0.0002080961,
0.0001368807,
1.848893e-32,
0,
0,
0,
0,
0,
1.601355e-05,
1.084202e-18,
0,
0,
0,
0,
0,
0,
0,
0,
0,
0,
0.2056914,
0,
0.4651726,
0.3066532,
0,
0.007205958,
0.007103445,
0,
0,
0,
0,
0,
0,
0.00817299,
4.118969e-07,
0,
0,
6.887662e-41,
0,
1.128475e-36,
0,
0,
0,
0,
0,
0.1836325,
0,
0.46431,
0.3212203,
0,
0.009418231,
0.009652117,
0,
0,
0,
0,
0,
0,
0.01176599,
8.165233e-07,
0,
0,
0,
0,
1.92593e-34,
0,
0,
0,
0,
0,
0.0931095,
0,
0.3818925,
0.3264358,
0,
0.02584584,
0.03168954,
2.168404e-19,
0,
0,
0,
0,
0,
0.1406991,
0.0003276854,
2.509104e-14,
8.22846e-38,
9.860761e-32,
0,
1.21169e-27,
0,
0,
0,
0,
0,
0.05846452,
0,
0.2920644,
0.2706258,
0.0004446011,
0.03108754,
0.0411177,
0,
0.0007702052,
3.035766e-18,
7.006492e-45,
2.057115e-38,
0,
0.3018972,
0.002651295,
1.031675e-06,
0.0008670556,
8.682841e-06,
1.665335e-16,
8.835242e-29,
0,
0,
0,
0,
0,
0.04468292,
0,
0.2541292,
0.243507,
0.000322842,
0.0309957,
0.04255161,
1.332268e-15,
0.002022594,
4.203895e-45,
0,
0,
1.514613e-28,
0.3768327,
0.00444075,
2.901058e-06,
0.0005061334,
5.658191e-06,
3.308722e-24,
0,
0,
0,
0,
0,
0,
0.007915547,
0,
0.101219,
0.1080778,
0,
0.01296337,
0.02182628,
4.263256e-14,
5.486096e-05,
1.004451e-41,
0,
0,
3.231174e-26,
0.7334307,
0.01449928,
1.318212e-05,
1.654361e-24,
5.082198e-21,
0,
1.694066e-21,
0,
0,
0,
0,
0,
0.1584249,
1.355253e-20,
0.4410976,
0.3180712,
0,
0.01125462,
0.01191685,
0,
0.03504351,
0,
2.802597e-45,
0,
0,
0.02418602,
5.320045e-06,
3.434752e-16,
1.469368e-39,
0,
3.451266e-31,
0,
0,
0,
0,
0,
0,
0.2153539,
8.470329e-22,
0.4552441,
0.2912978,
0,
0.005933812,
0.005697073,
0,
0.01946904,
0,
0,
0,
0,
0.00700398,
2.672707e-07,
2.558717e-17,
0,
0,
5.77779e-34,
0,
0,
0,
0,
0,
0,
0.1807225,
4.235165e-22,
0.4524419,
0.311575,
0,
0.008918208,
0.009095557,
1.482308e-21,
0.02116467,
0,
0,
0,
2.690493e-43,
0.01608024,
1.919369e-06,
0,
3.923636e-44,
0,
4.212972e-35,
0,
0,
0,
0,
0,
0,
0.6936601,
0,
0.237701,
0.06855547,
0,
5.185357e-05,
2.979791e-05,
0,
0,
0,
0,
0,
0,
1.777686e-06,
1.262177e-29,
7.006492e-45,
0,
0,
0,
0,
0,
0,
0,
0,
0,
0.1607435,
0,
0.4543658,
0.3301013,
0,
0.01218993,
0.01302484,
1.897354e-19,
0,
0,
9.809089e-45,
0,
2.350989e-38,
0.02956585,
8.775798e-06,
1.665334e-16,
0,
8.874684e-31,
7.888609e-31,
3.944304e-31,
0,
0,
0,
0,
0,
0.03425271,
0,
0.23787,
0.2322053,
0,
0.02760437,
0.03970572,
1.065814e-14,
0,
0,
0,
0,
0,
0.4241408,
0.00421887,
2.154893e-06,
1.809458e-25,
0,
1.482308e-21,
7.940934e-23,
0,
0,
0,
0,
0,
0.1428576,
0,
0.4414367,
0.3332989,
0,
0.01469656,
0.01620463,
0,
0.0007504213,
0,
0,
0,
0,
0.05072669,
2.850375e-05,
8.881784e-16,
0,
2.208811e-29,
0,
3.029226e-28,
0,
0,
0,
0,
0,
0.2788741,
2.019484e-27,
0.4547589,
0.2590247,
0,
0.002969616,
0.002555493,
9.693523e-27,
0.0002517739,
0,
0,
0,
0,
0.001565472,
0,
3.771944e-22,
2.802597e-45,
0,
1.43493e-41,
0,
0,
0,
0,
0,
0,
0.4078939,
0,
0.4049836,
0.1851052,
0,
0.0007526959,
0.000538366,
0,
0.0006511179,
0,
0,
0,
0,
7.517538e-05,
0,
0,
0,
0,
5.605194e-45,
0,
0,
0,
0,
0,
0,
0.05969262,
2.081668e-17,
0.3003376,
0.2805177,
0,
0.03379692,
0.04482962,
0,
2.94658e-05,
0,
1.83671e-40,
0,
1.577722e-30,
0.2786434,
0.00215216,
5.812153e-07,
0,
1.033976e-24,
2.895132e-24,
1.240771e-24,
0,
0,
0,
0,
0,
0.1047706,
0,
0.4043274,
0.3364505,
0,
0.02342852,
0.02805516,
2.428613e-17,
0.001879998,
0,
0,
0,
5.392604e-33,
0.1009478,
0.0001399171,
1.554312e-15,
0,
0,
0,
0,
0,
0,
0,
0,
0,
0.1854545,
3.388132e-21,
0.4625669,
0.3182259,
0,
0.009108468,
0.009296734,
0,
0.0004051266,
0,
0,
0,
0,
0.01494073,
1.558393e-06,
0,
4.591775e-40,
0,
0,
0,
0,
0,
0,
0,
0,
0.1428203,
2.964615e-21,
0.4552656,
0.3483299,
0,
0.01629302,
0.01814529,
2.371692e-20,
0,
0,
7.006492e-45,
0,
1.469368e-38,
0.01914265,
3.195429e-06,
0,
1.401298e-45,
0,
1.685189e-34,
0,
0,
0,
0,
1997, 
0,
0,
0.2131965,
0,
0.4636554,
0.2996042,
0,
0.006233888,
0.005978677,
6.352747e-22,
0.001591789,
0,
0,
0,
0,
0.009739562,
6.465939e-13,
1.409463e-18,
0,
5.522026e-30,
0,
0,
0,
0,
0,
0,
0,
0.3537411,
0,
0.4247092,
0.2117238,
0.006687596,
0.00130298,
0.00100267,
0,
0.0002585287,
0,
0,
0,
0,
0.0003986183,
1.276756e-15,
0,
0.0001755718,
0,
7.23783e-25,
0,
0,
0,
0,
0,
0,
0.3024267,
4.963084e-24,
0.4472483,
0.2448305,
0,
0.002408958,
0.00203134,
0,
0,
0,
0,
0,
1.401298e-45,
0.00105418,
0,
2.270048e-19,
0,
4.701977e-38,
0,
1.028558e-38,
0,
0,
0,
0,
0,
0.1996195,
1.185846e-20,
0.4643435,
0.3097115,
0,
0.00764931,
0.007601665,
0,
0,
0,
0,
0,
0,
0.01107367,
7.94938e-07,
0,
0,
0,
7.395571e-32,
2.696302e-33,
0,
0,
0,
0,
0,
0.08990311,
2.168404e-19,
0.3327018,
0.2710101,
0.13761,
0.01694582,
0.01999162,
2.602085e-18,
0.000837029,
3.686287e-18,
5.605194e-45,
0,
0,
0.0870182,
0.0001388711,
1.804112e-15,
0.04377359,
6.996636e-05,
0,
1.767048e-28,
0,
0,
0,
0,
0,
0.2929037,
3.877409e-26,
0.4374638,
0.2413076,
0.0002420163,
0.002531298,
0.002169839,
0,
0.02174731,
0,
0,
0,
5.605194e-45,
0.001565719,
0,
0,
6.879351e-05,
3.214242e-40,
0,
0,
0,
0,
0,
0,
0,
0.5737094,
0,
0.3157339,
0.1102569,
0,
0.000173836,
0.0001131955,
1.848893e-32,
0,
0,
0,
0,
0,
1.275854e-05,
1.084202e-18,
0,
0,
0,
0,
0,
0,
0,
0,
0,
0,
0.2094852,
0,
0.4652814,
0.3042432,
0,
0.006870582,
0.006722984,
0,
0,
0,
0,
0,
0,
0.007396352,
3.20456e-07,
0,
0,
6.887662e-41,
0,
1.128475e-36,
0,
0,
0,
0,
0,
0.1866651,
0,
0.4647726,
0.3193473,
0,
0.009059751,
0.009228645,
0,
0,
0,
0,
0,
0,
0.010926,
6.527368e-07,
0,
0,
0,
0,
1.92593e-34,
0,
0,
0,
0,
0,
0.09376168,
0,
0.3835573,
0.3274589,
0,
0.02576568,
0.03155321,
2.168404e-19,
0,
0,
0,
0,
0,
0.1375926,
0.000310651,
2.509104e-14,
8.22846e-38,
9.860761e-32,
0,
1.21169e-27,
0,
0,
0,
0,
0,
0.05858355,
0,
0.2925249,
0.2711051,
0.0006546324,
0.03116074,
0.04117581,
0,
0.0008247946,
3.035766e-18,
7.006492e-45,
2.057115e-38,
0,
0.3001591,
0.002592012,
9.379936e-07,
0.001207004,
1.139329e-05,
1.665334e-16,
8.835242e-29,
0,
0,
0,
0,
0,
0.04555023,
0,
0.2570013,
0.2459834,
0.0004652267,
0.0313117,
0.04289645,
1.332268e-15,
0.001621281,
4.203895e-45,
0,
0,
1.514613e-28,
0.3702053,
0.004271037,
2.754132e-06,
0.0006839338,
7.335796e-06,
3.308722e-24,
0,
0,
0,
0,
0,
0,
0.007615389,
0,
0.1000983,
0.1069949,
0,
0.01260516,
0.02133594,
4.263256e-14,
0.0001176478,
1.004451e-41,
0,
0,
3.231174e-26,
0.7371382,
0.01408224,
1.220016e-05,
1.654361e-24,
5.082198e-21,
0,
1.694066e-21,
0,
0,
0,
0,
0,
0.1611488,
1.355253e-20,
0.4449227,
0.3196088,
0,
0.01109588,
0.01170614,
0,
0.02848665,
0,
2.802597e-45,
0,
0,
0.02302626,
4.708418e-06,
3.434752e-16,
1.469368e-39,
0,
3.451266e-31,
0,
0,
0,
0,
0,
0,
0.2204856,
8.470329e-22,
0.456676,
0.2895901,
0,
0.005651716,
0.005384392,
0,
0.01596305,
0,
0,
0,
0,
0.006248901,
2.091317e-07,
2.558717e-17,
0,
0,
5.77779e-34,
0,
0,
0,
0,
0,
0,
0.1837214,
4.235165e-22,
0.4548448,
0.3116288,
0,
0.008690786,
0.008819269,
1.482308e-21,
0.01745279,
0,
0,
0,
2.690493e-43,
0.01484062,
1.538607e-06,
0,
3.923636e-44,
0,
4.212972e-35,
0,
0,
0,
0,
0,
0,
0.7167883,
0,
0.2217695,
0.06137384,
0,
4.254861e-05,
2.435022e-05,
0,
0,
0,
0,
0,
0,
1.444727e-06,
1.262177e-29,
7.006492e-45,
0,
0,
0,
0,
0,
0,
0,
0,
0,
0.1641863,
0,
0.4557785,
0.3285674,
0,
0.011715,
0.01244172,
1.897354e-19,
0,
0,
9.809089e-45,
0,
2.350989e-38,
0.02730362,
7.542097e-06,
1.665335e-16,
0,
8.874685e-31,
7.888609e-31,
3.944305e-31,
0,
0,
0,
0,
0,
0.03415919,
0,
0.2372753,
0.2315754,
0,
0.02747268,
0.03950841,
1.065814e-14,
0,
0,
0,
0,
0,
0.4257723,
0.004234519,
2.147485e-06,
1.809458e-25,
0,
1.482308e-21,
7.940934e-23,
0,
0,
0,
0,
0,
0.1447514,
0,
0.4429695,
0.3330002,
0,
0.01437137,
0.01578205,
0,
0.000758865,
0,
0,
0,
0,
0.04834129,
2.53929e-05,
8.881784e-16,
0,
2.208811e-29,
0,
3.029226e-28,
0,
0,
0,
0,
0,
0.2785106,
2.019484e-27,
0.454887,
0.2592224,
0,
0.002973837,
0.002558749,
9.693523e-27,
0.0002616587,
0,
0,
0,
0,
0.001585729,
0,
3.771944e-22,
2.802597e-45,
0,
1.43493e-41,
0,
0,
0,
0,
0,
0,
0.4047767,
0,
0.4064197,
0.1866941,
0,
0.0007745567,
0.0005554025,
0,
0.0006962421,
0,
0,
0,
0,
8.325605e-05,
0,
0,
0,
0,
5.605194e-45,
0,
0,
0,
0,
0,
0,
0.06030623,
2.081668e-17,
0.3021251,
0.2817076,
0,
0.0336781,
0.04459902,
0,
4.623965e-05,
0,
1.83671e-40,
0,
1.577722e-30,
0.2754551,
0.002082165,
5.037357e-07,
0,
1.033976e-24,
2.895132e-24,
1.240771e-24,
0,
0,
0,
0,
0,
0.1048981,
0,
0.4044596,
0.3364018,
0,
0.02335893,
0.02795478,
2.428613e-17,
0.001937401,
0,
0,
0,
5.392604e-33,
0.1008508,
0.0001386434,
1.554312e-15,
0,
0,
0,
0,
0,
0,
0,
0,
0,
0.1894769,
3.388132e-21,
0.4629116,
0.3156621,
0,
0.008686131,
0.008806518,
0,
0.0007919333,
0,
0,
0,
0,
0.0136635,
1.281161e-06,
0,
4.591775e-40,
0,
0,
0,
0,
0,
0,
0,
0,
0.1443475,
2.964615e-21,
0.4562186,
0.3477598,
0,
0.01598517,
0.01774679,
2.371692e-20,
0,
0,
7.006492e-45,
0,
1.469368e-38,
0.01793943,
2.726903e-06,
0,
1.401298e-45,
0,
1.685189e-34,
0,
0,
0,
0,
1998, 
0,
0,
0.2133609,
0,
0.4624192,
0.2983434,
0.002495203,
0.006161033,
0.005900547,
6.352747e-22,
0.00159226,
0,
0,
0,
0,
0.009503407,
6.465939e-13,
1.409463e-18,
0.0002240966,
5.522026e-30,
0,
0,
0,
0,
0,
0,
0,
0.3605914,
0,
0.421981,
0.2081404,
0.006307262,
0.001225682,
0.0009367479,
0,
0.0002929668,
0,
0,
0,
0,
0.0003606768,
1.276756e-15,
0,
0.0001637344,
0,
7.23783e-25,
0,
0,
0,
0,
0,
0,
0.3069422,
4.963084e-24,
0.4459688,
0.2420138,
0,
0.002266351,
0.001891286,
0,
0,
0,
0,
0,
1.401298e-45,
0.0009175011,
0,
2.270048e-19,
0,
4.701977e-38,
0,
1.028558e-38,
0,
0,
0,
0,
0,
0.2028048,
1.185846e-20,
0.4647754,
0.3078454,
0,
0.007328635,
0.007229506,
0,
0,
0,
0,
0,
0,
0.01001565,
5.548833e-07,
0,
0,
0,
7.395572e-32,
2.696302e-33,
0,
0,
0,
0,
0,
0.09324183,
2.168404e-19,
0.3403429,
0.2758107,
0.1307285,
0.01687069,
0.0198026,
2.602085e-18,
0.001809727,
3.686287e-18,
5.605194e-45,
0,
0,
0.08230741,
0.0001212705,
1.804112e-15,
0.03890757,
5.675729e-05,
0,
1.767048e-28,
0,
0,
0,
0,
0,
0.3019248,
3.877409e-26,
0.4337781,
0.2352611,
0.0002016385,
0.002283803,
0.001931788,
0,
0.02324537,
0,
0,
0,
5.605194e-45,
0.001317042,
0,
0,
5.635658e-05,
3.214242e-40,
0,
0,
0,
0,
0,
0,
0,
0.5931134,
0,
0.3041892,
0.1024593,
0,
0.0001392657,
8.936503e-05,
1.848893e-32,
0,
0,
0,
0,
0,
9.509408e-06,
1.084202e-18,
0,
0,
0,
0,
0,
0,
0,
0,
0,
0,
0.213327,
0,
0.4653699,
0.3017917,
0,
0.006532637,
0.006339933,
0,
0,
0,
0,
0,
0,
0.006638602,
2.29015e-07,
0,
0,
6.887662e-41,
0,
1.128475e-36,
0,
0,
0,
0,
0,
0.189932,
0,
0.4652289,
0.3173128,
0,
0.00868028,
0.008781574,
0,
0,
0,
0,
0,
0,
0.01006396,
4.889504e-07,
0,
0,
0,
0,
1.92593e-34,
0,
0,
0,
0,
0,
0.09481061,
0,
0.3858959,
0.3287285,
0,
0.02559801,
0.03128894,
2.168404e-19,
0,
0,
0,
0,
0,
0.1333885,
0.0002895386,
2.509104e-14,
8.22846e-38,
9.860761e-32,
0,
1.21169e-27,
0,
0,
0,
0,
0,
0.0592299,
0,
0.2944184,
0.2725017,
0.0006725146,
0.03115672,
0.04109389,
0,
0.0008311656,
3.035766e-18,
7.006492e-45,
2.057115e-38,
0,
0.2963534,
0.002498114,
8.328896e-07,
0.001231823,
1.15488e-05,
1.665334e-16,
8.835242e-29,
0,
0,
0,
0,
0,
0.04664702,
0,
0.2605041,
0.2489413,
0.0005660837,
0.03165653,
0.04325446,
1.332268e-15,
0.001238631,
4.203895e-45,
0,
0,
1.514613e-28,
0.3623096,
0.00407348,
2.577638e-06,
0.0007978022,
8.335857e-06,
3.308722e-24,
0,
0,
0,
0,
0,
0,
0.007365623,
0,
0.09928402,
0.1061861,
0,
0.01227139,
0.02087077,
4.263256e-14,
0.0001707829,
1.004451e-41,
0,
0,
3.231174e-26,
0.740213,
0.01362708,
1.117229e-05,
1.654361e-24,
5.082198e-21,
0,
1.694066e-21,
0,
0,
0,
0,
0,
0.163909,
1.355253e-20,
0.4486731,
0.3210405,
0,
0.01092579,
0.01148215,
0,
0.02222609,
0,
2.802597e-45,
0,
0,
0.02173929,
4.06733e-06,
3.434752e-16,
1.469368e-39,
0,
3.451266e-31,
0,
0,
0,
0,
0,
0,
0.2260224,
8.470329e-22,
0.4580701,
0.2876583,
0,
0.005353183,
0.005054941,
0,
0.01238093,
0,
0,
0,
0,
0.005459955,
1.509928e-07,
2.558717e-17,
0,
0,
5.77779e-34,
0,
0,
0,
0,
0,
0,
0.1865085,
4.235165e-22,
0.4572326,
0.3118168,
0,
0.008483927,
0.008566503,
1.482308e-21,
0.0138119,
0,
0,
0,
2.690493e-43,
0.0135786,
1.164888e-06,
0,
3.923636e-44,
0,
4.212972e-35,
0,
0,
0,
0,
0,
0,
0.7407594,
0,
0.205172,
0.05401528,
0,
3.324971e-05,
1.890581e-05,
0,
0,
0,
0,
0,
0,
1.111768e-06,
1.262178e-29,
7.006492e-45,
0,
0,
0,
0,
0,
0,
0,
0,
0,
0.1679186,
0,
0.4570967,
0.3267202,
0,
0.01119811,
0.01180991,
1.897354e-19,
0.0003535855,
0,
9.809089e-45,
0,
2.350989e-38,
0.02489663,
6.278784e-06,
1.665335e-16,
0,
8.874686e-31,
7.88861e-31,
3.944305e-31,
0,
0,
0,
0,
0,
0.03410021,
0,
0.2370529,
0.2311902,
0,
0.02726364,
0.03919847,
1.065814e-14,
0,
0,
0,
0,
0,
0.4269711,
0.004221331,
2.109852e-06,
1.809458e-25,
0,
1.482308e-21,
7.940934e-23,
0,
0,
0,
0,
0,
0.1466961,
0,
0.4445568,
0.3327121,
0,
0.01404149,
0.01535348,
0,
0.0007210758,
0,
0,
0,
0,
0.04589669,
2.224165e-05,
8.881784e-16,
0,
2.208811e-29,
0,
3.029226e-28,
0,
0,
0,
0,
0,
0.2790222,
2.019484e-27,
0.4547496,
0.2588764,
0,
0.002953163,
0.00253803,
9.693523e-27,
0.0002735739,
0,
0,
0,
0,
0.001587006,
0,
3.771944e-22,
2.802597e-45,
0,
1.43493e-41,
0,
0,
0,
0,
0,
0,
0.4024802,
0,
0.4073238,
0.1877902,
0,
0.0007908957,
0.0005681909,
0,
0.0009558786,
0,
0,
0,
0,
9.088875e-05,
0,
0,
0,
0,
5.605194e-45,
0,
0,
0,
0,
0,
0,
0.06112569,
2.081668e-17,
0.3044718,
0.2832394,
0,
0.03350992,
0.04428383,
0,
7.44854e-05,
0,
1.83671e-40,
0,
1.577722e-30,
0.271298,
0.001996542,
4.26256e-07,
0,
1.033976e-24,
2.895132e-24,
1.240771e-24,
0,
0,
0,
0,
0,
0.1052657,
0,
0.4048255,
0.3363129,
0,
0.02321884,
0.02775706,
2.428613e-17,
0.002231363,
0,
0,
0,
5.392604e-33,
0.1002525,
0.0001361427,
1.554312e-15,
0,
0,
0,
0,
0,
0,
0,
0,
0,
0.1935852,
3.388132e-21,
0.4624562,
0.3123003,
0,
0.008219263,
0.008268657,
0,
0.00285845,
0,
0,
0,
0,
0.01231091,
1.00393e-06,
0,
4.591775e-40,
0,
0,
0,
0,
0,
0,
0,
0,
0.146262,
2.964615e-21,
0.4573005,
0.3469558,
0,
0.01560635,
0.01725955,
2.371692e-20,
0,
0,
7.006492e-45,
0,
1.469368e-38,
0.01661357,
2.245313e-06,
0,
1.401298e-45,
0,
1.685189e-34,
0,
0,
0,
0,
1999, 
0,
0,
0.2147006,
0,
0.4621735,
0.297316,
0.003130986,
0.00605867,
0.005788993,
6.352747e-22,
0.001382117,
0,
0,
0,
0,
0.009173855,
6.465939e-13,
1.409463e-18,
0.0002753682,
5.522026e-30,
0,
0,
0,
0,
0,
0,
0,
0.3686398,
0,
0.4185023,
0.2037736,
0.006294209,
0.001136473,
0.000861329,
0,
0.0003194379,
0,
0,
0,
0,
0.0003189699,
1.276756e-15,
0,
0.0001538131,
0,
7.23783e-25,
0,
0,
0,
0,
0,
0,
0.311278,
4.963084e-24,
0.4447243,
0.2393139,
0,
0.002131296,
0.001758804,
0,
3.903788e-06,
0,
0,
0,
1.401298e-45,
0.0007898727,
0,
2.270048e-19,
0,
4.701977e-38,
0,
1.028558e-38,
0,
0,
0,
0,
0,
0.2059048,
1.185846e-20,
0.4651572,
0.3060127,
0,
0.007021225,
0.006873539,
0,
0,
0,
0,
0,
0,
0.009030264,
3.392895e-07,
0,
0,
0,
7.395571e-32,
2.696302e-33,
0,
0,
0,
0,
0,
0.09502254,
2.168404e-19,
0.342462,
0.2761918,
0.1347183,
0.01654321,
0.01932291,
2.602085e-18,
0.002458781,
3.686287e-18,
5.605194e-45,
0,
0,
0.07656247,
0.0001031273,
1.804112e-15,
0.03656768,
4.717681e-05,
0,
1.767048e-28,
0,
0,
0,
0,
0,
0.3110309,
3.877409e-26,
0.4293157,
0.2286986,
0.0001670178,
0.002034203,
0.001693147,
0,
0.02594292,
0,
0,
0,
5.605194e-45,
0.001072775,
0,
0,
4.468056e-05,
3.214242e-40,
0,
0,
0,
0,
0,
0,
0,
0.613905,
0,
0.2916134,
0.0943036,
0,
0.0001055118,
6.613935e-05,
1.848893e-32,
0,
0,
0,
0,
0,
6.35355e-06,
1.084202e-18,
0,
0,
0,
0,
0,
0,
0,
0,
0,
0,
0.2172349,
0,
0.4654122,
0.2992854,
0,
0.006195976,
0.005959369,
0,
0,
0,
0,
0,
0,
0.005912085,
1.37574e-07,
0,
0,
6.887662e-41,
0,
1.128474e-36,
0,
0,
0,
0,
0,
0.1934276,
0,
0.4656621,
0.3151208,
0,
0.008285225,
0.008317853,
0,
0,
0,
0,
0,
0,
0.009186059,
3.326906e-07,
0,
0,
0,
0,
1.92593e-34,
0,
0,
0,
0,
0,
0.09625426,
0,
0.388865,
0.3301921,
0,
0.02533232,
0.03088244,
2.168404e-19,
0,
0,
0,
0,
0,
0.1282091,
0.0002648843,
2.509104e-14,
8.22846e-38,
9.860761e-32,
0,
1.21169e-27,
0,
0,
0,
0,
0,
0.06033956,
0,
0.2975164,
0.2746226,
0.0007178974,
0.03105781,
0.04085113,
0,
0.000827495,
3.035766e-18,
7.006492e-45,
2.057115e-38,
0,
0.2903958,
0.002370704,
7.181942e-07,
0.001288003,
1.181237e-05,
1.665334e-16,
8.835242e-29,
0,
0,
0,
0,
0,
0.04793104,
0,
0.2644749,
0.2522314,
0.0007164949,
0.03200758,
0.04359691,
1.332268e-15,
0.0008720024,
4.203895e-45,
0,
0,
1.514613e-28,
0.3533428,
0.003853576,
2.380921e-06,
0.0009612449,
9.719321e-06,
3.308723e-24,
0,
0,
0,
0,
0,
0,
0.007174578,
0,
0.09875082,
0.1056342,
0,
0.01198432,
0.02046366,
4.263256e-14,
0.0001707829,
1.004451e-41,
0,
0,
3.231174e-26,
0.742627,
0.0131844,
1.018084e-05,
1.654361e-24,
5.082198e-21,
0,
1.694066e-21,
0,
0,
0,
0,
0,
0.1666669,
1.355253e-20,
0.4522398,
0.3222919,
0,
0.01074363,
0.0112447,
0,
0.01647151,
0,
2.802597e-45,
0,
0,
0.02033815,
3.413995e-06,
3.434753e-16,
1.469368e-39,
0,
3.451267e-31,
0,
0,
0,
0,
0,
0,
0.2318265,
8.470329e-22,
0.4590994,
0.2853163,
0,
0.00504073,
0.004712726,
0,
0.009338632,
0,
0,
0,
0,
0.004665584,
9.285383e-08,
2.558717e-17,
0,
0,
5.77779e-34,
0,
0,
0,
0,
0,
0,
0.1890789,
4.235165e-22,
0.4595676,
0.3121132,
0,
0.008298604,
0.008338853,
1.482308e-21,
0.01027334,
0,
0,
0,
2.690493e-43,
0.01232862,
8.105155e-07,
0,
3.923636e-44,
0,
4.212972e-35,
0,
0,
0,
0,
0,
0,
0.7644395,
0,
0.1887185,
0.04680355,
0,
2.412851e-05,
1.35572e-05,
0,
0,
0,
0,
0,
0,
7.788095e-07,
1.262177e-29,
7.006492e-45,
0,
0,
0,
0,
0,
0,
0,
0,
0,
0.1719788,
0,
0.4585076,
0.3247336,
0,
0.01065462,
0.01114781,
1.897354e-19,
0.0005570163,
0,
9.809089e-45,
0,
2.350989e-38,
0.02241565,
4.936403e-06,
1.665335e-16,
0,
8.874685e-31,
7.888609e-31,
3.944304e-31,
0,
0,
0,
0,
0,
0.03408843,
0,
0.237192,
0.231063,
0,
0.02700891,
0.03881881,
1.065814e-14,
0,
0,
0,
0,
0,
0.4276431,
0.004183696,
2.047895e-06,
1.809458e-25,
0,
1.482308e-21,
7.940934e-23,
0,
0,
0,
0,
0,
0.148693,
0,
0.4461645,
0.3324039,
0,
0.01370721,
0.01492007,
0,
0.0006832866,
0,
0,
0,
0,
0.04340881,
1.910676e-05,
8.881784e-16,
0,
2.208811e-29,
0,
3.029226e-28,
0,
0,
0,
0,
0,
0.2803872,
2.019484e-27,
0.4543804,
0.2580123,
0,
0.002907586,
0.002493225,
9.693523e-27,
0.0002528795,
0,
0,
0,
0,
0.001566421,
0,
3.771944e-22,
2.802597e-45,
0,
1.43493e-41,
0,
0,
0,
0,
0,
0,
0.4011952,
0,
0.407888,
0.188447,
0,
0.0008001596,
0.0005753151,
0,
0.0009969586,
0,
0,
0,
0,
9.735809e-05,
0,
0,
0,
0,
5.605194e-45,
0,
0,
0,
0,
0,
0,
0.06211727,
2.081668e-17,
0.3073053,
0.2850814,
0,
0.03330559,
0.04390503,
0,
0.0001061684,
0,
1.83671e-40,
0,
1.577722e-30,
0.2662818,
0.001897078,
3.487764e-07,
0,
1.033976e-24,
2.895132e-24,
1.240771e-24,
0,
0,
0,
0,
0,
0.1059657,
0,
0.4056824,
0.3363602,
0,
0.02300743,
0.02745814,
2.428613e-17,
0.002358268,
0,
0,
0,
5.392604e-33,
0.09903587,
0.0001319654,
1.554312e-15,
0,
0,
0,
0,
0,
0,
0,
0,
0,
0.1984047,
3.388132e-21,
0.4626681,
0.3091397,
0,
0.007737464,
0.007713771,
0,
0.003407597,
0,
0,
0,
0,
0.01092792,
7.339949e-07,
0,
4.591775e-40,
0,
0,
0,
0,
0,
0,
0,
0,
0.1485545,
2.964616e-21,
0.4584834,
0.3459002,
0,
0.01515736,
0.0166849,
2.371692e-20,
0,
0,
7.006492e-45,
0,
1.469368e-38,
0.01521789,
1.766302e-06,
0,
1.401298e-45,
0,
1.685189e-34,
0,
0,
0,
0,
2000, 
0,
0,
0.2168859,
0,
0.4618824,
0.2957743,
0.003460537,
0.005905475,
0.005622867,
6.352747e-22,
0.001454132,
0,
0,
0,
0,
0.0087147,
6.465939e-13,
1.409463e-18,
0.0002997584,
5.522026e-30,
0,
0,
0,
0,
0,
0,
0,
0.3776434,
0,
0.4139004,
0.1984495,
0.007167973,
0.00103601,
0.0007772321,
0,
0.0006011509,
0,
0,
0,
0,
0.000274305,
1.276757e-15,
0,
0.0001500204,
0,
7.237831e-25,
0,
0,
0,
0,
0,
0,
0.3159107,
4.963084e-24,
0.443258,
0.236428,
0,
0.001999318,
0.001630819,
0,
9.92126e-05,
0,
0,
0,
1.401298e-45,
0.0006739942,
0,
2.270048e-19,
0,
4.701977e-38,
0,
1.028558e-38,
0,
0,
0,
0,
0,
0.2091194,
1.185846e-20,
0.4654351,
0.3040679,
0,
0.006719533,
0.006527137,
0,
0,
0,
0,
0,
0,
0.008130748,
1.678286e-07,
0,
0,
0,
7.395571e-32,
2.696302e-33,
0,
0,
0,
0,
0,
0.09901308,
2.168404e-19,
0.3518378,
0.282183,
0.1227371,
0.01649047,
0.01915462,
2.602085e-18,
0.004928453,
3.686287e-18,
5.605194e-45,
0,
0,
0.07173037,
8.641909e-05,
1.804112e-15,
0.03180093,
3.773415e-05,
0,
1.767048e-28,
0,
0,
0,
0,
0,
0.3206255,
3.877409e-26,
0.4241087,
0.221636,
0.000137617,
0.001790173,
0.00146238,
0,
0.02935773,
0,
0,
0,
5.605194e-45,
0.000845984,
0,
0,
3.584236e-05,
3.214242e-40,
0,
0,
0,
0,
0,
0,
0,
0.6375747,
0,
0.2768042,
0.08549792,
0,
7.461943e-05,
4.502519e-05,
1.848893e-32,
0,
0,
0,
0,
0,
3.53344e-06,
1.084202e-18,
0,
0,
0,
0,
0,
0,
0,
0,
0,
0,
0.2215921,
0,
0.4653112,
0.2964683,
0,
0.005847964,
0.005569881,
0,
0,
0,
0,
0,
0,
0.005210521,
6.192079e-08,
0,
0,
6.887662e-41,
0,
1.128474e-36,
0,
0,
0,
0,
0,
0.1974331,
0,
0.4660147,
0.3125742,
0,
0.007862117,
0.007825753,
0,
0,
0,
0,
0,
0,
0.008289821,
1.946508e-07,
0,
0,
0,
0,
1.92593e-34,
0,
0,
0,
0,
0,
0.09820547,
0,
0.3925983,
0.3318584,
0,
0.02493987,
0.03029386,
2.168404e-19,
0,
0,
0,
0,
0,
0.1218675,
0.0002366105,
2.509104e-14,
8.22846e-38,
9.860761e-32,
0,
1.21169e-27,
0,
0,
0,
0,
0,
0.06185573,
0,
0.3015877,
0.2772655,
0.001014875,
0.03084346,
0.04042124,
0,
0.001000463,
3.035766e-18,
7.006492e-45,
2.057115e-38,
0,
0.2820889,
0.002209127,
6.034989e-07,
0.001698264,
1.423016e-05,
1.665335e-16,
8.835242e-29,
0,
0,
0,
0,
0,
0.04940877,
0,
0.2688329,
0.2557474,
0.001068968,
0.0323369,
0.04388166,
1.332268e-15,
0.0005497364,
4.203895e-45,
0,
0,
1.514613e-28,
0.3431973,
0.003612588,
2.165461e-06,
0.001348608,
1.294526e-05,
3.308722e-24,
0,
0,
0,
0,
0,
0,
0.007071713,
0,
0.09877041,
0.1056076,
0,
0.01177712,
0.02016307,
4.263256e-14,
0.0001707829,
1.004451e-41,
0,
0,
3.231174e-26,
0.7436924,
0.01273768,
9.233536e-06,
1.654361e-24,
5.082198e-21,
0,
1.694066e-21,
0,
0,
0,
0,
0,
0.169661,
1.355253e-20,
0.4556504,
0.3232117,
0,
0.01052379,
0.0109643,
0,
0.01118773,
0,
2.802597e-45,
0,
0,
0.01879851,
2.694992e-06,
3.434752e-16,
1.469368e-39,
0,
3.451266e-31,
0,
0,
0,
0,
0,
0,
0.2384357,
8.470329e-22,
0.4598574,
0.2824482,
0,
0.00470978,
0.004354859,
0,
0.006294957,
0,
0,
0,
0,
0.0038991,
4.402066e-08,
2.558717e-17,
0,
0,
5.77779e-34,
0,
0,
0,
0,
0,
0,
0.1915725,
4.235165e-22,
0.46169,
0.3122775,
0,
0.008116291,
0.008116385,
1.482308e-21,
0.007115426,
0,
0,
0,
2.690493e-43,
0.01111143,
4.991749e-07,
0,
3.923636e-44,
0,
4.212972e-35,
0,
0,
0,
0,
0,
0,
0.7865743,
0,
0.1732583,
0.04012576,
0,
1.569275e-05,
8.592807e-06,
0,
1.681417e-05,
0,
0,
0,
0,
4.608178e-07,
1.262177e-29,
7.006492e-45,
0,
0,
0,
0,
0,
0,
0,
0,
0,
0.1757605,
0,
0.4581383,
0.3212534,
0.002037532,
0.010048,
0.01042064,
1.897354e-19,
0.001772125,
0,
9.809089e-45,
0,
2.350989e-38,
0.01985783,
3.678936e-06,
1.665334e-16,
0.0007079445,
8.874685e-31,
7.888609e-31,
3.944304e-31,
0,
0,
0,
0,
0,
0.03422558,
0,
0.2379071,
0.2313933,
0,
0.0267777,
0.03845293,
1.065814e-14,
0,
0,
0,
0,
0,
0.4271185,
0.004122925,
1.966974e-06,
1.809458e-25,
0,
1.482308e-21,
7.940934e-23,
0,
0,
0,
0,
0,
0.1508994,
0,
0.4477628,
0.331913,
0,
0.01334265,
0.01445147,
0,
0.0008472678,
0,
0,
0,
0,
0.04076724,
1.604237e-05,
8.881784e-16,
0,
2.208811e-29,
0,
3.029226e-28,
0,
0,
0,
0,
0,
0.2829257,
2.019484e-27,
0.4536541,
0.2564235,
0,
0.002829623,
0.002417394,
9.693523e-27,
0.0002345153,
0,
0,
0,
0,
0.001515095,
0,
3.771944e-22,
2.802597e-45,
0,
1.43493e-41,
0,
0,
0,
0,
0,
0,
0.4016474,
0,
0.407716,
0.1882271,
0,
0.0007949086,
0.0005707397,
0,
0.0009435868,
0,
0,
0,
0,
0.0001001886,
0,
0,
0,
0,
5.605194e-45,
0,
0,
0,
0,
0,
0,
0.06329478,
2.081668e-17,
0.3106704,
0.2872661,
0,
0.03306468,
0.04346114,
0,
0.0001586339,
0,
1.83671e-40,
0,
1.577722e-30,
0.2603015,
0.001782496,
2.712968e-07,
0,
1.033976e-24,
2.895132e-24,
1.240771e-24,
0,
0,
0,
0,
0,
0.1070551,
0,
0.4069115,
0.3363296,
0,
0.02267677,
0.02699441,
2.428613e-17,
0.003151909,
0,
0,
0,
5.392604e-33,
0.09675563,
0.0001250689,
1.554312e-15,
0,
0,
0,
0,
0,
0,
0,
0,
0,
0.2032672,
3.388132e-21,
0.4616412,
0.3048727,
0,
0.007215633,
0.007119912,
0,
0.006363722,
0,
0,
0,
0,
0.009519226,
4.836658e-07,
0,
4.591775e-40,
0,
0,
0,
0,
0,
0,
0,
0,
0.1513804,
2.964615e-21,
0.4597714,
0.3444731,
0,
0.01461831,
0.01599987,
2.371692e-20,
0,
0,
7.006492e-45,
0,
1.469368e-38,
0.01375558,
1.312928e-06,
0,
1.401298e-45,
0,
1.685189e-34,
0,
0,
0,
0,
2001, 
0,
0,
0.2193044,
0,
0.4618405,
0.2943265,
0.003492413,
0.005748594,
0.005452364,
6.352747e-22,
0.001293735,
0,
0,
0,
0,
0.008239389,
6.465939e-13,
1.409463e-18,
0.0003021613,
5.522026e-30,
0,
0,
0,
0,
0,
0,
0,
0.3862989,
0,
0.4098096,
0.1935596,
0.007509749,
0.000942021,
0.0006984753,
0,
0.0008065505,
0,
0,
0,
0,
0.0002324446,
1.276756e-15,
0,
0.000142643,
0,
7.23783e-25,
0,
0,
0,
0,
0,
0,
0.3197109,
4.963084e-24,
0.4419853,
0.2340514,
0,
0.00189691,
0.001532458,
0,
0.0002318165,
0,
0,
0,
1.401298e-45,
0.0005911518,
0,
2.270048e-19,
0,
4.701977e-38,
0,
1.028558e-38,
0,
0,
0,
0,
0,
0.2118308,
1.185846e-20,
0.4655973,
0.3023934,
0,
0.006474122,
0.006247337,
0,
0,
0,
0,
0,
0,
0.007456964,
6.270097e-08,
0,
0,
0,
7.395571e-32,
2.696302e-33,
0,
0,
0,
0,
0,
0.1025704,
2.168404e-19,
0.3601964,
0.2874998,
0.110305,
0.01643234,
0.01899355,
2.602085e-18,
0.009050837,
3.686287e-18,
5.605194e-45,
0,
0,
0.06737286,
7.200962e-05,
1.804112e-15,
0.02747664,
3.021584e-05,
0,
1.767049e-28,
0,
0,
0,
0,
0,
0.3291567,
3.877409e-26,
0.4189372,
0.2150655,
0.0001082907,
0.001580528,
0.001266329,
0,
0.03319405,
0,
0,
0,
5.605194e-45,
0.0006641687,
0,
0,
2.721402e-05,
3.214242e-40,
0,
0,
0,
0,
0,
0,
0,
0.6568048,
0,
0.2615055,
0.07716603,
0,
5.055872e-05,
2.888277e-05,
1.848893e-32,
0.004442654,
0,
0,
0,
0,
1.589081e-06,
1.084202e-18,
0,
0,
0,
0,
0,
0,
0,
0,
0,
0,
0.2256089,
0,
0.4651163,
0.2938465,
0,
0.005544232,
0.005232936,
0,
0,
0,
0,
0,
0,
0.004651189,
1.717816e-08,
0,
0,
6.887662e-41,
0,
1.128475e-36,
0,
0,
0,
0,
0,
0.2012562,
0,
0.4662512,
0.3101115,
0,
0.007476801,
0.007380968,
0,
0,
0,
0,
0,
0,
0.007523228,
9.413778e-08,
0,
0,
0,
0,
1.92593e-34,
0,
0,
0,
0,
0,
0.1003935,
0,
0.3965938,
0.3335186,
0,
0.02448083,
0.02961278,
2.168404e-19,
0,
0,
0,
0,
0,
0.1151923,
0.0002080968,
2.509104e-14,
8.22846e-38,
9.860761e-32,
0,
1.21169e-27,
0,
0,
0,
0,
0,
0.06357156,
0,
0.3061777,
0.2802163,
0.001313759,
0.03058398,
0.03991559,
0,
0.001180933,
3.035766e-18,
7.006492e-45,
2.057115e-38,
0,
0.2728896,
0.002033429,
4.888036e-07,
0.002100183,
1.642342e-05,
1.665335e-16,
8.835242e-29,
0,
0,
0,
0,
0,
0.05087087,
0,
0.2730665,
0.2590883,
0.001209629,
0.03259682,
0.04406969,
1.332268e-15,
0.001135882,
4.203895e-45,
0,
0,
1.514613e-28,
0.3330743,
0.00337459,
1.95192e-06,
0.001497403,
1.407057e-05,
3.308722e-24,
0,
0,
0,
0,
0,
0,
0.00702017,
0,
0.09903166,
0.105811,
0,
0.01162503,
0.0199363,
4.263256e-14,
0.0001659503,
1.004451e-41,
0,
0,
3.231174e-26,
0.744068,
0.01233345,
8.399419e-06,
1.654361e-24,
5.082198e-21,
0,
1.694066e-21,
0,
0,
0,
0,
0,
0.1723459,
1.355253e-20,
0.45846,
0.3238026,
0,
0.0103163,
0.0107028,
0,
0.007015851,
0,
2.802597e-45,
0,
0,
0.01735452,
2.098441e-06,
3.434752e-16,
1.469368e-39,
0,
3.451266e-31,
0,
0,
0,
0,
0,
0,
0.2444955,
8.470329e-22,
0.4599144,
0.2793435,
0,
0.004405551,
0.0040297,
0,
0.004570134,
0,
0,
0,
0,
0.00324132,
1.263247e-08,
2.558717e-17,
0,
0,
5.77779e-34,
0,
0,
0,
0,
0,
0,
0.1935566,
4.235165e-22,
0.4633775,
0.3124147,
0,
0.00797455,
0.007943775,
1.482308e-21,
0.004652221,
0,
0,
0,
2.690493e-43,
0.01008035,
2.691969e-07,
0,
3.923636e-44,
0,
4.212972e-35,
0,
0,
0,
0,
0,
0,
0.8060045,
0,
0.1595543,
0.03438771,
0,
9.050592e-06,
4.716279e-06,
0,
3.948961e-05,
0,
0,
0,
0,
2.138509e-07,
1.262177e-29,
7.006492e-45,
0,
0,
0,
0,
0,
0,
0,
0,
0,
0.1793969,
0,
0.4577647,
0.3179402,
0.002706628,
0.009486435,
0.009750479,
1.897354e-19,
0.00446444,
0,
9.809089e-45,
0,
2.350989e-38,
0.01755767,
2.619943e-06,
1.665335e-16,
0.0009299061,
8.874685e-31,
7.888609e-31,
3.944305e-31,
0,
0,
0,
0,
0,
0.03441795,
0,
0.2387224,
0.2318156,
0,
0.0265823,
0.03812961,
1.065814e-14,
0,
0,
0,
0,
0,
0.4262645,
0.004065806,
1.884269e-06,
1.809458e-25,
0,
1.482308e-21,
7.940934e-23,
0,
0,
0,
0,
0,
0.1528576,
0,
0.4488515,
0.331151,
0,
0.01299987,
0.01401557,
0,
0.001761237,
0,
0,
0,
0,
0.0383497,
1.350434e-05,
8.881784e-16,
0,
2.208811e-29,
0,
3.029226e-28,
0,
0,
0,
0,
0,
0.2855778,
2.019484e-27,
0.4528127,
0.2547122,
0,
0.00274872,
0.002339011,
9.693523e-27,
0.000348339,
0,
0,
0,
0,
0.001461206,
0,
3.771944e-22,
2.802597e-45,
0,
1.43493e-41,
0,
0,
0,
0,
0,
0,
0.4023956,
0,
0.4074171,
0.1878512,
0,
0.0007870693,
0.0005641047,
0,
0.000883043,
0,
0,
0,
0,
0.0001019934,
0,
0,
0,
0,
5.605194e-45,
0,
0,
0,
0,
0,
0,
0.0644456,
2.081668e-17,
0.3139385,
0.2893754,
0,
0.03282337,
0.04301883,
0,
0.0002361558,
0,
1.83671e-40,
0,
1.577722e-30,
0.2544911,
0.001670797,
1.938171e-07,
0,
1.033976e-24,
2.895132e-24,
1.240771e-24,
0,
0,
0,
0,
0,
0.1083723,
0,
0.4084151,
0.3363251,
0,
0.02229087,
0.02645402,
2.428613e-17,
0.004072836,
0,
0,
0,
5.392604e-33,
0.0939528,
0.0001169095,
1.554312e-15,
0,
0,
0,
0,
0,
0,
0,
0,
0,
0.2076253,
3.388132e-21,
0.4599959,
0.3004154,
0,
0.006726762,
0.00656758,
0,
0.01040659,
0,
0,
0,
0,
0.008262182,
2.795172e-07,
0,
4.591775e-40,
0,
0,
0,
0,
0,
0,
0,
0,
0.1542889,
2.964615e-21,
0.4609753,
0.3429109,
0,
0.01407148,
0.01530821,
2.371692e-20,
0,
0,
7.006492e-45,
0,
1.469368e-38,
0.01244425,
9.324499e-07,
0,
1.401298e-45,
0,
1.685189e-34,
0,
0,
0,
0,
2002, 
0,
0,
0.2210918,
0,
0.4618828,
0.2933068,
0.003492413,
0.00563135,
0.00532431,
6.352747e-22,
0.001111675,
0,
0,
0,
0,
0.007856705,
6.465939e-13,
1.409463e-18,
0.0003021613,
5.522026e-30,
0,
0,
0,
0,
0,
0,
0,
0.3918618,
0,
0.4067244,
0.1900634,
0.008673466,
0.0008730831,
0.000640079,
0,
0.0008150443,
0,
0,
0,
0,
0.0002003124,
1.276756e-15,
0,
0.000148481,
0,
7.23783e-25,
0,
0,
0,
0,
0,
0,
0.3212855,
4.963084e-24,
0.4414696,
0.2330433,
0,
0.001850943,
0.001488056,
0,
0.0003081202,
0,
0,
0,
1.401298e-45,
0.0005544923,
0,
2.270048e-19,
0,
4.701977e-38,
0,
1.028558e-38,
0,
0,
0,
0,
0,
0.2133072,
1.185846e-20,
0.4656892,
0.3014731,
0,
0.006337823,
0.006091887,
0,
0,
0,
0,
0,
0,
0.007100713,
1.455236e-08,
0,
0,
0,
7.395571e-32,
2.696302e-33,
0,
0,
0,
0,
0,
0.1020635,
2.168404e-19,
0.3559613,
0.2832939,
0.1200093,
0.01596382,
0.01839366,
2.602085e-18,
0.0141634,
3.686287e-18,
5.605194e-45,
0,
0,
0.06260414,
6.018799e-05,
1.804112e-15,
0.02745996,
2.679356e-05,
0,
1.767048e-28,
0,
0,
0,
0,
0,
0.3346599,
3.877409e-26,
0.4146285,
0.2100466,
7.881768e-05,
0.001429046,
0.001125711,
0,
0.03747188,
0,
0,
0,
5.605194e-45,
0.0005410139,
0,
0,
1.856927e-05,
3.214242e-40,
0,
0,
0,
0,
0,
0,
0,
0.6733144,
0,
0.2501107,
0.07085022,
0,
3.469209e-05,
1.860328e-05,
1.848893e-32,
0.005670828,
0,
0,
0,
0,
5.936467e-07,
1.084202e-18,
0,
0,
0,
0,
0,
0,
0,
0,
0,
0,
0.2281684,
0,
0.4649957,
0.2921619,
0,
0.005347875,
0.005015258,
0,
0,
0,
0,
0,
0,
0.004310962,
0,
0,
0,
6.887662e-41,
0,
1.128475e-36,
0,
0,
0,
0,
0,
0.2039067,
0,
0.4664133,
0.3083899,
0,
0.007207355,
0.007070248,
0,
0,
0,
0,
0,
0,
0.007012459,
3.570454e-08,
0,
0,
0,
0,
1.92593e-34,
0,
0,
0,
0,
0,
0.1023371,
0,
0.4001139,
0.3349571,
0,
0.02406616,
0.02899849,
2.168404e-19,
0,
0,
0,
0,
0,
0.1093441,
0.0001831828,
2.509104e-14,
8.22846e-38,
9.860761e-32,
0,
1.21169e-27,
0,
0,
0,
0,
0,
0.06513186,
0,
0.3102662,
0.2828,
0.001858853,
0.03032683,
0.03942196,
0,
0.001238797,
3.035766e-18,
7.006492e-45,
2.057115e-38,
0,
0.2642236,
0.001866261,
3.741082e-07,
0.002844346,
2.086599e-05,
1.665335e-16,
8.835242e-29,
0,
0,
0,
0,
0,
0.05213856,
0,
0.2767992,
0.2620699,
0.001166947,
0.0328482,
0.04427097,
1.332268e-15,
0.0009547676,
4.203895e-45,
0,
0,
1.514613e-28,
0.3251173,
0.003184503,
1.779502e-06,
0.001434511,
1.339497e-05,
3.308722e-24,
0,
0,
0,
0,
0,
0,
0.006966673,
0,
0.09910223,
0.1058327,
0,
0.01148641,
0.01972742,
4.263256e-14,
0.000155255,
1.004451e-41,
0,
0,
3.231174e-26,
0.7447039,
0.01201772,
7.734992e-06,
1.654361e-24,
5.082198e-21,
0,
1.694066e-21,
0,
0,
0,
0,
0,
0.1740963,
1.355253e-20,
0.4605877,
0.324484,
0,
0.01020289,
0.01055731,
0,
0.003815827,
0,
2.802597e-45,
0,
0,
0.01625439,
1.651709e-06,
3.434752e-16,
1.469368e-39,
0,
3.451266e-31,
0,
0,
0,
0,
0,
0,
0.2486389,
8.470329e-22,
0.4594077,
0.2767262,
0,
0.004177763,
0.003787741,
0,
0.004522499,
0,
0,
0,
0,
0.002739311,
1.175948e-12,
2.558717e-17,
0,
0,
5.77779e-34,
0,
0,
0,
0,
0,
0,
0.1944888,
4.235165e-22,
0.4646501,
0.3129331,
0,
0.007932459,
0.007888866,
1.482308e-21,
0.002727949,
0,
0,
0,
2.690493e-43,
0.009378617,
1.261532e-07,
0,
3.923636e-44,
0,
4.212972e-35,
0,
0,
0,
0,
0,
0,
0.8204874,
0,
0.1493444,
0.03011447,
0,
4.617285e-06,
2.196678e-06,
0,
4.683518e-05,
0,
0,
0,
0,
6.521195e-08,
1.262177e-29,
7.006492e-45,
0,
0,
0,
0,
0,
0,
0,
0,
0,
0.1819607,
0,
0.4569708,
0.31505,
0.002838713,
0.009043579,
0.009223624,
1.897354e-19,
0.00817927,
0,
9.809089e-45,
0,
2.350989e-38,
0.01575866,
1.824251e-06,
1.665334e-16,
0.0009728274,
8.874685e-31,
7.888609e-31,
3.944304e-31,
0,
0,
0,
0,
0,
0.03445778,
0,
0.2386718,
0.2315232,
1.047418e-05,
0.02638326,
0.03781522,
1.065814e-14,
0.0007419027,
0,
0,
0,
0,
0.4263306,
0.004053323,
1.842366e-06,
1.056321e-05,
0,
1.482308e-21,
7.940933e-23,
0,
0,
0,
0,
0,
0.1541182,
0,
0.4494163,
0.330513,
0,
0.01276447,
0.01371743,
0,
0.002829522,
0,
0,
0,
0,
0.03662915,
1.182484e-05,
8.881784e-16,
0,
2.208811e-29,
0,
3.029226e-28,
0,
0,
0,
0,
0,
0.287007,
2.019484e-27,
0.4522749,
0.2537024,
0,
0.00270057,
0.002292123,
9.693523e-27,
0.0005846478,
0,
0,
0,
0,
0.001438312,
0,
3.771944e-22,
2.802597e-45,
0,
1.43493e-41,
0,
0,
0,
0,
0,
0,
0.4015452,
0,
0.4078468,
0.1883227,
0,
0.0007930241,
0.0005685398,
0,
0.0008167291,
0,
0,
0,
0,
0.0001070745,
0,
0,
0,
0,
5.605194e-45,
0,
0,
0,
0,
0,
0,
0.06528194,
2.081668e-17,
0.3162851,
0.2908785,
0,
0.03264076,
0.04268309,
0,
0.0003526961,
0,
1.83671e-40,
0,
1.577722e-30,
0.2502917,
0.00158613,
1.265738e-07,
0,
1.033976e-24,
2.895132e-24,
1.240771e-24,
0,
0,
0,
0,
0,
0.1096919,
0,
0.4101847,
0.3366309,
0,
0.0219535,
0.02597711,
2.428613e-17,
0.003991949,
0,
0,
0,
5.392604e-33,
0.09146043,
0.0001094526,
1.554312e-15,
0,
0,
0,
0,
0,
0,
0,
0,
0,
0.2104065,
3.388132e-21,
0.4577469,
0.2963978,
0,
0.006340138,
0.006132686,
0,
0.01567576,
0,
0,
0,
0,
0.007300042,
1.381761e-07,
0,
4.591775e-40,
0,
0,
0,
0,
0,
0,
0,
0,
0.1565714,
2.964615e-21,
0.4618971,
0.3416472,
0,
0.01363342,
0.01475377,
2.371692e-20,
0,
0,
7.006492e-45,
0,
1.469368e-38,
0.0114965,
6.515828e-07,
0,
1.401298e-45,
0,
1.685189e-34,
0,
0,
0,
0,
2003, 
0,
0,
0.222531,
0,
0.4619692,
0.2925315,
0.003378874,
0.005538723,
0.005223,
6.352747e-22,
0.001000774,
0,
0,
0,
0,
0.00753453,
6.465939e-13,
1.409463e-18,
0.0002923376,
5.522026e-30,
0,
0,
0,
0,
0,
0,
0,
0.3949996,
0,
0.4036341,
0.1871531,
0.01147278,
0.0008215692,
0.0005965425,
0,
0.0009603282,
0,
0,
0,
0,
0.0001767691,
1.276756e-15,
0,
0.0001851448,
0,
7.23783e-25,
0,
0,
0,
0,
0,
0,
0.3218276,
4.963084e-24,
0.4412912,
0.2326918,
0,
0.001834951,
0.001472669,
0,
0.0003392709,
0,
0,
0,
1.401298e-45,
0.0005424878,
0,
2.270048e-19,
0,
4.701977e-38,
0,
1.028558e-38,
0,
0,
0,
0,
0,
0.2139739,
1.185846e-20,
0.4657266,
0.3010534,
0,
0.006276525,
0.006022183,
0,
0,
0,
0,
0,
0,
0.00694736,
9.281464e-13,
0,
0,
0,
7.395571e-32,
2.696302e-33,
0,
0,
0,
0,
0,
0.1027619,
2.168404e-19,
0.3566312,
0.2831958,
0.117767,
0.01577738,
0.01813613,
2.602085e-18,
0.02051513,
3.686287e-18,
5.605194e-45,
0,
0,
0.05950893,
5.192046e-05,
1.804112e-15,
0.02563163,
2.300803e-05,
0,
1.767048e-28,
0,
0,
0,
0,
0,
0.3357041,
3.877409e-26,
0.4075691,
0.2043912,
5.947824e-05,
0.001310208,
0.001018623,
0,
0.04947618,
0,
0,
0,
5.605194e-45,
0.0004575576,
0,
0,
1.344738e-05,
3.214242e-40,
0,
0,
0,
0,
0,
0,
0,
0.6885238,
0,
0.2391581,
0.06523841,
0,
2.518314e-05,
1.287071e-05,
1.848893e-32,
0.00704131,
0,
0,
0,
0,
2.349175e-07,
1.084202e-18,
0,
0,
0,
0,
0,
0,
0,
0,
0,
0,
0.2300895,
0,
0.4648607,
0.2908895,
0,
0.005209575,
0.004863674,
0,
0,
0,
0,
0,
0,
0.004087048,
0,
0,
0,
6.887662e-41,
0,
1.128475e-36,
0,
0,
0,
0,
0,
0.206059,
0,
0.4664984,
0.306982,
0,
0.006999903,
0.006833229,
0,
0,
0,
0,
0,
0,
0.006627417,
9.935947e-09,
0,
0,
0,
0,
1.92593e-34,
0,
0,
0,
0,
0,
0.1042294,
0,
0.4034117,
0.3362185,
0,
0.02365198,
0.0283899,
2.168404e-19,
0,
0,
0,
0,
0,
0.1039371,
0.0001614567,
2.509104e-14,
8.22846e-38,
9.860761e-32,
0,
1.21169e-27,
0,
0,
0,
0,
0,
0.06663895,
0,
0.3142684,
0.2853616,
0.002149598,
0.03009522,
0.03897053,
0,
0.001311393,
3.035766e-18,
7.006492e-45,
2.057115e-38,
0,
0.2562359,
0.001711224,
2.711398e-07,
0.003233916,
2.303212e-05,
1.665335e-16,
8.835242e-29,
0,
0,
0,
0,
0,
0.05320957,
0,
0.2798384,
0.2644488,
0.001259361,
0.0330274,
0.04439171,
1.332268e-15,
0.0008712054,
4.203895e-45,
0,
0,
1.514613e-28,
0.3182458,
0.003025247,
1.637042e-06,
0.001664914,
1.59306e-05,
3.308722e-24,
0,
0,
0,
0,
0,
0,
0.007118989,
0,
0.1001444,
0.1068448,
0,
0.01164102,
0.01994207,
4.263256e-14,
0.0001559083,
1.004451e-41,
0,
0,
3.231174e-26,
0.7421641,
0.01198113,
7.706918e-06,
1.654361e-24,
5.082198e-21,
0,
1.694066e-21,
0,
0,
0,
0,
0,
0.1749901,
1.355253e-20,
0.461423,
0.324577,
0,
0.01012562,
0.01046097,
0,
0.003060233,
0,
2.802597e-45,
0,
0,
0.01536167,
1.317511e-06,
3.434752e-16,
1.469368e-39,
0,
3.451266e-31,
0,
0,
0,
0,
0,
0,
0.2521285,
8.470329e-22,
0.4588236,
0.2744346,
0,
0.003994144,
0.003594933,
0,
0.004673507,
0,
0,
0,
0,
0.002350757,
1.175948e-12,
2.558717e-17,
0,
0,
5.777789e-34,
0,
0,
0,
0,
0,
0,
0.1947236,
4.235165e-22,
0.4654207,
0.3134931,
0,
0.007946219,
0.007901371,
1.482308e-21,
0.001599936,
0,
0,
0,
2.690493e-43,
0.008914996,
5.164684e-08,
0,
3.923636e-44,
0,
4.212972e-35,
0,
0,
0,
0,
0,
0,
0.8316902,
0,
0.1413091,
0.02693197,
0,
2.257704e-06,
9.459047e-07,
0,
6.548577e-05,
0,
0,
0,
0,
1.339392e-08,
1.262177e-29,
7.006492e-45,
0,
0,
0,
0,
0,
0,
0,
0,
0,
0.1840961,
0,
0.4561347,
0.3125009,
0.002840537,
0.008678135,
0.008792079,
1.897354e-19,
0.01164936,
0,
9.809089e-45,
0,
2.350989e-38,
0.01433261,
1.280346e-06,
1.665335e-16,
0.0009742629,
8.874685e-31,
7.888609e-31,
3.944305e-31,
0,
0,
0,
0,
0,
0.03477518,
0,
0.2382354,
0.2309676,
2.549511e-05,
0.02650488,
0.03789413,
1.065814e-14,
0.001868566,
0,
0,
0,
0,
0.425525,
0.004165741,
1.998289e-06,
3.571982e-05,
3.138559e-07,
1.482308e-21,
7.940934e-23,
0,
0,
0,
0,
0,
0.1546336,
0,
0.4487223,
0.3292684,
0,
0.01257335,
0.01348224,
0,
0.006004352,
0,
0,
0,
0,
0.035305,
1.0742e-05,
8.881784e-16,
0,
2.208811e-29,
0,
3.029226e-28,
0,
0,
0,
0,
0,
0.288027,
2.019484e-27,
0.4518189,
0.252923,
0,
0.002664643,
0.002257193,
9.693523e-27,
0.0008859212,
0,
0,
0,
0,
0.001423327,
0,
3.771944e-22,
2.802597e-45,
0,
1.43493e-41,
0,
0,
0,
0,
0,
0,
0.4007754,
0,
0.4082544,
0.1887639,
0,
0.0007984928,
0.0005725864,
0,
0.0007238312,
0,
0,
0,
0,
0.0001114109,
0,
0,
0,
0,
5.605194e-45,
0,
0,
0,
0,
0,
0,
0.06590413,
2.081668e-17,
0.3180313,
0.2919964,
0,
0.03250305,
0.04242992,
0,
0.0004471793,
0,
1.83671e-40,
0,
1.577722e-30,
0.2471661,
0.001521952,
7.360131e-08,
0,
1.033976e-24,
2.895132e-24,
1.240771e-24,
0,
0,
0,
0,
0,
0.1108147,
0,
0.4111156,
0.3362237,
0.0007550007,
0.02156853,
0.02544503,
2.428613e-17,
0.003835383,
0,
0,
0,
5.392604e-33,
0.08872098,
0.0001019578,
1.554312e-15,
0.001416416,
2.69921e-06,
0,
0,
0,
0,
0,
0,
0,
0.2125773,
3.388132e-21,
0.4556884,
0.2930018,
0,
0.006033052,
0.005789793,
0,
0.02034152,
0,
0,
0,
0,
0.006568146,
5.787326e-08,
0,
4.591775e-40,
0,
0,
0,
0,
0,
0,
0,
0,
0.1586247,
2.964615e-21,
0.4626235,
0.3404265,
0,
0.01324423,
0.01426399,
2.371692e-20,
0,
0,
7.006492e-45,
0,
1.469368e-38,
0.01081667,
4.655743e-07,
0,
1.401298e-45,
0,
1.685189e-34,
0,
0,
0,
0,
2004, 
0,
0,
0.2233593,
0,
0.4620534,
0.2921093,
0.003285393,
0.005484813,
0.005163732,
6.352748e-22,
0.0009471046,
0,
0,
0,
0,
0.007309011,
6.465939e-13,
1.409463e-18,
0.0002879375,
5.522027e-30,
0,
0,
0,
0,
0,
0,
0,
0.3961352,
0,
0.4012755,
0.1852044,
0.01455386,
0.0007892642,
0.0005691592,
0,
0.001068747,
0,
0,
0,
0,
0.0001619267,
1.276756e-15,
0,
0.0002420088,
0,
7.23783e-25,
0,
0,
0,
0,
0,
0,
0.3211987,
4.963084e-24,
0.4415169,
0.2330642,
0,
0.001847343,
0.001483979,
0,
0.000338916,
0,
0,
0,
1.401298e-45,
0.0005499538,
0,
2.270048e-19,
0,
4.701977e-38,
0,
1.028558e-38,
0,
0,
0,
0,
0,
0.2135739,
1.185846e-20,
0.4657257,
0.3013021,
0,
0.006306548,
0.006055332,
0,
0,
0,
0,
0,
0,
0.007036386,
9.281464e-13,
0,
0,
0,
7.395571e-32,
2.696302e-33,
0,
0,
0,
0,
0,
0.1028087,
2.168404e-19,
0.3558002,
0.2821674,
0.120748,
0.01561178,
0.01792067,
2.602085e-18,
0.02267629,
3.686287e-18,
5.605194e-45,
0,
0,
0.05712975,
4.616164e-05,
1.804112e-15,
0.02507007,
2.1002e-05,
0,
1.767048e-28,
0,
0,
0,
0,
0,
0.3374702,
3.877409e-26,
0.4042767,
0.2013508,
4.320883e-05,
0.001237313,
0.0009527527,
0,
0.05425343,
0,
0,
0,
5.605194e-45,
0.0004061503,
0,
0,
9.370758e-06,
3.214242e-40,
0,
0,
0,
0,
0,
0,
0,
0.7029551,
0,
0.2290925,
0.06033427,
0,
1.907874e-05,
9.405617e-06,
1.848892e-32,
0.007589493,
0,
0,
0,
0,
9.222566e-08,
1.084202e-18,
0,
0,
0,
0,
0,
0,
0,
0,
0,
0,
0.2311111,
0,
0.4647929,
0.2902155,
0,
0.005136399,
0.004783608,
0,
0,
0,
0,
0,
0,
0.003960518,
0,
0,
0,
6.887662e-41,
0,
1.128475e-36,
0,
0,
0,
0,
0,
0.2075456,
0,
0.4665497,
0.3060083,
0,
0.006859014,
0.006672804,
0,
0,
0,
0,
0,
0,
0.006364536,
3.804068e-12,
0,
0,
0,
0,
1.92593e-34,
0,
0,
0,
0,
0,
0.1059133,
0,
0.4062689,
0.3372536,
0,
0.0232732,
0.02783602,
2.168404e-19,
0,
0,
0,
0,
0,
0.09931162,
0.000143343,
2.509104e-14,
8.22846e-38,
9.860761e-32,
0,
1.21169e-27,
0,
0,
0,
0,
0,
0.06784325,
0,
0.3172949,
0.2871881,
0.002871441,
0.02985463,
0.03852913,
0,
0.001326496,
3.035766e-18,
7.006492e-45,
2.057115e-38,
0,
0.2492217,
0.001577842,
1.837254e-07,
0.004262751,
2.949461e-05,
1.665334e-16,
8.835242e-29,
0,
0,
0,
0,
0,
0.05405219,
0,
0.2822628,
0.2663472,
0.001191773,
0.03316361,
0.04448102,
1.332268e-15,
0.0008336057,
4.203895e-45,
0,
0,
1.514613e-28,
0.3131721,
0.002905957,
1.529464e-06,
0.001573253,
1.499642e-05,
3.308722e-24,
0,
0,
0,
0,
0,
0,
0.007642627,
0,
0.1025576,
0.1092414,
0,
0.01230123,
0.02085599,
4.263256e-14,
0.0001498804,
1.004451e-41,
0,
0,
3.231174e-26,
0.7348281,
0.01241382,
9.369201e-06,
1.654361e-24,
5.082198e-21,
0,
1.694066e-21,
0,
0,
0,
0,
0,
0.1746733,
1.355253e-20,
0.4605166,
0.323911,
0,
0.01009873,
0.01043165,
0,
0.005644029,
0,
2.802597e-45,
0,
0,
0.01472355,
1.153546e-06,
3.434752e-16,
1.469368e-39,
0,
3.451266e-31,
0,
0,
0,
0,
0,
0,
0.2548398,
8.470329e-22,
0.45851,
0.2727896,
0,
0.003860126,
0.003454726,
0,
0.004492394,
0,
0,
0,
0,
0.002053408,
1.175948e-12,
2.558717e-17,
0,
0,
5.777789e-34,
0,
0,
0,
0,
0,
0,
0.1942473,
4.235164e-22,
0.4658298,
0.3142349,
0,
0.008022788,
0.007988278,
1.482308e-21,
0.000993361,
0,
0,
0,
2.690493e-43,
0.008683484,
1.419683e-08,
0,
3.923636e-44,
0,
4.212971e-35,
0,
0,
0,
0,
0,
0,
0.8396971,
0,
0.1351176,
0.02463132,
0,
1.071387e-06,
3.686822e-07,
0,
0.0005525113,
0,
0,
0,
0,
3.304024e-13,
1.262177e-29,
7.006492e-45,
0,
0,
0,
0,
0,
0,
0,
0,
0,
0.1860998,
0,
0.4562639,
0.3110431,
0.002848402,
0.008411791,
0.00847631,
1.897354e-19,
0.01256983,
0,
9.809089e-45,
0,
2.350989e-38,
0.01327442,
9.038776e-07,
1.665335e-16,
0.00101157,
8.874685e-31,
7.888609e-31,
3.944305e-31,
0,
0,
0,
0,
0,
0.03504532,
0,
0.2372205,
0.2299477,
4.893834e-05,
0.02668795,
0.03805865,
1.065814e-14,
0.003621928,
0,
0,
0,
0,
0.4248988,
0.004332966,
2.250768e-06,
0.0001328836,
2.126192e-06,
1.482308e-21,
7.940933e-23,
0,
0,
0,
0,
0,
0.1549994,
0,
0.4490986,
0.3293095,
0,
0.01252757,
0.01342291,
0,
0.005935364,
0,
0,
0,
0,
0.03469633,
1.022176e-05,
8.881784e-16,
0,
2.208811e-29,
0,
3.029226e-28,
0,
0,
0,
0,
0,
0.2884067,
2.019484e-27,
0.451502,
0.2525012,
1.459133e-05,
0.002646215,
0.002239152,
9.693523e-27,
0.001216663,
0,
0,
0,
0,
0.001421361,
0,
3.771943e-22,
5.21696e-05,
0,
1.43493e-41,
0,
0,
0,
0,
0,
0,
0.3999473,
0,
0.4086953,
0.1892371,
0,
0.000804463,
0.000577057,
0,
0.0006231403,
0,
0,
0,
0,
0.0001156287,
0,
0,
0,
0,
5.605194e-45,
0,
0,
0,
0,
0,
0,
0.06622876,
2.081668e-17,
0.3189135,
0.2925422,
0,
0.03241881,
0.042278,
0,
0.0004867775,
0,
1.83671e-40,
0,
1.577722e-30,
0.2456441,
0.001487777,
3.504561e-08,
0,
1.033976e-24,
2.895132e-24,
1.240771e-24,
0,
0,
0,
0,
0,
0.1121011,
0,
0.4128305,
0.336527,
0.0007550007,
0.02125349,
0.0250014,
2.428613e-17,
0.003636526,
0,
0,
0,
5.392604e-33,
0.08638042,
9.538961e-05,
1.554312e-15,
0.001416416,
2.69921e-06,
0,
0,
0,
0,
0,
0,
0,
0.2125295,
3.388132e-21,
0.4510308,
0.2885965,
0,
0.005781478,
0.005515982,
0,
0.03051909,
0,
0,
0,
0,
0.006026557,
1.577277e-08,
0,
4.591775e-40,
0,
0,
0,
0,
0,
0,
0,
0,
0.1602145,
2.964615e-21,
0.4631166,
0.3394091,
0,
0.01293735,
0.01387865,
2.371692e-20,
0,
0,
7.006492e-45,
0,
1.469368e-38,
0.0104435,
3.353955e-07,
0,
1.401298e-45,
0,
1.685189e-34,
0,
0,
0,
0,
2005, 
0,
0,
0.2226304,
0,
0.4616832,
0.2922014,
0.004043316,
0.005517164,
0.005199713,
6.352747e-22,
0.001004305,
0,
0,
0,
0,
0.007319956,
6.465939e-13,
1.409463e-18,
0.0004005204,
5.522026e-30,
0,
0,
0,
0,
0,
0,
0,
0.3941805,
0,
0.4006924,
0.1852034,
0.01690239,
0.0007927552,
0.0005717272,
0,
0.001185263,
0,
0,
0,
0,
0.0001630939,
1.276756e-15,
0,
0.0003084521,
0,
7.23783e-25,
0,
0,
0,
0,
0,
0,
0.3181306,
4.963084e-24,
0.4425273,
0.2349287,
0,
0.001921238,
0.001553471,
0,
0.0003362531,
0,
0,
0,
1.401298e-45,
0.0006023945,
0,
2.270048e-19,
0,
4.701977e-38,
0,
1.028558e-38,
0,
0,
0,
0,
0,
0.2113153,
1.185846e-20,
0.4655681,
0.3026876,
0,
0.006509836,
0.006286186,
0,
0,
0,
0,
0,
0,
0.007632882,
1.0601e-07,
0,
0,
0,
7.39557e-32,
2.696302e-33,
0,
0,
0,
0,
0,
0.1007361,
2.168404e-19,
0.3492777,
0.2770034,
0.1311086,
0.01529498,
0.01756207,
2.602085e-18,
0.02754598,
3.686287e-18,
5.605194e-45,
0,
0,
0.05515648,
4.253948e-05,
1.804112e-15,
0.02625111,
2.110917e-05,
0,
1.767048e-28,
0,
0,
0,
0,
0,
0.3364159,
3.877409e-26,
0.4030657,
0.2006733,
3.617677e-05,
0.001225191,
0.0009413416,
0,
0.05631851,
0,
0,
0,
5.605194e-45,
0.0003958902,
0,
0,
0.0009280778,
3.214242e-40,
0,
0,
0,
0,
0,
0,
0,
0.7115717,
0,
0.2227655,
0.05719158,
0,
1.541381e-05,
7.398146e-06,
1.848893e-32,
0.008448389,
0,
0,
0,
0,
4.017957e-08,
1.084202e-18,
0,
0,
0,
0,
0,
0,
0,
0,
0,
0,
0.2302229,
0,
0.4648751,
0.2908075,
0,
0.005196581,
0.004848846,
0,
0,
0,
0,
0,
0,
0.004049104,
0,
0,
0,
6.887662e-41,
0,
1.128475e-36,
0,
0,
0,
0,
0,
0.2074662,
0,
0.4665639,
0.3060582,
0,
0.006861164,
0.006674435,
0,
0,
0,
0,
0,
0,
0.006376067,
3.804068e-12,
0,
0,
0,
0,
1.92593e-34,
0,
0,
0,
0,
0,
0.1068894,
0,
0.4079279,
0.337842,
0,
0.02303964,
0.02749351,
2.168404e-19,
0,
0,
0,
0,
0,
0.0966755,
0.0001320327,
2.509104e-14,
8.22846e-38,
9.860761e-32,
0,
1.21169e-27,
0,
0,
0,
0,
0,
0.06825768,
0,
0.3175618,
0.286849,
0.00512391,
0.02954257,
0.03803904,
0,
0.001472992,
3.035766e-18,
7.006492e-45,
2.057115e-38,
0,
0.2436532,
0.001483183,
1.148652e-07,
0.007959599,
5.690548e-05,
1.665335e-16,
8.835242e-29,
0,
0,
0,
0,
0,
0.05437524,
0,
0.2832544,
0.267134,
0.001089954,
0.03321872,
0.04451921,
1.332268e-15,
0.0008325228,
4.203895e-45,
0,
0,
1.514613e-28,
0.3112619,
0.002855939,
1.48094e-06,
0.001442856,
1.372899e-05,
3.308722e-24,
0,
0,
0,
0,
0,
0,
0.008357068,
0,
0.1052507,
0.1119444,
0,
0.01326362,
0.02217584,
4.263257e-14,
0.0001403372,
1.004451e-41,
0,
0,
3.231174e-26,
0.725543,
0.0133117,
1.342319e-05,
1.654361e-24,
5.082198e-21,
0,
1.694066e-21,
0,
0,
0,
0,
0,
0.1731997,
1.355253e-20,
0.4595185,
0.324162,
0,
0.01026493,
0.01063667,
0,
0.00747578,
0,
2.802597e-45,
0,
0,
0.01474121,
1.165261e-06,
3.434752e-16,
1.469368e-39,
0,
3.451266e-31,
0,
0,
0,
0,
0,
0,
0.2553897,
8.470329e-22,
0.4583082,
0.2722988,
0,
0.003820576,
0.003412687,
0,
0.004895655,
0,
0,
0,
0,
0.001874306,
1.175948e-12,
2.558717e-17,
0,
0,
5.777789e-34,
0,
0,
0,
0,
0,
0,
0.1924777,
4.235164e-22,
0.465614,
0.315357,
0,
0.008222428,
0.008221519,
1.482308e-21,
0.001258273,
0,
0,
0,
2.690493e-43,
0.00884905,
7.851497e-13,
0,
3.923636e-44,
0,
4.212971e-35,
0,
0,
0,
0,
0,
0,
0.8445723,
0,
0.1305216,
0.02304184,
0,
5.118379e-07,
1.267659e-07,
0,
0.001863609,
0,
0,
0,
0,
3.304024e-13,
1.262177e-29,
7.006492e-45,
0,
0,
0,
0,
0,
0,
0,
0,
0,
0.1867931,
0,
0.456111,
0.3103079,
0.002666013,
0.008292001,
0.008333542,
1.897354e-19,
0.01361858,
0,
9.809089e-45,
0,
2.350989e-38,
0.01274872,
7.526135e-07,
1.665335e-16,
0.001128203,
2.126124e-07,
7.888609e-31,
3.944305e-31,
0,
0,
0,
0,
0,
0.03504423,
0,
0.2351667,
0.2280947,
6.671708e-05,
0.02683866,
0.03821643,
1.065814e-14,
0.005282553,
0,
0,
0,
0,
0.4262922,
0.004581634,
2.617463e-06,
0.0004030402,
1.056605e-05,
1.482308e-21,
7.940934e-23,
0,
0,
0,
0,
0,
0.1529424,
0,
0.4452088,
0.327168,
8.208457e-05,
0.01258954,
0.01352048,
0,
0.006988025,
0,
0,
0,
0,
0.03511264,
1.075409e-05,
8.881784e-16,
0.00634958,
2.763109e-05,
0,
3.029226e-28,
0,
0,
0,
0,
0,
0.2861944,
2.019484e-27,
0.4505297,
0.2525955,
3.457344e-05,
0.00268115,
0.002274282,
9.693522e-27,
0.002766746,
0,
0,
0,
0,
0.00148455,
0,
3.771943e-22,
0.001438755,
2.792842e-07,
1.43493e-41,
0,
0,
0,
0,
0,
0,
0.3971386,
0,
0.410027,
0.190758,
0,
0.0008295418,
0.0005974056,
0,
0.0005224495,
0,
0,
0,
0,
0.0001269451,
0,
0,
0,
0,
5.605194e-45,
0,
0,
0,
0,
0,
0,
0.06601848,
2.081668e-17,
0.3181664,
0.291971,
0,
0.03241607,
0.0422867,
0,
0.0005790059,
0,
1.83671e-40,
0,
1.577722e-30,
0.24705,
0.001512371,
1.100317e-08,
0,
1.033976e-24,
2.895132e-24,
1.240771e-24,
0,
0,
0,
0,
0,
0.1128196,
0,
0.4137756,
0.3366717,
0.0007551768,
0.02106662,
0.02473773,
2.428613e-17,
0.003356071,
0,
0,
0,
5.392604e-33,
0.08529587,
9.202143e-05,
1.554312e-15,
0.00142689,
2.69921e-06,
0,
0,
0,
0,
0,
0,
0,
0.20788,
3.388132e-21,
0.4400893,
0.2812246,
0,
0.005584897,
0.005317268,
0,
0.05417804,
0,
0,
0,
0,
0.005725875,
0,
0,
4.591775e-40,
0,
0,
0,
0,
0,
0,
0,
0,
0.1606488,
2.964615e-21,
0.4631471,
0.3389958,
0,
0.01282892,
0.01374142,
2.371692e-20,
0,
0,
7.006492e-45,
0,
1.469368e-38,
0.0106376,
3.831801e-07,
0,
1.401298e-45,
0,
1.685189e-34,
0,
0,
0,
0,
2006, 
0,
0,
0.2205691,
0,
0.4617548,
0.2935673,
0.003920581,
0.005681255,
0.005381882,
6.352747e-22,
0.00100695,
0,
0,
0,
0,
0.007714253,
6.465939e-13,
1.409463e-18,
0.0004038439,
5.522026e-30,
0,
0,
0,
0,
0,
0,
0,
0.3871474,
0,
0.3997741,
0.1862722,
0.02340286,
0.000836419,
0.0006094847,
0,
0.001216507,
0,
0,
0,
0,
0.0001869618,
1.276756e-15,
0,
0.0005539755,
0,
7.23783e-25,
0,
0,
0,
0,
0,
0,
0.3124725,
4.963084e-24,
0.4442548,
0.2384264,
0,
0.002079317,
0.001705494,
0,
0.0003321383,
0,
0,
0,
1.401298e-45,
0.0007294539,
0,
2.270048e-19,
0,
4.701977e-38,
0,
1.028558e-38,
0,
0,
0,
0,
0,
0.20704,
1.185846e-20,
0.4649824,
0.3052075,
0,
0.006944288,
0.006790072,
0,
0,
0,
0,
0,
0,
0.00903539,
4.139042e-07,
0,
0,
0,
7.39557e-32,
2.696302e-33,
0,
0,
0,
0,
0,
0.1004566,
2.168404e-19,
0.3523068,
0.2800187,
0.1212773,
0.01550965,
0.01787095,
2.602085e-18,
0.0321309,
3.686287e-18,
5.605194e-45,
0,
0,
0.05666736,
4.341074e-05,
1.804112e-15,
0.02370001,
1.840326e-05,
0,
1.767048e-28,
0,
0,
0,
0,
0,
0.3317186,
3.877409e-26,
0.4031764,
0.2021674,
2.349809e-05,
0.001286983,
0.0009978979,
0,
0.05567006,
0,
0,
0,
5.605194e-45,
0.0004450246,
0,
0,
0.004512037,
2.057214e-06,
0,
0,
0,
0,
0,
0,
0,
0.7137489,
0,
0.2209642,
0.05616577,
0,
1.374704e-05,
6.466382e-06,
1.848893e-32,
0.009100822,
0,
0,
0,
0,
1.878144e-08,
1.084202e-18,
0,
0,
0,
0,
0,
0,
0,
0,
0,
0,
0.2273159,
0,
0.4649824,
0.2927184,
0,
0.005422561,
0.005099166,
0,
0,
0,
0,
0,
0,
0.004461574,
0,
0,
0,
6.887662e-41,
0,
1.128475e-36,
0,
0,
0,
0,
0,
0.2056313,
0,
0.4664333,
0.3072326,
0,
0.007044474,
0.006885038,
0,
0,
0,
0,
0,
0,
0.006773245,
3.804068e-12,
0,
0,
0,
0,
1.92593e-34,
0,
0,
0,
0,
0,
0.1069799,
0,
0.4080442,
0.3378374,
0,
0.02299594,
0.02742947,
2.168404e-19,
0,
0,
0,
0,
0,
0.09658276,
0.0001303004,
2.509104e-14,
8.22846e-38,
9.860761e-32,
0,
1.21169e-27,
0,
0,
0,
0,
0,
0.06799663,
0,
0.3157007,
0.2849595,
0.007709854,
0.02924857,
0.0376225,
0,
0.001705198,
3.035766e-18,
7.006492e-45,
2.057115e-38,
0,
0.2404855,
0.001440077,
6.453406e-08,
0.01302983,
0.0001015642,
1.665335e-16,
8.835242e-29,
0,
0,
0,
0,
0,
0.05398205,
0,
0.2818738,
0.2659591,
0.001027111,
0.0331044,
0.04439656,
1.332268e-15,
0.0007639036,
4.203895e-45,
0,
0,
1.514613e-28,
0.3121546,
0.002882558,
1.505197e-06,
0.00374931,
0.0001050153,
1.170865e-07,
0,
0,
0,
0,
0,
0,
0.00895935,
0,
0.1071695,
0.1139031,
1.989986e-05,
0.01414781,
0.02339568,
4.263257e-14,
0.0001367283,
1.004451e-41,
0,
0,
3.231174e-26,
0.7170497,
0.01441244,
1.829614e-05,
0.000734645,
5.268727e-05,
1.960543e-07,
1.694066e-21,
0,
0,
0,
0,
0,
0.1704927,
1.355253e-20,
0.4586041,
0.3256768,
0,
0.01070524,
0.01118152,
0,
0.007491578,
0,
2.802597e-45,
0,
0,
0.01584644,
1.599685e-06,
3.434752e-16,
1.469368e-39,
0,
3.451266e-31,
0,
0,
0,
0,
0,
0,
0.2537414,
8.470329e-22,
0.458526,
0.2733228,
0,
0.003902748,
0.003498531,
0,
0.00516185,
0,
0,
0,
0,
0.001846714,
1.175948e-12,
2.558717e-17,
0,
0,
5.77779e-34,
0,
0,
0,
0,
0,
0,
0.1896445,
4.235165e-22,
0.4652622,
0.3172203,
0,
0.008572667,
0.008635114,
1.482308e-21,
0.001138519,
0,
0,
0,
2.690493e-43,
0.009526617,
1.719509e-07,
0,
3.923636e-44,
0,
4.212972e-35,
0,
0,
0,
0,
0,
0,
0.8451155,
0,
0.128915,
0.02246484,
0,
2.676561e-07,
4.097969e-08,
0,
0.00350429,
0,
0,
0,
0,
3.304024e-13,
1.262177e-29,
7.006492e-45,
0,
0,
0,
0,
0,
0,
0,
0,
0,
0.1861468,
0,
0.455853,
0.3105236,
0.002420134,
0.008345582,
0.008395677,
1.897354e-19,
0.0141713,
0,
9.809089e-45,
0,
2.350989e-38,
0.01284708,
7.699642e-07,
1.665335e-16,
0.001294662,
1.405877e-06,
7.888609e-31,
3.944305e-31,
0,
0,
0,
0,
0,
0.03470019,
0,
0.2316587,
0.2250121,
8.23912e-05,
0.02690733,
0.03830182,
1.065814e-14,
0.007358624,
0,
0,
0,
0,
0.4293245,
0.004919949,
3.131677e-06,
0.001646067,
8.512608e-05,
1.520588e-07,
7.940933e-23,
0,
0,
0,
0,
0,
0.1496762,
0,
0.440806,
0.3257639,
8.541714e-05,
0.01293901,
0.01399001,
0,
0.008308853,
0,
0,
0,
0,
0.03757662,
1.391512e-05,
8.881784e-16,
0.01073499,
0.0001051055,
0,
3.029226e-28,
0,
0,
0,
0,
0,
0.2817253,
2.019484e-27,
0.4498814,
0.2539968,
3.538805e-05,
0.002804949,
0.002399637,
9.693523e-27,
0.004274751,
0,
0,
0,
0,
0.001674603,
0,
3.771944e-22,
0.00320493,
2.256826e-06,
1.43493e-41,
0,
0,
0,
0,
0,
0,
0.3916877,
0,
0.4122224,
0.1935785,
0,
0.0008866141,
0.0006454538,
0,
0.0004383788,
0,
0,
0,
0,
0.0001538174,
0,
0,
0.000387199,
0,
5.605194e-45,
0,
0,
0,
0,
0,
0,
0.06520474,
2.081668e-17,
0.315647,
0.2901681,
3.714296e-07,
0.03247982,
0.04244834,
0,
0.0006502621,
0,
1.83671e-40,
0,
1.577722e-30,
0.2517137,
0.001608351,
1.260681e-07,
7.47926e-05,
4.353402e-06,
2.895132e-24,
1.240771e-24,
0,
0,
0,
0,
0,
0.1127419,
0,
0.4134752,
0.3364149,
0.0007557353,
0.021043,
0.0247075,
2.428613e-17,
0.002979373,
0,
0,
0,
5.392604e-33,
0.08594295,
9.383578e-05,
1.554312e-15,
0.001833589,
1.205266e-05,
0,
0,
0,
0,
0,
0,
0,
0.2011211,
3.388132e-21,
0.4281272,
0.2743021,
0,
0.005526901,
0.005277977,
0,
0.07985536,
0,
0,
0,
0,
0.005789348,
0,
0,
4.591775e-40,
0,
0,
0,
0,
0,
0,
0,
0,
0.1598027,
2.964615e-21,
0.4625511,
0.3391811,
0,
0.01295686,
0.01390392,
2.371692e-20,
0,
0,
7.006492e-45,
0,
1.469368e-38,
0.01160372,
6.506307e-07,
0,
1.401298e-45,
0,
1.685189e-34,
0,
0,
0,
0,
2007, 
0,
0,
0.2151103,
0,
0.457226,
0.2928797,
0.01176189,
0.00592069,
0.005662527,
6.352747e-22,
0.0009635614,
0,
0,
0,
0,
0.008523335,
1.853603e-07,
1.409463e-18,
0.001951509,
2.858779e-07,
0,
0,
0,
0,
0,
0,
0,
0.3769934,
0,
0.4003221,
0.189356,
0.02933007,
0.0009378574,
0.0006992138,
0,
0.001254041,
0,
0,
0,
0,
0.0002504633,
1.276756e-15,
0,
0.0008567209,
0,
7.23783e-25,
0,
0,
0,
0,
0,
0,
0.3043203,
4.963084e-24,
0.4464885,
0.243566,
0,
0.002353468,
0.001976834,
0,
0.0003041274,
0,
0,
0,
1.401298e-45,
0.0009907992,
0,
2.270048e-19,
0,
4.701977e-38,
0,
1.028558e-38,
0,
0,
0,
0,
0,
0.2007731,
1.185846e-20,
0.4635145,
0.3086007,
0,
0.00767171,
0.00765621,
0,
0,
0,
0,
0,
0,
0.01178244,
1.398665e-06,
0,
0,
0,
7.395572e-32,
2.696302e-33,
0,
0,
0,
0,
0,
0.09603617,
2.168404e-19,
0.3413591,
0.2720306,
0.1403786,
0.01512193,
0.01750078,
2.602085e-18,
0.03354256,
3.686287e-18,
5.605194e-45,
0,
0,
0.05675015,
4.420819e-05,
1.804112e-15,
0.0272147,
2.116423e-05,
0,
1.767048e-28,
0,
0,
0,
0,
0,
0.3242458,
3.877409e-26,
0.4056894,
0.2066228,
1.651376e-05,
0.001458264,
0.001159053,
0,
0.05417448,
0,
0,
0,
5.605194e-45,
0.0006116965,
0,
0,
0.006014029,
7.901872e-06,
0,
0,
0,
0,
0,
0,
0,
0.7085149,
0,
0.2243831,
0.05783996,
0,
1.537983e-05,
7.324866e-06,
1.848893e-32,
0.009239256,
0,
0,
0,
0,
9.368986e-09,
1.084202e-18,
0,
0,
0,
0,
0,
0,
0,
0,
0,
0,
0.2222367,
0,
0.4648222,
0.2959608,
0,
0.00587835,
0.005616536,
0,
0,
0,
0,
0,
0,
0.005485307,
1.285913e-07,
0,
0,
6.887662e-41,
0,
1.128475e-36,
0,
0,
0,
0,
0,
0.2020005,
0,
0.4659287,
0.3094707,
0,
0.007453308,
0.00736437,
0,
0,
0,
0,
0,
0,
0.007782214,
1.883794e-07,
0,
0,
0,
0,
1.92593e-34,
0,
0,
0,
0,
0,
0.1060891,
0,
0.4063314,
0.3370669,
0,
0.0231735,
0.02769602,
2.168404e-19,
0,
0,
0,
0,
0,
0.09950002,
0.0001429652,
2.509104e-14,
8.22846e-38,
9.860761e-32,
0,
1.21169e-27,
0,
0,
0,
0,
0,
0.06707552,
0,
0.3118117,
0.2816368,
0.01027506,
0.02900833,
0.03733183,
0,
0.001901855,
3.035766e-18,
7.006492e-45,
2.057115e-38,
0,
0.2402521,
0.001462941,
3.060571e-08,
0.01907716,
0.0001665884,
1.665335e-16,
8.835242e-29,
0,
0,
0,
0,
0,
0.05291189,
0,
0.2782741,
0.2629771,
0.0009420182,
0.03285,
0.04415799,
1.332268e-15,
0.0007390062,
4.203895e-45,
0,
0,
1.514613e-28,
0.3164447,
0.003005949,
1.633134e-06,
0.007374074,
0.0003210652,
4.971247e-07,
0,
0,
0,
0,
0,
0,
0.009449559,
0,
0.10836,
0.1151711,
2.108908e-05,
0.01496013,
0.02452947,
4.263256e-14,
0.0002031595,
1.004451e-41,
0,
0,
3.231174e-26,
0.7104843,
0.01580076,
2.441395e-05,
0.0009195651,
7.614995e-05,
3.235175e-07,
1.694066e-21,
0,
0,
0,
0,
0,
0.1662605,
1.355253e-20,
0.4566006,
0.327629,
0,
0.01144864,
0.01212143,
0,
0.007367796,
0,
2.802597e-45,
0,
0,
0.01856884,
3.201119e-06,
3.434752e-16,
1.469368e-39,
0,
3.451266e-31,
0,
0,
0,
0,
0,
0,
0.2499267,
8.470329e-22,
0.4592046,
0.2760254,
0,
0.004143091,
0.003755657,
0,
0.00488702,
0,
0,
0,
0,
0.002057493,
1.175948e-12,
2.558717e-17,
0,
0,
5.77779e-34,
0,
0,
0,
0,
0,
0,
0.1851406,
4.235165e-22,
0.46317,
0.3187884,
0,
0.009082935,
0.009252554,
1.482308e-21,
0.003636464,
0,
0,
0,
2.690493e-43,
0.01092843,
5.76148e-07,
0,
3.923636e-44,
0,
4.212972e-35,
0,
0,
0,
0,
0,
0,
0.8365819,
0,
0.132554,
0.02370798,
0,
5.141992e-07,
1.537127e-07,
0,
0.007155434,
0,
0,
0,
0,
3.304024e-13,
1.262177e-29,
7.006492e-45,
0,
0,
0,
0,
0,
0,
0,
0,
0,
0.1839707,
0,
0.454992,
0.3114057,
0.002162069,
0.008590109,
0.008688912,
1.897354e-19,
0.01431848,
0,
9.809089e-45,
0,
2.350989e-38,
0.01368363,
1.038198e-06,
1.665334e-16,
0.002169164,
1.819633e-05,
7.888609e-31,
3.944304e-31,
0,
0,
0,
0,
0,
0.03406018,
0,
0.2269839,
0.2209798,
8.402237e-05,
0.0269305,
0.03837008,
1.065814e-14,
0.009016643,
0,
0,
0,
0,
0.4347937,
0.00537791,
3.865798e-06,
0.003120836,
0.0002778394,
8.160529e-07,
7.940934e-23,
0,
0,
0,
0,
0,
0.1452054,
0,
0.4357209,
0.3250365,
8.55705e-05,
0.01364903,
0.01494217,
0,
0.008610523,
0,
0,
0,
0,
0.04322623,
2.418194e-05,
8.881784e-16,
0.01322725,
0.0002722342,
0,
3.029226e-28,
0,
0,
0,
0,
0,
0.2745419,
2.019484e-27,
0.4486104,
0.2562975,
3.538805e-05,
0.003046887,
0.002651376,
9.693523e-27,
0.00588137,
0,
0,
0,
0,
0.002089072,
0,
3.771944e-22,
0.006815908,
3.022876e-05,
1.43493e-41,
0,
0,
0,
0,
0,
0,
0.3831866,
0,
0.415016,
0.1978092,
0,
0.0009943052,
0.0007395915,
0,
0.0003508759,
0,
0,
0,
0,
0.0002136626,
0,
0,
0.001689731,
0,
5.605194e-45,
0,
0,
0,
0,
0,
0,
0.06370668,
2.081668e-17,
0.3113245,
0.2870761,
3.714296e-07,
0.03253277,
0.04267856,
0,
0.000704126,
0,
1.83671e-40,
0,
1.577722e-30,
0.2600797,
0.001782739,
3.137525e-07,
0.0001053359,
8.799541e-06,
2.895132e-24,
1.240771e-24,
0,
0,
0,
0,
0,
0.1114145,
0,
0.4103704,
0.3345579,
0.0007560214,
0.02114731,
0.0248821,
2.428613e-17,
0.00261259,
0,
0,
0,
5.392604e-33,
0.08842541,
0.000103584,
1.554312e-15,
0.005427571,
0.0003024082,
1.389852e-07,
0,
0,
0,
0,
0,
0,
0.1956321,
3.388132e-21,
0.4235216,
0.2736815,
0,
0.005808075,
0.005612097,
0,
0.08908994,
0,
0,
0,
0,
0.006654518,
1.762886e-07,
0,
4.591775e-40,
0,
0,
0,
0,
0,
0,
0,
0,
0.1575473,
2.964615e-21,
0.4610288,
0.3398603,
0,
0.0133758,
0.01444505,
2.371692e-20,
3.171673e-06,
0,
7.006492e-45,
0,
1.469368e-38,
0.01373805,
1.499791e-06,
0,
1.401298e-45,
0,
1.685189e-34,
0,
0,
0,
0,
2008, 
0,
0,
0.2090656,
0,
0.455573,
0.2955629,
0.01319508,
0.006462463,
0.006292577,
6.352747e-22,
0.0009582348,
0,
0,
0,
0,
0.01055088,
7.999815e-07,
1.409463e-18,
0.002338083,
4.168794e-07,
0,
0,
0,
0,
0,
0,
0,
0.3634015,
0,
0.4026843,
0.1951052,
0.03379137,
0.00114238,
0.0008869853,
0,
0.00138102,
0,
0,
0,
0,
0.0004160091,
1.276757e-15,
0,
0.001191306,
0,
7.237831e-25,
0,
0,
0,
0,
0,
0,
0.2931302,
4.963084e-24,
0.4489455,
0.2507026,
0,
0.002835914,
0.002474401,
0,
0.0003128551,
0,
0,
0,
1.401298e-45,
0.00159846,
0,
2.270048e-19,
0,
4.701977e-38,
0,
1.028558e-38,
0,
0,
0,
0,
0,
0.1923598,
1.185846e-20,
0.4603401,
0.3124092,
0,
0.008796493,
0.009040644,
0,
0,
0,
0,
0,
0,
0.01704852,
5.102614e-06,
0,
0,
0,
7.395571e-32,
2.696302e-33,
0,
0,
0,
0,
0,
0.09002594,
2.168404e-19,
0.3263014,
0.2610522,
0.1683408,
0.01458415,
0.01699394,
2.602085e-18,
0.03163465,
3.686287e-18,
5.605194e-45,
0,
0,
0.05784143,
4.751502e-05,
1.804112e-15,
0.03315124,
2.677753e-05,
0,
1.767048e-28,
0,
0,
0,
0,
0,
0.3122731,
3.877409e-26,
0.4080554,
0.2130483,
1.296572e-05,
0.001797306,
0.001493781,
0,
0.05424134,
0,
0,
0,
5.605194e-45,
0.0010751,
0,
0,
0.007971364,
3.133155e-05,
0,
0,
0,
0,
0,
0,
0,
0.6905686,
0,
0.2341102,
0.06384436,
0,
3.049904e-05,
1.66211e-05,
1.848893e-32,
0.01142888,
0,
0,
0,
0,
8.847492e-07,
1.084202e-18,
0,
0,
0,
0,
0,
0,
0,
0,
0,
0,
0.2145434,
0,
0.4637171,
0.3005014,
0,
0.00670613,
0.006589602,
0,
0,
0,
0,
0,
0,
0.007941595,
7.757712e-07,
0,
0,
6.887662e-41,
0,
1.128475e-36,
0,
0,
0,
0,
0,
0.196118,
0,
0.4644123,
0.3127215,
0,
0.008215764,
0.008284553,
0,
0,
0,
0,
0,
0,
0.01013072,
9.242227e-07,
0,
0.0001102706,
5.933079e-06,
0,
1.92593e-34,
0,
0,
0,
0,
0,
0.1039029,
0,
0.4018462,
0.3349121,
0,
0.02363457,
0.02840359,
2.168404e-19,
0,
0,
0,
0,
0,
0.1071119,
0.0001887947,
2.509104e-14,
8.22846e-38,
9.860761e-32,
0,
1.21169e-27,
0,
0,
0,
0,
0,
0.06528327,
0,
0.3056129,
0.2766728,
0.01255047,
0.02876284,
0.0371206,
0,
0.002167697,
3.035766e-18,
7.006492e-45,
2.057115e-38,
0,
0.2443777,
0.001577551,
1.413924e-07,
0.02562239,
0.000251731,
1.665335e-16,
8.835242e-29,
0,
0,
0,
0,
0,
0.05104339,
0,
0.2718552,
0.2576544,
0.0008618914,
0.03240385,
0.04375035,
1.332268e-15,
0.0006933233,
4.203895e-45,
0,
0,
1.514613e-28,
0.3253665,
0.003286523,
1.965222e-06,
0.01243098,
0.0006503925,
1.176509e-06,
0,
0,
0,
0,
0,
0,
0.009742956,
0,
0.1082051,
0.1151147,
2.233052e-05,
0.01559048,
0.02541654,
4.263256e-14,
0.0008988088,
1.004451e-41,
0,
0,
3.231174e-26,
0.7059246,
0.01759847,
3.273047e-05,
0.00130804,
0.0001445102,
8.026499e-07,
1.694066e-21,
0,
0,
0,
0,
0,
0.16018,
1.355253e-20,
0.4523398,
0.329264,
0,
0.01257677,
0.01359067,
0,
0.007117449,
0,
2.802597e-45,
0,
0,
0.02423497,
9.190897e-06,
3.434752e-16,
0.0006546905,
3.237525e-05,
3.451266e-31,
0,
0,
0,
0,
0,
0,
0.2432997,
8.470329e-22,
0.4598312,
0.280579,
0,
0.004644521,
0.004309684,
0,
0.004524239,
0,
0,
0,
0,
0.002811739,
1.175948e-12,
2.558717e-17,
0,
0,
5.77779e-34,
0,
0,
0,
0,
0,
0,
0.1792865,
4.235165e-22,
0.4608651,
0.3215395,
0,
0.009931123,
0.01030006,
1.482308e-21,
0.004080658,
0,
0,
0,
2.690493e-43,
0.01399512,
1.983551e-06,
0,
3.923636e-44,
0,
4.212972e-35,
0,
0,
0,
0,
0,
0,
0.8151779,
0,
0.144804,
0.0287703,
0,
3.424293e-06,
1.606506e-06,
0,
0.01124273,
0,
0,
0,
0,
3.304024e-13,
1.262177e-29,
7.006492e-45,
0,
0,
0,
0,
0,
0,
0,
0,
0,
0.180169,
0,
0.4540476,
0.3137041,
0.001903839,
0.009153773,
0.009376093,
1.897354e-19,
0.01352258,
0,
9.809089e-45,
0,
2.350989e-38,
0.01602216,
2.139505e-06,
1.665335e-16,
0.002080595,
1.819633e-05,
7.888609e-31,
3.944304e-31,
0,
0,
0,
0,
0,
0.03291169,
0,
0.2199893,
0.2148671,
8.307766e-05,
0.02672926,
0.03818189,
1.065814e-14,
0.01188513,
0,
0,
0,
0,
0.4417801,
0.005983929,
4.958985e-06,
0.006486363,
0.001092009,
5.237154e-06,
7.940933e-23,
0,
0,
0,
0,
0,
0.1384912,
0,
0.4257056,
0.3215389,
8.55705e-05,
0.01459197,
0.01626368,
0,
0.01472689,
0,
0,
0,
0,
0.05286393,
5.394619e-05,
8.881784e-16,
0.01512973,
0.0005484381,
2.084865e-07,
3.029226e-28,
0,
0,
0,
0,
0,
0.2604611,
2.019484e-27,
0.4374926,
0.2537346,
3.538805e-05,
0.003343116,
0.002983871,
9.693523e-27,
0.01451452,
0,
0,
0,
0,
0.002815103,
0,
3.771944e-22,
0.02399196,
0.0006277825,
1.43493e-41,
0,
0,
0,
0,
0,
0,
0.3710133,
0,
0.4194083,
0.2047354,
0,
0.00121747,
0.0009443678,
0,
0.000541389,
0,
0,
0,
0,
0.0003810047,
0,
0,
0.001758872,
0,
5.605194e-45,
0,
0,
0,
0,
0,
0,
0.06138406,
2.081668e-17,
0.3045573,
0.2821204,
3.714296e-07,
0.032508,
0.04290871,
0,
0.0007660501,
0,
1.83671e-40,
0,
1.577722e-30,
0.2735357,
0.002087346,
6.378028e-07,
0.0001186727,
1.277663e-05,
2.895132e-24,
1.240771e-24,
0,
0,
0,
0,
0,
0.1089452,
0,
0.405176,
0.331863,
0.000687385,
0.02152553,
0.02546543,
2.428613e-17,
0.002245808,
0,
0,
0,
5.392604e-33,
0.09454921,
0.0001336908,
1.554312e-15,
0.00843581,
0.0009720573,
9.27601e-07,
0,
0,
0,
0,
0,
0,
0.1843633,
3.388132e-21,
0.407473,
0.2662265,
0,
0.006073202,
0.005970973,
0,
0.1218852,
0,
0,
0,
0,
0.008007175,
6.611426e-07,
0,
4.591775e-40,
0,
0,
0,
0,
0,
0,
0,
0,
0.1535265,
2.964615e-21,
0.4578461,
0.3407581,
0,
0.01420787,
0.01554474,
2.371692e-20,
6.211539e-06,
0,
7.006492e-45,
0,
1.469368e-38,
0.018106,
4.573518e-06,
0,
1.401298e-45,
0,
1.685189e-34,
0,
0,
0,
0,
2009, 
0,
0,
0.2005595,
0,
0.451259,
0.297711,
0.01736088,
0.007236798,
0.007221324,
6.352747e-22,
0.0009408825,
0,
0,
0,
0,
0.01412285,
2.620284e-06,
1.409463e-18,
0.003584014,
1.117688e-06,
0,
0,
0,
0,
0,
0,
0,
0.3436694,
0,
0.4009629,
0.2001366,
0.04785616,
0.00144454,
0.001178941,
0,
0.001575723,
0,
0,
0,
0,
0.0007569484,
1.276756e-15,
0,
0.002418863,
0,
7.23783e-25,
0,
0,
0,
0,
0,
0,
0.2791516,
4.963084e-24,
0.4511327,
0.2596053,
0,
0.003606293,
0.003303941,
0,
0.0003118311,
0,
0,
0,
1.401298e-45,
0.002888177,
1.0971e-07,
2.270048e-19,
0,
4.701977e-38,
0,
1.028558e-38,
0,
0,
0,
0,
0,
0.1820152,
1.185846e-20,
0.4547702,
0.3158959,
0,
0.01035381,
0.01102334,
0,
0,
0,
0,
0,
0,
0.02592455,
1.710904e-05,
0,
0,
0,
7.395571e-32,
2.696302e-33,
0,
0,
0,
0,
0,
0.08287975,
2.168404e-19,
0.3084532,
0.2481278,
0.19937,
0.01395148,
0.01641735,
2.602085e-18,
0.02954176,
3.686287e-18,
5.605194e-45,
0,
0,
0.06067668,
5.498607e-05,
1.804112e-15,
0.04049227,
3.465952e-05,
0,
1.767048e-28,
0,
0,
0,
0,
0,
0.2964596,
3.877409e-26,
0.4098517,
0.2211836,
1.20334e-05,
0.002370019,
0.002087296,
0,
0.05188902,
0,
0,
0,
5.605194e-45,
0.002180408,
0,
0,
0.01383391,
0.000132396,
0,
0,
0,
0,
0,
0,
0,
0.6629098,
0,
0.2507788,
0.07541603,
0,
8.97498e-05,
5.802601e-05,
1.848893e-32,
0.01073892,
0,
0,
0,
0,
8.6673e-06,
1.084202e-18,
0,
0,
0,
0,
0,
0,
0,
0,
0,
0,
0.2044506,
0,
0.4608921,
0.3056622,
0,
0.007979479,
0.008141746,
0,
0,
0,
0,
0,
0,
0.01287025,
3.637358e-06,
0,
0,
6.887662e-41,
0,
1.128474e-36,
0,
0,
0,
0,
0,
0.188017,
0,
0.4611084,
0.316383,
0,
0.009402217,
0.009762238,
0,
0,
0,
0,
0,
0,
0.0147187,
3.704095e-06,
0,
0.0005709817,
3.366136e-05,
0,
1.92593e-34,
0,
0,
0,
0,
0,
0.1004111,
0,
0.3941301,
0.3308883,
0,
0.02436018,
0.02954772,
2.168404e-19,
0,
0,
0,
0,
0,
0.120364,
0.0002986658,
2.509104e-14,
8.228461e-38,
9.860761e-32,
0,
1.21169e-27,
0,
0,
0,
0,
0,
0.06257348,
0,
0.2967305,
0.2696845,
0.01456739,
0.02844417,
0.03690669,
0,
0.002520321,
3.035766e-18,
7.006492e-45,
2.057115e-38,
0,
0.2531356,
0.001808656,
3.576592e-07,
0.03325442,
0.0003738393,
8.786288e-08,
8.835242e-29,
0,
0,
0,
0,
0,
0.04790996,
0,
0.2590037,
0.2463394,
0.001242047,
0.0312441,
0.04241764,
1.332268e-15,
0.0008474264,
4.203895e-45,
0,
0,
1.514613e-28,
0.3307982,
0.003634909,
2.496693e-06,
0.03476731,
0.00178933,
3.482848e-06,
0,
0,
0,
0,
0,
0,
0.009833102,
0,
0.1067531,
0.113786,
2.233052e-05,
0.01602533,
0.02604371,
4.263256e-14,
0.001105987,
1.004451e-41,
0,
0,
3.231174e-26,
0.7050172,
0.01991551,
4.432009e-05,
0.00130804,
0.0001445102,
8.026499e-07,
1.694066e-21,
0,
0,
0,
0,
0,
0.1524105,
1.355253e-20,
0.4453116,
0.3299791,
0,
0.01410377,
0.01564002,
0,
0.006849385,
0,
2.802597e-45,
0,
0,
0.03427656,
2.892039e-05,
3.434753e-16,
0.00132203,
7.813462e-05,
3.451267e-31,
0,
0,
0,
0,
0,
0,
0.2339021,
8.470329e-22,
0.4597464,
0.2866347,
0,
0.005492526,
0.005280238,
0,
0.004281326,
0,
0,
0,
0,
0.004662343,
2.992736e-07,
2.558717e-17,
0,
0,
5.77779e-34,
0,
0,
0,
0,
0,
0,
0.1718796,
4.235165e-22,
0.4570591,
0.3244609,
0,
0.01114302,
0.01183786,
1.482308e-21,
0.003967241,
0,
0,
0,
2.690493e-43,
0.01964555,
6.667015e-06,
0,
3.923636e-44,
0,
4.212972e-35,
0,
0,
0,
0,
0,
0,
0.7785756,
0,
0.1627568,
0.03789444,
0,
1.842684e-05,
1.054154e-05,
0,
0.02074361,
0,
0,
0,
0,
5.970428e-07,
1.262177e-29,
7.006492e-45,
0,
0,
0,
0,
0,
0,
0,
0,
0,
0.1741765,
0,
0.4507898,
0.3157583,
0.001644893,
0.01003363,
0.0104805,
1.897354e-19,
0.01464448,
0,
9.809089e-45,
0,
2.350989e-38,
0.02045942,
5.565313e-06,
1.665335e-16,
0.001988634,
1.819633e-05,
7.888609e-31,
3.944305e-31,
0,
0,
0,
0,
0,
0.03137214,
0,
0.2113733,
0.2073434,
7.911296e-05,
0.02638094,
0.03785172,
1.065814e-14,
0.01400135,
0,
0,
0,
0,
0.4528073,
0.006844506,
6.718494e-06,
0.009633949,
0.002290913,
1.464308e-05,
7.940933e-23,
0,
0,
0,
0,
0,
0.1299232,
0,
0.4109444,
0.31508,
8.569614e-05,
0.01573149,
0.01792765,
0,
0.02359709,
0,
0,
0,
0,
0.06753347,
0.0001314906,
8.881784e-16,
0.01795157,
0.001092966,
9.956957e-07,
3.029226e-28,
0,
0,
0,
0,
0,
0.2469614,
2.019484e-27,
0.4332713,
0.2575672,
3.406157e-05,
0.004047072,
0.003773938,
9.693523e-27,
0.02062659,
0,
0,
0,
0,
0.004760541,
3.553498e-07,
3.771944e-22,
0.02794662,
0.001010882,
1.43493e-41,
0,
0,
0,
0,
0,
0,
0.3545702,
0,
0.4237573,
0.2136693,
0,
0.001608415,
0.001322356,
0,
0.0004734845,
0,
0,
0,
0,
0.000792035,
0,
0,
0.003807019,
0,
5.605194e-45,
0,
0,
0,
0,
0,
0,
0.0582867,
2.081668e-17,
0.295153,
0.2750508,
3.714296e-07,
0.03235837,
0.04307363,
0,
0.0007567839,
0,
1.83671e-40,
0,
1.577722e-30,
0.2924008,
0.002570674,
1.210616e-06,
0.0002629036,
8.430459e-05,
5.27144e-07,
1.240771e-24,
0,
0,
0,
0,
0,
0.1053259,
0,
0.3975791,
0.3280282,
0.0006187485,
0.0221918,
0.02649532,
2.428613e-17,
0.001898502,
0,
0,
0,
5.392604e-33,
0.1053555,
0.0002044215,
1.554312e-15,
0.01045997,
0.001839553,
3.01233e-06,
0,
0,
0,
0,
0,
0,
0.1741446,
3.388132e-21,
0.398809,
0.2656733,
0,
0.006911534,
0.007015025,
0,
0.1357594,
0,
0,
0,
0,
0.01168416,
2.814292e-06,
0,
4.591775e-40,
0,
0,
0,
0,
0,
0,
0,
0,
0.1477439,
2.964615e-21,
0.4523258,
0.3412635,
0,
0.01549431,
0.01728895,
2.371692e-20,
1.46743e-05,
0,
7.006492e-45,
0,
1.469368e-38,
0.02585427,
1.466455e-05,
0,
1.401298e-45,
0,
1.685189e-34,
0,
0,
0,
0,
2010, 
0,
0,
0.1899879,
0,
0.4451092,
0.3000886,
0.02096543,
0.008399714,
0.008662686,
6.352747e-22,
0.0009086182,
0,
0,
0,
0,
0.02093273,
9.666728e-06,
1.409463e-18,
0.004932837,
2.602196e-06,
0,
0,
0,
0,
0,
0,
0,
0.3234375,
0,
0.406097,
0.2117723,
0.04876994,
0.002090083,
0.00183529,
0,
0.001513679,
0,
0,
0,
0,
0.001829658,
1.276756e-15,
0,
0.002654579,
0,
7.23783e-25,
0,
0,
0,
0,
0,
0,
0.2621938,
4.963084e-24,
0.4520213,
0.2699637,
0,
0.004853354,
0.004722795,
0,
0.0002804105,
0,
0,
0,
1.401298e-45,
0.005963708,
9.142739e-07,
2.270048e-19,
0,
4.701977e-38,
0,
1.028558e-38,
0,
0,
0,
0,
0,
0.1696607,
1.185846e-20,
0.4452469,
0.3176823,
0.0002466281,
0.01239857,
0.0137368,
0,
2.837795e-05,
0,
0,
0,
0,
0.0407809,
5.964666e-05,
0,
0.0001586581,
4.778428e-07,
7.395571e-32,
2.696302e-33,
0,
0,
0,
0,
0,
0.07668761,
2.168404e-19,
0.3016545,
0.2455672,
0.1997009,
0.01396073,
0.01680221,
2.602085e-18,
0.0269947,
3.686287e-18,
5.605194e-45,
0,
0,
0.07734063,
8.954835e-05,
1.804112e-15,
0.04116582,
3.620924e-05,
0,
1.767048e-28,
0,
0,
0,
0,
0,
0.2751749,
3.877409e-26,
0.4051996,
0.2271287,
1.294913e-05,
0.003206089,
0.003013888,
0,
0.05112039,
0,
0,
0,
5.605194e-45,
0.004701103,
6.714592e-07,
0,
0.0300581,
0.0003836467,
0,
0,
0,
0,
0,
0,
0,
0.623708,
0,
0.2726139,
0.09314132,
0,
0.0002800554,
0.0002122374,
1.848893e-32,
0.009970888,
0,
0,
0,
0,
7.365175e-05,
1.084202e-18,
0,
0,
0,
0,
0,
0,
0,
0,
0,
0,
0.1917395,
0,
0.4545858,
0.3101815,
0,
0.009859601,
0.01054422,
0,
0,
0,
0,
0,
0,
0.02307009,
1.931286e-05,
0,
0,
6.887662e-41,
0,
1.128475e-36,
0,
0,
0,
0,
0,
0.1775102,
0,
0.4547314,
0.3196004,
0,
0.0111806,
0.0120709,
0,
0,
0,
0,
0,
0,
0.02406684,
1.736214e-05,
0,
0.0007796477,
4.259742e-05,
0,
1.92593e-34,
0,
0,
0,
0,
0,
0.09539606,
0,
0.3821779,
0.3240736,
0,
0.02530191,
0.0311163,
2.168404e-19,
0,
0,
0,
0,
0,
0.1413768,
0.000557426,
1.277118e-07,
8.22846e-38,
9.860761e-32,
0,
1.21169e-27,
0,
0,
0,
0,
0,
0.05903809,
0,
0.2855403,
0.2610467,
0.01552824,
0.02811223,
0.0367942,
0,
0.002786633,
3.035766e-18,
7.006492e-45,
2.057115e-38,
0,
0.2697741,
0.002267489,
8.411714e-07,
0.0386242,
0.0004868005,
1.993715e-07,
8.835242e-29,
0,
0,
0,
0,
0,
0.04446463,
0,
0.2457559,
0.2350144,
0.001685442,
0.03021698,
0.04138792,
1.332268e-15,
0.001065213,
4.203895e-45,
0,
0,
1.514613e-28,
0.3489863,
0.004458944,
3.971526e-06,
0.04473826,
0.002217575,
4.399485e-06,
0,
0,
0,
0,
0,
0,
0.009675006,
0,
0.1036552,
0.1108104,
2.233052e-05,
0.0161862,
0.02629615,
4.263257e-14,
0.001775881,
1.004451e-41,
0,
0,
3.231174e-26,
0.7071346,
0.02292912,
6.173603e-05,
0.00130804,
0.0001445102,
8.0265e-07,
1.694066e-21,
0,
0,
0,
0,
0,
0.1428592,
1.355253e-20,
0.4342862,
0.3286679,
1.848136e-07,
0.01607834,
0.01839233,
0,
0.006189789,
0,
2.802597e-45,
0,
0,
0.05173235,
0.0001008461,
3.434752e-16,
0.001596599,
9.617341e-05,
3.451266e-31,
0,
0,
0,
0,
0,
0,
0.2214976,
8.470329e-22,
0.4577011,
0.2935891,
0,
0.006869331,
0.006931311,
0,
0.004276069,
0,
0,
0,
0,
0.009133193,
2.391193e-06,
2.558717e-17,
0,
0,
5.77779e-34,
0,
0,
0,
0,
0,
0,
0.1624954,
4.235165e-22,
0.44999,
0.3263215,
0,
0.01283069,
0.01406335,
1.482308e-21,
0.003938141,
0,
0,
0,
2.690493e-43,
0.03033469,
2.624216e-05,
0,
3.923636e-44,
0,
4.212972e-35,
0,
0,
0,
0,
0,
0,
0.7275585,
0,
0.1865317,
0.05308885,
0,
0.0001030071,
7.265542e-05,
0,
0.03263114,
0,
0,
0,
0,
1.415791e-05,
1.262177e-29,
7.006492e-45,
0,
0,
0,
0,
0,
0,
0,
0,
0,
0.1657994,
0,
0.4442452,
0.316968,
0.00138703,
0.01135568,
0.012202,
1.897354e-19,
0.01544597,
0,
9.809089e-45,
0,
2.350989e-38,
0.02891106,
1.8627e-05,
1.665335e-16,
0.003599603,
6.744802e-05,
7.888609e-31,
3.944305e-31,
0,
0,
0,
0,
0,
0.02939652,
0,
0.200651,
0.1979063,
7.335054e-05,
0.02581332,
0.03728127,
1.065814e-14,
0.01563011,
0,
0,
0,
0,
0.4687458,
0.008140782,
9.950716e-06,
0.01255446,
0.003766867,
3.02557e-05,
7.940935e-23,
0,
0,
0,
0,
0,
0.1205536,
0,
0.3951369,
0.3087495,
7.853103e-05,
0.0174177,
0.02042786,
0,
0.02401267,
0,
0,
0,
0,
0.09315857,
0.0003773892,
8.881784e-16,
0.01874992,
0.001335824,
1.569159e-06,
3.029226e-28,
0,
0,
0,
0,
0,
0.2309265,
2.019484e-27,
0.4279962,
0.2627271,
3.091853e-05,
0.005207786,
0.005138794,
9.693523e-27,
0.02716007,
0,
0,
0,
0,
0.009166006,
2.58421e-06,
3.771944e-22,
0.0302067,
0.001437206,
1.120498e-07,
0,
0,
0,
0,
0,
0,
0.333675,
0,
0.4275511,
0.2249195,
0,
0.002324818,
0.002063606,
0,
0.0004174363,
0,
0,
0,
0,
0.001974083,
0,
0,
0.00672133,
0.0003530516,
5.605194e-45,
0,
0,
0,
0,
0,
0,
0.05427619,
2.081668e-17,
0.2818429,
0.2645738,
3.714296e-07,
0.03189392,
0.04291833,
0,
0.0007313082,
0,
1.83671e-40,
0,
1.577722e-30,
0.3166834,
0.003344364,
2.368005e-06,
0.002287056,
0.001431553,
1.448428e-05,
1.240771e-24,
0,
0,
0,
0,
0,
0.1004762,
0,
0.3871162,
0.3227093,
0.0005500961,
0.02322844,
0.02812196,
2.428613e-17,
0.001626813,
0,
0,
0,
5.392604e-33,
0.1236148,
0.0003835695,
1.554312e-15,
0.01033026,
0.001839308,
3.01233e-06,
0,
0,
0,
0,
0,
0,
0.1624224,
3.388132e-21,
0.3891743,
0.2658878,
0,
0.00822747,
0.008705324,
0,
0.1466771,
0,
0,
0,
0,
0.01889341,
1.210277e-05,
0,
4.591775e-40,
0,
0,
0,
0,
0,
0,
0,
0,
0.1400093,
2.964615e-21,
0.4430518,
0.340187,
0,
0.01730142,
0.01982592,
2.371692e-20,
1.720369e-05,
0,
7.006492e-45,
0,
1.469368e-38,
0.03955484,
5.254056e-05,
0,
1.401298e-45,
0,
1.685189e-34,
0,
0,
0,
0,
2011, 
0,
0,
0.1798449,
0,
0.4415303,
0.2962648,
0.02588084,
0.009949937,
0.00977409,
6.352747e-22,
0.0008005149,
0,
0,
0,
0,
0.02863641,
1.932702e-05,
1.409463e-18,
0.0072932,
5.665288e-06,
0,
0,
0,
0,
0,
0,
0,
0.304258,
0,
0.414995,
0.2159437,
0.05153219,
0.002953712,
0.002340119,
0,
0.001607622,
0,
0,
0,
0,
0.003034924,
1.276756e-15,
0,
0.00333459,
8.340148e-08,
7.23783e-25,
0,
0,
0,
0,
0,
0,
0.2464926,
4.963084e-24,
0.457493,
0.2738882,
0,
0.00653017,
0.005909816,
0,
0.0002480325,
0,
0,
0,
1.401298e-45,
0.009436219,
1.999055e-06,
2.270048e-19,
0,
4.701977e-38,
0,
1.028558e-38,
0,
0,
0,
0,
0,
0.1578608,
1.185846e-20,
0.4383205,
0.3145421,
0.000315112,
0.01505342,
0.01608463,
0,
0.000294744,
0,
0,
0,
0,
0.0572065,
0.0001148569,
0,
0.0002066757,
6.368413e-07,
7.39557e-32,
2.696302e-33,
0,
0,
0,
0,
0,
0.07158829,
2.168404e-19,
0.3025094,
0.2422591,
0.1881697,
0.01469265,
0.0172091,
2.602085e-18,
0.02396324,
3.686287e-18,
5.605194e-45,
0,
0,
0.10043,
0.0001469609,
1.804112e-15,
0.03899678,
3.464826e-05,
0,
1.767048e-28,
0,
0,
0,
0,
0,
0.2557067,
3.877409e-26,
0.4070455,
0.2295027,
4.432e-05,
0.004445793,
0.003858738,
0,
0.04984815,
0,
0,
0,
5.605194e-45,
0.007964066,
1.809025e-06,
0,
0.04113118,
0.0004510524,
0,
0,
0,
0,
0,
0,
0,
0.5855178,
0,
0.3002598,
0.1040802,
0,
0.0005566811,
0.0003285616,
1.848893e-32,
0.009106823,
0,
0,
0,
0,
0.0001501657,
1.084202e-18,
0,
0,
0,
0,
0,
0,
0,
0,
0,
0,
0.1796424,
0,
0.4515312,
0.3093489,
0,
0.01231488,
0.01259217,
0,
0,
0,
0,
0,
0,
0.03453038,
4.009722e-05,
0,
0,
6.887662e-41,
0,
1.128475e-36,
0,
0,
0,
0,
0,
0.1676323,
0,
0.4517752,
0.3175243,
2.168126e-06,
0.01351344,
0.01397992,
0,
0,
0,
0,
0,
0,
0.03430228,
3.427617e-05,
0,
0.001187487,
4.869659e-05,
0,
1.92593e-34,
0,
0,
0,
0,
0,
0.09072117,
0,
0.3723211,
0.3139816,
0,
0.02684145,
0.03223861,
2.168404e-19,
0,
0,
0,
0,
0,
0.1630601,
0.0008358191,
2.778822e-07,
8.22846e-38,
9.860761e-32,
0,
1.21169e-27,
0,
0,
0,
0,
0,
0.0557201,
0,
0.2759438,
0.2501909,
0.01583821,
0.02823502,
0.03631822,
0,
0.003077618,
3.035766e-18,
7.006492e-45,
2.057115e-38,
0,
0.2882105,
0.002792832,
1.420802e-06,
0.0430728,
0.0005981968,
3.260339e-07,
8.835242e-29,
0,
0,
0,
0,
0,
0.04127735,
0,
0.2345299,
0.2228914,
0.002081791,
0.02968625,
0.04018684,
1.332268e-15,
0.00110164,
4.203895e-45,
0,
0,
1.514613e-28,
0.3717685,
0.005454952,
5.839183e-06,
0.04866499,
0.00234598,
4.649225e-06,
0,
0,
0,
0,
0,
0,
0.00953202,
0,
0.1010356,
0.1070482,
2.30104e-05,
0.01648387,
0.02623796,
4.263256e-14,
0.002045235,
1.004451e-41,
0,
0,
3.231174e-26,
0.710131,
0.02586997,
7.90976e-05,
0.00136123,
0.000152139,
7.848268e-07,
1.694066e-21,
0,
0,
0,
0,
0,
0.1337084,
1.355253e-20,
0.425409,
0.3226665,
1.848136e-07,
0.01861874,
0.02067084,
0,
0.00551125,
0,
2.802597e-45,
0,
0,
0.07152417,
0.0001982041,
3.434752e-16,
0.001596599,
9.617341e-05,
3.451266e-31,
0,
0,
0,
0,
0,
0,
0.2099724,
8.470329e-22,
0.4599979,
0.2945457,
0,
0.008704537,
0.008278202,
0,
0.004164765,
0,
0,
0,
0,
0.01433106,
5.331598e-06,
2.558717e-17,
0,
0,
5.77779e-34,
0,
0,
0,
0,
0,
0,
0.1536834,
4.235165e-22,
0.4457626,
0.3227105,
0,
0.01507035,
0.01588674,
1.482308e-21,
0.003900972,
0,
0,
0,
2.690493e-43,
0.04293034,
5.50145e-05,
0,
3.923636e-44,
0,
4.212972e-35,
0,
0,
0,
0,
0,
0,
0.6796057,
0,
0.2192187,
0.0641624,
0,
0.0002612598,
0.0001309396,
0,
0.03658336,
0,
0,
0,
0,
3.76775e-05,
1.262177e-29,
7.006492e-45,
0,
0,
0,
0,
0,
0,
0,
0,
0,
0.1582104,
0,
0.4415415,
0.3130895,
0.001132487,
0.01314711,
0.01353025,
1.897354e-19,
0.01777892,
0,
9.809089e-45,
0,
2.350989e-38,
0.03760418,
3.247883e-05,
1.665335e-16,
0.003861822,
7.133705e-05,
7.888609e-31,
3.944305e-31,
0,
0,
0,
0,
0,
0.0275993,
0,
0.1915062,
0.1877137,
6.59705e-05,
0.02560953,
0.0364624,
1.065814e-14,
0.01670763,
0,
0,
0,
0,
0.4873541,
0.009573865,
1.369546e-05,
0.01322877,
0.004130747,
3.406539e-05,
7.940934e-23,
0,
0,
0,
0,
0,
0.1112658,
0,
0.3800755,
0.2980248,
7.258647e-05,
0.01947194,
0.02234367,
0,
0.02658213,
0,
0,
0,
0,
0.1207822,
0.0006835713,
1.429051e-07,
0.01922609,
0.001469807,
1.830939e-06,
3.029226e-28,
0,
0,
0,
0,
0,
0.215791,
2.019484e-27,
0.4268003,
0.2624763,
2.770143e-05,
0.006789187,
0.006285175,
9.693523e-27,
0.03329307,
0,
0,
0,
0,
0.01418885,
5.636365e-06,
3.771943e-22,
0.03250279,
0.001839728,
2.263577e-07,
0,
0,
0,
0,
0,
0,
0.3142278,
0,
0.4362221,
0.229313,
0,
0.003299028,
0.002650463,
0,
0.0004973515,
0,
0,
0,
0,
0.003254989,
1.075394e-07,
0,
0.009763,
0.0007722676,
5.605194e-45,
0,
0,
0,
0,
0,
0,
0.05052339,
2.081668e-17,
0.2702406,
0.2524163,
3.376633e-07,
0.03188003,
0.04237718,
0,
0.0007110358,
0,
1.83671e-40,
0,
1.577722e-30,
0.342634,
0.004201133,
3.727906e-06,
0.003090845,
0.001902221,
1.919013e-05,
1.240771e-24,
0,
0,
0,
0,
0,
0.09587218,
0,
0.3784335,
0.3133291,
0.0004813929,
0.02474145,
0.02917883,
2.428613e-17,
0.00166419,
0,
0,
0,
5.392604e-33,
0.142051,
0.0005704354,
1.554312e-15,
0.01141277,
0.002260762,
4.463839e-06,
0,
0,
0,
0,
0,
0,
0.1528619,
3.388132e-21,
0.3879279,
0.2648879,
0,
0.01025547,
0.01031261,
0,
0.1462803,
0,
0,
0,
0,
0.02745004,
2.394289e-05,
0,
4.591775e-40,
0,
0,
0,
0,
0,
0,
0,
0,
0.1327118,
2.964615e-21,
0.4365901,
0.3344686,
0,
0.01970103,
0.02186412,
2.371692e-20,
4.510925e-05,
0,
7.006492e-45,
0,
1.469368e-38,
0.05452,
9.921328e-05,
0,
1.401298e-45,
0,
1.685189e-34,
0,
0,
0,
0,
2012, 
0,
0,
0.1704321,
0,
0.4411331,
0.2880495,
0.02950986,
0.01197241,
0.01064104,
6.352747e-22,
0.0008113127,
0,
0,
0,
0,
0.03746896,
3.289259e-05,
1.409463e-18,
0.009938735,
1.000596e-05,
0,
0,
0,
0,
0,
0,
0,
0.2852053,
0,
0.4248014,
0.2138187,
0.05813719,
0.004031137,
0.002714551,
0,
0.00164507,
0,
0,
0,
0,
0.004394457,
1.460644e-07,
0,
0.005251657,
3.812501e-07,
7.23783e-25,
0,
0,
0,
0,
0,
0,
0.2318203,
4.963084e-24,
0.4664572,
0.27228,
0,
0.008690862,
0.006893664,
0,
0.0002959219,
0,
0,
0,
1.401298e-45,
0.01355836,
3.678461e-06,
2.270048e-19,
0,
4.701977e-38,
0,
1.028558e-38,
0,
0,
0,
0,
0,
0.1462652,
1.185846e-20,
0.4318484,
0.3062322,
0.001719718,
0.01819681,
0.01798144,
0,
0.000902368,
0,
0,
0,
0,
0.07536244,
0.0001918092,
0,
0.001294694,
4.832208e-06,
7.39557e-32,
2.696302e-33,
0,
0,
0,
0,
0,
0.06708055,
2.168404e-19,
0.3062038,
0.2352268,
0.1748906,
0.01592163,
0.017332,
2.602085e-18,
0.02068385,
3.686287e-18,
5.605194e-45,
0,
0,
0.1259019,
0.0002244097,
1.804112e-15,
0.03650154,
3.281637e-05,
0,
1.767049e-28,
0,
0,
0,
0,
0,
0.2369421,
3.877409e-26,
0.4114943,
0.2271372,
0.000492515,
0.006059627,
0.004565514,
0,
0.04990745,
0,
0,
0,
5.605194e-45,
0.01188751,
3.649977e-06,
0,
0.05103318,
0.0004768608,
0,
0,
0,
0,
0,
0,
0,
0.5475956,
0,
0.3319567,
0.1101803,
0,
0.0009476153,
0.0004194424,
1.848893e-32,
0.008646954,
0,
0,
0,
0,
0.0002534006,
1.084202e-18,
0,
0,
0,
0,
0,
0,
0,
0,
0,
0,
0.1681125,
0,
0.4508949,
0.3037043,
9.409255e-06,
0.0153515,
0.01428968,
0,
0,
0,
0,
0,
0,
0.04733992,
6.807349e-05,
0,
0.0002278706,
1.897573e-06,
0,
1.128475e-36,
0,
0,
0,
0,
0,
0.1583183,
0,
0.4516393,
0.3108353,
3.118279e-06,
0.01644682,
0.01553853,
0,
0,
0,
0,
0,
0,
0.04591281,
5.741061e-05,
0,
0.001199747,
4.869659e-05,
0,
1.92593e-34,
0,
0,
0,
0,
0,
0.08622098,
0,
0.3638729,
0.3006303,
0,
0.02887591,
0.03284885,
2.168404e-19,
4.11304e-06,
0,
0,
0,
0,
0.186384,
0.001162559,
4.7351e-07,
8.22846e-38,
9.860761e-32,
0,
1.21169e-27,
0,
0,
0,
0,
0,
0.05246712,
0,
0.2669799,
0.2368243,
0.01593741,
0.02867505,
0.03538592,
0,
0.003396188,
3.035766e-18,
7.006492e-45,
2.057115e-38,
0,
0.3072294,
0.003382492,
2.121373e-06,
0.04895315,
0.0007664377,
5.421934e-07,
8.835242e-29,
0,
0,
0,
0,
0,
0.03821241,
0,
0.2242565,
0.2091854,
0.002600275,
0.02948246,
0.03860969,
1.332268e-15,
0.001192825,
4.203895e-45,
0,
0,
1.514613e-28,
0.3967767,
0.006607124,
8.135313e-06,
0.05067808,
0.002385651,
4.720931e-06,
0,
0,
0,
0,
0,
0,
0.00938372,
0,
0.09866869,
0.1023633,
9.855655e-05,
0.01687765,
0.0258278,
4.263256e-14,
0.002023268,
1.004451e-41,
0,
0,
3.231174e-26,
0.7130653,
0.02877885,
9.692748e-05,
0.002578827,
0.0002359064,
1.206097e-06,
1.694066e-21,
0,
0,
0,
0,
0,
0.1248418,
1.355253e-20,
0.4177467,
0.3123198,
1.848136e-07,
0.02168659,
0.02247348,
0,
0.004841414,
0,
2.802597e-45,
0,
0,
0.0940607,
0.0003365387,
3.434752e-16,
0.001596599,
9.617341e-05,
3.451266e-31,
0,
0,
0,
0,
0,
0,
0.1992364,
8.470329e-22,
0.4659095,
0.2903528,
0,
0.01104526,
0.0093624,
0,
0.003688043,
0,
0,
0,
0,
0.02039602,
9.615092e-06,
2.558717e-17,
0,
0,
5.77779e-34,
0,
0,
0,
0,
0,
0,
0.1453468,
4.235165e-22,
0.4436363,
0.3143395,
0,
0.01786354,
0.01732242,
1.482308e-21,
0.003865175,
0,
0,
0,
2.690493e-43,
0.05752927,
9.704333e-05,
0,
3.923636e-44,
0,
4.212972e-35,
0,
0,
0,
0,
0,
0,
0.6321316,
0,
0.2571233,
0.07156546,
0,
0.0005196296,
0.0001828586,
0,
0.03839819,
0,
0,
0,
0,
7.895088e-05,
1.262177e-29,
7.006492e-45,
0,
0,
0,
0,
0,
0,
0,
0,
0,
0.1515886,
0,
0.4431128,
0.3051939,
0.001005281,
0.01549788,
0.01454677,
1.897354e-19,
0.016952,
0,
9.809089e-45,
0,
2.350989e-38,
0.04738923,
5.01761e-05,
1.665335e-16,
0.004589612,
7.376845e-05,
7.888609e-31,
3.944305e-31,
0,
0,
0,
0,
0,
0.02589964,
0,
0.1832464,
0.1763148,
5.857449e-05,
0.02565525,
0.03526864,
1.065814e-14,
0.01738327,
0,
0,
0,
0,
0.5066695,
0.01113208,
1.803304e-05,
0.01390308,
0.004414057,
3.667301e-05,
7.940934e-23,
0,
0,
0,
0,
0,
0.102225,
0,
0.3662608,
0.2841423,
7.587257e-05,
0.02195729,
0.02380525,
0,
0.0278292,
0,
0,
0,
0,
0.1514158,
0.001078887,
3.655016e-07,
0.01966889,
0.001538258,
1.965667e-06,
3.029226e-28,
0,
0,
0,
0,
0,
0.2005679,
2.019484e-27,
0.4257261,
0.2562163,
2.448434e-05,
0.008678583,
0.007154005,
9.693522e-27,
0.03772578,
0,
0,
0,
0,
0.01963998,
9.844585e-06,
3.771943e-22,
0.04153572,
0.002720763,
4.425085e-07,
0,
0,
0,
0,
0,
0,
0.2954059,
0,
0.4472869,
0.2276696,
0,
0.004537764,
0.003099798,
0,
0.0007323518,
0,
0,
0,
0,
0.004701471,
2.637201e-07,
0,
0.0152528,
0.001313212,
5.605194e-45,
0,
0,
0,
0,
0,
0,
0.04696777,
2.081668e-17,
0.2598242,
0.2384128,
3.03897e-07,
0.03223329,
0.04137728,
0,
0.0006705366,
0,
1.83671e-40,
0,
1.577722e-30,
0.3700344,
0.005173215,
5.385269e-06,
0.003295688,
0.001985234,
1.987793e-05,
1.240771e-24,
0,
0,
0,
0,
0,
0.09159616,
0,
0.3717595,
0.300755,
0.0004127766,
0.026783,
0.02977358,
2.428613e-17,
0.002061083,
0,
0,
0,
5.392604e-33,
0.1620018,
0.0007905373,
1.554312e-15,
0.01168978,
0.002371952,
4.796449e-06,
0,
0,
0,
0,
0,
0,
0.1449541,
3.388132e-21,
0.3933232,
0.2613754,
0,
0.01304584,
0.01175436,
0,
0.1378819,
0,
0,
0,
0,
0.03762504,
4.029386e-05,
0,
4.591775e-40,
0,
0,
0,
0,
0,
0,
0,
0,
0.1257374,
2.964615e-21,
0.432113,
0.324426,
2.825871e-06,
0.02267374,
0.02342226,
2.371692e-20,
9.622713e-05,
0,
7.006492e-45,
0,
1.469368e-38,
0.07129392,
0.0001621828,
0,
7.155498e-05,
9.023659e-07,
1.685189e-34,
0,
0,
0,
0,
2013, 
0,
0,
0.1617574,
0,
0.4440119,
0.2766285,
0.03061995,
0.01464867,
0.01136014,
6.352747e-22,
0.0007330014,
0,
0,
0,
0,
0.04849099,
5.588183e-05,
1.409463e-18,
0.01167956,
1.400323e-05,
0,
0,
0,
0,
0,
0,
0,
0.2682882,
0,
0.4397115,
0.2083141,
0.06039716,
0.005510917,
0.003031566,
0,
0.00168598,
0,
0,
0,
0,
0.006166718,
4.216079e-07,
0,
0.006892632,
7.500727e-07,
7.23783e-25,
0,
0,
0,
0,
0,
0,
0.2177933,
4.963084e-24,
0.4774167,
0.2661884,
0,
0.01148708,
0.007755189,
0,
0.000313994,
0,
0,
0,
1.401298e-45,
0.01903827,
7.157751e-06,
2.270048e-19,
0,
4.701977e-38,
0,
1.028558e-38,
0,
0,
0,
0,
0,
0.1351283,
1.185846e-20,
0.4264116,
0.2943406,
0.002248131,
0.02197877,
0.01957636,
0,
0.001420983,
0,
0,
0,
0,
0.09684356,
0.0003141974,
0,
0.001730607,
6.860119e-06,
7.39557e-32,
2.696302e-33,
0,
0,
0,
0,
0,
0.06285187,
2.168404e-19,
0.310791,
0.2249914,
0.1603862,
0.01751436,
0.01717304,
2.602085e-18,
0.0175732,
3.686287e-18,
5.605194e-45,
0,
0,
0.1542195,
0.0003311242,
1.804112e-15,
0.03413661,
3.179875e-05,
0,
1.767048e-28,
0,
0,
0,
0,
0,
0.2191546,
3.877409e-26,
0.4187435,
0.221457,
0.002099612,
0.008246887,
0.005219699,
0,
0.05111503,
0,
0,
0,
5.605194e-45,
0.01724554,
7.597655e-06,
0,
0.05622653,
0.0004840788,
0,
0,
0,
0,
0,
0,
0,
0.5094311,
0,
0.3669169,
0.1132099,
0,
0.00156774,
0.000509829,
1.848893e-32,
0.007913632,
0,
0,
0,
0,
0.0004510259,
1.084202e-18,
0,
0,
0,
0,
0,
0,
0,
0,
0,
0,
0.1567127,
0,
0.4507186,
0.293892,
1.766621e-05,
0.0191066,
0.01577898,
0,
0,
0,
0,
0,
0,
0.06339205,
0.0001197916,
0,
0.0002595125,
2.068098e-06,
0,
1.128475e-36,
0,
0,
0,
0,
0,
0.1491963,
0,
0.4525344,
0.300016,
7.124818e-06,
0.02004373,
0.01682584,
0,
0,
0,
0,
0,
0,
0.06003365,
9.665381e-05,
0,
0.001198165,
4.815722e-05,
0,
1.92593e-34,
0,
0,
0,
0,
0,
0.08168478,
0,
0.3560308,
0.2843761,
0,
0.03132817,
0.03298153,
2.168404e-19,
4.502988e-06,
0,
0,
0,
0,
0.2120183,
0.001575028,
7.675288e-07,
8.22846e-38,
9.860761e-32,
0,
1.21169e-27,
0,
0,
0,
0,
0,
0.04952591,
0,
0.2605184,
0.222751,
0.01477559,
0.02977409,
0.03434241,
0,
0.00370634,
3.035766e-18,
7.006492e-45,
2.057115e-38,
0,
0.3330497,
0.004210823,
3.222979e-06,
0.04659851,
0.0007434509,
5.421934e-07,
8.835242e-29,
0,
0,
0,
0,
0,
0.03500082,
0,
0.2142095,
0.193666,
0.002898369,
0.02925676,
0.03644684,
1.332268e-15,
0.001439579,
4.203895e-45,
0,
0,
1.514613e-28,
0.4259031,
0.007786237,
1.012461e-05,
0.05102046,
0.002357553,
4.613976e-06,
0,
0,
0,
0,
0,
0,
0.009104312,
0,
0.09603781,
0.09648836,
0.0001045895,
0.0171368,
0.02490151,
4.263257e-14,
0.002068434,
1.004451e-41,
0,
0,
3.231175e-26,
0.7198392,
0.03144516,
0.0001106674,
0.00253557,
0.0002264406,
1.146088e-06,
1.694066e-21,
0,
0,
0,
0,
0,
0.1158035,
1.355253e-20,
0.4085411,
0.2973825,
0.00029332,
0.02505058,
0.02373824,
0,
0.004171578,
0,
2.802597e-45,
0,
0,
0.1188488,
0.0005420725,
3.434752e-16,
0.005468356,
0.0001600307,
3.451266e-31,
0,
0,
0,
0,
0,
0,
0.1888118,
8.470329e-22,
0.4736571,
0.2817973,
0,
0.01400811,
0.01026834,
0,
0.003346911,
0,
0,
0,
0,
0.02809283,
1.75667e-05,
2.558717e-17,
0,
0,
5.77779e-34,
0,
0,
0,
0,
0,
0,
0.1369972,
4.235165e-22,
0.4414357,
0.3015857,
0,
0.02120786,
0.01843054,
1.482308e-21,
0.005173248,
0,
0,
0,
2.690493e-43,
0.07500177,
0.0001679554,
0,
3.923636e-44,
0,
4.212972e-35,
0,
0,
0,
0,
0,
0,
0.5842702,
0,
0.2997648,
0.07684448,
0,
0.001001582,
0.0002452422,
0,
0.03768516,
0,
0,
0,
0,
0.0001885057,
1.262177e-29,
7.006492e-45,
0,
0,
0,
0,
0,
0,
0,
0,
0,
0.1451903,
0,
0.4461946,
0.2931843,
0.0007779079,
0.01840718,
0.015285,
1.897354e-19,
0.0177831,
0,
9.809089e-45,
0,
2.350989e-38,
0.05861682,
7.621069e-05,
1.665335e-16,
0.004412298,
7.222364e-05,
7.888609e-31,
3.944305e-31,
0,
0,
0,
0,
0,
0.02426356,
0,
0.1756062,
0.1639205,
5.169891e-05,
0.02590357,
0.03373986,
1.065814e-14,
0.01802101,
0,
0,
0,
0,
0.5269578,
0.01290116,
2.347845e-05,
0.01409656,
0.004477262,
3.734242e-05,
7.940933e-23,
0,
0,
0,
0,
0,
0.09327396,
0,
0.3524374,
0.2672604,
9.343499e-05,
0.02468964,
0.02475942,
0,
0.03007805,
0,
0,
0,
0,
0.1848255,
0.001605375,
7.432658e-07,
0.01944,
0.001534147,
1.946713e-06,
3.029226e-28,
0,
0,
0,
0,
0,
0.1866984,
2.019484e-27,
0.4288311,
0.2475043,
2.187126e-05,
0.01121229,
0.007946833,
9.693522e-27,
0.03990195,
0,
0,
0,
0,
0.02681332,
1.79482e-05,
3.771943e-22,
0.04797209,
0.003079462,
4.425085e-07,
0,
0,
0,
0,
0,
0,
0.2756266,
0,
0.4562028,
0.2207112,
0,
0.006060862,
0.003448969,
0,
0.0006718112,
0,
0,
0,
0,
0.006478003,
5.685603e-07,
0,
0.02871556,
0.002083617,
5.605194e-45,
0,
0,
0,
0,
0,
0,
0.04351747,
2.081668e-17,
0.2498515,
0.2225997,
5.32573e-07,
0.0328383,
0.03991207,
0,
0.0006406167,
0,
1.83671e-40,
0,
1.577722e-30,
0.3983356,
0.006308263,
7.570879e-06,
0.003851335,
0.002116347,
2.073013e-05,
1.240771e-24,
0,
0,
0,
0,
0,
0.08742219,
0,
0.3659927,
0.2852709,
0.0003456189,
0.02933031,
0.02996886,
2.428613e-17,
0.002221582,
0,
0,
0,
5.392604e-33,
0.1839462,
0.001076546,
1.470749e-07,
0.01203922,
0.002380886,
4.888424e-06,
0,
0,
0,
0,
0,
0,
0.1378785,
3.388132e-21,
0.4016757,
0.2547436,
0,
0.01651966,
0.01298558,
0,
0.1263667,
0,
0,
0,
0,
0.04976377,
6.643954e-05,
0,
4.591775e-40,
0,
0,
0,
0,
0,
0,
0,
0,
0.1187079,
2.964615e-21,
0.4275988,
0.3102234,
0.000347393,
0.02615098,
0.02453827,
2.371692e-20,
0.0001289441,
0,
7.006492e-45,
0,
1.469368e-38,
0.0902772,
0.0002565708,
0,
0.001756041,
1.451769e-05,
1.685189e-34,
0,
0,
0,
0,
2014, 
0,
0,
0.153501,
0,
0.44777,
0.2617894,
0.03156988,
0.01779103,
0.01182696,
6.352747e-22,
0.0008803768,
0,
0,
0,
0,
0.06062357,
8.832329e-05,
1.409463e-18,
0.01413806,
2.120296e-05,
0,
1.418111e-07,
0,
0,
0,
0,
0,
0.2532568,
0,
0.4568237,
0.1993708,
0.06071107,
0.007302949,
0.003251635,
0,
0.002071419,
0,
0,
0,
0,
0.008124696,
8.134713e-07,
0,
0.009084688,
1.414061e-06,
7.23783e-25,
0,
0,
0,
0,
0,
0,
0.2048448,
4.963084e-24,
0.4899072,
0.2561391,
0,
0.0148608,
0.00842992,
0,
0.0002940355,
0,
0,
0,
1.401298e-45,
0.02551144,
1.279534e-05,
2.270048e-19,
0,
4.701977e-38,
0,
1.028558e-38,
0,
0,
0,
0,
0,
0.1245236,
1.185846e-20,
0.4225497,
0.2793162,
0.002481174,
0.02610645,
0.02065533,
0,
0.001693436,
0,
0,
0,
0,
0.1202696,
0.0004620226,
0,
0.001934694,
7.815012e-06,
7.39557e-32,
2.696302e-33,
0,
0,
0,
0,
0,
0.05829195,
2.168404e-19,
0.3100569,
0.2105429,
0.1545039,
0.01889293,
0.01658355,
2.602085e-18,
0.01556479,
3.686287e-18,
5.605194e-45,
0,
0,
0.1776707,
0.0004422771,
1.804112e-15,
0.03740597,
4.411402e-05,
0,
1.767048e-28,
0,
0,
0,
0,
0,
0.2023976,
3.877409e-26,
0.4265193,
0.2122611,
0.004829544,
0.01087725,
0.005736552,
0,
0.05479595,
0,
0,
0,
5.605194e-45,
0.02352114,
1.404327e-05,
0,
0.05857044,
0.0004770979,
0,
0,
0,
0,
0,
0,
0,
0.4726464,
0,
0.4032707,
0.1131187,
0,
0.002421926,
0.0005867998,
1.848893e-32,
0.007214515,
0,
0,
0,
0,
0.0007410522,
1.084202e-18,
0,
0,
0,
0,
0,
0,
0,
0,
0,
0,
0.1458482,
0,
0.4510173,
0.2805905,
2.33031e-05,
0.02345843,
0.01695286,
0,
0,
0,
0,
0,
0,
0.08164203,
0.0001982145,
0,
0.0002671273,
2.068098e-06,
0,
1.128475e-36,
0,
0,
0,
0,
0,
0.1406338,
0,
0.454527,
0.2857499,
2.989275e-05,
0.02418924,
0.01775148,
0,
0,
0,
0,
0,
0,
0.07575715,
0.0001526895,
0,
0.001163737,
4.50971e-05,
0,
1.92593e-34,
0,
0,
0,
0,
0,
0.07732625,
0,
0.3496206,
0.2661085,
0,
0.03412571,
0.03261269,
2.168404e-19,
4.66141e-06,
0,
0,
0,
0,
0.2381798,
0.002020694,
1.106268e-06,
8.22846e-38,
9.860761e-32,
0,
1.21169e-27,
0,
0,
0,
0,
0,
0.04650471,
0,
0.2533539,
0.2066242,
0.01392812,
0.03096253,
0.03285093,
0,
0.003900674,
3.035766e-18,
7.006492e-45,
2.057115e-38,
0,
0.3568839,
0.005103746,
4.578001e-06,
0.04900698,
0.0008750311,
7.963973e-07,
8.835242e-29,
0,
0,
0,
0,
0,
0.03207587,
0,
0.2052556,
0.1777119,
0.003350115,
0.02939789,
0.03415088,
1.332268e-15,
0.001619316,
4.203895e-45,
0,
0,
1.514613e-28,
0.4543596,
0.00912978,
1.281286e-05,
0.05066754,
0.002264294,
4.409292e-06,
0,
0,
0,
0,
0,
0,
0.008702239,
0,
0.0931339,
0.08961361,
0.0001109687,
0.01722093,
0.02351438,
4.263256e-14,
0.00199648,
1.004451e-41,
0,
0,
3.231174e-26,
0.7293032,
0.03358907,
0.0001189442,
0.00247958,
0.0002156195,
1.078969e-06,
1.694066e-21,
0,
0,
0,
0,
0,
0.1075274,
1.355253e-20,
0.401337,
0.2803281,
0.0003103943,
0.02900507,
0.02463404,
0,
0.003728255,
0,
2.802597e-45,
0,
0,
0.1466534,
0.0008309123,
1.425569e-07,
0.005489572,
0.0001551894,
3.451266e-31,
5.464285e-07,
0,
0,
0,
0,
0,
0.1778514,
8.470329e-22,
0.4779293,
0.2679557,
0,
0.01712652,
0.0108133,
0,
0.01235535,
0,
0,
0,
0,
0.03594034,
2.811935e-05,
2.558717e-17,
0,
0,
5.77779e-34,
0,
0,
0,
0,
0,
0,
0.1290593,
4.235165e-22,
0.4399523,
0.2856337,
0,
0.02509232,
0.01919598,
1.482308e-21,
0.005885615,
0,
0,
0,
2.690493e-43,
0.09490593,
0.0002747983,
0,
3.923636e-44,
0,
4.212972e-35,
0,
0,
0,
0,
0,
0,
0.5366185,
0,
0.3423836,
0.07956284,
0,
0.001733778,
0.0003086163,
0,
0.03900065,
0,
0,
0,
0,
0.000392035,
1.262177e-29,
7.006492e-45,
0,
0,
0,
0,
0,
0,
0,
0,
0,
0.1391984,
0,
0.4504244,
0.2776359,
0.002131389,
0.02172128,
0.01566752,
1.897354e-19,
0.01808031,
0,
9.809089e-45,
0,
2.350989e-38,
0.06999289,
0.0001067312,
1.665335e-16,
0.004969127,
7.204909e-05,
7.888609e-31,
3.944305e-31,
0,
0,
0,
0,
0,
0.02276791,
0,
0.1689995,
0.1511006,
4.978022e-05,
0.02639752,
0.03196285,
1.065814e-14,
0.01812674,
0,
0,
0,
0,
0.5471035,
0.01478593,
2.979302e-05,
0.014247,
0.004392227,
3.666508e-05,
7.940933e-23,
0,
0,
0,
0,
0,
0.08470527,
0,
0.3389207,
0.2483094,
8.923878e-05,
0.02756836,
0.02520134,
0,
0.03502608,
0,
0,
0,
0,
0.2186153,
0.002235349,
1.29356e-06,
0.01788836,
0.001437416,
1.856195e-06,
3.029226e-28,
0,
0,
0,
0,
0,
0.1737149,
2.019484e-27,
0.4329545,
0.2354923,
2.965625e-05,
0.01418725,
0.008536686,
9.693523e-27,
0.03997005,
0,
0,
0,
0,
0.03487005,
2.997101e-05,
3.771944e-22,
0.05697887,
0.003235344,
4.425085e-07,
0,
0,
0,
0,
0,
0,
0.2551296,
0,
0.4606894,
0.2091066,
2.623263e-07,
0.007713494,
0.003662807,
0,
0.0006378546,
0,
0,
0,
0,
0.00832302,
1.009359e-06,
0,
0.05202025,
0.002715755,
5.605194e-45,
0,
0,
0,
0,
0,
0,
0.04033514,
2.081668e-17,
0.2409161,
0.2057943,
3.581401e-06,
0.03374579,
0.03808629,
0,
0.0006154958,
0,
1.83671e-40,
0,
1.577722e-30,
0.4257639,
0.007531711,
1.017872e-05,
0.004930865,
0.002245302,
2.131751e-05,
1.240771e-24,
0,
0,
0,
0,
0,
0.08356661,
0,
0.3616135,
0.2676803,
0.0002978891,
0.03233586,
0.02975022,
2.428613e-17,
0.002367138,
0,
0,
0,
5.392604e-33,
0.2062002,
0.00140331,
3.425112e-07,
0.01251125,
0.002268701,
4.614576e-06,
0,
0,
0,
0,
0,
0,
0.1316955,
3.388132e-21,
0.4122126,
0.2450873,
0,
0.02057757,
0.01391785,
0,
0.1135212,
0,
0,
0,
0,
0.0628868,
0.000101129,
0,
4.591775e-40,
0,
0,
0,
0,
0,
0,
0,
0,
0.1119571,
2.964615e-21,
0.4234408,
0.2927788,
0.00161599,
0.03000226,
0.02514719,
2.371692e-20,
0.0001307972,
0,
7.006492e-45,
0,
1.469368e-38,
0.1103327,
0.0003806658,
0,
0.004183756,
2.995435e-05,
1.685189e-34,
0,
0,
0,
0,
2015, 
0,
0,
0.1473402,
0,
0.456888,
0.2449017,
0.02977114,
0.02149554,
0.01200213,
6.352747e-22,
0.0008607661,
0,
0,
0,
0,
0.07281514,
0.0001235966,
1.409463e-18,
0.01378045,
2.121759e-05,
0,
1.41811e-07,
0,
0,
0,
0,
0,
0.2413236,
0,
0.4759597,
0.1867074,
0.05970955,
0.009223812,
0.003315521,
0,
0.002144441,
0,
0,
0,
0,
0.009770467,
1.145753e-06,
0,
0.01184208,
2.29353e-06,
7.23783e-25,
0,
0,
0,
0,
0,
0,
0.1941146,
4.963083e-24,
0.5046718,
0.2421805,
0,
0.01851482,
0.008765347,
0,
0.0002821816,
0,
0,
0,
1.401298e-45,
0.03145255,
1.823595e-05,
2.270048e-19,
0,
4.701977e-38,
0,
1.028558e-38,
0,
0,
0,
0,
0,
0.1153932,
1.185846e-20,
0.4213064,
0.2620304,
0.002458754,
0.03066621,
0.02122506,
0,
0.001690856,
0,
0,
0,
0,
0.1426825,
0.0006185415,
0,
0.00192027,
7.771572e-06,
7.395571e-32,
2.696302e-33,
0,
0,
0,
0,
0,
0.05202458,
2.168404e-19,
0.2919442,
0.1891196,
0.176738,
0.01876803,
0.01525874,
2.602085e-18,
0.01456949,
3.686287e-18,
5.605194e-45,
0,
0,
0.1816171,
0.0004856814,
1.804112e-15,
0.05936854,
0.0001061297,
0,
1.767048e-28,
0,
0,
0,
0,
0,
0.1893576,
3.877409e-26,
0.4407865,
0.2009296,
0.007004532,
0.01401842,
0.00606491,
0,
0.05367087,
0,
0,
0,
5.605194e-45,
0.02985695,
2.088472e-05,
0,
0.05784506,
0.0004446054,
0,
0,
0,
0,
0,
0,
0,
0.4408765,
0,
0.4390474,
0.1091264,
0,
0.003308962,
0.0006169747,
1.848893e-32,
0.006043988,
0,
0,
0,
0,
0.0009796433,
1.084202e-18,
0,
0,
0,
0,
0,
0,
0,
0,
0,
0,
0.1366144,
0,
0.4540637,
0.264417,
8.730611e-05,
0.02815959,
0.01759003,
0,
0,
0,
0,
0,
0,
0.09846705,
0.0002735219,
0,
0.0003251623,
2.275483e-06,
0,
1.128475e-36,
0,
0,
0,
0,
0,
0.1333094,
0,
0.4607683,
0.2683023,
9.172862e-05,
0.02835615,
0.01798374,
0,
0,
0,
0,
0,
0,
0.08982699,
0.0001949744,
0,
0.001125224,
4.12246e-05,
0,
1.92593e-34,
0,
0,
0,
0,
0,
0.07347279,
0,
0.3469954,
0.2464661,
0,
0.03699869,
0.03153256,
2.168404e-19,
4.661409e-06,
0,
0,
0,
0,
0.2621774,
0.002351104,
1.285789e-06,
8.22846e-38,
9.860761e-32,
0,
1.21169e-27,
0,
0,
0,
0,
0,
0.04406906,
0,
0.2488107,
0.1903681,
0.01281494,
0.03267723,
0.03116573,
0,
0.003871089,
3.035766e-18,
7.006492e-45,
2.057115e-38,
0,
0.3797988,
0.006001979,
6.008337e-06,
0.04946202,
0.0009533468,
9.769393e-07,
8.835242e-29,
0,
0,
0,
0,
0,
0.02982118,
0,
0.1991265,
0.1624117,
0.003462683,
0.03026004,
0.03191302,
1.332268e-15,
0.001854491,
4.203895e-45,
0,
0,
1.514613e-28,
0.4800493,
0.01056087,
1.629248e-05,
0.04840244,
0.002117429,
4.121392e-06,
0,
0,
0,
0,
0,
0,
0.008364082,
0,
0.09118272,
0.08267083,
0.000117153,
0.01747826,
0.02197277,
4.263256e-14,
0.001845558,
1.004451e-41,
0,
0,
3.231174e-26,
0.7382833,
0.03533023,
0.000124822,
0.002424442,
0.0002047599,
1.006001e-06,
1.694066e-21,
0,
0,
0,
0,
0,
0.1003656,
1.355253e-20,
0.3964348,
0.2612887,
0.00032891,
0.03324183,
0.02492678,
0,
0.003674422,
0,
2.802597e-45,
0,
0,
0.1729537,
0.001127925,
2.980357e-07,
0.005507046,
0.000149082,
3.451266e-31,
8.47157e-07,
0,
0,
0,
0,
0,
0.1699405,
8.470329e-22,
0.4893454,
0.2517945,
0,
0.02077461,
0.01103693,
0,
0.01350545,
0,
0,
0,
0,
0.04356419,
3.847838e-05,
2.558717e-17,
0,
0,
5.77779e-34,
0,
0,
0,
0,
0,
0,
0.1224402,
4.235165e-22,
0.4412182,
0.2671385,
0,
0.02930584,
0.01943687,
1.482308e-21,
0.00637702,
0,
0,
0,
2.690493e-43,
0.113701,
0.0003823232,
0,
3.923636e-44,
0,
4.212972e-35,
0,
0,
0,
0,
0,
0,
0.4945669,
0,
0.3839279,
0.07886852,
0,
0.002533521,
0.0003430737,
0,
0.03918328,
0,
0,
0,
0,
0.0005768299,
1.262177e-29,
7.006492e-45,
0,
0,
0,
0,
0,
0,
0,
0,
0,
0.1341794,
0,
0.4617957,
0.2587375,
0.003759025,
0.02469999,
0.01534575,
1.897354e-19,
0.01729857,
0,
9.809089e-45,
0,
2.350989e-38,
0.07883666,
0.0001200399,
1.665335e-16,
0.005160934,
6.64062e-05,
7.888609e-31,
3.944305e-31,
0,
0,
0,
0,
0,
0.02159459,
0,
0.1644964,
0.1385758,
8.960789e-05,
0.02728492,
0.0300385,
1.065814e-14,
0.0168699,
0,
0,
0,
0,
0.5655806,
0.01655695,
3.587137e-05,
0.01469039,
0.004152281,
3.429181e-05,
7.940934e-23,
0,
0,
0,
0,
0,
0.07739483,
0,
0.3291067,
0.2289493,
8.142123e-05,
0.03092772,
0.02523309,
0,
0.03613545,
0,
0,
0,
0,
0.251814,
0.002906788,
1.940471e-06,
0.01613135,
0.00131575,
1.713545e-06,
3.029226e-28,
0,
0,
0,
0,
0,
0.1633963,
2.019484e-27,
0.4419974,
0.2210673,
0.0001483001,
0.017579,
0.008840395,
9.693523e-27,
0.03746041,
0,
0,
0,
0,
0.0425666,
4.192544e-05,
3.771943e-22,
0.06372243,
0.003179473,
4.323221e-07,
0,
0,
0,
0,
0,
0,
0.2425184,
0,
0.4818899,
0.1964666,
2.776151e-07,
0.01006304,
0.003785691,
0,
0.0006917368,
0,
0,
0,
0,
0.01038727,
1.497224e-06,
0,
0.05151101,
0.002684595,
5.605194e-45,
0,
0,
0,
0,
0,
0,
0.03777928,
2.081668e-17,
0.2346833,
0.1890894,
2.82342e-05,
0.03516169,
0.03603168,
0,
0.0005399749,
0,
1.83671e-40,
0,
1.577722e-30,
0.4497546,
0.008653958,
1.264065e-05,
0.006049655,
0.002195345,
2.024573e-05,
1.240771e-24,
0,
0,
0,
0,
0,
0.08063789,
0,
0.3606205,
0.248834,
0.0002776676,
0.03576645,
0.02903478,
2.428613e-17,
0.002899905,
0,
0,
0,
5.392604e-33,
0.2259477,
0.001693444,
5.15302e-07,
0.0121692,
0.002113663,
4.340728e-06,
0,
0,
0,
0,
0,
0,
0.1273713,
3.388132e-21,
0.4265389,
0.2328306,
0,
0.02497629,
0.01438848,
0,
0.09927584,
0,
0,
0,
0,
0.07448722,
0.0001314741,
0,
4.591775e-40,
0,
0,
0,
0,
0,
0,
0,
0,
0.1067072,
2.964615e-21,
0.4239083,
0.2737361,
0.00161599,
0.0343769,
0.02521567,
2.371692e-20,
0.0001292332,
0,
7.006492e-45,
0,
1.469368e-38,
0.1295924,
0.0005045807,
0,
0.004183756,
2.995435e-05,
1.685189e-34,
0,
0,
0,
0,
2016, 
0,
0,
0.1400114,
0,
0.4601931,
0.2278933,
0.02873424,
0.02539525,
0.01226373,
6.352748e-22,
0.0008833277,
0,
0,
0,
0,
0.08873247,
0.000204302,
1.409463e-18,
0.0156555,
3.324753e-05,
0,
1.418111e-07,
0,
0,
0,
0,
0,
0.2283527,
0,
0.4896402,
0.1738379,
0.05969189,
0.01148046,
0.003419095,
0,
0.002259993,
0,
0,
0,
0,
0.01236329,
2.2596e-06,
0,
0.01894499,
7.199848e-06,
7.23783e-25,
0,
0,
0,
0,
0,
0,
0.1831043,
4.963084e-24,
0.5155921,
0.2283669,
0,
0.02274847,
0.009246835,
0,
0.0003476699,
0,
0,
0,
1.401298e-45,
0.04055908,
3.464351e-05,
2.270048e-19,
0,
4.701977e-38,
0,
1.028558e-38,
0,
0,
0,
0,
0,
0.1056235,
1.185846e-20,
0.4162211,
0.2438653,
0.002430107,
0.03479588,
0.02159344,
0,
0.001664061,
0,
0,
0,
0,
0.1710175,
0.0008798643,
1.068491e-07,
0.001901482,
7.713676e-06,
7.39557e-32,
2.696302e-33,
0,
0,
0,
0,
0,
0.04863439,
2.168404e-19,
0.2940309,
0.1744247,
0.16091,
0.0209296,
0.01463692,
2.602085e-18,
0.01482247,
3.686287e-18,
5.605194e-45,
0,
0,
0.2132885,
0.000734974,
1.804112e-15,
0.0574785,
0.0001091192,
0,
1.767048e-28,
0,
0,
0,
0,
0,
0.1766921,
3.877409e-26,
0.4525062,
0.190037,
0.009563571,
0.01777388,
0.006546431,
0,
0.04997483,
0,
0,
0,
5.605194e-45,
0.0395781,
4.13487e-05,
0,
0.05687694,
0.0004095781,
0,
0,
0,
0,
0,
0,
0,
0.4099029,
0,
0.4731535,
0.1050319,
0,
0.004594598,
0.0006759934,
1.848893e-32,
0.005092318,
0,
0,
0,
0,
0.00154884,
1.084202e-18,
0,
0,
0,
0,
0,
0,
0,
0,
0,
0,
0.1270795,
0,
0.4526949,
0.2479452,
8.730611e-05,
0.03304988,
0.01832892,
0,
0,
0,
0,
0,
0,
0.1200499,
0.0004369164,
0,
0.0003251623,
2.275483e-06,
0,
1.128475e-36,
0,
0,
0,
0,
0,
0.125021,
0,
0.4635014,
0.250439,
0.0001023335,
0.03242458,
0.01813808,
0,
0,
0,
0,
0,
0,
0.1090342,
0.0002786201,
0,
0.00102401,
3.679764e-05,
0,
1.92593e-34,
0,
0,
0,
0,
0,
0.06864514,
0,
0.3406056,
0.2262373,
0,
0.03926967,
0.0302241,
2.168404e-19,
4.772192e-06,
0,
0,
0,
0,
0.2921526,
0.002859021,
1.635904e-06,
8.22846e-38,
9.860761e-32,
0,
1.21169e-27,
0,
0,
0,
0,
0,
0.04116042,
0,
0.2414949,
0.173916,
0.01165673,
0.03401455,
0.02944448,
0,
0.003792694,
3.035766e-18,
7.006492e-45,
2.057115e-38,
0,
0.4065053,
0.00735291,
8.975364e-06,
0.04960202,
0.00104979,
1.275403e-06,
8.835242e-29,
0,
0,
0,
0,
0,
0.02740528,
0,
0.1912286,
0.1472557,
0.003299425,
0.03089361,
0.02973794,
1.332268e-15,
0.001950719,
4.203895e-45,
0,
0,
1.514613e-28,
0.5093783,
0.0127567,
2.398393e-05,
0.04415437,
0.001911689,
3.697768e-06,
0,
0,
0,
0,
0,
0,
0.007903018,
0,
0.08800076,
0.07545076,
0.0001226354,
0.01752424,
0.02035536,
4.263256e-14,
0.001660049,
1.004451e-41,
0,
0,
3.231174e-26,
0.7481725,
0.03809705,
0.0001402667,
0.002377744,
0.0001946518,
9.484392e-07,
1.694066e-21,
0,
0,
0,
0,
0,
0.09273519,
1.355253e-20,
0.387361,
0.2417314,
0.0003415027,
0.03719832,
0.02513913,
0,
0.003627684,
0,
2.802597e-45,
0,
0,
0.2045023,
0.00168497,
8.138606e-07,
0.005532043,
0.0001447798,
3.451266e-31,
8.47157e-07,
0,
0,
0,
0,
0,
0.1615931,
8.470329e-22,
0.4975216,
0.2359851,
0,
0.0249392,
0.01138958,
0,
0.01368442,
0,
0,
0,
0,
0.05481965,
6.73476e-05,
2.558717e-17,
0,
0,
5.77779e-34,
0,
0,
0,
0,
0,
0,
0.1153718,
4.235164e-22,
0.4385875,
0.2485547,
0,
0.03364316,
0.01974393,
1.482308e-21,
0.006304896,
0,
0,
0,
2.690493e-43,
0.137192,
0.0006019535,
0,
3.923636e-44,
0,
4.212971e-35,
0,
0,
0,
0,
0,
0,
0.4542894,
0,
0.423821,
0.07805263,
0,
0.003702022,
0.0004052422,
0,
0.03871913,
0,
0,
0,
0,
0.001010609,
1.262177e-29,
7.006492e-45,
0,
0,
0,
0,
0,
0,
0,
0,
0,
0.12822,
0,
0.4715965,
0.2400419,
0.003684488,
0.02776527,
0.01498228,
1.897354e-19,
0.01704975,
0,
9.809089e-45,
0,
2.350989e-38,
0.09163816,
0.0001472346,
1.665335e-16,
0.004814444,
5.990764e-05,
7.888609e-31,
3.944305e-31,
0,
0,
0,
0,
0,
0.02011125,
0,
0.1579195,
0.1257835,
0.0003194289,
0.02769949,
0.02797795,
1.065814e-14,
0.01574404,
0,
0,
0,
0,
0.5855772,
0.018982,
4.664937e-05,
0.0159139,
0.003893461,
3.161135e-05,
7.940934e-23,
0,
0,
0,
0,
0,
0.06978675,
0,
0.3159701,
0.2091689,
9.960087e-05,
0.03371151,
0.02503426,
0,
0.03655104,
0,
0,
0,
0,
0.2897002,
0.003980893,
3.495147e-06,
0.01478911,
0.001202636,
1.547096e-06,
3.029226e-28,
0,
0,
0,
0,
0,
0.1537023,
2.019484e-27,
0.4507588,
0.2076819,
0.0005112461,
0.02169043,
0.009326953,
9.693522e-27,
0.03435841,
0,
0,
0,
0,
0.05451783,
7.658206e-05,
3.771943e-22,
0.06434109,
0.003034006,
4.117442e-07,
0,
0,
0,
0,
0,
0,
0.2228158,
0,
0.4783909,
0.180516,
0.0001601172,
0.01181937,
0.003828352,
0,
0.0006814784,
0,
0,
0,
0,
0.01255326,
2.651309e-06,
0,
0.08644205,
0.002790074,
5.605194e-45,
0,
0,
0,
0,
0,
0,
0.03495283,
2.081668e-17,
0.2262256,
0.1723118,
0.0001364202,
0.03618497,
0.03391401,
0,
0.0004624634,
0,
1.83671e-40,
0,
1.577722e-30,
0.4761867,
0.01026256,
1.745352e-05,
0.00724063,
0.002085837,
1.869046e-05,
1.240771e-24,
0,
0,
0,
0,
0,
0.07700979,
0,
0.3564962,
0.230051,
0.0002089384,
0.03909556,
0.02835672,
2.428613e-17,
0.00308083,
0,
0,
0,
5.392604e-33,
0.2504965,
0.002210154,
1.012584e-06,
0.01108131,
0.001907973,
3.934925e-06,
0,
0,
0,
0,
0,
0,
0.1225423,
3.388132e-21,
0.4370294,
0.2207552,
0,
0.02973844,
0.01499147,
0,
0.08466066,
0,
0,
0,
0,
0.09007996,
0.0002025586,
0,
4.591775e-40,
0,
0,
0,
0,
0,
0,
0,
0,
0.1007743,
2.964615e-21,
0.4200153,
0.2545025,
0.00161599,
0.0387449,
0.02533381,
2.371692e-20,
0.0001251324,
0,
7.006492e-45,
0,
1.469368e-38,
0.1539076,
0.0007666452,
1.46529e-07,
0.004183756,
2.995434e-05,
1.685189e-34,
0,
0,
0,
0,
2017, 
0,
0,
0.1330507,
0,
0.46073,
0.2107277,
0.02838155,
0.02905793,
0.01240961,
6.352747e-22,
0.0009671953,
0,
0,
0,
0,
0.1035859,
0.0002941017,
1.409463e-18,
0.02072696,
6.826528e-05,
0,
1.418111e-07,
0,
0,
0,
0,
0,
0.2189903,
0,
0.5053445,
0.1610431,
0.05578841,
0.01382165,
0.003488103,
0,
0.002635576,
0,
0,
0,
0,
0.01476968,
3.341339e-06,
0,
0.0241032,
1.205853e-05,
7.23783e-25,
0,
0,
0,
0,
0,
0,
0.174011,
4.963084e-24,
0.5258646,
0.2141066,
0,
0.02687951,
0.009602732,
0,
0.0007831983,
0,
0,
0,
1.401298e-45,
0.04870246,
4.989967e-05,
2.270048e-19,
0,
4.701977e-38,
0,
1.028558e-38,
0,
0,
0,
0,
0,
0.09701445,
1.185846e-20,
0.4110475,
0.2261846,
0.002273769,
0.03889426,
0.02186755,
0,
0.001582028,
0,
0,
0,
0,
0.1981695,
0.001175091,
2.616167e-07,
0.001783782,
7.274386e-06,
7.395572e-32,
2.696302e-33,
0,
0,
0,
0,
0,
0.04518072,
2.168404e-19,
0.2894379,
0.15884,
0.1547815,
0.02249279,
0.0138753,
2.602085e-18,
0.0152469,
3.686287e-18,
5.605194e-45,
0,
0,
0.2348365,
0.0009790561,
1.804112e-15,
0.06417763,
0.0001516042,
0,
1.767048e-28,
0,
0,
0,
0,
0,
0.166039,
3.877409e-26,
0.4630437,
0.1787591,
0.01233679,
0.02148116,
0.006951988,
0,
0.04646778,
0,
0,
0,
5.605194e-45,
0.04869232,
6.2507e-05,
0,
0.05579085,
0.0003748908,
0,
0,
0,
0,
0,
0,
0,
0.38444,
0,
0.5026138,
0.09935631,
0,
0.005693889,
0.0007035134,
1.848893e-32,
0.005273771,
0,
0,
0,
0,
0.001918661,
1.084202e-18,
0,
0,
0,
0,
0,
0,
0,
0,
0,
0,
0.1190472,
0,
0.4519922,
0.2316947,
8.753854e-05,
0.03786039,
0.01889699,
0,
0,
0,
0,
0,
0,
0.1395208,
0.0005924427,
0,
0.0003056751,
2.102976e-06,
0,
1.128475e-36,
0,
0,
0,
0,
0,
0.1182729,
0,
0.4656216,
0.233,
0.0001932456,
0.03660655,
0.01824044,
0,
0,
0,
0,
0,
0,
0.1266731,
0.0003780516,
0,
0.0009815148,
3.260928e-05,
0,
1.92593e-34,
0,
0,
0,
0,
0,
0.06453866,
0,
0.3354301,
0.2072978,
0,
0.04164451,
0.02892455,
2.168404e-19,
4.39828e-06,
0,
0,
0,
0,
0.3187779,
0.00337991,
2.075659e-06,
8.228461e-38,
9.860761e-32,
0,
1.21169e-27,
0,
0,
0,
0,
0,
0.03837527,
0,
0.2336969,
0.1581249,
0.01077912,
0.0351634,
0.02772207,
0,
0.003640286,
3.035766e-18,
7.006492e-45,
2.057115e-38,
0,
0.4297019,
0.008737398,
1.253391e-05,
0.05276319,
0.001281124,
1.969138e-06,
8.835242e-29,
0,
0,
0,
0,
0,
0.02521358,
0,
0.1836353,
0.1330313,
0.003213948,
0.03149382,
0.02766024,
1.332268e-15,
0.002003369,
4.203895e-45,
0,
0,
1.514613e-28,
0.5351942,
0.01500544,
3.307218e-05,
0.04169964,
0.001812292,
3.729887e-06,
0,
0,
0,
0,
0,
0,
0.00749202,
0,
0.08513109,
0.06874891,
0.0001282031,
0.0176919,
0.01885925,
4.263256e-14,
0.001474555,
1.004451e-41,
0,
0,
3.231174e-26,
0.7563336,
0.04144251,
0.0001677847,
0.002342715,
0.0001865892,
9.138904e-07,
1.694066e-21,
0,
0,
0,
0,
0,
0.08599003,
1.355253e-20,
0.3787492,
0.2227984,
0.0003495661,
0.04099117,
0.02517788,
0,
0.003488036,
0,
2.802597e-45,
0,
0,
0.2344598,
0.002282304,
1.450622e-06,
0.005569176,
0.000142135,
3.451266e-31,
8.47157e-07,
0,
0,
0,
0,
0,
0.1547846,
8.470329e-22,
0.5055341,
0.2200037,
0,
0.02897555,
0.011597,
0,
0.01398999,
0,
0,
0,
0,
0.0650198,
9.518737e-05,
2.558717e-17,
0,
0,
5.777789e-34,
0,
0,
0,
0,
0,
0,
0.1093734,
4.235164e-22,
0.4365237,
0.2303805,
0,
0.03784273,
0.01987395,
1.482308e-21,
0.00663063,
0,
0,
0,
2.690493e-43,
0.1585591,
0.0008159609,
0,
3.923636e-44,
0,
4.212972e-35,
0,
0,
0,
0,
0,
0,
0.4210674,
0,
0.459053,
0.07563275,
0,
0.00468647,
0.0004405472,
0,
0.03784294,
0,
0,
0,
0,
0.001276889,
1.262177e-29,
7.006492e-45,
0,
0,
0,
0,
0,
0,
0,
0,
0,
0.1234257,
0,
0.4793392,
0.2215136,
0.005577905,
0.03081794,
0.01454596,
1.897354e-19,
0.01731773,
0,
9.809089e-45,
0,
2.350989e-38,
0.1020655,
0.0001751362,
1.665335e-16,
0.00516723,
5.414313e-05,
7.888609e-31,
3.944305e-31,
0,
0,
0,
0,
0,
0.01834309,
0,
0.1504006,
0.1128252,
0.0006686587,
0.02738517,
0.02554034,
1.065814e-14,
0.01476388,
0,
0,
0,
0,
0.6091927,
0.02076805,
5.144051e-05,
0.01649328,
0.003539257,
2.826944e-05,
7.940934e-23,
0,
0,
0,
0,
0,
0.06291458,
0,
0.3030249,
0.1901087,
0.000115608,
0.03619597,
0.02463677,
0,
0.03843436,
0,
0,
0,
0,
0.3249084,
0.005139308,
5.466546e-06,
0.01342381,
0.001090842,
1.368399e-06,
3.029226e-28,
0,
0,
0,
0,
0,
0.1459045,
2.019484e-27,
0.4598826,
0.1944198,
0.001616514,
0.02575913,
0.009712524,
9.693522e-27,
0.03081708,
0,
0,
0,
0,
0.06562039,
0.0001112213,
3.771943e-22,
0.06335828,
0.002797499,
3.715161e-07,
0,
0,
0,
0,
0,
0,
0.2130007,
0,
0.4967225,
0.1677116,
0.0001601172,
0.01460798,
0.003951263,
0,
0.0006184876,
0,
0,
0,
0,
0.01551425,
4.121147e-06,
0,
0.08503827,
0.002670691,
5.605194e-45,
0,
0,
0,
0,
0,
0,
0.03230795,
2.081668e-17,
0.2185126,
0.1564719,
0.0003221888,
0.03703501,
0.03173986,
0,
0.0003895532,
0,
1.83671e-40,
0,
1.577722e-30,
0.501546,
0.01173089,
2.162248e-05,
0.007970806,
0.001934794,
1.688337e-05,
1.240771e-24,
0,
0,
0,
0,
0,
0.07353301,
0,
0.353705,
0.2119255,
0.0001401989,
0.04206863,
0.0274168,
2.428613e-17,
0.0029641,
0,
0,
0,
5.392604e-33,
0.273977,
0.002651711,
1.381349e-06,
0.009923394,
0.001689675,
3.497735e-06,
0,
0,
0,
0,
0,
0,
0.1187995,
3.388132e-21,
0.4469839,
0.2085035,
0,
0.03430488,
0.01540552,
0,
0.07213293,
0,
0,
0,
0,
0.1036024,
0.0002672994,
0,
4.591775e-40,
0,
0,
0,
0,
0,
0,
0,
0,
0.09573501,
2.964615e-21,
0.4166698,
0.2357974,
0.001887762,
0.04294613,
0.0252538,
2.371692e-20,
0.0001208236,
0,
7.006492e-45,
0,
1.469368e-38,
0.1758745,
0.001025108,
3.041241e-07,
0.004655176,
3.417517e-05,
1.685189e-34,
0,
0,
0,
0,
2018, 
0,
0,
0.1284303,
0,
0.4647803,
0.1945223,
0.02673894,
0.03263846,
0.01240126,
6.352747e-22,
0.001041016,
0,
0,
0,
0,
0.1153965,
0.0003596242,
1.409463e-18,
0.02360163,
8.960658e-05,
0,
1.418111e-07,
0,
0,
0,
0,
0,
0.2133244,
0,
0.5202327,
0.1475944,
0.05058053,
0.01578926,
0.003449439,
0,
0.00288219,
0,
0,
0,
0,
0.01616076,
3.845641e-06,
0,
0.02996456,
1.793125e-05,
7.23783e-25,
0,
0,
0,
0,
0,
0,
0.1685161,
4.963084e-24,
0.5379638,
0.1990529,
0,
0.03037035,
0.009639601,
0,
0.001078195,
0,
0,
0,
1.401298e-45,
0.05332295,
5.606868e-05,
2.270048e-19,
0,
4.701977e-38,
0,
1.028558e-38,
0,
0,
0,
0,
0,
0.09051111,
1.185846e-20,
0.4076272,
0.209706,
0.002069393,
0.04314263,
0.02208479,
0,
0.001452847,
0,
0,
0,
0,
0.2203109,
0.001461584,
4.526014e-07,
0.001626454,
6.650738e-06,
7.395571e-32,
2.696302e-33,
0,
0,
0,
0,
0,
0.04118221,
2.168404e-19,
0.2745884,
0.1410692,
0.1632008,
0.02292408,
0.0128044,
2.602085e-18,
0.01943823,
3.686287e-18,
5.605194e-45,
0,
0,
0.2380863,
0.001116117,
1.804112e-15,
0.08530337,
0.0002869393,
0,
1.767048e-28,
0,
0,
0,
0,
0,
0.1580935,
3.877409e-26,
0.4724211,
0.1664947,
0.01419753,
0.02459667,
0.0071127,
0,
0.04852009,
0,
0,
0,
5.605194e-45,
0.05441286,
7.313899e-05,
0,
0.05374071,
0.000337124,
0,
0,
0,
0,
0,
0,
0,
0.3683665,
0,
0.5238284,
0.09142323,
0,
0.006251181,
0.000680431,
1.848893e-32,
0.007467092,
0,
0,
0,
0,
0.001983063,
1.084202e-18,
0,
0,
0,
0,
0,
0,
0,
0,
0,
0,
0.1140268,
0,
0.456248,
0.2159027,
8.593252e-05,
0.04224942,
0.01901223,
0,
0,
0,
0,
0,
0,
0.1515284,
0.0006625355,
0,
0.0002820831,
1.914967e-06,
0,
1.128475e-36,
0,
0,
0,
0,
0,
0.1142291,
0,
0.4697995,
0.2162713,
0.000243306,
0.04070261,
0.01814888,
0,
0,
0,
0,
0,
0,
0.1392082,
0.0004531698,
0,
0.0009155512,
2.835526e-05,
0,
1.92593e-34,
0,
0,
0,
0,
0,
0.06224047,
0,
0.334193,
0.1906855,
0,
0.04453855,
0.02777069,
2.168404e-19,
4.406499e-06,
0,
0,
0,
0,
0.3367707,
0.003794177,
2.502008e-06,
8.22846e-38,
9.860761e-32,
0,
1.21169e-27,
0,
0,
0,
0,
0,
0.03615508,
0,
0.2275012,
0.1437671,
0.01012985,
0.0363932,
0.02607744,
0,
0.003786823,
3.035766e-18,
7.006492e-45,
2.057115e-38,
0,
0.4463573,
0.00984991,
1.550623e-05,
0.05835722,
0.001606452,
2.902894e-06,
8.835242e-29,
0,
0,
0,
0,
0,
0.02347082,
0,
0.1774425,
0.1202612,
0.003173372,
0.03221977,
0.02575586,
1.332268e-15,
0.002162203,
4.203895e-45,
0,
0,
1.514613e-28,
0.5537181,
0.01689002,
4.114999e-05,
0.04287402,
0.001985979,
5.044298e-06,
0,
0,
0,
0,
0,
0,
0.007225397,
0,
0.08321705,
0.06293063,
0.0001308448,
0.01815368,
0.01759706,
4.263256e-14,
0.001430958,
1.004451e-41,
0,
0,
3.231174e-26,
0.7615749,
0.04502061,
0.0002082731,
0.00232491,
0.0001847275,
9.604493e-07,
1.694066e-21,
0,
0,
0,
0,
0,
0.08099455,
1.355253e-20,
0.373245,
0.2053616,
0.0003302895,
0.04478949,
0.02505211,
0,
0.003296295,
0,
2.802597e-45,
0,
0,
0.2586597,
0.002770187,
1.969259e-06,
0.00535894,
0.0001390264,
3.451266e-31,
8.471571e-07,
0,
0,
0,
0,
0,
0.1456553,
8.470329e-22,
0.4964019,
0.1997942,
0,
0.03091248,
0.01122512,
0,
0.04722222,
0,
0,
0,
0,
0.068684,
0.0001048432,
2.558717e-17,
0,
0,
5.77779e-34,
0,
0,
0,
0,
0,
0,
0.1059178,
4.235164e-22,
0.4392547,
0.2130137,
0,
0.04167485,
0.01961504,
1.482308e-21,
0.007293969,
0,
0,
0,
2.690493e-43,
0.1723081,
0.0009218818,
0,
3.923636e-44,
0,
4.212972e-35,
0,
0,
0,
0,
0,
0,
0.3988775,
0,
0.4842278,
0.07076786,
0,
0.005138635,
0.0004334262,
0,
0.03923902,
0,
0,
0,
0,
0.00131576,
1.262177e-29,
7.006492e-45,
0,
0,
0,
0,
0,
0,
0,
0,
0,
0.1213174,
0,
0.4856898,
0.2035199,
0.007630145,
0.03386366,
0.01404261,
1.897354e-19,
0.02021032,
0,
9.809089e-45,
0,
2.350989e-38,
0.1077743,
0.0001957543,
1.665335e-16,
0.005707054,
4.90472e-05,
7.888609e-31,
3.944305e-31,
0,
0,
0,
0,
0,
0.01660431,
0,
0.143215,
0.1005113,
0.001516716,
0.02677408,
0.02301541,
1.065814e-14,
0.01540038,
0,
0,
0,
0,
0.6299369,
0.02184939,
5.304194e-05,
0.01792868,
0.003169963,
2.48234e-05,
7.940934e-23,
0,
0,
0,
0,
0,
0.05748382,
0,
0.2933435,
0.1729099,
0.0001336877,
0.03874454,
0.02414808,
0,
0.03913266,
0,
0,
0,
0,
0.3545681,
0.006147387,
7.201661e-06,
0.01237899,
0.001000745,
1.329369e-06,
3.029226e-28,
0,
0,
0,
0,
0,
0.1409234,
2.019484e-27,
0.4703034,
0.1808378,
0.004416806,
0.02929703,
0.00981799,
9.693523e-27,
0.02698079,
0,
0,
0,
0,
0.07286131,
0.0001295453,
3.771944e-22,
0.06191219,
0.002519406,
3.312881e-07,
0,
0,
0,
0,
0,
0,
0.2051849,
0,
0.5070557,
0.1527389,
0.002497465,
0.01640609,
0.003863495,
0,
0.000608434,
0,
0,
0,
0,
0.01663006,
4.494748e-06,
0,
0.09252197,
0.002488498,
5.605194e-45,
0,
0,
0,
0,
0,
0,
0.03000528,
2.081668e-17,
0.2130754,
0.1419908,
0.0004782198,
0.03774627,
0.02947657,
0,
0.0003314486,
0,
1.83671e-40,
0,
1.577722e-30,
0.5242894,
0.01267612,
2.348788e-05,
0.008140161,
0.001751859,
1.499882e-05,
1.240771e-24,
0,
0,
0,
0,
0,
0.07123549,
0,
0.354269,
0.1953577,
7.131656e-05,
0.04503171,
0.02635897,
2.428613e-17,
0.002805803,
0,
0,
0,
5.392604e-33,
0.2917778,
0.0029622,
1.619321e-06,
0.008662923,
0.001462529,
3.044519e-06,
0,
0,
0,
0,
0,
0,
0.1156164,
3.388132e-21,
0.4521718,
0.1944881,
0,
0.03764085,
0.01529943,
0,
0.07393853,
0,
0,
0,
0,
0.1105485,
0.0002963964,
0,
4.591775e-40,
0,
0,
0,
0,
0,
0,
0,
0,
0.09260134,
2.964615e-21,
0.4173518,
0.2182094,
0.001921873,
0.04689524,
0.02483199,
2.371692e-20,
0.0001090238,
0,
7.006492e-45,
0,
1.469368e-38,
0.1922128,
0.001193994,
3.04124e-07,
0.004638196,
3.403946e-05,
1.685189e-34,
0,
0,
0,
0,
2019, 
0,
0,
0.1258569,
0,
0.4706654,
0.1791134,
0.02475752,
0.03593482,
0.0122253,
6.352747e-22,
0.001142781,
0,
0,
0,
0,
0.1237869,
0.0004043228,
1.409463e-18,
0.0260045,
0.0001071899,
0,
9.418877e-07,
0,
0,
0,
0,
0,
0.2103424,
0,
0.5313047,
0.1335464,
0.04488299,
0.01727947,
0.003318229,
0,
0.002997952,
0,
0,
0,
0,
0.01671837,
4.035094e-06,
0,
0.03957688,
2.842966e-05,
7.23783e-25,
1.166012e-07,
0,
0,
0,
0,
0,
0.166839,
4.963084e-24,
0.5510339,
0.1832933,
0,
0.03309604,
0.009395966,
0,
0.001055642,
0,
0,
0,
1.401298e-45,
0.05522834,
5.790045e-05,
2.270048e-19,
0,
4.701977e-38,
0,
1.028558e-38,
0,
0,
0,
0,
0,
0.08596636,
1.185846e-20,
0.4054235,
0.1943983,
0.001843832,
0.04734824,
0.02219833,
0,
0.001298899,
0,
0,
0,
0,
0.2383187,
0.001746616,
6.855942e-07,
0.001450573,
5.940282e-06,
7.395571e-32,
2.696302e-33,
0,
0,
0,
0,
0,
0.03878466,
2.168404e-19,
0.2652856,
0.1262656,
0.1663039,
0.02406595,
0.01201142,
2.602085e-18,
0.01947805,
3.686287e-18,
5.605194e-45,
0,
0,
0.2422345,
0.001285371,
1.804112e-15,
0.1038505,
0.0004343557,
0,
1.767048e-28,
0,
0,
0,
0,
0,
0.1529205,
3.877409e-26,
0.4815878,
0.1538344,
0.01614347,
0.02729304,
0.007107515,
0,
0.04996703,
0,
0,
0,
5.605194e-45,
0.05795586,
7.898013e-05,
0,
0.05281037,
0.000301106,
0,
0,
0,
0,
0,
0,
0,
0.3629023,
0,
0.5361775,
0.08204131,
0,
0.006439698,
0.0006344857,
1.848893e-32,
0.009863555,
0,
0,
0,
0,
0.001941125,
1.084202e-18,
0,
0,
0,
0,
0,
0,
0,
0,
0,
0,
0.1121606,
0,
0.464699,
0.2004009,
8.381405e-05,
0.04600273,
0.01868723,
0,
0,
0,
0,
0,
0,
0.1570215,
0.0006847337,
0,
0.0002577988,
1.726958e-06,
0,
1.128474e-36,
0,
0,
0,
0,
0,
0.1125691,
0,
0.4767341,
0.2000253,
0.0002569123,
0.04427807,
0.01772257,
0,
0,
0,
0,
0,
0,
0.1470739,
0.0004951581,
0,
0.0008210383,
2.39283e-05,
0,
1.92593e-34,
0,
0,
0,
0,
0,
0.06168916,
0,
0.3363715,
0.176155,
0,
0.04768018,
0.02665566,
2.168404e-19,
4.816954e-06,
0,
0,
0,
0,
0.34735,
0.004090759,
2.846452e-06,
8.22846e-38,
9.860761e-32,
0,
1.559698e-07,
0,
0,
0,
0,
0,
0.03461399,
0,
0.223545,
0.1312624,
0.009368921,
0.03780929,
0.02459269,
0,
0.004290045,
3.035766e-18,
7.006492e-45,
2.057115e-38,
0,
0.4585388,
0.01077565,
1.812488e-05,
0.063261,
0.001920225,
3.851191e-06,
8.835242e-29,
0,
0,
0,
0,
0,
0.02220719,
0,
0.1729481,
0.1091855,
0.003021419,
0.0331277,
0.02408089,
1.332268e-15,
0.002413158,
4.203895e-45,
0,
0,
1.514613e-28,
0.567496,
0.01855989,
4.887106e-05,
0.04459905,
0.002304907,
7.378746e-06,
0,
0,
0,
0,
0,
0,
0.007007158,
0,
0.08169836,
0.0577149,
0.0001293953,
0.01865799,
0.01643725,
4.263256e-14,
0.001462032,
1.004451e-41,
0,
0,
3.231174e-26,
0.7655979,
0.04853931,
0.0002523998,
0.002314463,
0.0001877429,
1.075035e-06,
1.694066e-21,
0,
0,
0,
0,
0,
0.07760569,
1.355253e-20,
0.3707199,
0.1893494,
0.0003108331,
0.04839833,
0.02469694,
0,
0.002805479,
0,
2.802597e-45,
0,
0,
0.2773499,
0.003139608,
2.335054e-06,
0.005467981,
0.0001527332,
5.004201e-08,
7.974817e-07,
0,
0,
0,
0,
0,
0.132363,
8.470329e-22,
0.4654464,
0.1757926,
0,
0.03062902,
0.01039542,
0,
0.1177582,
0,
0,
0,
0,
0.06750982,
0.0001054724,
2.558717e-17,
0,
0,
5.77779e-34,
0,
0,
0,
0,
0,
0,
0.1054039,
4.235165e-22,
0.4470462,
0.1964738,
1.336361e-07,
0.04500225,
0.01898386,
1.482308e-21,
0.007436974,
0,
0,
0,
2.690493e-43,
0.1786903,
0.0009566003,
0,
6.021609e-06,
0,
4.212972e-35,
0,
0,
0,
0,
0,
0,
0.3913897,
0,
0.4971463,
0.06417117,
0,
0.005201338,
0.0004080014,
0,
0.0403976,
0,
0,
0,
0,
0.00128583,
1.262177e-29,
7.006492e-45,
0,
0,
0,
0,
0,
0,
0,
0,
0,
0.1221899,
0,
0.4958675,
0.1863373,
0.007467102,
0.03657232,
0.0133379,
1.897354e-19,
0.02277343,
0,
9.809089e-45,
0,
2.350989e-38,
0.1099853,
0.0002028431,
1.665335e-16,
0.005224445,
4.203276e-05,
7.888609e-31,
3.944305e-31,
0,
0,
0,
0,
0,
0.01507918,
0,
0.1373666,
0.08951157,
0.0019785,
0.02622116,
0.02065732,
1.065814e-14,
0.01498264,
0,
0,
0,
0,
0.6508597,
0.0227313,
5.379763e-05,
0.01777631,
0.002760636,
2.131791e-05,
7.940935e-23,
0,
0,
0,
0,
0,
0.05292117,
0,
0.2833836,
0.156402,
0.0002100932,
0.04067107,
0.02334504,
0,
0.04675768,
0,
0,
0,
0,
0.3734802,
0.006900651,
8.57522e-06,
0.01479532,
0.001122828,
1.863443e-06,
3.029226e-28,
0,
0,
0,
0,
0,
0.1385441,
2.019484e-27,
0.4807161,
0.167027,
0.00919809,
0.03220812,
0.009679782,
9.693522e-27,
0.02299587,
0,
0,
0,
0,
0.0769874,
0.0001386893,
3.771943e-22,
0.06028616,
0.002218423,
2.9106e-07,
0,
0,
0,
0,
0,
0,
0.1963596,
0,
0.5028645,
0.1358856,
0.01733661,
0.017184,
0.003630813,
0,
0.0005454432,
0,
0,
0,
0,
0.01662926,
4.519877e-06,
0,
0.1073117,
0.002247835,
5.605194e-45,
0,
0,
0,
0,
0,
0,
0.0282185,
2.081668e-17,
0.209919,
0.1292359,
0.0005562208,
0.03854847,
0.02732862,
0,
0.0002738826,
0,
1.83671e-40,
0,
1.577722e-30,
0.5430484,
0.0133745,
2.469961e-05,
0.007908214,
0.001550462,
1.30565e-05,
1.240771e-24,
0,
0,
0,
0,
0,
0.07031003,
0,
0.3566538,
0.1805798,
6.91616e-05,
0.04819225,
0.02537766,
2.428613e-17,
0.002614017,
0,
0,
0,
5.392604e-33,
0.304327,
0.003241559,
1.888748e-06,
0.007399732,
0.001230621,
2.591301e-06,
0,
0,
0,
0,
0,
0,
0.1160331,
3.388132e-21,
0.4649231,
0.1821504,
0,
0.04109138,
0.0150499,
0,
0.06489145,
0,
0,
0,
0,
0.1155461,
0.0003145531,
0,
4.591775e-40,
0,
0,
0,
0,
0,
0,
0,
0,
0.09141493,
2.964616e-21,
0.421491,
0.2016667,
0.00194472,
0.0504242,
0.02407128,
2.371692e-20,
9.693437e-05,
0,
7.006492e-45,
0,
1.469368e-38,
0.202835,
0.001292854,
3.041241e-07,
0.004727171,
3.497045e-05,
1.685189e-34,
0,
0,
0,
0,
2020, 
0,
0,
0.1244299,
0,
0.4750582,
0.1641749,
0.02378804,
0.03869029,
0.01188102,
6.352747e-22,
0.001158098,
0,
0,
0,
0,
0.1286727,
0.0004330172,
1.409463e-18,
0.03156167,
0.0001389103,
0,
1.329905e-05,
0,
0,
0,
0,
0,
0.2104926,
0,
0.5397764,
0.1194971,
0.0388437,
0.0183812,
0.003125974,
0,
0.003066925,
0,
0,
0,
0,
0.01669843,
4.063516e-06,
0,
0.05006622,
4.157336e-05,
7.23783e-25,
5.839267e-06,
0,
0,
0,
0,
0,
0.1688588,
4.963083e-24,
0.5637993,
0.167091,
0,
0.03502718,
0.008938908,
0,
0.001117716,
0,
0,
0,
1.401298e-45,
0.05510953,
5.757268e-05,
2.270048e-19,
0,
4.701977e-38,
0,
1.028558e-38,
0,
0,
0,
0,
0,
0.08291978,
1.185846e-20,
0.4043428,
0.1801532,
0.001716758,
0.0511991,
0.02209631,
0,
0.001230967,
0,
0,
0,
0,
0.2528378,
0.002003783,
9.078325e-07,
0.001490954,
7.639826e-06,
7.395571e-32,
2.696302e-33,
0,
0,
0,
0,
0,
0.03862634,
2.168404e-19,
0.2654605,
0.1157063,
0.1580724,
0.026541,
0.01169368,
2.602085e-18,
0.01826033,
3.686287e-18,
5.605194e-45,
0,
0,
0.2517133,
0.001541459,
1.651701e-07,
0.111847,
0.0005375081,
0,
1.767048e-28,
0,
0,
0,
0,
0,
0.150989,
3.877409e-26,
0.4924995,
0.1417598,
0.01701951,
0.02985656,
0.007024995,
0,
0.04941861,
0,
0,
0,
5.605194e-45,
0.06037194,
8.306687e-05,
0,
0.05070708,
0.0002632017,
0,
6.657875e-06,
0,
0,
0,
0,
0,
0.3684888,
0,
0.5410729,
0.07196338,
0,
0.006404684,
0.0005792823,
1.848893e-32,
0.009632262,
0,
0,
0,
0,
0.001858658,
1.084202e-18,
0,
0,
0,
0,
0,
0,
0,
0,
0,
0,
0.1130903,
0,
0.475732,
0.1852895,
8.216554e-05,
0.0490932,
0.018032,
0,
0,
0,
0,
0,
0,
0.1577561,
0.0006828306,
0,
0.0002404057,
1.520096e-06,
0,
1.128475e-36,
0,
0,
0,
0,
0,
0.1130335,
0,
0.4851587,
0.1844699,
0.0002843922,
0.04735022,
0.01706045,
0,
0,
0,
0,
0,
0,
0.1513524,
0.0005189973,
0,
0.0007517628,
1.965773e-05,
0,
1.92593e-34,
0,
0,
0,
0,
0,
0.06258509,
0,
0.342086,
0.1634782,
0,
0.05075112,
0.02544989,
2.168404e-19,
4.855094e-06,
0,
0,
0,
0,
0.3514081,
0.004232698,
3.002073e-06,
8.22846e-38,
9.860761e-32,
0,
1.123952e-06,
0,
0,
0,
0,
0,
0.03333303,
0,
0.2192369,
0.1197681,
0.009030251,
0.03890777,
0.02311362,
0,
0.004256221,
3.035766e-18,
7.006492e-45,
2.057115e-38,
0,
0.4627962,
0.01145316,
2.037237e-05,
0.07548288,
0.002588475,
5.887805e-06,
7.018443e-06,
0,
0,
0,
0,
0,
0.02130929,
0,
0.1694649,
0.09962301,
0.002822776,
0.03406593,
0.02260159,
1.332268e-15,
0.00252836,
4.203895e-45,
0,
0,
1.514613e-28,
0.5759976,
0.02001765,
5.645315e-05,
0.04853308,
0.002967109,
1.221157e-05,
0,
0,
0,
0,
0,
0,
0.006851371,
0,
0.08053604,
0.0532168,
0.0001248559,
0.01921823,
0.01544766,
4.263256e-14,
0.001264393,
1.004451e-41,
0,
0,
3.231174e-26,
0.7683476,
0.05218775,
0.0003034242,
0.002304802,
0.0001958064,
1.279905e-06,
1.694066e-21,
0,
0,
0,
0,
0,
0.07566715,
1.355253e-20,
0.3706128,
0.1748272,
0.0002862824,
0.05179809,
0.02417003,
0,
0.002641138,
0,
2.802597e-45,
0,
0,
0.2908239,
0.003414331,
2.604578e-06,
0.005580192,
0.000171245,
1.116436e-07,
4.965101e-06,
0,
0,
0,
0,
0,
0.1330044,
8.470329e-22,
0.4765764,
0.160282,
0,
0.03333395,
0.009981817,
0,
0.1165479,
0,
0,
0,
0,
0.07016215,
0.0001113895,
2.558717e-17,
0,
0,
5.77779e-34,
0,
0,
0,
0,
0,
0,
0.1076453,
4.235165e-22,
0.4585688,
0.1807815,
1.336361e-07,
0.04776395,
0.01806945,
1.482308e-21,
0.006899619,
0,
0,
0,
2.690493e-43,
0.1793118,
0.0009533585,
0,
6.131414e-06,
0,
4.212972e-35,
0,
0,
0,
0,
0,
0,
0.3987406,
0,
0.4973346,
0.05670409,
0,
0.005045149,
0.0003764598,
0,
0.04056547,
0,
0,
0,
0,
0.001233677,
1.262177e-29,
7.006492e-45,
0,
0,
0,
0,
0,
0,
0,
0,
0,
0.1238936,
0,
0.5019373,
0.1689501,
0.01407531,
0.03836472,
0.0124136,
1.897354e-19,
0.02278108,
0,
9.809089e-45,
0,
2.350989e-38,
0.108544,
0.0002007214,
1.665335e-16,
0.008798785,
4.075882e-05,
7.888609e-31,
3.944305e-31,
0,
0,
0,
0,
0,
0.01383054,
0,
0.132773,
0.08002617,
0.002655186,
0.02586177,
0.01858817,
1.065814e-14,
0.01318882,
0,
0,
0,
0,
0.6685712,
0.02365627,
5.519086e-05,
0.01841187,
0.002364065,
1.777812e-05,
7.940934e-23,
0,
0,
0,
0,
0,
0.05014968,
0,
0.2788528,
0.1429318,
0.0002615139,
0.04308242,
0.02268803,
0,
0.04409874,
0,
0,
0,
0,
0.3919725,
0.007668341,
1.006113e-05,
0.01700665,
0.001266854,
2.537377e-06,
8.114363e-06,
0,
0,
0,
0,
0,
0.1376112,
2.019484e-27,
0.4875514,
0.1528973,
0.01613863,
0.03433979,
0.009338764,
9.693522e-27,
0.02045236,
0,
0,
0,
0,
0.07852063,
0.0001423972,
3.771943e-22,
0.06109077,
0.0019157,
2.50832e-07,
8.863319e-07,
0,
0,
0,
0,
0,
0.1825663,
0,
0.4781608,
0.1176234,
0.05291979,
0.0169955,
0.003306171,
0,
0.000483519,
0,
0,
0,
0,
0.01595362,
4.383765e-06,
0,
0.12998,
0.002006541,
5.605194e-45,
0,
0,
0,
0,
0,
0,
0.0270475,
2.081668e-17,
0.208412,
0.1183851,
0.0009138549,
0.03960602,
0.02546878,
0,
0.0002198818,
0,
1.83671e-40,
0,
1.577722e-30,
0.5560035,
0.01402436,
2.624046e-05,
0.008520098,
0.001361545,
1.109192e-05,
1.240771e-24,
0,
0,
0,
0,
0,
0.0702966,
0,
0.3601992,
0.1674846,
0.0001432037,
0.05130368,
0.02442014,
2.428613e-17,
0.002484593,
0,
0,
0,
5.392604e-33,
0.3129196,
0.003482326,
2.161175e-06,
0.00626134,
0.0009998966,
2.138084e-06,
5.729938e-07,
0,
0,
0,
0,
0,
0.1188024,
3.388132e-21,
0.4802241,
0.1705679,
0,
0.04423426,
0.01462404,
0,
0.05287959,
0,
0,
0,
0,
0.1183428,
0.000324884,
0,
4.591775e-40,
0,
0,
0,
0,
0,
0,
0,
0,
0.09201548,
2.964615e-21,
0.4280513,
0.1861449,
0.002073025,
0.0534374,
0.02302765,
2.371692e-20,
8.781905e-05,
0,
7.006492e-45,
0,
1.469368e-38,
0.2084466,
0.001344307,
3.041241e-07,
0.005331414,
3.973428e-05,
1.685189e-34,
0,
0,
0,
0,
2021, 
0,
0,
0.1248589,
0,
0.4803817,
0.1501128,
0.02287045,
0.04103303,
0.01138554,
6.352747e-22,
0.001157576,
0,
0,
0,
0,
0.1301186,
0.0004440784,
1.409463e-18,
0.03745434,
0.0001697167,
0,
1.328616e-05,
0,
0,
0,
0,
0,
0.2136304,
0,
0.5442488,
0.1053728,
0.03250786,
0.01896045,
0.002866704,
0,
0.003052541,
0,
0,
0,
0,
0.01605669,
3.858098e-06,
0,
0.06323524,
5.877455e-05,
7.23783e-25,
5.839267e-06,
0,
0,
0,
0,
0,
0.1752563,
4.963083e-24,
0.5760349,
0.150328,
0,
0.03599459,
0.008264818,
0,
0.001176669,
0,
0,
0,
1.401298e-45,
0.05288986,
5.485061e-05,
2.270048e-19,
0,
4.701977e-38,
0,
1.028557e-38,
0,
0,
0,
0,
0,
0.08161665,
1.185846e-20,
0.4054859,
0.167246,
0.001507331,
0.05478901,
0.0217898,
0,
0.001077018,
0,
0,
0,
0,
0.2629088,
0.002211317,
1.094804e-06,
0.001359582,
7.459366e-06,
7.39557e-32,
2.696302e-33,
0,
0,
0,
0,
0,
0.03976625,
2.168404e-19,
0.2688514,
0.107316,
0.1473969,
0.0296498,
0.01162603,
2.602085e-18,
0.01730368,
3.686287e-18,
5.605194e-45,
0,
0,
0.2597803,
0.001835984,
4.156446e-07,
0.1158507,
0.0006226031,
0,
1.767049e-28,
0,
0,
0,
0,
0,
0.1522909,
3.877409e-26,
0.5053787,
0.130349,
0.01669077,
0.03226729,
0.006855327,
0,
0.04797862,
0,
0,
0,
5.605194e-45,
0.06149289,
8.469502e-05,
0,
0.04638414,
0.0002209951,
0,
6.657875e-06,
0,
0,
0,
0,
0,
0.384214,
0,
0.5368728,
0.0613355,
0,
0.006134653,
0.0005138234,
1.848893e-32,
0.009211855,
0,
0,
0,
0,
0.001717448,
1.084202e-18,
0,
0,
0,
0,
0,
0,
0,
0,
0,
0,
0.1168781,
0,
0.4892388,
0.1705661,
7.422862e-05,
0.05146476,
0.01705675,
0,
0,
0,
0,
0,
0,
0.1538531,
0.0006559511,
0,
0.0002108454,
1.313234e-06,
0,
1.128474e-36,
0,
0,
0,
0,
0,
0.1159049,
0,
0.4954186,
0.1696101,
0.0003083193,
0.0498726,
0.01616098,
0,
0,
0,
0,
0,
0,
0.1514977,
0.0005228313,
0,
0.0006885229,
1.540323e-05,
0,
1.92593e-34,
0,
0,
0,
0,
0,
0.06527121,
0,
0.3521798,
0.1526572,
0,
0.05377626,
0.02414436,
2.168404e-19,
4.891121e-06,
0,
0,
0,
0,
0.3477519,
0.004210264,
2.997229e-06,
8.22846e-38,
9.860761e-32,
0,
1.123952e-06,
0,
0,
0,
0,
0,
0.03317341,
0,
0.2200548,
0.1112234,
0.007976986,
0.0408625,
0.02207112,
0,
0.004577084,
3.035766e-18,
7.006492e-45,
2.057115e-38,
0,
0.4691564,
0.01215747,
2.284324e-05,
0.07594417,
0.002766168,
6.649841e-06,
7.018443e-06,
0,
0,
0,
0,
0,
0.0209398,
0,
0.1682243,
0.09201648,
0.002560192,
0.03531237,
0.02142309,
1.332268e-15,
0.002660922,
4.203895e-45,
0,
0,
1.514613e-28,
0.5815834,
0.02128965,
6.383959e-05,
0.05035789,
0.003550723,
1.729787e-05,
0,
0,
0,
0,
0,
0,
0.006788377,
0,
0.07989726,
0.04951807,
0.0001189656,
0.01987925,
0.01466564,
4.263256e-14,
0.001129334,
1.004451e-41,
0,
0,
3.231174e-26,
0.7692269,
0.05585561,
0.0003612047,
0.00234157,
0.0002161222,
1.681511e-06,
1.694066e-21,
0,
0,
0,
0,
0,
0.07534079,
1.355253e-20,
0.3735449,
0.1618831,
0.0002593801,
0.05498103,
0.02344819,
0,
0.003065702,
0,
2.802597e-45,
0,
0,
0.2978462,
0.003561242,
2.742534e-06,
0.005857933,
0.0002036767,
2.007052e-07,
4.888087e-06,
0,
0,
0,
0,
0,
0.1356751,
8.470329e-22,
0.4875486,
0.1453192,
1.050658e-06,
0.03559957,
0.009426389,
0,
0.1153201,
0,
0,
0,
0,
0.07082392,
0.0001129256,
2.558717e-17,
0.0001714601,
1.737677e-06,
5.77779e-34,
0,
0,
0,
0,
0,
0,
0.1128731,
4.235164e-22,
0.4734896,
0.1656941,
1.336361e-07,
0.04980696,
0.01685997,
1.482308e-21,
0.006203744,
0,
0,
0,
2.690493e-43,
0.1741531,
0.0009132629,
0,
6.131414e-06,
0,
4.212971e-35,
0,
0,
0,
0,
0,
0,
0.4205368,
0,
0.4825511,
0.048669,
0,
0.004724603,
0.0003378354,
0,
0.04203932,
0,
0,
0,
0,
0.00114137,
1.262177e-29,
7.006492e-45,
0,
0,
0,
0,
0,
0,
0,
0,
0,
0.1289262,
0,
0.5113975,
0.1526757,
0.01639406,
0.03979226,
0.0113751,
1.897354e-19,
0.02487034,
0,
9.809089e-45,
0,
2.350989e-38,
0.1042506,
0.0001918828,
1.665335e-16,
0.0100905,
3.585333e-05,
7.888609e-31,
3.944305e-31,
0,
0,
0,
0,
0,
0.01291052,
0,
0.1297907,
0.07215972,
0.002978146,
0.02579083,
0.0168393,
1.065814e-14,
0.01238449,
0,
0,
0,
0,
0.6826515,
0.02454578,
5.709522e-05,
0.01793281,
0.00194492,
1.420037e-05,
7.940934e-23,
0,
0,
0,
0,
0,
0.04866166,
0,
0.2768858,
0.1312987,
0.0002728456,
0.04546132,
0.02196919,
0,
0.0452186,
0,
0,
0,
0,
0.4036955,
0.008259078,
1.131912e-05,
0.01701326,
0.001241852,
2.75053e-06,
8.114363e-06,
0,
0,
0,
0,
0,
0.1415765,
2.019484e-27,
0.5016936,
0.1401134,
0.01773227,
0.0363977,
0.008886632,
9.693523e-27,
0.0170641,
0,
0,
0,
0,
0.07825666,
0.0001408954,
3.771944e-22,
0.0565339,
0.001602417,
2.10604e-07,
1.72561e-06,
0,
0,
0,
0,
0,
0.1876864,
0,
0.4852913,
0.1026215,
0.05866973,
0.01750864,
0.002998268,
0,
0.0004107425,
0,
0,
0,
0,
0.01524402,
4.141848e-06,
0,
0.1278205,
0.001744703,
5.605194e-45,
0,
0,
0,
0,
0,
0,
0.02665395,
2.081668e-17,
0.2094103,
0.1097132,
0.001087015,
0.04113397,
0.02397491,
0,
0.0001718611,
0,
1.83671e-40,
0,
1.577722e-30,
0.5635614,
0.01457939,
2.80198e-05,
0.008516819,
0.001160008,
9.110134e-06,
1.240771e-24,
0,
0,
0,
0,
0,
0.07121087,
0,
0.365696,
0.156111,
0.000136655,
0.05434717,
0.02344727,
2.428613e-17,
0.002199436,
0,
0,
0,
5.392604e-33,
0.3174891,
0.003649427,
2.373887e-06,
0.004941623,
0.0007668755,
1.684867e-06,
5.729938e-07,
0,
0,
0,
0,
0,
0.1222484,
3.388132e-21,
0.4918025,
0.1581433,
0,
0.04640723,
0.01389662,
0,
0.04976926,
0,
0,
0,
0,
0.1174111,
0.0003215626,
0,
4.591775e-40,
0,
0,
0,
0,
0,
0,
0,
0,
0.09497913,
2.964615e-21,
0.4385884,
0.1717713,
0.001993181,
0.05595111,
0.02169378,
2.371692e-20,
7.863741e-05,
0,
7.006492e-45,
0,
1.469368e-38,
0.2082998,
0.001338009,
2.908032e-07,
0.005267086,
3.926951e-05,
1.685189e-34,
0,
0,
0,
0,
2022, 
0,
0,
0.1242393,
1.00387e-10,
0.4836976,
0.1394431,
0.02127493,
0.04309459,
0.01109813,
1.00387e-10,
0.001066074,
9.804058e-11,
3.487833e-27,
2.363952e-21,
4.407792e-18,
0.1349028,
0.0004782797,
1.003876e-10,
0.04049989,
0.000189992,
9.804058e-11,
1.547676e-05,
0,
0,
0,
0,
0,
0.2142327,
1.153914e-10,
0.5502293,
0.09486805,
0.02802632,
0.01989493,
0.002714177,
1.153914e-10,
0.002793616,
1.063996e-11,
7.065169e-29,
1.904441e-26,
1.850401e-20,
0.01636698,
4.088804e-06,
1.153914e-10,
0.07079539,
6.774694e-05,
1.081638e-10,
6.808136e-06,
0,
0,
0,
0,
0,
0.1767576,
7.322285e-12,
0.5841537,
0.1383958,
4.211667e-15,
0.03763122,
0.007937377,
3.886377e-11,
0.001103146,
9.286211e-23,
3.038421e-40,
6.726233e-44,
9.467096e-29,
0.05396358,
5.756878e-05,
7.564076e-12,
1.242528e-10,
4.044123e-11,
5.755875e-15,
1.585425e-25,
0,
0,
0,
0,
0,
0.07984336,
8.267215e-11,
0.4048075,
0.1566919,
0.001300874,
0.057339,
0.02149626,
8.267215e-11,
0.0009230698,
8.267215e-11,
3.59022e-31,
8.403838e-24,
6.397244e-20,
0.273956,
0.00240635,
1.255138e-06,
0.001227164,
7.238918e-06,
8.267215e-11,
8.087437e-18,
0,
0,
0,
0,
0,
0.03955754,
5.715176e-11,
0.2668317,
0.09936148,
0.1426382,
0.0310005,
0.01126305,
5.715176e-11,
0.01848095,
5.715176e-11,
1.768925e-27,
6.222128e-20,
1.682586e-17,
0.2645411,
0.002000494,
5.283046e-07,
0.1236208,
0.0007035802,
5.715176e-11,
3.322821e-15,
0,
0,
0,
0,
0,
0.1516381,
1.096287e-10,
0.5125518,
0.1212529,
0.01759072,
0.03420839,
0.006778289,
1.096287e-10,
0.04775774,
1.096287e-10,
6.883887e-28,
2.622433e-22,
2.300894e-19,
0.06412584,
9.094399e-05,
1.096287e-10,
0.04381566,
0.0001818042,
1.096287e-10,
7.756038e-06,
0,
0,
0,
0,
0,
0.3886117,
6.223745e-20,
0.5411384,
0.05310688,
9.406714e-11,
0.006286379,
0.0004735544,
5.536636e-19,
0.00865583,
4.46679e-24,
0,
0,
0,
0.001727301,
1.099987e-11,
1.786462e-20,
9.406714e-11,
8.047251e-14,
5.218468e-22,
1.205117e-43,
0,
0,
0,
0,
0,
0.1174871,
1.457409e-11,
0.4953917,
0.159421,
6.74221e-05,
0.05375002,
0.01654456,
1.020147e-10,
0,
1.94552e-12,
4.07911e-37,
9.924179e-30,
3.914926e-26,
0.1564716,
0.0006820837,
8.436288e-11,
0.0001834059,
1.106477e-06,
3.500319e-11,
5.593076e-23,
0,
0,
0,
0,
0,
0.1162362,
2.629838e-11,
0.5006083,
0.1581222,
0.0003316966,
0.05203329,
0.01557043,
1.05766e-10,
0,
1.433592e-11,
1.339049e-36,
2.238068e-28,
1.537979e-25,
0.1559252,
0.0005546226,
1.05766e-10,
0.0006070071,
1.10949e-05,
1.05766e-10,
1.098434e-21,
0,
0,
0,
0,
0,
0.06568689,
7.530997e-11,
0.3556669,
0.1435724,
7.530997e-11,
0.05567401,
0.02307685,
7.531041e-11,
4.457285e-06,
7.531041e-11,
1.559781e-23,
2.928537e-18,
1.014917e-14,
0.3519542,
0.004359809,
3.171301e-06,
7.530997e-11,
7.530997e-11,
7.531041e-11,
1.316653e-06,
0,
0,
0,
0,
0,
0.03254412,
1.017108e-10,
0.2184564,
0.1038155,
0.007474808,
0.04187509,
0.02108135,
1.017108e-10,
0.004196359,
8.891908e-11,
6.764689e-23,
2.905396e-18,
4.352975e-15,
0.4757086,
0.01281153,
2.491578e-05,
0.07900199,
0.00299376,
7.409611e-06,
8.191107e-06,
0,
0,
0,
0,
0,
0.02049528,
1.231268e-10,
0.1664154,
0.08592471,
0.00235083,
0.03602269,
0.02043057,
1.231281e-10,
0.002457142,
8.398512e-11,
6.045186e-23,
1.072797e-19,
3.023626e-14,
0.5880851,
0.02242547,
6.972482e-05,
0.05141561,
0.003887446,
2.012098e-05,
1.216308e-11,
0,
0,
0,
0,
0,
0.006711774,
1.590974e-10,
0.07930061,
0.04657585,
0.0001173787,
0.02028278,
0.0139859,
1.5914e-10,
0.0009333234,
2.018826e-11,
1.122354e-23,
2.805391e-19,
1.220388e-12,
0.7708569,
0.05829192,
0.0003946051,
0.002330266,
0.0002169033,
1.758687e-06,
6.192538e-11,
0,
0,
0,
0,
0,
0.07419143,
7.618116e-11,
0.3728397,
0.1512326,
0.0002424098,
0.05721628,
0.02287956,
7.618087e-11,
0.002860506,
3.514532e-11,
3.790558e-23,
1.598838e-21,
5.336968e-15,
0.3083725,
0.003826575,
3.037743e-06,
0.006104505,
0.0002251535,
2.667468e-07,
5.513594e-06,
0,
0,
0,
0,
0,
0.1363524,
1.184979e-10,
0.4948711,
0.1338516,
1.247642e-06,
0.03765616,
0.009084636,
1.184979e-10,
0.1140604,
7.375373e-15,
8.113993e-35,
6.50133e-32,
9.403373e-23,
0.07379455,
0.0001223056,
1.184979e-10,
0.0002036065,
2.063469e-06,
5.142804e-11,
9.265652e-21,
0,
0,
0,
0,
0,
0.114156,
1.026999e-10,
0.480014,
0.1543393,
1.337224e-07,
0.05184051,
0.01616593,
1.026999e-10,
0.005451834,
1.267866e-14,
2.643585e-34,
2.676897e-31,
1.013534e-23,
0.1770745,
0.000950746,
1.026999e-10,
7.07055e-06,
8.624258e-11,
6.252628e-11,
1.361631e-20,
0,
0,
0,
0,
0,
0.4269786,
5.761589e-28,
0.4863648,
0.04271222,
0,
0.004827819,
0.000319617,
5.340142e-26,
0.0376381,
0,
0,
0,
0,
0.001158766,
3.21907e-13,
4.134143e-23,
0,
0,
0,
0,
0,
0,
0,
0,
0,
0.130811,
1.092067e-11,
0.5191578,
0.1407837,
0.01821928,
0.04136999,
0.01066054,
8.009148e-11,
0.02315548,
3.605003e-11,
8.831178e-37,
2.811655e-28,
2.786416e-26,
0.1047758,
0.0001958843,
1.135001e-10,
0.01083986,
3.067838e-05,
1.134999e-10,
2.362479e-22,
0,
0,
0,
0,
0,
0.01211937,
1.515691e-10,
0.1268841,
0.06580369,
0.003382839,
0.02554223,
0.01537524,
1.515798e-10,
0.01080489,
1.359574e-10,
3.563089e-27,
8.970104e-19,
1.323664e-15,
0.6953027,
0.02522102,
5.837673e-05,
0.01794879,
0.001545976,
1.074336e-05,
1.409362e-13,
0,
0,
0,
0,
0,
0.04714527,
9.665609e-11,
0.2744987,
0.122016,
0.0003079723,
0.0471062,
0.02133692,
9.665591e-11,
0.0411144,
9.665609e-11,
2.200442e-23,
3.114046e-20,
1.007037e-14,
0.4183207,
0.008910945,
1.258543e-05,
0.01798003,
0.001237799,
2.958283e-06,
9.533401e-06,
0,
0,
0,
0,
0,
0.1426256,
1.108989e-10,
0.5104018,
0.1306941,
0.02025218,
0.03836576,
0.008669112,
1.108989e-10,
0.01339521,
9.708283e-11,
4.165291e-29,
7.83213e-23,
2.386195e-20,
0.08097236,
0.0001501018,
1.108989e-10,
0.05317743,
0.001294268,
1.70473e-07,
2.016602e-06,
0,
0,
0,
0,
0,
0.1866231,
1.090312e-12,
0.48627,
0.09077558,
0.06590335,
0.01819972,
0.002793816,
7.631333e-12,
0.0003393247,
2.434738e-13,
9.215065e-40,
1.297482e-32,
2.331368e-29,
0.01540427,
4.361009e-06,
1.645332e-11,
0.1321804,
0.001506086,
3.511934e-12,
6.673538e-25,
0,
0,
0,
0,
0,
0.02597294,
1.225336e-10,
0.2085851,
0.1023819,
0.001231474,
0.04184596,
0.02261695,
1.225335e-10,
0.0001323173,
1.17696e-10,
8.228925e-27,
1.93551e-19,
5.425462e-17,
0.5725952,
0.01508729,
2.940196e-05,
0.008551225,
0.0009631838,
7.128461e-06,
2.198805e-14,
0,
0,
0,
0,
0,
0.07120061,
7.747335e-11,
0.3685162,
0.1469167,
0.0001435996,
0.05637645,
0.02258359,
7.747337e-11,
0.00191428,
7.747335e-11,
4.181181e-31,
1.815467e-23,
1.518746e-20,
0.324279,
0.003840812,
2.588863e-06,
0.003689275,
0.0005350878,
1.231728e-06,
5.729938e-07,
0,
0,
0,
0,
0,
0.1240489,
1.108205e-10,
0.5016131,
0.149357,
9.260346e-11,
0.04875713,
0.01354324,
1.108205e-10,
0.04188062,
9.260346e-11,
2.47449e-33,
3.431426e-26,
3.82807e-23,
0.120461,
0.0003389815,
1.108205e-10,
9.260346e-11,
9.260346e-11,
9.260346e-11,
8.025831e-20,
0,
0,
0,
0,
0,
0.0954462,
9.328142e-11,
0.4425428,
0.1606175,
0.001963189,
0.05808944,
0.02084469,
9.328142e-11,
6.6142e-05,
7.735115e-11,
5.098094e-32,
1.159895e-25,
1.025094e-22,
0.2137344,
0.001414248,
2.632489e-07,
0.00524174,
3.930321e-05,
9.328142e-11,
7.236233e-19,
0,
0,
0,
2023, 
0,
0,
0.1242254,
2.022082e-10,
0.4870799,
0.1304729,
0.01996126,
0.04484631,
0.01080012,
2.022082e-10,
0.0009680613,
1.776641e-10,
1.979926e-26,
1.049002e-20,
2.061849e-17,
0.1385599,
0.0005069571,
2.022088e-10,
0.04235825,
0.0002032312,
1.776641e-10,
1.769884e-05,
0,
0,
0,
0,
0,
0.215608,
2.312979e-10,
0.5548716,
0.08572013,
0.02404315,
0.02063081,
0.00255392,
2.312981e-10,
0.00250755,
2.31081e-11,
5.637468e-28,
8.995798e-26,
1.066858e-19,
0.01651458,
4.272574e-06,
2.312979e-10,
0.07746229,
7.584083e-05,
2.126934e-10,
7.781332e-06,
0,
0,
0,
0,
0,
0.1789317,
2.844943e-11,
0.5910623,
0.1279857,
4.233543e-15,
0.03889462,
0.007577809,
1.550376e-10,
0.001000657,
9.562232e-23,
1.656864e-38,
7.567012e-44,
2.510122e-27,
0.05448751,
5.966804e-05,
3.563308e-11,
1.863523e-10,
5.372762e-11,
1.180867e-14,
4.57256e-24,
0,
0,
0,
0,
0,
0.07878078,
1.653566e-10,
0.4046371,
0.1479747,
0.001094419,
0.05943585,
0.02114506,
1.653566e-10,
0.000769121,
1.653566e-10,
3.567321e-30,
6.100936e-23,
4.508896e-19,
0.2824869,
0.00257287,
1.398136e-06,
0.001094752,
7.018542e-06,
1.653566e-10,
5.974377e-17,
0,
0,
0,
0,
0,
0.03964802,
1.143118e-10,
0.2655538,
0.09277929,
0.1385344,
0.03226288,
0.01097152,
1.143118e-10,
0.01933892,
1.143118e-10,
1.681613e-26,
4.774708e-19,
1.205038e-16,
0.2682388,
0.00215035,
6.409811e-07,
0.1297489,
0.0007724863,
1.143118e-10,
2.057108e-14,
0,
0,
0,
0,
0,
0.1520508,
2.192733e-10,
0.5190791,
0.1135649,
0.01830444,
0.03582493,
0.006666441,
2.192737e-10,
0.0470546,
2.192733e-10,
3.279342e-27,
1.083722e-21,
9.428949e-19,
0.06611572,
9.616538e-05,
2.192733e-10,
0.04109146,
0.0001425473,
2.192733e-10,
8.854359e-06,
0,
0,
0,
0,
0,
0.3953394,
1.015924e-19,
0.542836,
0.04539891,
1.921276e-10,
0.006374958,
0.0004313637,
9.988605e-19,
0.00789186,
1.036997e-23,
0,
0,
0,
0.001727599,
2.911965e-11,
6.463167e-20,
1.921276e-10,
1.973394e-13,
1.786634e-21,
2.208446e-42,
0,
0,
0,
0,
0,
0.1187127,
2.797575e-11,
0.5012619,
0.1499683,
6.061577e-05,
0.05556197,
0.01597692,
2.034772e-10,
0,
3.65318e-12,
1.774737e-36,
2.550467e-29,
1.076275e-25,
0.1575998,
0.000700877,
1.896154e-10,
0.0001559668,
8.997208e-07,
7.875303e-11,
2.250179e-22,
0,
0,
0,
0,
0,
0.1170764,
1.320796e-10,
0.5054908,
0.1484125,
0.00035047,
0.05375106,
0.01494848,
2.115473e-10,
0,
3.728326e-11,
1.558074e-35,
1.584366e-27,
1.952993e-24,
0.1588632,
0.0005788122,
2.115473e-10,
0.0005215087,
6.77086e-06,
2.115473e-10,
7.755349e-21,
0,
0,
0,
0,
0,
0.06639758,
1.506309e-10,
0.3594723,
0.1363441,
1.506309e-10,
0.05726637,
0.02210683,
1.506314e-10,
3.985488e-06,
1.506314e-10,
5.409294e-23,
9.693093e-18,
3.229391e-14,
0.3539427,
0.004461378,
3.300326e-06,
1.506308e-10,
1.506309e-10,
1.506314e-10,
1.509383e-06,
0,
0,
0,
0,
0,
0.03213263,
2.023683e-10,
0.2172719,
0.09783303,
0.00720553,
0.04271533,
0.02024123,
2.023683e-10,
0.003798728,
1.8645e-10,
2.78664e-22,
1.185133e-17,
1.991259e-14,
0.4796525,
0.01333157,
2.665772e-05,
0.08254729,
0.003226156,
8.17186e-06,
9.351631e-06,
0,
0,
0,
0,
0,
0.0202523,
2.459603e-10,
0.1653328,
0.08128074,
0.002128653,
0.03666553,
0.01965077,
2.459616e-10,
0.002233406,
1.708129e-10,
3.179843e-22,
4.260474e-19,
1.461339e-13,
0.5922902,
0.02335619,
7.479605e-05,
0.05248439,
0.00422731,
2.293171e-05,
5.187701e-11,
0,
0,
0,
0,
0,
0.006678584,
3.182068e-10,
0.078983,
0.04432556,
0.0001150322,
0.02066029,
0.01346538,
3.182495e-10,
0.0007308223,
4.093944e-11,
6.083628e-23,
1.214205e-18,
5.739945e-12,
0.7717211,
0.06035577,
0.0004239824,
0.002320215,
0.0002184939,
1.837873e-06,
2.210348e-10,
0,
0,
0,
0,
0,
0.07362254,
1.523408e-10,
0.3728935,
0.1425585,
0.0002255007,
0.05904508,
0.02229293,
1.523402e-10,
0.00262031,
7.202965e-11,
1.485792e-22,
5.132163e-21,
2.142564e-14,
0.3160768,
0.00404309,
3.285683e-06,
0.006364525,
0.0002474314,
3.360563e-07,
6.138901e-06,
0,
0,
0,
0,
0,
0.1380267,
2.370109e-10,
0.5029714,
0.124413,
1.453538e-06,
0.03947658,
0.00874518,
2.370109e-10,
0.1097537,
1.382384e-14,
5.009906e-34,
1.912453e-31,
2.52076e-22,
0.07624181,
0.0001306651,
2.370107e-10,
0.0002372073,
2.404e-06,
1.425671e-10,
6.931752e-20,
0,
0,
0,
0,
0,
0.1158571,
2.054145e-10,
0.4863023,
0.1447766,
1.338123e-07,
0.05345863,
0.01545926,
2.054145e-10,
0.004837413,
3.956013e-14,
4.554554e-33,
3.185444e-30,
9.230755e-23,
0.1783232,
0.0009772632,
2.054145e-10,
8.050217e-06,
1.76207e-10,
1.524907e-10,
2.509992e-19,
0,
0,
0,
0,
0,
0.4367163,
9.670235e-28,
0.4869232,
0.03689478,
1.088053e-19,
0.00488176,
0.0003000346,
1.042592e-25,
0.03311279,
1.397636e-34,
0,
0,
0,
0.00117109,
9.531104e-13,
2.075226e-22,
8.202429e-15,
9.709368e-19,
1.227004e-26,
0,
0,
0,
0,
0,
0,
0.1330059,
3.242518e-11,
0.5263599,
0.130781,
0.01985676,
0.0426144,
0.009966014,
1.936074e-10,
0.02110412,
1.009645e-10,
1.314976e-35,
2.537269e-27,
2.553934e-25,
0.1044973,
0.0001974196,
2.270161e-10,
0.01159041,
2.686793e-05,
2.270159e-10,
1.786659e-21,
0,
0,
0,
0,
0,
0.01151128,
3.027483e-10,
0.1247323,
0.06077667,
0.0037616,
0.02534568,
0.01417343,
3.027589e-10,
0.009151378,
2.870195e-10,
2.200813e-26,
4.705321e-18,
7.273015e-15,
0.7055087,
0.0257551,
5.937785e-05,
0.0180517,
0.001165378,
7.358589e-06,
5.775084e-13,
0,
0,
0,
0,
0,
0.04624999,
1.933257e-10,
0.2733726,
0.1147643,
0.0003404491,
0.04848231,
0.02073953,
1.933261e-10,
0.03672963,
1.933257e-10,
8.901597e-23,
1.143405e-19,
4.406097e-14,
0.4295167,
0.009459045,
1.368812e-05,
0.01907388,
0.001243755,
3.153395e-06,
1.095265e-05,
0,
0,
0,
0,
0,
0.1441972,
2.208459e-10,
0.5177913,
0.1226776,
0.02287015,
0.03992507,
0.008410702,
2.208459e-10,
0.009877792,
2.070171e-10,
1.95488e-28,
3.222281e-22,
8.98882e-20,
0.08277883,
0.000157327,
2.208459e-10,
0.05032238,
0.0009892377,
1.303549e-07,
2.305096e-06,
0,
0,
0,
0,
0,
0.1847103,
2.043324e-12,
0.4814066,
0.07981747,
0.0757089,
0.01849641,
0.002561498,
1.506614e-11,
0.0002630944,
5.903087e-13,
7.035739e-39,
6.253444e-32,
8.502878e-29,
0.01526006,
4.485466e-06,
4.018745e-11,
0.140495,
0.001276155,
1.030056e-11,
3.140659e-24,
0,
0,
0,
0,
0,
0.02555466,
2.450332e-10,
0.2084335,
0.09666725,
0.001368815,
0.04249388,
0.02150499,
2.450332e-10,
9.99167e-05,
2.401829e-10,
4.855951e-26,
8.218086e-19,
2.015738e-16,
0.5790155,
0.01548428,
3.056727e-05,
0.008574693,
0.0007668429,
5.146794e-06,
8.628429e-14,
0,
0,
0,
0,
0,
0.07146277,
1.549579e-10,
0.3713751,
0.1394887,
0.0001505722,
0.05808621,
0.02179977,
1.549579e-10,
0.001629123,
1.549579e-10,
4.234365e-30,
1.502395e-22,
1.127624e-19,
0.3289133,
0.003996901,
2.781039e-06,
0.002763658,
0.000329696,
7.912232e-07,
5.729938e-07,
0,
0,
0,
0,
0,
0.1263046,
2.216569e-10,
0.5110968,
0.1421786,
1.891257e-10,
0.05074481,
0.01317177,
2.216569e-10,
0.03354705,
1.891257e-10,
1.729513e-32,
1.573966e-25,
2.072464e-22,
0.1226031,
0.0003532278,
2.216569e-10,
1.891257e-10,
1.891257e-10,
1.891257e-10,
8.120016e-19,
0,
0,
0,
0,
0,
0.09631279,
1.865763e-10,
0.446588,
0.1513813,
0.001927245,
0.05980269,
0.02000044,
1.865763e-10,
5.393491e-05,
1.70646e-10,
4.394148e-31,
7.437218e-25,
7.445948e-22,
0.2172174,
0.001473116,
2.356945e-07,
0.005203485,
3.922973e-05,
1.865763e-10,
4.931143e-18,
0,
0,
0,
2024, 
0,
0,
0.1244779,
3.038904e-10,
0.4898255,
0.1233657,
0.01874153,
0.04623682,
0.01051625,
3.038904e-10,
0.0008612657,
2.596738e-10,
1.345402e-25,
6.033732e-20,
1.070243e-16,
0.14117,
0.0005308092,
3.03891e-10,
0.04403887,
0.000215356,
2.596738e-10,
1.984397e-05,
0,
0,
0,
0,
0,
0.2172803,
3.472293e-10,
0.5582621,
0.078226,
0.02053827,
0.02119551,
0.002399665,
3.472296e-10,
0.002212611,
4.38252e-11,
4.838436e-27,
5.747007e-25,
6.438615e-19,
0.01656035,
4.432512e-06,
3.472293e-10,
0.0832291,
8.298864e-05,
3.174374e-10,
8.744139e-06,
0,
0,
0,
0,
0,
0.1812766,
1.085495e-10,
0.5965915,
0.1194112,
4.234994e-15,
0.03984541,
0.007225617,
2.793605e-10,
0.0009017653,
9.665011e-23,
2.40787e-36,
1.050974e-43,
1.410741e-25,
0.05468639,
6.149801e-05,
1.511597e-10,
2.060167e-10,
6.458602e-11,
2.509802e-14,
1.522119e-22,
0,
0,
0,
0,
0,
0.07816079,
2.480754e-10,
0.4047474,
0.1411361,
0.0008879724,
0.06108415,
0.02078067,
2.480754e-10,
0.0006151723,
2.480754e-10,
5.104957e-29,
6.733271e-22,
4.388905e-18,
0.2889069,
0.002710106,
1.520031e-06,
0.0009623574,
6.79837e-06,
2.480754e-10,
4.243027e-16,
0,
0,
0,
0,
0,
0.03980036,
1.71496e-10,
0.2641723,
0.08715746,
0.1363429,
0.03334725,
0.01071714,
1.71496e-10,
0.02005192,
1.71496e-10,
1.806333e-25,
4.311568e-18,
9.657087e-16,
0.270664,
0.002281937,
7.537045e-07,
0.1346356,
0.0008283646,
1.71496e-10,
1.332239e-13,
0,
0,
0,
0,
0,
0.153019,
3.289635e-10,
0.5248145,
0.1074977,
0.01880215,
0.03714774,
0.006544834,
3.289639e-10,
0.0462008,
3.289637e-10,
2.229528e-26,
8.337869e-21,
5.817902e-18,
0.06763568,
0.0001007447,
3.289635e-10,
0.03812223,
0.0001046242,
3.289635e-10,
9.95314e-06,
0,
0,
0,
0,
0,
0.4027423,
3.616121e-18,
0.5429316,
0.03867616,
2.888073e-10,
0.006428166,
0.0003894087,
3.931251e-17,
0.007106618,
1.680789e-21,
0,
0,
5.479077e-43,
0.001725737,
1.417561e-10,
4.160215e-18,
2.888073e-10,
2.665938e-12,
1.826242e-19,
5.899556e-38,
0,
0,
0,
0,
0,
0.1201487,
4.723888e-11,
0.5063826,
0.1423862,
5.380995e-05,
0.05695487,
0.01542253,
3.087737e-10,
0,
1.218075e-11,
9.811695e-35,
1.042561e-27,
1.60979e-24,
0.1578059,
0.0007161035,
2.949119e-10,
0.0001285285,
6.92964e-07,
1.840496e-10,
4.064268e-21,
0,
0,
0,
0,
0,
0.1181032,
2.379051e-10,
0.5097122,
0.1406239,
0.0003677766,
0.05506919,
0.01435424,
3.173727e-10,
0,
1.118882e-10,
5.170452e-34,
4.124607e-26,
5.495649e-23,
0.160724,
0.0005980139,
3.173727e-10,
0.0004445139,
2.986253e-06,
3.173727e-10,
1.419536e-19,
0,
0,
0,
0,
0,
0.06718635,
2.259832e-10,
0.3631297,
0.1308202,
2.259832e-10,
0.05852924,
0.02126596,
2.259839e-10,
3.437852e-06,
2.259839e-10,
2.393353e-22,
4.529107e-17,
1.259803e-13,
0.3545353,
0.004524797,
3.389049e-06,
2.259833e-10,
2.259835e-10,
2.259836e-10,
1.688014e-06,
0,
0,
0,
0,
0,
0.03188109,
3.032334e-10,
0.2164645,
0.0932323,
0.007077553,
0.04340859,
0.01957339,
3.032334e-10,
0.003356359,
2.826908e-10,
1.059364e-21,
4.334204e-17,
6.485983e-14,
0.4821034,
0.01375213,
2.814199e-05,
0.08567824,
0.003424915,
8.827489e-06,
1.051454e-05,
0,
0,
0,
0,
0,
0.02013628,
3.68691e-10,
0.1647057,
0.07789285,
0.001899271,
0.03721406,
0.01907093,
3.686924e-10,
0.001977087,
2.59084e-10,
1.61049e-21,
1.836314e-18,
5.567067e-13,
0.5948146,
0.02410628,
7.909386e-05,
0.05352096,
0.004557308,
2.560843e-05,
1.746078e-10,
0,
0,
0,
0,
0,
0.006670057,
4.773411e-10,
0.07881778,
0.04265543,
0.0001130287,
0.02099,
0.01308266,
4.773837e-10,
0.0005723065,
6.382755e-11,
3.230633e-22,
5.77229e-18,
1.765257e-11,
0.772009,
0.06206702,
0.0004491157,
0.002345524,
0.000226146,
1.959123e-06,
3.801688e-10,
0,
0,
0,
0,
0,
0.07340309,
2.285044e-10,
0.3733005,
0.1358332,
0.0002084123,
0.06048568,
0.02174626,
2.285038e-10,
0.002372944,
1.103783e-10,
6.323717e-22,
1.934229e-20,
7.25174e-14,
0.3214869,
0.004219708,
3.499215e-06,
0.006660995,
0.0002716115,
4.035683e-07,
6.764248e-06,
0,
0,
0,
0,
0,
0.140952,
3.555739e-10,
0.5137854,
0.1175928,
1.656425e-06,
0.04125924,
0.008469373,
3.555739e-10,
0.09894021,
3.808304e-14,
1.568801e-32,
4.673194e-30,
1.677516e-21,
0.07858746,
0.0001387423,
3.555737e-10,
0.000270317,
2.739553e-06,
2.435657e-10,
1.008026e-18,
0,
0,
0,
0,
0,
0.1176578,
3.081721e-10,
0.4918985,
0.1371668,
1.217598e-07,
0.05470598,
0.01480514,
3.081721e-10,
0.004208752,
1.592545e-13,
2.040637e-31,
1.301521e-28,
1.453253e-21,
0.1785499,
0.0009985211,
3.081721e-10,
8.5506e-06,
2.724286e-10,
2.487123e-10,
4.585266e-18,
0,
0,
0,
0,
0,
0.4477589,
5.167005e-26,
0.4856957,
0.03166747,
2.622028e-18,
0.004916152,
0.0002803472,
6.448294e-24,
0.02849843,
1.710724e-31,
0,
0,
0,
0.00118295,
1.004906e-11,
2.524889e-20,
1.316478e-13,
4.548812e-17,
4.190925e-24,
1.210722e-42,
0,
0,
0,
0,
0,
0.1351677,
8.965817e-11,
0.5326063,
0.1228142,
0.02149522,
0.04355419,
0.009337062,
3.071708e-10,
0.01870244,
2.145279e-10,
5.713988e-34,
7.640333e-26,
5.819671e-24,
0.1037608,
0.0001975408,
3.405794e-10,
0.01234149,
2.305825e-05,
3.405792e-10,
2.511286e-20,
0,
0,
0,
0,
0,
0.01104091,
4.539904e-10,
0.1230939,
0.05688947,
0.004098121,
0.02517995,
0.01321395,
4.54001e-10,
0.007636631,
4.381356e-10,
1.532758e-25,
2.839784e-17,
3.01649e-14,
0.7134116,
0.02617212,
6.017382e-05,
0.01834187,
0.0008569087,
4.37578e-06,
2.307644e-12,
0,
0,
0,
0,
0,
0.04577762,
2.900357e-10,
0.2732029,
0.1093735,
0.0003649419,
0.04964091,
0.02023071,
2.900361e-10,
0.03195723,
2.900357e-10,
3.315773e-22,
4.400936e-19,
1.2812e-13,
0.4383217,
0.00992332,
1.465599e-05,
0.01992649,
0.001250362,
3.302825e-06,
1.237248e-05,
0,
0,
0,
0,
0,
0.1456951,
3.308392e-10,
0.5234162,
0.1158242,
0.02505415,
0.04115175,
0.008141831,
3.308392e-10,
0.007153282,
3.169906e-10,
1.510424e-27,
2.217113e-21,
5.498608e-19,
0.08399989,
0.0001634811,
3.308392e-10,
0.04865944,
0.000737902,
9.023686e-08,
2.593712e-06,
0,
0,
0,
0,
0,
0.183709,
6.517824e-12,
0.476855,
0.07082592,
0.08418678,
0.01868429,
0.002342596,
5.006333e-11,
0.0002116692,
2.177316e-12,
6.668164e-37,
3.884345e-30,
4.165889e-27,
0.01506218,
4.599176e-06,
1.337973e-10,
0.1470722,
0.001045731,
4.086843e-11,
8.89729e-23,
0,
0,
0,
0,
0,
0.02531478,
3.675839e-10,
0.2086384,
0.09240247,
0.001499124,
0.04305563,
0.0206407,
3.675839e-10,
7.656011e-05,
3.6273e-10,
3.943529e-25,
5.390792e-18,
9.909322e-16,
0.5833931,
0.01579427,
3.156747e-05,
0.008579711,
0.0005705454,
3.165127e-06,
3.996872e-13,
0,
0,
0,
0,
0,
0.07181532,
2.324748e-10,
0.3739687,
0.1337257,
0.0001575505,
0.05945466,
0.02112073,
2.324748e-10,
0.001343967,
2.324748e-10,
5.773854e-29,
1.902393e-21,
1.148772e-18,
0.3319814,
0.004119641,
2.946034e-06,
0.002123236,
0.000185204,
4.224111e-07,
5.729938e-07,
0,
0,
0,
0,
0,
0.1282582,
3.325397e-10,
0.5184544,
0.1358914,
2.999428e-10,
0.05232268,
0.0127859,
3.325397e-10,
0.02797842,
2.999428e-10,
9.806611e-31,
6.020861e-24,
5.566063e-21,
0.123944,
0.0003650466,
3.325397e-10,
2.999428e-10,
2.999428e-10,
2.999428e-10,
1.739452e-17,
0,
0,
0,
0,
0,
0.09732478,
2.7991e-10,
0.4503069,
0.1441118,
0.001875928,
0.06113058,
0.01923051,
2.7991e-10,
4.200418e-05,
2.639797e-10,
7.781475e-30,
1.198605e-23,
5.705591e-21,
0.2192955,
0.00152019,
2.081402e-07,
0.005122731,
3.882536e-05,
2.7991e-10,
4.237907e-17,
0,
0,
0,
2025, 
0,
0,
0.124602,
4.04223e-10,
0.4911715,
0.1180198,
0.01806794,
0.04724414,
0.01027191,
4.042234e-10,
0.0007513393,
3.600068e-10,
9.546632e-25,
3.549971e-19,
4.627319e-16,
0.1428991,
0.0005503604,
4.04224e-10,
0.04617152,
0.0002294624,
3.600068e-10,
2.083492e-05,
0,
0,
0,
0,
0,
0.2186067,
4.633645e-10,
0.5601728,
0.07239953,
0.01838729,
0.02161956,
0.002265042,
4.633647e-10,
0.001919308,
7.63437e-11,
4.245551e-26,
3.540413e-24,
2.966295e-18,
0.01656044,
4.581343e-06,
4.633647e-10,
0.08796673,
8.883441e-05,
4.212345e-10,
9.188416e-06,
0,
0,
0,
0,
0,
0.1833176,
2.329439e-10,
0.6006229,
0.1129683,
4.235598e-15,
0.04055052,
0.006925575,
4.037549e-10,
0.0007976675,
9.825494e-23,
2.030505e-34,
5.661246e-43,
4.537046e-24,
0.05475418,
6.322045e-05,
2.755541e-10,
2.202429e-10,
7.686262e-11,
5.308152e-14,
1.806439e-21,
0,
0,
0,
0,
0,
0.07776707,
3.308416e-10,
0.4048431,
0.136185,
0.0006725834,
0.06231498,
0.0204678,
3.308416e-10,
0.0004534038,
3.308416e-10,
6.638537e-28,
6.206446e-21,
3.60605e-17,
0.2936577,
0.002820054,
1.621826e-06,
0.0008103281,
6.359388e-06,
3.308416e-10,
2.263935e-15,
0,
0,
0,
0,
0,
0.03985903,
2.298229e-10,
0.2622698,
0.08228775,
0.1364651,
0.0341938,
0.01048107,
2.298229e-10,
0.0207813,
2.258624e-10,
1.626273e-24,
2.854669e-17,
6.113248e-15,
0.2719672,
0.002392333,
8.536656e-07,
0.1384317,
0.000870125,
2.258624e-10,
7.063163e-13,
0,
0,
0,
0,
0,
0.1540666,
4.387163e-10,
0.5293965,
0.1031953,
0.01916347,
0.03818263,
0.006439231,
4.387166e-10,
0.04522074,
4.387164e-10,
1.434029e-25,
5.499427e-20,
3.060888e-17,
0.06879156,
0.0001047863,
4.387166e-10,
0.03535342,
7.524545e-05,
4.387163e-10,
1.044729e-05,
0,
0,
0,
0,
0,
0.4094253,
3.717954e-17,
0.5422912,
0.03345936,
3.778185e-10,
0.006462863,
0.0003510244,
4.510128e-16,
0.00628619,
6.165835e-20,
0,
1.401298e-45,
1.153671e-39,
0.001724028,
2.544576e-10,
5.924651e-17,
3.778185e-10,
1.487062e-11,
3.169431e-18,
2.824273e-35,
0,
0,
0,
0,
0,
0.1214343,
7.049127e-11,
0.5103457,
0.1368069,
4.643317e-05,
0.05798741,
0.01495405,
4.141305e-10,
0,
4.21421e-11,
3.781065e-33,
3.141078e-26,
1.959224e-23,
0.1575952,
0.0007295312,
4.002687e-10,
9.998545e-05,
4.862072e-07,
2.894063e-10,
3.931404e-20,
0,
0,
0,
0,
0,
0.1190181,
3.437917e-10,
0.5129336,
0.1348526,
0.0003814763,
0.05603373,
0.01385242,
4.232593e-10,
0,
2.168088e-10,
1.305829e-32,
7.113246e-25,
4.930236e-22,
0.1619077,
0.0006137122,
4.232593e-10,
0.0004049647,
1.706981e-06,
4.222934e-10,
1.719689e-18,
0,
0,
0,
0,
0,
0.0678629,
3.013786e-10,
0.3660983,
0.1268441,
3.013784e-10,
0.05946375,
0.02060168,
3.013794e-10,
2.848224e-06,
3.013792e-10,
1.239089e-21,
2.285701e-16,
5.090367e-13,
0.3545544,
0.004566755,
3.453113e-06,
3.013786e-10,
3.013788e-10,
3.013791e-10,
1.778757e-06,
0,
0,
0,
0,
0,
0.031744,
4.050229e-10,
0.2160641,
0.08996756,
0.006994837,
0.04399194,
0.01909897,
4.050229e-10,
0.002924905,
3.720027e-10,
4.071917e-21,
1.428875e-16,
1.145079e-13,
0.4842598,
0.01410745,
2.94214e-05,
0.0872592,
0.003537496,
9.223777e-06,
1.105008e-05,
0,
0,
0,
0,
0,
0.02004509,
4.920405e-10,
0.1640528,
0.07528824,
0.001696349,
0.03761902,
0.01862105,
4.920418e-10,
0.001715659,
3.424104e-10,
8.352784e-21,
7.309065e-18,
1.091897e-12,
0.5958697,
0.0247021,
8.267017e-05,
0.05540383,
0.004875713,
2.78193e-05,
2.979572e-10,
0,
0,
0,
0,
0,
0.006670055,
6.361858e-10,
0.07869012,
0.0414683,
0.0001202566,
0.02125008,
0.01281914,
6.362284e-10,
0.0004342501,
1.062437e-10,
1.725462e-21,
4.117442e-17,
3.498279e-11,
0.7718362,
0.06343288,
0.0004695157,
0.002555784,
0.0002512105,
2.22885e-06,
5.390134e-10,
0,
0,
0,
0,
0,
0.07331165,
3.046093e-10,
0.373592,
0.1309648,
0.0001931369,
0.06154849,
0.02129768,
3.046088e-10,
0.002134949,
1.541827e-10,
2.852868e-21,
7.866884e-20,
1.266704e-13,
0.3251947,
0.004363359,
3.685452e-06,
0.007085286,
0.000302733,
4.757322e-07,
7.003178e-06,
0,
0,
0,
0,
0,
0.1437275,
4.742078e-10,
0.5233272,
0.1128534,
1.842402e-06,
0.04273096,
0.008251428,
4.742081e-10,
0.08814467,
1.073813e-13,
3.989759e-31,
9.467909e-29,
6.612027e-21,
0.0805132,
0.0001459998,
4.742076e-10,
0.0003006671,
3.04714e-06,
3.361464e-10,
7.517006e-18,
0,
0,
0,
0,
0,
0.1192314,
4.109883e-10,
0.4963327,
0.1316021,
1.097045e-07,
0.05563097,
0.01426927,
4.109883e-10,
0.003564107,
5.373502e-13,
5.566171e-30,
2.935103e-27,
1.155604e-20,
0.1783428,
0.001017378,
4.109883e-10,
9.010418e-06,
3.658416e-10,
3.421252e-10,
5.130263e-17,
0,
0,
0,
0,
0,
0.4578675,
1.483304e-25,
0.4839263,
0.02744539,
1.693332e-17,
0.004945385,
0.0002614548,
2.489705e-23,
0.02435909,
1.505169e-29,
0,
0,
0,
0.001194904,
4.725381e-11,
4.588206e-19,
6.361757e-13,
3.775841e-16,
1.123429e-22,
1.068014e-39,
0,
0,
0,
0,
0,
0.1371015,
2.032865e-10,
0.5379823,
0.1170154,
0.02250391,
0.04427244,
0.008828248,
4.207991e-10,
0.01636479,
3.281562e-10,
2.197038e-32,
1.779605e-24,
1.094553e-22,
0.1029954,
0.0001971732,
4.542077e-10,
0.01272014,
1.872373e-05,
4.542075e-10,
2.105641e-19,
0,
0,
0,
0,
0,
0.01066643,
6.056505e-10,
0.1217782,
0.05399465,
0.004331297,
0.02501552,
0.01247894,
6.056612e-10,
0.006344202,
5.772147e-10,
1.104344e-24,
1.501028e-16,
8.39532e-14,
0.7196463,
0.02648276,
6.072982e-05,
0.01854936,
0.0006492739,
2.238589e-06,
7.905775e-12,
0,
0,
0,
0,
0,
0.04548378,
3.868009e-10,
0.27319,
0.1054746,
0.00038374,
0.05052508,
0.01982299,
3.868013e-10,
0.02795035,
3.868009e-10,
1.258201e-21,
1.701274e-18,
2.673974e-13,
0.4449159,
0.01030115,
1.547375e-05,
0.02064043,
0.001280042,
3.446528e-06,
1.305546e-05,
0,
0,
0,
0,
0,
0.1472308,
4.413196e-10,
0.5283741,
0.1108878,
0.0264529,
0.04214112,
0.007920667,
4.413196e-10,
0.00486725,
4.213918e-10,
1.379262e-26,
1.481319e-20,
3.501821e-18,
0.08494855,
0.0001690673,
4.413196e-10,
0.04648513,
0.0005197637,
5.011322e-08,
2.803032e-06,
0,
0,
0,
0,
0,
0.1847077,
1.200397e-11,
0.4765543,
0.0644653,
0.08812673,
0.01894011,
0.002168807,
1.026721e-10,
0.0001594855,
6.979496e-12,
5.267419e-35,
1.4312e-28,
8.317542e-26,
0.0149502,
4.73959e-06,
2.328261e-10,
0.1491122,
0.0008104178,
1.163186e-10,
1.305503e-21,
0,
0,
0,
0,
0,
0.02515862,
4.902046e-10,
0.208894,
0.08938174,
0.001596794,
0.04348475,
0.02000681,
4.902046e-10,
5.621973e-05,
4.853508e-10,
3.359096e-24,
3.434956e-17,
3.115949e-15,
0.586491,
0.01602725,
3.237368e-05,
0.008490596,
0.0003786378,
1.231382e-06,
1.517264e-12,
0,
0,
0,
0,
0,
0.07211906,
3.100359e-10,
0.3760218,
0.129538,
0.0001572085,
0.06047947,
0.02058304,
3.10036e-10,
0.001048944,
3.100359e-10,
7.459057e-28,
1.952617e-20,
9.83606e-18,
0.3340537,
0.004213613,
3.082199e-06,
0.001661981,
0.0001193889,
2.431198e-07,
5.209035e-07,
0,
0,
0,
0,
0,
0.1298533,
4.43486e-10,
0.5239884,
0.1311138,
3.708248e-10,
0.0535308,
0.01245495,
4.434862e-10,
0.02389738,
3.708246e-10,
3.891069e-29,
9.071659e-23,
1.048441e-19,
0.1247863,
0.000375048,
4.43486e-10,
3.708246e-10,
3.708248e-10,
3.708248e-10,
1.607139e-16,
0,
0,
0,
0,
0,
0.0982353,
3.732971e-10,
0.4532828,
0.138822,
0.001799672,
0.06211909,
0.01860982,
3.732971e-10,
3.057241e-05,
3.573668e-10,
1.260654e-28,
1.628619e-22,
3.746767e-20,
0.2205507,
0.00155938,
1.80586e-07,
0.004952696,
3.774216e-05,
3.732971e-10,
2.445737e-16,
0,
0,
0,
2026, 
0,
0,
0.1245426,
5.050041e-10,
0.4917216,
0.1147154,
0.01746113,
0.04799338,
0.01014053,
5.050046e-10,
0.0006395068,
4.552386e-10,
8.728441e-24,
2.189436e-18,
2.496016e-15,
0.1444732,
0.0005681083,
5.050051e-10,
0.04748354,
0.0002392343,
4.552386e-10,
2.183572e-05,
0,
0,
0,
0,
0,
0.2193612,
5.794096e-10,
0.5613229,
0.06891941,
0.01645234,
0.0219558,
0.002186642,
5.794094e-10,
0.001612133,
1.314424e-10,
4.312503e-25,
2.559142e-23,
1.424696e-17,
0.01660997,
4.729757e-06,
5.794099e-10,
0.09147202,
9.316377e-05,
5.261793e-10,
9.631938e-06,
0,
0,
0,
0,
0,
0.1844875,
3.574021e-10,
0.6029987,
0.1089529,
4.236588e-15,
0.04110328,
0.006744716,
5.282131e-10,
0.0006851972,
1.064707e-22,
2.385687e-32,
4.457671e-41,
2.066023e-22,
0.05496275,
6.497867e-05,
4.000123e-10,
2.334315e-10,
8.940908e-11,
9.812647e-14,
3.274165e-20,
0,
0,
0,
0,
0,
0.07734624,
4.136503e-10,
0.4044231,
0.1330081,
0.0004781581,
0.06315855,
0.02028445,
4.136503e-10,
0.0002942152,
4.136503e-10,
8.521037e-27,
6.17643e-20,
3.058448e-16,
0.2974231,
0.002907741,
1.705836e-06,
0.0006686981,
5.915915e-06,
4.136503e-10,
1.311653e-14,
0,
0,
0,
0,
0,
0.03970885,
2.876346e-10,
0.2597747,
0.07879916,
0.1375024,
0.03468208,
0.01030137,
2.876346e-10,
0.02145487,
2.816562e-10,
1.465227e-23,
2.097927e-16,
3.819528e-14,
0.2724191,
0.002470892,
9.298408e-07,
0.1419797,
0.0009058887,
2.816562e-10,
3.700718e-12,
0,
0,
0,
0,
0,
0.1545551,
5.485256e-10,
0.5319574,
0.1004687,
0.01947688,
0.03893379,
0.00638166,
5.485259e-10,
0.04437479,
5.485251e-10,
1.002869e-24,
4.033907e-19,
1.722936e-16,
0.06974337,
0.0001084034,
5.485253e-10,
0.03392058,
6.840555e-05,
5.485256e-10,
1.0942e-05,
0,
0,
0,
0,
0,
0.4138767,
1.00832e-16,
0.5417949,
0.03031936,
4.58803e-10,
0.006501215,
0.0003266456,
1.586881e-15,
0.005452971,
2.218642e-18,
0,
9.715202e-42,
7.755244e-37,
0.001728185,
3.672182e-10,
9.296619e-16,
4.588031e-10,
8.425138e-11,
6.148761e-17,
1.867077e-32,
0,
0,
0,
0,
0,
0.1221727,
1.118436e-10,
0.5126323,
0.133271,
3.905702e-05,
0.05873514,
0.01466709,
5.195416e-10,
0,
1.475532e-10,
1.632685e-31,
1.157774e-24,
3.287084e-22,
0.1576679,
0.0007432103,
5.056798e-10,
7.144354e-05,
2.794505e-07,
3.948174e-10,
4.381186e-19,
0,
0,
0,
0,
0,
0.119478,
4.49732e-10,
0.5146964,
0.1311379,
0.0003925486,
0.05670983,
0.01353369,
5.291996e-10,
0,
3.227491e-10,
3.886724e-31,
1.515233e-23,
5.733981e-21,
0.1630425,
0.0006279925,
5.291996e-10,
0.0003800626,
1.225752e-06,
5.282337e-10,
2.392642e-17,
0,
0,
0,
0,
0,
0.06818955,
3.768127e-10,
0.3676942,
0.1241866,
3.768125e-10,
0.0600691,
0.02016489,
3.768134e-10,
2.215882e-06,
3.768133e-10,
7.057356e-21,
1.346327e-15,
7.726266e-13,
0.3550771,
0.004610841,
3.515595e-06,
3.768127e-10,
3.768128e-10,
3.768131e-10,
1.869599e-06,
0,
0,
0,
0,
0,
0.03154745,
5.066491e-10,
0.215255,
0.08768337,
0.007028522,
0.04432414,
0.01877663,
5.066488e-10,
0.002465749,
4.630991e-10,
1.617398e-20,
5.423693e-16,
1.775188e-13,
0.4858029,
0.01438655,
3.043867e-05,
0.08903605,
0.003642054,
9.568957e-06,
1.158373e-05,
0,
0,
0,
0,
0,
0.01992992,
6.15677e-10,
0.1632034,
0.0734362,
0.001535238,
0.03785245,
0.01831838,
6.156783e-10,
0.001451371,
4.237359e-10,
4.473856e-20,
3.231937e-17,
1.875741e-12,
0.596419,
0.02517629,
8.553699e-05,
0.05741752,
0.005145105,
2.953094e-05,
4.215937e-10,
0,
0,
0,
0,
0,
0.006661491,
7.948174e-10,
0.07847619,
0.0406475,
0.0001345523,
0.02141923,
0.01265277,
7.9486e-10,
0.000353128,
1.6379e-10,
9.190248e-21,
2.616766e-16,
6.375698e-11,
0.7714808,
0.06449959,
0.0004850071,
0.002899175,
0.0002879763,
2.58904e-06,
6.976451e-10,
0,
0,
0,
0,
0,
0.07311977,
3.807463e-10,
0.3732626,
0.1278105,
0.000177665,
0.06226515,
0.02102534,
3.807457e-10,
0.001842164,
1.983754e-10,
1.312635e-20,
3.264221e-19,
1.887307e-13,
0.3281988,
0.004486228,
3.852602e-06,
0.007468621,
0.0003315385,
5.405292e-07,
7.242404e-06,
0,
0,
0,
0,
0,
0.1460001,
5.928925e-10,
0.5313561,
0.1103372,
1.985302e-06,
0.04394055,
0.008159088,
5.928927e-10,
0.07739291,
4.175489e-13,
7.797952e-30,
2.801507e-27,
2.146352e-20,
0.08233202,
0.0001527529,
5.928922e-10,
0.0003239874,
3.283483e-06,
4.548309e-10,
5.876719e-17,
0,
0,
0,
0,
0,
0.1201879,
5.138575e-10,
0.499034,
0.1280988,
9.765861e-08,
0.05630407,
0.01393634,
5.138575e-10,
0.002924273,
2.433314e-12,
1.709952e-28,
1.180877e-25,
1.197541e-19,
0.1784684,
0.001036674,
5.138575e-10,
9.57321e-06,
4.687107e-10,
4.449944e-10,
6.490265e-16,
0,
0,
0,
0,
0,
0.4649141,
2.627466e-25,
0.4830633,
0.02479478,
1.873192e-16,
0.00498084,
0.0002482221,
6.089742e-23,
0.02079064,
2.558044e-27,
0,
0,
4.203895e-45,
0.001208161,
1.494869e-10,
9.432537e-18,
4.055732e-12,
4.331635e-15,
4.524377e-21,
1.333374e-36,
0,
0,
0,
0,
0,
0.1383646,
3.169732e-10,
0.5418098,
0.113355,
0.0232728,
0.04481238,
0.008504019,
5.344858e-10,
0.01387815,
4.418429e-10,
1.010551e-30,
5.244366e-23,
2.59129e-21,
0.1026955,
0.0001975527,
5.678944e-10,
0.01309159,
1.867532e-05,
5.678942e-10,
2.124412e-18,
0,
0,
0,
0,
0,
0.01033377,
7.574379e-10,
0.1204832,
0.05187234,
0.004526572,
0.02480126,
0.01193613,
7.574492e-10,
0.005162731,
7.145424e-10,
8.231208e-24,
8.817464e-16,
2.070161e-13,
0.7246633,
0.02670441,
6.102916e-05,
0.01888115,
0.0005725311,
1.519351e-06,
2.793463e-11,
0,
0,
0,
0,
0,
0.04524137,
4.836158e-10,
0.2731048,
0.1030672,
0.0004009634,
0.05116023,
0.01959474,
4.836161e-10,
0.02359042,
4.836158e-10,
4.663549e-21,
7.727097e-18,
5.253405e-13,
0.4505388,
0.01061449,
1.614906e-05,
0.02133246,
0.001321005,
3.60694e-06,
1.373917e-05,
0,
0,
0,
0,
0,
0.1481657,
5.517533e-10,
0.5315773,
0.1079165,
0.02774177,
0.04288322,
0.007799011,
5.517533e-10,
0.003159519,
5.272175e-10,
1.400021e-25,
1.206907e-19,
2.557863e-17,
0.08586057,
0.0001743452,
5.517533e-10,
0.04437888,
0.0003402123,
2.017735e-08,
2.935933e-06,
0,
0,
0,
0,
0,
0.1849704,
1.914651e-11,
0.4754824,
0.06051152,
0.09146784,
0.01912642,
0.002060963,
1.857938e-10,
0.0001073017,
2.496911e-11,
4.467536e-33,
6.999055e-27,
1.814134e-24,
0.01490831,
4.881893e-06,
3.321848e-10,
0.1507531,
0.0006068483,
1.973142e-10,
1.956489e-20,
0,
0,
0,
0,
0,
0.02496308,
6.128987e-10,
0.2087098,
0.08725588,
0.001676249,
0.04370248,
0.01955952,
6.128987e-10,
3.86165e-05,
6.070615e-10,
2.995883e-23,
2.362103e-16,
9.418669e-15,
0.5890347,
0.01620354,
3.297487e-05,
0.008515078,
0.0003075205,
5.664664e-07,
6.071729e-12,
0,
0,
0,
0,
0,
0.07222877,
3.876371e-10,
0.3771679,
0.1268102,
0.0001568734,
0.06116788,
0.02024169,
3.876368e-10,
0.0007626512,
3.876368e-10,
1.001726e-26,
2.118627e-19,
8.870504e-17,
0.3359153,
0.004290674,
3.190833e-06,
0.001200742,
5.357408e-05,
6.382859e-08,
4.688131e-07,
0,
0,
0,
0,
0,
0.1308977,
5.544894e-10,
0.5277392,
0.1280009,
4.52891e-10,
0.05445538,
0.01225416,
5.544894e-10,
0.02062652,
4.528909e-10,
1.798223e-27,
2.855102e-21,
2.268078e-18,
0.1256416,
0.0003845136,
5.544894e-10,
4.528909e-10,
4.528911e-10,
4.528911e-10,
1.851361e-15,
0,
0,
0,
0,
0,
0.0987256,
4.667322e-10,
0.4548648,
0.135423,
0.001717393,
0.0628184,
0.01822842,
4.667322e-10,
1.910624e-05,
4.508019e-10,
2.316803e-27,
2.796809e-21,
3.333599e-19,
0.2218163,
0.001596213,
1.530317e-07,
0.004754138,
3.645529e-05,
4.667322e-10,
1.643659e-15,
0,
0,
0,
2027, 
0,
0,
0.1188041,
1.028932e-06,
0.4739871,
0.1097094,
0.01665173,
0.05086609,
0.01079782,
4.558182e-06,
0.0005276743,
5.147884e-08,
3.478319e-23,
6.244874e-18,
8.560178e-15,
0.1627013,
0.001588205,
3.361193e-06,
0.0536719,
0.0006636256,
1.636395e-06,
2.042405e-05,
0,
0,
0,
0,
0,
0.2063725,
3.15242e-08,
0.5434163,
0.06990681,
0.01338232,
0.02852103,
0.003924282,
2.447585e-07,
0.001324456,
2.602373e-10,
1.687624e-23,
2.193729e-21,
4.67778e-16,
0.04720662,
0.0008761277,
2.258558e-06,
0.08493007,
0.0001276721,
2.593184e-07,
9.013018e-06,
0,
0,
0,
0,
0,
0.1826826,
2.090598e-08,
0.5995733,
0.1050918,
3.859258e-15,
0.04558142,
0.007094669,
1.149556e-07,
0.0005727801,
3.793402e-22,
3.522745e-28,
5.393285e-37,
4.829327e-19,
0.05929329,
0.0001099996,
1.86064e-08,
2.297608e-10,
9.229525e-11,
1.464206e-13,
2.021497e-17,
0,
0,
0,
0,
0,
0.07226843,
2.899258e-05,
0.3818351,
0.1240973,
0.003777851,
0.06250805,
0.01984869,
9.655344e-05,
0.0001592416,
5.112691e-07,
1.877999e-21,
6.06744e-16,
1.318529e-12,
0.3079786,
0.004621326,
1.357302e-05,
0.02170754,
0.001051904,
6.300489e-06,
2.070924e-11,
0,
0,
0,
0,
0,
0.03614341,
3.153018e-06,
0.236312,
0.07044876,
0.1398123,
0.0325539,
0.009519883,
1.357792e-05,
0.01968867,
7.394794e-07,
8.032208e-23,
3.482687e-16,
1.095966e-13,
0.2607408,
0.003102873,
4.815205e-06,
0.188899,
0.002749644,
6.458935e-06,
9.473065e-12,
0,
0,
0,
0,
0,
0.1478242,
1.752679e-07,
0.5155085,
0.09702175,
0.02048511,
0.04259761,
0.00714076,
8.967047e-07,
0.03937463,
4.265141e-08,
1.698709e-24,
9.901603e-19,
3.799588e-16,
0.08586168,
0.000568351,
8.011981e-07,
0.04321604,
0.0003885659,
6.225195e-07,
1.02369e-05,
0,
0,
0,
0,
0,
0.4093268,
9.509824e-15,
0.5461618,
0.0287514,
2.914354e-06,
0.008829285,
0.0003783587,
1.656835e-13,
0.004619753,
4.187267e-15,
4.470703e-41,
1.861768e-34,
6.68731e-31,
0.001919848,
6.224593e-08,
2.204697e-13,
9.804387e-06,
5.371812e-09,
3.855484e-14,
2.466026e-27,
0,
0,
0,
0,
0,
0.1194462,
1.019886e-08,
0.5013127,
0.1270294,
0.003469681,
0.06121504,
0.01467786,
8.739828e-08,
0,
6.118769e-08,
1.673214e-24,
1.269282e-18,
5.550302e-17,
0.1601583,
0.000945109,
3.905018e-07,
0.01154835,
0.0001964396,
3.077441e-07,
1.401127e-14,
0,
0,
0,
0,
0,
0.1133588,
1.028071e-07,
0.4891193,
0.1224919,
0.006848956,
0.05709885,
0.01334489,
6.285222e-07,
0,
2.076783e-07,
1.570873e-23,
1.889306e-17,
1.054552e-15,
0.170994,
0.001335245,
2.276633e-06,
0.02463412,
0.0007684556,
2.282031e-06,
9.831052e-13,
0,
0,
0,
0,
0,
0.06494658,
1.298359e-07,
0.3508314,
0.1164778,
0.006023433,
0.05969345,
0.01956117,
9.791727e-07,
1.583541e-06,
7.943655e-07,
8.811051e-21,
2.211649e-15,
8.017068e-13,
0.3474615,
0.005302383,
9.064654e-06,
0.02853717,
0.00114501,
5.882918e-06,
1.749909e-06,
0,
0,
0,
0,
0,
0.02933026,
1.309702e-08,
0.2026183,
0.08148451,
0.006810603,
0.04327008,
0.01808004,
1.909696e-07,
0.002048377,
2.731328e-07,
5.890715e-20,
2.116707e-15,
3.119355e-13,
0.4936441,
0.01915563,
0.0001127874,
0.09760097,
0.005782655,
5.032453e-05,
1.084038e-05,
0,
0,
0,
0,
0,
0.01859321,
1.598358e-07,
0.15386,
0.06840066,
0.00129436,
0.03694645,
0.01763745,
1.776448e-06,
0.001197335,
1.607938e-08,
2.163179e-19,
1.370228e-16,
4.127769e-12,
0.6060752,
0.03318295,
0.0002814655,
0.05634423,
0.006110202,
7.450581e-05,
7.978133e-09,
0,
0,
0,
0,
0,
0.006212931,
2.034409e-05,
0.07359745,
0.03781286,
0.0001791618,
0.02072731,
0.01213889,
0.00012113,
0.0002982655,
2.277503e-07,
3.271144e-18,
2.045647e-14,
7.099502e-10,
0.7594905,
0.07573328,
0.001117788,
0.009531219,
0.002886249,
0.0001322847,
1.280576e-07,
0,
0,
0,
0,
0,
0.06967644,
1.639908e-08,
0.3606054,
0.1217214,
0.0001430305,
0.06361467,
0.02113977,
1.948782e-07,
0.001549377,
5.965372e-10,
1.744798e-20,
4.491193e-19,
2.036624e-13,
0.3473028,
0.006648633,
1.970389e-05,
0.007160668,
0.000409015,
2.141143e-06,
6.715676e-06,
0,
0,
0,
0,
0,
0.1429774,
9.257589e-09,
0.5251775,
0.1073123,
4.580371e-06,
0.0486687,
0.008906995,
7.308585e-08,
0.06667402,
6.985082e-11,
3.081792e-25,
1.678933e-22,
1.753277e-17,
0.09904459,
0.0005661577,
5.996187e-07,
0.0006398027,
2.712513e-05,
7.869898e-08,
3.599712e-14,
0,
0,
0,
0,
0,
0.1177633,
2.06906e-08,
0.4902729,
0.1230556,
6.546595e-06,
0.05954998,
0.01422109,
1.645396e-07,
0.002286932,
3.358712e-10,
5.805363e-24,
4.197173e-21,
1.825752e-16,
0.1904148,
0.001697677,
1.725678e-06,
0.0006704962,
5.847367e-05,
2.80556e-07,
3.415862e-13,
0,
0,
0,
0,
0,
0.4661016,
1.920461e-24,
0.4865189,
0.02239572,
1.873192e-16,
0.006008282,
0.0002384206,
6.679317e-22,
0.01761049,
2.558044e-27,
0,
0,
4.095715e-41,
0.001126603,
1.161569e-09,
2.893672e-16,
4.055732e-12,
4.331635e-15,
4.524377e-21,
3.485718e-33,
0,
0,
0,
0,
0,
0.1335982,
1.919189e-08,
0.5231233,
0.1071881,
0.03304982,
0.0470297,
0.008668198,
1.303166e-07,
0.01172609,
9.395532e-08,
1.404779e-25,
7.864859e-19,
1.91768e-17,
0.1054099,
0.0003402176,
1.711426e-07,
0.02965582,
0.0002101532,
1.923213e-07,
3.161606e-15,
0,
0,
0,
0,
0,
0.009470494,
9.638909e-06,
0.1122409,
0.04761228,
0.006681742,
0.02391755,
0.01132184,
5.573189e-05,
0.004140033,
6.26899e-07,
3.65027e-19,
2.685973e-15,
6.396536e-11,
0.7120575,
0.03300667,
0.0002492912,
0.03744592,
0.001777941,
1.183813e-05,
9.558041e-09,
0,
0,
0,
0,
0,
0.04241663,
5.605048e-07,
0.2599872,
0.09675007,
0.0004262397,
0.05086926,
0.01918778,
4.181938e-06,
0.01953471,
2.714435e-08,
1.40367e-20,
4.463091e-17,
9.638516e-13,
0.4683054,
0.01490242,
6.80673e-05,
0.02524318,
0.002270905,
2.049638e-05,
1.287291e-05,
0,
0,
0,
0,
0,
0.1440255,
7.215412e-08,
0.521215,
0.1043425,
0.02807692,
0.04680479,
0.008403379,
4.086999e-07,
0.002044511,
2.13651e-08,
3.129933e-25,
2.610526e-19,
7.435802e-17,
0.09812207,
0.000483501,
4.100794e-07,
0.04614997,
0.0003279637,
1.957263e-07,
2.752605e-06,
0,
0,
0,
0,
0,
0.1857195,
3.888349e-11,
0.4844743,
0.05977644,
0.08580248,
0.0240703,
0.002468183,
4.471021e-10,
6.680827e-05,
1.506886e-10,
4.358303e-31,
8.70704e-25,
9.879325e-23,
0.01928976,
2.232816e-05,
2.991397e-09,
0.1378939,
0.000416026,
1.418625e-09,
4.843781e-19,
0,
0,
0,
0,
0,
0.02335797,
2.217919e-07,
0.1976039,
0.08141612,
0.003681431,
0.04280822,
0.01881607,
2.188644e-06,
2.492474e-05,
7.257817e-07,
9.116886e-20,
3.914618e-15,
1.330308e-12,
0.5873856,
0.01952938,
8.94933e-05,
0.02401588,
0.001258659,
9.160313e-06,
5.127e-10,
0,
0,
0,
0,
0,
0.0664595,
2.096097e-06,
0.3500811,
0.1159487,
0.009755213,
0.05819843,
0.01892618,
1.042214e-05,
0.0005131841,
1.032141e-06,
2.524203e-22,
7.824012e-16,
1.327808e-13,
0.3278992,
0.005082071,
9.266188e-06,
0.04533514,
0.001769635,
8.350583e-06,
4.1673e-07,
0,
0,
0,
0,
0,
0.1262962,
2.684151e-07,
0.5119591,
0.1221167,
0.001995914,
0.05722829,
0.0126269,
1.411312e-06,
0.01799633,
5.1999e-08,
6.566424e-24,
2.188524e-18,
1.059774e-15,
0.1392682,
0.0009571746,
1.330726e-06,
0.009298821,
0.0002525966,
6.078777e-07,
2.132303e-13,
0,
0,
0,
0,
0,
0.09509768,
1.33955e-08,
0.4387901,
0.1280732,
0.004221558,
0.06393843,
0.01802736,
1.259759e-07,
1.017694e-05,
1.758498e-07,
1.533403e-22,
3.80739e-17,
1.084364e-15,
0.2283431,
0.00234576,
3.234385e-06,
0.02049847,
0.0006482351,
2.385556e-06,
1.378299e-12,
0,
0,
0,
2028, 
0,
0,
0.1117919,
2.751293e-06,
0.4525441,
0.1049588,
0.01556287,
0.05351434,
0.01157037,
1.29989e-05,
0.0004269315,
1.18566e-07,
5.324794e-22,
3.156327e-17,
6.926588e-14,
0.1869202,
0.003278105,
1.180618e-05,
0.0581856,
0.001195429,
4.931553e-06,
1.880922e-05,
0,
0,
0,
0,
0,
0.1862442,
1.434123e-07,
0.4987957,
0.06653272,
0.01102717,
0.03040665,
0.005246108,
1.504103e-06,
0.001051936,
3.399143e-09,
9.101335e-20,
9.703999e-18,
7.715171e-13,
0.1126139,
0.008659433,
0.0001197601,
0.07861508,
0.0006594127,
1.801174e-05,
8.308562e-06,
0,
0,
0,
0,
0,
0.1795248,
7.51339e-08,
0.593547,
0.1024484,
6.464029e-15,
0.05094494,
0.007712962,
4.330986e-07,
0.0004677131,
3.956418e-19,
3.327482e-26,
1.158546e-32,
1.39619e-17,
0.06516892,
0.0001847119,
6.820176e-08,
2.063101e-09,
1.627372e-09,
1.615906e-11,
2.561771e-16,
0,
0,
0,
0,
0,
0.06731334,
9.296534e-05,
0.3601469,
0.1165091,
0.004939975,
0.0624418,
0.01979272,
0.0003162267,
7.950664e-05,
9.209977e-07,
3.393577e-20,
2.594987e-15,
1.376411e-11,
0.3266252,
0.007369099,
3.962909e-05,
0.03253606,
0.00178367,
1.290759e-05,
1.424e-10,
0,
0,
0,
0,
0,
0.03267452,
1.017551e-05,
0.2137547,
0.06324579,
0.138848,
0.03040501,
0.008846047,
4.388076e-05,
0.01777831,
1.891327e-06,
2.530248e-21,
1.047204e-15,
1.355431e-12,
0.2516188,
0.004167857,
1.460637e-05,
0.2336367,
0.004937159,
1.654621e-05,
8.140115e-11,
0,
0,
0,
0,
0,
0.1386677,
8.026543e-07,
0.4901657,
0.09312573,
0.02312626,
0.04552589,
0.007981634,
4.09101e-06,
0.03455259,
2.953799e-07,
1.117468e-22,
6.11769e-17,
1.070945e-14,
0.103973,
0.001383678,
3.658595e-06,
0.06037091,
0.00110539,
3.224672e-06,
9.431962e-06,
0,
0,
0,
0,
0,
0.39777,
4.575057e-13,
0.5520264,
0.02954445,
3.520651e-05,
0.01325166,
0.0006052387,
8.056686e-12,
0.003828684,
1.526965e-12,
7.107763e-35,
1.263346e-28,
4.139004e-26,
0.002845621,
6.707606e-07,
1.434672e-11,
9.194596e-05,
1.106757e-07,
4.119972e-12,
1.692979e-23,
0,
0,
0,
0,
0,
0.114521,
6.433223e-08,
0.4833923,
0.1215541,
0.005863281,
0.06391609,
0.01520249,
5.48648e-07,
0,
3.017436e-07,
9.103926e-22,
1.272255e-16,
7.429541e-15,
0.1689071,
0.001522155,
2.598263e-06,
0.02450366,
0.0006123529,
1.908872e-06,
7.629682e-13,
0,
0,
0,
0,
0,
0.1064714,
2.178511e-07,
0.4622162,
0.1149136,
0.009332481,
0.05778733,
0.01344064,
1.481063e-06,
0,
4.334696e-07,
4.029419e-22,
1.170181e-16,
1.04763e-14,
0.186863,
0.002719838,
9.166536e-06,
0.04442909,
0.001807447,
7.734759e-06,
1.256557e-11,
0,
0,
0,
0,
0,
0.06164902,
1.474549e-07,
0.334586,
0.1100231,
0.008903079,
0.06001268,
0.01941312,
1.198631e-06,
1.325111e-06,
1.688634e-06,
3.909461e-20,
5.93604e-15,
8.476972e-13,
0.3455096,
0.006475016,
2.026848e-05,
0.05101126,
0.002375559,
1.531764e-05,
1.612716e-06,
0,
0,
0,
0,
0,
0.02694411,
1.922632e-08,
0.1886104,
0.07532614,
0.006580455,
0.04181865,
0.01736716,
3.078005e-07,
0.001676986,
7.157033e-07,
3.599885e-19,
1.035671e-14,
6.277267e-13,
0.5014434,
0.02532535,
0.0002516774,
0.1061133,
0.008415382,
0.0001160366,
9.995477e-06,
0,
0,
0,
0,
0,
0.01711899,
2.590856e-07,
0.1432714,
0.06331123,
0.001092181,
0.03563318,
0.01691574,
3.109212e-06,
0.0009589475,
2.531347e-08,
1.280183e-18,
2.921098e-16,
1.00874e-11,
0.6164094,
0.04400208,
0.0006289395,
0.05363131,
0.006887546,
0.0001356285,
4.206519e-08,
0,
0,
0,
0,
0,
0.005740603,
2.705273e-05,
0.06839117,
0.03504691,
0.0002007056,
0.01991587,
0.01164822,
0.0001735631,
0.000243403,
4.410812e-07,
2.076639e-17,
6.378555e-14,
1.667128e-09,
0.7461209,
0.08904114,
0.002032342,
0.01523639,
0.005846804,
0.0003340181,
4.764619e-07,
0,
0,
0,
0,
0,
0.06580812,
1.961727e-08,
0.3460304,
0.1160243,
0.0001064247,
0.06481583,
0.0214159,
2.535701e-07,
0.001256591,
8.813721e-10,
7.25563e-20,
7.471527e-19,
2.295399e-13,
0.3680178,
0.009389533,
4.644467e-05,
0.006610977,
0.0004670634,
4.181597e-06,
6.12518e-06,
0,
0,
0,
0,
0,
0.1375923,
3.225955e-08,
0.5123258,
0.1052124,
1.102995e-05,
0.05381858,
0.0101413,
2.858067e-07,
0.05595515,
8.440599e-10,
1.362259e-22,
5.25785e-20,
1.313637e-15,
0.1221118,
0.001431933,
3.315565e-06,
0.001300431,
9.503221e-05,
5.227927e-07,
1.220359e-12,
0,
0,
0,
0,
0,
0.1141774,
4.283627e-08,
0.4779981,
0.1188078,
1.410128e-05,
0.06316098,
0.01486065,
3.775959e-07,
0.001673629,
1.468553e-09,
3.514094e-22,
1.314326e-19,
2.434752e-15,
0.2050166,
0.002671047,
5.662896e-06,
0.001465738,
0.000146804,
9.491083e-07,
2.972859e-12,
0,
0,
0,
0,
0,
0.4599426,
7.712731e-24,
0.4941181,
0.02154965,
1.873093e-16,
0.008304932,
0.0002786611,
4.122377e-21,
0.01465453,
2.558044e-27,
4.294419e-41,
0,
7.582417e-37,
0.001151522,
1.392871e-08,
2.689289e-14,
4.054987e-12,
4.331547e-15,
4.524376e-21,
5.942031e-29,
0,
0,
0,
0,
0,
0.1274919,
8.6247e-08,
0.5007002,
0.1020532,
0.04193863,
0.04965525,
0.009166271,
5.959978e-07,
0.009628703,
4.091577e-07,
1.954547e-23,
3.769795e-17,
8.555283e-16,
0.1115065,
0.0006301877,
7.94576e-07,
0.04672811,
0.0004984891,
7.293964e-07,
7.120236e-14,
0,
0,
0,
0,
0,
0.008552622,
1.340702e-05,
0.1029791,
0.04333731,
0.008964216,
0.02267418,
0.01066555,
8.340327e-05,
0.003253831,
1.818833e-06,
2.315139e-18,
1.317723e-14,
1.818149e-10,
0.6932354,
0.04054504,
0.0005441917,
0.06136896,
0.003746658,
3.427076e-05,
4.620573e-08,
0,
0,
0,
0,
0,
0.03932395,
8.211558e-07,
0.2447588,
0.09042584,
0.0005136665,
0.05004691,
0.01875176,
6.664088e-06,
0.01566504,
1.271852e-07,
9.859142e-20,
6.260833e-16,
2.106171e-12,
0.4838505,
0.02008472,
0.0001517256,
0.03245731,
0.003895397,
5.48314e-05,
1.187878e-05,
0,
0,
0,
0,
0,
0.1379817,
3.542255e-07,
0.5050456,
0.1011888,
0.02856096,
0.05089112,
0.009274134,
1.997856e-06,
0.001381266,
1.108789e-07,
2.407057e-23,
8.814557e-18,
2.359497e-15,
0.1136678,
0.001032008,
1.75572e-06,
0.05046445,
0.0005045463,
8.27929e-07,
2.543051e-06,
0,
0,
0,
0,
0,
0.1821876,
3.77787e-10,
0.487642,
0.06109913,
0.07973544,
0.03062959,
0.003350006,
4.668434e-09,
5.145171e-05,
3.600608e-09,
4.888357e-27,
3.253835e-21,
1.655301e-19,
0.02876562,
0.0001007816,
4.555287e-08,
0.1261379,
0.0003004472,
2.5394e-08,
2.103343e-16,
0,
0,
0,
0,
0,
0.02149126,
3.95349e-07,
0.1841043,
0.07526173,
0.00608197,
0.04124536,
0.01798297,
4.18369e-06,
1.392351e-05,
2.282414e-06,
9.09441e-19,
2.906425e-14,
6.479246e-12,
0.5824263,
0.02372466,
0.0001845123,
0.04469562,
0.00275401,
2.650914e-05,
2.652177e-09,
0,
0,
0,
0,
0,
0.06022749,
5.426481e-06,
0.3201481,
0.1050659,
0.01944356,
0.05450596,
0.01755083,
2.79587e-05,
0.0003321944,
2.964101e-06,
1.828989e-21,
5.812026e-15,
8.708495e-13,
0.3181211,
0.006050256,
1.892035e-05,
0.09446359,
0.0040129,
2.242529e-05,
3.646661e-07,
0,
0,
0,
0,
0,
0.1204161,
1.109686e-06,
0.4923657,
0.1171955,
0.003161389,
0.06039512,
0.01342184,
5.956368e-06,
0.01536613,
1.721599e-07,
8.574297e-22,
5.908455e-17,
4.223671e-14,
0.1567777,
0.00189246,
5.13738e-06,
0.01835233,
0.0006409506,
2.413749e-06,
2.763207e-12,
0,
0,
0,
0,
0,
0.09077522,
3.000996e-08,
0.4213538,
0.1216141,
0.005145401,
0.06534656,
0.01813019,
3.105031e-07,
5.920922e-06,
3.612626e-07,
2.805885e-21,
2.007664e-16,
9.145212e-15,
0.2401984,
0.003561588,
1.013379e-05,
0.03250471,
0.001346518,
6.700043e-06,
1.020246e-11,
0,
0,
0,
2029, 
0,
0,
0.1041261,
4.986563e-06,
0.4290209,
0.1003419,
0.01415735,
0.05613214,
0.01242408,
2.522348e-05,
0.0003275632,
1.765404e-07,
6.812811e-21,
1.052897e-16,
4.39604e-13,
0.2155343,
0.005690432,
2.872636e-05,
0.0603476,
0.001810668,
1.097228e-05,
1.699156e-05,
0,
0,
0,
0,
0,
0.1647705,
2.862283e-07,
0.444478,
0.06050375,
0.009037737,
0.02922421,
0.005633259,
3.709977e-06,
0.000796019,
1.521568e-08,
2.753612e-17,
1.780384e-15,
1.259669e-10,
0.1755933,
0.03356136,
0.001656536,
0.07182483,
0.002633242,
0.0002742433,
8.96503e-06,
0,
0,
0,
0,
0,
0.175655,
1.665506e-07,
0.5858588,
0.1003236,
2.208138e-14,
0.05703478,
0.008485013,
1.011187e-06,
0.0003676127,
5.002053e-18,
9.258317e-25,
9.144746e-31,
1.471932e-16,
0.07198511,
0.0002887404,
1.683234e-07,
9.837e-09,
8.846506e-09,
1.193704e-10,
1.827225e-15,
0,
0,
0,
0,
0,
0.0621615,
0.0001756994,
0.3370498,
0.1089379,
0.005535653,
0.0621255,
0.01972214,
0.0006187764,
4.691848e-05,
1.33815e-06,
2.448621e-19,
7.267998e-15,
6.215757e-11,
0.3454601,
0.0106994,
7.977701e-05,
0.04438004,
0.002976652,
2.88215e-05,
5.609335e-10,
0,
0,
0,
0,
0,
0.02954527,
2.943181e-05,
0.1942274,
0.05750253,
0.1325601,
0.02897116,
0.008480833,
0.0001278257,
0.01602374,
3.339544e-06,
5.423058e-20,
4.017893e-15,
1.618875e-11,
0.2539547,
0.00665181,
4.727181e-05,
0.2648172,
0.007027868,
2.952689e-05,
8.405686e-10,
0,
0,
0,
0,
0,
0.1289114,
1.385318e-06,
0.4624665,
0.08923497,
0.02550924,
0.04840322,
0.008849612,
7.500646e-06,
0.03001525,
7.753682e-07,
1.53762e-21,
5.340778e-16,
5.733787e-14,
0.123066,
0.002448013,
8.859181e-06,
0.07901032,
0.002050457,
7.993205e-06,
8.527142e-06,
0,
0,
0,
0,
0,
0.3849574,
5.721783e-13,
0.5578011,
0.03083215,
3.520649e-05,
0.01842571,
0.0008724304,
1.121123e-11,
0.003078291,
1.526965e-12,
6.035191e-33,
1.263346e-28,
2.777914e-25,
0.003904076,
1.588494e-06,
4.997079e-11,
9.194593e-05,
1.106754e-07,
4.119972e-12,
2.254525e-22,
0,
0,
0,
0,
0,
0.1099865,
1.657902e-07,
0.4679218,
0.1175093,
0.006027408,
0.06805053,
0.01617552,
1.449257e-06,
0,
3.485725e-07,
1.462278e-20,
1.894443e-16,
6.12255e-14,
0.1828425,
0.002407361,
7.100832e-06,
0.02821879,
0.0008476405,
3.566273e-06,
4.943952e-12,
0,
0,
0,
0,
0,
0.100302,
2.856394e-07,
0.439457,
0.1091247,
0.009438558,
0.06007156,
0.0139946,
2.119835e-06,
0,
4.672013e-07,
4.662953e-21,
1.463793e-16,
3.794325e-14,
0.2109393,
0.004752713,
2.201568e-05,
0.04955013,
0.002331926,
1.25537e-05,
6.047565e-11,
0,
0,
0,
0,
0,
0.05889779,
1.489275e-07,
0.3220075,
0.1053015,
0.009184949,
0.06197358,
0.01988298,
1.23085e-06,
1.102132e-06,
1.890546e-06,
3.211426e-19,
7.58882e-15,
8.731913e-13,
0.3525879,
0.008338843,
4.051863e-05,
0.05865028,
0.003103833,
2.435493e-05,
1.458059e-06,
0,
0,
0,
0,
0,
0.02450507,
2.269795e-08,
0.174117,
0.06934688,
0.006164081,
0.04021277,
0.01668339,
3.889194e-07,
0.001353041,
1.2416e-06,
2.192805e-18,
3.783074e-14,
1.34691e-12,
0.5116096,
0.03336289,
0.0004800101,
0.1109289,
0.01102321,
0.0002025679,
9.059309e-06,
0,
0,
0,
0,
0,
0.01557102,
3.215081e-07,
0.1321023,
0.05821124,
0.0009116577,
0.03409763,
0.016156,
4.100697e-06,
0.000750599,
2.727418e-08,
6.542186e-18,
3.509976e-16,
2.283086e-11,
0.6272136,
0.05730951,
0.001161738,
0.04920958,
0.007110783,
0.0001897869,
1.554746e-07,
0,
0,
0,
0,
0,
0.005256547,
3.108325e-05,
0.0630922,
0.03235994,
0.0001941176,
0.01907443,
0.01118748,
0.000210947,
0.0002000144,
4.811026e-07,
9.979716e-17,
7.80644e-14,
3.47125e-09,
0.735481,
0.1057274,
0.00337146,
0.01645826,
0.006913128,
0.0004401009,
1.413506e-06,
0,
0,
0,
0,
0,
0.06168495,
2.027905e-08,
0.3301156,
0.1103358,
9.476719e-05,
0.06592174,
0.02173125,
2.714073e-07,
0.0009638051,
9.274351e-10,
4.576016e-19,
8.582354e-19,
2.575736e-13,
0.3896665,
0.01272757,
8.741066e-05,
0.006172124,
0.0004867878,
5.883146e-06,
5.471077e-06,
0,
0,
0,
0,
0,
0.1318188,
4.902249e-08,
0.4980335,
0.1034451,
1.198884e-05,
0.05932861,
0.01149348,
4.705825e-07,
0.04524725,
1.152953e-09,
1.796779e-21,
1.130728e-19,
5.978292e-15,
0.1463893,
0.002520277,
7.921688e-06,
0.001561085,
0.0001411157,
1.011223e-06,
6.46338e-12,
0,
0,
0,
0,
0,
0.1098949,
6.531262e-08,
0.4634756,
0.1147388,
1.559569e-05,
0.06699883,
0.015647,
6.236486e-07,
0.001211677,
2.01246e-09,
4.976079e-21,
3.236567e-19,
1.338284e-14,
0.2219603,
0.003988737,
1.290906e-05,
0.001839017,
0.0002141715,
1.782775e-06,
1.650843e-11,
0,
0,
0,
0,
0,
0.4521666,
7.762586e-24,
0.5022516,
0.02118677,
1.870709e-16,
0.011132,
0.0003344442,
4.2136e-21,
0.0117268,
2.558028e-27,
9.107996e-39,
0,
1.655295e-36,
0.001201746,
3.573466e-08,
1.124892e-13,
4.043019e-12,
4.327412e-15,
4.523995e-21,
1.426257e-27,
0,
0,
0,
0,
0,
0.120384,
1.829557e-07,
0.4743584,
0.09687737,
0.05126012,
0.05205626,
0.009701174,
1.310828e-06,
0.007738919,
1.122433e-06,
3.188418e-22,
4.10276e-16,
6.327705e-15,
0.1173785,
0.0009821892,
1.842897e-06,
0.06830066,
0.0009560055,
1.94419e-06,
3.953554e-13,
0,
0,
0,
0,
0,
0.007678759,
1.557652e-05,
0.09378637,
0.03937221,
0.01056098,
0.02147372,
0.01011107,
0.0001025542,
0.002525792,
3.493319e-06,
1.234732e-17,
6.21193e-14,
4.163505e-10,
0.6752961,
0.04995114,
0.0009800368,
0.08219113,
0.005883939,
6.69334e-05,
1.491981e-07,
0,
0,
0,
0,
0,
0.036109,
1.002606e-06,
0.2283449,
0.08405484,
0.0006981943,
0.04891578,
0.01827412,
8.677865e-06,
0.0121277,
4.099623e-07,
6.325892e-19,
6.031509e-15,
4.996682e-12,
0.4959679,
0.02578495,
0.0002671454,
0.04310416,
0.006218949,
0.0001114888,
1.075836e-05,
0,
0,
0,
0,
0,
0.1313778,
8.142153e-07,
0.4870285,
0.09831008,
0.02825316,
0.05534948,
0.01028079,
4.748186e-06,
0.001036593,
2.69135e-07,
4.650174e-22,
7.954607e-17,
2.010772e-14,
0.130862,
0.001772637,
4.342383e-06,
0.05493239,
0.0007820746,
1.986881e-06,
2.307261e-06,
0,
0,
0,
0,
0,
0.1782538,
6.042675e-10,
0.4905181,
0.06305919,
0.07238425,
0.03809641,
0.004383016,
8.26441e-09,
3.609515e-05,
8.859288e-09,
1.818728e-25,
3.378443e-20,
1.238708e-18,
0.03936377,
0.0002105042,
1.357123e-07,
0.1134379,
0.0002567999,
6.942959e-08,
1.738227e-15,
0,
0,
0,
0,
0,
0.01963971,
5.002363e-07,
0.1705136,
0.0694395,
0.007897734,
0.03977439,
0.01728894,
5.635615e-06,
7.292415e-06,
4.483225e-06,
5.772435e-18,
1.445979e-13,
1.778526e-11,
0.579187,
0.02890341,
0.0003243939,
0.06264929,
0.004313964,
5.021357e-05,
8.422137e-09,
0,
0,
0,
0,
0,
0.05387433,
1.038816e-05,
0.2893857,
0.09448846,
0.02803566,
0.05066188,
0.01623617,
5.551273e-05,
0.0001927718,
6.167348e-06,
1.632377e-20,
3.4583e-14,
4.709148e-12,
0.3087299,
0.007319516,
3.483833e-05,
0.1441759,
0.006747273,
4.522419e-05,
3.126788e-07,
0,
0,
0,
0,
0,
0.1146497,
2.421754e-06,
0.4738875,
0.1133317,
0.003251352,
0.06457849,
0.01454697,
1.351977e-05,
0.01273593,
1.96981e-07,
1.248851e-20,
8.839239e-17,
2.986404e-13,
0.1779622,
0.003141116,
1.188753e-05,
0.02102647,
0.0008562351,
4.179323e-06,
1.366899e-11,
0,
0,
0,
0,
0,
0.08662565,
5.45379e-08,
0.4055874,
0.116204,
0.004995338,
0.06773511,
0.01856219,
6.023241e-07,
4.690518e-06,
3.918832e-07,
2.48036e-20,
2.522989e-16,
4.652197e-14,
0.2577409,
0.005292253,
2.243698e-05,
0.03550359,
0.001714799,
1.059774e-05,
4.654572e-11,
0,
0,
0,
2030, 
0,
0,
0.09571632,
8.649643e-06,
0.4029299,
0.09541,
0.01263797,
0.05855313,
0.01329044,
4.677345e-05,
0.0002491099,
2.142235e-07,
8.474594e-20,
2.589922e-16,
3.111592e-12,
0.2492784,
0.009230817,
6.436295e-05,
0.0600578,
0.002489035,
2.21736e-05,
1.498704e-05,
0,
0,
0,
0,
0,
0.1430291,
4.359919e-07,
0.3883953,
0.05395138,
0.007364573,
0.02718586,
0.005593813,
6.556413e-06,
0.0005901628,
3.406863e-08,
1.358741e-15,
5.818914e-14,
5.566519e-09,
0.2151954,
0.07654098,
0.009957524,
0.06397656,
0.006320079,
0.001736179,
0.0001560675,
0,
0,
0,
0,
0,
0.1708192,
3.184216e-07,
0.5757732,
0.09827666,
5.530688e-14,
0.06381127,
0.009385765,
2.049834e-06,
0.0002692679,
2.682136e-17,
2.666806e-23,
3.013271e-29,
1.506148e-15,
0.08119032,
0.0004714596,
4.484156e-07,
2.499906e-08,
2.721404e-08,
5.231094e-10,
2.416728e-14,
0,
0,
0,
0,
0,
0.05697931,
0.0002894482,
0.3140992,
0.1015971,
0.005598596,
0.06208571,
0.01975496,
0.001065425,
3.909874e-05,
1.451535e-06,
1.707794e-18,
9.912695e-15,
2.638157e-10,
0.3704624,
0.01538666,
0.0001523687,
0.04872016,
0.003723449,
4.473189e-05,
2.429499e-09,
0,
0,
0,
0,
0,
0.02626278,
5.036223e-05,
0.1739177,
0.05161877,
0.1256405,
0.02717389,
0.008010161,
0.0002270425,
0.01448378,
5.907611e-06,
3.197811e-19,
2.31836e-14,
6.273895e-11,
0.2536917,
0.009342085,
9.204721e-05,
0.299532,
0.009897459,
5.381689e-05,
3.151083e-09,
0,
0,
0,
0,
0,
0.1184677,
1.797706e-06,
0.4325601,
0.08502762,
0.02737211,
0.05118774,
0.009690742,
1.04105e-05,
0.02601585,
1.551679e-06,
1.406597e-20,
3.158595e-15,
2.065948e-13,
0.1438749,
0.003868976,
1.828375e-05,
0.09858775,
0.003290467,
1.653406e-05,
7.522419e-06,
0,
0,
0,
0,
0,
0.3708215,
6.133228e-13,
0.5634648,
0.03235584,
3.520646e-05,
0.02442794,
0.001176193,
1.287787e-11,
0.002371685,
1.526965e-12,
4.635735e-31,
1.263346e-28,
1.864433e-24,
0.005251434,
3.317468e-06,
1.720603e-10,
9.194589e-05,
1.106741e-07,
4.119972e-12,
5.570076e-21,
0,
0,
0,
0,
0,
0.1050001,
3.265199e-07,
0.4511613,
0.1135571,
0.006020472,
0.0727087,
0.0173237,
2.95349e-06,
0,
3.485687e-07,
1.88496e-19,
1.894443e-16,
3.923273e-13,
0.2013693,
0.003776153,
1.686367e-05,
0.02821149,
0.0008476216,
3.566247e-06,
3.571842e-11,
0,
0,
0,
0,
0,
0.09409221,
3.809012e-07,
0.417093,
0.1037788,
0.009396413,
0.06309914,
0.01474205,
3.087728e-06,
0,
4.671816e-07,
4.692513e-20,
1.463793e-16,
1.741623e-13,
0.2385592,
0.007335926,
4.306402e-05,
0.04951186,
0.002331808,
1.255366e-05,
2.419364e-10,
0,
0,
0,
0,
0,
0.05607798,
1.489939e-07,
0.3097149,
0.1008819,
0.009184949,
0.0645609,
0.02056269,
1.234437e-06,
8.935543e-07,
1.890519e-06,
2.192603e-18,
7.56804e-15,
8.472604e-13,
0.3660759,
0.01108006,
7.67993e-05,
0.05865028,
0.003103833,
2.43549e-05,
1.286153e-06,
0,
0,
0,
0,
0,
0.02195332,
3.029881e-08,
0.1586338,
0.06314565,
0.005678595,
0.03827986,
0.01590642,
5.605839e-07,
0.001069401,
1.971677e-06,
1.257746e-17,
1.437345e-13,
5.191307e-12,
0.5208853,
0.04333526,
0.0008451679,
0.1155202,
0.01438724,
0.0003490402,
8.073035e-06,
0,
0,
0,
0,
0,
0.01394302,
4.788684e-07,
0.1202305,
0.05291126,
0.0007727748,
0.03228477,
0.01529383,
6.443356e-06,
0.0005680955,
2.741466e-08,
3.087541e-17,
3.579355e-16,
8.84289e-11,
0.637131,
0.07374146,
0.001994815,
0.04399261,
0.006900619,
0.0002276279,
5.723344e-07,
0,
0,
0,
0,
0,
0.004735359,
3.624165e-05,
0.05742276,
0.02951844,
0.0001838259,
0.01806194,
0.01063861,
0.0002603632,
0.0001588731,
4.966033e-07,
4.036643e-16,
8.654606e-14,
8.72198e-09,
0.7226363,
0.1251466,
0.005263977,
0.01715935,
0.008140321,
0.0006324032,
4.0881e-06,
0,
0,
0,
0,
0,
0.05728615,
2.114474e-08,
0.3127602,
0.1043629,
8.296273e-05,
0.06687824,
0.0220131,
2.962774e-07,
0.0006927968,
9.171685e-10,
2.974969e-18,
8.629654e-19,
3.812792e-13,
0.4127836,
0.0169041,
0.0001523987,
0.005596973,
0.0004744782,
6.970214e-06,
4.803788e-06,
0,
0,
0,
0,
0,
0.1253638,
7.241119e-08,
0.4812245,
0.1013987,
1.182942e-05,
0.06505338,
0.01289924,
7.467216e-07,
0.03540193,
1.159513e-09,
2.36437e-20,
1.160505e-19,
3.270069e-14,
0.1729133,
0.004024204,
1.696207e-05,
0.001545227,
0.0001451027,
1.101332e-06,
3.982215e-11,
0,
0,
0,
0,
0,
0.1048399,
9.799679e-08,
0.4467498,
0.1104736,
1.56408e-05,
0.07102594,
0.01650523,
1.007771e-06,
0.0008469202,
2.069321e-09,
5.062281e-20,
3.652215e-19,
7.190198e-14,
0.2416286,
0.005730473,
2.555478e-05,
0.001912314,
0.0002424874,
2.438111e-06,
7.822952e-11,
0,
0,
0,
0,
0,
0.4425867,
7.773756e-24,
0.5108946,
0.02111712,
1.855557e-16,
0.01458511,
0.0004058732,
4.272988e-21,
0.00909063,
1.435779e-26,
1.772071e-36,
1.401298e-45,
1.373093e-35,
0.001319856,
8.586424e-08,
5.2764e-13,
4.003497e-12,
5.447245e-15,
2.951474e-19,
8.414312e-26,
0,
0,
0,
0,
0,
0.1129227,
3.284279e-07,
0.4469902,
0.09197808,
0.05790117,
0.05494369,
0.01037745,
2.464652e-06,
0.006024058,
2.299706e-06,
5.240549e-21,
3.089326e-15,
4.362943e-14,
0.1257683,
0.001524652,
4.178978e-06,
0.08996343,
0.001592573,
4.499168e-06,
3.019988e-12,
0,
0,
0,
0,
0,
0.006917996,
1.831124e-05,
0.08555575,
0.03602101,
0.01033927,
0.02074166,
0.009843602,
0.0001291689,
0.001927761,
3.862819e-06,
8.450877e-17,
1.00436e-13,
1.28932e-09,
0.6720616,
0.06510473,
0.001790556,
0.08328003,
0.006190011,
7.417452e-05,
5.119288e-07,
0,
0,
0,
0,
0,
0.03271271,
1.219792e-06,
0.2104344,
0.07730425,
0.001013081,
0.04736286,
0.0176649,
1.123812e-05,
0.009245822,
1.117337e-06,
3.682541e-18,
4.890111e-14,
1.501946e-11,
0.5043032,
0.03219904,
0.0004317943,
0.05760294,
0.009495564,
0.0002062694,
9.518263e-06,
0,
0,
0,
0,
0,
0.1242915,
1.538293e-06,
0.467605,
0.09549133,
0.02678115,
0.06034043,
0.01142515,
9.372603e-06,
0.0008702089,
4.676693e-07,
8.427306e-21,
4.821452e-16,
1.521755e-13,
0.1514335,
0.002890326,
1.010202e-05,
0.05774856,
0.001095482,
3.838723e-06,
2.045129e-06,
0,
0,
0,
0,
0,
0.1735264,
9.328996e-10,
0.4919669,
0.06514977,
0.06397098,
0.04644048,
0.005545344,
1.40951e-08,
2.073858e-05,
1.515479e-08,
6.257254e-24,
2.459287e-19,
1.23339e-17,
0.05186027,
0.0003852437,
3.649641e-07,
0.1008577,
0.0002756921,
1.608154e-07,
1.901854e-14,
0,
0,
0,
0,
0,
0.01791954,
6.683084e-07,
0.1580858,
0.06431279,
0.007924029,
0.03896393,
0.0169416,
8.093401e-06,
5.535218e-06,
4.876366e-06,
4.026398e-17,
2.110238e-13,
6.759782e-11,
0.5894046,
0.03730544,
0.0005932716,
0.06395701,
0.0045179,
5.489227e-05,
3.195159e-08,
0,
0,
0,
0,
0,
0.04738486,
1.747383e-05,
0.257709,
0.08393799,
0.03512286,
0.04664236,
0.01492722,
9.727318e-05,
8.683874e-05,
1.112535e-05,
1.41738e-19,
1.860397e-13,
2.392317e-11,
0.3002425,
0.009112795,
6.38583e-05,
0.1942972,
0.01026062,
8.573214e-05,
2.61111e-07,
0,
0,
0,
0,
0,
0.1082421,
3.949785e-06,
0.4537375,
0.1092381,
0.003251352,
0.06888025,
0.0156779,
2.326424e-05,
0.01010573,
1.969473e-07,
8.774946e-20,
8.839239e-17,
1.252415e-12,
0.2039429,
0.004984616,
2.527274e-05,
0.02102647,
0.000856235,
4.17929e-06,
7.906262e-11,
0,
0,
0,
0,
0,
0.08207919,
8.504478e-08,
0.3887269,
0.1107081,
0.004866557,
0.07037926,
0.01906121,
9.981562e-07,
3.749849e-06,
3.918508e-07,
1.787629e-19,
2.522988e-16,
1.936871e-13,
0.2795585,
0.007706647,
4.463319e-05,
0.03514132,
0.001711936,
1.05977e-05,
2.208742e-10,
0,
0,
0,
2031, 
0,
0,
0.08683737,
1.419635e-05,
0.3751141,
0.09004962,
0.01091122,
0.06086758,
0.01414203,
8.210602e-05,
0.0001769484,
2.267282e-07,
9.954436e-19,
4.056386e-16,
2.037981e-11,
0.28767,
0.01422148,
0.0001353683,
0.056768,
0.002961091,
3.594174e-05,
1.278417e-05,
0,
0,
0,
0,
0,
0.1212239,
4.817828e-07,
0.3323045,
0.04733048,
0.005901739,
0.02494766,
0.005404407,
7.834262e-06,
0.0004061126,
4.001468e-08,
3.100205e-15,
1.330771e-13,
3.195479e-08,
0.2333105,
0.1246389,
0.03117064,
0.05489758,
0.009971546,
0.005163298,
0.003320395,
0,
0,
0,
0,
0,
0.1650237,
5.737999e-07,
0.5633214,
0.09601384,
1.222451e-13,
0.07133736,
0.01040117,
3.942043e-06,
0.0001733832,
1.262372e-16,
8.409704e-22,
1.011486e-27,
1.628245e-14,
0.09294143,
0.00078185,
1.215934e-06,
5.109734e-08,
6.711986e-08,
1.853834e-09,
3.308342e-13,
0,
0,
0,
0,
0,
0.05167091,
0.0004125445,
0.2905766,
0.09400321,
0.005579487,
0.06208936,
0.01976763,
0.001603781,
3.1279e-05,
1.451498e-06,
1.216301e-17,
9.912691e-15,
1.008643e-09,
0.3998187,
0.02171998,
0.0002806977,
0.04867669,
0.003722959,
4.473186e-05,
1.098435e-08,
0,
0,
0,
0,
0,
0.02264483,
6.766897e-05,
0.1513209,
0.04499887,
0.1202915,
0.02487128,
0.007372145,
0.0003209357,
0.01351121,
1.053264e-05,
1.592511e-18,
1.611814e-13,
1.838651e-10,
0.248871,
0.01220322,
0.0001526855,
0.3393416,
0.01391986,
0.0001018603,
1.011763e-08,
0,
0,
0,
0,
0,
0.1076063,
2.067478e-06,
0.4014248,
0.08046602,
0.0284219,
0.05404681,
0.01051488,
1.275042e-05,
0.02218279,
2.729688e-06,
1.367806e-19,
1.729445e-14,
6.867802e-13,
0.1667699,
0.005782263,
3.563825e-05,
0.1178246,
0.004868499,
3.16561e-05,
6.417933e-06,
0,
0,
0,
0,
0,
0.3555419,
6.767934e-13,
0.5690134,
0.0338619,
3.520642e-05,
0.03135229,
0.001511685,
1.585775e-11,
0.001666009,
1.526964e-12,
3.565532e-29,
1.263346e-28,
2.898173e-23,
0.006919119,
6.522738e-06,
5.828872e-10,
9.194585e-05,
1.106664e-07,
4.119966e-12,
1.429097e-19,
0,
0,
0,
0,
0,
0.09910905,
5.250482e-07,
0.4316181,
0.1088431,
0.006019246,
0.07724437,
0.01838785,
4.994565e-06,
0,
3.485666e-07,
1.449509e-18,
1.89474e-16,
1.779118e-12,
0.2238735,
0.005772977,
3.615259e-05,
0.0282263,
0.0008593842,
4.061446e-06,
2.268898e-10,
0,
0,
0,
0,
0,
0.08757377,
5.05068e-07,
0.3938397,
0.09818321,
0.00935616,
0.06647633,
0.01553096,
4.457556e-06,
0,
4.671574e-07,
4.955179e-19,
1.463875e-16,
8.47027e-13,
0.2667387,
0.01037292,
7.520608e-05,
0.04948802,
0.00234633,
1.327928e-05,
8.862627e-10,
0,
0,
0,
0,
0,
0.05282827,
1.490937e-07,
0.295605,
0.09581511,
0.00918496,
0.06698538,
0.02113832,
1.239838e-06,
6.849768e-07,
1.89056e-06,
1.42372e-17,
7.446563e-15,
8.607819e-13,
0.3817649,
0.01467377,
0.0001372265,
0.05869603,
0.003139575,
2.643365e-05,
1.097917e-06,
0,
0,
0,
0,
0,
0.01932593,
4.557661e-08,
0.1423589,
0.05665416,
0.005111519,
0.03604254,
0.01500632,
8.991323e-07,
0.0008085939,
2.954617e-06,
7.240151e-17,
5.425754e-13,
2.500508e-11,
0.5284252,
0.05558731,
0.001431328,
0.1197755,
0.01885188,
0.0006097005,
7.213442e-06,
0,
0,
0,
0,
0,
0.01227721,
8.82404e-07,
0.1078671,
0.04740459,
0.0006484906,
0.03025255,
0.01432617,
1.206392e-05,
0.0004189019,
2.73875e-08,
1.504014e-16,
3.557369e-16,
4.422656e-10,
0.6448851,
0.09360109,
0.003282309,
0.03829348,
0.00647661,
0.0002512946,
2.114636e-06,
0,
0,
0,
0,
0,
0.00418822,
4.335042e-05,
0.05150954,
0.02652759,
0.0001710919,
0.01691482,
0.01000176,
0.0003299978,
0.0001184889,
4.997386e-07,
1.621267e-15,
8.924764e-14,
2.508218e-08,
0.7076724,
0.1477254,
0.007947303,
0.01719013,
0.00883956,
0.0008079679,
1.187301e-05,
0,
0,
0,
0,
0,
0.05264019,
2.261829e-08,
0.2940597,
0.09790224,
7.114919e-05,
0.06769316,
0.02221143,
3.392817e-07,
0.0004761205,
8.992293e-10,
2.025528e-17,
8.336951e-19,
1.005091e-12,
0.4371649,
0.02213163,
0.0002566331,
0.004934288,
0.0004466348,
7.484092e-06,
4.103711e-06,
0,
0,
0,
0,
0,
0.1182969,
1.02498e-07,
0.4626119,
0.0988303,
1.164046e-05,
0.07097258,
0.01428929,
1.135398e-06,
0.0257057,
1.160036e-09,
2.35215e-19,
1.164255e-19,
1.61841e-13,
0.2015738,
0.006004968,
3.3089e-05,
0.001518145,
0.0001490442,
1.308605e-06,
2.089878e-10,
0,
0,
0,
0,
0,
0.09905276,
1.474176e-07,
0.427872,
0.1057561,
1.562901e-05,
0.07524954,
0.01739063,
1.629295e-06,
0.0005596237,
2.070484e-09,
5.373575e-19,
3.668619e-19,
4.077943e-13,
0.2638682,
0.008016666,
4.776923e-05,
0.001917379,
0.000249092,
2.780479e-06,
3.71097e-10,
0,
0,
0,
0,
0,
0.4312992,
7.846973e-24,
0.520027,
0.02113884,
1.685271e-16,
0.01877818,
0.0004915643,
4.520951e-21,
0.006742688,
1.634008e-26,
3.707603e-34,
2.802597e-45,
6.933058e-34,
0.001522276,
2.015058e-07,
2.568875e-12,
3.678136e-12,
3.281135e-14,
4.241255e-17,
5.454311e-24,
0,
0,
0,
0,
0,
0.1052165,
5.376145e-07,
0.4195222,
0.08709797,
0.06185663,
0.05842794,
0.01115809,
4.261853e-06,
0.00440139,
4.076841e-06,
8.541329e-20,
2.030457e-14,
2.880986e-13,
0.1369115,
0.002352774,
9.361785e-06,
0.1105801,
0.002446919,
9.714695e-06,
2.423107e-11,
0,
0,
0,
0,
0,
0.006154733,
2.074568e-05,
0.07669278,
0.03243022,
0.01116877,
0.01971813,
0.00943111,
0.0001547034,
0.001353296,
8.172021e-06,
4.096659e-16,
1.875677e-12,
3.457463e-09,
0.6526573,
0.07730967,
0.002588997,
0.1011886,
0.008969294,
0.0001523864,
1.093972e-06,
0,
0,
0,
0,
0,
0.02920585,
1.493191e-06,
0.1914842,
0.07017621,
0.001426501,
0.0454973,
0.01692576,
1.464453e-05,
0.006679172,
2.58926e-06,
2.203392e-17,
3.287277e-13,
5.189493e-11,
0.5093729,
0.03948641,
0.0006698453,
0.0749069,
0.0137838,
0.0003582411,
8.180948e-06,
0,
0,
0,
0,
0,
0.1164392,
2.559123e-06,
0.4453924,
0.09209551,
0.0248789,
0.06538886,
0.01257015,
1.639815e-05,
0.0007038243,
8.409975e-07,
1.372715e-19,
3.776337e-15,
1.024302e-12,
0.1738803,
0.004471328,
2.209572e-05,
0.06248427,
0.001642891,
8.663324e-06,
1.756748e-06,
0,
0,
0,
0,
0,
0.1685412,
1.334781e-09,
0.4933537,
0.06729046,
0.05463087,
0.05574633,
0.006825455,
2.227805e-08,
1.265892e-05,
2.082273e-08,
2.054805e-22,
1.282789e-18,
1.122977e-16,
0.06643701,
0.0006617532,
9.433474e-07,
0.08620398,
0.0002952813,
3.355219e-07,
2.166773e-13,
0,
0,
0,
0,
0,
0.01615041,
8.745449e-07,
0.1447304,
0.0588656,
0.008589702,
0.03792658,
0.0164989,
1.127295e-05,
4.050208e-06,
8.30047e-06,
2.349619e-16,
2.37128e-12,
2.381075e-10,
0.5908069,
0.04530042,
0.0009098213,
0.07420465,
0.005898844,
9.323498e-05,
7.96793e-08,
0,
0,
0,
0,
0,
0.0408282,
2.61975e-05,
0.2254783,
0.07330237,
0.040663,
0.04253161,
0.01360524,
0.0001533639,
4.65452e-05,
1.871859e-05,
1.441199e-18,
1.032392e-12,
1.18835e-10,
0.2929731,
0.01168446,
0.0001194511,
0.2436155,
0.01479336,
0.0001603216,
2.120228e-07,
0,
0,
0,
0,
0,
0.1011077,
5.697666e-06,
0.4311597,
0.1044055,
0.003251352,
0.0730321,
0.01670131,
3.560785e-05,
0.007475533,
1.969061e-07,
6.103498e-19,
8.839213e-17,
4.907362e-12,
0.2333137,
0.007573938,
5.078221e-05,
0.02102647,
0.000856235,
4.179248e-06,
4.664202e-10,
0,
0,
0,
0,
0,
0.07696859,
1.203628e-07,
0.3697464,
0.1045905,
0.004724878,
0.07291661,
0.01948132,
1.502903e-06,
2.80918e-06,
3.918153e-07,
1.301763e-18,
2.523121e-16,
7.697149e-13,
0.3040413,
0.01094968,
8.406446e-05,
0.03475672,
0.001723586,
1.143614e-05,
1.097054e-09,
0,
0,
0,
2032, 
0,
0,
0.07780431,
2.219354e-05,
0.3463103,
0.08439228,
0.009182167,
0.06270797,
0.01487683,
0.0001377021,
0.0001126584,
2.254547e-07,
1.183016e-17,
5.184633e-16,
1.308737e-10,
0.3282503,
0.02096264,
0.0002731525,
0.05169005,
0.00321521,
5.147533e-05,
1.059763e-05,
0,
0,
0,
0,
0,
0.10031,
4.948677e-07,
0.2777371,
0.0405725,
0.004897104,
0.02213523,
0.005039013,
8.383484e-06,
0.0002470587,
4.146089e-08,
4.619089e-15,
1.843273e-13,
9.677564e-08,
0.2369451,
0.1605438,
0.06007405,
0.04617173,
0.01227069,
0.009305052,
0.02374251,
0,
0,
0,
0,
0,
0.1582945,
9.095485e-07,
0.5484247,
0.09367476,
4.641037e-13,
0.07930136,
0.01151101,
6.759473e-06,
8.620697e-05,
1.177164e-15,
2.854249e-20,
9.489563e-26,
1.602566e-13,
0.1073974,
0.00129869,
3.312547e-06,
1.240002e-07,
1.867253e-07,
7.380792e-09,
4.584158e-12,
0,
0,
0,
0,
0,
0.04637618,
0.0005211611,
0.2670891,
0.08638274,
0.005241456,
0.06183125,
0.01966646,
0.002150646,
2.345926e-05,
1.405647e-06,
9.021238e-17,
9.896091e-15,
3.568757e-09,
0.4298787,
0.02963333,
0.000496991,
0.04686517,
0.003784655,
5.722075e-05,
5.015057e-08,
0,
0,
0,
0,
0,
0.01926838,
8.122514e-05,
0.1306522,
0.03892583,
0.1122234,
0.02263581,
0.006744463,
0.0004078245,
0.01416473,
1.844736e-05,
8.38976e-18,
1.216485e-12,
5.24707e-10,
0.2450443,
0.01554195,
0.0002463664,
0.3746346,
0.01921304,
0.0001974794,
3.593671e-08,
0,
0,
0,
0,
0,
0.09686439,
2.21832e-06,
0.3706591,
0.07583322,
0.02851738,
0.05682274,
0.01127961,
1.447768e-05,
0.01877428,
4.382534e-06,
1.487103e-18,
9.085707e-14,
2.285427e-12,
0.1911943,
0.008377757,
6.879689e-05,
0.1347162,
0.006807286,
5.860022e-05,
5.314867e-06,
0,
0,
0,
0,
0,
0.3396528,
7.628924e-13,
0.5739182,
0.03536207,
3.494147e-05,
0.03912428,
0.001872698,
2.068151e-11,
0.0009811603,
1.526584e-12,
2.813941e-27,
1.263351e-28,
4.638797e-22,
0.008950314,
1.236878e-05,
1.945023e-09,
9.105488e-05,
1.103418e-07,
4.932174e-12,
3.743936e-18,
0,
0,
0,
0,
0,
0.09250288,
7.654727e-07,
0.4099392,
0.1037137,
0.005705349,
0.08146349,
0.01936456,
7.735735e-06,
0,
3.430042e-07,
1.199496e-17,
1.893587e-16,
8.039872e-12,
0.2505575,
0.008644025,
7.454912e-05,
0.02717848,
0.0008431766,
4.224169e-06,
1.475579e-09,
0,
0,
0,
0,
0,
0.08117096,
6.506337e-07,
0.3717888,
0.09285434,
0.008726894,
0.07025442,
0.01636422,
6.276867e-06,
0,
4.482775e-07,
5.650176e-18,
1.4467e-16,
4.225174e-12,
0.295277,
0.01389758,
0.0001247417,
0.0472424,
0.002278025,
1.327887e-05,
3.301746e-09,
0,
0,
0,
0,
0,
0.049365,
1.374603e-07,
0.2809407,
0.09054073,
0.008637375,
0.06927694,
0.02162364,
1.158278e-06,
4.864706e-07,
1.818345e-06,
9.961724e-17,
7.245487e-15,
1.126183e-12,
0.4008903,
0.01931094,
0.000238334,
0.05610373,
0.00304106,
2.670909e-05,
9.151859e-07,
0,
0,
0,
0,
0,
0.01679248,
5.585385e-08,
0.1264871,
0.05035063,
0.004490112,
0.03373602,
0.01407362,
1.174399e-06,
0.0005679794,
4.087124e-06,
4.122876e-16,
1.790177e-12,
7.592812e-11,
0.5347491,
0.06988793,
0.002318487,
0.1216811,
0.02384506,
0.001007941,
7.164021e-06,
0,
0,
0,
0,
0,
0.01069624,
1.224338e-06,
0.09606149,
0.04217342,
0.0005252179,
0.0283031,
0.0133985,
1.746734e-05,
0.0002912956,
2.592796e-08,
9.146498e-16,
3.436582e-16,
1.452655e-09,
0.6504413,
0.1146333,
0.004980297,
0.03231323,
0.005892406,
0.0002654606,
5.987267e-06,
0,
0,
0,
0,
0,
0.003646787,
5.118982e-05,
0.04566108,
0.02355388,
0.0001535616,
0.01568681,
0.00930809,
0.0004161078,
7.810471e-05,
4.812975e-07,
6.665309e-15,
9.123355e-14,
7.672604e-08,
0.6904072,
0.1723576,
0.01162132,
0.01653603,
0.009407099,
0.001080168,
3.44634e-05,
0,
0,
0,
0,
0,
0.04793353,
2.356946e-08,
0.2746819,
0.09124296,
6.040829e-05,
0.06825747,
0.02230039,
3.936784e-07,
0.000313879,
8.44718e-10,
1.475261e-16,
7.929295e-19,
4.073537e-12,
0.4616109,
0.0285047,
0.0004242978,
0.004250013,
0.0004080556,
7.708165e-06,
3.419016e-06,
0,
0,
0,
0,
0,
0.1108962,
1.403811e-07,
0.4429553,
0.09592634,
1.120507e-05,
0.07675926,
0.01559815,
1.679164e-06,
0.01607329,
1.153692e-09,
2.459856e-18,
1.164164e-19,
8.241164e-13,
0.2315021,
0.008607982,
6.255214e-05,
0.001457083,
0.0001473091,
1.393293e-06,
1.140045e-09,
0,
0,
0,
0,
0,
0.0926911,
2.194855e-07,
0.4072582,
0.1007705,
1.502945e-05,
0.07938174,
0.01825727,
2.614905e-06,
0.0002987814,
2.039973e-09,
6.105497e-18,
3.665225e-19,
2.414879e-12,
0.2881415,
0.01099082,
8.758871e-05,
0.001856606,
0.0002450995,
2.918351e-06,
1.876978e-09,
0,
0,
0,
0,
0,
0.4185019,
8.067834e-24,
0.5292123,
0.02138451,
1.514981e-16,
0.02378526,
0.0005952515,
5.539365e-21,
0.004659334,
1.610797e-26,
8.732203e-32,
2.802597e-45,
4.254081e-32,
0.001861008,
4.677599e-07,
1.270809e-11,
3.30959e-12,
3.365549e-14,
5.523934e-17,
3.778061e-22,
0,
0,
0,
0,
0,
0.09774594,
7.708115e-07,
0.3941239,
0.08262948,
0.06235247,
0.06253444,
0.01203087,
6.533031e-06,
0.002939739,
6.438456e-06,
1.380249e-18,
1.153189e-13,
1.640458e-12,
0.1513307,
0.003589269,
2.064656e-05,
0.1271582,
0.003510799,
1.979954e-05,
1.914595e-10,
0,
0,
0,
0,
0,
0.005448418,
2.179965e-05,
0.06818208,
0.0290238,
0.01246157,
0.0186919,
0.009018614,
0.0001723973,
0.0008287414,
2.243995e-05,
2.437879e-15,
2.969437e-11,
9.01897e-09,
0.6240891,
0.08585007,
0.003274475,
0.1288291,
0.01375069,
0.0003331203,
1.717854e-06,
0,
0,
0,
0,
0,
0.02585569,
1.83606e-06,
0.1734304,
0.06340955,
0.001663506,
0.04382521,
0.01624818,
1.947198e-05,
0.004390663,
4.148963e-06,
1.568045e-16,
1.231846e-12,
2.127941e-10,
0.517912,
0.04890554,
0.001066796,
0.08560152,
0.01714264,
0.0005159014,
6.982063e-06,
0,
0,
0,
0,
0,
0.1082321,
3.760596e-06,
0.4221948,
0.08839186,
0.02245491,
0.07027881,
0.01362967,
2.565821e-05,
0.0005374398,
1.336166e-06,
1.424237e-18,
1.859012e-14,
5.187498e-12,
0.1980915,
0.006625479,
4.498979e-05,
0.06703942,
0.002427903,
1.89519e-05,
1.468926e-06,
0,
0,
0,
0,
0,
0.1624195,
1.678198e-09,
0.4913473,
0.06897931,
0.04522829,
0.06550948,
0.008158324,
3.079492e-08,
7.087949e-06,
2.510484e-08,
6.457395e-21,
5.375775e-18,
8.110238e-16,
0.08277076,
0.001093078,
2.383877e-06,
0.07415363,
0.0003301084,
6.516448e-07,
2.501841e-12,
0,
0,
0,
0,
0,
0.01450374,
1.15922e-06,
0.1320653,
0.0537926,
0.008968281,
0.0371501,
0.01618855,
1.594121e-05,
2.565197e-06,
1.436161e-05,
1.794356e-15,
1.744119e-11,
9.967273e-10,
0.5908149,
0.05382854,
0.001338254,
0.08355542,
0.007598768,
0.0001612153,
2.033256e-07,
0,
0,
0,
0,
0,
0.03465735,
3.597078e-05,
0.1950214,
0.06340008,
0.0438197,
0.03870173,
0.01240419,
0.0002232912,
3.490865e-05,
2.999367e-05,
1.817741e-17,
6.018302e-12,
6.064051e-10,
0.2888936,
0.01539911,
0.000231217,
0.2863816,
0.02046446,
0.0003012145,
1.794943e-07,
0,
0,
0,
0,
0,
0.09370821,
7.587737e-06,
0.4076933,
0.09927451,
0.003069906,
0.0769499,
0.01760348,
5.061212e-05,
0.004845334,
1.921782e-07,
4.805125e-18,
8.819325e-17,
1.948985e-11,
0.264635,
0.01104286,
9.784914e-05,
0.02018172,
0.0008352162,
4.355545e-06,
2.702511e-09,
0,
0,
0,
0,
0,
0.07153492,
1.586747e-07,
0.3496644,
0.09826124,
0.004333999,
0.07525496,
0.01982537,
2.120082e-06,
1.868511e-06,
3.758284e-07,
1.042498e-17,
2.488508e-16,
3.129303e-12,
0.3311504,
0.01526734,
0.0001554322,
0.03286965,
0.00166619,
1.149909e-05,
5.881232e-09,
0,
0,
0,
2033, 
0,
0,
0.06867143,
3.401084e-05,
0.3163016,
0.07835013,
0.007612378,
0.06387722,
0.01543716,
0.0002271202,
6.273028e-05,
2.161477e-07,
1.487836e-16,
6.767061e-16,
8.870633e-10,
0.3693982,
0.02999903,
0.0005431618,
0.04605717,
0.003348351,
7.16202e-05,
8.515849e-06,
0,
0,
0,
0,
0,
0.0810477,
4.822662e-07,
0.2273619,
0.03417655,
0.004066301,
0.01919909,
0.004555603,
8.279344e-06,
0.000136185,
4.118226e-08,
4.627742e-15,
1.850552e-13,
1.103631e-07,
0.2281392,
0.1743462,
0.08031373,
0.03772738,
0.01287544,
0.01158225,
0.0844635,
0,
0,
0,
0,
0,
0.1506214,
1.288868e-06,
0.5308263,
0.09117445,
5.52006e-12,
0.08757289,
0.01270103,
1.048685e-05,
4.095148e-05,
3.107295e-14,
1.15072e-18,
3.204903e-23,
1.585209e-12,
0.1248636,
0.002177145,
9.330795e-06,
4.830943e-07,
7.213284e-07,
3.887636e-08,
7.063404e-11,
0,
0,
0,
0,
0,
0.04108123,
0.0006022921,
0.2434013,
0.07867559,
0.004790166,
0.0611737,
0.01941136,
0.002646351,
1.563952e-05,
1.321979e-06,
7.388197e-16,
9.667799e-15,
1.245516e-08,
0.4599011,
0.03973289,
0.0008798564,
0.04393101,
0.003689267,
6.661752e-05,
2.546173e-07,
0,
0,
0,
0,
0,
0.01610552,
9.142858e-05,
0.1115532,
0.03331427,
0.102286,
0.02050428,
0.006143659,
0.0004879991,
0.01787233,
3.135262e-05,
5.430936e-17,
9.629211e-12,
1.709144e-09,
0.2425731,
0.01981485,
0.0004147838,
0.4024349,
0.02598311,
0.0003890748,
1.656701e-07,
0,
0,
0,
0,
0,
0.08639883,
2.236719e-06,
0.3407217,
0.07116855,
0.02761972,
0.05952205,
0.01196924,
1.538301e-05,
0.01600517,
6.53642e-06,
1.885e-17,
4.76055e-13,
7.782576e-12,
0.2174339,
0.01200879,
0.0001359615,
0.1477371,
0.009142588,
0.0001079856,
4.221843e-06,
0,
0,
0,
0,
0,
0.3236656,
8.693494e-13,
0.5776875,
0.03665927,
3.174088e-05,
0.04775806,
0.002251298,
2.952832e-11,
0.0003872649,
1.387769e-12,
3.211874e-25,
1.148501e-28,
1.049053e-20,
0.01145217,
2.427969e-05,
7.387773e-09,
8.269616e-05,
1.002921e-07,
4.860904e-12,
1.477941e-16,
0,
0,
0,
0,
0,
0.08534513,
1.072416e-06,
0.3863582,
0.09811679,
0.005173225,
0.08517315,
0.02017904,
1.162307e-05,
0,
3.155729e-07,
1.13087e-16,
1.777928e-16,
4.053928e-11,
0.2809326,
0.01281055,
0.0001544491,
0.02495155,
0.0007880746,
4.19364e-06,
1.080935e-08,
0,
0,
0,
0,
0,
0.074861,
8.356863e-07,
0.3504303,
0.08765677,
0.007876766,
0.07427336,
0.01719417,
8.864664e-06,
0,
4.088707e-07,
6.988944e-17,
1.34032e-16,
2.320842e-11,
0.3240007,
0.01816272,
0.0002073858,
0.04319986,
0.002114142,
1.269718e-05,
1.441599e-08,
0,
0,
0,
0,
0,
0.04569822,
1.24338e-07,
0.2655478,
0.08501942,
0.007828005,
0.07133292,
0.02198878,
1.062238e-06,
2.879643e-07,
1.664831e-06,
8.127093e-16,
6.705743e-15,
2.855162e-12,
0.4225757,
0.02527435,
0.0004116584,
0.0514666,
0.002826863,
2.583546e-05,
7.5946e-07,
0,
0,
0,
0,
0,
0.01436806,
6.258928e-08,
0.1111587,
0.04428547,
0.003862096,
0.0314232,
0.01313301,
1.398466e-06,
0.0003428975,
5.362654e-06,
2.679574e-15,
5.881534e-12,
2.165975e-10,
0.5395516,
0.0862793,
0.003645759,
0.1211873,
0.02915164,
0.001594224,
9.935864e-06,
0,
0,
0,
0,
0,
0.009203144,
1.498972e-06,
0.08483139,
0.03721491,
0.0004143877,
0.02643783,
0.01250646,
2.246434e-05,
0.000175886,
2.362737e-08,
6.064951e-15,
3.180492e-16,
4.353985e-09,
0.6532022,
0.1368647,
0.007257455,
0.02636429,
0.005209237,
0.0002777058,
1.638298e-05,
0,
0,
0,
0,
0,
0.00312156,
6.511692e-05,
0.03995053,
0.02064313,
0.0001345657,
0.01440492,
0.008575548,
0.000562901,
3.77205e-05,
4.441777e-07,
2.917243e-14,
9.824872e-14,
2.738933e-07,
0.6702227,
0.198926,
0.01666925,
0.01534952,
0.00978939,
0.001444586,
0.0001019039,
0,
0,
0,
0,
0,
0.04319699,
2.730559e-08,
0.2546932,
0.08440116,
5.037903e-05,
0.06852109,
0.02226053,
5.312681e-07,
0.000197626,
7.637123e-10,
1.212111e-15,
7.250517e-19,
2.408991e-11,
0.4856994,
0.03634382,
0.0007016588,
0.00356088,
0.0003620831,
7.822058e-06,
2.803959e-06,
0,
0,
0,
0,
0,
0.1032892,
1.958478e-07,
0.4224295,
0.09261303,
1.017134e-05,
0.08225822,
0.01676944,
2.554187e-06,
0.006511347,
1.07696e-09,
3.068322e-17,
1.116377e-19,
5.115518e-12,
0.2624147,
0.01210796,
0.0001195173,
0.001333836,
0.0001389183,
1.419539e-06,
7.070709e-09,
0,
0,
0,
0,
0,
0.08582215,
3.425397e-07,
0.3849543,
0.09546477,
1.374199e-05,
0.08328896,
0.01905755,
4.401395e-06,
0.0001027477,
1.90647e-09,
7.798399e-17,
3.545849e-19,
1.667214e-11,
0.3142518,
0.01491897,
0.0001617788,
0.001723156,
0.0002323154,
2.968175e-06,
1.048397e-08,
0,
0,
0,
0,
0,
0.4046887,
1.179059e-23,
0.5379412,
0.02172269,
1.344691e-16,
0.02973325,
0.0007168135,
1.607404e-20,
0.002823302,
1.587543e-26,
3.30409e-29,
2.802597e-45,
6.596864e-30,
0.002372865,
1.15757e-06,
7.415276e-11,
2.940892e-12,
3.354259e-14,
6.909484e-17,
3.999603e-20,
0,
0,
0,
0,
0,
0.09094922,
1.003395e-06,
0.3724099,
0.07883811,
0.05969156,
0.06787192,
0.01308102,
9.21472e-06,
0.001668805,
8.471116e-06,
2.392829e-17,
4.587561e-13,
9.112365e-12,
0.1708643,
0.005559126,
4.698339e-05,
0.1345389,
0.004427828,
3.370715e-05,
1.633579e-09,
0,
0,
0,
0,
0,
0.004843966,
2.267067e-05,
0.06093601,
0.02618491,
0.01314357,
0.01816539,
0.008854859,
0.000192614,
0.0003797487,
4.7631e-05,
2.380897e-14,
2.626082e-10,
3.08714e-08,
0.6013522,
0.09442388,
0.00409058,
0.1488956,
0.01791404,
0.0005496135,
2.656542e-06,
0,
0,
0,
0,
0,
0.02258351,
2.370204e-06,
0.1555412,
0.05673817,
0.001812264,
0.04200993,
0.01550872,
2.722529e-05,
0.00252252,
6.222387e-06,
1.157581e-15,
4.907951e-12,
9.782973e-10,
0.5245867,
0.05993623,
0.001686336,
0.09505386,
0.02119737,
0.0007810703,
6.334006e-06,
0,
0,
0,
0,
0,
0.09980089,
5.226144e-06,
0.3982624,
0.08436572,
0.01959866,
0.07492922,
0.01456997,
3.839651e-05,
0.0003710552,
1.933467e-06,
1.660141e-17,
8.379272e-14,
2.807229e-11,
0.2240173,
0.00962651,
9.090256e-05,
0.07072476,
0.003553889,
4.200673e-05,
1.185123e-06,
0,
0,
0,
0,
0,
0.1561505,
1.772159e-09,
0.4882031,
0.07038045,
0.03573661,
0.07569774,
0.009519415,
3.481677e-08,
1.516975e-06,
2.79155e-08,
2.392023e-19,
2.221891e-17,
3.967552e-15,
0.1007075,
0.001768269,
6.079023e-06,
0.06146705,
0.0003604936,
1.22675e-06,
3.117366e-11,
0,
0,
0,
0,
0,
0.01297717,
1.667261e-06,
0.1200017,
0.04904756,
0.009179813,
0.03656896,
0.01598476,
2.411223e-05,
1.080186e-06,
2.79648e-05,
2.081906e-14,
1.565697e-10,
5.397145e-09,
0.5866112,
0.06239381,
0.001912877,
0.09458455,
0.01035976,
0.0003225855,
5.554495e-07,
0,
0,
0,
0,
0,
0.02891041,
4.613284e-05,
0.1667754,
0.05430991,
0.04475201,
0.03524976,
0.01134409,
0.0003054544,
2.327209e-05,
4.615213e-05,
2.905986e-16,
3.660882e-11,
3.225571e-09,
0.2887138,
0.02085222,
0.0004670412,
0.3201578,
0.02747342,
0.0005729338,
2.691904e-07,
0,
0,
0,
0,
0,
0.08612934,
9.672464e-06,
0.3834123,
0.09379739,
0.002782506,
0.08051426,
0.01833686,
6.945327e-05,
0.002371176,
1.765249e-07,
4.517909e-17,
8.282193e-17,
8.659892e-11,
0.297363,
0.01573092,
0.0001876076,
0.0185134,
0.0007775443,
4.289949e-06,
1.70517e-08,
0,
0,
0,
0,
0,
0.06580527,
2.037919e-07,
0.3283138,
0.09167052,
0.003861167,
0.07724451,
0.02005214,
2.935869e-06,
1.333783e-06,
3.429843e-07,
9.76399e-17,
2.305993e-16,
1.450687e-11,
0.3602425,
0.02108607,
0.0002902313,
0.02987385,
0.001543971,
1.106608e-05,
3.540599e-08,
0,
0,
0,
2034, 
0,
0,
0.05967496,
5.18159e-05,
0.2856232,
0.07197081,
0.006142356,
0.06425187,
0.01577857,
0.0003733682,
2.637559e-05,
2.011917e-07,
1.992091e-15,
1.128231e-15,
6.379539e-09,
0.4093965,
0.04201528,
0.001075321,
0.04009767,
0.003412312,
0.0001023193,
7.137488e-06,
0,
0,
0,
0,
0,
0.06371561,
4.567528e-07,
0.1821085,
0.02835181,
0.003321479,
0.01639464,
0.004038766,
7.980459e-06,
6.300786e-05,
3.981333e-08,
4.64312e-15,
1.852839e-13,
1.282636e-07,
0.213703,
0.1855884,
0.099355,
0.02973456,
0.01307673,
0.01319735,
0.1473426,
0,
0,
0,
0,
0,
0.1421375,
1.662509e-06,
0.5105268,
0.08839195,
1.675502e-10,
0.09595516,
0.01394327,
1.492316e-05,
2.466199e-05,
1.779325e-12,
5.30348e-17,
2.75344e-20,
1.571331e-11,
0.1453028,
0.003667122,
2.683331e-05,
3.133479e-06,
3.862725e-06,
2.597526e-07,
1.129416e-09,
0,
0,
0,
0,
0,
0.03590832,
0.0006504519,
0.2197456,
0.07097752,
0.004281374,
0.06009667,
0.01900487,
0.003041393,
7.819777e-06,
1.200338e-06,
6.930453e-15,
9.011339e-15,
4.391874e-08,
0.4886636,
0.05262416,
0.001570267,
0.03989342,
0.003457163,
7.482943e-05,
1.393851e-06,
0,
0,
0,
0,
0,
0.013051,
9.626664e-05,
0.09290334,
0.0278235,
0.09238221,
0.01826268,
0.005502586,
0.0005456909,
0.02608983,
5.230216e-05,
3.183306e-16,
7.99765e-11,
5.676106e-09,
0.2376712,
0.02488565,
0.0007097592,
0.4244433,
0.03479433,
0.00078547,
8.663029e-07,
0,
0,
0,
0,
0,
0.07625305,
2.201085e-06,
0.3113257,
0.06632762,
0.02592164,
0.06194847,
0.01254023,
1.618989e-05,
0.01468183,
9.23134e-06,
2.814458e-16,
2.600886e-12,
3.881077e-11,
0.2451445,
0.01719167,
0.0002782275,
0.1562302,
0.01192513,
0.0002008918,
3.208827e-06,
0,
0,
0,
0,
0,
0.3077938,
1.151584e-12,
0.5796446,
0.03763422,
2.854028e-05,
0.0574354,
0.00265713,
5.296364e-11,
6.076775e-05,
1.248954e-12,
5.670542e-23,
1.033652e-28,
3.709122e-19,
0.01462082,
5.032347e-05,
3.203927e-08,
7.433744e-05,
9.023562e-08,
4.918448e-12,
7.627843e-15,
0,
0,
0,
0,
0,
0.07774951,
1.492752e-06,
0.3608472,
0.09195664,
0.004625514,
0.0880807,
0.02074987,
1.752716e-05,
0,
2.838843e-07,
1.283749e-15,
1.605706e-16,
2.405977e-10,
0.3137021,
0.01884231,
0.000324898,
0.02238615,
0.0007115871,
4.105651e-06,
8.676171e-08,
0,
0,
0,
0,
0,
0.06860086,
1.096359e-06,
0.3290043,
0.08236287,
0.00701792,
0.07820078,
0.01793577,
1.285098e-05,
0,
3.663965e-07,
9.569384e-16,
1.207248e-16,
1.44199e-10,
0.352322,
0.02357712,
0.0003573105,
0.03869244,
0.001902525,
1.17223e-05,
7.747865e-08,
0,
0,
0,
0,
0,
0.04188503,
1.113948e-07,
0.2492461,
0.07922161,
0.006993009,
0.07299669,
0.02219309,
9.777855e-07,
1.2742e-07,
1.492959e-06,
7.858889e-15,
6.015373e-15,
1.526058e-11,
0.445121,
0.03291817,
0.0007164203,
0.0461349,
0.002546157,
2.429306e-05,
7.467238e-07,
0,
0,
0,
0,
0,
0.01209233,
6.736612e-08,
0.096575,
0.03851653,
0.003266916,
0.02914105,
0.01219296,
1.597519e-06,
0.0001637078,
6.807099e-06,
1.978134e-14,
2.022205e-11,
6.563174e-10,
0.5418346,
0.1047668,
0.005626434,
0.118718,
0.03463351,
0.00244096,
2.277888e-05,
0,
0,
0,
0,
0,
0.007813283,
1.729496e-06,
0.07424969,
0.03254425,
0.0003235845,
0.02466071,
0.01164579,
2.729041e-05,
8.505696e-05,
2.115639e-08,
4.353795e-14,
3.031196e-16,
1.336148e-08,
0.6522792,
0.1602238,
0.01035209,
0.02090782,
0.004533078,
0.000306756,
4.582796e-05,
0,
0,
0,
0,
0,
0.002628179,
9.421993e-05,
0.03447211,
0.01784917,
0.0001164878,
0.01309326,
0.007819491,
0.0008499193,
1.127919e-05,
4.14553e-07,
1.357559e-13,
2.998498e-13,
1.1384e-06,
0.6454293,
0.2265452,
0.02352763,
0.0142744,
0.01080032,
0.002180204,
0.0003072461,
0,
0,
0,
0,
0,
0.03850653,
4.106326e-08,
0.2342359,
0.0774068,
4.101954e-05,
0.06838828,
0.02205881,
9.404947e-07,
0.0001226256,
6.776176e-10,
1.111409e-14,
6.482002e-19,
1.867306e-10,
0.5086827,
0.04615941,
0.001179933,
0.002892158,
0.0003140152,
8.328332e-06,
2.546207e-06,
0,
0,
0,
0,
0,
0.09511845,
2.907342e-07,
0.3992825,
0.08844756,
9.036745e-06,
0.08712121,
0.0177331,
4.158629e-06,
0,
9.72146e-10,
4.593289e-16,
1.013627e-19,
3.913763e-11,
0.2938031,
0.01693297,
0.0002351796,
0.001184648,
0.0001263305,
1.450394e-06,
4.990121e-08,
0,
0,
0,
0,
0,
0.0785827,
5.816536e-07,
0.3611767,
0.08979952,
1.231757e-05,
0.08677197,
0.01973081,
8.029104e-06,
1.597306e-05,
1.72352e-09,
1.13969e-15,
3.252125e-19,
1.373064e-10,
0.3415994,
0.02022264,
0.0003071199,
0.00155568,
0.0002134648,
3.036446e-06,
6.649139e-08,
0,
0,
0,
0,
0,
0.389994,
1.423875e-22,
0.5456137,
0.02203215,
1.1744e-16,
0.03691021,
0.0008633814,
2.707676e-19,
0.001443668,
1.564289e-26,
2.200233e-26,
2.802597e-45,
2.708348e-27,
0.003139772,
3.134245e-06,
5.177602e-10,
2.572194e-12,
3.3649e-14,
1.405382e-16,
5.929991e-18,
0,
0,
0,
0,
0,
0.08411819,
1.166798e-06,
0.3507029,
0.07485059,
0.05561895,
0.07313933,
0.01403099,
1.160514e-05,
0.0008153605,
1.1336e-05,
3.386269e-16,
2.421322e-12,
4.157878e-11,
0.1918087,
0.008261644,
9.913206e-05,
0.140628,
0.005835069,
6.714542e-05,
1.179708e-08,
0,
0,
0,
0,
0,
0.004306391,
2.331378e-05,
0.05458261,
0.0237129,
0.01358492,
0.01796306,
0.008844504,
0.0002141648,
0.000161535,
9.639734e-05,
2.158166e-13,
2.19665e-09,
1.101139e-07,
0.5797209,
0.1020477,
0.005018921,
0.1665229,
0.02233166,
0.0008639342,
4.171384e-06,
0,
0,
0,
0,
0,
0.01948021,
3.406069e-06,
0.1383722,
0.05034139,
0.001835807,
0.04020669,
0.01475905,
4.224579e-05,
0.0009878292,
8.129122e-06,
9.931872e-15,
1.567629e-11,
5.498812e-09,
0.5315229,
0.07373081,
0.002731084,
0.09986717,
0.02495165,
0.001151217,
8.294724e-06,
0,
0,
0,
0,
0,
0.09141356,
7.179675e-06,
0.3743661,
0.08010238,
0.01656828,
0.07948641,
0.01540964,
5.758647e-05,
0.0002046707,
2.422959e-06,
2.459655e-16,
3.025477e-13,
1.827243e-10,
0.2523752,
0.013979,
0.000188906,
0.07105041,
0.004706416,
8.088819e-05,
9.339328e-07,
0,
0,
0,
0,
0,
0.1496418,
1.762434e-09,
0.4829612,
0.07123544,
0.02641169,
0.08615344,
0.010889,
3.630145e-08,
7.584718e-07,
2.947278e-08,
1.061264e-17,
1.007008e-16,
1.94224e-14,
0.120198,
0.002834292,
1.579415e-05,
0.04926965,
0.0003866252,
2.296115e-06,
4.139283e-10,
0,
0,
0,
0,
0,
0.01160068,
2.623412e-06,
0.1092627,
0.04483097,
0.008896687,
0.03646296,
0.01597521,
3.956846e-05,
3.402757e-07,
4.307378e-05,
2.070508e-13,
6.243034e-10,
3.009295e-08,
0.5843114,
0.0716514,
0.00269157,
0.1008381,
0.01286497,
0.0005262763,
1.41246e-06,
0,
0,
0,
0,
0,
0.02366797,
5.555823e-05,
0.1410521,
0.04606497,
0.04390633,
0.03220537,
0.0104225,
0.0003936883,
1.163554e-05,
6.866689e-05,
5.283188e-15,
2.272844e-10,
1.70641e-08,
0.291833,
0.02868251,
0.000962965,
0.3437002,
0.03588303,
0.001088245,
1.254926e-06,
0,
0,
0,
0,
0,
0.07828946,
1.204915e-05,
0.3575853,
0.08772399,
0.002486929,
0.08344615,
0.01883074,
9.415577e-05,
0.001311928,
1.586128e-07,
5.256472e-16,
7.478627e-17,
4.497789e-10,
0.3304254,
0.0221226,
0.0003646405,
0.01660194,
0.0007002079,
4.125044e-06,
1.190942e-07,
0,
0,
0,
0,
0,
0.05985917,
2.615494e-07,
0.3057297,
0.0847916,
0.003386929,
0.07870954,
0.02011214,
4.103097e-06,
7.990547e-07,
3.073543e-07,
1.115534e-15,
2.076631e-16,
8.012633e-11,
0.3899783,
0.02890913,
0.0005508498,
0.02656867,
0.001387917,
1.033866e-05,
2.319976e-07,
0,
0,
0,
2035, 
0,
0,
0.05107021,
7.880155e-05,
0.2549826,
0.06534823,
0.004776792,
0.06381552,
0.01588386,
0.0006139848,
8.03607e-06,
1.832235e-07,
2.913457e-14,
4.020018e-15,
4.8588e-08,
0.446082,
0.05754529,
0.00210143,
0.03407155,
0.003454067,
0.0001569578,
1.043237e-05,
0,
0,
0,
0,
0,
0.04841494,
4.184753e-07,
0.1419459,
0.02306575,
0.002630525,
0.01376894,
0.003522327,
7.47345e-06,
1.875364e-05,
3.67358e-08,
4.668973e-15,
1.807879e-13,
1.677249e-07,
0.1964017,
0.1955569,
0.1183977,
0.02259806,
0.01290742,
0.01446471,
0.2062983,
0,
0,
0,
0,
0,
0.1331805,
1.966181e-06,
0.4880596,
0.08525746,
7.185228e-09,
0.1043534,
0.01522019,
1.949985e-05,
8.372503e-06,
1.374835e-10,
2.608775e-15,
3.426273e-17,
1.469157e-10,
0.1677735,
0.006002745,
7.287705e-05,
2.527176e-05,
2.288413e-05,
1.770866e-06,
1.470258e-08,
0,
0,
0,
0,
0,
0.03091833,
0.0006616893,
0.1959542,
0.0632273,
0.003765282,
0.05836373,
0.01837389,
0.003273596,
3.819878e-11,
1.068379e-06,
6.633244e-14,
8.114676e-15,
1.462913e-07,
0.5143158,
0.06955559,
0.002896871,
0.03545205,
0.003146712,
8.444464e-05,
9.234881e-06,
0,
0,
0,
0,
0,
0.01023079,
9.649787e-05,
0.07541105,
0.02266582,
0.08237802,
0.01605251,
0.004865855,
0.0005791975,
0.04036296,
8.387589e-05,
3.084026e-15,
6.442266e-10,
2.204867e-08,
0.2309483,
0.03107301,
0.001259703,
0.4369914,
0.04543509,
0.001560452,
5.469835e-06,
0,
0,
0,
0,
0,
0.06658529,
2.152629e-06,
0.2825702,
0.0612844,
0.02374387,
0.06400407,
0.0129776,
1.740113e-05,
0.01523384,
1.262762e-05,
5.227139e-15,
1.586082e-11,
2.735734e-10,
0.2731551,
0.02436737,
0.0005740282,
0.1600201,
0.01507846,
0.0003707261,
2.811474e-06,
0,
0,
0,
0,
0,
0.2924056,
2.096816e-12,
0.5790704,
0.03820916,
2.533969e-05,
0.0683568,
0.003101648,
1.318683e-10,
1.27905e-05,
1.110139e-12,
1.369e-20,
9.188034e-29,
1.912518e-17,
0.01864439,
0.0001076075,
1.472846e-07,
6.597872e-05,
8.018997e-08,
7.155533e-12,
4.21098e-13,
0,
0,
0,
0,
0,
0.07000443,
2.115898e-06,
0.3340341,
0.08528629,
0.004077803,
0.09009331,
0.02104815,
2.71734e-05,
0,
2.521958e-07,
1.836316e-14,
1.43353e-16,
1.715105e-09,
0.3470056,
0.02727702,
0.0006808725,
0.01982089,
0.0006365441,
4.730485e-06,
6.922572e-07,
0,
0,
0,
0,
0,
0.06243088,
1.473582e-06,
0.3072755,
0.07682353,
0.00616056,
0.08173072,
0.0185071,
1.918226e-05,
0,
3.239224e-07,
1.457468e-14,
1.074188e-16,
9.998508e-10,
0.3797684,
0.03074348,
0.0006487378,
0.03418663,
0.001691746,
1.117766e-05,
5.093382e-07,
0,
0,
0,
0,
0,
0.03805385,
9.930218e-08,
0.2322359,
0.07321122,
0.006158013,
0.07421023,
0.02222135,
9.317537e-07,
4.271385e-08,
1.321088e-06,
8.994905e-14,
5.325061e-15,
1.199522e-10,
0.4669369,
0.04261483,
0.001258552,
0.04080344,
0.002267724,
2.403755e-05,
1.539041e-06,
0,
0,
0,
0,
0,
0.01001427,
7.087845e-08,
0.08301136,
0.03312726,
0.002709552,
0.02695237,
0.01127138,
1.790239e-06,
6.525343e-05,
8.40462e-06,
1.642923e-13,
7.284731e-11,
2.244474e-09,
0.5411877,
0.1254182,
0.008587588,
0.1141169,
0.03985521,
0.003600188,
7.25663e-05,
0,
0,
0,
0,
0,
0.006548539,
1.924687e-06,
0.06445628,
0.02820509,
0.000246363,
0.02300329,
0.01082505,
3.207606e-05,
2.953278e-05,
1.904924e-08,
3.435417e-13,
3.34289e-15,
4.394895e-08,
0.647061,
0.1843141,
0.01455052,
0.01609278,
0.004068671,
0.0004337484,
0.0001310288,
0,
0,
0,
0,
0,
0.002172991,
0.0001576286,
0.02928689,
0.01519845,
9.993864e-05,
0.01176431,
0.007045838,
0.001435528,
5.639604e-06,
5.594898e-07,
6.685893e-13,
1.352418e-11,
5.272314e-06,
0.6146625,
0.2532167,
0.03246362,
0.01409939,
0.01371226,
0.003756742,
0.0009158052,
0,
0,
0,
0,
0,
0.03394099,
8.879792e-08,
0.2135052,
0.07028449,
3.245649e-05,
0.06773871,
0.02165192,
2.214271e-06,
5.479665e-05,
5.916534e-10,
1.117666e-13,
8.70262e-19,
1.717848e-09,
0.5295411,
0.05864087,
0.002037807,
0.002279908,
0.0002730839,
1.200434e-05,
4.36877e-06,
0,
0,
0,
0,
0,
0.08593451,
4.640958e-07,
0.3715627,
0.08303209,
7.901421e-06,
0.09101716,
0.01842957,
7.287979e-06,
0,
8.667432e-10,
8.126448e-15,
9.145891e-20,
3.513883e-10,
0.3247706,
0.02361151,
0.0004754454,
0.001034487,
0.0001141031,
1.827451e-06,
3.856781e-07,
0,
0,
0,
0,
0,
0.07119217,
1.082336e-06,
0.3362727,
0.08374374,
1.090009e-05,
0.08961628,
0.02021729,
1.592516e-05,
0,
1.535446e-09,
1.899452e-14,
2.998389e-19,
1.31296e-09,
0.3692694,
0.02747839,
0.000602196,
0.001382186,
0.0001935498,
3.709623e-06,
4.716857e-07,
0,
0,
0,
0,
0,
0.3749517,
7.60856e-21,
0.5512931,
0.02222053,
1.004088e-16,
0.04565058,
0.001045672,
1.067576e-17,
0.0005251939,
1.434104e-26,
2.059658e-23,
9.668959e-44,
2.081489e-24,
0.004304188,
9.100461e-06,
4.041738e-09,
2.201908e-12,
4.193227e-14,
2.114475e-15,
1.05179e-15,
0,
0,
0,
0,
0,
0.0777559,
1.265087e-06,
0.3306631,
0.07093539,
0.05018075,
0.07883843,
0.01496046,
1.363024e-05,
0.0003364114,
1.411966e-05,
6.212939e-15,
1.126162e-11,
2.022803e-10,
0.2153499,
0.01215677,
0.0002098492,
0.1411505,
0.007308526,
0.0001249478,
9.224379e-08,
0,
0,
0,
0,
0,
0.00382833,
2.367128e-05,
0.0490257,
0.02154328,
0.01384872,
0.01803303,
0.008957474,
0.0002364451,
8.076804e-05,
0.0001812071,
2.045365e-12,
1.527138e-08,
4.08208e-07,
0.5583595,
0.1088644,
0.006161727,
0.1824415,
0.02709385,
0.001312725,
7.285676e-06,
0,
0,
0,
0,
0,
0.01652895,
5.457277e-06,
0.1216096,
0.04408819,
0.001790482,
0.03823284,
0.01393246,
7.194714e-05,
0.0004490697,
1.018476e-05,
9.253096e-14,
5.526982e-11,
3.459579e-08,
0.5351233,
0.0900863,
0.004443197,
0.1023838,
0.02940008,
0.00182161,
2.248308e-05,
0,
0,
0,
0,
0,
0.08311944,
9.850096e-06,
0.3501528,
0.0754489,
0.01377367,
0.08370994,
0.01609696,
8.736172e-05,
3.828612e-05,
2.786964e-06,
4.5139e-15,
1.061578e-12,
1.39148e-09,
0.2821016,
0.02019911,
0.000399324,
0.06889903,
0.005815091,
0.0001449185,
9.586017e-07,
0,
0,
0,
0,
0,
0.1424999,
1.697024e-09,
0.4739155,
0.07124439,
0.0184167,
0.09658705,
0.01223245,
3.6356e-08,
0,
2.999791e-08,
5.310042e-16,
5.24193e-16,
1.12302e-13,
0.1414837,
0.004590139,
4.325668e-05,
0.03857169,
0.0004105965,
4.464567e-06,
6.564564e-09,
0,
0,
0,
0,
0,
0.01031932,
4.332431e-06,
0.09926705,
0.04085894,
0.008498316,
0.03646285,
0.01598619,
6.74219e-05,
4.0842e-11,
6.629933e-05,
1.941205e-12,
2.782409e-09,
1.660116e-07,
0.5786049,
0.08064395,
0.003689636,
0.1081892,
0.0164322,
0.0009057937,
3.487328e-06,
0,
0,
0,
0,
0,
0.01900055,
6.188644e-05,
0.1179144,
0.03864027,
0.04170823,
0.02952968,
0.009608829,
0.0004696275,
0,
9.650314e-05,
7.043489e-14,
1.156711e-09,
7.356775e-08,
0.2974226,
0.03938842,
0.001926818,
0.3567837,
0.04545476,
0.001986069,
7.644889e-06,
0,
0,
0,
0,
0,
0.07065143,
1.471474e-05,
0.3317458,
0.0814066,
0.002191351,
0.08606604,
0.01916476,
0.0001265211,
0.0006402676,
1.407006e-07,
9.020727e-15,
6.675151e-17,
2.81833e-09,
0.3618242,
0.03016236,
0.0006862974,
0.01469055,
0.0006237511,
4.419743e-06,
7.208268e-07,
0,
0,
0,
0,
0,
0.05386167,
3.403001e-07,
0.2822806,
0.07766476,
0.002928124,
0.07955262,
0.01997542,
5.871449e-06,
2.643264e-07,
2.717243e-07,
1.541262e-14,
1.847272e-16,
5.181759e-10,
0.4188126,
0.03930789,
0.001058733,
0.0233062,
0.001232899,
1.013337e-05,
1.607547e-06,
0,
0,
0,
2036, 
0,
0,
0.04299932,
0.0001184047,
0.2246756,
0.05848957,
0.003611437,
0.06247137,
0.01571771,
0.0009993041,
4.720278e-10,
1.667868e-07,
4.479883e-13,
4.84312e-14,
3.788747e-07,
0.4771371,
0.07723664,
0.004068092,
0.02855567,
0.003596263,
0.0002765862,
4.643413e-05,
0,
0,
0,
0,
0,
0.03529448,
3.858372e-07,
0.1068349,
0.01825392,
0.001962441,
0.01132313,
0.003018611,
7.274268e-06,
0,
3.320728e-08,
1.366428e-14,
1.777424e-13,
3.431784e-07,
0.1806185,
0.2092483,
0.1379805,
0.01648837,
0.0125362,
0.01547259,
0.2509601,
0,
0,
0,
0,
0,
0.1239443,
2.143593e-06,
0.4634067,
0.08158077,
1.842833e-07,
0.112408,
0.01646674,
2.333932e-05,
4.183676e-11,
6.481339e-09,
1.23338e-13,
2.440918e-14,
1.207221e-09,
0.1920449,
0.009664879,
0.0001944334,
0.0001495944,
0.000104592,
9.335035e-06,
1.933602e-07,
0,
0,
0,
0,
0,
0.02622949,
0.0006520664,
0.1725096,
0.05554824,
0.003258142,
0.05602204,
0.01753512,
0.003421597,
3.819878e-11,
9.364381e-07,
7.531355e-13,
7.337509e-15,
5.784022e-07,
0.5345063,
0.09087318,
0.005367969,
0.03103373,
0.002864439,
0.000115397,
6.119375e-05,
0,
0,
0,
0,
0,
0.007804411,
9.485688e-05,
0.05994482,
0.01809482,
0.07185228,
0.01404015,
0.00428257,
0.0006075616,
0.06239828,
0.0001269748,
5.951131e-14,
4.798006e-09,
1.203492e-07,
0.2231438,
0.03867503,
0.002306699,
0.4366879,
0.0569608,
0.002940663,
3.822313e-05,
0,
0,
0,
0,
0,
0.05751361,
2.12343e-06,
0.2543536,
0.05597136,
0.02123633,
0.06537694,
0.01322338,
1.960026e-05,
0.01814427,
1.688557e-05,
1.090767e-13,
1.058797e-10,
2.323176e-09,
0.3000566,
0.03425363,
0.001202377,
0.1593092,
0.01862367,
0.0006880534,
8.408026e-06,
0,
0,
0,
0,
0,
0.2778223,
6.740202e-12,
0.5752393,
0.03835788,
2.213909e-05,
0.0807379,
0.003602225,
5.167369e-10,
5.493348e-10,
9.713238e-13,
4.429532e-18,
9.296192e-29,
1.57801e-15,
0.0239184,
0.0002413952,
7.463393e-07,
5.762002e-05,
7.052469e-08,
7.973922e-11,
2.884818e-11,
0,
0,
0,
0,
0,
0.06240137,
3.111119e-06,
0.306541,
0.07818206,
0.003530663,
0.09114358,
0.02106296,
4.400172e-05,
0,
2.205199e-07,
3.243223e-13,
1.555011e-16,
1.450068e-08,
0.3790678,
0.03874851,
0.001414105,
0.01725985,
0.0005819439,
1.328757e-05,
5.509425e-06,
0,
0,
0,
0,
0,
0.05634975,
2.016177e-06,
0.2847769,
0.07086156,
0.005306454,
0.08437366,
0.01879938,
2.927616e-05,
0,
2.814518e-07,
2.384942e-13,
1.001229e-16,
7.567029e-09,
0.4061411,
0.040884,
0.001277184,
0.02968588,
0.001492457,
1.561865e-05,
4.47092e-06,
0,
0,
0,
0,
0,
0.03432284,
8.951177e-08,
0.2148679,
0.06705671,
0.005323017,
0.07489088,
0.02204911,
9.881867e-07,
0,
1.149235e-06,
1.204853e-12,
4.747765e-15,
1.13334e-09,
0.4867986,
0.05491624,
0.002245746,
0.03547337,
0.002011589,
3.453658e-05,
7.199434e-06,
0,
0,
0,
0,
0,
0.008151264,
7.382741e-08,
0.07057013,
0.02813851,
0.002238196,
0.02491818,
0.01038774,
2.012338e-06,
0,
1.039392e-05,
1.645069e-12,
3.100767e-10,
9.418881e-09,
0.5367969,
0.1474627,
0.01283489,
0.1085181,
0.044601,
0.005128438,
0.0002414367,
0,
0,
0,
0,
0,
0.005426498,
2.076145e-06,
0.0555763,
0.02423722,
0.0001808987,
0.02151555,
0.01006273,
3.680979e-05,
3.074092e-10,
4.079087e-08,
3.161725e-12,
1.372192e-12,
1.601305e-07,
0.6367874,
0.2078434,
0.02002864,
0.01242699,
0.004561108,
0.00095369,
0.0003605953,
0,
0,
0,
0,
0,
0.001757297,
0.000276127,
0.02439684,
0.01268615,
9.130591e-05,
0.01039296,
0.00623764,
0.002494525,
2.273737e-11,
2.829235e-06,
2.686782e-12,
7.316042e-10,
2.305686e-05,
0.5754878,
0.2750416,
0.04298254,
0.01693378,
0.0213145,
0.007295999,
0.002585086,
0,
0,
0,
0,
0,
0.02957962,
2.489343e-07,
0.1926974,
0.06306935,
2.438051e-05,
0.06644046,
0.02100161,
6.187884e-06,
4.478352e-09,
6.50191e-10,
1.251363e-12,
1.058814e-15,
1.770289e-08,
0.5468056,
0.07463036,
0.003629266,
0.001743117,
0.0003061951,
4.591286e-05,
2.024647e-05,
0,
0,
0,
0,
0,
0.07695102,
7.894343e-07,
0.3431271,
0.07706822,
6.766098e-06,
0.09402932,
0.01887183,
1.357571e-05,
0,
7.64368e-10,
1.691667e-13,
3.624383e-18,
3.605005e-09,
0.3550205,
0.03291478,
0.0009888232,
0.0008859613,
0.000111958,
6.053845e-06,
3.294527e-06,
0,
0,
0,
0,
0,
0.06387743,
2.160134e-06,
0.3105354,
0.07725895,
9.482671e-06,
0.09156386,
0.02045639,
3.362902e-05,
0,
1.36371e-09,
3.599787e-13,
3.683249e-17,
1.413795e-08,
0.3961428,
0.03747949,
0.001219314,
0.001213011,
0.0001930828,
1.127276e-05,
3.715542e-06,
0,
0,
0,
0,
0,
0.3600867,
5.861959e-19,
0.5538799,
0.02225403,
8.337759e-17,
0.05636288,
0.001280023,
5.653124e-16,
0,
4.724199e-25,
2.494572e-20,
3.712897e-36,
2.288911e-21,
0.006108431,
2.798365e-05,
3.449735e-08,
1.873577e-12,
1.483694e-12,
2.817063e-13,
2.161609e-13,
0,
0,
0,
0,
0,
0.07170245,
1.297265e-06,
0.3112301,
0.06680967,
0.04456526,
0.08461018,
0.01580092,
1.50862e-05,
0,
1.67719e-05,
1.416372e-13,
5.632987e-11,
1.053611e-09,
0.2406994,
0.01776711,
0.0004518146,
0.1372889,
0.008813544,
0.0002267788,
8.00233e-07,
0,
0,
0,
0,
0,
0.003406946,
2.357727e-05,
0.04418581,
0.01962917,
0.01383026,
0.01829747,
0.009150909,
0.0002566521,
1.120497e-09,
0.0003145456,
1.899857e-11,
8.9127e-08,
1.463665e-06,
0.5385075,
0.1159787,
0.007765593,
0.1947083,
0.03198264,
0.001944572,
1.580155e-05,
0,
0,
0,
0,
0,
0.01383645,
9.667718e-06,
0.1058332,
0.03816671,
0.001680989,
0.03619236,
0.01306546,
0.0001331831,
0,
1.198048e-05,
9.814089e-13,
1.896115e-10,
2.461826e-07,
0.536081,
0.1099488,
0.007365788,
0.1011944,
0.03353703,
0.002840399,
0.0001023191,
0,
0,
0,
0,
0,
0.0748899,
1.310502e-05,
0.3250374,
0.07025391,
0.01149001,
0.08728048,
0.01657865,
0.0001298056,
1.244189e-09,
3.031893e-06,
1.009571e-13,
4.015469e-12,
1.144077e-08,
0.3121323,
0.02904741,
0.0008608105,
0.06519011,
0.006837956,
0.0002515348,
3.632066e-06,
0,
0,
0,
0,
0,
0.1340725,
1.584711e-09,
0.4591866,
0.07020384,
0.01365055,
0.106738,
0.01353108,
3.520198e-08,
0,
2.997814e-08,
3.06286e-14,
3.64832e-15,
7.637887e-13,
0.164388,
0.007457749,
0.0001211845,
0.03020597,
0.0004352152,
9.099776e-06,
1.072186e-07,
0,
0,
0,
0,
0,
0.009103223,
7.014382e-06,
0.08959287,
0.03693803,
0.007935694,
0.03621489,
0.01585545,
0.0001125136,
4.0842e-11,
9.673061e-05,
1.56287e-11,
1.12599e-08,
8.492574e-07,
0.5696455,
0.09056445,
0.005187047,
0.1154035,
0.02164,
0.001691096,
1.115213e-05,
0,
0,
0,
0,
0,
0.01494075,
6.619646e-05,
0.09733724,
0.03197946,
0.03856819,
0.02713839,
0.008860215,
0.0005402933,
0,
0.0001289218,
8.009138e-13,
5.335658e-09,
3.166153e-07,
0.3040845,
0.0534211,
0.003715781,
0.3597469,
0.05594261,
0.0034836,
4.556129e-05,
0,
0,
0,
0,
0,
0.06335469,
1.735965e-05,
0.306071,
0.07484428,
0.001895774,
0.08819607,
0.01930696,
0.0001655759,
0,
1.227915e-07,
1.855118e-13,
6.247796e-17,
1.90414e-08,
0.3909809,
0.04051073,
0.00130271,
0.01278117,
0.0005586604,
9.215391e-06,
4.845261e-06,
0,
0,
0,
0,
0,
0.0479782,
4.537884e-07,
0.2583289,
0.07032786,
0.002494338,
0.07965077,
0.01961306,
8.685641e-06,
0,
2.360948e-07,
2.539161e-13,
1.62921e-16,
3.882971e-09,
0.4452357,
0.05305079,
0.002064619,
0.02013298,
0.001086385,
1.500379e-05,
1.199595e-05,
0,
0,
0,
2037, 
0,
0,
0.03565222,
0.0001751516,
0.1951906,
0.05144498,
0.002653386,
0.06014301,
0.01525327,
0.001603538,
4.720277e-10,
1.649046e-07,
7.293699e-12,
1.358312e-12,
3.062637e-06,
0.4999036,
0.1014739,
0.007792666,
0.02377284,
0.004053395,
0.0005767305,
0.000307488,
0,
0,
0,
0,
0,
0.02448429,
4.902205e-07,
0.07664984,
0.01387625,
0.0013059,
0.009124889,
0.002580156,
1.104487e-05,
0,
3.012508e-08,
1.669422e-12,
2.669947e-13,
1.106618e-06,
0.1784844,
0.2342882,
0.1531248,
0.01174773,
0.01202548,
0.01569491,
0.2666005,
0,
0,
0,
0,
0,
0.1146059,
2.235871e-06,
0.4366779,
0.07706819,
2.325714e-06,
0.11961,
0.0175371,
2.683094e-05,
4.183676e-11,
1.603361e-07,
4.198726e-12,
6.749158e-12,
9.579699e-09,
0.2176422,
0.01514787,
0.0004873915,
0.0007117387,
0.0004312637,
4.673332e-05,
2.161931e-06,
0,
0,
0,
0,
0,
0.02196229,
0.0006275602,
0.149872,
0.04803474,
0.002752464,
0.05305955,
0.01648318,
0.00351326,
3.819878e-11,
8.046507e-07,
9.59863e-12,
1.462493e-14,
2.705861e-06,
0.5468978,
0.1169493,
0.009935407,
0.02661696,
0.002653409,
0.0002173463,
0.0004212893,
0,
0,
0,
0,
0,
0.005852977,
9.11377e-05,
0.04681777,
0.01418161,
0.06081385,
0.01223828,
0.00374572,
0.000626963,
0.09293977,
0.0001711374,
5.958295e-13,
2.262069e-08,
5.7697e-07,
0.2138977,
0.04741745,
0.004081713,
0.423618,
0.0682107,
0.005061804,
0.0002327943,
0,
0,
0,
0,
0,
0.0491942,
2.148426e-06,
0.226698,
0.05035495,
0.01848865,
0.06572434,
0.01321894,
2.368895e-05,
0.02413346,
2.2404e-05,
2.546818e-12,
8.053718e-10,
2.252896e-08,
0.3236446,
0.04754238,
0.002541502,
0.1544791,
0.02257587,
0.001290559,
6.516524e-05,
0,
0,
0,
0,
0,
0.2642049,
3.762803e-11,
0.5671097,
0.03807077,
1.89385e-05,
0.09475447,
0.004183956,
3.003155e-09,
5.493348e-10,
8.325982e-13,
1.857476e-15,
3.603031e-24,
1.906487e-13,
0.03103323,
0.0005705553,
4.165906e-06,
4.926337e-05,
7.347894e-08,
2.691028e-09,
2.351815e-09,
0,
0,
0,
0,
0,
0.05515686,
4.71459e-06,
0.2785498,
0.07059639,
0.002983557,
0.09089617,
0.02072487,
7.365247e-05,
0,
1.95727e-07,
6.415674e-12,
2.572214e-13,
1.361135e-07,
0.4079111,
0.0543527,
0.00296942,
0.01482732,
0.0007997853,
0.0001040378,
4.919703e-05,
0,
0,
0,
0,
0,
0.05045675,
2.826253e-06,
0.2613285,
0.06439062,
0.004455382,
0.08567254,
0.01873242,
4.598015e-05,
0,
2.410333e-07,
4.545276e-12,
5.200122e-14,
6.623153e-08,
0.4299143,
0.05545412,
0.002702489,
0.02525563,
0.001464131,
7.598776e-05,
4.803564e-05,
0,
0,
0,
0,
0,
0.03081175,
8.570965e-08,
0.1973959,
0.06077775,
0.00448804,
0.07483324,
0.02162292,
1.310201e-06,
0,
9.834179e-07,
1.850944e-11,
3.451788e-13,
1.203128e-08,
0.5029984,
0.07056821,
0.004101846,
0.03024192,
0.001984738,
0.0001273983,
4.54896e-05,
0,
0,
0,
0,
0,
0.006570586,
7.842007e-08,
0.05959502,
0.02366954,
0.001780797,
0.0230691,
0.009558477,
2.352512e-06,
0,
1.330252e-05,
1.955506e-11,
1.701826e-09,
5.134238e-08,
0.5280004,
0.1703878,
0.01896624,
0.1014146,
0.04892878,
0.007222082,
0.0008208344,
0,
0,
0,
0,
0,
0.004456299,
2.178842e-06,
0.04759346,
0.02062705,
0.0001228766,
0.02012332,
0.009330124,
4.131349e-05,
3.074092e-10,
6.709503e-07,
3.241435e-11,
2.457927e-10,
6.338651e-07,
0.6196433,
0.2297283,
0.02716603,
0.01063437,
0.00718397,
0.002339147,
0.001006935,
0,
0,
0,
0,
0,
0.001389072,
0.0004959906,
0.01990865,
0.010362,
9.910972e-05,
0.009031815,
0.005424564,
0.004441753,
2.273737e-11,
1.198499e-05,
9.630107e-12,
1.231196e-08,
0.0001044125,
0.5303732,
0.2926764,
0.0558378,
0.02118469,
0.02968903,
0.01132605,
0.007643463,
0,
0,
0,
0,
0,
0.02551641,
7.869537e-07,
0.1720404,
0.05579755,
1.672749e-05,
0.06433164,
0.02006595,
1.87257e-05,
4.478352e-09,
1.548473e-08,
1.569522e-11,
1.189148e-12,
2.039144e-07,
0.558109,
0.09491374,
0.006642305,
0.001448874,
0.0007323591,
0.0002291399,
0.0001362317,
0,
0,
0,
0,
0,
0.06830883,
1.421074e-06,
0.313987,
0.0705445,
5.733263e-06,
0.09587296,
0.01902076,
2.666261e-05,
0,
2.018259e-09,
4.191109e-12,
2.879162e-14,
4.274818e-08,
0.3832148,
0.04579643,
0.002105663,
0.0008022079,
0.0002336925,
4.873199e-05,
3.064492e-05,
0,
0,
0,
0,
0,
0.05690687,
4.520944e-06,
0.2842745,
0.07029626,
8.085681e-06,
0.09230834,
0.02038307,
7.409599e-05,
0,
5.475449e-09,
7.735671e-12,
1.583734e-13,
1.696382e-07,
0.4204873,
0.05116803,
0.002529716,
0.00112074,
0.0003437281,
6.263471e-05,
3.186672e-05,
0,
0,
0,
0,
0,
0.3458597,
4.96297e-17,
0.5519232,
0.02212705,
6.753951e-17,
0.06947833,
0.001588563,
3.25572e-14,
0,
7.703603e-20,
3.546992e-17,
2.108004e-28,
2.954475e-18,
0.008933557,
8.937093e-05,
3.111807e-07,
3.074052e-11,
2.66223e-10,
4.436615e-11,
4.758635e-11,
0,
0,
0,
0,
0,
0.06598922,
1.297203e-06,
0.2918665,
0.06230392,
0.03874896,
0.08996993,
0.01647925,
1.647395e-05,
0,
1.942835e-05,
3.999241e-12,
3.368119e-10,
7.502452e-09,
0.2670144,
0.02590437,
0.001003419,
0.1298921,
0.01036746,
0.0004153636,
7.899666e-06,
0,
0,
0,
0,
0,
0.003018909,
2.279722e-05,
0.03972063,
0.01779568,
0.0135784,
0.01845513,
0.0092651,
0.0002692117,
1.120497e-09,
0.000540469,
1.47415e-10,
5.1893e-07,
4.639745e-06,
0.5179676,
0.123656,
0.01010821,
0.204894,
0.03770112,
0.002957707,
4.382553e-05,
0,
0,
0,
0,
0,
0.01144252,
1.827876e-05,
0.09108565,
0.0325698,
0.001535625,
0.03398993,
0.01212586,
0.0002595191,
0,
1.365414e-05,
1.151275e-11,
7.3719e-10,
1.927466e-06,
0.5318258,
0.1333689,
0.01236616,
0.09721275,
0.03727027,
0.004363702,
0.0005497056,
0,
0,
0,
0,
0,
0.06702746,
1.665157e-05,
0.2993674,
0.06453495,
0.009286992,
0.08984232,
0.01680798,
0.0001855474,
1.244189e-09,
3.194741e-06,
2.741616e-12,
1.886275e-11,
1.012961e-07,
0.3411255,
0.04158686,
0.001900322,
0.06005638,
0.007787099,
0.0004383743,
3.291549e-05,
0,
0,
0,
0,
0,
0.1257492,
1.436515e-09,
0.4413074,
0.06828197,
0.009406868,
0.1163247,
0.01476153,
3.302777e-08,
0,
3.030575e-08,
1.957257e-12,
4.071193e-14,
6.096067e-12,
0.188882,
0.01215913,
0.0003466967,
0.02228937,
0.0004691194,
2.019535e-05,
1.832874e-06,
0,
0,
0,
0,
0,
0.008033738,
1.173354e-05,
0.08080909,
0.0332966,
0.007198175,
0.03599189,
0.01570167,
0.0001942722,
4.084199e-11,
0.0001250977,
1.454284e-10,
3.732875e-08,
4.950366e-06,
0.5608683,
0.1028976,
0.007678238,
0.1177454,
0.02659577,
0.00280379,
4.367411e-05,
0,
0,
0,
0,
0,
0.01152843,
6.903558e-05,
0.07936842,
0.02604954,
0.03481363,
0.02495317,
0.0081425,
0.0006100374,
0,
0.0001679007,
9.702079e-12,
2.657479e-08,
1.497165e-06,
0.3095967,
0.07095499,
0.006958102,
0.3534162,
0.06713308,
0.005961135,
0.0002756143,
0,
0,
0,
0,
0,
0.05633569,
1.959765e-05,
0.2798216,
0.06784552,
0.001600202,
0.08932962,
0.01917248,
0.0002082588,
0,
1.059585e-07,
4.324487e-12,
2.300997e-14,
1.349206e-07,
0.4170355,
0.05441413,
0.002590015,
0.01091548,
0.0006155521,
5.517936e-05,
4.089019e-05,
0,
0,
0,
0,
0,
0.04241643,
6.262342e-07,
0.2343158,
0.06281444,
0.00206665,
0.07882795,
0.01898898,
1.337765e-05,
0,
2.007756e-07,
4.963621e-12,
6.419051e-15,
3.379349e-08,
0.4672589,
0.07100198,
0.00408435,
0.01701072,
0.001037032,
6.540504e-05,
9.70576e-05,
0,
0,
0,
2038, 
0,
0,
0.02896238,
0.0002502298,
0.1668051,
0.04449636,
0.00185933,
0.05680681,
0.01450397,
0.002486106,
4.720278e-10,
2.349948e-07,
1.235459e-10,
4.520842e-11,
2.470154e-05,
0.5116475,
0.1294682,
0.01453352,
0.01960602,
0.005082883,
0.001311904,
0.002154741,
0,
0,
0,
0,
0,
0.0214676,
6.642616e-07,
0.07671034,
0.01403318,
0.0007842274,
0.02154167,
0.00392271,
1.62757e-05,
0,
2.636611e-08,
8.037009e-11,
2.508104e-13,
1.157968e-06,
0.194889,
0.2276576,
0.1466302,
0.007864241,
0.01086192,
0.01464929,
0.2589699,
0,
0,
0,
0,
0,
0.1047973,
2.292242e-06,
0.4077033,
0.0720904,
1.342122e-05,
0.1257405,
0.01842742,
3.09022e-05,
4.183676e-11,
2.026762e-06,
1.703937e-10,
8.935591e-10,
9.667887e-08,
0.2432233,
0.02287414,
0.001156123,
0.002332634,
0.001388121,
0.0001957869,
2.230015e-05,
0,
0,
0,
0,
0,
0.01804962,
0.0005923625,
0.1281384,
0.04085612,
0.002248524,
0.04938697,
0.01522543,
0.003567376,
3.819878e-11,
6.746798e-07,
1.301524e-10,
5.340127e-13,
1.433543e-05,
0.5486147,
0.1468762,
0.01806443,
0.02222856,
0.002624137,
0.0005219833,
0.002990227,
0,
0,
0,
0,
0,
0.004205786,
8.518493e-05,
0.03546749,
0.01078136,
0.05029467,
0.01046672,
0.003208405,
0.0006312273,
0.1331616,
0.0002053158,
3.376135e-12,
7.681562e-08,
2.406533e-06,
0.2019512,
0.05636326,
0.006767806,
0.3992588,
0.07784539,
0.007972929,
0.001330347,
0,
0,
0,
0,
0,
0.04141333,
2.305053e-06,
0.1992808,
0.04460552,
0.01575951,
0.06476356,
0.01293666,
3.1834e-05,
0.03433263,
2.985441e-05,
6.577618e-11,
7.067099e-09,
2.549334e-07,
0.3411306,
0.06433764,
0.005286692,
0.1462549,
0.02680986,
0.002410901,
0.0006130507,
0,
0,
0,
0,
0,
0.2501098,
2.707161e-10,
0.5553908,
0.03754612,
1.573791e-05,
0.1105185,
0.004863495,
2.097009e-08,
5.493348e-10,
1.092139e-12,
8.413659e-13,
1.624574e-18,
2.647545e-11,
0.04018193,
0.001310098,
2.157991e-05,
4.106323e-05,
5.101265e-07,
9.424242e-08,
1.501234e-07,
0,
0,
0,
0,
0,
0.04798773,
7.138197e-06,
0.2494394,
0.06278067,
0.002440194,
0.08901086,
0.02002503,
0.0001230212,
0,
1.214726e-06,
1.413342e-10,
5.992964e-10,
1.343072e-06,
0.4299626,
0.07406797,
0.006100456,
0.01396105,
0.002906687,
0.0007397971,
0.0004447591,
0,
0,
0,
0,
0,
0.04450555,
3.973207e-06,
0.2364081,
0.05762044,
0.003609184,
0.08519642,
0.01828023,
7.2465e-05,
0,
5.326746e-07,
1.010324e-10,
1.345557e-10,
6.359635e-07,
0.4478137,
0.07513405,
0.005829689,
0.02168466,
0.002739222,
0.0005522348,
0.0005488382,
0,
0,
0,
0,
0,
0.02728756,
9.263923e-08,
0.1790582,
0.05436753,
0.003654202,
0.07362522,
0.02088729,
2.135768e-06,
0,
1.331256e-06,
3.109856e-10,
3.419456e-10,
1.228952e-07,
0.5135666,
0.08987813,
0.007585055,
0.02588991,
0.003210479,
0.0006595086,
0.000326583,
0,
0,
0,
0,
0,
0.005201175,
8.719313e-08,
0.04976581,
0.0196717,
0.00137689,
0.02125758,
0.008747939,
2.931379e-06,
0,
1.796383e-05,
2.386183e-10,
1.113609e-08,
3.192066e-07,
0.5135267,
0.1932405,
0.02772589,
0.09346206,
0.05291952,
0.01016229,
0.002920612,
0,
0,
0,
0,
0,
0.003613889,
2.230942e-06,
0.04044717,
0.01740367,
8.250587e-05,
0.01879668,
0.008633628,
4.542864e-05,
3.074092e-10,
5.504605e-06,
3.68013e-10,
1.180585e-08,
2.62664e-06,
0.5966544,
0.2495995,
0.03648284,
0.01053241,
0.01071904,
0.004139779,
0.00283866,
0,
0,
0,
0,
0,
0.001065689,
0.0007862031,
0.01584768,
0.008255423,
0.0001222675,
0.007676064,
0.004612294,
0.007191821,
2.273737e-11,
3.395792e-05,
2.532816e-11,
1.069591e-07,
0.0004131791,
0.4789175,
0.302085,
0.06965254,
0.02619522,
0.0387236,
0.01614171,
0.02227975,
0,
0,
0,
0,
0,
0.02166519,
2.265291e-06,
0.1513819,
0.04861877,
1.092755e-05,
0.06128192,
0.01885955,
5.227101e-05,
4.478352e-09,
2.717693e-07,
2.217137e-10,
2.058993e-10,
2.304535e-06,
0.5615648,
0.1197316,
0.01228937,
0.001490261,
0.001481142,
0.0005453637,
0.001022111,
0,
0,
0,
0,
0,
0.05985026,
2.543773e-06,
0.2839651,
0.06371324,
5.371592e-06,
0.09623101,
0.01885389,
5.202773e-05,
0,
1.962956e-07,
1.202891e-10,
6.752301e-11,
5.341853e-07,
0.4069278,
0.06281543,
0.004467367,
0.001287461,
0.001189331,
0.0003470224,
0.00029134,
0,
0,
0,
0,
0,
0.04995554,
9.202179e-06,
0.2568301,
0.063094,
7.466078e-06,
0.09156461,
0.01999166,
0.0001593374,
0,
2.536965e-07,
1.828216e-10,
1.326073e-10,
2.080895e-06,
0.4408286,
0.06942756,
0.005303182,
0.001394527,
0.0009045938,
0.0002333539,
0.0002938921,
0,
0,
0,
0,
0,
0.330281,
2.648015e-15,
0.5468185,
0.02201936,
8.773901e-15,
0.08531689,
0.001990967,
1.274489e-12,
0,
1.31064e-15,
4.893415e-14,
7.730064e-22,
2.783786e-15,
0.0132846,
0.0002858118,
2.781957e-06,
4.744455e-09,
1.939661e-08,
3.602157e-09,
1.019905e-08,
0,
0,
0,
0,
0,
0.06017224,
1.279852e-06,
0.2717673,
0.05756231,
0.03297473,
0.09441683,
0.01694649,
1.81802e-05,
0,
2.254052e-05,
1.351037e-10,
2.569197e-09,
7.064305e-08,
0.2931855,
0.03749198,
0.002271985,
0.1202717,
0.01203438,
0.0007777012,
8.473751e-05,
0,
0,
0,
0,
0,
0.002629548,
2.135784e-05,
0.03517056,
0.01587217,
0.01326794,
0.01812402,
0.009118042,
0.0002720283,
1.120497e-09,
0.0009788016,
9.0719e-10,
3.413163e-06,
1.328312e-05,
0.4917904,
0.1305717,
0.01333017,
0.21742,
0.04630072,
0.004970655,
0.0001452038,
0,
0,
0,
0,
0,
0.009291094,
3.330447e-05,
0.0772621,
0.02736678,
0.001371373,
0.03150324,
0.01110406,
0.0004870901,
0,
1.560553e-05,
1.43916e-10,
3.814359e-09,
1.483254e-05,
0.520179,
0.1590455,
0.02056811,
0.09125978,
0.04070961,
0.006700253,
0.003088254,
0,
0,
0,
0,
0,
0.05924849,
1.981278e-05,
0.2726857,
0.05853131,
0.007290564,
0.09106661,
0.01676928,
0.0002486018,
1.244189e-09,
3.32214e-06,
8.752406e-11,
1.232609e-10,
9.050012e-07,
0.3672504,
0.05883268,
0.004227332,
0.05401353,
0.008681187,
0.000780773,
0.000349537,
0,
0,
0,
0,
0,
0.1167084,
1.281567e-09,
0.4199156,
0.06551418,
0.005821729,
0.1248463,
0.015792,
3.120304e-08,
0,
3.151365e-08,
9.022838e-11,
4.648315e-13,
9.963175e-11,
0.2148319,
0.01957845,
0.000949106,
0.01544966,
0.0005190974,
4.559512e-05,
2.790511e-05,
0,
0,
0,
0,
0,
0.007035329,
1.901492e-05,
0.07242142,
0.02980584,
0.006362317,
0.03546591,
0.01540875,
0.0003264585,
4.084199e-11,
0.0001594454,
1.399028e-09,
1.523873e-07,
2.856651e-05,
0.5497699,
0.11725,
0.01167553,
0.1173674,
0.0320937,
0.004625254,
0.0001849472,
0,
0,
0,
0,
0,
0.008642735,
7.082969e-05,
0.06368969,
0.020871,
0.03068125,
0.02280958,
0.007431292,
0.0006837544,
0,
0.0002173159,
1.258396e-10,
1.518401e-07,
7.918783e-06,
0.3117957,
0.09134901,
0.01256949,
0.3388972,
0.07862718,
0.009976867,
0.001679018,
0,
0,
0,
0,
0,
0.04945407,
2.09868e-05,
0.2528592,
0.06070661,
0.001305027,
0.08913055,
0.01875115,
0.0002477388,
0,
2.180935e-07,
1.160271e-10,
4.291165e-11,
9.608284e-07,
0.4379452,
0.07260074,
0.005283498,
0.009506017,
0.001443004,
0.0003618801,
0.0003831887,
0,
0,
0,
0,
0,
0.0369765,
8.795411e-07,
0.2098243,
0.05534938,
0.001651932,
0.07690253,
0.01812924,
2.099586e-05,
0,
2.06423e-07,
1.12412e-10,
1.232703e-11,
3.214999e-07,
0.4827141,
0.09338757,
0.008042277,
0.01417298,
0.001614124,
0.0003984129,
0.0008142999,
0,
0,
0,
2039, 
0,
0,
0.02303134,
0.0003325948,
0.1399522,
0.03776202,
0.001198551,
0.05236981,
0.01344501,
0.003569457,
4.720278e-10,
6.029164e-07,
2.010337e-09,
1.447321e-09,
0.0001825213,
0.5069928,
0.1565195,
0.02509371,
0.01598201,
0.006819228,
0.002875232,
0.01387341,
0,
0,
0,
0,
0,
0.01889037,
1.073e-06,
0.0765406,
0.01389684,
0.0003928934,
0.03285549,
0.005089119,
2.932295e-05,
0,
2.293534e-08,
4.182616e-09,
4.355037e-13,
2.423541e-06,
0.2130601,
0.2249703,
0.1398179,
0.004850337,
0.009692167,
0.01348487,
0.2464263,
0,
0,
0,
0,
0,
0.09472009,
2.352345e-06,
0.3768065,
0.06671802,
3.484e-05,
0.1304812,
0.0190931,
3.687605e-05,
4.183676e-11,
1.175812e-05,
8.140136e-09,
4.89568e-08,
1.236027e-06,
0.267252,
0.03335012,
0.002643676,
0.004876941,
0.003141038,
0.0006043388,
0.000225937,
0,
0,
0,
0,
0,
0.01454138,
0.0005477446,
0.1075269,
0.03409575,
0.001746328,
0.04488053,
0.01373651,
0.003564684,
3.819878e-11,
5.583075e-07,
1.670159e-09,
3.21477e-11,
7.60922e-05,
0.5332279,
0.1742821,
0.03021747,
0.01788984,
0.002903674,
0.001282069,
0.01948057,
0,
0,
0,
0,
0,
0.002881872,
7.762698e-05,
0.0260461,
0.007949169,
0.04060416,
0.008780607,
0.002693245,
0.0006206083,
0.1800477,
0.0002265233,
1.952079e-11,
2.533823e-07,
1.095514e-05,
0.1864627,
0.06396352,
0.01048786,
0.3650904,
0.084213,
0.01160533,
0.008238357,
0,
0,
0,
0,
0,
0.03427149,
2.577648e-06,
0.1723144,
0.03879686,
0.01312417,
0.06219202,
0.01233221,
4.461101e-05,
0.04894986,
3.952308e-05,
1.787953e-09,
6.700665e-08,
2.783848e-06,
0.3484125,
0.08316103,
0.0104356,
0.1349917,
0.03083264,
0.004340214,
0.005755843,
0,
0,
0,
0,
0,
0.2354033,
2.126162e-09,
0.539489,
0.03674956,
1.253776e-05,
0.127819,
0.005644026,
1.566847e-07,
5.493347e-10,
2.098047e-10,
3.972049e-10,
5.82709e-14,
3.929779e-09,
0.05175762,
0.00295967,
0.0001104897,
3.600021e-05,
6.983649e-06,
1.854095e-06,
9.761549e-06,
0,
0,
0,
0,
0,
0.04094256,
1.013035e-05,
0.2189572,
0.05472858,
0.001959171,
0.08473672,
0.01883326,
0.0001910144,
0,
3.491882e-05,
3.053096e-09,
2.481127e-07,
1.235242e-05,
0.4369165,
0.09449873,
0.01147544,
0.0191196,
0.01052903,
0.003295972,
0.003758539,
0,
0,
0,
0,
0,
0.03853308,
5.30686e-06,
0.2097313,
0.05056443,
0.002787064,
0.08218299,
0.01733391,
0.0001076168,
0,
1.17149e-05,
2.351183e-09,
6.283623e-08,
5.959939e-06,
0.4518302,
0.0971442,
0.01176233,
0.02146245,
0.007972049,
0.002585435,
0.005979928,
0,
0,
0,
0,
0,
0.02377457,
1.114966e-07,
0.1597502,
0.04784332,
0.002835493,
0.07081402,
0.01975105,
3.605396e-06,
0,
1.363474e-05,
5.475419e-09,
8.404443e-08,
1.129727e-06,
0.5130295,
0.111049,
0.01362614,
0.02459307,
0.007881332,
0.002641349,
0.002392329,
0,
0,
0,
0,
0,
0.004040683,
1.023648e-07,
0.04103474,
0.01613064,
0.001035651,
0.01938408,
0.007920108,
3.873684e-06,
0,
2.549335e-05,
2.839097e-09,
8.003242e-08,
2.047483e-06,
0.4910318,
0.2136313,
0.03961953,
0.08487073,
0.05632369,
0.01419917,
0.01074626,
0,
0,
0,
0,
0,
0.002898986,
2.220999e-06,
0.03412381,
0.01456505,
6.399894e-05,
0.01747786,
0.007951138,
4.860127e-05,
3.074092e-10,
2.485059e-05,
4.301691e-09,
2.620994e-07,
1.072832e-05,
0.5669584,
0.2661245,
0.04839416,
0.01175479,
0.01490371,
0.006524403,
0.008172484,
0,
0,
0,
0,
0,
0.000792841,
0.0009841602,
0.01229646,
0.006411255,
0.0001378726,
0.006371116,
0.003829679,
0.009476798,
2.273737e-11,
6.467105e-05,
3.965099e-11,
5.37709e-07,
0.001225164,
0.4209886,
0.2972169,
0.07994874,
0.03061168,
0.0480506,
0.02237477,
0.0592182,
0,
0,
0,
0,
0,
0.01807529,
5.169373e-06,
0.1308986,
0.04161888,
9.106467e-06,
0.05710647,
0.01735063,
0.0001193449,
4.478352e-09,
2.828908e-06,
3.277936e-09,
1.831429e-08,
2.276426e-05,
0.5521452,
0.1465596,
0.02203139,
0.002114533,
0.002932078,
0.001261282,
0.007746812,
0,
0,
0,
0,
0,
0.05161761,
4.205964e-06,
0.2527786,
0.05656303,
1.594253e-05,
0.09437323,
0.01825874,
9.39054e-05,
0,
6.724954e-06,
3.699389e-09,
3.149596e-08,
6.458078e-06,
0.4208331,
0.08303647,
0.00909647,
0.00408258,
0.004809132,
0.001655467,
0.002768307,
0,
0,
0,
0,
0,
0.0431117,
1.698597e-05,
0.2282307,
0.05568893,
1.659244e-05,
0.08882151,
0.01918918,
0.0003132494,
0,
6.364037e-06,
4.525153e-09,
3.955808e-08,
2.443649e-05,
0.4524047,
0.09186188,
0.01087906,
0.002974655,
0.002758344,
0.0008825356,
0.002819089,
0,
0,
0,
0,
0,
0.313227,
8.269339e-14,
0.5377969,
0.02189134,
3.386358e-12,
0.1039665,
0.002502282,
3.178147e-11,
0,
1.648924e-12,
6.436288e-11,
1.249526e-16,
1.810469e-12,
0.01971024,
0.0008797635,
2.329169e-05,
1.610027e-07,
4.78855e-07,
1.299397e-07,
1.891255e-06,
0,
0,
0,
0,
0,
0.05424786,
1.261406e-06,
0.2505355,
0.05256789,
0.02731356,
0.09730488,
0.01711801,
2.075159e-05,
0,
2.665007e-05,
5.242791e-09,
2.503001e-08,
8.182022e-07,
0.3169779,
0.05357878,
0.005204387,
0.1087708,
0.01382988,
0.001498687,
0.001002302,
0,
0,
0,
0,
0,
0.002263694,
1.946004e-05,
0.03082117,
0.01399531,
0.01270944,
0.01745549,
0.008790144,
0.000267482,
1.120497e-09,
0.001680635,
6.150563e-09,
2.060757e-05,
3.982947e-05,
0.4626327,
0.1377961,
0.01823507,
0.2274173,
0.05686206,
0.008407391,
0.0005861474,
0,
0,
0,
0,
0,
0.007394868,
5.275441e-05,
0.06439234,
0.02258007,
0.001200136,
0.02860256,
0.009966132,
0.0008011994,
0,
1.807407e-05,
1.712692e-09,
2.387637e-08,
9.940838e-05,
0.4965392,
0.1821458,
0.03233544,
0.08379476,
0.04345311,
0.01000793,
0.01661616,
0,
0,
0,
0,
0,
0.05157957,
2.183458e-05,
0.244679,
0.05223143,
0.005555978,
0.09028684,
0.01637068,
0.0003055999,
1.244189e-09,
3.484652e-06,
3.075287e-09,
1.134645e-09,
7.668226e-06,
0.3862694,
0.08098729,
0.009251774,
0.04753831,
0.009546616,
0.001425641,
0.00393881,
0,
0,
0,
0,
0,
0.106795,
1.148518e-09,
0.3941208,
0.06182283,
0.003148552,
0.1315395,
0.01653807,
3.291082e-08,
0,
3.657468e-08,
4.959757e-09,
8.939885e-12,
2.88763e-09,
0.2409945,
0.03112548,
0.002586419,
0.01014532,
0.0006056195,
0.0001108417,
0.0004669752,
0,
0,
0,
0,
0,
0.006102555,
2.860459e-05,
0.0643191,
0.02642641,
0.0054766,
0.03444066,
0.01489712,
0.0005136221,
4.0842e-11,
0.0002026447,
1.357983e-08,
7.234931e-07,
0.0001575391,
0.5345564,
0.1338701,
0.01827026,
0.1144213,
0.03791779,
0.007499932,
0.0008987196,
0,
0,
0,
0,
0,
0.006289683,
7.163222e-05,
0.05029764,
0.01644823,
0.02631282,
0.02059812,
0.006695412,
0.0007609857,
0,
0.0002777253,
1.652329e-09,
9.375634e-07,
4.457741e-05,
0.3073276,
0.1120291,
0.02135853,
0.3165636,
0.08902649,
0.01597971,
0.009917199,
0,
0,
0,
0,
0,
0.04273342,
2.127001e-05,
0.2249095,
0.05343032,
0.001015576,
0.08691622,
0.01794365,
0.0002753943,
0,
4.003858e-06,
3.349421e-09,
1.673074e-08,
6.493834e-06,
0.4483879,
0.09406111,
0.01055516,
0.009794957,
0.004594376,
0.001660975,
0.003689716,
0,
0,
0,
0,
0,
0.03169507,
1.205033e-06,
0.1847568,
0.04795789,
0.001251947,
0.07338065,
0.01695349,
3.196145e-05,
0,
1.685072e-06,
2.688224e-09,
5.912818e-09,
3.066157e-06,
0.4856894,
0.1178694,
0.01510683,
0.01245877,
0.00422787,
0.001810515,
0.006803451,
0,
0,
0,
2040, 
0,
0,
0.01788837,
0.000352431,
0.1146732,
0.03123192,
0.0006746519,
0.04643789,
0.01195331,
0.004057232,
4.720278e-10,
8.484679e-07,
5.615371e-09,
6.301732e-09,
0.0006618385,
0.4779711,
0.1694721,
0.03415784,
0.01242508,
0.007822824,
0.004330996,
0.06588832,
0,
0,
0,
0,
0,
0.01651975,
1.758437e-06,
0.07409144,
0.01318356,
0.0001321659,
0.04082659,
0.005814685,
5.37351e-05,
0,
2.330652e-08,
2.156659e-07,
3.863554e-11,
2.628597e-05,
0.2249662,
0.2249435,
0.1341998,
0.002712664,
0.008558897,
0.01229839,
0.2416704,
0,
0,
0,
0,
0,
0.08453952,
2.487607e-06,
0.3441981,
0.06100047,
5.584248e-05,
0.133326,
0.01946431,
4.774521e-05,
4.183676e-11,
4.093716e-05,
4.495526e-07,
1.519564e-06,
1.977621e-05,
0.287654,
0.04681666,
0.005822834,
0.007626672,
0.005613507,
0.00153761,
0.002231527,
0,
0,
0,
0,
0,
0.01147377,
0.0004853503,
0.08822214,
0.02780963,
0.001245863,
0.03933932,
0.01195746,
0.003329136,
3.819878e-11,
4.371612e-07,
2.928548e-09,
1.345e-10,
0.0001844847,
0.4939672,
0.183809,
0.03862113,
0.01350976,
0.002951664,
0.001922126,
0.08117156,
0,
0,
0,
0,
0,
0.001894187,
6.876374e-05,
0.01868725,
0.005728812,
0.03192729,
0.00723852,
0.002221187,
0.0005884094,
0.214656,
0.0002305594,
1.004187e-10,
7.357071e-07,
4.770024e-05,
0.1668162,
0.06684029,
0.01396025,
0.3232364,
0.08480825,
0.0146376,
0.04641164,
0,
0,
0,
0,
0,
0.02774934,
2.499093e-06,
0.1454195,
0.03283537,
0.01062137,
0.0571005,
0.01122322,
4.974485e-05,
0.06146988,
4.304681e-05,
1.272258e-08,
2.325764e-07,
1.30362e-05,
0.3374474,
0.09598521,
0.01640732,
0.1203061,
0.03237539,
0.006210736,
0.04474013,
0,
0,
0,
0,
0,
0.219874,
1.507809e-08,
0.5184176,
0.03560083,
9.342044e-06,
0.1458446,
0.00649891,
1.070969e-06,
5.493348e-10,
9.228019e-09,
1.870681e-07,
1.080171e-10,
5.411517e-07,
0.06588844,
0.00655748,
0.0005585089,
4.291291e-05,
4.138799e-05,
1.849692e-05,
0.0006456277,
0,
0,
0,
0,
0,
0.03420056,
1.253185e-05,
0.1878764,
0.04664996,
0.0015388,
0.07789603,
0.01713218,
0.0002557671,
0,
0.0001871279,
5.084905e-08,
1.154647e-05,
9.090598e-05,
0.4238645,
0.1094837,
0.01844635,
0.02617947,
0.02092232,
0.008181519,
0.02707028,
0,
0,
0,
0,
0,
0.03258002,
5.609337e-06,
0.1812364,
0.04323469,
0.001967455,
0.07571895,
0.01573396,
0.0001230352,
0,
3.785157e-05,
1.530112e-08,
1.380824e-06,
2.652412e-05,
0.4322889,
0.110794,
0.01821416,
0.02075307,
0.01330792,
0.005444666,
0.04853143,
0,
0,
0,
0,
0,
0.02034856,
1.348624e-07,
0.1397704,
0.04132611,
0.00203664,
0.0661369,
0.01817484,
5.473016e-06,
0,
7.380167e-05,
9.353806e-08,
3.5417e-06,
8.870572e-06,
0.4963026,
0.1295939,
0.02256244,
0.02501076,
0.01522947,
0.006841732,
0.01657378,
0,
0,
0,
0,
0,
0.003088492,
1.166882e-07,
0.03337471,
0.01303599,
0.0007571579,
0.01732512,
0.00702644,
4.911858e-06,
0,
3.488698e-05,
2.477021e-08,
4.809649e-07,
1.079318e-05,
0.4577235,
0.2263187,
0.05295468,
0.07543859,
0.05802082,
0.01877462,
0.03611002,
0,
0,
0,
0,
0,
0.002310065,
2.136973e-06,
0.02859485,
0.01210149,
5.572108e-05,
0.01607843,
0.007246388,
5.003723e-05,
3.074092e-10,
5.996429e-05,
4.701616e-08,
2.342149e-06,
4.04963e-05,
0.5291325,
0.2766811,
0.06250318,
0.01314593,
0.01904284,
0.009604106,
0.02334831,
0,
0,
0,
0,
0,
0.000575331,
0.0009993836,
0.009348331,
0.004877211,
0.0001263701,
0.005183486,
0.003116149,
0.009972572,
2.273737e-11,
6.937097e-05,
4.011533e-11,
6.906386e-07,
0.002176584,
0.3601737,
0.2768886,
0.08168295,
0.03054167,
0.05119522,
0.02609813,
0.1369742,
0,
0,
0,
0,
0,
0.01475943,
7.087333e-06,
0.1105311,
0.0347916,
7.923841e-06,
0.05134284,
0.01541656,
0.0001755678,
4.478352e-09,
7.148709e-06,
1.986062e-08,
2.136278e-07,
0.0001218018,
0.5207709,
0.1640121,
0.03301373,
0.002612502,
0.004305745,
0.00220938,
0.04591429,
0,
0,
0,
0,
0,
0.04367642,
5.983784e-06,
0.2202284,
0.04910231,
3.885284e-05,
0.08935176,
0.0170946,
0.0001449369,
0,
4.065502e-05,
1.047482e-07,
1.861053e-06,
6.611064e-05,
0.4168159,
0.1011514,
0.01631944,
0.007944426,
0.0103057,
0.004539639,
0.02317153,
0,
0,
0,
0,
0,
0.0364504,
2.610989e-05,
0.1983651,
0.04808812,
3.399282e-05,
0.08327302,
0.01782935,
0.0005132819,
0,
3.271163e-05,
9.858778e-08,
1.693097e-06,
0.0002345404,
0.4458616,
0.1125146,
0.01976921,
0.005032319,
0.005483005,
0.002273837,
0.02421694,
0,
0,
0,
0,
0,
0.2946088,
1.57384e-12,
0.5239871,
0.02168721,
6.29761e-11,
0.1251562,
0.003129356,
5.209713e-10,
0,
1.344761e-10,
7.936487e-08,
7.570041e-13,
8.264767e-10,
0.02852864,
0.00247338,
0.0001687012,
1.096025e-06,
3.652761e-06,
1.817227e-06,
0.0002539786,
0,
0,
0,
0,
0,
0.04811341,
1.251063e-06,
0.2270604,
0.04716969,
0.0218235,
0.09717917,
0.01679061,
2.464983e-05,
0,
3.221107e-05,
2.090249e-07,
2.864387e-07,
1.039857e-05,
0.331686,
0.07282754,
0.01127428,
0.09581251,
0.01555213,
0.002832251,
0.0118095,
0,
0,
0,
0,
0,
0.001930114,
1.716958e-05,
0.02675295,
0.01220481,
0.01186729,
0.0164446,
0.008281561,
0.0002553104,
1.120497e-09,
0.002714526,
4.284129e-08,
0.0001209986,
0.0001211921,
0.4296129,
0.1446028,
0.02557865,
0.2330956,
0.06938756,
0.01430993,
0.002701957,
0,
0,
0,
0,
0,
0.005752109,
5.69899e-05,
0.05239047,
0.01818291,
0.001025659,
0.02500379,
0.008620467,
0.0009221317,
0,
1.788442e-05,
3.255431e-09,
4.01443e-08,
0.0002881062,
0.4546118,
0.1906569,
0.04169102,
0.07430865,
0.04292374,
0.01218254,
0.07136478,
0,
0,
0,
0,
0,
0.04389977,
2.190651e-05,
0.2140483,
0.04541675,
0.004091932,
0.08572339,
0.01533343,
0.0003294049,
1.244189e-09,
3.587337e-06,
7.279294e-08,
9.103554e-09,
4.360319e-05,
0.385481,
0.1000218,
0.01681678,
0.04080532,
0.0100004,
0.002296867,
0.03566575,
0,
0,
0,
0,
0,
0.09602075,
1.107485e-09,
0.3631864,
0.05715924,
0.001389347,
0.1351013,
0.01686858,
4.806329e-08,
0,
5.701825e-08,
3.246676e-07,
3.098425e-10,
9.60739e-08,
0.2627867,
0.0467776,
0.006509127,
0.006393363,
0.0007487003,
0.0002756285,
0.006782718,
0,
0,
0,
0,
0,
0.005249926,
3.964223e-05,
0.05657747,
0.02319794,
0.004563049,
0.03283117,
0.01413833,
0.0007489645,
4.0842e-11,
0.000264728,
1.37092e-07,
4.28889e-06,
0.0008379722,
0.5127173,
0.1511302,
0.02841687,
0.1091458,
0.04387085,
0.01189718,
0.004368088,
0,
0,
0,
0,
0,
0.004455537,
6.761352e-05,
0.03902473,
0.0127215,
0.02177915,
0.01802536,
0.005835823,
0.0007727798,
0,
0.0003014253,
5.014796e-09,
2.502964e-06,
0.0001486011,
0.2909445,
0.1252917,
0.03048263,
0.2851796,
0.09363797,
0.02170314,
0.04962546,
0,
0,
0,
0,
0,
0.03616835,
2.053283e-05,
0.1954549,
0.04595318,
0.000729746,
0.0815449,
0.01656705,
0.0002857149,
0,
1.93393e-05,
7.542074e-08,
7.291234e-07,
3.757021e-05,
0.4385739,
0.1117342,
0.01828318,
0.01045558,
0.008893451,
0.004269114,
0.03100842,
0,
0,
0,
0,
0,
0.02653322,
1.32732e-06,
0.1586229,
0.04054292,
0.0008660093,
0.06723947,
0.01525775,
3.836708e-05,
0,
7.319605e-06,
2.549567e-08,
2.095825e-07,
1.600276e-05,
0.4659636,
0.1339865,
0.02314025,
0.01103784,
0.00758014,
0.004197245,
0.04496893,
0,
0,
0,
2041, 
0,
0,
0.01375576,
0.0003615388,
0.09293683,
0.02547538,
0.0003185949,
0.04042901,
0.01041919,
0.004405414,
4.720278e-10,
1.334059e-06,
8.343832e-09,
1.847446e-08,
0.001147843,
0.4431219,
0.1787198,
0.04236922,
0.009479566,
0.009176502,
0.006055033,
0.1218271,
0,
0,
0,
0,
0,
0.01578028,
2.503449e-06,
0.07517488,
0.01285216,
8.688075e-07,
0.04802683,
0.006430642,
8.032177e-05,
0,
4.062045e-08,
4.38373e-07,
3.625573e-10,
5.860146e-05,
0.2347061,
0.2226862,
0.1268997,
0.001461552,
0.007496465,
0.01108574,
0.2372567,
0,
0,
0,
0,
0,
0.07543404,
2.704837e-06,
0.3146251,
0.05584142,
7.529351e-05,
0.1359398,
0.01978715,
6.196194e-05,
4.183675e-11,
6.852637e-05,
1.031201e-06,
3.144456e-06,
4.879294e-05,
0.305505,
0.05932912,
0.008840614,
0.01019502,
0.007873592,
0.002400361,
0.003967383,
0,
0,
0,
0,
0,
0.009020098,
0.0004192237,
0.07184812,
0.02249324,
0.0007471392,
0.03393507,
0.01023604,
0.003037257,
3.819878e-11,
3.242398e-07,
3.606373e-09,
3.692877e-10,
0.0002703969,
0.4495789,
0.188433,
0.04551389,
0.009153054,
0.003089279,
0.002642982,
0.149582,
0,
0,
0,
0,
0,
0.001259344,
5.929217e-05,
0.01359367,
0.00417614,
0.02431234,
0.005950571,
0.001821721,
0.0005460486,
0.2433239,
0.0002251847,
1.506457e-10,
1.001757e-06,
8.35973e-05,
0.1476714,
0.06839023,
0.01709584,
0.2790907,
0.08329534,
0.01709775,
0.09200595,
0,
0,
0,
0,
0,
0.02237185,
2.352228e-06,
0.1218064,
0.02743833,
0.008284467,
0.05151245,
0.01000866,
5.274582e-05,
0.07201582,
4.398396e-05,
2.022332e-08,
3.245916e-07,
2.262819e-05,
0.3213736,
0.1066021,
0.02195342,
0.1046071,
0.03295932,
0.007770202,
0.0911743,
0,
0,
0,
0,
0,
0.2055349,
4.309716e-08,
0.4961863,
0.03436232,
6.145872e-06,
0.162579,
0.007296979,
2.862717e-06,
5.493348e-10,
1.759069e-08,
4.378588e-07,
2.334436e-10,
1.814279e-06,
0.08035398,
0.01066798,
0.001122581,
4.99274e-05,
7.960966e-05,
3.900309e-05,
0.001716178,
0,
0,
0,
0,
0,
0.02825312,
1.431611e-05,
0.1595357,
0.0392965,
0.001075455,
0.07052033,
0.01531951,
0.0003112078,
0,
0.0002897275,
8.523475e-08,
1.957969e-05,
0.0001743068,
0.4060273,
0.1228398,
0.02527343,
0.03170709,
0.03030189,
0.0127793,
0.0562614,
0,
0,
0,
0,
0,
0.02737706,
5.758792e-06,
0.1554272,
0.03662905,
0.001144506,
0.06870028,
0.01404149,
0.0001349701,
0,
5.533955e-05,
2.512439e-08,
2.333473e-06,
4.809998e-05,
0.4075909,
0.121996,
0.02414728,
0.01939018,
0.01800163,
0.008085238,
0.09722266,
0,
0,
0,
0,
0,
0.0173415,
1.61844e-07,
0.1216561,
0.03550377,
0.00123096,
0.06115904,
0.01654454,
7.52825e-06,
0,
0.0001230587,
1.851152e-07,
6.727708e-06,
1.866943e-05,
0.4760028,
0.1465472,
0.03164057,
0.02479583,
0.02215418,
0.01103116,
0.034236,
0,
0,
0,
0,
0,
0.002399919,
1.395617e-07,
0.0274291,
0.01063351,
0.0005412806,
0.01554372,
0.006247087,
6.369204e-06,
0,
4.662342e-05,
5.105752e-08,
1.071821e-06,
2.382475e-05,
0.4244802,
0.2362268,
0.06571056,
0.06657767,
0.05952442,
0.0234295,
0.06117817,
0,
0,
0,
0,
0,
0.00189065,
2.001862e-06,
0.02440267,
0.01023664,
6.267156e-05,
0.01498755,
0.006683647,
4.98494e-05,
3.074092e-10,
0.0001037178,
1.046987e-07,
5.241641e-06,
6.85445e-05,
0.4926645,
0.2839643,
0.07553187,
0.01569579,
0.0239044,
0.01313945,
0.03660641,
0,
0,
0,
0,
0,
0.0004155172,
0.000997624,
0.007059886,
0.003680693,
0.0001159099,
0.004157615,
0.002496624,
0.0102789,
2.273737e-11,
7.353127e-05,
4.014425e-11,
8.40172e-07,
0.003122507,
0.3031524,
0.2529573,
0.0815186,
0.03029507,
0.05442254,
0.03044373,
0.2148107,
0,
0,
0,
0,
0,
0.01195997,
8.676084e-06,
0.09234132,
0.0287488,
7.080029e-06,
0.04539149,
0.01345428,
0.0002265147,
4.478352e-09,
9.077521e-06,
2.945383e-08,
2.975108e-07,
0.0002263579,
0.4837867,
0.1775208,
0.04300535,
0.002945773,
0.005350038,
0.002999672,
0.09201773,
0,
0,
0,
0,
0,
0.03678977,
7.741308e-06,
0.1907817,
0.04225706,
5.435488e-05,
0.08372319,
0.01580716,
0.0001966223,
0,
6.495885e-05,
2.185854e-07,
3.316572e-06,
0.0001408609,
0.4081704,
0.1180915,
0.02364938,
0.01108521,
0.01515641,
0.007262844,
0.04675738,
0,
0,
0,
0,
0,
0.03050411,
3.477189e-05,
0.1706471,
0.04107982,
4.952216e-05,
0.07683956,
0.01629834,
0.0007059264,
0,
5.763109e-05,
1.854619e-07,
3.378806e-06,
0.0004776485,
0.4325291,
0.1305868,
0.02847894,
0.007439577,
0.009058782,
0.004280985,
0.05092777,
0,
0,
0,
0,
0,
0.2767696,
8.048321e-12,
0.5085824,
0.02153105,
1.434551e-10,
0.145698,
0.003758939,
2.244389e-09,
0,
3.119726e-10,
1.960677e-07,
2.166082e-12,
4.141482e-09,
0.03812633,
0.004420956,
0.0003689361,
2.269396e-06,
7.825246e-06,
4.231256e-06,
0.0007292156,
0,
0,
0,
0,
0,
0.04266129,
1.249252e-06,
0.2056773,
0.04222681,
0.0165314,
0.09601701,
0.01628274,
2.911459e-05,
0,
3.617668e-05,
4.33152e-07,
5.278151e-07,
2.356775e-05,
0.3426328,
0.09160716,
0.01763209,
0.08223733,
0.01699274,
0.004170063,
0.0252402,
0,
0,
0,
0,
0,
0.001654651,
1.458253e-05,
0.02332095,
0.01066266,
0.01097022,
0.01532162,
0.007703554,
0.0002356918,
1.120497e-09,
0.003736429,
7.504121e-08,
0.0002309628,
0.0001855541,
0.3961778,
0.1488452,
0.03239338,
0.2385993,
0.0834607,
0.02136473,
0.005122005,
0,
0,
0,
0,
0,
0.00447574,
5.965773e-05,
0.04242468,
0.01456422,
0.0008531502,
0.02158313,
0.007357729,
0.001014862,
0,
1.736712e-05,
4.267273e-09,
5.471032e-08,
0.0004746181,
0.4103656,
0.1949912,
0.04978405,
0.06444713,
0.04171608,
0.01408597,
0.1317848,
0,
0,
0,
0,
0,
0.03707359,
2.10463e-05,
0.1856722,
0.03904007,
0.002887449,
0.08013336,
0.01410581,
0.0003323084,
1.244189e-09,
3.578441e-06,
1.273091e-07,
1.592507e-08,
6.776646e-05,
0.3791175,
0.1171048,
0.02410063,
0.03419061,
0.01027499,
0.003117518,
0.07275662,
0,
0,
0,
0,
0,
0.08590816,
1.372324e-09,
0.3326622,
0.0524357,
0.000425675,
0.1372505,
0.01700433,
9.734288e-08,
0,
1.020227e-07,
7.049714e-07,
1.164968e-09,
3.638092e-07,
0.2818342,
0.06234133,
0.01062062,
0.004017727,
0.0009552423,
0.0004886966,
0.01405441,
0,
0,
0,
0,
0,
0.004564858,
5.019246e-05,
0.05011854,
0.02049556,
0.003650117,
0.0312262,
0.01337202,
0.0009786465,
4.0842e-11,
0.0003346814,
2.691969e-07,
9.061401e-06,
0.001610501,
0.490566,
0.166825,
0.03849236,
0.1031923,
0.04977951,
0.01651005,
0.008224127,
0,
0,
0,
0,
0,
0.003233593,
6.249288e-05,
0.03078196,
0.009995866,
0.01719044,
0.01576117,
0.005075327,
0.0007665317,
0,
0.0003119158,
7.429084e-09,
3.646828e-06,
0.0002516949,
0.2729856,
0.135968,
0.03897129,
0.2506562,
0.0961033,
0.0267905,
0.09509046,
0,
0,
0,
0,
0,
0.03040743,
1.914369e-05,
0.1685903,
0.03912146,
0.0004387824,
0.07539492,
0.01503523,
0.000282156,
0,
2.707638e-05,
1.288751e-07,
1.090305e-06,
6.071037e-05,
0.4234844,
0.1276585,
0.02583876,
0.01035276,
0.01231307,
0.006520968,
0.06445307,
0,
0,
0,
0,
0,
0.02202372,
1.407807e-06,
0.1350043,
0.03395113,
0.0004930805,
0.06077455,
0.01352606,
4.36267e-05,
0,
1.297353e-05,
4.35582e-08,
4.48589e-07,
2.969188e-05,
0.4411288,
0.1472139,
0.03055734,
0.009692075,
0.01094153,
0.006568079,
0.08803721,
0,
0,
0,
2042, 
0,
0,
0.01066875,
0.0003597944,
0.07497883,
0.02055626,
0.0001218959,
0.03443329,
0.008866647,
0.004607153,
4.720278e-10,
2.148512e-06,
1.040405e-08,
4.447238e-08,
0.001637084,
0.4029554,
0.183836,
0.04954987,
0.007125661,
0.01082413,
0.007991215,
0.1814858,
0,
0,
0,
0,
0,
0.01669134,
3.245067e-06,
0.0798439,
0.01290841,
4.627308e-07,
0.05444358,
0.006938646,
0.00010723,
0,
1.423277e-07,
6.717565e-07,
3.058797e-09,
0.0001005932,
0.2406927,
0.2165488,
0.1179934,
0.001151009,
0.006608014,
0.009955009,
0.2360128,
0,
0,
0,
0,
0,
0.06751534,
3.027872e-06,
0.288436,
0.05132245,
9.248526e-05,
0.1383635,
0.02007629,
8.017092e-05,
4.183676e-11,
9.382977e-05,
1.800759e-06,
4.873895e-06,
9.357351e-05,
0.3205307,
0.0707038,
0.01167467,
0.01250443,
0.009881609,
0.003183734,
0.005437742,
0,
0,
0,
0,
0,
0.007202957,
0.000350242,
0.05858672,
0.01820281,
0.0002501593,
0.02874897,
0.00859786,
0.002697019,
3.819878e-11,
2.252526e-07,
3.922985e-09,
9.074651e-10,
0.0003321414,
0.4006078,
0.1875752,
0.05059638,
0.00482541,
0.003317324,
0.003428007,
0.2246808,
0,
0,
0,
0,
0,
0.0009774313,
4.930791e-05,
0.01077762,
0.003295803,
0.01784196,
0.004929394,
0.001499334,
0.0004932591,
0.2645171,
0.0002129392,
1.794151e-10,
1.160558e-06,
0.0001163353,
0.1291544,
0.06835587,
0.01973601,
0.2337099,
0.07987139,
0.01897801,
0.1454828,
0,
0,
0,
0,
0,
0.01820036,
2.146796e-06,
0.1017739,
0.02267693,
0.0061229,
0.04552156,
0.008712674,
5.374867e-05,
0.08031472,
4.314901e-05,
2.527461e-08,
3.734195e-07,
3.14017e-05,
0.3001625,
0.1144619,
0.02690563,
0.08819085,
0.03258577,
0.008992621,
0.1452469,
0,
0,
0,
0,
0,
0.1924456,
9.683502e-08,
0.4728445,
0.0330398,
2.949026e-06,
0.1776344,
0.008027984,
6.032177e-06,
5.493348e-10,
2.487097e-08,
7.758263e-07,
3.697304e-10,
4.617311e-06,
0.09502932,
0.01536731,
0.001837586,
5.615284e-05,
0.0001198337,
6.305218e-05,
0.003519956,
0,
0,
0,
0,
0,
0.02316373,
1.550874e-05,
0.1342313,
0.03275207,
0.0005842462,
0.0626824,
0.01342352,
0.0003563716,
0,
0.0003591995,
1.093769e-07,
2.541435e-05,
0.000262978,
0.3830182,
0.1337588,
0.03171824,
0.03589158,
0.03863668,
0.01703727,
0.09208234,
0,
0,
0,
0,
0,
0.02300176,
5.766808e-06,
0.1326955,
0.03084668,
0.0003207224,
0.06126133,
0.01229187,
0.0001437124,
0,
6.712193e-05,
3.295502e-08,
3.036721e-06,
7.197483e-05,
0.377877,
0.1303623,
0.02949535,
0.01747498,
0.02209112,
0.01051344,
0.1514763,
0,
0,
0,
0,
0,
0.01478255,
1.905917e-07,
0.105584,
0.03043343,
0.0004188984,
0.05590614,
0.01487527,
9.68638e-06,
0,
0.0001620917,
2.788463e-07,
9.566147e-06,
3.078661e-05,
0.4519788,
0.1613435,
0.04071227,
0.02390494,
0.02854307,
0.01515047,
0.05615407,
0,
0,
0,
0,
0,
0.0019784,
1.703254e-07,
0.02323548,
0.008938361,
0.0003901473,
0.01405595,
0.005589211,
8.202866e-06,
0,
6.151762e-05,
8.341986e-08,
1.961726e-06,
4.204357e-05,
0.3916933,
0.2431885,
0.07772749,
0.0584439,
0.0608738,
0.02813385,
0.08563764,
0,
0,
0,
0,
0,
0.001643262,
1.827069e-06,
0.02158405,
0.008985207,
8.261894e-05,
0.01422064,
0.006268105,
4.834423e-05,
3.074092e-10,
0.0001515612,
1.788144e-07,
8.818424e-06,
9.557334e-05,
0.4584747,
0.2884454,
0.08762217,
0.01881152,
0.02852187,
0.01649291,
0.04854121,
0,
0,
0,
0,
0,
0.0003143715,
0.0009698573,
0.005448337,
0.002830619,
0.0001055173,
0.003305181,
0.00197809,
0.01031305,
2.273737e-11,
7.582398e-05,
3.941919e-11,
9.629196e-07,
0.004053502,
0.250691,
0.2258918,
0.07948321,
0.02935643,
0.05638352,
0.03416081,
0.2946379,
0,
0,
0,
0,
0,
0.009714332,
9.85361e-06,
0.07659774,
0.023578,
7.383923e-06,
0.03938429,
0.01150966,
0.0002687569,
4.478352e-09,
9.957534e-06,
3.510439e-08,
3.356679e-07,
0.0003328978,
0.4416573,
0.186472,
0.05174275,
0.003178679,
0.006067303,
0.003606818,
0.1458619,
0,
0,
0,
0,
0,
0.03098878,
9.239312e-06,
0.1645674,
0.03605288,
6.418714e-05,
0.07738253,
0.01437755,
0.0002437207,
0,
8.149966e-05,
3.308818e-07,
4.399786e-06,
0.0002275984,
0.3943809,
0.1332972,
0.03094115,
0.01359245,
0.01938599,
0.009802021,
0.07460026,
0,
0,
0,
0,
0,
0.02530234,
4.04841e-05,
0.1453062,
0.03469045,
5.369765e-05,
0.06949501,
0.01457343,
0.0008549074,
0,
6.641197e-05,
2.342892e-07,
3.958011e-06,
0.0007139106,
0.4132436,
0.1463031,
0.03691936,
0.008611497,
0.01121049,
0.005602373,
0.0870086,
0,
0,
0,
0,
0,
0.2598342,
3.005688e-11,
0.4915937,
0.02141983,
2.763051e-10,
0.1652094,
0.00438545,
7.184874e-09,
0,
5.962617e-10,
3.678555e-07,
5.403529e-12,
1.551907e-08,
0.04849111,
0.006791257,
0.0006437546,
3.909565e-06,
1.372298e-05,
7.869981e-06,
0.001605402,
0,
0,
0,
0,
0,
0.03793238,
1.249448e-06,
0.1864857,
0.03777215,
0.01144642,
0.09367926,
0.01558408,
3.38355e-05,
0,
3.951875e-05,
6.73905e-07,
7.962659e-07,
4.085133e-05,
0.3491034,
0.1094726,
0.02422513,
0.0683457,
0.01827601,
0.005564119,
0.04199614,
0,
0,
0,
0,
0,
0.001450657,
1.187477e-05,
0.02071011,
0.009455298,
0.009947646,
0.0142382,
0.007134087,
0.0002133599,
1.120497e-09,
0.004608492,
1.129716e-07,
0.0003362852,
0.000258011,
0.365522,
0.1523527,
0.0394748,
0.2406052,
0.09686829,
0.0287513,
0.00806155,
0,
0,
0,
0,
0,
0.003576668,
6.041591e-05,
0.03459306,
0.01175803,
0.000683699,
0.01838263,
0.006193792,
0.001071291,
0,
1.655451e-05,
4.89433e-09,
6.809132e-08,
0.0006499978,
0.3642029,
0.1946787,
0.05634921,
0.05437559,
0.03985004,
0.0156713,
0.1978861,
0,
0,
0,
0,
0,
0.03117727,
1.961318e-05,
0.1598216,
0.03317127,
0.001946835,
0.07352529,
0.01270385,
0.0003225624,
1.244189e-09,
3.510892e-06,
1.674648e-07,
2.284435e-08,
8.512283e-05,
0.3665927,
0.131531,
0.03092363,
0.02779567,
0.01041783,
0.003906918,
0.1160551,
0,
0,
0,
0,
0,
0.07644401,
2.652707e-09,
0.3023776,
0.04761817,
0.0002507521,
0.1374936,
0.01688574,
2.41742e-07,
0,
1.919203e-07,
1.132803e-06,
3.433985e-09,
1.122458e-06,
0.2975172,
0.07791419,
0.01506088,
0.003019373,
0.001249978,
0.0007711694,
0.02339469,
0,
0,
0,
0,
0,
0.004049255,
5.953352e-05,
0.04494533,
0.01832338,
0.002753856,
0.02958565,
0.01258555,
0.001188843,
4.0842e-11,
0.0004221004,
4.060031e-07,
1.614129e-05,
0.002456293,
0.4674882,
0.1804352,
0.0483643,
0.09729505,
0.05597412,
0.02146572,
0.01259109,
0,
0,
0,
0,
0,
0.0026322,
5.641226e-05,
0.02563653,
0.008295407,
0.01257065,
0.01383032,
0.004424478,
0.0007425193,
0,
0.0003110083,
9.090526e-09,
4.449022e-06,
0.0003522974,
0.2534637,
0.143513,
0.04657692,
0.213503,
0.09628089,
0.03110096,
0.1467051,
0,
0,
0,
0,
0,
0.0255279,
1.734868e-05,
0.1446507,
0.03302676,
0.0001453807,
0.06855739,
0.01338181,
0.0002697829,
0,
3.096773e-05,
1.694316e-07,
1.275756e-06,
8.017189e-05,
0.402885,
0.1411715,
0.03303919,
0.009692125,
0.01497157,
0.008430774,
0.1041201,
0,
0,
0,
0,
0,
0.01821097,
1.443484e-06,
0.1141322,
0.02824843,
0.0001335718,
0.05403294,
0.01177876,
4.753144e-05,
0,
1.922452e-05,
5.715135e-08,
7.67186e-07,
4.397356e-05,
0.4110385,
0.1568738,
0.0371553,
0.008513884,
0.01441441,
0.008961319,
0.136393,
0,
0,
0,
2043, 
0,
0,
0.008139038,
0.0003473268,
0.05939038,
0.01625739,
3.666501e-05,
0.02876795,
0.007388625,
0.004661152,
4.720278e-10,
3.395249e-06,
1.204939e-08,
9.510387e-08,
0.002142301,
0.3600126,
0.1847486,
0.05550889,
0.005826834,
0.01272675,
0.0100721,
0.2439699,
0,
0,
0,
0,
0,
0.01755704,
3.96763e-06,
0.08443889,
0.01331728,
3.084805e-07,
0.05953394,
0.007370036,
0.0001340092,
0,
4.620725e-07,
9.227603e-07,
1.551041e-08,
0.0001552344,
0.2442757,
0.2092066,
0.1091917,
0.0009858314,
0.005995629,
0.009019904,
0.2388124,
0,
0,
0,
0,
0,
0.06061342,
3.474232e-06,
0.2654479,
0.04737798,
0.0001062034,
0.1409495,
0.02037898,
0.0001028416,
4.183676e-11,
0.0001160914,
2.811295e-06,
6.636656e-06,
0.0001614814,
0.3330059,
0.08081201,
0.0143166,
0.01443566,
0.01158594,
0.003882407,
0.006694157,
0,
0,
0,
0,
0,
0.005606707,
0.0002816694,
0.04660438,
0.01435148,
7.216631e-05,
0.02376732,
0.007039809,
0.002325909,
3.819878e-11,
1.964601e-07,
4.063454e-09,
2.156645e-09,
0.0003757673,
0.3490722,
0.1814501,
0.0537328,
0.00245874,
0.003723566,
0.004253796,
0.3048833,
0,
0,
0,
0,
0,
0.0007311096,
3.925849e-05,
0.008277388,
0.002513149,
0.01277098,
0.003966658,
0.001196063,
0.000432756,
0.2766032,
0.0001959582,
1.943937e-10,
1.259029e-06,
0.000144671,
0.110452,
0.06666654,
0.02173414,
0.1920233,
0.07494421,
0.02025412,
0.2070532,
0,
0,
0,
0,
0,
0.01464656,
1.90061e-06,
0.08400192,
0.01845322,
0.004220956,
0.03954847,
0.007436028,
5.289363e-05,
0.08578479,
4.092696e-05,
2.872956e-08,
3.977045e-07,
3.951534e-05,
0.2756602,
0.1192153,
0.03109554,
0.07222513,
0.03131511,
0.009848904,
0.2064122,
0,
0,
0,
0,
0,
0.179855,
1.867035e-07,
0.4487407,
0.03165092,
1.646981e-08,
0.1906231,
0.008676762,
1.10153e-05,
5.493348e-10,
3.116609e-08,
1.228075e-06,
5.163523e-10,
1.026125e-05,
0.1098088,
0.02080001,
0.002767945,
6.25375e-05,
0.0001628536,
9.205967e-05,
0.006736455,
0,
0,
0,
0,
0,
0.01869,
1.60883e-05,
0.1111088,
0.02672925,
0.0003859598,
0.05467623,
0.01149648,
0.0003892524,
0,
0.0004050374,
1.254643e-07,
2.959876e-05,
0.0003561752,
0.3550937,
0.1414525,
0.03746895,
0.03973544,
0.04571784,
0.0208446,
0.135404,
0,
0,
0,
0,
0,
0.0189369,
5.632059e-06,
0.1110185,
0.02540271,
8.273445e-05,
0.05356354,
0.01052377,
0.0001490353,
0,
7.353532e-05,
3.937786e-08,
3.460505e-06,
9.964499e-05,
0.3443944,
0.1356647,
0.03417926,
0.01683525,
0.02489658,
0.01230117,
0.2118692,
0,
0,
0,
0,
0,
0.01237164,
2.244257e-07,
0.09008192,
0.02560065,
0.0001467733,
0.05032339,
0.01314071,
1.170714e-05,
0,
0.0001890107,
3.589858e-07,
1.167898e-05,
4.438661e-05,
0.423865,
0.173536,
0.04947883,
0.02473265,
0.03418344,
0.01900551,
0.08327609,
0,
0,
0,
0,
0,
0.001641179,
2.019515e-07,
0.01976156,
0.007538226,
0.0002782219,
0.01277428,
0.005018084,
1.006357e-05,
0,
7.915773e-05,
1.24198e-07,
3.207819e-06,
6.413797e-05,
0.3606155,
0.2476116,
0.08883562,
0.05166948,
0.06210676,
0.03273496,
0.1092576,
0,
0,
0,
0,
0,
0.001454067,
1.639594e-06,
0.01935047,
0.00799403,
0.0001076834,
0.01366002,
0.005944077,
4.605373e-05,
3.074092e-10,
0.0002095235,
2.701551e-07,
1.379662e-05,
0.0001233632,
0.4272146,
0.2903427,
0.09842273,
0.02250925,
0.03336041,
0.01993679,
0.05930856,
0,
0,
0,
0,
0,
0.0002320817,
0.0009119716,
0.004102423,
0.002121935,
9.684172e-05,
0.002562787,
0.001527299,
0.01001256,
2.273737e-11,
7.544621e-05,
3.719823e-11,
1.061834e-06,
0.004929383,
0.2025589,
0.1972478,
0.07557914,
0.0282736,
0.05728099,
0.0371733,
0.3753124,
0,
0,
0,
0,
0,
0.007751803,
1.057061e-05,
0.06242191,
0.01897114,
7.526419e-06,
0.03353113,
0.009648162,
0.0002998597,
4.478352e-09,
1.043896e-05,
3.847011e-08,
3.582074e-07,
0.0004391174,
0.3967102,
0.1905346,
0.05890273,
0.00333412,
0.006609068,
0.004132109,
0.2066852,
0,
0,
0,
0,
0,
0.0258331,
1.021172e-05,
0.1405186,
0.03032902,
6.982573e-05,
0.07059121,
0.01285817,
0.0002798841,
0,
9.17166e-05,
4.189993e-07,
5.110841e-06,
0.0003182918,
0.3766263,
0.1461298,
0.03789392,
0.01551278,
0.02292409,
0.01207879,
0.1079287,
0,
0,
0,
0,
0,
0.02062481,
4.327529e-05,
0.1216382,
0.02873917,
5.502237e-05,
0.06154929,
0.01273557,
0.0009491683,
0,
7.012927e-05,
2.570926e-07,
4.198801e-06,
0.0009203276,
0.3876144,
0.1577101,
0.04429916,
0.009337635,
0.01281127,
0.006696021,
0.1342021,
0,
0,
0,
0,
0,
0.243606,
9.329189e-11,
0.4737402,
0.02129665,
5.620751e-10,
0.1834967,
0.005005655,
1.947912e-08,
0,
1.179978e-09,
6.215944e-07,
1.516072e-11,
5.052957e-08,
0.05933927,
0.00952298,
0.0009946917,
6.606459e-06,
2.296064e-05,
1.372231e-05,
0.002953844,
0,
0,
0,
0,
0,
0.03346439,
1.248697e-06,
0.1677663,
0.03349878,
0.007409946,
0.09028983,
0.01473173,
3.859843e-05,
0,
4.241747e-05,
9.277412e-07,
1.111049e-06,
6.302642e-05,
0.3508829,
0.1258881,
0.03094236,
0.05575962,
0.01942991,
0.007014773,
0.06277394,
0,
0,
0,
0,
0,
0.001270755,
1.003643e-05,
0.01834832,
0.008364934,
0.008983069,
0.0131819,
0.006577667,
0.0001963512,
1.120497e-09,
0.005320223,
1.588022e-07,
0.0004356449,
0.00035694,
0.336648,
0.1554861,
0.04669702,
0.240462,
0.1095623,
0.03652309,
0.01157557,
0,
0,
0,
0,
0,
0.002820229,
5.897223e-05,
0.02779819,
0.00934638,
0.0005187637,
0.01538608,
0.005119571,
0.001085346,
0,
1.535057e-05,
5.249774e-09,
7.758133e-08,
0.0008090346,
0.3181104,
0.1898375,
0.06107906,
0.04443997,
0.03726886,
0.01675919,
0.269547,
0,
0,
0,
0,
0,
0.02584887,
1.777152e-05,
0.1356924,
0.02771763,
0.001205638,
0.06629101,
0.01121522,
0.0003034062,
1.244189e-09,
3.398167e-06,
1.952959e-07,
3.0316e-08,
9.84677e-05,
0.3486648,
0.1425408,
0.03703413,
0.02202702,
0.0104447,
0.004652321,
0.1662421,
0,
0,
0,
0,
0,
0.06781156,
4.608633e-09,
0.2736599,
0.0429327,
0.0001057304,
0.1362661,
0.01656823,
4.465063e-07,
0,
3.67143e-07,
1.615668e-06,
9.383688e-09,
2.396433e-06,
0.309814,
0.09310457,
0.01977153,
0.00217423,
0.001656824,
0.001139571,
0.03499023,
0,
0,
0,
0,
0,
0.003577501,
6.72346e-05,
0.04012124,
0.01629672,
0.002051382,
0.02782133,
0.01174292,
0.001370563,
4.0842e-11,
0.0005188924,
5.435049e-07,
2.539858e-05,
0.003364075,
0.4433322,
0.1921903,
0.05807764,
0.09264347,
0.062291,
0.0266976,
0.01781,
0,
0,
0,
0,
0,
0.002129238,
4.966912e-05,
0.02113828,
0.006808765,
0.008805804,
0.01195851,
0.003795678,
0.0007021022,
0,
0.0002996702,
1.018883e-08,
4.965326e-06,
0.0004494964,
0.2318647,
0.147577,
0.05299698,
0.178205,
0.09420509,
0.03443546,
0.2045735,
0,
0,
0,
0,
0,
0.0211096,
1.53109e-05,
0.1223031,
0.0273899,
3.221715e-05,
0.06133624,
0.01168428,
0.0002512015,
0,
3.28748e-05,
2.000018e-07,
1.369981e-06,
9.842352e-05,
0.3779438,
0.1516197,
0.03964173,
0.009429091,
0.01693793,
0.009995454,
0.1501776,
0,
0,
0,
0,
0,
0.01477383,
1.432047e-06,
0.09470372,
0.02302078,
2.339807e-05,
0.0471633,
0.01004593,
4.986698e-05,
0,
2.547378e-05,
6.689302e-08,
1.147778e-06,
5.875235e-05,
0.3765096,
0.1624663,
0.04269953,
0.008825782,
0.01783164,
0.01126624,
0.1905332,
0,
0,
0,
2044, 
0,
0,
0.006071632,
0.0003242671,
0.04604067,
0.01256882,
9.629532e-06,
0.02353293,
0.006018806,
0.004559495,
4.720278e-10,
4.958832e-06,
1.31877e-08,
1.750857e-07,
0.002652833,
0.3161163,
0.1815854,
0.05990849,
0.005372735,
0.01468272,
0.01212105,
0.3084291,
0,
0,
0,
0,
0,
0.01781035,
4.463837e-06,
0.08686294,
0.01359933,
4.597902e-07,
0.06274796,
0.007642221,
0.0001550001,
0,
9.7004e-07,
1.125307e-06,
4.106276e-08,
0.0002154639,
0.2483005,
0.2006126,
0.1001976,
0.001020965,
0.005613834,
0.008210147,
0.247004,
0,
0,
0,
0,
0,
0.05469748,
4.082985e-06,
0.2457606,
0.04408325,
0.0001157362,
0.1438094,
0.020727,
0.00013108,
4.183676e-11,
0.0001347847,
4.131842e-06,
8.409979e-06,
0.0002647801,
0.3430491,
0.08942729,
0.01670204,
0.01591974,
0.01293426,
0.00447908,
0.007747652,
0,
0,
0,
0,
0,
0.004248706,
0.0002172016,
0.03614283,
0.01102685,
7.386945e-06,
0.01916507,
0.005619845,
0.001942059,
3.819878e-11,
2.291474e-07,
3.982958e-09,
4.548923e-09,
0.0004012293,
0.2975127,
0.1706788,
0.05471464,
0.001106551,
0.004205459,
0.005028098,
0.3879824,
0,
0,
0,
0,
0,
0.0005187718,
2.963116e-05,
0.006093254,
0.001831434,
0.008923789,
0.003082749,
0.0009193262,
0.0003682095,
0.2791066,
0.0001759378,
2.005013e-10,
1.312075e-06,
0.0001685129,
0.09221229,
0.06346565,
0.02298244,
0.1546712,
0.06889076,
0.02090606,
0.2756521,
0,
0,
0,
0,
0,
0.0115476,
1.65252e-06,
0.06804824,
0.01472287,
0.002742553,
0.03369674,
0.006215015,
5.0272e-05,
0.08818575,
3.743848e-05,
3.092476e-08,
4.038467e-07,
4.689329e-05,
0.2488573,
0.1206632,
0.03427754,
0.05760651,
0.02926619,
0.01029497,
0.2737388,
0,
0,
0,
0,
0,
0.1672579,
3.203744e-07,
0.4240475,
0.03033068,
1.939225e-08,
0.2011723,
0.009236576,
1.809127e-05,
5.493348e-10,
3.727179e-08,
1.827679e-06,
6.984902e-10,
2.076649e-05,
0.124343,
0.02693019,
0.003955678,
7.610523e-05,
0.0002092298,
0.0001269306,
0.01227286,
0,
0,
0,
0,
0,
0.01470601,
1.600278e-05,
0.08999844,
0.02130384,
0.0003866489,
0.04674228,
0.00962793,
0.000406241,
0,
0.0004312618,
1.35282e-07,
3.251042e-05,
0.0004479121,
0.3236731,
0.145482,
0.04215458,
0.04292087,
0.05102139,
0.02396794,
0.1866809,
0,
0,
0,
0,
0,
0.01518528,
5.344319e-06,
0.09071189,
0.02038852,
6.983332e-05,
0.04584851,
0.008797003,
0.0001502851,
0,
7.610599e-05,
4.434698e-08,
3.718369e-06,
0.0001317688,
0.3087976,
0.1375574,
0.03787116,
0.01707332,
0.02649104,
0.01349711,
0.277344,
0,
0,
0,
0,
0,
0.01013367,
2.467262e-07,
0.07544239,
0.02110341,
0.0001283645,
0.04456191,
0.01139256,
1.322369e-05,
0,
0.0002039571,
4.144314e-07,
1.298066e-05,
5.822304e-05,
0.392907,
0.1826905,
0.05748471,
0.02642002,
0.03861886,
0.02231357,
0.1165139,
0,
0,
0,
0,
0,
0.001370689,
2.191956e-07,
0.0168966,
0.00639123,
0.0002013724,
0.01167921,
0.004527149,
1.127011e-05,
0,
9.752616e-05,
1.722841e-07,
4.730245e-06,
8.463016e-05,
0.3318467,
0.2497111,
0.0987975,
0.0461674,
0.06306843,
0.03702657,
0.1321175,
0,
0,
0,
0,
0,
0.001307992,
1.446963e-06,
0.01757805,
0.007213167,
0.000140453,
0.01326543,
0.005695824,
4.338904e-05,
3.074092e-10,
0.0002846066,
3.796595e-07,
2.135088e-05,
0.0001553272,
0.3990235,
0.2896217,
0.1075248,
0.02702101,
0.03879111,
0.02368107,
0.06862954,
0,
0,
0,
0,
0,
0.0001659239,
0.000832297,
0.002996227,
0.001542012,
8.810908e-05,
0.001929819,
0.001144636,
0.009432284,
2.273737e-11,
7.186046e-05,
3.363735e-11,
1.115794e-06,
0.005722216,
0.1595125,
0.1683738,
0.07017633,
0.02705007,
0.05715565,
0.03935011,
0.454455,
0,
0,
0,
0,
0,
0.006053974,
1.078419e-05,
0.04985805,
0.01494801,
7.344278e-06,
0.02797725,
0.007917803,
0.0003182379,
4.478352e-09,
1.055635e-05,
4.025037e-08,
3.742873e-07,
0.0005448732,
0.3504894,
0.1896413,
0.06411944,
0.003411001,
0.007044644,
0.004644479,
0.2730024,
0,
0,
0,
0,
0,
0.02118708,
1.068165e-05,
0.1183978,
0.02515087,
7.242742e-05,
0.06350449,
0.01131953,
0.0003039597,
0,
9.743943e-05,
4.835428e-07,
5.580654e-06,
0.0004107726,
0.3555625,
0.1558856,
0.04414735,
0.01678348,
0.02559867,
0.01400496,
0.1475563,
0,
0,
0,
0,
0,
0.01647204,
4.375764e-05,
0.09987279,
0.02334003,
5.572638e-05,
0.05333948,
0.01088513,
0.0009922124,
0,
7.28937e-05,
2.666003e-07,
4.411876e-06,
0.001091692,
0.3560029,
0.163406,
0.04985158,
0.01027436,
0.01516784,
0.008480262,
0.1906466,
0,
0,
0,
0,
0,
0.2276883,
2.547237e-10,
0.4555382,
0.0212427,
1.284557e-09,
0.2002054,
0.005614007,
4.713591e-08,
0,
2.563577e-09,
9.945394e-07,
4.994333e-11,
1.498229e-07,
0.0705473,
0.01263988,
0.001441533,
1.139072e-05,
3.811114e-05,
2.341995e-05,
0.005008478,
0,
0,
0,
0,
0,
0.02923133,
1.250539e-06,
0.1495861,
0.02947029,
0.004360681,
0.08595809,
0.01376593,
4.334709e-05,
0,
4.486994e-05,
1.19111e-06,
1.487274e-06,
9.145777e-05,
0.3480682,
0.140203,
0.03756098,
0.04461343,
0.0204402,
0.00849089,
0.08806725,
0,
0,
0,
0,
0,
0.001105727,
8.752828e-06,
0.01614098,
0.007351303,
0.008137829,
0.01212137,
0.006021386,
0.0001881124,
1.120497e-09,
0.005897397,
2.110537e-07,
0.0005327281,
0.0005280774,
0.3087553,
0.1575335,
0.05354397,
0.2397005,
0.1220201,
0.04486946,
0.01554328,
0,
0,
0,
0,
0,
0.00218182,
5.516133e-05,
0.0219289,
0.007290789,
0.0003644856,
0.01262168,
0.00414571,
0.001053789,
0,
1.372534e-05,
5.299106e-09,
8.16213e-08,
0.000945155,
0.2732008,
0.1807867,
0.06366073,
0.03502139,
0.03403524,
0.01722785,
0.345466,
0,
0,
0,
0,
0,
0.02102607,
1.567729e-05,
0.1132801,
0.02274034,
0.0007024091,
0.05865665,
0.009702608,
0.0002771162,
1.244189e-09,
3.241217e-06,
2.135482e-07,
3.844568e-08,
0.0001091556,
0.3259531,
0.1494605,
0.04208156,
0.01709224,
0.0103495,
0.005316333,
0.2232332,
0,
0,
0,
0,
0,
0.05977506,
6.911552e-09,
0.2465067,
0.03856439,
3.704363e-05,
0.1338709,
0.01612145,
6.825433e-07,
0,
6.943384e-07,
2.167834e-06,
2.431004e-08,
4.236654e-06,
0.318989,
0.1073781,
0.02460831,
0.001696866,
0.002200163,
0.001604578,
0.04863966,
0,
0,
0,
0,
0,
0.003131223,
7.326769e-05,
0.03552334,
0.01437429,
0.001577953,
0.02593354,
0.01085127,
0.00152189,
4.0842e-11,
0.0006151966,
6.803091e-07,
3.626526e-05,
0.004340697,
0.4184183,
0.2020166,
0.06748769,
0.08948085,
0.06847484,
0.03204409,
0.02409808,
0,
0,
0,
0,
0,
0.001692006,
4.246505e-05,
0.01713084,
0.005487956,
0.005912736,
0.01014341,
0.003190321,
0.0006463876,
0,
0.0002786337,
1.075197e-08,
5.211922e-06,
0.0005405509,
0.2087145,
0.1480031,
0.05785814,
0.1457205,
0.08999909,
0.036593,
0.2680411,
0,
0,
0,
0,
0,
0.01712121,
1.319449e-05,
0.1016475,
0.02229754,
2.390968e-05,
0.05397036,
0.01001702,
0.0002287061,
0,
3.347232e-05,
2.225453e-07,
1.417073e-06,
0.0001170996,
0.3495657,
0.1584758,
0.04531304,
0.009512308,
0.0181431,
0.01116407,
0.2023544,
0,
0,
0,
0,
0,
0.01170318,
1.371406e-06,
0.07692748,
0.01833476,
1.943518e-05,
0.04036038,
0.008382546,
5.041213e-05,
0,
3.096499e-05,
7.336813e-08,
1.553814e-06,
7.380168e-05,
0.3389843,
0.1637359,
0.04686988,
0.01007374,
0.02084539,
0.01329991,
0.2503049,
0,
0,
0,
2045, 
0,
0,
0.004426293,
0.0002969615,
0.03493714,
0.009500132,
3.878106e-06,
0.01888281,
0.004801228,
0.004368331,
4.720278e-10,
6.458845e-06,
1.375229e-08,
2.686586e-07,
0.003152892,
0.2737516,
0.1757763,
0.06296614,
0.005427308,
0.01634733,
0.01382866,
0.3715262,
0,
0,
0,
0,
0,
0.01755718,
4.740423e-06,
0.08705772,
0.01359378,
7.392103e-07,
0.06420528,
0.007730487,
0.0001693806,
0,
1.565451e-06,
1.26569e-06,
7.781303e-08,
0.0002789713,
0.2530125,
0.1917691,
0.09079283,
0.001235413,
0.005497129,
0.007482562,
0.2596093,
0,
0,
0,
0,
0,
0.049742,
4.875182e-06,
0.2293358,
0.04143141,
0.0001214217,
0.1468766,
0.02111339,
0.0001653658,
4.183676e-11,
0.0001484041,
5.769107e-06,
1.005435e-05,
0.0004182554,
0.3509839,
0.09650279,
0.01875869,
0.01697636,
0.01391743,
0.004951916,
0.008535585,
0,
0,
0,
0,
0,
0.003118402,
0.0001599431,
0.02722277,
0.008223275,
1.128064e-07,
0.01505476,
0.004367434,
0.001574763,
3.819878e-11,
3.084884e-07,
3.750563e-09,
7.968102e-09,
0.0004082544,
0.2483119,
0.1572379,
0.05407436,
0.000837469,
0.004726736,
0.005674555,
0.469007,
0,
0,
0,
0,
0,
0.000362733,
2.165014e-05,
0.004414888,
0.001315116,
0.005916536,
0.002357676,
0.0006957922,
0.0003070933,
0.2737389,
0.000154535,
1.954922e-10,
1.305291e-06,
0.0001862171,
0.07596077,
0.05934598,
0.02353132,
0.1210845,
0.06223042,
0.02102792,
0.3473466,
0,
0,
0,
0,
0,
0.008913604,
1.436358e-06,
0.05410852,
0.01151963,
0.001669362,
0.02822962,
0.005099323,
4.690481e-05,
0.08813816,
3.342133e-05,
3.154528e-08,
3.89276e-07,
5.348206e-05,
0.2216524,
0.1195926,
0.0364665,
0.04474678,
0.02677373,
0.01039536,
0.3425587,
0,
0,
0,
0,
0,
0.1547189,
5.107072e-07,
0.398866,
0.02907229,
2.260226e-08,
0.2088076,
0.00968948,
2.771206e-05,
5.493348e-10,
4.402368e-08,
2.597005e-06,
9.869108e-10,
3.968863e-05,
0.1380946,
0.0335547,
0.005407245,
9.058094e-05,
0.0002625447,
0.0001710977,
0.02119447,
0,
0,
0,
0,
0,
0.01131647,
1.535802e-05,
0.07152642,
0.01663308,
0.0003824687,
0.039264,
0.007906852,
0.0004071462,
0,
0.0004323025,
1.365946e-07,
3.345815e-05,
0.000526165,
0.2906465,
0.1460502,
0.04549151,
0.04454858,
0.05427171,
0.02615176,
0.2443959,
0,
0,
0,
0,
0,
0.01188592,
4.983242e-06,
0.07258882,
0.01599363,
6.742599e-05,
0.03853723,
0.007201489,
0.0001487201,
0,
7.493918e-05,
4.675594e-08,
3.776198e-06,
0.0001664174,
0.2734593,
0.1365341,
0.040398,
0.0171762,
0.02726525,
0.01427391,
0.34422,
0,
0,
0,
0,
0,
0.008163312,
2.581638e-07,
0.06229876,
0.01713425,
0.0001282985,
0.03895355,
0.009731845,
1.42403e-05,
0,
0.0002065174,
4.438712e-07,
1.344072e-05,
7.178786e-05,
0.3608915,
0.1886149,
0.0642691,
0.02757161,
0.04155951,
0.02482623,
0.1555505,
0,
0,
0,
0,
0,
0.001159437,
2.202597e-07,
0.01460472,
0.005481594,
0.0001483919,
0.01078395,
0.004121692,
1.165183e-05,
0,
0.0001148605,
2.248385e-07,
6.391429e-06,
9.898852e-05,
0.3064609,
0.2501949,
0.1075157,
0.04164643,
0.06371256,
0.04087836,
0.1530591,
0,
0,
0,
0,
0,
0.001199425,
1.268668e-06,
0.0162228,
0.006621981,
0.0001852549,
0.01303357,
0.005521483,
4.125184e-05,
3.074092e-10,
0.0003835612,
5.059257e-07,
3.301319e-05,
0.0002005743,
0.3744309,
0.2866925,
0.1146677,
0.0325035,
0.04488603,
0.02769082,
0.07568388,
0,
0,
0,
0,
0,
0.0001147997,
0.0007476658,
0.002120879,
0.001085602,
7.937463e-05,
0.001409379,
0.0008316773,
0.008744832,
2.273737e-11,
6.748739e-05,
3.000905e-11,
1.152388e-06,
0.006438814,
0.1223771,
0.1408283,
0.06409622,
0.02566347,
0.05626469,
0.04076199,
0.5283667,
0,
0,
0,
0,
0,
0.004622905,
1.064145e-05,
0.03902409,
0.01153081,
6.918583e-06,
0.02290298,
0.006367262,
0.0003258917,
4.478352e-09,
1.020103e-05,
3.972148e-08,
3.700762e-07,
0.000643802,
0.3052438,
0.18479,
0.06732227,
0.003419819,
0.007387263,
0.005131039,
0.3412599,
0,
0,
0,
0,
0,
0.01710986,
1.0724e-05,
0.09854979,
0.02058438,
7.146069e-05,
0.05642296,
0.009824708,
0.0003162108,
0,
9.771979e-05,
5.201005e-07,
5.735611e-06,
0.0004995927,
0.3323025,
0.1623755,
0.0493187,
0.0173692,
0.02730068,
0.0154432,
0.1923966,
0,
0,
0,
0,
0,
0.01288809,
4.258122e-05,
0.08047366,
0.01859492,
5.380095e-05,
0.04534312,
0.009121513,
0.0009949117,
0,
7.145299e-05,
2.622485e-07,
4.362374e-06,
0.00122635,
0.3213439,
0.1642572,
0.05350927,
0.01061977,
0.01656211,
0.009719623,
0.2551731,
0,
0,
0,
0,
0,
0.2121909,
6.065121e-10,
0.4370517,
0.02124753,
2.758711e-09,
0.2147702,
0.00619543,
1.01456e-07,
0,
5.27442e-09,
1.528751e-06,
1.486575e-10,
4.017573e-07,
0.08198836,
0.01616839,
0.002011957,
1.894053e-05,
6.119222e-05,
3.877113e-05,
0.008254645,
0,
0,
0,
0,
0,
0.02522105,
1.231918e-06,
0.1320405,
0.02566599,
0.002357084,
0.08080114,
0.01269126,
4.716433e-05,
0,
4.607155e-05,
1.400099e-06,
1.839951e-06,
0.000123854,
0.3412927,
0.1519359,
0.04362553,
0.03532771,
0.02121146,
0.009861029,
0.1177472,
0,
0,
0,
0,
0,
0.0009609967,
9.090548e-06,
0.01418171,
0.006457103,
0.007385822,
0.01115922,
0.005515319,
0.0002172792,
1.120497e-09,
0.006325382,
2.755914e-07,
0.0006221716,
0.0009914055,
0.2840739,
0.1593915,
0.06001772,
0.2376649,
0.1327765,
0.05270247,
0.01954731,
0,
0,
0,
0,
0,
0.0016551,
5.055411e-05,
0.01698023,
0.005581067,
0.0002301041,
0.01016305,
0.003293715,
0.0009985371,
0,
1.196967e-05,
5.114982e-09,
8.165598e-08,
0.001051176,
0.2311122,
0.169002,
0.0643922,
0.02659656,
0.03051076,
0.01720155,
0.4211692,
0,
0,
0,
0,
0,
0.01678138,
1.351932e-05,
0.09305656,
0.0183326,
0.0003901458,
0.05103151,
0.0082416,
0.0002473397,
1.244189e-09,
3.037403e-06,
2.185782e-07,
4.61263e-08,
0.0001156538,
0.3001345,
0.1523882,
0.04574129,
0.01298346,
0.0101351,
0.005853308,
0.2845505,
0,
0,
0,
0,
0,
0.05242528,
9.974573e-09,
0.2213062,
0.03457528,
1.09548e-05,
0.1304671,
0.015571,
9.841991e-07,
0,
9.774138e-07,
2.759401e-06,
4.147375e-08,
7.109744e-06,
0.3252572,
0.1204347,
0.02943294,
0.00139839,
0.00253384,
0.001896304,
0.06467889,
0,
0,
0,
0,
0,
0.002717231,
7.765675e-05,
0.03123672,
0.01259008,
0.0012784,
0.02399808,
0.009944784,
0.001641219,
4.0842e-11,
0.0007002198,
8.060336e-07,
4.760972e-05,
0.005356919,
0.3937298,
0.209958,
0.07634769,
0.08731244,
0.07423387,
0.03729228,
0.03153616,
0,
0,
0,
0,
0,
0.001321091,
3.538303e-05,
0.01365523,
0.004346372,
0.003799556,
0.008457338,
0.00263241,
0.0005827934,
0,
0.0002525529,
1.073537e-08,
5.185225e-06,
0.0006190131,
0.1852216,
0.1453764,
0.06106425,
0.1167915,
0.08426279,
0.03761531,
0.3339612,
0,
0,
0,
0,
0,
0.01366232,
1.111706e-05,
0.08328709,
0.01788532,
2.265194e-05,
0.04685732,
0.008463312,
0.0002040379,
0,
3.220663e-05,
2.324823e-07,
1.377024e-06,
0.0001340718,
0.3195821,
0.1619013,
0.04974822,
0.009421336,
0.01858657,
0.01186201,
0.2583375,
0,
0,
0,
0,
0,
0.009079806,
1.283947e-06,
0.06136192,
0.01431951,
2.189193e-05,
0.0339802,
0.006868238,
4.965742e-05,
0,
3.481267e-05,
7.54859e-08,
1.918096e-06,
8.814102e-05,
0.300907,
0.1614149,
0.04955597,
0.0112922,
0.02319958,
0.01489431,
0.3129286,
0,
0,
0,
2046, 
0,
0,
0.003137594,
0.0002671926,
0.02587365,
0.006998871,
3.767548e-06,
0.01483556,
0.003742192,
0.004118965,
4.720278e-10,
8.100808e-06,
1.401881e-08,
3.92753e-07,
0.003694775,
0.2339708,
0.1679703,
0.06491647,
0.005913109,
0.01811599,
0.01557009,
0.4308622,
0,
0,
0,
0,
0,
0.01687586,
4.842131e-06,
0.08516072,
0.01327493,
1.005334e-06,
0.06401154,
0.007629372,
0.0001779804,
0,
2.100476e-06,
1.352016e-06,
1.166689e-07,
0.0003467568,
0.2563607,
0.1841803,
0.08151374,
0.001531048,
0.00568026,
0.006873589,
0.2763738,
0,
0,
0,
0,
0,
0.04561614,
5.881748e-06,
0.2157086,
0.03933367,
0.0001239086,
0.149953,
0.02151249,
0.000206596,
4.183676e-11,
0.0001577035,
7.758862e-06,
1.159639e-05,
0.0006449631,
0.3571232,
0.1022823,
0.02056215,
0.01767149,
0.01460481,
0.005328686,
0.009145005,
0,
0,
0,
0,
0,
0.00221013,
0.0001128638,
0.01986076,
0.005936554,
1.374634e-07,
0.0114873,
0.003294551,
0.001241577,
3.819878e-11,
3.86982e-07,
3.439075e-09,
1.176666e-08,
0.000401576,
0.202595,
0.1418795,
0.05210826,
0.0009447481,
0.005175894,
0.006144003,
0.5466067,
0,
0,
0,
0,
0,
0.0002490463,
1.550419e-05,
0.00313601,
0.0009267363,
0.003687128,
0.001766973,
0.0005161908,
0.0002519555,
0.2616795,
0.000132487,
1.839978e-10,
1.262832e-06,
0.0001986527,
0.06157421,
0.05448357,
0.02345078,
0.09173302,
0.05516858,
0.02068544,
0.420343,
0,
0,
0,
0,
0,
0.006704219,
1.244354e-06,
0.04208468,
0.008804758,
0.0009484532,
0.02319613,
0.004094627,
4.305187e-05,
0.08602921,
2.917697e-05,
3.109795e-08,
3.635348e-07,
5.967702e-05,
0.194603,
0.1163113,
0.03774514,
0.03380271,
0.02399453,
0.01021691,
0.4113308,
0,
0,
0,
0,
0,
0.1421586,
7.739208e-07,
0.3729449,
0.02783399,
2.717955e-08,
0.2131938,
0.01002437,
4.040245e-05,
5.493348e-10,
5.339987e-08,
3.570247e-06,
1.549295e-09,
7.287237e-05,
0.1506262,
0.0405365,
0.007140023,
0.000107951,
0.0003278813,
0.0002290714,
0.03475902,
0,
0,
0,
0,
0,
0.00851327,
1.429436e-05,
0.05571174,
0.01271642,
0.0003649284,
0.0323699,
0.006364028,
0.0003938233,
0,
0.0004165482,
1.321215e-07,
3.299171e-05,
0.0005851806,
0.2566308,
0.1431614,
0.04740744,
0.04455759,
0.05558587,
0.02740605,
0.3077676,
0,
0,
0,
0,
0,
0.009050651,
4.55012e-06,
0.05673947,
0.01222866,
6.322662e-05,
0.03171425,
0.005756147,
0.0001438397,
0,
7.134071e-05,
4.681687e-08,
3.692917e-06,
0.0002005637,
0.2386352,
0.1325165,
0.04166891,
0.01682264,
0.02737154,
0.01473045,
0.4122784,
0,
0,
0,
0,
0,
0.006472959,
2.60011e-07,
0.05076601,
0.01371869,
0.0001233139,
0.03360366,
0.008191947,
1.477398e-05,
0,
0.0002004892,
4.518452e-07,
1.328843e-05,
8.487545e-05,
0.3282749,
0.1910336,
0.06960826,
0.02768596,
0.04303757,
0.0265273,
0.2006417,
0,
0,
0,
0,
0,
0.0009918357,
2.099061e-07,
0.01275242,
0.004754675,
0.0001136089,
0.01003156,
0.003779038,
1.134126e-05,
0,
0.0001293174,
2.776898e-07,
8.013034e-06,
0.0001050256,
0.284136,
0.2492246,
0.1150399,
0.03796156,
0.06394041,
0.04421008,
0.1728102,
0,
0,
0,
0,
0,
0.001116828,
1.161978e-06,
0.01516192,
0.006166819,
0.0002491046,
0.01289511,
0.005391568,
4.171578e-05,
3.074092e-10,
0.0005198885,
6.46826e-07,
5.178356e-05,
0.0002859693,
0.352597,
0.2814578,
0.1197375,
0.03941285,
0.05204815,
0.03221649,
0.08064774,
0,
0,
0,
0,
0,
7.610265e-05,
0.0006593185,
0.001442376,
0.0007339595,
7.043508e-05,
0.000990042,
0.0005810237,
0.007968945,
2.273737e-11,
6.239114e-05,
2.634492e-11,
1.171328e-06,
0.00708795,
0.09096953,
0.1150315,
0.05752597,
0.02405936,
0.05457002,
0.04135231,
0.5968176,
0,
0,
0,
0,
0,
0.003437772,
1.021072e-05,
0.02983835,
0.00867936,
6.401363e-06,
0.01834884,
0.005003465,
0.0003239493,
4.478352e-09,
9.662965e-06,
3.782334e-08,
3.596329e-07,
0.0007349271,
0.2617289,
0.1764773,
0.06864156,
0.003421128,
0.007798003,
0.005734887,
0.4098049,
0,
0,
0,
0,
0,
0.01358536,
1.041111e-05,
0.08090433,
0.01660595,
6.810851e-05,
0.04943276,
0.008396307,
0.000317724,
0,
9.433769e-05,
5.319529e-07,
5.662579e-06,
0.0005830222,
0.3069952,
0.1654132,
0.0532724,
0.01738352,
0.02813827,
0.01641391,
0.242379,
0,
0,
0,
0,
0,
0.009851323,
4.014599e-05,
0.0635033,
0.01450098,
4.998328e-05,
0.03776091,
0.007482362,
0.0009656304,
0,
6.711113e-05,
2.476803e-07,
4.122277e-06,
0.001329458,
0.2849929,
0.160817,
0.05536606,
0.01055859,
0.01732296,
0.01060938,
0.3247775,
0,
0,
0,
0,
0,
0.197078,
1.278307e-09,
0.4181096,
0.02128521,
5.266322e-09,
0.2269069,
0.006743665,
1.966813e-07,
0,
9.801852e-09,
2.285949e-06,
3.782409e-10,
9.824873e-07,
0.09354419,
0.0201342,
0.002735327,
2.97162e-05,
9.3909e-05,
6.174214e-05,
0.013274,
0,
0,
0,
0,
0,
0.02143898,
1.186218e-06,
0.1151818,
0.02208253,
0.001161261,
0.07489082,
0.01152103,
4.960829e-05,
0,
4.574642e-05,
1.533985e-06,
2.108771e-06,
0.0001586717,
0.330844,
0.1609007,
0.04895157,
0.02785896,
0.02165342,
0.01104154,
0.1522146,
0,
0,
0,
0,
0,
0.0008392793,
1.807333e-05,
0.01251236,
0.005701277,
0.006569447,
0.01031025,
0.005068203,
0.0004127673,
1.120497e-09,
0.006607128,
3.507083e-07,
0.000702986,
0.002551325,
0.2636811,
0.1613639,
0.06604535,
0.2325093,
0.1415481,
0.05994453,
0.02361426,
0,
0,
0,
0,
0,
0.001222171,
4.540334e-05,
0.01282652,
0.004165499,
0.0001278186,
0.007992052,
0.002553594,
0.0009253228,
0,
1.017301e-05,
4.78802e-09,
7.881225e-08,
0.001130313,
0.1920019,
0.1550416,
0.06349611,
0.01956144,
0.02686179,
0.01674399,
0.4952942,
0,
0,
0,
0,
0,
0.01312523,
1.138356e-05,
0.07513246,
0.01451357,
0.0001866123,
0.04361014,
0.006869684,
0.0002160237,
1.244189e-09,
2.787016e-06,
2.140568e-07,
5.262912e-08,
0.000119016,
0.2719627,
0.1514901,
0.04800422,
0.009477053,
0.009775491,
0.006240814,
0.3492625,
0,
0,
0,
0,
0,
0.04568426,
1.408439e-08,
0.1977321,
0.03090452,
3.442336e-06,
0.125854,
0.01489829,
1.371227e-06,
0,
1.655634e-06,
3.365585e-06,
9.367913e-08,
1.159281e-05,
0.3279647,
0.1318958,
0.03415338,
0.001459941,
0.003278985,
0.002509797,
0.08364276,
0,
0,
0,
0,
0,
0.00234576,
8.055309e-05,
0.02737899,
0.01099231,
0.0009875987,
0.02208454,
0.009056714,
0.001730873,
4.0842e-11,
0.0007662069,
9.189954e-07,
5.841662e-05,
0.006425754,
0.3706604,
0.2163821,
0.08472266,
0.0842841,
0.07917227,
0.04234171,
0.0405281,
0,
0,
0,
0,
0,
0.001007695,
2.87071e-05,
0.01066045,
0.003366111,
0.00233044,
0.006906339,
0.002123513,
0.0005146273,
0,
0.000223493,
1.031849e-08,
4.973779e-06,
0.0006845477,
0.1617344,
0.1399049,
0.06263637,
0.09165066,
0.07731786,
0.0376043,
0.4013007,
0,
0,
0,
0,
0,
0.01070896,
9.136533e-06,
0.06721388,
0.01412532,
2.086292e-05,
0.04010009,
0.007041125,
0.0001784499,
0,
3.000507e-05,
2.329182e-07,
1.292812e-06,
0.0001502458,
0.2886545,
0.1619656,
0.05290812,
0.009044273,
0.01842228,
0.01216141,
0.3172642,
0,
0,
0,
0,
0,
0.006889679,
1.17539e-06,
0.04801076,
0.01095531,
2.316873e-05,
0.02810501,
0.005517894,
4.771152e-05,
0,
3.677018e-05,
7.428029e-08,
2.188349e-06,
0.0001012286,
0.2630044,
0.1557489,
0.05079449,
0.01206619,
0.02472927,
0.01598168,
0.3779841,
0,
0,
0,
2047, 
0,
0,
0.002155838,
0.0002360485,
0.01867104,
0.005014924,
4.273872e-06,
0.01140109,
0.002844152,
0.003830511,
4.720278e-10,
9.512717e-06,
1.413368e-08,
5.228518e-07,
0.004327654,
0.1976111,
0.1587459,
0.06596997,
0.00643887,
0.01959498,
0.01705845,
0.4860851,
0,
0,
0,
0,
0,
0.01585437,
4.789065e-06,
0.08148687,
0.01268056,
1.176869e-06,
0.06237691,
0.007358785,
0.0001811787,
0,
2.457566e-06,
1.391805e-06,
1.463635e-07,
0.0004190958,
0.2566175,
0.178244,
0.07346116,
0.001789261,
0.00603015,
0.006476991,
0.2970132,
0,
0,
0,
0,
0,
0.04220051,
7.11199e-06,
0.2044379,
0.03769758,
0.0001238024,
0.1528575,
0.02189488,
0.0002549588,
4.183676e-11,
0.0001634039,
1.012558e-05,
1.307954e-05,
0.0009733865,
0.3617579,
0.106997,
0.02218589,
0.0180676,
0.0150599,
0.005635652,
0.009661918,
0,
0,
0,
0,
0,
0.001507104,
7.690083e-05,
0.01398958,
0.004134939,
1.543903e-07,
0.008483232,
0.002402958,
0.0009538222,
3.819878e-11,
4.433684e-07,
3.090985e-09,
1.524758e-08,
0.0003856072,
0.1612535,
0.1253547,
0.04912164,
0.001018985,
0.005465563,
0.006436652,
0.6194142,
0,
0,
0,
0,
0,
0.000165398,
1.088951e-05,
0.00215851,
0.0006324644,
0.002149212,
0.00128479,
0.0003710698,
0.000203193,
0.244096,
0.0001102868,
1.68847e-10,
1.193987e-06,
0.0002062493,
0.04887981,
0.04904258,
0.02281036,
0.06703313,
0.04788448,
0.01991598,
0.4930444,
0,
0,
0,
0,
0,
0.004888898,
1.068542e-06,
0.03190772,
0.006546631,
0.0005047789,
0.01864869,
0.003206345,
3.888193e-05,
0.08223296,
2.488983e-05,
2.993517e-08,
3.319367e-07,
6.58666e-05,
0.168284,
0.1111548,
0.03820521,
0.0248071,
0.02106454,
0.009818937,
0.4785983,
0,
0,
0,
0,
0,
0.1296317,
1.113137e-06,
0.3462681,
0.02656955,
3.472395e-08,
0.2141588,
0.01022499,
5.61034e-05,
5.493348e-10,
6.815781e-08,
4.768118e-06,
2.754511e-09,
0.0001276542,
0.1613435,
0.04759251,
0.009122579,
0.0001301697,
0.0004095272,
0.0003047335,
0.05405405,
0,
0,
0,
0,
0,
0.006242676,
1.29499e-05,
0.04243037,
0.009495255,
0.0003388821,
0.0261385,
0.005008009,
0.0003692955,
0,
0.0003899102,
1.239602e-07,
3.153051e-05,
0.0006220157,
0.2224887,
0.1371172,
0.04794532,
0.04324564,
0.05518403,
0.02779173,
0.3751479,
0,
0,
0,
0,
0,
0.006669199,
4.060809e-06,
0.04315322,
0.009071759,
5.777457e-05,
0.02547049,
0.004474035,
0.0001358622,
0,
6.596676e-05,
4.5149e-08,
3.490816e-06,
0.0002323727,
0.2047702,
0.1257973,
0.04174285,
0.01598512,
0.02661915,
0.01469104,
0.481056,
0,
0,
0,
0,
0,
0.005043338,
2.534491e-07,
0.0407714,
0.01081693,
0.0001150576,
0.02857017,
0.006784933,
1.484781e-05,
0,
0.0001886292,
4.425112e-07,
1.269418e-05,
9.721902e-05,
0.2954041,
0.1898455,
0.07332996,
0.02696952,
0.04321207,
0.02743944,
0.2513835,
0,
0,
0,
0,
0,
0.0008541122,
1.944465e-07,
0.01121406,
0.004158585,
9.168601e-05,
0.00936383,
0.00347576,
1.064778e-05,
0,
0.0001394408,
3.257595e-07,
9.412885e-06,
0.0001047326,
0.2644211,
0.2469293,
0.1213829,
0.03498696,
0.06369387,
0.04693985,
0.1922233,
0,
0,
0,
0,
0,
0.001052428,
1.332314e-06,
0.01431661,
0.005811668,
0.0003255963,
0.01281777,
0.005290822,
5.136608e-05,
3.074092e-10,
0.0006793701,
8.022488e-07,
7.734234e-05,
0.0004947944,
0.3336134,
0.2749204,
0.1232523,
0.04688087,
0.05935752,
0.03675282,
0.08430281,
0,
0,
0,
0,
0,
4.773531e-05,
0.0005683979,
0.0009323716,
0.0004713571,
6.127815e-05,
0.000661971,
0.0003861851,
0.007122379,
2.273737e-11,
5.667697e-05,
2.266125e-11,
1.172346e-06,
0.007678734,
0.0651074,
0.09141231,
0.05064975,
0.0221992,
0.05206991,
0.04115326,
0.65942,
0,
0,
0,
0,
0,
0.002477281,
9.557711e-06,
0.02220607,
0.006348936,
5.815411e-06,
0.01434298,
0.003828207,
0.0003137852,
4.478352e-09,
8.970433e-06,
3.510749e-08,
3.429714e-07,
0.0008174486,
0.2206888,
0.1653184,
0.06827452,
0.003365492,
0.0080871,
0.006269018,
0.4776372,
0,
0,
0,
0,
0,
0.01059487,
9.820803e-06,
0.06545514,
0.01319284,
6.321267e-05,
0.04266743,
0.007057671,
0.0003100522,
0,
8.850305e-05,
5.237424e-07,
5.422673e-06,
0.0006603347,
0.2801037,
0.165023,
0.05593948,
0.01692732,
0.02819583,
0.01693135,
0.2967734,
0,
0,
0,
0,
0,
0.007333451,
3.683842e-05,
0.04894799,
0.0110396,
4.543755e-05,
0.03073891,
0.005994866,
0.0009105126,
0,
6.156172e-05,
2.274457e-07,
3.803298e-06,
0.001396775,
0.24789,
0.1534716,
0.05547746,
0.01020332,
0.01751685,
0.0111333,
0.3977976,
0,
0,
0,
0,
0,
0.182379,
2.446715e-09,
0.3985742,
0.02131577,
8.702692e-09,
0.2363277,
0.007244591,
3.505935e-07,
0,
1.602712e-08,
3.335269e-06,
8.004523e-10,
2.22181e-06,
0.1049406,
0.0245014,
0.003632611,
4.327238e-05,
0.0001360907,
9.354707e-05,
0.02080525,
0,
0,
0,
0,
0,
0.01793372,
1.124528e-06,
0.09920078,
0.01875702,
0.0005328272,
0.06841635,
0.01029656,
5.079212e-05,
0,
4.400152e-05,
1.60426e-06,
2.270427e-06,
0.000196017,
0.316968,
0.1669106,
0.05341088,
0.02207338,
0.02168965,
0.01196412,
0.1915503,
0,
0,
0,
0,
0,
0.0007299974,
7.185942e-05,
0.01100023,
0.005019732,
0.005780198,
0.0094943,
0.004639184,
0.00127383,
1.120497e-09,
0.006723629,
4.2885e-07,
0.0007690021,
0.007744208,
0.2454431,
0.1627039,
0.07140017,
0.225147,
0.1479813,
0.06626901,
0.027809,
0,
0,
0,
0,
0,
0.00086854,
3.990404e-05,
0.009362907,
0.003000547,
6.695864e-05,
0.006092491,
0.001916039,
0.0008390214,
0,
8.437211e-06,
4.377147e-09,
7.381348e-08,
0.001186147,
0.1560294,
0.1394885,
0.0612173,
0.01421211,
0.02325222,
0.01591899,
0.5665004,
0,
0,
0,
0,
0,
0.01002939,
9.320926e-06,
0.05945856,
0.01125792,
7.570603e-05,
0.0365499,
0.005610982,
0.0001842484,
1.244189e-09,
2.505606e-06,
2.030935e-07,
5.717027e-08,
0.0001199444,
0.2422856,
0.1471432,
0.04893649,
0.006693129,
0.009269662,
0.006461112,
0.4159121,
0,
0,
0,
0,
0,
0.03969074,
2.046933e-08,
0.1764974,
0.02766081,
1.516636e-06,
0.1207927,
0.01419571,
1.936792e-06,
0,
1.846494e-06,
4.044079e-06,
1.134858e-07,
1.945194e-05,
0.3286057,
0.1420199,
0.03876461,
0.001376716,
0.003373989,
0.002607512,
0.1043853,
0,
0,
0,
0,
0,
0.002010707,
8.215637e-05,
0.02388816,
0.009552839,
0.0007623453,
0.02020035,
0.008189796,
0.001794425,
4.0842e-11,
0.0008083171,
1.020317e-06,
6.776517e-05,
0.007570937,
0.3487757,
0.2213139,
0.09260473,
0.08092236,
0.08308928,
0.04703039,
0.05133487,
0,
0,
0,
0,
0,
0.0007452628,
2.266051e-05,
0.008108687,
0.002533771,
0.001365159,
0.005500464,
0.001666078,
0.0004451628,
0,
0.0001930157,
9.646095e-09,
4.643385e-06,
0.0007384729,
0.1387535,
0.1319943,
0.06269553,
0.07041359,
0.06953697,
0.03670169,
0.4685811,
0,
0,
0,
0,
0,
0.008221099,
7.288781e-06,
0.05332355,
0.01096213,
1.882125e-05,
0.03377209,
0.005757486,
0.0001526673,
0,
2.732789e-05,
2.261341e-07,
1.185516e-06,
0.0001657866,
0.2574002,
0.1588308,
0.05477709,
0.008468997,
0.01778171,
0.01212076,
0.3782108,
0,
0,
0,
0,
0,
0.005097291,
1.051654e-06,
0.03676181,
0.008188214,
2.327379e-05,
0.02278818,
0.004335223,
4.474261e-05,
0,
3.690317e-05,
7.072483e-08,
2.334065e-06,
0.0001125534,
0.225998,
0.1471271,
0.05067347,
0.01235241,
0.02536565,
0.0165228,
0.444569,
0,
0,
0,
2048, 
0,
0,
0.001431088,
0.0002041358,
0.01311082,
0.00348656,
4.653018e-06,
0.008561952,
0.002102406,
0.003511002,
4.720278e-10,
1.049702e-05,
1.412523e-08,
6.377853e-07,
0.005077899,
0.1651163,
0.1484189,
0.06618581,
0.006833379,
0.02063346,
0.01820348,
0.5371071,
0,
0,
0,
0,
0,
0.01456131,
4.599794e-06,
0.07631395,
0.01185228,
1.276138e-06,
0.05948713,
0.006942405,
0.0001793042,
0,
2.672719e-06,
1.389094e-06,
1.685571e-07,
0.0004955162,
0.2529148,
0.1728135,
0.06726483,
0.001985057,
0.006411779,
0.006340709,
0.3224272,
0,
0,
0,
0,
0,
0.03936838,
8.548619e-06,
0.1950355,
0.03641616,
0.0001216194,
0.1553626,
0.02222153,
0.0003099582,
4.183676e-11,
0.0001661296,
1.286097e-05,
1.455519e-05,
0.00143787,
0.3652057,
0.1109249,
0.023724,
0.01822363,
0.01534674,
0.005902587,
0.01019676,
0,
0,
0,
0,
0,
0.0009810342,
5.101816e-05,
0.009447303,
0.002757583,
1.672266e-07,
0.006022409,
0.001681833,
0.0007147148,
3.819878e-11,
4.749497e-07,
2.725654e-09,
1.797679e-08,
0.0003636901,
0.1247314,
0.1083084,
0.04538153,
0.001069085,
0.005599296,
0.006554046,
0.686336,
0,
0,
0,
0,
0,
0.0001045404,
7.508913e-06,
0.001422935,
0.0004122122,
0.001163613,
0.0008969391,
0.0002551793,
0.0001609984,
0.2223333,
8.843702e-05,
1.517715e-10,
1.105039e-06,
0.0002097583,
0.03785741,
0.0432307,
0.02169729,
0.04709106,
0.04059279,
0.01877129,
0.5637029,
0,
0,
0,
0,
0,
0.003439563,
9.02253e-07,
0.02350695,
0.004714502,
0.0002544507,
0.01463057,
0.00243815,
3.446558e-05,
0.0770041,
2.067829e-05,
2.82329e-08,
2.97223e-07,
7.202986e-05,
0.1431813,
0.1043761,
0.03789619,
0.01766751,
0.01809117,
0.0092427,
0.5434284,
0,
0,
0,
0,
0,
0.1170091,
1.381063e-06,
0.3190279,
0.02508827,
4.22312e-08,
0.2116628,
0.01018093,
7.006763e-05,
5.493348e-10,
8.243033e-08,
5.722148e-06,
4.281481e-09,
0.0001977149,
0.1698547,
0.0542086,
0.01112755,
0.0001531398,
0.0004945644,
0.000385687,
0.08053174,
0,
0,
0,
0,
0,
0.004449868,
1.143167e-05,
0.03152987,
0.006905955,
0.0003075,
0.02062905,
0.003841883,
0.0003365196,
0,
0.0003563249,
1.134846e-07,
2.936647e-05,
0.0006347465,
0.1890949,
0.1283236,
0.04719034,
0.04087198,
0.05329458,
0.02738555,
0.4448064,
0,
0,
0,
0,
0,
0.004731258,
3.532629e-06,
0.03181535,
0.006498569,
5.166233e-05,
0.01989851,
0.003366257,
0.0001252016,
0,
5.96243e-05,
4.226729e-08,
3.216428e-06,
0.0002601791,
0.1723498,
0.1167353,
0.04070694,
0.01480511,
0.02519795,
0.01423682,
0.5491547,
0,
0,
0,
0,
0,
0.003856926,
2.398914e-07,
0.03224704,
0.00839058,
0.000104764,
0.02391274,
0.005521157,
1.449732e-05,
0,
0.0001730326,
4.199482e-07,
1.179914e-05,
0.0001083903,
0.2627009,
0.185086,
0.07531817,
0.02559561,
0.0422454,
0.02760566,
0.3071067,
0,
0,
0,
0,
0,
0.0007393191,
1.75761e-07,
0.009920949,
0.003663078,
7.785748e-05,
0.008750984,
0.003199313,
9.723806e-06,
0,
0.0001451215,
3.661737e-07,
1.053721e-05,
0.0001003411,
0.2470072,
0.2434214,
0.1265203,
0.03257558,
0.0629981,
0.0490462,
0.2118135,
0,
0,
0,
0,
0,
0.001003282,
2.564959e-06,
0.01365317,
0.005540184,
0.0004116101,
0.01278593,
0.005212196,
9.21811e-05,
3.074092e-10,
0.0008557354,
9.720226e-07,
0.0001100779,
0.001085561,
0.3172205,
0.2673547,
0.1253405,
0.0546402,
0.06660306,
0.04121714,
0.08687034,
0,
0,
0,
0,
0,
2.780131e-05,
0.0004758959,
0.0005638003,
0.0002828324,
5.192389e-05,
0.0004147975,
0.0002403331,
0.006220589,
2.273737e-11,
5.041439e-05,
1.896719e-11,
1.152887e-06,
0.008211903,
0.04448184,
0.07034774,
0.04365349,
0.02008712,
0.04880492,
0.04019726,
0.7158862,
0,
0,
0,
0,
0,
0.001720255,
8.736703e-06,
0.01602144,
0.004492075,
5.184471e-06,
0.01090103,
0.002839102,
0.0002966493,
4.478352e-09,
8.172795e-06,
3.189288e-08,
3.216965e-07,
0.0008890426,
0.1827337,
0.1518854,
0.06639754,
0.003260965,
0.008267309,
0.006742869,
0.5435302,
0,
0,
0,
0,
0,
0.008113295,
9.028053e-06,
0.05216683,
0.01031563,
5.736329e-05,
0.03624847,
0.005828029,
0.000294731,
0,
8.109261e-05,
5.002462e-07,
5.064609e-06,
0.0007293627,
0.252101,
0.1612797,
0.05726916,
0.01608103,
0.02754581,
0.01700953,
0.3548644,
0,
0,
0,
0,
0,
0.005300556,
3.299846e-05,
0.03676145,
0.008182083,
4.055797e-05,
0.02440675,
0.004679366,
0.000836483,
0,
5.541972e-05,
2.045293e-07,
3.443873e-06,
0.001426161,
0.2111491,
0.1428531,
0.05400906,
0.009617695,
0.01718905,
0.01128323,
0.4721733,
0,
0,
0,
0,
0,
0.1680933,
4.282239e-09,
0.3782033,
0.02128604,
1.205385e-08,
0.2426493,
0.00767772,
5.781385e-07,
0,
2.233612e-08,
4.747345e-06,
1.341731e-09,
4.654201e-06,
0.1158294,
0.02921542,
0.004724823,
5.72918e-05,
0.000183418,
0.0001331916,
0.03193675,
0,
0,
0,
0,
0,
0.01475538,
1.052638e-06,
0.08430247,
0.01572309,
0.0002529493,
0.06156827,
0.009054902,
5.076665e-05,
0,
4.113802e-05,
1.6176e-06,
2.325815e-06,
0.0002353253,
0.2999416,
0.1697931,
0.05686358,
0.01774411,
0.02129426,
0.01258039,
0.2357937,
0,
0,
0,
0,
0,
0.0006263957,
0.0003056042,
0.009555378,
0.004368495,
0.005068912,
0.00863964,
0.004193328,
0.004198245,
1.120497e-09,
0.006651785,
4.978965e-07,
0.0008117905,
0.02237723,
0.2269924,
0.1617712,
0.07525571,
0.2155471,
0.1510592,
0.07089534,
0.03168175,
0,
0,
0,
0,
0,
0.0005920661,
3.420115e-05,
0.006588891,
0.002080327,
3.173955e-05,
0.004488244,
0.001386212,
0.0007435762,
0,
6.80025e-06,
3.91843e-09,
6.747784e-08,
0.001222319,
0.1239512,
0.1230221,
0.05779829,
0.01001555,
0.01969824,
0.01480939,
0.6335307,
0,
0,
0,
0,
0,
0.007462708,
7.358332e-06,
0.04601041,
0.008532032,
2.511127e-05,
0.02998243,
0.00447911,
0.0001526542,
1.244189e-09,
2.210768e-06,
1.878466e-07,
5.927798e-08,
0.0001187365,
0.2119671,
0.1397656,
0.04862174,
0.004647627,
0.008631887,
0.006505273,
0.4830878,
0,
0,
0,
0,
0,
0.03436118,
3.067619e-08,
0.1571963,
0.02475544,
1.12721e-06,
0.1150409,
0.01343236,
2.783147e-06,
0,
2.029714e-06,
4.75626e-06,
1.387197e-07,
3.328224e-05,
0.3263841,
0.1503991,
0.04316018,
0.001343332,
0.003419767,
0.002664873,
0.1277983,
0,
0,
0,
0,
0,
0.001715353,
8.271277e-05,
0.02079048,
0.008281605,
0.0005946003,
0.01839584,
0.007365576,
0.001836451,
4.0842e-11,
0.0008297084,
1.112477e-06,
7.580986e-05,
0.008829718,
0.3282022,
0.2247258,
0.0998521,
0.07733911,
0.08596658,
0.05126802,
0.06384721,
0,
0,
0,
0,
0,
0.0005294585,
1.740691e-05,
0.005973329,
0.001840223,
0.0007669213,
0.004251409,
0.001263293,
0.0003772208,
0,
0.0001623039,
8.810346e-09,
4.237142e-06,
0.0007812945,
0.1167853,
0.1220824,
0.06137491,
0.05300089,
0.06127444,
0.03503905,
0.5344759,
0,
0,
0,
0,
0,
0.006165593,
5.596666e-06,
0.04151893,
0.008343135,
1.666044e-05,
0.02794226,
0.004616696,
0.0001271886,
0,
2.441037e-05,
2.138059e-07,
1.066039e-06,
0.0001801348,
0.2263862,
0.1527098,
0.0553522,
0.007756632,
0.0167688,
0.01179001,
0.4402944,
0,
0,
0,
0,
0,
0.003666009,
9.179709e-07,
0.02748699,
0.005961196,
2.248797e-05,
0.01807351,
0.003320244,
4.093598e-05,
0,
3.564663e-05,
6.557203e-08,
2.371195e-06,
0.0001215245,
0.1906223,
0.1360117,
0.04930531,
0.0122054,
0.02518046,
0.01654838,
0.5113946,
0,
0,
0,
2049, 
0,
0,
0.0009137776,
0.0001723929,
0.008957162,
0.0023477,
4.866087e-06,
0.006290003,
0.001509179,
0.003177078,
4.720278e-10,
1.110014e-05,
1.414881e-08,
7.37523e-07,
0.006035875,
0.1370442,
0.137582,
0.06575548,
0.007076285,
0.0212474,
0.01902401,
0.5828506,
0,
0,
0,
0,
0,
0.01306872,
4.312456e-06,
0.06996071,
0.01084365,
1.317283e-06,
0.05558422,
0.006413259,
0.0001734088,
0,
2.771502e-06,
1.355237e-06,
1.84515e-07,
0.0005789315,
0.2451281,
0.1660825,
0.06214372,
0.002113248,
0.006680278,
0.006293703,
0.3549255,
0,
0,
0,
0,
0,
0.03694982,
1.010978e-05,
0.1868192,
0.03533973,
0.0001176194,
0.1570636,
0.02242419,
0.0003692947,
4.183676e-11,
0.0001661309,
1.585887e-05,
1.60295e-05,
0.002070118,
0.3678624,
0.1145366,
0.02535309,
0.01818568,
0.01554038,
0.006174396,
0.0109858,
0,
0,
0,
0,
0,
0.0006030413,
3.326419e-05,
0.006061036,
0.001742883,
1.716564e-07,
0.004073798,
0.00111798,
0.0005222905,
3.819877e-11,
4.839475e-07,
2.352187e-09,
1.983105e-08,
0.0003380603,
0.09336631,
0.0913121,
0.04109546,
0.001084023,
0.005577501,
0.006509483,
0.7465621,
0,
0,
0,
0,
0,
6.215931e-05,
5.125572e-06,
0.000892191,
0.0002541128,
0.000572034,
0.0005966759,
0.0001661107,
0.0001254515,
0.1975354,
6.751863e-05,
1.336606e-10,
9.993229e-07,
0.0002089493,
0.02857222,
0.03725574,
0.02017675,
0.03165056,
0.03350563,
0.0172913,
0.631061,
0,
0,
0,
0,
0,
0.002322852,
7.405867e-07,
0.01678801,
0.003274173,
0.0001226003,
0.01117869,
0.001792263,
2.986094e-05,
0.07065241,
1.662872e-05,
2.613936e-08,
2.608983e-07,
7.833014e-05,
0.1198578,
0.09631198,
0.03689756,
0.01219628,
0.01517613,
0.008528245,
0.6047751,
0,
0,
0,
0,
0,
0.1043685,
1.554742e-06,
0.2910877,
0.02335961,
4.776845e-08,
0.2055126,
0.009886147,
8.084549e-05,
5.493348e-10,
9.284307e-08,
6.360427e-06,
5.787525e-09,
0.000280974,
0.1754534,
0.05993793,
0.01301621,
0.0001733449,
0.0005729757,
0.0004638346,
0.1157979,
0,
0,
0,
0,
0,
0.003072642,
9.828253e-06,
0.02280743,
0.004875779,
0.0002728881,
0.01587383,
0.002862429,
0.0002986004,
0,
0.0003184596,
1.016186e-07,
2.671756e-05,
0.0006268234,
0.1573566,
0.1172982,
0.04526946,
0.03767404,
0.0501605,
0.02628227,
0.5149134,
0,
0,
0,
0,
0,
0.003213098,
2.983862e-06,
0.02266188,
0.004472386,
4.521596e-05,
0.01508037,
0.002439415,
0.0001124291,
0,
5.27773e-05,
3.860344e-08,
2.90101e-06,
0.0002832664,
0.1420823,
0.105919,
0.03874948,
0.01340305,
0.02330567,
0.01347371,
0.6147,
0,
0,
0,
0,
0,
0.002894046,
2.210685e-07,
0.02511265,
0.006400227,
9.331879e-05,
0.01968746,
0.004409093,
1.377937e-05,
0,
0.0001552348,
3.88308e-07,
1.071758e-05,
0.0001178492,
0.2306602,
0.1769437,
0.07552445,
0.02371432,
0.04029949,
0.02708291,
0.3668799,
0,
0,
0,
0,
0,
0.0006421853,
1.552425e-07,
0.00881754,
0.00324394,
6.855909e-05,
0.008167323,
0.002939477,
8.663852e-06,
0,
0.0001463519,
3.958167e-07,
1.13301e-05,
9.327065e-05,
0.2315218,
0.2387686,
0.1304034,
0.03055043,
0.06186076,
0.05050604,
0.2322498,
0,
0,
0,
0,
0,
0.0009653363,
8.200403e-06,
0.01312414,
0.005330229,
0.000501271,
0.01276991,
0.005143133,
0.0002382106,
3.074092e-10,
0.001037692,
1.152999e-06,
0.0001491713,
0.002818022,
0.3029641,
0.2589695,
0.1261113,
0.06228859,
0.07349496,
0.04549354,
0.08859159,
0,
0,
0,
0,
0,
1.462333e-05,
0.0003829381,
0.0003118714,
0.0001548897,
4.238726e-05,
0.0002382973,
0.0001368812,
0.005278108,
2.273737e-11,
4.364884e-05,
1.526894e-11,
1.108422e-06,
0.008666208,
0.02872555,
0.05219018,
0.03673565,
0.01772337,
0.04479317,
0.03849786,
0.7660633,
0,
0,
0,
0,
0,
0.001144032,
7.791887e-06,
0.01116276,
0.00305882,
4.518437e-06,
0.008026955,
0.002030723,
0.0002737438,
4.478351e-09,
7.289739e-06,
2.837309e-08,
2.960496e-07,
0.0009469989,
0.1484067,
0.1367901,
0.06321115,
0.003099494,
0.008291171,
0.007100313,
0.6064371,
0,
0,
0,
0,
0,
0.006102132,
8.093753e-06,
0.0409592,
0.007937557,
5.093748e-05,
0.03028683,
0.004722937,
0.0002731913,
0,
7.269322e-05,
4.654881e-07,
4.624175e-06,
0.0007867528,
0.2235806,
0.1543688,
0.05724073,
0.0149201,
0.02627152,
0.0166731,
0.4157397,
0,
0,
0,
0,
0,
0.003708502,
2.884402e-05,
0.0268318,
0.005885678,
3.543097e-05,
0.01885061,
0.00354658,
0.0007484999,
0,
4.882172e-05,
1.803954e-07,
3.051247e-06,
0.001406002,
0.175708,
0.1295146,
0.05108298,
0.008798415,
0.01628178,
0.01099004,
0.5465302,
0,
0,
0,
0,
0,
0.1542064,
6.888211e-09,
0.3567794,
0.02114225,
1.434722e-08,
0.2455008,
0.008019956,
8.856885e-07,
0,
2.6992e-08,
6.584533e-06,
1.827231e-09,
9.045121e-06,
0.1257498,
0.03415148,
0.006017196,
6.901914e-05,
0.0002291096,
0.000177333,
0.04794075,
0,
0,
0,
0,
0,
0.0119779,
9.743115e-07,
0.07083859,
0.01304187,
0.0001087885,
0.054612,
0.00784257,
4.960232e-05,
0,
3.740533e-05,
1.580286e-06,
2.28597e-06,
0.0002756661,
0.2803767,
0.169484,
0.05918805,
0.01419758,
0.02044698,
0.01285965,
0.2846579,
0,
0,
0,
0,
0,
0.0005177463,
0.0008156959,
0.008064764,
0.003683523,
0.004336477,
0.007599924,
0.003654949,
0.01082323,
1.120497e-09,
0.006274538,
4.967902e-07,
0.0007960618,
0.05636019,
0.2069885,
0.1568714,
0.0761626,
0.201677,
0.1489773,
0.07234173,
0.03405391,
0,
0,
0,
0,
0,
0.000382105,
2.840095e-05,
0.004425588,
0.001372381,
1.493567e-05,
0.003167361,
0.0009568235,
0.0006419738,
0,
5.328085e-06,
3.432953e-09,
6.031713e-08,
0.001241073,
0.09595303,
0.1062073,
0.05345724,
0.006944587,
0.01634205,
0.01348527,
0.6953745,
0,
0,
0,
0,
0,
0.005383744,
5.526617e-06,
0.03471236,
0.006294372,
8.014978e-06,
0.02401241,
0.00348227,
0.0001218081,
1.244189e-09,
1.92371e-06,
1.698226e-07,
5.892947e-08,
0.0001154841,
0.1818787,
0.1298346,
0.04716606,
0.003322322,
0.007902248,
0.006375964,
0.5493819,
0,
0,
0,
0,
0,
0.02951515,
4.240211e-08,
0.1391464,
0.02200755,
1.456855e-06,
0.1080924,
0.01251112,
3.782112e-06,
0,
2.896415e-06,
5.253453e-06,
2.685398e-07,
5.357328e-05,
0.3202373,
0.1563372,
0.04700366,
0.001658756,
0.004202275,
0.003338178,
0.1558826,
0,
0,
0,
0,
0,
0.001459692,
8.22758e-05,
0.01806106,
0.007169968,
0.0004888174,
0.01668483,
0.006592035,
0.001857337,
4.0842e-11,
0.0008315225,
1.193767e-06,
8.231554e-05,
0.01021153,
0.3084911,
0.226533,
0.1063891,
0.07383242,
0.08783258,
0.05499405,
0.07840514,
0,
0,
0,
0,
0,
0.0003579117,
1.304274e-05,
0.004237639,
0.00128034,
0.00041397,
0.003173582,
0.000919625,
0.0003130829,
0,
0.0001323305,
7.869663e-09,
3.782051e-06,
0.0008112626,
0.09631853,
0.1106088,
0.05879078,
0.03911069,
0.05285037,
0.03272443,
0.5979398,
0,
0,
0,
0,
0,
0.004503905,
4.089476e-06,
0.03167501,
0.006212594,
1.444307e-05,
0.02266891,
0.003620052,
0.0001025594,
0,
2.13707e-05,
1.973038e-07,
9.399857e-07,
0.0001922634,
0.196226,
0.1439153,
0.05466013,
0.006949286,
0.01546527,
0.01121257,
0.5025551,
0,
0,
0,
0,
0,
0.002553351,
7.789663e-07,
0.02002065,
0.004211809,
2.104005e-05,
0.01398468,
0.002468755,
3.647242e-05,
0,
3.335916e-05,
5.935572e-08,
2.314501e-06,
0.0001272434,
0.1575673,
0.1229021,
0.04680822,
0.01168484,
0.02425971,
0.01609763,
0.5772196,
0,
0,
0,
2050, 
0,
0,
0.0005580764,
0.0001414393,
0.00596404,
0.001530118,
4.911868e-06,
0.004533643,
0.001051349,
0.002833644,
4.720278e-10,
1.132942e-05,
1.419037e-08,
8.158274e-07,
0.007232476,
0.1135293,
0.1265496,
0.06469439,
0.0071577,
0.02143958,
0.01951695,
0.6232505,
0,
0,
0,
0,
0,
0.01142803,
3.955094e-06,
0.06266586,
0.009693231,
1.307487e-06,
0.05084902,
0.005794998,
0.0001643419,
0,
2.767672e-06,
1.297293e-06,
1.942893e-07,
0.0006724815,
0.2336354,
0.1581441,
0.05800283,
0.002176663,
0.006818849,
0.006275844,
0.3936689,
0,
0,
0,
0,
0,
0.03482038,
1.174225e-05,
0.179297,
0.03436748,
0.0001121029,
0.1577443,
0.02247058,
0.0004315387,
4.183676e-11,
0.0001637746,
1.904019e-05,
1.754193e-05,
0.002915296,
0.3699311,
0.1180875,
0.02718392,
0.01798741,
0.01568609,
0.006481191,
0.01227208,
0,
0,
0,
0,
0,
0.0003453838,
2.13334e-05,
0.003654683,
0.001031069,
1.684338e-07,
0.002597685,
0.0006966769,
0.0003703386,
3.819878e-11,
4.728726e-07,
1.974579e-09,
2.069209e-08,
0.0003098863,
0.06732474,
0.07486586,
0.03641097,
0.001062793,
0.005402487,
0.006306826,
0.7995986,
0,
0,
0,
0,
0,
3.357705e-05,
3.41689e-06,
0.0005217412,
0.000144363,
0.0002490279,
0.0003718256,
9.994419e-05,
9.55199e-05,
0.1708402,
4.836212e-05,
1.149969e-10,
8.804514e-07,
0.0002034457,
0.02095283,
0.03131469,
0.01831611,
0.02039208,
0.0268913,
0.01553189,
0.6939888,
0,
0,
0,
0,
0,
0.001496994,
5.844324e-07,
0.01160572,
0.002183174,
5.638112e-05,
0.008305487,
0.00126705,
2.513867e-05,
0.0634027,
1.281138e-05,
2.370746e-08,
2.236236e-07,
8.443318e-05,
0.09875827,
0.08724602,
0.03524883,
0.008149577,
0.01240464,
0.007702511,
0.6620495,
0,
0,
0,
0,
0,
0.09186321,
1.641865e-06,
0.2624312,
0.02140294,
5.062298e-08,
0.1956524,
0.009362731,
8.796193e-05,
5.493348e-10,
9.822818e-08,
6.695189e-06,
7.015794e-09,
0.0003754068,
0.1774095,
0.06432196,
0.01465351,
0.0001880259,
0.0006362725,
0.0005322687,
0.1610742,
0,
0,
0,
0,
0,
0.00204629,
8.201712e-06,
0.01602547,
0.003328818,
0.000236411,
0.01188096,
0.002062041,
0.0002578052,
0,
0.0002780782,
8.896346e-08,
2.374678e-05,
0.0006016521,
0.1281436,
0.1046564,
0.0423454,
0.03386256,
0.04602742,
0.02458956,
0.5836255,
0,
0,
0,
0,
0,
0.00207723,
2.433903e-06,
0.01556298,
0.002943407,
3.858533e-05,
0.01106776,
0.001694017,
9.822904e-05,
0,
4.564467e-05,
3.444761e-08,
2.560434e-06,
0.0003020499,
0.1146617,
0.09396823,
0.03607146,
0.01184923,
0.02106834,
0.01247363,
0.6760725,
0,
0,
0,
0,
0,
0.002132132,
1.984587e-07,
0.01927184,
0.004803821,
8.124528e-05,
0.01594111,
0.003453465,
1.27564e-05,
0,
0.0001361823,
3.506458e-07,
9.522679e-06,
0.0001250093,
0.1998779,
0.1658052,
0.07398289,
0.02145038,
0.03753325,
0.02593979,
0.4294429,
0,
0,
0,
0,
0,
0.000558186,
1.34147e-07,
0.007852113,
0.002879156,
6.142992e-05,
0.007586144,
0.002686357,
7.542655e-06,
0,
0.0001431795,
4.114429e-07,
1.172906e-05,
8.445903e-05,
0.217447,
0.2329471,
0.1329384,
0.02871962,
0.06024802,
0.05127501,
0.2545541,
0,
0,
0,
0,
0,
0.0009353939,
2.680296e-05,
0.01269184,
0.005163976,
0.0005854675,
0.01274999,
0.005075234,
0.0006395958,
3.074092e-10,
0.001208235,
1.343413e-06,
0.0001917949,
0.007129867,
0.2904341,
0.249928,
0.1256156,
0.06922728,
0.07955102,
0.04934013,
0.0895044,
0,
0,
0,
0,
0,
6.652806e-06,
0.0002913831,
0.0001526941,
7.475865e-05,
3.270305e-05,
0.0001215282,
6.897378e-05,
0.004316482,
2.273737e-11,
3.646215e-05,
1.157676e-11,
1.03806e-06,
0.009017646,
0.01735732,
0.0372238,
0.03012678,
0.01514797,
0.04015483,
0.03612823,
0.8097408,
0,
0,
0,
0,
0,
0.0007236314,
6.760136e-06,
0.007486229,
0.001994718,
3.823895e-06,
0.005708406,
0.001393408,
0.0002462692,
4.478351e-09,
6.334036e-06,
2.466724e-08,
2.658804e-07,
0.0009889577,
0.1181583,
0.1206618,
0.05892059,
0.002864849,
0.008064341,
0.007219095,
0.6655521,
0,
0,
0,
0,
0,
0.004512937,
7.068893e-06,
0.03171295,
0.006015719,
4.417151e-05,
0.02488223,
0.003754025,
0.0002468935,
0,
6.369024e-05,
4.228324e-07,
4.127994e-06,
0.0008296266,
0.1952872,
0.1446508,
0.05589237,
0.01351548,
0.02446948,
0.01596204,
0.4781487,
0,
0,
0,
0,
0,
0.002503401,
2.453815e-05,
0.01898893,
0.004096301,
3.019902e-05,
0.01412272,
0.002599739,
0.0006519323,
0,
4.202182e-05,
1.557318e-07,
2.642763e-06,
0.001337712,
0.1425999,
0.114252,
0.04694726,
0.007829321,
0.01495023,
0.0103446,
0.6186764,
0,
0,
0,
0,
0,
0.1407268,
1.018862e-08,
0.3343495,
0.02083346,
1.56158e-08,
0.2447643,
0.008244006,
1.265211e-06,
0,
2.984448e-08,
8.81418e-06,
2.20206e-09,
1.635975e-05,
0.1342172,
0.03907495,
0.007467996,
7.765587e-05,
0.0002692163,
0.0002225879,
0.06972589,
0,
0,
0,
0,
0,
0.009585204,
8.89055e-07,
0.05880672,
0.01069277,
5.021862e-05,
0.04769958,
0.006681115,
4.739031e-05,
0,
3.318107e-05,
1.501326e-06,
2.170264e-06,
0.0003157623,
0.2586466,
0.1659902,
0.06029321,
0.01153624,
0.01922721,
0.01279809,
0.3375919,
0,
0,
0,
0,
0,
0.0004182183,
0.001515378,
0.006656128,
0.003035986,
0.003643869,
0.006507153,
0.00310084,
0.02053535,
1.120497e-09,
0.005716127,
4.748032e-07,
0.000748624,
0.1112431,
0.1847925,
0.1474615,
0.07400926,
0.1835327,
0.1415938,
0.07062308,
0.03486577,
0,
0,
0,
0,
0,
0.0002307017,
2.260576e-05,
0.002816498,
0.0008533347,
6.738163e-06,
0.002125748,
0.0006238612,
0.0005368057,
0,
4.018818e-06,
2.932454e-09,
5.265098e-08,
0.00124318,
0.07234546,
0.08964481,
0.04839675,
0.004683779,
0.01322491,
0.0120035,
0.7512373,
0,
0,
0,
0,
0,
0.003757225,
3.876255e-06,
0.02551377,
0.004513194,
2.784848e-06,
0.01875027,
0.002629833,
9.246906e-05,
1.244189e-09,
1.649565e-06,
1.501154e-07,
5.655225e-08,
0.0001103829,
0.1530318,
0.1179555,
0.04472546,
0.002473725,
0.007111489,
0.006091961,
0.6132344,
0,
0,
0,
0,
0,
0.02515079,
5.250388e-08,
0.1223665,
0.01941061,
1.734052e-06,
0.1001562,
0.0114577,
4.731558e-06,
0,
3.49966e-06,
5.495674e-06,
3.78631e-07,
7.948349e-05,
0.3104534,
0.1597085,
0.05015137,
0.001934859,
0.004894035,
0.003966365,
0.1902543,
0,
0,
0,
0,
0,
0.001246531,
8.088307e-05,
0.01573271,
0.006229411,
0.0004154158,
0.01511219,
0.005888275,
0.001857481,
4.0842e-11,
0.0008147896,
1.261714e-06,
8.702582e-05,
0.01172692,
0.2898502,
0.2267391,
0.1121189,
0.07011992,
0.08859633,
0.05812023,
0.09526237,
0,
0,
0,
0,
0,
0.000228597,
9.56961e-06,
0.002884536,
0.000849215,
0.0002159809,
0.002281087,
0.0006395937,
0.000254585,
0,
0.0001040303,
6.866854e-09,
3.297344e-06,
0.000829753,
0.07785691,
0.09816486,
0.05514338,
0.02831894,
0.04459884,
0.02989723,
0.6577196,
0,
0,
0,
0,
0,
0.00319254,
2.808608e-06,
0.02364011,
0.004513238,
1.219818e-05,
0.01799958,
0.00276641,
7.955306e-05,
0,
1.826782e-05,
1.777988e-07,
8.102445e-07,
0.0002012584,
0.1675882,
0.132897,
0.05277458,
0.006075879,
0.01393568,
0.0104269,
0.5638747,
0,
0,
0,
0,
0,
0.00171532,
6.392488e-07,
0.01417865,
0.002877651,
1.913715e-05,
0.01053247,
0.00177428,
3.156014e-05,
0,
3.036374e-05,
5.247271e-08,
2.18306e-06,
0.0001289318,
0.127485,
0.108381,
0.0433283,
0.01086176,
0.02271446,
0.01522663,
0.6407117,
0,
0,
0,
2051, 
0,
0,
0.0003286023,
0.0001139887,
0.003952934,
0.0009831571,
4.961503e-06,
0.003283099,
0.0007242694,
0.002539741,
4.720278e-10,
1.158855e-05,
1.506212e-08,
9.109553e-07,
0.008832083,
0.09590463,
0.1172047,
0.06380182,
0.007238264,
0.0215906,
0.0199655,
0.6535192,
0,
0,
0,
0,
0,
0.009729696,
3.596478e-06,
0.05500564,
0.008500022,
1.284226e-06,
0.04579412,
0.005154399,
0.0001553747,
0,
2.742792e-06,
1.237551e-06,
2.046185e-07,
0.0007896495,
0.2211657,
0.1509669,
0.05546298,
0.002228291,
0.006961314,
0.006368964,
0.4317078,
0,
0,
0,
0,
0,
0.03294118,
1.351232e-05,
0.1723982,
0.03350497,
0.0001054279,
0.1572833,
0.02241394,
0.0004968487,
4.183675e-11,
0.0001595908,
2.18245e-05,
1.882983e-05,
0.003851086,
0.3718652,
0.1216145,
0.02911515,
0.01766328,
0.01579653,
0.006805877,
0.01393079,
0,
0,
0,
0,
0,
0.000178905,
1.281474e-05,
0.002030868,
0.0005567687,
1.634757e-07,
0.001533981,
0.0003971112,
0.0002481985,
3.819878e-11,
4.576562e-07,
1.596864e-09,
2.158015e-08,
0.0002838635,
0.04684374,
0.05996825,
0.03177425,
0.001035083,
0.005200158,
0.006077507,
0.8438579,
0,
0,
0,
0,
0,
1.573612e-05,
2.142086e-06,
0.0002791444,
7.336877e-05,
9.263511e-05,
0.0002138884,
5.41439e-05,
7.023168e-05,
0.1442572,
3.204759e-05,
9.611091e-11,
7.553804e-07,
0.000195983,
0.01498827,
0.02580462,
0.01634046,
0.01275487,
0.02114644,
0.01369312,
0.749985,
0,
0,
0,
0,
0,
0.0009231516,
4.385963e-07,
0.007841858,
0.001405025,
2.451845e-05,
0.00605831,
0.0008642855,
2.061467e-05,
0.05618983,
9.309547e-06,
2.129093e-08,
1.860939e-07,
9.305176e-05,
0.08113775,
0.07850494,
0.03346993,
0.005271584,
0.00990883,
0.006857935,
0.7114184,
0,
0,
0,
0,
0,
0.08030052,
1.718648e-06,
0.2353297,
0.01949312,
5.36704e-08,
0.1840349,
0.008766783,
9.479275e-05,
5.493348e-10,
1.040169e-07,
6.872585e-06,
8.441485e-09,
0.0004834217,
0.1778205,
0.06813061,
0.01619729,
0.0002041877,
0.0007055985,
0.0006071682,
0.2078227,
0,
0,
0,
0,
0,
0.001313325,
6.606343e-06,
0.01096595,
0.002197558,
0.000199105,
0.008665287,
0.001433732,
0.0002162906,
0,
0.0002365829,
7.596445e-08,
2.062295e-05,
0.0005674383,
0.1027612,
0.09181667,
0.03898628,
0.0297647,
0.04143205,
0.02262284,
0.6467936,
0,
0,
0,
0,
0,
0.001279035,
1.913426e-06,
0.01036349,
0.001855702,
3.187489e-05,
0.007909657,
0.001127147,
8.417691e-05,
0,
3.839005e-05,
3.013407e-08,
2.209733e-06,
0.0003245297,
0.09131876,
0.08223183,
0.03321216,
0.01023517,
0.01870273,
0.01139137,
0.7298899,
0,
0,
0,
0,
0,
0.001552041,
1.746551e-07,
0.01467815,
0.003571172,
6.889652e-05,
0.01277048,
0.002665622,
1.163688e-05,
0,
0.0001165722,
3.101502e-07,
8.273769e-06,
0.0001318121,
0.1723854,
0.1537774,
0.07158449,
0.01899592,
0.03435225,
0.02447451,
0.4888549,
0,
0,
0,
0,
0,
0.0004894572,
1.132885e-07,
0.007055659,
0.002580371,
5.562137e-05,
0.007060401,
0.002462351,
6.414994e-06,
0,
0.0001375196,
4.185401e-07,
1.185115e-05,
7.4801e-05,
0.2056936,
0.2270892,
0.1344294,
0.02712118,
0.05847569,
0.05152809,
0.2757278,
0,
0,
0,
0,
0,
0.0009101311,
7.324127e-05,
0.01231973,
0.00502693,
0.0006627186,
0.01268783,
0.005005037,
0.001493863,
3.074092e-10,
0.001365788,
1.513397e-06,
0.0002332024,
0.01497308,
0.2792657,
0.2403148,
0.1236708,
0.07550248,
0.08485788,
0.05271171,
0.08892365,
0,
0,
0,
0,
0,
2.509051e-06,
0.0002054007,
6.386138e-05,
3.064359e-05,
2.303784e-05,
5.307285e-05,
2.960651e-05,
0.003394511,
2.273737e-11,
2.914549e-05,
7.931937e-12,
9.59927e-07,
0.009356952,
0.009773279,
0.02568719,
0.02424616,
0.01260745,
0.03554703,
0.0336018,
0.8453474,
0,
0,
0,
0,
0,
0.0004332085,
5.704956e-06,
0.004839597,
0.001243674,
3.119345e-06,
0.003926025,
0.0009145106,
0.0002175239,
4.478352e-09,
5.353857e-06,
2.089381e-08,
2.345254e-07,
0.001032321,
0.09289118,
0.1050298,
0.05425904,
0.002609129,
0.007767123,
0.007270085,
0.7175523,
0,
0,
0,
0,
0,
0.003303863,
6.024673e-06,
0.02439629,
0.004521898,
3.726105e-05,
0.02023396,
0.002941874,
0.000219159,
0,
5.443337e-05,
3.768008e-07,
3.607818e-06,
0.0008703637,
0.1696105,
0.134142,
0.05397163,
0.0120066,
0.02244254,
0.01508868,
0.5361489,
0,
0,
0,
0,
0,
0.001626837,
2.019651e-05,
0.01301844,
0.002752206,
2.491873e-05,
0.01024195,
0.001835594,
0.0005516607,
0,
3.512749e-05,
1.308389e-07,
2.226634e-06,
0.001238512,
0.1129939,
0.09835773,
0.04214322,
0.006781363,
0.01338491,
0.009496856,
0.6854943,
0,
0,
0,
0,
0,
0.1282447,
1.417525e-08,
0.3128311,
0.02048039,
1.59951e-08,
0.2416267,
0.008407635,
1.71003e-06,
0,
3.10179e-08,
1.090148e-05,
2.388544e-09,
2.551564e-05,
0.1420827,
0.04400273,
0.008976584,
8.304645e-05,
0.0003008656,
0.0002631152,
0.09266225,
0,
0,
0,
0,
0,
0.007619843,
8.101258e-07,
0.0486152,
0.008738363,
2.682402e-05,
0.04132964,
0.005642094,
4.513014e-05,
0,
2.884965e-05,
1.403494e-06,
2.013463e-06,
0.0003602758,
0.2377266,
0.1612412,
0.06081361,
0.009564833,
0.01788964,
0.01255936,
0.3877943,
0,
0,
0,
0,
0,
0.0003353451,
0.002345575,
0.005445799,
0.00248098,
0.003019714,
0.00549477,
0.00259513,
0.03218133,
1.120497e-09,
0.005072896,
4.430007e-07,
0.0006856341,
0.1761214,
0.1627524,
0.1355736,
0.06991728,
0.1635471,
0.1310513,
0.06689653,
0.03448273,
0,
0,
0,
0,
0,
0.0001273798,
1.698247e-05,
0.001678712,
0.000491687,
3.082745e-06,
0.001343747,
0.0003780177,
0.0004333136,
0,
2.901372e-06,
2.427718e-09,
4.486552e-08,
0.001253953,
0.05339218,
0.07446368,
0.04324104,
0.003144158,
0.01054672,
0.01052835,
0.7989541,
0,
0,
0,
0,
0,
0.002540573,
2.480313e-06,
0.01834191,
0.003153079,
1.200884e-06,
0.01431878,
0.00193022,
6.582004e-05,
1.244189e-09,
1.39915e-06,
1.297416e-07,
5.348095e-08,
0.0001051836,
0.1272017,
0.1057431,
0.04191829,
0.001932715,
0.006368713,
0.005757024,
0.6706176,
0,
0,
0,
0,
0,
0.02142166,
6.536462e-08,
0.1076115,
0.01713377,
2.021006e-06,
0.09214,
0.01042663,
5.898401e-06,
0,
4.079864e-06,
5.602161e-06,
4.941082e-07,
0.0001118519,
0.2994499,
0.1615122,
0.0527827,
0.002218896,
0.00558619,
0.004595613,
0.224991,
0,
0,
0,
0,
0,
0.001074332,
7.883337e-05,
0.01380687,
0.005459176,
0.0003660911,
0.01370729,
0.005272299,
0.001841384,
4.0842e-11,
0.0007830742,
1.3002e-06,
8.914508e-05,
0.01317522,
0.2729192,
0.2258825,
0.1169819,
0.06650214,
0.0884876,
0.06057462,
0.1129969,
0,
0,
0,
0,
0,
0.0001371771,
6.800284e-06,
0.001886726,
0.0005363331,
0.0001088224,
0.001581368,
0.0004241265,
0.0002029641,
0,
7.817397e-05,
5.839469e-09,
2.799552e-06,
0.0008498953,
0.06218873,
0.08605091,
0.051117,
0.020218,
0.03700991,
0.02689738,
0.7107029,
0,
0,
0,
0,
0,
0.002206697,
1.799659e-06,
0.01738298,
0.003217872,
9.942363e-06,
0.01407447,
0.002068506,
5.946666e-05,
0,
1.513951e-05,
1.570492e-07,
6.789685e-07,
0.0002108438,
0.1422926,
0.1214668,
0.05040645,
0.005174261,
0.01230985,
0.009551976,
0.6195495,
0,
0,
0,
0,
0,
0.001110967,
5.048158e-07,
0.009792587,
0.001901486,
1.701611e-05,
0.007738766,
0.00123038,
2.659814e-05,
0,
2.703376e-05,
4.528972e-08,
2.014386e-06,
0.0001292474,
0.1015514,
0.09387901,
0.03942842,
0.009895943,
0.02087871,
0.01415875,
0.6982311,
0,
0,
0,
2052, 
0,
0,
0.0001930674,
9.133133e-05,
0.002717383,
0.0006498705,
5.011462e-06,
0.002476076,
0.0005121459,
0.002308002,
4.720278e-10,
1.186616e-05,
1.701934e-08,
1.019933e-06,
0.01082846,
0.08393434,
0.1098542,
0.06307559,
0.007309902,
0.02168406,
0.02034249,
0.6740052,
0,
0,
0,
0,
0,
0.007984245,
3.244579e-06,
0.04702322,
0.007270094,
1.253088e-06,
0.04044431,
0.004495143,
0.0001466954,
0,
2.706475e-06,
1.175964e-06,
2.15649e-07,
0.0009304374,
0.2079902,
0.1452456,
0.05471199,
0.002270079,
0.00711865,
0.006573284,
0.4677874,
0,
0,
0,
0,
0,
0.03121859,
1.53964e-05,
0.1657632,
0.03267798,
9.767404e-05,
0.1556235,
0.02224116,
0.0005644621,
4.183675e-11,
0.0001536295,
2.413445e-05,
1.986811e-05,
0.004875347,
0.3737778,
0.1253162,
0.03120452,
0.01722711,
0.01589305,
0.007162238,
0.01614405,
0,
0,
0,
0,
0,
8.026766e-05,
6.830923e-06,
0.001019457,
0.0002657513,
1.574538e-07,
0.0008245155,
0.0002004845,
0.0001527992,
3.819878e-11,
4.402805e-07,
1.220559e-09,
2.255716e-08,
0.0002618809,
0.03174895,
0.04717191,
0.02735209,
0.001003568,
0.004983436,
0.005834695,
0.8790928,
0,
0,
0,
0,
0,
6.456389e-06,
1.275218e-06,
0.0001389412,
3.384985e-05,
2.942509e-05,
0.0001156973,
2.677513e-05,
4.996723e-05,
0.1187475,
1.968266e-05,
7.709935e-11,
6.254223e-07,
0.0001863158,
0.01056628,
0.02090866,
0.01431399,
0.007908896,
0.01640355,
0.01184207,
0.7987001,
0,
0,
0,
0,
0,
0.0005525466,
3.075567e-07,
0.005279655,
0.0008872931,
9.738639e-06,
0.004405096,
0.0005752067,
1.643696e-05,
0.04926809,
6.21443e-06,
1.893663e-08,
1.484608e-07,
0.0001049241,
0.06718815,
0.07043765,
0.03162472,
0.003313092,
0.007749956,
0.006017962,
0.7525628,
0,
0,
0,
0,
0,
0.06973466,
1.782894e-06,
0.2100125,
0.01764504,
5.655558e-08,
0.1711521,
0.008116186,
0.0001013109,
5.493347e-10,
1.097358e-07,
6.882822e-06,
9.999519e-09,
0.0006075031,
0.1768597,
0.07132392,
0.0176208,
0.000222378,
0.0007853013,
0.0006938475,
0.255116,
0,
0,
0,
0,
0,
0.0008194096,
5.091791e-06,
0.007378214,
0.001414411,
0.0001613,
0.006193211,
0.0009654959,
0.0001753824,
0,
0.0001944027,
6.276235e-08,
1.739104e-05,
0.0005259529,
0.08150923,
0.07922402,
0.03528462,
0.02544452,
0.03645613,
0.02042061,
0.7038106,
0,
0,
0,
0,
0,
0.0007583305,
1.441813e-06,
0.006794575,
0.001133986,
2.512914e-05,
0.005569624,
0.0007234585,
7.075439e-05,
0,
3.108188e-05,
2.578824e-08,
1.854784e-06,
0.0003507933,
0.07245519,
0.07123287,
0.03030039,
0.008588014,
0.01626327,
0.01026171,
0.7754375,
0,
0,
0,
0,
0,
0.001126141,
1.501747e-07,
0.01117791,
0.00265009,
5.638618e-05,
0.01016617,
0.002036775,
1.044208e-05,
0,
9.66201e-05,
2.676732e-07,
6.988824e-06,
0.0001379427,
0.1484141,
0.1412857,
0.06842386,
0.01639023,
0.03081593,
0.02271848,
0.5444858,
0,
0,
0,
0,
0,
0.0004339876,
9.300972e-08,
0.00640543,
0.002337357,
5.039867e-05,
0.006588092,
0.002265577,
5.307277e-06,
0,
0.0001296347,
4.169489e-07,
1.170051e-05,
6.478903e-05,
0.1960253,
0.221406,
0.1349712,
0.02563551,
0.05653101,
0.05128709,
0.2958511,
0,
0,
0,
0,
0,
0.0008885322,
0.0001589409,
0.01199548,
0.004912142,
0.0007276467,
0.01258849,
0.004933045,
0.002905105,
3.074092e-10,
0.001500015,
1.662235e-06,
0.0002708084,
0.02674351,
0.2692696,
0.2304027,
0.1204788,
0.08073939,
0.08913212,
0.05543267,
0.08691934,
0,
0,
0,
0,
0,
6.738333e-07,
0.000130197,
2.039554e-05,
9.45485e-06,
1.40632e-05,
1.784775e-05,
9.64275e-06,
0.00255919,
2.273737e-11,
2.191831e-05,
4.470163e-12,
8.744104e-07,
0.00968989,
0.00510233,
0.01734657,
0.01928945,
0.01038748,
0.03143927,
0.03113411,
0.8728266,
0,
0,
0,
0,
0,
0.0002458845,
4.645959e-06,
0.003043631,
0.0007454738,
2.40886e-06,
0.002629081,
0.000575127,
0.0001880966,
4.478352e-09,
4.358872e-06,
1.708227e-08,
2.025961e-07,
0.001077322,
0.07264955,
0.09042788,
0.04937973,
0.002339924,
0.007421083,
0.007266433,
0.7619991,
0,
0,
0,
0,
0,
0.002412393,
4.986832e-06,
0.01876811,
0.003393821,
3.026356e-05,
0.01634526,
0.002280966,
0.0001906847,
0,
4.501958e-05,
3.283058e-07,
3.071697e-06,
0.0009089277,
0.1469661,
0.123254,
0.0515538,
0.01042075,
0.02023915,
0.01408092,
0.5891014,
0,
0,
0,
0,
0,
0.001018324,
1.590886e-05,
0.00865993,
0.001785261,
1.961387e-05,
0.007181467,
0.001244102,
0.0004502853,
0,
2.8184e-05,
1.058429e-07,
1.806251e-06,
0.001117704,
0.08742672,
0.08249926,
0.036891,
0.005682555,
0.01165675,
0.008501253,
0.7458197,
0,
0,
0,
0,
0,
0.1167241,
1.881272e-08,
0.2922876,
0.02007855,
1.566876e-08,
0.2363273,
0.008510266,
2.214537e-06,
0,
3.0795e-08,
1.280141e-05,
2.436482e-09,
3.669349e-05,
0.1492872,
0.04887903,
0.010528,
8.531283e-05,
0.0003235026,
0.0002980506,
0.1166194,
0,
0,
0,
0,
0,
0.006048694,
7.350182e-07,
0.04018413,
0.00714762,
1.685391e-05,
0.03560013,
0.004734485,
4.283654e-05,
0,
2.453556e-05,
1.290089e-06,
1.826713e-06,
0.0004090049,
0.218058,
0.1554569,
0.06076353,
0.008057131,
0.01648029,
0.01216446,
0.4348076,
0,
0,
0,
0,
0,
0.0002700647,
0.003215388,
0.004459044,
0.002029435,
0.002458098,
0.004609833,
0.002158515,
0.04450208,
1.120497e-09,
0.004379563,
4.025802e-07,
0.0006118304,
0.2456496,
0.1421175,
0.1224712,
0.06457521,
0.1428518,
0.1185438,
0.06182593,
0.03327071,
0,
0,
0,
0,
0,
6.278385e-05,
1.175179e-05,
0.0009344466,
0.0002592076,
1.384027e-06,
0.000798536,
0.000209942,
0.0003354659,
0,
1.967553e-06,
1.922637e-09,
3.711344e-08,
0.00128499,
0.03903087,
0.06123283,
0.03822464,
0.002119968,
0.008341246,
0.009125026,
0.8380249,
0,
0,
0,
0,
0,
0.001674655,
1.400916e-06,
0.01298437,
0.002158935,
6.620038e-07,
0.01073248,
0.00137934,
4.311407e-05,
1.244189e-09,
1.168883e-06,
1.089877e-07,
4.986784e-08,
0.0001002493,
0.1048965,
0.09367808,
0.03885692,
0.001571695,
0.005683524,
0.005386421,
0.7208503,
0,
0,
0,
0,
0,
0.01824664,
7.874942e-08,
0.0945925,
0.01512474,
2.28251e-06,
0.08408713,
0.009419087,
7.113672e-06,
0,
4.601386e-06,
5.554889e-06,
6.035245e-07,
0.0001477653,
0.2872376,
0.1616856,
0.05482104,
0.002498228,
0.006270627,
0.005219107,
0.2606297,
0,
0,
0,
0,
0,
0.0009313846,
7.571162e-05,
0.01217968,
0.004811661,
0.0003298403,
0.01242127,
0.004719778,
0.001802116,
4.0842e-11,
0.000736606,
1.297296e-06,
8.835149e-05,
0.01447617,
0.2574383,
0.2241089,
0.1209578,
0.06301401,
0.0875823,
0.0622979,
0.132027,
0,
0,
0,
0,
0,
7.72058e-05,
4.631551e-06,
0.001196736,
0.0003242759,
5.212862e-05,
0.001064804,
0.0002687658,
0.0001585911,
0,
5.531272e-05,
4.798174e-09,
2.293523e-06,
0.0008749255,
0.04949472,
0.07475584,
0.04688239,
0.01432198,
0.03026792,
0.02382779,
0.7563697,
0,
0,
0,
0,
0,
0.001504388,
1.076139e-06,
0.01272223,
0.002275263,
7.680637e-06,
0.0109051,
0.001522105,
4.305614e-05,
0,
1.199669e-05,
1.353634e-07,
5.467173e-07,
0.0002208804,
0.1205816,
0.1099948,
0.0476288,
0.004251956,
0.01060769,
0.008601269,
0.6691194,
0,
0,
0,
0,
0,
0.0006975953,
3.799655e-07,
0.006644558,
0.001221746,
1.475613e-05,
0.005570044,
0.0008242072,
2.173622e-05,
0,
2.348752e-05,
3.791418e-08,
1.817766e-06,
0.0001280831,
0.07995017,
0.07987283,
0.03521095,
0.008816695,
0.0188006,
0.01292057,
0.7492797,
0,
0,
0,
2053, 
0,
0,
0.0001240686,
7.525482e-05,
0.002067718,
0.0004782189,
5.079463e-06,
0.002043759,
0.0003974596,
0.002160173,
4.720278e-10,
1.219362e-05,
2.043087e-08,
1.145365e-06,
0.013235,
0.07725815,
0.1049431,
0.06264206,
0.007388115,
0.02175851,
0.02066162,
0.6847484,
0,
0,
0,
0,
0,
0.006198942,
2.91519e-06,
0.03875902,
0.006011704,
1.211988e-06,
0.0348237,
0.003823566,
0.0001387086,
0,
2.652656e-06,
1.111062e-06,
2.255811e-07,
0.00109378,
0.1953783,
0.1422756,
0.05555353,
0.002297998,
0.007282146,
0.006837526,
0.4995174,
0,
0,
0,
0,
0,
0.02956312,
1.740004e-05,
0.1591126,
0.03181818,
8.904835e-05,
0.1527707,
0.02194402,
0.0006343314,
4.183675e-11,
0.0001459122,
2.592446e-05,
2.062164e-05,
0.005989635,
0.3757312,
0.1293328,
0.03347734,
0.01671233,
0.01599534,
0.00755515,
0.01906431,
0,
0,
0,
0,
0,
2.941728e-05,
2.949184e-06,
0.00046345,
0.0001093955,
1.505508e-07,
0.0004056572,
8.723448e-05,
8.36758e-05,
3.819878e-11,
4.211646e-07,
8.471053e-10,
2.354193e-08,
0.0002451997,
0.0216338,
0.03700601,
0.02335182,
0.0009691664,
0.004759857,
0.005583981,
0.9052678,
0,
0,
0,
0,
0,
2.583157e-06,
7.42506e-07,
6.944744e-05,
1.552726e-05,
8.916306e-06,
6.284103e-05,
1.3045e-05,
3.469209e-05,
0.09530984,
1.144816e-05,
5.80565e-11,
4.930826e-07,
0.0001743488,
0.007512467,
0.0167851,
0.01232138,
0.005073436,
0.01270637,
0.01006285,
0.8398345,
0,
0,
0,
0,
0,
0.0003339523,
1.980261e-07,
0.003666366,
0.0005723105,
3.322193e-06,
0.003278762,
0.0003854568,
1.282337e-05,
0.04293948,
3.656005e-06,
1.665765e-08,
1.10865e-07,
0.0001207207,
0.05687744,
0.06341973,
0.02979461,
0.002063711,
0.005990089,
0.005215867,
0.7853214,
0,
0,
0,
0,
0,
0.06019543,
1.847906e-06,
0.1866496,
0.0158904,
5.688656e-08,
0.1575472,
0.007441375,
0.0001080331,
5.493347e-10,
1.110313e-07,
6.755499e-06,
1.094084e-08,
0.0007524662,
0.1747908,
0.07390911,
0.0189133,
0.0002343311,
0.000849681,
0.0007711223,
0.3019384,
0,
0,
0,
0,
0,
0.0005092637,
3.723283e-06,
0.004983654,
0.0009078617,
0.0001232074,
0.00439805,
0.0006391408,
0.0001367255,
0,
0.000151815,
4.944354e-08,
1.408589e-05,
0.0004793752,
0.06454527,
0.06743319,
0.03138009,
0.02096953,
0.03120235,
0.01803091,
0.7540917,
0,
0,
0,
0,
0,
0.000450557,
1.048594e-06,
0.004549061,
0.0006993787,
1.837964e-05,
0.003977533,
0.0004621655,
5.881477e-05,
0,
2.377131e-05,
2.15723e-08,
1.501784e-06,
0.0003835681,
0.05844339,
0.06172841,
0.0275583,
0.006943763,
0.01383327,
0.009139043,
0.811728,
0,
0,
0,
0,
0,
0.0008243147,
1.258468e-07,
0.008594101,
0.001984751,
4.378165e-05,
0.008095477,
0.001552955,
9.21303e-06,
0,
7.645717e-05,
2.238455e-07,
5.679796e-06,
0.0001433095,
0.1281211,
0.1288786,
0.06466238,
0.01367525,
0.02700191,
0.02071437,
0.5956159,
0,
0,
0,
0,
0,
0.0003888781,
7.360896e-08,
0.005869758,
0.002137926,
4.540914e-05,
0.006160899,
0.002092679,
4.23843e-06,
0,
0.0001198312,
4.066812e-07,
1.128541e-05,
5.464611e-05,
0.1880857,
0.2160688,
0.1347078,
0.02418083,
0.05440913,
0.05058629,
0.3150754,
0,
0,
0,
0,
0,
0.0008688408,
0.0002819959,
0.01170037,
0.00481116,
0.0007758036,
0.01245496,
0.004859339,
0.004798519,
3.074092e-10,
0.001601607,
1.789586e-06,
0.0003021888,
0.04184172,
0.2603577,
0.2207074,
0.1164889,
0.08466662,
0.09223755,
0.05740378,
0.08383976,
0,
0,
0,
0,
0,
9.739142e-08,
7.521233e-05,
4.343832e-06,
1.872675e-06,
7.231553e-06,
4.101328e-06,
2.041994e-06,
0.001896261,
2.273737e-11,
1.543591e-05,
1.639743e-12,
7.835719e-07,
0.01004292,
0.002671052,
0.01205163,
0.01553164,
0.008630739,
0.02795306,
0.02881549,
0.8922961,
0,
0,
0,
0,
0,
0.0001350556,
3.625399e-06,
0.001909391,
0.0004399452,
1.699751e-06,
0.001748299,
0.0003524403,
0.000159112,
4.478352e-09,
3.358071e-06,
1.325288e-08,
1.706439e-07,
0.00112527,
0.05727536,
0.07745269,
0.04449301,
0.002077433,
0.007073519,
0.007229345,
0.7985203,
0,
0,
0,
0,
0,
0.001774843,
3.992672e-06,
0.01456163,
0.002567593,
2.321741e-05,
0.01319161,
0.001761614,
0.00016248,
0,
3.551483e-05,
2.780692e-07,
2.525727e-06,
0.0009462595,
0.127689,
0.1125165,
0.04875989,
0.008785125,
0.01791383,
0.01296942,
0.6363347,
0,
0,
0,
0,
0,
0.000618636,
1.181453e-05,
0.005631263,
0.001125271,
1.429958e-05,
0.004882533,
0.0008100094,
0.0003510059,
0,
2.121767e-05,
8.080401e-08,
1.383649e-06,
0.0009813389,
0.06620871,
0.06733002,
0.0313982,
0.004559878,
0.009834667,
0.007406636,
0.798813,
0,
0,
0,
0,
0,
0.1060398,
2.380054e-08,
0.272636,
0.01960763,
1.484862e-08,
0.2290663,
0.008543477,
2.751526e-06,
0,
2.956146e-08,
1.440688e-05,
2.388208e-09,
4.970098e-05,
0.1557494,
0.05363387,
0.01209965,
8.50644e-05,
0.0003381069,
0.0003273615,
0.1418065,
0,
0,
0,
0,
0,
0.004817707,
6.635756e-07,
0.03334097,
0.005875803,
1.194252e-05,
0.030564,
0.003960539,
4.053146e-05,
0,
2.035204e-05,
1.163551e-06,
1.619473e-06,
0.0004609458,
0.2000324,
0.1489366,
0.06017526,
0.006861492,
0.01504988,
0.01164042,
0.4782077,
0,
0,
0,
0,
0,
0.00021921,
0.004055894,
0.003666884,
0.001667077,
0.001960412,
0.003853506,
0.001789669,
0.05656141,
1.120497e-09,
0.003663318,
3.54414e-07,
0.0005298693,
0.3162703,
0.1234697,
0.1090797,
0.05849211,
0.1223764,
0.1049782,
0.05587839,
0.03148763,
0,
0,
0,
0,
0,
2.732764e-05,
7.34036e-06,
0.0004993379,
0.0001267216,
5.663314e-07,
0.0004577299,
0.0001078016,
0.0002504393,
0,
1.221577e-06,
1.421928e-09,
2.957674e-08,
0.00135412,
0.02902097,
0.05054292,
0.03366308,
0.001459444,
0.006625772,
0.00787142,
0.8679838,
0,
0,
0,
0,
0,
0.001091671,
6.749222e-07,
0.009169939,
0.001468957,
4.396214e-07,
0.007965039,
0.0009678645,
2.567089e-05,
1.244189e-09,
9.592659e-07,
8.804679e-08,
4.592058e-08,
9.60675e-05,
0.08649462,
0.08232687,
0.03568219,
0.001319855,
0.005070413,
0.005000612,
0.763318,
0,
0,
0,
0,
0,
0.01557173,
9.161363e-08,
0.08320536,
0.01337349,
2.523796e-06,
0.07625525,
0.008467052,
8.292038e-06,
0,
5.083983e-06,
5.377643e-06,
7.095675e-07,
0.0001858056,
0.2745051,
0.1605122,
0.05628924,
0.002777862,
0.006964299,
0.005851409,
0.296019,
0,
0,
0,
0,
0,
0.0008121841,
7.155589e-05,
0.01080093,
0.004264564,
0.0002964517,
0.01124357,
0.004224894,
0.001739071,
4.0842e-11,
0.0006772416,
1.254573e-06,
8.493369e-05,
0.01556002,
0.243318,
0.2215731,
0.1240437,
0.05931539,
0.08582175,
0.06325634,
0.152895,
0,
0,
0,
0,
0,
4.163374e-05,
3.015862e-06,
0.0007563994,
0.0001928304,
2.347228e-05,
0.0007114857,
0.0001660774,
0.0001221313,
0,
3.617439e-05,
3.748492e-09,
1.78319e-06,
0.0009049703,
0.03972397,
0.06471116,
0.04261513,
0.01018917,
0.0245212,
0.02080365,
0.7944757,
0,
0,
0,
0,
0,
0.001031036,
6.17746e-07,
0.009408951,
0.001623145,
5.416026e-06,
0.008459418,
0.001115651,
3.083062e-05,
0,
8.845357e-06,
1.130158e-07,
4.138164e-07,
0.0002316037,
0.1026796,
0.09899959,
0.04456562,
0.003318093,
0.008855202,
0.007590121,
0.7120757,
0,
0,
0,
0,
0,
0.0004333721,
2.709939e-07,
0.004506984,
0.0007782103,
1.241078e-05,
0.003973408,
0.0005400696,
1.719302e-05,
0,
1.980575e-05,
3.041843e-08,
1.60097e-06,
0.0001253783,
0.06271133,
0.06691462,
0.0308229,
0.007651253,
0.01653226,
0.01154134,
0.7934176,
0,
0,
0,
2054, 
0,
0,
9.888651e-05,
6.73478e-05,
0.001828074,
0.0004200517,
5.16749e-06,
0.001903669,
0.0003593515,
0.002115429,
4.720277e-10,
1.255847e-05,
2.543167e-08,
1.283146e-06,
0.01599306,
0.07510335,
0.1027399,
0.06268074,
0.007480699,
0.02184957,
0.02093961,
0.6864012,
0,
0,
0,
0,
0,
0.004906392,
2.613478e-06,
0.03251494,
0.005081819,
1.157869e-06,
0.03024655,
0.003298608,
0.0001314335,
0,
2.572986e-06,
1.040148e-06,
2.325824e-07,
0.001276613,
0.1849414,
0.13925,
0.05615184,
0.002303072,
0.007384033,
0.00705209,
0.5254536,
0,
0,
0,
0,
0,
0.02791729,
1.958201e-05,
0.1522774,
0.03088813,
8.042376e-05,
0.1488391,
0.02153409,
0.0007078238,
4.183676e-11,
0.0001366691,
2.719237e-05,
2.106865e-05,
0.007205914,
0.3776845,
0.1337117,
0.03591147,
0.01620548,
0.01613927,
0.007981345,
0.02271149,
0,
0,
0,
0,
0,
9.480163e-06,
9.384403e-07,
0.0002192056,
4.406078e-05,
1.42992e-07,
0.0002072731,
3.639802e-05,
4.178984e-05,
3.819878e-11,
4.006016e-07,
4.869468e-10,
2.446538e-08,
0.0002356847,
0.0157933,
0.02991427,
0.02010207,
0.0009342869,
0.004546354,
0.005342552,
0.9225718,
0,
0,
0,
0,
0,
1.212193e-06,
4.334289e-07,
3.903133e-05,
8.15883e-06,
3.446823e-06,
3.738997e-05,
7.022855e-06,
2.377607e-05,
0.07506427,
6.559909e-06,
3.922176e-11,
3.630871e-07,
0.0001605193,
0.005546923,
0.01352218,
0.0104714,
0.003539144,
0.009998912,
0.008453256,
0.873116,
0,
0,
0,
0,
0,
0.0002206932,
1.231156e-07,
0.002748435,
0.0004038672,
9.876959e-07,
0.002588773,
0.0002767433,
1.018393e-05,
0.03759424,
1.829045e-06,
1.447417e-08,
7.388775e-08,
0.0001412783,
0.04993191,
0.05785139,
0.02812833,
0.00134479,
0.004683004,
0.004506291,
0.809567,
0,
0,
0,
0,
0,
0.05165803,
1.930009e-06,
0.1652793,
0.0142497,
5.476226e-08,
0.1437063,
0.006770008,
0.0001156567,
5.493348e-10,
1.078296e-07,
6.514179e-06,
1.12186e-08,
0.0009248556,
0.1718725,
0.07591909,
0.02006912,
0.0002387492,
0.0008945148,
0.0008361527,
0.3474575,
0,
0,
0,
0,
0,
0.0003293978,
2.581359e-06,
0.003481454,
0.0006040793,
8.528841e-05,
0.003173659,
0.0004293683,
0.0001023814,
0,
0.0001090931,
3.60729e-08,
1.073479e-05,
0.0004292693,
0.05165569,
0.05701579,
0.02749102,
0.01653218,
0.02592097,
0.01554838,
0.7970786,
0,
0,
0,
0,
0,
0.0002927103,
7.693642e-07,
0.003289114,
0.0004720877,
1.174187e-05,
0.003013224,
0.0003158993,
4.949383e-05,
0,
1.650791e-05,
1.759035e-08,
1.153178e-06,
0.0004260041,
0.04912106,
0.05434508,
0.02519742,
0.005391541,
0.01155708,
0.008079569,
0.8384195,
0,
0,
0,
0,
0,
0.000614742,
1.029271e-07,
0.00672267,
0.00151411,
3.122648e-05,
0.006491578,
0.001192199,
8.017733e-06,
0,
5.621329e-05,
1.791575e-07,
4.355166e-06,
0.0001481295,
0.1114258,
0.1171787,
0.06055562,
0.01095997,
0.0230816,
0.01854247,
0.6414723,
0,
0,
0,
0,
0,
0.0003514427,
5.554538e-08,
0.005419253,
0.001971027,
4.05635e-05,
0.005772557,
0.001940811,
3.233685e-06,
0,
0.0001087055,
3.890739e-07,
1.064992e-05,
4.448778e-05,
0.1815329,
0.2112902,
0.1339003,
0.02273442,
0.05217378,
0.04952756,
0.3331777,
0,
0,
0,
0,
0,
0.0008498871,
0.00042876,
0.01142139,
0.004718379,
0.0008099051,
0.01229224,
0.004785371,
0.006973456,
3.074092e-10,
0.001675187,
1.89596e-06,
0.0003279424,
0.05903713,
0.2523767,
0.211535,
0.112063,
0.08758495,
0.09445702,
0.05878111,
0.07988065,
0,
0,
0,
0,
0,
6.244555e-09,
4.712667e-05,
9.116281e-07,
3.483784e-07,
3.866272e-06,
9.578796e-07,
3.875834e-07,
0.001484753,
2.273737e-11,
1.089579e-05,
2.372792e-13,
6.969559e-07,
0.01047105,
0.001718279,
0.009317003,
0.01313388,
0.007423871,
0.02520799,
0.02677066,
0.9044073,
0,
0,
0,
0,
0,
7.733715e-05,
2.734165e-06,
0.00125854,
0.0002724837,
1.039925e-06,
0.001204334,
0.0002221228,
0.0001327422,
4.478352e-09,
2.378043e-06,
9.433073e-09,
1.389991e-07,
0.001177268,
0.04635231,
0.06668971,
0.03989648,
0.001848463,
0.00676053,
0.007174682,
0.8269267,
0,
0,
0,
0,
0,
0.001329711,
3.092752e-06,
0.01148696,
0.001977346,
1.620218e-05,
0.01070851,
0.001367943,
0.0001359167,
0,
2.597256e-05,
2.265347e-07,
1.973199e-06,
0.0009822242,
0.1118153,
0.1024672,
0.0457506,
0.007165181,
0.0155703,
0.01179511,
0.6774002,
0,
0,
0,
0,
0,
0.0003723085,
8.13975e-06,
0.003639624,
0.0007013774,
9.053974e-06,
0.003253642,
0.0005120373,
0.0002587579,
0,
1.426567e-05,
5.576742e-08,
9.601924e-07,
0.0008355599,
0.049398,
0.05355239,
0.02593058,
0.003461755,
0.00800212,
0.006263856,
0.8437855,
0,
0,
0,
0,
0,
0.09607068,
2.880479e-08,
0.2537833,
0.01905381,
1.372666e-08,
0.220146,
0.008504818,
3.291367e-06,
0,
2.768039e-08,
1.562828e-05,
2.274804e-09,
6.419622e-05,
0.1614452,
0.05820004,
0.01366442,
8.305338e-05,
0.0003467019,
0.0003522072,
0.1682667,
0,
0,
0,
0,
0,
0.003863334,
5.960443e-07,
0.02784733,
0.004868522,
9.058329e-06,
0.02622321,
0.003314721,
3.822792e-05,
0,
1.64208e-05,
1.025322e-06,
1.398985e-06,
0.0005140507,
0.1838778,
0.1420395,
0.0591076,
0.005883168,
0.01365129,
0.01102188,
0.5177209,
0,
0,
0,
0,
0,
0.0001785382,
0.004805341,
0.003019527,
0.001371064,
0.001543741,
0.003208247,
0.001478429,
0.06747957,
1.120497e-09,
0.002969115,
3.046604e-07,
0.0004450132,
0.3842841,
0.1069332,
0.09622473,
0.05224276,
0.1033131,
0.09140978,
0.04960606,
0.02948729,
0,
0,
0,
0,
0,
1.193126e-05,
4.359455e-06,
0.0002873077,
6.537796e-05,
2.273885e-07,
0.0002797812,
5.731175e-05,
0.0001886492,
0,
7.080343e-07,
9.407704e-10,
2.264795e-08,
0.001481596,
0.02283142,
0.04283008,
0.02994072,
0.001075221,
0.005428619,
0.006866927,
0.8886498,
0,
0,
0,
0,
0,
0.0007246677,
2.799596e-07,
0.006602215,
0.001019747,
3.29628e-07,
0.005954078,
0.0006815729,
1.429264e-05,
1.244189e-09,
7.755237e-07,
6.707511e-08,
4.190983e-08,
9.341726e-05,
0.07218419,
0.07235602,
0.03260522,
0.001141016,
0.004550782,
0.004629662,
0.7974416,
0,
0,
0,
0,
0,
0.01332565,
1.029884e-07,
0.07333472,
0.01185678,
2.706483e-06,
0.0688689,
0.007593902,
9.351071e-06,
0,
5.456646e-06,
5.102835e-06,
8.01026e-07,
0.0002241219,
0.2620046,
0.1584176,
0.0572608,
0.003020686,
0.00758339,
0.006423507,
0.3300618,
0,
0,
0,
0,
0,
0.0007096365,
6.650486e-05,
0.009597927,
0.003787304,
0.0002632958,
0.01014419,
0.003773901,
0.001653272,
4.0842e-11,
0.0006080513,
1.17556e-06,
7.928359e-05,
0.0163465,
0.2301127,
0.2183144,
0.1262295,
0.05531528,
0.08323959,
0.06344625,
0.1763113,
0,
0,
0,
0,
0,
2.345431e-05,
1.949239e-06,
0.00050251,
0.0001207889,
1.073695e-05,
0.0004927566,
0.0001061472,
9.479906e-05,
0,
2.186926e-05,
2.703447e-09,
1.279991e-06,
0.0009413399,
0.03260783,
0.05630911,
0.0385828,
0.007440014,
0.019897,
0.01799742,
0.8248482,
0,
0,
0,
0,
0,
0.0007300379,
3.661237e-07,
0.007161174,
0.001195734,
3.186131e-06,
0.006665206,
0.0008313717,
2.271494e-05,
0,
5.700654e-06,
9.023264e-08,
2.804857e-07,
0.0002436272,
0.08859424,
0.08908056,
0.04141484,
0.002418205,
0.007135735,
0.006553858,
0.7479431,
0,
0,
0,
0,
0,
0.0002793751,
1.861348e-07,
0.003150826,
0.0005129781,
1.002589e-05,
0.002875632,
0.0003589343,
1.328577e-05,
0,
1.604983e-05,
2.286388e-08,
1.37113e-06,
0.000121459,
0.04963105,
0.05561036,
0.02651058,
0.006447223,
0.0141786,
0.01007757,
0.8302045,
0,
0,
0,
2055, 
0,
0,
9.892837e-05,
6.865395e-05,
0.001841514,
0.0004325875,
5.317015e-06,
0.001968309,
0.0003753241,
0.002196879,
4.720278e-10,
1.305105e-05,
3.272163e-08,
1.442716e-06,
0.01914217,
0.0764128,
0.1032986,
0.06354753,
0.007622433,
0.02205892,
0.02127362,
0.6796419,
0,
0,
0,
0,
0,
0.003970497,
2.360321e-06,
0.02782966,
0.004400293,
1.090486e-06,
0.02661107,
0.002902753,
0.0001255374,
0,
2.465386e-06,
9.622057e-07,
2.359317e-07,
0.001477154,
0.1768507,
0.1366522,
0.05662478,
0.002284217,
0.007422976,
0.007214277,
0.5456268,
0,
0,
0,
0,
0,
0.02623393,
2.199924e-05,
0.1451057,
0.02985733,
7.278696e-05,
0.1439407,
0.02102388,
0.0007861521,
4.183676e-11,
0.0001266785,
2.793826e-05,
2.118762e-05,
0.008530771,
0.3795425,
0.1385387,
0.03851127,
0.01577983,
0.01637164,
0.008446817,
0.02706015,
0,
0,
0,
0,
0,
5.579683e-06,
4.729299e-07,
0.0001467211,
2.821074e-05,
1.358629e-07,
0.0001442809,
2.334709e-05,
2.575575e-05,
3.819877e-11,
3.812408e-07,
2.69797e-10,
2.544036e-08,
0.000239508,
0.01295324,
0.02581024,
0.01799388,
0.0009056985,
0.004381086,
0.005161186,
0.9321803,
0,
0,
0,
0,
0,
7.376379e-07,
2.645327e-07,
2.573691e-05,
5.232393e-06,
2.05559e-06,
2.524826e-05,
4.464074e-06,
1.647919e-05,
0.05886243,
4.024808e-06,
2.183184e-11,
2.476822e-07,
0.0001459388,
0.004299939,
0.01107459,
0.008885829,
0.002697864,
0.008092799,
0.007107877,
0.8987482,
0,
0,
0,
0,
0,
0.0001711525,
9.447775e-08,
0.002275802,
0.000328156,
4.870055e-07,
0.002216286,
0.0002262923,
8.980608e-06,
0.03363866,
9.589949e-07,
1.254227e-08,
4.249367e-08,
0.0001677143,
0.04572293,
0.05400571,
0.02686463,
0.0009864396,
0.003841935,
0.003970956,
0.8255728,
0,
0,
0,
0,
0,
0.04406829,
2.049549e-06,
0.1458977,
0.01273879,
5.078329e-08,
0.1301491,
0.006130275,
0.0001251497,
5.493348e-10,
1.008423e-07,
6.181706e-06,
1.094649e-08,
0.001135045,
0.1684974,
0.07747793,
0.02110102,
0.0002346081,
0.000911318,
0.000878881,
0.3906462,
0,
0,
0,
0,
0,
0.0002240415,
1.722754e-06,
0.00251779,
0.0004202926,
5.327398e-05,
0.002338902,
0.0002973325,
7.421843e-05,
0,
6.931183e-05,
2.293216e-08,
7.378352e-06,
0.0003776985,
0.04186541,
0.04822139,
0.02388666,
0.01271781,
0.0211774,
0.01318639,
0.8325629,
0,
0,
0,
0,
0,
0.0002206706,
6.250148e-07,
0.002627027,
0.0003671865,
7.067643e-06,
0.002480207,
0.0002462014,
4.371743e-05,
0,
1.028506e-05,
1.406805e-08,
8.14904e-07,
0.0004801747,
0.04349547,
0.04935634,
0.02347938,
0.004237289,
0.009799245,
0.007227724,
0.8559206,
0,
0,
0,
0,
0,
0.0004644477,
8.287557e-08,
0.005330215,
0.001172035,
2.012022e-05,
0.005241304,
0.0009224779,
6.952136e-06,
0,
3.702806e-05,
1.343807e-07,
3.028408e-06,
0.0001534648,
0.09775519,
0.1066748,
0.05645927,
0.008547011,
0.01942397,
0.01637751,
0.681411,
0,
0,
0,
0,
0,
0.0003183097,
3.945884e-08,
0.005013527,
0.001821513,
3.58035e-05,
0.005402092,
0.001801597,
2.328527e-06,
0,
9.688485e-05,
3.650711e-07,
9.83708e-06,
3.450847e-05,
0.175701,
0.2070131,
0.132825,
0.02126817,
0.04986717,
0.04823709,
0.3505517,
0,
0,
0,
0,
0,
0.000829243,
0.0005947549,
0.01112915,
0.004621388,
0.0008298143,
0.01208531,
0.004704609,
0.0093568,
3.074092e-10,
0.001719566,
1.978247e-06,
0.0003470474,
0.07785798,
0.2449141,
0.2030512,
0.1076192,
0.08944786,
0.09576514,
0.05957649,
0.07554841,
0,
0,
0,
0,
0,
3.280043e-09,
3.796484e-05,
6.300062e-07,
2.452986e-07,
3.204319e-06,
6.72839e-07,
2.606899e-07,
0.001289812,
2.273737e-11,
9.119856e-06,
1.393227e-13,
6.471478e-07,
0.01106723,
0.001425877,
0.008128163,
0.01186674,
0.00673118,
0.02329431,
0.02518474,
0.9109592,
0,
0,
0,
0,
0,
5.144416e-05,
2.107549e-06,
0.0009139217,
0.0001909519,
6.641894e-07,
0.0008982731,
0.0001557516,
0.000112363,
4.478352e-09,
1.632221e-06,
5.890479e-09,
1.096329e-07,
0.001238702,
0.03901371,
0.05852187,
0.03603211,
0.001703729,
0.006562664,
0.007155857,
0.8474441,
0,
0,
0,
0,
0,
0.001012593,
2.341423e-06,
0.009203373,
0.001549389,
1.022185e-05,
0.008763619,
0.001072934,
0.0001127668,
0,
1.699071e-05,
1.743965e-07,
1.419298e-06,
0.001018786,
0.09894778,
0.09360531,
0.04280029,
0.005782158,
0.01347693,
0.01066878,
0.7119541,
0,
0,
0,
0,
0,
0.0002261773,
5.174838e-06,
0.002369485,
0.0004394346,
4.76594e-06,
0.002152495,
0.0003195238,
0.0001802741,
0,
7.866954e-06,
3.112245e-08,
5.400714e-07,
0.0006864988,
0.03656474,
0.04175876,
0.02083439,
0.002515774,
0.006306302,
0.005143382,
0.8804844,
0,
0,
0,
0,
0,
0.0867021,
3.356778e-08,
0.2356225,
0.01841259,
1.2419e-08,
0.2099668,
0.008400325,
3.810467e-06,
0,
2.537307e-08,
1.640771e-05,
2.114352e-09,
7.978576e-05,
0.1664332,
0.06254065,
0.01519662,
7.971791e-05,
0.0003502618,
0.0003727563,
0.1958224,
0,
0,
0,
0,
0,
0.003117195,
5.348365e-07,
0.02342423,
0.004066743,
7.035869e-06,
0.02253942,
0.002785196,
3.608289e-05,
0,
1.290291e-05,
8.783617e-07,
1.1729e-06,
0.0005684071,
0.1698,
0.1353477,
0.05775996,
0.005065229,
0.01235228,
0.01037114,
0.5527439,
0,
0,
0,
0,
0,
0.0001448903,
0.005443233,
0.002479387,
0.001123867,
0.001198899,
0.002655575,
0.001214381,
0.07691639,
1.120497e-09,
0.002333245,
2.550742e-07,
0.0003607134,
0.447405,
0.09249885,
0.08446022,
0.04624879,
0.08612099,
0.0785144,
0.04340373,
0.02747721,
0,
0,
0,
0,
0,
7.91291e-06,
3.240069e-06,
0.0002090959,
4.606997e-05,
1.548156e-07,
0.00021025,
4.060303e-05,
0.0001589502,
0,
4.917123e-07,
6.135933e-10,
1.803297e-08,
0.001690425,
0.01948567,
0.03805436,
0.02743534,
0.0008903776,
0.004733014,
0.006216172,
0.9008179,
0,
0,
0,
0,
0,
0.0005053458,
1.294494e-07,
0.004941542,
0.000742588,
2.663709e-07,
0.004575007,
0.0004974022,
8.619215e-06,
1.244189e-09,
6.279012e-07,
4.64539e-08,
3.819724e-08,
9.377707e-05,
0.06176972,
0.06444026,
0.02996013,
0.001015295,
0.004148754,
0.00431755,
0.8229829,
0,
0,
0,
0,
0,
0.01140863,
1.127284e-07,
0.06468708,
0.01052312,
2.826736e-06,
0.06197991,
0.006800968,
1.027351e-05,
0,
5.712216e-06,
4.747875e-06,
8.733137e-07,
0.00026178,
0.2500584,
0.1558082,
0.05781974,
0.003219105,
0.008115659,
0.006926299,
0.3623666,
0,
0,
0,
0,
0,
0.000617263,
6.086762e-05,
0.008501241,
0.003351539,
0.0002294893,
0.00909181,
0.003352537,
0.001549849,
4.0842e-11,
0.0005328531,
1.067478e-06,
7.191319e-05,
0.01678906,
0.2173292,
0.2143993,
0.1275716,
0.0509665,
0.07990105,
0.06291471,
0.2027681,
0,
0,
0,
0,
0,
1.595682e-05,
1.426251e-06,
0.0003686578,
8.656533e-05,
6.46152e-06,
0.0003699976,
7.635409e-05,
7.76066e-05,
0,
1.360025e-05,
1.791518e-09,
8.450061e-07,
0.0009832127,
0.02754499,
0.04965493,
0.03508041,
0.005674933,
0.01639004,
0.01560696,
0.8480471,
0,
0,
0,
0,
0,
0.0005413953,
2.42648e-07,
0.005644857,
0.000919907,
1.512058e-06,
0.005381178,
0.0006407215,
1.78859e-05,
0,
2.898594e-06,
6.742959e-08,
1.483883e-07,
0.0002578071,
0.07782281,
0.08072731,
0.03847115,
0.00170992,
0.005672223,
0.005593654,
0.7765943,
0,
0,
0,
0,
0,
0.0001953387,
1.328241e-07,
0.002314677,
0.0003635987,
7.793416e-06,
0.002153852,
0.0002530698,
1.036898e-05,
0,
1.239065e-05,
1.550804e-08,
1.134284e-06,
0.0001171658,
0.03997331,
0.04637036,
0.0226316,
0.00532525,
0.01197082,
0.008659231,
0.8596399,
0,
0,
0,
2056, 
0,
0,
0.0001035077,
7.290007e-05,
0.001914611,
0.0004608491,
5.462142e-06,
0.002086774,
0.0004051393,
0.002331411,
4.720278e-10,
1.354839e-05,
4.185066e-08,
1.607879e-06,
0.02253793,
0.07894097,
0.1050875,
0.06490856,
0.007750184,
0.02224975,
0.02159192,
0.6695373,
0,
0,
0,
0,
0,
0.003230115,
2.179267e-06,
0.0240306,
0.003857339,
1.010472e-06,
0.02359183,
0.002591916,
0.0001219477,
0,
2.330444e-06,
8.947417e-07,
2.356893e-07,
0.001697526,
0.1704313,
0.1347801,
0.05720742,
0.002242014,
0.007402943,
0.007330128,
0.5614781,
0,
0,
0,
0,
0,
0.02446076,
2.471136e-05,
0.1373861,
0.02868451,
6.614795e-05,
0.1381275,
0.02041221,
0.0008707531,
4.183676e-11,
0.0001177732,
2.823732e-05,
2.111456e-05,
0.009985609,
0.3810466,
0.1439636,
0.04138256,
0.0154472,
0.01673927,
0.008987501,
0.03224793,
0,
0,
0,
0,
0,
3.444939e-06,
2.477908e-07,
0.0001043974,
1.936302e-05,
1.291122e-07,
0.0001075445,
1.615508e-05,
1.718476e-05,
3.819878e-11,
3.639268e-07,
1.712318e-10,
2.663583e-08,
0.0002634058,
0.01121051,
0.02322927,
0.01670458,
0.0008812188,
0.004249609,
0.005035051,
0.9381575,
0,
0,
0,
0,
0,
4.3768e-07,
1.569973e-07,
1.663332e-05,
3.302074e-06,
1.275841e-06,
1.677009e-05,
2.780551e-06,
1.129926e-05,
0.0457708,
2.550873e-06,
1.177907e-11,
1.751517e-07,
0.000133442,
0.003326323,
0.00907989,
0.007555899,
0.002071124,
0.0065739,
0.005992277,
0.919441,
0,
0,
0,
0,
0,
0.0001377681,
8.156918e-08,
0.001944984,
0.0002783367,
2.435805e-07,
0.001956594,
0.0001941003,
8.566221e-06,
0.03085862,
5.173476e-07,
1.170296e-08,
2.640495e-08,
0.0002021302,
0.04285891,
0.05138386,
0.02607422,
0.000758233,
0.003275328,
0.003610697,
0.8364568,
0,
0,
0,
0,
0,
0.03728137,
2.230676e-06,
0.1282477,
0.0113465,
4.597881e-08,
0.1172368,
0.005539048,
0.000137671,
5.493348e-10,
9.197488e-08,
5.78845e-06,
1.031596e-08,
0.001399989,
0.1649844,
0.07876831,
0.02204336,
0.0002242119,
0.0009038343,
0.000900402,
0.4309782,
0,
0,
0,
0,
0,
0.0001477331,
1.099479e-06,
0.001779717,
0.0002851709,
3.269087e-05,
0.001688804,
0.0002009455,
5.205715e-05,
0,
4.327617e-05,
1.411088e-08,
5.02838e-06,
0.0003313672,
0.03369645,
0.04067168,
0.02073683,
0.009713633,
0.01724762,
0.01117142,
0.8621945,
0,
0,
0,
0,
0,
0.0001695256,
5.287236e-07,
0.002150444,
0.0002951662,
4.250733e-06,
0.002099519,
0.0001995227,
3.998183e-05,
0,
6.471339e-06,
1.20639e-08,
6.03185e-07,
0.0005536818,
0.03972903,
0.04609014,
0.02246658,
0.003441132,
0.008578852,
0.0066658,
0.8675088,
0,
0,
0,
0,
0,
0.0003435978,
6.620099e-08,
0.004181928,
0.0008952348,
1.227541e-05,
0.004192564,
0.0007049085,
6.062449e-06,
0,
2.326839e-05,
9.711334e-08,
2.008384e-06,
0.0001603669,
0.08583061,
0.09721404,
0.05263745,
0.006599827,
0.01628589,
0.0144291,
0.7164807,
0,
0,
0,
0,
0,
0.0002851772,
2.532405e-08,
0.004599669,
0.00166912,
3.095226e-05,
0.005010205,
0.001659112,
1.533896e-06,
0,
8.475534e-05,
3.3661e-07,
8.904704e-06,
2.538557e-05,
0.1695146,
0.2026078,
0.1315661,
0.01970845,
0.04741169,
0.04678571,
0.3690305,
0,
0,
0,
0,
0,
0.0008026869,
0.0007671073,
0.01077992,
0.004499946,
0.0008352976,
0.01180227,
0.004600614,
0.01180308,
3.074092e-10,
0.001736035,
2.028213e-06,
0.0003593678,
0.09759581,
0.2374141,
0.1951457,
0.1034917,
0.09032631,
0.09626888,
0.05991308,
0.07185617,
0,
0,
0,
0,
0,
1.660767e-09,
3.171176e-05,
4.648557e-07,
1.861026e-07,
2.694486e-06,
5.049224e-07,
1.880002e-07,
0.001155165,
2.273737e-11,
7.750712e-06,
9.107125e-14,
6.095655e-07,
0.01187179,
0.001240462,
0.007350851,
0.01103598,
0.006157868,
0.02168931,
0.02385228,
0.9156022,
0,
0,
0,
0,
0,
3.472142e-05,
1.657012e-06,
0.0006755031,
0.0001368104,
4.962685e-07,
0.0006837363,
0.0001120049,
9.703367e-05,
4.478352e-09,
1.279117e-06,
3.854421e-09,
9.844548e-08,
0.001318456,
0.03348704,
0.0522084,
0.03302137,
0.001622455,
0.006467103,
0.007189944,
0.8629419,
0,
0,
0,
0,
0,
0.0007571301,
1.751243e-06,
0.007311149,
0.00120171,
6.398123e-06,
0.007121148,
0.0008341052,
9.392593e-05,
0,
1.106315e-05,
1.306022e-07,
1.02781e-06,
0.001061721,
0.08780381,
0.08581798,
0.04015602,
0.004734308,
0.01180774,
0.009736527,
0.7415423,
0,
0,
0,
0,
0,
0.000128101,
3.047245e-06,
0.001468904,
0.000259245,
2.188257e-06,
0.001358712,
0.0001874666,
0.0001199502,
0,
3.862612e-06,
1.502755e-08,
2.701793e-07,
0.0005534053,
0.02637286,
0.03191879,
0.01645258,
0.001768497,
0.004838524,
0.004124618,
0.910439,
0,
0,
0,
0,
0,
0.07775667,
3.788004e-08,
0.2178295,
0.01766817,
1.10065e-08,
0.1988642,
0.008234141,
4.289268e-06,
0,
2.280349e-08,
1.675622e-05,
1.926026e-09,
9.618571e-05,
0.1707071,
0.06665472,
0.01668447,
7.543698e-05,
0.000349874,
0.00038966,
0.2246687,
0,
0,
0,
0,
0,
0.002494626,
4.825624e-07,
0.01965812,
0.003389845,
5.363657e-06,
0.0193261,
0.002338773,
3.428811e-05,
0,
9.975903e-06,
7.423326e-07,
9.661277e-07,
0.0006263636,
0.1573204,
0.1292632,
0.05644966,
0.004352335,
0.01118947,
0.009766807,
0.5837725,
0,
0,
0,
0,
0,
0.0001154135,
0.005956735,
0.002007523,
0.0009075352,
0.0009076914,
0.002168008,
0.000983177,
0.08466917,
1.120497e-09,
0.001790158,
2.087383e-07,
0.0002851551,
0.5044168,
0.0798391,
0.07408068,
0.04089263,
0.0708264,
0.06675542,
0.03764389,
0.02575436,
0,
0,
0,
0,
0,
5.420927e-06,
2.613393e-06,
0.0001586213,
3.404967e-05,
1.062018e-07,
0.0001655419,
3.034354e-05,
0.0001436358,
0,
3.484658e-07,
4.37467e-10,
1.539974e-08,
0.001987676,
0.01731988,
0.03494225,
0.02587219,
0.0007670171,
0.004273426,
0.005806758,
0.9084901,
0,
0,
0,
0,
0,
0.0003489661,
6.963332e-08,
0.003706743,
0.0005433055,
2.178159e-07,
0.003537176,
0.0003661939,
5.91488e-06,
1.244189e-09,
5.16658e-07,
3.23594e-08,
3.573584e-08,
0.0001011259,
0.05385515,
0.05846301,
0.02803609,
0.0009194802,
0.003849037,
0.004097532,
0.8421694,
0,
0,
0,
0,
0,
0.009698488,
1.207792e-07,
0.05681562,
0.009299882,
2.883598e-06,
0.05548281,
0.006069976,
1.105375e-05,
0,
5.849157e-06,
4.351657e-06,
9.252702e-07,
0.0002986638,
0.238516,
0.1530668,
0.05817008,
0.003369472,
0.008556911,
0.00736168,
0.3932685,
0,
0,
0,
0,
0,
0.0005292299,
5.486673e-05,
0.007441701,
0.002929624,
0.0001949563,
0.008045809,
0.002942602,
0.001433127,
4.0842e-11,
0.0004558044,
9.468586e-07,
6.352523e-05,
0.01688969,
0.2040973,
0.2096119,
0.1281536,
0.04623284,
0.07583681,
0.06174167,
0.233344,
0,
0,
0,
0,
0,
1.072411e-05,
1.07306e-06,
0.0002696271,
6.192398e-05,
3.780299e-06,
0.0002776259,
5.495674e-05,
6.523879e-05,
0,
8.274455e-06,
1.179789e-09,
5.497815e-07,
0.00103541,
0.02346193,
0.0441593,
0.03213988,
0.004329925,
0.01357267,
0.01362278,
0.8669243,
0,
0,
0,
0,
0,
0.0004004838,
1.799009e-07,
0.004456824,
0.000711105,
7.233024e-07,
0.004357561,
0.0004974859,
1.508303e-05,
0,
1.490101e-06,
5.094748e-08,
8.086187e-08,
0.0002776253,
0.06891675,
0.07374146,
0.03599721,
0.001229111,
0.004577166,
0.004836942,
0.7999827,
0,
0,
0,
0,
0,
0.0001329501,
9.336392e-08,
0.001667016,
0.0002520716,
5.826134e-06,
0.001584508,
0.0001745904,
8.051574e-06,
0,
9.217101e-06,
1.020018e-08,
9.104699e-07,
0.0001136551,
0.03199448,
0.03857745,
0.0193046,
0.00431691,
0.009993609,
0.007387422,
0.8844766,
0,
0,
0,
2057, 
0,
0,
0.0001116405,
7.946961e-05,
0.002035026,
0.0005020177,
5.627736e-06,
0.002249177,
0.0004466431,
0.002508723,
4.720278e-10,
1.410958e-05,
5.303701e-08,
1.786983e-06,
0.0261871,
0.0824613,
0.1078687,
0.0666585,
0.007885794,
0.02246904,
0.02192494,
0.6565904,
0,
0,
0,
0,
0,
0.002655278,
2.078764e-06,
0.02098888,
0.003433725,
9.202387e-07,
0.02111461,
0.002354746,
0.0001209765,
0,
2.173617e-06,
8.390624e-07,
2.32455e-07,
0.001942416,
0.1655174,
0.1336216,
0.05792112,
0.002181589,
0.007339666,
0.007412399,
0.5733894,
0,
0,
0,
0,
0,
0.02263818,
2.774727e-05,
0.1292839,
0.02739966,
6.04206e-05,
0.1315803,
0.01971636,
0.0009619814,
4.183676e-11,
0.0001098811,
2.812759e-05,
2.087368e-05,
0.01158199,
0.382049,
0.1498097,
0.04447544,
0.01518798,
0.01721013,
0.009589138,
0.03826919,
0,
0,
0,
0,
0,
2.41154e-06,
1.56128e-07,
8.285724e-05,
1.514588e-05,
1.241295e-07,
8.943539e-05,
1.284754e-05,
1.352948e-05,
3.819878e-11,
3.528439e-07,
1.416665e-10,
2.850145e-08,
0.0003106822,
0.01037412,
0.02197418,
0.01615592,
0.0008676713,
0.004178091,
0.00498952,
0.9409329,
0,
0,
0,
0,
0,
2.567411e-07,
9.237711e-08,
1.059719e-05,
2.073773e-06,
8.081352e-07,
1.100944e-05,
1.710717e-06,
7.721452e-06,
0.03516545,
1.644381e-06,
6.264585e-12,
1.255648e-07,
0.0001194743,
0.002557077,
0.00739903,
0.006378854,
0.001585723,
0.005311674,
0.005016614,
0.93643,
0,
0,
0,
0,
0,
0.0001157579,
7.914826e-08,
0.001718469,
0.0002468846,
1.320137e-07,
0.001779585,
0.0001747913,
8.735059e-06,
0.02898201,
3.063836e-07,
1.153919e-08,
1.899044e-08,
0.0002439202,
0.04104281,
0.04974774,
0.02566323,
0.0006241206,
0.002927512,
0.003396797,
0.8433271,
0,
0,
0,
0,
0,
0.03129382,
2.488436e-06,
0.1123206,
0.01007309,
4.064724e-08,
0.1050682,
0.004995706,
0.0001538404,
5.493348e-10,
8.182354e-08,
5.342773e-06,
9.426086e-09,
0.001732532,
0.1613231,
0.07978253,
0.02288989,
0.0002083734,
0.0008718389,
0.0008981319,
0.4683803,
0,
0,
0,
0,
0,
9.450785e-05,
6.642423e-07,
0.00123271,
0.0001891937,
1.963932e-05,
0.001198045,
0.0001329608,
3.521611e-05,
0,
2.650053e-05,
8.39641e-09,
3.393528e-06,
0.0002911079,
0.02705536,
0.03435109,
0.0180511,
0.007392331,
0.0140604,
0.009490136,
0.8863756,
0,
0,
0,
0,
0,
0.0001350335,
4.771322e-07,
0.001829056,
0.0002499576,
2.657433e-06,
0.001849491,
0.0001716901,
3.841194e-05,
0,
4.292886e-06,
1.138796e-08,
4.878282e-07,
0.0006560157,
0.0376552,
0.04442186,
0.02212223,
0.002949079,
0.007848508,
0.006381511,
0.873684,
0,
0,
0,
0,
0,
0.000249855,
5.353664e-08,
0.003259412,
0.000678101,
7.078808e-06,
0.003335139,
0.000534899,
5.395743e-06,
0,
1.395917e-05,
6.778343e-08,
1.272632e-06,
0.0001703219,
0.07559963,
0.08884778,
0.04915432,
0.005072078,
0.01365556,
0.01271751,
0.7466975,
0,
0,
0,
0,
0,
0.0002525723,
1.397731e-08,
0.004183014,
0.001515739,
2.620143e-05,
0.004603222,
0.001514943,
8.906808e-07,
0,
7.279609e-05,
3.047566e-07,
7.903703e-06,
1.756037e-05,
0.1629382,
0.1979593,
0.1300527,
0.01811957,
0.04489773,
0.04523014,
0.3886073,
0,
0,
0,
0,
0,
0.0007713415,
0.0009302048,
0.01038675,
0.004358886,
0.0008285345,
0.01145701,
0.004477729,
0.01411955,
3.074092e-10,
0.001728566,
2.046687e-06,
0.0003657601,
0.1170892,
0.2301445,
0.1880512,
0.09982681,
0.0904066,
0.09619877,
0.05994971,
0.06890678,
0,
0,
0,
0,
0,
8.130823e-10,
2.785352e-05,
3.738511e-07,
1.543223e-07,
2.321032e-06,
4.136105e-07,
1.495265e-07,
0.001072926,
2.273737e-11,
6.757571e-06,
7.037455e-14,
5.837711e-07,
0.0128994,
0.0011365,
0.006900864,
0.01056196,
0.00571992,
0.02046663,
0.0228563,
0.9183469,
0,
0,
0,
0,
0,
2.41409e-05,
1.356717e-06,
0.0005146294,
0.0001017461,
4.143101e-07,
0.0005371532,
8.394705e-05,
8.646335e-05,
4.478352e-09,
1.101421e-06,
2.69299e-09,
9.531947e-08,
0.001421695,
0.02949994,
0.04756573,
0.03080737,
0.001581419,
0.006444834,
0.007264904,
0.8740631,
0,
0,
0,
0,
0,
0.0005600101,
1.323351e-06,
0.00579043,
0.000930047,
4.056598e-06,
0.005774532,
0.0006485059,
7.952053e-05,
0,
7.31574e-06,
9.639845e-08,
7.647221e-07,
0.001112918,
0.07832523,
0.07909751,
0.03783849,
0.003956178,
0.0105047,
0.008984351,
0.766384,
0,
0,
0,
0,
0,
6.863109e-05,
1.724548e-06,
0.000869999,
0.000145655,
1.151049e-06,
0.0008217016,
0.0001047919,
7.732129e-05,
0,
2.123309e-06,
6.829844e-09,
1.534958e-07,
0.0004402098,
0.01850797,
0.02391994,
0.01279326,
0.001253373,
0.003683118,
0.003270322,
0.9340385,
0,
0,
0,
0,
0,
0.06927216,
4.162396e-08,
0.2004232,
0.01682448,
9.537817e-09,
0.186968,
0.0080049,
4.715978e-06,
0,
2.007927e-08,
1.669956e-05,
1.721849e-09,
0.0001132106,
0.1741295,
0.07047436,
0.01810644,
7.049745e-05,
0.000346439,
0.0004034949,
0.2548419,
0,
0,
0,
0,
0,
0.001987274,
4.418642e-07,
0.01651359,
0.002831081,
3.972759e-06,
0.01657865,
0.001971267,
3.298716e-05,
0,
7.537799e-06,
6.205712e-07,
7.796685e-07,
0.0006906514,
0.1464931,
0.1238932,
0.05524574,
0.003742233,
0.0101821,
0.009233931,
0.6105908,
0,
0,
0,
0,
0,
8.93921e-05,
0.006341848,
0.00159333,
0.0007171552,
0.0006702362,
0.001736526,
0.0007796532,
0.09065795,
1.120497e-09,
0.001341293,
1.653031e-07,
0.0002194358,
0.5545626,
0.06881417,
0.06508829,
0.03622961,
0.05770673,
0.05646081,
0.03252323,
0.02446761,
0,
0,
0,
0,
0,
3.973876e-06,
2.346491e-06,
0.000128113,
2.713725e-05,
7.671338e-08,
0.0001388332,
2.459433e-05,
0.0001392282,
0,
2.630817e-07,
3.582485e-10,
1.442454e-08,
0.002351436,
0.0160563,
0.03312767,
0.02504211,
0.0006947056,
0.004009291,
0.005594276,
0.9126596,
0,
0,
0,
0,
0,
0.0002425709,
4.466935e-08,
0.002827931,
0.0004072057,
1.810242e-07,
0.00279027,
0.0002778834,
4.645345e-06,
1.244189e-09,
4.350152e-07,
2.340568e-08,
3.455728e-08,
0.0001148373,
0.04820333,
0.0542811,
0.02679171,
0.0008512199,
0.003645723,
0.003965953,
0.8555949,
0,
0,
0,
0,
0,
0.00820163,
1.276545e-07,
0.04977481,
0.008199805,
2.892323e-06,
0.04948047,
0.005410096,
1.172852e-05,
0,
5.896992e-06,
3.936089e-06,
9.61922e-07,
0.0003357617,
0.2276055,
0.1503093,
0.05836343,
0.003482111,
0.008926486,
0.007743296,
0.4221417,
0,
0,
0,
0,
0,
0.0004477218,
4.879269e-05,
0.006442477,
0.002531423,
0.0001612542,
0.007035521,
0.002553792,
0.001308777,
4.0842e-11,
0.0003803933,
8.224912e-07,
5.46844e-05,
0.01668841,
0.1905092,
0.2038177,
0.127844,
0.04131635,
0.07120294,
0.05997665,
0.2676792,
0,
0,
0,
0,
0,
7.185925e-06,
8.406611e-07,
0.0001981168,
4.462208e-05,
2.170377e-06,
0.0002096118,
3.996173e-05,
5.647819e-05,
0,
4.975059e-06,
7.812292e-10,
3.562572e-07,
0.001090769,
0.0202023,
0.03964862,
0.02967176,
0.003327308,
0.01134395,
0.0119913,
0.8821597,
0,
0,
0,
0,
0,
0.0002973612,
1.450515e-07,
0.00354554,
0.0005563659,
3.535072e-07,
0.003558227,
0.0003922683,
1.341822e-05,
0,
7.853026e-07,
3.915527e-08,
4.606609e-08,
0.0003034718,
0.06177511,
0.06811213,
0.03400986,
0.0009085442,
0.003779466,
0.00426038,
0.8184865,
0,
0,
0,
0,
0,
8.824144e-05,
6.503685e-08,
0.001180077,
0.0001714295,
4.139914e-06,
0.001147944,
0.00011825,
6.261059e-06,
0,
6.53935e-06,
6.516351e-09,
7.044744e-07,
0.0001112372,
0.02554593,
0.03213676,
0.01650557,
0.003432683,
0.008263344,
0.006271929,
0.9050089,
0,
0,
0,
2058, 
0,
0,
0.0001221791,
8.76071e-05,
0.00218729,
0.0005522448,
5.829412e-06,
0.002441228,
0.0004966476,
0.002713823,
4.720278e-10,
1.476756e-05,
6.611477e-08,
1.983773e-06,
0.03003881,
0.08665985,
0.1113308,
0.06865364,
0.008043128,
0.02274424,
0.02228607,
0.6416198,
0,
0,
0,
0,
0,
0.002217255,
2.060235e-06,
0.01857673,
0.003110372,
8.299073e-07,
0.01909956,
0.002179819,
0.0001226779,
0,
2.019259e-06,
7.959465e-07,
2.290471e-07,
0.002214777,
0.1618876,
0.1331172,
0.05877224,
0.002121941,
0.007283403,
0.007499648,
0.5817908,
0,
0,
0,
0,
0,
0.02080688,
3.109885e-05,
0.120972,
0.02603506,
5.549812e-05,
0.1244923,
0.01895548,
0.001059179,
4.183676e-11,
0.0001029165,
2.765325e-05,
2.049906e-05,
0.01332036,
0.3824131,
0.1558901,
0.04773272,
0.01498503,
0.01775505,
0.01023801,
0.04510714,
0,
0,
0,
0,
0,
2.010243e-06,
1.318343e-07,
7.471151e-05,
1.381022e-05,
1.226383e-07,
8.378167e-05,
1.198447e-05,
1.29303e-05,
3.819878e-11,
3.531113e-07,
1.524336e-10,
3.160507e-08,
0.0003851574,
0.01025287,
0.02181909,
0.0162447,
0.0008721196,
0.004190744,
0.005045404,
0.94099,
0,
0,
0,
0,
0,
1.52137e-07,
5.496217e-08,
6.732049e-06,
1.319561e-06,
5.13648e-07,
7.221059e-06,
1.054144e-06,
5.318678e-06,
0.02683389,
1.064668e-06,
3.359129e-12,
8.997745e-08,
0.0001055109,
0.001964707,
0.006017498,
0.005364255,
0.001208607,
0.004272158,
0.004177294,
0.9500325,
0,
0,
0,
0,
0,
0.0001017645,
8.449278e-08,
0.001570565,
0.0002288244,
8.529918e-08,
0.001666325,
0.0001649169,
9.401909e-06,
0.02786043,
2.159199e-07,
1.18672e-08,
1.662747e-08,
0.0002952666,
0.04012424,
0.04899108,
0.02560282,
0.0005587518,
0.002759501,
0.003312912,
0.8467528,
0,
0,
0,
0,
0,
0.02608833,
2.827101e-06,
0.09808771,
0.008919784,
3.513465e-08,
0.09372897,
0.004500688,
0.0001736954,
5.493348e-10,
7.116638e-08,
4.856403e-06,
8.396237e-09,
0.00214018,
0.1575371,
0.0805372,
0.02364351,
0.0001895385,
0.0008242335,
0.0008792573,
0.5027421,
0,
0,
0,
0,
0,
5.897999e-05,
3.772236e-07,
0.0008421575,
0.0001236933,
1.158947e-05,
0.0008404214,
8.689488e-05,
2.302758e-05,
0,
1.599237e-05,
4.862322e-09,
2.278231e-06,
0.000257711,
0.02180797,
0.0292024,
0.01582231,
0.005643386,
0.01154236,
0.00812446,
0.905594,
0,
0,
0,
0,
0,
0.0001124693,
4.614607e-07,
0.001618869,
0.0002235526,
1.855293e-06,
0.001690968,
0.0001569768,
3.860936e-05,
0,
3.197382e-06,
1.153495e-08,
4.396104e-07,
0.0007835572,
0.0367689,
0.04389285,
0.02224663,
0.002688756,
0.007501548,
0.006312632,
0.8759577,
0,
0,
0,
0,
0,
0.0001803923,
4.543643e-08,
0.002539453,
0.0005141174,
3.955191e-06,
0.002653405,
0.0004071872,
4.996013e-06,
0,
8.182326e-06,
4.664376e-08,
7.910518e-07,
0.0001850367,
0.06692966,
0.08154793,
0.04603614,
0.003911253,
0.01150554,
0.01125168,
0.7723202,
0,
0,
0,
0,
0,
0.0002209851,
6.217057e-09,
0.003767984,
0.001362998,
2.175973e-05,
0.004186438,
0.001370409,
4.370315e-07,
0,
6.151717e-05,
2.70599e-07,
6.887672e-06,
1.154777e-05,
0.1558852,
0.192895,
0.1281805,
0.01656554,
0.04241318,
0.04362439,
0.4094249,
0,
0,
0,
0,
0,
0.0007389754,
0.001070241,
0.009986162,
0.004215252,
0.0008130694,
0.01108969,
0.004353227,
0.016108,
3.074092e-10,
0.001703913,
2.050672e-06,
0.0003679663,
0.134829,
0.2234903,
0.1820817,
0.09683581,
0.0898627,
0.09575693,
0.05984318,
0.06685179,
0,
0,
0,
0,
0,
4.174154e-10,
2.574277e-05,
3.301587e-07,
1.397965e-07,
2.042243e-06,
3.721416e-07,
1.327866e-07,
0.001029934,
2.273737e-11,
6.028975e-06,
6.559554e-14,
5.652514e-07,
0.01408763,
0.001091676,
0.006696245,
0.0103585,
0.005386349,
0.01955168,
0.02213436,
0.9196283,
0,
0,
0,
0,
0,
1.763536e-05,
1.17883e-06,
0.0004099259,
7.993555e-05,
3.700411e-07,
0.0004408893,
6.678077e-05,
8.024504e-05,
4.478352e-09,
1.006671e-06,
2.057158e-09,
9.650174e-08,
0.001556732,
0.02682356,
0.04442826,
0.02933992,
0.001567226,
0.006478155,
0.007374831,
0.8813332,
0,
0,
0,
0,
0,
0.0004144523,
1.039785e-06,
0.004605021,
0.0007260441,
2.68109e-06,
0.004702264,
0.0005102208,
6.926236e-05,
0,
5.044812e-06,
7.17286e-08,
5.964299e-07,
0.001174199,
0.07041977,
0.07342122,
0.03586202,
0.003391454,
0.009514973,
0.00839785,
0.7867818,
0,
0,
0,
0,
0,
3.548588e-05,
9.585667e-07,
0.0004986898,
7.92971e-05,
6.22401e-07,
0.000481931,
5.683932e-05,
4.879348e-05,
0,
1.18215e-06,
3.070836e-09,
8.94517e-08,
0.0003471597,
0.01273332,
0.01770216,
0.009863246,
0.0008598308,
0.002717402,
0.002524479,
0.9520485,
0,
0,
0,
0,
0,
0.06131317,
4.489733e-08,
0.1835381,
0.01590368,
8.039637e-09,
0.1745312,
0.007721859,
5.097999e-06,
0,
1.726245e-08,
1.629758e-05,
1.507485e-09,
0.0001311194,
0.176683,
0.0739679,
0.01945028,
6.507973e-05,
0.0003404877,
0.0004145621,
0.2859182,
0,
0,
0,
0,
0,
0.001583947,
4.153868e-07,
0.01393945,
0.00238123,
2.853514e-06,
0.01427691,
0.00167699,
3.233813e-05,
0,
5.577381e-06,
5.159354e-07,
6.190836e-07,
0.0007654338,
0.137338,
0.1193377,
0.05422125,
0.00324467,
0.009363989,
0.00880501,
0.6330231,
0,
0,
0,
0,
0,
6.689302e-05,
0.006600553,
0.001237242,
0.0005530452,
0.0004791557,
0.001362596,
0.0006041878,
0.09488918,
1.120497e-09,
0.0009752793,
1.253092e-07,
0.0001631912,
0.5974025,
0.05947758,
0.05759908,
0.03235928,
0.0466504,
0.04767904,
0.02811993,
0.02378071,
0,
0,
0,
0,
0,
3.192994e-06,
2.310378e-06,
0.0001110025,
2.355408e-05,
6.257885e-08,
0.0001242334,
2.177362e-05,
0.0001420733,
0,
2.234193e-07,
3.348637e-10,
1.481153e-08,
0.002757157,
0.01543627,
0.0322641,
0.02474738,
0.0006642212,
0.003903993,
0.005538348,
0.9142601,
0,
0,
0,
0,
0,
0.0001739952,
3.475717e-08,
0.002235722,
0.0003204623,
1.55664e-07,
0.002283104,
0.0002231205,
4.149929e-06,
1.244189e-09,
3.820665e-07,
1.832289e-08,
3.501788e-08,
0.0001350541,
0.04458237,
0.05176409,
0.02619587,
0.0008119044,
0.003542919,
0.003926978,
0.8637996,
0,
0,
0,
0,
0,
0.006898841,
1.328996e-07,
0.04348867,
0.007211037,
2.85666e-06,
0.04394872,
0.004813624,
1.226435e-05,
0,
5.861512e-06,
3.508605e-06,
9.835217e-07,
0.0003718991,
0.2171894,
0.1474971,
0.05839643,
0.003559509,
0.009228926,
0.008073028,
0.4492972,
0,
0,
0,
0,
0,
0.0003742977,
4.292275e-05,
0.00552538,
0.002165991,
0.0001301281,
0.006089998,
0.002195464,
0.001183895,
4.0842e-11,
0.0003104899,
7.009399e-07,
4.594719e-05,
0.016281,
0.1769885,
0.197255,
0.1267313,
0.03649326,
0.06630359,
0.05779139,
0.3040907,
0,
0,
0,
0,
0,
4.862871e-06,
6.911678e-07,
0.0001476565,
3.275907e-05,
1.248724e-06,
0.0001605632,
2.96969e-05,
5.036749e-05,
0,
3.015279e-06,
5.280851e-10,
2.340527e-07,
0.001146165,
0.01763484,
0.03599083,
0.02761943,
0.002598048,
0.009615569,
0.01067161,
0.8942924,
0,
0,
0,
0,
0,
0.0002236452,
1.255179e-07,
0.00286206,
0.0004445236,
1.813579e-07,
0.002947308,
0.0003170878,
1.248642e-05,
0,
4.354144e-07,
3.089187e-08,
2.811189e-08,
0.0003356474,
0.05622902,
0.06375533,
0.03249417,
0.0006999337,
0.00321936,
0.003841596,
0.832617,
0,
0,
0,
0,
0,
5.732197e-05,
4.52121e-08,
0.000824762,
0.0001149611,
2.786211e-06,
0.0008225497,
7.908304e-05,
4.899792e-06,
0,
4.41825e-06,
4.055695e-09,
5.247815e-07,
0.0001093703,
0.02044946,
0.02692465,
0.0141983,
0.002690806,
0.006805366,
0.005325771,
0.9215849,
0,
0,
0,
2059, 
0,
0,
0.0001339444,
9.653389e-05,
0.002355305,
0.0006072427,
6.074517e-06,
0.002646973,
0.0005514225,
0.002930492,
4.720278e-10,
1.553099e-05,
8.051855e-08,
2.196933e-06,
0.03400471,
0.09120353,
0.1151569,
0.07074703,
0.008229329,
0.02308756,
0.02267716,
0.625548,
0,
0,
0,
0,
0,
0.001894035,
2.124654e-06,
0.01669873,
0.002873796,
7.559638e-07,
0.01748985,
0.002059344,
0.0001271001,
0,
1.904225e-06,
7.674274e-07,
2.291745e-07,
0.002518405,
0.1593852,
0.1332186,
0.05976955,
0.002085075,
0.007286819,
0.007630921,
0.5869567,
0,
0,
0,
0,
0,
0.01899569,
3.468715e-05,
0.1125645,
0.02460996,
5.121389e-05,
0.1170001,
0.01813888,
0.001159832,
4.183676e-11,
9.669466e-05,
2.684387e-05,
2.000897e-05,
0.01517742,
0.3819332,
0.1620583,
0.05112661,
0.01481785,
0.01835122,
0.01092776,
0.05290919,
0,
0,
0,
0,
0,
1.98619e-06,
1.452658e-07,
7.545883e-05,
1.436951e-05,
1.268251e-07,
8.678131e-05,
1.27702e-05,
1.440636e-05,
3.819878e-11,
3.710183e-07,
1.937226e-10,
3.664665e-08,
0.0004917404,
0.01070055,
0.0225684,
0.01687432,
0.0009017103,
0.004308974,
0.005218832,
0.938729,
0,
0,
0,
0,
0,
9.296549e-08,
3.334305e-08,
4.301941e-06,
8.642853e-07,
3.219786e-07,
4.769516e-06,
6.57546e-07,
3.709049e-06,
0.02042928,
6.835595e-07,
1.837428e-12,
6.363076e-08,
9.215204e-05,
0.001514958,
0.00489921,
0.004504312,
0.0009155893,
0.003422829,
0.003464235,
0.9607419,
0,
0,
0,
0,
0,
9.288508e-05,
9.509629e-08,
0.001474633,
0.0002192998,
6.926227e-08,
0.001594548,
0.0001610254,
1.042704e-05,
0.02725604,
1.86497e-07,
1.244477e-08,
1.72754e-08,
0.0003555771,
0.03983137,
0.04887481,
0.02579669,
0.0005408104,
0.002727221,
0.00333164,
0.8477327,
0,
0,
0,
0,
0,
0.02163375,
3.238454e-06,
0.08550251,
0.007888364,
2.961773e-08,
0.08329602,
0.004055313,
0.0001966731,
5.493348e-10,
6.040295e-08,
4.346034e-06,
7.295106e-09,
0.002623546,
0.1536963,
0.08107785,
0.02431561,
0.0001691246,
0.0007670257,
0.0008492452,
0.533921,
0,
0,
0,
0,
0,
3.633096e-05,
2.034926e-07,
0.0005737561,
8.07997e-05,
6.783925e-06,
0.000588968,
5.69475e-05,
1.479608e-05,
0,
9.621907e-06,
2.780344e-09,
1.534805e-06,
0.0002315663,
0.01777348,
0.02511487,
0.01401813,
0.00436054,
0.009605804,
0.007044313,
0.9204816,
0,
0,
0,
0,
0,
9.812183e-05,
4.689381e-07,
0.001484006,
0.0002093429,
1.455377e-06,
0.001591527,
0.0001505535,
3.987728e-05,
0,
2.663614e-06,
1.203079e-08,
4.260132e-07,
0.0009242488,
0.03662111,
0.04409207,
0.02265929,
0.002561906,
0.007377533,
0.006364245,
0.8758211,
0,
0,
0,
0,
0,
0.0001310812,
4.242332e-08,
0.00199415,
0.0003947896,
2.222883e-06,
0.002126822,
0.0003148989,
4.941812e-06,
0,
4.844259e-06,
3.253943e-08,
4.989632e-07,
0.000208806,
0.05974463,
0.07534344,
0.04333387,
0.003054888,
0.009796044,
0.01003417,
0.7935098,
0,
0,
0,
0,
0,
0.0001911067,
2.139958e-09,
0.003362125,
0.001213816,
1.780949e-05,
0.003768732,
0.001228184,
1.798117e-07,
0,
5.136296e-05,
2.356492e-07,
5.909362e-06,
7.723771e-06,
0.1483461,
0.1873002,
0.1258724,
0.01509873,
0.040027,
0.04201145,
0.4314969,
0,
0,
0,
0,
0,
0.0007092405,
0.001171124,
0.009612307,
0.00408568,
0.0007921186,
0.01073878,
0.004244295,
0.0175422,
3.074092e-10,
0.001668319,
2.059718e-06,
0.0003675586,
0.1488963,
0.217813,
0.1776108,
0.09480535,
0.08887643,
0.09520932,
0.0598191,
0.06603607,
0,
0,
0,
0,
0,
2.781916e-10,
2.481682e-05,
3.155916e-07,
1.357802e-07,
1.832624e-06,
3.619064e-07,
1.2943e-07,
0.001014355,
2.273737e-11,
5.494329e-06,
6.988572e-14,
5.516263e-07,
0.01538496,
0.001088229,
0.006669379,
0.01035361,
0.005136164,
0.01889017,
0.02163978,
0.9197897,
0,
0,
0,
0,
0,
1.37945e-05,
1.099061e-06,
0.0003451386,
6.723523e-05,
3.470125e-07,
0.0003812333,
5.712433e-05,
7.792145e-05,
4.478352e-09,
9.618941e-07,
1.747681e-09,
1.007936e-07,
0.00173251,
0.02523157,
0.04259904,
0.02854616,
0.001573301,
0.006555469,
0.007513115,
0.8853039,
0,
0,
0,
0,
0,
0.0003103626,
8.642385e-07,
0.003706251,
0.0005775337,
1.876496e-06,
0.003870899,
0.0004105319,
6.250374e-05,
0,
3.683379e-06,
5.454862e-08,
4.90179e-07,
0.00124964,
0.06402773,
0.06880186,
0.03425227,
0.002993448,
0.008794017,
0.007964415,
0.8029715,
0,
0,
0,
0,
0,
1.786645e-05,
5.226843e-07,
0.0002784545,
4.21532e-05,
2.963803e-07,
0.0002756753,
3.015891e-05,
3.011931e-05,
0,
5.809442e-07,
1.386254e-09,
4.729116e-08,
0.0002721141,
0.008654798,
0.01305153,
0.007602681,
0.0005461577,
0.001898914,
0.001871607,
0.9654263,
0,
0,
0,
0,
0,
0.05391812,
4.770859e-08,
0.1672636,
0.01492157,
6.533441e-09,
0.1617596,
0.007390644,
5.435401e-06,
0,
1.439654e-08,
1.559421e-05,
1.285142e-09,
0.0001499951,
0.1782904,
0.07707971,
0.02069748,
5.927612e-05,
0.0003320295,
0.0004225391,
0.3176939,
0,
0,
0,
0,
0,
0.001273456,
4.080887e-07,
0.01188944,
0.002032694,
2.012624e-06,
0.01240517,
0.001451819,
3.264435e-05,
0,
4.111692e-06,
4.317663e-07,
4.932409e-07,
0.0008596926,
0.1299911,
0.1157905,
0.05349643,
0.00287556,
0.008780253,
0.00852191,
0.6505918,
0,
0,
0,
0,
0,
4.797236e-05,
0.006738957,
0.000938728,
0.0004152072,
0.000327407,
0.001046588,
0.0004568079,
0.09743185,
1.120497e-09,
0.0006811558,
8.947973e-08,
0.0001158942,
0.6327221,
0.05180122,
0.05165134,
0.02934277,
0.03750814,
0.04041842,
0.0244942,
0.02386117,
0,
0,
0,
0,
0,
2.81203e-06,
2.414682e-06,
0.0001024457,
2.203001e-05,
5.839722e-08,
0.0001174041,
2.075973e-05,
0.0001495835,
0,
2.137036e-07,
3.413866e-10,
1.616972e-08,
0.003193778,
0.01526626,
0.03209243,
0.02484533,
0.0006649075,
0.00392063,
0.005603316,
0.9139956,
0,
0,
0,
0,
0,
0.0001324036,
3.232259e-08,
0.001862179,
0.0002703131,
1.41947e-07,
0.001963129,
0.0001933207,
4.121357e-06,
1.244189e-09,
3.580718e-07,
1.60005e-08,
3.755087e-08,
0.0001619404,
0.04270044,
0.05072261,
0.02619127,
0.0008027951,
0.003542723,
0.003981845,
0.8674703,
0,
0,
0,
0,
0,
0.005774953,
1.364544e-07,
0.03790962,
0.00632813,
2.788717e-06,
0.03889021,
0.004277744,
1.265555e-05,
0,
5.766155e-06,
3.080881e-06,
9.934524e-07,
0.0004066208,
0.2072619,
0.1446557,
0.05829193,
0.003611729,
0.009483634,
0.008363635,
0.4747187,
0,
0,
0,
0,
0,
0.0003095328,
3.743783e-05,
0.004702333,
0.001838199,
0.0001027372,
0.0052276,
0.001872949,
0.001064035,
4.0842e-11,
0.0002486174,
5.862509e-07,
3.773706e-05,
0.01576745,
0.1640078,
0.190343,
0.1250435,
0.0319818,
0.0614382,
0.05539145,
0.340585,
0,
0,
0,
0,
0,
3.37862e-06,
5.963956e-07,
0.0001127647,
2.479485e-05,
7.387267e-07,
0.0001258166,
2.281468e-05,
4.61234e-05,
0,
1.885504e-06,
3.708873e-10,
1.586196e-07,
0.00119919,
0.01563545,
0.03305708,
0.02592826,
0.002077035,
0.00829644,
0.00961907,
0.9038484,
0,
0,
0,
0,
0,
0.0001721071,
1.156623e-07,
0.00235981,
0.0003656648,
1.005475e-07,
0.002489218,
0.0002649075,
1.207005e-05,
0,
2.613714e-07,
2.523094e-08,
1.878507e-08,
0.000373867,
0.05205754,
0.06052792,
0.03140717,
0.0005683319,
0.002845541,
0.003557548,
0.8429978,
0,
0,
0,
0,
0,
3.650161e-05,
3.099798e-08,
0.0005684957,
7.605576e-05,
1.770997e-06,
0.0005814242,
5.224354e-05,
3.77209e-06,
0,
2.838085e-06,
2.461029e-09,
3.739359e-07,
0.000102068,
0.01624303,
0.02239462,
0.01210797,
0.002066074,
0.00552712,
0.004466259,
0.9357694,
0,
0,
0,
2060, 
0,
0,
0.0001459839,
0.0001057542,
0.002525978,
0.0006635669,
6.378181e-06,
0.002853299,
0.0006079706,
0.003148274,
4.720278e-10,
1.642647e-05,
9.575739e-08,
2.430144e-06,
0.03804003,
0.0958208,
0.1190884,
0.07282308,
0.008453672,
0.023512,
0.02310298,
0.6090829,
0,
0,
0,
0,
0,
0.001655935,
2.250733e-06,
0.01523611,
0.002701964,
7.146146e-07,
0.01620084,
0.001979141,
0.0001336235,
0,
1.862496e-06,
7.490274e-07,
2.371449e-07,
0.002852348,
0.1578,
0.1338319,
0.06089244,
0.002088896,
0.00738907,
0.007833731,
0.5893981,
0,
0,
0,
0,
0,
0.01723799,
3.846092e-05,
0.1042134,
0.02315478,
4.744634e-05,
0.1092864,
0.01728521,
0.001262292,
4.183676e-11,
9.109928e-05,
2.575291e-05,
1.943362e-05,
0.01713807,
0.380482,
0.1681304,
0.05459775,
0.01467214,
0.01897595,
0.01164741,
0.06169406,
0,
0,
0,
0,
0,
2.176706e-06,
1.819526e-07,
8.169054e-05,
1.611712e-05,
1.375257e-07,
9.531825e-05,
1.462727e-05,
1.731858e-05,
3.819878e-11,
4.085582e-07,
2.592439e-10,
4.382123e-08,
0.0006311648,
0.01155267,
0.02397638,
0.01790532,
0.0009570678,
0.00452898,
0.005499542,
0.9347209,
0,
0,
0,
0,
0,
5.969225e-08,
2.070751e-08,
2.781018e-06,
5.900761e-07,
1.961704e-07,
3.187226e-06,
4.181594e-07,
2.620807e-06,
0.01555867,
4.311748e-07,
1.028501e-12,
4.397394e-08,
7.948952e-05,
0.001173839,
0.003995271,
0.003777022,
0.000688778,
0.002732161,
0.002861393,
0.969123,
0,
0,
0,
0,
0,
8.73454e-05,
1.10234e-07,
0.001414827,
0.0002155704,
6.815662e-08,
0.001552223,
0.000161255,
1.177743e-05,
0.02702893,
1.89456e-07,
1.32077e-08,
2.00995e-08,
0.0004268113,
0.04003163,
0.04928134,
0.02620407,
0.0005568425,
0.002800624,
0.003434963,
0.8467914,
0,
0,
0,
0,
0,
0.01787082,
3.681327e-06,
0.07442436,
0.00697093,
2.423781e-08,
0.07375141,
0.003655533,
0.0002207715,
5.493348e-10,
4.985489e-08,
3.8255e-06,
6.171598e-09,
0.003163363,
0.1497194,
0.08138832,
0.02490147,
0.0001482435,
0.0007051905,
0.000812906,
0.5622597,
0,
0,
0,
0,
0,
2.25082e-05,
1.080629e-07,
0.0003957518,
5.377223e-05,
4.013733e-06,
0.0004179091,
3.821699e-05,
9.654785e-06,
0,
5.891105e-06,
1.60711e-09,
1.051376e-06,
0.0002126892,
0.01475013,
0.02195081,
0.01259425,
0.003445625,
0.008158557,
0.006214315,
0.9317247,
0,
0,
0,
0,
0,
8.911578e-05,
4.881343e-07,
0.001396306,
0.0002021555,
1.25394e-06,
0.001526211,
0.0001486076,
4.159347e-05,
0,
2.407859e-06,
1.254162e-08,
4.269304e-07,
0.001065546,
0.03683609,
0.04466327,
0.02320251,
0.002503235,
0.007362685,
0.006465835,
0.8744922,
0,
0,
0,
0,
0,
9.685878e-05,
4.390008e-08,
0.001588703,
0.0003096544,
1.285028e-06,
0.001726844,
0.0002495335,
5.22023e-06,
0,
2.957499e-06,
2.329513e-08,
3.239819e-07,
0.0002430384,
0.05387813,
0.0701546,
0.0410305,
0.002433502,
0.008460683,
0.009041232,
0.8107769,
0,
0,
0,
0,
0,
0.0001634631,
5.661245e-10,
0.002971805,
0.00107064,
1.443702e-05,
0.003358088,
0.001090551,
6.731664e-08,
0,
4.254627e-05,
2.013495e-07,
5.004697e-06,
5.907712e-06,
0.1403191,
0.1810714,
0.1230575,
0.01373856,
0.03775193,
0.04039443,
0.4549443,
0,
0,
0,
0,
0,
0.0006801385,
0.001211737,
0.009256066,
0.003962997,
0.0007653802,
0.01039603,
0.004143135,
0.01818698,
3.074092e-10,
0.001621585,
2.056242e-06,
0.0003639144,
0.1575526,
0.2134861,
0.1749854,
0.09392686,
0.08770776,
0.09488216,
0.06008444,
0.06678458,
0,
0,
0,
0,
0,
2.776627e-10,
2.461575e-05,
3.178967e-07,
1.377939e-07,
1.680223e-06,
3.699482e-07,
1.338266e-07,
0.001015416,
2.273737e-11,
5.117993e-06,
7.903767e-14,
5.430289e-07,
0.0167208,
0.001111434,
0.006760812,
0.01048084,
0.004959216,
0.01844851,
0.02133778,
0.9191323,
0,
0,
0,
0,
0,
1.169487e-05,
1.101079e-06,
0.0003086264,
6.083562e-05,
3.398034e-07,
0.0003482274,
5.270774e-05,
7.913932e-05,
4.478351e-09,
9.564635e-07,
1.654341e-09,
1.080149e-07,
0.001958176,
0.02452987,
0.04188799,
0.02834794,
0.001599038,
0.006680063,
0.007685977,
0.8864472,
0,
0,
0,
0,
0,
0.0002375981,
7.638008e-07,
0.003037877,
0.0004717202,
1.407096e-06,
0.003237778,
0.0003403277,
5.842531e-05,
0,
2.874613e-06,
4.280853e-08,
4.237501e-07,
0.001338375,
0.0589707,
0.06514489,
0.03298413,
0.002719736,
0.008287647,
0.007658578,
0.8155067,
0,
0,
0,
0,
0,
8.568573e-06,
2.716807e-07,
0.0001495534,
2.150658e-05,
1.411781e-07,
0.0001519684,
1.539246e-05,
1.793136e-05,
0,
2.836009e-07,
6.033408e-10,
2.482459e-08,
0.0002124697,
0.005832818,
0.009655762,
0.005901104,
0.0003397764,
0.00131335,
0.001382508,
0.9749966,
0,
0,
0,
0,
0,
0.04712057,
5.008304e-08,
0.151711,
0.01389908,
5.067062e-09,
0.1488862,
0.007020331,
5.729688e-06,
0,
1.157556e-08,
1.46423e-05,
1.0591e-09,
0.0001699421,
0.17893,
0.07977292,
0.02183428,
5.334431e-05,
0.0003217522,
0.0004277638,
0.3498324,
0,
0,
0,
0,
0,
0.001042564,
4.236647e-07,
0.01029656,
0.001773787,
1.457281e-06,
0.01092201,
0.001288486,
3.410383e-05,
0,
3.154591e-06,
3.698701e-07,
4.110096e-07,
0.0009802914,
0.1243687,
0.1132788,
0.05312035,
0.002641138,
0.008448727,
0.008403659,
0.663395,
0,
0,
0,
0,
0,
3.25041e-05,
0.006765157,
0.0006944254,
0.0003023604,
0.0002107818,
0.0007859528,
0.0003361767,
0.09838731,
1.120497e-09,
0.0004526411,
5.843602e-08,
7.749245e-05,
0.6605473,
0.04565535,
0.0471579,
0.02716005,
0.03023023,
0.03473091,
0.02171308,
0.02476036,
0,
0,
0,
0,
0,
2.657927e-06,
2.609225e-06,
9.912148e-05,
2.173038e-05,
5.997431e-08,
0.0001153876,
2.082585e-05,
0.0001603497,
0,
2.21871e-07,
3.637188e-10,
1.823875e-08,
0.003665256,
0.01541247,
0.03243254,
0.02524166,
0.0006880193,
0.004029594,
0.005762611,
0.9123449,
0,
0,
0,
0,
0,
0.0001088401,
3.399619e-08,
0.001643951,
0.0002453936,
1.389074e-07,
0.0017784,
0.0001807646,
4.381735e-06,
1.244189e-09,
3.601097e-07,
1.549125e-08,
4.214814e-08,
0.0001945195,
0.04216937,
0.0508621,
0.02666797,
0.000819712,
0.003626542,
0.004109843,
0.8675876,
0,
0,
0,
0,
0,
0.004816107,
1.380637e-07,
0.03299356,
0.005546237,
2.695108e-06,
0.03430503,
0.003799939,
1.288108e-05,
0,
5.621595e-06,
2.664508e-06,
9.919268e-07,
0.0004389142,
0.1977873,
0.141781,
0.05806193,
0.00363777,
0.009677358,
0.008597596,
0.4985323,
0,
0,
0,
0,
0,
0.0002528082,
3.229777e-05,
0.003965434,
0.001544959,
7.951332e-05,
0.004443488,
0.001583148,
0.0009480052,
4.0842e-11,
0.0001956213,
4.800197e-07,
3.029185e-05,
0.01512766,
0.1513658,
0.1828956,
0.1226848,
0.02783067,
0.05664986,
0.05279469,
0.3775749,
0,
0,
0,
0,
0,
2.44811e-06,
5.361892e-07,
8.893215e-05,
1.951462e-05,
4.60821e-07,
0.000101443,
1.825586e-05,
4.312397e-05,
0,
1.242654e-06,
2.744075e-10,
1.122464e-07,
0.001247639,
0.01408643,
0.03071774,
0.02454105,
0.001707846,
0.007298728,
0.008786741,
0.9113377,
0,
0,
0,
0,
0,
0.0001368889,
1.129509e-07,
0.001998794,
0.0003116959,
6.229931e-08,
0.00215307,
0.0002300463,
1.206609e-05,
0,
1.753101e-07,
2.14839e-08,
1.403353e-08,
0.0004183432,
0.04906194,
0.05829768,
0.03071036,
0.0004902295,
0.0026186,
0.00338895,
0.850171,
0,
0,
0,
0,
0,
2.305535e-05,
2.140651e-08,
0.000391057,
5.032633e-05,
1.078419e-06,
0.000410079,
3.459847e-05,
2.914487e-06,
0,
1.761426e-06,
1.471392e-09,
2.584221e-07,
9.387479e-05,
0.01297208,
0.01873805,
0.01037374,
0.001581031,
0.004500277,
0.003757208,
0.9470686,
0,
0,
0,
2061, 
0,
0,
0.0001573498,
0.0001149515,
0.002686532,
0.0007177916,
6.743623e-06,
0.003046933,
0.0006632524,
0.003360536,
4.720278e-10,
1.745645e-05,
1.111326e-07,
2.687604e-06,
0.04212581,
0.1002602,
0.1228999,
0.07478802,
0.008713591,
0.0240011,
0.02354738,
0.5928897,
0,
0,
0,
0,
0,
0.00147789,
2.414683e-06,
0.0140805,
0.002575145,
7.137488e-07,
0.0151517,
0.001926322,
0.000141425,
0,
1.909687e-06,
7.364103e-07,
2.558168e-07,
0.003210726,
0.1568913,
0.1348318,
0.06210543,
0.002140584,
0.007603319,
0.008116215,
0.5897416,
0,
0,
0,
0,
0,
0.01556226,
4.23608e-05,
0.09606088,
0.02169965,
4.409448e-05,
0.1015314,
0.01641395,
0.001364836,
4.183676e-11,
8.602976e-05,
2.444424e-05,
1.880117e-05,
0.01918497,
0.3780019,
0.1739364,
0.05807982,
0.01453716,
0.01960951,
0.01238493,
0.07141662,
0,
0,
0,
0,
0,
2.481503e-06,
2.34427e-07,
9.102216e-05,
1.856984e-05,
1.541134e-07,
0.0001070833,
1.715283e-05,
2.123578e-05,
3.819878e-11,
4.63403e-07,
3.438046e-10,
5.289186e-08,
0.0008018505,
0.01266621,
0.0258199,
0.0192055,
0.001033885,
0.004830145,
0.005862175,
0.9295219,
0,
0,
0,
0,
0,
4.097161e-08,
1.322641e-08,
1.826803e-06,
4.241371e-07,
1.156668e-07,
2.162071e-06,
2.727223e-07,
1.876651e-06,
0.01187421,
2.676194e-07,
5.91342e-13,
2.962059e-08,
6.762151e-05,
0.0009141085,
0.003263725,
0.003163078,
0.0005156232,
0.002176075,
0.002356176,
0.9756624,
0,
0,
0,
0,
0,
8.362869e-05,
1.283071e-07,
0.001374614,
0.0002147587,
7.478929e-08,
0.001524521,
0.0001635007,
1.333272e-05,
0.02698798,
2.10282e-07,
1.398496e-08,
2.449883e-08,
0.0005072157,
0.04049183,
0.049986,
0.02672863,
0.0005950614,
0.002945745,
0.003596203,
0.8447865,
0,
0,
0,
0,
0,
0.01474172,
4.118212e-06,
0.06475352,
0.006166846,
1.914194e-08,
0.06512018,
0.003302286,
0.0002441536,
5.493348e-10,
3.985391e-08,
3.31977e-06,
5.060564e-09,
0.003737814,
0.1456614,
0.08151771,
0.02541835,
0.0001279679,
0.0006437986,
0.0007754807,
0.5877813,
0,
0,
0,
0,
0,
1.435532e-05,
6.075653e-08,
0.0002808468,
3.722854e-05,
2.466855e-06,
0.0003043794,
2.68359e-05,
6.692963e-06,
0,
3.7723e-06,
9.665436e-10,
7.435276e-07,
0.0002004249,
0.01252844,
0.01955126,
0.01149394,
0.002807888,
0.007101792,
0.005591135,
0.9400477,
0,
0,
0,
0,
0,
8.29027e-05,
5.068594e-07,
0.00132967,
0.0001973233,
1.150551e-06,
0.001471601,
0.0001476792,
4.306556e-05,
0,
2.282848e-06,
1.280136e-08,
4.296937e-07,
0.001191285,
0.03702248,
0.0452173,
0.02369831,
0.002471181,
0.007378389,
0.006564323,
0.8731801,
0,
0,
0,
0,
0,
7.357631e-05,
4.981568e-08,
0.001292744,
0.0002500973,
7.804351e-07,
0.001428415,
0.0002042011,
5.848472e-06,
0,
1.898629e-06,
1.733209e-08,
2.188761e-07,
0.0002904009,
0.04920719,
0.06595089,
0.03913976,
0.001989279,
0.007441035,
0.008254363,
0.8244693,
0,
0,
0,
0,
0,
0.0001385135,
1.694187e-10,
0.00260395,
0.0009361304,
1.16617e-05,
0.002963485,
0.0009601295,
3.310978e-08,
0,
3.513398e-05,
1.691207e-07,
4.199419e-06,
5.477943e-06,
0.1318816,
0.174186,
0.1197092,
0.01249385,
0.03558979,
0.03877268,
0.479708,
0,
0,
0,
0,
0,
0.0006515644,
0.001193041,
0.008914148,
0.003845288,
0.0007341702,
0.01005896,
0.00404725,
0.01800484,
3.074092e-10,
0.001566082,
2.039868e-06,
0.0003573713,
0.1596527,
0.2104513,
0.1742912,
0.0943355,
0.08648378,
0.0949823,
0.06081649,
0.06961194,
0,
0,
0,
0,
0,
3.434102e-10,
2.479844e-05,
3.287067e-07,
1.428111e-07,
1.571044e-06,
3.870943e-07,
1.421088e-07,
0.001024724,
2.273737e-11,
4.857647e-06,
9.022602e-14,
5.378205e-07,
0.01803293,
0.001149341,
0.006920625,
0.01068344,
0.004836047,
0.01816455,
0.02116693,
0.9179887,
0,
0,
0,
0,
0,
1.070588e-05,
1.172053e-06,
0.0002915866,
5.871791e-05,
3.431406e-07,
0.0003340939,
5.190571e-05,
8.352318e-05,
4.478352e-09,
9.779239e-07,
1.709295e-09,
1.17278e-07,
0.002240794,
0.02453273,
0.04209255,
0.02865219,
0.001636004,
0.006824108,
0.007864843,
0.8853236,
0,
0,
0,
0,
0,
0.0001873604,
7.140292e-07,
0.002545841,
0.0003971949,
1.136573e-06,
0.002759926,
0.0002915625,
5.634517e-05,
0,
2.403345e-06,
3.483884e-08,
3.833443e-07,
0.001440277,
0.05502911,
0.06231862,
0.03201923,
0.002537801,
0.007950148,
0.007457702,
0.8250042,
0,
0,
0,
0,
0,
3.812356e-06,
1.308731e-07,
7.662503e-05,
1.037329e-05,
6.083002e-08,
8.015861e-05,
7.455654e-06,
1.023557e-05,
0,
1.25603e-07,
2.395375e-10,
1.184899e-08,
0.0001670754,
0.003948507,
0.007267742,
0.004668698,
0.0002025352,
0.0008970654,
0.001021285,
0.9816381,
0,
0,
0,
0,
0,
0.04093705,
5.207953e-08,
0.1369778,
0.01285838,
3.718426e-09,
0.1361359,
0.006621517,
5.985708e-06,
0,
8.948593e-09,
1.349886e-05,
8.377506e-10,
0.0001911509,
0.1786332,
0.08203522,
0.02285361,
4.770072e-05,
0.0003111695,
0.0004314997,
0.3819463,
0,
0,
0,
0,
0,
0.0008742296,
4.618865e-07,
0.009076767,
0.001586945,
1.14879e-06,
0.009764083,
0.001174978,
3.672434e-05,
0,
2.640768e-06,
3.270019e-07,
3.725303e-07,
0.001131157,
0.1202557,
0.1117114,
0.05307928,
0.002530574,
0.008351943,
0.008441841,
0.6719794,
0,
0,
0,
0,
0,
2.07552e-05,
0.006686836,
0.0005071026,
0.00021607,
0.0001261607,
0.0005844327,
0.0002440065,
0.09785393,
1.120497e-09,
0.000284864,
3.359087e-08,
4.812387e-05,
0.6809175,
0.04104536,
0.0441038,
0.02581381,
0.02470686,
0.0305521,
0.01976586,
0.02652238,
0,
0,
0,
0,
0,
2.618668e-06,
2.856444e-06,
9.862571e-05,
2.20739e-05,
6.453984e-08,
0.0001159587,
2.146261e-05,
0.0001730807,
0,
2.396649e-07,
3.928625e-10,
2.077943e-08,
0.004169738,
0.01575278,
0.03310662,
0.02583616,
0.0007253432,
0.004200217,
0.005986321,
0.9097858,
0,
0,
0,
0,
0,
9.626942e-05,
3.782681e-08,
0.001525722,
0.0002360799,
1.436336e-07,
0.001681489,
0.0001788262,
4.800736e-06,
1.244189e-09,
3.803516e-07,
1.600306e-08,
4.814651e-08,
0.0002307898,
0.04256279,
0.05183559,
0.02748695,
0.0008522915,
0.003754223,
0.004268471,
0.8652851,
0,
0,
0,
0,
0,
0.004006721,
1.374759e-07,
0.02868847,
0.004858972,
2.582013e-06,
0.03018261,
0.003376716,
1.291909e-05,
0,
5.437834e-06,
2.270715e-06,
9.817442e-07,
0.0004674038,
0.1887109,
0.1388574,
0.05771316,
0.003639615,
0.009810246,
0.008775126,
0.5208884,
0,
0,
0,
0,
0,
0.0002039174,
2.758861e-05,
0.003316179,
0.001286925,
6.047689e-05,
0.003743347,
0.001327104,
0.0008387446,
4.0842e-11,
0.0001516213,
3.839805e-07,
2.377618e-05,
0.01442223,
0.1393224,
0.1751949,
0.1198312,
0.02411492,
0.05209122,
0.05012913,
0.4139139,
0,
0,
0,
0,
0,
1.864065e-06,
4.957415e-07,
7.255605e-05,
1.598613e-05,
3.080668e-07,
8.420776e-05,
1.520769e-05,
4.084141e-05,
0,
8.73351e-07,
2.143219e-10,
8.321337e-08,
0.001288203,
0.01287206,
0.02883159,
0.02338816,
0.001444394,
0.00654046,
0.008124924,
0.9172778,
0,
0,
0,
0,
0,
0.000113085,
1.148912e-07,
0.001741422,
0.0002753698,
4.462172e-08,
0.001907971,
0.0002073734,
1.233861e-05,
0,
1.346964e-07,
1.905125e-08,
1.186079e-08,
0.0004674562,
0.04697241,
0.05685052,
0.03032294,
0.0004491085,
0.002503448,
0.003313225,
0.854863,
0,
0,
0,
0,
0,
1.466748e-05,
1.514568e-08,
0.0002714631,
3.380002e-05,
6.486206e-07,
0.0002913561,
2.332524e-05,
2.274971e-06,
0,
1.08824e-06,
8.811386e-10,
1.766444e-07,
8.512605e-05,
0.01047074,
0.01583252,
0.008958122,
0.001221459,
0.003703952,
0.003189416,
0.9558998,
0,
0,
0,
2062, 
0,
0,
0.0001671483,
0.0001237816,
0.002825077,
0.000766526,
7.171016e-06,
0.003215052,
0.000714143,
0.003560145,
4.720278e-10,
1.861779e-05,
1.257269e-07,
2.969972e-06,
0.04622033,
0.1042882,
0.1263904,
0.07656008,
0.009012852,
0.02456665,
0.02402367,
0.5775371,
0,
0,
0,
0,
0,
0.001340494,
2.599792e-06,
0.01314281,
0.002478214,
7.542952e-07,
0.0142753,
0.001891235,
0.000149889,
0,
2.049845e-06,
7.268166e-07,
2.877026e-07,
0.003589493,
0.1564635,
0.1361162,
0.06338433,
0.002242613,
0.00793391,
0.00848209,
0.5885035,
0,
0,
0,
0,
0,
0.0139894,
4.632191e-05,
0.08822141,
0.02027014,
4.108692e-05,
0.09389185,
0.01554204,
0.001465729,
4.183675e-11,
8.141279e-05,
2.298454e-05,
1.813685e-05,
0.02129887,
0.3744715,
0.1793325,
0.06151138,
0.01440489,
0.02023533,
0.01312913,
0.08202583,
0,
0,
0,
0,
0,
2.808042e-06,
2.936083e-07,
0.0001009972,
2.119058e-05,
1.726508e-07,
0.0001194423,
1.986087e-05,
2.555867e-05,
3.819877e-11,
5.238869e-07,
4.338463e-10,
6.241406e-08,
0.0009916802,
0.01385787,
0.02781253,
0.02059605,
0.0011183,
0.005162006,
0.006253447,
0.9239172,
0,
0,
0,
0,
0,
3.046228e-08,
8.821688e-09,
1.231386e-06,
3.240009e-07,
6.692178e-08,
1.502421e-06,
1.845913e-07,
1.377652e-06,
0.009178102,
1.667518e-07,
3.537738e-13,
1.968412e-08,
5.798507e-05,
0.00072442,
0.002711734,
0.002689234,
0.0003905194,
0.001759818,
0.001968537,
0.9805148,
0,
0,
0,
0,
0,
8.115251e-05,
1.502152e-07,
0.00134871,
0.0002161321,
8.668808e-08,
0.001508185,
0.0001673466,
1.515627e-05,
0.02710097,
2.441937e-07,
1.481938e-08,
3.053489e-08,
0.0006009695,
0.04118238,
0.0509591,
0.02736815,
0.0006510008,
0.003149661,
0.00380738,
0.8418432,
0,
0,
0,
0,
0,
0.01217666,
4.527602e-06,
0.05636515,
0.005474163,
1.454304e-08,
0.05739732,
0.002996506,
0.0002657185,
5.493348e-10,
3.086491e-08,
2.85815e-06,
4.004522e-09,
0.004330586,
0.1415945,
0.08153109,
0.0258928,
0.0001097371,
0.0005903115,
0.0007452446,
0.6105228,
0,
0,
0,
0,
0,
9.605739e-06,
3.935821e-08,
0.0002072783,
2.717744e-05,
1.619382e-06,
0.0002295408,
1.996651e-05,
5.101005e-06,
0,
2.589426e-06,
6.182773e-10,
5.494832e-07,
0.0001937215,
0.01090365,
0.01774519,
0.01065207,
0.002368245,
0.006339399,
0.005129328,
0.946165,
0,
0,
0,
0,
0,
7.753987e-05,
5.156033e-07,
0.0012641,
0.0001914547,
1.087771e-06,
0.001410208,
0.0001453032,
4.372964e-05,
0,
2.201645e-06,
1.268387e-08,
4.267209e-07,
0.00128712,
0.03686408,
0.04541767,
0.02398769,
0.002437506,
0.007368199,
0.006620201,
0.8728809,
0,
0,
0,
0,
0,
5.779276e-05,
5.979276e-08,
0.001077435,
0.0002085562,
5.052658e-07,
0.001206456,
0.0001728776,
6.801703e-06,
0,
1.298037e-06,
1.347593e-08,
1.546378e-07,
0.0003518056,
0.0455173,
0.06258914,
0.03761371,
0.001673313,
0.006672851,
0.007642157,
0.8352078,
0,
0,
0,
0,
0,
0.0001163808,
9.782591e-11,
0.002261861,
0.000811509,
9.424101e-06,
0.002590142,
0.0008381622,
2.556299e-08,
0,
2.900417e-05,
1.398657e-07,
3.499031e-06,
5.590141e-06,
0.1230651,
0.1665878,
0.1157837,
0.01134918,
0.03350011,
0.03711338,
0.5059351,
0,
0,
0,
0,
0,
0.0006224821,
0.001128924,
0.008569496,
0.003724534,
0.0006992512,
0.009709592,
0.003947454,
0.0171332,
3.074092e-10,
0.001502825,
2.007811e-06,
0.0003478622,
0.1553675,
0.2082116,
0.1752157,
0.09595119,
0.08520554,
0.09554785,
0.06208134,
0.07503162,
0,
0,
0,
0,
0,
4.253204e-10,
2.506773e-05,
3.415828e-07,
1.484985e-07,
1.49385e-06,
4.059348e-07,
1.512076e-07,
0.001034348,
2.273737e-11,
4.679323e-06,
1.010195e-13,
5.350206e-07,
0.01924372,
0.001190849,
0.007100848,
0.01090507,
0.004750686,
0.01798492,
0.02107241,
0.9166843,
0,
0,
0,
0,
0,
1.041209e-05,
1.303133e-06,
0.0002876899,
5.949482e-05,
3.519456e-07,
0.00033311,
5.361017e-05,
9.076679e-05,
4.478352e-09,
1.01235e-06,
1.873329e-09,
1.26819e-07,
0.002588294,
0.02508412,
0.04303124,
0.0293717,
0.001669479,
0.006933254,
0.007989676,
0.8824943,
0,
0,
0,
0,
0,
0.0001525285,
6.96416e-07,
0.002182039,
0.0003444081,
9.834786e-07,
0.002397613,
0.0002575397,
5.564779e-05,
0,
2.135682e-06,
2.936126e-08,
3.597519e-07,
0.001553872,
0.05195853,
0.06015714,
0.03130197,
0.002420916,
0.007738409,
0.0073377,
0.8321375,
0,
0,
0,
0,
0,
1.552336e-06,
5.879641e-08,
3.794681e-05,
4.772676e-06,
2.290068e-08,
4.101656e-05,
3.477841e-06,
5.740106e-06,
0,
4.916516e-08,
8.40616e-11,
4.969871e-09,
0.0001350863,
0.002750486,
0.005662738,
0.003815488,
0.0001182687,
0.0006224492,
0.0007732377,
0.9860276,
0,
0,
0,
0,
0,
0.03536778,
5.379223e-08,
0.1231431,
0.01182176,
2.58728e-09,
0.1237171,
0.006205778,
6.211869e-06,
0,
6.698239e-09,
1.222446e-05,
6.344771e-10,
0.0002139357,
0.177478,
0.08387907,
0.02375651,
4.274652e-05,
0.0003016842,
0.000434942,
0.4136191,
0,
0,
0,
0,
0,
0.0007513266,
5.198091e-07,
0.008142139,
0.001453008,
1.015051e-06,
0.008859501,
0.001097759,
4.037031e-05,
0,
2.445108e-06,
2.976386e-07,
3.681533e-07,
0.001313423,
0.1173562,
0.1109208,
0.0533186,
0.002516416,
0.008439972,
0.008604284,
0.6771815,
0,
0,
0,
0,
0,
1.277694e-05,
0.006512552,
0.000376598,
0.000156523,
7.071655e-05,
0.0004427854,
0.0001805541,
0.09594767,
1.120497e-09,
0.0001731946,
1.616425e-08,
2.790888e-05,
0.6940497,
0.03791948,
0.04242693,
0.02527965,
0.02082985,
0.0278113,
0.0186334,
0.02914847,
0,
0,
0,
0,
0,
2.633836e-06,
3.141064e-06,
9.958047e-05,
2.274503e-05,
7.072797e-08,
0.0001178586,
2.239999e-05,
0.00018725,
0,
2.629714e-07,
4.254507e-10,
2.371448e-08,
0.004715461,
0.01621351,
0.03400183,
0.02656652,
0.0007718707,
0.004412453,
0.006254904,
0.9066075,
0,
0,
0,
0,
0,
8.993162e-05,
4.261154e-08,
0.001467494,
0.0002357147,
1.57296e-07,
0.001637723,
0.0001829582,
5.290354e-06,
1.244189e-09,
4.22685e-07,
1.704326e-08,
5.668057e-08,
0.0002693723,
0.04355209,
0.05336795,
0.02853893,
0.0009116872,
0.003974532,
0.004514823,
0.8612508,
0,
0,
0,
0,
0,
0.003323779,
1.342027e-07,
0.02489695,
0.004251374,
2.474047e-06,
0.02646332,
0.002998535,
1.272718e-05,
0,
5.26478e-06,
1.90653e-06,
9.684817e-07,
0.0004895055,
0.1797623,
0.1357377,
0.05720163,
0.003648078,
0.009965726,
0.008968962,
0.5422686,
0,
0,
0,
0,
0,
0.0001621973,
2.331259e-05,
0.002748349,
0.001061659,
4.52125e-05,
0.003123583,
0.00110257,
0.000736591,
4.0842e-11,
0.0001158033,
2.988256e-07,
1.822024e-05,
0.01366318,
0.1278615,
0.1672671,
0.1165208,
0.02082809,
0.04779678,
0.04743864,
0.4494862,
0,
0,
0,
0,
0,
1.483859e-06,
4.645582e-07,
6.089969e-05,
1.352736e-05,
2.21048e-07,
7.157766e-05,
1.307437e-05,
3.884975e-05,
0,
6.534183e-07,
1.746712e-10,
6.431061e-08,
0.001316851,
0.01188302,
0.02725136,
0.02239021,
0.001251578,
0.005950727,
0.007585708,
0.9221697,
0,
0,
0,
0,
0,
9.687412e-05,
1.19318e-07,
0.001555919,
0.0002507762,
3.724879e-08,
0.001726896,
0.0001926854,
1.275475e-05,
0,
1.182101e-07,
1.74593e-08,
1.121411e-08,
0.000518906,
0.04551828,
0.05595846,
0.03015443,
0.0004329942,
0.002469328,
0.003307285,
0.8578041,
0,
0,
0,
0,
0,
9.546238e-06,
1.110101e-08,
0.0001919362,
2.333553e-05,
4.014179e-07,
0.0002100795,
1.621256e-05,
1.796728e-06,
0,
6.943499e-07,
5.382468e-10,
1.221212e-07,
7.576928e-05,
0.008552643,
0.01350581,
0.007791324,
0.0009608282,
0.003091524,
0.002735233,
0.9628327,
0,
0,
0,
2063, 
0,
0,
0.0001745708,
0.000131855,
0.002930875,
0.0008065301,
7.634585e-06,
0.003345817,
0.0007575496,
0.003739258,
4.720278e-10,
1.985096e-05,
1.385202e-07,
3.270048e-06,
0.0502631,
0.1076925,
0.1293864,
0.07807237,
0.009336634,
0.0251808,
0.02451576,
0.5636352,
0,
0,
0,
0,
0,
0.001228099,
2.7828e-06,
0.01233879,
0.002395921,
8.201119e-07,
0.01350192,
0.001863264,
0.000158081,
0,
2.248358e-06,
7.163746e-07,
3.28981e-07,
0.003975313,
0.1561919,
0.1374862,
0.06466106,
0.002377203,
0.008340422,
0.008901649,
0.5865732,
0,
0,
0,
0,
0,
0.01253281,
5.032686e-05,
0.08077803,
0.01888585,
3.838072e-05,
0.08649419,
0.01468279,
0.00156449,
4.183676e-11,
7.72085e-05,
2.14406e-05,
1.746731e-05,
0.02347644,
0.3698918,
0.1842013,
0.06483929,
0.01427102,
0.02084162,
0.01387115,
0.09346447,
0,
0,
0,
0,
0,
3.103784e-06,
3.532942e-07,
0.0001101423,
2.364793e-05,
1.899255e-07,
0.0001307765,
2.24419e-05,
2.987132e-05,
3.819878e-11,
5.806565e-07,
5.197482e-10,
7.125642e-08,
0.001190707,
0.01500437,
0.02975613,
0.02195135,
0.001199343,
0.005485516,
0.006633523,
0.9184579,
0,
0,
0,
0,
0,
2.448759e-08,
6.22815e-09,
8.579453e-07,
2.630755e-07,
3.879983e-08,
1.07711e-06,
1.307848e-07,
1.049511e-06,
0.007235407,
1.071221e-07,
2.224123e-13,
1.315564e-08,
5.118439e-05,
0.0005897068,
0.002312876,
0.002342133,
0.0003038592,
0.001462904,
0.001686613,
0.9840118,
0,
0,
0,
0,
0,
7.885938e-05,
1.731563e-07,
0.001323444,
0.0002171764,
1.004239e-07,
0.001489513,
0.000170802,
1.703542e-05,
0.0271635,
2.826903e-07,
1.548405e-08,
3.726937e-08,
0.000702241,
0.04183447,
0.0519297,
0.02799704,
0.0007135959,
0.003375991,
0.004035703,
0.8389503,
0,
0,
0,
0,
0,
0.01010332,
4.890975e-06,
0.04912043,
0.004887705,
1.075492e-08,
0.05055026,
0.002737404,
0.0002845167,
5.493348e-10,
2.347879e-08,
2.471854e-06,
3.067902e-09,
0.004923452,
0.1375478,
0.08146501,
0.02634262,
9.433125e-05,
0.0005475035,
0.0007247992,
0.6306635,
0,
0,
0,
0,
0,
6.830228e-06,
3.026745e-08,
0.0001598602,
2.100807e-05,
1.156942e-06,
0.0001798883,
1.576938e-05,
4.278582e-06,
0,
1.929262e-06,
4.277935e-10,
4.272349e-07,
0.0001913909,
0.009705683,
0.01637954,
0.01000755,
0.002062959,
0.005785706,
0.004785731,
0.9506903,
0,
0,
0,
0,
0,
7.207134e-05,
5.123142e-07,
0.001190403,
0.000183214,
1.030077e-06,
0.001335086,
0.0001406068,
4.347465e-05,
0,
2.112234e-06,
1.22164e-08,
4.153164e-07,
0.00135036,
0.03623277,
0.04511182,
0.0240012,
0.002382621,
0.00729104,
0.006606787,
0.8740545,
0,
0,
0,
0,
0,
4.701567e-05,
7.329221e-08,
0.0009201482,
0.0001794047,
3.524117e-07,
0.001040971,
0.0001511293,
8.03392e-06,
0,
9.519998e-07,
1.095963e-08,
1.148477e-07,
0.0004273078,
0.04262751,
0.05994798,
0.03641484,
0.001449756,
0.006103543,
0.007177515,
0.8435034,
0,
0,
0,
0,
0,
9.697831e-05,
8.551127e-11,
0.001947128,
0.0006972682,
7.62223e-06,
0.00224156,
0.0007252485,
2.391285e-08,
0,
2.393289e-05,
1.14023e-07,
2.895495e-06,
5.709521e-06,
0.1139307,
0.1582653,
0.1112647,
0.01028068,
0.03143132,
0.03537714,
0.5337017,
0,
0,
0,
0,
0,
0.0005914184,
0.001035205,
0.008199206,
0.003589778,
0.0006615215,
0.009323068,
0.00383114,
0.01577853,
3.074092e-10,
0.001432833,
1.955516e-06,
0.0003356904,
0.1459319,
0.2060213,
0.1771635,
0.09851747,
0.08378725,
0.09644073,
0.06380484,
0.08355269,
0,
0,
0,
0,
0,
4.96893e-10,
2.52363e-05,
3.528764e-07,
1.535355e-07,
1.438725e-06,
4.222305e-07,
1.593605e-07,
0.001039224,
2.273737e-11,
4.554478e-06,
1.101342e-13,
5.338796e-07,
0.02030535,
0.001228811,
0.007269183,
0.01110733,
0.004689713,
0.01786613,
0.02101156,
0.9154499,
0,
0,
0,
0,
0,
1.049417e-05,
1.484695e-06,
0.0002913031,
6.194678e-05,
3.655163e-07,
0.0003397459,
5.680889e-05,
0.0001004217,
4.478352e-09,
1.059709e-06,
2.105191e-09,
1.372439e-07,
0.003003591,
0.02599054,
0.04446482,
0.03038195,
0.001709449,
0.007057673,
0.008124084,
0.8784041,
0,
0,
0,
0,
0,
0.0001279838,
6.984757e-07,
0.00190913,
0.0003063163,
8.968565e-07,
0.002119357,
0.0002333607,
5.58723e-05,
0,
1.985613e-06,
2.552356e-08,
3.466521e-07,
0.001678744,
0.04954649,
0.05850891,
0.03078113,
0.00234786,
0.007615714,
0.00727742,
0.8374878,
0,
0,
0,
0,
0,
5.78023e-07,
2.640586e-08,
1.903952e-05,
2.198391e-06,
7.439246e-09,
2.131525e-05,
1.658238e-06,
3.381957e-06,
0,
1.708971e-08,
2.533753e-11,
1.80344e-09,
0.0001153947,
0.002031748,
0.004640894,
0.003257321,
7.144261e-05,
0.0004564743,
0.000616671,
0.9887618,
0,
0,
0,
0,
0,
0.03039265,
5.52797e-08,
0.1102339,
0.0108055,
1.760111e-09,
0.1117802,
0.005781974,
6.413557e-06,
0,
4.983362e-09,
1.087755e-05,
4.669476e-10,
0.0002385185,
0.1755241,
0.08531713,
0.02454588,
3.873817e-05,
0.0002940457,
0.0004386538,
0.4445913,
0,
0,
0,
0,
0,
0.0006600135,
5.931594e-07,
0.007413705,
0.001355215,
9.80812e-07,
0.008140925,
0.001044795,
4.48186e-05,
0,
2.431989e-06,
2.771871e-07,
3.833859e-07,
0.001525556,
0.1153215,
0.1106876,
0.05375929,
0.002560987,
0.008641863,
0.008843783,
0.6799953,
0,
0,
0,
0,
0,
8.334737e-06,
0.006254305,
0.000299057,
0.0001220823,
4.029034e-05,
0.0003578301,
0.0001441238,
0.09283439,
1.120497e-09,
0.0001102831,
6.738174e-09,
1.63878e-05,
0.7005103,
0.03615874,
0.04200723,
0.02549651,
0.01843436,
0.02639018,
0.01826456,
0.03255107,
0,
0,
0,
0,
0,
2.66543e-06,
3.445185e-06,
0.0001009904,
2.351573e-05,
7.753025e-08,
0.0001201148,
2.343476e-05,
0.0002020794,
0,
2.885376e-07,
4.584932e-10,
2.688828e-08,
0.005299547,
0.01672083,
0.03499588,
0.02735763,
0.0008223404,
0.004643707,
0.006544116,
0.9031393,
0,
0,
0,
0,
0,
8.662343e-05,
4.734539e-08,
0.001438768,
0.0002392232,
1.741812e-07,
0.001619263,
0.0001895639,
5.766612e-06,
1.244189e-09,
4.723714e-07,
1.821468e-08,
6.601489e-08,
0.0003080119,
0.04480524,
0.05516202,
0.02969716,
0.0009771215,
0.004208778,
0.0047662,
0.8564955,
0,
0,
0,
0,
0,
0.002762166,
1.287838e-07,
0.02162233,
0.003727224,
2.34507e-06,
0.0231823,
0.00266913,
1.234395e-05,
0,
5.045794e-06,
1.588574e-06,
9.464441e-07,
0.0005054571,
0.1710974,
0.1325082,
0.05657167,
0.003625101,
0.01003896,
0.009088385,
0.5625792,
0,
0,
0,
0,
0,
0.0001269125,
1.943295e-05,
0.002253264,
0.0008657302,
3.308986e-05,
0.002577131,
0.0009061448,
0.0006404605,
4.0842e-11,
8.688434e-05,
2.249421e-07,
1.356379e-05,
0.01282766,
0.1167803,
0.1589164,
0.1126544,
0.01790934,
0.04370437,
0.04468936,
0.4849954,
0,
0,
0,
0,
0,
1.223309e-06,
4.374741e-07,
5.223953e-05,
1.172381e-05,
1.692936e-07,
6.194752e-05,
1.149768e-05,
3.69598e-05,
0,
5.165955e-07,
1.467552e-10,
5.156819e-08,
0.001334522,
0.01105253,
0.02589202,
0.02150752,
0.001106873,
0.00548317,
0.007139647,
0.926307,
0,
0,
0,
0,
0,
8.558446e-05,
1.24966e-07,
0.001419405,
0.0002338258,
3.509574e-08,
0.001590494,
0.0001831302,
1.323923e-05,
0,
1.14621e-07,
1.64075e-08,
1.150008e-08,
0.0005721007,
0.04451765,
0.05547041,
0.03014907,
0.0004334724,
0.002492448,
0.003352702,
0.8594862,
0,
0,
0,
0,
0,
6.444252e-06,
8.445537e-09,
0.0001391182,
1.670163e-05,
2.61833e-07,
0.0001545172,
1.170531e-05,
1.434846e-06,
0,
4.668675e-07,
3.422022e-10,
8.634211e-08,
6.624553e-05,
0.007067964,
0.01162272,
0.006820865,
0.0007711633,
0.002616836,
0.00236915,
0.9683343,
0,
0,
0,
2064, 
0,
0,
0.000178947,
0.0001388181,
0.002994692,
0.0008348973,
8.097582e-06,
0.003428885,
0.0007906036,
0.00389089,
4.720278e-10,
2.107258e-05,
1.485555e-07,
3.575995e-06,
0.05419747,
0.1102721,
0.1317225,
0.07926089,
0.009663404,
0.02580404,
0.02499989,
0.551789,
0,
0,
0,
0,
0,
0.001129322,
2.946104e-06,
0.01160187,
0.002316256,
8.943811e-07,
0.01277486,
0.001833847,
0.00016528,
0,
2.466589e-06,
7.020946e-07,
3.738938e-07,
0.004357026,
0.1557707,
0.1387438,
0.06586581,
0.002524004,
0.008776471,
0.009340392,
0.584793,
0,
0,
0,
0,
0,
0.01120319,
5.442139e-05,
0.07381205,
0.01756781,
3.59718e-05,
0.07946604,
0.01385195,
0.001662281,
4.183676e-11,
7.344035e-05,
1.988912e-05,
1.683241e-05,
0.02574138,
0.3643848,
0.188453,
0.06800313,
0.01413905,
0.02142174,
0.01460131,
0.1054918,
0,
0,
0,
0,
0,
3.342099e-06,
4.097404e-07,
0.0001176611,
2.575744e-05,
2.03971e-07,
0.0001401926,
2.471784e-05,
3.391811e-05,
3.819878e-11,
6.279958e-07,
5.959155e-10,
7.876456e-08,
0.00139203,
0.01602886,
0.03152239,
0.02318882,
0.001269601,
0.005773591,
0.00697502,
0.9135028,
0,
0,
0,
0,
0,
2.103193e-08,
4.726408e-09,
6.226339e-07,
2.257782e-07,
2.322385e-08,
8.03253e-07,
9.785946e-08,
8.427901e-07,
0.005857049,
7.314299e-08,
1.49216e-13,
9.114037e-09,
4.767927e-05,
0.0004979006,
0.002041275,
0.00210511,
0.0002465017,
0.001262644,
0.001494444,
0.9864447,
0,
0,
0,
0,
0,
7.648577e-05,
1.97536e-07,
0.001295919,
0.0002174938,
1.152654e-07,
0.001466537,
0.0001736173,
1.899364e-05,
0.02714449,
3.241357e-07,
1.600149e-08,
4.46653e-08,
0.0008134986,
0.04240992,
0.05285214,
0.02859987,
0.00078011,
0.003615098,
0.004273547,
0.8362616,
0,
0,
0,
0,
0,
0.00842483,
5.184263e-06,
0.04286701,
0.004385137,
7.8068e-09,
0.04451013,
0.002513555,
0.0002995366,
5.493347e-10,
1.772711e-08,
2.149158e-06,
2.284371e-09,
0.005499493,
0.1335366,
0.08133151,
0.02677312,
8.2053e-05,
0.0005165624,
0.0007153079,
0.6485378,
0,
0,
0,
0,
0,
5.137696e-06,
2.601117e-08,
0.0001280288,
1.701385e-05,
8.917833e-07,
0.0001456861,
1.304775e-05,
3.815628e-06,
0,
1.539539e-06,
3.183258e-10,
3.471195e-07,
0.0001915669,
0.008782497,
0.01529878,
0.009491147,
0.001839103,
0.005359487,
0.00451475,
0.9542071,
0,
0,
0,
0,
0,
6.614062e-05,
4.983162e-07,
0.001105993,
0.0001724467,
9.645133e-07,
0.001245468,
0.0001336153,
4.24116e-05,
0,
1.997907e-06,
1.147704e-08,
3.960877e-07,
0.001385591,
0.0351291,
0.04428323,
0.02373577,
0.002300744,
0.007135362,
0.006519104,
0.8767412,
0,
0,
0,
0,
0,
3.934534e-05,
8.653985e-08,
0.0008008463,
0.0001579292,
2.637708e-07,
0.0009131736,
0.0001351917,
9.236712e-06,
0,
7.439776e-07,
9.232821e-09,
8.953489e-08,
0.0005049764,
0.0402621,
0.05777137,
0.03542469,
0.001287937,
0.005673106,
0.006817806,
0.8502011,
0,
0,
0,
0,
0,
8.012437e-05,
8.061701e-11,
0.00166045,
0.0005935415,
6.166962e-06,
0.001920234,
0.0006216884,
2.286352e-08,
0,
1.972221e-05,
9.17349e-08,
2.380463e-06,
5.658671e-06,
0.1045775,
0.1492644,
0.1061737,
0.009270099,
0.02934463,
0.03353612,
0.5629234,
0,
0,
0,
0,
0,
0.0005559057,
0.0009232396,
0.007774165,
0.003425876,
0.0006208217,
0.008867725,
0.00368101,
0.01411849,
3.074092e-10,
0.001355181,
1.870431e-06,
0.000320657,
0.1329056,
0.2031595,
0.1794553,
0.1016601,
0.08214249,
0.09748109,
0.06584398,
0.09570689,
0,
0,
0,
0,
0,
5.414686e-10,
2.515775e-05,
3.600821e-07,
1.570036e-07,
1.396106e-06,
4.329688e-07,
1.65301e-07,
0.001035091,
2.273737e-11,
4.456309e-06,
1.166272e-13,
5.334406e-07,
0.02116893,
0.001257373,
0.007398054,
0.01125636,
0.004639826,
0.0177659,
0.02094303,
0.9145028,
0,
0,
0,
0,
0,
1.077001e-05,
1.711815e-06,
0.0002990524,
6.537022e-05,
3.812076e-07,
0.0003507067,
6.092988e-05,
0.0001122042,
4.478352e-09,
1.113603e-06,
2.386581e-09,
1.481361e-07,
0.003493044,
0.02712844,
0.04623153,
0.03159621,
0.001753145,
0.007193661,
0.008269124,
0.8734325,
0,
0,
0,
0,
0,
0.0001098367,
7.092085e-07,
0.001695366,
0.0002771727,
8.42212e-07,
0.001896957,
0.0002149891,
5.651435e-05,
0,
1.892363e-06,
2.266534e-08,
3.386028e-07,
0.001810628,
0.04754636,
0.05717416,
0.03037837,
0.002298219,
0.007541718,
0.007250265,
0.8417456,
0,
0,
0,
0,
0,
2.194676e-07,
1.472189e-08,
1.082053e-05,
1.168373e-06,
2.518683e-09,
1.247273e-05,
9.356569e-07,
2.333039e-06,
0,
6.416522e-09,
8.152045e-12,
6.627173e-10,
0.0001062772,
0.001628741,
0.00402848,
0.002915614,
4.84402e-05,
0.0003655553,
0.0005266685,
0.9903523,
0,
0,
0,
0,
0,
0.02597274,
5.655994e-08,
0.09822344,
0.009819941,
1.231445e-09,
0.1004149,
0.005356234,
6.592315e-06,
0,
3.814757e-09,
9.518215e-06,
3.458058e-10,
0.0002649619,
0.1728011,
0.0863566,
0.02522515,
3.569497e-05,
0.000288397,
0.0004428173,
0.4747818,
0,
0,
0,
0,
0,
0.0005883062,
6.731626e-07,
0.006812573,
0.001276909,
9.834911e-07,
0.0075363,
0.001003645,
4.959862e-05,
0,
2.480778e-06,
2.610396e-07,
4.026945e-07,
0.001758142,
0.1136486,
0.1106611,
0.05426084,
0.002621642,
0.008870731,
0.0090982,
0.6818086,
0,
0,
0,
0,
0,
6.847623e-06,
0.005935798,
0.0002657921,
0.0001087474,
2.920679e-05,
0.000321023,
0.0001304686,
0.08879997,
1.120497e-09,
8.563136e-05,
4.862506e-09,
1.229247e-05,
0.7014226,
0.035523,
0.04261112,
0.02633302,
0.01725076,
0.02606584,
0.01854182,
0.03655608,
0,
0,
0,
0,
0,
2.691315e-06,
3.754598e-06,
0.0001022131,
2.42388e-05,
8.433193e-08,
0.0001220758,
2.443204e-05,
0.0002169056,
0,
3.142875e-07,
4.898766e-10,
3.016187e-08,
0.005917506,
0.01721626,
0.03598658,
0.02814401,
0.0008729031,
0.004876524,
0.006834239,
0.8996552,
0,
0,
0,
0,
0,
8.426458e-05,
5.128075e-08,
0.001417546,
0.0002429407,
1.852274e-07,
0.001605234,
0.0001959607,
6.162112e-06,
1.244189e-09,
5.051072e-07,
1.921927e-08,
7.259278e-08,
0.0003443188,
0.04602839,
0.05694257,
0.0308399,
0.001011675,
0.004314526,
0.004870254,
0.8520954,
0,
0,
0,
0,
0,
0.002308043,
1.217584e-07,
0.01881614,
0.003280525,
2.198577e-06,
0.0203199,
0.002385513,
1.180683e-05,
0,
4.787431e-06,
1.328192e-06,
9.170877e-07,
0.0005152576,
0.1626846,
0.1291618,
0.05583736,
0.003573645,
0.01003721,
0.009140044,
0.5819188,
0,
0,
0,
0,
0,
9.751281e-05,
1.594219e-05,
0.001824814,
0.0006967495,
2.366008e-05,
0.002099423,
0.0007355105,
0.0005500893,
4.084199e-11,
6.394657e-05,
1.629085e-07,
9.777662e-06,
0.01190584,
0.1059247,
0.1499572,
0.1081262,
0.0153135,
0.03976068,
0.04184783,
0.5210465,
0,
0,
0,
0,
0,
1.028827e-06,
4.095872e-07,
4.531376e-05,
1.027872e-05,
1.361187e-07,
5.407967e-05,
1.021464e-05,
3.491143e-05,
0,
4.246506e-07,
1.250874e-10,
4.248988e-08,
0.001336269,
0.01030033,
0.02462263,
0.02065767,
0.000991749,
0.005089305,
0.006746428,
0.9300988,
0,
0,
0,
0,
0,
7.722408e-05,
1.307583e-07,
0.001313245,
0.0002212856,
3.538833e-08,
0.001482304,
0.0001764382,
1.372017e-05,
0,
1.173174e-07,
1.565629e-08,
1.229756e-08,
0.0006262118,
0.04379129,
0.05522801,
0.0302439,
0.000443514,
0.002550103,
0.003430005,
0.8604025,
0,
0,
0,
0,
0,
4.597376e-06,
6.692912e-09,
0.0001054132,
1.265631e-05,
1.867182e-07,
0.0001183747,
8.985173e-06,
1.171725e-06,
0,
3.429612e-07,
2.326967e-10,
6.519245e-08,
5.883211e-05,
0.006095478,
0.01042303,
0.006215538,
0.000655911,
0.002332796,
0.002152013,
0.9718146,
0,
0,
0,
2065, 
0,
0,
0.000179891,
0.0001443741,
0.003010739,
0.0008495914,
8.520889e-06,
0.003457626,
0.000811152,
0.004009445,
4.720278e-10,
2.219145e-05,
1.55133e-07,
3.872213e-06,
0.05797271,
0.1118714,
0.1332653,
0.08007284,
0.009969753,
0.02639334,
0.02544902,
0.5425081,
0,
0,
0,
0,
0,
0.001037137,
3.086099e-06,
0.01088917,
0.002231857,
9.626192e-07,
0.01205827,
0.001797732,
0.0001713526,
0,
2.66987e-06,
6.826407e-07,
4.165346e-07,
0.004735769,
0.154984,
0.1397377,
0.06694516,
0.002663983,
0.009197883,
0.009765198,
0.5837771,
0,
0,
0,
0,
0,
0.009994989,
5.861437e-05,
0.06731685,
0.01631562,
3.38432e-05,
0.07284116,
0.01304882,
0.001759213,
4.183676e-11,
7.009732e-05,
1.838117e-05,
1.626497e-05,
0.02810507,
0.3579557,
0.1920465,
0.07098432,
0.01401271,
0.0219798,
0.01532172,
0.1181203,
0,
0,
0,
0,
0,
3.510592e-06,
4.607085e-07,
0.0001231513,
2.742162e-05,
2.138331e-07,
0.0001472302,
2.659021e-05,
3.754457e-05,
3.819878e-11,
6.630703e-07,
6.592722e-10,
8.463273e-08,
0.001591038,
0.01688515,
0.03303078,
0.02425605,
0.001324736,
0.006009491,
0.00726094,
0.9092749,
0,
0,
0,
0,
0,
1.89015e-08,
3.880301e-09,
4.703908e-07,
2.023226e-07,
1.441487e-08,
6.244717e-07,
7.743007e-08,
7.227215e-07,
0.004892422,
5.353843e-08,
1.060688e-13,
6.70709e-09,
4.80081e-05,
0.0004398703,
0.001876759,
0.001964898,
0.0002105351,
0.001139207,
0.001377969,
0.9880481,
0,
0,
0,
0,
0,
7.346518e-05,
2.211934e-07,
0.001258032,
0.000215562,
1.293963e-07,
0.00143082,
0.0001745321,
2.087065e-05,
0.02692355,
3.637513e-07,
1.622805e-08,
5.203832e-08,
0.0009299087,
0.04271627,
0.05352591,
0.02908303,
0.0008439114,
0.003844365,
0.004499706,
0.8344593,
0,
0,
0,
0,
0,
0.007044007,
5.392016e-06,
0.03742803,
0.003943235,
5.550352e-09,
0.03917385,
0.002313484,
0.0003101281,
5.493349e-10,
1.333202e-08,
1.873267e-06,
1.65691e-09,
0.006046156,
0.1295702,
0.0811401,
0.02718862,
7.286843e-05,
0.0004977307,
0.0007172319,
0.6645471,
0,
0,
0,
0,
0,
3.999301e-06,
2.343627e-08,
0.0001048606,
1.414402e-05,
7.185457e-07,
0.0001203406,
1.107142e-05,
3.500538e-06,
0,
1.276104e-06,
2.475855e-10,
2.896686e-07,
0.0001929733,
0.008018492,
0.01437887,
0.009046086,
0.001658464,
0.004998268,
0.004279954,
0.9571667,
0,
0,
0,
0,
0,
5.969955e-05,
4.754317e-07,
0.001011343,
0.000159454,
8.884849e-07,
0.001143036,
0.0001246581,
4.067895e-05,
0,
1.857406e-06,
1.053975e-08,
3.704822e-07,
0.001398765,
0.0335999,
0.04296866,
0.0232136,
0.002192538,
0.006903572,
0.006361775,
0.8808187,
0,
0,
0,
0,
0,
3.347893e-05,
9.833749e-08,
0.0007047468,
0.0001408168,
2.074442e-07,
0.0008089155,
0.000122443,
1.031115e-05,
0,
6.07254e-07,
7.940003e-09,
7.253038e-08,
0.000580896,
0.03820097,
0.05584978,
0.03454622,
0.001164863,
0.005332379,
0.006526614,
0.8559766,
0,
0,
0,
0,
0,
6.551402e-05,
7.532273e-11,
0.00140079,
0.0004997901,
4.980394e-06,
0.001626598,
0.0005271342,
2.147138e-08,
0,
1.619769e-05,
7.280001e-08,
1.94492e-06,
5.430737e-06,
0.095103,
0.1396532,
0.1005515,
0.008309237,
0.02722948,
0.03158842,
0.5934167,
0,
0,
0,
0,
0,
0.0005131835,
0.0008013346,
0.007264656,
0.003216536,
0.0005735889,
0.008311412,
0.003478358,
0.01228783,
3.074092e-10,
0.001262305,
1.738491e-06,
0.0003006222,
0.1176513,
0.1991634,
0.181598,
0.1050215,
0.08000047,
0.0983193,
0.06792452,
0.1123099,
0,
0,
0,
0,
0,
5.499385e-10,
2.475384e-05,
3.616833e-07,
1.583532e-07,
1.354217e-06,
4.362815e-07,
1.682521e-07,
0.001019552,
2.273737e-11,
4.35237e-06,
1.199931e-13,
5.311617e-07,
0.02181134,
0.001272323,
0.007466872,
0.01132695,
0.00458277,
0.0176313,
0.02081922,
0.9140376,
0,
0,
0,
0,
0,
1.112194e-05,
1.982303e-06,
0.0003085516,
6.927838e-05,
3.975658e-07,
0.0003635772,
6.557506e-05,
0.0001259065,
4.478352e-09,
1.170558e-06,
2.70549e-09,
1.594524e-07,
0.004064032,
0.02839499,
0.04819053,
0.0329362,
0.001798779,
0.007338215,
0.008425125,
0.8679044,
0,
0,
0,
0,
0,
9.538297e-05,
7.240274e-07,
0.001517461,
0.0002530265,
8.016e-07,
0.00170936,
0.0001997267,
5.73761e-05,
0,
1.824652e-06,
2.034996e-08,
3.332512e-07,
0.001952909,
0.04578962,
0.05602598,
0.03005172,
0.002261661,
0.007497492,
0.007245683,
0.8453389,
0,
0,
0,
0,
0,
9.265454e-08,
1.094327e-08,
7.290642e-06,
7.645521e-07,
1.17689e-09,
8.566355e-06,
6.546396e-07,
1.904385e-06,
0,
3.317543e-09,
3.809872e-12,
3.200891e-10,
0.0001048672,
0.001403224,
0.003666506,
0.002713733,
3.78231e-05,
0.0003185988,
0.0004784841,
0.9912575,
0,
0,
0,
0,
0,
0.02204584,
5.749572e-08,
0.0870009,
0.008864548,
9.082951e-10,
0.08961213,
0.00492858,
6.735002e-06,
0,
3.041356e-09,
8.203824e-06,
2.649465e-10,
0.0002926442,
0.1692044,
0.08694757,
0.02578259,
3.328871e-05,
0.0002834814,
0.000446228,
0.5045428,
0,
0,
0,
0,
0,
0.0005273334,
7.513099e-07,
0.006276153,
0.001205233,
9.861399e-07,
0.006987336,
0.0009646337,
5.425138e-05,
0,
2.516882e-06,
2.458706e-07,
4.165101e-07,
0.002000654,
0.1118823,
0.1105073,
0.05468681,
0.002664773,
0.009046464,
0.009301841,
0.68389,
0,
0,
0,
0,
0,
6.385897e-06,
0.005587996,
0.0002528292,
0.0001044073,
2.567025e-05,
0.0003068462,
0.0001266126,
0.08425751,
1.120497e-09,
7.728358e-05,
4.593649e-09,
1.111487e-05,
0.6986693,
0.03561961,
0.04387424,
0.02755537,
0.01684872,
0.02645687,
0.01922792,
0.04099132,
0,
0,
0,
0,
0,
2.698482e-06,
4.058677e-06,
0.0001028333,
2.481855e-05,
9.0492e-08,
0.0001233053,
2.530161e-05,
0.0002312041,
0,
3.380283e-07,
5.180874e-10,
3.331912e-08,
0.006565364,
0.01765453,
0.03689111,
0.02887072,
0.0009195384,
0.005093224,
0.007105382,
0.8963854,
0,
0,
0,
0,
0,
8.154058e-05,
5.391585e-08,
0.001388061,
0.0002442072,
1.99631e-07,
0.001579964,
0.0002001084,
6.427058e-06,
1.244189e-09,
5.473966e-07,
1.984014e-08,
8.090628e-08,
0.0003758289,
0.04693675,
0.05841583,
0.03182684,
0.001065213,
0.004500209,
0.005061997,
0.8483161,
0,
0,
0,
0,
0,
0.0019343,
1.136206e-07,
0.01638094,
0.002892582,
2.071948e-06,
0.01780409,
0.002136007,
1.115628e-05,
0,
4.563552e-06,
1.114942e-06,
8.918269e-07,
0.0005196939,
0.1544845,
0.1257145,
0.05502277,
0.003527075,
0.01003676,
0.00918656,
0.6003404,
0,
0,
0,
0,
0,
7.361863e-05,
1.290256e-05,
0.00146184,
0.0005542306,
1.654626e-05,
0.001691594,
0.0005905622,
0.0004681732,
4.084199e-11,
4.625268e-05,
1.132986e-07,
6.839411e-06,
0.01097915,
0.09558525,
0.1407821,
0.1032129,
0.01305533,
0.03607379,
0.03904202,
0.5563468,
0,
0,
0,
0,
0,
8.68847e-07,
3.794469e-07,
3.935333e-05,
9.019747e-06,
1.122015e-07,
4.721862e-05,
9.07738e-06,
3.265178e-05,
0,
3.557098e-07,
1.065763e-10,
3.552608e-08,
0.001324258,
0.009586556,
0.02338552,
0.01981067,
0.0008948774,
0.004742143,
0.006386939,
0.9337299,
0,
0,
0,
0,
0,
7.032033e-05,
1.356654e-07,
0.001222089,
0.0002105421,
3.645191e-08,
0.001387989,
0.0001707347,
1.411969e-05,
0,
1.219558e-07,
1.500481e-08,
1.324958e-08,
0.0006795825,
0.04314841,
0.05505065,
0.03036069,
0.0004567968,
0.002619596,
0.003517989,
0.8610902,
0,
0,
0,
0,
0,
3.414355e-06,
5.390783e-09,
8.244725e-05,
9.988406e-06,
1.431607e-07,
9.341126e-05,
7.202067e-06,
9.639914e-07,
0,
2.70345e-07,
1.671101e-10,
5.24019e-08,
5.254729e-05,
0.005401906,
0.009576698,
0.005795305,
0.0005812034,
0.002148981,
0.002011784,
0.9742337,
0,
0,
0,
2066, 
0,
0,
0.000177313,
0.0001453026,
0.002977294,
0.0008496811,
8.863133e-06,
0.003430038,
0.0008180456,
0.004022378,
4.720278e-10,
2.310976e-05,
1.578678e-07,
4.139768e-06,
0.06057458,
0.112441,
0.1339996,
0.08052126,
0.0102351,
0.02691844,
0.02584961,
0.5370041,
0,
0,
0,
0,
0,
0.0009464712,
3.155875e-06,
0.01016643,
0.002136715,
1.016222e-06,
0.011322,
0.001750434,
0.0001741961,
0,
2.83669e-06,
6.568252e-07,
4.531737e-07,
0.005055665,
0.1536194,
0.1403176,
0.06784721,
0.002784546,
0.009574408,
0.01015313,
0.5841436,
0,
0,
0,
0,
0,
0.008897772,
6.292909e-05,
0.06126035,
0.01512331,
3.199513e-05,
0.06662381,
0.01226889,
0.001855682,
4.183676e-11,
6.719694e-05,
1.69616e-05,
1.580665e-05,
0.03058753,
0.3506036,
0.1949605,
0.0737754,
0.0139002,
0.0225275,
0.01603997,
0.1313806,
0,
0,
0,
0,
0,
3.599544e-06,
5.03875e-07,
0.0001262834,
2.855402e-05,
2.18845e-07,
0.0001514962,
2.796697e-05,
4.059611e-05,
3.819878e-11,
6.837781e-07,
7.065883e-10,
8.860749e-08,
0.001782141,
0.01753067,
0.03420699,
0.02510392,
0.001361057,
0.006178168,
0.007475319,
0.9059817,
0,
0,
0,
0,
0,
1.739705e-08,
3.390208e-09,
3.631447e-07,
1.862377e-07,
8.714647e-09,
4.993959e-07,
6.385262e-08,
6.56227e-07,
0.004195501,
4.087308e-08,
7.699061e-14,
5.217572e-09,
5.175718e-05,
0.0004049919,
0.001789151,
0.001896619,
0.0001880704,
0.001068035,
0.00131571,
0.9890883,
0,
0,
0,
0,
0,
6.964506e-05,
2.436016e-07,
0.001207444,
0.0002109962,
1.423439e-07,
0.001380227,
0.000173233,
2.262379e-05,
0.02645757,
4.002742e-07,
1.615742e-08,
5.924064e-08,
0.001050798,
0.04268512,
0.05386842,
0.02940792,
0.0009027063,
0.0040549,
0.004705561,
0.833802,
0,
0,
0,
0,
0,
0.005861156,
5.477914e-06,
0.03254177,
0.003531348,
3.767776e-09,
0.03433314,
0.002120678,
0.0003146176,
5.493349e-10,
9.882133e-09,
1.624128e-06,
1.162081e-09,
0.006523779,
0.1253271,
0.08071864,
0.02753409,
6.625019e-05,
0.0004889371,
0.0007283432,
0.679903,
0,
0,
0,
0,
0,
3.117516e-06,
2.12937e-08,
8.600835e-05,
1.178128e-05,
5.826991e-07,
9.954918e-05,
9.414663e-06,
3.230288e-06,
0,
1.063145e-06,
1.934086e-10,
2.430222e-07,
0.0001947883,
0.007325603,
0.0135189,
0.008624451,
0.001495974,
0.00465879,
0.004055038,
0.9599115,
0,
0,
0,
0,
0,
5.286326e-05,
4.462389e-07,
0.0009088278,
0.0001448008,
8.039513e-07,
0.001031085,
0.0001142451,
3.846661e-05,
0,
1.696675e-06,
9.475142e-09,
3.404724e-07,
0.001398076,
0.03173336,
0.04125714,
0.02248314,
0.002063388,
0.006610179,
0.00614869,
0.8860124,
0,
0,
0,
0,
0,
2.854741e-05,
1.07876e-07,
0.0006209963,
0.0001257558,
1.660135e-07,
0.0007174565,
0.0001110583,
1.118638e-05,
0,
5.037897e-07,
6.855307e-09,
5.993086e-08,
0.0006517589,
0.03625021,
0.05398545,
0.03368331,
0.001062675,
0.005038176,
0.006269209,
0.8614434,
0,
0,
0,
0,
0,
5.272927e-05,
6.8699e-11,
0.001165402,
0.0004148174,
3.986266e-06,
0.001358993,
0.0004406077,
1.966344e-08,
0,
1.318083e-05,
5.66742e-08,
1.574917e-06,
5.063786e-06,
0.08562879,
0.1295777,
0.09450184,
0.007391217,
0.02508851,
0.02954985,
0.6248057,
0,
0,
0,
0,
0,
0.0004648939,
0.0006759573,
0.006680141,
0.002966939,
0.0005208857,
0.007665718,
0.003227951,
0.01039599,
3.074092e-10,
0.001155913,
1.575477e-06,
0.0002765024,
0.1013575,
0.1936754,
0.1830485,
0.1082254,
0.0772135,
0.09864875,
0.06979573,
0.1340026,
0,
0,
0,
0,
0,
5.207469e-10,
2.398766e-05,
3.572452e-07,
1.574302e-07,
1.306438e-06,
4.316367e-07,
1.679774e-07,
0.0009912829,
2.273737e-11,
4.224856e-06,
1.202579e-13,
5.259669e-07,
0.02222105,
0.001271497,
0.00746328,
0.01130297,
0.004507699,
0.01742908,
0.02060935,
0.9141726,
0,
0,
0,
0,
0,
1.149309e-05,
2.302651e-06,
0.0003185594,
7.345399e-05,
4.149079e-07,
0.0003771154,
7.058823e-05,
0.0001416758,
4.478352e-09,
1.231868e-06,
3.063787e-09,
1.718674e-07,
0.004733013,
0.02973237,
0.05025515,
0.03435303,
0.001846469,
0.007489849,
0.008590877,
0.8620023,
0,
0,
0,
0,
0,
8.273048e-05,
7.370982e-07,
0.001356986,
0.000230825,
7.635433e-07,
0.001538939,
0.0001854325,
5.81164e-05,
0,
1.760657e-06,
1.825321e-08,
3.281679e-07,
0.002101472,
0.04408041,
0.05488839,
0.0297262,
0.002226468,
0.007455638,
0.007243178,
0.8488216,
0,
0,
0,
0,
0,
3.239152e-08,
9.303015e-09,
5.377957e-06,
5.558721e-07,
6.776615e-10,
6.430008e-06,
5.094851e-07,
1.694716e-06,
0,
2.106002e-09,
2.259085e-12,
1.963796e-10,
0.0001081178,
0.001258481,
0.003429455,
0.002586018,
3.224227e-05,
0.0002923619,
0.0004517272,
0.991827,
0,
0,
0,
0,
0,
0.01854117,
5.782166e-08,
0.07642673,
0.00793231,
7.086138e-10,
0.07931634,
0.0044953,
6.815674e-06,
0,
2.514822e-09,
6.987641e-06,
2.143999e-10,
0.0003201777,
0.1645359,
0.08698642,
0.02619024,
3.11617e-05,
0.0002777234,
0.0004472212,
0.5344855,
0,
0,
0,
0,
0,
0.000470883,
8.205311e-07,
0.005757579,
0.001130977,
9.750638e-07,
0.006449573,
0.0009208241,
5.838344e-05,
0,
2.514361e-06,
2.295421e-07,
4.221438e-07,
0.002242707,
0.1096281,
0.1099151,
0.05490602,
0.002682747,
0.009162599,
0.009459116,
0.6872104,
0,
0,
0,
0,
0,
6.180134e-06,
0.005234211,
0.0002462807,
0.0001027145,
2.426596e-05,
0.0003000086,
0.0001256502,
0.07956996,
1.120497e-09,
7.393162e-05,
4.597303e-09,
1.079512e-05,
0.694403,
0.03600872,
0.04537762,
0.02890966,
0.01678823,
0.02714475,
0.02006953,
0.04560448,
0,
0,
0,
0,
0,
2.685767e-06,
4.366085e-06,
0.0001027964,
2.525412e-05,
9.551798e-08,
0.0001237705,
2.604949e-05,
0.0002452805,
0,
3.580308e-07,
5.443799e-10,
3.616681e-08,
0.007259938,
0.01802744,
0.03768645,
0.02952253,
0.0009582398,
0.005273967,
0.007333061,
0.8934076,
0,
0,
0,
0,
0,
7.778316e-05,
5.505141e-08,
0.00134144,
0.0002415283,
2.08079e-07,
0.001534417,
0.0002008135,
6.539314e-06,
1.244189e-09,
5.733702e-07,
1.996366e-08,
8.674682e-08,
0.000400965,
0.04733949,
0.0593808,
0.03256182,
0.001094782,
0.0045954,
0.005156034,
0.8460672,
0,
0,
0,
0,
0,
0.001615789,
1.043172e-07,
0.0142174,
0.002543571,
1.955116e-06,
0.01555282,
0.001907665,
1.039127e-05,
0,
4.355408e-06,
9.337409e-07,
8.69395e-07,
0.0005181376,
0.14637,
0.1221147,
0.05411918,
0.00348218,
0.0100334,
0.009226973,
0.6182796,
0,
0,
0,
0,
0,
5.471394e-05,
1.034231e-05,
0.001160546,
0.0004366024,
1.136645e-05,
0.00135144,
0.000470019,
0.0003965129,
4.0842e-11,
3.302105e-05,
7.626086e-08,
4.698656e-06,
0.01012575,
0.08597391,
0.1317447,
0.0981869,
0.01113303,
0.03272782,
0.03638778,
0.5897907,
0,
0,
0,
0,
0,
7.254277e-07,
3.455601e-07,
3.38641e-05,
7.839109e-06,
9.260442e-08,
4.085819e-05,
7.991818e-06,
3.008364e-05,
0,
2.976395e-07,
8.950197e-11,
2.971501e-08,
0.001296375,
0.008873777,
0.02211592,
0.01892523,
0.0008076529,
0.004417203,
0.006040236,
0.9374015,
0,
0,
0,
0,
0,
6.388224e-05,
1.388402e-07,
0.001134511,
0.0001996853,
3.724482e-08,
0.001296389,
0.0001646194,
1.436759e-05,
0,
1.256165e-07,
1.430627e-08,
1.405964e-08,
0.0007300386,
0.04241155,
0.05475919,
0.03041682,
0.0004679108,
0.00267989,
0.003595741,
0.8620651,
0,
0,
0,
0,
0,
2.545507e-06,
4.282048e-09,
6.502205e-05,
7.98238e-06,
1.130581e-07,
7.440917e-05,
5.862541e-06,
7.849148e-07,
0,
2.200151e-07,
1.208551e-10,
4.389919e-08,
4.715004e-05,
0.004864555,
0.008931094,
0.005482791,
0.0005283027,
0.002021131,
0.001915896,
0.9760521,
0,
0,
0,
2067, 
0,
0,
0.000171303,
0.0001396637,
0.0028952,
0.0008347585,
9.088246e-06,
0.00334654,
0.0008104818,
0.003877234,
4.720278e-10,
2.373825e-05,
1.56432e-07,
4.355982e-06,
0.06090314,
0.1119852,
0.1339789,
0.08065043,
0.01044627,
0.02736971,
0.02620293,
0.5363509,
0,
0,
0,
0,
0,
0.0008581473,
3.127932e-06,
0.009438564,
0.002031349,
1.048512e-06,
0.01057087,
0.001691703,
0.000172502,
0,
2.948453e-06,
6.248212e-07,
4.798413e-07,
0.005263748,
0.1516302,
0.1404381,
0.06854855,
0.002874973,
0.009880484,
0.01048377,
0.5861089,
0,
0,
0,
0,
0,
0.007905113,
6.740437e-05,
0.05563349,
0.01399171,
3.045457e-05,
0.06081016,
0.01151389,
0.001952327,
4.183676e-11,
6.480511e-05,
1.562869e-05,
1.548151e-05,
0.0332011,
0.3423961,
0.1971773,
0.07635511,
0.01381411,
0.02307911,
0.01676208,
0.1452146,
0,
0,
0,
0,
0,
3.610459e-06,
5.379237e-07,
0.0001270767,
2.914027e-05,
2.192661e-07,
0.0001529883,
2.882127e-05,
4.299363e-05,
3.819878e-11,
6.905858e-07,
7.364889e-10,
9.069928e-08,
0.00196121,
0.01795747,
0.03503928,
0.02572492,
0.001378832,
0.006279757,
0.007617692,
0.9036547,
0,
0,
0,
0,
0,
1.635645e-08,
3.109648e-09,
2.883494e-07,
1.753712e-07,
5.174452e-09,
4.126864e-07,
5.500768e-08,
6.199439e-07,
0.003685168,
3.300281e-08,
5.8182e-14,
4.347816e-09,
5.711382e-05,
0.0003846399,
0.001747788,
0.001870969,
0.0001743216,
0.001028924,
0.001285964,
0.9897635,
0,
0,
0,
0,
0,
6.50259e-05,
2.624195e-07,
0.001143446,
0.0002034653,
1.529007e-07,
0.001313665,
0.0001693206,
2.408912e-05,
0.02570911,
4.303693e-07,
1.573865e-08,
6.566162e-08,
0.001169107,
0.04224042,
0.05379053,
0.02952607,
0.00095233,
0.004233172,
0.004878023,
0.8345813,
0,
0,
0,
0,
0,
0.004850412,
5.423929e-06,
0.02816244,
0.003147493,
2.466717e-09,
0.02995222,
0.001934598,
0.0003120507,
5.493348e-10,
7.313624e-09,
1.399015e-06,
7.993617e-10,
0.00689047,
0.1207815,
0.0800274,
0.02778828,
6.122389e-05,
0.0004839349,
0.000741218,
0.6948599,
0,
0,
0,
0,
0,
2.43758e-06,
1.944299e-08,
7.070495e-05,
9.838894e-06,
4.759952e-07,
8.252936e-05,
8.026564e-06,
2.990907e-06,
0,
8.90565e-07,
1.521114e-10,
2.050294e-07,
0.0001968006,
0.006696165,
0.01271271,
0.008223499,
0.00134958,
0.004339506,
0.003839388,
0.9624642,
0,
0,
0,
0,
0,
4.594984e-05,
4.148003e-07,
0.0008037927,
0.0001294172,
7.168031e-07,
0.0009157226,
0.0001031311,
3.609121e-05,
0,
1.528537e-06,
8.351818e-09,
3.087895e-07,
0.001395426,
0.0296942,
0.0393379,
0.02164391,
0.00192616,
0.006291308,
0.005911295,
0.8917627,
0,
0,
0,
0,
0,
2.438799e-05,
1.148512e-07,
0.0005477108,
0.0001124243,
1.356487e-07,
0.0006368701,
0.0001008187,
1.183443e-05,
0,
4.254569e-07,
5.938831e-09,
5.061183e-08,
0.0007154482,
0.03438917,
0.05215942,
0.03282611,
0.0009768216,
0.004779631,
0.006036793,
0.8666818,
0,
0,
0,
0,
0,
4.177762e-05,
6.12416e-11,
0.0009567303,
0.0003395539,
3.169404e-06,
0.001120606,
0.0003633072,
1.759571e-08,
0,
1.06489e-05,
4.325579e-08,
1.267065e-06,
4.60805e-06,
0.07644706,
0.1194086,
0.08826217,
0.006535243,
0.02298734,
0.02749171,
0.6560261,
0,
0,
0,
0,
0,
0.0004137099,
0.00055265,
0.006045193,
0.002690149,
0.0004657011,
0.006958031,
0.002943793,
0.008536298,
3.074092e-10,
0.001042056,
1.397435e-06,
0.0002500244,
0.08499321,
0.1865339,
0.1833251,
0.1109045,
0.07380252,
0.0982959,
0.07127316,
0.1609726,
0,
0,
0,
0,
0,
4.585463e-10,
2.290894e-05,
3.474076e-07,
1.54455e-07,
1.253631e-06,
4.198273e-07,
1.64749e-07,
0.0009518351,
2.273737e-11,
4.076619e-06,
1.177516e-13,
5.180914e-07,
0.02240373,
0.001255808,
0.007390817,
0.01118895,
0.004416065,
0.01716362,
0.02031848,
0.9148809,
0,
0,
0,
0,
0,
1.187463e-05,
2.677204e-06,
0.0003288706,
7.7862e-05,
4.348167e-07,
0.0003910895,
7.59492e-05,
0.0001595882,
4.478352e-09,
1.301883e-06,
3.463624e-09,
1.862652e-07,
0.005509861,
0.03113027,
0.05241087,
0.03583813,
0.001899203,
0.00765556,
0.008771089,
0.8557352,
0,
0,
0,
0,
0,
7.168967e-05,
7.479507e-07,
0.001212596,
0.0002104578,
7.279197e-07,
0.001384504,
0.0001720747,
5.870551e-05,
0,
1.700525e-06,
1.636072e-08,
3.235137e-07,
0.002255427,
0.04242045,
0.05376351,
0.02940265,
0.00219318,
0.007417773,
0.007244026,
0.8521894,
0,
0,
0,
0,
0,
4.156639e-10,
8.631929e-09,
4.247616e-06,
4.374847e-07,
4.809522e-10,
5.158215e-06,
4.277635e-07,
1.599383e-06,
0,
1.607955e-09,
1.605855e-12,
1.502167e-10,
0.0001149788,
0.001163756,
0.003277894,
0.002511498,
2.930312e-05,
0.0002783331,
0.0004384325,
0.9921739,
0,
0,
0,
0,
0,
0.01544183,
5.733041e-08,
0.06653342,
0.007029584,
5.742438e-10,
0.06957134,
0.004059606,
6.812076e-06,
0,
2.12478e-09,
5.87848e-06,
1.794047e-10,
0.0003458341,
0.1587017,
0.08637322,
0.02640889,
2.907661e-05,
0.0002699994,
0.0004443347,
0.5647784,
0,
0,
0,
0,
0,
0.0004184885,
8.787299e-07,
0.005254281,
0.00105396,
9.483539e-07,
0.00592069,
0.0008720469,
6.18817e-05,
0,
2.468689e-06,
2.121744e-07,
4.190084e-07,
0.002479897,
0.1068287,
0.1088191,
0.05488335,
0.002669161,
0.009195942,
0.009545392,
0.6919922,
0,
0,
0,
0,
0,
6.044735e-06,
0.004891844,
0.0002417067,
0.0001017847,
2.35654e-05,
0.000295419,
0.0001255112,
0.07498883,
1.120497e-09,
7.230147e-05,
4.656324e-09,
1.074951e-05,
0.6897793,
0.03646464,
0.04688181,
0.03024271,
0.01686027,
0.02791551,
0.02093364,
0.05016439,
0,
0,
0,
0,
0,
2.658131e-06,
4.584616e-06,
0.0001022678,
2.558798e-05,
9.903415e-08,
0.0001236677,
2.671962e-05,
0.0002550507,
0,
3.729925e-07,
5.701576e-10,
3.851215e-08,
0.007887052,
0.01835534,
0.03840806,
0.03012506,
0.0009869408,
0.005411037,
0.007509713,
0.8907757,
0,
0,
0,
0,
0,
7.302705e-05,
5.47413e-08,
0.001277525,
0.0002347815,
2.160846e-07,
0.001468248,
0.0001978744,
6.502178e-06,
1.244189e-09,
5.988358e-07,
1.958785e-08,
9.274986e-08,
0.0004188644,
0.04717173,
0.05975119,
0.03299546,
0.001130823,
0.004728767,
0.005297115,
0.8452471,
0,
0,
0,
0,
0,
0.001345135,
9.415921e-08,
0.01229937,
0.002229916,
1.848942e-06,
0.01354228,
0.001698741,
9.529764e-06,
0,
4.164048e-06,
7.799477e-07,
8.498625e-07,
0.0005092375,
0.1383365,
0.1183562,
0.05312112,
0.003438843,
0.01002565,
0.009259386,
0.6358203,
0,
0,
0,
0,
0,
4.032052e-05,
8.262723e-06,
0.000917442,
0.0003425165,
7.789143e-06,
0.001075571,
0.0003728699,
0.0003352971,
4.0842e-11,
2.357928e-05,
5.03778e-08,
3.225384e-06,
0.009351471,
0.07725447,
0.123117,
0.09324292,
0.009540317,
0.02977855,
0.03395991,
0.6206285,
0,
0,
0,
0,
0,
5.991663e-07,
3.092879e-07,
2.890775e-05,
6.757381e-06,
7.682918e-08,
3.508211e-05,
6.982681e-06,
2.729928e-05,
0,
2.496979e-07,
7.413687e-11,
2.497721e-08,
0.001253753,
0.008184275,
0.02086166,
0.01803937,
0.0007312715,
0.004123335,
0.005718784,
0.9409813,
0,
0,
0,
0,
0,
5.790371e-05,
1.405873e-07,
0.001050898,
0.0001888678,
3.75919e-08,
0.001208084,
0.0001582408,
1.449e-05,
0,
1.277798e-07,
1.35805e-08,
1.465026e-08,
0.0007783917,
0.04160415,
0.05437825,
0.03042518,
0.0004756166,
0.002726306,
0.003659152,
0.8632742,
0,
0,
0,
0,
0,
1.927706e-06,
3.372008e-09,
5.227806e-05,
6.544653e-06,
9.415172e-08,
6.050196e-05,
4.915465e-06,
6.37255e-07,
0,
1.889798e-07,
8.987568e-11,
3.928098e-08,
4.323386e-05,
0.004484457,
0.008500677,
0.005289536,
0.0004973219,
0.001953341,
0.001869137,
0.9772351,
0,
0,
0,
2068, 
0,
0,
0.0001622932,
0.0001287925,
0.002769246,
0.0008058628,
9.186905e-06,
0.00321208,
0.0007891023,
0.003591159,
4.720278e-10,
2.405062e-05,
1.511434e-07,
4.512424e-06,
0.05863494,
0.1105208,
0.1332079,
0.08046054,
0.01059668,
0.02773685,
0.0265023,
0.5408436,
0,
0,
0,
0,
0,
0.000773081,
3.000023e-06,
0.008712783,
0.00191736,
1.055246e-06,
0.009812676,
0.001622421,
0.0001659601,
0,
2.992267e-06,
5.875886e-07,
4.936443e-07,
0.005324635,
0.1490124,
0.1400797,
0.06903682,
0.002925898,
0.01009188,
0.0107373,
0.589779,
0,
0,
0,
0,
0,
0.007007507,
7.201264e-05,
0.05040693,
0.01291656,
2.924565e-05,
0.05537437,
0.01078157,
0.002048217,
4.183676e-11,
6.298196e-05,
1.437321e-05,
1.53147e-05,
0.03593245,
0.3333614,
0.1986902,
0.07871417,
0.01376742,
0.02365358,
0.01749914,
0.1596525,
0,
0,
0,
0,
0,
3.554721e-06,
5.635354e-07,
0.0001258448,
2.924284e-05,
2.159969e-07,
0.0001520601,
2.920536e-05,
4.478599e-05,
3.819878e-11,
6.860012e-07,
7.507621e-10,
9.123167e-08,
0.00212914,
0.01818686,
0.03556083,
0.02614117,
0.001380984,
0.006323915,
0.007697718,
0.9021931,
0,
0,
0,
0,
0,
1.567506e-08,
2.98981e-09,
2.393466e-07,
1.686626e-07,
3.127297e-09,
3.566011e-07,
4.997012e-08,
6.068876e-07,
0.003325843,
2.853277e-08,
4.722329e-14,
3.914021e-09,
6.375901e-05,
0.0003762331,
0.001744463,
0.001880353,
0.000167266,
0.001015025,
0.0012821,
0.9901435,
0,
0,
0,
0,
0,
5.989354e-05,
2.779808e-07,
0.001069975,
0.0001936561,
1.614658e-07,
0.001235493,
0.0001633101,
2.529297e-05,
0.02473559,
4.55072e-07,
1.504943e-08,
7.147263e-08,
0.001285646,
0.04144623,
0.05334797,
0.02946294,
0.00099406,
0.004383309,
0.00502113,
0.8365745,
0,
0,
0,
0,
0,
0.00398815,
5.230541e-06,
0.02423721,
0.002788572,
1.705045e-09,
0.02598564,
0.00175384,
0.0003022889,
5.493348e-10,
5.755769e-09,
1.195284e-06,
5.90611e-10,
0.007113964,
0.1158471,
0.07899079,
0.02791834,
5.809723e-05,
0.0004835259,
0.0007560989,
0.7097699,
0,
0,
0,
0,
0,
1.911125e-06,
1.779225e-08,
5.822966e-05,
8.232811e-06,
3.912142e-07,
6.853558e-05,
6.855863e-06,
2.773084e-06,
0,
7.492678e-07,
1.203611e-10,
1.737377e-07,
0.0001988851,
0.006121412,
0.01195303,
0.007840108,
0.001217601,
0.004040201,
0.003633507,
0.9648474,
0,
0,
0,
0,
0,
3.920779e-05,
3.845508e-07,
0.0007005901,
0.0001140628,
6.315631e-07,
0.0008019605,
9.194206e-05,
3.38225e-05,
0,
1.363087e-06,
7.220719e-09,
2.776293e-07,
0.001403081,
0.02763119,
0.03738658,
0.02078883,
0.001791772,
0.005978643,
0.005677667,
0.897558,
0,
0,
0,
0,
0,
2.085753e-05,
1.192529e-07,
0.0004832076,
0.0001005369,
1.131496e-07,
0.000565437,
9.153306e-05,
1.225306e-05,
0,
3.653514e-07,
5.155539e-09,
4.36216e-08,
0.0007711956,
0.03260298,
0.05036075,
0.03196969,
0.0009034585,
0.004548125,
0.005822804,
0.8717465,
0,
0,
0,
0,
0,
3.258262e-05,
5.344509e-11,
0.0007755178,
0.0002742856,
2.508194e-06,
0.0009126508,
0.0002957447,
1.541054e-08,
0,
8.557045e-06,
3.233536e-08,
1.014996e-06,
4.10514e-06,
0.06779544,
0.1094866,
0.08206321,
0.00575403,
0.02098171,
0.02547996,
0.6861321,
0,
0,
0,
0,
0,
0.0003615989,
0.0004363846,
0.00538091,
0.002396955,
0.0004099415,
0.006212188,
0.002637622,
0.006786533,
3.074092e-10,
0.0009248331,
1.214206e-06,
0.0002223267,
0.06930771,
0.1776782,
0.1820338,
0.1127301,
0.0697808,
0.09709149,
0.07217293,
0.1934345,
0,
0,
0,
0,
0,
3.72799e-10,
2.162948e-05,
3.336593e-07,
1.499882e-07,
1.200746e-06,
4.028028e-07,
1.593587e-07,
0.000905129,
2.273737e-11,
3.923558e-06,
1.132745e-13,
5.099027e-07,
0.02243282,
0.00122896,
0.007266292,
0.01100698,
0.004319271,
0.01686993,
0.01998319,
0.9159591,
0,
0,
0,
0,
0,
1.228293e-05,
3.105271e-06,
0.0003398212,
8.259677e-05,
4.591054e-07,
0.0004059095,
8.17619e-05,
0.0001794902,
4.478352e-09,
1.385485e-06,
3.919152e-09,
2.037397e-07,
0.006397915,
0.03260134,
0.0546646,
0.03739018,
0.001959712,
0.007840182,
0.008967271,
0.8490718,
0,
0,
0,
0,
0,
6.201129e-05,
7.538079e-07,
0.001081683,
0.0001915269,
6.933924e-07,
0.001243342,
0.0001593526,
5.896997e-05,
0,
1.641117e-06,
1.462756e-08,
3.186595e-07,
0.002407547,
0.04076163,
0.05259752,
0.02905217,
0.002159215,
0.00737651,
0.007241258,
0.8556038,
0,
0,
0,
0,
0,
0,
8.419571e-09,
3.516465e-06,
3.634682e-07,
3.936515e-10,
4.330827e-06,
3.774236e-07,
1.563772e-06,
0,
1.38008e-09,
1.280326e-12,
1.313643e-10,
0.0001245295,
0.001099555,
0.003182074,
0.002472786,
2.765e-05,
0.0002707466,
0.0004326578,
0.9923798,
0,
0,
0,
0,
0,
0.01273184,
5.595056e-08,
0.05736382,
0.006165231,
4.727335e-10,
0.06043415,
0.00362688,
6.713639e-06,
0,
1.806878e-09,
4.885703e-06,
1.518805e-10,
0.0003681006,
0.1516697,
0.08502837,
0.02640357,
2.692709e-05,
0.0002599456,
0.0004370325,
0.5954728,
0,
0,
0,
0,
0,
0.0003697552,
9.105003e-07,
0.004764486,
0.0009742136,
9.068331e-07,
0.00539927,
0.0008183365,
6.385097e-05,
0,
2.381973e-06,
1.939433e-07,
4.076521e-07,
0.00267502,
0.1034358,
0.1071563,
0.0545836,
0.002623756,
0.009142761,
0.009555309,
0.6984327,
0,
0,
0,
0,
0,
5.91631e-06,
0.004569483,
0.0002373152,
0.0001008753,
2.304725e-05,
0.0002909936,
0.0001253597,
0.07064375,
1.120497e-09,
7.110199e-05,
4.713004e-09,
1.076514e-05,
0.6854057,
0.03686954,
0.04826463,
0.03148013,
0.01694343,
0.02863362,
0.0217358,
0.05458853,
0,
0,
0,
0,
0,
2.615679e-06,
4.637854e-06,
0.0001012529,
2.581343e-05,
1.010045e-07,
0.0001229955,
2.73011e-05,
0.0002570243,
0,
3.829627e-07,
5.947649e-10,
4.02929e-08,
0.008322244,
0.01863747,
0.0390569,
0.03067974,
0.001008352,
0.00552587,
0.00767051,
0.8885568,
0,
0,
0,
0,
0,
6.745024e-05,
5.318726e-08,
0.001198567,
0.0002243647,
2.200928e-07,
0.001383918,
0.000191557,
6.334462e-06,
1.244189e-09,
6.135609e-07,
1.877329e-08,
9.709931e-08,
0.0004297323,
0.04644525,
0.05952451,
0.03312251,
0.00115515,
0.004826511,
0.005403916,
0.8460192,
0,
0,
0,
0,
0,
0.001114007,
8.33714e-08,
0.01059195,
0.001946107,
1.750836e-06,
0.01173896,
0.001506007,
8.58329e-06,
0,
3.98391e-06,
6.477293e-07,
8.32033e-07,
0.0004913603,
0.130325,
0.1143984,
0.0520088,
0.003394911,
0.01000878,
0.00927973,
0.6531801,
0,
0,
0,
0,
0,
2.969166e-05,
6.60445e-06,
0.0007260554,
0.0002692149,
5.408785e-06,
0.0008572363,
0.0002966118,
0.0002833334,
4.0842e-11,
1.706745e-05,
3.311903e-08,
2.250936e-06,
0.008632241,
0.06952316,
0.1150992,
0.08852909,
0.008253173,
0.02724782,
0.03180297,
0.6484188,
0,
0,
0,
0,
0,
4.893719e-07,
2.70909e-07,
2.446522e-05,
5.772815e-06,
6.417854e-08,
2.987084e-05,
6.048811e-06,
2.429253e-05,
0,
2.101739e-07,
6.053216e-11,
2.111925e-08,
0.00119061,
0.00751228,
0.01960555,
0.01713772,
0.0006636939,
0.003853061,
0.005414421,
0.9445311,
0,
0,
0,
0,
0,
5.236181e-05,
1.412211e-07,
0.0009713768,
0.0001781927,
3.742324e-08,
0.001123366,
0.0001517117,
1.451402e-05,
0,
1.282321e-07,
1.284121e-08,
1.498949e-08,
0.0008257482,
0.04074612,
0.05392994,
0.03039772,
0.0004792893,
0.002756361,
0.003706092,
0.8646669,
0,
0,
0,
0,
0,
1.49757e-06,
2.642707e-09,
4.316818e-05,
5.547752e-06,
8.348615e-08,
5.057073e-05,
4.275995e-06,
5.187442e-07,
0,
1.724833e-07,
6.996e-11,
3.764804e-08,
4.085231e-05,
0.004235051,
0.008252743,
0.005198409,
0.0004842239,
0.001935992,
0.001864215,
0.9778826,
0,
0,
0,
2069, 
0,
0,
0.0001507709,
0.0001152418,
0.002604475,
0.0007642019,
9.14951e-06,
0.003031864,
0.0007547049,
0.003222561,
4.720278e-10,
2.40175e-05,
1.424759e-07,
4.600014e-06,
0.05431205,
0.1079974,
0.1315748,
0.07987313,
0.0106717,
0.02798332,
0.02671395,
0.5501919,
0,
0,
0,
0,
0,
0.0006917915,
2.788619e-06,
0.007993751,
0.001796075,
1.037183e-06,
0.00905266,
0.001543399,
0.0001550941,
0,
2.968059e-06,
5.461071e-07,
4.94427e-07,
0.005224105,
0.145748,
0.1392095,
0.06929351,
0.002934146,
0.01019714,
0.01090284,
0.5952502,
0,
0,
0,
0,
0,
0.006195856,
7.670621e-05,
0.04555234,
0.01189405,
2.838919e-05,
0.0502917,
0.01007021,
0.002142053,
4.183676e-11,
6.178249e-05,
1.318691e-05,
1.533243e-05,
0.03876106,
0.3235505,
0.1995055,
0.08084586,
0.01377234,
0.02426993,
0.01826247,
0.1746908,
0,
0,
0,
0,
0,
3.440789e-06,
5.808569e-07,
0.0001228136,
2.890321e-05,
2.096961e-07,
0.0001489622,
2.91503e-05,
4.598843e-05,
3.819878e-11,
6.718529e-07,
7.503903e-10,
9.043992e-08,
0.002285208,
0.01823111,
0.03578993,
0.02636467,
0.001369599,
0.006317315,
0.007721863,
0.9015395,
0,
0,
0,
0,
0,
1.527896e-08,
3.025629e-09,
2.120785e-07,
1.655557e-07,
2.115523e-09,
3.267142e-07,
4.837283e-08,
6.170197e-07,
0.003098101,
2.654305e-08,
4.268142e-14,
3.804763e-09,
7.216262e-05,
0.0003796309,
0.001779913,
0.001925795,
0.0001659985,
0.001024612,
0.00130325,
0.9902491,
0,
0,
0,
0,
0,
5.434104e-05,
2.884947e-07,
0.0009878376,
0.0001816109,
1.672386e-07,
0.001146433,
0.0001551421,
2.610888e-05,
0.02353014,
4.721067e-07,
1.409711e-08,
7.620464e-08,
0.001393289,
0.04026406,
0.05248305,
0.02918423,
0.00102489,
0.004495233,
0.005124944,
0.8399477,
0,
0,
0,
0,
0,
0.003256271,
4.915943e-06,
0.02072898,
0.002453304,
1.32614e-09,
0.02240325,
0.001578157,
0.0002860492,
5.493348e-10,
4.947452e-09,
1.011792e-06,
4.928165e-10,
0.007179575,
0.1104693,
0.07754422,
0.02789346,
5.647977e-05,
0.0004864545,
0.0007716086,
0.724887,
0,
0,
0,
0,
0,
1.500443e-06,
1.632764e-08,
4.801309e-05,
6.898184e-06,
3.23016e-07,
5.698129e-05,
5.864651e-06,
2.576787e-06,
0,
6.326804e-07,
9.562171e-11,
1.47779e-07,
0.0002014733,
0.00559912,
0.0112444,
0.007478872,
0.001100073,
0.003765846,
0.003442415,
0.9670448,
0,
0,
0,
0,
0,
3.282434e-05,
3.570735e-07,
0.0006021986,
9.922398e-05,
5.508894e-07,
0.0006931558,
8.105514e-05,
3.177899e-05,
0,
1.205967e-06,
6.114854e-09,
2.48164e-07,
0.001427014,
0.02562411,
0.03549181,
0.01996336,
0.001665594,
0.005687035,
0.005460798,
0.9031377,
0,
0,
0,
0,
0,
1.784864e-05,
1.22075e-07,
0.0004263095,
8.991364e-05,
9.616247e-08,
0.0005019951,
8.31009e-05,
1.252735e-05,
0,
3.18411e-07,
4.481267e-09,
3.827248e-08,
0.0008236795,
0.03089569,
0.04860292,
0.03112364,
0.0008401914,
0.004339981,
0.005625767,
0.8766159,
0,
0,
0,
0,
0,
2.500008e-05,
4.560941e-11,
0.0006209792,
0.000218725,
1.975991e-06,
0.000734543,
0.0002378079,
1.320231e-08,
0,
6.841547e-06,
2.362115e-08,
8.098694e-07,
3.584811e-06,
0.05982833,
0.1000614,
0.07608183,
0.00505096,
0.0191037,
0.02355817,
0.7144653,
0,
0,
0,
0,
0,
0.0003103529,
0.0003310992,
0.004709809,
0.002098461,
0.0003549672,
0.005454039,
0.002321759,
0.005202814,
3.074092e-10,
0.0008074082,
1.03354e-06,
0.0001942773,
0.05481936,
0.1672581,
0.1789726,
0.1134729,
0.06518926,
0.0949146,
0.0723416,
0.2312454,
0,
0,
0,
0,
0,
2.69862e-10,
2.024572e-05,
3.170169e-07,
1.444048e-07,
1.150346e-06,
3.818886e-07,
1.523297e-07,
0.0008546617,
2.273737e-11,
3.774183e-06,
1.073206e-13,
5.027138e-07,
0.02238204,
0.001193503,
0.007101405,
0.01077246,
0.00422357,
0.01656786,
0.01962501,
0.9172528,
0,
0,
0,
0,
0,
1.270043e-05,
3.579016e-06,
0.0003509933,
8.754618e-05,
4.900651e-07,
0.0004210804,
8.791977e-05,
0.0002009461,
4.478352e-09,
1.488704e-06,
4.425483e-09,
2.257506e-07,
0.007391895,
0.03411728,
0.05697676,
0.03898345,
0.002031153,
0.008049021,
0.009180716,
0.8421028,
0,
0,
0,
0,
0,
5.358157e-05,
7.554693e-07,
0.0009637513,
0.0001740751,
6.614399e-07,
0.001115182,
0.0001473619,
5.895938e-05,
0,
1.585935e-06,
1.305721e-08,
3.144741e-07,
0.002559048,
0.03912577,
0.05141365,
0.02868637,
0.002127639,
0.007339673,
0.007241073,
0.8589906,
0,
0,
0,
0,
0,
0,
8.441464e-09,
3.003176e-06,
3.129819e-07,
3.441441e-10,
3.747581e-06,
3.438906e-07,
1.560695e-06,
0,
1.245722e-09,
1.091296e-12,
1.208451e-10,
0.0001362819,
0.001054973,
0.003124553,
0.002459627,
2.644778e-05,
0.0002653114,
0.000429671,
0.9924942,
0,
0,
0,
0,
0,
0.01038931,
5.371191e-08,
0.04895249,
0.005347684,
3.911927e-10,
0.05195617,
0.00320303,
6.519457e-06,
0,
1.5379e-09,
4.012202e-06,
1.290056e-10,
0.0003858085,
0.1434729,
0.08290187,
0.02614702,
2.481565e-05,
0.0002487568,
0.0004268977,
0.6265327,
0,
0,
0,
0,
0,
0.0003244459,
9.009642e-07,
0.004288515,
0.000892318,
8.526178e-07,
0.004886349,
0.0007602668,
6.330935e-05,
0,
2.259354e-06,
1.751627e-07,
3.891653e-07,
0.002774613,
0.09944313,
0.1048954,
0.05398541,
0.002548177,
0.009004067,
0.009487669,
0.7066417,
0,
0,
0,
0,
0,
5.771421e-06,
0.004271464,
0.000232387,
9.968381e-05,
2.251262e-05,
0.000285884,
0.0001248443,
0.06660669,
1.120497e-09,
6.981957e-05,
4.746113e-09,
1.075732e-05,
0.6818453,
0.03715773,
0.04943089,
0.03255035,
0.01697835,
0.02922017,
0.02241885,
0.05866851,
0,
0,
0,
0,
0,
2.559862e-06,
4.507039e-06,
9.98015e-05,
2.593224e-05,
1.005709e-07,
0.000121803,
2.778951e-05,
0.0002500394,
0,
3.845867e-07,
6.175122e-10,
4.105512e-08,
0.008483232,
0.01887786,
0.03964294,
0.03119464,
0.001015795,
0.005587766,
0.007778118,
0.8868867,
0,
0,
0,
0,
0,
6.129689e-05,
5.069734e-08,
0.001108109,
0.0002109753,
2.191937e-07,
0.001285435,
0.0001824134,
6.067219e-06,
1.244189e-09,
6.145715e-07,
1.761173e-08,
9.916999e-08,
0.0004349058,
0.04522195,
0.05875207,
0.03296567,
0.001159944,
0.004852955,
0.005435409,
0.8483218,
0,
0,
0,
0,
0,
0.0009169987,
7.233671e-08,
0.009074459,
0.001689475,
1.660449e-06,
0.01012396,
0.001328236,
7.580089e-06,
0,
3.814332e-06,
5.340279e-07,
8.157998e-07,
0.0004640513,
0.1223331,
0.1102323,
0.05077425,
0.003350317,
0.009982192,
0.009286989,
0.6704292,
0,
0,
0,
0,
0,
2.205621e-05,
5.296852e-06,
0.0005786964,
0.0002134437,
3.870414e-06,
0.0006882075,
0.0002381584,
0.0002392258,
4.084199e-11,
1.269711e-05,
2.209327e-08,
1.626573e-06,
0.007940136,
0.06280583,
0.1078159,
0.08414743,
0.007236381,
0.02512922,
0.02993593,
0.6729859,
0,
0,
0,
0,
0,
3.967035e-07,
2.324038e-07,
2.060738e-05,
4.908655e-06,
5.42997e-08,
2.532118e-05,
5.219137e-06,
2.120841e-05,
0,
1.786133e-07,
4.89439e-11,
1.809729e-08,
0.001110612,
0.006889446,
0.01842086,
0.0162803,
0.0006067039,
0.003618902,
0.005145101,
0.9478499,
0,
0,
0,
0,
0,
4.73014e-05,
1.414829e-07,
0.0008972731,
0.0001680343,
3.68469e-08,
0.00104394,
0.0001454048,
1.450238e-05,
0,
1.273563e-07,
1.213118e-08,
1.513086e-08,
0.0008757274,
0.03990737,
0.05349413,
0.03037773,
0.0004797852,
0.002774014,
0.003741586,
0.8660328,
0,
0,
0,
0,
0,
1.183462e-06,
2.041346e-09,
3.617211e-05,
4.783512e-06,
7.617648e-08,
4.288634e-05,
3.780703e-06,
4.197642e-07,
0,
1.612373e-07,
5.601774e-11,
3.678975e-08,
3.901908e-05,
0.004023816,
0.008038805,
0.005121431,
0.0004751222,
0.00192643,
0.001864491,
0.9784214,
0,
0,
0,
2070, 
0,
0,
0.0001374478,
0.0001006422,
0.002409747,
0.0007123435,
8.974931e-06,
0.002815689,
0.0007095485,
0.00282045,
4.720278e-10,
2.363236e-05,
1.312544e-07,
4.614171e-06,
0.04881038,
0.1044754,
0.1290512,
0.07884655,
0.01065644,
0.02806401,
0.02679436,
0.5635585,
0,
0,
0,
0,
0,
0.0006144398,
2.517818e-06,
0.007283984,
0.001668588,
9.973841e-07,
0.008293928,
0.001455414,
0.0001408977,
0,
2.882343e-06,
5.012905e-07,
4.834358e-07,
0.004968144,
0.1418147,
0.1377899,
0.06929877,
0.002900381,
0.01019349,
0.01097603,
0.602594,
0,
0,
0,
0,
0,
0.005457968,
8.038676e-05,
0.04103533,
0.01091268,
2.774412e-05,
0.04553168,
0.00937018,
0.002213851,
4.183676e-11,
6.093171e-05,
1.202485e-05,
1.54538e-05,
0.04143546,
0.3132235,
0.1997187,
0.08272783,
0.01381752,
0.0249145,
0.01903362,
0.1904106,
0,
0,
0,
0,
0,
3.281554e-06,
5.912914e-07,
0.0001183559,
2.820505e-05,
2.012318e-07,
0.0001441303,
2.873417e-05,
4.669722e-05,
3.819878e-11,
6.507531e-07,
7.381413e-10,
8.870105e-08,
0.002432829,
0.01812098,
0.03577351,
0.0264259,
0.00134808,
0.006271809,
0.007702252,
0.9015537,
0,
0,
0,
0,
0,
1.511711e-08,
3.231309e-09,
2.037745e-07,
1.657407e-07,
1.863111e-09,
3.201134e-07,
5.009649e-08,
6.527955e-07,
0.002987961,
2.649159e-08,
4.397298e-14,
3.963842e-09,
8.314198e-05,
0.000395201,
0.001856458,
0.002009852,
0.0001700532,
0.001057353,
0.00134992,
0.9900886,
0,
0,
0,
0,
0,
4.855968e-05,
2.934486e-07,
0.0008996143,
0.0001677893,
1.701419e-07,
0.001049345,
0.000145149,
2.649906e-05,
0.02212476,
4.811696e-07,
1.294119e-08,
7.974472e-08,
0.001488219,
0.03871692,
0.05120113,
0.0286875,
0.00104422,
0.004566567,
0.005186921,
0.8446457,
0,
0,
0,
0,
0,
0.002639331,
4.511288e-06,
0.01761231,
0.002142251,
1.169572e-09,
0.01918762,
0.001408824,
0.0002648112,
5.493348e-10,
4.600475e-09,
8.480592e-07,
4.593352e-10,
0.007099148,
0.1046902,
0.07568361,
0.02770368,
5.591945e-05,
0.0004915773,
0.0007868612,
0.7402285,
0,
0,
0,
0,
0,
1.177607e-06,
1.501141e-08,
3.959389e-05,
5.78083e-06,
2.675159e-07,
4.738187e-05,
5.018935e-06,
2.398004e-06,
0,
5.357315e-07,
7.609038e-11,
1.261038e-07,
0.00020453,
0.005122313,
0.01058072,
0.007137168,
0.0009961706,
0.003517607,
0.003267606,
0.9690716,
0,
0,
0,
0,
0,
2.697771e-05,
3.34454e-07,
0.0005115049,
8.540128e-05,
4.774934e-07,
0.0005926047,
7.087411e-05,
3.011599e-05,
0,
1.063186e-06,
5.070546e-09,
2.217019e-07,
0.001476118,
0.02376143,
0.03375583,
0.01922137,
0.00155361,
0.005433688,
0.005276124,
0.9082022,
0,
0,
0,
0,
0,
1.527739e-05,
1.232734e-07,
0.0003760665,
8.041124e-05,
8.306446e-08,
0.0004456051,
7.544324e-05,
1.265243e-05,
0,
2.811142e-07,
3.898088e-09,
3.410003e-08,
0.0008720818,
0.029271,
0.04689787,
0.03029643,
0.0007855248,
0.004153961,
0.005446292,
0.8812708,
0,
0,
0,
0,
0,
1.890899e-05,
3.789359e-11,
0.0004926705,
0.0001727116,
1.552341e-06,
0.0005861021,
0.0001895256,
1.103057e-08,
0,
5.45409e-06,
1.68724e-08,
6.450985e-07,
3.071342e-06,
0.05276613,
0.09151134,
0.07059362,
0.004435481,
0.01740982,
0.02180027,
0.7400127,
0,
0,
0,
0,
0,
0.0002617328,
0.0002391669,
0.004056278,
0.001806499,
0.000302632,
0.004711915,
0.002009574,
0.003816588,
3.074092e-10,
0.000694111,
8.627478e-07,
0.0001670397,
0.04183809,
0.1556626,
0.1742019,
0.1130596,
0.06022656,
0.09187056,
0.07178017,
0.2732941,
0,
0,
0,
0,
0,
1.558322e-10,
1.872752e-05,
2.984814e-07,
1.380746e-07,
1.104915e-06,
3.583974e-07,
1.441833e-07,
0.0007990464,
2.273737e-11,
3.636799e-06,
1.003547e-13,
4.978655e-07,
0.02218355,
0.001152149,
0.006908943,
0.01050241,
0.004135295,
0.01627817,
0.01926691,
0.9187486,
0,
0,
0,
0,
0,
1.309744e-05,
4.080604e-06,
0.0003616951,
9.250528e-05,
5.291199e-07,
0.0004357699,
9.421193e-05,
0.0002231428,
4.478352e-09,
1.615084e-06,
4.966421e-09,
2.534079e-07,
0.008473548,
0.03563127,
0.05928492,
0.04057825,
0.00211501,
0.008283974,
0.009410861,
0.8349953,
0,
0,
0,
0,
0,
4.622834e-05,
7.522916e-07,
0.000857272,
0.0001579227,
6.323932e-07,
0.0009985362,
0.0001359998,
5.8633e-05,
0,
1.535764e-06,
1.162763e-08,
3.112598e-07,
0.002707297,
0.03750102,
0.05019818,
0.02829728,
0.002099261,
0.007308885,
0.00724409,
0.8623862,
0,
0,
0,
0,
0,
0,
8.598257e-09,
2.625868e-06,
2.769764e-07,
3.080743e-10,
3.317598e-06,
3.208406e-07,
1.576802e-06,
0,
1.141189e-09,
9.740095e-13,
1.122634e-10,
0.0001499424,
0.001024332,
0.003095795,
0.002466359,
2.528268e-05,
0.0002595409,
0.0004264943,
0.9925441,
0,
0,
0,
0,
0,
0.008389268,
5.078212e-08,
0.04133454,
0.00458621,
3.240586e-10,
0.04419289,
0.002795374,
6.243948e-06,
0,
1.307286e-09,
3.256323e-06,
1.096209e-10,
0.000398816,
0.1342851,
0.0800247,
0.02563792,
2.279743e-05,
0.0002371046,
0.00041486,
0.6576709,
0,
0,
0,
0,
0,
0.0002824007,
8.527016e-07,
0.003828598,
0.0008094215,
7.879945e-07,
0.004385345,
0.0006990316,
6.019222e-05,
0,
2.106574e-06,
1.562177e-07,
3.64674e-07,
0.002750341,
0.09491888,
0.1020741,
0.05310102,
0.00244461,
0.008783111,
0.009344539,
0.7165142,
0,
0,
0,
0,
0,
5.60427e-06,
0.003997788,
0.0002267285,
9.811701e-05,
2.189962e-05,
0.0002798499,
0.0001238418,
0.06288538,
1.120497e-09,
6.828646e-05,
4.7473e-09,
1.0696e-05,
0.679363,
0.03730449,
0.05034117,
0.03342219,
0.01694232,
0.02964274,
0.02295803,
0.06230787,
0,
0,
0,
0,
0,
2.489285e-06,
4.220851e-06,
9.785749e-05,
2.590998e-05,
9.772261e-08,
0.000120004,
2.813633e-05,
0.0002350209,
0,
3.774459e-07,
6.359208e-10,
4.072706e-08,
0.00834129,
0.01906236,
0.04014475,
0.0316553,
0.001007764,
0.005588187,
0.007821071,
0.8858652,
0,
0,
0,
0,
0,
5.481851e-05,
4.740578e-08,
0.001010006,
0.0001953896,
2.17364e-07,
0.001177205,
0.0001710821,
5.712896e-06,
1.244189e-09,
6.134734e-07,
1.619746e-08,
1.010568e-07,
0.0004342582,
0.04358351,
0.05750618,
0.03255826,
0.001167935,
0.004904852,
0.005500523,
0.8517293,
0,
0,
0,
0,
0,
0.0007499435,
6.144126e-08,
0.007729277,
0.00145776,
1.575021e-06,
0.008680792,
0.001164269,
6.554338e-06,
0,
3.649228e-06,
4.368416e-07,
7.996728e-07,
0.0004279478,
0.1143071,
0.1057967,
0.04938418,
0.003301579,
0.009936974,
0.009273101,
0.6877773,
0,
0,
0,
0,
0,
1.666023e-05,
4.263482e-06,
0.0004669188,
0.0001716641,
2.888124e-06,
0.0005593036,
0.0001940635,
0.0002015123,
4.0842e-11,
9.801939e-06,
1.520958e-08,
1.232444e-06,
0.007252115,
0.05708223,
0.1013562,
0.08018423,
0.00645021,
0.02340304,
0.02836694,
0.6942768,
0,
0,
0,
0,
0,
3.196395e-07,
1.949396e-07,
1.728593e-05,
4.156054e-06,
4.655075e-08,
2.137941e-05,
4.485957e-06,
1.81216e-05,
0,
1.53256e-07,
3.927021e-11,
1.571189e-08,
0.001012587,
0.006307322,
0.01728639,
0.01544905,
0.0005577817,
0.003411073,
0.004900078,
0.9510096,
0,
0,
0,
0,
0,
4.273586e-05,
1.419854e-07,
0.0008293109,
0.0001586354,
3.598174e-08,
0.0009708049,
0.0001395778,
1.450613e-05,
0,
1.255717e-07,
1.147947e-08,
1.513602e-08,
0.0009317214,
0.03913824,
0.05312978,
0.03039765,
0.0004781352,
0.00278393,
0.003771139,
0.8672135,
0,
0,
0,
0,
0,
9.565945e-07,
1.566536e-09,
3.089327e-05,
4.213855e-06,
7.175537e-08,
3.705908e-05,
3.413288e-06,
3.412107e-07,
0,
1.549797e-07,
4.649042e-11,
3.686272e-08,
3.815852e-05,
0.003858971,
0.007880492,
0.005073419,
0.0004718488,
0.001932284,
0.001877087,
0.9787906,
0,
0,
0,
2071, 
0,
0,
0.0001230389,
8.587004e-05,
0.002194528,
0.0006530997,
8.674704e-06,
0.002574172,
0.0006562008,
0.002412999,
4.720278e-10,
2.292322e-05,
1.183009e-07,
4.556984e-06,
0.04280334,
0.100061,
0.125656,
0.07736497,
0.01055221,
0.02797818,
0.02674367,
0.5801045,
0,
0,
0,
0,
0,
0.0005413092,
2.219285e-06,
0.006588401,
0.001536711,
9.386678e-07,
0.007542581,
0.001360013,
0.0001250412,
0,
2.741386e-06,
4.543149e-07,
4.619008e-07,
0.004610569,
0.1372344,
0.1358065,
0.06903751,
0.002824975,
0.01007639,
0.01095031,
0.6117585,
0,
0,
0,
0,
0,
0.00478535,
8.146989e-05,
0.03682985,
0.009965928,
2.719183e-05,
0.04107159,
0.008676361,
0.002230686,
4.183676e-11,
6.019955e-05,
1.086748e-05,
1.56077e-05,
0.0433917,
0.3026061,
0.1994553,
0.08437221,
0.01389539,
0.02558413,
0.01980533,
0.2071347,
0,
0,
0,
0,
0,
3.086338e-06,
5.958621e-07,
0.0001127412,
2.720736e-05,
1.913197e-07,
0.0001378776,
2.801047e-05,
4.698506e-05,
3.819878e-11,
6.248839e-07,
7.157917e-10,
8.634104e-08,
0.002574585,
0.01787812,
0.03554505,
0.02634704,
0.001319436,
0.006198005,
0.007649649,
0.9021307,
0,
0,
0,
0,
0,
1.516567e-08,
3.651929e-09,
2.134972e-07,
1.692753e-07,
2.213687e-09,
3.361432e-07,
5.541954e-08,
7.205016e-07,
0.002988463,
2.807238e-08,
5.168222e-14,
4.36901e-09,
9.800614e-05,
0.0004242534,
0.001979162,
0.002137502,
0.0001788061,
0.001110487,
0.001418974,
0.9896628,
0,
0,
0,
0,
0,
4.271885e-05,
2.925908e-07,
0.0008077193,
0.0001526494,
1.701432e-07,
0.0009469466,
0.0001336815,
2.644243e-05,
0.02055235,
4.820797e-07,
1.164134e-08,
8.199302e-08,
0.001566747,
0.03683039,
0.04950868,
0.02797026,
0.001051544,
0.004595106,
0.005204581,
0.8506091,
0,
0,
0,
0,
0,
0.002123652,
4.045358e-06,
0.01486644,
0.001856652,
1.098447e-09,
0.01632599,
0.001247745,
0.0002400057,
5.493348e-10,
4.424138e-09,
7.037238e-07,
4.477136e-10,
0.006888338,
0.09861274,
0.07345012,
0.02735623,
5.557159e-05,
0.0004954092,
0.0007984487,
0.7556779,
0,
0,
0,
0,
0,
9.226655e-07,
1.3841e-08,
3.26372e-05,
4.8427e-06,
2.221299e-07,
3.938707e-05,
4.295764e-06,
2.237246e-06,
0,
4.550885e-07,
6.054833e-11,
1.080564e-07,
0.0002084111,
0.004688085,
0.009962304,
0.006816347,
0.000905696,
0.003297971,
0.003111776,
0.9709243,
0,
0,
0,
0,
0,
2.176713e-05,
3.185996e-07,
0.0004299301,
7.284552e-05,
4.121353e-07,
0.0005019096,
6.158913e-05,
2.89695e-05,
0,
9.363303e-07,
4.112002e-09,
1.985231e-07,
0.001559253,
0.02207033,
0.03220352,
0.01857448,
0.001456487,
0.005220067,
0.005125148,
0.9126718,
0,
0,
0,
0,
0,
1.308041e-05,
1.223711e-07,
0.0003317253,
7.191629e-05,
7.282799e-08,
0.000395516,
6.849517e-05,
1.258513e-05,
0,
2.512357e-07,
3.393336e-09,
3.082595e-08,
0.0009122842,
0.02772899,
0.0452505,
0.02949182,
0.0007387268,
0.003990636,
0.005286266,
0.885707,
0,
0,
0,
0,
0,
1.413106e-05,
3.040711e-11,
0.0003883365,
0.0001354283,
1.215757e-06,
0.0004649311,
0.0001501638,
8.934558e-09,
0,
4.336428e-06,
1.180318e-08,
5.130276e-07,
2.5797e-06,
0.04661639,
0.08388652,
0.06564172,
0.003899847,
0.0158932,
0.02020659,
0.7626941,
0,
0,
0,
0,
0,
0.0002168546,
0.0001625324,
0.003437464,
0.001529349,
0.0002540033,
0.004005994,
0.001710613,
0.002651615,
3.074092e-10,
0.0005875926,
7.061721e-07,
0.0001413343,
0.030594,
0.1432675,
0.1678699,
0.1114979,
0.05505982,
0.08808949,
0.07053025,
0.3183931,
0,
0,
0,
0,
0,
3.942819e-11,
1.705075e-05,
2.795425e-07,
1.315674e-07,
1.06876e-06,
3.343191e-07,
1.35758e-07,
0.0007369143,
2.273737e-11,
3.525692e-06,
9.311007e-14,
4.978114e-07,
0.02174665,
0.001109466,
0.006710862,
0.01022604,
0.004065355,
0.0160365,
0.01894817,
0.920397,
0,
0,
0,
0,
0,
1.344462e-05,
4.589504e-06,
0.0003712459,
9.726221e-05,
5.773928e-07,
0.0004491497,
0.0001004133,
0.0002451996,
4.478352e-09,
1.767312e-06,
5.522039e-09,
2.877625e-07,
0.009620202,
0.03709712,
0.06152961,
0.04213768,
0.002211976,
0.008544988,
0.00965585,
0.8279186,
0,
0,
0,
0,
0,
3.984686e-05,
7.461387e-07,
0.0007618175,
0.0001431311,
6.085612e-07,
0.0008932081,
0.0001253931,
5.810885e-05,
0,
1.496348e-06,
1.034061e-08,
3.105967e-07,
0.002857313,
0.03592372,
0.04899484,
0.02790846,
0.002079396,
0.007298288,
0.007261915,
0.8656514,
0,
0,
0,
0,
0,
0,
8.836497e-09,
2.340652e-06,
2.507642e-07,
2.762604e-10,
2.992067e-06,
3.050347e-07,
1.604476e-06,
0,
1.041727e-09,
9.00143e-13,
1.034035e-10,
0.0001653354,
0.001004478,
0.003090576,
0.002490009,
2.39513e-05,
0.0002519783,
0.0004211851,
0.992545,
0,
0,
0,
0,
0,
0.006702812,
4.74858e-08,
0.03453007,
0.003888564,
2.688789e-10,
0.03718581,
0.002410875,
5.921808e-06,
0,
1.111701e-09,
2.612163e-06,
9.34128e-11,
0.0004089426,
0.1243735,
0.07649475,
0.02489797,
2.096125e-05,
0.0002259126,
0.0004022447,
0.688449,
0,
0,
0,
0,
0,
0.0002433841,
7.802498e-07,
0.003385524,
0.00072627,
7.157885e-07,
0.003897942,
0.0006354587,
5.527922e-05,
0,
1.930844e-06,
1.373635e-07,
3.356213e-07,
0.002615863,
0.08989996,
0.09869948,
0.05192674,
0.002317128,
0.008487443,
0.009129968,
0.7279757,
0,
0,
0,
0,
0,
5.411061e-06,
0.003747587,
0.0002201994,
9.610195e-05,
2.117018e-05,
0.0002727105,
0.0001222491,
0.05947417,
1.120497e-09,
6.639062e-05,
4.709745e-09,
1.055969e-05,
0.678143,
0.0372908,
0.05097012,
0.03407714,
0.01681632,
0.02987253,
0.0233314,
0.06546218,
0,
0,
0,
0,
0,
2.404974e-06,
3.829829e-06,
9.5431e-05,
2.573089e-05,
9.295716e-08,
0.0001175911,
2.831126e-05,
0.0002141783,
0,
3.630469e-07,
6.482939e-10,
3.948383e-08,
0.007924663,
0.019181,
0.04054504,
0.03204915,
0.0009861775,
0.005532783,
0.00780374,
0.8854895,
0,
0,
0,
0,
0,
4.82941e-05,
4.345739e-08,
0.0009089251,
0.0001785861,
2.139337e-07,
0.001064656,
0.000158415,
5.285102e-06,
1.244189e-09,
6.079494e-07,
1.463691e-08,
1.023504e-07,
0.0004276608,
0.04167117,
0.05593683,
0.03197776,
0.001170772,
0.004940244,
0.005548846,
0.8559616,
0,
0,
0,
0,
0,
0.0006087546,
5.10564e-08,
0.006538086,
0.001248486,
1.489769e-06,
0.00739199,
0.001012784,
5.546285e-06,
0,
3.478428e-06,
3.54014e-07,
7.810415e-07,
0.0003852698,
0.1061843,
0.1010204,
0.04779966,
0.003242822,
0.009858899,
0.009226072,
0.7054707,
0,
0,
0,
0,
0,
1.284997e-05,
3.421851e-06,
0.0003822543,
0.0001403951,
2.256268e-06,
0.0004611431,
0.0001608325,
0.0001679907,
4.0842e-11,
7.874529e-06,
1.091043e-08,
9.825683e-07,
0.00649706,
0.0522251,
0.09565987,
0.07662472,
0.005846631,
0.02201156,
0.02706291,
0.7127321,
0,
0,
0,
0,
0,
2.568125e-07,
1.600704e-07,
1.448456e-05,
3.515901e-06,
4.058256e-08,
1.80362e-05,
3.854926e-06,
1.516999e-05,
0,
1.33369e-07,
3.140345e-11,
1.38943e-08,
0.0009033448,
0.005780571,
0.01624165,
0.01467848,
0.0005174836,
0.003235815,
0.004689313,
0.9538977,
0,
0,
0,
0,
0,
3.871195e-05,
1.440686e-07,
0.0007688777,
0.000150421,
3.509029e-08,
0.0009057692,
0.0001346812,
1.463313e-05,
0,
1.238178e-07,
1.093811e-08,
1.51443e-08,
0.001001526,
0.03852624,
0.05294089,
0.03051562,
0.0004767276,
0.002796952,
0.003807293,
0.8679214,
0,
0,
0,
0,
0,
7.960538e-07,
1.223457e-09,
2.700962e-05,
3.806181e-06,
6.997497e-08,
3.276246e-05,
3.15735e-06,
2.846795e-07,
0,
1.536514e-07,
4.029088e-11,
3.80434e-08,
3.87483e-05,
0.003743733,
0.007790111,
0.005063453,
0.0004758462,
0.001959428,
0.001907358,
0.9789532,
0,
0,
0,
2072, 
0,
0,
0.0001082389,
7.15696e-05,
0.001969049,
0.0005896522,
8.277501e-06,
0.0023191,
0.0005977614,
0.002017754,
4.720278e-10,
2.19607e-05,
1.04445e-07,
4.442403e-06,
0.03667437,
0.09497103,
0.121543,
0.07549291,
0.01036993,
0.02773516,
0.0265638,
0.5989419,
0,
0,
0,
0,
0,
0.0004726644,
1.911931e-06,
0.00591221,
0.001402415,
8.653795e-07,
0.006805134,
0.001258976,
0.0001085632,
0,
2.556321e-06,
4.063424e-07,
4.319876e-07,
0.004188376,
0.1320505,
0.1332618,
0.06850294,
0.002712771,
0.009853663,
0.01082942,
0.6226345,
0,
0,
0,
0,
0,
0.004174395,
7.909796e-05,
0.03292584,
0.009056116,
2.670652e-05,
0.03690493,
0.007992119,
0.002168032,
4.183676e-11,
5.954354e-05,
9.72915e-06,
1.578406e-05,
0.04395753,
0.29181,
0.1988068,
0.08581602,
0.01400904,
0.02629333,
0.02058944,
0.2253055,
0,
0,
0,
0,
0,
2.867572e-06,
5.969536e-07,
0.0001063517,
2.600207e-05,
1.810549e-07,
0.0001306607,
2.707055e-05,
4.70137e-05,
3.819878e-11,
5.977125e-07,
6.86384e-10,
8.39222e-08,
0.002718583,
0.01754138,
0.03516689,
0.02617,
0.00128881,
0.006114626,
0.007583375,
0.9030749,
0,
0,
0,
0,
0,
1.541556e-08,
4.356741e-09,
2.41106e-07,
1.763792e-07,
3.149947e-09,
3.750725e-07,
6.479061e-08,
8.287555e-07,
0.003094411,
3.132757e-08,
6.726093e-14,
5.052169e-09,
0.000118351,
0.0004680582,
0.0021523,
0.002312762,
0.0001926797,
0.001186704,
0.001513898,
0.9889591,
0,
0,
0,
0,
0,
3.699008e-05,
2.81895e-07,
0.0007147706,
0.000136719,
1.673386e-07,
0.0008422429,
0.00012117,
2.559928e-05,
0.01885402,
4.750179e-07,
1.026392e-08,
8.290239e-08,
0.001601044,
0.03464434,
0.04742594,
0.02703656,
0.001046778,
0.004579971,
0.005176713,
0.8577561,
0,
0,
0,
0,
0,
0.00169646,
3.546492e-06,
0.01246364,
0.001596354,
1.052786e-09,
0.01379629,
0.001095725,
0.0002131043,
5.493347e-10,
4.291929e-09,
5.780411e-07,
4.408996e-10,
0.006568944,
0.09226812,
0.07083818,
0.02684193,
5.514762e-05,
0.0004971913,
0.0008058127,
0.771259,
0,
0,
0,
0,
0,
7.217089e-07,
1.259948e-08,
2.690858e-05,
4.058568e-06,
1.85305e-07,
3.275405e-05,
3.681165e-06,
2.063045e-06,
0,
3.8892e-07,
4.820197e-11,
9.334089e-08,
0.0002093956,
0.004297399,
0.009396174,
0.006522198,
0.0008293299,
0.003111647,
0.002979565,
0.9725834,
0,
0,
0,
0,
0,
1.726537e-05,
3.014633e-07,
0.0003581921,
6.166998e-05,
3.543845e-07,
0.0004218128,
5.325385e-05,
2.772188e-05,
0,
8.238111e-07,
3.260299e-09,
1.780467e-07,
0.001638257,
0.02052807,
0.03079163,
0.01799553,
0.001370424,
0.005033566,
0.004996484,
0.9167045,
0,
0,
0,
0,
0,
1.119371e-05,
1.190291e-07,
0.0002924311,
6.428452e-05,
6.471272e-08,
0.0003508398,
6.215792e-05,
1.229247e-05,
0,
2.271278e-07,
2.952825e-09,
2.825961e-08,
0.0009398842,
0.02626003,
0.04365293,
0.02870595,
0.000699275,
0.003850691,
0.005147258,
0.8899503,
0,
0,
0,
0,
0,
1.047102e-05,
2.327911e-11,
0.0003052563,
0.0001058761,
9.484958e-07,
0.0003680694,
0.0001187809,
6.954094e-09,
0,
3.438757e-06,
8.108795e-09,
4.072671e-07,
2.12258e-06,
0.04136014,
0.07721021,
0.06125398,
0.00343696,
0.01454789,
0.0187778,
0.7824976,
0,
0,
0,
0,
0,
0.0001761953,
0.0001021677,
0.002864022,
0.00127201,
0.0002096173,
0.003349203,
0.001430911,
0.001721148,
3.074092e-10,
0.0004894069,
5.649443e-07,
0.0001175634,
0.02125617,
0.1304747,
0.1602415,
0.1088867,
0.04986251,
0.08376312,
0.06869397,
0.3650885,
0,
0,
0,
0,
0,
0,
1.520692e-05,
2.605952e-07,
1.250146e-07,
1.038982e-06,
3.101463e-07,
1.272143e-07,
0.0006671978,
2.273737e-11,
3.432742e-06,
8.571589e-14,
5.009538e-07,
0.02095499,
0.00106621,
0.006510625,
0.009948067,
0.004007983,
0.01582884,
0.01865898,
0.9223361,
0,
0,
0,
0,
0,
1.373348e-05,
5.103562e-06,
0.0003794338,
0.000101741,
6.367393e-07,
0.0004609554,
0.0001064398,
0.0002670016,
4.478351e-09,
1.950209e-06,
6.08581e-09,
3.304315e-07,
0.01083344,
0.03849612,
0.06368434,
0.04364381,
0.002323854,
0.008835378,
0.009917594,
0.8209281,
0,
0,
0,
0,
0,
3.433998e-05,
7.41136e-07,
0.0006769884,
0.0001297692,
5.932122e-07,
0.0007990214,
0.0001156809,
5.76513e-05,
0,
1.475859e-06,
9.197993e-09,
3.148746e-07,
0.003023117,
0.03443724,
0.04785896,
0.02755081,
0.002075335,
0.007327146,
0.007310376,
0.8686004,
0,
0,
0,
0,
0,
0,
9.153369e-09,
2.121216e-06,
2.316491e-07,
2.463988e-10,
2.741738e-06,
2.94672e-07,
1.643091e-06,
0,
9.431657e-10,
8.555068e-13,
9.413811e-11,
0.000182862,
0.0009936477,
0.003106289,
0.002529333,
2.24754e-05,
0.0002428434,
0.0004139385,
0.9925016,
0,
0,
0,
0,
0,
0.005297135,
4.382407e-08,
0.02853362,
0.003259311,
2.245593e-10,
0.03094959,
0.002054803,
5.550314e-06,
0,
9.510346e-10,
2.070135e-06,
8.048928e-11,
0.0004150341,
0.1140381,
0.07244847,
0.02396367,
1.941571e-05,
0.0002162545,
0.0003906017,
0.7184063,
0,
0,
0,
0,
0,
0.0002072915,
6.953557e-07,
0.002961115,
0.0006437884,
6.381573e-07,
0.003426909,
0.0005705234,
4.938154e-05,
0,
1.737699e-06,
1.188756e-07,
3.030419e-07,
0.002404835,
0.08444074,
0.09479306,
0.05046495,
0.002168751,
0.008122262,
0.008846625,
0.7408963,
0,
0,
0,
0,
0,
5.191133e-06,
0.003519187,
0.0002127531,
9.360812e-05,
2.035743e-05,
0.0002643971,
0.0001200141,
0.05635383,
1.120497e-09,
6.422352e-05,
4.630426e-09,
1.036641e-05,
0.6782333,
0.03710565,
0.05130322,
0.03450448,
0.01661544,
0.02992742,
0.0235469,
0.06809963,
0,
0,
0,
0,
0,
2.307142e-06,
3.38469e-06,
9.249545e-05,
2.537095e-05,
8.688193e-08,
0.0001145133,
2.827475e-05,
0.0001900722,
0,
3.434286e-07,
6.529319e-10,
3.757039e-08,
0.007301883,
0.01921625,
0.0408114,
0.03235202,
0.0009541901,
0.005432489,
0.007735881,
0.885739,
0,
0,
0,
0,
0,
4.195871e-05,
3.8948e-08,
0.000808775,
0.0001613769,
2.102634e-07,
0.0009523316,
0.0001451147,
4.791011e-06,
1.244189e-09,
6.017955e-07,
1.301625e-08,
1.038283e-07,
0.0004139094,
0.03960206,
0.05416764,
0.03128759,
0.001173741,
0.004977254,
0.005598247,
0.8606642,
0,
0,
0,
0,
0,
0.0004902791,
4.147326e-08,
0.005491273,
0.001061131,
1.405632e-06,
0.006250084,
0.0008742302,
4.591865e-06,
0,
3.305134e-06,
2.840266e-07,
7.608581e-07,
0.0003389301,
0.09807625,
0.0959838,
0.04605165,
0.003176493,
0.009753786,
0.009150628,
0.7232911,
0,
0,
0,
0,
0,
1.008744e-05,
2.725574e-06,
0.0003170847,
0.0001165523,
1.833374e-06,
0.0003852243,
0.000135338,
0.0001382336,
4.0842e-11,
6.549731e-06,
8.08278e-09,
8.183887e-07,
0.005700062,
0.04810256,
0.09066454,
0.07345511,
0.005384873,
0.02090551,
0.02599675,
0.7286761,
0,
0,
0,
0,
0,
2.060345e-07,
1.287663e-07,
1.213085e-05,
2.973027e-06,
3.594869e-08,
1.520923e-05,
3.3123e-06,
1.244853e-05,
0,
1.176334e-07,
2.508611e-11,
1.249959e-08,
0.0007888096,
0.005299258,
0.01526478,
0.0139508,
0.0004837626,
0.003084961,
0.004503635,
0.9565774,
0,
0,
0,
0,
0,
3.514513e-05,
1.464745e-07,
0.0007147143,
0.0001431546,
3.419097e-08,
0.0008474218,
0.0001305092,
1.477972e-05,
0,
1.221067e-07,
1.04835e-08,
1.517314e-08,
0.001078395,
0.03803442,
0.05288693,
0.03071058,
0.0004749497,
0.002807269,
0.003840063,
0.8682814,
0,
0,
0,
0,
0,
6.842731e-07,
9.887032e-10,
2.418333e-05,
3.520135e-06,
7.042198e-08,
2.962876e-05,
2.98518e-06,
2.453935e-07,
0,
1.566314e-07,
3.644072e-11,
4.033224e-08,
4.0099e-05,
0.003667372,
0.007753797,
0.005084195,
0.0004867195,
0.002006948,
0.001954316,
0.978945,
0,
0,
0,
2073, 
0,
0,
9.358371e-05,
5.823952e-05,
0.001741168,
0.000524434,
7.792972e-06,
0.002059518,
0.0005365867,
0.001648344,
4.720278e-10,
2.076837e-05,
9.032606e-08,
4.272189e-06,
0.03070552,
0.08935907,
0.1168087,
0.07326484,
0.0101077,
0.02732392,
0.02624487,
0.6194906,
0,
0,
0,
0,
0,
0.000409013,
1.609896e-06,
0.005263883,
0.001268603,
7.830137e-07,
0.00609197,
0.001155052,
9.225503e-05,
0,
2.342583e-06,
3.587749e-07,
3.966171e-07,
0.003733128,
0.1263902,
0.1302298,
0.0677223,
0.002574365,
0.009551791,
0.01063464,
0.6348775,
0,
0,
0,
0,
0,
0.003620393,
7.366943e-05,
0.02930286,
0.008182222,
2.623292e-05,
0.03301303,
0.007317677,
0.002026524,
4.183676e-11,
5.885458e-05,
8.619349e-06,
1.595146e-05,
0.04274238,
0.2808104,
0.1977662,
0.08705118,
0.01414941,
0.02703676,
0.02138314,
0.2454144,
0,
0,
0,
0,
0,
2.633747e-06,
5.903221e-07,
9.9442e-05,
2.464515e-05,
1.713149e-07,
0.0001227775,
2.596593e-05,
4.650982e-05,
3.819878e-11,
5.719648e-07,
6.514331e-10,
8.191209e-08,
0.002846203,
0.01713332,
0.03467494,
0.02591879,
0.001260246,
0.006036019,
0.007517693,
0.9042894,
0,
0,
0,
0,
0,
1.578211e-08,
5.089003e-09,
2.798077e-07,
1.86038e-07,
4.552635e-09,
4.287519e-07,
7.735657e-08,
9.399076e-07,
0.003262642,
3.605271e-08,
9.014171e-14,
6.020381e-09,
0.000140381,
0.0005229865,
0.002363787,
0.002524534,
0.0002117862,
0.001289122,
0.001639882,
0.9880429,
0,
0,
0,
0,
0,
3.149351e-05,
2.614524e-07,
0.0006228419,
0.0001204505,
1.619192e-07,
0.000737683,
0.0001080082,
2.391257e-05,
0.01706825,
4.604471e-07,
8.862926e-09,
8.248237e-08,
0.001574278,
0.0322015,
0.04497854,
0.02589351,
0.0010302,
0.004521378,
0.005103098,
0.8659839,
0,
0,
0,
0,
0,
0.001346409,
3.043136e-06,
0.01038345,
0.001362354,
1.000997e-09,
0.01158464,
0.0009546502,
0.000185654,
5.493348e-10,
4.121e-09,
4.703352e-07,
4.287992e-10,
0.006175122,
0.08580936,
0.06793981,
0.02619075,
5.422382e-05,
0.000494861,
0.0008069975,
0.7867082,
0,
0,
0,
0,
0,
5.637547e-07,
1.117208e-08,
2.220658e-05,
3.40572e-06,
1.55941e-07,
2.726968e-05,
3.161333e-06,
1.855261e-06,
0,
3.358749e-07,
3.842785e-11,
8.177407e-08,
0.0002036762,
0.003948418,
0.008883202,
0.006256304,
0.000767334,
0.00296123,
0.002873532,
0.9740472,
0,
0,
0,
0,
0,
1.357283e-05,
2.769176e-07,
0.0002975476,
5.211673e-05,
3.050407e-07,
0.0003537165,
4.604333e-05,
2.585902e-05,
0,
7.266573e-07,
2.552158e-09,
1.603014e-07,
0.001668928,
0.0191351,
0.02950198,
0.01746964,
0.001293586,
0.004866313,
0.004882442,
0.9203917,
0,
0,
0,
0,
0,
9.569398e-06,
1.131911e-07,
0.0002575326,
5.740893e-05,
5.829029e-08,
0.0003109014,
5.635933e-05,
1.176434e-05,
0,
2.078538e-07,
2.566654e-09,
2.631147e-08,
0.0009512542,
0.02485651,
0.04209812,
0.02793506,
0.0006670372,
0.003735452,
0.005031125,
0.8940215,
0,
0,
0,
0,
0,
7.74613e-06,
1.67238e-11,
0.0002407763,
8.308036e-05,
7.383757e-07,
0.0002926145,
9.44495e-05,
5.146926e-09,
0,
2.72643e-06,
5.514037e-09,
3.235742e-07,
1.714641e-06,
0.0369825,
0.07151948,
0.05747021,
0.003044136,
0.01338036,
0.01752681,
0.7993523,
0,
0,
0,
0,
0,
0.0001399497,
5.79431e-05,
0.002343557,
0.001037966,
0.0001698703,
0.002751105,
0.001174922,
0.001025256,
3.074092e-10,
0.000400799,
4.390274e-07,
9.604535e-05,
0.01391255,
0.1178006,
0.15182,
0.1055032,
0.0448519,
0.07920735,
0.06648582,
0.4112207,
0,
0,
0,
0,
0,
0,
1.327313e-05,
2.426642e-07,
1.188074e-07,
1.015576e-06,
2.872423e-07,
1.191224e-07,
0.0005921243,
2.273737e-11,
3.359025e-06,
7.870013e-14,
5.072887e-07,
0.01978948,
0.001025314,
0.006321994,
0.009686511,
0.003964235,
0.01566197,
0.01841072,
0.9245287,
0,
0,
0,
0,
0,
1.395286e-05,
5.611769e-06,
0.0003859976,
0.0001058523,
7.07999e-07,
0.0004708595,
0.0001121926,
0.0002880896,
4.478352e-09,
2.165979e-06,
6.648281e-09,
3.825229e-07,
0.01210217,
0.03980968,
0.06572647,
0.04508344,
0.002450902,
0.009155656,
0.01019696,
0.8140889,
0,
0,
0,
0,
0,
2.961636e-05,
7.285149e-07,
0.0006023202,
0.000117884,
5.906194e-07,
0.0007156967,
0.0001069826,
5.668573e-05,
0,
1.484905e-06,
8.200089e-09,
3.274443e-07,
0.003171318,
0.03308307,
0.04684601,
0.02725618,
0.002095773,
0.007417712,
0.00740745,
0.8710902,
0,
0,
0,
0,
0,
0,
9.309143e-09,
1.945241e-06,
2.171139e-07,
2.171208e-10,
2.541057e-06,
2.878452e-07,
1.658331e-06,
0,
8.423677e-10,
8.283498e-13,
8.432735e-11,
0.0001986491,
0.0009890865,
0.003137223,
0.002580564,
2.084191e-05,
0.0002319759,
0.0004043504,
0.9924306,
0,
0,
0,
0,
0,
0.00413771,
3.984647e-08,
0.02331495,
0.002699684,
1.908892e-10,
0.02547128,
0.001730369,
5.132307e-06,
0,
8.270492e-10,
1.618753e-06,
7.129232e-11,
0.0004161686,
0.1035621,
0.06803118,
0.0228767,
1.826473e-05,
0.0002090897,
0.0003812855,
0.7471443,
0,
0,
0,
0,
0,
0.0001741449,
6.046272e-07,
0.002558471,
0.0005631588,
5.575514e-07,
0.00297644,
0.0005054392,
4.303305e-05,
0,
1.533659e-06,
1.010576e-07,
2.681286e-07,
0.002149299,
0.07863124,
0.09041173,
0.04873568,
0.002004263,
0.007698719,
0.008502824,
0.7550425,
0,
0,
0,
0,
0,
4.956491e-06,
0.003309377,
0.0002047805,
9.081616e-05,
1.955625e-05,
0.000255387,
0.0001173624,
0.053477,
1.120497e-09,
6.2064e-05,
4.523681e-09,
1.017108e-05,
0.6792668,
0.03679547,
0.0514055,
0.03475004,
0.0163904,
0.0298846,
0.02365861,
0.07029708,
0,
0,
0,
0,
0,
2.197458e-06,
2.923304e-06,
8.908262e-05,
2.48316e-05,
8.011975e-08,
0.0001107997,
2.802026e-05,
0.0001648098,
0,
3.208654e-07,
6.496717e-10,
3.52678e-08,
0.006552427,
0.01916177,
0.04092921,
0.03255211,
0.0009158963,
0.00530296,
0.007632543,
0.88653,
0,
0,
0,
0,
0,
3.579586e-05,
3.385383e-08,
0.0007083134,
0.0001433715,
2.037345e-07,
0.0008385415,
0.0001306908,
4.219072e-06,
1.244189e-09,
5.873356e-07,
1.131645e-08,
1.037993e-07,
0.0003884371,
0.03721016,
0.05196523,
0.03034889,
0.001167151,
0.004984386,
0.005618103,
0.8664558,
0,
0,
0,
0,
0,
0.0003920262,
3.292461e-08,
0.004581586,
0.0008955552,
1.324205e-06,
0.005249796,
0.0007492849,
3.720079e-06,
0,
3.133873e-06,
2.258399e-07,
7.403418e-07,
0.0002917275,
0.09011362,
0.09078985,
0.04418298,
0.003105756,
0.009629482,
0.009053528,
0.7409556,
0,
0,
0,
0,
0,
8.014681e-06,
2.141785e-06,
0.0002657972,
9.791445e-05,
1.538863e-06,
0.0003252349,
0.0001153069,
0.0001119867,
4.0842e-11,
5.610595e-06,
6.100786e-09,
7.073013e-07,
0.004901323,
0.04458732,
0.08628883,
0.07064367,
0.005035747,
0.02004719,
0.02514607,
0.7424156,
0,
0,
0,
0,
0,
1.653718e-07,
1.014578e-07,
1.017465e-05,
2.518502e-06,
3.244028e-08,
1.284601e-05,
2.852604e-06,
1.001625e-05,
0,
1.055705e-07,
2.007253e-11,
1.149569e-08,
0.0006753837,
0.004868508,
0.01437459,
0.01328362,
0.0004570172,
0.002962792,
0.00434951,
0.9589897,
0,
0,
0,
0,
0,
3.191501e-05,
1.465407e-07,
0.0006646988,
0.0001363412,
3.340643e-08,
0.0007932516,
0.0001265716,
1.473278e-05,
0,
1.208456e-07,
1.005741e-08,
1.529387e-08,
0.001145508,
0.03757132,
0.05286206,
0.03092493,
0.0004741837,
0.002821954,
0.003877728,
0.8685545,
0,
0,
0,
0,
0,
6.107072e-07,
8.428023e-10,
2.22328e-05,
3.338006e-06,
7.360833e-08,
2.747053e-05,
2.888015e-06,
2.190602e-07,
0,
1.651949e-07,
3.447772e-11,
4.433378e-08,
4.133103e-05,
0.003631318,
0.007778862,
0.005141604,
0.0005070048,
0.002082675,
0.002024244,
0.9787359,
0,
0,
0,
2074, 
0,
0,
7.954871e-05,
4.614569e-05,
0.001518243,
0.0004597731,
7.233298e-06,
0.001804012,
0.0004749969,
0.001312738,
4.720278e-10,
1.937654e-05,
7.652544e-08,
4.049488e-06,
0.02509667,
0.08340517,
0.1115895,
0.07074028,
0.00976523,
0.02673722,
0.02578148,
0.6411583,
0,
0,
0,
0,
0,
0.000350695,
1.323703e-06,
0.004650305,
0.001137759,
6.960402e-07,
0.005411714,
0.001050669,
7.671688e-05,
0,
2.112963e-06,
3.127495e-07,
3.581356e-07,
0.003271518,
0.1203764,
0.1267848,
0.06672298,
0.002419661,
0.009197209,
0.01038792,
0.6481569,
0,
0,
0,
0,
0,
0.003117068,
6.643481e-05,
0.02592354,
0.007337754,
2.56703e-05,
0.02935703,
0.006647879,
0.001831973,
4.183676e-11,
5.791926e-05,
7.541544e-06,
1.604257e-05,
0.03992844,
0.2693234,
0.1961343,
0.08798277,
0.014286,
0.02777262,
0.02215662,
0.268027,
0,
0,
0,
0,
0,
2.392303e-06,
5.678449e-07,
9.222306e-05,
2.317945e-05,
1.6287e-07,
0.0001144705,
2.473208e-05,
4.492086e-05,
3.819877e-11,
5.499533e-07,
6.119483e-10,
8.073219e-08,
0.002913514,
0.01666809,
0.03408972,
0.02560626,
0.001237004,
0.00597317,
0.007462899,
0.905746,
0,
0,
0,
0,
0,
1.619866e-08,
5.511834e-09,
3.233258e-07,
1.970853e-07,
6.170554e-09,
4.891592e-07,
9.187372e-08,
1.005655e-06,
0.003454049,
4.151088e-08,
1.185959e-13,
7.161248e-09,
0.0001573934,
0.0005838449,
0.002595711,
0.00275612,
0.0002330903,
0.001401954,
0.001778058,
0.9870376,
0,
0,
0,
0,
0,
2.635858e-05,
2.347318e-07,
0.0005343304,
0.0001043771,
1.543589e-07,
0.0006361347,
9.467961e-05,
2.161418e-05,
0.01524719,
4.39644e-07,
7.495572e-09,
8.090326e-08,
0.001488798,
0.02957282,
0.04222761,
0.02456761,
0.001003352,
0.004424008,
0.004988017,
0.8750622,
0,
0,
0,
0,
0,
0.001062097,
2.557979e-06,
0.008597296,
0.001154116,
9.341515e-10,
0.009667149,
0.0008252644,
0.0001588993,
5.493348e-10,
3.883161e-09,
3.792171e-07,
4.081463e-10,
0.005736713,
0.0793292,
0.06480928,
0.02541902,
5.253382e-05,
0.0004866368,
0.000799881,
0.801899,
0,
0,
0,
0,
0,
4.39993e-07,
9.652265e-09,
1.835889e-05,
2.86418e-06,
1.333222e-07,
2.274899e-05,
2.723522e-06,
1.623722e-06,
0,
2.950995e-07,
3.072564e-11,
7.330367e-08,
0.0001906024,
0.003638273,
0.008421784,
0.006018575,
0.0007199183,
0.002848524,
0.002795383,
0.9753177,
0,
0,
0,
0,
0,
1.068236e-05,
2.463885e-07,
0.0002479917,
4.423842e-05,
2.64413e-07,
0.000297675,
4.000953e-05,
2.339059e-05,
0,
6.453958e-07,
2.001732e-09,
1.453539e-07,
0.001631259,
0.0178838,
0.02831505,
0.01698353,
0.001224853,
0.004713288,
0.004777955,
0.923805,
0,
0,
0,
0,
0,
8.162188e-06,
1.049652e-07,
0.000226352,
5.116879e-05,
5.326417e-08,
0.0002749767,
5.100825e-05,
1.100383e-05,
0,
1.927218e-07,
2.22474e-09,
2.492869e-08,
0.0009431114,
0.02350294,
0.04056722,
0.02716797,
0.0006417453,
0.003644921,
0.00493788,
0.8979712,
0,
0,
0,
0,
0,
5.765578e-06,
1.104034e-11,
0.0001917102,
6.586779e-05,
5.757627e-07,
0.0002349774,
7.598879e-05,
3.585096e-09,
0,
2.170451e-06,
3.750933e-09,
2.585468e-07,
1.369342e-06,
0.03338394,
0.06671762,
0.0542348,
0.002716545,
0.01238458,
0.0164487,
0.8135352,
0,
0,
0,
0,
0,
0.0001083609,
2.878276e-05,
0.001883274,
0.0008306104,
0.0001352463,
0.002220771,
0.0009469915,
0.0005499639,
3.074092e-10,
0.0003231707,
3.291404e-07,
7.71561e-05,
0.00854275,
0.1058489,
0.1433116,
0.101785,
0.04029397,
0.07486395,
0.06423344,
0.4540157,
0,
0,
0,
0,
0,
0,
1.127798e-05,
2.260029e-07,
1.130337e-07,
9.944073e-07,
2.659246e-07,
1.115904e-07,
0.0005114556,
2.273737e-11,
3.292641e-06,
7.218806e-14,
5.143539e-07,
0.01809181,
0.0009871679,
0.00614665,
0.00944364,
0.003925874,
0.01551518,
0.01818738,
0.927174,
0,
0,
0,
0,
0,
1.40976e-05,
6.057858e-06,
0.0003908184,
0.0001095379,
7.915849e-07,
0.0004787002,
0.0001175999,
0.000306246,
4.478352e-09,
2.415706e-06,
7.200884e-09,
4.449332e-07,
0.01334393,
0.04102797,
0.0676458,
0.046451,
0.002593006,
0.009506152,
0.01049527,
0.8075101,
0,
0,
0,
0,
0,
2.557121e-05,
7.017166e-07,
0.0005368576,
0.0001073939,
6.051604e-07,
0.0006423249,
9.928626e-05,
5.476605e-05,
0,
1.534106e-06,
7.335932e-09,
3.521286e-07,
0.003267703,
0.03187346,
0.04597698,
0.02703791,
0.002148137,
0.007587398,
0.007566264,
0.8730727,
0,
0,
0,
0,
0,
0,
9.131488e-09,
1.797793e-06,
2.053734e-07,
1.888643e-10,
2.372615e-06,
2.83092e-07,
1.623915e-06,
0,
7.426444e-10,
8.108901e-13,
7.441356e-11,
0.0002084903,
0.0009883076,
0.003177733,
0.002639775,
1.916013e-05,
0.0002204208,
0.0003938175,
0.992346,
0,
0,
0,
0,
0,
0.003192743,
3.566771e-08,
0.0188342,
0.002209521,
1.64113e-10,
0.02072567,
0.001439805,
4.678651e-06,
0,
7.260801e-10,
1.247783e-06,
6.42697e-11,
0.0004120285,
0.09322459,
0.06340382,
0.02168672,
1.730147e-05,
0.0002028097,
0.0003723767,
0.7742724,
0,
0,
0,
0,
0,
0.0001440192,
5.127203e-07,
0.002181119,
0.000485627,
4.767295e-07,
0.002551175,
0.0004414837,
3.659124e-05,
0,
1.32619e-06,
8.420099e-08,
2.322421e-07,
0.001873222,
0.07258247,
0.08563669,
0.04677195,
0.001830247,
0.007234345,
0.008112971,
0.7701155,
0,
0,
0,
0,
0,
4.735331e-06,
0.003112675,
0.0001972496,
8.819371e-05,
1.893653e-05,
0.0002468856,
0.000114908,
0.05075337,
1.120497e-09,
6.042173e-05,
4.428137e-09,
1.007961e-05,
0.6800734,
0.03649614,
0.0514828,
0.03496704,
0.01623924,
0.02991307,
0.02379933,
0.07242154,
0,
0,
0,
0,
0,
2.075317e-06,
2.4694e-06,
8.515381e-05,
2.409678e-05,
7.32803e-08,
0.0001063967,
2.752366e-05,
0.0001397705,
0,
2.976942e-07,
6.378766e-10,
3.28775e-08,
0.005739358,
0.01900307,
0.04086985,
0.03262768,
0.0008761304,
0.005164355,
0.007514421,
0.8878173,
0,
0,
0,
0,
0,
3.009592e-05,
2.863793e-08,
0.00061327,
0.0001259095,
1.97532e-07,
0.0007301922,
0.0001164289,
3.620815e-06,
1.244189e-09,
5.735935e-07,
9.668035e-09,
1.041521e-07,
0.0003548068,
0.03476427,
0.04964964,
0.02933757,
0.001162109,
0.004996263,
0.005640734,
0.8724742,
0,
0,
0,
0,
0,
0.0003111514,
2.551353e-08,
0.0037966,
0.0007503684,
1.244011e-06,
0.004379747,
0.0006375444,
2.94674e-06,
0,
2.962059e-06,
1.77932e-07,
7.185898e-07,
0.0002457411,
0.08236089,
0.0854933,
0.04221565,
0.003028987,
0.009482807,
0.008933176,
0.758356,
0,
0,
0,
0,
0,
6.438709e-06,
1.65263e-06,
0.0002251668,
8.324156e-05,
1.336156e-06,
0.0002775481,
9.947958e-05,
8.909406e-05,
4.084199e-11,
4.95709e-06,
4.674387e-09,
6.355437e-07,
0.004131085,
0.0416073,
0.08249519,
0.06818143,
0.004787345,
0.01942785,
0.0245102,
0.75407,
0,
0,
0,
0,
0,
1.327296e-07,
7.817488e-08,
8.541979e-06,
2.135906e-06,
2.981045e-08,
1.086114e-05,
2.460468e-06,
7.893052e-06,
0,
9.642677e-08,
1.608038e-11,
1.08128e-08,
0.0005670165,
0.004478376,
0.01355081,
0.01266099,
0.000436191,
0.002865166,
0.004221936,
0.9611873,
0,
0,
0,
0,
0,
2.890423e-05,
1.420288e-07,
0.0006166397,
0.0001294413,
3.293123e-08,
0.0007406229,
0.000122311,
1.429945e-05,
0,
1.207074e-07,
9.596324e-09,
1.562413e-08,
0.001182909,
0.03702685,
0.0527349,
0.03108585,
0.000476862,
0.00285415,
0.0039366,
0.8690494,
0,
0,
0,
0,
0,
5.67051e-07,
7.658357e-10,
2.09902e-05,
3.240339e-06,
7.997176e-08,
2.610476e-05,
2.852532e-06,
2.015525e-07,
0,
1.803137e-07,
3.398988e-11,
5.060727e-08,
4.145802e-05,
0.003629787,
0.007857523,
0.005231535,
0.0005380497,
0.002189765,
0.002118942,
0.9783387,
0,
0,
0,
2075, 
0,
0,
6.647365e-05,
3.539153e-05,
0.001305706,
0.0003974101,
6.618155e-06,
0.001558978,
0.0004147533,
0.00101409,
4.720278e-10,
1.783304e-05,
6.347758e-08,
3.783173e-06,
0.01995718,
0.07724651,
0.1059838,
0.06795901,
0.009349914,
0.02598238,
0.02517742,
0.6635227,
0,
0,
0,
0,
0,
0.0002978768,
1.061092e-06,
0.004076213,
0.001011764,
6.083859e-07,
0.004770478,
0.0009477055,
6.240339e-05,
0,
1.878783e-06,
2.691349e-07,
3.185973e-07,
0.002826956,
0.1140987,
0.1229734,
0.06551874,
0.002258125,
0.008816019,
0.010111,
0.6622266,
0,
0,
0,
0,
0,
0.002658773,
5.846146e-05,
0.02274989,
0.006516808,
2.491887e-05,
0.02589653,
0.005978133,
0.001614274,
4.183676e-11,
5.651894e-05,
6.503558e-06,
1.598441e-05,
0.03613232,
0.2569029,
0.1935665,
0.08844982,
0.01437579,
0.02843327,
0.02286045,
0.2937021,
0,
0,
0,
0,
0,
2.150631e-06,
5.260047e-07,
8.489373e-05,
2.164525e-05,
1.565155e-07,
0.0001059658,
2.340074e-05,
4.192564e-05,
3.819877e-11,
5.340078e-07,
5.689904e-10,
8.083413e-08,
0.002877078,
0.01615578,
0.03342401,
0.02523996,
0.001222122,
0.005935826,
0.007427739,
0.9074362,
0,
0,
0,
0,
0,
1.66102e-08,
5.521065e-09,
3.663606e-07,
2.083888e-07,
7.777539e-09,
5.493101e-07,
1.070182e-07,
1.006305e-06,
0.003637278,
4.698973e-08,
1.499296e-13,
8.352108e-09,
0.0001645599,
0.0006456451,
0.002830819,
0.002991296,
0.0002536915,
0.001509747,
0.001909555,
0.9860551,
0,
0,
0,
0,
0,
2.166038e-05,
2.0528e-07,
0.0004508939,
8.889534e-05,
1.450129e-07,
0.0005396459,
8.156418e-05,
1.900776e-05,
0.01343348,
4.135801e-07,
6.201242e-09,
7.825976e-08,
0.001360611,
0.02682105,
0.03922907,
0.02308325,
0.0009672557,
0.004290806,
0.004834259,
0.8847777,
0,
0,
0,
0,
0,
0.0008332267,
2.108053e-06,
0.007076364,
0.0009707355,
8.520809e-10,
0.008018754,
0.0007080223,
0.0001337747,
5.493348e-10,
3.578043e-09,
3.031525e-07,
3.789771e-10,
0.005278132,
0.07292172,
0.06151066,
0.02454882,
4.999901e-05,
0.0004717601,
0.000783476,
0.8166921,
0,
0,
0,
0,
0,
3.429946e-07,
8.17942e-09,
1.521291e-05,
2.415814e-06,
1.169918e-07,
1.902647e-05,
2.355884e-06,
1.391016e-06,
0,
2.661571e-07,
2.465989e-11,
6.801979e-08,
0.0001727248,
0.00336425,
0.008010782,
0.005809379,
0.0006875917,
0.002775971,
0.002747291,
0.9763908,
0,
0,
0,
0,
0,
8.480146e-06,
2.145755e-07,
0.0002079348,
3.778776e-05,
2.309833e-07,
0.0002519288,
3.495226e-05,
2.063392e-05,
0,
5.765152e-07,
1.591313e-09,
1.323606e-07,
0.001531159,
0.01671127,
0.02713996,
0.01648344,
0.001159077,
0.00455687,
0.004666007,
0.9271894,
0,
0,
0,
0,
0,
6.941375e-06,
9.509272e-08,
0.0001984429,
4.549116e-05,
4.949995e-08,
0.0002425975,
4.60538e-05,
1.007708e-05,
0,
1.814482e-07,
1.921235e-09,
2.411735e-08,
0.0009181801,
0.02219094,
0.03904952,
0.02639814,
0.0006234471,
0.003579817,
0.004868129,
0.9018219,
0,
0,
0,
0,
0,
4.353265e-06,
6.577898e-12,
0.000154845,
5.305525e-05,
4.5295e-07,
0.0001914827,
6.217376e-05,
2.346939e-09,
0,
1.746519e-06,
2.588678e-09,
2.094204e-07,
1.098483e-06,
0.03042124,
0.06263395,
0.05143862,
0.002448066,
0.01154636,
0.01552712,
0.8255152,
0,
0,
0,
0,
0,
8.174478e-05,
1.234805e-05,
0.001488873,
0.000652885,
0.0001062488,
0.001765284,
0.0007508318,
0.000263174,
3.074092e-10,
0.0002578602,
2.372165e-07,
6.129714e-05,
0.004971435,
0.09505716,
0.1352618,
0.0980841,
0.03641214,
0.07111345,
0.06222178,
0.4914374,
0,
0,
0,
0,
0,
0,
9.377462e-06,
2.107694e-07,
1.077509e-07,
9.733046e-07,
2.463911e-07,
1.046882e-07,
0.0004319447,
2.273737e-11,
3.227228e-06,
6.628799e-14,
5.208178e-07,
0.01607918,
0.0009518453,
0.005984297,
0.009218693,
0.003887907,
0.01537435,
0.01797655,
0.9300805,
0,
0,
0,
0,
0,
1.415484e-05,
6.346319e-06,
0.0003935997,
0.0001126718,
8.884704e-07,
0.0004840911,
0.0001225071,
0.0003177038,
4.478352e-09,
2.701599e-06,
7.7239e-09,
5.190586e-07,
0.014395,
0.04212914,
0.06941956,
0.04773419,
0.002750361,
0.009886616,
0.01081196,
0.8014179,
0,
0,
0,
0,
0,
2.212697e-05,
6.59455e-07,
0.0004798487,
9.823282e-05,
6.425894e-07,
0.0005781777,
9.257749e-05,
5.176153e-05,
0,
1.637033e-06,
6.598324e-09,
3.94162e-07,
0.003289326,
0.0308151,
0.04526488,
0.02690499,
0.002240651,
0.007854109,
0.007799691,
0.8745052,
0,
0,
0,
0,
0,
0,
8.605084e-09,
1.66719e-06,
1.948154e-07,
1.622076e-10,
2.222304e-06,
2.788963e-07,
1.533797e-06,
0,
6.472284e-10,
7.95967e-13,
6.479117e-11,
0.0002096108,
0.0009882671,
0.003220185,
0.002701306,
1.752475e-05,
0.0002091068,
0.0003835992,
0.9922645,
0,
0,
0,
0,
0,
0.002431426,
3.141809e-08,
0.01503699,
0.001786368,
1.450043e-10,
0.01666983,
0.001183726,
4.203361e-06,
0,
6.53161e-10,
9.466329e-07,
6.033873e-11,
0.0004027584,
0.08326761,
0.0587228,
0.02044467,
1.66783e-05,
0.0001988256,
0.0003659191,
0.7994672,
0,
0,
0,
0,
0,
0.0001170701,
4.23512e-07,
0.001832718,
0.0004123939,
3.988605e-07,
0.002155745,
0.0003798422,
3.033345e-05,
0,
1.123673e-06,
6.861933e-08,
1.969295e-07,
0.001593095,
0.06637934,
0.08051628,
0.04458814,
0.001654161,
0.006749017,
0.007692799,
0.7858968,
0,
0,
0,
0,
0,
4.579767e-06,
0.002921768,
0.0001919405,
8.662815e-05,
1.881251e-05,
0.0002411306,
0.0001138431,
0.0480557,
1.120497e-09,
6.023024e-05,
4.425431e-09,
1.030056e-05,
0.6785599,
0.0364575,
0.05190655,
0.03543139,
0.01632757,
0.03029892,
0.02419756,
0.07511569,
0,
0,
0,
0,
0,
1.940854e-06,
2.037953e-06,
8.069738e-05,
2.315987e-05,
6.684569e-08,
0.000101285,
2.677206e-05,
0.0001158541,
0,
2.757934e-07,
6.174023e-10,
3.065602e-08,
0.004910786,
0.01872939,
0.04061038,
0.03256083,
0.0008388954,
0.00503357,
0.007398932,
0.8895651,
0,
0,
0,
0,
0,
2.505145e-05,
2.362796e-08,
0.0005277386,
0.000109995,
1.943068e-07,
0.0006322986,
0.0001033289,
3.036106e-06,
1.244189e-09,
5.68051e-07,
8.165509e-09,
1.066473e-07,
0.0003166913,
0.03249932,
0.04751879,
0.02842313,
0.001165998,
0.005031126,
0.005680136,
0.8779625,
0,
0,
0,
0,
0,
0.0002452531,
1.927522e-08,
0.003126239,
0.0006245812,
1.166183e-06,
0.003631011,
0.0005389299,
2.280088e-06,
0,
2.793084e-06,
1.390147e-07,
6.963406e-07,
0.0002025838,
0.07493766,
0.08021072,
0.04020328,
0.002948598,
0.009320747,
0.00879666,
0.7752066,
0,
0,
0,
0,
0,
5.261168e-06,
1.252523e-06,
0.0001934253,
7.187478e-05,
1.210495e-06,
0.0002401692,
8.718802e-05,
6.959783e-05,
4.0842e-11,
4.548815e-06,
3.676224e-09,
5.985836e-07,
0.003413214,
0.03911017,
0.07924188,
0.06604838,
0.00463613,
0.01904801,
0.02409164,
0.7637354,
0,
0,
0,
0,
0,
1.066453e-07,
5.881162e-08,
7.186021e-06,
1.815719e-06,
2.799625e-08,
9.202519e-06,
2.128162e-06,
6.085223e-06,
0,
9.008414e-08,
1.292098e-11,
1.046842e-08,
0.0004670407,
0.004127943,
0.01279621,
0.0120868,
0.0004217731,
0.002795321,
0.004124923,
0.9631532,
0,
0,
0,
0,
0,
2.603781e-05,
1.327866e-07,
0.0005691019,
0.0001221031,
3.242052e-08,
0.0006878013,
0.0001173495,
1.34365e-05,
0,
1.202283e-07,
9.063162e-09,
1.597394e-08,
0.001178058,
0.03631748,
0.0524028,
0.03113629,
0.0004766459,
0.002863028,
0.003957365,
0.8701322,
0,
0,
0,
0,
0,
5.296798e-07,
6.90489e-10,
1.989756e-05,
3.155249e-06,
8.938714e-08,
2.489679e-05,
2.824578e-06,
1.827088e-07,
0,
2.018446e-07,
3.361899e-11,
5.967171e-08,
3.985479e-05,
0.003633697,
0.007946942,
0.005329877,
0.000578805,
0.002323319,
0.002232996,
0.9778627,
0,
0,
0,
2076, 
0,
0,
5.461858e-05,
2.603469e-05,
0.001108013,
0.000338812,
5.969752e-06,
0.00132975,
0.0003573876,
0.0007537493,
4.720278e-10,
1.619261e-05,
5.153373e-08,
3.484507e-06,
0.01534367,
0.07102036,
0.1001017,
0.06496998,
0.008872973,
0.02507479,
0.02444242,
0.68618,
0,
0,
0,
0,
0,
0.0002505001,
8.263403e-07,
0.003543478,
0.0008917098,
5.238945e-07,
0.004171007,
0.0008473112,
4.954889e-05,
0,
1.651091e-06,
2.284923e-07,
2.80044e-07,
0.002411219,
0.1075901,
0.1187939,
0.06410071,
0.002099331,
0.00843502,
0.00982595,
0.6769868,
0,
0,
0,
0,
0,
0.002242489,
5.030185e-05,
0.01976342,
0.005719729,
2.39079e-05,
0.02261298,
0.005309861,
0.001391038,
4.183676e-11,
5.4493e-05,
5.519841e-06,
1.571855e-05,
0.0318858,
0.2431616,
0.1897025,
0.08827516,
0.01437314,
0.02893941,
0.02343539,
0.3230375,
0,
0,
0,
0,
0,
1.916786e-06,
4.705307e-07,
7.767802e-05,
2.009463e-05,
1.531846e-07,
9.752611e-05,
2.201921e-05,
3.7807e-05,
3.819877e-11,
5.268938e-07,
5.244267e-10,
8.281217e-08,
0.002728205,
0.01561137,
0.03269789,
0.02483218,
0.001218998,
0.005934695,
0.007421861,
0.9092965,
0,
0,
0,
0,
0,
1.697666e-08,
5.254186e-09,
4.049805e-07,
2.190415e-07,
9.456832e-09,
6.039244e-07,
1.216767e-07,
9.573785e-07,
0.003789871,
5.275844e-08,
1.81557e-13,
9.663209e-09,
0.0001619709,
0.0007043161,
0.003054856,
0.003216556,
0.0002748791,
0.001619857,
0.002043322,
0.985132,
0,
0,
0,
0,
0,
1.74699e-05,
1.752392e-07,
0.0003741764,
7.439999e-05,
1.343766e-07,
0.0004502661,
6.904898e-05,
1.631498e-05,
0.01167276,
3.836417e-07,
5.016279e-09,
7.473259e-08,
0.001208576,
0.02402375,
0.03606275,
0.02147908,
0.0009236028,
0.004127278,
0.004647427,
0.8948523,
0,
0,
0,
0,
0,
0.0006493241,
1.704408e-06,
0.005784318,
0.0008098125,
7.608025e-10,
0.006605137,
0.0006022317,
0.0001109348,
5.493347e-10,
3.230409e-09,
2.398926e-07,
3.444782e-10,
0.004824165,
0.06661075,
0.05805803,
0.02358264,
4.68635e-05,
0.0004518183,
0.000759626,
0.8311024,
0,
0,
0,
0,
0,
2.667935e-07,
6.807811e-09,
1.263741e-05,
2.044391e-06,
1.066791e-07,
1.595763e-05,
2.047202e-06,
1.169379e-06,
0,
2.488784e-07,
1.987361e-11,
6.612969e-08,
0.0001525552,
0.003122562,
0.007646338,
0.005627146,
0.0006708483,
0.002745454,
0.002730714,
0.9772698,
0,
0,
0,
0,
0,
6.829413e-06,
1.847424e-07,
0.000175677,
3.250884e-05,
2.035234e-07,
0.0002146487,
3.068853e-05,
1.790799e-05,
0,
5.177124e-07,
1.293429e-09,
1.208915e-07,
0.001393026,
0.01558023,
0.02592479,
0.01593844,
0.001094043,
0.004389152,
0.004538396,
0.9306626,
0,
0,
0,
0,
0,
5.878666e-06,
8.445561e-08,
0.0001733755,
4.030342e-05,
4.690224e-08,
0.0002133081,
4.144343e-05,
9.069493e-06,
0,
1.738123e-07,
1.650458e-09,
2.389704e-08,
0.0008827439,
0.02091099,
0.03753251,
0.0256179,
0.0006120682,
0.003540012,
0.004821442,
0.9055986,
0,
0,
0,
0,
0,
3.36774e-06,
3.576412e-12,
0.0001276656,
4.371831e-05,
3.641994e-07,
0.0001592844,
5.206696e-05,
1.487784e-09,
0,
1.437305e-06,
1.846166e-09,
1.743911e-07,
9.129507e-07,
0.02802861,
0.05922854,
0.04906899,
0.002239169,
0.0108774,
0.0147766,
0.8353917,
0,
0,
0,
0,
0,
6.008634e-05,
4.554425e-06,
0.001162487,
0.0005059452,
8.315877e-05,
0.001387636,
0.0005881792,
0.0001134581,
3.074092e-10,
0.0002057352,
1.632449e-07,
4.875835e-05,
0.002883345,
0.08574907,
0.1280768,
0.09466088,
0.03339118,
0.0682541,
0.06066618,
0.5221583,
0,
0,
0,
0,
0,
0,
7.649915e-06,
1.961986e-07,
1.026308e-07,
9.46684e-07,
2.275539e-07,
9.786368e-08,
0.0003577606,
2.273737e-11,
3.144793e-06,
6.055724e-14,
5.230107e-07,
0.01395656,
0.0009157247,
0.005816173,
0.008986214,
0.003835592,
0.01519298,
0.01773047,
0.9331957,
0,
0,
0,
0,
0,
1.411292e-05,
6.402747e-06,
0.0003940634,
0.0001151253,
1.001818e-06,
0.0004866595,
0.0001267492,
0.0003193248,
4.478351e-09,
3.031443e-06,
8.194532e-09,
6.080176e-07,
0.01507828,
0.04309111,
0.07102604,
0.04892229,
0.002925647,
0.0103019,
0.01115002,
0.7960376,
0,
0,
0,
0,
0,
1.920323e-05,
6.042094e-07,
0.0004302956,
9.025108e-05,
7.08856e-07,
0.0005221916,
8.674761e-05,
4.778349e-05,
0,
1.807248e-06,
5.972165e-09,
4.596338e-07,
0.003226341,
0.0298919,
0.04469398,
0.02685015,
0.00237983,
0.008229758,
0.008114932,
0.8754131,
0,
0,
0,
0,
0,
0,
7.843189e-09,
1.544639e-06,
1.840784e-07,
1.378824e-10,
2.079202e-06,
2.738423e-07,
1.401907e-06,
0,
5.598392e-10,
7.774113e-13,
5.588958e-11,
0.0002020213,
0.0009857918,
0.0032561,
0.002758628,
1.603753e-05,
0.0001990352,
0.0003750636,
0.9922018,
0,
0,
0,
0,
0,
0.001825046,
2.716281e-08,
0.01185803,
0.001425839,
1.348125e-10,
0.01324637,
0.0009612038,
3.712456e-06,
0,
6.141964e-10,
7.05166e-07,
6.083559e-11,
0.0003875063,
0.07384932,
0.05409869,
0.01918691,
1.652412e-05,
0.0001982012,
0.0003633416,
0.8225785,
0,
0,
0,
0,
0,
9.347808e-05,
3.397553e-07,
0.001517507,
0.0003448247,
3.268739e-07,
0.001795518,
0.0003219007,
2.44609e-05,
0,
9.336803e-07,
5.463561e-08,
1.635921e-07,
0.001320966,
0.06015695,
0.07515947,
0.04223217,
0.001481693,
0.006257383,
0.007254708,
0.8020372,
0,
0,
0,
0,
0,
4.593364e-06,
0.002727139,
0.0001921123,
8.780547e-05,
1.989481e-05,
0.0002422208,
0.000116452,
0.04521393,
1.120497e-09,
6.351107e-05,
4.71629e-09,
1.132818e-05,
0.6713345,
0.03708133,
0.05326273,
0.03658368,
0.01694247,
0.03151346,
0.02522747,
0.07937533,
0,
0,
0,
0,
0,
1.796159e-06,
1.638461e-06,
7.577084e-05,
2.203574e-05,
6.127773e-08,
9.553142e-05,
2.577712e-05,
9.364806e-05,
0,
2.569664e-07,
5.889708e-10,
2.886817e-08,
0.004102134,
0.01833996,
0.04014457,
0.03234564,
0.0008079591,
0.0049264,
0.007302505,
0.8917143,
0,
0,
0,
0,
0,
2.068606e-05,
1.90157e-08,
0.000452283,
9.581124e-05,
1.938694e-07,
0.0005455918,
9.157548e-05,
2.488202e-06,
1.244189e-09,
5.700172e-07,
6.835807e-09,
1.112223e-07,
0.000276346,
0.03044504,
0.04560646,
0.02762449,
0.001175608,
0.005074007,
0.00571961,
0.8828691,
0,
0,
0,
0,
0,
0.0001921394,
1.417417e-08,
0.002560606,
0.000517133,
1.095058e-06,
0.002994634,
0.000453278,
1.720823e-06,
0,
2.637779e-06,
1.078482e-07,
6.7701e-07,
0.0001633378,
0.06798747,
0.07510038,
0.0382249,
0.002872908,
0.009164662,
0.008662176,
0.7911001,
0,
0,
0,
0,
0,
4.379372e-06,
9.304443e-07,
0.0001685815,
6.305939e-05,
1.148302e-06,
0.0002108186,
7.764079e-05,
5.331294e-05,
4.0842e-11,
4.346687e-06,
2.97665e-09,
5.92543e-07,
0.002765329,
0.03701613,
0.07645006,
0.06419984,
0.004576924,
0.01890174,
0.02388516,
0.77162,
0,
0,
0,
0,
0,
8.569398e-08,
4.310964e-08,
6.04887e-06,
1.544336e-06,
2.680797e-08,
7.801246e-06,
1.841822e-06,
4.582305e-06,
0,
8.587479e-08,
1.040316e-11,
1.039762e-08,
0.0003773642,
0.003803862,
0.01207821,
0.01153318,
0.0004122512,
0.002745733,
0.004048526,
0.9649788,
0,
0,
0,
0,
0,
2.326503e-05,
1.20222e-07,
0.0005209807,
0.0001140466,
3.224242e-08,
0.0006334263,
0.0001113677,
1.223575e-05,
0,
1.207349e-07,
8.436084e-09,
1.656684e-08,
0.001129543,
0.03535322,
0.05174397,
0.03100508,
0.0004785623,
0.002877506,
0.003978457,
0.872018,
0,
0,
0,
0,
0,
4.934338e-07,
6.165436e-10,
1.880333e-05,
3.060894e-06,
1.021782e-07,
2.366627e-05,
2.784746e-06,
1.632566e-07,
0,
2.30307e-07,
3.302886e-11,
7.21646e-08,
3.699966e-05,
0.003627655,
0.008019978,
0.005419932,
0.0006288972,
0.002479995,
0.002362211,
0.977375,
0,
0,
0,
2077, 
0,
0,
4.414632e-05,
1.812299e-05,
0.0009283454,
0.0002850791,
5.306386e-06,
0.001120235,
0.0003041038,
0.0005326559,
4.720278e-10,
1.450079e-05,
4.094047e-08,
3.162653e-06,
0.01129695,
0.06485616,
0.09406013,
0.06183034,
0.008343164,
0.02402616,
0.02358504,
0.7087464,
0,
0,
0,
0,
0,
0.0002084302,
6.220783e-07,
0.00305316,
0.0007784571,
4.457334e-07,
0.003615116,
0.0007504482,
3.829475e-05,
0,
1.438804e-06,
1.912439e-07,
2.441859e-07,
0.00203318,
0.1008721,
0.1142307,
0.06245128,
0.001950598,
0.008073963,
0.009548246,
0.6923931,
0,
0,
0,
0,
0,
0.001866958,
4.231606e-05,
0.01696305,
0.004951924,
2.260047e-05,
0.0195079,
0.004649575,
0.001172344,
4.183676e-11,
5.175381e-05,
4.605366e-06,
1.520687e-05,
0.02749618,
0.2278472,
0.1842182,
0.08728492,
0.01423488,
0.02920724,
0.02381695,
0.3566462,
0,
0,
0,
0,
0,
1.694116e-06,
4.101131e-07,
7.063564e-05,
1.853544e-05,
1.529401e-07,
8.920999e-05,
2.058499e-05,
3.31727e-05,
3.819878e-11,
5.285634e-07,
4.787629e-10,
8.675582e-08,
0.002497031,
0.01502367,
0.03188468,
0.0243622,
0.001227037,
0.005965996,
0.007439824,
0.9113646,
0,
0,
0,
0,
0,
1.725594e-08,
4.839114e-09,
4.350368e-07,
2.27992e-07,
1.114136e-08,
6.473163e-07,
1.344875e-07,
8.796404e-07,
0.003890902,
5.857369e-08,
2.099388e-13,
1.106702e-08,
0.0001525141,
0.0007552499,
0.003251893,
0.003416834,
0.000295569,
0.00172585,
0.002170785,
0.984338,
0,
0,
0,
0,
0,
1.381032e-05,
1.459597e-07,
0.0003051188,
6.114744e-05,
1.229635e-07,
0.00036925,
5.740993e-05,
1.367516e-05,
0.01000144,
3.512828e-07,
3.959959e-09,
7.05427e-08,
0.001047612,
0.02125298,
0.03281225,
0.0197982,
0.0008743174,
0.003940024,
0.004434436,
0.9050176,
0,
0,
0,
0,
0,
0.0005019507,
1.352949e-06,
0.00469201,
0.0006696453,
6.651759e-10,
0.005399194,
0.000507677,
9.077756e-05,
5.493348e-10,
2.861592e-09,
1.875894e-07,
3.071608e-10,
0.004398514,
0.06048239,
0.05452365,
0.02254797,
4.33998e-05,
0.0004289398,
0.0007312389,
0.8449811,
0,
0,
0,
0,
0,
2.068363e-07,
5.55868e-09,
1.052267e-05,
1.735331e-06,
1.018246e-07,
1.341904e-05,
1.786412e-06,
9.643169e-07,
0,
2.423609e-07,
1.608497e-11,
6.762315e-08,
0.0001317299,
0.002907031,
0.007318187,
0.005465415,
0.0006687203,
0.002754113,
0.002743049,
0.9779827,
0,
0,
0,
0,
0,
5.579259e-06,
1.576066e-07,
0.0001493173,
2.810459e-05,
1.804537e-07,
0.0001837856,
2.700856e-05,
1.535163e-05,
0,
4.661769e-07,
1.073453e-09,
1.104518e-07,
0.001239696,
0.01446152,
0.02463378,
0.01532759,
0.001028341,
0.004205955,
0.004390627,
0.9343024,
0,
0,
0,
0,
0,
4.959224e-06,
7.38561e-08,
0.0001509915,
3.559559e-05,
4.553959e-08,
0.0001869706,
3.718565e-05,
8.060289e-06,
0,
1.701025e-07,
1.411017e-09,
2.437732e-08,
0.0008436581,
0.01967175,
0.03603005,
0.02483606,
0.0006083503,
0.003528544,
0.00480095,
0.9092566,
0,
0,
0,
0,
0,
2.687406e-06,
1.953486e-12,
0.0001077018,
3.695003e-05,
3.031431e-07,
0.0001355195,
4.470655e-05,
9.917596e-10,
0,
1.222054e-06,
1.383225e-09,
1.511036e-07,
8.107615e-07,
0.026075,
0.05634163,
0.04702383,
0.002083167,
0.01036082,
0.01417822,
0.8436072,
0,
0,
0,
0,
0,
4.29139e-05,
1.482987e-06,
0.00089486,
0.0003858285,
6.487532e-05,
0.001076707,
0.000454347,
4.653204e-05,
3.074092e-10,
0.0001641107,
1.062359e-07,
3.885345e-05,
0.001820038,
0.07724022,
0.1209243,
0.09099168,
0.03086023,
0.06571534,
0.05915686,
0.5501207,
0,
0,
0,
0,
0,
0,
6.126511e-06,
1.826674e-07,
9.783106e-08,
9.168141e-07,
2.099373e-07,
9.136451e-08,
0.0002908822,
2.273737e-11,
3.052366e-06,
5.525942e-14,
5.223061e-07,
0.01186368,
0.0008799886,
0.00564748,
0.008752661,
0.003773764,
0.01498454,
0.01746177,
0.936334,
0,
0,
0,
0,
0,
1.393664e-05,
6.208772e-06,
0.0003913438,
0.0001165615,
1.135154e-06,
0.0004852916,
0.000129911,
0.0003099264,
4.478352e-09,
3.413315e-06,
8.561684e-09,
7.156693e-07,
0.01526104,
0.04384357,
0.07238269,
0.04996824,
0.003121714,
0.01075693,
0.01151197,
0.7916954,
0,
0,
0,
0,
0,
1.670171e-05,
5.395257e-07,
0.0003866708,
8.314324e-05,
8.069153e-07,
0.0004726173,
8.15135e-05,
4.303121e-05,
0,
2.050573e-06,
5.427033e-09,
5.530339e-07,
0.003076393,
0.02904508,
0.04419326,
0.02683437,
0.002565905,
0.008709853,
0.008505301,
0.8759822,
0,
0,
0,
0,
0,
0,
6.96414e-09,
1.425673e-06,
1.724359e-07,
1.165502e-10,
1.937716e-06,
2.67105e-07,
1.247216e-06,
0,
4.836623e-10,
7.520985e-13,
4.809055e-11,
0.0001878095,
0.0009787476,
0.003279376,
0.002806894,
1.477647e-05,
0.000190942,
0.0003691869,
0.9921672,
0,
0,
0,
0,
0,
0.001347971,
2.308893e-08,
0.009228956,
0.00112263,
1.335605e-10,
0.010392,
0.0007704246,
3.23133e-06,
0,
6.092097e-10,
5.142581e-07,
6.636548e-11,
0.0003689225,
0.06506114,
0.04960134,
0.01793602,
1.682793e-05,
0.0002007794,
0.0003644229,
0.8435848,
0,
0,
0,
0,
0,
7.331355e-05,
2.63324e-07,
0.001238411,
0.0002839792,
2.636517e-07,
0.001474384,
0.000268801,
1.910619e-05,
0,
7.639106e-07,
4.248562e-08,
1.337453e-07,
0.001065151,
0.05404373,
0.06967764,
0.03975525,
0.001319595,
0.005778983,
0.006816091,
0.8181841,
0,
0,
0,
0,
0,
5.009585e-06,
0.002517695,
0.0002039939,
9.510722e-05,
2.391104e-05,
0.0002579318,
0.0001272974,
0.04203032,
1.120497e-09,
7.487599e-05,
5.911045e-09,
1.442319e-05,
0.6537818,
0.03893006,
0.05632944,
0.0390199,
0.01854171,
0.03424859,
0.02743501,
0.08636295,
0,
0,
0,
0,
0,
1.644948e-06,
1.276465e-06,
7.049734e-05,
2.076115e-05,
5.7045e-08,
8.928712e-05,
2.457762e-05,
7.350255e-05,
0,
2.430303e-07,
5.541602e-10,
2.781159e-08,
0.003338518,
0.01784661,
0.03948804,
0.03199162,
0.000786904,
0.004857529,
0.007240483,
0.8941684,
0,
0,
0,
0,
0,
1.698391e-05,
1.491925e-08,
0.000386918,
8.343693e-05,
1.978588e-07,
0.0004701866,
8.127332e-05,
1.992392e-06,
1.244189e-09,
5.843564e-07,
5.692181e-09,
1.191853e-07,
0.0002358208,
0.02862295,
0.04394093,
0.02695911,
0.001198468,
0.005155005,
0.005792135,
0.8870538,
0,
0,
0,
0,
0,
0.0001493784,
1.011905e-08,
0.002081507,
0.0004247944,
1.019724e-06,
0.002451112,
0.0003781743,
1.263532e-06,
0,
2.470017e-06,
8.296347e-08,
6.520513e-07,
0.0001285467,
0.06128179,
0.06991702,
0.03615172,
0.002780833,
0.008959659,
0.008483635,
0.8068063,
0,
0,
0,
0,
0,
3.724244e-06,
6.785673e-07,
0.0001491636,
5.623817e-05,
1.140865e-06,
0.0001877876,
7.023602e-05,
4.006657e-05,
4.0842e-11,
4.32366e-06,
2.49646e-09,
6.153695e-07,
0.002197271,
0.03524008,
0.07401536,
0.06256859,
0.004602823,
0.0189723,
0.0238725,
0.7780171,
0,
0,
0,
0,
0,
6.901572e-08,
3.069837e-08,
5.104892e-06,
1.317104e-06,
2.633418e-08,
6.630037e-06,
1.598597e-06,
3.362597e-06,
0,
8.417789e-08,
8.42083e-12,
1.070207e-08,
0.0002992001,
0.003510175,
0.01141242,
0.01101527,
0.0004091317,
0.002724001,
0.004001788,
0.9666098,
0,
0,
0,
0,
0,
2.059807e-05,
1.060841e-07,
0.0004725807,
0.0001053746,
3.277371e-08,
0.0005778949,
0.0001044557,
1.084955e-05,
0,
1.235007e-07,
7.736199e-09,
1.766443e-08,
0.001046591,
0.03412737,
0.05073611,
0.03067649,
0.0004861018,
0.002914183,
0.004019238,
0.8747019,
0,
0,
0,
0,
0,
4.562825e-07,
5.426831e-10,
1.764641e-05,
2.948796e-06,
1.193056e-07,
2.234085e-05,
2.725389e-06,
1.436479e-07,
0,
2.674926e-07,
3.210474e-11,
8.935067e-08,
3.348449e-05,
0.003604867,
0.008064209,
0.005493996,
0.0006895876,
0.0026611,
0.002506275,
0.9768997,
0,
0,
0,
2078, 
0,
0,
3.512274e-05,
1.168943e-05,
0.000768485,
0.000236891,
4.650031e-06,
0.00093273,
0.0002557028,
0.0003514082,
4.720278e-10,
1.281301e-05,
3.183442e-08,
2.830426e-06,
0.007852699,
0.05885302,
0.08795124,
0.05858537,
0.007776222,
0.02286362,
0.02262461,
0.7308809,
0,
0,
0,
0,
0,
0.0001715526,
4.500794e-07,
0.002606647,
0.0006729573,
3.769305e-07,
0.003105038,
0.0006582146,
2.872893e-05,
0,
1.250313e-06,
1.577869e-07,
2.127206e-07,
0.00169954,
0.09398676,
0.1092856,
0.06056071,
0.001818444,
0.007750075,
0.009291125,
0.7083622,
0,
0,
0,
0,
0,
0.001532065,
3.477822e-05,
0.01436315,
0.004223137,
2.10125e-05,
0.01660122,
0.004008427,
0.0009656444,
4.183676e-11,
4.833236e-05,
3.77314e-06,
1.44497e-05,
0.02317239,
0.2109442,
0.1769102,
0.08534602,
0.01393278,
0.02916747,
0.02394816,
0.3947628,
0,
0,
0,
0,
0,
1.483995e-06,
3.498957e-07,
6.378823e-05,
1.697118e-05,
1.554706e-07,
8.103855e-05,
1.909603e-05,
2.847175e-05,
3.819878e-11,
5.379053e-07,
4.32521e-10,
9.258375e-08,
0.002223028,
0.01438213,
0.03095864,
0.02380979,
0.001244516,
0.00602259,
0.007473286,
0.9136741,
0,
0,
0,
0,
0,
1.741881e-08,
4.332759e-09,
4.536216e-07,
2.343995e-07,
1.282775e-08,
6.75373e-07,
1.442862e-07,
7.858141e-07,
0.003930989,
6.438253e-08,
2.318834e-13,
1.25757e-08,
0.0001391901,
0.0007949674,
0.003410661,
0.003581787,
0.00031562,
0.001826451,
0.002289512,
0.9837084,
0,
0,
0,
0,
0,
1.07071e-05,
1.185887e-07,
0.000244604,
4.937822e-05,
1.112733e-07,
0.0002977677,
4.690541e-05,
1.119177e-05,
0.008453912,
3.179256e-07,
3.052398e-09,
6.590184e-08,
0.0008869697,
0.01857912,
0.02956244,
0.01808536,
0.000821235,
0.003735446,
0.004202202,
0.9150121,
0,
0,
0,
0,
0,
0.0003841444,
1.055427e-06,
0.003772216,
0.0005483021,
5.701672e-10,
0.004374707,
0.0004237798,
7.345692e-05,
5.493348e-10,
2.492336e-09,
1.446116e-07,
2.693649e-10,
0.004016996,
0.05457737,
0.05094432,
0.02145849,
3.986785e-05,
0.0004051325,
0.0007009882,
0.858279,
0,
0,
0,
0,
0,
1.598752e-07,
4.450846e-09,
8.795322e-06,
1.479992e-06,
1.023826e-07,
1.133072e-05,
1.568113e-06,
7.796897e-07,
0,
2.468915e-07,
1.310871e-11,
7.293657e-08,
0.0001113013,
0.002717548,
0.007029498,
0.005327422,
0.0006820116,
0.002804817,
0.002786941,
0.9785159,
0,
0,
0,
0,
0,
4.597016e-06,
1.32982e-07,
0.0001270811,
2.429097e-05,
1.600876e-07,
0.0001574098,
2.370852e-05,
1.298688e-05,
0,
4.188493e-07,
9.007355e-10,
1.004915e-07,
0.001081604,
0.0133288,
0.02323737,
0.01463432,
0.0009607183,
0.004004566,
0.004219959,
0.9381818,
0,
0,
0,
0,
0,
4.165274e-06,
6.398494e-08,
0.0001309961,
3.131608e-05,
4.53328e-08,
0.0001632663,
3.323967e-05,
7.116947e-06,
0,
1.700467e-07,
1.199608e-09,
2.557254e-08,
0.0008074154,
0.01846067,
0.03452138,
0.02403867,
0.0006116913,
0.003542452,
0.00480287,
0.9128444,
0,
0,
0,
0,
0,
2.211846e-06,
1.262851e-12,
9.273677e-05,
3.193697e-05,
2.628274e-07,
0.0001175869,
3.9209e-05,
7.572325e-10,
0,
1.077477e-06,
1.093294e-09,
1.36733e-07,
7.718623e-07,
0.02441085,
0.05377145,
0.0451681,
0.001969328,
0.009964827,
0.01369657,
0.8507329,
0,
0,
0,
0,
0,
2.995711e-05,
4.709166e-07,
0.0006840304,
0.0002917626,
5.113622e-05,
0.0008306368,
0.0003488266,
2.098746e-05,
3.074092e-10,
0.0001325416,
6.517758e-08,
3.149912e-05,
0.001381245,
0.06969153,
0.1140681,
0.08726583,
0.02886158,
0.06361326,
0.0577999,
0.5748966,
0,
0,
0,
0,
0,
0,
4.812014e-06,
1.697436e-07,
9.317336e-08,
8.817296e-07,
1.929386e-07,
8.489778e-08,
0.0002319322,
2.273737e-11,
2.943285e-06,
5.017236e-14,
5.172726e-07,
0.009874276,
0.0008425881,
0.005467315,
0.008503199,
0.003696222,
0.01472799,
0.01714773,
0.9394991,
0,
0,
0,
0,
0,
1.359996e-05,
5.78551e-06,
0.0003847207,
0.000116671,
1.295016e-06,
0.0004790367,
0.000131589,
0.0002896722,
4.478352e-09,
3.861834e-06,
8.778421e-09,
8.489349e-07,
0.01483241,
0.04431127,
0.0733939,
0.05081365,
0.003342633,
0.01125482,
0.01189501,
0.7887292,
0,
0,
0,
0,
0,
1.450784e-05,
4.713821e-07,
0.0003468949,
7.642947e-05,
9.302166e-07,
0.0004269778,
7.638543e-05,
3.79427e-05,
0,
2.349946e-06,
4.917039e-09,
6.715262e-07,
0.002867202,
0.0281576,
0.0436107,
0.02676979,
0.002785488,
0.009257969,
0.008938357,
0.8766294,
0,
0,
0,
0,
0,
0,
6.046024e-09,
1.308228e-06,
1.596311e-07,
9.910857e-11,
1.795433e-06,
2.583972e-07,
1.084838e-06,
0,
4.23245e-10,
7.192932e-13,
4.197096e-11,
0.0001699072,
0.0009661929,
0.00328711,
0.002843769,
1.385266e-05,
0.0001859074,
0.0003675044,
0.9921612,
0,
0,
0,
0,
0,
0.000978231,
1.929242e-08,
0.007085182,
0.0008714857,
1.416483e-10,
0.008045585,
0.00060939,
2.772606e-06,
0,
6.394343e-10,
3.661207e-07,
7.780625e-11,
0.0003480198,
0.05697466,
0.0452931,
0.01671315,
1.758797e-05,
0.0002064704,
0.0003690394,
0.8624849,
0,
0,
0,
0,
0,
5.651375e-05,
1.956703e-07,
0.0009967604,
0.0002305305,
2.108794e-07,
0.001194413,
0.0002213616,
1.436075e-05,
0,
6.191821e-07,
3.228918e-08,
1.083833e-07,
0.0008312385,
0.04815698,
0.06418323,
0.03721195,
0.00117244,
0.005328064,
0.006390525,
0.8340105,
0,
0,
0,
0,
0,
6.297975e-06,
0.002286462,
0.0002371498,
0.0001141179,
3.467998e-05,
0.0003000052,
0.0001538021,
0.03838666,
1.120497e-09,
0.0001036271,
9.862021e-09,
2.253577e-05,
0.6223171,
0.0424398,
0.06164193,
0.04318635,
0.02163646,
0.03915246,
0.03132491,
0.09665561,
0,
0,
0,
0,
0,
1.491351e-06,
9.562045e-07,
6.50211e-05,
1.938046e-05,
5.466312e-08,
8.273112e-05,
2.322235e-05,
5.565493e-05,
0,
2.359323e-07,
5.147636e-10,
2.784668e-08,
0.002636125,
0.01726719,
0.03866831,
0.03151771,
0.0007791505,
0.004840316,
0.007226742,
0.8968157,
0,
0,
0,
0,
0,
1.412526e-05,
1.143055e-08,
0.0003366501,
7.434273e-05,
2.191109e-07,
0.0004125248,
7.408846e-05,
1.561832e-06,
1.244189e-09,
6.469063e-07,
4.870354e-09,
1.4053e-07,
0.0001976875,
0.02747473,
0.04311984,
0.02678231,
0.00126676,
0.005363712,
0.005977351,
0.8889033,
0,
0,
0,
0,
0,
0.0001151466,
6.956725e-09,
0.001679355,
0.0003462905,
9.479648e-07,
0.001991383,
0.0003131758,
8.967634e-07,
0,
2.308655e-06,
6.318938e-08,
6.274217e-07,
9.838781e-05,
0.05497039,
0.06484352,
0.03407864,
0.002687881,
0.008746352,
0.008295407,
0.8218292,
0,
0,
0,
0,
0,
3.235592e-06,
4.869805e-07,
0.0001338236,
5.089687e-05,
1.179673e-06,
0.0001694992,
6.440836e-05,
2.95514e-05,
4.0842e-11,
4.451753e-06,
2.168708e-09,
6.649178e-07,
0.001710885,
0.03369404,
0.07182578,
0.06108135,
0.004704058,
0.01923374,
0.02402646,
0.7832655,
0,
0,
0,
0,
0,
5.562789e-08,
2.110247e-08,
4.313705e-06,
1.124632e-06,
2.649595e-08,
5.641064e-06,
1.389163e-06,
2.393492e-06,
0,
8.469873e-08,
6.841283e-12,
1.138514e-08,
0.0002327533,
0.003239306,
0.01078186,
0.01051915,
0.0004117237,
0.002726412,
0.003979589,
0.9680941,
0,
0,
0,
0,
0,
1.807294e-05,
9.160995e-08,
0.000424927,
9.639515e-05,
3.435413e-08,
0.0005225384,
9.694211e-05,
9.409167e-06,
0,
1.296688e-07,
7.000138e-09,
1.953612e-08,
0.0009432178,
0.03269971,
0.04944519,
0.03018586,
0.0005018888,
0.002984713,
0.004093111,
0.8779777,
0,
0,
0,
0,
0,
4.160388e-07,
4.6671e-10,
1.634864e-05,
2.805942e-06,
1.408215e-07,
2.082346e-05,
2.63326e-06,
1.235784e-07,
0,
3.131778e-07,
3.065785e-11,
1.118572e-07,
2.956084e-05,
0.003552237,
0.008053808,
0.005535088,
0.000759184,
0.002859366,
0.002657918,
0.9765091,
0,
0,
0,
2079, 
0,
0,
2.753594e-05,
6.744134e-06,
0.0006291968,
0.0001946232,
4.023623e-06,
0.0007683857,
0.0002127086,
0.0002101364,
4.720278e-10,
1.118919e-05,
2.425164e-08,
2.502682e-06,
0.005042437,
0.05310976,
0.0818852,
0.05529595,
0.007195025,
0.02163428,
0.02159752,
0.7521728,
0,
0,
0,
0,
0,
0.0001396489,
3.107154e-07,
0.002204604,
0.0005759712,
3.191765e-07,
0.002642266,
0.0005716085,
2.087199e-05,
0,
1.090261e-06,
1.283213e-07,
1.866868e-07,
0.001415062,
0.08699803,
0.1039855,
0.05843117,
0.001705985,
0.007470641,
0.009059318,
0.7247773,
0,
0,
0,
0,
0,
0.001237468,
2.784451e-05,
0.01198079,
0.003543244,
1.918201e-05,
0.01391657,
0.003398036,
0.0007756637,
4.183676e-11,
4.431158e-05,
3.031289e-06,
1.346421e-05,
0.01906805,
0.1925944,
0.167671,
0.08235958,
0.01344591,
0.02875624,
0.02377448,
0.4373708,
0,
0,
0,
0,
0,
1.287332e-06,
2.923425e-07,
5.716703e-05,
1.54123e-05,
1.603325e-07,
7.305265e-05,
1.75624e-05,
2.393459e-05,
3.819878e-11,
5.534618e-07,
3.86446e-10,
1.001684e-07,
0.001933459,
0.01368374,
0.02990751,
0.023164,
0.001269303,
0.006095975,
0.007512743,
0.9162437,
0,
0,
0,
0,
0,
1.746483e-08,
3.77539e-09,
4.60518e-07,
2.380813e-07,
1.447075e-08,
6.876196e-07,
1.507353e-07,
6.835765e-07,
0.003912264,
6.998401e-08,
2.464637e-13,
1.416706e-08,
0.0001236581,
0.0008225102,
0.003528041,
0.003708531,
0.0003339504,
0.001914652,
0.002389937,
0.9832641,
0,
0,
0,
0,
0,
8.127994e-06,
9.375021e-08,
0.0001925833,
3.913972e-05,
9.965925e-08,
0.0002359069,
3.762611e-05,
8.925324e-06,
0.007047125,
2.846023e-07,
2.29143e-09,
6.098998e-08,
0.0007329506,
0.01604993,
0.02637974,
0.01637746,
0.0007658722,
0.003519116,
0.003956844,
0.9246481,
0,
0,
0,
0,
0,
0.0002904889,
8.104187e-07,
0.003002163,
0.000444039,
4.80546e-10,
0.003509456,
0.0003499378,
5.893254e-05,
5.493348e-10,
2.142218e-09,
1.09635e-07,
2.334585e-10,
0.003686154,
0.04891793,
0.04733839,
0.02031933,
3.650428e-05,
0.0003821724,
0.0006711406,
0.8709924,
0,
0,
0,
0,
0,
1.23459e-07,
3.494532e-09,
7.39669e-06,
1.271256e-06,
1.082765e-07,
9.627944e-06,
1.387641e-06,
6.179812e-07,
0,
2.626518e-07,
1.080565e-11,
8.253588e-08,
9.205544e-05,
0.002553449,
0.006781648,
0.005214981,
0.0007110081,
0.002898657,
0.00286356,
0.9788638,
0,
0,
0,
0,
0,
3.790595e-06,
1.10707e-07,
0.0001076982,
2.087118e-05,
1.412574e-07,
0.0001341453,
2.06522e-05,
1.082146e-05,
0,
3.736335e-07,
7.557572e-10,
9.065277e-08,
0.0009252329,
0.01216872,
0.02172253,
0.01385092,
0.0008904567,
0.003783921,
0.004025298,
0.9423342,
0,
0,
0,
0,
0,
3.486051e-06,
5.559807e-08,
0.000113242,
2.74476e-05,
4.619589e-08,
0.0001420505,
2.959858e-05,
6.313948e-06,
0,
1.733413e-07,
1.015179e-09,
2.748272e-08,
0.000783007,
0.01727469,
0.03299847,
0.02321921,
0.0006213907,
0.003578512,
0.00482343,
0.9163789,
0,
0,
0,
0,
0,
1.872187e-06,
1.033966e-12,
8.127963e-05,
2.813805e-05,
2.37995e-07,
0.0001037591,
3.500201e-05,
6.696413e-10,
0,
9.864775e-07,
9.071355e-10,
1.293431e-07,
7.773127e-07,
0.02296652,
0.05144788,
0.0434625,
0.00189244,
0.009679453,
0.01332278,
0.8569763,
0,
0,
0,
0,
0,
2.073668e-05,
1.92173e-07,
0.0005241183,
0.0002211799,
4.137814e-05,
0.0006428596,
0.0002689767,
1.275251e-05,
3.074092e-10,
0.0001097903,
3.835719e-08,
2.639726e-05,
0.001267348,
0.06303041,
0.1075074,
0.08351176,
0.02731406,
0.06187312,
0.05656713,
0.5970603,
0,
0,
0,
0,
0,
0,
3.704537e-06,
1.574086e-07,
8.865711e-08,
8.426209e-07,
1.765463e-07,
7.847031e-08,
0.0001812443,
2.273737e-11,
2.821015e-06,
4.531185e-14,
5.086144e-07,
0.008048888,
0.0008034123,
0.005274615,
0.008236121,
0.003605165,
0.01442826,
0.01679157,
0.9426224,
0,
0,
0,
0,
0,
1.308841e-05,
5.22858e-06,
0.0003736868,
0.0001152225,
1.490018e-06,
0.000467202,
0.0001314616,
0.0002625637,
4.478352e-09,
4.395438e-06,
8.813297e-09,
1.017306e-06,
0.01392343,
0.04442018,
0.07395595,
0.05139216,
0.003593197,
0.01179967,
0.01229729,
0.7872428,
0,
0,
0,
0,
0,
1.25232e-05,
4.037946e-07,
0.0003089779,
6.962287e-05,
1.05916e-06,
0.0003828504,
7.083666e-05,
3.283443e-05,
0,
2.657974e-06,
4.402046e-09,
8.005465e-07,
0.002624018,
0.0270783,
0.04273492,
0.02652955,
0.003009349,
0.009803003,
0.009354939,
0.8779833,
0,
0,
0,
0,
0,
0,
5.134586e-09,
1.193223e-06,
1.459933e-07,
8.650223e-11,
1.653913e-06,
2.481246e-07,
9.232827e-07,
0,
3.83306e-10,
6.808328e-13,
3.821502e-11,
0.0001500733,
0.0009490084,
0.003281673,
0.002871216,
1.335953e-05,
0.0001847873,
0.0003712658,
0.9921744,
0,
0,
0,
0,
0,
0.0006969419,
1.575999e-08,
0.005365585,
0.0006671331,
1.661437e-10,
0.006147843,
0.0004758668,
2.330287e-06,
0,
7.298908e-10,
2.539722e-07,
1.013395e-10,
0.0003213418,
0.0496306,
0.04121764,
0.0155333,
1.910084e-05,
0.000217148,
0.0003792221,
0.8793257,
0,
0,
0,
0,
0,
4.289073e-05,
1.379874e-07,
0.0007922489,
0.000184734,
1.68728e-07,
0.0009557826,
0.0001800305,
1.029276e-05,
0,
5.006834e-07,
2.404458e-08,
8.778731e-08,
0.0006232561,
0.04259214,
0.05877691,
0.03465296,
0.001042416,
0.004913128,
0.005987167,
0.8492451,
0,
0,
0,
0,
0,
9.28419e-06,
0.002036766,
0.0003032923,
0.0001523834,
5.939513e-05,
0.0003824382,
0.0002057428,
0.03435176,
1.120497e-09,
0.0001654203,
2.184806e-08,
4.158176e-05,
0.5772934,
0.04759918,
0.06902563,
0.04900855,
0.02653137,
0.04639769,
0.03701454,
0.1094215,
0,
0,
0,
0,
0,
1.339465e-06,
6.80843e-07,
5.949643e-05,
1.794341e-05,
5.472367e-08,
7.60588e-05,
2.176907e-05,
4.026441e-05,
0,
2.378504e-07,
4.727139e-10,
2.943465e-08,
0.002006629,
0.01662628,
0.03772677,
0.03095353,
0.0007879989,
0.004886865,
0.007273806,
0.8995202,
0,
0,
0,
0,
0,
1.196163e-05,
8.556115e-09,
0.0002985245,
6.787566e-05,
2.665057e-07,
0.0003690581,
6.937952e-05,
1.198722e-06,
1.244189e-09,
7.824364e-07,
4.323256e-09,
1.833468e-07,
0.0001628138,
0.02682142,
0.04290285,
0.02695476,
0.001406318,
0.005791507,
0.006369587,
0.8887715,
0,
0,
0,
0,
0,
8.80056e-05,
4.556513e-09,
0.001346245,
0.0002805796,
8.903853e-07,
0.001607972,
0.0002579525,
6.099698e-07,
0,
2.179516e-06,
4.762892e-08,
6.125284e-07,
7.288396e-05,
0.04922983,
0.06011503,
0.03213385,
0.002616772,
0.00858416,
0.00814654,
0.8355159,
0,
0,
0,
0,
0,
2.853068e-06,
3.423274e-07,
0.000121125,
4.648169e-05,
1.253696e-06,
0.0001542556,
5.953602e-05,
2.129012e-05,
4.0842e-11,
4.693445e-06,
1.928524e-09,
7.374431e-07,
0.001300434,
0.03227026,
0.06973816,
0.05964226,
0.004864471,
0.01964214,
0.02430259,
0.7878271,
0,
0,
0,
0,
0,
4.493005e-08,
1.393487e-08,
3.653096e-06,
9.622711e-07,
2.7358e-08,
4.809126e-06,
1.209603e-06,
1.647264e-06,
0,
8.765613e-08,
5.590039e-12,
1.254498e-08,
0.0001782849,
0.00299078,
0.01018866,
0.01004771,
0.0004205969,
0.00275516,
0.00398404,
0.9694223,
0,
0,
0,
0,
0,
1.572041e-05,
7.753561e-08,
0.0003789669,
8.73941e-05,
3.690126e-08,
0.0004686002,
8.91396e-05,
7.995523e-06,
0,
1.389822e-07,
6.258466e-09,
2.216909e-08,
0.000830017,
0.03113706,
0.04795133,
0.02957794,
0.0005250736,
0.003085583,
0.004197073,
0.8816478,
0,
0,
0,
0,
0,
3.720166e-07,
3.898808e-10,
1.488262e-05,
2.627888e-06,
1.673471e-07,
1.907991e-05,
2.503438e-06,
1.033308e-07,
0,
3.682652e-07,
2.864504e-11,
1.409537e-07,
2.541445e-05,
0.003463313,
0.007974912,
0.005533836,
0.0008374352,
0.003071692,
0.002813415,
0.9762397,
0,
0,
0,
2080, 
0,
0,
2.131289e-05,
3.27481e-06,
0.0005104837,
0.0001584188,
3.447718e-06,
0.0006274992,
0.0001754411,
0.0001085258,
4.720278e-10,
9.685604e-06,
1.813975e-08,
2.19395e-06,
0.002894056,
0.04774592,
0.07602543,
0.05206319,
0.006626952,
0.02040273,
0.02055831,
0.7720631,
0,
0,
0,
0,
0,
0.0001124163,
2.034708e-07,
0.001846965,
0.000488056,
2.73027e-07,
0.002227505,
0.0004915006,
1.470589e-05,
0,
9.604586e-07,
1.028654e-07,
1.665887e-07,
0.001183991,
0.07999713,
0.09839678,
0.05608828,
0.001614599,
0.007239168,
0.008855505,
0.7414417,
0,
0,
0,
0,
0,
0.0009829234,
2.158821e-05,
0.009838914,
0.002923124,
1.719802e-05,
0.01148515,
0.002831375,
0.0006046675,
4.183676e-11,
3.989441e-05,
2.384702e-06,
1.231166e-05,
0.0152759,
0.1732929,
0.1567039,
0.07837203,
0.01279003,
0.02797319,
0.02328756,
0.4835449,
0,
0,
0,
0,
0,
1.105027e-06,
2.39191e-07,
5.08203e-05,
1.387653e-05,
1.67036e-07,
6.531947e-05,
1.600552e-05,
1.970488e-05,
3.819878e-11,
5.736181e-07,
3.414194e-10,
1.093612e-07,
0.001644709,
0.01293368,
0.02873476,
0.02242539,
0.001298539,
0.006173956,
0.007544449,
0.9190766,
0,
0,
0,
0,
0,
1.740169e-08,
3.210086e-09,
4.56259e-07,
2.390356e-07,
1.573844e-08,
6.845927e-07,
1.537163e-07,
5.802352e-07,
0.003839168,
7.425396e-08,
2.533465e-13,
1.557704e-08,
0.0001071848,
0.0008375032,
0.003602556,
0.003795536,
0.0003458566,
0.0019647,
0.002440715,
0.9830645,
0,
0,
0,
0,
0,
6.04484e-06,
7.186515e-08,
0.0001489782,
3.046789e-05,
8.856055e-08,
0.0001837008,
2.964766e-05,
6.916152e-06,
0.005795875,
2.525762e-07,
1.675911e-09,
5.608002e-08,
0.0005901583,
0.01371061,
0.02333135,
0.01471318,
0.0007104183,
0.003299133,
0.003706765,
0.9337363,
0,
0,
0,
0,
0,
0.0002168009,
6.154321e-07,
0.002364045,
0.0003555642,
4.01636e-10,
0.002786215,
0.0002858163,
4.711363e-05,
5.493348e-10,
1.833356e-09,
8.162321e-08,
2.023653e-10,
0.003413321,
0.04356086,
0.04375983,
0.01915172,
3.358048e-05,
0.000362148,
0.0006444741,
0.8830178,
0,
0,
0,
0,
0,
9.534823e-08,
2.68221e-09,
6.269162e-06,
1.101634e-06,
1.194192e-07,
8.245932e-06,
1.23968e-06,
4.788969e-07,
0,
2.897816e-07,
9.037346e-12,
9.697841e-08,
7.443014e-05,
0.002413213,
0.006574261,
0.005128667,
0.0007556218,
0.003035415,
0.002972961,
0.9790275,
0,
0,
0,
0,
0,
3.107963e-06,
9.057883e-08,
9.048654e-05,
1.775318e-05,
1.235392e-07,
0.0001132794,
1.778932e-05,
8.855061e-06,
0,
3.300262e-07,
6.29068e-10,
8.093119e-08,
0.0007754066,
0.01099074,
0.02010999,
0.01298996,
0.0008185759,
0.003548958,
0.003811524,
0.946703,
0,
0,
0,
0,
0,
2.905174e-06,
4.906561e-08,
9.742905e-05,
2.393196e-05,
4.774408e-08,
0.0001229888,
2.621172e-05,
5.69087e-06,
0,
1.786728e-07,
8.541509e-10,
2.989117e-08,
0.0007780203,
0.01609367,
0.03142428,
0.02235135,
0.0006348186,
0.003625843,
0.004850723,
0.9199618,
0,
0,
0,
0,
0,
1.617307e-06,
9.810866e-13,
7.210272e-05,
2.511004e-05,
2.23658e-07,
9.259158e-05,
3.160323e-05,
6.478456e-10,
0,
9.321544e-07,
7.788527e-10,
1.269223e-07,
8.097093e-07,
0.02165798,
0.04926226,
0.04183583,
0.001843974,
0.00948064,
0.0130317,
0.8626625,
0,
0,
0,
0,
0,
1.454389e-05,
1.30859e-07,
0.0004060145,
0.0001699051,
3.474928e-05,
0.0005029785,
0.0002102628,
1.065208e-05,
3.074092e-10,
9.39006e-05,
2.283926e-08,
2.302912e-05,
0.001291888,
0.05700935,
0.1010125,
0.07960338,
0.02603103,
0.06024363,
0.05529889,
0.6180432,
0,
0,
0,
0,
0,
0,
2.786559e-06,
1.455868e-07,
8.425947e-08,
8.005556e-07,
1.606743e-07,
7.205843e-08,
0.0001384327,
2.273737e-11,
2.688678e-06,
4.064818e-14,
4.970072e-07,
0.006414787,
0.0007622682,
0.005068058,
0.007949476,
0.00350281,
0.01409062,
0.01639692,
0.9456694,
0,
0,
0,
0,
0,
1.239948e-05,
4.606222e-06,
0.000357981,
0.0001120714,
1.729332e-06,
0.0004493938,
0.0001293014,
0.0002319451,
4.478352e-09,
5.033321e-06,
8.649894e-09,
1.231918e-06,
0.01269887,
0.04410419,
0.07396987,
0.05163953,
0.003879708,
0.01240274,
0.012726,
0.7872733,
0,
0,
0,
0,
0,
1.069059e-05,
3.391102e-07,
0.0002717397,
6.24515e-05,
1.165355e-06,
0.0003388003,
6.456224e-05,
2.789319e-05,
0,
2.907705e-06,
3.869478e-09,
9.156892e-07,
0.002362825,
0.02567596,
0.04135554,
0.02597916,
0.003196839,
0.01024881,
0.009677372,
0.880722,
0,
0,
0,
0,
0,
0,
4.26389e-09,
1.081751e-06,
1.318966e-07,
8.006331e-11,
1.514974e-06,
2.367715e-07,
7.686e-07,
0,
3.704914e-10,
6.386079e-13,
3.789338e-11,
0.000129577,
0.0009284332,
0.003266628,
0.002892199,
1.340716e-05,
0.0001885036,
0.000381755,
0.9921958,
0,
0,
0,
0,
0,
0.000487828,
1.256256e-08,
0.004012283,
0.0005042571,
1.963662e-10,
0.004641378,
0.0003673692,
1.911321e-06,
0,
8.413613e-10,
1.717949e-07,
1.297114e-10,
0.0002872693,
0.04302982,
0.03738845,
0.01440014,
2.085746e-05,
0.0002293286,
0.0003909604,
0.894238,
0,
0,
0,
0,
0,
3.210216e-05,
9.089365e-08,
0.0006225896,
0.000146329,
1.357565e-07,
0.0007563707,
0.0001447907,
6.936968e-06,
0,
4.055225e-07,
1.758952e-08,
7.140429e-08,
0.0004440675,
0.03741619,
0.05354284,
0.03212298,
0.000928657,
0.004534375,
0.005608296,
0.8636928,
0,
0,
0,
0,
0,
1.318014e-05,
0.001771507,
0.0003872314,
0.0002013107,
9.666765e-05,
0.0004869098,
0.0002721375,
0.03005462,
1.120497e-09,
0.0002560961,
3.902054e-08,
7.109023e-05,
0.5227131,
0.05389177,
0.07782573,
0.05587428,
0.03299676,
0.05554932,
0.04401948,
0.1235188,
0,
0,
0,
0,
0,
1.193367e-06,
4.528388e-07,
5.409148e-05,
1.650684e-05,
5.820066e-08,
6.94876e-05,
2.028758e-05,
2.744322e-05,
0,
2.523121e-07,
4.301103e-10,
3.337064e-08,
0.001459216,
0.01595816,
0.03672517,
0.03034434,
0.0008182789,
0.0050143,
0.007399363,
0.9020914,
0,
0,
0,
0,
0,
1.023184e-05,
6.252663e-09,
0.0002669856,
6.254613e-05,
2.975744e-07,
0.0003329257,
6.552733e-05,
8.997638e-07,
1.244189e-09,
8.700586e-07,
3.896423e-09,
2.143105e-07,
0.0001315293,
0.02629103,
0.04281503,
0.02720166,
0.001474638,
0.005948143,
0.006475099,
0.8889224,
0,
0,
0,
0,
0,
6.660243e-05,
2.79826e-09,
0.001071885,
0.0002259012,
8.502415e-07,
0.001290038,
0.0002113244,
3.928672e-07,
0,
2.090379e-06,
3.544818e-08,
6.112544e-07,
5.191893e-05,
0.04404519,
0.05574636,
0.03032989,
0.00257407,
0.008489013,
0.00804909,
0.8478447,
0,
0,
0,
0,
0,
2.525065e-06,
2.311342e-07,
0.0001097339,
4.24771e-05,
1.349268e-06,
0.0001404635,
5.502694e-05,
1.475584e-05,
4.084199e-11,
5.001451e-06,
1.724761e-09,
8.268754e-07,
0.0009557469,
0.03084635,
0.06757728,
0.05812917,
0.005060478,
0.0201321,
0.02463555,
0.7922909,
0,
0,
0,
0,
0,
3.624838e-08,
8.732412e-09,
3.093259e-06,
8.229324e-07,
2.885123e-08,
4.098521e-06,
1.052695e-06,
1.089097e-06,
0,
9.275062e-08,
4.576137e-12,
1.41985e-08,
0.0001355706,
0.002758201,
0.009617887,
0.009588337,
0.0004348056,
0.002805073,
0.004008384,
0.9706414,
0,
0,
0,
0,
0,
1.356897e-05,
6.435082e-08,
0.0003356532,
7.866224e-05,
3.888919e-08,
0.0004173452,
8.137678e-05,
6.660809e-06,
0,
1.46156e-07,
5.539206e-09,
2.444428e-08,
0.0007144501,
0.02952262,
0.0463628,
0.02891511,
0.0005404454,
0.003141387,
0.004240648,
0.885629,
0,
0,
0,
0,
0,
3.287531e-07,
3.178314e-10,
1.338853e-05,
2.432459e-06,
1.990479e-07,
1.727631e-05,
2.349207e-06,
8.435939e-08,
0,
4.326699e-07,
2.62837e-11,
1.774185e-07,
2.134049e-05,
0.003347236,
0.007839982,
0.005496139,
0.0009241708,
0.003297434,
0.002972155,
0.9760649,
0,
0,
0,
2081, 
0,
0,
1.632275e-05,
1.248485e-06,
0.0004112359,
0.0001280491,
2.935631e-06,
0.0005090168,
0.0001438164,
4.585693e-05,
4.720278e-10,
8.339808e-06,
1.336731e-08,
1.914735e-06,
0.001431727,
0.04282693,
0.07047585,
0.04895445,
0.006093485,
0.0192217,
0.01955141,
0.7901757,
0,
0,
0,
0,
0,
8.953952e-05,
1.281179e-07,
0.001533527,
0.0004097002,
2.381162e-07,
0.001861334,
0.0004187369,
1.023006e-05,
0,
8.605087e-07,
8.134597e-08,
1.524804e-07,
0.001012375,
0.07311369,
0.09264034,
0.05358955,
0.001544563,
0.007057511,
0.008682518,
0.7580349,
0,
0,
0,
0,
0,
0.0007668596,
1.605665e-05,
0.007949157,
0.002369533,
1.514552e-05,
0.00932526,
0.002317512,
0.0004538001,
4.183675e-11,
3.52786e-05,
1.833133e-06,
1.105409e-05,
0.01184575,
0.1536138,
0.1443614,
0.07351395,
0.01199336,
0.02684845,
0.02250472,
0.5320571,
0,
0,
0,
0,
0,
9.381169e-07,
1.915429e-07,
4.481462e-05,
1.238791e-05,
1.76292e-07,
5.793293e-05,
1.445634e-05,
1.587914e-05,
3.819878e-11,
6.006567e-07,
2.98373e-10,
1.209821e-07,
0.001368573,
0.01214528,
0.02745937,
0.02160502,
0.001337004,
0.006277784,
0.007593215,
0.9220663,
0,
0,
0,
0,
0,
1.724352e-08,
2.668648e-09,
4.419821e-07,
2.374132e-07,
1.740285e-08,
6.67652e-07,
1.533015e-07,
4.8155e-07,
0.003717823,
7.968563e-08,
2.52738e-13,
1.74438e-08,
9.081756e-05,
0.00083999,
0.003633639,
0.003841843,
0.0003618408,
0.002033173,
0.002509743,
0.982969,
0,
0,
0,
0,
0,
4.399013e-06,
5.305979e-08,
0.0001131518,
2.327765e-05,
7.829116e-08,
0.0001405145,
2.293415e-05,
5.177285e-06,
0.004703389,
2.22763e-07,
1.191605e-09,
5.141534e-08,
0.0004611306,
0.01158618,
0.02046441,
0.01312167,
0.0006568247,
0.003082962,
0.003459577,
0.942154,
0,
0,
0,
0,
0,
0.0001599355,
4.67047e-07,
0.001844241,
0.0002819546,
3.37011e-10,
0.002191928,
0.0002312712,
3.784333e-05,
5.493348e-10,
1.579602e-09,
5.981537e-08,
1.779511e-10,
0.003201363,
0.03858323,
0.04028651,
0.0179884,
3.121583e-05,
0.0003459082,
0.0006222108,
0.8941935,
0,
0,
0,
0,
0,
7.364886e-08,
2.000418e-09,
5.359561e-06,
9.637092e-07,
1.35538e-07,
7.123479e-06,
1.118418e-06,
3.608744e-07,
0,
3.27932e-07,
7.680112e-12,
1.166806e-07,
5.860272e-05,
0.002293738,
0.006402961,
0.005066067,
0.0008147383,
0.003211691,
0.003112583,
0.9790241,
0,
0,
0,
0,
0,
2.518971e-06,
7.231909e-08,
7.50582e-05,
1.489156e-05,
1.067774e-07,
9.441818e-05,
1.510239e-05,
7.073568e-06,
0,
2.879919e-07,
5.159702e-10,
7.139708e-08,
0.000634657,
0.009808547,
0.01842549,
0.01206687,
0.0007462215,
0.003304806,
0.003583767,
0.95122,
0,
0,
0,
0,
0,
2.410473e-06,
4.483465e-08,
8.339871e-05,
2.075066e-05,
4.97959e-08,
0.0001059294,
2.307663e-05,
5.293769e-06,
0,
1.854551e-07,
7.143697e-10,
3.271887e-08,
0.000802833,
0.01492298,
0.02980588,
0.02143828,
0.000650863,
0.003680175,
0.004880555,
0.9235772,
0,
0,
0,
0,
0,
1.413945e-06,
1.005784e-12,
6.438731e-05,
2.256284e-05,
2.170202e-07,
8.312704e-05,
2.870226e-05,
6.628242e-10,
0,
9.05014e-07,
6.813965e-10,
1.286292e-07,
8.730395e-07,
0.02043833,
0.04716438,
0.04025859,
0.001820278,
0.009360002,
0.01281476,
0.8679413,
0,
0,
0,
0,
0,
1.046005e-05,
1.201485e-07,
0.0003191551,
0.00013284,
3.02131e-05,
0.0003990566,
0.0001671779,
1.031641e-05,
3.074092e-10,
8.263789e-05,
1.425063e-08,
2.077727e-05,
0.001363356,
0.0514893,
0.0945096,
0.07551247,
0.02488615,
0.05857923,
0.0539106,
0.6385765,
0,
0,
0,
0,
0,
0,
2.035655e-06,
1.345123e-07,
8.009374e-08,
7.59044e-07,
1.456898e-07,
6.588003e-08,
0.0001027952,
2.273737e-11,
2.557612e-06,
3.629623e-14,
4.850941e-07,
0.004979551,
0.0007209983,
0.004857767,
0.007657233,
0.003399587,
0.01374782,
0.0159962,
0.9485318,
0,
0,
0,
0,
0,
1.154873e-05,
3.960923e-06,
0.0003377739,
0.000107222,
2.007122e-06,
0.0004257593,
0.0001250518,
0.0002000351,
4.478352e-09,
5.754592e-06,
8.293335e-09,
1.492374e-06,
0.01129005,
0.04332274,
0.07336254,
0.05150394,
0.004189634,
0.01302951,
0.01314909,
0.7889319,
0,
0,
0,
0,
0,
9.006939e-06,
2.792849e-07,
0.0002352734,
5.499418e-05,
1.225161e-06,
0.0002949876,
5.764555e-05,
2.328108e-05,
0,
3.044092e-06,
3.337753e-09,
9.937596e-07,
0.00210056,
0.02389722,
0.03934106,
0.02502194,
0.003309352,
0.01050183,
0.009830917,
0.8853164,
0,
0,
0,
0,
0,
0,
3.455848e-09,
9.75978e-07,
1.179413e-07,
8.224351e-11,
1.38188e-06,
2.251188e-07,
6.24902e-07,
0,
3.96722e-10,
5.953714e-13,
4.30427e-11,
0.0001094032,
0.0009066851,
0.003248691,
0.002912401,
1.416441e-05,
0.0001984056,
0.0004008642,
0.992206,
0,
0,
0,
0,
0,
0.0003363586,
9.817927e-09,
0.00296955,
0.0003773916,
2.200576e-10,
0.003470019,
0.0002811706,
1.536676e-06,
0,
9.3022e-10,
1.137884e-07,
1.531273e-10,
0.0002499009,
0.03717363,
0.03382957,
0.01332307,
2.232912e-05,
0.0002395999,
0.0004005473,
0.9073252,
0,
0,
0,
0,
0,
2.372559e-05,
5.446695e-08,
0.0004841743,
0.0001146869,
1.100142e-07,
0.0005924619,
0.0001152692,
4.298881e-06,
0,
3.292731e-07,
1.266628e-08,
5.839187e-08,
0.0002956827,
0.03266518,
0.04854083,
0.02965562,
0.0008289573,
0.00418788,
0.005252099,
0.8772386,
0,
0,
0,
0,
0,
1.75511e-05,
0.001509425,
0.0004807782,
0.0002562622,
0.0001467091,
0.0006034964,
0.0003470315,
0.02575759,
1.120497e-09,
0.0003753959,
5.934947e-08,
0.0001118266,
0.4626112,
0.06083503,
0.08732487,
0.06318602,
0.04086728,
0.06618199,
0.05190714,
0.1374804,
0,
0,
0,
0,
0,
1.056344e-06,
2.742716e-07,
4.895234e-05,
1.512235e-05,
6.663778e-08,
6.320991e-05,
1.884381e-05,
1.727989e-05,
0,
2.847274e-07,
3.888059e-10,
4.098658e-08,
0.001002047,
0.01529803,
0.0357293,
0.02973906,
0.0008762837,
0.005243102,
0.007623581,
0.9043235,
0,
0,
0,
0,
0,
8.90066e-06,
4.449252e-09,
0.0002419758,
5.846613e-05,
3.617034e-07,
0.0003042312,
6.272871e-05,
6.588958e-07,
1.244189e-09,
1.04947e-06,
3.600217e-09,
2.749737e-07,
0.0001041813,
0.02593385,
0.04291663,
0.02755664,
0.001636978,
0.006406549,
0.006871485,
0.887895,
0,
0,
0,
0,
0,
4.990503e-05,
1.585011e-09,
0.0008480268,
0.0001808498,
8.301884e-07,
0.001028843,
0.0001723416,
2.367507e-07,
0,
2.047454e-06,
2.604052e-08,
6.273117e-07,
3.536286e-05,
0.0394007,
0.05174583,
0.02867447,
0.002564126,
0.008470581,
0.008009986,
0.8588152,
0,
0,
0,
0,
0,
2.230291e-06,
1.461859e-07,
9.912845e-05,
3.86931e-05,
1.464081e-06,
0.0001275156,
5.06772e-05,
9.645541e-06,
4.0842e-11,
5.366187e-06,
1.539024e-09,
9.340717e-07,
0.0006706791,
0.02938866,
0.06530028,
0.05651341,
0.005286073,
0.02068434,
0.02500477,
0.796816,
0,
0,
0,
0,
0,
2.921183e-08,
5.164473e-09,
2.621059e-06,
7.041062e-07,
3.120628e-08,
3.494895e-06,
9.167917e-07,
6.941234e-07,
0,
1.007431e-07,
3.755247e-12,
1.659017e-08,
0.0001051539,
0.002544449,
0.009081724,
0.009153128,
0.0004559294,
0.002882327,
0.004059154,
0.9717095,
0,
0,
0,
0,
0,
1.163371e-05,
5.231964e-08,
0.0002956767,
7.04316e-05,
4.008574e-08,
0.000369724,
7.393093e-05,
5.435351e-06,
0,
1.507459e-07,
4.863337e-09,
2.611446e-08,
0.0006016871,
0.02793388,
0.04478443,
0.02825919,
0.0005502409,
0.003175494,
0.004263386,
0.8896046,
0,
0,
0,
0,
0,
2.87846e-07,
2.517334e-10,
1.191964e-05,
2.228273e-06,
2.364108e-07,
1.547892e-05,
2.178034e-06,
6.700117e-08,
0,
5.069132e-07,
2.373162e-11,
2.226298e-07,
1.747286e-05,
0.0032078,
0.007652737,
0.005422995,
0.001019208,
0.003534822,
0.003132236,
0.9759796,
0,
0,
0,
2082, 
0,
0,
1.241199e-05,
3.463228e-07,
0.00032981,
0.0001030829,
2.495635e-06,
0.0004112138,
0.0001175163,
1.494435e-05,
4.720278e-10,
7.176405e-06,
9.759526e-09,
1.67294e-06,
0.0005882129,
0.03838524,
0.06530306,
0.04601542,
0.005612674,
0.01813735,
0.01861539,
0.806342,
0,
0,
0,
0,
0,
7.066345e-05,
8.067526e-08,
0.001263609,
0.0003412395,
2.136992e-07,
0.001543795,
0.0003540571,
7.281474e-06,
0,
7.892074e-07,
6.357781e-08,
1.442183e-07,
0.0009040129,
0.06651896,
0.08690612,
0.05103575,
0.001496011,
0.006928964,
0.008546736,
0.7740815,
0,
0,
0,
0,
0,
0.000586691,
1.129678e-05,
0.006312393,
0.001885441,
1.310621e-05,
0.00744259,
0.001861786,
0.0003239931,
4.183675e-11,
3.065676e-05,
1.372814e-06,
9.75519e-06,
0.008812217,
0.1341573,
0.1311226,
0.06799804,
0.01109857,
0.0254505,
0.02147589,
0.5814058,
0,
0,
0,
0,
0,
7.872796e-07,
1.496809e-07,
3.92164e-05,
1.097183e-05,
1.868322e-07,
5.099012e-05,
1.294983e-05,
1.249422e-05,
3.819878e-11,
6.303059e-07,
2.580883e-10,
1.342778e-07,
0.001112551,
0.01133982,
0.02611981,
0.02072973,
0.001374782,
0.00636265,
0.007608015,
0.9252241,
0,
0,
0,
0,
0,
1.701395e-08,
2.167607e-09,
4.198733e-07,
2.336805e-07,
1.914088e-08,
6.39669e-07,
1.500163e-07,
3.906326e-07,
0.00355864,
8.520453e-08,
2.45943e-13,
1.951907e-08,
7.521892e-05,
0.0008315579,
0.003626108,
0.00385164,
0.0003773261,
0.002095213,
0.002567163,
0.9830152,
0,
0,
0,
0,
0,
3.133412e-06,
3.74078e-08,
8.439644e-05,
1.746162e-05,
6.91432e-08,
0.0001056072,
1.74229e-05,
3.714734e-06,
0.003768442,
1.960025e-07,
8.23677e-10,
4.725884e-08,
0.000347417,
0.009693054,
0.01781667,
0.01162758,
0.0006070873,
0.002878272,
0.003222895,
0.9498065,
0,
0,
0,
0,
0,
0.0001167116,
3.584951e-07,
0.001426125,
0.0002215678,
2.871878e-10,
0.001709619,
0.0001855149,
3.078191e-05,
5.493348e-10,
1.381073e-09,
4.321032e-08,
1.600749e-10,
0.00304278,
0.0339946,
0.03693635,
0.01683612,
2.932993e-05,
0.0003326568,
0.0006032401,
0.9045342,
0,
0,
0,
0,
0,
5.674373e-08,
1.436339e-09,
4.619008e-06,
8.502974e-07,
1.553761e-07,
6.203221e-06,
1.017808e-06,
2.621991e-07,
0,
3.742712e-07,
6.623593e-12,
1.410193e-07,
4.462884e-05,
0.002190711,
0.006260093,
0.005022196,
0.0008821954,
0.003405923,
0.003263081,
0.9789175,
0,
0,
0,
0,
0,
2.007349e-06,
5.575121e-08,
6.123004e-05,
1.227281e-05,
9.099572e-08,
7.73926e-05,
1.259689e-05,
5.464392e-06,
0,
2.478261e-07,
4.144295e-10,
6.217603e-08,
0.0005039555,
0.008640687,
0.01670208,
0.01110152,
0.0006747579,
0.00305726,
0.003347885,
0.9558004,
0,
0,
0,
0,
0,
1.987918e-06,
4.349237e-08,
7.089494e-05,
1.785527e-05,
5.184124e-08,
9.058888e-05,
2.015397e-05,
5.177238e-06,
0,
1.919856e-07,
5.925279e-10,
3.561306e-08,
0.0008706091,
0.01374795,
0.02811343,
0.02045731,
0.0006661718,
0.003728163,
0.004898917,
0.9273105,
0,
0,
0,
0,
0,
1.241904e-06,
1.096574e-12,
5.761338e-05,
2.031637e-05,
2.172702e-07,
7.475899e-05,
2.610888e-05,
7.118717e-10,
0,
9.021905e-07,
6.001918e-10,
1.348117e-07,
9.794777e-07,
0.01928029,
0.04513,
0.03871849,
0.001821977,
0.009321205,
0.01267447,
0.8728713,
0,
0,
0,
0,
0,
7.822597e-06,
1.268831e-07,
0.000257633,
0.0001070461,
2.779249e-05,
0.0003249248,
0.0001369364,
1.091841e-05,
3.074092e-10,
7.643238e-05,
9.541875e-09,
1.987783e-05,
0.001510277,
0.04698689,
0.08897302,
0.07196455,
0.02427495,
0.05764567,
0.05300539,
0.6546697,
0,
0,
0,
0,
0,
0,
1.429875e-06,
1.241855e-07,
7.617315e-08,
7.216562e-07,
1.316251e-07,
5.99842e-08,
7.356284e-05,
2.273737e-11,
2.439027e-06,
3.224493e-14,
4.759125e-07,
0.003740185,
0.0006803213,
0.004648117,
0.007365661,
0.003306167,
0.01343173,
0.01561826,
0.9511306,
0,
0,
0,
0,
0,
1.056981e-05,
3.323455e-06,
0.0003137177,
0.0001008569,
2.317895e-06,
0.0003970587,
0.0001188731,
0.0001684137,
4.478352e-09,
6.543213e-06,
7.770987e-09,
1.797937e-06,
0.009795949,
0.04207445,
0.07210712,
0.05096066,
0.00451974,
0.01367918,
0.01357057,
0.7921689,
0,
0,
0,
0,
0,
7.492655e-06,
2.257727e-07,
0.000200544,
4.757624e-05,
1.236368e-06,
0.0002527239,
5.047297e-05,
1.9136e-05,
0,
3.062451e-06,
2.832497e-09,
1.029807e-06,
0.001858269,
0.02181175,
0.03673674,
0.02366632,
0.003334898,
0.01052795,
0.009788565,
0.891692,
0,
0,
0,
0,
0,
0,
2.72065e-09,
8.764604e-07,
1.043623e-07,
9.665854e-11,
1.25565e-06,
2.13493e-07,
4.942914e-07,
0,
4.788006e-10,
5.523142e-13,
5.692844e-11,
9.021499e-05,
0.0008846768,
0.003230557,
0.002934064,
1.581717e-05,
0.0002157839,
0.0004302326,
0.9921957,
0,
0,
0,
0,
0,
0.0002294205,
7.541878e-09,
0.002182426,
0.0002807257,
2.365183e-10,
0.002577262,
0.0002141346,
1.214427e-06,
0,
9.93052e-10,
7.431867e-08,
1.709476e-10,
0.0002129614,
0.03204232,
0.03055786,
0.01231048,
2.344267e-05,
0.0002473978,
0.0004073363,
0.9187129,
0,
0,
0,
0,
0,
1.732518e-05,
2.836353e-08,
0.0003728098,
8.899373e-05,
8.992541e-08,
0.0004595832,
9.089569e-05,
2.361069e-06,
0,
2.682273e-07,
8.987119e-09,
4.802822e-08,
0.0001794072,
0.0283568,
0.04381986,
0.02728118,
0.0007412268,
0.003869752,
0.004917186,
0.8898022,
0,
0,
0,
0,
0,
2.252329e-05,
0.001262062,
0.0005844711,
0.0003179132,
0.0002138969,
0.0007327445,
0.0004312985,
0.02165248,
1.120497e-09,
0.0005315571,
8.446602e-08,
0.0001681837,
0.4008265,
0.06811589,
0.09691686,
0.07043965,
0.05004644,
0.07784307,
0.06023842,
0.149656,
0,
0,
0,
0,
0,
9.310592e-07,
1.485071e-07,
4.419927e-05,
1.383342e-05,
8.233528e-08,
5.738515e-05,
1.749427e-05,
9.915082e-06,
0,
3.42815e-07,
3.503848e-10,
5.438966e-08,
0.0006446365,
0.01467665,
0.03479742,
0.02918133,
0.0009692094,
0.00559355,
0.00796451,
0.9060283,
0,
0,
0,
0,
0,
7.905853e-06,
3.063711e-09,
0.000222854,
5.557708e-05,
4.465076e-07,
0.000282354,
6.099982e-05,
4.683872e-07,
1.244189e-09,
1.282547e-06,
3.422467e-09,
3.569887e-07,
8.0802e-05,
0.02578352,
0.04326844,
0.02806012,
0.001829521,
0.006924198,
0.007304831,
0.8861163,
0,
0,
0,
0,
0,
3.721759e-05,
8.160773e-10,
0.000671075,
0.000145135,
8.456561e-07,
0.0008212987,
0.0001412114,
1.321966e-07,
0,
2.08577e-06,
1.901207e-08,
6.772431e-07,
2.298556e-05,
0.03555254,
0.04847957,
0.02737892,
0.002596095,
0.008523994,
0.008012972,
0.8676133,
0,
0,
0,
0,
0,
1.961055e-06,
8.451003e-08,
8.915207e-05,
3.50814e-05,
1.601165e-06,
0.0001152446,
4.64475e-05,
5.829819e-06,
4.0842e-11,
5.795195e-06,
1.36589e-09,
1.063585e-06,
0.000443763,
0.02790071,
0.06291895,
0.05480455,
0.00554311,
0.02129962,
0.0254087,
0.8013783,
0,
0,
0,
0,
0,
2.34076e-08,
2.910144e-09,
2.214789e-06,
6.002971e-07,
3.412825e-08,
2.971279e-06,
7.956865e-07,
4.370472e-07,
0,
1.105075e-07,
3.073443e-12,
1.956776e-08,
8.738382e-05,
0.002340401,
0.008553711,
0.008717507,
0.0004809407,
0.002972535,
0.004119291,
0.972721,
0,
0,
0,
0,
0,
9.909718e-06,
4.150153e-08,
0.0002592726,
6.28159e-05,
4.01646e-08,
0.0003261219,
6.695691e-05,
4.330096e-06,
0,
1.517574e-07,
4.240094e-09,
2.687466e-08,
0.0004950708,
0.0264206,
0.04328584,
0.02765136,
0.0005546004,
0.003201712,
0.004295202,
0.8933659,
0,
0,
0,
0,
0,
2.498337e-07,
1.91774e-10,
1.049927e-05,
2.020021e-06,
2.794241e-07,
1.371884e-05,
1.994437e-06,
5.131773e-08,
0,
5.904769e-07,
2.108622e-11,
2.776727e-07,
1.386936e-05,
0.003046865,
0.007413638,
0.005313348,
0.001121136,
0.003778959,
0.003289489,
0.975993,
0,
0,
0,
2083, 
0,
0,
9.410069e-06,
6.416818e-08,
0.0002642779,
8.297496e-05,
2.130956e-06,
0.0003320274,
9.610412e-05,
3.535926e-06,
4.720278e-10,
6.207953e-06,
7.10319e-09,
1.473782e-06,
0.0001956028,
0.03446771,
0.06061374,
0.04332294,
0.005200126,
0.01719482,
0.01779176,
0.8204151,
0,
0,
0,
0,
0,
5.531148e-05,
5.451405e-08,
0.001034258,
0.0002822963,
1.97038e-07,
0.00127212,
0.0002974447,
5.565131e-06,
0,
7.391657e-07,
4.917872e-08,
1.401062e-07,
0.0008578817,
0.06030293,
0.08130553,
0.04848758,
0.001462304,
0.0068357,
0.008435405,
0.7893645,
0,
0,
0,
0,
0,
0.0004392388,
7.359678e-06,
0.004920257,
0.001470561,
1.114657e-05,
0.005831524,
0.001466108,
0.0002161968,
4.183676e-11,
2.618702e-05,
9.979794e-07,
8.469101e-06,
0.006207349,
0.1154338,
0.1174705,
0.06205745,
0.01014912,
0.0238593,
0.02026292,
0.6301615,
0,
0,
0,
0,
0,
6.525e-07,
1.134237e-07,
3.40716e-05,
9.648337e-06,
2.00672e-07,
4.456355e-05,
1.151609e-05,
9.54608e-06,
3.819878e-11,
6.68663e-07,
2.2105e-10,
1.513301e-07,
0.000880213,
0.01053971,
0.02475961,
0.01983088,
0.001421112,
0.006464718,
0.00762862,
0.928364,
0,
0,
0,
0,
0,
1.673301e-08,
1.707548e-09,
3.918818e-07,
2.283068e-07,
2.125096e-08,
6.032919e-07,
1.444452e-07,
3.076907e-07,
0.003368569,
9.176678e-08,
2.344426e-13,
2.210963e-08,
6.059856e-05,
0.000813973,
0.003585302,
0.003829429,
0.0003960023,
0.00217004,
0.002635604,
0.9831387,
0,
0,
0,
0,
0,
2.18023e-06,
2.47921e-08,
6.174164e-05,
1.284823e-05,
6.130206e-08,
7.79081e-05,
1.298634e-05,
2.52024e-06,
0.002981284,
1.728177e-07,
5.512808e-10,
4.385078e-08,
0.0002497401,
0.008032223,
0.01540805,
0.01024631,
0.0005628326,
0.002691399,
0.00300284,
0.9566548,
0,
0,
0,
0,
0,
8.441838e-05,
2.813614e-07,
0.001094526,
0.0001727842,
2.477309e-10,
0.001323586,
0.0001477106,
2.550773e-05,
5.493348e-10,
1.220699e-09,
3.087227e-08,
1.462364e-10,
0.002928091,
0.02980598,
0.03373369,
0.01570512,
2.772559e-05,
0.0003209496,
0.0005857825,
0.9140438,
0,
0,
0,
0,
0,
4.322889e-08,
9.784185e-10,
3.997288e-06,
7.527718e-07,
1.780509e-07,
5.423522e-06,
9.292004e-07,
1.812565e-07,
0,
4.268652e-07,
5.756817e-12,
1.696539e-07,
3.252622e-05,
0.002093967,
0.006122018,
0.004979239,
0.0009565183,
0.003616324,
0.003424091,
0.9787632,
0,
0,
0,
0,
0,
1.565249e-06,
4.08958e-08,
4.894665e-05,
9.903244e-06,
7.634777e-08,
6.217316e-05,
1.029218e-05,
4.029304e-06,
0,
2.100683e-07,
3.239615e-10,
5.343455e-08,
0.000384373,
0.007507559,
0.01497502,
0.0101152,
0.000605675,
0.002812323,
0.003109932,
0.9603526,
0,
0,
0,
0,
0,
1.62762e-06,
4.659794e-08,
5.97847e-05,
1.523056e-05,
5.370546e-08,
7.68399e-05,
1.744383e-05,
5.474394e-06,
0,
1.977055e-07,
4.866385e-10,
3.84681e-08,
0.001008612,
0.01257695,
0.02635932,
0.01941486,
0.0006796154,
0.003765496,
0.004901707,
0.9311167,
0,
0,
0,
0,
0,
1.090876e-06,
1.297499e-12,
5.150727e-05,
1.827899e-05,
2.250627e-07,
6.717104e-05,
2.372891e-05,
8.139934e-10,
0,
9.254971e-07,
5.287302e-10,
1.467786e-07,
1.15769e-06,
0.01817171,
0.04315161,
0.03721299,
0.001851624,
0.009370195,
0.0126133,
0.8774644,
0,
0,
0,
0,
0,
6.207629e-06,
1.611088e-07,
0.0002174439,
9.066242e-05,
2.809208e-05,
0.000276478,
0.0001179114,
1.31914e-05,
3.074092e-10,
7.694188e-05,
7.078581e-09,
2.108227e-05,
0.001839942,
0.04393847,
0.08521076,
0.06955635,
0.02461099,
0.05811932,
0.0530701,
0.6628059,
0,
0,
0,
0,
0,
0,
9.493131e-07,
1.146203e-07,
7.251553e-08,
6.93166e-07,
1.185301e-07,
5.442671e-08,
5.000277e-05,
2.273737e-11,
2.347581e-06,
2.849399e-14,
4.73892e-07,
0.002689802,
0.0006410115,
0.004443751,
0.007081186,
0.00323591,
0.01318057,
0.01529618,
0.9533768,
0,
0,
0,
0,
0,
9.506044e-06,
2.718614e-06,
0.0002867832,
9.328368e-05,
2.641947e-06,
0.0003644713,
0.0001110879,
0.0001383649,
4.478352e-09,
7.350865e-06,
7.122929e-09,
2.133798e-06,
0.008306787,
0.04039511,
0.07022531,
0.05001443,
0.004855922,
0.01433035,
0.01397988,
0.7968739,
0,
0,
0,
0,
0,
6.159394e-06,
1.801272e-07,
0.0001684522,
4.0499e-05,
1.209572e-06,
0.0002132686,
4.342175e-05,
1.562674e-05,
0,
2.988411e-06,
2.368617e-09,
1.0316e-06,
0.001672339,
0.01954997,
0.03371073,
0.02200422,
0.003285232,
0.01035252,
0.009572165,
0.89936,
0,
0,
0,
0,
0,
0,
2.066164e-09,
7.837913e-07,
9.13373e-08,
1.251222e-10,
1.13724e-06,
2.021102e-07,
3.781413e-07,
0,
6.230138e-10,
5.103427e-13,
8.200251e-11,
7.241695e-05,
0.0008628992,
0.003213395,
0.002957962,
1.822307e-05,
0.0002381347,
0.0004647804,
0.9921696,
0,
0,
0,
0,
0,
0.0001556153,
5.690645e-09,
0.001598693,
0.0002084198,
2.445629e-10,
0.001908448,
0.0001629111,
9.425029e-07,
0,
1.024476e-09,
4.830182e-08,
1.819975e-10,
0.0001778628,
0.0275922,
0.02757804,
0.0113675,
2.40856e-05,
0.000251849,
0.0004103094,
0.9285631,
0,
0,
0,
0,
0,
1.250807e-05,
1.214322e-08,
0.0002843561,
6.840681e-05,
7.421556e-08,
0.000353222,
7.103482e-05,
1.100713e-06,
0,
2.192623e-07,
6.289711e-09,
3.973196e-08,
9.638411e-05,
0.02448813,
0.0394053,
0.02501713,
0.0006635719,
0.003575966,
0.00460114,
0.9013614,
0,
0,
0,
0,
0,
2.822173e-05,
0.001034814,
0.0006986953,
0.000386869,
0.0003040427,
0.0008750341,
0.0005257424,
0.01784669,
1.120497e-09,
0.0007351266,
1.164312e-07,
0.0002461998,
0.3402225,
0.07547901,
0.1061283,
0.0772434,
0.06045028,
0.09013611,
0.06864385,
0.159015,
0,
0,
0,
0,
0,
8.198544e-07,
7.070552e-08,
3.993848e-05,
1.267923e-05,
1.084519e-07,
5.215501e-05,
1.629075e-05,
5.123494e-06,
0,
4.36712e-07,
3.163382e-10,
7.667131e-08,
0.0003866516,
0.01412206,
0.03398226,
0.02871014,
0.001104412,
0.00608297,
0.008435673,
0.9070482,
0,
0,
0,
0,
0,
7.084139e-06,
2.016841e-09,
0.0002061399,
5.293667e-05,
5.474532e-07,
0.0002629936,
5.93003e-05,
3.201562e-07,
1.244189e-09,
1.557111e-06,
3.266526e-09,
4.579726e-07,
6.109313e-05,
0.02558336,
0.04352248,
0.02850207,
0.002050974,
0.007514252,
0.00779561,
0.8843788,
0,
0,
0,
0,
0,
2.766021e-05,
3.784223e-10,
0.0005311419,
0.0001167064,
8.760572e-07,
0.0006560466,
0.0001161117,
6.808813e-08,
0,
2.156807e-06,
1.382914e-08,
7.425492e-07,
1.430719e-05,
0.03222675,
0.04562132,
0.02626281,
0.002637697,
0.008576971,
0.008003742,
0.8752049,
0,
0,
0,
0,
0,
1.713608e-06,
4.335757e-08,
7.973026e-05,
3.1621e-05,
1.760915e-06,
0.0001035732,
4.232263e-05,
3.182522e-06,
4.0842e-11,
6.28714e-06,
1.203243e-09,
1.218104e-06,
0.0002732489,
0.02638303,
0.06043389,
0.0530016,
0.005828689,
0.02196626,
0.02583443,
0.8060074,
0,
0,
0,
0,
0,
1.86434e-08,
1.719743e-09,
1.86706e-06,
5.101332e-07,
3.772652e-08,
2.519528e-06,
6.884814e-07,
2.990313e-07,
0,
1.223491e-07,
2.510505e-12,
2.329605e-08,
8.391172e-05,
0.002147281,
0.008039017,
0.00828642,
0.0005102459,
0.003076667,
0.004189531,
0.9736608,
0,
0,
0,
0,
0,
8.375196e-06,
3.188053e-08,
0.0002261584,
5.577494e-05,
3.872433e-08,
0.0002862478,
6.04284e-05,
3.346426e-06,
0,
1.473132e-07,
3.666229e-09,
2.639914e-08,
0.0003964257,
0.02497723,
0.04185766,
0.02708468,
0.0005461244,
0.003182343,
0.004293293,
0.8970217,
0,
0,
0,
0,
0,
2.157007e-07,
1.394802e-10,
9.16879e-06,
1.816024e-06,
3.289892e-07,
1.205067e-05,
1.806985e-06,
3.76438e-08,
0,
6.84627e-07,
1.849857e-11,
3.448561e-07,
1.060637e-05,
0.002870766,
0.007132635,
0.005172716,
0.001230466,
0.004030146,
0.003443996,
0.9760822,
0,
0,
0,
2084, 
0,
0,
7.144604e-06,
7.834206e-09,
0.0002123313,
6.703539e-05,
1.838847e-06,
0.0002688758,
7.895104e-05,
6.130863e-07,
4.720278e-10,
5.429771e-06,
5.188326e-09,
1.318109e-06,
5.555106e-05,
0.03106643,
0.05643697,
0.04090408,
0.004861135,
0.01641223,
0.01709775,
0.8325223,
0,
0,
0,
0,
0,
4.298393e-05,
4.258636e-08,
0.0008415641,
0.000232158,
1.854102e-07,
0.001042282,
0.0002485027,
4.744177e-06,
0,
7.029901e-07,
3.769982e-08,
1.384305e-07,
0.0008700062,
0.0545091,
0.075904,
0.04598267,
0.001437178,
0.00676108,
0.008336323,
0.8037863,
0,
0,
0,
0,
0,
0.0003209874,
4.294936e-06,
0.003757663,
0.001122216,
9.32385e-06,
0.004478052,
0.001129813,
0.0001312727,
4.183676e-11,
2.200547e-05,
7.016113e-07,
7.244972e-06,
0.004061924,
0.0978554,
0.1038687,
0.05593354,
0.009190069,
0.02216639,
0.01893906,
0.6770013,
0,
0,
0,
0,
0,
5.337886e-07,
8.255488e-08,
2.942795e-05,
8.438205e-06,
2.195666e-07,
3.872852e-05,
1.018704e-05,
7.02202e-06,
3.819878e-11,
7.204545e-07,
1.876926e-10,
1.742681e-07,
0.0006732265,
0.009772747,
0.02343746,
0.01895275,
0.001478813,
0.006588155,
0.007657027,
0.9313443,
0,
0,
0,
0,
0,
1.641388e-08,
1.287318e-09,
3.593038e-07,
2.216059e-07,
2.331992e-08,
5.602819e-07,
1.369753e-07,
2.325355e-07,
0.003153346,
9.806822e-08,
2.191963e-13,
2.48602e-08,
4.704665e-05,
0.000788414,
0.003514858,
0.0037784,
0.0004128797,
0.00223246,
0.002686398,
0.9833845,
0,
0,
0,
0,
0,
1.484437e-06,
1.51313e-08,
4.435386e-05,
9.288562e-06,
5.499134e-08,
5.648775e-05,
9.511029e-06,
1.587876e-06,
0.002332381,
1.538122e-07,
3.578197e-10,
4.149187e-08,
0.0001688844,
0.006603076,
0.01325659,
0.008992753,
0.0005257889,
0.002528958,
0.002805767,
0.9626628,
0,
0,
0,
0,
0,
6.061679e-05,
2.273452e-07,
0.000834661,
0.0001338885,
2.154575e-10,
0.001018253,
0.0001168933,
2.160739e-05,
5.493348e-10,
1.086409e-09,
2.187437e-08,
1.346284e-10,
0.002851677,
0.0260301,
0.030717,
0.01461493,
2.626665e-05,
0.0003098453,
0.0005688344,
0.9226952,
0,
0,
0,
0,
0,
3.215786e-08,
6.167494e-10,
3.461679e-06,
6.65865e-07,
1.914579e-07,
4.744806e-06,
8.475563e-07,
1.166304e-07,
0,
4.57368e-07,
5.012588e-12,
1.891569e-07,
2.231107e-05,
0.001997857,
0.005975717,
0.004927322,
0.0009877809,
0.003674434,
0.003446397,
0.9789575,
0,
0,
0,
0,
0,
1.190545e-06,
2.795866e-08,
3.825164e-05,
7.805638e-06,
6.313711e-08,
4.8843e-05,
8.22102e-06,
2.784774e-06,
0,
1.756198e-07,
2.451819e-10,
4.543604e-08,
0.0002776615,
0.006435447,
0.01329164,
0.009137553,
0.0005411684,
0.002578827,
0.002878884,
0.9647514,
0,
0,
0,
0,
0,
1.321831e-06,
5.788254e-08,
4.998285e-05,
1.28726e-05,
5.550109e-08,
6.461305e-05,
1.495905e-05,
6.472166e-06,
0,
2.030095e-07,
3.951993e-10,
4.142463e-08,
0.001269298,
0.01142968,
0.02458036,
0.01833545,
0.0006919823,
0.003795489,
0.004892873,
0.9348543,
0,
0,
0,
0,
0,
9.557045e-07,
1.678841e-12,
4.593269e-05,
1.640717e-05,
2.416658e-07,
6.020892e-05,
2.152038e-05,
9.958123e-10,
0,
9.782495e-07,
4.641645e-10,
1.663857e-07,
1.441935e-06,
0.01711032,
0.04123407,
0.03574752,
0.001910011,
0.00950086,
0.01261777,
0.8817316,
0,
0,
0,
0,
0,
5.256694e-06,
2.428355e-07,
0.00019253,
8.099974e-05,
3.05371e-05,
0.0002466228,
0.0001070782,
1.799785e-05,
3.074092e-10,
8.262106e-05,
5.884221e-09,
2.411886e-05,
0.002432817,
0.04208212,
0.08293077,
0.0681064,
0.0255212,
0.05923969,
0.05347587,
0.6654232,
0,
0,
0,
0,
0,
0,
5.816717e-07,
1.058981e-07,
6.916618e-08,
6.798056e-07,
1.065449e-07,
4.930608e-08,
3.164596e-05,
2.273737e-11,
2.30201e-06,
2.508403e-14,
4.85171e-07,
0.001825779,
0.0006041242,
0.004250934,
0.00681261,
0.003204169,
0.01303666,
0.01506649,
0.9551632,
0,
0,
0,
0,
0,
8.40548e-06,
2.161303e-06,
0.0002581551,
8.4896e-05,
2.940704e-06,
0.0003294682,
0.0001021382,
0.0001106637,
4.478352e-09,
8.083376e-06,
6.394805e-09,
2.464581e-06,
0.006879251,
0.03835869,
0.06779624,
0.04870762,
0.005159868,
0.01490037,
0.01431325,
0.8029753,
0,
0,
0,
0,
0,
4.999046e-06,
1.446915e-07,
0.0001393747,
3.392138e-05,
1.154981e-06,
0.0001772207,
3.67157e-05,
1.299012e-05,
0,
2.846899e-06,
1.950094e-09,
1.007589e-06,
0.001597976,
0.01722614,
0.03043839,
0.02014103,
0.003177176,
0.01001776,
0.009218355,
0.9077728,
0,
0,
0,
0,
0,
0,
1.49777e-09,
6.973503e-07,
7.875435e-08,
1.65381e-10,
1.025907e-06,
1.908026e-07,
2.772703e-07,
0,
8.158044e-10,
4.691239e-13,
1.177662e-10,
5.628894e-05,
0.0008406332,
0.003194373,
0.002981266,
2.094879e-05,
0.0002606387,
0.0004962625,
0.9921473,
0,
0,
0,
0,
0,
0.0001055409,
4.209714e-09,
0.001171412,
0.0001550289,
2.430044e-10,
0.001413684,
0.0001242364,
7.169233e-07,
0,
1.019015e-09,
3.153406e-08,
1.850141e-10,
0.000145445,
0.02376455,
0.02488779,
0.01049811,
2.412872e-05,
0.000251907,
0.000408235,
0.9370492,
0,
0,
0,
0,
0,
8.929396e-06,
4.047652e-09,
0.0002148906,
5.210137e-05,
6.189998e-08,
0.0002690353,
5.503514e-05,
4.177619e-07,
0,
1.798894e-07,
4.343037e-09,
3.305097e-08,
4.461352e-05,
0.0210458,
0.03531332,
0.02287712,
0.0005943964,
0.003303029,
0.004301792,
0.9119192,
0,
0,
0,
0,
0,
3.46448e-05,
0.0008304592,
0.0008221655,
0.0004626518,
0.0004232252,
0.001028793,
0.0006298111,
0.01440093,
1.120497e-09,
0.0009964987,
1.567231e-07,
0.0003526896,
0.2828223,
0.08273349,
0.1146259,
0.08330877,
0.0719841,
0.1026993,
0.0767931,
0.1650509,
0,
0,
0,
0,
0,
7.240795e-07,
2.916705e-08,
3.623599e-05,
1.16861e-05,
1.486342e-07,
4.761001e-05,
1.52696e-05,
2.363274e-06,
0,
5.775707e-07,
2.877587e-10,
1.117217e-07,
0.0002173081,
0.0136538,
0.03332046,
0.02835216,
0.001287802,
0.006722295,
0.009044589,
0.9072868,
0,
0,
0,
0,
0,
6.373582e-06,
1.244712e-09,
0.0001908203,
5.032801e-05,
6.20407e-07,
0.0002449816,
5.74271e-05,
2.075247e-07,
1.244189e-09,
1.75128e-06,
3.10884e-09,
5.367436e-07,
4.485944e-05,
0.02529728,
0.04363884,
0.02886038,
0.002179176,
0.007787016,
0.00797054,
0.8836688,
0,
0,
0,
0,
0,
2.051823e-05,
1.580086e-10,
0.0004204153,
9.396715e-05,
9.088883e-07,
0.0005241829,
9.565637e-05,
3.248929e-08,
0,
2.233034e-06,
1.004966e-08,
8.110451e-07,
8.638288e-06,
0.02923401,
0.04294273,
0.02519646,
0.002681217,
0.008630141,
0.007992242,
0.8821558,
0,
0,
0,
0,
0,
1.486193e-06,
1.887365e-08,
7.083583e-05,
2.83075e-05,
1.940208e-06,
9.247837e-05,
3.830389e-05,
1.518305e-06,
4.0842e-11,
6.829745e-06,
1.050573e-09,
1.397494e-06,
0.0001545514,
0.02483621,
0.05784186,
0.0510993,
0.006134997,
0.02266121,
0.02625971,
0.8107691,
0,
0,
0,
0,
0,
1.466963e-08,
1.305805e-09,
1.565239e-06,
4.305917e-07,
4.181056e-08,
2.12425e-06,
5.920064e-07,
2.563453e-07,
0,
1.355403e-07,
2.035387e-12,
2.769672e-08,
9.621656e-05,
0.001961447,
0.007527571,
0.007850382,
0.0005419597,
0.003186068,
0.004260062,
0.9745711,
0,
0,
0,
0,
0,
7.008484e-06,
2.343334e-08,
0.0001959923,
4.924237e-05,
3.59831e-08,
0.0002497208,
5.428259e-05,
2.483192e-06,
0,
1.377296e-07,
3.136591e-09,
2.486383e-08,
0.0003068283,
0.02358407,
0.040467,
0.02653605,
0.0005210012,
0.003084582,
0.004208681,
0.9007328,
0,
0,
0,
0,
0,
1.858996e-07,
9.623771e-11,
7.95271e-06,
1.621938e-06,
3.844449e-07,
1.050836e-05,
1.621902e-06,
2.626639e-08,
0,
7.876989e-07,
1.607273e-11,
4.24818e-07,
7.753892e-06,
0.002684168,
0.006816509,
0.005004375,
0.001344976,
0.004282687,
0.003591898,
0.9762441,
0,
0,
0,
2085, 
0,
0,
5.442785e-06,
7.89127e-10,
0.0001712544,
5.442046e-05,
1.607651e-06,
0.0002186117,
6.521591e-05,
9.773225e-08,
4.720278e-10,
4.810976e-06,
3.814335e-09,
1.199136e-06,
1.738482e-05,
0.02809748,
0.05268396,
0.0387071,
0.004583974,
0.01576227,
0.01650958,
0.8431156,
0,
0,
0,
0,
0,
3.319363e-05,
3.907829e-08,
0.0006812887,
0.0001899652,
1.765605e-07,
0.0008497866,
0.0002066559,
4.514309e-06,
0,
6.74451e-07,
2.867388e-08,
1.377475e-07,
0.0009353028,
0.0491653,
0.07075565,
0.04355369,
0.001415297,
0.006690891,
0.008239075,
0.8172783,
0,
0,
0,
0,
0,
0.0002283932,
2.149168e-06,
0.002805562,
0.0008362158,
7.689205e-06,
0.003362923,
0.0008504682,
6.997134e-05,
4.183675e-11,
1.823301e-05,
4.763114e-07,
6.129951e-06,
0.00240581,
0.08173527,
0.09074754,
0.04986895,
0.008269267,
0.02047725,
0.01759042,
0.7207173,
0,
0,
0,
0,
0,
4.301912e-07,
5.684037e-08,
2.528578e-05,
7.347348e-06,
2.446185e-07,
3.349704e-05,
8.975767e-06,
4.90649e-06,
3.819878e-11,
7.882628e-07,
1.580389e-10,
2.048376e-07,
0.0004925721,
0.009054113,
0.02218721,
0.01812134,
0.001547508,
0.006727242,
0.007686665,
0.9341016,
0,
0,
0,
0,
0,
1.606867e-08,
9.091004e-10,
3.233698e-07,
2.138713e-07,
2.489038e-08,
5.123113e-07,
1.279687e-07,
1.654861e-07,
0.002918883,
1.027129e-07,
2.010406e-13,
2.729948e-08,
3.469115e-05,
0.000756046,
0.003418426,
0.00370177,
0.0004232446,
0.002260453,
0.002695963,
0.983789,
0,
0,
0,
0,
0,
9.900186e-07,
8.192494e-09,
3.130547e-05,
6.606065e-06,
5.018047e-08,
4.028524e-05,
6.85108e-06,
9.006694e-07,
0.001806679,
1.388963e-07,
2.251719e-10,
4.027565e-08,
0.0001050572,
0.005391888,
0.0113604,
0.007869815,
0.00049612,
0.00239189,
0.002632838,
0.9678581,
0,
0,
0,
0,
0,
4.31966e-05,
1.887908e-07,
0.0006323024,
0.0001030815,
1.878877e-10,
0.0007782615,
9.193426e-05,
1.866293e-05,
5.493347e-10,
9.680988e-10,
1.536955e-08,
1.238226e-10,
0.002799813,
0.0226402,
0.02788327,
0.01356572,
2.481848e-05,
0.0002982345,
0.0005509002,
0.9305694,
0,
0,
0,
0,
0,
2.295048e-08,
3.457546e-10,
2.9925e-06,
5.866884e-07,
2.184842e-07,
4.143601e-06,
7.702629e-07,
6.749247e-08,
0,
5.193419e-07,
4.357038e-12,
2.265961e-07,
1.40462e-05,
0.001898659,
0.005810745,
0.004857666,
0.001072606,
0.003909521,
0.00362248,
0.9788047,
0,
0,
0,
0,
0,
8.801986e-07,
1.719229e-08,
2.914036e-05,
5.991311e-06,
5.155222e-08,
3.741991e-05,
6.403251e-06,
1.750485e-06,
0,
1.450464e-07,
1.784351e-10,
3.835121e-08,
0.0001858574,
0.005441586,
0.01168304,
0.008187796,
0.0004824768,
0.002361653,
0.002659712,
0.9689161,
0,
0,
0,
0,
0,
1.064316e-06,
8.574531e-08,
4.14179e-05,
1.077818e-05,
5.743038e-08,
5.384966e-05,
1.271094e-05,
8.745045e-06,
0,
2.085703e-07,
3.170263e-10,
4.471925e-08,
0.001747676,
0.01032539,
0.02281461,
0.01724526,
0.0007045908,
0.003823382,
0.004878225,
0.9383319,
0,
0,
0,
0,
0,
8.349051e-07,
2.380513e-12,
4.088309e-05,
1.470502e-05,
2.661873e-07,
5.388177e-05,
1.950077e-05,
1.30738e-09,
0,
1.055189e-06,
4.060307e-10,
1.938029e-07,
1.891348e-06,
0.0161213,
0.03943584,
0.0343695,
0.001980304,
0.00962843,
0.01258149,
0.8857499,
0,
0,
0,
0,
0,
4.736371e-06,
4.091337e-07,
0.0001784627,
7.612886e-05,
3.489398e-05,
0.0002301232,
0.0001022357,
2.678257e-05,
3.074092e-10,
9.280442e-05,
5.439774e-09,
2.896781e-05,
0.003407501,
0.04119571,
0.08188181,
0.0674558,
0.02688226,
0.06082466,
0.05410668,
0.66347,
0,
0,
0,
0,
0,
0,
3.20334e-07,
9.802864e-08,
6.613644e-08,
6.840295e-07,
9.570083e-08,
4.465634e-08,
1.82336e-05,
2.273737e-11,
2.309037e-06,
2.202459e-14,
5.130083e-07,
0.001150488,
0.0005700951,
0.00407222,
0.006563278,
0.003214589,
0.01300746,
0.01493438,
0.9564651,
0,
0,
0,
0,
0,
7.312111e-06,
1.660735e-06,
0.0002289994,
7.609585e-05,
3.215228e-06,
0.0002935201,
9.249431e-05,
8.577471e-05,
4.478352e-09,
8.752495e-06,
5.629877e-09,
2.790115e-06,
0.005551169,
0.03605654,
0.06492542,
0.04709895,
0.005452037,
0.01546268,
0.01464752,
0.8100051,
0,
0,
0,
0,
0,
4.000682e-06,
1.298901e-07,
0.0001134972,
2.794398e-05,
1.085236e-06,
0.0001449191,
3.050927e-05,
1.208105e-05,
0,
2.668371e-06,
1.578537e-09,
9.699769e-07,
0.001797476,
0.01494514,
0.02710704,
0.01819914,
0.003037236,
0.009594454,
0.008787282,
0.9161944,
0,
0,
0,
0,
0,
0,
1.019796e-09,
6.156595e-07,
6.626055e-08,
2.277638e-10,
9.19646e-07,
1.790462e-07,
1.922587e-07,
0,
1.1006e-09,
4.273715e-13,
1.750479e-10,
4.205315e-05,
0.000815828,
0.003165911,
0.002996688,
2.4472e-05,
0.0002874418,
0.0005312312,
0.9921344,
0,
0,
0,
0,
0,
7.182651e-05,
3.040776e-09,
0.0008604893,
0.0001157892,
2.338099e-10,
0.001049749,
9.515331e-05,
5.329501e-07,
0,
9.836202e-10,
2.079955e-08,
1.814693e-10,
0.0001165262,
0.02049196,
0.02248002,
0.00970569,
2.36445e-05,
0.0002479925,
0.0004016045,
0.944339,
0,
0,
0,
0,
0,
6.299244e-06,
1.004657e-09,
0.0001608735,
3.93158e-05,
5.225134e-08,
0.0002030517,
4.227413e-05,
1.247818e-07,
0,
1.482686e-07,
2.955088e-09,
2.76694e-08,
1.741926e-05,
0.0180107,
0.03155611,
0.02087431,
0.0005329733,
0.003050903,
0.004020379,
0.921485,
0,
0,
0,
0,
0,
4.102844e-05,
0.000650881,
0.0009449295,
0.0005388411,
0.0005693394,
0.001182229,
0.0007353423,
0.01135031,
1.120497e-09,
0.001311301,
1.986391e-07,
0.0004873221,
0.2298821,
0.08975234,
0.1222124,
0.08840662,
0.08463977,
0.1153195,
0.08441268,
0.1675629,
0,
0,
0,
0,
0,
6.437214e-07,
1.043164e-08,
3.309839e-05,
1.085917e-05,
2.056645e-07,
4.37628e-05,
1.443946e-05,
9.830599e-07,
0,
7.730393e-07,
2.649978e-10,
1.631592e-07,
0.0001209429,
0.01327577,
0.03281796,
0.02811036,
0.001519692,
0.007502441,
0.009778133,
0.9067698,
0,
0,
0,
0,
0,
5.780163e-06,
7.048348e-10,
0.0001775728,
4.805667e-05,
7.0341e-07,
0.0002293139,
5.580409e-05,
1.259867e-07,
1.244189e-09,
1.967909e-06,
2.97743e-09,
6.30127e-07,
3.210415e-05,
0.02505357,
0.04380046,
0.02924722,
0.002305296,
0.008025202,
0.008099475,
0.8829167,
0,
0,
0,
0,
0,
1.532511e-05,
6.099427e-11,
0.0003355505,
7.649393e-05,
9.544261e-07,
0.0004224349,
7.977762e-05,
1.473506e-08,
0,
2.338624e-06,
7.39492e-09,
8.942533e-07,
5.239737e-06,
0.02675496,
0.040732,
0.02435419,
0.002732132,
0.008682718,
0.007973608,
0.8878314,
0,
0,
0,
0,
0,
1.279367e-06,
6.47399e-09,
6.254137e-05,
2.51796e-05,
2.143649e-06,
8.206761e-05,
3.445303e-05,
6.061e-07,
4.0842e-11,
7.435296e-06,
9.093579e-10,
1.608199e-06,
8.012072e-05,
0.0232903,
0.05519661,
0.04913749,
0.006465894,
0.02339161,
0.02669107,
0.8155296,
0,
0,
0,
0,
0,
1.140033e-08,
1.537323e-09,
1.306832e-06,
3.614874e-07,
4.658666e-08,
1.783227e-06,
5.066427e-07,
2.993851e-07,
0,
1.507038e-07,
1.641361e-12,
3.304642e-08,
0.0001282807,
0.001786103,
0.007030836,
0.007420412,
0.0005771358,
0.003304576,
0.004335082,
0.9754131,
0,
0,
0,
0,
0,
5.791524e-06,
1.619048e-08,
0.000168397,
4.312597e-05,
3.251193e-08,
0.0002160854,
4.841157e-05,
1.74298e-06,
0,
1.250414e-07,
2.645792e-09,
2.271097e-08,
0.0002273622,
0.02219574,
0.03903615,
0.02595245,
0.0004831501,
0.002917705,
0.004043739,
0.9046599,
0,
0,
0,
0,
0,
1.592957e-07,
6.080441e-11,
6.824539e-06,
1.435153e-06,
4.435784e-07,
9.063052e-06,
1.437948e-06,
1.691886e-08,
0,
8.953646e-07,
1.375966e-11,
5.161683e-07,
5.303279e-06,
0.002486777,
0.00646413,
0.004807043,
0.001460047,
0.004525776,
0.003726052,
0.9765041,
0,
0,
0,
2086, 
0,
0,
4.166792e-06,
5.633971e-11,
0.0001388136,
4.444299e-05,
1.430291e-06,
0.0001786472,
5.421854e-05,
1.931398e-08,
4.720278e-10,
4.333864e-06,
2.828954e-09,
1.114319e-06,
8.458953e-06,
0.02550297,
0.04930549,
0.03670705,
0.004365826,
0.01524085,
0.01602312,
0.8524191,
0,
0,
0,
0,
0,
2.547197e-05,
3.992779e-08,
0.0005487693,
0.0001546756,
1.684739e-07,
0.0006895022,
0.0001710852,
4.628701e-06,
0,
6.476106e-07,
2.163664e-08,
1.366597e-07,
0.001045285,
0.04425122,
0.06585659,
0.04120023,
0.001390663,
0.006607035,
0.008128137,
0.8299257,
0,
0,
0,
0,
0,
0.0001576313,
8.701576e-07,
0.002041656,
0.000606616,
6.265985e-06,
0.002462659,
0.0006236215,
3.122102e-05,
4.183675e-11,
1.492797e-05,
3.111341e-07,
5.150205e-06,
0.001247072,
0.06725486,
0.07840429,
0.04403627,
0.007417287,
0.01886296,
0.01627649,
0.7605498,
0,
0,
0,
0,
0,
3.406949e-07,
3.614576e-08,
2.163235e-05,
6.377053e-06,
2.880602e-07,
2.886151e-05,
7.888669e-06,
3.190026e-06,
3.819878e-11,
9.071204e-07,
1.320409e-10,
2.566208e-07,
0.0003394002,
0.008392571,
0.02102915,
0.01735296,
0.001673307,
0.00704712,
0.007884811,
0.9362109,
0,
0,
0,
0,
0,
1.571097e-08,
5.79909e-10,
2.855311e-07,
2.054607e-07,
2.695313e-08,
4.613766e-07,
1.17885e-07,
1.075994e-07,
0.002672909,
1.088804e-07,
1.809283e-13,
3.047037e-08,
2.375551e-05,
0.0007185417,
0.003301606,
0.003604675,
0.000439504,
0.002317587,
0.002737431,
0.9841827,
0,
0,
0,
0,
0,
6.486233e-07,
3.691332e-09,
2.174225e-05,
4.634127e-06,
4.675091e-08,
2.831047e-05,
4.864001e-06,
4.375212e-07,
0.001388379,
1.277627e-07,
1.376072e-10,
4.0204e-08,
5.816725e-05,
0.004381554,
0.009712896,
0.006878036,
0.0004735065,
0.00227969,
0.002484174,
0.9722828,
0,
0,
0,
0,
0,
3.052784e-05,
1.604132e-07,
0.0004756671,
7.882914e-05,
1.63783e-10,
0.0005907521,
7.184166e-05,
1.637399e-05,
5.493348e-10,
8.607626e-10,
1.070048e-08,
1.13191e-10,
0.002762716,
0.0196123,
0.02523402,
0.01256042,
2.330599e-05,
0.0002854297,
0.0005310182,
0.9377266,
0,
0,
0,
0,
0,
1.518741e-08,
1.601535e-10,
2.576358e-06,
5.13512e-07,
2.466226e-07,
3.604378e-06,
6.959999e-07,
3.305147e-08,
0,
5.833085e-07,
3.768436e-12,
2.680062e-07,
7.796016e-06,
0.001795182,
0.005624156,
0.004767737,
0.001157837,
0.004140244,
0.003790908,
0.9787076,
0,
0,
0,
0,
0,
6.322385e-07,
8.957126e-09,
2.161865e-05,
4.472903e-06,
4.181945e-08,
2.793121e-05,
4.859307e-06,
9.538583e-07,
0,
1.190111e-07,
1.243206e-10,
3.238687e-08,
0.0001116203,
0.004543162,
0.01018188,
0.007286766,
0.0004309952,
0.002166317,
0.002458062,
0.9727605,
0,
0,
0,
0,
0,
8.493722e-07,
1.467785e-07,
3.400164e-05,
8.936558e-06,
5.95726e-08,
4.446257e-05,
1.069913e-05,
1.328518e-05,
0,
2.146289e-07,
2.509378e-10,
4.849124e-08,
0.002596006,
0.009274361,
0.02108302,
0.01615844,
0.0007178064,
0.003850402,
0.004859169,
0.9413481,
0,
0,
0,
0,
0,
7.282466e-07,
3.492532e-12,
3.636123e-05,
1.317646e-05,
3.078311e-07,
4.819882e-05,
1.767877e-05,
1.771959e-09,
0,
1.187315e-06,
3.545347e-10,
2.381491e-07,
2.535262e-06,
0.01520938,
0.03776352,
0.03308207,
0.002102139,
0.009914614,
0.01269459,
0.8891132,
0,
0,
0,
0,
0,
4.510426e-06,
7.228634e-07,
0.0001723754,
7.483311e-05,
4.137077e-05,
0.0002235679,
0.0001019907,
4.174471e-05,
3.074092e-10,
0.0001078728,
5.501448e-09,
3.600073e-05,
0.004929137,
0.04111049,
0.08186063,
0.06747048,
0.02872281,
0.06294101,
0.05502923,
0.6571312,
0,
0,
0,
0,
0,
0,
1.524465e-07,
9.108198e-08,
6.346521e-08,
7.066193e-07,
8.611718e-08,
4.056216e-08,
9.2578e-06,
2.273737e-11,
2.37089e-06,
1.935759e-14,
5.591908e-07,
0.0006582291,
0.0005398248,
0.003912984,
0.006340633,
0.003267282,
0.01309306,
0.01490165,
0.957273,
0,
0,
0,
0,
0,
6.260934e-06,
1.222823e-06,
0.0002003282,
6.72438e-05,
3.362706e-06,
0.0002579258,
8.259494e-05,
6.397456e-05,
4.478352e-09,
9.096582e-06,
4.863622e-09,
3.00218e-06,
0.00434885,
0.03359782,
0.06176813,
0.04528891,
0.005588823,
0.0156522,
0.01466766,
0.8183926,
0,
0,
0,
0,
0,
3.148511e-06,
1.730362e-07,
9.078553e-05,
2.260424e-05,
1.013214e-06,
0.0001164078,
2.488241e-05,
1.532179e-05,
0,
2.483256e-06,
1.252094e-09,
9.327248e-07,
0.002644923,
0.01278394,
0.0238694,
0.01628361,
0.002893246,
0.009156695,
0.008340687,
0.9237497,
0,
0,
0,
0,
0,
0,
6.355181e-10,
5.374823e-07,
5.354735e-08,
3.168335e-10,
8.167517e-07,
1.66352e-07,
1.235006e-07,
0,
1.488841e-09,
3.841763e-13,
2.61499e-10,
2.991048e-05,
0.0007862129,
0.003119101,
0.002995414,
2.864828e-05,
0.0003164742,
0.000566011,
0.9921565,
0,
0,
0,
0,
0,
4.910963e-05,
2.13085e-09,
0.0006340262,
8.68613e-05,
2.189195e-10,
0.0007817738,
7.319895e-05,
3.859632e-07,
0,
9.250944e-10,
1.388224e-08,
1.728124e-10,
9.248321e-05,
0.01769173,
0.02032523,
0.008983635,
2.270371e-05,
0.0002404599,
0.0003907198,
0.9506277,
0,
0,
0,
0,
0,
4.392801e-06,
1.793115e-10,
0.0001193662,
2.941133e-05,
4.468823e-08,
0.0001519391,
3.221661e-05,
2.861488e-08,
0,
1.229189e-07,
1.982078e-09,
2.334256e-08,
5.682841e-06,
0.01535863,
0.02813537,
0.01901548,
0.0004790163,
0.002821408,
0.00375982,
0.930087,
0,
0,
0,
0,
0,
4.747579e-05,
0.0004962758,
0.001068437,
0.0006164233,
0.0007494805,
0.001337139,
0.0008437143,
0.008705541,
1.120497e-09,
0.001692422,
2.433073e-07,
0.0006584877,
0.1822103,
0.09649152,
0.1287312,
0.09240417,
0.09843434,
0.1277425,
0.09128198,
0.1664883,
0,
0,
0,
0,
0,
5.773218e-07,
3.539995e-09,
3.047257e-05,
1.018234e-05,
2.809518e-07,
4.054806e-05,
1.378121e-05,
4.196714e-07,
0,
1.0261e-06,
2.475628e-10,
2.337294e-07,
8.699721e-05,
0.01297744,
0.03245367,
0.0279676,
0.001796338,
0.008403632,
0.01061427,
0.9056025,
0,
0,
0,
0,
0,
5.240761e-06,
3.567446e-10,
0.0001648945,
4.569612e-05,
8.576085e-07,
0.0002140988,
5.393085e-05,
7.097584e-08,
1.244189e-09,
2.373491e-06,
2.834259e-09,
8.045158e-07,
2.266789e-05,
0.02469843,
0.04377167,
0.02950995,
0.002587115,
0.00872174,
0.008647698,
0.8815528,
0,
0,
0,
0,
0,
1.159618e-05,
2.282269e-11,
0.0002712702,
6.326094e-05,
1.009058e-06,
0.0003448652,
6.766204e-05,
6.641836e-09,
0,
2.467032e-06,
5.56433e-09,
9.889836e-07,
3.372476e-06,
0.02474861,
0.03897649,
0.02373672,
0.002788873,
0.00873927,
0.007956932,
0.8922866,
0,
0,
0,
0,
0,
1.093574e-06,
1.897617e-09,
5.490762e-05,
2.227015e-05,
2.375378e-06,
7.243168e-05,
3.082325e-05,
2.169285e-07,
4.0842e-11,
8.114365e-06,
7.80819e-10,
1.856908e-06,
4.084079e-05,
0.02177304,
0.05254958,
0.0471551,
0.006824044,
0.02416191,
0.02713316,
0.8201682,
0,
0,
0,
0,
0,
8.692804e-09,
2.364524e-09,
1.084408e-06,
3.010974e-07,
5.193479e-08,
1.487447e-06,
4.306548e-07,
4.233106e-07,
0,
1.673682e-07,
1.311564e-12,
3.934317e-08,
0.0001848334,
0.001619747,
0.006545437,
0.006993581,
0.0006145011,
0.003426565,
0.004408664,
0.9762027,
0,
0,
0,
0,
0,
4.713735e-06,
1.022794e-08,
0.0001431248,
3.736412e-05,
2.869352e-08,
0.000185037,
4.273471e-05,
1.131948e-06,
0,
1.107828e-07,
2.192555e-09,
2.023438e-08,
0.0001594517,
0.02076341,
0.03747329,
0.02526893,
0.000437123,
0.002698274,
0.003809958,
0.9089753,
0,
0,
0,
0,
0,
1.355481e-07,
3.325461e-11,
5.782778e-06,
1.257107e-06,
5.036466e-07,
7.716594e-06,
1.257765e-06,
9.611746e-09,
0,
1.002804e-06,
1.157516e-11,
6.161933e-07,
3.2879e-06,
0.002282327,
0.006082893,
0.004585251,
0.001571304,
0.004750895,
0.003841981,
0.9768638,
0,
0,
0,
2087, 
0,
0,
3.206174e-06,
0,
0.0001130923,
3.651193e-05,
1.294666e-06,
0.0001467401,
4.536259e-05,
7.263594e-09,
4.720277e-10,
3.966575e-06,
2.116844e-09,
1.055653e-06,
6.960201e-06,
0.0232214,
0.04624186,
0.03487127,
0.004193322,
0.01481828,
0.01561497,
0.8606807,
0,
0,
0,
0,
0,
1.940826e-05,
4.30445e-08,
0.0004394712,
0.0001252166,
1.598406e-07,
0.0005563212,
0.0001408752,
4.93498e-06,
0,
6.184358e-07,
1.617875e-08,
1.342987e-07,
0.001189446,
0.03970521,
0.06114497,
0.03888717,
0.001358891,
0.006494789,
0.007988987,
0.8419433,
0,
0,
0,
0,
0,
0.0001049191,
2.625156e-07,
0.001442624,
0.0004266737,
5.062379e-06,
0.001752212,
0.0004437834,
1.094413e-05,
4.183676e-11,
1.211503e-05,
1.938823e-07,
4.321515e-06,
0.0005436161,
0.05453132,
0.06707981,
0.03858029,
0.006658316,
0.0173833,
0.01504803,
0.7959722,
0,
0,
0,
0,
0,
2.646953e-07,
2.039014e-08,
1.847477e-05,
5.534807e-06,
3.412058e-07,
2.48414e-05,
6.940884e-06,
1.866574e-06,
3.819878e-11,
1.050126e-06,
1.097806e-10,
3.220445e-07,
0.0002150608,
0.007807284,
0.02000968,
0.01668493,
0.001807197,
0.007359463,
0.008058465,
0.9379982,
0,
0,
0,
0,
0,
1.53525e-08,
3.135196e-10,
2.469924e-07,
1.96654e-07,
2.867619e-08,
4.091094e-07,
1.070624e-07,
6.089543e-08,
0.002421735,
1.14046e-07,
1.595723e-13,
3.347618e-08,
1.460454e-05,
0.0006770167,
0.003167826,
0.00349008,
0.0004534538,
0.002365737,
0.002769644,
0.9846387,
0,
0,
0,
0,
0,
4.196477e-07,
1.312316e-09,
1.489591e-05,
3.219726e-06,
4.440939e-08,
1.966097e-05,
3.414564e-06,
1.744821e-07,
0.001061136,
1.19676e-07,
8.201195e-11,
4.104878e-08,
2.783515e-05,
0.00355076,
0.008298888,
0.006012417,
0.0004566268,
0.002188551,
0.002357149,
0.9760047,
0,
0,
0,
0,
0,
2.140556e-05,
1.386365e-07,
0.0003554649,
5.990195e-05,
1.420267e-10,
0.0004454948,
5.580507e-05,
1.452859e-05,
5.493348e-10,
7.601536e-10,
7.387942e-09,
1.022761e-10,
0.002733766,
0.01692826,
0.02277735,
0.01160589,
2.16688e-05,
0.0002708438,
0.0005083687,
0.9442011,
0,
0,
0,
0,
0,
8.577267e-09,
5.696881e-11,
2.204397e-06,
4.453976e-07,
2.723933e-07,
3.117182e-06,
6.242748e-07,
1.284005e-08,
0,
6.412059e-07,
3.234433e-12,
3.092257e-07,
3.660208e-06,
0.001687286,
0.005415326,
0.004656672,
0.001230189,
0.00432374,
0.003915072,
0.9787604,
0,
0,
0,
0,
0,
4.427304e-07,
3.722632e-09,
1.563555e-05,
3.250633e-06,
3.407565e-08,
2.033195e-05,
3.597035e-06,
4.298034e-07,
0,
9.795884e-08,
8.286758e-11,
2.770568e-08,
5.829074e-05,
0.003751674,
0.008812787,
0.006451079,
0.0003877929,
0.001997295,
0.002278659,
0.9762186,
0,
0,
0,
0,
0,
6.721868e-07,
2.721836e-07,
2.766206e-05,
7.340162e-06,
6.218539e-08,
3.638297e-05,
8.926482e-06,
2.17249e-05,
0,
2.220086e-07,
1.959198e-10,
5.306799e-08,
0.004047645,
0.008291119,
0.01941759,
0.01509802,
0.0007330645,
0.003881925,
0.004841518,
0.9435858,
0,
0,
0,
0,
0,
6.354197e-07,
5.16213e-12,
3.237065e-05,
1.182599e-05,
3.657423e-07,
4.317153e-05,
1.606481e-05,
2.430404e-09,
0,
1.369362e-06,
3.098108e-10,
3.002667e-07,
3.424811e-06,
0.01438453,
0.03623954,
0.03190313,
0.002261548,
0.01029758,
0.01288582,
0.8919183,
0,
0,
0,
0,
0,
4.471007e-06,
1.258598e-06,
0.0001715036,
7.59108e-05,
5.049604e-05,
0.0002235538,
0.0001048584,
6.502015e-05,
3.074092e-10,
0.0001289874,
5.903286e-09,
4.592604e-05,
0.00713653,
0.04154818,
0.08246712,
0.06786699,
0.03120492,
0.06590255,
0.05650634,
0.6464953,
0,
0,
0,
0,
0,
0,
5.902125e-08,
8.494431e-08,
6.110264e-08,
7.321932e-07,
7.76303e-08,
3.693447e-08,
3.947024e-06,
2.273737e-11,
2.442427e-06,
1.703543e-14,
6.089916e-07,
0.0003327529,
0.0005125043,
0.003768449,
0.006137733,
0.003326602,
0.01319597,
0.01488509,
0.9578329,
0,
0,
0,
0,
0,
5.274984e-06,
8.514159e-07,
0.0001728258,
5.859191e-05,
3.485633e-06,
0.0002235707,
7.275084e-05,
4.54291e-05,
4.478352e-09,
9.393838e-06,
4.121554e-09,
3.201846e-06,
0.00329238,
0.03104558,
0.05838947,
0.04330784,
0.005748893,
0.01596844,
0.01483303,
0.826819,
0,
0,
0,
0,
0,
2.427342e-06,
3.798126e-07,
7.111104e-05,
1.790572e-05,
9.496873e-07,
9.158982e-05,
1.986942e-05,
2.814453e-05,
0,
2.316824e-06,
9.679501e-10,
9.087797e-07,
0.004830579,
0.01079408,
0.02083584,
0.01447285,
0.002766806,
0.008760892,
0.007925821,
0.9293775,
0,
0,
0,
0,
0,
0,
3.47457e-10,
4.625956e-07,
4.05669e-08,
4.336556e-10,
7.169433e-07,
1.525856e-07,
7.126989e-08,
0,
1.975219e-09,
3.398747e-13,
3.826727e-10,
2.006841e-05,
0.0007503724,
0.003047263,
0.002970289,
3.320328e-05,
0.0003450984,
0.0005966744,
0.9922356,
0,
0,
0,
0,
0,
3.371181e-05,
1.473848e-09,
0.0004683247,
6.539071e-05,
1.997931e-10,
0.0005835699,
5.650782e-05,
2.797199e-07,
0,
8.48654e-10,
9.361019e-09,
1.601186e-10,
7.984735e-05,
0.01529259,
0.01839841,
0.008327088,
2.135822e-05,
0.0002295256,
0.0003757287,
0.9560677,
0,
0,
0,
0,
0,
3.029756e-06,
2.322771e-11,
8.783949e-05,
2.182834e-05,
3.877268e-08,
0.0001127949,
2.437959e-05,
5.099997e-09,
0,
1.026809e-07,
1.311269e-09,
1.988522e-08,
1.599866e-06,
0.01305971,
0.02504312,
0.01730189,
0.0004322186,
0.002615786,
0.003522223,
0.9377734,
0,
0,
0,
0,
0,
5.38386e-05,
0.0003658946,
0.001190027,
0.000693804,
0.0009662348,
0.001490273,
0.0009528404,
0.00646103,
1.120497e-09,
0.00214334,
2.898145e-07,
0.0008708655,
0.140247,
0.1028087,
0.1340604,
0.09525482,
0.1131871,
0.1396915,
0.09724844,
0.1623138,
0,
0,
0,
0,
0,
5.231479e-07,
2.501693e-09,
2.82969e-05,
9.636582e-06,
3.746781e-07,
3.789001e-05,
1.327231e-05,
3.613111e-07,
0,
1.335648e-06,
2.347962e-10,
3.252847e-07,
0.0001253326,
0.01274731,
0.03220468,
0.02790493,
0.002110374,
0.009394494,
0.011519,
0.9039019,
0,
0,
0,
0,
0,
4.735239e-06,
1.616305e-10,
0.0001524149,
4.31592e-05,
9.938183e-07,
0.0001989003,
5.171276e-05,
3.796551e-08,
1.244189e-09,
2.732104e-06,
2.671223e-09,
9.675625e-07,
1.640021e-05,
0.02421229,
0.04353097,
0.02963627,
0.002829913,
0.00930622,
0.009094475,
0.8809178,
0,
0,
0,
0,
0,
8.887218e-06,
8.764574e-12,
0.0002218396,
5.303532e-05,
1.05823e-06,
0.0002847698,
5.818858e-05,
3.153676e-09,
0,
2.587149e-06,
4.279118e-09,
1.078888e-06,
2.424273e-06,
0.02306049,
0.03750134,
0.02324836,
0.002841718,
0.008796485,
0.007950152,
0.8959676,
0,
0,
0,
0,
0,
9.279375e-07,
5.290358e-10,
4.79422e-05,
1.95897e-05,
2.6371e-06,
6.35929e-05,
2.74384e-05,
7.633207e-08,
4.0842e-11,
8.86994e-06,
6.649073e-10,
2.148802e-06,
2.24153e-05,
0.02030256,
0.04993726,
0.04518066,
0.007208284,
0.02496746,
0.02758316,
0.824625,
0,
0,
0,
0,
0,
6.482275e-09,
3.977862e-09,
8.956542e-07,
2.491473e-07,
5.806418e-08,
1.234607e-06,
3.641641e-07,
6.464115e-07,
0,
1.86156e-07,
1.04047e-12,
4.691523e-08,
0.0002756057,
0.001464981,
0.006081724,
0.006580354,
0.000655012,
0.00355561,
0.004484996,
0.976898,
0,
0,
0,
0,
0,
3.780013e-06,
5.733153e-09,
0.0001203101,
3.200674e-05,
2.476504e-08,
0.0001567559,
3.730116e-05,
6.654432e-07,
0,
9.592843e-08,
1.785675e-09,
1.761324e-08,
0.0001056746,
0.01927236,
0.03573119,
0.02444658,
0.0003865299,
0.002442518,
0.003521667,
0.9137425,
0,
0,
0,
0,
0,
1.145946e-07,
1.475312e-11,
4.833412e-06,
1.090225e-06,
5.511682e-07,
6.479527e-06,
1.084773e-06,
4.583795e-09,
0,
1.085559e-06,
9.551561e-12,
7.048515e-07,
1.784384e-06,
0.00207528,
0.005681993,
0.004345002,
0.00164951,
0.004884589,
0.003888373,
0.9774575,
0,
0,
0,
2088, 
0,
0,
2.480519e-06,
0,
9.25657e-05,
3.015429e-05,
1.190173e-06,
0.00012108,
3.815395e-05,
5.658074e-09,
4.720278e-10,
3.680003e-06,
1.599888e-09,
1.015517e-06,
7.428709e-06,
0.02117676,
0.0433947,
0.03313695,
0.004052045,
0.01445834,
0.0152529,
0.8682306,
0,
0,
0,
0,
0,
1.46723e-05,
4.741565e-08,
0.0003498009,
0.0001007584,
1.503873e-07,
0.0004462419,
0.0001153573,
5.3514e-06,
0,
5.862316e-07,
1.197034e-08,
1.306345e-07,
0.001361733,
0.03551889,
0.0566335,
0.03662377,
0.001319811,
0.00635398,
0.007821581,
0.8533337,
0,
0,
0,
0,
0,
6.694968e-05,
5.359109e-08,
0.0009863207,
0.000289897,
4.076825e-06,
0.001207412,
0.0003054714,
2.813423e-06,
4.183675e-11,
9.79685e-06,
1.141925e-07,
3.648923e-06,
0.0001936223,
0.0436193,
0.05695508,
0.03361844,
0.006004974,
0.0160759,
0.01394166,
0.8267145,
0,
0,
0,
0,
0,
2.012443e-07,
9.655288e-09,
1.578939e-05,
4.817119e-06,
4.095602e-07,
2.141176e-05,
6.13136e-06,
9.406064e-07,
3.819878e-11,
1.233518e-06,
9.116117e-11,
4.083305e-07,
0.0001215908,
0.007299763,
0.01913309,
0.0161207,
0.001971325,
0.007749379,
0.008297945,
0.9392548,
0,
0,
0,
0,
0,
1.500599e-08,
1.311155e-10,
2.090564e-07,
1.877661e-07,
2.986411e-08,
3.572834e-07,
9.589174e-08,
2.833291e-08,
0.002172739,
1.176736e-07,
1.378185e-13,
3.605266e-08,
7.755504e-06,
0.0006327426,
0.003021095,
0.003361634,
0.0004640798,
0.002402486,
0.002791787,
0.9851446,
0,
0,
0,
0,
0,
2.700728e-07,
3.445811e-10,
1.009721e-05,
2.227318e-06,
4.278549e-08,
1.354103e-05,
2.379557e-06,
5.427007e-08,
0.0008090043,
1.137307e-07,
4.793244e-11,
4.243455e-08,
1.113845e-05,
0.002876574,
0.007099688,
0.005265926,
0.0004437749,
0.002113634,
0.002248468,
0.979103,
0,
0,
0,
0,
0,
1.48649e-05,
1.210152e-07,
0.000263623,
4.518852e-05,
1.222907e-10,
0.0003334626,
4.305512e-05,
1.297244e-05,
5.493347e-10,
6.650262e-10,
5.044404e-09,
9.110837e-11,
0.002706552,
0.0145583,
0.02050757,
0.01070258,
1.986511e-05,
0.0002538335,
0.000481821,
0.9500562,
0,
0,
0,
0,
0,
2.942061e-09,
1.501316e-11,
1.872013e-06,
3.821438e-07,
2.982232e-07,
2.677309e-06,
5.553507e-07,
3.694854e-09,
0,
6.98787e-07,
2.751262e-12,
3.53701e-07,
1.40056e-06,
0.001575753,
0.005185617,
0.004524972,
0.001300573,
0.004497738,
0.0040286,
0.9788785,
0,
0,
0,
0,
0,
3.03725e-07,
1.150715e-09,
1.103713e-05,
2.30168e-06,
2.826254e-08,
1.444823e-05,
2.601068e-06,
1.516831e-07,
0,
8.185167e-08,
5.276624e-11,
2.436038e-08,
2.564318e-05,
0.003071015,
0.007591199,
0.00569267,
0.0003533588,
0.001857353,
0.002124732,
0.9792531,
0,
0,
0,
0,
0,
5.281217e-07,
5.12427e-07,
2.231763e-05,
5.977281e-06,
6.557982e-08,
2.952668e-05,
7.389959e-06,
3.635373e-05,
0,
2.316918e-07,
1.50878e-10,
5.886658e-08,
0.006411855,
0.00738785,
0.01784815,
0.01408642,
0.0007519092,
0.003923469,
0.004831159,
0.9446562,
0,
0,
0,
0,
0,
5.568355e-07,
7.64436e-12,
2.895191e-05,
1.067332e-05,
4.384799e-07,
3.886228e-05,
1.469206e-05,
3.352446e-09,
0,
1.595242e-06,
2.725591e-10,
3.802707e-07,
4.642104e-06,
0.01367159,
0.03491732,
0.03087486,
0.002446344,
0.01073093,
0.013108,
0.8941501,
0,
0,
0,
0,
0,
4.345777e-06,
1.826001e-06,
0.0001679636,
7.547835e-05,
5.733582e-05,
0.0002199445,
0.0001054808,
8.966419e-05,
3.074092e-10,
0.0001447417,
6.034838e-09,
5.383177e-05,
0.009600482,
0.0416184,
0.08262876,
0.06799106,
0.03305571,
0.06793035,
0.05732343,
0.6389312,
0,
0,
0,
0,
0,
0,
1.615179e-08,
7.95776e-08,
5.903581e-08,
7.419015e-07,
7.019306e-08,
3.375689e-08,
1.287016e-06,
2.273737e-11,
2.469822e-06,
1.504514e-14,
6.421851e-07,
0.0001446081,
0.0004880776,
0.003638468,
0.005954409,
0.003354843,
0.01323124,
0.01482948,
0.9583535,
0,
0,
0,
0,
0,
4.372161e-06,
5.504421e-07,
0.0001470891,
5.036724e-05,
3.513331e-06,
0.0001912428,
6.325407e-05,
3.029002e-05,
4.478352e-09,
9.460266e-06,
3.424205e-09,
3.309151e-06,
0.002398526,
0.02848593,
0.05492106,
0.04124383,
0.005822914,
0.01613022,
0.01490181,
0.8355923,
0,
0,
0,
0,
0,
1.824358e-06,
8.628783e-07,
5.431043e-05,
1.383535e-05,
8.992124e-07,
7.030462e-05,
1.547813e-05,
5.468825e-05,
0,
2.180562e-06,
7.237946e-10,
9.040646e-07,
0.008796034,
0.009003625,
0.01807042,
0.01281343,
0.002665973,
0.00842956,
0.007564176,
0.9324415,
0,
0,
0,
0,
0,
0,
1.60653e-10,
3.919665e-07,
2.759687e-08,
5.921916e-10,
6.216582e-07,
1.380905e-07,
3.618865e-08,
0,
2.608187e-09,
2.960311e-13,
5.58754e-10,
1.279654e-05,
0.0007085503,
0.002949214,
0.002919025,
3.851593e-05,
0.0003762633,
0.0006277735,
0.9923666,
0,
0,
0,
0,
0,
2.318738e-05,
1.32635e-09,
0.0003463218,
4.932284e-05,
1.781091e-10,
0.0004360785,
4.371105e-05,
2.628877e-07,
0,
7.609088e-10,
6.355008e-09,
1.447765e-10,
0.0001096575,
0.01323157,
0.01667335,
0.007729751,
1.971469e-05,
0.0002159112,
0.0003574077,
0.9607638,
0,
0,
0,
0,
0,
2.068012e-06,
2.918709e-12,
6.416349e-05,
1.608877e-05,
3.415817e-08,
8.315001e-05,
1.834076e-05,
8.369478e-10,
0,
8.662341e-08,
8.560034e-10,
1.715805e-08,
4.632894e-07,
0.01108504,
0.02227374,
0.01573763,
0.0003924919,
0.0024363,
0.003310951,
0.9445794,
0,
0,
0,
0,
0,
6.055285e-05,
0.0002587095,
0.001320705,
0.0007775759,
0.001194284,
0.001655752,
0.001072256,
0.004605284,
1.120497e-09,
0.00261146,
3.404344e-07,
0.001101826,
0.1042818,
0.1097244,
0.1393894,
0.09774938,
0.1271145,
0.1494531,
0.1013231,
0.1563056,
0,
0,
0,
0,
0,
4.790246e-07,
6.28604e-09,
2.649173e-05,
9.196421e-06,
4.847913e-07,
3.568907e-05,
1.288184e-05,
7.779382e-07,
0,
1.693129e-06,
2.257402e-10,
4.376678e-07,
0.0002681129,
0.01257024,
0.03204234,
0.02789993,
0.002447027,
0.01041784,
0.0124308,
0.9018356,
0,
0,
0,
0,
0,
4.262433e-06,
7.590031e-11,
0.0001402229,
4.050213e-05,
1.122527e-06,
0.000183866,
4.922735e-05,
2.160937e-08,
1.244189e-09,
3.07608e-06,
2.494986e-09,
1.129858e-06,
1.296773e-05,
0.02361097,
0.04309317,
0.02963175,
0.003072673,
0.009912715,
0.009573285,
0.880669,
0,
0,
0,
0,
0,
6.963912e-06,
3.794159e-12,
0.0001853406,
4.562626e-05,
1.110348e-06,
0.0002402671,
5.142971e-05,
1.730368e-09,
0,
2.720419e-06,
3.416469e-09,
1.173238e-06,
2.056594e-06,
0.02186787,
0.03661054,
0.02308376,
0.002894602,
0.008854085,
0.007951757,
0.8982007,
0,
0,
0,
0,
0,
7.821199e-07,
1.676207e-10,
4.16788e-05,
1.716043e-05,
2.922818e-06,
5.560881e-05,
2.434015e-05,
3.025639e-08,
4.0842e-11,
9.679915e-06,
5.619774e-10,
2.481896e-06,
1.445091e-05,
0.01891115,
0.0474302,
0.04327266,
0.007594025,
0.02572554,
0.02795748,
0.8289398,
0,
0,
0,
0,
0,
4.679179e-09,
6.773551e-09,
7.357697e-07,
2.045524e-07,
6.442775e-08,
1.018906e-06,
3.061299e-07,
1.003923e-06,
0,
2.052376e-07,
8.177771e-13,
5.529359e-08,
0.0004143846,
0.001321496,
0.005640456,
0.006181967,
0.0006935298,
0.003668314,
0.004538618,
0.9775376,
0,
0,
0,
0,
0,
2.994432e-06,
2.768181e-09,
0.0001001627,
2.713936e-05,
2.090352e-08,
0.0001315401,
3.221676e-05,
3.485159e-07,
0,
8.120259e-08,
1.434621e-09,
1.49848e-08,
6.812131e-05,
0.01773507,
0.0338054,
0.02347343,
0.0003343062,
0.002165977,
0.003195492,
0.9189277,
0,
0,
0,
0,
0,
9.63237e-08,
4.714384e-12,
3.978987e-06,
9.36125e-07,
5.987667e-07,
5.357557e-06,
9.214477e-07,
1.701468e-09,
0,
1.168506e-06,
7.709536e-12,
8.013042e-07,
8.089744e-07,
0.001868872,
0.00526746,
0.004089768,
0.001733459,
0.005038676,
0.003950862,
0.9780362,
0,
0,
0,
2089, 
0,
0,
1.930341e-06,
2.599336e-13,
7.609938e-05,
2.502376e-05,
1.107124e-06,
0.0001003269,
3.223831e-05,
5.889893e-09,
4.720278e-10,
3.448238e-06,
1.222449e-09,
9.864993e-07,
8.455333e-06,
0.01932511,
0.0407161,
0.0314758,
0.003929083,
0.01413063,
0.01491245,
0.8752612,
0,
0,
0,
0,
0,
1.100202e-05,
5.222854e-08,
0.0002766869,
8.057752e-05,
1.398682e-07,
0.0003557966,
9.392459e-05,
5.807109e-06,
0,
5.502044e-07,
8.756669e-09,
1.255198e-07,
0.001552885,
0.0316686,
0.05230983,
0.03440399,
0.001272336,
0.006180367,
0.007621467,
0.8641658,
0,
0,
0,
0,
0,
4.078639e-05,
7.197744e-09,
0.0006514522,
0.0001899419,
3.298727e-06,
0.0008046894,
0.0002031463,
5.278641e-07,
4.183675e-11,
7.956366e-06,
6.312549e-08,
3.126865e-06,
6.198548e-05,
0.03452908,
0.04817451,
0.02925305,
0.00546128,
0.0149633,
0.01298525,
0.8526666,
0,
0,
0,
0,
0,
1.490075e-07,
3.57164e-09,
1.35285e-05,
4.211822e-06,
4.814928e-07,
1.851362e-05,
5.446497e-06,
3.866335e-07,
3.819878e-11,
1.427072e-06,
7.58707e-11,
5.027809e-07,
5.927547e-05,
0.006860897,
0.0183814,
0.01564721,
0.002139267,
0.008146686,
0.00854666,
0.940174,
0,
0,
0,
0,
0,
1.468402e-08,
3.532916e-11,
1.730262e-07,
1.791273e-07,
3.029072e-08,
3.076993e-07,
8.479909e-08,
1.017441e-08,
0.001931831,
1.191102e-07,
1.166453e-13,
3.785189e-08,
3.416886e-06,
0.0005870666,
0.002865432,
0.003222659,
0.000469961,
0.002423988,
0.002801983,
0.9856927,
0,
0,
0,
0,
0,
1.744819e-07,
6.148615e-11,
6.790894e-06,
1.543128e-06,
4.14131e-08,
9.282268e-06,
1.652715e-06,
1.243613e-08,
0.0006168977,
1.087693e-07,
2.763384e-11,
4.379171e-08,
3.625788e-06,
0.002334205,
0.006089365,
0.004626011,
0.0004325019,
0.002047322,
0.002152246,
0.9816782,
0,
0,
0,
0,
0,
1.02213e-05,
1.062845e-07,
0.0001940522,
3.384782e-05,
1.044848e-10,
0.0002477913,
3.300312e-05,
1.162827e-05,
5.493348e-10,
5.757493e-10,
3.40464e-09,
8.002304e-11,
0.002682237,
0.01248143,
0.0184273,
0.009855244,
1.790037e-05,
0.0002341004,
0.0004505823,
0.9553205,
0,
0,
0,
0,
0,
0,
3.658469e-12,
1.57501e-06,
3.234701e-07,
3.195875e-07,
2.28024e-06,
4.892694e-07,
7.292991e-10,
0,
7.46218e-07,
2.315554e-12,
3.946901e-07,
4.320193e-07,
0.001460581,
0.004933928,
0.004371103,
0.001356675,
0.004628534,
0.004105892,
0.9791367,
0,
0,
0,
0,
0,
2.060443e-07,
2.383508e-10,
7.623973e-06,
1.59124e-06,
2.414685e-08,
1.004553e-05,
1.842482e-06,
3.903644e-08,
0,
7.017444e-08,
3.210676e-11,
2.226118e-08,
9.343152e-06,
0.002497555,
0.006518992,
0.005014695,
0.0003271965,
0.001745526,
0.001995904,
0.9818693,
0,
0,
0,
0,
0,
4.125268e-07,
9.271464e-07,
1.786572e-05,
4.828315e-06,
6.982937e-08,
2.377754e-05,
6.075023e-06,
5.944289e-05,
0,
2.438903e-07,
1.145961e-10,
6.608008e-08,
0.009995465,
0.006566547,
0.01638323,
0.01313038,
0.0007744772,
0.003975476,
0.004828962,
0.9442317,
0,
0,
0,
0,
0,
4.924511e-07,
1.139866e-11,
2.611543e-05,
9.726004e-06,
5.236934e-07,
3.52911e-05,
1.357544e-05,
4.659392e-09,
0,
1.857243e-06,
2.431718e-10,
4.771077e-07,
6.32355e-06,
0.01308169,
0.03382102,
0.03001628,
0.002648327,
0.01119269,
0.0133457,
0.8957999,
0,
0,
0,
0,
0,
4.151569e-06,
2.401486e-06,
0.0001620348,
7.373007e-05,
6.277912e-05,
0.0002130952,
0.0001041261,
0.0001146068,
3.074092e-10,
0.0001573055,
5.977681e-09,
6.055569e-05,
0.01223576,
0.0412617,
0.08217351,
0.06768874,
0.03462518,
0.06968299,
0.05801716,
0.6333601,
0,
0,
0,
0,
0,
0,
3.294706e-09,
7.499133e-08,
5.727234e-08,
7.227095e-07,
6.382682e-08,
3.10489e-08,
3.405501e-07,
2.273737e-11,
2.411122e-06,
1.340047e-14,
6.436862e-07,
6.026145e-05,
0.0004667735,
0.00352452,
0.005792727,
0.003308679,
0.01307293,
0.01462949,
0.9591403,
0,
0,
0,
0,
0,
3.563609e-06,
3.233215e-07,
0.000123513,
4.272781e-05,
3.469276e-06,
0.0001614717,
5.43127e-05,
1.868519e-05,
4.478352e-09,
9.36125e-06,
2.786363e-09,
3.343731e-06,
0.001684518,
0.02597516,
0.05143901,
0.03914276,
0.0058596,
0.01629466,
0.01503223,
0.8441513,
0,
0,
0,
0,
0,
1.329808e-06,
1.6954e-06,
4.023882e-05,
1.037995e-05,
8.595676e-07,
5.240251e-05,
1.171114e-05,
9.658747e-05,
0,
2.071764e-06,
5.184466e-10,
9.14989e-07,
0.01472879,
0.007429535,
0.01561452,
0.01133632,
0.002587712,
0.008161096,
0.007260674,
0.9326631,
0,
0,
0,
0,
0,
0,
6.057895e-11,
3.26234e-07,
1.485089e-08,
8.141388e-10,
5.318856e-07,
1.231381e-07,
1.608622e-08,
0,
3.468017e-09,
2.539213e-13,
8.22123e-10,
8.022349e-06,
0.0006605946,
0.002821861,
0.002837257,
4.545227e-05,
0.000416904,
0.0006694318,
0.9925395,
0,
0,
0,
0,
0,
1.592384e-05,
3.292142e-09,
0.0002558482,
3.718974e-05,
1.552519e-10,
0.0003255588,
3.381043e-05,
5.368323e-07,
0,
6.675032e-10,
4.319634e-09,
1.279395e-10,
0.0002688592,
0.01145235,
0.01512099,
0.007182806,
1.787635e-05,
0.000200349,
0.0003365343,
0.9647514,
0,
0,
0,
0,
0,
1.399138e-06,
6.592342e-13,
4.659657e-05,
1.179687e-05,
3.058812e-08,
6.09641e-05,
1.374206e-05,
1.601092e-10,
0,
7.403953e-08,
5.523652e-10,
1.506718e-08,
2.032875e-07,
0.009404956,
0.01981806,
0.01432492,
0.0003597998,
0.002285035,
0.003129052,
0.9505433,
0,
0,
0,
0,
0,
6.565808e-05,
0.0001735013,
0.001422505,
0.0008442116,
0.001474721,
0.001785977,
0.001169216,
0.003121754,
1.120497e-09,
0.003181891,
3.804159e-07,
0.001394513,
0.07437999,
0.114837,
0.1421698,
0.0982963,
0.1432222,
0.1598477,
0.1051964,
0.1474162,
0,
0,
0,
0,
0,
4.430111e-07,
1.669752e-08,
2.498535e-05,
8.839178e-06,
6.188423e-07,
3.38555e-05,
1.258233e-05,
1.776205e-06,
0,
2.121309e-06,
2.195625e-10,
5.806586e-07,
0.0005482133,
0.01243165,
0.03193711,
0.02792868,
0.002824857,
0.01153614,
0.01341571,
0.8992918,
0,
0,
0,
0,
0,
3.808159e-06,
4.117385e-11,
0.0001281454,
3.772342e-05,
1.191915e-06,
0.0001688313,
4.650445e-05,
1.419486e-08,
1.244189e-09,
3.266208e-06,
2.305725e-09,
1.229319e-06,
1.163015e-05,
0.02291506,
0.04249892,
0.02952537,
0.003197731,
0.01019751,
0.00977403,
0.881489,
0,
0,
0,
0,
0,
5.633394e-06,
2.236475e-12,
0.0001594361,
4.063797e-05,
1.160281e-06,
0.0002087305,
4.713104e-05,
1.23754e-09,
0,
2.857265e-06,
2.880453e-09,
1.264982e-06,
2.076306e-06,
0.02118762,
0.03636094,
0.02328643,
0.002944174,
0.00891229,
0.007967801,
0.8988718,
0,
0,
0,
0,
0,
6.554182e-07,
8.029315e-11,
3.612407e-05,
1.499235e-05,
3.274953e-06,
4.849937e-05,
2.155193e-05,
1.608619e-08,
4.0842e-11,
1.06722e-05,
4.720576e-10,
2.903299e-06,
1.131909e-05,
0.01761722,
0.04506484,
0.0414588,
0.008055752,
0.02665522,
0.02847492,
0.8325232,
0,
0,
0,
0,
0,
3.226806e-09,
1.139078e-08,
6.017086e-07,
1.666669e-07,
7.163258e-08,
8.367072e-07,
2.559794e-07,
1.549466e-06,
0,
2.26633e-07,
6.377244e-13,
6.527883e-08,
0.0006202736,
0.001189172,
0.005221976,
0.005798835,
0.0007366473,
0.003797742,
0.004608372,
0.9780232,
0,
0,
0,
0,
0,
2.350928e-06,
1.140946e-09,
8.27202e-05,
2.280892e-05,
1.723333e-08,
0.0001094862,
2.75568e-05,
1.657293e-07,
0,
6.713794e-08,
1.142578e-09,
1.244568e-08,
4.739623e-05,
0.01616746,
0.03170195,
0.02234551,
0.0002829474,
0.001884086,
0.00285087,
0.9244746,
0,
0,
0,
0,
0,
8.075936e-08,
8.488523e-13,
3.226975e-06,
7.973193e-07,
6.316989e-07,
4.362681e-06,
7.71282e-07,
4.587869e-10,
0,
1.224884e-06,
6.081651e-12,
8.809056e-07,
2.993618e-07,
0.001668454,
0.004851559,
0.003828058,
0.001789608,
0.005127785,
0.003969572,
0.9787527,
0,
0,
0,
2090, 
0,
0,
1.512701e-06,
1.851543e-12,
6.286836e-05,
2.08734e-05,
1.037688e-06,
8.351215e-05,
2.736965e-05,
6.461751e-09,
4.720278e-10,
3.250984e-06,
9.460813e-10,
9.625265e-07,
9.635604e-06,
0.01764701,
0.03819805,
0.02988746,
0.003814731,
0.01381427,
0.01457914,
0.8818483,
0,
0,
0,
0,
0,
8.190228e-06,
5.658518e-08,
0.0002175606,
6.406046e-05,
1.280236e-07,
0.0002820601,
7.605025e-05,
6.222774e-06,
0,
5.093751e-07,
6.340074e-09,
1.186826e-07,
0.001747432,
0.02812497,
0.04814695,
0.03221061,
0.001214238,
0.005964383,
0.007378351,
0.8745581,
0,
0,
0,
0,
0,
2.368335e-05,
7.779684e-10,
0.0004160669,
0.0001201483,
2.689257e-06,
0.000519308,
0.0001307465,
9.680424e-08,
4.183676e-11,
6.511226e-06,
3.2637e-08,
2.714289e-06,
3.372901e-05,
0.02715755,
0.04073255,
0.02549738,
0.004996292,
0.01399159,
0.01214974,
0.8742192,
0,
0,
0,
0,
0,
1.066624e-07,
9.440262e-10,
1.164537e-05,
3.706743e-06,
5.455447e-07,
1.608927e-05,
4.872637e-06,
1.223743e-07,
3.819878e-11,
1.60203e-06,
6.356743e-11,
5.912059e-07,
2.428394e-05,
0.006481858,
0.01773663,
0.01525081,
0.00229206,
0.008512788,
0.008781471,
0.9408808,
0,
0,
0,
0,
0,
1.439551e-08,
2.965302e-13,
1.398741e-07,
1.71006e-07,
2.982647e-08,
2.617304e-07,
7.415029e-08,
2.663843e-09,
0.001704003,
1.179164e-07,
9.690823e-14,
3.861707e-08,
1.217765e-06,
0.0005411925,
0.002704631,
0.003076497,
0.0004692487,
0.002421962,
0.002792185,
0.9862882,
0,
0,
0,
0,
0,
1.14595e-07,
7.042408e-12,
4.547311e-06,
1.078686e-06,
4.005225e-08,
6.362027e-06,
1.149688e-06,
2.09873e-09,
0.000471986,
1.04175e-07,
1.585776e-11,
4.481124e-08,
9.88586e-07,
0.001901539,
0.005244636,
0.00408173,
0.0004214925,
0.001985558,
0.00206539,
0.9838132,
0,
0,
0,
0,
0,
6.961101e-06,
9.384028e-08,
0.0001418557,
2.51899e-05,
8.841929e-11,
0.0001828998,
2.515286e-05,
1.04653e-05,
5.493348e-10,
4.927831e-10,
2.271777e-09,
6.933142e-11,
0.002668878,
0.01067765,
0.01654014,
0.009069834,
1.583479e-05,
0.0002120013,
0.0004147662,
0.9600083,
0,
0,
0,
0,
0,
0,
1.659203e-12,
1.310478e-06,
2.693143e-07,
3.297384e-07,
1.923066e-06,
4.263306e-07,
5.288736e-11,
0,
7.686436e-07,
1.925577e-12,
4.215742e-07,
1.126016e-07,
0.001342274,
0.004660237,
0.004194081,
0.00137812,
0.004657201,
0.004100265,
0.9796622,
0,
0,
0,
0,
0,
1.408635e-07,
3.146763e-11,
5.191049e-06,
1.081362e-06,
2.146818e-08,
6.878417e-06,
1.28771e-06,
7.364416e-09,
0,
6.23231e-08,
1.88929e-11,
2.12963e-08,
3.232091e-06,
0.002024862,
0.00559401,
0.004418241,
0.0003086653,
0.00166042,
0.001891464,
0.9840844,
0,
0,
0,
0,
0,
3.210776e-07,
1.594168e-06,
1.420613e-05,
3.873326e-06,
7.514508e-08,
1.902072e-05,
4.966223e-06,
9.364467e-05,
0,
2.592196e-07,
8.5868e-11,
7.508606e-08,
0.01515693,
0.005830322,
0.01503615,
0.01224111,
0.0008011026,
0.004037833,
0.004834443,
0.9419241,
0,
0,
0,
0,
0,
4.397376e-07,
1.678915e-11,
2.374884e-05,
8.941558e-06,
6.147487e-07,
3.231074e-05,
1.26574e-05,
6.428655e-09,
0,
2.136161e-06,
2.200823e-10,
5.84749e-07,
8.569989e-06,
0.01258157,
0.03288348,
0.02927462,
0.002860171,
0.01168127,
0.0136128,
0.8970161,
0,
0,
0,
0,
0,
3.909917e-06,
2.945198e-06,
0.0001543149,
7.097112e-05,
6.647714e-05,
0.0002037758,
0.0001012112,
0.0001382699,
3.074092e-10,
0.0001659458,
5.788707e-09,
6.562492e-05,
0.01491834,
0.04053017,
0.08115575,
0.0669914,
0.03582817,
0.07110208,
0.0585941,
0.6299065,
0,
0,
0,
0,
0,
0,
4.626133e-10,
7.118748e-08,
5.581858e-08,
6.815567e-07,
5.854479e-08,
2.883179e-08,
7.993839e-08,
2.273737e-11,
2.282649e-06,
1.211164e-14,
6.200327e-07,
3.035378e-05,
0.0004488781,
0.003428455,
0.005655316,
0.003188573,
0.01270331,
0.01426297,
0.9602783,
0,
0,
0,
0,
0,
2.85634e-06,
1.688067e-07,
0.0001023832,
3.579557e-05,
3.352411e-06,
0.0001346505,
4.609425e-05,
1.055701e-05,
4.478352e-09,
9.089816e-06,
2.219204e-09,
3.299747e-06,
0.001162024,
0.02356592,
0.04802365,
0.03705783,
0.00584915,
0.01644597,
0.01522203,
0.8523251,
0,
0,
0,
0,
0,
9.349384e-07,
2.768419e-06,
2.873303e-05,
7.518126e-06,
8.143692e-07,
3.770005e-05,
8.557239e-06,
0.0001482067,
0,
1.956107e-06,
3.510323e-10,
9.165113e-07,
0.022118,
0.006068462,
0.01346237,
0.01003727,
0.002504879,
0.007899024,
0.006980364,
0.9306915,
0,
0,
0,
0,
0,
0,
1.84699e-11,
2.665786e-07,
2.732031e-09,
9.790386e-10,
4.494805e-07,
1.083346e-07,
6.622224e-09,
0,
4.097387e-09,
2.151367e-13,
1.032802e-09,
5.324326e-06,
0.0006083213,
0.002670024,
0.002728362,
5.027749e-05,
0.0004419038,
0.0006893792,
0.9928055,
0,
0,
0,
0,
0,
1.087751e-05,
9.88369e-09,
0.00018845,
2.797486e-05,
1.319857e-10,
0.0002423806,
2.610611e-05,
1.322012e-06,
0,
5.717598e-10,
2.923756e-09,
1.103289e-10,
0.0006343005,
0.00991185,
0.01371949,
0.006679881,
1.592066e-05,
0.0001834648,
0.000313834,
0.9680442,
0,
0,
0,
0,
0,
9.419891e-07,
4.261031e-13,
3.374081e-05,
8.63155e-06,
2.787391e-08,
4.458249e-05,
1.028616e-05,
6.490165e-11,
0,
6.43816e-08,
3.543073e-10,
1.354459e-08,
1.859017e-07,
0.007989278,
0.0176619,
0.01306251,
0.0003338765,
0.002162364,
0.002977564,
0.955714,
0,
0,
0,
0,
0,
7.069315e-05,
0.0001087882,
0.001524645,
0.0009119418,
0.001764704,
0.001917602,
0.001269183,
0.001989078,
1.120497e-09,
0.003765015,
4.219725e-07,
0.001707865,
0.05059427,
0.1200412,
0.1445638,
0.09834685,
0.1583692,
0.1681868,
0.1074507,
0.1374172,
0,
0,
0,
0,
0,
4.134397e-07,
3.375385e-08,
2.372023e-05,
8.547479e-06,
7.58153e-07,
3.231862e-05,
1.235402e-05,
3.29361e-06,
0,
2.557787e-06,
2.155472e-10,
7.368847e-07,
0.00095551,
0.01232561,
0.03188353,
0.02798945,
0.003175918,
0.01251004,
0.01422329,
0.8968519,
0,
0,
0,
0,
0,
3.362318e-06,
2.875761e-11,
0.000115941,
3.476336e-05,
1.242268e-06,
0.000153497,
4.347256e-05,
1.133539e-08,
1.244189e-09,
3.415623e-06,
2.100017e-09,
1.310358e-06,
1.182232e-05,
0.02208923,
0.04168067,
0.02926797,
0.00332152,
0.01054049,
0.01006421,
0.8826671,
0,
0,
0,
0,
0,
4.662619e-06,
1.85267e-12,
0.0001395953,
3.686306e-05,
1.183442e-06,
0.0001844538,
4.392444e-05,
1.112549e-09,
0,
2.939048e-06,
2.51177e-09,
1.323187e-06,
2.264905e-06,
0.02067641,
0.03627824,
0.02357277,
0.002975883,
0.008971632,
0.008016038,
0.8990918,
0,
0,
0,
0,
0,
5.477764e-07,
5.890025e-11,
3.131519e-05,
1.31089e-05,
3.68154e-06,
4.232566e-05,
1.911749e-05,
1.165774e-08,
4.0842e-11,
1.180338e-05,
3.957088e-10,
3.40736e-06,
1.03225e-05,
0.01645724,
0.04292583,
0.03981167,
0.008545525,
0.02759741,
0.02897452,
0.8355522,
0,
0,
0,
0,
0,
2.066209e-09,
1.886314e-08,
4.900711e-07,
1.34709e-07,
7.865827e-08,
6.838504e-07,
2.129455e-07,
2.365066e-06,
0,
2.470871e-07,
4.935485e-13,
7.57754e-08,
0.0009214987,
0.001067782,
0.004827076,
0.00543222,
0.0007759101,
0.003906509,
0.004654069,
0.9784106,
0,
0,
0,
0,
0,
1.834807e-06,
4.449408e-10,
6.787691e-05,
1.902838e-05,
1.383463e-08,
9.052524e-05,
2.337089e-05,
8.271126e-08,
0,
5.408827e-08,
9.063648e-10,
1.005684e-08,
4.194351e-05,
0.01459944,
0.02946175,
0.02108481,
0.0002343496,
0.001610021,
0.002506367,
0.9302585,
0,
0,
0,
0,
0,
6.780748e-08,
0,
2.579245e-06,
6.751914e-07,
6.474971e-07,
3.499415e-06,
6.365433e-07,
8.73002e-11,
0,
1.250469e-06,
4.684414e-12,
9.373449e-07,
1.056204e-07,
0.001478119,
0.004444098,
0.003566765,
0.001812841,
0.00514091,
0.0039384,
0.9796085,
0,
0,
0,
2091, 
0,
0,
1.19285e-06,
3.325333e-12,
5.213359e-05,
1.747656e-05,
9.676556e-07,
6.97498e-05,
2.330914e-05,
6.991829e-09,
4.720278e-10,
3.048459e-06,
7.410197e-10,
9.290877e-07,
1.077332e-05,
0.01610469,
0.03579381,
0.02834266,
0.00368087,
0.01343802,
0.01419716,
0.8882632,
0,
0,
0,
0,
0,
6.069101e-06,
5.988134e-08,
0.0001702909,
5.069837e-05,
1.150731e-07,
0.0002226049,
6.130378e-05,
6.543481e-06,
0,
4.644191e-07,
4.560286e-09,
1.102827e-07,
0.001931407,
0.02487759,
0.0441478,
0.03004612,
0.001145739,
0.005705158,
0.007090647,
0.8845373,
0,
0,
0,
0,
0,
1.312965e-05,
3.435958e-10,
0.0002582336,
7.378813e-05,
2.214535e-06,
0.0003262215,
8.196909e-05,
7.308811e-08,
4.183676e-11,
5.387031e-06,
1.579816e-08,
2.378879e-06,
5.658423e-05,
0.02137015,
0.03461874,
0.02237132,
0.004588007,
0.01312588,
0.01141976,
0.8916861,
0,
0,
0,
0,
0,
7.262039e-08,
1.548254e-10,
1.007824e-05,
3.283951e-06,
5.880877e-07,
1.405989e-05,
4.387598e-06,
2.891297e-08,
3.819878e-11,
1.721874e-06,
5.374271e-11,
6.556746e-07,
8.681383e-06,
0.006145897,
0.01716153,
0.01490143,
0.002400653,
0.008774544,
0.008945383,
0.941627,
0,
0,
0,
0,
0,
1.414439e-08,
0,
1.100623e-07,
1.635445e-07,
2.842909e-08,
2.200507e-07,
6.414591e-08,
5.1254e-10,
0.001491411,
1.138837e-07,
7.913817e-14,
3.822376e-08,
3.805078e-07,
0.000495574,
0.002539422,
0.002923295,
0.0004605034,
0.002388975,
0.002754402,
0.9869453,
0,
0,
0,
0,
0,
7.751016e-08,
4.93554e-13,
3.037994e-06,
7.660246e-07,
3.855563e-08,
4.376142e-06,
8.041807e-07,
3.375245e-10,
0.0003632552,
9.953808e-08,
9.122377e-12,
4.5302e-08,
2.753478e-07,
0.001558006,
0.004541747,
0.003621268,
0.0004098332,
0.001925313,
0.001985365,
0.9855857,
0,
0,
0,
0,
0,
4.702913e-06,
8.335358e-08,
0.0001031214,
1.865201e-05,
7.369243e-11,
0.0001342735,
1.908643e-05,
9.469783e-06,
5.493348e-10,
4.15481e-10,
1.501964e-09,
5.908384e-11,
0.002677205,
0.009123078,
0.01484115,
0.008347757,
1.374385e-05,
0.0001884025,
0.0003754646,
0.9641438,
0,
0,
0,
0,
0,
0,
1.433987e-12,
1.076334e-06,
2.197462e-07,
3.341544e-07,
1.603876e-06,
3.669923e-07,
0,
0,
7.793714e-07,
1.580422e-12,
4.417713e-07,
3.555179e-08,
0.001221701,
0.00436527,
0.003993314,
0.001392462,
0.004681856,
0.004099429,
0.9802411,
0,
0,
0,
0,
0,
9.899074e-08,
3.587144e-12,
3.507248e-06,
7.263666e-07,
1.989681e-08,
4.66459e-06,
8.935908e-07,
1.5514e-09,
0,
5.748526e-08,
1.086134e-11,
2.129205e-08,
1.881055e-06,
0.00164138,
0.004806519,
0.00390018,
0.0002967092,
0.001599243,
0.001809468,
0.9859346,
0,
0,
0,
0,
0,
2.497485e-07,
2.598605e-06,
1.123508e-05,
3.089839e-06,
8.161211e-08,
1.513331e-05,
4.04342e-06,
0.0001414525,
0,
2.778765e-07,
6.351365e-11,
8.614828e-08,
0.02225235,
0.005176773,
0.01380793,
0.01142053,
0.0008313521,
0.00410771,
0.004844456,
0.9373807,
0,
0,
0,
0,
0,
3.959215e-07,
2.43159e-11,
2.173416e-05,
8.275069e-06,
6.93332e-07,
2.976722e-05,
1.187733e-05,
8.767363e-09,
0,
2.37534e-06,
2.014415e-10,
6.834563e-07,
1.152598e-05,
0.01213976,
0.03204468,
0.02860427,
0.003035756,
0.01205651,
0.01377535,
0.8982564,
0,
0,
0,
0,
0,
3.631197e-06,
3.377983e-06,
0.0001450602,
6.731451e-05,
6.754409e-05,
0.0001922978,
9.686453e-05,
0.0001576206,
3.074092e-10,
0.000168645,
5.488041e-09,
6.790438e-05,
0.01738415,
0.03942988,
0.07957856,
0.06590257,
0.03639811,
0.0719042,
0.05894531,
0.6294869,
0,
0,
0,
0,
0,
0,
7.372491e-12,
6.795779e-08,
5.458035e-08,
6.264563e-07,
5.403986e-08,
2.693099e-08,
2.528702e-08,
2.273737e-11,
2.10694e-06,
1.1072e-14,
5.795027e-07,
2.318397e-05,
0.0004327913,
0.003340737,
0.00552858,
0.003006886,
0.01213668,
0.01372726,
0.9618003,
0,
0,
0,
0,
0,
2.253019e-06,
7.727495e-08,
8.386219e-05,
2.964985e-05,
3.174247e-06,
0.0001110153,
3.871555e-05,
5.51566e-06,
4.478352e-09,
8.668381e-06,
1.729986e-09,
3.185379e-06,
0.0008300391,
0.02129833,
0.04473788,
0.03503094,
0.005790388,
0.01657709,
0.01547008,
0.8599792,
0,
0,
0,
0,
0,
6.317402e-07,
3.969468e-06,
1.963613e-05,
5.22828e-06,
7.513477e-07,
2.601813e-05,
6.00379e-06,
0.0002045863,
0,
1.805431e-06,
2.207673e-10,
8.876264e-07,
0.03054065,
0.004914071,
0.01160081,
0.008906251,
0.002391252,
0.007583397,
0.006683456,
0.9271106,
0,
0,
0,
0,
0,
0,
4.991254e-12,
2.136157e-07,
0,
1.108759e-09,
3.755419e-07,
9.416646e-08,
3.028548e-09,
0,
4.599393e-09,
1.805858e-13,
1.211088e-09,
4.046213e-06,
0.000553658,
0.002499773,
0.002597271,
5.447366e-05,
0.0004643463,
0.0007074172,
0.9931183,
0,
0,
0,
0,
0,
7.377653e-06,
2.022225e-08,
0.0001383586,
2.099157e-05,
1.089818e-10,
0.0001799315,
2.012559e-05,
2.475553e-06,
0,
4.766811e-10,
1.96658e-09,
9.253006e-11,
0.001162804,
0.008584837,
0.01246399,
0.006222514,
1.392445e-05,
0.0001659601,
0.0002902546,
0.9707264,
0,
0,
0,
0,
0,
6.328831e-07,
4.129059e-13,
2.441442e-05,
6.316476e-06,
2.584815e-08,
3.258971e-05,
7.709718e-06,
6.120576e-11,
0,
5.711942e-08,
2.266651e-10,
1.250588e-08,
2.348545e-07,
0.006805358,
0.01578522,
0.01194568,
0.0003139192,
0.002065741,
0.002854474,
0.9601576,
0,
0,
0,
0,
0,
7.546033e-05,
6.263387e-05,
0.001622845,
0.0009781684,
0.00205677,
0.002045235,
0.001368545,
0.001176366,
1.120497e-09,
0.004345806,
4.640671e-07,
0.002035479,
0.03271335,
0.125144,
0.146523,
0.09794805,
0.1723001,
0.174545,
0.1082731,
0.1267857,
0,
0,
0,
0,
0,
3.885159e-07,
5.528667e-08,
2.26278e-05,
8.29867e-06,
8.875816e-07,
3.099145e-05,
1.21686e-05,
5.136115e-06,
0,
2.954514e-06,
2.127901e-10,
8.906256e-07,
0.00145517,
0.01223935,
0.03186001,
0.02806683,
0.003458939,
0.013212,
0.01473129,
0.894892,
0,
0,
0,
0,
0,
2.929453e-06,
2.662445e-11,
0.0001037623,
3.167372e-05,
1.252485e-06,
0.0001380673,
4.019113e-05,
1.087883e-08,
1.244189e-09,
3.463754e-06,
1.882714e-09,
1.34699e-06,
1.316608e-05,
0.02114764,
0.04065534,
0.02886823,
0.003387567,
0.01077317,
0.01029117,
0.884541,
0,
0,
0,
0,
0,
3.964237e-06,
1.954629e-12,
0.0001247502,
3.414875e-05,
1.184815e-06,
0.0001662583,
4.174475e-05,
1.170103e-09,
0,
2.975697e-06,
2.274139e-09,
1.353105e-06,
2.603077e-06,
0.02036594,
0.03642987,
0.02398988,
0.002992395,
0.009037568,
0.008102965,
0.8987024,
0,
0,
0,
0,
0,
4.577375e-07,
5.153776e-11,
2.720643e-05,
1.149534e-05,
4.132076e-06,
3.70344e-05,
1.702198e-05,
9.922553e-09,
4.0842e-11,
1.304084e-05,
3.321891e-10,
3.988854e-06,
1.024394e-05,
0.01542804,
0.04100996,
0.03832965,
0.009045788,
0.02851086,
0.02942388,
0.8381272,
0,
0,
0,
0,
0,
1.151688e-09,
3.042773e-08,
3.980979e-07,
1.080396e-07,
8.522512e-08,
5.569316e-07,
1.763868e-07,
3.5379e-06,
0,
2.658126e-07,
3.801368e-13,
8.647056e-08,
0.00134967,
0.0009569158,
0.004455294,
0.005081864,
0.0008103502,
0.003992965,
0.004675872,
0.9786718,
0,
0,
0,
0,
0,
1.426013e-06,
2.489211e-10,
5.539581e-05,
1.577281e-05,
1.072086e-08,
7.442256e-05,
1.966924e-05,
5.93383e-08,
0,
4.212374e-08,
7.182544e-10,
7.836351e-09,
4.8126e-05,
0.01306407,
0.027144,
0.01972912,
0.0001891587,
0.001349528,
0.002171151,
0.936138,
0,
0,
0,
0,
0,
5.732451e-08,
0,
2.034487e-06,
5.703997e-07,
6.544875e-07,
2.767815e-06,
5.186393e-07,
1.87567e-11,
0,
1.261398e-06,
3.525521e-12,
9.838632e-07,
7.90892e-08,
0.00130077,
0.004052157,
0.003310866,
0.001827338,
0.005146681,
0.003909104,
0.9804441,
0,
0,
0,
2092, 
0,
0,
9.451941e-07,
4.381372e-12,
4.334453e-05,
1.466746e-05,
8.927328e-07,
5.838323e-05,
1.988649e-05,
7.383574e-09,
4.720278e-10,
2.828313e-06,
5.862277e-10,
8.823328e-07,
1.179831e-05,
0.01467973,
0.03349069,
0.0268366,
0.003517153,
0.01297295,
0.01374357,
0.8946056,
0,
0,
0,
0,
0,
4.491307e-06,
6.157294e-08,
0.0001328841,
3.999932e-05,
1.013444e-07,
0.0001751323,
4.92525e-05,
6.717183e-06,
0,
4.163818e-07,
3.274307e-09,
1.005702e-07,
0.00208747,
0.02191203,
0.04031153,
0.02791111,
0.00106749,
0.005402837,
0.006757445,
0.8941409,
0,
0,
0,
0,
0,
6.999785e-06,
1.096675e-09,
0.0001574536,
4.454597e-05,
1.842389e-06,
0.0002016901,
5.07289e-05,
1.910916e-07,
4.183676e-11,
4.50836e-06,
7.230611e-09,
2.094023e-06,
0.000135036,
0.01696958,
0.02974446,
0.01985119,
0.004214219,
0.01232366,
0.01076908,
0.9055227,
0,
0,
0,
0,
0,
4.527712e-08,
1.077707e-12,
8.760364e-06,
2.923334e-06,
6.058093e-07,
1.233859e-05,
3.965361e-06,
5.744254e-09,
3.819878e-11,
1.77643e-06,
4.584934e-11,
6.903857e-07,
3.568391e-06,
0.005830715,
0.01660442,
0.01455739,
0.002458794,
0.008927326,
0.009044582,
0.9425421,
0,
0,
0,
0,
0,
1.393237e-08,
0,
8.392287e-08,
1.568678e-07,
2.623675e-08,
1.831886e-07,
5.499062e-08,
1.153304e-10,
0.001296348,
1.073689e-07,
6.373882e-14,
3.67635e-08,
1.765898e-07,
0.0004510324,
0.002372537,
0.002765477,
0.0004439519,
0.002324845,
0.002688371,
0.9876566,
0,
0,
0,
0,
0,
5.46636e-08,
0,
2.026223e-06,
5.561295e-07,
3.686056e-08,
3.03009e-06,
5.673827e-07,
6.380771e-11,
0.0002818179,
9.464966e-08,
5.288405e-12,
4.519148e-08,
1.043814e-07,
0.001285792,
0.00395858,
0.003233195,
0.0003970514,
0.001864806,
0.001910441,
0.9870618,
0,
0,
0,
0,
0,
3.152089e-06,
7.496207e-08,
7.460279e-05,
1.375391e-05,
6.008454e-11,
9.81226e-05,
1.443661e-05,
8.667531e-06,
5.493347e-10,
3.43458e-10,
9.835258e-10,
4.930928e-11,
0.002730118,
0.007797625,
0.01333363,
0.007696226,
1.169398e-05,
0.0001643507,
0.0003344728,
0.9677191,
0,
0,
0,
0,
0,
0,
1.415492e-12,
8.709495e-07,
1.749105e-07,
3.295661e-07,
1.321339e-06,
3.118433e-07,
0,
0,
7.709824e-07,
1.278847e-12,
4.48945e-07,
2.817411e-08,
0.001100762,
0.004053816,
0.003772037,
0.001389111,
0.004675663,
0.004085304,
0.9809191,
0,
0,
0,
0,
0,
7.287667e-08,
9.761786e-13,
2.367638e-06,
4.846935e-07,
1.906826e-08,
3.150192e-06,
6.194323e-07,
9.10704e-10,
0,
5.471539e-08,
6.167438e-12,
2.196764e-08,
2.446184e-06,
0.00133336,
0.004140784,
0.003452836,
0.0002895437,
0.001556158,
0.001745094,
0.987473,
0,
0,
0,
0,
0,
1.949099e-07,
4.038031e-06,
8.851757e-06,
2.454925e-06,
8.930012e-08,
1.199356e-05,
3.284582e-06,
0.0002054118,
0,
2.99998e-07,
4.642862e-11,
9.954312e-08,
0.03166645,
0.004600355,
0.01269226,
0.01066488,
0.0008648816,
0.004183169,
0.004857032,
0.9302343,
0,
0,
0,
0,
0,
3.587938e-07,
3.448598e-11,
1.997022e-05,
7.687079e-06,
7.56614e-07,
2.75257e-05,
1.11795e-05,
1.17729e-08,
0,
2.567792e-06,
1.857292e-10,
7.69357e-07,
1.534271e-05,
0.01172187,
0.03123261,
0.02794808,
0.003179215,
0.01235241,
0.01388002,
0.8995996,
0,
0,
0,
0,
0,
3.332565e-06,
3.636243e-06,
0.0001347642,
6.298415e-05,
6.556053e-05,
0.000179282,
9.136957e-05,
0.000170081,
3.074092e-10,
0.000164159,
5.104997e-09,
6.67771e-05,
0.019361,
0.03801194,
0.07752444,
0.06448844,
0.03595433,
0.07141128,
0.05859789,
0.6337087,
0,
0,
0,
0,
0,
0,
0,
6.532132e-08,
5.357799e-08,
5.637919e-07,
5.036216e-08,
2.540818e-08,
1.722875e-08,
2.273737e-11,
1.905031e-06,
1.029549e-14,
5.288135e-07,
2.368972e-05,
0.0004194214,
0.003267324,
0.005421143,
0.002785773,
0.01143588,
0.01307474,
0.9635688,
0,
0,
0,
0,
0,
1.753297e-06,
3.252281e-08,
6.804291e-05,
2.434766e-05,
2.930479e-06,
9.071788e-05,
3.227069e-05,
2.893444e-06,
4.478351e-09,
8.069985e-06,
1.322964e-09,
2.992291e-06,
0.0006753492,
0.01921665,
0.04166285,
0.03312107,
0.005624533,
0.01646726,
0.01554858,
0.8674496,
0,
0,
0,
0,
0,
4.117629e-07,
5.12565e-06,
1.27702e-05,
3.481402e-06,
6.700777e-07,
1.714747e-05,
4.028539e-06,
0.0002587246,
0,
1.614541e-06,
1.262968e-10,
8.246876e-07,
0.03931678,
0.003950763,
0.009992309,
0.007913373,
0.002231104,
0.007163699,
0.006328461,
0.9227987,
0,
0,
0,
0,
0,
0,
1.528859e-12,
1.673191e-07,
0,
1.175016e-09,
3.102768e-07,
8.093996e-08,
1.862136e-09,
0,
4.864203e-09,
1.504563e-13,
1.315447e-09,
3.545455e-06,
0.0004983401,
0.00231744,
0.00244964,
5.705125e-05,
0.0004782137,
0.0007168482,
0.9934784,
0,
0,
0,
0,
0,
4.967568e-06,
3.446425e-08,
0.0001013577,
1.573261e-05,
8.692749e-11,
0.0001333287,
1.551228e-05,
3.985812e-06,
0,
3.852127e-10,
1.315693e-09,
7.509753e-11,
0.001865064,
0.007448809,
0.01134823,
0.005811078,
1.195265e-05,
0.0001483745,
0.0002664749,
0.9728251,
0,
0,
0,
0,
0,
4.257178e-07,
4.212812e-13,
1.76965e-05,
4.634419e-06,
2.435149e-08,
2.387118e-05,
5.80106e-06,
6.978696e-11,
0,
5.173163e-08,
1.451678e-10,
1.185455e-08,
2.951215e-07,
0.005821849,
0.01416493,
0.01096687,
0.0002989181,
0.001991488,
0.002756518,
0.9639466,
0,
0,
0,
0,
0,
7.940444e-05,
3.245529e-05,
0.001706356,
0.001036036,
0.002352668,
0.00215528,
0.001457569,
0.0006400723,
1.120497e-09,
0.004928264,
5.021194e-07,
0.002380695,
0.02022358,
0.1295972,
0.1476633,
0.09694476,
0.1853933,
0.1794909,
0.1080887,
0.1158289,
0,
0,
0,
0,
0,
3.66832e-07,
8.012023e-08,
2.165271e-05,
8.07517e-06,
1.020759e-06,
2.980364e-05,
1.200434e-05,
7.200521e-06,
0,
3.357034e-06,
2.106767e-10,
1.057565e-06,
0.002029491,
0.01215985,
0.03183872,
0.02813817,
0.003724571,
0.01382884,
0.01514214,
0.8930536,
0,
0,
0,
0,
0,
2.511818e-06,
2.865974e-11,
9.168578e-05,
2.848296e-05,
1.227319e-06,
0.0001226449,
3.668982e-05,
1.151406e-08,
1.244189e-09,
3.420489e-06,
1.657233e-09,
1.342977e-06,
1.522153e-05,
0.02008859,
0.03940953,
0.02831341,
0.003401775,
0.01091681,
0.01047918,
0.8870875,
0,
0,
0,
0,
0,
3.482441e-06,
2.389214e-12,
0.0001142057,
3.241199e-05,
1.168604e-06,
0.0001533847,
4.058024e-05,
1.367614e-09,
0,
2.974993e-06,
2.148727e-09,
1.359278e-06,
3.142009e-06,
0.02028767,
0.0368795,
0.02458247,
0.002993693,
0.009102858,
0.008220511,
0.8975806,
0,
0,
0,
0,
0,
3.823214e-07,
4.838462e-11,
2.366106e-05,
1.009346e-05,
4.582215e-06,
3.244501e-05,
1.518159e-05,
9.123466e-09,
4.0842e-11,
1.426162e-05,
2.791812e-10,
4.602717e-06,
1.054051e-05,
0.01447924,
0.03920922,
0.03692302,
0.009523142,
0.0293449,
0.02979505,
0.8406097,
0,
0,
0,
0,
0,
4.313958e-10,
4.849688e-08,
3.225987e-07,
8.588652e-08,
9.187145e-08,
4.519953e-07,
1.455287e-07,
5.235523e-06,
0,
2.844861e-07,
2.908484e-13,
9.813012e-08,
0.001960304,
0.0008571036,
0.004111883,
0.004754362,
0.0008431992,
0.004070088,
0.0046876,
0.9787087,
0,
0,
0,
0,
0,
1.101187e-06,
2.451947e-10,
4.491416e-05,
1.297712e-05,
7.923408e-09,
6.077587e-05,
1.641383e-05,
6.227008e-08,
0,
3.136458e-08,
5.675123e-10,
5.812457e-09,
6.066578e-05,
0.01158664,
0.02480683,
0.01831956,
0.0001480675,
0.001108414,
0.001854806,
0.9419788,
0,
0,
0,
0,
0,
4.90524e-08,
0,
1.586502e-06,
4.826065e-07,
6.499615e-07,
2.161512e-06,
4.179498e-07,
1.838877e-11,
0,
1.252474e-06,
2.594221e-12,
1.01348e-06,
1.370467e-07,
0.001139101,
0.003683998,
0.003066807,
0.001823904,
0.00511972,
0.003863716,
0.981295,
0,
0,
0,
2093, 
0,
0,
7.512587e-07,
4.997038e-12,
3.609459e-05,
1.23258e-05,
8.121837e-07,
4.892894e-05,
1.698082e-05,
7.625674e-09,
4.720278e-10,
2.588346e-06,
4.672449e-10,
8.224629e-07,
1.270023e-05,
0.01336578,
0.03129762,
0.02538056,
0.003320489,
0.01240781,
0.01320947,
0.9008862,
0,
0,
0,
0,
0,
3.327435e-06,
6.127291e-08,
0.0001034423,
3.147655e-05,
8.72853e-08,
0.0001374175,
3.944607e-05,
6.701777e-06,
0,
3.667735e-07,
2.355515e-09,
8.995203e-08,
0.00219576,
0.0192022,
0.03662191,
0.02579788,
0.00098135,
0.005062114,
0.006381884,
0.9034345,
0,
0,
0,
0,
0,
3.639004e-06,
3.239694e-09,
9.600758e-05,
2.697563e-05,
1.548551e-06,
0.0001249175,
3.164652e-05,
4.75609e-07,
4.183676e-11,
3.815815e-06,
3.196277e-09,
1.846543e-06,
0.0002951982,
0.0137195,
0.02596036,
0.01787627,
0.003863732,
0.01155967,
0.01017636,
0.916258,
0,
0,
0,
0,
0,
2.321246e-08,
0,
7.638617e-06,
2.609993e-06,
6.020338e-07,
1.085803e-05,
3.588118e-06,
1.79693e-09,
3.819878e-11,
1.772939e-06,
3.942912e-11,
6.984695e-07,
2.649418e-06,
0.005522577,
0.01603318,
0.0141924,
0.002471118,
0.008988905,
0.00910008,
0.9436613,
0,
0,
0,
0,
0,
1.375753e-08,
0,
6.142236e-08,
1.510049e-07,
2.3426e-08,
1.511679e-07,
4.676318e-08,
6.569728e-11,
0.001119323,
9.885092e-08,
5.078388e-14,
3.440095e-08,
1.882075e-07,
0.0004079647,
0.002205153,
0.002603902,
0.0004201365,
0.002229949,
0.00259366,
0.9884191,
0,
0,
0,
0,
0,
4.062666e-08,
0,
1.348773e-06,
4.152556e-07,
3.489901e-08,
2.118557e-06,
4.050175e-07,
2.459169e-11,
0.0002207915,
8.928236e-08,
3.109915e-12,
4.437809e-08,
8.250117e-08,
0.001070037,
0.003475005,
0.002906557,
0.0003824983,
0.001801461,
0.001838161,
0.9883009,
0,
0,
0,
0,
0,
2.101612e-06,
6.906195e-08,
5.383996e-05,
1.012559e-05,
4.757218e-11,
7.154222e-05,
1.091223e-05,
8.102269e-06,
5.493348e-10,
2.769394e-10,
6.401722e-10,
4.009649e-11,
0.002856736,
0.006679359,
0.01201299,
0.007117698,
9.736274e-06,
0.0001407282,
0.0002934814,
0.9707326,
0,
0,
0,
0,
0,
0,
1.414947e-12,
6.923194e-07,
1.348473e-07,
3.143601e-07,
1.073603e-06,
2.613985e-07,
0,
0,
7.388344e-07,
1.017537e-12,
4.391457e-07,
4.204124e-08,
0.0009825226,
0.00373644,
0.003539466,
0.001353975,
0.004588619,
0.004015678,
0.9817796,
0,
0,
0,
0,
0,
5.695525e-08,
2.027718e-12,
1.608464e-06,
3.226496e-07,
1.861771e-08,
2.129794e-06,
4.31288e-07,
1.426444e-09,
0,
5.304226e-08,
3.504315e-12,
2.294387e-08,
4.258036e-06,
0.001086753,
0.003577743,
0.003065637,
0.0002849091,
0.0015233,
0.001691665,
0.9887611,
0,
0,
0,
0,
0,
1.535241e-07,
5.975875e-06,
6.964085e-06,
1.946638e-06,
9.782761e-08,
9.48781e-06,
2.666935e-06,
0.0002864818,
0,
3.243915e-07,
3.368351e-11,
1.149513e-07,
0.04365559,
0.004090505,
0.01166888,
0.009958844,
0.0009000634,
0.004259668,
0.004868685,
0.9202836,
0,
0,
0,
0,
0,
3.258316e-07,
4.715542e-11,
1.833771e-05,
7.130663e-06,
8.023088e-07,
2.542559e-05,
1.049644e-05,
1.537648e-08,
0,
2.708488e-06,
1.711911e-10,
8.388744e-07,
2.003289e-05,
0.01128301,
0.03035083,
0.0272291,
0.003299496,
0.01262651,
0.01400128,
0.9011236,
0,
0,
0,
0,
0,
3.022598e-06,
3.709377e-06,
0.00012373,
5.815933e-05,
6.142788e-05,
0.0001651441,
8.499886e-05,
0.0001747728,
3.074092e-10,
0.0001543176,
4.670736e-09,
6.317615e-05,
0.02064339,
0.0363105,
0.07502368,
0.06276423,
0.03449875,
0.06936538,
0.05727645,
0.6432251,
0,
0,
0,
0,
0,
0,
7.894041e-13,
6.323145e-08,
5.279836e-08,
4.982866e-07,
4.745718e-08,
2.425545e-08,
1.778476e-08,
2.273737e-11,
1.692902e-06,
9.764375e-15,
4.729926e-07,
2.639074e-05,
0.0004089135,
0.003209434,
0.005334802,
0.002546166,
0.01066921,
0.01236582,
0.9654364,
0,
0,
0,
0,
0,
1.351251e-06,
1.6808e-08,
5.486212e-05,
1.98906e-05,
2.648347e-06,
7.370989e-05,
2.678625e-05,
1.915187e-06,
4.478352e-09,
7.364478e-06,
9.965262e-10,
2.749369e-06,
0.000673796,
0.01734499,
0.03884426,
0.03136043,
0.005383206,
0.01617768,
0.01549832,
0.874526,
0,
0,
0,
0,
0,
2.646043e-07,
6.132192e-06,
7.916643e-06,
2.236492e-06,
5.813765e-07,
1.082847e-05,
2.597434e-06,
0.0003062909,
0,
1.40544e-06,
6.458931e-11,
7.414283e-07,
0.0479695,
0.003167634,
0.008614224,
0.00704054,
0.002032222,
0.006639119,
0.00590562,
0.9182922,
0,
0,
0,
0,
0,
0,
5.231332e-13,
1.271816e-07,
0,
1.192351e-09,
2.531892e-07,
6.878446e-08,
1.438968e-09,
0,
4.943673e-09,
1.244272e-13,
1.361152e-09,
3.38341e-06,
0.0004436346,
0.002128222,
0.00229037,
5.843107e-05,
0.0004872776,
0.0007238438,
0.9938644,
0,
0,
0,
0,
0,
3.321094e-06,
5.479712e-08,
7.420426e-05,
1.179848e-05,
6.646321e-11,
9.877318e-05,
1.19768e-05,
6.01458e-06,
0,
3.000402e-10,
8.773633e-10,
5.856396e-11,
0.002815838,
0.006481792,
0.01036364,
0.005444573,
1.006304e-05,
0.0001311838,
0.0002430757,
0.9743037,
0,
0,
0,
0,
0,
2.876899e-07,
4.310544e-13,
1.288106e-05,
3.417605e-06,
2.322384e-08,
1.756355e-05,
4.393125e-06,
7.943941e-11,
0,
4.766856e-08,
9.34066e-11,
1.145636e-08,
3.583799e-07,
0.005009784,
0.01277726,
0.01011747,
0.0002874137,
0.001933648,
0.002678162,
0.9671572,
0,
0,
0,
0,
0,
8.128219e-05,
1.486395e-05,
0.001751676,
0.001070266,
0.002680267,
0.002217875,
0.001514299,
0.0003213285,
1.120497e-09,
0.005568921,
5.244923e-07,
0.002776425,
0.01219942,
0.1320395,
0.1467519,
0.0946541,
0.1994964,
0.1846327,
0.1078144,
0.1044138,
0,
0,
0,
0,
0,
3.477209e-07,
1.091328e-07,
2.0774e-05,
7.873235e-06,
1.168765e-06,
2.873135e-05,
1.185971e-05,
9.52718e-06,
0,
3.803999e-06,
2.091685e-10,
1.251657e-06,
0.002690511,
0.0120863,
0.03181725,
0.02820109,
0.00401572,
0.01451801,
0.01562541,
0.8909603,
0,
0,
0,
0,
0,
2.113042e-06,
3.233592e-11,
7.985555e-05,
2.524691e-05,
1.172976e-06,
0.0001074283,
3.303955e-05,
1.26208e-08,
1.244189e-09,
3.299849e-06,
1.428616e-09,
1.304633e-06,
1.774077e-05,
0.01892926,
0.03796194,
0.02761226,
0.003369839,
0.01098298,
0.0106381,
0.8902344,
0,
0,
0,
0,
0,
3.116362e-06,
3.108829e-12,
0.0001058846,
3.110397e-05,
1.133119e-06,
0.0001432078,
3.980808e-05,
1.681414e-09,
0,
2.929846e-06,
2.068337e-09,
1.339787e-06,
3.904862e-06,
0.02028696,
0.03741641,
0.02522518,
0.002977597,
0.00916762,
0.00837202,
0.8962218,
0,
0,
0,
0,
0,
3.200472e-07,
4.682753e-11,
2.063367e-05,
8.888366e-06,
5.065338e-06,
2.850432e-05,
1.358127e-05,
8.708107e-09,
4.0842e-11,
1.556595e-05,
2.357838e-10,
5.291581e-06,
1.098919e-05,
0.01360648,
0.03751338,
0.03558195,
0.01003856,
0.03027531,
0.03025713,
0.8426183,
0,
0,
0,
0,
0,
0,
7.392961e-08,
2.612975e-07,
6.769755e-08,
9.9325e-08,
3.661812e-07,
1.19794e-07,
7.482994e-06,
0,
3.053811e-07,
2.216097e-13,
1.118906e-07,
0.002772518,
0.0007683056,
0.003798794,
0.004452516,
0.0008798821,
0.004161313,
0.004714318,
0.9784434,
0,
0,
0,
0,
0,
8.40096e-07,
3.033183e-10,
3.607274e-05,
1.056955e-05,
5.500061e-09,
4.917163e-05,
1.355116e-05,
7.569541e-08,
0,
2.201234e-08,
4.447091e-10,
4.032917e-09,
7.801357e-05,
0.01018354,
0.02249764,
0.01689217,
0.000111819,
0.0008918043,
0.001565314,
0.9476694,
0,
0,
0,
0,
0,
4.271236e-08,
2.084104e-14,
1.227144e-06,
4.109588e-07,
6.335917e-07,
1.671259e-06,
3.341971e-07,
3.806896e-11,
0,
1.223033e-06,
1.872892e-12,
1.023578e-06,
2.686042e-07,
0.0009949604,
0.003346193,
0.002839935,
0.001800453,
0.005054612,
0.003799009,
0.982158,
0,
0,
0,
2094, 
0,
0,
5.968591e-07,
5.183383e-12,
3.004496e-05,
1.034988e-05,
7.272427e-07,
4.0978e-05,
1.448601e-05,
7.717087e-09,
4.720278e-10,
2.332133e-06,
3.734778e-10,
7.519976e-07,
1.34679e-05,
0.01215121,
0.02921045,
0.02397574,
0.003093243,
0.01174459,
0.01259463,
0.9071164,
0,
0,
0,
0,
0,
2.470642e-06,
5.901697e-08,
8.031392e-05,
2.469927e-05,
7.339426e-08,
0.0001075115,
3.148021e-05,
6.491018e-06,
0,
3.173569e-07,
1.700044e-09,
7.891887e-08,
0.002242844,
0.01673371,
0.03308752,
0.02371634,
0.0008903245,
0.004693264,
0.00597342,
0.9124091,
0,
0,
0,
0,
0,
1.889721e-06,
7.160105e-09,
5.998768e-05,
1.684327e-05,
1.311967e-06,
7.935429e-05,
2.04399e-05,
9.466152e-07,
4.183676e-11,
3.257935e-06,
1.428503e-09,
1.626352e-06,
0.0005472506,
0.01136103,
0.02305718,
0.01634569,
0.003528676,
0.010813,
0.009618481,
0.924543,
0,
0,
0,
0,
0,
5.145836e-09,
0,
6.666252e-06,
2.33115e-06,
5.7844e-07,
9.559581e-06,
3.241177e-06,
1.402564e-09,
3.819878e-11,
1.712827e-06,
3.407083e-11,
6.811327e-07,
2.97211e-06,
0.005210931,
0.01542286,
0.01378557,
0.002425679,
0.008897626,
0.009041421,
0.9451882,
0,
0,
0,
0,
0,
1.361545e-08,
4.579453e-15,
4.228582e-08,
1.459215e-07,
2.022093e-08,
1.236802e-07,
3.946296e-08,
7.251308e-11,
0.0009602174,
8.898908e-08,
4.008936e-14,
3.138738e-08,
2.777963e-07,
0.000366682,
0.002038637,
0.002439935,
0.000390427,
0.002108155,
0.002473052,
0.9892221,
0,
0,
0,
0,
0,
3.198102e-08,
0,
8.940115e-07,
3.203609e-07,
3.264455e-08,
1.499653e-06,
2.932526e-07,
2.19991e-11,
0.0001749824,
8.331421e-08,
1.865007e-12,
4.28117e-08,
1.121413e-07,
0.0008991109,
0.003075422,
0.002633242,
0.0003657113,
0.001733344,
0.001766777,
0.9893481,
0,
0,
0,
0,
0,
1.399057e-06,
6.631622e-08,
3.887837e-05,
7.465849e-06,
3.621729e-11,
5.219578e-05,
8.268667e-06,
7.836082e-06,
5.493349e-10,
2.164394e-10,
4.163154e-10,
3.155647e-11,
0.003095111,
0.005745859,
0.01087186,
0.006613281,
7.91416e-06,
0.0001183133,
0.0002541305,
0.9731774,
0,
0,
0,
0,
0,
0,
1.416453e-12,
5.38682e-07,
9.953942e-08,
2.912582e-07,
8.589262e-07,
2.159982e-07,
2.118885e-12,
0,
6.884561e-07,
7.939375e-13,
4.158638e-07,
6.650652e-08,
0.0008693998,
0.003421799,
0.003303205,
0.001291535,
0.004429667,
0.003896995,
0.9827842,
0,
0,
0,
0,
0,
4.734344e-08,
4.355434e-12,
1.105668e-06,
2.145051e-07,
1.820777e-08,
1.445906e-06,
3.025968e-07,
2.437599e-09,
0,
5.15514e-08,
2.011366e-12,
2.37745e-08,
7.162122e-06,
0.0008887297,
0.003098565,
0.002727563,
0.0002803024,
0.001491594,
0.001641415,
0.9898614,
0,
0,
0,
0,
0,
1.22848e-07,
8.467068e-06,
5.487e-06,
1.544396e-06,
1.065585e-07,
7.51059e-06,
2.169035e-06,
0.0003851686,
0,
3.491476e-07,
2.439939e-11,
1.316109e-07,
0.05846499,
0.003638522,
0.01072267,
0.009291366,
0.0009340133,
0.004327876,
0.004871207,
0.9073383,
0,
0,
0,
0,
0,
2.954255e-07,
6.042054e-11,
1.676925e-05,
6.581135e-06,
8.203479e-07,
2.337958e-05,
9.795242e-06,
1.909638e-08,
0,
2.764777e-06,
1.568992e-10,
8.784336e-07,
2.519184e-05,
0.01080251,
0.02935505,
0.02641202,
0.003363966,
0.01277763,
0.0140437,
0.9031586,
0,
0,
0,
0,
0,
2.707985e-06,
3.614398e-06,
0.0001122101,
5.298763e-05,
5.601696e-05,
0.0001502302,
7.797813e-05,
0.0001718159,
3.074092e-10,
0.000141143,
4.206937e-09,
5.805728e-05,
0.02106996,
0.03434733,
0.07207016,
0.06070922,
0.03224446,
0.06592,
0.05500386,
0.6578082,
0,
0,
0,
0,
0,
0,
6.013461e-12,
6.154379e-08,
5.218132e-08,
4.340146e-07,
4.512077e-08,
2.337273e-08,
1.929483e-08,
2.273737e-11,
1.484458e-06,
9.406024e-15,
4.166431e-07,
2.946796e-05,
0.0004005288,
0.003162971,
0.005263803,
0.002308526,
0.009909081,
0.01166685,
0.9672562,
0,
0,
0,
0,
0,
1.036434e-06,
1.415374e-08,
4.411929e-05,
1.622874e-05,
2.345171e-06,
5.976373e-05,
2.222293e-05,
1.797682e-06,
4.478352e-09,
6.596304e-06,
7.436908e-10,
2.474764e-06,
0.0007856184,
0.01568818,
0.03629836,
0.02976192,
0.005085636,
0.01574061,
0.01533559,
0.8811475,
0,
0,
0,
0,
0,
1.761141e-07,
6.880922e-06,
4.75954e-06,
1.423386e-06,
4.950261e-07,
6.676744e-06,
1.643605e-06,
0.0003427412,
0,
1.200602e-06,
2.966854e-11,
6.511274e-07,
0.0558695,
0.002549903,
0.007444997,
0.006272643,
0.001811357,
0.006035587,
0.005424371,
0.914225,
0,
0,
0,
0,
0,
0,
1.448374e-13,
9.260644e-08,
0,
1.166249e-09,
2.036293e-07,
5.777385e-08,
1.251394e-09,
0,
4.854221e-09,
1.020385e-13,
1.353537e-09,
3.389132e-06,
0.0003909027,
0.001938684,
0.002126293,
5.855905e-05,
0.0004908936,
0.0007278225,
0.9942631,
0,
0,
0,
0,
0,
2.20793e-06,
8.453983e-08,
5.444391e-05,
8.881313e-06,
4.826117e-11,
7.336037e-05,
9.291365e-06,
8.781077e-06,
0,
2.239649e-10,
5.86117e-10,
4.352251e-11,
0.004114821,
0.005666099,
0.009505734,
0.00512413,
8.323416e-06,
0.0001150612,
0.000221028,
0.9750878,
0,
0,
0,
0,
0,
1.960369e-07,
4.402789e-13,
9.438381e-06,
2.539173e-06,
2.231729e-08,
1.301188e-05,
3.356585e-06,
8.852032e-11,
0,
4.440043e-08,
6.060786e-11,
1.116438e-08,
4.225099e-07,
0.004341401,
0.01159394,
0.009384259,
0.0002777631,
0.00188498,
0.002612209,
0.9698764,
0,
0,
0,
0,
0,
8.227165e-05,
6.011711e-06,
0.001780954,
0.001094801,
0.003011042,
0.002260841,
0.001558294,
0.0001528894,
1.120497e-09,
0.006209965,
5.412053e-07,
0.003193105,
0.007420152,
0.1338118,
0.145238,
0.09202101,
0.2129063,
0.188777,
0.1069303,
0.09354459,
0,
0,
0,
0,
0,
3.302173e-07,
1.427895e-07,
1.995327e-05,
7.680418e-06,
1.301724e-06,
2.772556e-05,
1.171921e-05,
1.212694e-05,
0,
4.208484e-06,
2.077859e-10,
1.436658e-06,
0.003447529,
0.01201221,
0.03178667,
0.02825067,
0.004275219,
0.0151243,
0.01604336,
0.8889734,
0,
0,
0,
0,
0,
1.749202e-06,
3.586121e-11,
6.865294e-05,
2.206975e-05,
1.091654e-06,
9.289269e-05,
2.934275e-05,
1.369997e-08,
1.244189e-09,
3.10088e-06,
1.208278e-09,
1.232394e-06,
2.024201e-05,
0.01767058,
0.03628404,
0.02673481,
0.003270484,
0.01086946,
0.01065089,
0.8942794,
0,
0,
0,
0,
0,
2.820086e-06,
4.187426e-12,
9.891294e-05,
3.002863e-05,
1.081454e-06,
0.0001346527,
3.923181e-05,
2.128253e-09,
0,
2.846099e-06,
2.009748e-09,
1.298518e-06,
4.947217e-06,
0.02032294,
0.03799214,
0.02589208,
0.00294619,
0.009233145,
0.008556654,
0.894741,
0,
0,
0,
0,
0,
2.694871e-07,
4.591567e-11,
1.808946e-05,
7.870618e-06,
5.557641e-06,
2.517549e-05,
1.221648e-05,
8.451907e-09,
4.0842e-11,
1.688217e-05,
2.010702e-10,
6.032094e-06,
1.147963e-05,
0.0128207,
0.03595581,
0.03433775,
0.01054463,
0.03116523,
0.03068045,
0.8443918,
0,
0,
0,
0,
0,
0,
1.053895e-07,
2.119631e-07,
5.291471e-08,
1.076114e-07,
2.966559e-07,
9.858476e-08,
1.014661e-05,
0,
3.28486e-07,
1.683929e-13,
1.279972e-07,
0.003762922,
0.0006906615,
0.003519445,
0.004181081,
0.0009185765,
0.004256272,
0.004744149,
0.9779154,
0,
0,
0,
0,
0,
6.284465e-07,
3.885373e-10,
2.860207e-05,
8.496379e-06,
3.535989e-09,
3.929703e-05,
1.104089e-05,
9.436468e-08,
0,
1.435802e-08,
3.434874e-10,
2.568408e-09,
0.0001000321,
0.008870039,
0.02026285,
0.01548337,
8.124566e-05,
0.0007043839,
0.001309303,
0.9531006,
0,
0,
0,
0,
0,
3.79703e-08,
6.598001e-14,
9.447561e-07,
3.537411e-07,
6.064997e-07,
1.282834e-06,
2.660294e-07,
7.614025e-11,
0,
1.175042e-06,
1.331234e-12,
1.013854e-06,
4.987592e-07,
0.0008687783,
0.003042321,
0.002633723,
0.001758508,
0.004955873,
0.003719167,
0.9830155,
0,
0,
0,
2095, 
0,
0,
4.716554e-07,
4.917978e-12,
2.492818e-05,
8.658601e-06,
6.395961e-07,
3.420305e-05,
1.231435e-05,
7.646772e-09,
4.720278e-10,
2.064785e-06,
2.976089e-10,
6.737675e-07,
1.406318e-05,
0.01102025,
0.02721196,
0.02261235,
0.002839903,
0.01099103,
0.01190211,
0.9133244,
0,
0,
0,
0,
0,
1.83703e-06,
5.521547e-08,
6.210547e-05,
1.929705e-05,
6.01306e-08,
8.375159e-05,
2.499765e-05,
6.116682e-06,
0,
2.698052e-07,
1.228369e-09,
6.795921e-08,
0.002228055,
0.01449327,
0.02972314,
0.02168323,
0.0007980036,
0.00431041,
0.005546307,
0.921019,
0,
0,
0,
0,
0,
1.001469e-06,
1.316653e-08,
3.925358e-05,
1.110513e-05,
1.116726e-06,
5.278237e-05,
1.39705e-05,
1.617179e-06,
4.183676e-11,
2.797289e-06,
6.778559e-10,
1.427864e-06,
0.0009000864,
0.009670481,
0.02086255,
0.0151828,
0.003210709,
0.01009129,
0.009096171,
0.9308608,
0,
0,
0,
0,
0,
0,
2.402885e-13,
5.808049e-06,
2.077899e-06,
5.402441e-07,
8.400021e-06,
2.915368e-06,
1.540433e-09,
3.819877e-11,
1.609573e-06,
2.94664e-11,
6.444293e-07,
3.621561e-06,
0.004890899,
0.01476229,
0.0133274,
0.00232976,
0.008658904,
0.008862468,
0.9471427,
0,
0,
0,
0,
0,
1.350133e-08,
2.327636e-14,
2.617319e-08,
1.41561e-07,
1.682026e-08,
1.003189e-07,
3.305641e-08,
8.981783e-11,
0.0008183865,
7.838884e-08,
3.139228e-14,
2.79627e-08,
4.05129e-07,
0.0003274552,
0.001874407,
0.002275029,
0.0003563145,
0.001964017,
0.002329848,
0.9900537,
0,
0,
0,
0,
0,
2.661632e-08,
6.527403e-15,
5.868655e-07,
2.559729e-07,
3.008021e-08,
1.076907e-06,
2.157699e-07,
2.92696e-11,
0.000140488,
7.663599e-08,
1.144398e-12,
4.04497e-08,
1.882542e-07,
0.000763746,
0.002746838,
0.002406452,
0.0003460901,
0.001657744,
0.001693875,
0.9902422,
0,
0,
0,
0,
0,
9.309881e-07,
6.74837e-08,
2.813425e-05,
5.522363e-06,
2.613037e-11,
3.816322e-05,
6.292414e-06,
7.931134e-06,
5.493348e-10,
1.626011e-10,
2.708104e-10,
2.381393e-11,
0.003487358,
0.00497039,
0.00989265,
0.006177848,
6.262086e-06,
9.768791e-05,
0.0002176382,
0.9750631,
0,
0,
0,
0,
0,
0,
1.418477e-12,
4.083601e-07,
6.891002e-08,
2.632814e-07,
6.755129e-07,
1.758329e-07,
4.874429e-12,
0,
6.263315e-07,
6.058992e-13,
3.834366e-07,
9.733674e-08,
0.0007631478,
0.00311648,
0.003069201,
0.001208992,
0.004215653,
0.00374122,
0.9838826,
0,
0,
0,
0,
0,
4.152076e-08,
7.314922e-12,
7.713692e-07,
1.419299e-07,
1.762084e-08,
9.856795e-07,
2.140055e-07,
3.683453e-09,
0,
4.963534e-08,
1.168048e-12,
2.412963e-08,
1.08583e-05,
0.0007286347,
0.002687285,
0.002429301,
0.0002737898,
0.001453695,
0.001587985,
0.9908262,
0,
0,
0,
0,
0,
1.005097e-07,
1.151809e-05,
4.3443e-06,
1.229484e-06,
1.149027e-07,
5.966845e-06,
1.771187e-06,
0.0005002868,
0,
3.725796e-07,
1.77969e-11,
1.487051e-07,
0.07618223,
0.003237206,
0.009842882,
0.008655256,
0.0009646171,
0.004382207,
0.004860634,
0.8913491,
0,
0,
0,
0,
0,
2.672722e-07,
7.119846e-11,
1.526554e-05,
6.041958e-06,
8.11403e-07,
2.139451e-05,
9.085501e-06,
2.216985e-08,
0,
2.737022e-06,
1.429277e-10,
8.869966e-07,
3.000185e-05,
0.01028996,
0.02826675,
0.02551415,
0.003363376,
0.01276754,
0.01396812,
0.9057436,
0,
0,
0,
0,
0,
2.391036e-06,
3.393949e-06,
0.0001003247,
4.754989e-05,
4.989122e-05,
0.0001347161,
7.044103e-05,
0.0001626366,
3.074092e-10,
0.0001260531,
3.724336e-09,
5.204971e-05,
0.02063993,
0.0321288,
0.06863132,
0.05828096,
0.02943503,
0.06136386,
0.0519062,
0.6768644,
0,
0,
0,
0,
0,
0,
1.059016e-11,
6.009009e-08,
5.165243e-08,
3.732294e-07,
4.31069e-08,
2.26258e-08,
2.063151e-08,
2.273737e-11,
1.287534e-06,
9.1316e-15,
3.625267e-07,
3.242139e-05,
0.0003931331,
0.003121418,
0.00519906,
0.002084729,
0.009196466,
0.01101355,
0.968957,
0,
0,
0,
0,
0,
7.959797e-07,
1.641408e-08,
3.553214e-05,
1.327971e-05,
2.034766e-06,
4.854343e-05,
1.849872e-05,
2.060292e-06,
4.478352e-09,
5.800731e-06,
5.541574e-10,
2.182857e-06,
0.0009692563,
0.01423861,
0.03402136,
0.02832401,
0.00474642,
0.01517719,
0.01506693,
0.8873275,
0,
0,
0,
0,
0,
1.290114e-07,
7.323472e-06,
2.883673e-06,
9.405761e-07,
4.169832e-07,
4.177203e-06,
1.062696e-06,
0.0003657533,
0,
1.014659e-06,
1.303869e-11,
5.626883e-07,
0.0624953,
0.002077029,
0.006465855,
0.005601261,
0.001586903,
0.005395832,
0.004910912,
0.9110826,
0,
0,
0,
0,
0,
0,
0,
6.300267e-08,
0,
1.104549e-09,
1.608981e-07,
4.791585e-08,
1.150914e-09,
0,
4.618501e-09,
8.286792e-14,
1.299824e-09,
3.503731e-06,
0.0003409969,
0.001753289,
0.001962186,
5.720412e-05,
0.0004853884,
0.0007224099,
0.9946747,
0,
0,
0,
0,
0,
1.463276e-06,
1.269903e-07,
4.017394e-05,
6.735032e-06,
3.359486e-11,
5.480924e-05,
7.266789e-06,
1.246291e-05,
0,
1.617941e-10,
3.953044e-10,
3.106965e-11,
0.005855961,
0.004981907,
0.008763557,
0.004847095,
6.817917e-06,
0.0001007481,
0.0002013363,
0.9751195,
0,
0,
0,
0,
0,
1.352463e-07,
4.486606e-13,
6.97988e-06,
1.905551e-06,
2.153079e-08,
9.731157e-06,
2.59428e-06,
9.673914e-11,
0,
4.155468e-08,
3.98187e-11,
1.087245e-08,
4.875163e-07,
0.003793446,
0.01059113,
0.008756523,
0.000268716,
0.001839793,
0.002552979,
0.9721755,
0,
0,
0,
0,
0,
8.243998e-05,
2.470765e-06,
0.001795209,
0.001110055,
0.003350439,
0.00228524,
0.001589826,
7.502904e-05,
1.120497e-09,
0.006862551,
5.520599e-07,
0.003638552,
0.00467601,
0.1348957,
0.1431479,
0.08910885,
0.2259594,
0.1922784,
0.1056966,
0.0834448,
0,
0,
0,
0,
0,
3.143156e-07,
1.825157e-07,
1.919932e-05,
7.504374e-06,
1.397523e-06,
2.680239e-05,
1.15979e-05,
1.507049e-05,
0,
4.50631e-06,
2.06934e-10,
1.582376e-06,
0.004324054,
0.01194911,
0.03177432,
0.02831021,
0.004462626,
0.01554497,
0.01631141,
0.8872352,
0,
0,
0,
0,
0,
1.433803e-06,
3.879281e-11,
5.85238e-05,
1.911101e-05,
9.951708e-07,
7.963819e-05,
2.580784e-05,
1.461516e-08,
1.244189e-09,
2.856082e-06,
1.009923e-09,
1.139424e-06,
2.258779e-05,
0.01638011,
0.03447561,
0.0257435,
0.003127457,
0.01063375,
0.01056192,
0.8988656,
0,
0,
0,
0,
0,
2.590169e-06,
5.837282e-12,
9.346454e-05,
2.931798e-05,
1.02028e-06,
0.0001280203,
3.907396e-05,
2.769935e-09,
0,
2.739486e-06,
1.987098e-09,
1.243563e-06,
6.385091e-06,
0.02047653,
0.03873818,
0.02666996,
0.002904147,
0.009296438,
0.008763278,
0.8928476,
0,
0,
0,
0,
0,
2.282831e-07,
4.512444e-11,
1.593647e-05,
7.003535e-06,
6.04502e-06,
2.234164e-05,
1.103948e-05,
8.210598e-09,
4.084199e-11,
1.817297e-05,
1.731547e-10,
6.810886e-06,
1.188578e-05,
0.01210157,
0.03449757,
0.03315948,
0.01103395,
0.03200947,
0.03106694,
0.8460315,
0,
0,
0,
0,
0,
0,
1.390246e-07,
1.728568e-07,
4.110694e-08,
1.175809e-07,
2.412054e-07,
8.144548e-08,
1.292921e-05,
0,
3.562898e-07,
1.282619e-13,
1.479806e-07,
0.004857113,
0.00062444,
0.003277615,
0.003945217,
0.0009629915,
0.004367715,
0.004789304,
0.9771613,
0,
0,
0,
0,
0,
4.560978e-07,
4.959845e-10,
2.229668e-05,
6.71617e-06,
2.108195e-09,
3.091057e-05,
8.850632e-06,
1.170829e-07,
0,
8.666793e-09,
2.595351e-10,
1.488503e-09,
0.0001272369,
0.007657214,
0.01813959,
0.01412315,
5.703816e-05,
0.0005496299,
0.001091347,
0.9581854,
0,
0,
0,
0,
0,
3.450652e-08,
1.466294e-13,
7.269599e-07,
3.089174e-07,
5.6879e-07,
9.806336e-07,
2.115622e-07,
1.378772e-10,
0,
1.108158e-06,
9.367943e-13,
9.817733e-07,
8.598579e-07,
0.000759518,
0.002771489,
0.002447991,
0.001696401,
0.004819822,
0.003622629,
0.9838763,
0,
0,
0,
2096, 
0,
0,
3.694987e-07,
4.246558e-12,
2.059081e-05,
7.208459e-06,
5.524092e-07,
2.842061e-05,
1.042331e-05,
7.427307e-09,
4.720278e-10,
1.796492e-06,
2.356297e-10,
5.921299e-07,
1.447528e-05,
0.009973967,
0.02531667,
0.02130442,
0.002572302,
0.01018093,
0.01115974,
0.9194075,
0,
0,
0,
0,
0,
1.363955e-06,
5.032359e-08,
4.76958e-05,
1.496785e-05,
4.782592e-08,
6.47855e-05,
1.969921e-05,
5.620129e-06,
0,
2.253309e-07,
8.834668e-10,
5.744489e-08,
0.002157585,
0.01246657,
0.02654114,
0.01971438,
0.0007072596,
0.003925413,
0.005112884,
0.9292203,
0,
0,
0,
0,
0,
5.509423e-07,
2.096999e-08,
2.72745e-05,
7.836874e-06,
9.50537e-07,
3.721759e-05,
1.02083e-05,
2.448021e-06,
4.183676e-11,
2.404329e-06,
3.596368e-10,
1.245925e-06,
0.001344083,
0.008446009,
0.01918513,
0.01429024,
0.002908246,
0.009392226,
0.008601038,
0.9357429,
0,
0,
0,
0,
0,
0,
6.517251e-13,
5.038608e-06,
1.844382e-06,
4.927062e-07,
7.348955e-06,
2.605568e-06,
1.746565e-09,
3.819878e-11,
1.477864e-06,
2.539909e-11,
5.94779e-07,
4.366342e-06,
0.004561933,
0.01405151,
0.0128179,
0.002196932,
0.008306178,
0.008587068,
0.9494547,
0,
0,
0,
0,
0,
1.341041e-08,
4.622251e-14,
1.271808e-08,
1.378552e-07,
1.336295e-08,
8.063196e-08,
2.74912e-08,
1.105842e-10,
0.0006930979,
6.749237e-08,
2.439096e-14,
2.432152e-08,
5.602302e-07,
0.0002906121,
0.001714566,
0.002111608,
0.000319091,
0.001801548,
0.002166596,
0.9909019,
0,
0,
0,
0,
0,
2.32548e-08,
3.223891e-14,
3.777551e-07,
2.118845e-07,
2.722205e-08,
7.858789e-07,
1.6158e-07,
5.281516e-11,
0.0001143941,
6.92072e-08,
7.206206e-13,
3.730554e-08,
3.767719e-07,
0.0006564263,
0.002477515,
0.002219569,
0.0003229925,
0.001571066,
0.00161592,
0.99102,
0,
0,
0,
0,
0,
6.198462e-07,
7.356389e-08,
2.043685e-05,
4.105435e-06,
1.754098e-11,
2.800931e-05,
4.818735e-06,
8.460729e-06,
5.493348e-10,
1.165431e-10,
1.763429e-10,
1.707512e-11,
0.004083741,
0.004328903,
0.009057707,
0.005805657,
4.812846e-06,
7.931842e-05,
0.0001849233,
0.9763884,
0,
0,
0,
0,
0,
0,
1.420656e-12,
2.999242e-07,
4.288406e-08,
2.32432e-07,
5.218002e-07,
1.410464e-07,
7.800563e-12,
0,
5.568383e-07,
4.518349e-13,
3.44809e-07,
1.320316e-07,
0.0006652084,
0.002826023,
0.002842499,
0.001111045,
0.0039554,
0.003552881,
0.9850447,
0,
0,
0,
0,
0,
3.797869e-08,
1.023019e-11,
5.479966e-07,
9.29004e-08,
1.67465e-08,
6.743522e-07,
1.525474e-07,
4.911684e-09,
0,
4.695653e-08,
6.878956e-13,
2.38131e-08,
1.487137e-05,
0.00059785,
0.002329268,
0.00216151,
0.0002639162,
0.001403293,
0.001525461,
0.9917023,
0,
0,
0,
0,
0,
8.433403e-08,
1.504266e-05,
3.462076e-06,
9.831517e-07,
1.221789e-07,
4.763298e-06,
1.453048e-06,
0.0006278788,
0,
3.927551e-07,
1.313441e-11,
1.651619e-07,
0.09659974,
0.002879128,
0.009019887,
0.00804499,
0.0009893335,
0.004415559,
0.00483156,
0.8725654,
0,
0,
0,
0,
0,
2.410156e-07,
7.68202e-11,
1.382367e-05,
5.514863e-06,
7.786545e-07,
1.947219e-05,
8.374296e-06,
2.387929e-08,
0,
2.633139e-06,
1.292552e-10,
8.667308e-07,
3.344025e-05,
0.009755389,
0.02711059,
0.02455608,
0.003292686,
0.01256122,
0.01373177,
0.9089071,
0,
0,
0,
0,
0,
2.070849e-06,
3.093779e-06,
8.808677e-05,
4.187462e-05,
4.340521e-05,
0.0001186379,
6.244964e-05,
0.0001491804,
3.074092e-10,
0.0001099693,
3.227104e-09,
4.556222e-05,
0.019494,
0.02964842,
0.06465436,
0.05542119,
0.02629048,
0.05604946,
0.0481887,
0.6995891,
0,
0,
0,
0,
0,
0,
1.390076e-11,
5.88037e-08,
5.118621e-08,
3.165299e-07,
4.132385e-08,
2.197624e-08,
2.161486e-08,
2.273737e-11,
1.104249e-06,
8.913108e-15,
3.115706e-07,
3.514667e-05,
0.0003865011,
0.003083782,
0.005139402,
0.001877866,
0.008540792,
0.01041335,
0.9705212,
0,
0,
0,
0,
0,
6.159006e-07,
2.005912e-08,
2.87707e-05,
1.094129e-05,
1.730034e-06,
3.964778e-05,
1.550464e-05,
2.444004e-06,
4.478352e-09,
5.011197e-06,
4.157918e-10,
1.887305e-06,
0.001185062,
0.01298181,
0.03200077,
0.02704019,
0.004380674,
0.01451202,
0.01470243,
0.8930905,
0,
0,
0,
0,
0,
1.064851e-07,
7.443486e-06,
1.844134e-06,
6.738628e-07,
3.491391e-07,
2.768216e-06,
7.310977e-07,
0.0003741286,
0,
8.523037e-07,
6.320782e-12,
4.805132e-07,
0.06730891,
0.001718477,
0.005644742,
0.005011159,
0.001370625,
0.004753455,
0.004387994,
0.9094152,
0,
0,
0,
0,
0,
0,
0,
3.789318e-08,
0,
1.017463e-09,
1.244219e-07,
3.921097e-08,
1.095278e-09,
0,
4.274972e-09,
6.660295e-14,
1.212057e-09,
3.722689e-06,
0.0002946454,
0.001576134,
0.00180261,
5.458005e-05,
0.0004712731,
0.0007073963,
0.9950894,
0,
0,
0,
0,
0,
9.657465e-07,
1.840122e-07,
2.98684e-05,
5.154548e-06,
2.278945e-11,
4.126422e-05,
5.738345e-06,
1.711741e-05,
0,
1.147928e-10,
2.703491e-10,
2.163389e-11,
0.008099944,
0.004406859,
0.008120039,
0.004607252,
5.581222e-06,
8.863964e-05,
0.0001845976,
0.9743868,
0,
0,
0,
0,
0,
9.489106e-08,
4.562839e-13,
5.223232e-06,
1.448205e-06,
2.081072e-08,
7.365336e-06,
2.033473e-06,
1.041503e-10,
0,
3.892689e-08,
2.661158e-11,
1.053167e-08,
5.542429e-07,
0.003345387,
0.009745344,
0.00822276,
0.0002595799,
0.001794687,
0.002496804,
0.9741186,
0,
0,
0,
0,
0,
8.107379e-05,
1.133038e-06,
0.001780935,
0.001106938,
0.003723263,
0.002273682,
0.001595449,
4.004405e-05,
1.120497e-09,
0.007576041,
5.491298e-07,
0.004144964,
0.003098172,
0.1344676,
0.1397445,
0.08551902,
0.2400195,
0.1961684,
0.1046587,
0.07400008,
0,
0,
0,
0,
0,
3.003586e-07,
2.299912e-07,
1.853338e-05,
7.35812e-06,
1.490474e-06,
2.599417e-05,
1.151862e-05,
1.842982e-05,
0,
4.813795e-06,
2.074178e-10,
1.730325e-06,
0.005340625,
0.0119065,
0.03179343,
0.0283871,
0.004699582,
0.01621574,
0.01689289,
0.8846737,
0,
0,
0,
0,
0,
1.16148e-06,
4.080363e-11,
4.944177e-05,
1.638996e-05,
8.891754e-07,
6.76643e-05,
2.248349e-05,
1.526129e-08,
1.244189e-09,
2.581328e-06,
8.328889e-10,
1.033255e-06,
2.466465e-05,
0.01509164,
0.03259839,
0.02468062,
0.00295101,
0.01029418,
0.0103789,
0.9038189,
0,
0,
0,
0,
0,
2.398305e-06,
7.753916e-12,
8.881142e-05,
2.874898e-05,
9.495407e-07,
0.0001223539,
3.904813e-05,
3.49268e-09,
0,
2.606398e-06,
1.976598e-09,
1.174213e-06,
8.041151e-06,
0.02066239,
0.03952898,
0.02748078,
0.002847247,
0.009342379,
0.008976483,
0.8908676,
0,
0,
0,
0,
0,
1.944432e-07,
4.427999e-11,
1.410389e-05,
6.260494e-06,
6.568728e-06,
1.991555e-05,
1.001907e-05,
7.93404e-09,
4.0842e-11,
1.955604e-05,
1.504728e-10,
7.687913e-06,
1.215205e-05,
0.01144205,
0.03312979,
0.0320412,
0.01156496,
0.03295995,
0.03155313,
0.8472124,
0,
0,
0,
0,
0,
0,
1.698172e-07,
1.420242e-07,
3.173634e-08,
1.304729e-07,
1.972263e-07,
6.76991e-08,
1.54669e-05,
0,
3.924737e-07,
9.821201e-14,
1.742351e-07,
0.005949385,
0.0005684213,
0.003070274,
0.003742548,
0.001020625,
0.004525421,
0.004879592,
0.976227,
0,
0,
0,
0,
0,
3.163382e-07,
6.235338e-10,
1.701247e-05,
5.200342e-06,
1.153134e-09,
2.384153e-05,
6.957988e-06,
1.431051e-07,
0,
4.714882e-09,
1.902253e-10,
7.602542e-10,
0.0001597522,
0.006551716,
0.01615193,
0.01283126,
3.84299e-05,
0.0004232962,
0.0009060251,
0.9628841,
0,
0,
0,
0,
0,
3.201866e-08,
2.878747e-13,
5.613602e-07,
2.743318e-07,
5.213478e-07,
7.488156e-07,
1.68708e-07,
2.360094e-10,
0,
1.023281e-06,
6.557042e-13,
9.267985e-07,
1.417271e-06,
0.0006662377,
0.002534039,
0.00228396,
0.001612369,
0.004640384,
0.003505613,
0.9847517,
0,
0,
0,
2097, 
0,
0,
2.859553e-07,
3.16779e-12,
1.691137e-05,
5.964207e-06,
4.679938e-07,
2.348236e-05,
8.775986e-06,
7.054284e-09,
4.720278e-10,
1.5347e-06,
1.848001e-10,
5.102227e-07,
1.465358e-05,
0.009006612,
0.02352019,
0.02005015,
0.002299326,
0.009339521,
0.01038737,
0.9253243,
0,
0,
0,
0,
0,
1.007712e-06,
4.475817e-08,
3.625321e-05,
1.148719e-05,
3.673767e-08,
4.960323e-05,
1.536033e-05,
5.043531e-06,
0,
1.848775e-07,
6.275087e-10,
4.76787e-08,
0.002042384,
0.01064658,
0.02356589,
0.01783442,
0.0006204591,
0.003548566,
0.004684519,
0.9369381,
0,
0,
0,
0,
0,
3.148291e-07,
3.024604e-08,
2.013032e-05,
5.906065e-06,
8.050738e-07,
2.780349e-05,
7.935249e-06,
3.401227e-06,
4.183676e-11,
2.05887e-06,
2.184366e-10,
1.077124e-06,
0.001870354,
0.007533964,
0.01786993,
0.01358801,
0.002619327,
0.008711996,
0.008124981,
0.939612,
0,
0,
0,
0,
0,
0,
1.087405e-12,
4.343485e-06,
1.628096e-06,
4.398413e-07,
6.390409e-06,
2.31114e-06,
1.963395e-09,
3.819877e-11,
1.329211e-06,
2.17471e-11,
5.371415e-07,
5.185128e-06,
0.004228894,
0.01330558,
0.01227022,
0.00203909,
0.007871735,
0.008240737,
0.9520216,
0,
0,
0,
0,
0,
1.333804e-08,
7.31351e-14,
1.516289e-09,
1.347182e-07,
1.001684e-08,
6.409889e-08,
2.268244e-08,
1.342201e-10,
0.0005831493,
5.685583e-08,
1.875987e-14,
2.067331e-08,
7.461454e-07,
0.000256324,
0.001560768,
0.001951762,
0.0002810094,
0.001630965,
0.001993464,
0.9917415,
0,
0,
0,
0,
0,
2.112398e-08,
1.306396e-13,
2.342204e-07,
1.814368e-07,
2.417316e-08,
5.839836e-07,
1.234123e-07,
1.253114e-10,
9.46469e-05,
6.123789e-08,
4.668118e-13,
3.356304e-08,
8.580034e-07,
0.0005718532,
0.002260026,
0.002069096,
0.0002966506,
0.001472698,
0.001531722,
0.9917012,
0,
0,
0,
0,
0,
4.149812e-07,
8.541422e-08,
1.495716e-05,
3.078583e-06,
1.066939e-11,
2.070586e-05,
3.725481e-06,
9.476021e-06,
5.493348e-10,
7.929747e-11,
1.157687e-10,
1.155428e-11,
0.004930753,
0.003797974,
0.008343461,
0.005486012,
3.589427e-06,
6.347608e-05,
0.0001564439,
0.9771658,
0,
0,
0,
0,
0,
0,
1.422866e-12,
2.11827e-07,
2.131183e-08,
2.006071e-07,
3.959709e-07,
1.116448e-07,
1.072944e-11,
0,
4.84305e-07,
3.299561e-13,
3.02883e-07,
1.695723e-07,
0.0005764334,
0.002553817,
0.002626172,
0.001003393,
0.003661654,
0.003339355,
0.9862373,
0,
0,
0,
0,
0,
3.580887e-08,
1.268168e-11,
3.977299e-07,
5.950284e-08,
1.557797e-08,
4.622914e-07,
1.095269e-07,
5.964851e-09,
0,
4.346284e-08,
4.113459e-13,
2.279266e-08,
1.881721e-05,
0.0004900136,
0.002014018,
0.001917762,
0.0002499974,
0.001336686,
0.001450171,
0.9925214,
0,
0,
0,
0,
0,
7.267737e-08,
1.887843e-05,
2.781926e-06,
7.905221e-07,
1.277035e-07,
3.825854e-06,
1.198393e-06,
0.0007620429,
0,
4.077254e-07,
9.861664e-12,
1.797555e-07,
0.1192639,
0.00255898,
0.008249277,
0.007459532,
0.001005141,
0.004418328,
0.004775852,
0.8514786,
0,
0,
0,
0,
0,
2.165911e-07,
7.656035e-11,
1.245344e-05,
5.006377e-06,
7.272628e-07,
1.763124e-05,
7.675482e-06,
2.388796e-08,
0,
2.468571e-06,
1.160344e-10,
8.227517e-07,
3.457525e-05,
0.009214331,
0.02592435,
0.02356919,
0.003160161,
0.01217666,
0.01335027,
0.9125234,
0,
0,
0,
0,
0,
1.747557e-06,
2.747965e-06,
7.554676e-05,
3.600494e-05,
3.679848e-05,
0.0001020814,
5.408748e-05,
0.0001331267,
3.074092e-10,
9.351371e-05,
2.71943e-09,
3.888051e-05,
0.01782824,
0.02691924,
0.06012921,
0.0521067,
0.02297838,
0.05029121,
0.04406453,
0.725108,
0,
0,
0,
0,
0,
0,
1.543887e-11,
5.755745e-08,
5.072221e-08,
2.639345e-07,
3.957847e-08,
2.130514e-08,
2.209521e-08,
2.273737e-11,
9.345654e-07,
8.678407e-15,
2.639543e-07,
3.743278e-05,
0.0003794846,
0.003043134,
0.005075029,
0.001687695,
0.007938794,
0.009859855,
0.9719769,
0,
0,
0,
0,
0,
4.822068e-07,
2.296947e-08,
2.346728e-05,
9.092146e-06,
1.442055e-06,
3.261748e-05,
1.309972e-05,
2.758735e-06,
4.478351e-09,
4.256453e-06,
3.160016e-10,
1.600338e-06,
0.001377153,
0.01188329,
0.0301839,
0.02587372,
0.004003079,
0.0137728,
0.01425687,
0.8985603,
0,
0,
0,
0,
0,
9.593609e-08,
7.288926e-06,
1.266731e-06,
5.255118e-07,
2.905217e-07,
1.970044e-06,
5.39224e-07,
0.0003694041,
0,
7.114271e-07,
3.732075e-12,
4.057691e-07,
0.07012198,
0.001441143,
0.004946523,
0.004487216,
0.001168212,
0.004130975,
0.00387342,
0.909448,
0,
0,
0,
0,
0,
0,
0,
1.69801e-08,
0,
9.163907e-10,
9.385386e-08,
3.168522e-08,
1.077296e-09,
0,
3.870485e-09,
5.310595e-14,
1.104688e-09,
4.076305e-06,
0.0002525648,
0.001411285,
0.001652194,
5.117395e-05,
0.0004518281,
0.0006867702,
0.99549,
0,
0,
0,
0,
0,
6.318676e-07,
2.557203e-07,
2.239064e-05,
3.983538e-06,
1.515193e-11,
3.132656e-05,
4.576571e-06,
2.268449e-05,
0,
8.061286e-11,
1.878983e-10,
1.479638e-11,
0.01087353,
0.003920173,
0.007557168,
0.004397332,
4.604918e-06,
7.88755e-05,
0.0001711584,
0.9729113,
0,
0,
0,
0,
0,
6.799821e-08,
4.636737e-13,
3.964846e-06,
1.117316e-06,
2.012749e-08,
5.655209e-06,
1.620257e-06,
1.111616e-10,
0,
3.640379e-08,
1.817214e-11,
1.012223e-08,
6.251904e-07,
0.002980219,
0.009036935,
0.007773677,
0.0002499984,
0.001747828,
0.002441641,
0.9757566,
0,
0,
0,
0,
0,
7.910725e-05,
5.757474e-07,
0.001755498,
0.00109673,
0.00410853,
0.002248173,
0.001591334,
2.306413e-05,
1.120497e-09,
0.00830845,
5.413684e-07,
0.004689492,
0.002140484,
0.1335319,
0.1360129,
0.0818491,
0.253863,
0.1996204,
0.1034604,
0.06562033,
0,
0,
0,
0,
0,
2.894566e-07,
2.882066e-07,
1.80212e-05,
7.274582e-06,
1.541845e-06,
2.53967e-05,
1.153675e-05,
2.235652e-05,
0,
5.00299e-06,
2.108658e-10,
1.828317e-06,
0.006540823,
0.01192246,
0.03193144,
0.02855472,
0.004863931,
0.01672936,
0.01737752,
0.8819862,
0,
0,
0,
0,
0,
9.298785e-07,
4.172796e-11,
4.142227e-05,
1.393294e-05,
7.810833e-07,
5.701546e-05,
1.942057e-05,
1.557933e-08,
1.244189e-09,
2.297623e-06,
6.782291e-10,
9.220265e-07,
2.636288e-05,
0.01383424,
0.03070432,
0.02358144,
0.002760605,
0.009905819,
0.01014884,
0.9089016,
0,
0,
0,
0,
0,
2.207266e-06,
9.256733e-12,
8.381402e-05,
2.790738e-05,
8.688717e-07,
0.0001161002,
3.856833e-05,
4.06869e-09,
0,
2.442055e-06,
1.933642e-09,
1.089304e-06,
9.524168e-06,
0.02068914,
0.04006574,
0.028131,
0.002775294,
0.009382199,
0.009214679,
0.8894594,
0,
0,
0,
0,
0,
1.675304e-07,
4.35325e-11,
1.260924e-05,
5.657055e-06,
7.204855e-06,
1.793362e-05,
9.192401e-06,
7.680979e-09,
4.0842e-11,
2.12306e-05,
1.330084e-10,
8.776154e-06,
1.240221e-05,
0.01088908,
0.03197363,
0.03109058,
0.01217717,
0.03405928,
0.03215405,
0.8475611,
0,
0,
0,
0,
0,
0,
1.942999e-07,
1.179837e-07,
2.437708e-08,
1.447047e-07,
1.626944e-07,
5.676235e-08,
1.75058e-05,
0,
4.323333e-07,
7.628182e-14,
2.045675e-07,
0.006952238,
0.0005207703,
0.002890546,
0.003566018,
0.001082577,
0.004695927,
0.004982287,
0.9752908,
0,
0,
0,
0,
0,
2.048616e-07,
7.658917e-10,
1.265465e-05,
3.931701e-06,
5.8989e-10,
1.797817e-05,
5.351062e-06,
1.712993e-07,
0,
2.248874e-09,
1.341334e-10,
3.304541e-10,
0.0001971262,
0.005558994,
0.01431783,
0.01162209,
2.487053e-05,
0.0003231282,
0.0007509966,
0.9671647,
0,
0,
0,
0,
0,
3.025433e-08,
5.284131e-13,
4.366207e-07,
2.478923e-07,
4.662795e-07,
5.725713e-07,
1.35273e-07,
3.883268e-10,
0,
9.23315e-07,
4.586573e-13,
8.515188e-07,
2.263057e-06,
0.0005867661,
0.002325764,
0.00213885,
0.001506244,
0.004412632,
0.003363521,
0.9856603,
0,
0,
0,
2098, 
0,
0,
2.175773e-07,
1.696331e-12,
1.378769e-05,
4.895422e-06,
3.882242e-07,
1.926134e-05,
7.338667e-06,
6.528156e-09,
4.720277e-10,
1.285419e-06,
1.430466e-10,
4.305404e-07,
1.454325e-05,
0.008108039,
0.02180505,
0.01883653,
0.0020281,
0.008486383,
0.009599237,
0.9310745,
0,
0,
0,
0,
0,
7.403558e-07,
3.887646e-08,
2.721521e-05,
8.705002e-06,
2.707141e-08,
3.751825e-05,
1.183062e-05,
4.42556e-06,
0,
1.491961e-07,
4.379328e-10,
3.890941e-08,
0.00189566,
0.009029476,
0.02082021,
0.01606619,
0.0005394006,
0.003187689,
0.004270111,
0.9441006,
0,
0,
0,
0,
0,
1.831785e-07,
4.100646e-08,
1.562833e-05,
4.692e-06,
6.748219e-07,
2.17882e-05,
6.471133e-06,
4.469354e-06,
4.183676e-11,
1.747251e-06,
1.500159e-10,
9.188456e-07,
0.002483313,
0.006825225,
0.016798,
0.01301274,
0.002340026,
0.008038762,
0.007654035,
0.9427913,
0,
0,
0,
0,
0,
0,
1.562409e-12,
3.713155e-06,
1.427642e-06,
3.840703e-07,
5.514216e-06,
2.03235e-06,
2.194336e-09,
3.819877e-11,
1.170534e-06,
1.843677e-11,
4.745531e-07,
6.11685e-06,
0.003896871,
0.01254024,
0.011698,
0.001862757,
0.007370368,
0.007832672,
0.9547783,
0,
0,
0,
0,
0,
1.328048e-08,
1.03103e-13,
0,
1.320747e-07,
6.878317e-09,
5.026826e-08,
1.855108e-08,
1.598115e-10,
0.0004873571,
4.680576e-08,
1.423523e-14,
1.715336e-08,
9.61546e-07,
0.0002247187,
0.00141452,
0.001797486,
0.0002435664,
0.001459344,
0.001817425,
0.9925543,
0,
0,
0,
0,
0,
1.975499e-08,
4.88637e-13,
1.347126e-07,
1.601936e-07,
2.106378e-08,
4.42589e-07,
9.629488e-08,
3.378289e-10,
7.965774e-05,
5.304034e-08,
3.117127e-13,
2.946739e-08,
2.043237e-06,
0.0005053344,
0.002085984,
0.001949995,
0.0002678715,
0.001363971,
0.001441115,
0.9923031,
0,
0,
0,
0,
0,
2.803767e-07,
1.043257e-07,
1.105964e-05,
2.334757e-06,
5.528274e-12,
1.54563e-05,
2.914493e-06,
1.105313e-05,
5.493348e-10,
5.091991e-11,
7.701589e-11,
7.322884e-12,
0.00609235,
0.003357845,
0.007731117,
0.005211002,
2.595152e-06,
5.02039e-05,
0.00013225,
0.9773794,
0,
0,
0,
0,
0,
0,
1.424931e-12,
1.422395e-07,
3.934483e-09,
1.69359e-07,
2.95747e-07,
8.745836e-08,
1.34504e-11,
0,
4.123797e-07,
2.377947e-13,
2.601411e-07,
2.082457e-07,
0.0004970652,
0.002300966,
0.002421057,
0.0008915104,
0.003347907,
0.003108916,
0.987431,
0,
0,
0,
0,
0,
3.447005e-08,
1.437832e-11,
2.959835e-07,
3.657658e-08,
1.418433e-08,
3.168998e-07,
7.916741e-08,
6.724532e-09,
0,
3.932331e-08,
2.501923e-13,
2.118329e-08,
2.228581e-05,
0.0004005946,
0.001734841,
0.001694517,
0.0002322061,
0.001253396,
0.001361232,
0.9933001,
0,
0,
0,
0,
0,
6.417735e-08,
2.292466e-05,
2.253091e-06,
6.385248e-07,
1.317454e-07,
3.08973e-06,
9.928943e-07,
0.0008989489,
0,
4.183635e-07,
7.522383e-12,
1.927954e-07,
0.1438517,
0.002273417,
0.007533124,
0.006903902,
0.001013377,
0.004395749,
0.004699144,
0.8284,
0,
0,
0,
0,
0,
1.941239e-07,
7.271968e-11,
1.117207e-05,
4.525702e-06,
6.627662e-07,
1.589985e-05,
7.006453e-06,
2.271834e-08,
0,
2.260492e-06,
1.035281e-10,
7.612779e-07,
3.364296e-05,
0.008684886,
0.024752,
0.02259007,
0.002978142,
0.01164316,
0.01284631,
0.9164293,
0,
0,
0,
0,
0,
1.427978e-06,
2.378839e-06,
6.299832e-05,
3.008717e-05,
3.027265e-05,
8.544401e-05,
4.557438e-05,
0.0001157074,
3.074092e-10,
7.722185e-05,
2.212198e-09,
3.222668e-05,
0.01584406,
0.02400004,
0.05512052,
0.04836863,
0.01963926,
0.04434887,
0.03971518,
0.7524801,
0,
0,
0,
0,
0,
0,
1.510222e-11,
5.629306e-08,
5.023303e-08,
2.15288e-07,
3.778241e-08,
2.055798e-08,
2.203457e-08,
2.273737e-11,
7.776413e-07,
8.396113e-15,
2.194889e-07,
3.916319e-05,
0.0003715275,
0.002996039,
0.005001041,
0.001511929,
0.007379982,
0.009341193,
0.9733577,
0,
0,
0,
0,
0,
3.824273e-07,
2.425629e-08,
1.926444e-05,
7.609885e-06,
1.177828e-06,
2.699772e-05,
1.113418e-05,
2.909115e-06,
4.478352e-09,
3.552919e-06,
2.435442e-10,
1.329701e-06,
0.001501976,
0.01089377,
0.02848274,
0.02475921,
0.003617814,
0.01295579,
0.01371673,
0.9039976,
0,
0,
0,
0,
0,
9.050004e-08,
6.917522e-06,
9.174223e-07,
4.346838e-07,
2.390282e-07,
1.477908e-06,
4.16882e-07,
0.0003537702,
0,
5.87299e-07,
2.591552e-12,
3.376723e-07,
0.07090747,
0.001216902,
0.004337045,
0.004013391,
0.0009809919,
0.003539471,
0.003377344,
0.9112622,
0,
0,
0,
0,
0,
0,
5.142681e-14,
1.030287e-12,
0,
8.074097e-10,
6.888106e-08,
2.535669e-08,
1.103572e-09,
0,
3.430168e-09,
4.227577e-14,
9.850559e-10,
4.622457e-06,
0.000215363,
0.001262427,
0.001515283,
4.723848e-05,
0.0004286871,
0.000662508,
0.9958638,
0,
0,
0,
0,
0,
4.057237e-07,
3.398038e-07,
1.691593e-05,
3.106244e-06,
1.003039e-11,
2.396926e-05,
3.682649e-06,
2.895863e-05,
0,
5.693918e-11,
1.326982e-10,
1.012135e-11,
0.01415608,
0.003502723,
0.007055731,
0.004208655,
3.86889e-06,
7.140035e-05,
0.0001609949,
0.9707631,
0,
0,
0,
0,
0,
4.999895e-08,
4.709717e-13,
3.059992e-06,
8.770415e-07,
1.946676e-08,
4.414461e-06,
1.314822e-06,
1.178762e-10,
0,
3.393356e-08,
1.274982e-11,
9.647297e-09,
7.014434e-07,
0.002682431,
0.008444492,
0.007397358,
0.0002399045,
0.001698703,
0.002386533,
0.9771401,
0,
0,
0,
0,
0,
7.668597e-05,
3.128056e-07,
0.001721256,
0.00108087,
0.004501078,
0.002211567,
0.001579345,
1.396024e-05,
1.120497e-09,
0.009049689,
5.29883e-07,
0.00526815,
0.001517358,
0.1322135,
0.1321239,
0.07822248,
0.2673099,
0.202619,
0.1021402,
0.05835009,
0,
0,
0,
0,
0,
2.823547e-07,
3.57946e-07,
1.770512e-05,
7.276678e-06,
1.544421e-06,
2.507256e-05,
1.169217e-05,
2.686012e-05,
0,
5.042769e-06,
2.186949e-10,
1.864916e-06,
0.007936346,
0.01202092,
0.03224108,
0.02885661,
0.004911571,
0.01691091,
0.01757045,
0.8794544,
0,
0,
0,
0,
0,
7.383994e-07,
4.140637e-11,
3.451898e-05,
1.177605e-05,
6.754289e-07,
4.778366e-05,
1.668127e-05,
1.551014e-08,
1.244189e-09,
2.017649e-06,
5.479684e-10,
8.10903e-07,
2.751961e-05,
0.01264365,
0.02886044,
0.02249302,
0.002565942,
0.009492079,
0.009889231,
0.9139131,
0,
0,
0,
0,
0,
2.024579e-06,
1.023058e-11,
7.868394e-05,
2.686277e-05,
7.828509e-07,
0.0001095404,
3.77137e-05,
4.452583e-09,
0,
2.255236e-06,
1.867379e-09,
9.938742e-07,
1.070371e-05,
0.02056896,
0.04035652,
0.02862172,
0.002685785,
0.009389678,
0.009444196,
0.8886636,
0,
0,
0,
0,
0,
1.464412e-07,
4.283945e-11,
1.141218e-05,
5.179329e-06,
7.991971e-06,
1.634722e-05,
8.545459e-06,
7.442569e-09,
4.0842e-11,
2.329389e-05,
1.200574e-10,
1.014772e-05,
1.265505e-05,
0.01044277,
0.03103668,
0.03031644,
0.01289032,
0.0353358,
0.03288645,
0.8469958,
0,
0,
0,
0,
0,
0,
2.163987e-07,
9.920851e-08,
1.858985e-08,
1.603236e-07,
1.355374e-07,
4.805357e-08,
1.932565e-05,
0,
4.759732e-07,
6.024619e-14,
2.394311e-07,
0.007961598,
0.0004802351,
0.002734872,
0.003412518,
0.001148628,
0.004877843,
0.005095672,
0.9742679,
0,
0,
0,
0,
0,
1.186908e-07,
8.977494e-10,
9.157084e-06,
2.89968e-06,
3.171446e-10,
1.324329e-05,
4.0244e-06,
1.972332e-07,
0,
9.542848e-10,
9.046904e-11,
1.237536e-10,
0.0002353315,
0.004684953,
0.01265511,
0.01050996,
1.590558e-05,
0.0002486438,
0.0006273928,
0.970993,
0,
0,
0,
0,
0,
2.901246e-08,
8.949713e-13,
3.43106e-07,
2.277654e-07,
4.068943e-07,
4.391595e-07,
1.092691e-07,
6.036753e-10,
0,
8.137991e-07,
3.218005e-13,
7.618671e-07,
3.458551e-06,
0.0005188892,
0.002142127,
0.002009619,
0.001381447,
0.004138825,
0.003195467,
0.986607,
0,
0,
0,
2099, 
0,
0,
1.622834e-07,
0,
1.116076e-05,
3.98606e-06,
3.148323e-07,
1.568606e-05,
6.095573e-06,
5.874768e-09,
4.720278e-10,
1.054296e-06,
1.092652e-10,
3.553061e-07,
1.413574e-05,
0.007275537,
0.02016731,
0.0176603,
0.001765488,
0.007641566,
0.008811188,
0.9366257,
0,
0,
0,
0,
0,
5.418668e-07,
3.297413e-08,
2.015353e-05,
6.506407e-06,
1.887841e-08,
2.80034e-05,
8.993058e-06,
3.799867e-06,
0,
1.18532e-07,
2.992023e-10,
3.125161e-08,
0.001731651,
0.007611451,
0.01832459,
0.01443131,
0.0004650857,
0.002847791,
0.003876019,
0.9506439,
0,
0,
0,
0,
0,
1.031545e-07,
5.427608e-08,
1.258402e-05,
3.866412e-06,
5.567317e-07,
1.766842e-05,
5.451352e-06,
5.727069e-06,
4.183676e-11,
1.462141e-06,
1.123439e-10,
7.70036e-07,
0.003224924,
0.00625065,
0.01589448,
0.01252627,
0.002068711,
0.007366573,
0.007180185,
0.94544,
0,
0,
0,
0,
0,
0,
2.152475e-12,
3.143505e-06,
1.243122e-06,
3.275067e-07,
4.717097e-06,
1.771266e-06,
2.46848e-09,
3.819877e-11,
1.008175e-06,
1.543718e-11,
4.09668e-07,
7.261707e-06,
0.003573077,
0.01177773,
0.01112088,
0.001675514,
0.006823913,
0.007381102,
0.9576279,
0,
0,
0,
0,
0,
1.323506e-08,
1.333955e-13,
0,
1.298674e-07,
4.043298e-09,
3.879817e-08,
1.503711e-08,
1.852433e-10,
0.0004046053,
3.766395e-08,
1.063174e-14,
1.388853e-08,
1.196216e-06,
0.0001959268,
0.001277281,
0.001650722,
0.0002082958,
0.00129454,
0.001646809,
0.9933203,
0,
0,
0,
0,
0,
1.88628e-08,
1.756808e-12,
6.507031e-08,
1.452431e-07,
1.80212e-08,
3.426974e-07,
7.691524e-08,
9.462436e-10,
6.82938e-05,
4.495638e-08,
2.149872e-13,
2.52577e-08,
4.903147e-06,
0.0004534457,
0.001949446,
0.001858934,
0.0002379886,
0.001249194,
0.001346797,
0.9928303,
0,
0,
0,
0,
0,
1.915578e-07,
1.310462e-07,
8.272391e-06,
1.792088e-06,
1.931872e-12,
1.16613e-05,
2.307684e-06,
1.321727e-05,
5.493348e-10,
3.054963e-11,
5.205603e-11,
4.294034e-12,
0.007619225,
0.002987813,
0.007195099,
0.004967264,
1.815667e-06,
3.932414e-05,
0.0001119196,
0.97704,
0,
0,
0,
0,
0,
0,
1.426566e-12,
8.832865e-08,
0,
1.397772e-07,
2.174061e-07,
6.792372e-08,
1.563587e-11,
0,
3.437042e-07,
1.702772e-13,
2.183921e-07,
2.445696e-07,
0.0004266208,
0.002066608,
0.002226348,
0.0007799337,
0.003026239,
0.002869312,
0.9886036,
0,
0,
0,
0,
0,
3.36321e-08,
1.509304e-11,
2.263363e-07,
2.065034e-08,
1.265623e-08,
2.161511e-07,
5.74918e-08,
7.08559e-09,
0,
3.47795e-08,
1.5422e-13,
1.915672e-08,
2.473844e-05,
0.0003259854,
0.00148622,
0.001488878,
0.0002111755,
0.001154682,
0.001259082,
0.9940486,
0,
0,
0,
0,
0,
5.784077e-08,
2.687677e-05,
1.834789e-06,
5.163311e-07,
1.338816e-07,
2.501902e-06,
8.239878e-07,
0.001029413,
0,
4.235023e-07,
5.795209e-12,
2.033772e-07,
0.1693927,
0.002016698,
0.006865265,
0.006376007,
0.001012834,
0.004345629,
0.004600684,
0.8043274,
0,
0,
0,
0,
0,
1.735005e-07,
6.709457e-11,
9.978482e-06,
4.073793e-06,
5.900934e-07,
1.427886e-05,
6.370555e-06,
2.094808e-08,
0,
2.024476e-06,
9.177255e-11,
6.879972e-07,
3.150351e-05,
0.008171283,
0.02360422,
0.02162786,
0.002759469,
0.01099252,
0.01224327,
0.9205317,
0,
0,
0,
0,
0,
1.12608e-06,
2.001794e-06,
5.09992e-05,
2.438935e-05,
2.405963e-05,
6.946993e-05,
3.730205e-05,
9.78077e-05,
3.074092e-10,
6.170716e-05,
1.726324e-09,
2.583282e-05,
0.01370859,
0.02101209,
0.04980538,
0.04432384,
0.01642684,
0.03851596,
0.03535792,
0.7804547,
0,
0,
0,
0,
0,
0,
1.31717e-11,
5.503209e-08,
4.973153e-08,
1.703625e-07,
3.597226e-08,
1.976416e-08,
2.150625e-08,
2.273737e-11,
6.319356e-07,
8.083821e-15,
1.776342e-07,
4.03716e-05,
0.0003629506,
0.002944535,
0.004920374,
0.001344902,
0.006839649,
0.008833085,
0.974713,
0,
0,
0,
0,
0,
3.070033e-07,
2.426321e-08,
1.588573e-05,
6.40118e-06,
9.43786e-07,
2.243782e-05,
9.49589e-06,
2.918368e-06,
4.478352e-09,
2.917947e-06,
1.899848e-10,
1.083651e-06,
0.001559102,
0.009980336,
0.02684104,
0.02365523,
0.003235569,
0.01208178,
0.0130926,
0.909492,
0,
0,
0,
0,
0,
8.720809e-08,
6.390161e-06,
6.791223e-07,
3.714642e-07,
1.928881e-07,
1.137068e-06,
3.287778e-07,
0.000329855,
0,
4.759165e-07,
1.950123e-12,
2.750949e-07,
0.06985793,
0.001027672,
0.003794118,
0.003580421,
0.0008088308,
0.002985419,
0.002907352,
0.9146985,
0,
0,
0,
0,
0,
0,
2.146948e-13,
0,
0,
6.949081e-10,
4.915735e-08,
2.022272e-08,
1.18683e-09,
0,
2.972833e-09,
3.3994e-14,
8.584378e-10,
5.440379e-06,
0.0001834974,
0.001132668,
0.001395745,
4.297301e-05,
0.0004030718,
0.0006359434,
0.9962006,
0,
0,
0,
0,
0,
2.503795e-07,
4.299615e-07,
1.285243e-05,
2.437676e-06,
6.751885e-12,
1.844606e-05,
2.981368e-06,
3.550622e-05,
0,
4.120444e-11,
9.494441e-11,
7.092069e-12,
0.01784157,
0.003135697,
0.006592392,
0.004029097,
3.330673e-06,
6.581805e-05,
0.0001534462,
0.9681057,
0,
0,
0,
0,
0,
3.785458e-08,
4.787489e-13,
2.40527e-06,
7.015461e-07,
1.883675e-08,
3.508829e-06,
1.087983e-06,
1.247367e-10,
0,
3.156202e-08,
9.230623e-12,
9.141893e-09,
7.865707e-07,
0.002439776,
0.007951505,
0.007085117,
0.0002297599,
0.001649783,
0.002333894,
0.9783016,
0,
0,
0,
0,
0,
7.46504e-05,
1.760169e-07,
0.001693295,
0.001069451,
0.004873858,
0.00218308,
0.001574184,
8.662705e-06,
1.120497e-09,
0.009747137,
5.239367e-07,
0.005846972,
0.001087605,
0.1313537,
0.1288796,
0.07510974,
0.2791606,
0.2045263,
0.1004633,
0.05234726,
0,
0,
0,
0,
0,
2.797689e-07,
4.335066e-07,
1.761988e-05,
7.384222e-06,
1.529997e-06,
2.507288e-05,
1.201962e-05,
3.158353e-05,
0,
5.038471e-06,
2.32556e-10,
1.881512e-06,
0.009447326,
0.01221418,
0.03273958,
0.0293026,
0.004940471,
0.01708997,
0.01780931,
0.8763537,
0,
0,
0,
0,
0,
5.818031e-07,
4.027816e-11,
2.86907e-05,
9.931274e-06,
5.781321e-07,
3.994894e-05,
1.431145e-05,
1.51806e-08,
1.244189e-09,
1.759858e-06,
4.399611e-10,
7.075457e-07,
2.829898e-05,
0.01157972,
0.02720352,
0.02152091,
0.002387808,
0.009120468,
0.009664921,
0.9183978,
0,
0,
0,
0,
0,
1.849225e-06,
1.087969e-11,
7.347037e-05,
2.565764e-05,
6.944715e-07,
0.0001027618,
3.655325e-05,
4.711882e-09,
0,
2.051704e-06,
1.78339e-09,
8.918109e-07,
1.168631e-05,
0.0203219,
0.04043085,
0.02897156,
0.002571444,
0.009310967,
0.009593565,
0.8885441,
0,
0,
0,
0,
0,
1.302736e-07,
4.222372e-11,
1.047881e-05,
4.815854e-06,
8.897196e-06,
1.511562e-05,
8.067257e-06,
7.229212e-09,
4.084199e-11,
2.564251e-05,
1.110916e-10,
1.177224e-05,
1.295839e-05,
0.0101052,
0.03033376,
0.0297355,
0.01363098,
0.03659071,
0.03357252,
0.8459334,
0,
0,
0,
0,
0,
0,
2.424153e-07,
8.447243e-08,
1.401027e-08,
1.752863e-07,
1.140607e-07,
4.106325e-08,
2.137513e-05,
0,
5.174038e-07,
4.848496e-14,
2.75308e-07,
0.009166748,
0.0004452848,
0.00259771,
0.003276417,
0.001207515,
0.005029378,
0.005179711,
0.9730744,
0,
0,
0,
0,
0,
5.467757e-08,
9.827584e-10,
6.440837e-06,
2.088418e-06,
2.093881e-10,
9.540879e-06,
2.9649e-06,
2.1449e-07,
0,
3.85676e-10,
5.815415e-11,
4.325239e-11,
0.0002669692,
0.003930171,
0.01117025,
0.00950083,
1.050713e-05,
0.000196412,
0.0005329807,
0.9743706,
0,
0,
0,
0,
0,
2.814379e-08,
1.311032e-12,
2.731752e-07,
2.124632e-07,
3.465146e-07,
3.383571e-07,
8.903013e-08,
8.411976e-10,
0,
7.006839e-07,
2.275019e-13,
6.643097e-07,
4.857885e-06,
0.0004603384,
0.001977603,
0.001892063,
0.001242872,
0.00382412,
0.00300147,
0.987594,
0,
0,
0,
2100, 
0,
0,
1.184511e-07,
0,
8.985402e-06,
3.224422e-06,
2.491727e-07,
1.270259e-05,
5.036294e-06,
5.123762e-09,
4.720278e-10,
8.45764e-07,
8.262503e-11,
2.862879e-07,
1.341732e-05,
0.006509537,
0.01860993,
0.01652366,
0.001516691,
0.006819895,
0.008034915,
0.9419405,
0,
0,
0,
0,
0,
3.967242e-07,
2.727015e-08,
1.471237e-05,
4.794152e-06,
1.210063e-08,
2.061529e-05,
6.7452e-06,
3.191313e-06,
0,
9.276098e-08,
1.994979e-10,
2.471859e-08,
0.001561012,
0.006384357,
0.01608761,
0.0129422,
0.0003978571,
0.002531044,
0.003505272,
0.95654,
0,
0,
0,
0,
0,
4.940392e-08,
7.057378e-08,
1.034768e-05,
3.2502e-06,
4.491473e-07,
1.460573e-05,
4.669662e-06,
7.20324e-06,
4.183675e-11,
1.199407e-06,
8.826765e-11,
6.303829e-07,
0.004124291,
0.00574999,
0.01507022,
0.01207251,
0.00180342,
0.006684085,
0.006687695,
0.9477653,
0,
0,
0,
0,
0,
0,
2.970141e-12,
2.63338e-06,
1.075257e-06,
2.718299e-07,
3.999186e-06,
1.530323e-06,
2.82663e-09,
3.819878e-11,
8.472479e-07,
1.274322e-11,
3.446087e-07,
8.760086e-06,
0.003264025,
0.01103796,
0.01055642,
0.001484036,
0.006252308,
0.006902826,
0.960483,
0,
0,
0,
0,
0,
1.319961e-08,
1.616298e-13,
0,
1.280466e-07,
1.553484e-09,
2.939518e-08,
1.208662e-08,
2.087406e-10,
0.0003338748,
2.957583e-08,
7.79932e-15,
1.095133e-08,
1.439455e-06,
0.0001700722,
0.001150572,
0.001513573,
0.0001760507,
0.001141281,
0.001486696,
0.9940262,
0,
0,
0,
0,
0,
1.827582e-08,
5.57785e-12,
1.597491e-08,
1.346528e-07,
1.515282e-08,
2.716394e-07,
6.300441e-08,
2.467401e-09,
5.966515e-05,
3.728036e-08,
1.539489e-13,
2.113025e-08,
1.111855e-05,
0.0004130828,
0.001843561,
0.001791211,
0.0002083029,
0.00113312,
0.001252002,
0.9932874,
0,
0,
0,
0,
0,
1.330207e-07,
1.66286e-07,
6.275107e-06,
1.394726e-06,
0,
8.910829e-06,
1.851139e-06,
1.598654e-05,
5.493347e-10,
1.690608e-11,
3.600568e-11,
2.290389e-12,
0.009565375,
0.002672936,
0.006717271,
0.004745426,
1.229567e-06,
3.062969e-05,
9.506485e-05,
0.9761373,
0,
0,
0,
0,
0,
0,
1.427572e-12,
4.719167e-08,
0,
1.116006e-07,
1.570675e-07,
5.237056e-08,
1.704245e-11,
0,
2.777927e-07,
1.219667e-13,
1.777859e-07,
2.749054e-07,
0.0003644763,
0.001849881,
0.002041476,
0.0006681841,
0.002693352,
0.002615467,
0.9897661,
0,
0,
0,
0,
0,
3.310585e-08,
1.493602e-11,
1.785336e-07,
9.551581e-09,
1.10854e-08,
1.461518e-07,
4.196697e-08,
7.068003e-09,
0,
3.009273e-08,
9.673145e-14,
1.689715e-08,
2.592123e-05,
0.0002637305,
0.001265058,
0.001299794,
0.0001879328,
0.001043753,
0.00114593,
0.9947674,
0,
0,
0,
0,
0,
5.302674e-08,
3.041293e-05,
1.499094e-06,
4.165432e-07,
1.335823e-07,
2.025813e-06,
6.829957e-07,
0.00114425,
0,
4.216419e-07,
4.484243e-12,
2.102428e-07,
0.1947963,
0.001784363,
0.00624059,
0.005873978,
0.001001763,
0.004264141,
0.004478389,
0.7803804,
0,
0,
0,
0,
0,
1.54734e-07,
6.03307e-11,
8.878998e-06,
3.654584e-06,
5.135252e-07,
1.277968e-05,
5.775923e-06,
1.882544e-08,
0,
1.77462e-06,
8.088139e-11,
6.079828e-07,
2.868886e-05,
0.007682827,
0.02250422,
0.02070199,
0.002518292,
0.01026484,
0.01157404,
0.924691,
0,
0,
0,
0,
0,
8.537235e-07,
1.628293e-06,
4.001873e-05,
1.914319e-05,
1.832875e-05,
5.479108e-05,
2.961648e-05,
8.007661e-05,
3.074092e-10,
4.739579e-05,
1.282265e-09,
1.987151e-05,
0.01153674,
0.01807614,
0.04438535,
0.04011805,
0.01341981,
0.03291977,
0.03108035,
0.8081521,
0,
0,
0,
0,
0,
0,
9.96104e-12,
5.381415e-08,
4.923927e-08,
1.304505e-07,
3.42127e-08,
1.897101e-08,
2.059715e-08,
2.273737e-11,
5.014389e-07,
7.76908e-15,
1.397142e-07,
4.11269e-05,
0.0003542629,
0.002891766,
0.0048374,
0.001190088,
0.006326983,
0.00834334,
0.9760141,
0,
0,
0,
0,
0,
2.489169e-07,
2.339675e-08,
1.311923e-05,
5.394537e-06,
7.42218e-07,
1.866774e-05,
8.098476e-06,
2.82603e-06,
4.478352e-09,
2.35863e-06,
1.493462e-10,
8.665251e-07,
0.001562026,
0.00911555,
0.0252088,
0.02252346,
0.002862995,
0.01116387,
0.01238963,
0.9151213,
0,
0,
0,
0,
0,
8.48686e-08,
5.756367e-06,
4.976214e-07,
3.222587e-07,
1.509027e-07,
8.748574e-07,
2.585382e-07,
0.0002999872,
0,
3.745049e-07,
1.495439e-12,
2.171271e-07,
0.06725727,
0.0008627847,
0.003304546,
0.003183645,
0.000650992,
0.002471863,
0.002468271,
0.9194921,
0,
0,
0,
0,
0,
0,
5.314512e-13,
0,
0,
5.829454e-10,
3.421869e-08,
1.623979e-08,
1.343544e-09,
0,
2.517243e-09,
2.804959e-14,
7.3018e-10,
6.62567e-06,
0.0001572237,
0.001024357,
0.001296759,
3.864256e-05,
0.0003769761,
0.0006095261,
0.9964898,
0,
0,
0,
0,
0,
1.421988e-07,
5.196033e-07,
9.796096e-06,
1.919704e-06,
4.679099e-12,
1.424354e-05,
2.420818e-06,
4.189959e-05,
0,
3.085657e-11,
6.858862e-11,
5.167984e-12,
0.02181079,
0.002805203,
0.00614906,
0.003848794,
2.938705e-06,
6.161477e-05,
0.0001476727,
0.965103,
0,
0,
0,
0,
0,
2.955493e-08,
4.878404e-13,
1.926464e-06,
5.719881e-07,
1.824244e-08,
2.840856e-06,
9.178435e-07,
1.323699e-10,
0,
2.932185e-08,
6.909307e-12,
8.635221e-09,
8.861011e-07,
0.002241032,
0.007540364,
0.006826385,
0.0002199569,
0.00160321,
0.002285701,
0.9792761,
0,
0,
0,
0,
0,
7.184613e-05,
1.018236e-07,
0.001649552,
0.001047506,
0.005257066,
0.002134182,
0.001553454,
5.440552e-06,
1.120497e-09,
0.01046066,
5.101442e-07,
0.006467175,
0.0007791772,
0.1296446,
0.1251354,
0.07187514,
0.2911444,
0.2065927,
0.09902159,
0.04715952,
0,
0,
0,
0,
0,
2.815664e-07,
5.037957e-07,
1.775782e-05,
7.59673e-06,
1.506742e-06,
2.53886e-05,
1.252125e-05,
3.590742e-05,
0,
5.013075e-06,
2.529645e-10,
1.888896e-06,
0.01092865,
0.01250048,
0.03342325,
0.0298903,
0.004959774,
0.01726988,
0.01807771,
0.8728416,
0,
0,
0,
0,
0,
4.536026e-07,
3.826886e-11,
2.3781e-05,
8.359474e-06,
4.870565e-07,
3.331807e-05,
1.227262e-05,
1.455809e-08,
1.244189e-09,
1.517871e-06,
3.503646e-10,
6.100082e-07,
2.856758e-05,
0.01063828,
0.02573444,
0.02066808,
0.002217678,
0.008761009,
0.009446478,
0.9224247,
0,
0,
0,
0,
0,
1.671465e-06,
1.135522e-11,
6.793177e-05,
2.422828e-05,
6.065327e-07,
9.545277e-05,
3.500815e-05,
4.902422e-09,
0,
1.839653e-06,
1.676541e-09,
7.873677e-07,
1.260377e-05,
0.01991691,
0.04023623,
0.02914515,
0.002439067,
0.009160105,
0.009669463,
0.8891929,
0,
0,
0,
0,
0,
1.186497e-07,
4.189068e-11,
9.801595e-06,
4.568557e-06,
1.018234e-05,
1.423479e-05,
7.768802e-06,
7.107219e-09,
4.084199e-11,
2.897104e-05,
1.06276e-10,
1.40768e-05,
1.345534e-05,
0.009885973,
0.0298833,
0.02936006,
0.01463735,
0.03835263,
0.03464874,
0.8431287,
0,
0,
0,
0,
0,
0,
2.831839e-07,
7.2451e-08,
1.02105e-08,
1.89575e-07,
9.636287e-08,
3.512173e-08,
2.435981e-05,
0,
5.569498e-07,
3.94147e-14,
3.124001e-07,
0.01088852,
0.0004127404,
0.002464621,
0.003141401,
0.001265827,
0.005183944,
0.00526979,
0.9713472,
0,
0,
0,
0,
0,
9.47545e-09,
1.006978e-09,
4.415008e-06,
1.476902e-06,
1.72202e-10,
6.757665e-06,
2.152205e-06,
2.200367e-07,
0,
1.632131e-10,
3.57691e-11,
1.599002e-11,
0.0002862766,
0.003292454,
0.009866063,
0.008598682,
7.392653e-06,
0.0001604906,
0.000461723,
0.9773119,
0,
0,
0,
0,
0,
2.753929e-08,
1.679221e-12,
2.210824e-07,
2.008755e-07,
2.883494e-07,
2.624811e-07,
7.334355e-08,
1.052765e-09,
0,
5.902627e-07,
1.629298e-13,
5.655462e-07,
6.2462e-06,
0.0004101532,
0.00183167,
0.001786645,
0.001098559,
0.003485,
0.002790447,
0.988589,
0,
0,
0];
