real main.em.dem.trp.trvl.ModeT.CARS.V_share[26,25](t) = [1971, 
0.1062339,
0,
0,
6.917642e-12,
0,
0.8016049,
1.81102e-20,
0.03858411,
0.03208809,
0,
0,
3.404037e-30,
0,
0,
5.596653e-34,
0.02148166,
7.445356e-06,
0,
3.292055e-13,
1.925913e-13,
0,
0,
5.303644e-22,
2.798073e-20,
0,
0.3982437,
0,
0,
2.243847e-14,
0,
0.5504365,
0.01898984,
0.01590718,
0.01195588,
0,
0,
1.84462e-16,
0,
0,
2.551232e-40,
0.004256465,
2.687311e-07,
0,
0.0002101618,
1.512582e-08,
0,
0,
1.158574e-23,
1.911422e-24,
0,
0.7604902,
0,
0,
8.13571e-18,
0,
0.2356951,
2.480575e-22,
0.00213469,
0.001382814,
0,
0,
9.770181e-39,
0,
0,
0,
0.0002971705,
8.159346e-10,
0,
9.586109e-16,
7.709055e-18,
0,
0,
1.682001e-33,
4.113977e-32,
0,
0.6264348,
0,
0,
1.990169e-15,
0,
0.3625616,
1.564233e-17,
0.00578774,
0.004016901,
0,
0,
3.407059e-32,
0,
0,
0,
0.001198934,
1.696524e-08,
0,
9.70942e-13,
6.251289e-15,
0,
0,
3.765181e-29,
3.977285e-28,
0,
0.2645223,
0,
0,
4.290781e-13,
0,
0.6383298,
0.05490433,
0.01946039,
0.01497696,
0,
0,
8.434069e-16,
0,
0,
8.818472e-39,
0.00723653,
6.813493e-07,
0,
0.0005688795,
5.177916e-08,
0,
0,
7.636978e-23,
1.385987e-23,
0,
0.8510714,
0,
0,
4.79872e-20,
0,
0.1475813,
2.645361e-25,
0.0007891623,
0.0004794539,
0,
0,
1.639519e-43,
0,
0,
0,
7.874231e-05,
4.907911e-11,
0,
8.929598e-18,
4.92819e-20,
0,
0,
2.280708e-37,
9.045292e-36,
0,
0.999733,
0,
0,
2.728328e-42,
0,
0.0002670501,
0,
4.00575e-09,
1.190431e-09,
0,
0,
0,
0,
0,
0,
1.032289e-11,
4.526458e-25,
0,
1.653777e-34,
1.154432e-40,
0,
0,
0,
0,
0,
0.8257885,
0,
0,
2.557683e-19,
0,
0.1723238,
6.36071e-25,
0.001090057,
0.0006759409,
0,
0,
1.724998e-42,
0,
0,
0,
0.0001217332,
1.22639e-10,
0,
2.017323e-17,
1.587538e-19,
0,
0,
3.410421e-36,
1.376602e-34,
0,
0.8165481,
0,
0,
5.463437e-19,
0,
0.1813401,
8.583484e-22,
0.001213754,
0.0007578374,
0,
0,
1.696368e-39,
0,
0,
0,
0.000140212,
1.652393e-10,
0,
9.961567e-16,
2.64886e-18,
0,
0,
1.971372e-35,
3.367891e-34,
0,
0.117898,
0,
0,
3.633433e-12,
0,
0.7952492,
9.521707e-21,
0.0370095,
0.03057349,
0,
0,
1.393444e-30,
0,
0,
1.81846e-34,
0.01926398,
5.838886e-06,
0,
2.115115e-13,
1.208146e-13,
0,
0,
2.59784e-22,
1.395591e-20,
0,
0.1198273,
0,
0,
5.188683e-13,
0,
0.7680694,
0.05384701,
0.02446641,
0.01954617,
0,
0,
1.350563e-15,
0,
0,
2.406293e-36,
0.01169147,
1.366967e-06,
0,
0.000614839,
6.431841e-08,
0,
0,
1.588314e-22,
2.517736e-22,
0.001935927,
0.2130625,
0,
0,
4.236423e-12,
0,
0.7212263,
1.918188e-12,
0.02728232,
0.02163025,
0,
0,
3.946997e-24,
0,
0,
2.456744e-36,
0.01223275,
2.199724e-06,
0,
3.190541e-09,
3.826521e-11,
0,
0,
1.338537e-22,
6.422185e-22,
0.004563618,
0.1144274,
0,
0,
9.839873e-11,
0,
0.7949486,
4.216925e-10,
0.03732504,
0.03088846,
0,
0,
3.754126e-21,
0,
0,
1.817959e-33,
0.02240228,
8.111498e-06,
0,
9.591224e-08,
9.298765e-10,
0,
0,
1.002153e-20,
3.061171e-20,
0,
0.6724996,
0,
0,
4.003791e-16,
0,
0.3032273,
1.242777e-17,
0.003859237,
0.002605614,
0,
0,
3.309251e-33,
0,
0,
0,
0.000709402,
5.451824e-09,
0,
5.619726e-13,
1.986216e-15,
0,
0,
1.282424e-30,
1.233359e-29,
0.01709878,
0.8160766,
0,
0,
1.09383e-18,
0,
0.171929,
4.822903e-20,
0.001097012,
0.0006809711,
0,
0,
3.780757e-38,
0,
0,
0,
0.0001320143,
1.474976e-10,
0,
8.033615e-15,
9.988352e-18,
0,
0,
2.006577e-35,
2.208618e-34,
0.01008442,
0.8063486,
0,
0,
1.277252e-18,
0,
0.1814859,
2.023805e-21,
0.001229563,
0.0007688423,
0,
0,
4.05245e-39,
0,
0,
0,
0.000149481,
1.915515e-10,
0,
1.672268e-15,
4.17315e-18,
0,
0,
3.070624e-35,
5.039118e-34,
0.01001764,
1,
0,
0,
0,
0,
4.256506e-14,
0,
8.21027e-28,
2.02048e-29,
0,
0,
0,
0,
0,
0,
2.3602e-36,
0,
0,
0,
0,
0,
0,
0,
0,
0,
0.8185684,
0,
0,
1.686879e-18,
0,
0.1793512,
6.077e-17,
0.001185828,
0.0007392973,
0,
0,
2.838239e-35,
0,
0,
0,
0.0001552982,
2.058907e-10,
0,
3.712013e-13,
1.565934e-16,
0,
0,
9.51058e-35,
5.28257e-34,
0,
0.1504497,
0,
0,
3.253543e-11,
0,
0.7717603,
8.096527e-11,
0.03307903,
0.02688415,
0,
0,
3.621571e-22,
0,
0,
1.302307e-34,
0.01782196,
4.886623e-06,
0,
3.25773e-08,
3.168453e-10,
0,
0,
1.892941e-21,
6.626252e-21,
0,
0.9134824,
0,
0,
6.524442e-21,
0,
0.08607958,
4.300226e-16,
0.0002646588,
0.0001503208,
0,
0,
1.174775e-37,
0,
0,
0,
2.301358e-05,
3.851797e-12,
0,
2.260081e-13,
7.545858e-18,
0,
0,
1.242135e-39,
3.476354e-39,
0,
0.9906925,
0,
0,
1.471549e-29,
0,
0.009295065,
2.238349e-28,
3.522792e-06,
1.550899e-06,
0,
0,
0,
0,
0,
0,
7.316106e-08,
2.989487e-17,
0,
8.628548e-22,
6.595234e-27,
0,
0,
0,
0,
7.312658e-06,
0.999477,
0,
0,
1.381135e-39,
0,
0.0005229541,
6.750539e-37,
1.443811e-08,
4.621399e-09,
0,
0,
0,
0,
0,
0,
6.015777e-11,
1.636483e-23,
0,
1.078149e-28,
1.002216e-35,
0,
0,
0,
0,
0,
0.07451147,
0,
0,
3.136735e-11,
0,
0.8168108,
1.789364e-15,
0.04398677,
0.03740488,
0,
0,
2.570265e-25,
0,
0,
1.572085e-32,
0.02727308,
1.293291e-05,
0,
1.737245e-10,
1.896069e-11,
0,
0,
1.208703e-20,
1.600737e-19,
0,
0.131456,
0,
0,
7.785539e-12,
0,
0.7866512,
2.418426e-17,
0.03531536,
0.02896653,
0,
0,
9.929884e-28,
0,
0,
1.386478e-34,
0.01760611,
4.77886e-06,
0,
1.193372e-11,
1.563096e-12,
0,
0,
3.866482e-22,
7.615023e-21,
0,
0.851081,
0,
0,
1.964671e-19,
0,
0.1475616,
9.253765e-19,
0.0007889545,
0.0004793207,
0,
0,
9.696141e-38,
0,
0,
0,
8.918026e-05,
6.408378e-11,
0,
2.763276e-14,
1.286834e-17,
0,
0,
2.299824e-36,
1.653605e-35,
0,
0.5912465,
0,
0,
2.077378e-15,
0,
0.394875,
1.259948e-21,
0.007178204,
0.005061334,
0,
0,
2.854293e-35,
0,
0,
4.203895e-45,
0.001638958,
3.40146e-08,
0,
9.465959e-15,
4.746635e-16,
0,
0,
9.600225e-29,
3.315121e-27,
0,
1972, 
0.1283378,
0,
0,
6.917642e-12,
0,
0.7876924,
1.81102e-20,
0.03526548,
0.029249,
0,
0,
3.404037e-30,
0,
0,
5.596653e-34,
0.01944863,
6.70082e-06,
0,
3.292055e-13,
1.925913e-13,
0,
0,
5.303644e-22,
2.798073e-20,
0,
0.4480154,
0,
0,
2.243846e-14,
0,
0.5038862,
0.01898984,
0.01431803,
0.01075571,
0,
0,
1.84462e-16,
0,
0,
2.551232e-40,
0.00382443,
2.413319e-07,
0,
0.0002101618,
1.512582e-08,
0,
0,
1.158573e-23,
1.911422e-24,
0,
0.7829628,
0,
0,
8.13571e-18,
0,
0.2136027,
2.480575e-22,
0.001922078,
0.001244929,
0,
0,
9.770181e-39,
0,
0,
0,
0.0002674534,
7.343411e-10,
0,
9.586109e-16,
7.709055e-18,
0,
0,
1.682001e-33,
4.113977e-32,
0,
0.6535407,
0,
0,
1.990169e-15,
0,
0.3364943,
1.564233e-17,
0.005246061,
0.003636718,
0,
0,
3.407059e-32,
0,
0,
0,
0.001082237,
1.526871e-08,
0,
9.70942e-13,
6.251289e-15,
0,
0,
3.765181e-29,
3.977285e-28,
0,
0.2778797,
0,
0,
4.290781e-13,
0,
0.630295,
0.05323656,
0.0178081,
0.01366567,
0,
0,
8.177875e-16,
0,
0,
8.818472e-39,
0.006562696,
6.105384e-07,
0,
0.0005515991,
5.020631e-08,
0,
0,
7.404997e-23,
1.385987e-23,
0,
0.8655403,
0,
0,
4.79872e-20,
0,
0.1332471,
2.645361e-25,
0.0007102461,
0.0004315085,
0,
0,
1.639519e-43,
0,
0,
0,
7.086807e-05,
4.41712e-11,
0,
8.929599e-18,
4.928191e-20,
0,
0,
2.280708e-37,
9.045293e-36,
0,
0.9997597,
0,
0,
2.728328e-42,
0,
0.0002403451,
0,
3.605175e-09,
1.071388e-09,
0,
0,
0,
0,
0,
0,
9.290599e-12,
4.073812e-25,
0,
1.653777e-34,
1.154432e-40,
0,
0,
0,
0,
0,
0.8420499,
0,
0,
2.557683e-19,
0,
0.1562504,
6.36071e-25,
0.0009815888,
0.0006085894,
0,
0,
1.724998e-42,
0,
0,
0,
0.0001095599,
1.103751e-10,
0,
2.017323e-17,
1.587538e-19,
0,
0,
3.410421e-36,
1.376602e-34,
0,
0.8329971,
0,
0,
5.463437e-19,
0,
0.1651002,
8.583483e-22,
0.00109376,
0.0006827124,
0,
0,
1.696368e-39,
0,
0,
0,
0.0001261908,
1.487153e-10,
0,
9.961566e-16,
2.64886e-18,
0,
0,
1.971371e-35,
3.367891e-34,
0,
0.1316081,
0,
0,
3.633433e-12,
0,
0.7890293,
9.521707e-21,
0.03392989,
0.02794834,
0,
0,
1.393444e-30,
0,
0,
1.81846e-34,
0.01747911,
5.254998e-06,
0,
2.115115e-13,
1.208146e-13,
0,
0,
2.59784e-22,
1.395591e-20,
0,
0.1324224,
0,
0,
5.188683e-13,
0,
0.7590507,
0.05384701,
0.02303524,
0.01832728,
0,
0,
1.350563e-15,
0,
0,
2.406293e-36,
0.01081065,
1.223364e-06,
0,
0.000614839,
6.431841e-08,
0,
0,
1.588314e-22,
2.517736e-22,
0.001890529,
0.2311104,
0,
0,
4.236423e-12,
0,
0.7083902,
1.918188e-12,
0.02506102,
0.01981163,
0,
0,
3.946997e-24,
0,
0,
2.456744e-36,
0.01112344,
1.978881e-06,
0,
3.190541e-09,
3.826521e-11,
0,
0,
1.338537e-22,
6.422185e-22,
0.004501248,
0.1074561,
0,
0,
9.839873e-11,
0,
0.8091261,
4.216925e-10,
0.03443865,
0.02843321,
0,
0,
3.754126e-21,
0,
0,
1.817959e-33,
0.0205385,
7.300348e-06,
0,
9.591224e-08,
9.298765e-10,
0,
0,
1.002153e-20,
3.061171e-20,
0,
0.6954448,
0,
0,
4.003791e-16,
0,
0.2791317,
1.242777e-17,
0.003488052,
0.002353194,
0,
0,
3.309251e-33,
0,
0,
0,
0.0006395612,
4.907272e-09,
0,
5.619726e-13,
1.986216e-15,
0,
0,
1.282424e-30,
1.233359e-29,
0.01894278,
0.8307537,
0,
0,
1.09383e-18,
0,
0.1562439,
4.822903e-20,
0.0009883066,
0.0006133539,
0,
0,
3.780757e-38,
0,
0,
0,
0.0001188255,
1.32762e-10,
0,
8.033615e-15,
9.988352e-18,
0,
0,
2.006577e-35,
2.208618e-34,
0.01128194,
0.8226447,
0,
0,
1.277252e-18,
0,
0.1642837,
2.023805e-21,
0.001107082,
0.000692189,
0,
0,
4.05245e-39,
0,
0,
0,
0.0001345469,
1.724143e-10,
0,
1.672268e-15,
4.17315e-18,
0,
0,
3.070624e-35,
5.039118e-34,
0.01113773,
1,
0,
0,
0,
0,
3.830856e-14,
0,
7.389243e-28,
1.818432e-29,
0,
0,
0,
0,
0,
0,
2.12418e-36,
0,
0,
0,
0,
0,
0,
0,
0,
0,
0.8350143,
0,
0,
1.686879e-18,
0,
0.1631117,
6.077e-17,
0.001068362,
0.0006658934,
0,
0,
2.838239e-35,
0,
0,
0,
0.0001397683,
1.853016e-10,
0,
3.712013e-13,
1.565934e-16,
0,
0,
9.51058e-35,
5.28257e-34,
0,
0.1593775,
0,
0,
3.253543e-11,
0,
0.7694949,
8.096526e-11,
0.03035173,
0.02459773,
0,
0,
3.621571e-22,
0,
0,
1.302306e-34,
0.01617369,
4.39796e-06,
0,
3.25773e-08,
3.168452e-10,
0,
0,
1.892941e-21,
6.626252e-21,
0,
0.9215837,
0,
0,
6.524443e-21,
0,
0.07802194,
4.300227e-16,
0.0002383221,
0.0001352887,
0,
0,
1.174775e-37,
0,
0,
0,
2.071222e-05,
3.466618e-12,
0,
2.260081e-13,
7.545859e-18,
0,
0,
1.242135e-39,
3.476354e-39,
0,
0.9916039,
0,
0,
1.47155e-29,
0,
0.008379366,
2.238349e-28,
3.170514e-06,
1.395809e-06,
0,
0,
0,
0,
0,
0,
6.584497e-08,
2.690539e-17,
0,
8.628549e-22,
6.595235e-27,
0,
0,
0,
0,
1.215844e-05,
0.9995293,
0,
0,
1.381135e-39,
0,
0.0004706586,
6.750539e-37,
1.29943e-08,
4.159259e-09,
0,
0,
0,
0,
0,
0,
5.414199e-11,
1.472834e-23,
0,
1.078149e-28,
1.002216e-35,
0,
0,
0,
0,
0,
0.07618837,
0,
0,
3.136735e-11,
0,
0.8241774,
1.789364e-15,
0.04048475,
0.03432436,
0,
0,
2.570265e-25,
0,
0,
1.572085e-32,
0.02481351,
1.163962e-05,
0,
1.737245e-10,
1.896069e-11,
0,
0,
1.208703e-20,
1.600737e-19,
0,
0.1454286,
0,
0,
7.785539e-12,
0,
0.7797856,
2.418426e-17,
0.03235941,
0.02646725,
0,
0,
9.929884e-28,
0,
0,
1.386478e-34,
0.0159549,
4.300974e-06,
0,
1.193372e-11,
1.563096e-12,
0,
0,
3.866482e-22,
7.615023e-21,
0,
0.8653353,
0,
0,
1.964671e-19,
0,
0.1334428,
9.253765e-19,
0.0007102301,
0.0004313886,
0,
0,
9.696141e-38,
0,
0,
0,
8.026223e-05,
5.76754e-11,
0,
2.763276e-14,
1.286834e-17,
0,
0,
2.299824e-36,
1.653605e-35,
0,
0.6222546,
0,
0,
2.077378e-15,
0,
0.3651981,
1.259948e-21,
0.006494762,
0.004575041,
0,
0,
2.854293e-35,
0,
0,
4.203895e-45,
0.001477546,
3.061314e-08,
0,
9.465958e-15,
4.746635e-16,
0,
0,
9.600225e-29,
3.315121e-27,
0,
1973, 
0.1537962,
0,
0,
6.917642e-12,
0,
0.7676132,
1.81102e-20,
0.03324335,
0.02743576,
0,
0,
3.404037e-30,
0,
0,
5.596653e-34,
0.01790561,
5.956285e-06,
0,
3.292055e-13,
1.925913e-13,
0,
0,
5.303644e-22,
2.798073e-20,
0,
0.4988998,
0,
0,
2.243846e-14,
0,
0.456235,
0.01898983,
0.0127218,
0.009551243,
0,
0,
1.84462e-16,
0,
0,
2.551232e-40,
0.003391912,
2.139328e-07,
0,
0.0002101618,
1.512581e-08,
0,
0,
1.158573e-23,
1.911421e-24,
0,
0.805608,
0,
0,
8.13571e-18,
0,
0.191338,
2.480575e-22,
0.001709284,
0.001106957,
0,
0,
9.770181e-39,
0,
0,
0,
0.0002377364,
6.527477e-10,
0,
9.586109e-16,
7.709055e-18,
0,
0,
1.682001e-33,
4.113977e-32,
0,
0.6815045,
0,
0,
1.990169e-15,
0,
0.3095791,
1.564233e-17,
0.004698446,
0.003252903,
0,
0,
3.407058e-32,
0,
0,
0,
0.0009650012,
1.357219e-08,
0,
9.70942e-13,
6.251289e-15,
0,
0,
3.765181e-29,
3.977285e-28,
0,
0.2916547,
0,
0,
4.290781e-13,
0,
0.6201212,
0.05156878,
0.0169673,
0.01297353,
0,
0,
7.921682e-16,
0,
0,
8.818472e-39,
0.006179486,
5.397275e-07,
0,
0.0005343188,
4.863346e-08,
0,
0,
7.173016e-23,
1.385987e-23,
0,
0.8800932,
0,
0,
4.79872e-20,
0,
0.1188289,
2.645361e-25,
0.0006313298,
0.0003835631,
0,
0,
1.639519e-43,
0,
0,
0,
6.299384e-05,
3.926329e-11,
0,
8.929598e-18,
4.928191e-20,
0,
0,
2.280708e-37,
9.045292e-36,
0,
0.9997864,
0,
0,
2.728328e-42,
0,
0.0002136401,
0,
3.2046e-09,
9.52345e-10,
0,
0,
0,
0,
0,
0,
8.25831e-12,
3.621166e-25,
0,
1.653777e-34,
1.154432e-40,
0,
0,
0,
0,
0,
0.8581309,
0,
0,
2.557683e-19,
0,
0.1403571,
6.36071e-25,
0.0008732926,
0.0005413207,
0,
0,
1.724998e-42,
0,
0,
0,
9.738659e-05,
9.811117e-11,
0,
2.017323e-17,
1.587538e-19,
0,
0,
3.410421e-36,
1.376602e-34,
0,
0.8497692,
0,
0,
5.463438e-19,
0,
0.1485379,
8.583484e-22,
0.00097335,
0.0006073792,
0,
0,
1.696368e-39,
0,
0,
0,
0.0001121696,
1.321914e-10,
0,
9.961567e-16,
2.64886e-18,
0,
0,
1.971372e-35,
3.367891e-34,
0,
0.1519848,
0,
0,
3.633433e-12,
0,
0.7730247,
9.521708e-21,
0.03227244,
0.02645991,
0,
0,
1.393444e-30,
0,
0,
1.81846e-34,
0.01625352,
4.67111e-06,
0,
2.115115e-13,
1.208146e-13,
0,
0,
2.597841e-22,
1.395591e-20,
0,
0.1479191,
0,
0,
5.188683e-13,
0,
0.7447938,
0.05384701,
0.02262988,
0.01794809,
0,
0,
1.350563e-15,
0,
0,
2.406293e-36,
0.01040099,
1.079761e-06,
0,
0.000614839,
6.431841e-08,
0,
0,
1.588314e-22,
2.517736e-22,
0.001845131,
0.2505194,
0,
0,
4.236423e-12,
0,
0.6928996,
1.918188e-12,
0.02344984,
0.01846164,
0,
0,
3.946997e-24,
0,
0,
2.456744e-36,
0.01022882,
1.758038e-06,
0,
3.190541e-09,
3.826521e-11,
0,
0,
1.338537e-22,
6.422185e-22,
0.004438879,
0.1030216,
0,
0,
9.839873e-11,
0,
0.8186688,
4.216925e-10,
0.0324277,
0.02669485,
0,
0,
3.754126e-21,
0,
0,
1.817959e-33,
0.01918045,
6.489198e-06,
0,
9.591224e-08,
9.298765e-10,
0,
0,
1.002153e-20,
3.061171e-20,
0,
0.7201062,
0,
0,
4.003791e-16,
0,
0.2553102,
1.242777e-17,
0.003117836,
0.002101327,
0,
0,
3.309251e-33,
0,
0,
0,
0.0005697952,
4.362719e-09,
0,
5.619726e-13,
1.986216e-15,
0,
0,
1.282424e-30,
1.233359e-29,
0.01879468,
0.8468816,
0,
0,
1.09383e-18,
0,
0.1404375,
4.822903e-20,
0.0008794583,
0.0005456661,
0,
0,
3.780757e-38,
0,
0,
0,
0.0001056367,
1.180263e-10,
0,
8.033615e-15,
9.988352e-18,
0,
0,
2.006577e-35,
2.208618e-34,
0.01115008,
0.8395948,
0,
0,
1.277252e-18,
0,
0.1476008,
2.023805e-21,
0.0009850741,
0.000615763,
0,
0,
4.05245e-39,
0,
0,
0,
0.0001196129,
1.532772e-10,
0,
1.672268e-15,
4.17315e-18,
0,
0,
3.070624e-35,
5.039118e-34,
0.01108397,
1,
0,
0,
0,
0,
3.405205e-14,
0,
6.568217e-28,
1.616384e-29,
0,
0,
0,
0,
0,
0,
1.88816e-36,
0,
0,
0,
0,
0,
0,
0,
0,
0,
0.8517146,
0,
0,
1.686879e-18,
0,
0.1466182,
6.077e-17,
0.0009505965,
0.0005923416,
0,
0,
2.838239e-35,
0,
0,
0,
0.0001242385,
1.647125e-10,
0,
3.712013e-13,
1.565934e-16,
0,
0,
9.510579e-35,
5.28257e-34,
0,
0.1692954,
0,
0,
3.253543e-11,
0,
0.7643031,
8.096526e-11,
0.0285158,
0.02301165,
0,
0,
3.621571e-22,
0,
0,
1.302306e-34,
0.01486999,
3.909298e-06,
0,
3.25773e-08,
3.168452e-10,
0,
0,
1.892941e-21,
6.626252e-21,
0,
0.9297135,
0,
0,
6.524443e-21,
0,
0.06993583,
4.300227e-16,
0.0002119729,
0.0001202566,
0,
0,
1.174775e-37,
0,
0,
0,
1.841086e-05,
3.081438e-12,
0,
2.260081e-13,
7.545859e-18,
0,
0,
1.242135e-39,
3.476354e-39,
0,
0.9925216,
0,
0,
1.471549e-29,
0,
0.007462125,
2.238349e-28,
2.818234e-06,
1.240719e-06,
0,
0,
0,
0,
0,
0,
5.852886e-08,
2.39159e-17,
0,
8.628548e-22,
6.595234e-27,
0,
0,
0,
0,
1.212485e-05,
0.9995816,
0,
0,
1.381135e-39,
0,
0.0004183632,
6.750539e-37,
1.155049e-08,
3.697119e-09,
0,
0,
0,
0,
0,
0,
4.812621e-11,
1.309186e-23,
0,
1.078149e-28,
1.002216e-35,
0,
0,
0,
0,
0,
0.08270052,
0,
0,
3.136735e-11,
0,
0.822202,
1.789364e-15,
0.03890415,
0.03284588,
0,
0,
2.570265e-25,
0,
0,
1.572085e-32,
0.02333688,
1.05199e-05,
0,
1.737245e-10,
1.896069e-11,
0,
0,
1.208703e-20,
1.600737e-19,
0,
0.1652223,
0,
0,
7.785539e-12,
0,
0.7640195,
2.418426e-17,
0.03083106,
0.02510548,
0,
0,
9.929884e-28,
0,
0,
1.386478e-34,
0.01481781,
3.823088e-06,
0,
1.193372e-11,
1.563096e-12,
0,
0,
3.866482e-22,
7.615023e-21,
0,
0.8796872,
0,
0,
1.964671e-19,
0,
0.1192266,
9.253765e-19,
0.0006314593,
0.0003834565,
0,
0,
9.696141e-38,
0,
0,
0,
7.134421e-05,
5.126703e-11,
0,
2.763276e-14,
1.286834e-17,
0,
0,
2.299824e-36,
1.653605e-35,
0,
0.653744,
0,
0,
2.077378e-15,
0,
0.335045,
1.259948e-21,
0.005808058,
0.004086756,
0,
0,
2.854293e-35,
0,
0,
4.203895e-45,
0.001316187,
2.721168e-08,
0,
9.465958e-15,
4.746635e-16,
0,
0,
9.600225e-29,
3.315121e-27,
0,
1974, 
0.1811674,
0,
0,
6.917642e-12,
0,
0.745847,
1.81102e-20,
0.03112719,
0.02554474,
0,
0,
3.404037e-30,
0,
0,
5.596653e-34,
0.01630841,
5.211749e-06,
0,
3.292055e-13,
1.925913e-13,
0,
0,
5.303644e-22,
2.798073e-20,
0,
0.5515186,
0,
0,
2.243847e-14,
0,
0.406865,
0.01898984,
0.01111629,
0.00834127,
0,
0,
1.84462e-16,
0,
0,
2.551232e-40,
0.002958733,
1.865336e-07,
0,
0.0002101618,
1.512582e-08,
0,
0,
1.158574e-23,
1.911422e-24,
0,
0.8285188,
0,
0,
8.13571e-18,
0,
0.168808,
2.480575e-22,
0.001496251,
0.0009688699,
0,
0,
9.770181e-39,
0,
0,
0,
0.0002080193,
5.711542e-10,
0,
9.586109e-16,
7.709055e-18,
0,
0,
1.682001e-33,
4.113977e-32,
0,
0.7103476,
0,
0,
1.990169e-15,
0,
0.2817942,
1.564233e-17,
0.004145307,
0.002865744,
0,
0,
3.407059e-32,
0,
0,
0,
0.0008471708,
1.187566e-08,
0,
9.70942e-13,
6.251289e-15,
0,
0,
3.765181e-29,
3.977285e-28,
0,
0.3061284,
0,
0,
4.290781e-13,
0,
0.6086414,
0.049901,
0.01640628,
0.01250589,
0,
0,
7.665488e-16,
0,
0,
8.818472e-39,
0.005899431,
4.689166e-07,
0,
0.0005170385,
4.706061e-08,
0,
0,
6.941034e-23,
1.385987e-23,
0,
0.8947552,
0,
0,
4.79872e-20,
0,
0.1043017,
2.645361e-25,
0.0005524135,
0.0003356177,
0,
0,
1.639519e-43,
0,
0,
0,
5.511961e-05,
3.435538e-11,
0,
8.929598e-18,
4.92819e-20,
0,
0,
2.280708e-37,
9.045292e-36,
0,
0.9998131,
0,
0,
2.728328e-42,
0,
0.0001869351,
0,
2.804025e-09,
8.333019e-10,
0,
0,
0,
0,
0,
0,
7.226021e-12,
3.16852e-25,
0,
1.653777e-34,
1.154432e-40,
0,
0,
0,
0,
0,
0.8740389,
0,
0,
2.557683e-19,
0,
0.1246365,
6.360709e-25,
0.0007651826,
0.0004741429,
0,
0,
1.724998e-42,
0,
0,
0,
8.521326e-05,
8.584727e-11,
0,
2.017323e-17,
1.587538e-19,
0,
0,
3.410421e-36,
1.376601e-34,
0,
0.8667449,
0,
0,
5.463437e-19,
0,
0.1317723,
8.583484e-22,
0.0008527143,
0.0005319355,
0,
0,
1.696368e-39,
0,
0,
0,
9.81484e-05,
1.156675e-10,
0,
9.961567e-16,
2.64886e-18,
0,
0,
1.971372e-35,
3.367891e-34,
0,
0.1733286,
0,
0,
3.633433e-12,
0,
0.7561826,
9.521707e-21,
0.0305622,
0.02492704,
0,
0,
1.393444e-30,
0,
0,
1.81846e-34,
0.01499556,
4.087221e-06,
0,
2.115115e-13,
1.208146e-13,
0,
0,
2.59784e-22,
1.395591e-20,
0,
0.1647295,
0,
0,
5.188683e-13,
0,
0.7291945,
0.05384701,
0.02223595,
0.0175775,
0,
0,
1.350563e-15,
0,
0,
2.406293e-36,
0.009986911,
9.361574e-07,
0,
0.000614839,
6.431841e-08,
0,
0,
1.588314e-22,
2.517736e-22,
0.001812796,
0.2703151,
0,
0,
4.236423e-12,
0,
0.6762463,
1.918188e-12,
0.02218228,
0.01738685,
0,
0,
3.946997e-24,
0,
0,
2.456744e-36,
0.009475159,
1.537195e-06,
0,
3.190541e-09,
3.826521e-11,
0,
0,
1.338537e-22,
6.422185e-22,
0.004392761,
0.1002383,
0,
0,
9.839873e-11,
0,
0.8247797,
4.216925e-10,
0.0311339,
0.02556514,
0,
0,
3.754126e-21,
0,
0,
1.817959e-33,
0.01827707,
5.808766e-06,
0,
9.591224e-08,
9.298765e-10,
0,
0,
1.002153e-20,
3.061171e-20,
0,
0.7443406,
0,
0,
4.003791e-16,
0,
0.2310099,
1.242777e-17,
0.002745592,
0.001848287,
0,
0,
3.309251e-33,
0,
0,
0,
0.0004998348,
3.818166e-09,
0,
5.619726e-13,
1.986216e-15,
0,
0,
1.282424e-30,
1.233359e-29,
0.01955578,
0.8627309,
0,
0,
1.09383e-18,
0,
0.1243881,
4.822902e-20,
0.0007703786,
0.0004778668,
0,
0,
3.780757e-38,
0,
0,
0,
9.244787e-05,
1.032906e-10,
0,
8.033615e-15,
9.988352e-18,
0,
0,
2.006577e-35,
2.208618e-34,
0.01154028,
0.8557431,
0,
0,
1.277252e-18,
0,
0.1312915,
2.023805e-21,
0.0008635338,
0.0005395694,
0,
0,
4.05245e-39,
0,
0,
0,
0.0001046789,
1.341401e-10,
0,
1.672268e-15,
4.17315e-18,
0,
0,
3.070624e-35,
5.039118e-34,
0.01145772,
1,
0,
0,
0,
0,
2.979554e-14,
0,
5.74719e-28,
1.414336e-29,
0,
0,
0,
0,
0,
0,
1.65214e-36,
0,
0,
0,
0,
0,
0,
0,
0,
0,
0.8687778,
0,
0,
1.686879e-18,
0,
0.1297624,
6.077e-17,
0.0008324828,
0.0005186219,
0,
0,
2.838239e-35,
0,
0,
0,
0.0001087087,
1.441234e-10,
0,
3.712013e-13,
1.565934e-16,
0,
0,
9.510579e-35,
5.28257e-34,
0,
0.1800787,
0,
0,
3.253543e-11,
0,
0.7575855,
8.096527e-11,
0.02697783,
0.02166917,
0,
0,
3.621571e-22,
0,
0,
1.302307e-34,
0.01368541,
3.420636e-06,
0,
3.25773e-08,
3.168453e-10,
0,
0,
1.892941e-21,
6.626252e-21,
0,
0.9379169,
0,
0,
6.524443e-21,
0,
0.06177624,
4.300227e-16,
0.000185507,
0.0001052246,
0,
0,
1.174775e-37,
0,
0,
0,
1.610951e-05,
2.696259e-12,
0,
2.260081e-13,
7.545859e-18,
0,
0,
1.242135e-39,
3.476354e-39,
0,
0.9934424,
0,
0,
1.47155e-29,
0,
0.006541542,
2.238349e-28,
2.465956e-06,
1.08563e-06,
0,
0,
0,
0,
0,
0,
5.121276e-08,
2.092642e-17,
0,
8.62855e-22,
6.595235e-27,
0,
0,
0,
0,
1.243849e-05,
0.9996339,
0,
0,
1.381135e-39,
0,
0.0003660678,
6.750539e-37,
1.010668e-08,
3.234979e-09,
0,
0,
0,
0,
0,
0,
4.211044e-11,
1.145538e-23,
0,
1.078149e-28,
1.002216e-35,
0,
0,
0,
0,
0,
0.09159505,
0,
0,
3.136735e-11,
0,
0.8169931,
1.789363e-15,
0.03769372,
0.03168238,
0,
0,
2.570265e-25,
0,
0,
1.572085e-32,
0.02202626,
9.523984e-06,
0,
1.737245e-10,
1.896068e-11,
0,
0,
1.208703e-20,
1.600737e-19,
0,
0.1868786,
0,
0,
7.785539e-12,
0,
0.7466213,
2.418426e-17,
0.02920363,
0.02366075,
0,
0,
9.929884e-28,
0,
0,
1.386478e-34,
0.01363244,
3.345202e-06,
0,
1.193372e-11,
1.563096e-12,
0,
0,
3.866482e-22,
7.615023e-21,
0,
0.8941377,
0,
0,
1.964671e-19,
0,
0.1049118,
9.253765e-19,
0.0005525639,
0.0003355244,
0,
0,
9.696141e-38,
0,
0,
0,
6.242618e-05,
4.485865e-11,
0,
2.763276e-14,
1.286834e-17,
0,
0,
2.299824e-36,
1.653605e-35,
0,
0.6864797,
0,
0,
2.077378e-15,
0,
0.303659,
1.259948e-21,
0.005113694,
0.003593848,
0,
0,
2.854293e-35,
0,
0,
4.203895e-45,
0.001153778,
2.381022e-08,
0,
9.465958e-15,
4.746635e-16,
0,
0,
9.600225e-29,
3.315121e-27,
0,
1975, 
0.2212974,
0,
0,
6.917643e-12,
0,
0.7122953,
1.81102e-20,
0.02855548,
0.02329997,
0,
0,
3.404037e-30,
0,
0,
5.596654e-34,
0.01454741,
4.467214e-06,
0,
3.292055e-13,
1.925913e-13,
0,
0,
5.303644e-22,
2.798073e-20,
0,
0.6080546,
0,
0,
2.243847e-14,
0,
0.3535984,
0.01898984,
0.009497903,
0.007124054,
0,
0,
1.84462e-16,
0,
0,
2.551232e-40,
0.002524866,
1.591344e-07,
0,
0.0002101618,
1.512582e-08,
0,
0,
1.158574e-23,
1.911422e-24,
0,
0.8520939,
0,
0,
8.13571e-18,
0,
0.1456144,
2.480575e-22,
0.001282782,
0.0008305885,
0,
0,
9.770181e-39,
0,
0,
0,
0.0001783023,
4.895608e-10,
0,
9.586109e-16,
7.709055e-18,
0,
0,
1.682001e-33,
4.113977e-32,
0,
0.7434124,
0,
0,
1.990169e-15,
0,
0.2498176,
1.564233e-17,
0.003574142,
0.002468138,
0,
0,
3.407059e-32,
0,
0,
0,
0.000727751,
1.017914e-08,
0,
9.70942e-13,
6.251289e-15,
0,
0,
3.765181e-29,
3.977285e-28,
0,
0.3326526,
0,
0,
4.290781e-13,
0,
0.5859404,
0.04823323,
0.01545798,
0.01174298,
0,
0,
7.409294e-16,
0,
0,
8.818472e-39,
0.005472676,
3.981057e-07,
0,
0.0004997581,
4.548777e-08,
0,
0,
6.709053e-23,
1.385987e-23,
0,
0.9095963,
0,
0,
4.79872e-20,
0,
0.08959533,
2.645361e-25,
0.0004734973,
0.0002876723,
0,
0,
1.639519e-43,
0,
0,
0,
4.724538e-05,
2.944747e-11,
0,
8.929598e-18,
4.92819e-20,
0,
0,
2.280708e-37,
9.045292e-36,
0,
0.9998398,
0,
0,
2.728328e-42,
0,
0.0001602301,
0,
2.40345e-09,
7.142588e-10,
0,
0,
0,
0,
0,
0,
6.193732e-12,
2.715875e-25,
0,
1.653777e-34,
1.154432e-40,
0,
0,
0,
0,
0,
0.8907687,
0,
0,
2.557683e-19,
0,
0.1080953,
6.360709e-25,
0.0006564042,
0.0004065488,
0,
0,
1.724998e-42,
0,
0,
0,
7.303993e-05,
7.358337e-11,
0,
2.017323e-17,
1.587538e-19,
0,
0,
3.410421e-36,
1.376601e-34,
0,
0.8845344,
0,
0,
5.463437e-19,
0,
0.1141939,
8.583484e-22,
0.0007314886,
0.0004561517,
0,
0,
1.696368e-39,
0,
0,
0,
8.41272e-05,
9.914357e-11,
0,
9.961567e-16,
2.64886e-18,
0,
0,
1.971372e-35,
3.367891e-34,
0,
0.2069644,
0,
0,
3.633433e-12,
0,
0.7279172,
9.521707e-21,
0.02845073,
0.02308116,
0,
0,
1.393444e-30,
0,
0,
1.81846e-34,
0.01358304,
3.503332e-06,
0,
2.115115e-13,
1.208146e-13,
0,
0,
2.59784e-22,
1.395591e-20,
0,
0.1936676,
0,
0,
5.188683e-13,
0,
0.7024047,
0.05384701,
0.02142377,
0.01687669,
0,
0,
1.350563e-15,
0,
0,
2.406293e-36,
0.009397212,
7.925542e-07,
0,
0.000614839,
6.431841e-08,
0,
0,
1.588314e-22,
2.517736e-22,
0.001767398,
0.3009107,
0,
0,
4.236423e-12,
0,
0.6493644,
1.918188e-12,
0.02064703,
0.01611247,
0,
0,
3.946997e-24,
0,
0,
2.456743e-36,
0.008633669,
1.316351e-06,
0,
3.190541e-09,
3.826521e-11,
0,
0,
1.338537e-22,
6.422185e-22,
0.004330391,
0.1038607,
0,
0,
9.839874e-11,
0,
0.824302,
4.216926e-10,
0.02989938,
0.02449862,
0,
0,
3.754126e-21,
0,
0,
1.817959e-33,
0.01743402,
5.17591e-06,
0,
9.591225e-08,
9.298766e-10,
0,
0,
1.002153e-20,
3.061171e-20,
0,
0.7729837,
0,
0,
4.003791e-16,
0,
0.2037145,
1.242777e-17,
0.002363955,
0.001590008,
0,
0,
3.309251e-33,
0,
0,
0,
0.0004291739,
3.273613e-09,
0,
5.619725e-13,
1.986216e-15,
0,
0,
1.282424e-30,
1.233358e-29,
0.01891859,
0.8801755,
0,
0,
1.09383e-18,
0,
0.1076262,
4.822903e-20,
0.0006607822,
0.0004098348,
0,
0,
3.780757e-38,
0,
0,
0,
7.925904e-05,
8.855494e-11,
0,
8.033615e-15,
9.988352e-18,
0,
0,
2.006577e-35,
2.208618e-34,
0.0110485,
0.8733834,
0,
0,
1.277252e-18,
0,
0.1142902,
2.023805e-21,
0.0007412796,
0.0004630284,
0,
0,
4.05245e-39,
0,
0,
0,
8.974482e-05,
1.15003e-10,
0,
1.672268e-15,
4.17315e-18,
0,
0,
3.070624e-35,
5.039118e-34,
0.0110324,
1,
0,
0,
0,
0,
2.553904e-14,
0,
4.926163e-28,
1.212288e-29,
0,
0,
0,
0,
0,
0,
1.41612e-36,
0,
0,
0,
0,
0,
0,
0,
0,
0,
0.886462,
0,
0,
1.686879e-18,
0,
0.1122861,
6.077e-17,
0.0007140038,
0.0004446922,
0,
0,
2.838239e-35,
0,
0,
0,
9.317888e-05,
1.235344e-10,
0,
3.712013e-13,
1.565934e-16,
0,
0,
9.51058e-35,
5.28257e-34,
0,
0.202309,
0,
0,
3.253543e-11,
0,
0.7398395,
8.096526e-11,
0.02523893,
0.02017714,
0,
0,
3.621571e-22,
0,
0,
1.302306e-34,
0.01243246,
2.931973e-06,
0,
3.25773e-08,
3.168452e-10,
0,
0,
1.892941e-21,
6.626252e-21,
0,
0.9463863,
0,
0,
6.524443e-21,
0,
0.05335071,
4.300227e-16,
0.0001590411,
9.019249e-05,
0,
0,
1.174775e-37,
0,
0,
0,
1.380815e-05,
2.311079e-12,
0,
2.260081e-13,
7.545859e-18,
0,
0,
1.242135e-39,
3.476354e-39,
0,
0.9943643,
0,
0,
1.471549e-29,
0,
0.005614026,
2.238349e-28,
2.113677e-06,
9.305398e-07,
0,
0,
0,
0,
0,
0,
4.389665e-08,
1.793693e-17,
0,
8.628548e-22,
6.595234e-27,
0,
0,
0,
0,
1.862375e-05,
0.9996862,
0,
0,
1.381135e-39,
0,
0.0003137724,
6.750539e-37,
8.662866e-09,
2.772839e-09,
0,
0,
0,
0,
0,
0,
3.609466e-11,
9.818896e-24,
0,
1.078149e-28,
1.002216e-35,
0,
0,
0,
0,
0,
0.1090367,
0,
0,
3.136735e-11,
0,
0.8040369,
1.789364e-15,
0.03613773,
0.03023596,
0,
0,
2.570265e-25,
0,
0,
1.572085e-32,
0.02054427,
8.484461e-06,
0,
1.737245e-10,
1.896069e-11,
0,
0,
1.208704e-20,
1.600737e-19,
0,
0.2209637,
0,
0,
7.785539e-12,
0,
0.7176374,
2.418426e-17,
0.02717818,
0.02190687,
0,
0,
9.929884e-28,
0,
0,
1.386478e-34,
0.01231094,
2.867316e-06,
0,
1.193372e-11,
1.563096e-12,
0,
0,
3.866482e-22,
7.615023e-21,
0,
0.9088848,
0,
0,
1.964671e-19,
0,
0.09030038,
9.253765e-19,
0.0004736684,
0.0002875924,
0,
0,
9.696141e-38,
0,
0,
0,
5.350816e-05,
3.845027e-11,
0,
2.763276e-14,
1.286833e-17,
0,
0,
2.299824e-36,
1.653605e-35,
0,
0.7236082,
0,
0,
2.077378e-15,
0,
0.2679092,
1.259948e-21,
0.004401721,
0.003090804,
0,
0,
2.854293e-35,
0,
0,
4.203895e-45,
0.0009901004,
2.040876e-08,
0,
9.465959e-15,
4.746635e-16,
0,
0,
9.600225e-29,
3.315121e-27,
0,
1976, 
0.2795167,
0,
0,
6.288766e-12,
0,
0.6626439,
1.646382e-20,
0.02509583,
0.02034505,
0,
0,
3.094579e-30,
0,
0,
5.087866e-34,
0.0123949,
3.654993e-06,
0,
2.992777e-13,
1.75083e-13,
0,
0,
4.821495e-22,
2.543703e-20,
0,
0.6723257,
0,
0,
2.03986e-14,
0,
0.2945871,
0.01726349,
0.00775765,
0.005815872,
0,
0,
1.676927e-16,
0,
0,
2.319303e-40,
0.00205901,
1.297226e-07,
0,
0.0001910562,
1.375074e-08,
0,
0,
1.053249e-23,
1.737656e-24,
0,
0.8781007,
0,
0,
7.3961e-18,
0,
0.1200238,
2.255068e-22,
0.001049907,
0.0006797361,
0,
0,
8.881983e-39,
0,
0,
0,
0.0001458837,
4.005497e-10,
0,
8.714644e-16,
7.008232e-18,
0,
0,
1.529092e-33,
3.739979e-32,
0,
0.7820562,
0,
0,
1.809244e-15,
0,
0.2123711,
1.42203e-17,
0.002944816,
0.002030971,
0,
0,
3.097326e-32,
0,
0,
0,
0.0005969582,
8.328388e-09,
0,
8.826745e-13,
5.682991e-15,
0,
0,
3.422892e-29,
3.615714e-28,
0,
0.3756998,
0,
0,
3.90071e-13,
0,
0.5515207,
0.04293869,
0.01397318,
0.01056839,
0,
0,
6.59598e-16,
0,
0,
8.016793e-39,
0.004853926,
3.232901e-07,
0,
0.0004448999,
4.04946e-08,
0,
0,
5.972604e-23,
1.259988e-23,
0,
0.9258332,
0,
0,
4.362472e-20,
0,
0.07350537,
2.404873e-25,
0.0003874068,
0.0002353683,
0,
0,
1.485376e-43,
0,
0,
0,
3.865531e-05,
2.409338e-11,
0,
8.117817e-18,
4.480173e-20,
0,
0,
2.073371e-37,
8.222993e-36,
0,
0.9998689,
0,
0,
2.480298e-42,
0,
0.0001310973,
0,
1.966459e-09,
5.843935e-10,
0,
0,
0,
0,
0,
0,
5.067599e-12,
2.222079e-25,
0,
1.503433e-34,
1.049488e-40,
0,
0,
0,
0,
0,
0.9094529,
0,
0,
2.325167e-19,
0,
0.08961708,
5.782464e-25,
0.000537489,
0.0003328099,
0,
0,
1.568053e-42,
0,
0,
0,
5.975995e-05,
6.020458e-11,
0,
1.83393e-17,
1.443217e-19,
0,
0,
3.100383e-36,
1.251456e-34,
0,
0.9043256,
0,
0,
4.966762e-19,
0,
0.09463298,
7.803167e-22,
0.0005990791,
0.0003734786,
0,
0,
1.542153e-39,
0,
0,
0,
6.883134e-05,
8.111747e-11,
0,
9.05597e-16,
2.408054e-18,
0,
0,
1.792156e-35,
3.061719e-34,
0,
0.2586556,
0,
0,
3.30312e-12,
0,
0.6836599,
8.656096e-21,
0.02541967,
0.02049439,
0,
0,
1.266767e-30,
0,
0,
1.653145e-34,
0.01176758,
2.866363e-06,
0,
1.922831e-13,
1.098314e-13,
0,
0,
2.361673e-22,
1.268719e-20,
0,
0.2394563,
0,
0,
4.716985e-13,
0,
0.6650736,
0.04895183,
0.02006784,
0.01574161,
0,
0,
1.227784e-15,
0,
0,
2.187539e-36,
0.008566006,
6.421747e-07,
0,
0.0005589445,
5.847128e-08,
0,
0,
1.443922e-22,
2.288851e-22,
0.00158315,
0.347479,
0,
0,
3.851294e-12,
0,
0.6083815,
1.743807e-12,
0.01841635,
0.0142953,
0,
0,
3.588179e-24,
0,
0,
2.233403e-36,
0.007515948,
1.076223e-06,
0,
2.900492e-09,
3.478655e-11,
0,
0,
1.216852e-22,
5.838349e-22,
0.003910935,
0.117555,
0,
0,
8.94534e-11,
0,
0.814379,
3.833568e-10,
0.02839433,
0.02321775,
0,
0,
3.412842e-21,
0,
0,
1.65269e-33,
0.01644935,
4.505912e-06,
0,
8.719294e-08,
8.453423e-10,
0,
0,
9.110481e-21,
2.782883e-20,
0,
0.8049362,
0,
0,
3.63981e-16,
0,
0.1721162,
1.129798e-17,
0.00194409,
0.00130633,
0,
0,
3.008411e-33,
0,
0,
0,
0.0003517995,
2.678983e-09,
0,
5.108842e-13,
1.805651e-15,
0,
0,
1.16584e-30,
1.121235e-29,
0.0193454,
0.8988532,
0,
0,
9.943905e-19,
0,
0.0890212,
4.384457e-20,
0.0005411273,
0.0003355588,
0,
0,
3.437052e-38,
0,
0,
0,
6.485977e-05,
7.246685e-11,
0,
7.303286e-15,
9.080321e-18,
0,
0,
1.824161e-35,
2.007834e-34,
0.01118405,
0.8925569,
0,
0,
1.161139e-18,
0,
0.0952321,
1.839823e-21,
0.0006074449,
0.000379293,
0,
0,
3.684046e-39,
0,
0,
0,
7.344036e-05,
9.410973e-11,
0,
1.520244e-15,
3.793772e-18,
0,
0,
2.791476e-35,
4.581016e-34,
0.01115082,
1,
0,
0,
0,
0,
2.089557e-14,
0,
4.030497e-28,
9.918721e-30,
0,
0,
0,
0,
0,
0,
1.158644e-36,
0,
0,
0,
0,
0,
0,
0,
0,
0,
0.9060925,
0,
0,
1.533527e-18,
0,
0.09288256,
5.524545e-17,
0.0005846407,
0.0003640415,
0,
0,
2.580217e-35,
0,
0,
0,
7.623727e-05,
1.010736e-10,
0,
3.374557e-13,
1.423576e-16,
0,
0,
8.645981e-35,
4.802337e-34,
0,
0.2387356,
0,
0,
2.957766e-11,
0,
0.7088092,
7.360478e-11,
0.02309814,
0.01836897,
0,
0,
3.292337e-22,
0,
0,
1.183915e-34,
0.01098562,
2.398887e-06,
0,
2.961572e-08,
2.880411e-10,
0,
0,
1.720855e-21,
6.023865e-21,
0,
0.9557646,
0,
0,
5.931312e-21,
0,
0.04402012,
3.909297e-16,
0.0001301693,
7.379385e-05,
0,
0,
1.067977e-37,
0,
0,
0,
1.129758e-05,
1.890883e-12,
0,
2.054619e-13,
6.859872e-18,
0,
0,
1.129214e-39,
3.160322e-39,
0,
0.9953712,
0,
0,
1.337772e-29,
0,
0.004600435,
2.034863e-28,
1.729372e-06,
7.613509e-07,
0,
0,
0,
0,
0,
0,
3.591545e-08,
1.467567e-17,
0,
7.844135e-22,
5.995668e-27,
0,
0,
0,
0,
2.590098e-05,
0.9997433,
0,
0,
1.255577e-39,
0,
0.0002567229,
6.136854e-37,
7.0878e-09,
2.268686e-09,
0,
0,
0,
0,
0,
0,
2.953199e-11,
8.033643e-24,
0,
9.801356e-29,
9.111056e-36,
0,
0,
0,
0,
0,
0.1402769,
0,
0,
2.851577e-11,
0,
0.7788088,
1.626694e-15,
0.03395367,
0.02826094,
0,
0,
2.336605e-25,
0,
0,
1.429168e-32,
0.01869244,
7.293545e-06,
0,
1.579314e-10,
1.723699e-11,
0,
0,
1.098821e-20,
1.455215e-19,
0,
0.2727181,
0,
0,
7.077762e-12,
0,
0.6729671,
2.198569e-17,
0.02425173,
0.01943151,
0,
0,
9.027167e-28,
0,
0,
1.260434e-34,
0.01062923,
2.345986e-06,
0,
1.084884e-11,
1.420997e-12,
0,
0,
3.514983e-22,
6.922748e-21,
0,
0.9250837,
0,
0,
1.786065e-19,
0,
0.0742496,
8.412513e-19,
0.0003876007,
0.0002353028,
0,
0,
8.814673e-38,
0,
0,
0,
4.37794e-05,
3.145931e-11,
0,
2.512069e-14,
1.169849e-17,
0,
0,
2.09075e-36,
1.503277e-35,
0,
0.7665167,
0,
0,
1.888525e-15,
0,
0.2265127,
1.145408e-21,
0.003619981,
0.002539316,
0,
0,
2.594812e-35,
0,
0,
4.203895e-45,
0.000811305,
1.669808e-08,
0,
8.605417e-15,
4.315123e-16,
0,
0,
8.727476e-29,
3.013746e-27,
0,
1977, 
0.3553013,
0,
0,
5.659889e-12,
0,
0.5962865,
1.481744e-20,
0.02121192,
0.01707515,
0,
0,
2.785121e-30,
0,
0,
4.57908e-34,
0.01012229,
2.842773e-06,
0,
2.693499e-13,
1.575747e-13,
0,
0,
4.339345e-22,
2.289332e-20,
0,
0.7381861,
0,
0,
1.835874e-14,
0,
0.2339923,
0.01553714,
0.006013841,
0.004505627,
0,
0,
1.509234e-16,
0,
0,
2.087374e-40,
0.001592976,
1.003108e-07,
0,
0.0001719506,
1.237567e-08,
0,
0,
9.479237e-24,
1.56389e-24,
0,
0.9043194,
0,
0,
6.65649e-18,
0,
0.09422135,
2.029561e-22,
0.0008169535,
0.0005288477,
0,
0,
7.993786e-39,
0,
0,
0,
0.0001134651,
3.115387e-10,
0,
7.84318e-16,
6.307409e-18,
0,
0,
1.376183e-33,
3.365981e-32,
0,
0.8226474,
0,
0,
1.62832e-15,
0,
0.1729849,
1.279827e-17,
0.0023107,
0.00159112,
0,
0,
2.787593e-32,
0,
0,
0,
0.0004658748,
6.477635e-09,
0,
7.944071e-13,
5.114692e-15,
0,
0,
3.080603e-29,
3.254142e-28,
0,
0.4319739,
0,
0,
3.510639e-13,
0,
0.5026965,
0.03946434,
0.01216764,
0.009158996,
0,
0,
5.782666e-16,
0,
0,
7.215115e-39,
0.004141704,
2.484746e-07,
0,
0.0003966514,
3.550143e-08,
0,
0,
5.236155e-23,
1.133989e-23,
0,
0.9421121,
0,
0,
3.926225e-20,
0,
0.05737346,
2.164386e-25,
0.0003013164,
0.0001830642,
0,
0,
1.331234e-43,
0,
0,
0,
3.006525e-05,
1.87393e-11,
0,
7.306035e-18,
4.032156e-20,
0,
0,
1.866034e-37,
7.400693e-36,
0,
0.999898,
0,
0,
2.232268e-42,
0,
0.0001019646,
0,
1.529468e-09,
4.545282e-10,
0,
0,
0,
0,
0,
0,
3.941466e-12,
1.728284e-25,
0,
1.35309e-34,
9.445452e-41,
0,
0,
0,
0,
0,
0.9284101,
0,
0,
2.09265e-19,
0,
0.07086587,
5.204217e-25,
0.0004185248,
0.0002590488,
0,
0,
1.411108e-42,
0,
0,
0,
4.647996e-05,
4.682578e-11,
0,
1.650537e-17,
1.298895e-19,
0,
0,
2.790344e-36,
1.12631e-34,
0,
0.924436,
0,
0,
4.470085e-19,
0,
0.07475314,
7.022851e-22,
0.0004665439,
0.0002907455,
0,
0,
1.387937e-39,
0,
0,
0,
5.353548e-05,
6.309136e-11,
0,
8.150373e-16,
2.167249e-18,
0,
0,
1.61294e-35,
2.755547e-34,
0,
0.3305908,
0,
0,
2.972808e-12,
0,
0.6203828,
7.790486e-21,
0.0217993,
0.01745934,
0,
0,
1.14009e-30,
0,
0,
1.487831e-34,
0.009765569,
2.229393e-06,
0,
1.730548e-13,
9.884829e-14,
0,
0,
2.125506e-22,
1.141847e-20,
0,
0.3047274,
0,
0,
4.245287e-13,
0,
0.6098392,
0.04405665,
0.01797802,
0.01403523,
0,
0,
1.105006e-15,
0,
0,
1.968785e-36,
0.007456717,
4.917953e-07,
0,
0.0005030501,
5.262416e-08,
0,
0,
1.29953e-22,
2.059966e-22,
0.00140314,
0.4077164,
0,
0,
3.466164e-12,
0,
0.5543751,
1.569426e-12,
0.01586472,
0.01224164,
0,
0,
3.229361e-24,
0,
0,
2.010063e-36,
0.006300073,
8.36095e-07,
0,
2.610443e-09,
3.13079e-11,
0,
0,
1.095167e-22,
5.254515e-22,
0.003501194,
0.1489039,
0,
0,
8.050805e-11,
0,
0.7875734,
3.450211e-10,
0.02656728,
0.02167805,
0,
0,
3.071557e-21,
0,
0,
1.487421e-33,
0.01527346,
3.818677e-06,
0,
7.847365e-08,
7.60808e-10,
0,
0,
8.199433e-21,
2.504594e-20,
0,
0.8389896,
0,
0,
3.275829e-16,
0,
0.1391693,
1.016818e-17,
0.001522135,
0.001021548,
0,
0,
2.707569e-33,
0,
0,
0,
0.0002743326,
2.084353e-09,
0,
4.597957e-13,
1.625086e-15,
0,
0,
1.049256e-30,
1.009112e-29,
0.01902316,
0.918219,
0,
0,
8.949515e-19,
0,
0.07018165,
3.946011e-20,
0.0004213913,
0.0002612452,
0,
0,
3.093347e-38,
0,
0,
0,
5.04605e-05,
5.637877e-11,
0,
6.572957e-15,
8.17229e-18,
0,
0,
1.641745e-35,
1.807051e-34,
0.01086629,
0.9125183,
0,
0,
1.045025e-18,
0,
0.07582857,
1.655841e-21,
0.0004734322,
0.000295418,
0,
0,
3.315642e-39,
0,
0,
0,
5.71359e-05,
7.321648e-11,
0,
1.368219e-15,
3.414395e-18,
0,
0,
2.512328e-35,
4.122914e-34,
0.01082718,
1,
0,
0,
0,
0,
1.625211e-14,
0,
3.134831e-28,
7.71456e-30,
0,
0,
0,
0,
0,
0,
9.011675e-37,
0,
0,
0,
0,
0,
0,
0,
0,
0,
0.9259788,
0,
0,
1.380174e-18,
0,
0.0732234,
4.972091e-17,
0.0004551761,
0.0002833431,
0,
0,
2.322196e-35,
0,
0,
0,
5.929565e-05,
7.861278e-11,
0,
3.037102e-13,
1.281218e-16,
0,
0,
7.781383e-35,
4.322103e-34,
0,
0.2903396,
0,
0,
2.66199e-11,
0,
0.66314,
6.62443e-11,
0.02069142,
0.01636346,
0,
0,
2.963104e-22,
0,
0,
1.065524e-34,
0.009463564,
1.865801e-06,
0,
2.665415e-08,
2.59237e-10,
0,
0,
1.54877e-21,
5.421479e-21,
0,
0.9652326,
0,
0,
5.33818e-21,
0,
0.03459996,
3.518367e-16,
0.0001012856,
5.739522e-05,
0,
0,
9.611793e-38,
0,
0,
0,
8.787003e-06,
1.470686e-12,
0,
1.849157e-13,
6.173885e-18,
0,
0,
1.016293e-39,
2.84429e-39,
0,
0.9963883,
0,
0,
1.203995e-29,
0,
0.003585173,
1.831376e-28,
1.345068e-06,
5.921619e-07,
0,
0,
0,
0,
0,
0,
2.793424e-08,
1.141441e-17,
0,
7.059722e-22,
5.396101e-27,
0,
0,
0,
0,
2.457966e-05,
0.9998003,
0,
0,
1.13002e-39,
0,
0.0001996734,
5.523169e-37,
5.512734e-09,
1.764534e-09,
0,
0,
0,
0,
0,
0,
2.296933e-11,
6.248389e-24,
0,
8.821221e-29,
8.199951e-36,
0,
0,
0,
0,
0,
0.1883079,
0,
0,
2.56642e-11,
0,
0.7377127,
1.464025e-15,
0.03135024,
0.02595269,
0,
0,
2.102944e-25,
0,
0,
1.286251e-32,
0.0166704,
6.070082e-06,
0,
1.421382e-10,
1.551329e-11,
0,
0,
9.889392e-21,
1.309694e-19,
0,
0.3458576,
0,
0,
6.369986e-12,
0,
0.608121,
1.978712e-17,
0.02073291,
0.01650849,
0,
0,
8.12445e-28,
0,
0,
1.134391e-34,
0.008778141,
1.824656e-06,
0,
9.763953e-12,
1.278897e-12,
0,
0,
3.163485e-22,
6.230473e-21,
0,
0.9413728,
0,
0,
1.607458e-19,
0,
0.0581086,
7.571261e-19,
0.0003015173,
0.0001830133,
0,
0,
7.933206e-38,
0,
0,
0,
3.405064e-05,
2.446835e-11,
0,
2.260862e-14,
1.052864e-17,
0,
0,
1.881674e-36,
1.352949e-35,
0,
0.8112829,
0,
0,
1.699672e-15,
0,
0.1832653,
1.030867e-21,
0.002834072,
0.001985501,
0,
0,
2.33533e-35,
0,
0,
4.203895e-45,
0.0006322837,
1.298739e-08,
0,
7.744875e-15,
3.883611e-16,
0,
0,
7.854729e-29,
2.712371e-27,
0,
1978, 
0.4457442,
0,
0,
5.031012e-12,
0,
0.5159799,
1.317106e-20,
0.01697722,
0.01354584,
0,
0,
2.475664e-30,
0,
0,
4.070293e-34,
0.007750868,
2.030552e-06,
0,
2.394222e-13,
1.400664e-13,
0,
0,
3.857196e-22,
2.034962e-20,
0,
0.8049738,
0,
0,
1.631889e-14,
0,
0.1724741,
0.01381079,
0.004267548,
0.003194063,
0,
0,
1.341542e-16,
0,
0,
1.855445e-40,
0.00112681,
7.089908e-08,
0,
0.000152845,
1.100059e-08,
0,
0,
8.425991e-24,
1.390125e-24,
0,
0.930674,
0,
0,
5.91688e-18,
0,
0.06828305,
1.804054e-22,
0.000583939,
0.0003779311,
0,
0,
7.105588e-39,
0,
0,
0,
8.10465e-05,
2.225276e-10,
0,
6.971715e-16,
5.606586e-18,
0,
0,
1.223274e-33,
2.991983e-32,
0,
0.8645545,
0,
0,
1.447395e-15,
0,
0.1322883,
1.137624e-17,
0.001673365,
0.001149332,
0,
0,
2.47786e-32,
0,
0,
0,
0.0003345498,
4.626882e-09,
0,
7.061396e-13,
4.546392e-15,
0,
0,
2.738313e-29,
2.892571e-28,
0,
0.4766357,
0,
0,
3.120567e-13,
0,
0.437036,
0.06497528,
0.01004992,
0.007525056,
0,
0,
4.969352e-16,
0,
0,
6.413436e-39,
0.003344615,
1.73659e-07,
0,
0.0004332369,
3.050826e-08,
0,
0,
4.499706e-23,
1.007991e-23,
0,
0.9584225,
0,
0,
3.489978e-20,
0,
0.04120998,
1.923899e-25,
0.000215226,
0.0001307601,
0,
0,
1.177091e-43,
0,
0,
0,
2.147518e-05,
1.338521e-11,
0,
6.494253e-18,
3.584139e-20,
0,
0,
1.658697e-37,
6.578394e-36,
0,
0.9999272,
0,
0,
1.984239e-42,
0,
7.283182e-05,
0,
1.092477e-09,
3.24663e-10,
0,
0,
0,
0,
0,
0,
2.815333e-12,
1.234488e-25,
0,
1.202747e-34,
8.39602e-41,
0,
0,
0,
0,
0,
0.9475768,
0,
0,
1.860133e-19,
0,
0.05190523,
4.625971e-25,
0.0002994961,
0.0001852581,
0,
0,
1.254162e-42,
0,
0,
0,
3.319997e-05,
3.344698e-11,
0,
1.467144e-17,
1.154573e-19,
0,
0,
2.480306e-36,
1.001165e-34,
0,
0.9447354,
0,
0,
3.97341e-19,
0,
0.05468445,
6.242535e-22,
0.0003339211,
0.0002079715,
0,
0,
1.233721e-39,
0,
0,
0,
3.823964e-05,
4.506527e-11,
0,
7.244777e-16,
1.926443e-18,
0,
0,
1.433725e-35,
2.449376e-34,
0,
0.4186514,
0,
0,
2.642496e-12,
0,
0.5418458,
6.924878e-21,
0.01775589,
0.0141077,
0,
0,
1.013414e-30,
0,
0,
1.322516e-34,
0.007637615,
1.592424e-06,
0,
1.538266e-13,
8.786516e-14,
0,
0,
1.889339e-22,
1.014975e-20,
0,
0.3888136,
0,
0,
3.773588e-13,
0,
0.5369934,
0.03916146,
0.015317,
0.01189369,
0,
0,
9.822275e-16,
0,
0,
1.750031e-36,
0.006150698,
3.414158e-07,
0,
0.0004471556,
4.677702e-08,
0,
0,
1.155137e-22,
1.83108e-22,
0.001222636,
0.4813539,
0,
0,
3.081035e-12,
0,
0.4875545,
1.395045e-12,
0.0130198,
0.009974188,
0,
0,
2.870543e-24,
0,
0,
1.786723e-36,
0.004999043,
5.959669e-07,
0,
2.320394e-09,
2.782924e-11,
0,
0,
9.734815e-23,
4.67068e-22,
0.0030979,
0.2028051,
0,
0,
7.156272e-11,
0,
0.7390783,
3.066855e-10,
0.02436657,
0.01984643,
0,
0,
2.730273e-21,
0,
0,
1.322152e-33,
0.01390039,
3.180932e-06,
0,
6.975435e-08,
6.762739e-10,
0,
0,
7.288385e-21,
2.226306e-20,
0,
0.8721907,
0,
0,
2.911848e-16,
0,
0.1053006,
9.038379e-18,
0.001098522,
0.0007358777,
0,
0,
2.406728e-33,
0,
0,
0,
0.0001967664,
1.489723e-09,
0,
4.087073e-13,
1.444521e-15,
0,
0,
9.32672e-31,
8.96988e-30,
0.02047754,
0.9367117,
0,
0,
7.955123e-19,
0,
0.05118895,
3.507565e-20,
0.0003015873,
0.0001869003,
0,
0,
2.749642e-38,
0,
0,
0,
3.606122e-05,
4.029067e-11,
0,
5.842628e-15,
7.264257e-18,
0,
0,
1.459329e-35,
1.606268e-34,
0.01157475,
0.9318405,
0,
0,
9.28911e-19,
0,
0.05605207,
1.471859e-21,
0.0003392108,
0.000211508,
0,
0,
2.947238e-39,
0,
0,
0,
4.083145e-05,
5.232325e-11,
0,
1.216195e-15,
3.035018e-18,
0,
0,
2.233181e-35,
3.664813e-34,
0.01151587,
1,
0,
0,
0,
0,
1.160865e-14,
0,
2.239166e-28,
5.510399e-30,
0,
0,
0,
0,
0,
0,
6.436911e-37,
0,
0,
0,
0,
0,
0,
0,
0,
0,
0.9460309,
0,
0,
1.226821e-18,
0,
0.05339845,
4.419636e-17,
0.0003256372,
0.0002026104,
0,
0,
2.064174e-35,
0,
0,
0,
4.235403e-05,
5.615198e-11,
0,
2.699646e-13,
1.138861e-16,
0,
0,
6.916786e-35,
3.84187e-34,
0,
0.3596872,
0,
0,
2.366213e-11,
0,
0.6010545,
5.888382e-11,
0.01766395,
0.01387538,
0,
0,
2.63387e-22,
0,
0,
9.47132e-35,
0.007717511,
1.332715e-06,
0,
2.369258e-08,
2.304329e-10,
0,
0,
1.376684e-21,
4.819092e-21,
0,
0.9747598,
0,
0,
4.745049e-21,
0,
0.02512054,
3.127437e-16,
7.239141e-05,
4.099659e-05,
0,
0,
8.543817e-38,
0,
0,
0,
6.27643e-06,
1.05049e-12,
0,
1.643695e-13,
5.487898e-18,
0,
0,
9.033723e-40,
2.528258e-39,
0,
0.9974044,
0,
0,
1.070218e-29,
0,
0.002568796,
1.62789e-28,
9.607634e-07,
4.229729e-07,
0,
0,
0,
0,
0,
0,
1.995303e-08,
8.153152e-18,
0,
6.275308e-22,
4.796535e-27,
0,
0,
0,
0,
2.538756e-05,
0.9998574,
0,
0,
1.004462e-39,
0,
0.0001426238,
4.909483e-37,
3.937667e-09,
1.260381e-09,
0,
0,
0,
0,
0,
0,
1.640666e-11,
4.463135e-24,
0,
7.841084e-29,
7.288845e-36,
0,
0,
0,
0,
0,
0.2551601,
0,
0,
2.281262e-11,
0,
0.6801294,
1.301355e-15,
0.02772125,
0.02280445,
0,
0,
1.869284e-25,
0,
0,
1.143334e-32,
0.01418011,
4.643439e-06,
0,
1.263451e-10,
1.378959e-11,
0,
0,
8.79057e-21,
1.164172e-19,
0,
0.4359291,
0,
0,
5.662209e-12,
0,
0.5271633,
1.758855e-17,
0.01680567,
0.0132821,
0,
0,
7.221733e-28,
0,
0,
1.008347e-34,
0.006818538,
1.303326e-06,
0,
8.679068e-12,
1.136797e-12,
0,
0,
2.811987e-22,
5.538198e-21,
0,
0.9577192,
0,
0,
1.428852e-19,
0,
0.04191033,
6.730009e-19,
0.0002154227,
0.0001307237,
0,
0,
7.051739e-38,
0,
0,
0,
2.432189e-05,
1.74774e-11,
0,
2.009655e-14,
9.358789e-18,
0,
0,
1.672599e-36,
1.202621e-35,
0,
0.8573624,
0,
0,
1.51082e-15,
0,
0.1387095,
9.16326e-22,
0.002045041,
0.00142993,
0,
0,
2.075849e-35,
0,
0,
4.203895e-45,
0.0004530318,
9.276709e-09,
0,
6.884334e-15,
3.452098e-16,
0,
0,
6.981981e-29,
2.410997e-27,
0,
1979, 
0.550582,
0,
0,
4.402135e-12,
0,
0.4218451,
1.152467e-20,
0.01245973,
0.009809123,
0,
0,
2.166206e-30,
0,
0,
3.561507e-34,
0.005302849,
1.218331e-06,
0,
2.094944e-13,
1.225581e-13,
0,
0,
3.375046e-22,
1.780592e-20,
0,
0.8726102,
0,
0,
1.427902e-14,
0,
0.1101096,
0.01208444,
0.002519767,
0.001881678,
0,
0,
1.173849e-16,
0,
0,
1.623516e-40,
0.0006605713,
4.14873e-08,
0,
0.0001337394,
9.625518e-09,
0,
0,
7.372741e-24,
1.216359e-24,
0,
0.9571399,
0,
0,
5.17727e-18,
0,
0.04223356,
1.578547e-22,
0.0003508848,
0.0002269969,
0,
0,
6.21739e-39,
0,
0,
0,
4.86279e-05,
1.335166e-10,
0,
6.100251e-16,
4.905763e-18,
0,
0,
1.070365e-33,
2.617985e-32,
0,
0.9076248,
0,
0,
1.266471e-15,
0,
0.09043249,
9.95421e-18,
0.00103344,
0.0007062238,
0,
0,
2.168128e-32,
0,
0,
0,
0.0002030373,
2.776129e-09,
0,
6.178722e-13,
3.978094e-15,
0,
0,
2.396024e-29,
2.531e-28,
0,
0.5256664,
0,
0,
2.730496e-13,
0,
0.3602012,
0.09776463,
0.007705844,
0.005726039,
0,
0,
4.156038e-16,
0,
0,
5.611758e-39,
0.002481321,
9.884346e-08,
0,
0.0004544458,
2.551509e-08,
0,
0,
3.763257e-23,
8.819918e-24,
0,
0.9747568,
0,
0,
3.05373e-20,
0,
0.02502276,
1.683411e-25,
0.0001291355,
7.845611e-05,
0,
0,
1.022948e-43,
0,
0,
0,
1.288511e-05,
8.031128e-12,
0,
5.682471e-18,
3.136122e-20,
0,
0,
1.45136e-37,
5.756095e-36,
0,
0.9999563,
0,
0,
1.736209e-42,
0,
4.369908e-05,
0,
6.554863e-10,
1.947978e-10,
0,
0,
0,
0,
0,
0,
1.6892e-12,
7.406929e-26,
0,
1.052403e-34,
7.346587e-41,
0,
0,
0,
0,
0,
0.9669323,
0,
0,
1.627617e-19,
0,
0.03275599,
4.047724e-25,
0.000180386,
0.0001114296,
0,
0,
1.097217e-42,
0,
0,
0,
1.991998e-05,
2.006818e-11,
0,
1.283751e-17,
1.010251e-19,
0,
0,
2.170268e-36,
8.760191e-35,
0,
0.9651813,
0,
0,
3.476733e-19,
0,
0.03446938,
5.462218e-22,
0.0002012309,
0.0001251666,
0,
0,
1.079506e-39,
0,
0,
0,
2.294378e-05,
2.703916e-11,
0,
6.33918e-16,
1.685638e-18,
0,
0,
1.254509e-35,
2.143203e-34,
0,
0.5222749,
0,
0,
2.312184e-12,
0,
0.4484201,
6.059267e-21,
0.01338018,
0.01050942,
0,
0,
8.86737e-31,
0,
0,
1.157202e-34,
0.005414506,
9.554549e-07,
0,
1.345982e-13,
7.6882e-14,
0,
0,
1.653171e-22,
8.881034e-21,
0,
0.4907598,
0,
0,
3.301889e-13,
0,
0.4471342,
0.03426627,
0.01223526,
0.009436149,
0,
0,
8.59449e-16,
0,
0,
1.531277e-36,
0.004706925,
1.910364e-07,
0,
0.0003912612,
4.09299e-08,
0,
0,
1.010745e-22,
1.602195e-22,
0.001069884,
0.5692443,
0,
0,
2.695906e-12,
0,
0.4070456,
1.220665e-12,
0.009882801,
0.007492868,
0,
0,
2.511725e-24,
0,
0,
1.563382e-36,
0.003610174,
3.558387e-07,
0,
2.030345e-09,
2.435059e-11,
0,
0,
8.517964e-23,
4.086845e-22,
0.002723873,
0.2828506,
0,
0,
6.261738e-11,
0,
0.6672976,
2.683498e-10,
0.0209882,
0.01703765,
0,
0,
2.388989e-21,
0,
0,
1.156883e-33,
0.01182363,
2.284158e-06,
0,
6.103505e-08,
5.917397e-10,
0,
0,
6.377336e-21,
1.948018e-20,
0,
0.9085429,
0,
0,
2.547867e-16,
0,
0.07066066,
7.90858e-18,
0.0006737051,
0.0004495514,
0,
0,
2.105887e-33,
0,
0,
0,
0.0001191185,
8.950932e-10,
0,
3.576189e-13,
1.263955e-15,
0,
0,
8.160879e-31,
7.848645e-30,
0.01955403,
0.9567083,
0,
0,
6.960733e-19,
0,
0.03207835,
3.06912e-20,
0.0001817363,
0.0001125342,
0,
0,
2.405937e-38,
0,
0,
0,
2.166195e-05,
2.420258e-11,
0,
5.1123e-15,
6.356225e-18,
0,
0,
1.276913e-35,
1.405484e-34,
0.01089749,
0.9527469,
0,
0,
8.127971e-19,
0,
0.03596899,
1.287876e-21,
0.000204871,
0.0001275417,
0,
0,
2.578833e-39,
0,
0,
0,
2.452699e-05,
3.143e-11,
0,
1.064171e-15,
2.655641e-18,
0,
0,
1.954034e-35,
3.206711e-34,
0.01092722,
1,
0,
0,
0,
0,
6.96519e-15,
0,
1.3435e-28,
3.306239e-30,
0,
0,
0,
0,
0,
0,
3.862148e-37,
0,
0,
0,
0,
0,
0,
0,
0,
0,
0.966202,
0,
0,
1.073469e-18,
0,
0.03345473,
3.867181e-17,
0.0001960556,
0.0001218585,
0,
0,
1.806152e-35,
0,
0,
0,
2.541242e-05,
3.369118e-11,
0,
2.36219e-13,
9.96503e-17,
0,
0,
6.052187e-35,
3.361636e-34,
0,
0.4486715,
0,
0,
2.070437e-11,
0,
0.520525,
5.152334e-11,
0.01407299,
0.01095425,
0,
0,
2.304636e-22,
0,
0,
8.287405e-35,
0.005775439,
7.996285e-07,
0,
2.073101e-08,
2.016288e-10,
0,
0,
1.204599e-21,
4.216705e-21,
0,
0.9843342,
0,
0,
4.151918e-21,
0,
0.01559394,
2.736507e-16,
4.349719e-05,
2.459796e-05,
0,
0,
7.47584e-38,
0,
0,
0,
3.765858e-06,
6.302943e-13,
0,
1.438233e-13,
4.801911e-18,
0,
0,
7.904514e-40,
2.212226e-39,
0,
0.9984236,
0,
0,
9.364405e-30,
0,
0.001551608,
1.424404e-28,
5.764588e-07,
2.53784e-07,
0,
0,
0,
0,
0,
0,
1.197183e-08,
4.891893e-18,
0,
5.490895e-22,
4.196968e-27,
0,
0,
0,
0,
2.389678e-05,
0.9999144,
0,
0,
8.789042e-40,
0,
8.557427e-05,
4.295798e-37,
2.362601e-09,
7.562282e-10,
0,
0,
0,
0,
0,
0,
9.843994e-12,
2.677881e-24,
0,
6.860948e-29,
6.377739e-36,
0,
0,
0,
0,
0,
0.3448038,
0,
0,
1.996104e-11,
0,
0.6020436,
1.138686e-15,
0.02307925,
0.01883537,
0,
0,
1.635623e-25,
0,
0,
1.000418e-32,
0.01123485,
3.189763e-06,
0,
1.10552e-10,
1.206589e-11,
0,
0,
7.691749e-21,
1.018651e-19,
0,
0.5411913,
0,
0,
4.954434e-12,
0,
0.4315935,
1.538998e-17,
0.01258786,
0.009841936,
0,
0,
6.319017e-28,
0,
0,
8.82304e-35,
0.004784661,
7.819958e-07,
0,
7.594186e-12,
9.946977e-13,
0,
0,
2.460489e-22,
4.845923e-21,
0,
0.9741107,
0,
0,
1.250245e-19,
0,
0.02566699,
5.888759e-19,
0.0001293281,
7.843419e-05,
0,
0,
6.170273e-38,
0,
0,
0,
1.459313e-05,
1.048644e-11,
0,
1.758448e-14,
8.188942e-18,
0,
0,
1.463525e-36,
1.052294e-35,
0,
0.9043696,
0,
0,
1.321967e-15,
0,
0.09322972,
8.017852e-22,
0.001253878,
0.0008731554,
0,
0,
1.816368e-35,
0,
0,
4.203895e-45,
0.0002736447,
5.566026e-09,
0,
6.023793e-15,
3.020586e-16,
0,
0,
6.109233e-29,
2.109622e-27,
0,
1980, 
0.6597846,
0,
0,
3.773259e-12,
0,
0.3235846,
9.878293e-21,
0.007825313,
0.005984891,
0,
0,
1.856748e-30,
0,
0,
3.05272e-34,
0.002820211,
4.061107e-07,
0,
1.795666e-13,
1.050498e-13,
0,
0,
2.892897e-22,
1.526221e-20,
0,
0.9405466,
0,
0,
1.223916e-14,
0,
0.04744554,
0.01035809,
0.0007716725,
0.0005691317,
0,
0,
1.006156e-16,
0,
0,
1.391587e-40,
0.0001943222,
1.207553e-08,
0,
0.0001146337,
8.250444e-09,
0,
0,
6.319493e-24,
1.042594e-24,
0,
0.9836431,
0,
0,
4.43766e-18,
0,
0.01614685,
1.35304e-22,
0.0001178306,
7.606265e-05,
0,
0,
5.329193e-39,
0,
0,
0,
1.62093e-05,
4.450553e-11,
0,
5.228786e-16,
4.20494e-18,
0,
0,
9.174552e-34,
2.243987e-32,
0,
0.9511551,
0,
0,
1.085547e-15,
0,
0.0481179,
8.53218e-18,
0.0003928226,
0.0002627439,
0,
0,
1.858395e-32,
0,
0,
0,
7.148176e-05,
9.253762e-10,
0,
5.296047e-13,
3.409795e-15,
0,
0,
2.053735e-29,
2.169428e-28,
0,
0.5857576,
0,
0,
2.340425e-13,
0,
0.2793814,
0.1237179,
0.005256894,
0.003849529,
0,
0,
3.342724e-16,
0,
0,
4.810079e-39,
0.00158611,
2.40279e-08,
0,
0.0004505784,
2.052193e-08,
0,
0,
3.026808e-23,
7.559931e-24,
0,
0.9910982,
0,
0,
2.617483e-20,
0,
0.00882837,
1.442924e-25,
4.304509e-05,
2.615204e-05,
0,
0,
8.68805e-44,
0,
0,
0,
4.29504e-06,
2.677043e-12,
0,
4.870689e-18,
2.688104e-20,
0,
0,
1.244023e-37,
4.933795e-36,
0,
0.9999855,
0,
0,
1.488179e-42,
0,
1.456634e-05,
0,
2.184955e-10,
6.493262e-11,
0,
0,
0,
0,
0,
0,
5.630668e-13,
2.468976e-26,
0,
9.020602e-35,
6.297155e-41,
0,
0,
0,
0,
0,
0.9863546,
0,
0,
1.3951e-19,
0,
0.01353985,
3.469478e-25,
6.125525e-05,
3.760114e-05,
0,
0,
9.402713e-43,
0,
0,
0,
6.639988e-06,
6.689388e-12,
0,
1.100358e-17,
8.659297e-20,
0,
0,
1.860229e-36,
7.508735e-35,
0,
0.985679,
0,
0,
2.980057e-19,
0,
0.01420249,
4.681902e-22,
6.852722e-05,
4.236162e-05,
0,
0,
9.2529e-40,
0,
0,
0,
7.647919e-06,
9.013065e-12,
0,
5.433583e-16,
1.444832e-18,
0,
0,
1.075294e-35,
1.837031e-34,
0,
0.6307128,
0,
0,
1.981871e-12,
0,
0.3504801,
5.193657e-21,
0.008860267,
0.006801333,
0,
0,
7.600602e-31,
0,
0,
9.918873e-35,
0.003145162,
3.184855e-07,
0,
1.153699e-13,
6.589886e-14,
0,
0,
1.417004e-22,
7.612315e-21,
0,
0.5959231,
0,
0,
2.830191e-13,
0,
0.3541663,
0.02937109,
0.009023401,
0.0068777,
0,
0,
7.366706e-16,
0,
0,
1.312523e-36,
0.003214872,
4.065695e-08,
0,
0.0003353668,
3.508277e-08,
0,
0,
8.663532e-23,
1.373311e-22,
0.00108814,
0.663584,
0,
0,
2.310776e-12,
0,
0.3203303,
1.046284e-12,
0.006600035,
0.004903634,
0,
0,
2.152908e-24,
0,
0,
1.340042e-36,
0.002175584,
1.157105e-07,
0,
1.740295e-09,
2.087193e-11,
0,
0,
7.301112e-23,
3.50301e-22,
0.002406348,
0.3698893,
0,
0,
5.367205e-11,
0,
0.5890533,
2.300141e-10,
0.0173825,
0.01404577,
0,
0,
2.047705e-21,
0,
0,
9.916143e-34,
0.009627746,
1.371176e-06,
0,
5.231576e-08,
5.072054e-10,
0,
0,
5.466288e-21,
1.66973e-20,
0,
0.9456894,
0,
0,
2.183887e-16,
0,
0.03574188,
6.778784e-18,
0.0002485393,
0.0001630449,
0,
0,
1.805047e-33,
0,
0,
0,
4.145275e-05,
3.004633e-10,
0,
3.065305e-13,
1.083391e-15,
0,
0,
6.99504e-31,
6.727411e-30,
0.01811568,
0.9769819,
0,
0,
5.966343e-19,
0,
0.01293002,
2.630674e-20,
6.188537e-05,
3.816804e-05,
0,
0,
2.062232e-38,
0,
0,
0,
7.262683e-06,
8.114495e-12,
0,
4.381971e-15,
5.448193e-18,
0,
0,
1.094497e-35,
1.204701e-34,
0.009980798,
0.9740947,
0,
0,
6.966832e-19,
0,
0.01575034,
1.103894e-21,
7.047797e-05,
4.35508e-05,
0,
0,
2.210429e-39,
0,
0,
0,
8.22253e-06,
1.053675e-11,
0,
9.121463e-16,
2.276263e-18,
0,
0,
1.674886e-35,
2.74861e-34,
0.01003272,
1,
0,
0,
0,
0,
2.321728e-15,
0,
4.47834e-29,
1.102078e-30,
0,
0,
0,
0,
0,
0,
1.287385e-37,
0,
0,
0,
0,
0,
0,
0,
0,
0,
0.986415,
0,
0,
9.20116e-19,
0,
0.0134689,
3.314726e-17,
6.646466e-05,
4.110663e-05,
0,
0,
1.54813e-35,
0,
0,
0,
8.470801e-06,
1.123038e-11,
0,
2.024734e-13,
8.541455e-17,
0,
0,
5.18759e-35,
2.881403e-34,
0,
0.5441077,
0,
0,
1.77466e-11,
0,
0.4339111,
4.416286e-11,
0.01030785,
0.00789993,
0,
0,
1.975403e-22,
0,
0,
7.10349e-35,
0.003773142,
2.665424e-07,
0,
1.776944e-08,
1.728247e-10,
0,
0,
1.032513e-21,
3.614319e-21,
0,
0.9939252,
0,
0,
3.558786e-21,
0,
0.00605079,
2.345577e-16,
1.460296e-05,
8.199334e-06,
0,
0,
6.407863e-38,
0,
0,
0,
1.255285e-06,
2.100982e-13,
0,
1.232771e-13,
4.115923e-18,
0,
0,
6.775306e-40,
1.896194e-39,
0,
0.9994387,
0,
0,
8.026633e-30,
0,
0.0005342388,
1.220917e-28,
1.921543e-07,
8.459502e-08,
0,
0,
0,
0,
0,
0,
3.990621e-09,
1.630635e-18,
0,
4.706481e-22,
3.597401e-27,
0,
0,
0,
0,
2.677489e-05,
0.9999714,
0,
0,
7.533465e-40,
0,
2.852474e-05,
3.682112e-37,
7.875344e-10,
2.520756e-10,
0,
0,
0,
0,
0,
0,
3.281328e-12,
8.926276e-25,
0,
5.880812e-29,
5.466633e-36,
0,
0,
0,
0,
0,
0.4401731,
0,
0,
1.710947e-11,
0,
0.518746,
9.760167e-16,
0.0182042,
0.01467966,
0,
0,
1.401963e-25,
0,
0,
8.575009e-33,
0.008195272,
1.713018e-06,
0,
9.475883e-11,
1.034219e-11,
0,
0,
6.592928e-21,
8.731293e-20,
0,
0.6489556,
0,
0,
4.246657e-12,
0,
0.3334293,
1.319141e-17,
0.008254133,
0.006312629,
0,
0,
5.4163e-28,
0,
0,
7.562605e-35,
0.002715162,
2.606656e-07,
0,
6.509301e-12,
8.525979e-13,
0,
0,
2.10899e-22,
4.153648e-21,
0.000332909,
0.9905156,
0,
0,
1.071639e-19,
0,
0.009410195,
5.047507e-19,
4.323348e-05,
2.614465e-05,
0,
0,
5.288805e-38,
0,
0,
0,
4.864378e-06,
3.495482e-12,
0,
1.507241e-14,
7.019093e-18,
0,
0,
1.25445e-36,
9.019662e-36,
0,
0.9517189,
0,
0,
1.133115e-15,
0,
0.04740863,
6.872445e-22,
0.0004621829,
0.0003161005,
0,
0,
1.556887e-35,
0,
0,
4.203895e-45,
9.423786e-05,
1.855342e-09,
0,
5.163252e-15,
2.589074e-16,
0,
0,
5.236486e-29,
1.808248e-27,
0,
1981, 
0.689308,
0,
0,
3.144382e-12,
0,
0.2959881,
8.231911e-21,
0.006945044,
0.005296051,
0,
0,
1.54729e-30,
0,
0,
2.543934e-34,
0.002462461,
3.384257e-07,
0,
1.496388e-13,
8.754149e-14,
0,
0,
2.410747e-22,
1.271851e-20,
0,
0.9492391,
0,
0,
1.01993e-14,
0,
0.04075065,
0.008631744,
0.0006453677,
0.0004755462,
0,
0,
8.384638e-17,
0,
0,
1.159659e-40,
0.000162052,
1.006294e-08,
0,
9.552813e-05,
6.87537e-09,
0,
0,
5.266244e-24,
8.688283e-25,
0,
0.9862071,
0,
0,
3.698051e-18,
0,
0.01361777,
1.127534e-22,
9.824539e-05,
6.340977e-05,
0,
0,
4.440995e-39,
0,
0,
0,
1.350776e-05,
3.708795e-11,
0,
4.357322e-16,
3.504118e-18,
0,
0,
7.645462e-34,
1.86999e-32,
0,
0.957605,
0,
0,
9.046221e-16,
0,
0.04178355,
7.110148e-18,
0.000330792,
0.0002208595,
0,
0,
1.548662e-32,
0,
0,
0,
5.981957e-05,
7.711466e-10,
0,
4.413373e-13,
2.841495e-15,
0,
0,
1.711446e-29,
1.807857e-28,
0,
0.6062533,
0,
0,
1.950354e-13,
0,
0.2565502,
0.1271511,
0.00473685,
0.003463898,
0,
0,
2.785603e-16,
0,
0,
4.0084e-39,
0.001420108,
2.002324e-08,
0,
0.0004245003,
1.71016e-08,
0,
0,
2.52234e-23,
6.299942e-24,
0,
0.9922507,
0,
0,
2.181236e-20,
0,
0.007391381,
0.0002966147,
3.587089e-05,
2.179337e-05,
0,
0,
7.146622e-44,
0,
0,
0,
3.5792e-06,
2.230869e-12,
0,
4.058907e-18,
2.240087e-20,
0,
0,
1.036686e-37,
4.111496e-36,
0,
0.9999878,
0,
0,
1.240149e-42,
0,
1.213861e-05,
0,
1.820796e-10,
5.411051e-11,
0,
0,
0,
0,
0,
0,
4.692223e-13,
2.057479e-26,
0,
7.517168e-35,
5.247723e-41,
0,
0,
0,
0,
0,
0.9883885,
0,
0,
1.162583e-19,
0,
0.01152345,
2.891231e-25,
5.113017e-05,
3.136674e-05,
0,
0,
7.833258e-43,
0,
0,
0,
5.533322e-06,
5.574488e-12,
0,
9.169647e-18,
7.21608e-20,
0,
0,
1.550191e-36,
6.257279e-35,
0,
0.9878541,
0,
0,
2.483381e-19,
0,
0.01204704,
3.901585e-22,
5.71989e-05,
3.534042e-05,
0,
0,
7.710743e-40,
0,
0,
0,
6.373264e-06,
7.510889e-12,
0,
4.527986e-16,
1.204027e-18,
0,
0,
8.96078e-36,
1.530859e-34,
0,
0.6619544,
0,
0,
1.65156e-12,
0,
0.3213224,
4.328048e-21,
0.007903422,
0.006051502,
0,
0,
6.333835e-31,
0,
0,
8.265728e-35,
0.002768001,
2.654047e-07,
0,
9.614159e-14,
5.491572e-14,
0,
0,
1.180837e-22,
6.343596e-21,
0,
0.6284078,
0,
0,
2.358493e-13,
0,
0.3284471,
0.02447591,
0.0081823,
0.006227096,
0,
0,
6.138922e-16,
0,
0,
1.093769e-36,
0.002894067,
3.388076e-08,
0,
0.0002794723,
2.923564e-08,
0,
0,
7.21961e-23,
1.144425e-22,
0.0010862,
0.6903805,
0,
0,
1.925647e-12,
0,
0.2952311,
8.719035e-13,
0.005934523,
0.004400091,
0,
0,
1.79409e-24,
0,
0,
1.116702e-36,
0.001937359,
9.642538e-08,
0,
1.450246e-09,
1.739328e-11,
0,
0,
6.084259e-23,
2.919176e-22,
0.002116357,
0.403244,
0,
0,
4.472671e-11,
0,
0.5577209,
1.916784e-10,
0.01653173,
0.01335663,
0,
0,
1.70642e-21,
0,
0,
8.263453e-34,
0.009145408,
1.249807e-06,
0,
4.359647e-08,
4.226712e-10,
0,
0,
4.55524e-21,
1.391441e-20,
0,
0.9501013,
0,
0,
1.819905e-16,
0,
0.0309165,
5.648986e-18,
0.000208755,
0.000136752,
0,
0,
1.504205e-33,
0,
0,
0,
3.464524e-05,
2.503861e-10,
0,
2.55442e-13,
9.028254e-16,
0,
0,
5.829199e-31,
5.606175e-30,
0.01860204,
0.9787039,
0,
0,
4.971952e-19,
0,
0.01094261,
2.192228e-20,
5.163079e-05,
3.183401e-05,
0,
0,
1.718526e-38,
0,
0,
0,
6.052237e-06,
6.762082e-12,
0,
3.651642e-15,
4.540161e-18,
0,
0,
9.120806e-36,
1.003917e-34,
0.01026401,
0.9760749,
0,
0,
5.805694e-19,
0,
0.01357981,
9.199119e-22,
5.890024e-05,
3.636043e-05,
0,
0,
1.842025e-39,
0,
0,
0,
6.852106e-06,
8.780627e-12,
0,
7.601219e-16,
1.896886e-18,
0,
0,
1.395738e-35,
2.290508e-34,
0.01024316,
1,
0,
0,
0,
0,
1.934773e-15,
0,
3.731952e-29,
9.18398e-31,
0,
0,
0,
0,
0,
0,
1.072821e-37,
0,
0,
0,
0,
0,
0,
0,
0,
0,
0.988502,
0,
0,
7.667633e-19,
0,
0.01140123,
2.762272e-17,
5.54565e-05,
3.428449e-05,
0,
0,
1.290109e-35,
0,
0,
0,
7.058999e-06,
9.358648e-12,
0,
1.687279e-13,
7.117879e-17,
0,
0,
4.322992e-35,
2.401169e-34,
0,
0.5742916,
0,
0,
1.478883e-11,
0,
0.4054644,
3.680238e-11,
0.009513319,
0.007281937,
0,
0,
1.646169e-22,
0,
0,
5.919575e-35,
0.003448427,
2.221186e-07,
0,
1.480786e-08,
1.440205e-10,
0,
0,
8.604278e-22,
3.011932e-21,
0,
0.9948708,
0,
0,
2.965655e-21,
0,
0.00510908,
1.954648e-16,
1.217462e-05,
6.832782e-06,
0,
0,
5.339887e-38,
0,
0,
0,
1.046071e-06,
1.750818e-13,
0,
1.027309e-13,
3.429937e-18,
0,
0,
5.646098e-40,
1.580162e-39,
0,
0.9995213,
0,
0,
6.688862e-30,
0,
0.0004463377,
1.017431e-28,
1.601287e-07,
7.049587e-08,
0,
0,
0,
0,
0,
0,
3.325517e-09,
1.358862e-18,
0,
3.922068e-22,
2.997835e-27,
0,
0,
0,
0,
3.219903e-05,
0.9999762,
0,
0,
6.277887e-40,
0,
2.377061e-05,
3.068427e-37,
6.562789e-10,
2.100629e-10,
0,
0,
0,
0,
0,
0,
2.734439e-12,
7.438565e-25,
0,
4.900677e-29,
4.555527e-36,
0,
0,
0,
0,
0,
0.4716728,
0,
0,
1.425789e-11,
0,
0.4900343,
8.133473e-16,
0.01700202,
0.01369332,
0,
0,
1.168303e-25,
0,
0,
7.14584e-33,
0.007596118,
1.509567e-06,
0,
7.896569e-11,
8.618493e-12,
0,
0,
5.494106e-21,
7.276078e-20,
0,
0.6803539,
0,
0,
3.538881e-12,
0,
0.3037945,
1.099284e-17,
0.007326956,
0.005590563,
0,
0,
4.513583e-28,
0,
0,
6.30217e-35,
0.002378148,
2.172214e-07,
0,
5.424417e-12,
7.104982e-13,
0,
0,
1.757492e-22,
3.461373e-21,
0.0005556637,
0.9920332,
0,
0,
8.930323e-20,
0,
0.007904872,
4.206256e-19,
3.603429e-05,
2.178719e-05,
0,
0,
4.407338e-38,
0,
0,
0,
4.053648e-06,
2.912902e-12,
0,
1.256034e-14,
5.849245e-18,
0,
0,
1.045375e-36,
7.516385e-36,
0,
0.9583879,
0,
0,
9.442621e-16,
0,
0.04088008,
5.727036e-22,
0.0003881868,
0.0002651191,
0,
0,
1.297406e-35,
0,
0,
4.203895e-45,
7.87268e-05,
1.546119e-09,
0,
4.302709e-15,
2.157562e-16,
0,
0,
4.363737e-29,
1.506873e-27,
0,
1982, 
0.7200609,
0,
0,
2.515505e-12,
0,
0.2671984,
6.585529e-21,
0.006045515,
0.004593834,
0,
0,
1.237832e-30,
0,
0,
2.035147e-34,
0.002101081,
2.707406e-07,
0,
1.197111e-13,
7.003319e-14,
0,
0,
1.928598e-22,
1.017481e-20,
0,
0.9578835,
0,
0,
8.159443e-15,
0,
0.0341039,
0.006905396,
0.0005190488,
0.0003819608,
0,
0,
6.70771e-17,
0,
0,
9.277296e-41,
0.0001297819,
8.050344e-09,
0,
7.642251e-05,
5.500295e-09,
0,
0,
4.212996e-24,
6.950627e-25,
0,
0.9887624,
0,
0,
2.95844e-18,
0,
0.01109735,
9.02027e-23,
7.866017e-05,
5.075688e-05,
0,
0,
3.552797e-39,
0,
0,
0,
1.080621e-05,
2.967036e-11,
0,
3.485857e-16,
2.803294e-18,
0,
0,
6.116369e-34,
1.495991e-32,
0,
0.9640782,
0,
0,
7.236978e-16,
0,
0.03542592,
5.688119e-18,
0.0002687027,
0.0001789468,
0,
0,
1.23893e-32,
0,
0,
0,
4.815739e-05,
6.169173e-10,
0,
3.530698e-13,
2.273197e-15,
0,
0,
1.369157e-29,
1.446285e-28,
0,
0.6000162,
0,
0,
1.560283e-13,
0,
0.2301388,
0.1609051,
0.004178382,
0.003051614,
0,
0,
2.228482e-16,
0,
0,
3.206722e-39,
0.001245388,
1.601859e-08,
0,
0.0004643762,
1.368128e-08,
0,
0,
2.017872e-23,
5.039954e-24,
0,
0.9933142,
0,
0,
1.744989e-20,
0,
0.005957447,
0.0006793426,
2.869668e-05,
1.74347e-05,
0,
0,
5.605194e-44,
0,
0,
0,
2.863361e-06,
1.784695e-12,
0,
3.247126e-18,
1.79207e-20,
0,
0,
8.293487e-38,
3.289197e-36,
0,
0.9999903,
0,
0,
9.921193e-43,
0,
9.71088e-06,
0,
1.456637e-10,
4.328841e-11,
0,
0,
0,
0,
0,
0,
3.753779e-13,
1.645983e-26,
0,
6.013735e-35,
4.19829e-41,
0,
0,
0,
0,
0,
0.9904267,
0,
0,
9.300669e-20,
0,
0.009502796,
2.312985e-25,
4.100509e-05,
2.513234e-05,
0,
0,
6.263804e-43,
0,
0,
0,
4.426656e-06,
4.459589e-12,
0,
7.335717e-18,
5.772864e-20,
0,
0,
1.240153e-36,
5.005823e-35,
0,
0.9900309,
0,
0,
1.986705e-19,
0,
0.009889772,
3.121268e-22,
4.587058e-05,
2.831924e-05,
0,
0,
6.168586e-40,
0,
0,
0,
5.09861e-06,
6.008714e-12,
0,
3.622389e-16,
9.632216e-19,
0,
0,
7.168625e-36,
1.224687e-34,
0,
0.6944233,
0,
0,
1.321248e-12,
0,
0.2909788,
3.462438e-21,
0.006924737,
0.005286363,
0,
0,
5.067068e-31,
0,
0,
6.612584e-35,
0.002386602,
2.12324e-07,
0,
7.691329e-14,
4.393258e-14,
0,
0,
9.446695e-23,
5.074877e-21,
0,
0.663314,
0,
0,
1.886794e-13,
0,
0.3004312,
0.01958073,
0.007287768,
0.00553703,
0,
0,
4.911137e-16,
0,
0,
8.750154e-37,
0.002557445,
2.710457e-08,
0,
0.0002235778,
2.338852e-08,
0,
0,
5.775689e-23,
9.155404e-23,
0.0010682,
0.7185555,
0,
0,
1.540517e-12,
0,
0.2688165,
6.975228e-13,
0.005244025,
0.003878824,
0,
0,
1.435272e-24,
0,
0,
8.933612e-37,
0.001693034,
7.714024e-08,
0,
1.160197e-09,
1.391462e-11,
0,
0,
4.867407e-23,
2.335341e-22,
0.001812096,
0.44106,
0,
0,
3.578137e-11,
0,
0.5222896,
1.533427e-10,
0.0155268,
0.01254255,
0,
0,
1.365136e-21,
0,
0,
6.610763e-34,
0.008579841,
1.11047e-06,
0,
3.487717e-08,
3.38137e-10,
0,
0,
3.644192e-21,
1.113153e-20,
0,
0.9536737,
0,
0,
1.455924e-16,
0,
0.02609813,
4.519188e-18,
0.000168946,
0.0001104478,
0,
0,
1.203364e-33,
0,
0,
0,
2.783773e-05,
2.003089e-10,
0,
2.043536e-13,
7.222603e-16,
0,
0,
4.663359e-31,
4.48494e-30,
0.01992096,
0.9799917,
0,
0,
3.977562e-19,
0,
0.008955713,
1.753782e-20,
4.137621e-05,
2.549997e-05,
0,
0,
1.374821e-38,
0,
0,
0,
4.841791e-06,
5.409669e-12,
0,
2.921314e-15,
3.632129e-18,
0,
0,
7.296645e-36,
8.03134e-35,
0.01098083,
0.977526,
0,
0,
4.644556e-19,
0,
0.01143526,
7.359295e-22,
4.73104e-05,
2.917006e-05,
0,
0,
1.473621e-39,
0,
0,
0,
5.481681e-06,
7.024504e-12,
0,
6.080974e-16,
1.517509e-18,
0,
0,
1.116591e-35,
1.832406e-34,
0.01095676,
1,
0,
0,
0,
0,
1.547818e-15,
0,
2.985564e-29,
7.34718e-31,
0,
0,
0,
0,
0,
0,
8.582573e-38,
0,
0,
0,
0,
0,
0,
0,
0,
0,
0.9905913,
0,
0,
6.134107e-19,
0,
0.009331172,
2.209817e-17,
4.444833e-05,
2.746235e-05,
0,
0,
1.032087e-35,
0,
0,
0,
5.647198e-06,
7.486914e-12,
0,
1.349823e-13,
5.694303e-17,
0,
0,
3.458393e-35,
1.920935e-34,
0,
0.6065574,
0,
0,
1.183107e-11,
0,
0.3750679,
2.94419e-11,
0.008654447,
0.006615387,
0,
0,
1.316935e-22,
0,
0,
4.73566e-35,
0.003104786,
1.776948e-07,
0,
1.184629e-08,
1.152164e-10,
0,
0,
6.883423e-22,
2.409546e-21,
0,
0.995817,
0,
0,
2.372524e-21,
0,
0.004166949,
1.563718e-16,
9.746283e-06,
5.46623e-06,
0,
0,
4.27191e-38,
0,
0,
0,
8.368563e-07,
1.400655e-13,
0,
8.218473e-14,
2.74395e-18,
0,
0,
4.516889e-40,
1.26413e-39,
0,
0.9996051,
0,
0,
5.351089e-30,
0,
0.0003584366,
8.139449e-29,
1.281032e-07,
5.639671e-08,
0,
0,
0,
0,
0,
0,
2.660412e-09,
1.087089e-18,
0,
3.137654e-22,
2.398268e-27,
0,
0,
0,
0,
3.631353e-05,
0.999981,
0,
0,
5.02231e-40,
0,
1.901648e-05,
2.454742e-37,
5.250234e-10,
1.680501e-10,
0,
0,
0,
0,
0,
0,
2.18755e-12,
5.950854e-25,
0,
3.920541e-29,
3.644422e-36,
0,
0,
0,
0,
0,
0.5053273,
0,
0,
1.140631e-11,
0,
0.4593578,
6.506779e-16,
0.01570883,
0.01263704,
0,
0,
9.34642e-26,
0,
0,
5.716672e-33,
0.006967673,
1.289081e-06,
0,
6.317255e-11,
6.894795e-12,
0,
0,
4.395285e-21,
5.820862e-20,
0,
0.7133348,
0,
0,
2.831104e-12,
0,
0.2721496,
8.794272e-18,
0.006367848,
0.004845855,
0,
0,
3.610867e-28,
0,
0,
5.041737e-35,
0.002034532,
1.737773e-07,
0,
4.339533e-12,
5.683986e-13,
0,
0,
1.405993e-22,
2.769098e-21,
0.001267187,
0.9935509,
0,
0,
7.144259e-20,
0,
0.006399604,
3.365005e-19,
2.883511e-05,
1.742973e-05,
0,
0,
3.525871e-38,
0,
0,
0,
3.242918e-06,
2.330322e-12,
0,
1.004827e-14,
4.679397e-18,
0,
0,
8.362996e-37,
6.013109e-36,
0,
0.9650975,
0,
0,
7.554097e-16,
0,
0.03431101,
4.581629e-22,
0.0003141642,
0.0002141256,
0,
0,
1.037925e-35,
0,
0,
4.203895e-45,
6.321577e-05,
1.236895e-09,
0,
3.442168e-15,
1.72605e-16,
0,
0,
3.49099e-29,
1.205499e-27,
0,
1983, 
0.7501039,
0,
0,
1.886629e-12,
0,
0.2390747,
4.939147e-21,
0.005166086,
0.003907528,
0,
0,
9.283742e-31,
0,
0,
1.52636e-34,
0.001747549,
2.030555e-07,
0,
8.978329e-14,
5.252489e-14,
0,
0,
1.446448e-22,
7.631105e-21,
0,
0.9662731,
0,
0,
6.119583e-15,
0,
0.02771142,
0.005179047,
0.0003930359,
0.000288533,
0,
0,
5.030783e-17,
0,
0,
6.958007e-41,
9.751169e-05,
6.037751e-09,
0,
5.731689e-05,
4.125221e-09,
0,
0,
3.159747e-24,
5.212971e-25,
0,
0.9913009,
0,
0,
2.218831e-18,
0,
0.008593804,
6.765202e-23,
5.907498e-05,
3.810399e-05,
0,
0,
2.6646e-39,
0,
0,
0,
8.104657e-06,
2.225278e-11,
0,
2.614393e-16,
2.102471e-18,
0,
0,
4.587277e-34,
1.121993e-32,
0,
0.9705052,
0,
0,
5.427733e-16,
0,
0.02911457,
4.266089e-18,
0.0002067102,
0.0001370341,
0,
0,
9.291973e-33,
0,
0,
0,
3.64952e-05,
4.626879e-10,
0,
2.648024e-13,
1.704898e-15,
0,
0,
1.026867e-29,
1.084714e-28,
0,
0.5702818,
0,
0,
1.170212e-13,
0,
0.2009796,
0.2208857,
0.003594491,
0.002621746,
0,
0,
1.671362e-16,
0,
0,
2.405043e-39,
0.001064653,
1.201394e-08,
0,
0.0005720262,
1.026096e-08,
0,
0,
1.513404e-23,
3.779966e-24,
0,
0.994737,
0,
0,
1.308741e-20,
0,
0.004534,
0.0006922075,
2.152248e-05,
1.307603e-05,
0,
0,
4.063766e-44,
0,
0,
0,
2.147522e-06,
1.338522e-12,
0,
2.435344e-18,
1.344052e-20,
0,
0,
6.220116e-38,
2.466897e-36,
0,
0.9999927,
0,
0,
7.440895e-43,
0,
7.283152e-06,
0,
1.092478e-10,
3.246631e-11,
0,
0,
0,
0,
0,
0,
2.815335e-13,
1.234487e-26,
0,
4.510302e-35,
3.148858e-41,
0,
0,
0,
0,
0,
0.9924561,
0,
0,
6.975502e-20,
0,
0.007490758,
1.734739e-25,
3.088002e-05,
1.889794e-05,
0,
0,
4.69435e-43,
0,
0,
0,
3.319991e-06,
3.344689e-12,
0,
5.501788e-18,
4.329648e-20,
0,
0,
9.301148e-37,
3.754367e-35,
0,
0.9922013,
0,
0,
1.490028e-19,
0,
0.00773909,
2.340952e-22,
3.454225e-05,
2.129804e-05,
0,
0,
4.626429e-40,
0,
0,
0,
3.823955e-06,
4.506539e-12,
0,
2.716792e-16,
7.224162e-19,
0,
0,
5.376469e-36,
9.185154e-35,
0,
0.7268487,
0,
0,
9.909355e-13,
0,
0.2606557,
2.596829e-21,
0.005955397,
0.004529343,
0,
0,
3.800301e-31,
0,
0,
4.959439e-35,
0.002010688,
1.592432e-07,
0,
5.768498e-14,
3.294943e-14,
0,
0,
7.085021e-23,
3.806158e-21,
0,
0.6985024,
0,
0,
1.415096e-13,
0,
0.2721238,
0.01468555,
0.006394601,
0.004849121,
0,
0,
3.683353e-16,
0,
0,
6.562615e-37,
0.0022238,
2.032839e-08,
0,
0.0001676833,
1.754139e-08,
0,
0,
4.331767e-23,
6.866553e-23,
0.001053029,
0.7468275,
0,
0,
1.155388e-12,
0,
0.2423256,
5.231421e-13,
0.004558776,
0.00336247,
0,
0,
1.076454e-24,
0,
0,
6.700208e-37,
0.00145309,
5.78551e-08,
0,
8.701477e-10,
1.043597e-11,
0,
0,
3.650555e-23,
1.751506e-22,
0.00147253,
0.4813591,
0,
0,
2.683603e-11,
0,
0.4845904,
1.15007e-10,
0.01442569,
0.01165226,
0,
0,
1.023852e-21,
0,
0,
4.958073e-34,
0.00797157,
9.486651e-07,
0,
2.615788e-08,
2.536028e-10,
0,
0,
2.733144e-21,
8.348648e-21,
0,
0.9569503,
0,
0,
1.091943e-16,
0,
0.02135745,
3.389391e-18,
0.0001292392,
8.414363e-05,
0,
0,
9.025233e-34,
0,
0,
0,
2.103022e-05,
1.502317e-10,
0,
1.532652e-13,
5.416953e-16,
0,
0,
3.497519e-31,
3.363705e-30,
0.02145784,
0.9811528,
0,
0,
2.983171e-19,
0,
0.006976555,
1.315336e-20,
3.112163e-05,
1.916593e-05,
0,
0,
1.031116e-38,
0,
0,
0,
3.631344e-06,
4.057255e-12,
0,
2.190985e-15,
2.724096e-18,
0,
0,
5.472483e-36,
6.023505e-35,
0.01181674,
0.978772,
0,
0,
3.483417e-19,
0,
0.009378356,
5.519472e-22,
3.580759e-05,
2.197969e-05,
0,
0,
1.105217e-39,
0,
0,
0,
4.111256e-06,
5.268381e-12,
0,
4.56073e-16,
1.138131e-18,
0,
0,
8.374429e-36,
1.374305e-34,
0.0117877,
1,
0,
0,
0,
0,
1.160863e-15,
0,
2.239176e-29,
5.51038e-31,
0,
0,
0,
0,
0,
0,
6.436936e-38,
0,
0,
0,
0,
0,
0,
0,
0,
0,
0.9926758,
0,
0,
4.60058e-19,
0,
0.007265875,
1.657363e-17,
3.344016e-05,
2.064022e-05,
0,
0,
7.740652e-36,
0,
0,
0,
4.235397e-06,
5.61518e-12,
0,
1.012367e-13,
4.270728e-17,
0,
0,
2.593795e-35,
1.440702e-34,
0,
0.6387452,
0,
0,
8.873301e-12,
0,
0.3446799,
2.208142e-11,
0.007820431,
0.005972313,
0,
0,
9.877016e-23,
0,
0,
3.551745e-35,
0.002781991,
1.332709e-07,
0,
8.884719e-09,
8.641232e-11,
0,
0,
5.162567e-22,
1.807159e-21,
0,
0.996761,
0,
0,
1.779393e-21,
0,
0.003227,
1.172789e-16,
7.317943e-06,
4.099677e-06,
0,
0,
3.203933e-38,
0,
0,
0,
6.27642e-07,
1.050492e-13,
0,
6.163854e-14,
2.057963e-18,
0,
0,
3.387681e-40,
9.480975e-40,
0,
0.999694,
0,
0,
4.013318e-30,
0,
0.0002706545,
6.104586e-29,
9.607761e-08,
4.229756e-08,
0,
0,
0,
0,
0,
0,
1.995308e-09,
8.153159e-19,
0,
2.353241e-22,
1.798701e-27,
0,
0,
0,
0,
3.513641e-05,
0.9999858,
0,
0,
3.766732e-40,
0,
1.426236e-05,
1.841057e-37,
3.93768e-10,
1.260374e-10,
0,
0,
0,
0,
0,
0,
1.640662e-12,
4.463143e-25,
0,
2.940406e-29,
2.733317e-36,
0,
0,
0,
0,
0,
0.5390707,
0,
0,
8.554734e-12,
0,
0.4284557,
4.880085e-16,
0.01446055,
0.01162698,
0,
0,
7.009816e-26,
0,
0,
4.287504e-33,
0.006385002,
1.068594e-06,
0,
4.737941e-11,
5.171096e-12,
0,
0,
3.296463e-21,
4.365647e-20,
0,
0.7455531,
0,
0,
2.123328e-12,
0,
0.2401891,
6.595703e-18,
0.005407831,
0.004100963,
0,
0,
2.70815e-28,
0,
0,
3.781302e-35,
0.001691509,
1.303331e-07,
0,
3.254649e-12,
4.262989e-13,
0,
0,
1.054495e-22,
2.076823e-21,
0.003057368,
0.9950656,
0,
0,
5.358193e-20,
0,
0.004897287,
2.523753e-19,
2.163592e-05,
1.307227e-05,
0,
0,
2.644404e-38,
0,
0,
0,
2.432188e-06,
1.747742e-12,
0,
7.536202e-15,
3.509548e-18,
0,
0,
6.272246e-37,
4.509831e-36,
0,
0.9717882,
0,
0,
5.665572e-16,
0,
0.02776083,
3.436221e-22,
0.0002401415,
0.0001631321,
0,
0,
7.784433e-36,
0,
0,
4.203895e-45,
4.770471e-05,
9.276713e-10,
0,
2.581626e-15,
1.294537e-16,
0,
0,
2.618242e-29,
9.041241e-28,
0,
1984, 
0.7774222,
0,
0,
1.257753e-12,
0,
0.2134074,
3.292765e-21,
0.004352406,
0.003272727,
0,
0,
6.189164e-31,
0,
0,
1.017574e-34,
0.00141926,
1.353705e-07,
0,
5.985552e-14,
3.501659e-14,
0,
0,
9.642989e-23,
5.087404e-21,
0.0001258754,
0.9740245,
0,
0,
4.079722e-15,
0,
0.02195512,
0.003452698,
0.0002683236,
0.000195858,
0,
0,
3.353855e-17,
0,
0,
4.638718e-41,
6.52415e-05,
4.025157e-09,
0,
3.821127e-05,
2.750147e-09,
0,
0,
2.106499e-24,
3.475315e-25,
0,
0.9938073,
0,
0,
1.47922e-18,
0,
0.006122319,
4.510134e-23,
3.948978e-05,
2.545111e-05,
0,
0,
1.776402e-39,
0,
0,
0,
5.403108e-06,
1.483519e-11,
0,
1.742928e-16,
1.401648e-18,
0,
0,
3.058184e-34,
7.479956e-33,
0,
0.9768363,
0,
0,
3.618489e-16,
0,
0.02289883,
2.844059e-18,
0.0001448188,
9.523327e-05,
0,
0,
6.194647e-33,
0,
0,
0,
2.483302e-05,
3.084585e-10,
0,
1.76535e-13,
1.136599e-15,
0,
0,
6.845782e-30,
7.231425e-29,
0,
0.5527504,
0,
0,
7.801415e-14,
0,
0.1731461,
0.2673095,
0.003026735,
0.00220373,
0,
0,
1.114241e-16,
0,
0,
1.603364e-39,
0.0008894351,
8.009282e-09,
0,
0.0006741387,
6.840636e-09,
0,
0,
1.008936e-23,
2.519978e-24,
0,
0.9959213,
0,
0,
8.72494e-21,
0,
0.003131713,
0.0009224479,
1.434828e-05,
8.717358e-06,
0,
0,
2.522337e-44,
0,
0,
0,
1.431683e-06,
8.923478e-13,
0,
1.623563e-18,
8.960348e-21,
0,
0,
4.146745e-38,
1.644598e-36,
0,
0.9999952,
0,
0,
4.960597e-43,
0,
4.855423e-06,
0,
7.283187e-11,
2.164421e-11,
0,
0,
0,
0,
0,
0,
1.876891e-13,
8.229908e-27,
0,
3.006869e-35,
2.099425e-41,
0,
0,
0,
0,
0,
0.9944646,
0,
0,
4.650335e-20,
0,
0.005499719,
1.156492e-25,
2.075494e-05,
1.266353e-05,
0,
0,
3.124896e-43,
0,
0,
0,
2.213324e-06,
2.229789e-12,
0,
3.667857e-18,
2.886431e-20,
0,
0,
6.200765e-37,
2.502911e-35,
0,
0.9943609,
0,
0,
9.933523e-20,
0,
0.005599049,
1.560635e-22,
2.321393e-05,
1.427685e-05,
0,
0,
3.084272e-40,
0,
0,
0,
2.549301e-06,
3.004364e-12,
0,
1.811195e-16,
4.816108e-19,
0,
0,
3.584313e-36,
6.123435e-35,
0,
0.7572612,
0,
0,
6.606235e-13,
0,
0.2322271,
1.731219e-21,
0.005040047,
0.003814892,
0,
0,
2.533534e-31,
0,
0,
3.306294e-35,
0.001656682,
1.061624e-07,
0,
3.845666e-14,
2.196629e-14,
0,
0,
4.723348e-23,
2.53744e-21,
0,
0.7317808,
0,
0,
9.433974e-14,
0,
0.2456219,
0.009790363,
0.005556085,
0.004204581,
0,
0,
2.455569e-16,
0,
0,
4.375075e-37,
0.001914028,
1.35522e-08,
0,
0.0001117889,
1.169426e-08,
0,
0,
2.887846e-23,
4.577703e-23,
0.00102037,
0.7733427,
0,
0,
7.702584e-13,
0,
0.2167833,
3.487614e-13,
0.003904148,
0.002870458,
0,
0,
7.176358e-25,
0,
0,
4.466805e-37,
0.001227738,
3.856996e-08,
0,
5.800985e-10,
6.957313e-12,
0,
0,
2.433704e-23,
1.167671e-22,
0.001871631,
0.5215601,
0,
0,
1.789069e-11,
0,
0.4468354,
7.667134e-11,
0.01337244,
0.01080912,
0,
0,
6.825676e-22,
0,
0,
3.305382e-34,
0.007422164,
7.868602e-07,
0,
1.743858e-08,
1.690686e-10,
0,
0,
1.822095e-21,
5.565765e-21,
0,
0.9556106,
0,
0,
7.279622e-17,
0,
0.01672713,
2.259593e-18,
8.964491e-05,
5.794819e-05,
0,
0,
6.016823e-34,
0,
0,
0,
1.422271e-05,
1.001546e-10,
0,
1.021768e-13,
3.611302e-16,
0,
0,
2.331679e-31,
2.24247e-30,
0.02750042,
0.9797848,
0,
0,
1.98878e-19,
0,
0.005009721,
8.768907e-21,
2.086705e-05,
1.283189e-05,
0,
0,
6.874107e-39,
0,
0,
0,
2.420898e-06,
2.704841e-12,
0,
1.460656e-15,
1.816064e-18,
0,
0,
3.648321e-36,
4.01567e-35,
0.0151693,
0.9773858,
0,
0,
2.322279e-19,
0,
0.007450457,
3.67965e-22,
2.442234e-05,
1.489246e-05,
0,
0,
7.368125e-40,
0,
0,
0,
2.740831e-06,
3.512258e-12,
0,
3.040486e-16,
7.587542e-19,
0,
0,
5.582954e-36,
9.162033e-35,
0.01512173,
1,
0,
0,
0,
0,
7.739077e-16,
0,
1.492788e-29,
3.673579e-31,
0,
0,
0,
0,
0,
0,
4.2913e-38,
0,
0,
0,
0,
0,
0,
0,
0,
0,
0.9947506,
0,
0,
3.067053e-19,
0,
0.005210375,
1.104908e-17,
2.243199e-05,
1.381808e-05,
0,
0,
5.160435e-36,
0,
0,
0,
2.823595e-06,
3.743447e-12,
0,
6.749112e-14,
2.847152e-17,
0,
0,
1.729197e-35,
9.604681e-35,
0,
0.6692017,
0,
0,
5.915536e-12,
0,
0.315798,
1.472094e-11,
0.007077969,
0.005407663,
0,
0,
6.584679e-23,
0,
0,
2.36783e-35,
0.002514517,
8.884712e-08,
0,
5.923147e-09,
5.760821e-11,
0,
0,
3.441712e-22,
1.204772e-21,
0,
0.9976997,
0,
0,
1.186262e-21,
0,
0.002292306,
7.818591e-17,
4.889602e-06,
2.733124e-06,
0,
0,
2.135956e-38,
0,
0,
0,
4.184276e-07,
7.003282e-14,
0,
4.109235e-14,
1.371975e-18,
0,
0,
2.258473e-40,
6.320655e-40,
0,
0.999777,
0,
0,
2.675545e-30,
0,
0.0001831038,
4.069723e-29,
6.405205e-08,
2.81984e-08,
0,
0,
0,
0,
0,
0,
1.330204e-09,
5.435428e-19,
0,
1.568827e-22,
1.199134e-27,
0,
0,
0,
0,
3.978999e-05,
0.9999905,
0,
0,
2.511155e-40,
0,
9.508229e-06,
1.227371e-37,
2.625125e-10,
8.402473e-11,
0,
0,
0,
0,
0,
0,
1.093773e-12,
2.975431e-25,
0,
1.96027e-29,
1.822211e-36,
0,
0,
0,
0,
0,
0.5704121,
0,
0,
5.703157e-12,
0,
0.3994412,
3.253391e-16,
0.01340829,
0.01079474,
0,
0,
4.673211e-26,
0,
0,
2.858336e-33,
0.00594287,
8.48108e-07,
0,
3.158628e-11,
3.447398e-12,
0,
0,
2.197642e-21,
2.910431e-20,
0,
0.7771015,
0,
0,
1.415552e-12,
0,
0.2093852,
4.397134e-18,
0.004469241,
0.003372141,
0,
0,
1.805434e-28,
0,
0,
2.520868e-35,
0.001354626,
8.688892e-08,
0,
2.169766e-12,
2.841993e-13,
0,
0,
7.029969e-23,
1.384548e-21,
0.004317199,
0.9965739,
0,
0,
3.572127e-20,
0,
0.003401322,
1.682501e-19,
1.443674e-05,
8.714808e-06,
0,
0,
1.762936e-38,
0,
0,
0,
1.621459e-06,
1.165162e-12,
0,
5.024134e-15,
2.339699e-18,
0,
0,
4.181496e-37,
3.006555e-36,
0,
0.9784155,
0,
0,
3.777046e-16,
0,
0.02127403,
2.290813e-22,
0.0001661189,
0.0001121385,
0,
0,
5.189621e-36,
0,
0,
4.203895e-45,
3.219367e-05,
6.184477e-10,
0,
1.721085e-15,
8.630251e-17,
0,
0,
1.745494e-29,
6.027494e-28,
0,
1985, 
0.8010507,
0,
0,
6.28876e-13,
0,
0.1910264,
1.646383e-21,
0.003648067,
0.002726227,
0,
0,
3.094585e-31,
0,
0,
5.087874e-35,
0.001140614,
6.768544e-08,
0,
2.992775e-14,
1.750829e-14,
0,
0,
4.821494e-23,
2.543701e-21,
0.0004079476,
0.9806512,
0,
0,
2.039862e-15,
0,
0.01731627,
0.001726349,
0.0001478159,
0.0001058148,
0,
0,
1.676928e-17,
0,
0,
2.319429e-41,
3.34308e-05,
2.012563e-09,
0,
1.910565e-05,
1.375073e-09,
0,
0,
1.05325e-24,
1.737659e-25,
0,
0.9962787,
0,
0,
7.396106e-19,
0,
0.003685917,
2.255066e-23,
1.990458e-05,
1.279822e-05,
0,
0,
8.882046e-40,
0,
0,
0,
2.701558e-06,
7.417602e-12,
0,
8.714636e-17,
7.008246e-19,
0,
0,
1.529092e-34,
3.739977e-33,
0,
0.9830983,
0,
0,
1.809244e-16,
0,
0.01675209,
1.422029e-18,
8.30041e-05,
5.34735e-05,
0,
0,
3.09732e-33,
0,
0,
0,
1.317083e-05,
1.542291e-10,
0,
8.826749e-14,
5.682998e-16,
0,
0,
3.422889e-30,
3.61571e-29,
0,
0.5414073,
0,
0,
3.900705e-14,
0,
0.1464962,
0.3063081,
0.002479469,
0.0018013,
0,
0,
5.571206e-17,
0,
0,
8.016857e-40,
0.0007224492,
4.004628e-09,
0,
0.0007851454,
3.420315e-09,
0,
0,
5.044681e-24,
1.25999e-24,
0,
0.9972029,
0,
0,
4.362467e-21,
0,
0.001755051,
0.0009396916,
7.174073e-06,
4.358687e-06,
0,
0,
9.809089e-45,
0,
0,
0,
7.15844e-07,
4.461741e-13,
0,
8.11781e-19,
4.480176e-21,
0,
0,
2.073375e-38,
8.222988e-37,
9.007819e-05,
0.9999976,
0,
0,
2.480298e-43,
0,
2.427694e-06,
0,
3.641596e-11,
1.082211e-11,
0,
0,
0,
0,
0,
0,
9.384462e-14,
4.114947e-27,
0,
1.503435e-35,
1.049993e-41,
0,
0,
0,
0,
0,
0.9964406,
0,
0,
2.325169e-20,
0,
0.003541184,
5.78246e-26,
1.062986e-05,
6.429131e-06,
0,
0,
1.555441e-43,
0,
0,
0,
1.106659e-06,
1.11489e-12,
0,
1.833927e-18,
1.443214e-20,
0,
0,
3.100382e-37,
1.251455e-35,
0,
0.9965034,
0,
0,
4.966761e-20,
0,
0.003476228,
7.803182e-23,
1.18856e-05,
7.255661e-06,
0,
0,
1.542115e-40,
0,
0,
0,
1.274646e-06,
1.502189e-12,
0,
9.055979e-17,
2.408054e-19,
0,
0,
1.792157e-36,
3.061715e-35,
0,
0.7858969,
0,
0,
3.303114e-13,
0,
0.20545,
8.656091e-22,
0.004179922,
0.003144999,
0,
0,
1.266766e-31,
0,
0,
1.653149e-35,
0.00132818,
5.308164e-08,
0,
1.922835e-14,
1.098315e-14,
0,
0,
2.361675e-23,
1.26872e-21,
0,
0.7615007,
0,
0,
4.716989e-14,
0,
0.2224408,
0.00489518,
0.004839319,
0.003659315,
0,
0,
1.227784e-16,
0,
0,
2.187536e-37,
0.001665841,
6.77602e-09,
0,
5.589444e-05,
5.847133e-09,
0,
0,
1.443924e-23,
2.288852e-23,
0.0009429572,
0.797959,
0,
0,
3.85129e-13,
0,
0.1925869,
1.743807e-13,
0.003292857,
0.002413163,
0,
0,
3.588179e-25,
0,
0,
2.233402e-37,
0.001024092,
1.928482e-08,
0,
2.900493e-10,
3.478658e-12,
0,
0,
1.216852e-23,
5.83836e-23,
0.00272398,
0.5611119,
0,
0,
8.945354e-12,
0,
0.4094627,
3.833567e-11,
0.01240639,
0.01004893,
0,
0,
3.412835e-22,
0,
0,
1.652692e-34,
0.006969478,
6.250554e-07,
0,
8.71929e-09,
8.453436e-11,
0,
0,
9.110476e-22,
2.782883e-21,
0,
0.9494494,
0,
0,
3.639812e-17,
0,
0.01221022,
1.129796e-18,
5.019617e-05,
3.183217e-05,
0,
0,
3.008413e-34,
0,
0,
0,
7.415205e-06,
5.007736e-11,
0,
5.108837e-14,
1.805651e-16,
0,
0,
1.165838e-31,
1.121235e-30,
0.03825093,
0.9754541,
0,
0,
9.9439e-20,
0,
0.003056046,
4.384451e-21,
1.061248e-05,
6.497858e-06,
0,
0,
3.437057e-39,
0,
0,
0,
1.210453e-06,
1.352428e-12,
0,
7.303279e-16,
9.080323e-19,
0,
0,
1.82416e-36,
2.007836e-35,
0.02147153,
0.9728968,
0,
0,
1.161141e-19,
0,
0.005656828,
1.839827e-22,
1.319296e-05,
7.889766e-06,
0,
0,
3.684084e-40,
0,
0,
0,
1.370406e-06,
1.756135e-12,
0,
1.520242e-16,
3.793769e-19,
0,
0,
2.791478e-36,
4.581016e-35,
0.02142393,
1,
0,
0,
0,
0,
3.869526e-16,
0,
7.463995e-30,
1.836779e-31,
0,
0,
0,
0,
0,
0,
2.145664e-38,
0,
0,
0,
0,
0,
0,
0,
0,
0,
0.9968088,
0,
0,
1.533527e-19,
0,
0.00317137,
5.524536e-18,
1.142382e-05,
6.995946e-06,
0,
0,
2.580217e-36,
0,
0,
0,
1.411794e-06,
1.871713e-12,
0,
3.374555e-14,
1.423576e-17,
0,
0,
8.645988e-36,
4.802344e-35,
0,
0.697093,
0,
0,
2.957769e-12,
0,
0.2891296,
7.360464e-12,
0.006475478,
0.004964183,
0,
0,
3.292341e-23,
0,
0,
1.183915e-35,
0.002337707,
4.442328e-08,
0,
2.961574e-09,
2.880409e-11,
0,
0,
1.720857e-22,
6.023858e-22,
0,
0.9986305,
0,
0,
5.931307e-22,
0,
0.001365433,
3.909294e-17,
2.461261e-06,
1.366572e-06,
0,
0,
1.067979e-38,
0,
0,
0,
2.092132e-07,
3.501647e-14,
0,
2.054615e-14,
6.859881e-19,
0,
0,
1.129264e-40,
3.160334e-40,
0,
0.9998536,
0,
0,
1.337774e-30,
0,
9.59543e-05,
2.034861e-29,
3.20265e-08,
1.409924e-08,
0,
0,
0,
0,
0,
0,
6.650994e-10,
2.717698e-19,
0,
7.84414e-23,
5.995673e-28,
0,
0,
0,
0,
5.041845e-05,
0.9999952,
0,
0,
1.255577e-40,
0,
4.754102e-06,
6.136857e-38,
1.312569e-10,
4.201202e-11,
0,
0,
0,
0,
0,
0,
5.46884e-13,
1.48772e-25,
0,
9.801349e-30,
9.111051e-37,
0,
0,
0,
0,
0,
0.5977421,
0,
0,
2.851579e-12,
0,
0.373524,
1.626697e-16,
0.01269516,
0.01027388,
0,
0,
2.336606e-26,
0,
0,
1.429168e-33,
0.005764123,
7.872296e-07,
0,
1.579314e-11,
1.723699e-12,
0,
0,
1.098821e-21,
1.455216e-20,
0,
0.8064182,
0,
0,
7.077759e-13,
0,
0.1800667,
2.198565e-18,
0.003565083,
0.002669867,
0,
0,
9.027168e-29,
0,
0,
1.260434e-35,
0.001029239,
4.344474e-08,
0,
1.084882e-12,
1.420997e-13,
0,
0,
3.514985e-23,
6.922734e-22,
0.006250937,
0.9980703,
0,
0,
1.786063e-20,
0,
0.001917305,
8.412502e-20,
7.237551e-06,
4.357349e-06,
0,
0,
8.814693e-39,
0,
0,
0,
8.107291e-07,
5.825828e-13,
0,
2.512065e-15,
1.169851e-18,
0,
0,
2.090747e-37,
1.503278e-36,
0,
0.9849408,
0,
0,
1.888521e-16,
0,
0.01488919,
1.145406e-22,
9.220526e-05,
6.114497e-05,
0,
0,
2.594809e-36,
0,
0,
4.203895e-45,
1.668262e-05,
3.092241e-10,
0,
8.605431e-16,
4.315129e-17,
0,
0,
8.727467e-30,
3.013748e-28,
0,
1986, 
0.8235531,
0,
0,
0,
0,
0.1697874,
1.413639e-27,
0.00299653,
0.002224198,
0,
0,
5.642373e-37,
0,
0,
8.035606e-41,
0.000891616,
3.836931e-13,
0,
0,
0,
0,
0,
0,
0,
0.000547193,
0.9863185,
0,
0,
1.270549e-21,
0,
0.01362642,
2.328306e-10,
3.310993e-05,
1.962604e-05,
0,
0,
6.617445e-24,
0,
0,
1.401298e-45,
2.334269e-06,
0,
0,
2.910383e-11,
0,
0,
0,
1.577722e-30,
3.451266e-31,
0,
0.9987845,
0,
0,
5.169878e-25,
0,
0.001214993,
0,
3.193818e-07,
1.453318e-07,
0,
0,
7.006492e-45,
0,
0,
0,
8.640199e-12,
1.561251e-17,
0,
0,
1.447566e-24,
0,
0,
0,
0,
0,
0.9894456,
0,
0,
0,
0,
0.01052028,
0,
2.110298e-05,
1.156081e-05,
0,
0,
0,
0,
0,
0,
1.50865e-06,
0,
0,
4.065758e-20,
7.411538e-22,
0,
0,
0,
0,
0,
0.5399069,
0,
0,
0,
0,
0.120736,
0.3345821,
0.001943611,
0.001407455,
0,
0,
1.323489e-23,
0,
0,
7.006492e-45,
0.0005598664,
0,
0,
0.0008639549,
0,
0,
0,
2.366583e-30,
2.366583e-30,
0,
0.9983437,
0,
0,
0,
0,
0.0003824035,
0.0009127265,
0,
1.546141e-11,
0,
0,
0,
0,
0,
0,
4.888534e-12,
3.794708e-19,
0,
0,
2.423381e-27,
0,
0,
3.923636e-44,
0,
0.0003611789,
1,
0,
0,
0,
0,
0,
0,
5.551115e-17,
8.673617e-18,
0,
0,
0,
0,
0,
0,
2.032879e-19,
0,
0,
2.008901e-41,
5.605194e-45,
0,
0,
0,
0,
0,
0.9984324,
0,
0,
2.261822e-26,
0,
0.001566902,
0,
5.047896e-07,
1.947283e-07,
0,
0,
0,
0,
0,
0,
0,
0,
0,
0,
0,
0,
0,
0,
0,
0,
0.9986444,
0,
0,
0,
0,
0.001354796,
1.514613e-28,
5.572746e-07,
2.344686e-07,
0,
0,
0,
0,
0,
0,
0,
1.387779e-17,
0,
9.264422e-23,
0,
0,
0,
7.174648e-43,
0,
0,
0.8144161,
0,
0,
0,
0,
0.1787586,
0,
0.003331673,
0.00248561,
0,
0,
0,
0,
0,
3.443831e-41,
0.001008032,
8.597567e-13,
0,
3.049319e-20,
0,
0,
0,
2.208811e-29,
1.413639e-27,
0,
0.7878833,
0,
0,
4.743385e-20,
0,
0.202223,
0,
0.004264322,
0.003233761,
0,
0,
0,
0,
0,
0,
0.001503354,
0,
0,
0,
6.217249e-15,
0,
0,
2.524355e-29,
2.208811e-29,
0.000892295,
0.8223756,
0,
0,
0,
0,
0.1689247,
0,
0.002704654,
0.001975073,
0,
0,
0,
0,
0,
0,
0.0008340666,
0,
0,
1.665335e-16,
3.035766e-18,
0,
0,
0,
1.009742e-28,
0.003185898,
0.5996633,
0,
0,
1.387779e-17,
0,
0.3727662,
0,
0.01154773,
0.009390146,
0,
0,
0,
0,
0,
1.607121e-40,
0.006632084,
6.008812e-07,
0,
0,
1.249001e-16,
0,
0,
0,
4.038968e-28,
0,
0.946548,
0,
0,
1.985233e-23,
0,
0.0076904,
0,
1.073875e-05,
5.711554e-06,
0,
0,
2.295887e-40,
0,
0,
0,
6.076971e-07,
1.734723e-16,
0,
0,
2.646978e-23,
0,
0,
0,
0,
0.04574456,
0.9731211,
0,
0,
0,
0,
0.001097739,
0,
3.578953e-07,
1.638209e-07,
0,
0,
5.605194e-45,
0,
0,
0,
6.366463e-12,
1.496199e-17,
0,
0,
2.067952e-25,
0,
0,
0,
2.008901e-41,
0.02578061,
0.97067,
0,
0,
2.067952e-25,
0,
0.003827502,
3.534097e-28,
1.914344e-06,
8.60377e-07,
0,
0,
4.203895e-45,
0,
0,
0,
0,
1.23599e-17,
0,
0,
0,
0,
0,
1.793662e-42,
0,
0.02549966,
1,
0,
0,
0,
0,
0,
0,
1.128475e-34,
0,
0,
0,
0,
0,
0,
0,
2.746545e-43,
0,
0,
0,
0,
0,
0,
0,
0,
0,
0.9988629,
0,
0,
0,
0,
0.001136512,
0,
4.156554e-07,
1.73809e-07,
0,
0,
0,
0,
0,
0,
0,
0,
0,
0,
0,
0,
0,
5.739719e-42,
8.035606e-41,
0,
0.7227157,
0,
0,
3.035766e-18,
0,
0.2643539,
0,
0.006016632,
0.004648182,
0,
0,
4.417621e-29,
0,
0,
0,
0.002265526,
0,
0,
1.332268e-15,
0,
0,
0,
1.767049e-28,
0,
0,
0.999561,
0,
0,
0,
0,
0.0004389643,
0,
3.292052e-08,
1.909939e-11,
0,
0,
1.961818e-44,
0,
0,
0,
0,
1.28749e-19,
0,
0,
9.305782e-25,
0,
0,
5.605194e-45,
1.401298e-45,
0,
0.9999377,
0,
0,
1.316554e-36,
0,
8.817494e-06,
0,
9.379165e-13,
8.348878e-14,
0,
0,
0,
0,
0,
0,
0,
0,
0,
3.786533e-29,
4.814825e-34,
0,
0,
0,
0,
5.344288e-05,
1,
0,
0,
0,
0,
0,
3.363116e-44,
1.415534e-15,
0,
0,
0,
0,
0,
0,
0,
0,
8.874686e-31,
0,
0,
0,
0,
0,
0,
0,
0,
0.6229447,
0,
0,
2.168404e-18,
0,
0.3490956,
2.38228e-22,
0.01220642,
0.009966295,
0,
0,
1.540744e-32,
0,
0,
0,
0.005786174,
8.33621e-07,
0,
0,
2.168404e-19,
0,
0,
0,
0,
0,
0.8368474,
0,
0,
0,
0,
0.1515607,
0,
0.002682307,
0.001984542,
0,
0,
1.203706e-35,
0,
0,
0,
0.0007120993,
5.613287e-13,
0,
0,
0,
0,
0,
1.893266e-29,
0,
0.006213015,
0.9995621,
0,
0,
0,
0,
0.0004378212,
0,
3.836339e-08,
0,
0,
0,
1.821688e-44,
0,
0,
0,
0,
2.927346e-18,
0,
0,
1.861156e-24,
0,
0,
0,
1.255563e-42,
0,
0.9914365,
0,
0,
0,
0,
0.00853383,
0,
1.831719e-05,
1.015142e-05,
0,
0,
0,
0,
0,
4.203895e-45,
1.171571e-06,
4.996004e-16,
0,
1.482308e-21,
5.9557e-23,
0,
0,
0,
2.407413e-34,
0,
1987, 
0.8380597,
0,
0,
0,
0,
0.154994,
1.413639e-27,
0.002705138,
0.002024431,
0,
0,
5.642373e-37,
0,
0,
8.035606e-41,
0.0008509784,
3.836931e-13,
0,
0,
0,
0,
0,
0,
0,
0.001365749,
0.9857022,
0,
0,
1.270549e-21,
0,
0.01422989,
2.328306e-10,
3.985146e-05,
2.461939e-05,
0,
0,
6.617445e-24,
0,
0,
1.401298e-45,
3.501284e-06,
0,
0,
2.910383e-11,
0,
0,
0,
1.577722e-30,
3.451266e-31,
0,
0.9991521,
0,
0,
5.169879e-25,
0,
0.0008477436,
0,
1.404549e-07,
6.347609e-08,
0,
0,
7.006492e-45,
0,
0,
0,
8.6402e-12,
1.561251e-17,
0,
0,
1.447566e-24,
0,
0,
0,
0,
0,
0.9925663,
0,
0,
0,
0,
0.007415211,
0,
1.160591e-05,
6.165414e-06,
0,
0,
0,
0,
0,
0,
7.458625e-07,
0,
0,
4.065758e-20,
7.411538e-22,
0,
0,
0,
0,
0,
0.5541033,
0,
0,
0,
0,
0.09871291,
0.343246,
0.001512236,
0.001093825,
0,
0,
1.323489e-23,
0,
0,
7.006492e-45,
0.0004354402,
0,
0,
0.000896239,
0,
0,
0,
2.366583e-30,
2.366583e-30,
0,
0.9978819,
0,
0,
0,
0,
0.0003255034,
0.001038332,
0,
1.546141e-11,
0,
0,
0,
0,
0,
0,
4.888534e-12,
3.794707e-19,
0,
0,
2.423381e-27,
0,
0,
3.923636e-44,
0,
0.0007542181,
1,
0,
0,
0,
0,
0,
0,
5.551115e-17,
8.673617e-18,
0,
0,
0,
0,
0,
0,
2.032879e-19,
0,
0,
2.008901e-41,
5.605194e-45,
0,
0,
0,
0,
0,
0.9988707,
0,
0,
2.261822e-26,
0,
0.00112887,
0,
2.893217e-07,
1.052424e-07,
0,
0,
0,
0,
0,
0,
0,
0,
0,
0,
0,
0,
0,
0,
0,
0,
0.9991347,
0,
0,
0,
0,
0.0008649071,
1.514613e-28,
2.630759e-07,
1.027067e-07,
0,
0,
0,
0,
0,
0,
0,
1.387779e-17,
0,
9.264422e-23,
0,
0,
0,
7.174648e-43,
0,
0,
0.8365808,
0,
0,
0,
0,
0.1576783,
0,
0.002796675,
0.002087262,
0,
0,
0,
0,
0,
3.443831e-41,
0.0008570324,
8.597568e-13,
0,
3.049319e-20,
0,
0,
0,
2.208811e-29,
1.413639e-27,
0,
0.8033802,
0,
0,
4.743385e-20,
0,
0.1872066,
0,
0.003970121,
0.003047626,
0,
0,
0,
0,
0,
0,
0.001525434,
0,
0,
0,
6.217249e-15,
0,
0,
2.524355e-29,
2.208811e-29,
0.0008700733,
0.8407211,
0,
0,
0,
0,
0.1501974,
0,
0.002339797,
0.001715576,
0,
0,
0,
0,
0,
0,
0.0007474067,
0,
0,
1.665334e-16,
3.035766e-18,
0,
0,
0,
1.009742e-28,
0.004278685,
0.6313039,
0,
0,
1.387779e-17,
0,
0.341918,
0,
0.01109209,
0.009081626,
0,
0,
0,
0,
0,
1.607121e-40,
0.006603654,
7.215307e-07,
0,
0,
1.249001e-16,
0,
0,
0,
4.038968e-28,
0,
0.9378526,
0,
0,
1.985233e-23,
0,
0.005808428,
0,
6.588711e-06,
3.44864e-06,
0,
0,
2.295887e-40,
0,
0,
0,
3.163311e-07,
1.734723e-16,
0,
0,
2.646978e-23,
0,
0,
0,
0,
0.05632859,
0.967166,
0,
0,
0,
0,
0.0006992953,
0,
1.6187e-07,
7.364198e-08,
0,
0,
5.605194e-45,
0,
0,
0,
6.366463e-12,
1.496199e-17,
0,
0,
2.067952e-25,
0,
0,
0,
2.008901e-41,
0.03213448,
0.9649591,
0,
0,
2.067952e-25,
0,
0.003527013,
3.534097e-28,
1.786e-06,
7.18669e-07,
0,
0,
4.203895e-45,
0,
0,
0,
0,
1.23599e-17,
0,
0,
0,
0,
0,
1.793662e-42,
0,
0.03151136,
1,
0,
0,
0,
0,
0,
0,
1.128475e-34,
0,
0,
0,
0,
0,
0,
0,
2.746545e-43,
0,
0,
0,
0,
0,
0,
0,
0,
0,
0.999276,
0,
0,
0,
0,
0.0007237261,
0,
1.877429e-07,
7.255719e-08,
0,
0,
0,
0,
0,
0,
0,
0,
0,
0,
0,
0,
0,
5.739719e-42,
8.035606e-41,
0,
0.7406047,
0,
0,
3.035766e-18,
0,
0.246319,
0,
0.005955428,
0.004669487,
0,
0,
4.417621e-29,
0,
0,
0,
0.002451358,
0,
0,
1.332268e-15,
0,
0,
0,
1.767048e-28,
0,
0,
0.9997095,
0,
0,
0,
0,
0.0002905008,
0,
1.056937e-08,
1.909939e-11,
0,
0,
1.961818e-44,
0,
0,
0,
0,
1.28749e-19,
0,
0,
9.305783e-25,
0,
0,
5.605194e-45,
1.401298e-45,
0,
0.9999433,
0,
0,
1.316554e-36,
0,
5.918936e-06,
0,
9.379165e-13,
8.348878e-14,
0,
0,
0,
0,
0,
0,
0,
0,
0,
3.786533e-29,
4.814825e-34,
0,
0,
0,
0,
5.082472e-05,
1,
0,
0,
0,
0,
0,
3.363116e-44,
1.415534e-15,
0,
0,
0,
0,
0,
0,
0,
0,
8.874685e-31,
0,
0,
0,
0,
0,
0,
0,
0,
0.6409007,
0,
0,
2.168404e-18,
0,
0.3305555,
2.38228e-22,
0.01221949,
0.01011068,
0,
0,
1.540744e-32,
0,
0,
0,
0.006212494,
1.138322e-06,
0,
0,
2.168404e-19,
0,
0,
0,
0,
0,
0.8594593,
0,
0,
0,
0,
0.1301171,
0,
0.002135619,
0.001575458,
0,
0,
1.203706e-35,
0,
0,
0,
0.0005628583,
5.613288e-13,
0,
0,
0,
0,
0,
1.893266e-29,
0,
0.006149629,
0.9996876,
0,
0,
0,
0,
0.0002953783,
0,
1.149051e-08,
0,
0,
0,
1.821688e-44,
0,
0,
0,
0,
2.927346e-18,
0,
0,
1.861157e-24,
0,
0,
0,
1.255563e-42,
1.70465e-05,
0.994244,
0,
0,
0,
0,
0.005740539,
0,
9.675952e-06,
5.16999e-06,
0,
0,
0,
0,
0,
4.203895e-45,
5.601423e-07,
4.996004e-16,
0,
1.482308e-21,
5.955701e-23,
0,
0,
0,
2.407413e-34,
0,
1988, 
0.8498727,
0,
0,
0,
0,
0.143757,
1.413639e-27,
0.002401095,
0.001809285,
0,
0,
5.642372e-37,
0,
0,
8.035606e-41,
0.0007941599,
3.836931e-13,
0,
0,
0,
0,
0,
0,
0,
0.001365749,
0.9848963,
0,
0,
1.27055e-21,
0,
0.01502534,
2.328306e-10,
4.547722e-05,
2.859299e-05,
0,
0,
6.617445e-24,
0,
0,
1.401298e-45,
4.30532e-06,
0,
0,
2.910383e-11,
0,
0,
0,
1.577722e-30,
3.451267e-31,
0,
0.9994138,
0,
0,
5.169879e-25,
0,
0.0005861609,
0,
3.940454e-08,
1.772682e-08,
0,
0,
7.006492e-45,
0,
0,
0,
8.640201e-12,
1.561251e-17,
0,
0,
1.447566e-24,
0,
0,
0,
0,
0,
0.9949065,
0,
0,
0,
0,
0.00508499,
0,
5.470195e-06,
2.725217e-06,
0,
0,
0,
0,
0,
0,
2.737216e-07,
0,
0,
4.065758e-20,
7.411539e-22,
0,
0,
0,
0,
0,
0.5666849,
0,
0,
0,
0,
0.0796634,
0.3505247,
0.001081446,
0.0007779849,
0,
0,
1.323489e-23,
0,
0,
7.006492e-45,
0.0003064083,
0,
0,
0.0009040905,
0,
0,
0,
2.366583e-30,
2.366583e-30,
5.710467e-05,
0.997134,
0,
0,
0,
0,
0.000279037,
0.001035044,
0,
1.546141e-11,
0,
0,
0,
0,
0,
0,
4.888534e-12,
3.794708e-19,
0,
0,
2.423381e-27,
0,
0,
3.923636e-44,
0,
0.00155191,
1,
0,
0,
0,
0,
0,
0,
5.551116e-17,
8.673618e-18,
0,
0,
0,
0,
0,
0,
2.032879e-19,
0,
0,
2.008901e-41,
5.605194e-45,
0,
0,
0,
0,
0,
0.9992319,
0,
0,
2.261822e-26,
0,
0.0007678785,
0,
1.227415e-07,
3.781577e-08,
0,
0,
0,
0,
0,
0,
0,
0,
0,
0,
0,
0,
0,
0,
0,
0,
0.9994719,
0,
0,
0,
0,
0.0005279607,
1.514613e-28,
9.449908e-08,
3.083732e-08,
0,
0,
0,
0,
0,
0,
0,
1.387779e-17,
0,
9.264422e-23,
0,
0,
0,
7.174648e-43,
0,
0,
0.8549135,
0,
0,
0,
0,
0.1404518,
0,
0.002258288,
0.001681593,
0,
0,
0,
0,
0,
3.443831e-41,
0.0006948413,
8.597567e-13,
0,
3.049319e-20,
0,
0,
0,
2.208811e-29,
1.413639e-27,
0,
0.8121971,
0,
0,
4.743385e-20,
0,
0.178483,
0,
0.003850047,
0.003004736,
0,
0,
0,
0,
0,
0,
0.001653505,
0,
0,
0,
6.217249e-15,
0,
0,
2.524355e-29,
2.208811e-29,
0.0008115707,
0.8568214,
0,
0,
0,
0,
0.134584,
0,
0.001977064,
0.00145358,
0,
0,
0,
0,
0,
0,
0.0006521327,
0,
0,
1.665334e-16,
3.035766e-18,
0,
0,
0,
1.009742e-28,
0.004511767,
0.6584913,
0,
0,
1.387779e-17,
0,
0.3157564,
0,
0.01055388,
0.008697168,
0,
0,
0,
0,
0,
1.607121e-40,
0.006500427,
8.094635e-07,
0,
0,
1.249001e-16,
0,
0,
0,
4.038968e-28,
0,
0.9338361,
0,
0,
1.985233e-23,
0,
0.00434465,
0,
3.518493e-06,
1.790783e-06,
0,
0,
2.295887e-40,
0,
0,
0,
1.174593e-07,
1.734723e-16,
0,
0,
2.646978e-23,
0,
0,
0,
0,
0.0618138,
0.9651963,
0,
0,
0,
0,
0.0004218471,
0,
4.688306e-08,
2.117391e-08,
0,
0,
5.605194e-45,
0,
0,
0,
6.366463e-12,
1.496199e-17,
0,
0,
2.067952e-25,
0,
0,
0,
2.008901e-41,
0.03438184,
0.9625365,
0,
0,
2.067952e-25,
0,
0.003157449,
3.534097e-28,
1.493427e-06,
5.913828e-07,
0,
0,
4.203895e-45,
0,
0,
0,
0,
1.23599e-17,
0,
0,
0,
0,
0,
1.793662e-42,
0,
0.03430397,
1,
0,
0,
0,
0,
0,
0,
1.128475e-34,
0,
0,
0,
0,
0,
0,
0,
2.746545e-43,
0,
0,
0,
0,
0,
0,
0,
0,
0,
0.9995493,
0,
0,
0,
0,
0.0004506491,
0,
6.134508e-08,
1.910536e-08,
0,
0,
0,
0,
0,
0,
0,
0,
0,
0,
0,
0,
0,
5.739719e-42,
8.035606e-41,
0,
0.7534005,
0,
0,
3.035766e-18,
0,
0.2332575,
0,
0.005939974,
0.004729401,
0,
0,
4.417621e-29,
0,
0,
0,
0.002672551,
0,
0,
1.332268e-15,
0,
0,
0,
1.767048e-28,
0,
0,
0.9998152,
0,
0,
0,
0,
0.0001848135,
0,
0,
1.909939e-11,
0,
0,
1.961818e-44,
0,
0,
0,
0,
1.28749e-19,
0,
0,
9.305782e-25,
0,
0,
5.605194e-45,
1.401298e-45,
0,
0.9999484,
0,
0,
1.316554e-36,
0,
3.960463e-06,
0,
9.379164e-13,
8.348877e-14,
0,
0,
0,
0,
0,
0,
0,
0,
0,
3.786532e-29,
4.814825e-34,
0,
0,
0,
0,
4.76258e-05,
1,
0,
0,
0,
0,
0,
3.363116e-44,
1.415534e-15,
0,
0,
0,
0,
0,
0,
0,
0,
8.874685e-31,
0,
0,
0,
0,
0,
0,
0,
0,
0.653828,
0,
0,
2.168404e-18,
0,
0.3170215,
2.38228e-22,
0.01223309,
0.01025676,
0,
0,
1.540744e-32,
0,
0,
0,
0.0066592,
1.480687e-06,
0,
0,
2.168404e-19,
0,
0,
0,
0,
0,
0.8774248,
0,
0,
0,
0,
0.1134907,
0,
0.001614698,
0.001182603,
0,
0,
1.203706e-35,
0,
0,
0,
0.0004154898,
5.613288e-13,
0,
0,
0,
0,
0,
1.893266e-29,
0,
0.005871686,
0.9997746,
0,
0,
0,
0,
0.0001994278,
0,
1.670122e-10,
0,
0,
0,
1.821688e-44,
0,
0,
0,
0,
2.927346e-18,
0,
0,
1.861156e-24,
0,
0,
0,
1.255563e-42,
2.600443e-05,
0.9962565,
0,
0,
0,
0,
0.003737272,
0,
4.035144e-06,
1.992241e-06,
0,
0,
0,
0,
0,
4.203895e-45,
1.744749e-07,
4.996004e-16,
0,
1.482308e-21,
5.955701e-23,
0,
0,
0,
2.407413e-34,
0,
1989, 
0.8586978,
0,
0,
0,
0,
0.135299,
1.413639e-27,
0.002201006,
0.001671292,
0,
0,
5.642373e-37,
0,
0,
8.035606e-41,
0.0007662694,
3.836931e-13,
0,
0,
0,
0,
0,
0,
0,
0.001364587,
0.9838933,
0,
0,
1.270549e-21,
0,
0.01601913,
2.328306e-10,
5.062508e-05,
3.204738e-05,
0,
0,
6.617445e-24,
0,
0,
1.401298e-45,
4.917244e-06,
0,
0,
2.910383e-11,
0,
0,
0,
1.577722e-30,
3.451266e-31,
0,
0.9995697,
0,
0,
5.169878e-25,
0,
0.0004303127,
0,
0,
3.644018e-11,
0,
0,
7.006492e-45,
0,
0,
0,
8.640199e-12,
1.561251e-17,
0,
0,
1.447566e-24,
0,
0,
0,
0,
0,
0.9964807,
0,
0,
0,
0,
0.003516186,
0,
2.147057e-06,
8.998159e-07,
0,
0,
0,
0,
0,
0,
4.313951e-08,
0,
0,
4.065758e-20,
7.411538e-22,
0,
0,
0,
0,
0,
0.5815943,
0,
0,
0,
0,
0.0644427,
0.3515423,
0.0007434343,
0.0005301613,
0,
0,
1.323489e-23,
0,
0,
7.006492e-45,
0.0002063254,
0,
0,
0.0008836854,
0,
0,
0,
2.366583e-30,
2.366583e-30,
5.710468e-05,
0.9962299,
0,
0,
0,
0,
0.0002504325,
0.000999372,
0,
1.546141e-11,
0,
0,
0,
0,
0,
0,
4.888534e-12,
3.794707e-19,
0,
0,
2.423381e-27,
0,
0,
3.923636e-44,
0,
0.002520235,
1,
0,
0,
0,
0,
0,
0,
5.551116e-17,
8.673618e-18,
0,
0,
0,
0,
0,
0,
2.032879e-19,
0,
0,
2.008901e-41,
5.605194e-45,
0,
0,
0,
0,
0,
0.9994859,
0,
0,
2.261822e-26,
0,
0.0005140775,
0,
2.065975e-08,
0,
0,
0,
0,
0,
0,
0,
0,
0,
0,
0,
0,
0,
0,
0,
0,
0,
0.9996763,
0,
0,
0,
0,
0.0003236399,
1.514613e-28,
1.365088e-08,
0,
0,
0,
0,
0,
0,
0,
0,
1.387779e-17,
0,
9.264422e-23,
0,
0,
0,
7.174648e-43,
0,
0,
0.869919,
0,
0,
0,
0,
0.1262742,
0,
0.001852708,
0.001377726,
0,
0,
0,
0,
0,
3.443831e-41,
0.0005763588,
8.597567e-13,
0,
3.049318e-20,
0,
0,
0,
2.20881e-29,
1.413639e-27,
0,
0.8156999,
0,
0,
4.743385e-20,
0,
0.1745932,
0,
0.00394009,
0.003131997,
0,
0,
0,
0,
0,
0,
0.001891917,
0,
0,
0,
6.217249e-15,
0,
0,
2.524355e-29,
2.208811e-29,
0.0007429704,
0.8699753,
0,
0,
0,
0,
0.1216365,
0,
0.001670455,
0.001230694,
0,
0,
0,
0,
0,
0,
0.0005676929,
0,
0,
1.665335e-16,
3.035766e-18,
0,
0,
0,
0.0003057026,
0.004613629,
0.6819666,
0,
0,
1.387779e-17,
0,
0.2934452,
0,
0.009978697,
0.008270649,
0,
0,
0,
0,
0,
1.607121e-40,
0.006337962,
8.55889e-07,
0,
0,
1.249001e-16,
0,
0,
0,
4.038968e-28,
0,
0.9321513,
0,
0,
1.985233e-23,
0,
0.003373877,
0,
1.816186e-06,
8.861128e-07,
0,
0,
2.295887e-40,
0,
0,
0,
1.788924e-08,
1.734723e-16,
0,
0,
2.646978e-23,
0,
0,
0,
0,
0.06447206,
0.964081,
0,
0,
0,
0,
0.0002612213,
0,
0,
7.467804e-12,
0,
0,
5.605194e-45,
0,
0,
0,
6.366463e-12,
1.496199e-17,
0,
0,
2.067952e-25,
0,
0,
0,
2.008901e-41,
0.03565781,
0.9614579,
0,
0,
2.067951e-25,
0,
0.002821821,
3.534097e-28,
1.257985e-06,
4.897965e-07,
0,
0,
4.203895e-45,
0,
0,
0,
0,
1.23599e-17,
0,
0,
0,
0,
0,
1.793662e-42,
0,
0.03571852,
1,
0,
0,
0,
0,
0,
0,
1.128475e-34,
0,
0,
0,
0,
0,
0,
0,
2.746545e-43,
0,
0,
0,
0,
0,
0,
0,
0,
0,
0.9997021,
0,
0,
0,
0,
0.0002978783,
0,
9.26656e-09,
1.681499e-11,
0,
0,
0,
0,
0,
0,
0,
0,
0,
0,
0,
0,
0,
5.739719e-42,
8.035606e-41,
0,
0.7622656,
0,
0,
3.035766e-18,
0,
0.2240086,
0,
0.005984168,
0.004831608,
0,
0,
4.417621e-29,
0,
0,
0,
0.00290999,
0,
0,
1.332268e-15,
0,
0,
0,
1.767048e-28,
0,
0,
0.9998782,
0,
0,
0,
0,
0.0001217851,
0,
0,
1.909939e-11,
0,
0,
1.961818e-44,
0,
0,
0,
0,
1.28749e-19,
0,
0,
9.305782e-25,
0,
0,
5.605194e-45,
1.401298e-45,
0,
0.9999534,
0,
0,
1.316554e-36,
0,
3.002106e-06,
0,
9.379164e-13,
8.348877e-14,
0,
0,
0,
0,
0,
0,
0,
0,
0,
3.786532e-29,
4.814825e-34,
0,
0,
0,
0,
4.352965e-05,
1,
0,
0,
0,
0,
0,
3.363116e-44,
1.415534e-15,
0,
0,
0,
0,
0,
0,
0,
0,
8.874686e-31,
0,
0,
0,
0,
0,
0,
0,
0,
0.6630712,
0,
0,
2.168404e-18,
0,
0.306966,
2.38228e-22,
0.01233946,
0.01047251,
0,
0,
1.540744e-32,
0,
0,
0,
0.007149025,
1.828297e-06,
0,
0,
2.168404e-19,
0,
0,
0,
0,
0,
0.8911221,
0,
0,
0,
0,
0.1009177,
0,
0.001251775,
0.000911352,
0,
0,
1.203706e-35,
0,
0,
0,
0.0003178286,
5.613288e-13,
0,
0,
0,
0,
0,
1.893266e-29,
0,
0.005479213,
0.9998284,
0,
0,
0,
0,
0.000145603,
0,
1.670122e-10,
0,
0,
0,
1.821688e-44,
0,
0,
0,
0,
2.927346e-18,
0,
0,
1.861156e-24,
0,
0,
0,
1.255563e-42,
2.600443e-05,
0.9974884,
0,
0,
0,
0,
0.002509947,
0,
1.223053e-06,
4.370265e-07,
0,
0,
0,
0,
0,
4.203895e-45,
1.949358e-08,
4.996004e-16,
0,
1.482308e-21,
5.9557e-23,
0,
0,
0,
2.407412e-34,
0,
1990, 
0.8612248,
0,
0,
0,
0,
0.1295934,
1.413639e-27,
0.002100623,
0.00160637,
0,
0,
5.642373e-37,
0,
0,
8.035606e-41,
0.0007626313,
3.836931e-13,
0,
0,
0,
0,
0,
0,
0.003352519,
0.001359624,
0.9828441,
0,
0,
1.270549e-21,
0,
0.01706143,
2.328306e-10,
5.46274e-05,
3.460175e-05,
0,
0,
6.617445e-24,
0,
0,
1.401298e-45,
5.29934e-06,
0,
0,
2.910383e-11,
0,
0,
0,
1.577722e-30,
3.451266e-31,
0,
0.9996428,
0,
0,
5.169879e-25,
0,
0.000357166,
0,
0,
3.644019e-11,
0,
0,
7.006492e-45,
0,
0,
0,
8.640201e-12,
1.561251e-17,
0,
0,
1.447566e-24,
0,
0,
0,
0,
0,
0.9973466,
0,
0,
0,
0,
0.002651852,
0,
1.127222e-06,
3.815808e-07,
0,
0,
0,
0,
0,
0,
8.582645e-11,
0,
0,
4.065758e-20,
7.411538e-22,
0,
0,
0,
0,
0,
0.6188939,
0,
0,
0,
0,
0.05370685,
0.3254783,
0.0005286907,
0.0003742518,
0,
0,
1.323489e-23,
0,
0,
7.006492e-45,
0.0001458691,
0,
0,
0.0008146333,
0,
0,
0,
2.366583e-30,
2.366583e-30,
5.744338e-05,
0.9953356,
0,
0,
0,
0,
0.0002345276,
0.0009139456,
0,
1.546141e-11,
0,
0,
0,
0,
0,
0,
4.888534e-12,
3.794708e-19,
0,
0,
2.423381e-27,
0,
0,
3.923636e-44,
0,
0.003515928,
1,
0,
0,
0,
0,
0,
0,
5.551116e-17,
8.673618e-18,
0,
0,
0,
0,
0,
0,
2.032879e-19,
0,
0,
2.008901e-41,
5.605194e-45,
0,
0,
0,
0,
0,
0.9996135,
0,
0,
2.261822e-26,
0,
0.000386533,
0,
2.742695e-12,
0,
0,
0,
0,
0,
0,
0,
0,
0,
0,
0,
0,
0,
0,
0,
0,
0,
0.9997633,
0,
0,
0,
0,
0.0002367658,
1.514613e-28,
4.765788e-11,
0,
0,
0,
0,
0,
0,
0,
0,
1.387779e-17,
0,
9.264423e-23,
0,
0,
0,
7.174648e-43,
0,
0,
0.881174,
0,
0,
0,
0,
0.1155615,
0,
0.001584378,
0.00117853,
0,
0,
0,
0,
0,
3.443831e-41,
0.0005015735,
8.597567e-13,
0,
3.049318e-20,
0,
0,
0,
2.20881e-29,
1.413639e-27,
0,
0.8136364,
0,
0,
4.743385e-20,
0,
0.1757981,
0,
0.004242462,
0.00342828,
0,
0,
0,
0,
0,
0,
0.002226881,
0,
0,
0,
6.217249e-15,
0,
0,
2.524355e-29,
2.208811e-29,
0.000667845,
0.8805226,
0,
0,
0,
0,
0.1113962,
0,
0.001451927,
0.001072133,
0,
0,
0,
0,
0,
0,
0.0005062927,
0,
0,
1.665335e-16,
3.035766e-18,
0,
0,
0,
0.0006543942,
0.004396419,
0.6984546,
0,
0,
1.387779e-17,
0,
0.2775482,
0,
0.009632676,
0.00803567,
0,
0,
0,
0,
0,
1.607121e-40,
0.006327867,
9.530856e-07,
0,
0,
1.249001e-16,
0,
0,
0,
4.038968e-28,
0,
0.935937,
0,
0,
1.985234e-23,
0,
0.002890625,
0,
1.284275e-06,
6.207997e-07,
0,
0,
2.295887e-40,
0,
0,
0,
0,
1.734724e-16,
0,
0,
2.646978e-23,
0,
0,
0,
0.0003327865,
0.06083765,
0.9661723,
0,
0,
0,
0,
0.0001972745,
0,
0,
7.467804e-12,
0,
0,
5.605194e-45,
0,
0,
0,
6.366462e-12,
1.496199e-17,
0,
0,
2.067951e-25,
0,
0,
0,
2.008901e-41,
0.03363043,
0.9637203,
0,
0,
2.067952e-25,
0,
0.002584968,
3.534097e-28,
1.10798e-06,
4.273536e-07,
0,
0,
4.203895e-45,
0,
0,
0,
0,
1.23599e-17,
0,
0,
0,
0,
0,
1.793662e-42,
0,
0.03369315,
1,
0,
0,
0,
0,
0,
0,
1.128475e-34,
0,
0,
0,
0,
0,
0,
0,
2.746545e-43,
0,
0,
0,
0,
0,
0,
0,
0,
0,
0.9997648,
0,
0,
0,
0,
0.0002352114,
0,
0,
1.681499e-11,
0,
0,
0,
0,
0,
0,
0,
0,
0,
0,
0,
0,
0,
5.739719e-42,
8.035606e-41,
0,
0.765387,
0,
0,
3.035766e-18,
0,
0.2200938,
0,
0.0062079,
0.005078105,
0,
0,
4.417621e-29,
0,
0,
0,
0.003233138,
0,
0,
1.332268e-15,
0,
0,
0,
1.767048e-28,
0,
0,
0.9999037,
0,
0,
0,
0,
9.627847e-05,
0,
0,
1.909939e-11,
0,
0,
1.961818e-44,
0,
0,
0,
0,
1.28749e-19,
0,
0,
9.305782e-25,
0,
0,
5.605194e-45,
1.401298e-45,
0,
0.999959,
0,
0,
1.316554e-36,
0,
2.672273e-06,
0,
9.379164e-13,
8.348877e-14,
0,
0,
0,
0,
0,
0,
0,
0,
0,
3.786532e-29,
4.814825e-34,
0,
0,
0,
0,
3.832026e-05,
0.999986,
0,
0,
0,
0,
0,
3.363116e-44,
1.415534e-15,
0,
0,
0,
0,
0,
0,
0,
0,
8.874685e-31,
0,
0,
0,
0,
0,
0,
0,
1.399653e-05,
0.6675292,
0,
0,
2.168404e-18,
0,
0.3012591,
2.38228e-22,
0.01264209,
0.01084487,
0,
0,
1.540744e-32,
0,
0,
0,
0.007722332,
2.206751e-06,
0,
0,
2.168404e-19,
0,
0,
0,
0,
2.211565e-07,
0.9006389,
0,
0,
0,
0,
0.09239745,
0,
0.001037472,
0.0007534507,
0,
0,
1.203706e-35,
0,
0,
0,
0.0002645152,
5.613288e-13,
0,
0,
0,
0,
0,
1.893266e-29,
0,
0.004908195,
0.9998399,
0,
0,
0,
0,
0.0001268924,
0,
1.670122e-10,
0,
0,
0,
1.821688e-44,
0,
0,
0,
0,
2.927346e-18,
0,
0,
1.861156e-24,
0,
0,
0,
1.255563e-42,
3.322101e-05,
0.9980376,
0,
0,
0,
0,
0.001961751,
0,
5.333982e-07,
8.411598e-08,
0,
0,
0,
0,
0,
4.203895e-45,
0,
4.996004e-16,
0,
1.482308e-21,
5.9557e-23,
0,
0,
0,
2.407412e-34,
0,
1991, 
0.864649,
0,
0,
0,
0,
0.126069,
1.413639e-27,
0.002063067,
0.001585588,
0,
0,
5.642372e-37,
0,
0,
8.035606e-41,
0.0007693387,
3.836931e-13,
0,
0,
0,
0,
0,
0,
0.003503755,
0.001360271,
0.9822144,
0,
0,
1.270549e-21,
0,
0.01766945,
2.328306e-10,
5.595464e-05,
3.538932e-05,
0,
0,
6.617445e-24,
0,
0,
1.401298e-45,
5.377659e-06,
0,
0,
2.910383e-11,
0,
0,
0,
1.577722e-30,
3.451266e-31,
1.945752e-05,
0.9996892,
0,
0,
5.169879e-25,
0,
0.0003107489,
0,
0,
3.644018e-11,
0,
0,
7.006492e-45,
0,
0,
0,
8.6402e-12,
1.561251e-17,
0,
0,
1.447566e-24,
0,
0,
0,
0,
0,
0.99787,
0,
0,
0,
0,
0.002128941,
0,
7.798787e-07,
2.34558e-07,
0,
0,
0,
0,
0,
0,
8.582646e-11,
0,
0,
4.065758e-20,
7.411538e-22,
0,
0,
0,
0,
0,
0.647145,
0,
0,
0,
0,
0.04564393,
0.3056188,
0.0004004484,
0.0002825772,
0,
0,
1.323489e-23,
0,
0,
7.006492e-45,
0.0001116944,
0,
0,
0.0007400771,
0,
0,
0,
2.366583e-30,
2.366583e-30,
5.744338e-05,
0.9930346,
0,
0,
0,
0,
0.00021636,
0.0009472674,
0,
1.546141e-11,
0,
0,
0,
0,
0,
0,
4.888534e-12,
3.794708e-19,
0,
0,
2.423381e-27,
0,
0,
3.923636e-44,
0,
0.005801782,
1,
0,
0,
0,
0,
0,
0,
5.551115e-17,
8.673617e-18,
0,
0,
0,
0,
0,
0,
2.032879e-19,
0,
0,
2.008901e-41,
5.605194e-45,
0,
0,
0,
0,
0,
0.9996865,
0,
0,
2.261822e-26,
0,
0.0003134964,
0,
2.742695e-12,
0,
0,
0,
0,
0,
0,
0,
0,
0,
0,
0,
0,
0,
0,
0,
0,
0,
0.9998055,
0,
0,
0,
0,
0.0001944728,
1.514613e-28,
4.765787e-11,
0,
0,
0,
0,
0,
0,
0,
0,
1.387779e-17,
0,
9.264422e-23,
0,
0,
0,
7.174648e-43,
0,
0,
0.8897136,
0,
0,
0,
0,
0.1073494,
0,
0.001420355,
0.001058466,
0,
0,
0,
0,
0,
3.443831e-41,
0.0004581521,
8.597567e-13,
0,
3.049319e-20,
0,
0,
0,
2.208811e-29,
1.413639e-27,
0,
0.8085293,
0,
0,
4.743385e-20,
0,
0.1798687,
0,
0.004636138,
0.003789675,
0,
0,
0,
0,
0,
0,
0.002573999,
0,
0,
0,
6.217249e-15,
0,
0,
2.524355e-29,
2.208811e-29,
0.0006021905,
0.889831,
0,
0,
0,
0,
0.1026129,
0,
0.001294644,
0.000958199,
0,
0,
0,
0,
0,
0,
0.0004600653,
0,
0,
1.665335e-16,
3.035766e-18,
0,
0,
0,
0.0007304051,
0.004112788,
0.7105023,
0,
0,
1.387779e-17,
0,
0.2659029,
0,
0.009382012,
0.007870534,
0,
0,
0,
0,
0,
1.607121e-40,
0.006341159,
1.033968e-06,
0,
0,
1.249001e-16,
0,
0,
0,
4.038968e-28,
0,
0.9403183,
0,
0,
1.985233e-23,
0,
0.002576574,
0,
1.069637e-06,
5.189241e-07,
0,
0,
2.295887e-40,
0,
0,
0,
0,
1.734723e-16,
0,
0,
2.646978e-23,
0,
0,
0,
0.000658625,
0.05644484,
0.9686701,
0,
0,
0,
0,
0.0001653662,
0,
0,
7.467803e-12,
0,
0,
5.605194e-45,
0,
0,
0,
6.366462e-12,
1.496199e-17,
0,
0,
2.067951e-25,
0,
0,
0,
2.008901e-41,
0.03116454,
0.9663835,
0,
0,
2.067952e-25,
0,
0.00235914,
3.534097e-28,
9.82998e-07,
3.749056e-07,
0,
0,
4.203895e-45,
0,
0,
0,
0,
1.235991e-17,
0,
0,
0,
0,
0,
1.793662e-42,
0,
0.03125605,
1,
0,
0,
0,
0,
0,
0,
1.128475e-34,
0,
0,
0,
0,
0,
0,
0,
2.746545e-43,
0,
0,
0,
0,
0,
0,
0,
0,
0,
0.9997936,
0,
0,
0,
0,
0.0002064256,
0,
0,
1.681499e-11,
0,
0,
0,
0,
0,
0,
0,
0,
0,
0,
0,
0,
0,
5.739719e-42,
8.035606e-41,
0,
0.7638964,
0,
0,
3.035766e-18,
0,
0.2204223,
0,
0.006590365,
0.005453603,
0,
0,
4.417621e-29,
0,
0,
0,
0.003637196,
1.159034e-07,
0,
1.332268e-15,
0,
0,
0,
1.767049e-28,
0,
0,
0.9999149,
0,
0,
0,
0,
8.510938e-05,
0,
0,
1.909939e-11,
0,
0,
1.961818e-44,
0,
0,
0,
0,
1.28749e-19,
0,
0,
9.305781e-25,
0,
0,
5.605194e-45,
1.401298e-45,
0,
0.9999523,
0,
0,
1.316554e-36,
0,
2.453916e-06,
0,
9.379164e-13,
8.348877e-14,
0,
0,
0,
0,
0,
0,
0,
0,
0,
3.786532e-29,
4.814825e-34,
0,
0,
0,
0,
4.523248e-05,
0.9998921,
0,
0,
0,
0,
0,
3.363116e-44,
1.415534e-15,
0,
0,
0,
0,
0,
0,
0,
0,
8.874685e-31,
0,
0,
0,
0,
0,
0,
0,
0.000107873,
0.6690775,
0,
0,
2.168404e-18,
0,
0.2983957,
2.38228e-22,
0.01300601,
0.01124968,
0,
0,
1.540744e-32,
0,
0,
0,
0.008267849,
2.535214e-06,
0,
0,
2.168404e-19,
0,
0,
0,
0,
8.209238e-07,
0.9069601,
0,
0,
0,
0,
0.08673466,
0,
0.0009337018,
0.0006794197,
0,
0,
1.203706e-35,
0,
0,
0,
0.0002427834,
5.613288e-13,
0,
0,
0,
0,
0,
1.893266e-29,
1.10285e-06,
0.004448237,
0.9998344,
0,
0,
0,
0,
0.0001167796,
0,
1.670122e-10,
0,
0,
0,
1.821688e-44,
0,
0,
0,
0,
2.927346e-18,
0,
0,
1.861156e-24,
0,
0,
0,
1.255563e-42,
4.881866e-05,
0.9982965,
0,
0,
0,
0,
0.001703124,
0,
3.630979e-07,
1.206528e-08,
0,
0,
0,
0,
0,
4.203895e-45,
0,
4.996003e-16,
0,
1.482308e-21,
5.9557e-23,
0,
0,
0,
2.407412e-34,
0,
1992, 
0.8665707,
0,
0,
0,
0,
0.1242577,
1.413639e-27,
0.00205642,
0.001584931,
0,
0,
5.642372e-37,
0,
0,
8.035606e-41,
0.0007770151,
3.836931e-13,
0,
0,
0,
0,
0,
0,
0.003503755,
0.001249486,
0.9820089,
0,
0,
1.270549e-21,
0,
0.01787049,
2.328306e-10,
5.52599e-05,
3.486613e-05,
0,
0,
6.617445e-24,
0,
0,
1.401298e-45,
5.236888e-06,
0,
0,
2.910383e-11,
0,
0,
0,
1.577722e-30,
3.451266e-31,
2.51836e-05,
0.999728,
0,
0,
5.169879e-25,
0,
0.0002719876,
0,
0,
3.644019e-11,
0,
0,
7.006492e-45,
0,
0,
0,
8.6402e-12,
1.561251e-17,
0,
0,
1.447566e-24,
0,
0,
0,
0,
0,
0.9982266,
0,
0,
0,
0,
0.001772642,
0,
6.200944e-07,
1.822178e-07,
0,
0,
0,
0,
0,
0,
8.582646e-11,
0,
0,
4.065758e-20,
7.411538e-22,
0,
0,
0,
0,
0,
0.6663228,
0,
0,
0,
0,
0.03971226,
0.2926026,
0.0003227777,
0.0002274983,
0,
0,
1.323489e-23,
0,
0,
7.006492e-45,
9.10286e-05,
0,
0,
0.0006635458,
0,
0,
0,
2.366583e-30,
2.366583e-30,
5.744338e-05,
0.9906868,
0,
0,
0,
0,
0.0001950164,
0.000910865,
0,
1.546141e-11,
0,
0,
0,
0,
0,
0,
4.888534e-12,
3.794707e-19,
0,
0,
2.423381e-27,
0,
0,
3.923636e-44,
0,
0.008207337,
1,
0,
0,
0,
0,
0,
0,
5.551115e-17,
8.673617e-18,
0,
0,
0,
0,
0,
0,
2.032879e-19,
0,
0,
2.008901e-41,
5.605194e-45,
0,
0,
0,
0,
0,
0.9997349,
0,
0,
2.261822e-26,
0,
0.0002651114,
0,
2.742695e-12,
0,
0,
0,
0,
0,
0,
0,
0,
0,
0,
0,
0,
0,
0,
0,
0,
0,
0.9998312,
0,
0,
0,
0,
0.0001688031,
1.514613e-28,
4.765788e-11,
0,
0,
0,
0,
0,
0,
0,
0,
1.387779e-17,
0,
9.264423e-23,
0,
0,
0,
7.174648e-43,
0,
0,
0.89626,
0,
0,
0,
0,
0.1010179,
0,
0.00131365,
0.0009802639,
0,
0,
0,
0,
0,
3.443831e-41,
0.0004280386,
8.597567e-13,
0,
3.049319e-20,
0,
0,
0,
2.208811e-29,
2.320908e-07,
0,
0.8025961,
0,
0,
4.743385e-20,
0,
0.1848602,
0,
0.005003097,
0.004115493,
0,
0,
0,
0,
0,
0,
0.00285514,
0,
0,
0,
6.217249e-15,
0,
0,
2.524355e-29,
2.208811e-29,
0.0005699811,
0.8976606,
0,
0,
0,
0,
0.09519409,
0.0001945775,
0.001172792,
0.0008690883,
0,
0,
0,
0,
0,
0,
0.0004207709,
0,
0,
4.67408e-07,
3.035766e-18,
0,
0,
0,
0.0007663509,
0.003721276,
0.7179757,
0,
0,
1.387779e-17,
0,
0.2585466,
0,
0.009259133,
0.007805272,
0,
0,
0,
0,
0,
1.607121e-40,
0.006412113,
1.116925e-06,
0,
0,
1.249001e-16,
0,
0,
0,
4.038968e-28,
0,
0.9447987,
0,
0,
1.985233e-23,
0,
0.002330185,
0,
9.323202e-07,
4.541472e-07,
0,
0,
2.295887e-40,
0,
0,
0,
0,
1.734723e-16,
0,
0,
2.646978e-23,
0,
0,
0,
0.001431033,
0.05143866,
0.9717339,
0,
0,
0,
0,
0.0001439926,
0,
0,
7.467804e-12,
0,
0,
5.605194e-45,
0,
0,
0,
6.366463e-12,
1.496199e-17,
0,
0,
2.067952e-25,
0,
0,
0,
2.008901e-41,
0.02812214,
0.9692115,
0,
0,
2.067952e-25,
0,
0.002129819,
3.534097e-28,
8.661434e-07,
3.338341e-07,
0,
0,
4.203895e-45,
0,
0,
0,
0,
1.235991e-17,
0,
0,
0,
0,
0,
1.793662e-42,
0,
0.02865747,
1,
0,
0,
0,
0,
0,
0,
1.128475e-34,
0,
0,
0,
0,
0,
0,
0,
2.746545e-43,
0,
0,
0,
0,
0,
0,
0,
0,
0,
0.9998127,
0,
0,
0,
0,
0.0001873146,
0,
0,
1.6815e-11,
0,
0,
0,
0,
0,
0,
0,
0,
0,
0,
0,
0,
0,
5.739719e-42,
8.035606e-41,
0,
0.7598725,
0,
0,
3.035766e-18,
0,
0.2231947,
0,
0.00702625,
0.005864377,
0,
0,
4.417621e-29,
0,
0,
0,
0.004042001,
2.319324e-07,
0,
1.332268e-15,
0,
0,
0,
1.767049e-28,
0,
0,
0.9999216,
0,
0,
0,
0,
7.840308e-05,
0,
0,
1.909939e-11,
0,
0,
1.961818e-44,
0,
0,
0,
0,
1.28749e-19,
0,
0,
9.305782e-25,
0,
0,
5.605194e-45,
1.401298e-45,
0,
0.999954,
0,
0,
1.316554e-36,
0,
2.385838e-06,
0,
9.379164e-13,
8.348877e-14,
0,
0,
0,
0,
0,
0,
0,
0,
0,
3.786532e-29,
4.814825e-34,
0,
0,
0,
0,
4.364736e-05,
0.9998531,
0,
0,
0,
0,
0,
3.363116e-44,
1.415534e-15,
0,
0,
0,
0,
0,
0,
0,
0,
8.874685e-31,
0,
0,
0,
0,
0,
0,
0,
0.0001468574,
0.6696518,
0,
0,
2.168404e-18,
0,
0.2968284,
2.38228e-22,
0.01329263,
0.01155898,
0,
0,
1.540744e-32,
0,
0,
0,
0.008663161,
2.736901e-06,
0,
0,
2.168404e-19,
0,
0,
0,
0,
2.34886e-06,
0.9110499,
0,
0,
0,
0,
0.08330023,
0,
0.00089127,
0.0006503593,
0,
0,
1.203706e-35,
0,
0,
0,
0.000235759,
5.613288e-13,
0,
0,
0,
0,
0,
1.893266e-29,
1.10285e-06,
0.003871364,
0.9998384,
0,
0,
0,
0,
0.0001077237,
0,
1.670122e-10,
0,
0,
0,
1.821688e-44,
0,
0,
0,
0,
2.927346e-18,
0,
0,
1.861156e-24,
0,
0,
0,
1.255563e-42,
5.39154e-05,
0.9984466,
0,
0,
0,
0,
0.001553066,
0,
3.030064e-07,
0,
0,
0,
0,
0,
0,
4.203895e-45,
0,
4.996003e-16,
0,
1.482308e-21,
5.9557e-23,
0,
0,
0,
2.407412e-34,
0,
1993, 
0.8664435,
0,
0,
0,
0,
0.1243256,
1.413639e-27,
0.002084995,
0.001610211,
0,
0,
5.642373e-37,
0,
0,
8.035606e-41,
0.0007945115,
3.836931e-13,
0,
0,
0,
0,
0,
0,
0.003503755,
0.001237416,
0.9737872,
0,
0,
1.27055e-21,
0,
0.01780251,
0.00826683,
5.363617e-05,
3.374704e-05,
0,
0,
6.617445e-24,
0,
0,
1.401298e-45,
5.004075e-06,
0,
0,
7.299609e-06,
0,
0,
0,
1.577722e-30,
3.451267e-31,
4.379909e-05,
0.9997633,
0,
0,
5.169879e-25,
0,
0.0002367789,
0,
0,
3.644018e-11,
0,
0,
7.006492e-45,
0,
0,
0,
8.6402e-12,
1.561251e-17,
0,
0,
1.447566e-24,
0,
0,
0,
0,
0,
0.9984907,
0,
0,
0,
0,
0.001508606,
0,
5.190712e-07,
1.581489e-07,
0,
0,
0,
0,
0,
0,
8.582646e-11,
0,
0,
4.065758e-20,
7.411538e-22,
0,
0,
0,
0,
0,
0.6722212,
0,
0,
0,
0,
0.03555785,
0.2907557,
0.000274961,
0.0001935649,
0,
0,
1.323489e-23,
0,
0,
7.006492e-45,
7.766684e-05,
0,
0,
0.0005924288,
0,
0,
0,
2.366583e-30,
2.366583e-30,
0.0003265538,
0.9887989,
0,
0,
0,
0,
0.0001730751,
0.0008547899,
0,
1.546141e-11,
0,
0,
0,
0,
0,
0,
4.888534e-12,
3.794708e-19,
0,
0,
2.423381e-27,
0,
0,
3.923636e-44,
0,
0.01017328,
1,
0,
0,
0,
0,
0,
0,
5.551116e-17,
8.673618e-18,
0,
0,
0,
0,
0,
0,
2.032879e-19,
0,
0,
2.008901e-41,
5.605194e-45,
0,
0,
0,
0,
0,
0.9997708,
0,
0,
2.261822e-26,
0,
0.0002291863,
0,
2.742695e-12,
0,
0,
0,
0,
0,
0,
0,
0,
0,
0,
0,
0,
0,
0,
0,
0,
0,
0.999851,
0,
0,
0,
0,
0.000148991,
1.514613e-28,
4.765788e-11,
0,
0,
0,
0,
0,
0,
0,
0,
1.387779e-17,
0,
9.264423e-23,
0,
0,
0,
7.174648e-43,
0,
0,
0.9008946,
0,
0,
0,
0,
0.09653743,
0,
0.001238627,
0.0009243875,
0,
0,
0,
0,
0,
3.443831e-41,
0.0004041035,
8.597567e-13,
0,
3.049319e-20,
0,
0,
0,
2.208811e-29,
8.120553e-07,
0,
0.7965335,
0,
0,
4.743385e-20,
0,
0.1899881,
0.0001426983,
0.005311819,
0.004384135,
0,
0,
0,
0,
0,
0,
0.003072451,
0,
0,
3.368534e-06,
6.217249e-15,
0,
0,
2.524355e-29,
2.208811e-29,
0.0005640105,
0.9039214,
0,
0,
0,
0,
0.08933932,
0.0003987306,
0.001077784,
0.0007986459,
0,
0,
0,
0,
0,
0,
0.0003869612,
0,
0,
9.264939e-07,
3.035766e-18,
0,
0,
0,
0.0007736578,
0.003302528,
0.720937,
0,
0,
1.387779e-17,
0,
0.2553846,
0,
0.009267248,
0.00784649,
0,
0,
0,
0,
0,
1.607121e-40,
0.006563545,
1.210205e-06,
0,
0,
1.249001e-16,
0,
0,
0,
4.038968e-28,
0,
0.9499685,
0,
0,
1.985234e-23,
0,
0.002112987,
0,
8.196874e-07,
4.00673e-07,
0,
0,
2.295887e-40,
0,
0,
0,
0,
1.734724e-16,
0,
0,
2.646978e-23,
0,
0,
0,
0.00190799,
0.04600932,
0.975015,
0,
0,
0,
0,
0.000126021,
0,
0,
7.467804e-12,
0,
0,
5.605194e-45,
0,
0,
0,
6.366462e-12,
1.496199e-17,
0,
0,
2.067951e-25,
0,
0,
0,
2.008901e-41,
0.02485897,
0.9721397,
0,
0,
2.067952e-25,
0,
0.001917822,
3.534097e-28,
7.613909e-07,
2.927626e-07,
0,
0,
4.203895e-45,
0,
0,
0,
0,
1.23599e-17,
0,
0,
0,
0,
0,
1.793662e-42,
0,
0.02594139,
1,
0,
0,
0,
0,
0,
0,
1.128475e-34,
0,
0,
0,
0,
0,
0,
0,
2.746545e-43,
0,
0,
0,
0,
0,
0,
0,
0,
0,
0.9998284,
0,
0,
0,
0,
0.0001716042,
0,
0,
1.681499e-11,
0,
0,
0,
0,
0,
0,
0,
0,
0,
0,
0,
0,
0,
5.739719e-42,
8.035606e-41,
0,
0.7532556,
0,
0,
3.035766e-18,
0,
0.2283291,
0,
0.007558977,
0.006353509,
0,
0,
4.417621e-29,
0,
0,
0,
0.004502485,
3.770734e-07,
0,
1.332268e-15,
0,
0,
0,
1.767048e-28,
0,
0,
0.9995953,
0,
0,
0,
0,
7.450105e-05,
0,
0,
1.909939e-11,
0,
0,
1.961818e-44,
0,
0,
0,
0,
1.28749e-19,
0,
0,
9.305782e-25,
0,
0,
5.605194e-45,
1.401298e-45,
0.0003301993,
0.9999514,
0,
0,
1.316554e-36,
0,
2.551857e-06,
0,
9.379164e-13,
8.348877e-14,
0,
0,
0,
0,
0,
0,
0,
0,
0,
3.786532e-29,
4.814825e-34,
0,
0,
0,
0,
4.609723e-05,
0.9997406,
0,
0,
0,
0,
0,
3.363116e-44,
1.415534e-15,
0,
0,
0,
0,
0,
0,
0,
0,
8.874686e-31,
0,
0,
0,
0,
0,
0,
0,
0.0002593847,
0.6692388,
0,
0,
2.168404e-18,
0,
0.2964047,
2.38228e-22,
0.01355058,
0.01182317,
0,
0,
1.540744e-32,
0,
0,
0,
0.008975196,
2.875732e-06,
0,
0,
2.168404e-19,
0,
0,
0,
0,
4.673583e-06,
0.9129977,
0,
0,
0,
0,
0.08194224,
0,
0.0008826965,
0.000645478,
0,
0,
1.203706e-35,
0,
0,
0,
0.0002362667,
5.613288e-13,
0,
0,
0,
0,
0,
1.893266e-29,
1.10285e-06,
0.003294491,
0.99984,
0,
0,
0,
0,
9.856025e-05,
0,
1.670122e-10,
0,
0,
0,
1.821688e-44,
0,
0,
0,
0,
2.927345e-18,
0,
0,
1.861156e-24,
0,
0,
0,
1.255563e-42,
6.147941e-05,
0.9985547,
0,
0,
0,
0,
0.001445024,
0,
2.694983e-07,
0,
0,
0,
0,
0,
0,
4.203895e-45,
0,
4.996004e-16,
0,
1.482308e-21,
5.955701e-23,
0,
0,
0,
2.407413e-34,
0,
1994, 
0.8654578,
0,
0,
0,
0,
0.1252348,
1.413639e-27,
0.002126082,
0.001644636,
0,
0,
5.642373e-37,
0,
0,
8.035606e-41,
0.0008148666,
3.836931e-13,
0,
0,
0,
0,
0,
0,
0.003503755,
0.001218067,
0.9723887,
0,
0,
1.27055e-21,
0,
0.01754408,
0.009896217,
5.119083e-05,
3.210474e-05,
0,
0,
6.617446e-24,
0,
0,
1.401298e-45,
4.690822e-06,
0,
0,
8.610989e-06,
0,
0,
0,
1.577722e-30,
3.451267e-31,
7.43554e-05,
0.999796,
0,
0,
5.169879e-25,
0,
0.000203972,
0,
0,
3.644018e-11,
0,
0,
7.006492e-45,
0,
0,
0,
8.6402e-12,
1.561251e-17,
0,
0,
1.447566e-24,
0,
0,
0,
0,
0,
0.9987025,
0,
0,
0,
0,
0.001296913,
0,
4.416333e-07,
1.340801e-07,
0,
0,
0,
0,
0,
0,
8.582646e-11,
0,
0,
4.065758e-20,
7.411538e-22,
0,
0,
0,
0,
0,
0.6773353,
0,
0,
0,
0,
0.03246961,
0.2886375,
0.0002402266,
0.0001687652,
0,
0,
1.323489e-23,
0,
0,
7.006492e-45,
6.739928e-05,
0,
0,
0.0005260026,
0,
0,
0,
2.366583e-30,
2.366583e-30,
0.0005551917,
0.9862515,
0,
0,
0,
0,
0.0001510859,
0.0007448792,
0,
1.546141e-11,
0,
0,
0,
0,
0,
0,
4.888534e-12,
3.794708e-19,
0,
0,
2.423381e-27,
0,
0,
3.923636e-44,
0,
0.01285248,
1,
0,
0,
0,
0,
0,
0,
5.551116e-17,
8.673618e-18,
0,
0,
0,
0,
0,
0,
2.032879e-19,
0,
0,
2.008901e-41,
5.605194e-45,
0,
0,
0,
0,
0,
0.9998017,
0,
0,
2.261822e-26,
0,
0.000198294,
0,
2.742695e-12,
0,
0,
0,
0,
0,
0,
0,
0,
0,
0,
0,
0,
0,
0,
0,
0,
0,
0.9998689,
0,
0,
0,
0,
0.0001310912,
1.514613e-28,
4.765788e-11,
0,
0,
0,
0,
0,
0,
0,
0,
1.387779e-17,
0,
9.264423e-23,
0,
0,
0,
7.174648e-43,
0,
0,
0.9045941,
0,
0,
0,
0,
0.09297568,
0,
0.001173642,
0.0008750441,
0,
0,
0,
0,
0,
3.443831e-41,
0.000380675,
8.597567e-13,
0,
3.049319e-20,
0,
0,
0,
2.208811e-29,
8.120553e-07,
0,
0.7910292,
0,
0,
4.743384e-20,
0,
0.1943593,
0.0006617104,
0.005543774,
0.004583674,
0,
0,
0,
0,
0,
0,
0.003226555,
0,
0,
1.476313e-05,
6.217249e-15,
0,
0,
2.524355e-29,
2.20881e-29,
0.0005809974,
0.9089338,
0,
0,
0,
0,
0.08471868,
0.0006388471,
0.0009992212,
0.0007395291,
0,
0,
0,
0,
0,
0,
0.0003563732,
0,
0,
1.474452e-06,
3.035766e-18,
0,
0,
0,
0.0007458667,
0.002866207,
0.7230226,
0,
0,
1.387779e-17,
0,
0.2531819,
0,
0.009271245,
0.007871103,
0,
0,
0,
0,
0,
1.607121e-40,
0.006651905,
1.270999e-06,
0,
0,
1.249001e-16,
0,
0,
0,
4.038968e-28,
0,
0.9555429,
0,
0,
1.985233e-23,
0,
0.001888435,
0,
7.070545e-07,
3.471987e-07,
0,
0,
2.295887e-40,
0,
0,
0,
0,
1.734723e-16,
0,
0,
2.646978e-23,
0,
0,
0,
0.002242072,
0.04032559,
0.978354,
0,
0,
0,
0,
0.0001091343,
0,
0,
7.467804e-12,
0,
0,
5.605194e-45,
0,
0,
0,
6.366463e-12,
1.496199e-17,
0,
0,
2.067952e-25,
0,
0,
0,
2.008901e-41,
0.02153689,
0.9750109,
0,
0,
2.067952e-25,
0,
0.001703914,
3.534097e-28,
6.566384e-07,
2.516911e-07,
0,
0,
4.203895e-45,
0,
0,
0,
0,
1.23599e-17,
0,
0,
0,
0,
0,
1.793662e-42,
0,
0.02328428,
1,
0,
0,
0,
0,
0,
0,
1.128475e-34,
0,
0,
0,
0,
0,
0,
0,
2.746545e-43,
0,
0,
0,
0,
0,
0,
0,
0,
0,
0.9998435,
0,
0,
0,
0,
0.0001565075,
0,
0,
1.681499e-11,
0,
0,
0,
0,
0,
0,
0,
0,
0,
0,
0,
0,
0,
5.739719e-42,
8.035606e-41,
0,
0.7449221,
0,
0,
3.035766e-18,
0,
0.2349924,
0,
0.008161387,
0.006902513,
0,
0,
4.417621e-29,
0,
0,
0,
0.005021055,
5.668865e-07,
0,
1.332268e-15,
0,
0,
0,
1.767048e-28,
0,
0,
0.9995974,
0,
0,
0,
0,
7.24245e-05,
0,
0,
1.909939e-11,
0,
0,
1.961818e-44,
0,
0,
0,
0,
1.28749e-19,
0,
0,
9.305781e-25,
0,
0,
5.605194e-45,
1.401298e-45,
0.0003301993,
0.9998379,
0,
0,
1.316554e-36,
0,
2.953508e-06,
0,
9.379163e-13,
8.348876e-14,
0,
0,
0,
0,
0,
0,
0,
0,
0,
3.786532e-29,
4.814824e-34,
0,
0,
0,
0,
0.0001591894,
0.9996499,
0,
0,
0,
0,
0,
3.363116e-44,
1.415534e-15,
0,
0,
0,
0,
0,
0,
0,
0,
8.874685e-31,
0,
0,
0,
0,
0,
0,
0,
0.0003501001,
0.6688625,
0,
0,
2.168404e-18,
0,
0.2962485,
2.38228e-22,
0.01371719,
0.01199153,
0,
0,
1.540744e-32,
0,
0,
0,
0.009169907,
2.938166e-06,
0,
0,
2.168404e-19,
0,
0,
0,
0,
7.451866e-06,
0.9140814,
0,
0,
0,
0,
0.08143273,
0,
0.0008827447,
0.0006463314,
0,
0,
1.203706e-35,
0,
0,
0,
0.0002380878,
5.613287e-13,
0,
0,
0,
0,
0,
1.893266e-29,
1.10285e-06,
0.002717617,
0.9998453,
0,
0,
0,
0,
8.889141e-05,
0,
1.670122e-10,
0,
0,
0,
1.821688e-44,
0,
0,
0,
0,
2.927346e-18,
0,
0,
1.861156e-24,
0,
0,
0,
1.255563e-42,
6.578019e-05,
0.9986572,
0,
0,
0,
0,
0.001342549,
0,
2.359902e-07,
0,
0,
0,
0,
0,
0,
4.203895e-45,
0,
4.996004e-16,
0,
1.482308e-21,
5.9557e-23,
0,
0,
0,
2.407413e-34,
0,
1995, 
0.8651295,
0,
0,
0,
0,
0.1258884,
1.413639e-27,
0.002158719,
0.001672391,
0,
0,
5.642373e-37,
0,
0,
8.035606e-41,
0.0008311695,
3.836931e-13,
0,
0,
0,
0,
0,
0,
0.003198981,
0.001120838,
0.9723171,
0,
0,
1.270549e-21,
0,
0.01701336,
0.01046456,
4.793176e-05,
2.995775e-05,
0,
0,
6.617445e-24,
0,
0,
1.401298e-45,
4.310822e-06,
0,
0,
9.013007e-06,
0,
0,
0,
1.577722e-30,
3.451266e-31,
0.0001137646,
0.9998284,
0,
0,
5.169879e-25,
0,
0.0001715811,
0,
0,
3.644018e-11,
0,
0,
7.006492e-45,
0,
0,
0,
8.6402e-12,
1.561251e-17,
0,
0,
1.447566e-24,
0,
0,
0,
0,
0,
0.9988934,
0,
0,
0,
0,
0.0011061,
0,
3.641953e-07,
1.100113e-07,
0,
0,
0,
0,
0,
0,
8.582646e-11,
0,
0,
4.065758e-20,
7.411538e-22,
0,
0,
0,
0,
0,
0.6901064,
0,
0,
0,
0,
0.03012969,
0.2782746,
0.0002113553,
0.0001479594,
0,
0,
1.323489e-23,
0,
0,
7.006492e-45,
5.840142e-05,
0,
0,
0.0004584889,
0,
0,
0,
2.366583e-30,
2.366583e-30,
0.0006131793,
0.9861284,
0,
0,
0,
0,
0.0001290806,
0.0006326172,
0,
1.546141e-11,
0,
0,
0,
0,
0,
0,
4.888534e-12,
3.794707e-19,
0,
0,
2.423381e-27,
0,
0,
3.923636e-44,
0,
0.0131099,
1,
0,
0,
0,
0,
0,
0,
5.551115e-17,
8.673617e-18,
0,
0,
0,
0,
0,
0,
2.032879e-19,
0,
0,
2.008901e-41,
5.605194e-45,
0,
0,
0,
0,
0,
0.9998317,
0,
0,
2.261822e-26,
0,
0.00016829,
0,
2.742695e-12,
0,
0,
0,
0,
0,
0,
0,
0,
0,
0,
0,
0,
0,
0,
0,
0,
0,
0.9998864,
0,
0,
0,
0,
0.0001136176,
1.514613e-28,
4.765788e-11,
0,
0,
0,
0,
0,
0,
0,
0,
1.387779e-17,
0,
9.264423e-23,
0,
0,
0,
7.174648e-43,
0,
0,
0.9081359,
0,
0,
0,
0,
0.08957563,
0,
0.001107488,
0.0008244464,
0,
0,
0,
0,
0,
3.443831e-41,
0.0003557329,
8.597567e-13,
0,
3.049319e-20,
0,
0,
0,
2.208811e-29,
8.120553e-07,
0,
0.7876734,
0,
0,
4.743385e-20,
0,
0.1969793,
0.001022085,
0.005681111,
0.004701474,
0,
0,
0,
0,
0,
0,
0.003314222,
0,
0,
2.218461e-05,
6.217249e-15,
0,
0,
2.524355e-29,
2.208811e-29,
0.0006062742,
0.9130513,
0,
0,
0,
0,
0.0808272,
0.001055833,
0.0009286727,
0.0006859739,
0,
0,
0,
0,
0,
0,
0.0003274038,
0,
0,
2.501848e-06,
3.035766e-18,
0,
0,
0,
0.0006863763,
0.002434765,
0.723995,
0,
0,
1.387779e-17,
0,
0.2520924,
0,
0.009280336,
0.007896622,
0,
0,
0,
0,
0,
1.607121e-40,
0.006734346,
1.31672e-06,
0,
0,
1.249001e-16,
0,
0,
0,
4.038968e-28,
0,
0.9616596,
0,
0,
1.985233e-23,
0,
0.001654813,
0,
5.944217e-07,
2.937244e-07,
0,
0,
2.295887e-40,
0,
0,
0,
0,
1.734723e-16,
0,
0,
2.646978e-23,
0,
0,
0,
0.002215487,
0.03446928,
0.9814395,
0,
0,
0,
0,
9.227751e-05,
0,
0,
7.467804e-12,
0,
0,
5.605194e-45,
0,
0,
0,
6.366463e-12,
1.496199e-17,
0,
0,
2.067952e-25,
0,
0,
0,
2.008901e-41,
0.01846819,
0.9782424,
0,
0,
2.067951e-25,
0,
0.001485753,
3.534097e-28,
5.518859e-07,
2.106196e-07,
0,
0,
4.203895e-45,
0,
0,
0,
0,
1.23599e-17,
0,
0,
0,
0,
0,
1.793662e-42,
0,
0.02027106,
1,
0,
0,
0,
0,
0,
0,
1.128475e-34,
0,
0,
0,
0,
0,
0,
0,
2.746545e-43,
0,
0,
0,
0,
0,
0,
0,
0,
0,
0.9998591,
0,
0,
0,
0,
0.0001409271,
0,
0,
1.681499e-11,
0,
0,
0,
0,
0,
0,
0,
0,
0,
0,
0,
0,
0,
5.739719e-42,
8.035606e-41,
0,
0.7361017,
0,
0,
3.035766e-18,
0,
0.2419878,
0,
0.008809072,
0.007495951,
0,
0,
4.417621e-29,
0,
0,
0,
0.005604662,
8.280945e-07,
0,
1.332268e-15,
0,
0,
0,
1.767048e-28,
0,
0,
0.9995978,
0,
0,
0,
0,
7.19774e-05,
0,
0,
1.909939e-11,
0,
0,
1.961818e-44,
0,
0,
0,
0,
1.28749e-19,
0,
0,
9.305782e-25,
0,
0,
5.605194e-45,
1.401298e-45,
0.0003301993,
0.9998222,
0,
0,
1.316554e-36,
0,
3.639457e-06,
0,
9.379164e-13,
8.348877e-14,
0,
0,
0,
0,
0,
0,
0,
0,
0,
3.786532e-29,
4.814825e-34,
0,
0,
0,
0,
0.0001741826,
0.9995863,
0,
0,
0,
0,
0,
3.363116e-44,
1.415534e-15,
0,
0,
0,
0,
0,
0,
0,
0,
8.874685e-31,
0,
0,
0,
0,
0,
0,
0,
0.0004136427,
0.6694604,
0,
0,
2.168404e-18,
0,
0.2954301,
2.38228e-22,
0.01377345,
0.01205504,
0,
0,
1.540744e-32,
0,
0,
0,
0.009263784,
2.954133e-06,
0,
0,
2.168404e-19,
0,
0,
0,
0,
1.427272e-05,
0.9150828,
0,
0,
0,
0,
0.08100507,
0,
0.0008828971,
0.0006472262,
0,
0,
1.203706e-35,
0,
0,
0,
0.0002401771,
5.613288e-13,
0,
0,
0,
0,
0,
1.893266e-29,
1.10285e-06,
0.002140744,
0.9997438,
0,
0,
0,
0,
7.878686e-05,
0,
1.670122e-10,
0,
0,
0,
1.821688e-44,
0,
0,
0,
0,
2.927346e-18,
0,
0,
1.861156e-24,
0,
0,
0,
1.255563e-42,
0.0001774776,
0.9987603,
0,
0,
0,
0,
0.001239449,
0,
2.02482e-07,
0,
0,
0,
0,
0,
0,
4.203895e-45,
0,
4.996003e-16,
0,
1.482308e-21,
5.9557e-23,
0,
0,
0,
2.407412e-34,
0,
1996, 
0.8660098,
0,
0,
0,
0,
0.1254268,
1.413639e-27,
0.002154382,
0.001670009,
0,
0,
5.642373e-37,
0,
0,
8.035606e-41,
0.0008293723,
3.836931e-13,
0,
0,
0,
0,
0,
0,
0.002880457,
0.001029174,
0.9731997,
0,
0,
1.270549e-21,
0,
0.01612651,
0.01046456,
4.374291e-05,
2.724485e-05,
0,
0,
6.617445e-24,
0,
0,
1.401298e-45,
3.804639e-06,
0,
0,
9.013006e-06,
0,
0,
0,
1.577722e-30,
3.451266e-31,
0.0001254069,
0.9998602,
0,
0,
5.169879e-25,
0,
0.0001397454,
0,
0,
3.644018e-11,
0,
0,
7.006492e-45,
0,
0,
0,
8.6402e-12,
1.561251e-17,
0,
0,
1.447566e-24,
0,
0,
0,
0,
0,
0.9990733,
0,
0,
0,
0,
0.0009263887,
0,
2.867574e-07,
8.594249e-08,
0,
0,
0,
0,
0,
0,
8.582646e-11,
0,
0,
4.065758e-20,
7.411538e-22,
0,
0,
0,
0,
0,
0.7026336,
0,
0,
0,
0,
0.02817195,
0.2678289,
0.000185995,
0.0001295449,
0,
0,
1.323489e-23,
0,
0,
7.006492e-45,
5.016104e-05,
0,
0,
0.0003918584,
0,
0,
0,
2.366583e-30,
2.366583e-30,
0.0006079572,
0.9859843,
0,
0,
0,
0,
0.000106786,
0.0005095598,
0,
1.546141e-11,
0,
0,
0,
0,
0,
0,
4.888534e-12,
3.794707e-19,
0,
0,
2.423381e-27,
0,
0,
3.923636e-44,
0,
0.01339941,
1,
0,
0,
0,
0,
0,
0,
5.551115e-17,
8.673617e-18,
0,
0,
0,
0,
0,
0,
2.032879e-19,
0,
0,
2.008901e-41,
5.605194e-45,
0,
0,
0,
0,
0,
0.9998612,
0,
0,
2.261822e-26,
0,
0.0001387472,
0,
2.742695e-12,
0,
0,
0,
0,
0,
0,
0,
0,
0,
0,
0,
0,
0,
0,
0,
0,
0,
0.9999039,
0,
0,
0,
0,
9.611879e-05,
1.514613e-28,
4.765788e-11,
0,
0,
0,
0,
0,
0,
0,
0,
1.387779e-17,
0,
9.264423e-23,
0,
0,
0,
7.174648e-43,
0,
0,
0.9117593,
0,
0,
0,
0,
0.08610513,
0,
0.001036208,
0.0007696063,
0,
0,
0,
0,
0,
3.443831e-41,
0.0003280505,
8.597567e-13,
0,
3.049319e-20,
0,
0,
0,
2.20881e-29,
1.665033e-06,
0,
0.7864645,
0,
0,
4.743385e-20,
0,
0.1974204,
0.001704497,
0.005700971,
0.004717679,
0,
0,
0,
0,
0,
0,
0.003319607,
0,
0,
3.497543e-05,
6.217249e-15,
0,
0,
2.524355e-29,
2.208811e-29,
0.0006373929,
0.9170009,
0,
0,
0,
0,
0.07733737,
0.001231662,
0.0008614282,
0.0006345984,
0,
0,
0,
0,
0,
0,
0.0002987608,
0,
0,
2.941575e-06,
3.035766e-18,
0,
0,
0,
0.0006199758,
0.002012324,
0.7242032,
0,
0,
1.387779e-17,
0,
0.2517249,
0,
0.009280029,
0.007909895,
0,
0,
0,
0,
0,
1.607121e-40,
0.006794631,
1.344499e-06,
0,
0,
1.249001e-16,
0,
0,
0,
4.038968e-28,
8.599806e-05,
0.9674249,
0,
0,
1.985233e-23,
0,
0.001417315,
0,
4.817888e-07,
2.402502e-07,
0,
0,
2.295887e-40,
0,
0,
0,
0,
1.734723e-16,
0,
0,
2.646978e-23,
0,
0,
0,
0.00228365,
0.02887343,
0.9846362,
0,
0,
0,
0,
7.564433e-05,
0,
0,
7.467804e-12,
0,
0,
5.605194e-45,
0,
0,
0,
6.366462e-12,
1.496199e-17,
0,
0,
2.067951e-25,
0,
0,
0,
2.008901e-41,
0.01528816,
0.9815441,
0,
0,
2.067951e-25,
0,
0.001263863,
3.534097e-28,
4.471334e-07,
1.695481e-07,
0,
0,
4.203895e-45,
0,
0,
0,
0,
1.23599e-17,
0,
0,
0,
0,
0,
1.793662e-42,
0,
0.01719139,
1,
0,
0,
0,
0,
0,
0,
1.128475e-34,
0,
0,
0,
0,
0,
0,
0,
2.746545e-43,
0,
0,
0,
0,
0,
0,
0,
0,
0,
0.9998755,
0,
0,
0,
0,
0.0001245188,
0,
0,
1.681499e-11,
0,
0,
0,
0,
0,
0,
0,
0,
0,
0,
0,
0,
0,
5.739719e-42,
8.035606e-41,
0,
0.7280492,
0,
0,
3.035766e-18,
0,
0.2482905,
0,
0.009419756,
0.008058898,
0,
0,
4.417621e-29,
0,
0,
0,
0.006180584,
1.120087e-06,
0,
1.332268e-15,
0,
0,
0,
1.767048e-28,
0,
0,
0.9993442,
0,
0,
0,
0,
7.203483e-05,
0,
0,
1.909939e-11,
0,
0,
1.961818e-44,
0,
0,
0,
0,
1.28749e-19,
0,
0,
9.305781e-25,
0,
0,
5.605194e-45,
1.401298e-45,
0.0005837139,
0.9998136,
0,
0,
1.316554e-36,
0,
4.269511e-06,
0,
9.379164e-13,
8.348877e-14,
0,
0,
0,
0,
0,
0,
0,
0,
0,
3.786532e-29,
4.814825e-34,
0,
0,
0,
0,
0.0001822012,
0.999543,
0,
0,
0,
0,
0,
3.363116e-44,
1.415534e-15,
0,
0,
0,
0,
0,
0,
0,
0,
8.874685e-31,
0,
0,
0,
0,
0,
0,
0,
0.0004569733,
0.6713309,
0,
0,
2.168404e-18,
0,
0.2937051,
2.38228e-22,
0.01370087,
0.01199702,
0,
0,
1.540744e-32,
0,
0,
0,
0.009239456,
2.916113e-06,
0,
0,
2.168404e-19,
0,
0,
0,
0,
2.368442e-05,
0.9161614,
0,
0,
0,
0,
0.08049048,
0,
0.0008784006,
0.0006443491,
0,
0,
1.203706e-35,
0,
0,
0,
0.000240496,
5.613287e-13,
0,
0,
0,
0,
0,
1.893266e-29,
1.002591e-06,
0.001583935,
0.9996318,
0,
0,
0,
0,
6.818322e-05,
0,
1.670122e-10,
0,
0,
0,
1.821688e-44,
0,
0,
0,
0,
2.927346e-18,
0,
0,
1.861156e-24,
0,
0,
0,
1.255563e-42,
0.0003000304,
0.9988684,
0,
0,
0,
0,
0.00113143,
0,
1.689739e-07,
0,
0,
0,
0,
0,
0,
4.203895e-45,
0,
4.996003e-16,
0,
1.482308e-21,
5.9557e-23,
0,
0,
0,
2.407412e-34,
0,
1997, 
0.8675882,
0,
0,
0,
0,
0.1241234,
1.413639e-27,
0.002122415,
0.001645056,
0,
0,
5.642372e-37,
0,
0,
8.035606e-41,
0.0008135165,
3.836931e-13,
0,
0,
0,
0,
0,
0,
0.002599494,
0.001107891,
0.9743629,
0,
0,
1.27055e-21,
0,
0.01491654,
0.01046456,
3.88121e-05,
2.408955e-05,
0,
0,
6.617446e-24,
0,
0,
1.401298e-45,
3.284868e-06,
0,
0,
9.013008e-06,
0,
0,
0,
1.577722e-30,
3.451267e-31,
0.0001807805,
0.9998918,
0,
0,
5.169879e-25,
0,
0.0001081615,
0,
0,
3.644018e-11,
0,
0,
7.006492e-45,
0,
0,
0,
8.6402e-12,
1.561251e-17,
0,
0,
1.447566e-24,
0,
0,
0,
0,
0,
0.9992495,
0,
0,
0,
0,
0.0007502792,
0,
2.093194e-07,
6.187367e-08,
0,
0,
0,
0,
0,
0,
8.582646e-11,
0,
0,
4.065758e-20,
7.411538e-22,
0,
0,
0,
0,
0,
0.7240109,
0,
0,
0,
0,
0.02645758,
0.2482931,
0.0001620015,
0.0001120416,
0,
0,
1.323489e-23,
0,
0,
7.006492e-45,
4.218843e-05,
0,
0,
0.0003195108,
0,
0,
0,
2.366583e-30,
2.366583e-30,
0.0006027352,
0.9838446,
0,
0,
0,
0,
8.43157e-05,
0.0004095354,
0,
1.546141e-11,
0,
0,
0,
0,
0,
0,
4.888534e-12,
3.794708e-19,
0,
0,
2.423381e-27,
0,
0,
3.923636e-44,
0,
0.0156616,
1,
0,
0,
0,
0,
0,
0,
5.551115e-17,
8.673617e-18,
0,
0,
0,
0,
0,
0,
2.032879e-19,
0,
0,
2.008901e-41,
5.605194e-45,
0,
0,
0,
0,
0,
0.9998907,
0,
0,
2.261822e-26,
0,
0.0001092528,
0,
2.742695e-12,
0,
0,
0,
0,
0,
0,
0,
0,
0,
0,
0,
0,
0,
0,
0,
0,
0,
0.9999217,
0,
0,
0,
0,
7.825474e-05,
1.514613e-28,
4.765788e-11,
0,
0,
0,
0,
0,
0,
0,
0,
1.387779e-17,
0,
9.264423e-23,
0,
0,
0,
7.174648e-43,
0,
0,
0.9159497,
0,
0,
0,
0,
0.08209252,
0,
0.0009538243,
0.0007061712,
0,
0,
0,
0,
0,
3.443831e-41,
0.0002961184,
8.597567e-13,
0,
3.049319e-20,
0,
0,
0,
2.208811e-29,
1.643934e-06,
0,
0.7869424,
0,
0,
4.743385e-20,
0,
0.1963819,
0.00237252,
0.005641876,
0.004665594,
0,
0,
0,
0,
0,
0,
0.003269536,
0,
0,
4.645304e-05,
6.217249e-15,
0,
0,
2.524355e-29,
2.208811e-29,
0.0006798175,
0.9208097,
0,
0,
0,
0,
0.07370284,
0.001697051,
0.0007907613,
0.0005805315,
0,
0,
0,
0,
0,
0,
0.000268481,
0,
0,
4.002801e-06,
3.035766e-18,
0,
0,
0,
0.0005503076,
0.001596332,
0.7240497,
0,
0,
1.387779e-17,
0,
0.2517647,
0,
0.009279481,
0.007922301,
0,
0,
0,
0,
0,
1.607121e-40,
0.00685307,
1.366497e-06,
0,
0,
1.249001e-16,
0,
0,
0,
4.038968e-28,
0.0001293186,
0.9733764,
0,
0,
1.985234e-23,
0,
0.001177332,
0,
3.69156e-07,
1.867759e-07,
0,
0,
2.295887e-40,
0,
0,
0,
0,
1.734724e-16,
0,
0,
2.646978e-23,
0,
0,
0,
0.002199111,
0.02324662,
0.9875881,
0,
0,
0,
0,
5.911653e-05,
0,
0,
7.467804e-12,
0,
0,
5.605194e-45,
0,
0,
0,
6.366462e-12,
1.496199e-17,
0,
0,
2.067951e-25,
0,
0,
0,
2.008901e-41,
0.01235277,
0.9849005,
0,
0,
2.067952e-25,
0,
0.0010424,
3.534097e-28,
3.42381e-07,
1.284766e-07,
0,
0,
4.203895e-45,
0,
0,
0,
0,
1.23599e-17,
0,
0,
0,
0,
0,
1.793662e-42,
0,
0.01405664,
1,
0,
0,
0,
0,
0,
0,
1.128475e-34,
0,
0,
0,
0,
0,
0,
0,
2.746545e-43,
0,
0,
0,
0,
0,
0,
0,
0,
0,
0.999893,
0,
0,
0,
0,
0.0001070179,
0,
0,
1.681499e-11,
0,
0,
0,
0,
0,
0,
0,
0,
0,
0,
0,
0,
0,
5.739719e-42,
8.035606e-41,
0,
0.7200889,
0,
0,
3.035766e-18,
0,
0.2544801,
0,
0.01003228,
0.008625018,
0,
0,
4.417621e-29,
0,
0,
0,
0.006772336,
1.435002e-06,
0,
1.332268e-15,
0,
0,
0,
1.767048e-28,
0,
0,
0.9993375,
0,
0,
0,
0,
7.210918e-05,
0,
0,
1.909939e-11,
0,
0,
1.961818e-44,
0,
0,
0,
0,
1.28749e-19,
0,
0,
9.305782e-25,
0,
0,
5.605194e-45,
1.401298e-45,
0.0005904198,
0.9998074,
0,
0,
1.316554e-36,
0,
4.557768e-06,
0,
9.379164e-13,
8.348877e-14,
0,
0,
0,
0,
0,
0,
0,
0,
0,
3.786532e-29,
4.814825e-34,
0,
0,
0,
0,
0.0001881134,
0.9995138,
0,
0,
0,
0,
0,
3.363116e-44,
1.415534e-15,
0,
0,
0,
0,
0,
0,
0,
0,
8.874684e-31,
0,
0,
0,
0,
0,
0,
0,
0.0004862101,
0.6747408,
0,
0,
2.168404e-18,
0,
0.29081,
2.38228e-22,
0.0134968,
0.01181613,
0,
0,
1.540744e-32,
0,
0,
0,
0.009096663,
2.818063e-06,
0,
0,
2.168404e-19,
0,
0,
0,
0,
3.673562e-05,
0.9170749,
0,
0,
0,
0,
0.07967062,
0,
0.0008668997,
0.000635993,
0,
0,
1.203706e-35,
0,
0,
0,
0.0002382727,
5.613288e-13,
0,
0,
0,
0,
0,
1.893266e-29,
9.023318e-07,
0.001512383,
0.9993591,
0,
0,
0,
0,
5.711464e-05,
0,
1.670122e-10,
0,
0,
0,
1.821688e-44,
0,
0,
0,
0,
2.927346e-18,
0,
0,
1.861156e-24,
0,
0,
0,
1.255563e-42,
0.0005837848,
0.9989906,
0,
0,
0,
0,
0.001009281,
0,
1.354658e-07,
0,
0,
0,
0,
0,
0,
4.203895e-45,
0,
4.996004e-16,
0,
1.482308e-21,
5.9557e-23,
0,
0,
0,
2.407412e-34,
0,
1998, 
0.8661929,
0,
0,
0,
0,
0.1218838,
0.003919551,
0.002067144,
0.00160143,
0,
0,
5.642373e-37,
0,
0,
8.035606e-41,
0.0007870129,
3.836931e-13,
0,
4.40684e-05,
0,
0,
0,
0,
0.002400439,
0.001103658,
0.9764306,
0,
0,
1.270549e-21,
0,
0.01355832,
0.009741387,
3.35564e-05,
2.07421e-05,
0,
0,
6.617445e-24,
0,
0,
1.401298e-45,
2.751449e-06,
0,
0,
8.349409e-06,
0,
0,
0,
1.577722e-30,
3.451266e-31,
0.0002043178,
0.9999216,
0,
0,
5.169879e-25,
0,
7.839799e-05,
0,
0,
3.644018e-11,
0,
0,
7.006492e-45,
0,
0,
0,
8.6402e-12,
1.561251e-17,
0,
0,
1.447566e-24,
0,
0,
0,
0,
0,
0.9994114,
0,
0,
0,
0,
0.000588427,
0,
1.318814e-07,
3.780485e-08,
0,
0,
0,
0,
0,
0,
8.582645e-11,
0,
0,
4.065758e-20,
7.411538e-22,
0,
0,
0,
0,
0,
0.7394094,
0,
0,
0,
0,
0.02464466,
0.2340881,
0.0001383752,
9.48445e-05,
0,
0,
1.323489e-23,
0,
0,
7.006492e-45,
3.439325e-05,
0,
0,
0.0002536906,
0,
0,
0,
2.366583e-30,
2.366583e-30,
0.0013365,
0.9829525,
0,
0,
0,
0,
6.211218e-05,
0.0003375216,
0,
1.546141e-11,
0,
0,
0,
0,
0,
0,
4.888534e-12,
3.794708e-19,
0,
0,
2.423381e-27,
0,
0,
3.923636e-44,
0,
0.01664788,
1,
0,
0,
0,
0,
0,
0,
5.551115e-17,
8.673617e-18,
0,
0,
0,
0,
0,
0,
2.032879e-19,
0,
0,
2.008901e-41,
5.605194e-45,
0,
0,
0,
0,
0,
0.9999189,
0,
0,
2.261822e-26,
0,
8.108853e-05,
0,
2.742695e-12,
0,
0,
0,
0,
0,
0,
0,
0,
0,
0,
0,
0,
0,
0,
0,
0,
0,
0.9999391,
0,
0,
0,
0,
6.090139e-05,
1.514613e-28,
4.765788e-11,
0,
0,
0,
0,
0,
0,
0,
0,
1.387779e-17,
0,
9.264423e-23,
0,
0,
0,
7.174648e-43,
0,
0,
0.92042,
0,
0,
0,
0,
0.07780174,
0,
0.0008656668,
0.0006382289,
0,
0,
0,
0,
0,
3.443831e-41,
0.0002619724,
8.597567e-13,
0,
3.049319e-20,
0,
0,
0,
2.20881e-29,
1.238216e-05,
0,
0.7891383,
0,
0,
4.743385e-20,
0,
0.1944816,
0.002359547,
0.005536574,
0.004573725,
0,
0,
0,
0,
0,
0,
0.003188291,
0,
0,
4.614681e-05,
6.217249e-15,
0,
0,
2.524355e-29,
2.208811e-29,
0.0006758528,
0.9244925,
0,
0,
0,
0,
0.07037151,
0.001973217,
0.0007238604,
0.0005291677,
0,
0,
0,
0,
0,
0,
0.0002391573,
0,
0,
4.627814e-06,
3.035766e-18,
0,
0,
0,
0.0004799751,
0.001186016,
0.7239909,
0,
0,
1.387779e-17,
0,
0.2517667,
0,
0.009255172,
0.007911829,
0,
0,
0,
0,
0,
1.607121e-40,
0.006886315,
1.375779e-06,
0,
0,
1.249001e-16,
0,
0,
0,
4.038968e-28,
0.0001877296,
0.9790429,
0,
0,
1.985233e-23,
0,
0.000944804,
0,
2.565232e-07,
1.333017e-07,
0,
0,
2.295887e-40,
0,
0,
0,
0,
1.734723e-16,
0,
0,
2.646978e-23,
0,
0,
0,
0.002110513,
0.01790137,
0.9905728,
0,
0,
0,
0,
4.3115e-05,
0,
0,
7.467804e-12,
0,
0,
5.605194e-45,
0,
0,
0,
6.366463e-12,
1.496199e-17,
0,
0,
2.067952e-25,
0,
0,
0,
2.008901e-41,
0.009384157,
0.9881747,
0,
0,
2.067952e-25,
0,
0.0008283971,
3.534097e-28,
2.376285e-07,
8.740515e-08,
0,
0,
4.203895e-45,
0,
0,
0,
0,
1.235991e-17,
0,
0,
0,
0,
0,
1.793662e-42,
0,
0.01099661,
1,
0,
0,
0,
0,
0,
0,
1.128475e-34,
0,
0,
0,
0,
0,
0,
0,
2.746545e-43,
0,
0,
0,
0,
0,
0,
0,
0,
0,
0.9996492,
0,
0,
0,
0,
8.956264e-05,
0,
0,
1.681499e-11,
0,
0,
0,
0,
0,
0,
0,
0,
0,
0,
0,
0,
0,
5.739719e-42,
8.035606e-41,
0.0002612037,
0.7142498,
0,
0,
3.035766e-18,
0,
0.2590109,
0,
0.01048069,
0.009039183,
0,
0,
4.417621e-29,
0,
0,
0,
0.007217828,
1.662406e-06,
0,
1.332268e-15,
0,
0,
0,
1.767048e-28,
0,
0,
0.9993661,
0,
0,
0,
0,
7.347617e-05,
0,
0,
1.909939e-11,
0,
0,
1.961818e-44,
0,
0,
0,
0,
1.28749e-19,
0,
0,
9.305782e-25,
0,
0,
5.605194e-45,
1.401298e-45,
0.0005604017,
0.9997988,
0,
0,
1.316554e-36,
0,
4.621446e-06,
0,
9.379164e-13,
8.348877e-14,
0,
0,
0,
0,
0,
0,
0,
0,
0,
3.786532e-29,
4.814825e-34,
0,
0,
0,
0,
0.000196566,
0.9993363,
0,
0,
0,
0,
0,
3.363116e-44,
1.415534e-15,
0,
0,
0,
0,
0,
0,
0,
0,
8.874685e-31,
0,
0,
0,
0,
0,
0,
0,
0.0006636766,
0.6794187,
0,
0,
2.168405e-18,
0,
0.2869456,
2.38228e-22,
0.01318295,
0.01153261,
0,
0,
1.540744e-32,
0,
0,
0,
0.008858385,
2.67546e-06,
0,
0,
2.168404e-19,
0,
0,
0,
0,
5.906573e-05,
0.9176607,
0,
0,
0,
0,
0.07888821,
0,
0.0008556749,
0.000627825,
0,
0,
1.203706e-35,
0,
0,
0,
0.0002362292,
5.613288e-13,
0,
0,
0,
0,
0,
1.893266e-29,
8.020727e-07,
0.001730604,
0.9978661,
0,
0,
0,
0,
4.598999e-05,
0,
1.670122e-10,
0,
0,
0,
1.821688e-44,
0,
0,
0,
0,
2.927346e-18,
0,
0,
1.861157e-24,
0,
0,
0,
1.255563e-42,
0.00208789,
0.9991156,
0,
0,
0,
0,
0.0008842649,
0,
1.019577e-07,
0,
0,
0,
0,
0,
0,
4.203895e-45,
0,
4.996004e-16,
0,
1.482308e-21,
5.9557e-23,
0,
0,
0,
2.407412e-34,
0,
1999, 
0.867725,
0,
0,
0,
0,
0.1196149,
0.004909833,
0.002003424,
0.001550518,
0,
0,
5.642373e-37,
0,
0,
8.035606e-41,
0.0007549478,
3.836931e-13,
0,
5.470218e-05,
0,
0,
0,
0,
0.002431861,
0.0009548186,
0.9779803,
0,
0,
1.270549e-21,
0,
0.01209343,
0.009649103,
2.806236e-05,
1.725281e-05,
0,
0,
6.617445e-24,
0,
0,
1.401298e-45,
2.205952e-06,
0,
0,
7.766741e-06,
0,
0,
0,
1.577722e-30,
3.451266e-31,
0.0002219032,
0.9999453,
0,
0,
5.169879e-25,
0,
5.190702e-05,
0,
0,
3.644018e-11,
0,
0,
7.006492e-45,
0,
0,
0,
8.6402e-12,
1.561251e-17,
0,
0,
1.447566e-24,
0,
0,
0,
0,
2.745289e-06,
0.9995503,
0,
0,
0,
0,
0.0004496468,
0,
6.538483e-08,
1.373603e-08,
0,
0,
0,
0,
0,
0,
8.582646e-11,
0,
0,
4.065758e-20,
7.411539e-22,
0,
0,
0,
0,
0,
0.7378953,
0,
0,
0,
0,
0.02243282,
0.2375098,
0.0001137019,
7.70168e-05,
0,
0,
1.323489e-23,
0,
0,
7.006492e-45,
2.650512e-05,
0,
0,
0.0002048571,
0,
0,
0,
2.366583e-30,
2.366583e-30,
0.001739929,
0.9835224,
0,
0,
0,
0,
4.111344e-05,
0.0002673181,
0,
1.546141e-11,
0,
0,
0,
0,
0,
0,
4.888534e-12,
3.794708e-19,
0,
0,
2.423381e-27,
0,
0,
3.923636e-44,
1.848708e-06,
0.01616737,
1,
0,
0,
0,
0,
0,
0,
5.551116e-17,
8.673618e-18,
0,
0,
0,
0,
0,
0,
2.032879e-19,
0,
0,
2.008901e-41,
5.605194e-45,
0,
0,
0,
0,
0,
0.9999446,
0,
0,
2.261822e-26,
0,
5.545799e-05,
0,
2.742695e-12,
0,
0,
0,
0,
0,
0,
0,
0,
0,
0,
0,
0,
0,
0,
0,
0,
0,
0.9999552,
0,
0,
0,
0,
4.481358e-05,
1.514613e-28,
4.765788e-11,
0,
0,
0,
0,
0,
0,
0,
0,
1.387779e-17,
0,
9.264423e-23,
0,
0,
0,
7.174648e-43,
0,
0,
0.9250181,
0,
0,
0,
0,
0.07338205,
0,
0.0007750281,
0.00056831,
0,
0,
0,
0,
0,
3.443831e-41,
0.000226907,
8.597566e-13,
0,
3.049318e-20,
0,
0,
0,
2.20881e-29,
2.961041e-05,
0,
0.792364,
0,
0,
4.743385e-20,
0,
0.1915907,
0.002435986,
0.005381768,
0.004439399,
0,
0,
0,
0,
0,
0,
0.003074155,
0,
0,
4.700573e-05,
6.217249e-15,
0,
0,
2.524355e-29,
2.208811e-29,
0.0006669612,
0.9277726,
0,
0,
0,
0,
0.06725188,
0.002431588,
0.0006598042,
0.0004798254,
0,
0,
0,
0,
0,
0,
0.0002106361,
0,
0,
5.632006e-06,
3.035766e-18,
0,
0,
0,
0.0004096425,
0.000778423,
0.7247437,
0,
0,
1.387779e-17,
0,
0.2511646,
0,
0.009183301,
0.007855647,
0,
0,
0,
0,
0,
1.607121e-40,
0.006863682,
1.364144e-06,
0,
0,
1.249001e-16,
0,
0,
0,
4.038968e-28,
0.0001877296,
0.9840279,
0,
0,
1.985233e-23,
0,
0.0007313514,
0,
1.531835e-07,
7.982742e-08,
0,
0,
2.295887e-40,
0,
0,
0,
0,
1.734723e-16,
0,
0,
2.646978e-23,
0,
0,
0,
0.002257741,
0.01298273,
0.9931298,
0,
0,
0,
0,
2.865262e-05,
0,
0,
7.467804e-12,
0,
0,
5.605194e-45,
0,
0,
0,
6.366463e-12,
1.496199e-17,
0,
0,
2.067952e-25,
0,
0,
0,
2.008901e-41,
0.006841532,
0.9913204,
0,
0,
2.067952e-25,
0,
0.0006369917,
3.534097e-28,
1.407871e-07,
4.633365e-08,
0,
0,
4.203895e-45,
0,
0,
0,
0,
1.23599e-17,
0,
0,
0,
0,
0,
1.793662e-42,
0,
0.008042423,
1,
0,
0,
0,
0,
0,
0,
1.128475e-34,
0,
0,
0,
0,
0,
0,
0,
2.746545e-43,
0,
0,
0,
0,
0,
0,
0,
0,
0,
0.9995163,
0,
0,
0,
0,
7.289103e-05,
0,
0,
1.681499e-11,
0,
0,
0,
0,
0,
0,
0,
0,
0,
0,
0,
0,
0,
5.739719e-42,
8.035606e-41,
0.0004107844,
0.7069021,
0,
0,
3.035766e-18,
0,
0.26464,
0,
0.01106286,
0.009580218,
0,
0,
4.417621e-29,
0,
0,
0,
0.007812756,
2.017661e-06,
0,
1.332268e-15,
0,
0,
0,
1.767048e-28,
0,
0,
0.9993937,
0,
0,
0,
0,
7.592758e-05,
0,
0,
1.909939e-11,
0,
0,
1.961818e-44,
0,
0,
0,
0,
1.28749e-19,
0,
0,
9.305781e-25,
0,
0,
5.605194e-45,
1.401298e-45,
0.0005303835,
0.9998141,
0,
0,
1.316554e-36,
0,
4.586704e-06,
0,
9.379164e-13,
8.348876e-14,
0,
0,
0,
0,
0,
0,
0,
0,
0,
3.786532e-29,
4.814825e-34,
0,
0,
0,
0,
0.0001813027,
0.9993097,
0,
0,
0,
0,
0,
3.363116e-44,
1.415534e-15,
0,
0,
0,
0,
0,
0,
0,
0,
8.874685e-31,
0,
0,
0,
0,
0,
0,
0,
0.000690353,
0.6849459,
0,
0,
2.168404e-18,
0,
0.282454,
2.38228e-22,
0.0127909,
0.01117541,
0,
0,
1.540744e-32,
0,
0,
0,
0.008548444,
2.499257e-06,
0,
0,
2.168404e-19,
0,
0,
0,
0,
8.28287e-05,
0.9183258,
0,
0,
0,
0,
0.07817039,
0,
0.0008446223,
0.0006197122,
0,
0,
1.203706e-35,
0,
0,
0,
0.0002341349,
5.613288e-13,
0,
0,
0,
0,
0,
1.893266e-29,
7.018136e-07,
0.001804578,
0.9974787,
0,
0,
0,
0,
3.516615e-05,
0,
1.670122e-10,
0,
0,
0,
1.821688e-44,
0,
0,
0,
0,
2.927346e-18,
0,
0,
1.861156e-24,
0,
0,
0,
1.255563e-42,
0.002486154,
0.9992405,
0,
0,
0,
0,
0.0007594426,
0,
6.844959e-08,
0,
0,
0,
0,
0,
0,
4.203895e-45,
0,
4.996004e-16,
0,
1.482308e-21,
5.9557e-23,
0,
0,
0,
2.407412e-34,
0,
2000, 
0.8699797,
0,
0,
0,
0,
0.1168727,
0.005410722,
0.001921307,
0.001484298,
0,
0,
5.642373e-37,
0,
0,
8.035606e-41,
0.0007128607,
3.836931e-13,
0,
5.981382e-05,
0,
0,
0,
0,
0.002554483,
0.001004116,
0.9781151,
0,
0,
1.27055e-21,
0,
0.01053504,
0.01089225,
2.241452e-05,
1.367385e-05,
0,
0,
6.617446e-24,
0,
0,
1.401298e-45,
1.650859e-06,
0,
0,
7.388156e-06,
0,
0,
0,
1.577722e-30,
3.451267e-31,
0.0004124948,
0.9998989,
0,
0,
5.169879e-25,
0,
3.141414e-05,
0,
0,
3.644018e-11,
0,
0,
7.006492e-45,
0,
0,
0,
8.6402e-12,
1.561251e-17,
0,
0,
1.447566e-24,
0,
0,
0,
0,
6.967624e-05,
0.9996592,
0,
0,
0,
0,
0.000340783,
0,
1.902138e-08,
0,
0,
0,
0,
0,
0,
0,
8.582645e-11,
0,
0,
4.065758e-20,
7.411538e-22,
0,
0,
0,
0,
0,
0.7584834,
0,
0,
0,
0,
0.02080172,
0.2168784,
9.242707e-05,
6.154134e-05,
0,
0,
1.323489e-23,
0,
0,
7.006492e-45,
1.948145e-05,
0,
0,
0.0001580496,
0,
0,
0,
2.366583e-30,
2.366583e-30,
0.003504958,
0.9834286,
0,
0,
0,
0,
2.34039e-05,
0.0002172712,
0,
1.546141e-11,
0,
0,
0,
0,
0,
0,
4.888534e-12,
3.794708e-19,
0,
0,
2.423381e-27,
0,
0,
3.923636e-44,
3.173922e-06,
0.01632757,
1,
0,
0,
0,
0,
0,
0,
5.551115e-17,
8.673617e-18,
0,
0,
0,
0,
0,
0,
2.032879e-19,
0,
0,
2.008901e-41,
5.605194e-45,
0,
0,
0,
0,
0,
0.9999657,
0,
0,
2.261822e-26,
0,
3.427282e-05,
0,
2.742695e-12,
0,
0,
0,
0,
0,
0,
0,
0,
0,
0,
0,
0,
0,
0,
0,
0,
0,
0.9999691,
0,
0,
0,
0,
3.08568e-05,
1.514613e-28,
4.765787e-11,
0,
0,
0,
0,
0,
0,
0,
0,
1.387779e-17,
0,
9.264422e-23,
0,
0,
0,
7.174648e-43,
0,
0,
0.9296771,
0,
0,
0,
0,
0.06888983,
0,
0.000685251,
0.000499127,
0,
0,
0,
0,
0,
3.443831e-41,
0.000192492,
8.597567e-13,
0,
3.049319e-20,
0,
0,
0,
2.208811e-29,
5.614546e-05,
0,
0.7957231,
0,
0,
4.743385e-20,
0,
0.1876235,
0.003410696,
0.005175343,
0.004260819,
0,
0,
0,
0,
0,
0,
0.002925548,
0,
0,
6.188086e-05,
6.217249e-15,
0,
0,
2.524355e-29,
2.208811e-29,
0.0008191731,
0.929884,
0,
0,
0,
0,
0.06442815,
0.003455001,
0.0006013554,
0.0004346787,
0,
0,
0,
0,
0,
0,
0.0001842342,
0,
0,
7.86573e-06,
3.035766e-18,
0,
0,
0,
0.0005584845,
0.0004462813,
0.7248681,
0,
0,
1.387779e-17,
0,
0.2511193,
0,
0.009138089,
0.00782241,
0,
0,
0,
0,
0,
1.607121e-40,
0.006863085,
1.35565e-06,
0,
0,
1.249001e-16,
0,
0,
0,
4.038968e-28,
0.0001877296,
0.988385,
0,
0,
1.985233e-23,
0,
0.0005483297,
0,
6.935709e-08,
3.624121e-08,
0,
0,
2.295887e-40,
0,
0,
0,
0,
1.734723e-16,
0,
0,
2.646978e-23,
0,
0,
0,
0.002495316,
0.008571311,
0.9955741,
0,
0,
0,
0,
1.689824e-05,
0,
0,
7.467804e-12,
0,
0,
5.605194e-45,
0,
0,
0,
6.366463e-12,
1.496199e-17,
0,
0,
2.067952e-25,
0,
0,
0,
2.008901e-41,
0.004409029,
0.9940691,
0,
0,
2.067952e-25,
0,
0.0004805348,
3.534097e-28,
6.254409e-08,
1.463783e-08,
0,
0,
4.203895e-45,
0,
0,
0,
0,
1.23599e-17,
0,
0,
0,
0,
0,
1.793662e-42,
0,
0.005450309,
1,
0,
0,
0,
0,
0,
0,
1.128475e-34,
0,
0,
0,
0,
0,
0,
0,
2.746545e-43,
0,
0,
0,
0,
0,
0,
0,
0,
7.326278e-09,
0.9948457,
0,
0,
0,
0,
5.714521e-05,
0.003805937,
0,
1.6815e-11,
0,
0,
0,
0,
0,
0,
0,
0,
0,
0,
0,
0,
0,
5.739719e-42,
8.035606e-41,
0.001291229,
0.6990114,
0,
0,
3.035766e-18,
0,
0.270623,
0,
0.01170349,
0.01017832,
0,
0,
4.417622e-29,
0,
0,
0,
0.008481219,
2.466558e-06,
0,
1.332268e-15,
0,
0,
0,
1.767049e-28,
0,
0,
0.9992736,
0,
0,
0,
0,
7.833011e-05,
0,
0,
1.909939e-11,
0,
0,
1.961818e-44,
0,
0,
0,
0,
1.28749e-19,
0,
0,
9.305783e-25,
0,
0,
5.605194e-45,
1.401298e-45,
0.0006480674,
0.9998286,
0,
0,
1.316554e-36,
0,
4.408825e-06,
0,
9.379163e-13,
8.348876e-14,
0,
0,
0,
0,
0,
0,
0,
0,
0,
3.786532e-29,
4.814824e-34,
0,
0,
0,
0,
0.0001670208,
0.9993474,
0,
0,
0,
0,
0,
3.363116e-44,
1.415534e-15,
0,
0,
0,
0,
0,
0,
0,
0,
8.874684e-31,
0,
0,
0,
0,
0,
0,
0,
0.0006526334,
0.6906494,
0,
0,
2.168404e-18,
0,
0.277866,
2.38228e-22,
0.01236869,
0.01078833,
0,
0,
1.540744e-32,
0,
0,
0,
0.008203083,
2.300722e-06,
0,
0,
2.168404e-19,
0,
0,
0,
0,
0.0001221218,
0.91894,
0,
0,
0,
0,
0.07699015,
0,
0.0008229376,
0.0006032439,
0,
0,
1.203706e-35,
0,
0,
0,
0.0002278386,
5.613288e-13,
0,
0,
0,
0,
0,
1.893266e-29,
6.015546e-07,
0.002415245,
0.9953496,
0,
0,
0,
0,
2.517322e-05,
0,
1.670122e-10,
0,
0,
0,
1.821688e-44,
0,
0,
0,
0,
2.927346e-18,
0,
0,
1.861157e-24,
0,
0,
0,
1.255563e-42,
0.004625178,
0.9993634,
0,
0,
0,
0,
0.0006366225,
0,
3.494148e-08,
0,
0,
0,
0,
0,
0,
4.203895e-45,
0,
4.996004e-16,
0,
1.482308e-21,
5.9557e-23,
0,
0,
0,
2.407412e-34,
0,
2001, 
0.8719723,
0,
0,
0,
0,
0.1151176,
0.00546303,
0.001865319,
0.001438849,
0,
0,
5.642373e-37,
0,
0,
8.035606e-41,
0.0006806116,
3.836931e-13,
0,
6.040826e-05,
0,
0,
0,
0,
0.002512838,
0.0008891091,
0.9788451,
0,
0,
1.27055e-21,
0,
0.009176353,
0.01138675,
1.729636e-05,
1.041657e-05,
0,
0,
6.617445e-24,
0,
0,
1.401298e-45,
1.137537e-06,
0,
0,
6.953384e-06,
0,
0,
0,
1.577722e-30,
3.451267e-31,
0.0005559794,
0.9998161,
0,
0,
5.169879e-25,
0,
2.088897e-05,
0,
0,
3.644018e-11,
0,
0,
7.006492e-45,
0,
0,
0,
8.6402e-12,
1.561251e-17,
0,
0,
1.447566e-24,
0,
0,
0,
0,
0.0001630675,
0.9997202,
0,
0,
0,
0,
0.0002798515,
0,
0,
0,
0,
0,
0,
0,
0,
0,
8.582645e-11,
0,
0,
4.065758e-20,
7.411538e-22,
0,
0,
0,
0,
0,
0.7774328,
0,
0,
0,
0,
0.01980282,
0.1960437,
7.767634e-05,
5.074282e-05,
0,
0,
1.323489e-23,
0,
0,
7.006492e-45,
1.437563e-05,
0,
0,
0.000124715,
0,
0,
0,
2.366583e-30,
2.366583e-30,
0.006453133,
0.9819837,
0,
0,
0,
0,
1.133936e-05,
0.0001687635,
0,
1.546141e-11,
0,
0,
0,
0,
0,
0,
4.888534e-12,
3.794708e-19,
0,
0,
2.423381e-27,
0,
0,
3.923636e-44,
5.077293e-06,
0.01783107,
0.9999593,
0,
0,
0,
0,
0,
0,
5.551116e-17,
8.673618e-18,
0,
0,
0,
0,
0,
0,
2.032879e-19,
0,
0,
2.008901e-41,
5.605194e-45,
0,
0,
0,
0,
4.069287e-05,
0.999979,
0,
0,
2.261822e-26,
0,
2.101856e-05,
0,
2.742695e-12,
0,
0,
0,
0,
0,
0,
0,
0,
0,
0,
0,
0,
0,
0,
0,
0,
0,
0.9999788,
0,
0,
0,
0,
2.119818e-05,
1.514613e-28,
4.765787e-11,
0,
0,
0,
0,
0,
0,
0,
0,
1.387779e-17,
0,
9.264422e-23,
0,
0,
0,
7.174648e-43,
0,
0,
0.9334151,
0,
0,
0,
0,
0.065308,
0,
0.0006131515,
0.000443466,
0,
0,
0,
0,
0,
3.443831e-41,
0.0001643544,
8.597567e-13,
0,
3.049319e-20,
0,
0,
0,
2.208811e-29,
5.59941e-05,
0,
0.7976487,
0,
0,
4.743385e-20,
0,
0.1850566,
0.004261357,
0.005036602,
0.004140304,
0,
0,
0,
0,
0,
0,
0.002822028,
0,
0,
7.760424e-05,
6.217249e-15,
0,
0,
2.524355e-29,
2.208811e-29,
0.0009568534,
0.930325,
0,
0,
0,
0,
0.06313492,
0.003825757,
0.0005709906,
0.0004109067,
0,
0,
0,
0,
0,
0,
0.0001684173,
0,
0,
8.962219e-06,
3.035766e-18,
0,
0,
0,
0.0005293452,
0.001025758,
0.7243251,
0,
0,
1.387779e-17,
0,
0.2516608,
0,
0.009122028,
0.007814436,
0,
0,
0,
0,
0,
1.607121e-40,
0.006888107,
1.34806e-06,
0,
0,
1.249001e-16,
0,
0,
0,
4.038968e-28,
0.0001881654,
0.9918901,
0,
0,
1.985233e-23,
0,
0.0004159193,
0,
1.82799e-08,
9.762013e-09,
0,
0,
2.295887e-40,
0,
0,
0,
0,
1.734723e-16,
0,
0,
2.646978e-23,
0,
0,
0,
0.00244943,
0.005244554,
0.9966916,
0,
0,
0,
0,
9.095492e-06,
0,
0,
7.467805e-12,
0,
0,
5.605194e-45,
0,
0,
0,
6.366463e-12,
1.496199e-17,
0,
0,
2.067952e-25,
0,
0,
0,
2.008901e-41,
0.003299259,
0.996102,
0,
0,
2.067951e-25,
0,
0.000381332,
3.534097e-28,
1.706962e-08,
3.332445e-12,
0,
0,
4.203895e-45,
0,
0,
0,
0,
1.23599e-17,
0,
0,
0,
0,
0,
1.793662e-42,
0,
0.00351667,
1,
0,
0,
0,
0,
0,
0,
1.128475e-34,
0,
0,
0,
0,
0,
0,
0,
2.746545e-43,
0,
0,
0,
0,
0,
0,
0,
0,
1.821152e-08,
0.9915751,
0,
0,
0,
0,
4.539788e-05,
0.005108267,
0,
1.681499e-11,
0,
0,
0,
0,
0,
0,
0,
0,
0,
0,
0,
0,
0,
5.739719e-42,
8.035606e-41,
0.003271295,
0.68889,
0,
0,
3.035766e-18,
0,
0.2781316,
0,
0.01256829,
0.01099285,
0,
0,
4.417621e-29,
0,
0,
0,
0.009414028,
3.253185e-06,
0,
1.332268e-15,
0,
0,
0,
1.767048e-28,
0,
0,
0.9985878,
0,
0,
0,
0,
8.699425e-05,
0,
0,
1.909939e-11,
0,
0,
1.961818e-44,
0,
0,
0,
0,
1.28749e-19,
0,
0,
9.305783e-25,
0,
0,
5.605194e-45,
1.401298e-45,
0.001325211,
0.9997487,
0,
0,
1.316554e-36,
0,
4.299849e-06,
0,
9.379165e-13,
8.348878e-14,
0,
0,
0,
0,
0,
0,
0,
0,
0,
3.786533e-29,
4.814825e-34,
0,
0,
0,
0,
0.000247016,
0.9993899,
0,
0,
0,
0,
0,
3.363116e-44,
1.415534e-15,
0,
0,
0,
0,
0,
0,
0,
0,
8.874686e-31,
0,
0,
0,
0,
0,
0,
0,
0.0006100833,
0.6939091,
0,
0,
2.168404e-18,
0,
0.2752414,
2.38228e-22,
0.01211584,
0.0105555,
0,
0,
1.540744e-32,
0,
0,
0,
0.007992958,
2.165241e-06,
0,
0,
2.168404e-19,
0,
0,
0,
0,
0.0001829912,
0.918693,
0,
0,
0,
0,
0.07657623,
0,
0.0008159083,
0.0005979931,
0,
0,
1.203706e-35,
0,
0,
0,
0.0002262473,
5.613288e-13,
0,
0,
0,
0,
0,
1.893266e-29,
1.30383e-06,
0.003089302,
0.9924287,
0,
0,
0,
0,
1.738095e-05,
0,
1.670122e-10,
0,
0,
0,
1.821688e-44,
0,
0,
0,
0,
2.927346e-18,
0,
0,
1.861156e-24,
0,
0,
0,
1.255563e-42,
0.007553965,
0.9994621,
0,
0,
0,
0,
0.0005379063,
0,
1.134296e-08,
0,
0,
0,
0,
0,
0,
4.203895e-45,
0,
4.996004e-16,
0,
1.482308e-21,
5.9557e-23,
0,
0,
0,
2.407412e-34,
0,
2002, 
0.8712794,
0,
0,
0,
0,
0.1159004,
0.00546303,
0.001894955,
0.001463631,
0,
0,
5.642373e-37,
0,
0,
8.035606e-41,
0.0006872436,
3.836931e-13,
0,
6.040826e-05,
0,
0,
0,
0,
0.002491611,
0.0007593997,
0.9779215,
0,
0,
1.270549e-21,
0,
0.008394831,
0.01308052,
1.389954e-05,
8.225236e-06,
0,
0,
6.617445e-24,
0,
0,
1.401298e-45,
7.309101e-07,
0,
0,
7.63451e-06,
0,
0,
0,
1.577722e-30,
1.15785e-05,
0.0005610398,
0.9997637,
0,
0,
5.169879e-25,
0,
1.900387e-05,
0,
0,
3.644018e-11,
0,
0,
7.006492e-45,
0,
0,
0,
8.6402e-12,
1.561251e-17,
0,
0,
1.447566e-24,
0,
0,
0,
0,
0.0002172422,
0.9997259,
0,
0,
0,
0,
0.0002740581,
0,
0,
0,
0,
0,
0,
0,
0,
0,
8.582647e-11,
0,
0,
4.065759e-20,
7.411539e-22,
0,
0,
0,
0,
0,
0.7628578,
0,
0,
0,
0,
0.01896681,
0.2079309,
6.997646e-05,
4.52101e-05,
0,
0,
1.323489e-23,
0,
0,
7.006492e-45,
1.169214e-05,
0,
0,
0.000125269,
0,
0,
0,
2.366583e-30,
2.366583e-30,
0.009992362,
0.9733337,
0,
0,
0,
0,
5.416658e-06,
0.0001205755,
0,
1.546141e-11,
0,
0,
0,
0,
0,
0,
4.888534e-12,
3.794707e-19,
0,
0,
2.423381e-27,
0,
0,
3.923636e-44,
1.722023e-05,
0.02652312,
0.999792,
0,
0,
0,
0,
0,
0,
5.551115e-17,
8.673617e-18,
0,
0,
0,
0,
0,
0,
2.032879e-19,
0,
0,
2.008901e-41,
5.605194e-45,
0,
0,
0,
0,
0.0002080148,
0.9999847,
0,
0,
2.261822e-26,
0,
1.526126e-05,
0,
2.742695e-12,
0,
0,
0,
0,
0,
0,
0,
0,
0,
0,
0,
0,
0,
0,
0,
0,
0,
0.9999833,
0,
0,
0,
0,
1.668246e-05,
1.514613e-28,
4.765787e-11,
0,
0,
0,
0,
0,
0,
0,
0,
1.387779e-17,
0,
9.264422e-23,
0,
0,
0,
7.174648e-43,
0,
0,
0.9353239,
0,
0,
0,
0,
0.06348599,
0,
0.0005738363,
0.0004128739,
0,
0,
0,
0,
0,
3.443831e-41,
0.0001475735,
8.597567e-13,
0,
3.049318e-20,
0,
0,
0,
2.20881e-29,
5.584273e-05,
0,
0.7962969,
0,
0,
4.743385e-20,
0,
0.1847367,
0.005878639,
0.00503152,
0.004136811,
0,
0,
0,
0,
0,
0,
0.002817433,
0,
0,
0.0001159476,
6.217249e-15,
0,
0,
2.524355e-29,
2.208811e-29,
0.0009860562,
0.9294341,
0,
0,
0,
0,
0.06430978,
0.003669871,
0.0005921684,
0.000427116,
0,
0,
0,
0,
0,
0,
0.0001736675,
0,
0,
8.594465e-06,
3.035766e-18,
0,
0,
0,
0.0005062508,
0.0008784822,
0.7203026,
0,
0,
1.387779e-17,
0,
0.2551592,
0,
0.009276747,
0.007966558,
0,
0,
0,
0,
0,
1.607121e-40,
0.007117089,
1.41633e-06,
0,
0,
1.249001e-16,
0,
0,
0,
4.038968e-28,
0.0001764092,
0.9945531,
0,
0,
1.985234e-23,
0,
0.0003467716,
0,
0,
0,
0,
0,
2.295887e-40,
0,
0,
0,
0,
1.734724e-16,
0,
0,
2.646978e-23,
0,
0,
0,
0.002316042,
0.002784033,
0.9967459,
0,
0,
0,
0,
5.135042e-06,
0,
0,
7.467804e-12,
0,
0,
5.605194e-45,
0,
0,
0,
6.366463e-12,
1.496199e-17,
0,
0,
2.067952e-25,
0,
0,
0,
2.008901e-41,
0.003248997,
0.9975878,
0,
0,
2.067952e-25,
0,
0.0003570676,
3.534097e-28,
0,
3.332445e-12,
0,
0,
4.203895e-45,
0,
0,
0,
0,
1.23599e-17,
0,
0,
0,
0,
0,
1.793662e-42,
0,
0.002055156,
0.9999998,
0,
0,
0,
0,
0,
0,
1.128475e-34,
0,
0,
0,
0,
0,
0,
0,
2.746545e-43,
0,
0,
0,
0,
0,
0,
0,
0,
1.729828e-07,
0.9886123,
0,
0,
0,
0,
3.978447e-05,
0.005349021,
0,
1.681499e-11,
0,
0,
0,
0,
0,
0,
0,
0,
0,
0,
0,
0,
0,
5.739719e-42,
8.035606e-41,
0.005998894,
0.6743844,
0,
0,
3.035766e-18,
0,
0.287984,
3.090406e-05,
0.01383592,
0.01220492,
0,
0,
4.417621e-29,
0,
0,
0,
0.01088209,
4.96333e-06,
0,
1.460959e-06,
0,
0,
0,
1.767049e-28,
0,
0.0006713657,
0.9977643,
0,
0,
0,
0,
0.0001120881,
0,
0,
1.909939e-11,
0,
0,
1.961818e-44,
0,
0,
0,
0,
1.28749e-19,
0,
0,
9.305782e-25,
0,
0,
5.605194e-45,
1.401298e-45,
0.002123574,
0.999581,
0,
0,
1.316554e-36,
0,
4.709259e-06,
0,
9.379164e-13,
8.348877e-14,
0,
0,
0,
0,
0,
0,
0,
0,
0,
3.786532e-29,
4.814825e-34,
0,
0,
0,
0,
0.0004142905,
0.9994363,
0,
0,
0,
0,
0,
3.363116e-44,
1.415534e-15,
0,
0,
0,
0,
0,
0,
0,
0,
8.874685e-31,
0,
0,
0,
0,
0,
0,
0,
0.0005636615,
0.6931274,
0,
0,
2.168404e-18,
0,
0.2757192,
2.38228e-22,
0.01218762,
0.01062507,
0,
0,
1.540744e-32,
0,
0,
0,
0.008073957,
2.218988e-06,
0,
0,
2.168404e-19,
0,
0,
0,
0,
0.0002645596,
0.9172758,
0,
0,
0,
0,
0.07797579,
0,
0.0008500228,
0.0006250016,
0,
0,
1.203706e-35,
0,
0,
0,
0.0002400251,
5.613288e-13,
0,
0,
0,
0,
0,
1.893266e-29,
1.20357e-06,
0.003032118,
0.9886166,
0,
0,
0,
0,
1.261912e-05,
0,
1.670122e-10,
0,
0,
0,
1.821688e-44,
0,
0,
0,
0,
2.927346e-18,
0,
0,
1.861156e-24,
0,
0,
0,
1.255563e-42,
0.01137076,
0.9995172,
0,
0,
0,
0,
0.0004828205,
0,
0,
0,
0,
0,
0,
0,
0,
4.203895e-45,
0,
4.996004e-16,
0,
1.482308e-21,
5.9557e-23,
0,
0,
0,
2.407412e-34,
0,
2003, 
0.8683659,
0,
0,
0,
0,
0.1188558,
0.00525878,
0.002009759,
0.00155957,
0,
0,
5.642373e-37,
0,
0,
8.035606e-41,
0.0007350385,
3.836931e-13,
0,
5.931839e-05,
0,
0,
0,
0,
0.00246442,
0.0006913983,
0.9739636,
0,
0,
1.27055e-21,
0,
0.008143027,
0.01718908,
1.259358e-05,
7.367207e-06,
0,
0,
6.617446e-24,
0,
0,
1.401298e-45,
5.804554e-07,
0,
0,
1.163599e-05,
0,
0,
0,
1.577722e-30,
1.492867e-05,
0.0006572607,
0.9997384,
0,
0,
5.169879e-25,
0,
2.235994e-05,
0,
0,
3.644018e-11,
0,
0,
7.006492e-45,
0,
0,
0,
8.6402e-12,
1.561251e-17,
0,
0,
1.447566e-24,
0,
0,
0,
0,
0.0002392267,
0.9996861,
0,
0,
0,
0,
0.0003139239,
0,
0,
0,
0,
0,
0,
0,
0,
0,
8.582645e-11,
0,
0,
4.065758e-20,
7.411538e-22,
0,
0,
0,
0,
0,
0.7628459,
0,
0,
0,
0,
0.0194958,
0.202848,
7.386578e-05,
4.787021e-05,
0,
0,
1.323489e-23,
0,
0,
7.006492e-45,
1.201528e-05,
0,
0,
0.0001217406,
0,
0,
0,
2.366583e-30,
2.366583e-30,
0.01455475,
0.9648472,
0,
0,
0,
0,
3.31138e-06,
8.976437e-05,
0,
1.546141e-11,
0,
0,
0,
0,
0,
0,
4.888534e-12,
3.794707e-19,
0,
0,
2.423381e-27,
0,
0,
3.923636e-44,
1.781998e-05,
0.03504189,
0.9996579,
0,
0,
0,
0,
0,
0,
5.551114e-17,
8.673617e-18,
0,
0,
0,
0,
0,
0,
2.032879e-19,
0,
0,
2.008901e-41,
5.605194e-45,
0,
0,
0,
0,
0.000342104,
0.9999858,
0,
0,
2.261822e-26,
0,
1.426301e-05,
0,
2.742695e-12,
0,
0,
0,
0,
0,
0,
0,
0,
0,
0,
0,
0,
0,
0,
0,
0,
0,
0.9999842,
0,
0,
0,
0,
1.57726e-05,
1.514613e-28,
4.765788e-11,
0,
0,
0,
0,
0,
0,
0,
0,
1.387779e-17,
0,
9.264423e-23,
0,
0,
0,
7.174648e-43,
0,
0,
0.9358242,
0,
0,
0,
0,
0.06301418,
0,
0.0005622641,
0.0004037479,
0,
0,
0,
0,
0,
3.443831e-41,
0.0001409673,
8.597568e-13,
0,
3.049319e-20,
0,
0,
0,
2.208811e-29,
5.470845e-05,
0,
0.7929298,
0,
0,
4.743384e-20,
0,
0.1868413,
0.006673357,
0.005179948,
0.004269151,
0,
0,
0,
0,
0,
0,
0.00293126,
0,
0,
0.00013973,
6.217249e-15,
0,
0,
2.524355e-29,
2.20881e-29,
0.001035396,
0.92556,
0,
0,
0,
0,
0.06773674,
0.004014862,
0.0006710538,
0.0004891548,
0,
0,
0,
0,
0,
0,
0.0002049931,
0,
0,
1.18733e-05,
3.035766e-18,
0,
0,
0,
0.0004777726,
0.0008335701,
0.7117845,
0,
0,
1.387779e-17,
0,
0.2618715,
0,
0.00985996,
0.008517876,
0,
0,
0,
0,
0,
1.607121e-40,
0.007798329,
1.841625e-06,
0,
0,
1.249001e-16,
0,
0,
0,
4.038968e-28,
0.0001659763,
0.9952065,
0,
0,
1.985233e-23,
0,
0.000341052,
0,
0,
0,
0,
0,
2.295887e-40,
0,
0,
0,
0,
1.734723e-16,
0,
0,
2.646978e-23,
0,
0,
0,
0.002201434,
0.002251067,
0.9966393,
0,
0,
0,
0,
3.558702e-06,
0,
0,
7.467803e-12,
0,
0,
5.605194e-45,
0,
0,
0,
6.366462e-12,
1.496199e-17,
0,
0,
2.067951e-25,
0,
0,
0,
2.008901e-41,
0.00335713,
0.9983334,
0,
0,
2.067952e-25,
0,
0.0004139787,
3.534097e-28,
0,
3.332445e-12,
0,
0,
4.203895e-45,
0,
0,
0,
0,
1.23599e-17,
0,
0,
0,
0,
0,
1.793662e-42,
0,
0.001252627,
0.9999995,
0,
0,
0,
0,
0,
0,
1.128475e-34,
0,
0,
0,
0,
0,
0,
0,
2.746545e-43,
0,
0,
0,
0,
0,
0,
0,
0,
4.531412e-07,
0.9860781,
0,
0,
0,
0,
4.020016e-05,
0.005355037,
0,
1.681499e-11,
0,
0,
0,
0,
0,
0,
0,
0,
0,
0,
0,
0,
0,
5.739719e-42,
8.035606e-41,
0.008526617,
0.6568465,
0,
0,
3.035766e-18,
0,
0.2993007,
8.306878e-05,
0.01547304,
0.01378484,
0,
0,
4.417621e-29,
0,
0,
0,
0.01284889,
7.975863e-06,
0,
5.060515e-06,
0,
0,
0,
1.767048e-28,
0,
0.001649878,
0.9953234,
0,
0,
0,
0,
0.0001603987,
0,
0,
1.909939e-11,
0,
0,
1.961818e-44,
0,
0,
0,
0,
1.28749e-19,
0,
0,
9.305782e-25,
0,
0,
5.605194e-45,
1.401298e-45,
0.004516192,
0.9993668,
0,
0,
1.316554e-36,
0,
5.798163e-06,
0,
9.379164e-13,
8.348877e-14,
0,
0,
0,
0,
0,
0,
0,
0,
0,
3.786532e-29,
4.814825e-34,
0,
0,
0,
0,
0.0006274189,
0.999501,
0,
0,
0,
0,
0,
3.363116e-44,
1.415534e-15,
0,
0,
0,
0,
0,
0,
0,
0,
8.874684e-31,
0,
0,
0,
0,
0,
0,
0,
0.0004989626,
0.6883352,
0,
0,
2.168405e-18,
0,
0.2791638,
2.38228e-22,
0.01262335,
0.01103959,
0,
0,
1.540744e-32,
0,
0,
0,
0.008499864,
2.583365e-06,
0,
0,
2.168405e-19,
0,
0,
0,
0,
0.0003355975,
0.9122267,
0,
0,
0,
0,
0.08046093,
0.002499908,
0.0009158797,
0.0006774684,
0,
0,
1.203706e-35,
0,
0,
0,
0.0002666036,
5.613288e-13,
0,
3.451755e-05,
0,
0,
0,
1.893266e-29,
1.103311e-06,
0.002916908,
0.9852198,
0,
0,
0,
0,
1.064674e-05,
0,
1.670122e-10,
0,
0,
0,
1.821688e-44,
0,
0,
0,
0,
2.927346e-18,
0,
0,
1.861156e-24,
0,
0,
0,
1.255563e-42,
0.01476951,
0.9995378,
0,
0,
0,
0,
0.000462207,
0,
0,
0,
0,
0,
0,
0,
0,
4.203895e-45,
0,
4.996003e-16,
0,
1.482308e-21,
5.9557e-23,
0,
0,
0,
2.407412e-34,
0,
2004, 
0.8624055,
0,
0,
0,
0,
0.1244931,
0.005096044,
0.002250082,
0.001762633,
0,
0,
5.642373e-37,
0,
0,
8.035606e-41,
0.0008497692,
3.836931e-13,
0,
6.162804e-05,
0,
0,
0,
0,
0.002431189,
0.0006500182,
0.9688461,
0,
0,
1.270549e-21,
0,
0.008583559,
0.02178107,
1.421396e-05,
8.386303e-06,
0,
0,
6.617445e-24,
0,
0,
1.401298e-45,
6.989616e-07,
0,
0,
2.042667e-05,
0,
0,
0,
1.577722e-30,
1.517808e-05,
0.0007303922,
0.999729,
0,
0,
5.169879e-25,
0,
3.20678e-05,
0,
0,
3.644018e-11,
0,
0,
7.006492e-45,
0,
0,
0,
8.6402e-12,
1.561251e-17,
0,
0,
1.447566e-24,
0,
0,
0,
0,
0.0002389772,
0.999574,
0,
0,
0,
0,
0.000425998,
0,
0,
0,
0,
0,
0,
0,
0,
0,
8.582645e-11,
0,
0,
4.065758e-20,
7.411538e-22,
0,
0,
0,
0,
0,
0.7565499,
0,
0,
0,
0,
0.02084939,
0.2062644,
8.808139e-05,
5.801515e-05,
0,
0,
1.323489e-23,
0,
0,
7.006492e-45,
1.508116e-05,
0,
0,
0.0001403929,
0,
0,
0,
2.366583e-30,
2.366583e-30,
0.01603471,
0.9614251,
0,
0,
0,
0,
2.964864e-06,
6.339362e-05,
0,
1.546141e-11,
0,
0,
0,
0,
0,
0,
4.888534e-12,
3.794707e-19,
0,
0,
2.42338e-27,
0,
0,
3.923636e-44,
1.765192e-05,
0.03849092,
0.999545,
0,
0,
0,
0,
0,
0,
5.551115e-17,
8.673617e-18,
0,
0,
0,
0,
0,
0,
2.032879e-19,
0,
0,
2.008901e-41,
5.605194e-45,
0,
0,
0,
0,
0.0004550193,
0.9999826,
0,
0,
2.261822e-26,
0,
1.738674e-05,
0,
2.742695e-12,
0,
0,
0,
0,
0,
0,
0,
0,
0,
0,
0,
0,
0,
0,
0,
0,
0,
0.9999821,
0,
0,
0,
0,
1.79231e-05,
1.514613e-28,
4.765788e-11,
0,
0,
0,
0,
0,
0,
0,
0,
1.387779e-17,
0,
9.264423e-23,
0,
0,
0,
7.174648e-43,
0,
0,
0.93448,
0,
0,
0,
0,
0.0643081,
0,
0.0005881501,
0.0004237401,
0,
0,
0,
0,
0,
3.443831e-41,
0.0001479893,
8.597567e-13,
0,
3.049319e-20,
0,
0,
0,
2.20881e-29,
5.200125e-05,
0,
0.7849703,
0,
0,
4.743385e-20,
0,
0.1916386,
0.008757654,
0.005547797,
0.004600108,
0,
0,
0,
0,
0,
0,
0.003233648,
1.267677e-07,
0,
0.0002151963,
6.217249e-15,
0,
0,
2.524355e-29,
2.208811e-29,
0.001036555,
0.9189616,
0,
0,
0,
0,
0.07417928,
0.003783626,
0.0008431015,
0.0006270524,
0,
0,
0,
0,
0,
0,
0.0002832486,
0,
0,
1.13376e-05,
3.035766e-18,
0,
0,
0,
0.0004976193,
0.0008131144,
0.6974035,
0,
0,
1.387779e-17,
0,
0.2721127,
0,
0.01119863,
0.009789149,
0,
0,
0,
0,
0,
1.607121e-40,
0.009337648,
3.712007e-06,
0,
0,
1.249001e-16,
0,
0,
0,
4.038968e-28,
0.0001546818,
0.9932329,
0,
0,
1.985233e-23,
0,
0.0004331074,
0,
0,
0,
0,
0,
2.295887e-40,
0,
0,
0,
0,
1.734723e-16,
0,
0,
2.646978e-23,
0,
0,
0,
0.002150842,
0.004183174,
0.9967574,
0,
0,
0,
0,
3.621571e-06,
0,
0,
7.467804e-12,
0,
0,
5.605194e-45,
0,
0,
0,
6.366463e-12,
1.496199e-17,
0,
0,
2.067952e-25,
0,
0,
0,
2.008901e-41,
0.003239011,
0.9986035,
0,
0,
2.067952e-25,
0,
0.0005849979,
3.534097e-28,
0,
3.332445e-12,
0,
0,
4.203895e-45,
0,
0,
0,
0,
1.23599e-17,
0,
0,
0,
0,
0,
1.793662e-42,
0,
0.0008115052,
0.9999983,
0,
0,
0,
0,
0,
0,
1.128475e-34,
0,
0,
0,
0,
0,
0,
0,
2.746545e-43,
0,
0,
0,
0,
0,
0,
0,
0,
1.729966e-06,
0.985366,
0,
0,
0,
0,
4.839896e-05,
0.005392038,
0,
1.681499e-11,
0,
0,
0,
0,
0,
0,
0,
0,
0,
0,
0,
0,
0,
5.739719e-42,
8.035606e-41,
0.009193521,
0.6357613,
0,
0,
3.035766e-18,
0,
0.3120123,
0.000218257,
0.0175489,
0.01581291,
0,
0,
4.417621e-29,
0,
0,
0,
0.015481,
1.335797e-05,
0,
2.129969e-05,
0,
0,
0,
1.767048e-28,
0,
0.003130737,
0.9952712,
0,
0,
0,
0,
0.0002662599,
0,
0,
1.909939e-11,
0,
0,
1.961818e-44,
0,
0,
0,
0,
1.28749e-19,
0,
0,
9.305782e-25,
0,
0,
5.605194e-45,
1.401298e-45,
0.004462518,
0.999065,
0,
0,
1.316554e-36,
0,
8.555009e-06,
6.478913e-05,
9.379164e-13,
8.348876e-14,
0,
0,
0,
0,
0,
0,
0,
0,
0,
3.786532e-29,
4.814825e-34,
0,
0,
0,
0,
0.0008616571,
0.999571,
0,
0,
0,
0,
0,
3.363116e-44,
1.415534e-15,
0,
0,
0,
0,
0,
0,
0,
0,
8.874685e-31,
0,
0,
0,
0,
0,
0,
0,
0.0004289453,
0.6788216,
0,
0,
2.168404e-18,
0,
0.2859136,
2.38228e-22,
0.01354279,
0.01192128,
0,
0,
1.540744e-32,
0,
0,
0,
0.009435524,
3.601143e-06,
0,
0,
2.168404e-19,
0,
0,
0,
0,
0.0003616552,
0.9074636,
0,
0,
0,
0,
0.08508898,
0.002499908,
0.001044088,
0.000780494,
0,
0,
1.203706e-35,
0,
0,
0,
0.0003205128,
5.613288e-13,
0,
3.451755e-05,
0,
0,
0,
1.893266e-29,
1.003052e-06,
0.00276687,
0.9776844,
0,
0,
0,
0,
1.127705e-05,
0,
1.670122e-10,
0,
0,
0,
1.821688e-44,
0,
0,
0,
0,
2.927346e-18,
0,
0,
1.861156e-24,
0,
0,
0,
1.255563e-42,
0.02230437,
0.9995123,
0,
0,
0,
0,
0.0004877328,
0,
0,
0,
0,
0,
0,
0,
0,
4.203895e-45,
0,
4.996004e-16,
0,
1.482308e-21,
5.9557e-23,
0,
0,
0,
2.407412e-34,
0,
2005, 
0.852056,
0,
0,
0,
0,
0.1324027,
0.006221042,
0.002782459,
0.002213656,
0,
0,
5.642373e-37,
0,
0,
8.035606e-41,
0.001083212,
3.836931e-13,
0,
0.0001129293,
0,
0,
0,
0,
0.002445638,
0.0006823851,
0.9635953,
0,
0,
1.27055e-21,
0,
0.01014904,
0.02535286,
2.512172e-05,
1.555179e-05,
0,
0,
6.617446e-24,
0,
0,
1.401298e-45,
1.688283e-06,
0,
0,
3.537719e-05,
0,
0,
0,
1.577722e-30,
1.596712e-05,
0.0008091076,
0.9997041,
0,
0,
5.169879e-25,
0,
5.879601e-05,
0,
0,
3.644018e-11,
0,
0,
7.006492e-45,
0,
0,
0,
8.6402e-12,
1.561251e-17,
0,
0,
1.447566e-24,
0,
0,
0,
0,
0.0002371309,
0.9993045,
0,
0,
0,
0,
0.0006953594,
0,
1.91124e-07,
0,
0,
0,
0,
0,
0,
0,
8.582646e-11,
0,
0,
4.065758e-20,
7.411539e-22,
0,
0,
0,
0,
0,
0.7363825,
0,
0,
0,
0,
0.02235706,
0.2215261,
0.0001157904,
7.803371e-05,
0,
0,
1.323489e-23,
0,
0,
7.006492e-45,
2.096763e-05,
0,
0,
0.0001969645,
0,
0,
0,
2.366583e-30,
2.366583e-30,
0.01932252,
0.9591013,
0,
0,
0,
0,
5.281684e-06,
0.0008110228,
0,
1.546141e-11,
0,
0,
0,
0,
0,
0,
4.888534e-12,
3.794708e-19,
0,
0,
2.423381e-27,
0,
0,
3.923636e-44,
1.736338e-05,
0.04006502,
0.9988573,
0,
0,
0,
0,
0,
0,
5.551115e-17,
8.673617e-18,
0,
0,
0,
0,
0,
0,
2.032879e-19,
0,
0,
2.008901e-41,
5.605194e-45,
0,
0,
0,
0,
0.001142652,
0.9999708,
0,
0,
2.261822e-26,
0,
2.92055e-05,
0,
2.742695e-12,
0,
0,
0,
0,
0,
0,
0,
0,
0,
0,
0,
0,
0,
0,
0,
0,
0,
0.9999734,
0,
0,
0,
0,
2.66015e-05,
1.514613e-28,
4.765788e-11,
0,
0,
0,
0,
0,
0,
0,
0,
1.387779e-17,
0,
9.264423e-23,
0,
0,
0,
7.174648e-43,
0,
0,
0.9311435,
0,
0,
0,
0,
0.06743125,
0,
0.0006944166,
0.0005058591,
0,
0,
0,
0,
0,
3.443831e-41,
0.0001781391,
8.597566e-13,
0,
3.049318e-20,
0,
0,
0,
2.20881e-29,
4.687506e-05,
0,
0.770947,
0,
0,
4.743385e-20,
0,
0.1965033,
0.01570609,
0.006250202,
0.005225169,
0,
0,
0,
0,
0,
0,
0.003697014,
3.831852e-07,
0,
0.0005248423,
1.190928e-07,
0,
0,
2.524355e-29,
2.208811e-29,
0.001145841,
0.9098931,
0,
0,
0,
0,
0.08284252,
0.003450626,
0.001183682,
0.0009020303,
0,
0,
0,
0,
0,
0,
0.0004275594,
0,
0,
1.057815e-05,
3.035766e-18,
0,
0,
0,
0.000478792,
0.0008111116,
0.6805971,
0,
0,
1.387779e-17,
0,
0.2826846,
0,
0.01334963,
0.01181706,
0,
0,
0,
0,
0,
1.607121e-40,
0.01140228,
7.612486e-06,
0,
0,
1.249001e-16,
0,
0,
0,
4.038968e-28,
0.0001416493,
0.9916945,
0,
0,
1.985234e-23,
0,
0.0006911224,
0,
2.063791e-07,
1.050433e-07,
0,
0,
2.295887e-40,
0,
0,
0,
0,
1.734724e-16,
0,
0,
2.646978e-23,
0,
0,
0,
0.002082358,
0.005531759,
0.9964755,
0,
0,
0,
0,
6.827506e-06,
0,
0,
7.467804e-12,
0,
0,
5.605194e-45,
0,
0,
0,
6.366463e-12,
1.496199e-17,
0,
0,
2.067952e-25,
0,
0,
0,
2.008901e-41,
0.003517633,
0.9981278,
0,
0,
2.067952e-25,
0,
0.0009505498,
3.534097e-28,
3.494479e-07,
1.832282e-07,
0,
0,
4.203895e-45,
0,
0,
0,
0,
1.23599e-17,
0,
0,
0,
0,
0,
1.793662e-42,
0,
0.0009210976,
0.9999957,
0,
0,
0,
0,
0,
0,
1.128475e-34,
0,
0,
0,
0,
0,
0,
0,
2.746545e-43,
0,
0,
0,
0,
0,
0,
0,
0,
4.312548e-06,
0.984778,
0,
0,
0,
0,
7.145337e-05,
0.005193423,
0,
1.681499e-11,
0,
0,
0,
0,
0,
0,
0,
0,
0,
0,
0,
0,
0,
5.739719e-42,
8.035606e-41,
0.00995714,
0.6140845,
0,
0,
3.035766e-18,
0,
0.3237949,
0.0004923842,
0.02026397,
0.01844534,
0,
0,
4.417621e-29,
0,
0,
0,
0.01838531,
2.100649e-05,
0,
8.137555e-05,
1.776915e-07,
0,
0,
1.767048e-28,
0,
0.004431054,
0.9885144,
0,
0,
0,
0,
0.0005002475,
0.005729612,
1.399551e-07,
1.909939e-11,
0,
0,
1.961818e-44,
0,
0,
0,
0,
1.28749e-19,
0,
3.399538e-06,
9.305781e-25,
0,
0,
5.605194e-45,
1.401298e-45,
0.005252217,
0.996798,
0,
0,
1.316554e-36,
0,
1.690402e-05,
0.001222256,
9.379164e-13,
8.348877e-14,
0,
0,
0,
0,
0,
0,
0,
0,
0,
3.786532e-29,
4.814825e-34,
0,
0,
0,
0,
0.001962835,
0.9996408,
0,
0,
0,
0,
0,
3.363116e-44,
1.415534e-15,
0,
0,
0,
0,
0,
0,
0,
0,
8.874685e-31,
0,
0,
0,
0,
0,
0,
0,
0.0003591485,
0.6660993,
0,
0,
2.168404e-18,
0,
0.2936486,
2.38228e-22,
0.01532619,
0.0136077,
0,
0,
1.540744e-32,
0,
0,
0,
0.01088387,
6.035912e-06,
0,
0,
2.168404e-19,
0,
0,
0,
0,
0.000428416,
0.9009541,
0,
0,
0,
0,
0.0912438,
0.0025103,
0.001299993,
0.0009862171,
0,
0,
1.203706e-35,
0,
0,
0,
0.0004160787,
5.613288e-13,
0,
3.571517e-05,
0,
0,
0,
1.893266e-29,
1.153967e-06,
0.002552667,
0.9602762,
0,
0,
0,
0,
1.648281e-05,
0,
1.670122e-10,
0,
0,
0,
1.821688e-44,
0,
0,
0,
0,
2.927346e-18,
0,
0,
1.861156e-24,
0,
0,
0,
1.255563e-42,
0.03970725,
0.9994028,
0,
0,
0,
0,
0.0005971938,
0,
0,
0,
0,
0,
0,
0,
0,
4.203895e-45,
0,
4.996003e-16,
0,
1.482308e-21,
5.9557e-23,
0,
0,
0,
2.407412e-34,
0,
2006, 
0.8389113,
0,
0,
0,
0,
0.1434238,
0.00599368,
0.003850933,
0.003128656,
0,
0,
5.642373e-37,
0,
0,
8.035606e-41,
0.001534565,
1.233443e-07,
0,
0.0001203111,
0,
0,
0,
0,
0.002354604,
0.0006820839,
0.9511986,
0,
0,
1.270549e-21,
0,
0.01310304,
0.03464735,
6.143092e-05,
4.050267e-05,
0,
0,
6.617445e-24,
0,
0,
1.401298e-45,
5.550107e-06,
0,
0,
9.971519e-05,
0,
0,
0,
1.577722e-30,
1.596712e-05,
0.0008278405,
0.99963,
0,
0,
5.169879e-25,
0,
0.0001355239,
0,
0,
3.644018e-11,
0,
0,
7.006492e-45,
0,
0,
0,
8.6402e-12,
1.561251e-17,
0,
0,
1.447566e-24,
0,
0,
0,
0,
0.0002344187,
0.9986649,
0,
0,
0,
0,
0.001333075,
0,
1.349173e-06,
6.413235e-07,
0,
0,
0,
0,
0,
0,
8.582645e-11,
0,
0,
4.065758e-20,
7.411538e-22,
0,
0,
0,
0,
0,
0.7456936,
0,
0,
0,
0,
0.02712314,
0.2037053,
0.0002156318,
0.0001509912,
0,
0,
1.323489e-23,
0,
0,
7.006492e-45,
4.194006e-05,
0,
0,
0.0001934788,
0,
0,
0,
2.366583e-30,
2.366583e-30,
0.02287589,
0.9566151,
0,
0,
0,
0,
1.771503e-05,
0.003659022,
0,
1.546141e-11,
0,
0,
0,
0,
0,
0,
4.888534e-12,
3.794708e-19,
0,
0,
2.423381e-27,
0,
0,
3.923636e-44,
1.690181e-05,
0.03969124,
0.9956654,
0,
0,
0,
0,
0,
0,
5.551115e-17,
8.673617e-18,
0,
0,
0,
0,
0,
0,
2.032879e-19,
0,
0,
2.008901e-41,
5.605194e-45,
0,
0,
0,
0,
0.004334603,
0.9999374,
0,
0,
2.261822e-26,
0,
6.262668e-05,
0,
2.742695e-12,
0,
0,
0,
0,
0,
0,
0,
0,
0,
0,
0,
0,
0,
0,
0,
0,
0,
0.9999485,
0,
0,
0,
0,
5.151188e-05,
1.514613e-28,
4.765787e-11,
0,
0,
0,
0,
0,
0,
0,
0,
1.387779e-17,
0,
9.264422e-23,
0,
0,
0,
7.174648e-43,
0,
0,
0.925201,
0,
0,
0,
0,
0.07284334,
0,
0.0009530702,
0.000708546,
0,
0,
0,
0,
0,
3.443831e-41,
0.0002523204,
8.597568e-13,
0,
3.049319e-20,
0,
0,
0,
2.208811e-29,
4.174888e-05,
0,
0.7527274,
0,
0,
4.743384e-20,
0,
0.2025064,
0.02412819,
0.00751065,
0.006346477,
0,
0,
0,
0,
0,
0,
0.004433288,
9.893018e-07,
0,
0.001023491,
4.684846e-07,
0,
0,
2.524355e-29,
2.20881e-29,
0.001322557,
0.8954465,
0,
0,
0,
0,
0.09358224,
0.005684263,
0.001811278,
0.001416387,
0,
0,
0,
0,
0,
0,
0.0006844538,
0,
0,
0.0001875412,
3.035766e-18,
0,
0,
0,
0.0004513357,
0.000735989,
0.6612207,
0,
0,
1.387779e-17,
0,
0.2928634,
0.0009144024,
0.01628309,
0.01457252,
0,
0,
0,
0,
0,
1.607121e-40,
0.01383497,
1.377451e-05,
0,
0.0001604777,
4.458497e-07,
0,
0,
0,
4.038968e-28,
0.0001362263,
0.991132,
0,
0,
1.985233e-23,
0,
0.00134246,
0,
1.445821e-06,
7.94295e-07,
0,
0,
2.295887e-40,
0,
0,
0,
0,
1.734723e-16,
0,
0,
2.646978e-23,
0,
0,
0,
0.001998288,
0.005525033,
0.996273,
0,
0,
0,
0,
1.956548e-05,
0,
0,
7.467805e-12,
0,
0,
5.605194e-45,
0,
0,
0,
6.366463e-12,
1.496199e-17,
0,
0,
2.067952e-25,
0,
0,
0,
2.008901e-41,
0.003707389,
0.9974918,
0,
0,
2.067951e-25,
0,
0.001679459,
3.534097e-28,
1.851764e-06,
1.027925e-06,
0,
0,
4.203895e-45,
0,
0,
0,
0,
1.23599e-17,
0,
0,
0,
0,
0,
1.793662e-42,
0,
0.0008258679,
0.9999648,
0,
0,
0,
0,
0,
0,
1.128475e-34,
0,
0,
0,
0,
0,
0,
0,
2.746545e-43,
0,
0,
0,
0,
0,
0,
0,
0,
3.520204e-05,
0.98458,
0,
0,
0,
0,
0.0001255736,
0.004935671,
0,
1.681499e-11,
0,
0,
0,
0,
0,
0,
0,
0,
0,
1.055385e-07,
0,
0,
0,
5.739719e-42,
8.035606e-41,
0.0103586,
0.5909364,
0,
0,
3.035766e-18,
0,
0.3339466,
0.001550631,
0.02366286,
0.02172668,
0,
0,
4.417621e-29,
0,
0,
0,
0.02147238,
3.119851e-05,
0,
0.0005683562,
2.70256e-06,
0,
0,
1.767048e-28,
0,
0.006102199,
0.983218,
0,
0,
0,
0,
0.001080703,
0.009405915,
1.111555e-06,
5.341685e-07,
0,
0,
1.961818e-44,
0,
0,
0,
0,
1.28749e-19,
0,
2.850477e-05,
9.305782e-25,
0,
0,
5.605194e-45,
1.401298e-45,
0.006265297,
0.994308,
0,
0,
1.316554e-36,
0,
4.371319e-05,
0.002603863,
9.379164e-13,
8.348877e-14,
0,
0,
0,
0,
0,
0,
0,
0,
0,
1.209708e-06,
4.814825e-34,
0,
0,
0,
1.557853e-06,
0.003041649,
0.9993977,
0,
0,
0,
0,
3.314037e-07,
0.0003009972,
1.415534e-15,
0,
0,
0,
0,
0,
0,
0,
0,
8.874686e-31,
0,
0,
0,
0,
0,
0,
0,
0.0003009673,
0.6498824,
0,
0,
2.168404e-18,
0,
0.3019801,
4.567879e-05,
0.01825503,
0.01636928,
0,
0,
1.540744e-32,
0,
0,
0,
0.01294482,
1.142635e-05,
0,
3.336368e-05,
1.836896e-07,
0,
0,
0,
0,
0.0004776296,
0.8919435,
0,
0,
0,
0,
0.09919393,
0.002726712,
0.001777935,
0.001373959,
0,
0,
1.203706e-35,
0,
0,
0,
0.0005841887,
5.613288e-13,
0,
0.0001320692,
0,
0,
0,
1.893266e-29,
9.807499e-07,
0.002266685,
0.9410895,
0,
0,
0,
0,
3.382778e-05,
0,
1.670122e-10,
0,
0,
0,
1.821688e-44,
0,
0,
0,
0,
2.927346e-18,
0,
0,
1.861156e-24,
0,
0,
0,
1.255563e-42,
0.05887673,
0.9991453,
0,
0,
0,
0,
0.0008542568,
0,
2.639868e-07,
1.341735e-07,
0,
0,
0,
0,
0,
4.203895e-45,
0,
4.996004e-16,
0,
1.482308e-21,
5.9557e-23,
0,
0,
0,
2.407412e-34,
0,
2007, 
0.8120627,
0,
0,
0,
0,
0.1544947,
0.01703854,
0.005642641,
0.004694556,
0,
0,
5.642373e-37,
0,
0,
8.035606e-41,
0.002297082,
6.26245e-07,
0,
0.0009033114,
6.5946e-07,
0,
0,
0,
0.002215904,
0.0006492379,
0.9376056,
0,
0,
1.270549e-21,
0,
0.01813078,
0.04288725,
0.0001707523,
0.0001191012,
0,
0,
6.617445e-24,
0,
0,
1.401298e-45,
1.89953e-05,
0,
0,
0.0002022293,
0,
0,
0,
1.577722e-30,
1.491453e-05,
0.0008504423,
0.9994494,
0,
0,
5.169879e-25,
0,
0.0003358107,
0,
1.547414e-07,
3.644018e-11,
0,
0,
7.006492e-45,
0,
0,
0,
8.6402e-12,
1.561251e-17,
0,
0,
1.447566e-24,
0,
0,
0,
0,
0.0002146694,
0.9972567,
0,
0,
0,
0,
0.002730475,
0,
7.827484e-06,
4.548859e-06,
0,
0,
0,
0,
0,
0,
4.813775e-07,
0,
0,
4.065758e-20,
7.411538e-22,
0,
0,
0,
0,
0,
0.714567,
0,
0,
0,
0,
0.029753,
0.2310506,
0.0003275345,
0.0002353877,
0,
0,
1.323489e-23,
0,
0,
7.006492e-45,
6.638055e-05,
0,
0,
0.0004219335,
0,
0,
0,
2.366583e-30,
2.366583e-30,
0.02357809,
0.9566431,
0,
0,
0,
0,
7.242306e-05,
0.004760361,
0,
1.546141e-11,
0,
0,
0,
0,
0,
0,
4.888534e-12,
3.794708e-19,
0,
0,
2.423381e-27,
0,
0,
3.923636e-44,
1.533633e-05,
0.03850878,
0.9944857,
0,
0,
0,
0,
0,
0,
5.551115e-17,
8.673617e-18,
0,
0,
0,
0,
0,
0,
2.032879e-19,
0,
0,
2.008901e-41,
5.605194e-45,
0,
0,
0,
0,
0.0055143,
0.9998405,
0,
0,
2.261822e-26,
0,
0.0001594949,
0,
2.742695e-12,
0,
0,
0,
0,
0,
0,
0,
0,
0,
0,
0,
0,
0,
0,
0,
0,
0,
0.9998814,
0,
0,
0,
0,
0.0001185659,
1.514613e-28,
4.765788e-11,
0,
0,
0,
0,
0,
0,
0,
0,
1.387779e-17,
0,
9.264423e-23,
0,
0,
0,
7.174648e-43,
0,
0,
0.9160513,
0,
0,
0,
0,
0.08085192,
0,
0.001502405,
0.001147368,
0,
0,
0,
0,
0,
3.443831e-41,
0.0004104126,
8.597567e-13,
0,
3.049319e-20,
0,
0,
0,
2.208811e-29,
3.66227e-05,
0,
0.7310406,
0,
0,
4.743385e-20,
0,
0.2096715,
0.03277392,
0.009589738,
0.008203872,
0,
0,
0,
0,
0,
0,
0.005542004,
2.487667e-06,
0,
0.00171028,
1.368302e-06,
0,
0,
2.524355e-29,
2.208811e-29,
0.001464251,
0.8764201,
0,
0,
0,
0,
0.1064745,
0.008921642,
0.002941015,
0.002359001,
0,
0,
0,
0,
0,
0,
0.001134577,
1.277108e-07,
0,
0.0006673572,
3.18964e-07,
0,
0,
0,
0.0004194394,
0.0006618796,
0.6412352,
0,
0,
1.387779e-17,
0,
0.3026792,
0.001065426,
0.02002347,
0.018069,
0,
0,
0,
0,
0,
1.607121e-40,
0.01648814,
2.172959e-05,
0,
0.0002072748,
6.541318e-07,
0,
0,
0,
4.038968e-28,
0.0002099537,
0.989975,
0,
0,
1.985233e-23,
0,
0.002787894,
0,
8.371594e-06,
4.988307e-06,
0,
0,
2.295887e-40,
0,
0,
0,
4.381745e-07,
1.734723e-16,
0,
0,
2.646978e-23,
0,
0,
0,
0.001797177,
0.005426162,
0.9964293,
0,
0,
0,
0,
6.324735e-05,
0,
0,
7.467804e-12,
0,
0,
5.605194e-45,
0,
0,
0,
6.366463e-12,
1.496199e-17,
0,
0,
2.067952e-25,
0,
0,
0,
2.008901e-41,
0.003507422,
0.9942284,
0,
0,
2.067951e-25,
0,
0.00309018,
3.534097e-28,
8.589701e-06,
5.106241e-06,
0,
0,
4.203895e-45,
0,
0,
0,
3.974467e-07,
1.23599e-17,
0,
0,
0,
0,
0,
1.793662e-42,
0,
0.002667284,
0.9982271,
0,
0,
0,
0,
0,
0,
1.128475e-34,
0,
0,
0,
0,
0,
0,
0,
2.746545e-43,
0,
0,
0,
0,
0,
0,
0,
0,
0.00177295,
0.9840154,
0,
0,
0,
0,
0.0002459152,
0.005266131,
0,
1.681499e-11,
0,
0,
0,
0,
0,
0,
0,
0,
0,
3.917276e-06,
0,
0,
0,
5.739719e-42,
8.035606e-41,
0.01046866,
0.5669931,
0,
0,
3.035766e-18,
0,
0.3427953,
0.002394605,
0.02808095,
0.02597829,
0,
0,
4.417621e-29,
0,
0,
0,
0.02483673,
4.561103e-05,
0,
0.001519867,
1.303084e-05,
0,
0,
1.767049e-28,
0,
0.007342471,
0.9794718,
0,
0,
0,
0,
0.002495428,
0.01139111,
7.770594e-06,
4.563205e-06,
0,
0,
1.961818e-44,
0,
0,
0,
5.912202e-07,
1.28749e-19,
0,
0.0001459895,
9.305782e-25,
0,
0,
5.605194e-45,
1.401298e-45,
0.006482754,
0.9901224,
0,
0,
1.316554e-36,
0,
0.0001275495,
0.005470086,
9.379164e-13,
8.348877e-14,
0,
0,
0,
0,
0,
0,
0,
0,
0,
6.286273e-05,
4.814825e-34,
0,
0,
0,
2.257961e-06,
0.004214787,
0.9984562,
0,
0,
0,
0,
2.260768e-06,
0.001300775,
1.415534e-15,
0,
0,
0,
0,
0,
0,
0,
0,
8.874685e-31,
0,
0,
0,
0,
0,
0,
0,
0.0002407566,
0.6300546,
0,
0,
2.168404e-18,
0,
0.3103085,
5.691007e-05,
0.02269209,
0.02055926,
0,
0,
1.540744e-32,
0,
0,
0,
0.0157345,
2.318115e-05,
0,
5.557824e-05,
5.347801e-07,
0,
0,
0,
0,
0.0005148177,
0.8764886,
0,
0,
0,
0,
0.108661,
0.004240934,
0.002637613,
0.002082892,
0,
0,
1.203706e-35,
0,
0,
0,
0.000876652,
5.613288e-13,
0,
0.003014824,
5.716017e-06,
0,
0,
1.893266e-29,
9.077923e-07,
0.001990905,
0.9340113,
0,
0,
0,
0,
9.155741e-05,
0,
1.670122e-10,
0,
0,
0,
1.821688e-44,
0,
0,
0,
0,
2.927346e-18,
0,
0,
1.861156e-24,
0,
0,
0,
1.255563e-42,
0.06589708,
0.9985853,
0,
0,
0,
0,
0.001410015,
0,
1.50392e-06,
8.134652e-07,
0,
0,
0,
0,
0,
4.203895e-45,
0,
4.996004e-16,
0,
1.482308e-21,
5.9557e-23,
0,
0,
0,
2.407412e-34,
2.372852e-06,
2008, 
0.7862902,
0,
0,
0,
0,
0.1702081,
0.01895875,
0.009141898,
0.007803864,
0,
0,
5.642373e-37,
0,
0,
8.035606e-41,
0.003788112,
2.899152e-06,
0,
0.001118046,
1.079918e-06,
0,
0,
0,
0.00204942,
0.0006375423,
0.9214171,
0,
0,
1.270549e-21,
0,
0.02651691,
0.04977638,
0.0005198176,
0.0003836726,
0,
0,
6.617444e-24,
0,
0,
1.401298e-45,
7.144603e-05,
0,
0,
0.0003664734,
0,
0,
0,
1.577722e-30,
1.449767e-05,
0.00093378,
0.9988663,
0,
0,
5.169879e-25,
0,
0.0009095505,
0,
1.632047e-06,
8.055496e-07,
0,
0,
7.006492e-45,
0,
0,
0,
8.6402e-12,
1.561251e-17,
0,
0,
1.447566e-24,
0,
0,
0,
0,
0.0002216875,
0.9942834,
0,
0,
0,
0,
0.005644166,
0,
4.176633e-05,
2.67677e-05,
0,
0,
0,
0,
0,
0,
3.870374e-06,
0,
0,
4.065758e-20,
7.411538e-22,
0,
0,
0,
0,
0,
0.6744953,
0,
0,
0,
0,
0.03269535,
0.268616,
0.0005431126,
0.0004034057,
0,
0,
1.323489e-23,
0,
0,
7.006492e-45,
0.0001166238,
0,
0,
0.0009068412,
0,
0,
0,
2.366583e-30,
2.366583e-30,
0.02222327,
0.954792,
0,
0,
0,
0,
0.0003008752,
0.006269364,
2.650418e-07,
1.312108e-07,
0,
0,
0,
0,
0,
0,
4.888534e-12,
3.794708e-19,
0,
0,
2.423381e-27,
0,
0,
3.923636e-44,
1.371633e-05,
0.03862363,
0.9926143,
0,
0,
0,
0,
0,
0,
5.551115e-17,
8.673617e-18,
0,
0,
0,
0,
0,
0,
2.032879e-19,
0,
0,
2.008901e-41,
5.605194e-45,
0,
0,
0,
0,
0.007385657,
0.9995205,
0,
0,
2.261822e-26,
0,
0.0004787856,
0,
4.820394e-07,
2.462928e-07,
0,
0,
0,
0,
0,
0,
0,
0,
0,
0,
0,
0,
0,
0,
0,
0,
0.9995935,
0,
0,
0,
0,
0.0003153887,
8.937012e-05,
1.928674e-07,
0,
0,
0,
0,
0,
0,
0,
0,
1.387779e-17,
0,
1.543573e-06,
0,
0,
0,
7.174648e-43,
0,
0,
0.9023837,
0,
0,
0,
0,
0.09207868,
0,
0.002658137,
0.002093885,
0,
0,
0,
0,
0,
3.443831e-41,
0.0007538745,
8.597567e-13,
0,
3.049319e-20,
0,
0,
0,
2.208811e-29,
3.16802e-05,
0,
0.7061704,
0,
0,
4.743385e-20,
0,
0.2178527,
0.04053297,
0.01289257,
0.01117563,
0,
0,
0,
0,
0,
0,
0.007183827,
6.417397e-06,
0,
0.00253207,
3.418247e-06,
0,
0,
2.524355e-29,
3.201089e-07,
0.00164974,
0.8523961,
0,
0,
0,
0,
0.1213744,
0.0129171,
0.004935831,
0.004056523,
0,
0,
0,
0,
0,
0,
0.001917979,
6.540633e-07,
0,
0.001416598,
1.50513e-06,
0,
0,
0,
0.0003870061,
0.000596251,
0.6200452,
0,
0,
1.387779e-17,
0,
0.3109012,
0.001379855,
0.02469617,
0.02241714,
0,
0,
0,
0,
0,
1.607121e-40,
0.01929848,
3.229225e-05,
0,
0.0003383122,
1.530651e-06,
0,
0,
0,
4.038968e-28,
0.000889849,
0.9867756,
0,
0,
1.985233e-23,
0,
0.005737779,
0.000510031,
4.325237e-05,
2.786851e-05,
0,
0,
2.295887e-40,
0,
0,
0,
3.504488e-06,
1.734723e-16,
0,
7.036101e-05,
2.646978e-23,
0,
0,
0,
0.001593954,
0.00523768,
0.9965312,
0,
0,
0,
0,
0.0002208225,
0,
1.245361e-07,
7.467804e-12,
0,
0,
5.605194e-45,
0,
0,
0,
6.366463e-12,
1.496199e-17,
0,
0,
2.067952e-25,
0,
0,
0,
2.008901e-41,
0.003247878,
0.9910057,
0,
0,
2.067952e-25,
0,
0.00593071,
3.534097e-28,
4.115915e-05,
2.63829e-05,
0,
0,
4.203895e-45,
0,
0,
0,
3.021036e-06,
1.235991e-17,
0,
0,
0,
0,
0,
1.793662e-42,
0,
0.002993007,
0.9935061,
0,
0,
0,
0,
0,
0,
1.128475e-34,
0,
0,
0,
0,
0,
0,
0,
2.746545e-43,
0,
0,
0,
0,
0,
0,
0,
0,
0.006493873,
0.9848013,
0,
0,
0,
0,
0.0005345686,
0.00477931,
4.049938e-07,
2.048885e-07,
0,
0,
0,
0,
0,
0,
0,
0,
0,
3.917276e-06,
0,
0,
0,
5.739719e-42,
8.035606e-41,
0.009880279,
0.5402848,
0,
0,
3.035766e-18,
0,
0.34814,
0.003888117,
0.03356808,
0.03125308,
0,
0,
4.417621e-29,
0,
0,
0,
0.0283063,
6.624602e-05,
0,
0.004795901,
8.74633e-05,
0,
0,
1.767048e-28,
0,
0.009610022,
0.96964,
0,
0,
0,
0,
0.005398862,
0.01292702,
4.362449e-05,
2.821774e-05,
0,
0,
1.961818e-44,
0,
0,
0,
4.923437e-06,
1.28749e-19,
0,
0.0004418603,
9.305783e-25,
0,
0,
5.605194e-45,
1.401298e-45,
0.01151552,
0.9701622,
0,
0,
1.316554e-36,
0,
0.0003567608,
0.01898101,
3.124064e-07,
1.576727e-07,
0,
0,
0,
0,
0,
0,
0,
0,
0,
6.286273e-05,
4.814825e-34,
0,
0,
0,
2.257961e-06,
0.0104344,
0.9982944,
0,
0,
0,
0,
1.669597e-05,
0.001308738,
1.415534e-15,
0,
0,
0,
0,
0,
0,
0,
0,
8.874685e-31,
0,
0,
0,
0,
0,
0,
0,
0.000380139,
0.6066161,
0,
0,
2.168404e-18,
0,
0.3177032,
6.048249e-05,
0.02902498,
0.02655945,
0,
0,
1.540744e-32,
0,
0,
0,
0.01935904,
4.857727e-05,
0,
6.882309e-05,
1.073469e-06,
0,
0,
0,
0,
0.0005582647,
0.8571599,
0,
0,
0,
0,
0.1209312,
0.004677773,
0.004311664,
0.003493547,
0,
0,
1.203706e-35,
0,
0,
0,
0.001448834,
2.742224e-07,
0,
0.006226933,
3.400703e-05,
0,
0,
1.893266e-29,
8.348346e-07,
0.001715124,
0.9085848,
0,
0,
0,
0,
0.0002299551,
0,
1.304969e-07,
0,
0,
0,
1.821688e-44,
0,
0,
0,
0,
2.927346e-18,
0,
0,
1.861156e-24,
0,
0,
0,
1.255563e-42,
0.09118517,
0.997355,
0,
0,
0,
0,
0.002627164,
0,
8.133582e-06,
4.758156e-06,
0,
0,
0,
0,
0,
4.203895e-45,
3.049089e-07,
4.996004e-16,
0,
1.482308e-21,
5.955701e-23,
0,
0,
0,
2.407413e-34,
4.654325e-06,
2009, 
0.7532759,
0,
0,
0,
0,
0.185316,
0.02446013,
0.01429972,
0.01244756,
0,
0,
5.642373e-37,
0,
0,
8.035606e-41,
0.005928182,
9.669959e-06,
0,
0.001786542,
3.607713e-06,
0,
0,
0,
0.001852812,
0.0006199268,
0.8907452,
0,
0,
1.270549e-21,
0,
0.03685995,
0.06785757,
0.001305384,
0.00100512,
0,
0,
6.617445e-24,
0,
0,
1.401298e-45,
0.0002088386,
0,
0,
0.0009471741,
1.362449e-07,
0,
0,
1.577722e-30,
1.399777e-05,
0.001056685,
0.9975971,
0,
0,
5.169879e-25,
0,
0.002165292,
0,
1.016624e-05,
5.881056e-06,
0,
0,
7.006492e-45,
0,
0,
0,
3.578749e-07,
1.561251e-17,
0,
0,
1.447566e-24,
0,
0,
0,
0,
0.0002212145,
0.9889377,
0,
0,
0,
0,
0.01075286,
0,
0.000172067,
0.0001177312,
0,
0,
0,
0,
0,
0,
1.962559e-05,
0,
0,
4.065758e-20,
7.411538e-22,
0,
0,
0,
0,
0,
0.6289185,
0,
0,
0,
0,
0.03593497,
0.3108341,
0.0009292669,
0.0007122082,
0,
0,
1.323489e-23,
0,
0,
7.006492e-45,
0.0002090994,
0,
0,
0.001717657,
1.463814e-07,
0,
0,
2.366583e-30,
2.366583e-30,
0.02074405,
0.9509848,
0,
0,
0,
0,
0.0009479708,
0.01014755,
2.810547e-06,
1.547986e-06,
0,
0,
0,
0,
0,
0,
1.025265e-07,
3.794708e-19,
0,
0.0008703347,
2.423381e-27,
0,
0,
3.923636e-44,
1.309547e-05,
0.0370318,
0.9926557,
0,
0,
0,
0,
0,
0,
5.551115e-17,
8.673617e-18,
0,
0,
0,
0,
0,
0,
2.032879e-19,
0,
0,
2.008901e-41,
5.605194e-45,
0,
0,
0,
0,
0.007344292,
0.9986427,
0,
0,
2.261822e-26,
0,
0.001349685,
0,
4.707373e-06,
2.658393e-06,
0,
0,
0,
0,
0,
0,
1.769121e-07,
0,
0,
0,
0,
0,
0,
0,
0,
0,
0.9986843,
0,
0,
0,
0,
0.0008439778,
0.0004577644,
1.827924e-06,
8.834963e-07,
0,
0,
0,
0,
0,
0,
0,
1.387779e-17,
0,
1.117235e-05,
0,
0,
0,
7.174648e-43,
0,
0,
0.8842048,
0,
0,
0,
0,
0.1057917,
0,
0.004754229,
0.003844799,
0,
0,
0,
0,
0,
3.443831e-41,
0.001375253,
3.740802e-07,
0,
3.049319e-20,
0,
0,
0,
2.20881e-29,
2.881133e-05,
0,
0.678286,
0,
0,
4.743385e-20,
0,
0.225466,
0.0485207,
0.01753334,
0.01536873,
0,
0,
0,
0,
0,
0,
0.009278409,
1.478944e-05,
0,
0.003609894,
8.095056e-06,
0,
0,
2.524355e-29,
5.953584e-07,
0.001913499,
0.8095425,
0,
0,
0,
0,
0.13143,
0.03691664,
0.007247035,
0.006049815,
0,
0,
0,
0,
0,
0,
0.002779308,
1.810157e-06,
0,
0.004919688,
1.033505e-05,
0,
0,
0,
0.0003470388,
0.0007558852,
0.5995704,
0,
0,
1.387779e-17,
0,
0.3171624,
0.001385013,
0.03048154,
0.02775766,
0,
0,
0,
0,
0,
1.607121e-40,
0.02211461,
4.584772e-05,
0,
0.00034046,
1.530651e-06,
0,
0,
0,
4.038968e-28,
0.001140496,
0.9819565,
0,
0,
1.985233e-23,
0,
0.01010897,
0.0009866093,
0.0001401296,
9.434967e-05,
0,
0,
2.295887e-40,
0,
0,
0,
1.348161e-05,
1.734723e-16,
0,
0.0001434208,
2.646978e-23,
0,
0,
0,
0.001496316,
0.005060228,
0.9962184,
0,
0,
0,
0,
0.0006905479,
0,
1.419705e-06,
6.903518e-07,
0,
0,
5.605194e-45,
0,
0,
0,
6.366462e-12,
1.496199e-17,
0,
0,
2.067951e-25,
0,
0,
0,
2.008901e-41,
0.003088936,
0.9866366,
0,
0,
2.067952e-25,
0,
0.01022613,
3.534097e-28,
0.0001347096,
9.04158e-05,
0,
0,
4.203895e-45,
0,
0,
0,
1.193348e-05,
1.23599e-17,
0,
0,
0,
0,
0,
1.793662e-42,
0,
0.002900201,
0.9864388,
0,
0,
0,
0,
0,
0,
1.128475e-34,
0,
0,
0,
0,
0,
0,
0,
2.746545e-43,
0,
0,
0,
0,
0,
0,
0,
0,
0.01356118,
0.9837258,
0,
0,
0,
0,
0.00121248,
0.004289125,
3.087485e-06,
1.697834e-06,
0,
0,
0,
0,
0,
0,
1.097707e-07,
0,
0,
3.917276e-06,
0,
0,
0,
5.739719e-42,
8.035606e-41,
0.01076382,
0.513041,
0,
0,
3.035766e-18,
0,
0.3509915,
0.004948082,
0.0407653,
0.03814991,
0,
0,
4.417621e-29,
0,
0,
0,
0.03199532,
9.728058e-05,
0,
0.008430927,
0.0002513127,
0,
0,
1.767048e-28,
0,
0.01132943,
0.9538842,
0,
0,
0,
0,
0.01064208,
0.01516155,
0.0001956797,
0.0001360814,
0,
0,
1.961818e-44,
0,
0,
0,
2.830215e-05,
1.28749e-19,
0,
0.001142584,
1.932273e-07,
0,
0,
5.605194e-45,
1.401298e-45,
0.01880936,
0.9613423,
0,
0,
1.316554e-36,
0,
0.001057215,
0.02117263,
3.321834e-06,
1.850561e-06,
0,
0,
0,
0,
0,
0,
1.254439e-07,
0,
0,
0.001329397,
4.814825e-34,
0,
0,
0,
2.257961e-06,
0.01509085,
0.9967514,
0,
0,
0,
0,
9.075478e-05,
0.002824179,
1.415534e-15,
0,
0,
0,
0,
0,
0,
0,
0,
8.874685e-31,
0,
0,
0,
0,
0,
0,
0,
0.0003337021,
0.5808073,
0,
0,
2.168404e-18,
0,
0.3229501,
9.89701e-05,
0.03728698,
0.03438776,
0,
0,
1.540744e-32,
0,
0,
0,
0.02354705,
9.428973e-05,
0,
0.0002605462,
1.729573e-05,
0,
0,
0,
0,
0.0005497189,
0.8334504,
0,
0,
0,
0,
0.1355701,
0.004783523,
0.007323273,
0.006082362,
0,
0,
1.203706e-35,
0,
0,
0,
0.002468902,
1.442265e-06,
0,
0.008752979,
0.0001089259,
0,
0,
1.893266e-29,
1.098809e-06,
0.001456976,
0.8970286,
0,
0,
0,
0,
0.0006629429,
0,
1.395279e-06,
6.787533e-07,
0,
0,
1.821688e-44,
0,
0,
0,
0,
2.927346e-18,
0,
0,
1.861156e-24,
0,
0,
0,
1.255563e-42,
0.1023064,
0.9950008,
0,
0,
0,
0,
0.004926765,
0,
3.641813e-05,
2.279986e-05,
0,
0,
0,
0,
0,
4.203895e-45,
2.026366e-06,
4.996004e-16,
0,
1.482308e-21,
5.9557e-23,
0,
0,
0,
2.407412e-34,
1.11487e-05,
2010, 
0.712468,
0,
0,
0,
0,
0.2009534,
0.0288919,
0.02290423,
0.02037296,
0,
0,
5.642373e-37,
0,
0,
8.035606e-41,
0.009591082,
3.97163e-05,
0,
0.002558159,
1.056766e-05,
0,
0,
0,
0.001618097,
0.0005918238,
0.8656593,
0,
0,
1.270549e-21,
0,
0.05593799,
0.06786118,
0.004197052,
0.00342299,
0,
0,
6.617445e-24,
0,
0,
1.401298e-45,
0.0008378611,
4.742662e-07,
0,
0.001056958,
2.601801e-07,
0,
0,
1.577722e-30,
1.254622e-05,
0.001013382,
0.9941139,
0,
0,
5.169879e-25,
0,
0.005542131,
0,
8.437588e-05,
5.520375e-05,
0,
0,
7.006492e-45,
0,
0,
0,
5.336723e-06,
1.561251e-17,
0,
0,
1.447566e-24,
0,
0,
0,
0,
0.0001990586,
0.9784192,
0,
0,
0,
0,
0.01975229,
0.0005024127,
0.000693633,
0.0005075525,
0,
0,
0,
0,
0,
0,
9.751611e-05,
0,
0,
4.816217e-06,
7.411538e-22,
0,
0,
0,
0,
2.252917e-05,
0.6131781,
0,
0,
0,
0,
0.04892798,
0.3106475,
0.002958869,
0.002395784,
0,
0,
1.323489e-23,
0,
0,
7.006492e-45,
0.0007394238,
4.247883e-07,
0,
0.002194124,
4.438548e-07,
0,
0,
2.366583e-30,
2.366583e-30,
0.01895734,
0.9354833,
0,
0,
0,
0,
0.002831838,
0.02213035,
3.142003e-05,
1.972985e-05,
0,
0,
0,
0,
0,
0,
2.131472e-06,
3.794708e-19,
0,
0.002749873,
1.200657e-07,
0,
0,
3.923636e-44,
1.147547e-05,
0.03673978,
0.9927554,
0,
0,
0,
0,
4.233414e-06,
0,
5.551115e-17,
8.673617e-18,
0,
0,
0,
0,
0,
0,
2.032879e-19,
0,
0,
2.008901e-41,
5.605194e-45,
0,
0,
0,
0,
0.007240415,
0.9961637,
0,
0,
2.261822e-26,
0,
0.003762776,
0,
4.338605e-05,
2.739882e-05,
0,
0,
0,
0,
0,
0,
2.768041e-06,
0,
0,
0,
0,
0,
0,
0,
0,
0,
0.9969906,
0,
0,
0,
0,
0.002359102,
0.0006066746,
1.764745e-05,
1.048739e-05,
0,
0,
0,
0,
0,
0,
7.727074e-07,
1.387779e-17,
0,
1.475325e-05,
0,
0,
0,
7.174648e-43,
0,
0,
0.8579851,
0,
0,
0,
0,
0.1229115,
0,
0.008952751,
0.007457654,
0,
0,
0,
0,
0,
3.443831e-41,
0.002666531,
2.677742e-06,
0,
3.049319e-20,
0,
0,
0,
2.208811e-29,
2.375897e-05,
0,
0.6463206,
0,
0,
4.743384e-20,
0,
0.2338382,
0.05333218,
0.02497879,
0.02219448,
0,
0,
0,
0,
0,
0,
0.0125179,
4.151841e-05,
0,
0.004622302,
1.758355e-05,
0,
0,
2.524355e-29,
5.953584e-07,
0.002135805,
0.7748601,
0,
0,
0,
0,
0.1475717,
0.0430248,
0.01230654,
0.01049866,
0,
0,
0,
0,
0,
0,
0.004637901,
7.711134e-06,
0,
0.005815785,
1.450823e-05,
0,
0,
0,
0.0003031044,
0.0009591661,
0.5755056,
0,
0,
1.387779e-17,
0,
0.3217114,
0.001385014,
0.03844609,
0.03514038,
0,
0,
0,
0,
0,
1.607121e-40,
0.02538591,
6.858035e-05,
0,
0.00034046,
1.530651e-06,
0,
0,
0,
4.038968e-28,
0.002015017,
0.9733908,
0,
0,
1.985233e-23,
0,
0.01826165,
0.001178137,
0.0005666711,
0.0004091876,
0,
0,
2.295887e-40,
0,
0,
0,
7.183012e-05,
1.734723e-16,
0,
0.0001731079,
2.646978e-23,
0,
0,
0,
0.001376753,
0.004571861,
0.9946814,
0,
0,
0,
0,
0.002199836,
0,
1.711144e-05,
1.02132e-05,
0,
0,
5.605194e-45,
0,
0,
0,
7.058185e-07,
1.496199e-17,
0,
0,
2.067951e-25,
0,
0,
0,
2.008901e-41,
0.003090767,
0.9779466,
0,
0,
2.067951e-25,
0,
0.01817458,
3.534097e-28,
0.000541834,
0.0003900286,
0,
0,
4.203895e-45,
0,
0,
0,
6.385006e-05,
1.23599e-17,
0,
0,
0,
0,
0,
1.793662e-42,
0,
0.002883131,
0.9782832,
0,
0,
0,
0,
5.194007e-06,
0,
1.128475e-34,
0,
0,
0,
0,
0,
0,
0,
2.746545e-43,
0,
0,
0,
0,
0,
0,
0,
0,
0.0217116,
0.9803134,
0,
0,
0,
0,
0.00292153,
0.005269552,
2.368083e-05,
1.441633e-05,
0,
0,
0,
0,
0,
0,
1.361728e-06,
0,
0,
3.821885e-05,
0,
0,
0,
5.739719e-42,
8.035606e-41,
0.01141779,
0.4827941,
0,
0,
3.035766e-18,
0,
0.3511671,
0.005687756,
0.05087108,
0.047886,
0,
0,
4.417621e-29,
0,
0,
0,
0.03637901,
0.0001552433,
0,
0.01192053,
0.000567848,
0,
0,
1.767048e-28,
0,
0.01257129,
0.941354,
0,
0,
0,
0,
0.02101279,
0.01563605,
0.0008972199,
0.0006705443,
0,
0,
1.961818e-44,
0,
0,
0,
0.00016468,
1.28749e-19,
0,
0.001472341,
6.31005e-07,
0,
0,
5.605194e-45,
1.401298e-45,
0.01879169,
0.952235,
0,
0,
1.316554e-36,
0,
0.003170244,
0.02208143,
3.54111e-05,
2.224263e-05,
0,
0,
0,
0,
0,
0,
2.30574e-06,
0,
0,
0.002458333,
2.835076e-07,
0,
0,
0,
2.257961e-06,
0.01999242,
0.99412,
0,
0,
0,
0,
0.0004888166,
0.005093805,
1.243081e-06,
6.517059e-07,
0,
0,
0,
0,
0,
0,
0,
8.874684e-31,
0,
0,
0,
0,
0,
0,
0,
0.000295492,
0.5480096,
0,
0,
2.168404e-18,
0,
0.3245779,
0.0005961917,
0.0484661,
0.0451094,
0,
0,
1.540744e-32,
0,
0,
0,
0.02892113,
0.0002094716,
0,
0.00304919,
0.0005320278,
0,
0,
0,
0,
0.0005290346,
0.8037877,
0,
0,
0,
0,
0.1531241,
0.004555314,
0.01297798,
0.01106705,
0,
0,
1.203706e-35,
0,
0,
0,
0.004414386,
7.400129e-06,
0,
0.008749733,
0.0001089259,
0,
0,
1.893266e-29,
1.003018e-06,
0.001206387,
0.8868585,
0,
0,
0,
0,
0.001848952,
0,
1.257468e-05,
7.382057e-06,
0,
0,
1.821688e-44,
0,
0,
0,
5.612639e-07,
2.927346e-18,
0,
0,
1.861156e-24,
0,
0,
0,
1.255563e-42,
0.1112721,
0.9901757,
0,
0,
0,
0,
0.009506823,
0,
0.0001736764,
0.0001174125,
0,
0,
0,
0,
0,
4.203895e-45,
1.351129e-05,
4.996004e-16,
0,
1.482308e-21,
5.9557e-23,
0,
0,
0,
2.407412e-34,
1.291963e-05,
2011, 
0.6652014,
0,
0,
0,
0,
0.2122431,
0.03413996,
0.03656785,
0.03004187,
0,
0,
5.642373e-37,
0,
0,
8.035606e-41,
0.01552443,
0.0001672997,
0,
0.004169362,
4.780482e-05,
0,
0,
0,
0.001380285,
0.0005165908,
0.8328348,
0,
0,
1.270549e-21,
0,
0.07361318,
0.07122573,
0.01029725,
0.006997616,
0,
0,
6.617445e-24,
0,
0,
1.401298e-45,
0.002171029,
4.177557e-06,
0,
0.001778611,
3.114116e-06,
0,
0,
1.577722e-30,
1.260333e-05,
0.001061886,
0.9895658,
0,
0,
5.169878e-25,
0,
0.009588985,
0,
0.0004478967,
0.0001902306,
0,
0,
7.006492e-45,
0,
0,
0,
3.037569e-05,
1.561251e-17,
0,
0,
1.447566e-24,
0,
0,
0,
0,
0.0001766527,
0.9648277,
0,
0,
0,
0,
0.03004608,
0.0005910952,
0.002543754,
0.001383974,
0,
0,
0,
0,
0,
0,
0.0003799431,
1.319399e-07,
0,
7.316688e-06,
7.411538e-22,
0,
0,
0,
0,
0.000219966,
0.6070376,
0,
0,
0,
0,
0.06568124,
0.291286,
0.008890388,
0.005806903,
0,
0,
1.323489e-23,
0,
0,
7.006492e-45,
0.002316917,
5.310225e-06,
0,
0.002176555,
4.438548e-07,
0,
0,
2.366583e-30,
2.366583e-30,
0.01679864,
0.9251744,
0,
0,
0,
0,
0.005464851,
0.02898242,
0.0002222368,
8.546137e-05,
0,
0,
0,
0,
0,
0,
1.701415e-05,
3.794708e-19,
0,
0.004009464,
5.188728e-07,
0,
0,
3.923636e-44,
9.855476e-06,
0.03603385,
0.9931131,
0,
0,
0,
0,
9.560851e-06,
0,
5.551116e-17,
8.673618e-18,
0,
0,
0,
0,
0,
0,
2.032879e-19,
0,
0,
2.008901e-41,
5.605194e-45,
0,
0,
0,
0,
0.006877316,
0.9930042,
0,
0,
2.261822e-26,
0,
0.006634959,
0,
0.0002470376,
9.697503e-05,
0,
0,
0,
0,
0,
0,
1.682744e-05,
0,
0,
0,
0,
0,
0,
0,
0,
0,
0.9948393,
0,
0,
0,
0,
0.00409019,
0.0008994442,
0.0001051926,
3.700712e-05,
0,
0,
0,
0,
0,
0,
5.059818e-06,
1.387779e-17,
0,
2.378398e-05,
0,
0,
0,
7.174648e-43,
0,
0,
0.8263592,
0,
0,
0,
0,
0.138542,
0,
0.01731066,
0.0125939,
0,
0,
0,
0,
0,
3.443831e-41,
0.005159155,
1.639707e-05,
0,
3.049319e-20,
0,
0,
0,
2.208811e-29,
1.870661e-05,
0,
0.6101781,
0,
0,
4.743385e-20,
0,
0.2393107,
0.05552452,
0.03759498,
0.03089199,
0,
0,
0,
0,
0,
0,
0.01801535,
0.0001549833,
0,
0.005928698,
5.06816e-05,
0,
0,
2.524355e-29,
5.953585e-07,
0.00234949,
0.7371706,
0,
0,
0,
0,
0.1624286,
0.04511587,
0.02235182,
0.01697404,
0,
0,
0,
0,
0,
0,
0.008340033,
4.366544e-05,
0,
0.00634812,
2.087258e-05,
0,
0,
0,
0.0002585286,
0.0009479311,
0.5462451,
0,
0,
1.387779e-17,
0,
0.3218913,
0.001368855,
0.05254507,
0.04426203,
0,
0,
0,
0,
0,
1.607121e-40,
0.03110228,
0.0001519204,
0,
0.0003558862,
2.048762e-06,
0,
0,
0,
4.038968e-28,
0.002075505,
0.961866,
0,
0,
1.985233e-23,
0,
0.02781037,
0.001178137,
0.002185388,
0.001160012,
0,
0,
2.295887e-40,
0,
0,
0,
0.0003099253,
1.734723e-16,
0,
0.0001731079,
2.646978e-23,
0,
0,
0,
0.001246549,
0.00407055,
0.9927068,
0,
0,
0,
0,
0.004117207,
0,
0.0001206129,
4.232195e-05,
0,
0,
5.605194e-45,
0,
0,
0,
5.81641e-06,
1.496199e-17,
0,
0,
2.067951e-25,
0,
0,
0,
2.008901e-41,
0.003007194,
0.9662894,
0,
0,
2.067952e-25,
0,
0.02740295,
3.534097e-28,
0.002075861,
0.001095663,
0,
0,
4.203895e-45,
0,
0,
0,
0.0002760804,
1.235991e-17,
0,
0,
0,
0,
0,
1.793662e-42,
0,
0.002860064,
0.9762673,
0,
0,
0,
0,
2.115503e-05,
0,
1.128475e-34,
0,
0,
0,
0,
0,
0,
0,
2.746545e-43,
0,
0,
0,
0,
0,
0,
0,
0,
0.02371158,
0.9767394,
0,
0,
0,
0,
0.004858317,
0.00491322,
0.0001318304,
4.831235e-05,
0,
0,
0,
0,
0,
0,
7.78399e-06,
0,
0,
4.336919e-05,
0,
0,
0,
5.739719e-42,
8.035606e-41,
0.01325778,
0.4502746,
0,
0,
3.035766e-18,
0,
0.3470803,
0.005546789,
0.06774279,
0.05960525,
0,
0,
4.417621e-29,
0,
0,
0,
0.04370657,
0.0003482269,
0,
0.01186886,
0.0005676023,
0,
0,
1.767048e-28,
0,
0.01325907,
0.922496,
0,
0,
0,
0,
0.032928,
0.01574239,
0.003368591,
0.00190391,
0,
0,
1.961818e-44,
0,
0,
0,
0.0006841939,
4.896989e-07,
0,
0.001939071,
3.094113e-06,
0,
0,
5.605194e-45,
1.401298e-45,
0.02093422,
0.9423483,
0,
0,
1.316554e-36,
0,
0.005763033,
0.02247838,
0.0002161988,
8.365092e-05,
0,
0,
0,
0,
0,
0,
1.508752e-05,
0,
0,
0.004640277,
5.408511e-06,
0,
0,
0,
2.116338e-06,
0.02444753,
0.9903088,
0,
0,
0,
0,
0.001007825,
0.005066443,
1.323392e-05,
3.404468e-06,
0,
0,
0,
0,
0,
0,
2.898267e-07,
8.874685e-31,
0,
0.003246314,
0,
0,
0,
0,
0,
0.0003537361,
0.5122513,
0,
0,
2.168404e-18,
0,
0.3222435,
0.0006549946,
0.06511845,
0.0575338,
0,
0,
1.540744e-32,
0,
0,
0,
0.03689628,
0.0005614251,
0,
0.003525755,
0.0006996197,
0,
0,
0,
0,
0.0005148743,
0.7673812,
0,
0,
0,
0,
0.1678218,
0.004450872,
0.02325525,
0.01770042,
0,
0,
1.203706e-35,
0,
0,
0,
0.007872009,
3.778018e-05,
0,
0.009962935,
0.0003000127,
0,
0,
1.893266e-29,
9.072263e-07,
0.001216824,
0.8855565,
0,
0,
0,
0,
0.003376759,
0,
8.598001e-05,
2.92232e-05,
0,
0,
1.821688e-44,
0,
0,
0,
4.228522e-06,
2.927346e-18,
0,
0,
1.861156e-24,
0,
0,
0,
1.255563e-42,
0.1109474,
0.984323,
0,
0,
0,
0,
0.01454183,
0,
0.000711767,
0.0003290466,
0,
0,
0,
0,
0,
4.203895e-45,
5.926955e-05,
4.996004e-16,
0,
1.482308e-21,
5.9557e-23,
0,
0,
0,
2.407413e-34,
3.507332e-05,
2012, 
0.6133829,
0,
0,
0,
0,
0.2187849,
0.03777602,
0.05640488,
0.0407783,
0,
0,
2.567554e-07,
0,
0,
8.035606e-41,
0.02400692,
0.0005583364,
0,
0.006510779,
0.0001654977,
0,
0,
0,
0.001142472,
0.0004887883,
0.7898639,
0,
0,
1.270549e-21,
0,
0.08897413,
0.07717393,
0.02193199,
0.01195518,
0,
0,
6.617445e-24,
0,
0,
1.401298e-45,
0.004833515,
3.055668e-05,
0,
0.004158637,
3.55522e-05,
0,
0,
1.577722e-30,
1.204963e-05,
0.001030487,
0.9827302,
0,
0,
5.169878e-25,
0,
0.01440282,
0,
0.001986428,
0.0005330952,
0,
0,
7.006492e-45,
0,
0,
0,
0.0001453525,
1.561251e-17,
0,
0,
1.447566e-24,
0,
0,
0,
0,
0.0002021675,
0.9425137,
0,
0,
0,
0,
0.04089865,
0.003432358,
0.007912748,
0.003091011,
0,
0,
0,
0,
0,
0,
0.001250936,
2.405246e-06,
0,
0.0002215778,
5.437556e-07,
0,
0,
0,
0,
0.0006760324,
0.5962811,
0,
0,
0,
0,
0.08098432,
0.2693519,
0.02068227,
0.0105817,
0,
0,
1.323489e-23,
0,
0,
7.006492e-45,
0.005451824,
3.668685e-05,
0,
0.002138146,
4.438548e-07,
0,
0,
2.366583e-30,
2.366583e-30,
0.0144917,
0.9136481,
0,
0,
0,
0,
0.00876719,
0.03556224,
0.001157273,
0.0002742496,
0,
0,
0,
0,
0,
0,
9.710203e-05,
3.794708e-19,
0,
0.005314261,
2.142278e-06,
0,
0,
3.923636e-44,
8.235477e-06,
0.03516916,
0.993605,
0,
0,
0,
0,
2.079585e-05,
0,
2.790769e-07,
8.673618e-18,
0,
0,
0,
0,
0,
0,
2.032879e-19,
0,
0,
2.008901e-41,
5.605194e-45,
0,
0,
0,
0,
0.006373961,
0.9882873,
0,
0,
2.261822e-26,
0,
0.009994433,
0.0001835612,
0.001160432,
0.0002748266,
0,
0,
0,
0,
0,
0,
8.287485e-05,
0,
0,
1.657002e-05,
0,
0,
0,
0,
0,
0,
0.9923303,
0,
0,
0,
0,
0.006077118,
0.0008994442,
0.0005361439,
0.0001062648,
0,
0,
0,
0,
0,
0,
2.69341e-05,
1.387779e-17,
0,
2.378398e-05,
0,
0,
0,
7.174648e-43,
0,
0,
0.7870718,
0,
0,
0,
0,
0.1514216,
0,
0.03235238,
0.01935818,
0,
0,
0,
0,
0,
3.443831e-41,
0.009687963,
9.122055e-05,
0,
3.049319e-20,
0,
0,
0,
2.208811e-29,
1.37318e-05,
3.094487e-06,
0.5680672,
0,
0,
4.743385e-20,
0,
0.2399215,
0.05750908,
0.05599371,
0.04061426,
0,
0,
2.557494e-07,
0,
0,
0,
0.02606974,
0.0005495456,
0,
0.008606047,
0.0002156119,
0,
0,
2.524355e-29,
2.030611e-06,
0.00245104,
0.6929457,
0,
0,
0,
0,
0.1735794,
0.046076,
0.03928901,
0.02515966,
0,
0,
0,
0,
0,
0,
0.01465882,
0.0002154978,
0,
0.006836048,
3.547325e-05,
0,
0,
0,
0.0002139527,
0.0009904101,
0.5103427,
0,
0,
1.387779e-17,
0,
0.3153126,
0.002469563,
0.07464572,
0.05403671,
0,
0,
0,
0,
0,
1.607121e-40,
0.03973284,
0.0004226932,
0,
0.0009616576,
2.096409e-05,
0,
0,
0,
4.038968e-28,
0.002054563,
0.9448493,
0,
0,
1.985233e-23,
0,
0.03804859,
0.001178137,
0.007023978,
0.002637894,
0,
0,
2.295887e-40,
0,
0,
0,
0.001072198,
1.69193e-06,
0,
0.0001731079,
2.646978e-23,
0,
0,
0,
0.001437277,
0.003577803,
0.9900069,
0,
0,
0,
0,
0.006491448,
0,
0.0006739975,
0.0001370742,
0,
0,
5.605194e-45,
0,
0,
0,
3.592379e-05,
1.496199e-17,
0,
0,
2.067952e-25,
0,
0,
0,
2.008901e-41,
0.002654685,
0.9491944,
0,
0,
2.067951e-25,
0,
0.03760007,
3.534097e-28,
0.006898086,
0.002565764,
0,
0,
4.203895e-45,
0,
0,
0,
0.001003934,
1.529101e-06,
0,
0,
0,
0,
0,
1.793662e-42,
0,
0.002736162,
0.9757124,
0,
0,
0,
0,
5.745299e-05,
0,
1.471523e-06,
0,
0,
0,
0,
0,
0,
0,
2.746545e-43,
0,
0,
0,
0,
0,
0,
0,
0,
0.02422865,
0.9745306,
0,
0,
0,
0,
0.007119187,
0.005214592,
0.000655512,
0.0001369451,
0,
0,
0,
0,
0,
0,
4.013439e-05,
0,
0,
8.185589e-05,
0,
0,
0,
5.739719e-42,
8.035606e-41,
0.01222121,
0.413259,
0,
0,
3.035766e-18,
0,
0.3359982,
0.005414492,
0.0920568,
0.07166912,
0,
0,
4.417621e-29,
0,
0,
0,
0.05410809,
0.0009105643,
0,
0.01251907,
0.0008215453,
0,
0,
1.767048e-28,
0,
0.0132431,
0.8968282,
0,
0,
0,
0,
0.04612916,
0.015698,
0.01059245,
0.004417077,
0,
0,
1.961818e-44,
0,
0,
0,
0.002323463,
8.867753e-06,
0,
0.002562934,
1.3657e-05,
0,
0,
5.605194e-45,
1.401298e-45,
0.02142622,
0.9251,
0,
0,
1.316554e-36,
0,
0.008779567,
0.0236358,
0.001050743,
0.0002486221,
0,
0,
0,
0,
0,
0,
7.951111e-05,
0,
0,
0.01423381,
0.0001295591,
0,
0,
0,
1.911068e-06,
0.02674044,
0.9834388,
0,
0,
0,
0,
0.001678748,
0.005238125,
0.0001070962,
1.386255e-05,
0,
0,
0,
0,
0,
0,
2.807174e-06,
8.874685e-31,
0,
0.008980761,
2.87487e-05,
0,
0,
0,
0,
0.0005110317,
0.4723653,
0,
0,
2.168404e-18,
0,
0.3147284,
0.0006594039,
0.08754633,
0.07069089,
0,
0,
1.540744e-32,
0,
0,
0,
0.04769125,
0.001513883,
0,
0.003598373,
0.0007411238,
0,
0,
0,
0,
0.0004651293,
0.7237135,
0,
0,
0,
0,
0.1791336,
0.004136375,
0.04070354,
0.02618589,
0,
0,
1.203706e-35,
0,
0,
0,
0.01385118,
0.0001869243,
0,
0.01022318,
0.000435922,
0,
0,
1.893266e-29,
8.114347e-07,
0.001429065,
0.8893089,
0,
0,
0,
0,
0.005325133,
0,
0.0005043517,
9.59575e-05,
0,
0,
1.821688e-44,
0,
0,
0,
2.614806e-05,
2.927346e-18,
0,
0,
1.861156e-24,
0,
0,
0,
1.255563e-42,
0.1047395,
0.976065,
0,
0,
0,
0,
0.02011056,
5.690397e-05,
0.002660669,
0.0007914008,
0,
0,
0,
0,
0,
4.203895e-45,
0.0002352252,
4.996004e-16,
0,
7.022957e-06,
5.9557e-23,
0,
0,
0,
2.407412e-34,
7.319406e-05,
2013, 
0.5571392,
0,
0,
0,
0,
0.2201042,
0.03793845,
0.08540856,
0.05223614,
0,
0,
2.349692e-06,
0,
0,
8.035606e-41,
0.03588327,
0.001627944,
0,
0.008010501,
0.0003148088,
0,
0,
0,
0.0009080739,
0.0004265039,
0.7404506,
0,
0,
1.270549e-21,
0,
0.1026304,
0.07650825,
0.04375459,
0.01900966,
0,
0,
8.981827e-07,
0,
0,
1.401298e-45,
0.01017546,
0.0002073594,
0,
0.006157224,
0.0001252523,
0,
0,
1.577722e-30,
1.05126e-05,
0.0009697835,
0.9696636,
0,
0,
5.169879e-25,
0,
0.02022058,
0,
0.007862046,
0.001400213,
0,
0,
7.006492e-45,
0,
0,
0,
0.0006573425,
1.433477e-06,
0,
0,
1.447566e-24,
0,
0,
0,
0,
0.0001947889,
0.9100197,
0,
0,
0,
0,
0.05229898,
0.00418257,
0.02205951,
0.00635018,
0,
0,
0,
0,
0,
0,
0.003777242,
3.574786e-05,
0,
0.000359298,
2.184782e-06,
0,
0,
0,
0,
0.0009145965,
0.5763587,
0,
0,
0,
0,
0.09314458,
0.2464735,
0.04132978,
0.01654996,
0,
0,
1.653534e-07,
0,
0,
7.006492e-45,
0.01097959,
0.0002063103,
0,
0.002757153,
1.546786e-05,
0,
0,
2.366583e-30,
2.366583e-30,
0.01218476,
0.8993503,
0,
0,
0,
0,
0.01325376,
0.04029825,
0.005488699,
0.0008562917,
0,
0,
0,
0,
0,
0,
0.00053542,
1.248601e-06,
0,
0.006725318,
1.034812e-05,
0,
0,
3.923636e-44,
6.615479e-06,
0.03347369,
0.994242,
0,
0,
0,
0,
4.944046e-05,
0,
1.07462e-05,
1.220441e-07,
0,
0,
0,
0,
0,
0,
2.032879e-19,
0,
0,
2.008901e-41,
5.605194e-45,
0,
0,
0,
0,
0.005697654,
0.9786861,
0,
0,
2.261822e-26,
0,
0.01444244,
0.0002097964,
0.005384002,
0.0008139923,
0,
0,
0,
0,
0,
0,
0.0004424921,
7.731556e-07,
0,
2.044291e-05,
0,
0,
0,
0,
0,
0,
0.9871631,
0,
0,
0,
0,
0.00867797,
0.0008963018,
0.002758135,
0.000322663,
0,
0,
0,
0,
0,
0,
0.0001576839,
1.182684e-07,
0,
2.402138e-05,
0,
0,
0,
7.174648e-43,
0,
0,
0.7372807,
0,
0,
0,
0,
0.1602928,
0,
0.05683175,
0.02775788,
0,
0,
0,
0,
0,
3.443831e-41,
0.01735399,
0.0004709546,
0,
3.049319e-20,
0,
0,
0,
2.208811e-29,
8.742196e-06,
3.094487e-06,
0.5222415,
0,
0,
4.743385e-20,
0,
0.2370688,
0.053769,
0.0834801,
0.05205587,
0,
0,
2.557494e-07,
0,
0,
0,
0.03838293,
0.001955713,
0,
0.00837472,
0.0002153012,
0,
0,
2.524355e-29,
2.00151e-06,
0.002453854,
0.6406829,
0,
0,
0,
0,
0.1798596,
0.04576395,
0.06492944,
0.03478245,
0,
0,
4.9939e-07,
0,
0,
0,
0.02454545,
0.0009513563,
0,
0.007158906,
6.538125e-05,
0,
0,
0,
0.0001760706,
0.001084051,
0.4669444,
0,
0,
1.387779e-17,
0,
0.3017274,
0.002344122,
0.108125,
0.0640135,
0,
0,
0,
0,
0,
1.607121e-40,
0.05254534,
0.001374474,
0,
0.0009309021,
2.082494e-05,
0,
0,
0,
4.038968e-28,
0.001974076,
0.9139092,
0,
0,
1.985233e-23,
0,
0.04809084,
0.003967669,
0.01926599,
0.005289706,
0,
0,
2.295887e-40,
0,
0,
0,
0.003207968,
2.65082e-05,
0,
0.001510594,
2.854602e-05,
0,
0,
0,
0.001617905,
0.003085056,
0.9836258,
0,
0,
0,
0,
0.009715579,
0,
0.003531471,
0.0004461849,
0,
0,
5.605194e-45,
0,
0,
0,
0.0002235384,
2.284755e-07,
0,
0,
2.067952e-25,
0,
0,
0,
6.102321e-05,
0.002396201,
0.9199938,
0,
0,
2.067952e-25,
0,
0.04816945,
3.534097e-28,
0.0198189,
0.005389658,
0,
0,
4.203895e-45,
0,
0,
0,
0.003206891,
2.682542e-05,
0,
0,
0,
0,
0,
1.793662e-42,
0,
0.003394513,
0.9761195,
0,
0,
0,
0,
0.0001802924,
0,
6.010738e-05,
1.344819e-06,
0,
0,
0,
0,
0,
0,
4.49679e-07,
0,
0,
0,
0,
0,
0,
0,
0,
0.02363829,
0.9698967,
0,
0,
0,
0,
0.009979147,
0.004617974,
0.003164803,
0.0003944564,
0,
0,
0,
0,
0,
0,
0.0002135871,
2.055048e-07,
0,
8.149977e-05,
0,
0,
0,
5.739719e-42,
8.035606e-41,
0.01165159,
0.3719611,
0,
0,
3.035766e-18,
0,
0.3178951,
0.005118723,
0.1248021,
0.08309761,
0,
0,
2.020599e-07,
0,
0,
0,
0.06803686,
0.002560418,
0,
0.01265129,
0.001095775,
0,
0,
1.767048e-28,
0,
0.01278097,
0.8575545,
0,
0,
0,
0,
0.05927594,
0.01508669,
0.02763606,
0.008887621,
0,
0,
1.961818e-44,
0,
0,
0,
0.006610819,
0.0001123759,
0,
0.003043837,
4.065657e-05,
0,
0,
5.605194e-45,
1.401298e-45,
0.02175148,
0.9087695,
0,
0,
1.316554e-36,
0,
0.01285398,
0.02307555,
0.00492646,
0.0007479129,
0,
0,
0,
0,
0,
0,
0.0004281983,
8.103651e-07,
0,
0.02198895,
0.0005260183,
0,
0,
0,
1.705799e-06,
0.02668096,
0.9666234,
0,
0,
0,
0,
0.002619024,
0.005559948,
0.000782474,
5.727445e-05,
0,
0,
0,
0,
0,
0,
2.542496e-05,
8.874685e-31,
0,
0.02326838,
0.0005953907,
0,
0,
0,
0,
0.0004686331,
0.4282769,
0,
0,
2.168404e-18,
0,
0.3014966,
0.0007048853,
0.1159221,
0.08338618,
0,
0,
8.467173e-07,
0,
0,
0,
0.06106908,
0.003689024,
0,
0.004006773,
0.001038795,
0,
0,
7.173502e-07,
0,
0.0004081089,
0.6710158,
0,
0,
0,
0,
0.1856046,
0.003837218,
0.06687483,
0.03612855,
0,
0,
4.384628e-07,
0,
0,
0,
0.02318313,
0.0008282443,
0,
0.01043453,
0.0007061356,
0,
0,
1.893266e-29,
7.156431e-07,
0.001385855,
0.8928764,
0,
0,
0,
0,
0.007869171,
0,
0.002661263,
0.0003034572,
0,
0,
1.821688e-44,
0,
0,
0,
0.000154814,
1.158631e-07,
0,
0,
1.861156e-24,
0,
0,
0,
1.255563e-42,
0.09613475,
0.9598516,
0,
0,
0,
0,
0.02623399,
0.001695571,
0.009131144,
0.001797896,
0,
0,
0,
0,
0,
4.203895e-45,
0.0008827544,
2.315847e-06,
0,
0.0003131478,
1.683675e-06,
0,
0,
0,
2.407412e-34,
8.99369e-05,
2014, 
0.4956584,
0,
0,
0,
0,
0.214343,
0.03772888,
0.1228669,
0.06235896,
0,
0,
5.500528e-05,
0,
0,
8.035606e-41,
0.05026756,
0.004272549,
0,
0.01052618,
0.0008288901,
0,
0,
3.725339e-07,
0.0006845365,
0.0004087043,
0.6821606,
0,
0,
1.270549e-21,
0,
0.1117865,
0.07368362,
0.07514406,
0.02678816,
0,
0,
6.561094e-05,
0,
0,
1.401298e-45,
0.01811469,
0.0009464769,
0,
0.009719978,
0.0005878097,
0,
0,
1.363276e-07,
8.895567e-06,
0.0009935079,
0.9439737,
0,
0,
5.169878e-25,
0,
0.02618939,
0,
0.02431746,
0.003078031,
0,
0,
7.006492e-45,
0,
0,
0,
0.002247043,
2.736051e-05,
0,
0,
1.447566e-24,
0,
0,
0,
0,
0.0001669827,
0.8621628,
0,
0,
0,
0,
0.06198765,
0.004500003,
0.04950551,
0.01107474,
0,
0,
9.943412e-07,
0,
0,
0,
0.008979426,
0.0003026967,
0,
0.0004836308,
7.645373e-06,
0,
0,
0,
0,
0.0009949657,
0.540369,
0,
0,
0,
0,
0.09889028,
0.2339816,
0.06620415,
0.02169182,
0,
0,
8.865455e-05,
0,
0,
7.006492e-45,
0.01760932,
0.0007919545,
0,
0.00997001,
0.0004559609,
0,
0,
2.366583e-30,
2.366583e-30,
0.00994726,
0.8754382,
0,
0,
0,
0,
0.01802157,
0.04400648,
0.01854588,
0.002044366,
0,
0,
2.430187e-06,
0,
0,
0,
0.00197705,
2.649093e-05,
0,
0.008698548,
5.806462e-05,
0,
0,
3.923636e-44,
1.680531e-05,
0.03116408,
0.9947019,
0,
0,
0,
0,
9.973195e-05,
0,
0.0001751368,
1.020695e-06,
0,
0,
0,
0,
0,
0,
8.8699e-07,
0,
0,
2.008901e-41,
5.605194e-45,
0,
0,
0,
0,
0.005021348,
0.9578305,
0,
0,
2.261822e-26,
0,
0.01932121,
0.0002165161,
0.01887798,
0.001990404,
0,
0,
0,
0,
0,
0,
0.00172206,
1.90352e-05,
0,
2.22871e-05,
0,
0,
0,
0,
0,
0,
0.9748092,
0,
0,
0,
0,
0.01161976,
0.0008985493,
0.01110087,
0.0008364086,
0,
0,
0,
0,
0,
0,
0.0007010474,
4.054154e-06,
0,
3.014948e-05,
0,
0,
0,
7.174648e-43,
0,
0,
0.6787176,
0,
0,
0,
0,
0.1638574,
0,
0.09117594,
0.03653628,
0,
0,
0,
0,
0,
3.443831e-41,
0.02793372,
0.001767355,
0,
3.049319e-20,
0,
0,
0,
2.208811e-29,
8.567514e-06,
3.094487e-06,
0.4705937,
0,
0,
4.743385e-20,
0,
0.2278063,
0.050735,
0.1171482,
0.0620888,
0,
0,
6.457976e-05,
0,
0,
0,
0.05268358,
0.00514593,
0,
0.01052899,
0.0008819359,
0,
0,
1.211198e-06,
1.947386e-06,
0.002319846,
0.5830256,
0,
0,
0,
0,
0.1806633,
0.04304193,
0.09957473,
0.04435632,
0,
0,
1.451641e-05,
0,
0,
0,
0.03750099,
0.003098121,
0,
0.007325772,
0.0001568133,
0,
0,
5.268516e-08,
0.0001314948,
0.001110389,
0.4176507,
0,
0,
1.387779e-17,
0,
0.2810008,
0.002218212,
0.1514441,
0.07217911,
0,
0,
0,
0,
0,
1.607121e-40,
0.06840292,
0.004309156,
0,
0.0008999511,
2.068579e-05,
0,
0,
0,
4.038968e-28,
0.001874391,
0.8720657,
0,
0,
1.985233e-23,
0,
0.05664371,
0.004283611,
0.04385026,
0.009027747,
0,
0,
1.397349e-06,
0,
0,
0,
0.007628299,
0.0002219073,
0,
0.00182937,
5.037073e-05,
0,
0,
0,
0.001684849,
0.002712813,
0.9641873,
0,
0,
0,
0,
0.01314119,
0,
0.01308408,
0.001118223,
0,
0,
5.605194e-45,
0,
0,
0,
0.0009242047,
6.623242e-06,
0,
0,
2.067951e-25,
0,
0,
0,
0.0002220402,
0.007316322,
0.8753846,
0,
0,
2.067952e-25,
0,
0.05732339,
3.534097e-28,
0.04589273,
0.009597257,
0,
0,
4.203895e-45,
0,
0,
0,
0.008053937,
0.0002590303,
0,
0,
0,
0,
0,
1.793662e-42,
0,
0.003489029,
0.9761736,
0,
0,
0,
0,
0.0004616203,
0,
0.0009185919,
1.400503e-05,
0,
0,
0,
0,
0,
0,
1.167197e-05,
0,
0,
0,
0,
0,
0,
0,
0,
0.02242048,
0.9552169,
0,
0,
0,
0,
0.01303209,
0.006748807,
0.01187517,
0.0009607018,
0,
0,
2.965103e-07,
0,
0,
0,
0.0008551725,
5.766528e-06,
0,
0.0005237076,
3.275326e-06,
0,
0,
5.739719e-42,
8.035606e-41,
0.01077814,
0.3282574,
0,
0,
3.035766e-18,
0,
0.2933571,
0.004750626,
0.1641576,
0.09225416,
0,
0,
7.361752e-06,
0,
0,
0,
0.08438697,
0.006965413,
0,
0.01259926,
0.001556594,
0,
0,
1.598427e-06,
0,
0.01170596,
0.8030404,
0,
0,
0,
0,
0.0699711,
0.01370837,
0.05728227,
0.0149594,
0,
0,
1.961818e-44,
0,
0,
0,
0.01464144,
0.0008140133,
0,
0.002939965,
4.0639e-05,
0,
0,
5.605194e-45,
1.401298e-45,
0.02260235,
0.8818226,
0,
0,
1.316554e-36,
0,
0.01715091,
0.02269859,
0.01678002,
0.001779821,
0,
0,
4.247409e-06,
0,
0,
0,
0.001604495,
1.847504e-05,
0,
0.031074,
0.001768906,
0,
0,
0,
1.50053e-06,
0.0252964,
0.9362025,
0,
0,
0,
0,
0.003674713,
0.005889354,
0.00381921,
0.0001747881,
0,
0,
6.117629e-07,
0,
0,
0,
0.0001422467,
3.324251e-07,
0,
0.04517958,
0.004472136,
0,
0,
0,
0,
0.0004445116,
0.3814,
0,
0,
2.168404e-18,
0,
0.2826338,
0.0007934649,
0.1498524,
0.09423515,
0,
0,
1.821181e-05,
0,
0,
0,
0.07622777,
0.008175253,
0,
0.004676138,
0.001628474,
0,
0,
8.46833e-06,
0,
0.0003508074,
0.611522,
0,
0,
0,
0,
0.1861966,
0.003580737,
0.1021751,
0.04591615,
0,
0,
1.280564e-05,
0,
0,
0,
0.03520387,
0.002619111,
0,
0.01045089,
0.001022357,
0,
0,
6.649154e-07,
5.892213e-07,
0.001299151,
0.8904965,
0,
0,
0,
0,
0.01075166,
0,
0.01080405,
0.00079647,
0,
0,
1.821688e-44,
0,
0,
0,
0.0006796024,
3.826443e-06,
0,
0,
1.861156e-24,
0,
0,
0,
1.255563e-42,
0.08646791,
0.9306909,
0,
0,
0,
0,
0.03187529,
0.004567221,
0.02536205,
0.003488811,
0,
0,
2.022624e-06,
0,
0,
4.203895e-45,
0.002616546,
3.454464e-05,
0,
0.001252032,
2.093509e-05,
0,
0,
0,
2.407412e-34,
8.958565e-05,
2015, 
0.4330129,
0,
0,
0,
0,
0.2024813,
0.03523921,
0.1699803,
0.06997329,
0,
0,
0.0001171994,
0,
0,
8.035606e-41,
0.06638939,
0.01057834,
0,
0.01044354,
0.0008918176,
0,
0,
1.213051e-06,
0.0004928123,
0.0003986926,
0.6190459,
0,
0,
1.270549e-21,
0,
0.1150015,
0.06822839,
0.1187334,
0.03330344,
0,
0,
0.00123902,
0,
0,
1.401298e-45,
0.02726684,
0.002677884,
0,
0.01213812,
0.001332735,
0,
0,
4.767776e-06,
7.278536e-06,
0.001020726,
0.9019937,
0,
0,
5.169878e-25,
0,
0.03055684,
0,
0.05655536,
0.00520726,
0,
0,
7.006492e-45,
0,
0,
0,
0.005295522,
0.0002314038,
0,
0,
1.447566e-24,
0,
0,
0,
0,
0.0001599307,
0.8005797,
0,
0,
0,
0,
0.06796747,
0.004454329,
0.09134021,
0.01609148,
0,
0,
9.943412e-07,
0,
0,
0,
0.01661516,
0.001466886,
0,
0.0004831929,
7.645373e-06,
0,
0,
0,
0,
0.0009929176,
0.4831911,
0,
0,
0,
0,
0.09614937,
0.2380378,
0.07634572,
0.0229945,
0,
0,
0.01377755,
0,
0,
7.006492e-45,
0.02018531,
0.001401227,
0,
0.03536004,
0.004459982,
0,
0,
9.703876e-06,
2.366583e-30,
0.008087721,
0.837893,
0,
0,
0,
0,
0.02157971,
0.04410324,
0.04521907,
0.003568365,
0,
0,
0.0006602776,
0,
0,
0,
0.00481197,
0.0002399571,
0,
0.01031672,
0.0002170457,
0,
0,
3.923636e-44,
0.000264839,
0.03112578,
0.9942487,
0,
0,
0,
0,
0.0001409606,
0,
0.001237091,
2.948192e-06,
0,
0,
0,
0,
0,
0,
5.933482e-06,
0,
0,
2.008901e-41,
5.605194e-45,
0,
0,
0,
0,
0.004364388,
0.9214256,
0,
0,
2.261822e-26,
0,
0.022952,
0.0002954903,
0.04725115,
0.003521207,
0,
0,
1.909014e-05,
0,
0,
0,
0.004287702,
0.0001786735,
0,
6.660396e-05,
2.495999e-06,
0,
0,
0,
0,
0,
0.9492878,
0,
0,
0,
0,
0.01392491,
0.0009196128,
0.03214316,
0.001585002,
0,
0,
1.214382e-05,
0,
0,
0,
0.002013132,
5.509767e-05,
0,
5.825028e-05,
9.269538e-07,
0,
0,
7.174648e-43,
0,
0,
0.6144846,
0,
0,
0,
0,
0.1609558,
0,
0.1364778,
0.04352261,
0,
0,
0,
0,
0,
3.443831e-41,
0.03980564,
0.004744497,
0,
3.049319e-20,
0,
0,
0,
2.208811e-29,
5.935246e-06,
3.094487e-06,
0.4163435,
0,
0,
4.743385e-20,
0,
0.2130817,
0.04618743,
0.157515,
0.06986747,
0,
0,
0.0007273142,
0,
0,
0,
0.06841775,
0.01222434,
0,
0.01165849,
0.001709543,
0,
0,
2.193282e-05,
1.893263e-06,
0.002243572,
0.5206124,
0,
0,
0,
0,
0.1750161,
0.03945836,
0.1430505,
0.05208008,
0,
0,
0.0003135919,
0,
0,
0,
0.0521582,
0.008198748,
0,
0.007438303,
0.0003680424,
0,
0,
2.230219e-06,
8.691892e-05,
0.001216673,
0.3654554,
0,
0,
1.387779e-17,
0,
0.2545354,
0.002092301,
0.2010348,
0.07701051,
0,
0,
0,
0,
0,
1.607121e-40,
0.08504251,
0.01224607,
0,
0.0008690002,
2.054663e-05,
0,
0,
0,
4.038968e-28,
0.001693448,
0.8170139,
0,
0,
1.985233e-23,
0,
0.06171761,
0.004308997,
0.08184588,
0.0128425,
0,
0,
8.132991e-05,
0,
0,
0,
0.01413658,
0.001121537,
0,
0.002030303,
9.380713e-05,
0,
0,
0,
0.00241996,
0.00238757,
0.934628,
0,
0,
0,
0,
0.01591816,
0,
0.03655123,
0.002092044,
0,
0,
5.605194e-45,
0,
0,
0,
0.00258097,
8.214062e-05,
0,
0,
2.067952e-25,
0,
0,
0,
0.0002282445,
0.007919251,
0.8175827,
0,
0,
2.067952e-25,
0,
0.0627823,
3.534097e-28,
0.08575277,
0.01384042,
0,
0,
4.203895e-45,
0,
0,
0,
0.01507505,
0.001271649,
0,
0,
0,
0,
0,
1.793662e-42,
0,
0.00369513,
0.9729584,
0,
0,
0,
0,
0.0007139076,
0,
0.0049512,
3.959593e-05,
0,
0,
0,
0,
0,
0,
6.19488e-05,
2.580904e-07,
0,
0,
0,
0,
0,
0,
0,
0.0212747,
0.927169,
0,
0,
0,
0,
0.01541205,
0.00803502,
0.0333494,
0.001784965,
0,
0,
0.0003142629,
0,
0,
0,
0.002364824,
7.368114e-05,
0,
0.001277245,
2.858044e-05,
0,
0,
5.739719e-42,
8.035606e-41,
0.01019102,
0.2842583,
0,
0,
3.035766e-18,
0,
0.2639638,
0.004347304,
0.2066447,
0.09757315,
0,
0,
0.0002604997,
0,
0,
0,
0.1008286,
0.01710202,
0,
0.0123246,
0.002190612,
0,
0,
2.488072e-05,
0,
0.01048144,
0.7364719,
0,
0,
0,
0,
0.07596113,
0.01223956,
0.09909581,
0.0207463,
0,
0,
1.961818e-44,
0,
0,
0,
0.02525172,
0.003238429,
0,
0.002806088,
4.058164e-05,
0,
0,
5.605194e-45,
0.001475943,
0.02267253,
0.843021,
0,
0,
1.316554e-36,
0,
0.02055462,
0.02180509,
0.04292352,
0.003222901,
0,
0,
0.001125259,
0,
0,
0,
0.004148389,
0.0001910133,
0,
0.0363102,
0.003245155,
0,
0,
1.343911e-06,
1.295261e-06,
0.0234502,
0.9208573,
0,
0,
0,
0,
0.004879123,
0.005442658,
0.01669157,
0.0004363978,
0,
0,
4.658564e-05,
0,
0,
0,
0.0006082323,
9.499623e-06,
0,
0.04579756,
0.004792057,
0,
0,
1.166731e-07,
0,
0.0004389085,
0.3337946,
0,
0,
2.168404e-18,
0,
0.2589004,
0.0008422144,
0.1881878,
0.1019102,
0,
0,
0.0002457806,
0,
0,
0,
0.0918131,
0.01684146,
0,
0.004980029,
0.002134379,
0,
0,
4.876069e-05,
0,
0.0003013052,
0.5476367,
0,
0,
0,
0,
0.1803436,
0.003182319,
0.147178,
0.0537287,
0,
0,
0.0001150133,
0,
0,
0,
0.04857609,
0.00664049,
0,
0.009912265,
0.001142654,
0,
0,
2.904331e-06,
4.627995e-07,
0.001540819,
0.8758451,
0,
0,
0,
0,
0.0130953,
0,
0.03181082,
0.001541143,
0,
0,
1.821688e-44,
0,
0,
0,
0.001967449,
5.294463e-05,
0,
0,
1.861156e-24,
0,
0,
0,
1.255563e-42,
0.07568721,
0.8894171,
0,
0,
0,
0,
0.03578493,
0.004567222,
0.05718172,
0.005549331,
0,
0,
2.022624e-06,
0,
0,
4.203895e-45,
0.005864845,
0.0002714402,
0,
0.001252032,
2.093509e-05,
0,
0,
0,
2.407413e-34,
8.841114e-05,
2016, 
0.3732891,
0,
0,
0,
0,
0.1884593,
0.0324932,
0.214263,
0.07666643,
0,
0,
0.0004801811,
0,
0,
8.035606e-41,
0.08284387,
0.01844642,
0,
0.0109779,
0.001344636,
0,
0,
1.063394e-05,
0.0003411921,
0.0003841094,
0.554743,
0,
0,
1.270549e-21,
0,
0.1159081,
0.06310907,
0.1591562,
0.03975667,
0,
0,
0.003496931,
0,
0,
1.401298e-45,
0.03711773,
0.005077984,
0,
0.01715891,
0.003419399,
0,
0,
3.315438e-05,
5.524354e-06,
0.001017257,
0.854134,
0,
0,
5.169879e-25,
0,
0.03526054,
0,
0.09200948,
0.00812517,
0,
0,
7.006492e-45,
0,
0,
0,
0.009628603,
0.0006617458,
0,
0,
1.447566e-24,
0,
0,
0,
0,
0.0001804396,
0.7358184,
0,
0,
0,
0,
0.07312966,
0.004400593,
0.1344748,
0.02184048,
0,
0,
9.943412e-07,
0,
0,
0,
0.02565003,
0.00322202,
0,
0.0004825277,
7.645373e-06,
0,
0,
0,
0,
0.0009729206,
0.4444061,
0,
0,
0,
0,
0.09723669,
0.2127808,
0.115749,
0.02868442,
0,
0,
0.01515525,
0,
0,
7.006492e-45,
0.03111546,
0.004448524,
0,
0.03776815,
0.004930203,
0,
0,
1.160569e-05,
2.366583e-30,
0.007713682,
0.798018,
0,
0,
0,
0,
0.02553382,
0.04383343,
0.07541534,
0.005680082,
0,
0,
0.001517303,
0,
0,
0,
0.008774373,
0.0006613268,
0,
0.01228309,
0.0004803515,
0,
0,
1.646495e-07,
0.0002634167,
0.02753929,
0.9928058,
0,
0,
0,
0,
0.0002309421,
0,
0.003242607,
9.895873e-06,
0,
0,
0,
0,
0,
0,
2.547398e-05,
0,
0,
2.008901e-41,
5.605194e-45,
0,
0,
0,
0,
0.003685237,
0.8806769,
0,
0,
2.261822e-26,
0,
0.02680484,
0.0002954903,
0.07838582,
0.005540086,
0,
0,
1.909014e-05,
0,
0,
0,
0.007730659,
0.0004780241,
0,
6.660397e-05,
2.495999e-06,
0,
0,
0,
0,
0,
0.9187425,
0,
0,
0,
0,
0.01661745,
0.0008535248,
0.05678633,
0.002703562,
0,
0,
1.519006e-05,
0,
0,
0,
0.004039596,
0.0001772098,
0,
6.339326e-05,
1.270353e-06,
0,
0,
7.174648e-43,
0,
0,
0.5510078,
0,
0,
0,
0,
0.1560552,
0,
0.1810977,
0.05041792,
0,
0,
0,
0,
0,
3.443831e-41,
0.05271084,
0.008692244,
0,
3.049319e-20,
0,
0,
0,
2.208811e-29,
1.514371e-05,
3.094487e-06,
0.3643826,
0,
0,
4.743385e-20,
0,
0.1971015,
0.04142134,
0.1948678,
0.07719851,
0,
0,
0.001515475,
0,
0,
0,
0.08458941,
0.02111286,
0,
0.01290818,
0.002758842,
0,
0,
6.279344e-05,
1.839139e-06,
0.002078882,
0.4600125,
0,
0,
0,
0,
0.1675332,
0.03535288,
0.1852251,
0.05993103,
0,
0,
0.0003135919,
0,
0,
0,
0.0680885,
0.0150396,
0,
0.006859672,
0.0003661448,
0,
0,
2.230219e-06,
6.226805e-05,
0.001213342,
0.3155097,
0,
0,
1.387779e-17,
0,
0.227208,
0.001960303,
0.247638,
0.08100425,
0,
0,
0,
0,
0,
1.607121e-40,
0.1021018,
0.02221713,
0,
0.0008353206,
2.03567e-05,
0,
0,
0,
4.038968e-28,
0.001505148,
0.7586877,
0,
0,
1.985233e-23,
0,
0.06635412,
0.004201893,
0.1216862,
0.01746782,
0,
0,
8.132991e-05,
0,
0,
0,
0.02231824,
0.002639744,
0,
0.002014566,
9.380713e-05,
0,
0,
0,
0.00230532,
0.002149279,
0.8999909,
0,
0,
0,
0,
0.01917307,
0,
0.06399699,
0.003549222,
0,
0,
5.605194e-45,
0,
0,
0,
0.005141947,
0.0002626296,
0,
0,
2.067952e-25,
0,
0,
0,
0.0002282445,
0.007656994,
0.7577338,
0,
0,
2.067952e-25,
0,
0.06720462,
3.534097e-28,
0.1275359,
0.01837087,
0,
0,
4.203895e-45,
0,
0,
0,
0.02306209,
0.00265445,
0,
0,
0,
0,
0,
1.793662e-42,
0,
0.003438313,
0.9668212,
0,
0,
0,
0,
0.001188308,
0,
0.01165959,
0.0001127306,
0,
0,
0,
0,
0,
0,
0.0002166014,
2.205886e-06,
0,
0,
0,
0,
0,
0,
0,
0.01999939,
0.8954566,
0,
0,
0,
0,
0.01830567,
0.007634392,
0.05927907,
0.003068249,
0,
0,
0.0003142629,
0,
0,
0,
0.00478038,
0.0002426984,
0,
0.001273301,
2.858044e-05,
0,
0,
5.739719e-42,
8.035606e-41,
0.009616823,
0.2429901,
0,
0,
3.035766e-18,
0,
0.234041,
0.004205512,
0.2448832,
0.1016145,
0,
0,
0.0008009212,
0,
0,
0,
0.1171411,
0.02951547,
0,
0.01264668,
0.002969379,
0,
0,
4.81105e-05,
0,
0.009143961,
0.6674415,
0,
0,
0,
0,
0.08088433,
0.01073298,
0.1414421,
0.02732476,
0,
0,
4.819471e-05,
0,
0,
0,
0.03770327,
0.006897939,
0,
0.002767625,
0.0001006494,
0,
0,
7.845732e-07,
0.002878882,
0.02177692,
0.8021675,
0,
0,
1.316554e-36,
0,
0.02465357,
0.02060382,
0.07421221,
0.005425306,
0,
0,
0.00167481,
0,
0,
0,
0.008101959,
0.0005938633,
0,
0.03777513,
0.003614817,
0,
0,
1.819502e-06,
1.089992e-06,
0.02117417,
0.8728694,
0,
0,
0,
0,
0.005902248,
0.007755106,
0.02748749,
0.0007419683,
0,
0,
0.003236501,
0,
0,
0,
0.001177549,
2.939288e-05,
0,
0.06941222,
0.01097366,
0,
0,
2.667921e-06,
0,
0.0004117853,
0.2891568,
0,
0,
2.168404e-18,
0,
0.2345922,
0.001000278,
0.2231463,
0.1086612,
0,
0,
0.0005749323,
0,
0,
0,
0.1073896,
0.02729182,
0,
0.005335997,
0.002528718,
0,
0,
7.699055e-05,
0,
0.000245094,
0.4853117,
0,
0,
0,
0,
0.1726891,
0.002693092,
0.1906127,
0.06157077,
0,
0,
0.0001150133,
0,
0,
0,
0.06318411,
0.01212399,
0,
0.009004586,
0.00111538,
0,
0,
2.904331e-06,
3.363777e-07,
0.001576305,
0.8559769,
0,
0,
0,
0,
0.01589343,
0,
0.05667482,
0.002682807,
0,
0,
1.821688e-44,
0,
0,
0,
0.003968124,
0.0001706478,
0,
0,
1.861156e-24,
0,
0,
0,
1.255563e-42,
0.06463327,
0.8441318,
0,
0,
0,
0,
0.03966996,
0.004567221,
0.09125996,
0.008149006,
0,
0,
2.022624e-06,
0,
0,
4.203895e-45,
0.01015243,
0.0007093837,
0,
0.001252032,
2.093509e-05,
0,
0,
0,
2.407412e-34,
8.522265e-05,
2017, 
0.318872,
0,
0,
0,
0,
0.1729602,
0.02975965,
0.2543625,
0.08180972,
0,
0,
0.001544427,
0,
0,
8.035606e-41,
0.09762628,
0.02629911,
0,
0.01318266,
0.00292052,
0,
0,
5.804409e-05,
0.0002147429,
0.0003901484,
0.4974896,
0,
0,
1.270549e-21,
0,
0.1152487,
0.05625803,
0.1995647,
0.04567862,
0,
0,
0.004903802,
0,
0,
1.401298e-45,
0.04653821,
0.007433367,
0,
0.02040905,
0.005299062,
0,
0,
7.563892e-05,
3.688548e-06,
0.001097512,
0.8096407,
0,
0,
5.169879e-25,
0,
0.03891556,
0,
0.1257385,
0.01071831,
0,
0,
7.006492e-45,
0,
0,
0,
0.01353898,
0.001056823,
0,
0,
1.447566e-24,
0,
0,
0,
0,
0.0003911073,
0.6733798,
0,
0,
0,
0,
0.07702131,
0.004088561,
0.1769162,
0.02750021,
0,
0,
9.943412e-07,
0,
0,
0,
0.03460622,
0.005105262,
0,
0.0004623843,
7.59594e-06,
0,
0,
0,
0,
0.0009114632,
0.4043628,
0,
0,
0,
0,
0.09520215,
0.1947429,
0.1456567,
0.03268502,
0,
0,
0.01981494,
0,
0,
7.006492e-45,
0.03958444,
0.0070972,
0,
0.04658283,
0.006733798,
0,
0,
2.243023e-05,
2.366583e-30,
0.007514738,
0.7608986,
0,
0,
0,
0,
0.02860858,
0.04326548,
0.1035538,
0.007525682,
0,
0,
0.002540406,
0,
0,
0,
0.01231047,
0.001049974,
0,
0.01471064,
0.0008346765,
0,
0,
4.780728e-07,
0.0002621674,
0.02443893,
0.9921651,
0,
0,
0,
0,
0.0002702448,
0,
0.004433192,
1.262011e-05,
0,
0,
0,
0,
0,
0,
3.368807e-05,
0,
0,
2.008901e-41,
5.605194e-45,
0,
0,
0,
0,
0.003085183,
0.8434917,
0,
0,
2.261822e-26,
0,
0.02976634,
0.000280426,
0.1075712,
0.007289354,
0,
0,
1.955277e-05,
0,
0,
0,
0.01076693,
0.0007458039,
0,
6.618557e-05,
2.495999e-06,
0,
0,
0,
0,
0,
0.8909649,
0,
0,
0,
0,
0.01866439,
0.0009011497,
0.07950037,
0.003659448,
0,
0,
4.124134e-05,
0,
0,
0,
0.005843818,
0.0002920257,
0,
0.0001279451,
4.703132e-06,
0,
0,
7.174648e-43,
0,
0,
0.4926868,
0,
0,
0,
0,
0.1495772,
0,
0.2233092,
0.05661491,
0,
0,
0,
0,
0,
3.443831e-41,
0.06499414,
0.01279998,
0,
3.049319e-20,
0,
0,
0,
2.208811e-29,
1.493043e-05,
2.81317e-06,
0.3162761,
0,
0,
4.743385e-20,
0,
0.1802321,
0.03689419,
0.2281707,
0.08320311,
0,
0,
0.003077152,
0,
0,
0,
0.09928638,
0.03021655,
0,
0.01564544,
0.004927338,
0,
0,
0.0001757358,
1.654538e-06,
0.001893541,
0.4032998,
0,
0,
0,
0,
0.1583588,
0.0313054,
0.2248471,
0.0670628,
0,
0,
0.0005094985,
0,
0,
0,
0.0835365,
0.02253075,
0,
0.006693052,
0.0006029922,
0,
0,
1.019764e-05,
4.136201e-05,
0.001201656,
0.269118,
0,
0,
1.387779e-17,
0,
0.1997803,
0.001734009,
0.2911342,
0.08402444,
0,
0,
1.696712e-05,
0,
0,
1.607121e-40,
0.1185624,
0.03347235,
0,
0.0007961048,
4.321623e-05,
0,
0,
4.089764e-07,
4.038968e-28,
0.001317599,
0.70237,
0,
0,
1.985233e-23,
0,
0.06975015,
0.00409479,
0.1607047,
0.02197636,
0,
0,
8.132991e-05,
0,
0,
0,
0.03052496,
0.004323998,
0,
0.001998829,
9.380712e-05,
0,
0,
0,
0.002172295,
0.001908811,
0.8677674,
0,
0,
0,
0,
0.02175036,
0,
0.08975926,
0.004840098,
0,
0,
5.605194e-45,
0,
0,
0,
0.007485946,
0.0004382775,
0,
0,
2.067952e-25,
0,
0,
0,
0.0002438439,
0.007714832,
0.7011656,
0,
0,
2.067951e-25,
0,
0.07025249,
3.534097e-28,
0.1677244,
0.02258268,
0,
0,
4.203895e-45,
0,
0,
0,
0.03073362,
0.004080616,
0,
0,
0,
0,
0,
1.793662e-42,
0,
0.003460629,
0.9635326,
0,
0,
0,
0,
0.001394563,
0,
0.01556051,
0.0001394794,
0,
0,
0,
0,
0,
0,
0.0002763968,
2.737131e-06,
0,
0,
0,
0,
0,
0,
0,
0.01909369,
0.8638232,
0,
0,
0,
0,
0.0204401,
0.009268631,
0.08263745,
0.004151258,
0,
0,
0.0007120224,
0,
0,
0,
0.006862115,
0.0003945738,
0,
0.002249208,
8.178261e-05,
0,
0,
5.739719e-42,
8.035606e-41,
0.009379615,
0.2055964,
0,
0,
3.035766e-18,
0,
0.204806,
0.004129527,
0.2802244,
0.1044827,
0,
0,
0.001290782,
0,
0,
0,
0.1325145,
0.04289443,
0,
0.01258735,
0.00339531,
0,
0,
6.086928e-05,
0,
0.008017657,
0.5998014,
0,
0,
0,
0,
0.08413054,
0.009175376,
0.1823409,
0.03365954,
0,
0,
0.0001442668,
0,
0,
0,
0.05014337,
0.01098309,
0,
0.002819768,
0.0002457114,
0,
0,
3.802034e-06,
0.004713695,
0.02183856,
0.764527,
0,
0,
1.316554e-36,
0,
0.02806782,
0.01969069,
0.1043862,
0.007483345,
0,
0,
0.002262192,
0,
0,
0,
0.01186599,
0.001004594,
0,
0.03819786,
0.003847738,
0,
0,
2.100352e-06,
8.847229e-07,
0.0186635,
0.8572248,
0,
0,
0,
0,
0.007106822,
0.007265675,
0.04217932,
0.001111001,
0,
0,
0.003236501,
0,
0,
0,
0.001884541,
5.412319e-05,
0,
0.06859578,
0.01097105,
0,
0,
2.667921e-06,
0,
0.0003677763,
0.2488378,
0,
0,
2.168404e-18,
0,
0.210538,
0.001169492,
0.2559533,
0.1142226,
0,
0,
0.0008459201,
0,
0,
0,
0.1218779,
0.03806415,
0,
0.005490389,
0.002715399,
0,
0,
9.065047e-05,
0,
0.0001944616,
0.4278911,
0,
0,
0,
0,
0.1634981,
0.002197407,
0.232189,
0.06853695,
0,
0,
0.0001150133,
0,
0,
0,
0.07712493,
0.01781931,
0,
0.008048332,
0.001075703,
0,
0,
2.904331e-06,
2.829135e-07,
0.00150098,
0.8381519,
0,
0,
0,
0,
0.01812967,
0,
0.08010006,
0.003705985,
0,
0,
1.821688e-44,
0,
0,
0,
0.005781328,
0.0002828821,
0,
0,
1.861156e-24,
0,
0,
0,
1.255563e-42,
0.05384817,
0.8023118,
0,
0,
0,
0,
0.04237882,
0.004883768,
0.1231632,
0.01038626,
0,
0,
0.0001125023,
0,
0,
4.203895e-45,
0.0140097,
0.001117493,
0,
0.001508488,
4.680291e-05,
0,
0,
0,
2.407412e-34,
8.111278e-05,
2018, 
0.2724943,
0,
0,
0,
0,
0.157294,
0.02655175,
0.2924174,
0.08572888,
0,
0,
0.002266466,
0,
0,
8.035606e-41,
0.1106251,
0.03351675,
0,
0.01440005,
0.00409933,
0,
0,
0.0001069396,
0.000115631,
0.0003833725,
0.4504449,
0,
0,
1.270549e-21,
0,
0.1127011,
0.04883722,
0.2370636,
0.05011539,
0,
0,
0.005897319,
0,
0,
1.401298e-45,
0.05414411,
0.009272915,
0,
0.02288875,
0.007371786,
0,
0,
0.0001500847,
2.905333e-06,
0.001109813,
0.7760478,
0,
0,
5.169879e-25,
0,
0.04058166,
0,
0.1533594,
0.01226197,
0,
0,
7.006492e-45,
0,
0,
0,
0.01599504,
0.001259042,
0,
0,
1.447566e-24,
0,
0,
0,
0,
0.0004951234,
0.6172885,
0,
0,
0,
0,
0.07928029,
0.003708327,
0.2165536,
0.03237322,
0,
0,
9.943412e-07,
0,
0,
0,
0.04266317,
0.006866457,
0,
0.0004297209,
7.397324e-06,
0,
0,
0,
0,
0.000828318,
0.3589552,
0,
0,
0,
0,
0.08941498,
0.1899947,
0.1599846,
0.0339082,
0,
0,
0.0296809,
0,
0,
7.006492e-45,
0.04350898,
0.008552795,
0,
0.06618669,
0.01094462,
0,
0,
5.507079e-05,
2.366583e-30,
0.008813286,
0.7325083,
0,
0,
0,
0,
0.03011482,
0.04172647,
0.1263529,
0.008633212,
0,
0,
0.003363378,
0,
0,
0,
0.01457889,
0.001261469,
0,
0.01675529,
0.001138719,
0,
0,
7.244823e-07,
0.0002620221,
0.0233038,
0.9915573,
0,
0,
0,
0,
0.0002690998,
0,
0.004636641,
1.271387e-05,
0,
0,
0,
0,
0,
0,
3.407659e-05,
0,
0,
2.008901e-41,
5.605194e-45,
0,
0,
0,
0,
0.003490181,
0.8171196,
0,
0,
2.261822e-26,
0,
0.03095423,
0.0002613536,
0.1299795,
0.008222166,
0,
0,
1.955277e-05,
0,
0,
0,
0.01250839,
0.0008683316,
0,
6.432713e-05,
2.495999e-06,
0,
0,
0,
0,
0,
0.8708546,
0,
0,
0,
0,
0.01956885,
0.0008798986,
0.09694916,
0.004200768,
0,
0,
5.285339e-05,
0,
0,
0,
0.006972126,
0.0003551824,
0,
0.0001602319,
6.388174e-06,
0,
0,
7.174648e-43,
0,
0,
0.4432943,
0,
0,
0,
0,
0.1415766,
0,
0.2623678,
0.06122459,
0,
0,
0,
0,
0,
3.443831e-41,
0.07524644,
0.01627298,
0,
3.049318e-20,
0,
0,
0,
2.20881e-29,
1.471715e-05,
2.531853e-06,
0.2733996,
0,
0,
4.743385e-20,
0,
0.1630849,
0.03290043,
0.2578051,
0.08751038,
0,
0,
0.005150337,
0,
0,
0,
0.1117254,
0.03859706,
0,
0.01965502,
0.00800153,
0,
0,
0.0003705879,
1.469937e-06,
0.001798144,
0.3518527,
0,
0,
0,
0,
0.1476905,
0.02777162,
0.2597929,
0.07266635,
0,
0,
0.001499293,
0,
0,
0,
0.09696413,
0.02970166,
0,
0.008550247,
0.002193993,
0,
0,
9.269048e-05,
2.414184e-05,
0.001199805,
0.22738,
0,
0,
1.387779e-17,
0,
0.1731514,
0.00152992,
0.3315866,
0.08578782,
0,
0,
6.715352e-05,
0,
0,
1.607121e-40,
0.1334193,
0.04493493,
0,
0.0008714254,
0.0001384719,
0,
0,
2.944821e-06,
4.038968e-28,
0.00113005,
0.6528012,
0,
0,
1.985233e-23,
0,
0.0714737,
0.003729878,
0.1971063,
0.02569544,
0,
0,
8.132991e-05,
0,
0,
0,
0.03769241,
0.005816763,
0,
0.001860921,
9.121204e-05,
0,
0,
0,
0.002014598,
0.001636198,
0.8292766,
0,
0,
0,
0,
0.02269633,
0,
0.1068039,
0.005499454,
0,
0,
5.605194e-45,
0,
0,
0,
0.008775934,
0.0005251709,
0,
0,
2.067952e-25,
0,
0,
0,
0.0002382964,
0.02618429,
0.6541734,
0,
0,
2.067951e-25,
0,
0.07153811,
3.534097e-28,
0.2029095,
0.02580028,
0,
0,
4.203895e-45,
0,
0,
0,
0.03686986,
0.00520252,
0,
0,
0,
0,
0,
1.793662e-42,
0,
0.003506264,
0.9635267,
0,
0,
0,
0,
0.001395869,
0,
0.01623797,
0.0001403827,
0,
0,
0,
0,
0,
0,
0.0002789973,
2.737131e-06,
0,
0,
0,
0,
0,
0,
0,
0.0184174,
0.8385044,
0,
0,
0,
0,
0.02135973,
0.01121249,
0.1006198,
0.004771294,
0,
0,
0.001142766,
0,
0,
0,
0.008143265,
0.0004751029,
0,
0.003439461,
0.0001416559,
0,
0,
5.739719e-42,
8.035606e-41,
0.01019009,
0.1724112,
0,
0,
3.035766e-18,
0,
0.1769915,
0.004578032,
0.3117186,
0.1057342,
0,
0,
0.0021884,
0,
0,
0,
0.1456013,
0.05572348,
0,
0.0132544,
0.004028329,
0,
0,
7.909091e-05,
0,
0.007691493,
0.537636,
0,
0,
0,
0,
0.08572154,
0.007620037,
0.2212481,
0.03924692,
0,
0,
0.000316317,
0,
0,
0,
0.06170776,
0.01500511,
0,
0.003092065,
0.0005691963,
0,
0,
1.361927e-05,
0.006976414,
0.02084685,
0.7340482,
0,
0,
1.316554e-36,
0,
0.02997439,
0.01998129,
0.1293581,
0.008832653,
0,
0,
0.003155142,
0,
0,
0,
0.01447974,
0.00126088,
0,
0.03874956,
0.004068751,
0,
0,
2.322084e-06,
6.794538e-07,
0.01608818,
0.8401564,
0,
0,
0,
0,
0.007443548,
0.01021001,
0.05020406,
0.001234924,
0,
0,
0.004351179,
0,
0,
0,
0.002145319,
6.067801e-05,
0,
0.07255889,
0.01130857,
0,
0,
2.667921e-06,
0,
0.0003237674,
0.2138023,
0,
0,
2.168404e-18,
0,
0.1875061,
0.001246973,
0.2868647,
0.1183238,
0,
0,
0.000990738,
0,
0,
0,
0.1346436,
0.04827768,
0,
0.005365865,
0.002729891,
0,
0,
9.60547e-05,
0,
0.0001522606,
0.3779214,
0,
0,
0,
0,
0.1532019,
0.001688381,
0.2712312,
0.07404318,
0,
0,
0.0001149734,
0,
0,
0,
0.08932912,
0.0230259,
0,
0.007021378,
0.001011181,
0,
0,
2.904331e-06,
2.294494e-07,
0.001408281,
0.8253975,
0,
0,
0,
0,
0.01927052,
0,
0.0985738,
0.004333774,
0,
0,
1.821688e-44,
0,
0,
0,
0.006953527,
0.0003471847,
0,
0,
1.861156e-24,
0,
0,
0,
1.255563e-42,
0.04512367,
0.7703767,
0,
0,
0,
0,
0.04331056,
0.004818056,
0.1497999,
0.01178259,
0,
0,
0.000142002,
0,
0,
4.203895e-45,
0.0167077,
0.001376461,
0,
0.001558751,
5.437922e-05,
0,
0,
0,
2.407412e-34,
7.287863e-05,
2019, 
0.2350166,
0,
0,
0,
0,
0.1419762,
0.02319544,
0.3260279,
0.08832632,
0,
0,
0.002994081,
0,
0,
8.035606e-41,
0.1212609,
0.03991679,
0,
0.01539305,
0.005272814,
0,
0,
0.0001726227,
4.430149e-05,
0.0004029424,
0.4134278,
0,
0,
1.270549e-21,
0,
0.1080956,
0.04149889,
0.2676578,
0.05265502,
0,
0,
0.007118987,
0,
0,
1.401298e-45,
0.0593342,
0.01055978,
0,
0.02654697,
0.01157101,
0,
0,
0.0004072398,
2.426678e-06,
0.001124184,
0.7552802,
0,
0,
5.169879e-25,
0,
0.0403199,
0,
0.1725026,
0.01286823,
0,
0,
7.006492e-45,
0,
0,
0,
0.01720055,
0.001345727,
0,
0,
1.447566e-24,
0,
0,
0,
0,
0.0004828727,
0.5690518,
0,
0,
0,
0,
0.0799918,
0.003299236,
0.2518849,
0.03632378,
0,
0,
9.039465e-07,
0,
0,
0,
0.04974615,
0.0085711,
0,
0.0003857545,
6.70229e-06,
0,
0,
0,
0,
0.0007378666,
0.3221477,
0,
0,
0,
0,
0.08346738,
0.1815539,
0.17558,
0.03499286,
0,
0,
0.03811121,
0,
0,
7.006492e-45,
0.04748888,
0.01015398,
0,
0.08290391,
0.01490425,
0,
0,
9.663335e-05,
2.366583e-30,
0.00859928,
0.7109774,
0,
0,
0,
0,
0.03023432,
0.0402479,
0.1427175,
0.009153637,
0,
0,
0.004348309,
0,
0,
0,
0.01584628,
0.00137343,
0,
0.0196198,
0.001543996,
0,
0,
1.065965e-06,
0.0002608493,
0.0236755,
0.99045,
0,
0,
0,
0,
0.0002601483,
0,
0.004640159,
1.262108e-05,
0,
0,
0,
0,
0,
0,
3.399596e-05,
0,
0,
2.008901e-41,
5.605194e-45,
0,
0,
0,
0,
0.004603117,
0.8015631,
0,
0,
2.261822e-26,
0,
0.03062922,
0.0002416703,
0.1447227,
0.008546656,
0,
0,
1.955277e-05,
0,
0,
0,
0.01329472,
0.00091752,
0,
6.230103e-05,
2.495999e-06,
0,
0,
0,
0,
0,
0.8579056,
0,
0,
0,
0,
0.01954098,
0.0008097821,
0.1090847,
0.004442061,
0,
0,
5.576824e-05,
0,
0,
0,
0.007597998,
0.0003886033,
0,
0.0001676216,
6.874891e-06,
0,
0,
7.174648e-43,
0,
0,
0.4044682,
0,
0,
0,
0,
0.1323507,
0,
0.2966201,
0.06412597,
0,
0,
0,
0,
0,
3.443831e-41,
0.08324657,
0.01914136,
0,
3.049319e-20,
0,
0,
0,
2.208811e-29,
4.48439e-05,
2.250536e-06,
0.2367664,
0,
0,
4.743385e-20,
0,
0.1465698,
0.02872713,
0.2843792,
0.0905335,
0,
0,
0.007109093,
0,
0,
0,
0.1223658,
0.04652198,
0,
0.02333804,
0.01112501,
0,
0,
0.0006246276,
1.285336e-06,
0.001938193,
0.3065762,
0,
0,
0,
0,
0.1362736,
0.02428443,
0.2901669,
0.07695113,
0,
0,
0.002743965,
0,
0,
0,
0.1085863,
0.03671587,
0,
0.01127794,
0.004832984,
0,
0,
0.0003077315,
1.07266e-05,
0.001272185,
0.1907154,
0,
0,
1.387779e-17,
0,
0.1481889,
0.001322048,
0.3679652,
0.08641316,
0,
0,
0.0001189665,
0,
0,
1.607121e-40,
0.1464979,
0.05658824,
0,
0.0009689432,
0.0002696693,
0,
0,
8.471373e-06,
4.038968e-28,
0.0009431039,
0.6111372,
0,
0,
1.985233e-23,
0,
0.07153889,
0.003383075,
0.2293541,
0.02847611,
0,
0,
0.0001451866,
0,
0,
0,
0.0435579,
0.007094904,
0,
0.001937544,
0.0002077575,
0,
0,
2.199637e-06,
0.001845005,
0.001320119,
0.7845185,
0,
0,
0,
0,
0.02252584,
0,
0.1170231,
0.005770952,
0,
0,
5.605194e-45,
0,
0,
0,
0.009430829,
0.0005704431,
0,
0,
2.067952e-25,
0,
0,
0,
0.0002357632,
0.05992455,
0.6206189,
0,
0,
2.067952e-25,
0,
0.0705191,
6.823727e-07,
0.2313989,
0.02748401,
0,
0,
7.675672e-07,
0,
0,
0,
0.04067987,
0.005846362,
0,
3.147121e-06,
1.325848e-06,
0,
0,
1.793662e-42,
0,
0.003446878,
0.9630994,
0,
0,
0,
0,
0.001354092,
0,
0.01618213,
0.0001391095,
0,
0,
0,
0,
0,
0,
0.0002779362,
2.737131e-06,
0,
0,
0,
0,
0,
0,
0,
0.01894463,
0.8241746,
0,
0,
0,
0,
0.02130971,
0.0106231,
0.1135473,
0.005053175,
0,
0,
0.001142739,
0,
0,
0,
0.008852127,
0.0005161895,
0,
0.003391753,
0.0001413582,
0,
0,
5.739719e-42,
8.035606e-41,
0.01124798,
0.1438328,
0,
0,
3.035766e-18,
0,
0.1515432,
0.004467666,
0.3411298,
0.1060543,
0,
0,
0.002559105,
0,
0,
0,
0.1574684,
0.06877851,
0,
0.0127553,
0.00418017,
0,
0,
8.754618e-05,
0,
0.007143286,
0.479818,
0,
0,
0,
0,
0.08515695,
0.006486714,
0.2527844,
0.04332053,
0,
0,
0.00107647,
0,
0,
0,
0.07092991,
0.01856042,
0,
0.005470668,
0.002395467,
0,
0,
9.529455e-05,
0.01013132,
0.02377382,
0.7101379,
0,
0,
1.316554e-36,
0,
0.03049089,
0.0220105,
0.1479748,
0.009565867,
0,
0,
0.004484563,
0,
0,
0,
0.01610642,
0.001414767,
0,
0.03999404,
0.004283308,
0,
0,
2.607438e-06,
4.741847e-07,
0.01353386,
0.803958,
0,
0,
0,
0,
0.007279901,
0.02617023,
0.05308379,
0.001250853,
0,
0,
0.007557039,
0,
0,
0,
0.002203407,
6.195304e-05,
0,
0.08658665,
0.01156577,
0,
0,
2.667921e-06,
0,
0.0002797584,
0.1842803,
0,
0,
2.168404e-18,
0,
0.1660673,
0.001229755,
0.314959,
0.1209689,
0,
0,
0.001044133,
0,
0,
0,
0.1456088,
0.05797239,
0,
0.005028684,
0.002621832,
0,
0,
9.751236e-05,
0,
0.0001214107,
0.3359357,
0,
0,
0,
0,
0.1422186,
0.001386646,
0.3065485,
0.07808907,
0,
0,
0.0001138093,
0,
0,
0,
0.09972029,
0.02783597,
0,
0.005923683,
0.0009170108,
0,
0,
2.843885e-06,
1.759852e-07,
0.001307719,
0.8189127,
0,
0,
0,
0,
0.01949577,
0,
0.1120972,
0.00465716,
0,
0,
1.821688e-44,
0,
0,
0,
0.007665443,
0.0003854067,
0,
0,
1.861156e-24,
0,
0,
0,
1.255563e-42,
0.03678633,
0.7488313,
0,
0,
0,
0,
0.04260468,
0.004685828,
0.1695037,
0.01242614,
0,
0,
0.0002334629,
0,
0,
4.203895e-45,
0.01831172,
0.001525983,
0,
0.001732201,
8.033392e-05,
0,
0,
0,
2.407412e-34,
6.458427e-05,
2020, 
0.2067958,
0,
0,
0,
0,
0.1270986,
0.0205047,
0.351566,
0.08904807,
0,
0,
0.004516316,
0,
0,
8.035606e-41,
0.1282298,
0.0445695,
0,
0.01852094,
0.007733505,
0,
0,
0.0003311577,
0.0006575638,
0.0004280113,
0.3889731,
0,
0,
1.270549e-21,
0,
0.1015479,
0.03442163,
0.2896189,
0.05317855,
0,
0,
0.008147829,
0,
0,
1.401298e-45,
0.06178113,
0.01116829,
0,
0.03073675,
0.01795235,
0,
0,
0.0009981592,
0.0003312872,
0.001144193,
0.7487717,
0,
0,
5.169879e-25,
0,
0.03848755,
0,
0.1808158,
0.01273984,
0,
0,
7.006492e-45,
0,
0,
0,
0.01732051,
0.001352404,
0,
0,
1.447566e-24,
0,
0,
0,
0,
0.0005122422,
0.5321943,
0,
0,
0,
0,
0.0789763,
0.003000025,
0.2808091,
0.03886444,
0,
0,
5.987143e-05,
0,
0,
0,
0.0550047,
0.009890124,
0,
0.0004772721,
3.50244e-05,
0,
0,
2.732022e-07,
0,
0.0006885494,
0.2994868,
0,
0,
0,
0,
0.0786276,
0.1653399,
0.197244,
0.03674743,
0,
0,
0.04188969,
0,
0,
7.006492e-45,
0.05275689,
0.01219789,
0,
0.09058245,
0.01714064,
0,
0,
0.0001328971,
2.366583e-30,
0.007853758,
0.7003737,
0,
0,
0,
0,
0.02934768,
0.03809949,
0.1523896,
0.00923264,
0,
0,
0.005065429,
0,
0,
0,
0.01629153,
0.001412602,
0,
0.02201774,
0.001887305,
0,
0,
1.384999e-06,
0.000731524,
0.02314937,
0.991001,
0,
0,
0,
0,
0.0002472988,
0,
0.004528962,
1.235306e-05,
0,
0,
0,
0,
0,
0,
3.345655e-05,
0,
0,
2.008901e-41,
5.605194e-45,
0,
0,
0,
0,
0.004176972,
0.7960458,
0,
0,
2.261822e-26,
0,
0.02927116,
0.0002250503,
0.151604,
0.00846396,
0,
0,
2.019288e-05,
0,
0,
0,
0.0133798,
0.0009221071,
0,
6.519382e-05,
2.774028e-06,
0,
0,
0,
0,
0,
0.8519643,
0,
0,
0,
0,
0.01884109,
0.0007651799,
0.1154835,
0.004463762,
0,
0,
6.299053e-05,
0,
0,
0,
0.00781228,
0.000401227,
0,
0.0001972284,
8.443025e-06,
0,
0,
7.174648e-43,
0,
0,
0.3783791,
0,
0,
0,
0,
0.1223073,
0,
0.3241552,
0.06533947,
0,
0,
0,
0,
0,
3.443831e-41,
0.08856469,
0.02114276,
0,
3.049319e-20,
0,
0,
0,
2.208811e-29,
0.0001093149,
2.180063e-06,
0.206115,
0,
0,
4.743385e-20,
0,
0.1306469,
0.02555009,
0.3037353,
0.09144612,
0,
0,
0.01019396,
0,
0,
0,
0.1293906,
0.05256792,
0,
0.03010109,
0.01664006,
0,
0,
0.00117688,
0.0004542273,
0.001981774,
0.2677991,
0,
0,
0,
0,
0.1243728,
0.02121804,
0.312873,
0.07941294,
0,
0,
0.004854952,
0,
0,
0,
0.1171078,
0.04256911,
0,
0.01689226,
0.01049528,
0,
0,
0.0009764284,
2.795348e-05,
0.001400203,
0.1590152,
0,
0,
1.387779e-17,
0,
0.125681,
0.001115451,
0.3992349,
0.0862929,
0,
0,
0.0001803795,
0,
0,
1.607121e-40,
0.1578532,
0.06825723,
0,
0.001118509,
0.0004721074,
0,
0,
2.242064e-05,
4.038968e-28,
0.0007566825,
0.5792253,
0,
0,
1.985233e-23,
0,
0.07009835,
0.003065306,
0.2553747,
0.03022743,
0,
0,
0.0002637992,
0,
0,
0,
0.04773051,
0.008037141,
0,
0.002296917,
0.0005107472,
0,
0,
1.021173e-05,
0.001958456,
0.001201101,
0.7742284,
0,
0,
0,
0,
0.02210542,
0,
0.1274362,
0.005942549,
0,
0,
5.605194e-45,
0,
0,
0,
0.009970422,
0.0006094258,
0,
0,
2.067952e-25,
0,
0,
0,
0.0002150137,
0.05949254,
0.6025609,
0,
0,
2.067952e-25,
0,
0.06752945,
6.823727e-07,
0.2506573,
0.02781953,
0,
0,
7.675672e-07,
0,
0,
0,
0.04224252,
0.006089024,
0,
3.147121e-06,
1.325848e-06,
0,
0,
1.793662e-42,
4.831031e-07,
0.003094906,
0.9619927,
0,
0,
0,
0,
0.001289148,
0,
0.01573224,
0.0001355099,
0,
0,
0,
0,
0,
0,
0.0002723045,
2.713668e-06,
0,
0,
0,
0,
0,
0,
0,
0.02057539,
0.8072296,
0,
0,
0,
0,
0.02036927,
0.01762728,
0.1183812,
0.005029328,
0,
0,
0.002336482,
0,
0,
0,
0.008958076,
0.0005230478,
0,
0.008074813,
0.0003361132,
0,
0,
5.739719e-42,
8.035606e-41,
0.01113481,
0.1198387,
0,
0,
3.035766e-18,
0,
0.1289363,
0.004594448,
0.3663319,
0.1054438,
0,
0,
0.003141253,
0,
0,
0,
0.1673,
0.08092961,
0,
0.01272442,
0.004523263,
0,
0,
0.0001072861,
2.581474e-05,
0.006103151,
0.4323856,
0,
0,
0,
0,
0.08393774,
0.005197173,
0.2822579,
0.04693585,
0,
0,
0.00167437,
0,
0,
0,
0.07947046,
0.02214533,
0,
0.007417751,
0.004140988,
0,
0,
0.0002118553,
0.01077045,
0.02345454,
0.6906475,
0,
0,
1.316554e-36,
0,
0.02977164,
0.02667672,
0.1580092,
0.009734688,
0,
0,
0.006435195,
0,
0,
0,
0.01671777,
0.001473715,
0,
0.04412405,
0.004659298,
0,
0,
3.023802e-06,
6.39722e-05,
0.01168326,
0.7353831,
0,
0,
0,
0,
0.006859242,
0.06215585,
0.0522804,
0.001215515,
0,
0,
0.01257701,
0,
0,
0,
0.002158867,
6.124291e-05,
0,
0.1151127,
0.01195595,
0,
0,
2.657314e-06,
0,
0.0002375103,
0.1604517,
0,
0,
2.168404e-18,
0,
0.1467137,
0.001498187,
0.3390298,
0.1220756,
0,
0,
0.001372019,
0,
0,
0,
0.1543107,
0.0664792,
0,
0.005157636,
0.00270859,
0,
0,
0.0001127497,
0,
9.011185e-05,
0.3025413,
0,
0,
0,
0,
0.1311259,
0.001133711,
0.3369609,
0.08086127,
0,
0,
0.0001483189,
0,
0,
0,
0.1081549,
0.03207923,
0,
0.004896066,
0.0008450641,
0,
0,
3.681203e-06,
3.099921e-05,
0.001218631,
0.8193415,
0,
0,
0,
0,
0.01903097,
0,
0.1200799,
0.004744357,
0,
0,
1.821688e-44,
0,
0,
0,
0.007976143,
0.0004035523,
0,
0,
1.861156e-24,
0,
0,
0,
1.255563e-42,
0.02842361,
0.7382438,
0,
0,
0,
0,
0.0405864,
0.00477408,
0.1806876,
0.01244812,
0,
0,
0.0003889689,
0,
0,
4.203895e-45,
0.01888875,
0.001582783,
0,
0.002207011,
0.0001346709,
0,
0,
0,
2.407412e-34,
5.789456e-05,
2021, 
0.1881099,
0,
0,
0,
0,
0.1133908,
0.01758019,
0.3735644,
0.08884686,
0,
0,
0.005558594,
0,
0,
8.035606e-41,
0.1331766,
0.04829096,
0,
0.02039734,
0.009501521,
0,
0,
0.0004854933,
0.0006544656,
0.0004428973,
0.381679,
0,
0,
1.270549e-21,
0,
0.09360003,
0.02736488,
0.3060466,
0.05216458,
0,
0,
0.008281173,
0,
0,
1.401298e-45,
0.06205149,
0.0112369,
0,
0.0318931,
0.02240081,
0,
0,
0.001728128,
0.000330903,
0.001222425,
0.7532777,
0,
0,
5.169879e-25,
0,
0.03558637,
0,
0.1805137,
0.01212942,
0,
0,
7.006492e-45,
0,
0,
0,
0.0166877,
0.001300617,
0,
0,
1.447566e-24,
0,
0,
0,
0,
0.0005045714,
0.5049616,
0,
0,
0,
0,
0.07663988,
0.002590934,
0.3042968,
0.04043302,
0,
0,
5.978104e-05,
0,
0,
0,
0.05894646,
0.01100556,
0,
0.0004333057,
3.432937e-05,
0,
0,
2.732022e-07,
0,
0.0005980979,
0.2849977,
0,
0,
0,
0,
0.07383839,
0.1477196,
0.2189716,
0.03839777,
0,
0,
0.04347588,
0,
0,
7.006492e-45,
0.05786739,
0.01437285,
0,
0.0937075,
0.01846047,
0,
0,
0.000169143,
2.366583e-30,
0.008021696,
0.6985181,
0,
0,
0,
0,
0.02787345,
0.03436439,
0.1583404,
0.009062151,
0,
0,
0.005237986,
0,
0,
0,
0.01627281,
0.001410118,
0,
0.0223017,
0.002028563,
0,
0,
1.668544e-06,
0.0007076625,
0.02388094,
0.9907678,
0,
0,
0,
0,
0.00022619,
0,
0.004234179,
1.145344e-05,
0,
0,
0,
0,
0,
0,
3.114073e-05,
0,
0,
2.008901e-41,
5.605194e-45,
0,
0,
0,
0,
0.004729266,
0.7988573,
0,
0,
2.261822e-26,
0,
0.02713353,
0.0001981876,
0.1518619,
0.008069112,
0,
0,
1.845742e-05,
0,
0,
0,
0.0129125,
0.00088739,
0,
5.913891e-05,
2.547119e-06,
0,
0,
0,
0,
0,
0.852347,
0,
0,
0,
0,
0.01758982,
0.0007183453,
0.1166759,
0.004299877,
0,
0,
6.948175e-05,
0,
0,
0,
0.007663679,
0.0003940557,
0,
0.0002315575,
1.026788e-05,
0,
0,
7.174648e-43,
0,
0,
0.3643439,
0,
0,
0,
0,
0.1115494,
0,
0.3453727,
0.06499559,
0,
0,
0,
0,
0,
3.443831e-41,
0.09131031,
0.02231787,
0,
3.049319e-20,
0,
0,
0,
2.208811e-29,
0.0001078787,
2.305214e-06,
0.1831737,
0,
0,
4.743385e-20,
0,
0.1170206,
0.02117852,
0.3255082,
0.09280547,
0,
0,
0.01084021,
0,
0,
0,
0.1371128,
0.05938292,
0,
0.03086206,
0.01806651,
0,
0,
0.001411382,
0.0004540427,
0.002183509,
0.2370463,
0,
0,
0,
0,
0.1133096,
0.017415,
0.3342388,
0.08157257,
0,
0,
0.005886752,
0,
0,
0,
0.1251277,
0.04871614,
0,
0.01948559,
0.01405533,
0,
0,
0.001644153,
2.670355e-05,
0.001475274,
0.1314495,
0,
0,
1.387779e-17,
0,
0.1055438,
0.0008960196,
0.4254778,
0.0855032,
0,
0,
0.000226616,
0,
0,
1.607121e-40,
0.1677446,
0.08057882,
0,
0.001225917,
0.0006815513,
0,
0,
4.765297e-05,
4.038968e-28,
0.00062458,
0.5569636,
0,
0,
1.985233e-23,
0,
0.06742477,
0.00268055,
0.2759692,
0.0311592,
0,
0,
0.0003010833,
0,
0,
0,
0.05047854,
0.008714519,
0,
0.002325758,
0.0006504361,
0,
0,
1.642502e-05,
0.001748454,
0.001567493,
0.7676214,
0,
0,
0,
0,
0.02103506,
1.40814e-05,
0.1326649,
0.005869282,
0,
0,
1.512673e-05,
0,
0,
0,
0.01006505,
0.0006199439,
0,
0.0001295825,
4.607601e-05,
0,
0,
2.33488e-07,
0.0001942642,
0.06172498,
0.5980616,
0,
0,
2.067951e-25,
0,
0.06296602,
6.823727e-07,
0.2608596,
0.0271375,
0,
0,
7.675671e-07,
0,
0,
0,
0.04202105,
0.00604591,
0,
3.147121e-06,
1.325848e-06,
0,
0,
1.793662e-42,
4.831031e-07,
0.002901852,
0.9617728,
0,
0,
0,
0,
0.001180902,
0,
0.01467228,
0.0001252616,
0,
0,
0,
0,
0,
0,
0.0002526135,
2.513133e-06,
0,
0,
0,
0,
0,
0,
0,
0.02199365,
0.801772,
0,
0,
0,
0,
0.01892234,
0.01991002,
0.1188037,
0.004825229,
0,
0,
0.002776535,
0,
0,
0,
0.008708327,
0.0005078933,
0,
0.01011084,
0.0004211912,
0,
0,
5.739719e-42,
8.035606e-41,
0.01324185,
0.1001311,
0,
0,
3.035766e-18,
0,
0.1091376,
0.004381037,
0.3882588,
0.104087,
0,
0,
0.003394491,
0,
0,
0,
0.1753782,
0.09238664,
0,
0.01199495,
0.004580988,
0,
0,
0.0001219696,
2.581474e-05,
0.006121401,
0.3925379,
0,
0,
0,
0,
0.08153893,
0.004131278,
0.3069723,
0.04960177,
0,
0,
0.001860232,
0,
0,
0,
0.08636513,
0.02538407,
0,
0.007888908,
0.004834683,
0,
0,
0.0002844249,
0.01431964,
0.02428074,
0.6916052,
0,
0,
1.316554e-36,
0,
0.02829587,
0.02565836,
0.1634343,
0.009547936,
0,
0,
0.006716536,
0,
0,
0,
0.01668879,
0.001469716,
0,
0.0424923,
0.004505066,
0,
0,
3.035768e-06,
9.937387e-05,
0.009483585,
0.7315558,
0,
0,
0,
0,
0.006347269,
0.06745948,
0.05113955,
0.001153118,
0,
0,
0.01310877,
0,
0,
0,
0.002065895,
5.873188e-05,
0,
0.1157811,
0.01113566,
0,
0,
2.414776e-06,
0,
0.0001923214,
0.1419985,
0,
0,
2.168404e-18,
0,
0.1296816,
0.001569071,
0.3599688,
0.1221418,
0,
0,
0.00150332,
0,
0,
0,
0.1612374,
0.0741192,
0,
0.004946491,
0.002637041,
0,
0,
0.0001212056,
0,
7.54685e-05,
0.2769172,
0,
0,
0,
0,
0.1201807,
0.0008258503,
0.3629085,
0.08261889,
0,
0,
0.0001378631,
0,
0,
0,
0.1148887,
0.03590142,
0,
0.003775056,
0.0007390578,
0,
0,
3.417173e-06,
3.096858e-05,
0.00107239,
0.8170539,
0,
0,
0,
0,
0.01794873,
0,
0.1222529,
0.004618592,
0,
0,
1.821688e-44,
0,
0,
0,
0.007894523,
0.0004006397,
0,
0,
1.861156e-24,
0,
0,
0,
0.002710992,
0.02711967,
0.7387965,
0,
0,
0,
0,
0.03752035,
0.004505021,
0.1841121,
0.01197733,
0,
0,
0.0004328947,
0,
0,
4.203895e-45,
0.01859732,
0.001559496,
0,
0.002296888,
0.0001524388,
0,
0,
0,
2.407412e-34,
4.96002e-05,
2022, 
0.1679445,
0,
0,
2.561821e-07,
0,
0.1009353,
0.01436086,
0.3911658,
0.08848352,
0,
0,
0.00618271,
0,
0,
2.561828e-07,
0.1383021,
0.0522839,
0,
0.0211151,
0.01047957,
0,
0,
0.0005490413,
0.00779163,
0.0004053988,
0.3604797,
0,
0,
2.182635e-07,
0,
0.08728453,
0.02182206,
0.3231228,
0.05278673,
0,
0,
0.009126459,
0,
0,
2.182635e-07,
0.06466765,
0.01204051,
0,
0.03436029,
0.02609798,
0,
0,
0.002106711,
0.00499347,
0.001110696,
0.7406725,
0,
0,
4.281252e-07,
0,
0.034735,
1.874557e-10,
0.1925145,
0.01258445,
0,
0,
1.694294e-09,
0,
0,
4.281252e-07,
0.01762837,
0.001396837,
0,
3.026177e-08,
1.034152e-07,
0,
0,
2.162932e-08,
5.433005e-09,
0.0004674004,
0.4743192,
0,
0,
2.466701e-07,
0,
0.0754008,
0.002200155,
0.3282846,
0.0428583,
0,
0,
6.953289e-05,
0,
0,
2.466701e-07,
0.06370077,
0.0122075,
0,
0.0004119183,
3.847016e-05,
0,
0,
5.198723e-07,
1.379902e-07,
0.0005076465,
0.267087,
0,
0,
1.731719e-07,
0,
0.06893709,
0.1355504,
0.2336541,
0.03937307,
0,
0,
0.04733916,
0,
0,
1.731719e-07,
0.06164432,
0.01594045,
0,
0.101073,
0.02044983,
0,
0,
0.000194954,
1.731719e-07,
0.008756196,
0.6860449,
0,
0,
3.972997e-07,
0,
0.02759561,
0.03202372,
0.1699807,
0.009480099,
0,
0,
0.005803018,
0,
0,
3.972997e-07,
0.01730838,
0.001523751,
0,
0.02358898,
0.002266227,
0,
0,
1.905675e-06,
0.0007662119,
0.02361572,
0.99089,
0,
0,
9.3102e-10,
0,
0.0002240735,
1.964562e-09,
0.00440527,
1.194674e-05,
0,
0,
1.588388e-10,
0,
0,
8.041588e-13,
3.28012e-05,
1.380788e-09,
0,
3.211554e-09,
3.305562e-11,
0,
0,
1.080126e-16,
3.885028e-19,
0.004435893,
0.7885829,
0,
0,
4.618209e-07,
0,
0.02648993,
0.0001730231,
0.1617979,
0.008346654,
0,
0,
1.712141e-05,
0,
0,
2.135059e-07,
0.01358659,
0.0009479449,
0,
5.454622e-05,
2.751286e-06,
0,
0,
2.335562e-09,
8.050974e-11,
0,
0.8434514,
0,
0,
4.971191e-07,
0,
0.01733562,
0.0006650948,
0.1250984,
0.004503146,
0,
0,
7.570478e-05,
0,
0,
3.480222e-07,
0.008179041,
0.0004275791,
0,
0.0002517075,
1.143065e-05,
0,
0,
7.710855e-09,
3.061466e-10,
0,
0.3432405,
0,
0,
2.62336e-07,
0,
0.1028242,
2.62336e-07,
0.3672773,
0.06603551,
0,
0,
2.62336e-07,
0,
0,
2.62336e-07,
0.09617341,
0.02432128,
0,
2.62336e-07,
2.62336e-07,
0,
0,
2.62336e-07,
0.0001239697,
2.023897e-06,
0.1615375,
0,
0,
2.283461e-07,
0,
0.1049641,
0.01809142,
0.3410139,
0.09340717,
0,
0,
0.01203401,
0,
0,
2.283461e-07,
0.1432561,
0.06491074,
0,
0.03283867,
0.02003425,
0,
0,
0.001597617,
0.004339649,
0.001974477,
0.2092167,
0,
0,
2.228197e-07,
0,
0.1031419,
0.01443706,
0.3494472,
0.08272281,
0,
0,
0.007599042,
0,
0,
2.228197e-07,
0.1310679,
0.05308791,
0,
0.02370028,
0.01819357,
0,
0,
0.002124223,
0.003911888,
0.001349136,
0.1083686,
0,
0,
3.090787e-07,
0,
0.08890798,
0.0008109047,
0.4482019,
0.08475104,
0,
0,
0.0003286917,
0,
0,
3.090787e-07,
0.1762241,
0.08948396,
0,
0.001503299,
0.000919083,
0,
0,
5.974645e-05,
3.090787e-07,
0.000439652,
0.5297543,
0,
0,
2.75183e-07,
0,
0.06594459,
0.002407302,
0.2975286,
0.03288811,
0,
0,
0.0004631925,
0,
0,
2.75183e-07,
0.05443639,
0.009637817,
0,
0.002819282,
0.001005732,
0,
0,
2.519795e-05,
0.001613589,
0.001475346,
0.755482,
0,
0,
4.645469e-07,
0,
0.02105247,
1.698084e-05,
0.1441655,
0.006246699,
0,
0,
1.82414e-05,
0,
0,
4.645469e-07,
0.010911,
0.0006849848,
0,
0.0001562643,
5.556331e-05,
0,
0,
6.126245e-07,
0.0001782195,
0.06103051,
0.5786641,
0,
0,
3.216947e-07,
0,
0.06062383,
7.895439e-07,
0.2791586,
0.0280466,
0,
0,
8.882658e-07,
0,
0,
3.216953e-07,
0.04448687,
0.006536379,
0,
3.643514e-06,
1.535187e-06,
0,
0,
1.009749e-07,
4.992107e-07,
0.002475512,
0.9637363,
0,
0,
3.703907e-12,
0,
0.001173849,
0,
0.01518955,
0.0001298002,
0,
0,
0,
0,
0,
1.708971e-13,
0.0002645303,
2.688217e-06,
0,
0,
0,
0,
0,
0,
2.851737e-17,
0.01950328,
0.7901554,
0,
0,
4.642323e-07,
0,
0.0186103,
0.02154882,
0.1274322,
0.005059796,
0,
0,
0.003138673,
0,
0,
4.642323e-07,
0.009285981,
0.0005505455,
0,
0.01145229,
0.0004812055,
0,
0,
1.287264e-07,
8.035606e-41,
0.01228369,
0.08311987,
0,
0,
2.540488e-07,
0,
0.09239638,
0.004413947,
0.4027556,
0.1020942,
0,
0,
0.003797536,
0,
0,
2.540488e-07,
0.181208,
0.1009422,
0,
0.01163008,
0.004773666,
0,
0,
0.0001329469,
0.007519844,
0.00521515,
0.3552195,
0,
0,
2.40645e-07,
0,
0.07954056,
0.003500699,
0.3294486,
0.0523892,
0,
0,
0.002153061,
0,
0,
2.40645e-07,
0.09310959,
0.02818422,
0,
0.008659452,
0.005602372,
0,
0,
0.0003307564,
0.02005389,
0.0218076,
0.6822332,
0,
0,
4.139397e-07,
0,
0.02842576,
0.0239571,
0.1774981,
0.01016852,
0,
0,
0.006781366,
0,
0,
4.139397e-07,
0.01805825,
0.001617475,
0,
0.0397341,
0.004251081,
0,
0,
2.935727e-06,
0.0001169084,
0.007154414,
0.7138874,
0,
0,
4.236184e-07,
0,
0.006272661,
0.07514716,
0.05438065,
0.00120647,
0,
0,
0.0145693,
0,
0,
4.236184e-07,
0.002192925,
6.346217e-05,
0,
0.1209177,
0.0112108,
0,
0,
2.510814e-06,
0,
0.0001480928,
0.1254501,
0,
0,
2.549019e-07,
0,
0.1155647,
0.001604069,
0.3767309,
0.1221477,
0,
0,
0.001602537,
0,
0,
2.549019e-07,
0.1676005,
0.08099692,
0,
0.004683826,
0.00254701,
0,
0,
0.0001241088,
0.0008921447,
5.502348e-05,
0.2527585,
0,
0,
2.748577e-07,
0,
0.1107215,
0.0005469767,
0.3858956,
0.08449744,
0,
0,
0.0001349027,
0,
0,
2.748577e-07,
0.121664,
0.0394978,
0,
0.002678391,
0.0006387289,
0,
0,
3.336728e-06,
3.608484e-05,
0.0009261486,
0.8120586,
0,
0,
4.853323e-07,
0,
0.01791521,
4.056301e-07,
0.1319031,
0.004887182,
0,
0,
4.056301e-07,
0,
0,
4.853328e-07,
0.008479856,
0.0004374609,
0,
4.056301e-07,
4.056301e-07,
0,
0,
4.056305e-07,
0.003171214,
0.02114436,
0.7257125,
0,
0,
4.201932e-07,
0,
0.03620435,
0.004284374,
0.1968645,
0.01239944,
0,
0,
0.0004945773,
0,
0,
4.201932e-07,
0.01974338,
0.001687986,
0,
0.002395608,
0.0001710794,
0,
0,
2.196805e-07,
1.639631e-08,
4.107277e-05,
2023, 
0.151305,
0,
0,
4.901851e-07,
0,
0.08940706,
0.01220511,
0.4011591,
0.08679734,
0,
0,
0.006822553,
0,
0,
4.901858e-07,
0.1407716,
0.05505407,
0,
0.02194444,
0.0114805,
0,
0,
0.0006154708,
0.02206803,
0.0003686866,
0.3429191,
0,
0,
4.258725e-07,
0,
0.08055501,
0.01709205,
0.3347034,
0.05261267,
0,
0,
0.009818397,
0,
0,
4.258725e-07,
0.06617194,
0.01260294,
0,
0.03634597,
0.02940169,
0,
0,
0.00245971,
0.01432034,
0.0009959202,
0.7313498,
0,
0,
8.563155e-07,
0,
0.0335828,
1.963133e-10,
0.2019427,
0.01288777,
0,
0,
1.873266e-09,
0,
0,
8.563155e-07,
0.01834065,
0.00147469,
0,
3.504158e-08,
1.478297e-07,
0,
0,
7.922578e-08,
4.034062e-08,
0.000419478,
0.4493877,
0,
0,
4.93377e-07,
0,
0.07364711,
0.001809378,
0.348493,
0.04478915,
0,
0,
7.928615e-05,
0,
0,
4.93377e-07,
0.06769259,
0.01324928,
0,
0.000390534,
4.261166e-05,
0,
0,
7.665791e-07,
3.84697e-07,
0.000417195,
0.2520086,
0,
0,
3.463692e-07,
0,
0.06414759,
0.1260487,
0.2467064,
0.04010844,
0,
0,
0.05030637,
0,
0,
3.463692e-07,
0.06497697,
0.01737433,
0,
0.1066561,
0.02205664,
0,
0,
0.0002178017,
3.463692e-07,
0.009391042,
0.6767959,
0,
0,
7.946532e-07,
0,
0.02707638,
0.02957978,
0.179506,
0.009790446,
0,
0,
0.00629335,
0,
0,
7.946532e-07,
0.01813362,
0.001618178,
0,
0.02463519,
0.00247621,
0,
0,
2.120446e-06,
0.0008247734,
0.02326648,
0.991019,
0,
0,
1.412775e-09,
0,
0.0002216557,
3.33181e-09,
0.004557861,
1.243074e-05,
0,
0,
2.90354e-10,
0,
0,
1.632327e-12,
3.442705e-05,
3.884308e-09,
0,
6.504845e-09,
8.969044e-11,
0,
0,
1.136794e-15,
1.156816e-17,
0.004154645,
0.7808699,
0,
0,
9.237003e-07,
0,
0.02562769,
0.0001479906,
0.1696551,
0.008532804,
0,
0,
1.581696e-05,
0,
0,
4.400243e-07,
0.01409895,
0.000997373,
0,
5.006511e-05,
2.986257e-06,
0,
0,
9.61368e-09,
5.118414e-10,
0,
0.8364814,
0,
0,
9.943032e-07,
0,
0.01693356,
0.0006063092,
0.1319142,
0.004654613,
0,
0,
8.087361e-05,
0,
0,
8.452062e-07,
0.008590677,
0.0004553687,
0,
0.0002687273,
1.244048e-05,
0,
0,
3.068877e-08,
1.919588e-09,
0,
0.3274956,
0,
0,
5.247082e-07,
0,
0.0946881,
5.247082e-07,
0.3852192,
0.06646876,
0,
0,
5.247082e-07,
0,
0,
5.247082e-07,
0.09997732,
0.02600553,
0,
5.247082e-07,
5.247082e-07,
0,
0,
5.247082e-07,
0.0001400632,
1.74258e-06,
0.1436634,
0,
0,
4.433023e-07,
0,
0.09418463,
0.01585509,
0.3511724,
0.09285577,
0,
0,
0.01324866,
0,
0,
4.433031e-07,
0.1471525,
0.0691751,
0,
0.03494552,
0.02206433,
0,
0,
0.001794863,
0.01211218,
0.001774702,
0.1868173,
0,
0,
4.446967e-07,
0,
0.09399574,
0.01139217,
0.3608893,
0.08312714,
0,
0,
0.00873094,
0,
0,
4.446967e-07,
0.1355658,
0.05677276,
0,
0.02632804,
0.02101718,
0,
0,
0.002462663,
0.011684,
0.001216023,
0.0895933,
0,
0,
6.196849e-07,
0,
0.07508519,
0.000691666,
0.4669905,
0.0837037,
0,
0,
0.0003638388,
0,
0,
6.196849e-07,
0.1832904,
0.09739541,
0,
0.001554441,
0.00100235,
0,
0,
6.430814e-05,
6.196849e-07,
0.0002630461,
0.5077466,
0,
0,
5.510821e-07,
0,
0.06405116,
0.002109095,
0.3157146,
0.03424535,
0,
0,
0.0005952084,
0,
0,
5.510821e-07,
0.05773375,
0.01042862,
0,
0.003191851,
0.001296436,
0,
0,
3.241336e-05,
0.001484513,
0.001369303,
0.7469719,
0,
0,
9.291817e-07,
0,
0.02090778,
1.94967e-05,
0.1540913,
0.006560653,
0,
0,
2.094403e-05,
0,
0,
9.291817e-07,
0.01163813,
0.0007421456,
0,
0.0001794163,
6.37955e-05,
0,
0,
1.015711e-06,
0.0001621761,
0.05863939,
0.5638903,
0,
0,
6.434357e-07,
0,
0.05788982,
9.00884e-07,
0.2941004,
0.02861942,
0,
0,
1.01366e-06,
0,
0,
6.434364e-07,
0.04636913,
0.006924756,
0,
4.159216e-06,
1.75267e-06,
0,
0,
3.855408e-07,
6.035682e-07,
0.002196045,
0.9657457,
0,
0,
5.273359e-12,
0,
0.001165205,
7.853716e-15,
0.01564503,
0.0001342481,
0,
0,
3.370879e-14,
0,
0,
3.194511e-13,
0.0002762125,
2.863362e-06,
0,
2.006429e-12,
1.459913e-12,
0,
0,
7.149117e-15,
4.30216e-16,
0.01703077,
0.7809392,
0,
0,
9.285317e-07,
0,
0.018143,
0.02305442,
0.1344021,
0.005234825,
0,
0,
0.003461713,
0,
0,
9.285317e-07,
0.009745574,
0.0005858864,
0,
0.01268543,
0.0005357864,
0,
0,
4.916155e-07,
8.035606e-41,
0.01120973,
0.06936703,
0,
0,
4.87532e-07,
0,
0.0782454,
0.004392106,
0.4104906,
0.09905285,
0,
0,
0.004076853,
0,
0,
4.87532e-07,
0.1841429,
0.1073024,
0,
0.01108758,
0.004858492,
0,
0,
0.0001409312,
0.02251008,
0.004331822,
0.3237962,
0,
0,
4.75287e-07,
0,
0.07686684,
0.003032062,
0.3471827,
0.05444823,
0,
0,
0.002422617,
0,
0,
4.75287e-07,
0.09846552,
0.03052305,
0,
0.00936315,
0.006320607,
0,
0,
0.0003750312,
0.02793585,
0.01926728,
0.6721125,
0,
0,
8.038649e-07,
0,
0.02811877,
0.02453579,
0.1878842,
0.01058462,
0,
0,
0.007495624,
0,
0,
8.038649e-07,
0.01904449,
0.001728059,
0,
0.03918755,
0.004234469,
0,
0,
3.061056e-06,
0.0001334857,
0.004935743,
0.6911722,
0,
0,
8.056527e-07,
0,
0.006087203,
0.08543667,
0.05619117,
0.001232919,
0,
0,
0.01651226,
0,
0,
8.056527e-07,
0.002266751,
6.664929e-05,
0,
0.1293188,
0.01160722,
0,
0,
2.719491e-06,
0,
0.0001038643,
0.1125726,
0,
0,
5.069728e-07,
0,
0.1038735,
0.001666563,
0.3897367,
0.1214013,
0,
0,
0.001733358,
0,
0,
5.069728e-07,
0.1723931,
0.08680163,
0,
0.004482894,
0.002491159,
0,
0,
0.0001293482,
0.002676698,
4.014239e-05,
0.2338825,
0,
0,
5.497544e-07,
0,
0.1020791,
0.000405761,
0.4048673,
0.08564344,
0,
0,
0.0001319434,
0,
0,
5.497544e-07,
0.127167,
0.04261477,
0,
0.001843796,
0.0005389205,
0,
0,
3.25631e-06,
4.120183e-05,
0.0007799076,
0.808521,
0,
0,
9.707258e-07,
0,
0.01771826,
8.287483e-07,
0.1398543,
0.00509628,
0,
0,
8.287483e-07,
0,
0,
9.707262e-07,
0.008957508,
0.0004684445,
0,
8.287474e-07,
8.287483e-07,
0,
0,
8.287487e-07,
0.003631503,
0.0157466,
0.7158071,
0,
0,
8.404442e-07,
0,
0.03463846,
0.004055722,
0.2071235,
0.01268001,
0,
0,
0.0005535884,
0,
0,
8.404442e-07,
0.02063722,
0.001792948,
0,
0.002487205,
0.0001890205,
0,
0,
6.399314e-07,
8.804506e-08,
3.276105e-05,
2024, 
0.1381115,
0,
0,
7.047776e-07,
0,
0.07931582,
0.01016956,
0.4042372,
0.08404359,
0,
0,
0.007325626,
0,
0,
7.047782e-07,
0.1409,
0.05672312,
0,
0.02242542,
0.01225362,
0,
0,
0.0006696092,
0.04349159,
0.0003318765,
0.3283032,
0,
0,
6.22878e-07,
0,
0.07380927,
0.01309771,
0.3411858,
0.05176788,
0,
0,
0.01033601,
0,
0,
6.228784e-07,
0.06672337,
0.01296868,
0,
0.03771954,
0.03211576,
0,
0,
0.002770605,
0.02831676,
0.0008841791,
0.7243127,
0,
0,
1.284688e-06,
0,
0.03228891,
1.981676e-10,
0.2094396,
0.01311121,
0,
0,
1.935238e-09,
0,
0,
1.284688e-06,
0.01892566,
0.001544515,
0,
3.700041e-08,
1.815194e-07,
0,
0,
2.486109e-07,
2.381933e-07,
0.0003741708,
0.429697,
0,
0,
7.401876e-07,
0,
0.071572,
0.001418609,
0.3651001,
0.04627331,
0,
0,
8.904352e-05,
0,
0,
7.401881e-07,
0.07096989,
0.01413428,
0,
0.0003691593,
4.675517e-05,
0,
0,
1.01339e-06,
6.315081e-07,
0.0003267436,
0.2385407,
0,
0,
5.196392e-07,
0,
0.05946935,
0.1204288,
0.2578245,
0.0405823,
0,
0,
0.05250881,
0,
0,
5.196392e-07,
0.06780974,
0.01865704,
0,
0.1106849,
0.0233008,
0,
0,
0.0002368827,
5.196392e-07,
0.009954568,
0.6700574,
0,
0,
1.192172e-06,
0,
0.02641816,
0.02702595,
0.1873991,
0.01003706,
0,
0,
0.006694457,
0,
0,
1.192172e-06,
0.0188282,
0.001702295,
0,
0.02534959,
0.002649001,
0,
0,
2.30429e-06,
0.0008833692,
0.02295069,
0.9911366,
0,
0,
2.734834e-09,
0,
0.0002192371,
7.204017e-09,
0.004708924,
1.291543e-05,
0,
0,
7.882373e-10,
0,
0,
7.594242e-12,
3.605485e-05,
1.22613e-08,
0,
1.696856e-08,
3.863738e-10,
0,
0,
4.138813e-14,
1.330624e-15,
0.003886258,
0.7748815,
0,
0,
1.385774e-06,
0,
0.02466387,
0.0001229589,
0.1760242,
0.008673416,
0,
0,
1.451271e-05,
0,
0,
7.222758e-07,
0.01452628,
0.001042225,
0,
4.55847e-05,
3.221422e-06,
0,
0,
3.904065e-08,
3.602791e-09,
0,
0.8308639,
0,
0,
1.491696e-06,
0,
0.01645571,
0.0005542074,
0.1375415,
0.004777456,
0,
0,
8.57816e-05,
0,
0,
1.342599e-06,
0.008940058,
0.0004801115,
0,
0.0002849705,
1.340672e-05,
0,
0,
1.231884e-07,
1.388602e-08,
0,
0.2954683,
0,
0,
6.012394e-07,
0,
0.08233801,
0.01770723,
0.3691407,
0.06179402,
0,
0,
0.01770725,
0,
0,
6.012394e-07,
0.09511566,
0.02517019,
0,
0.01770725,
0.01770725,
0,
0,
6.012393e-07,
0.0001409635,
1.461263e-06,
0.1293465,
0,
0,
6.496397e-07,
0,
0.08494242,
0.01417977,
0.3568647,
0.09146623,
0,
0,
0.01419133,
0,
0,
6.496405e-07,
0.1492188,
0.07236425,
0,
0.03647495,
0.02365008,
0,
0,
0.00195619,
0.02377596,
0.001567604,
0.1689752,
0,
0,
6.59943e-07,
0,
0.08596421,
0.008544934,
0.3678435,
0.08269542,
0,
0,
0.009559066,
0,
0,
6.599425e-07,
0.138356,
0.05960328,
0,
0.02816594,
0.02314541,
0,
0,
0.00272945,
0.02334732,
0.001068907,
0.07486994,
0,
0,
9.303023e-07,
0,
0.06398348,
0.0006016062,
0.4816869,
0.08243021,
0,
0,
0.0003993116,
0,
0,
9.303023e-07,
0.1888906,
0.1042131,
0,
0.001617801,
0.001085339,
0,
0,
6.895697e-05,
9.303023e-07,
0.0001499235,
0.4902657,
0,
0,
8.271005e-07,
0,
0.06194215,
0.001852175,
0.3306252,
0.03527881,
0,
0,
0.0007213105,
0,
0,
8.271005e-07,
0.06043801,
0.01110196,
0,
0.00354818,
0.001575919,
0,
0,
3.942375e-05,
0.001355461,
0.00125405,
0.7427973,
0,
0,
1.39401e-06,
0,
0.02068446,
2.202022e-05,
0.1629882,
0.006841024,
0,
0,
2.365488e-05,
0,
0,
1.39401e-06,
0.01229873,
0.0007951797,
0,
0.0002026387,
7.205275e-05,
0,
0,
1.420024e-06,
0.0001445305,
0.053126,
0.5528895,
0,
0,
9.653115e-07,
0,
0.05502309,
9.58024e-07,
0.3060898,
0.02896294,
0,
0,
1.078097e-06,
0,
0,
9.653121e-07,
0.04784087,
0.007252819,
0,
4.425101e-06,
1.864923e-06,
0,
0,
6.901295e-07,
9.25444e-07,
0.001929086,
0.9675772,
0,
0,
7.974805e-12,
0,
0.001156594,
3.253987e-14,
0.01609879,
0.0001387032,
0,
0,
1.553491e-13,
0,
0,
9.136412e-13,
0.0002879101,
3.038685e-06,
0,
8.279131e-12,
7.870597e-12,
0,
0,
1.603519e-13,
2.234392e-14,
0.01473779,
0.6985767,
0,
0,
9.339614e-07,
0,
0.01593931,
0.07111587,
0.1241375,
0.004769774,
0,
0,
0.01155464,
0,
0,
9.339614e-07,
0.008945651,
0.0005398291,
0,
0.04208402,
0.001818086,
0,
0,
4.970451e-07,
0.01054269,
0.009973512,
0.05840557,
0,
0,
7.005034e-07,
0,
0.06646724,
0.004425608,
0.4114374,
0.09507054,
0,
0,
0.004280359,
0,
0,
7.005034e-07,
0.1841855,
0.1114134,
0,
0.01067911,
0.004881116,
0,
0,
0.0001467994,
0.04500481,
0.003601162,
0.2977428,
0,
0,
7.039862e-07,
0,
0.07375516,
0.002646212,
0.3606121,
0.05586946,
0,
0,
0.002615512,
0,
0,
7.039862e-07,
0.1025827,
0.03243813,
0,
0.009825011,
0.006852967,
0,
0,
0.0004107282,
0.03788803,
0.01675985,
0.66337,
0,
0,
1.193956e-06,
0,
0.02764393,
0.02593435,
0.1964488,
0.01091989,
0,
0,
0.008089275,
0,
0,
1.193956e-06,
0.01987058,
0.001824598,
0,
0.03827093,
0.004183836,
0,
0,
3.160539e-06,
0.0001500701,
0.003288228,
0.6624005,
0,
0,
1.1274e-06,
0,
0.005802291,
0.09441529,
0.05670118,
0.001234487,
0,
0,
0.0182035,
0,
0,
1.1274e-06,
0.002291655,
6.83443e-05,
0,
0.1363309,
0.01196757,
0,
0,
2.857582e-06,
0.01050174,
7.745835e-05,
0.1029211,
0,
0,
7.568564e-07,
0,
0.09457675,
0.001722504,
0.3992281,
0.1201289,
0,
0,
0.001857259,
0,
0,
7.568564e-07,
0.1757714,
0.09157076,
0,
0.004271365,
0.002429823,
0,
0,
0.0001342638,
0.005354641,
3.161372e-05,
0.2196556,
0,
0,
8.247653e-07,
0,
0.09457169,
0.0003249222,
0.4199528,
0.08617174,
0,
0,
0.0001289872,
0,
0,
8.247653e-07,
0.1314912,
0.04527501,
0,
0.001301504,
0.0004416863,
0,
0,
3.175969e-06,
4.632098e-05,
0.0006336666,
0.8042381,
0,
0,
1.456317e-06,
0,
0.0174246,
1.314062e-06,
0.1464938,
0.005269649,
0,
0,
1.314062e-06,
0,
0,
1.456318e-06,
0.009365284,
0.0004959477,
0,
1.314061e-06,
1.314062e-06,
0,
0,
1.314062e-06,
0.004091982,
0.01261115,
0.7083107,
0,
0,
1.26087e-06,
0,
0.03298257,
0.003801436,
0.2153922,
0.01287414,
0,
0,
0.0006042979,
0,
0,
1.26087e-06,
0.02136465,
0.001884127,
0,
0.002552783,
0.0002044386,
0,
0,
1.060357e-06,
4.094538e-07,
2.465674e-05,
2025, 
0.1273849,
0,
0,
8.999732e-07,
0,
0.07068973,
0.008523544,
0.400886,
0.08045883,
0,
0,
0.007619226,
0,
0,
8.999739e-07,
0.1389423,
0.05739852,
0,
0.02240424,
0.01268166,
0,
0,
0.0007030131,
0.07201317,
0.0002930569,
0.3147451,
0,
0,
8.092998e-07,
0,
0.06734955,
0.01084747,
0.3430345,
0.05041215,
0,
0,
0.01068724,
0,
0,
8.093002e-07,
0.06650339,
0.01318522,
0,
0.03845028,
0.03403605,
0,
0,
0.003009048,
0.04695958,
0.0007788166,
0.7185487,
0,
0,
1.713306e-06,
0,
0.03101846,
1.993698e-10,
0.2157273,
0.01330451,
0,
0,
1.985299e-09,
0,
0,
1.713306e-06,
0.01945727,
0.00161193,
0,
3.856408e-08,
2.159541e-07,
0,
0,
6.575167e-07,
6.668116e-07,
0.0003268445,
0.4145105,
0,
0,
9.871402e-07,
0,
0.06947081,
0.001017862,
0.3783569,
0.04740413,
0,
0,
9.343762e-05,
0,
0,
9.871407e-07,
0.07363769,
0.0148882,
0,
0.0003354806,
4.826352e-05,
0,
0,
1.235506e-06,
8.784608e-07,
0.0002325527,
0.2259841,
0,
0,
6.974527e-07,
0,
0.05497912,
0.119038,
0.2671143,
0.04084012,
0,
0,
0.05394144,
0,
0,
6.974527e-07,
0.07019985,
0.01980041,
0,
0.1131512,
0.02416131,
0,
0,
0.0002510505,
6.974527e-07,
0.01053701,
0.6649504,
0,
0,
1.589916e-06,
0,
0.02571934,
0.02462092,
0.1940515,
0.01024774,
0,
0,
0.007025367,
0,
0,
1.589916e-06,
0.01944378,
0.001780986,
0,
0.02583869,
0.002788967,
0,
0,
2.459292e-06,
0.0008971451,
0.02262946,
0.9912733,
0,
0,
4.401668e-09,
0,
0.0002168314,
1.410029e-08,
0.004860201,
1.340106e-05,
0,
0,
1.904306e-09,
0,
0,
2.621266e-11,
3.768536e-05,
2.916693e-08,
0,
3.653094e-08,
1.151038e-09,
0,
0,
5.634942e-13,
4.279979e-14,
0.003598471,
0.7699544,
0,
0,
1.848114e-06,
0,
0.02371012,
9.699717e-05,
0.1813889,
0.008793181,
0,
0,
1.299277e-05,
0,
0,
1.056279e-06,
0.0149114,
0.001085257,
0,
4.029182e-05,
3.410949e-06,
0,
0,
1.346812e-07,
2.041558e-08,
0,
0.8261153,
0,
0,
1.989373e-06,
0,
0.01597278,
0.0005312139,
0.1423305,
0.004885604,
0,
0,
8.993834e-05,
0,
0,
1.840277e-06,
0.009253917,
0.0005032856,
0,
0.0002989138,
1.422364e-05,
0,
0,
4.584474e-07,
9.186815e-08,
0,
0.2876697,
0,
0,
8.638705e-07,
0,
0.07639334,
0.01770749,
0.3799136,
0.06143533,
0,
0,
0.01770751,
0,
0,
8.638705e-07,
0.09724457,
0.02636108,
0,
0.01770751,
0.01770751,
0,
0,
8.638704e-07,
0.0001485825,
1.160779e-06,
0.1181893,
0,
0,
8.474182e-07,
0,
0.0772984,
0.01302643,
0.358536,
0.08947152,
0,
0,
0.01475193,
0,
0,
8.47419e-07,
0.1496967,
0.07459305,
0,
0.03715332,
0.02456385,
0,
0,
0.00205401,
0.03929544,
0.00136828,
0.1538201,
0,
0,
8.672874e-07,
0,
0.07870761,
0.007715602,
0.3704636,
0.08150729,
0,
0,
0.01006986,
0,
0,
8.672869e-07,
0.1395257,
0.06160627,
0,
0.02938992,
0.0244637,
0,
0,
0.002901832,
0.03890549,
0.0009213284,
0.06410147,
0,
0,
1.239772e-06,
0,
0.05550565,
0.0005487783,
0.4922572,
0.08101903,
0,
0,
0.0004850785,
0,
0,
1.239772e-06,
0.1929807,
0.1098256,
0,
0.001852545,
0.001280068,
0,
0,
7.887926e-05,
1.239772e-06,
6.130915e-05,
0.4767026,
0,
0,
1.103268e-06,
0,
0.05983061,
0.001630246,
0.3425218,
0.03605459,
0,
0,
0.0008364372,
0,
0,
1.103268e-06,
0.06265061,
0.01168109,
0,
0.00386334,
0.001828112,
0,
0,
4.573061e-05,
0.001202508,
0.001150169,
0.7400299,
0,
0,
1.859107e-06,
0,
0.02040937,
2.449168e-05,
0.1706479,
0.007089037,
0,
0,
2.630981e-05,
0,
0,
1.859107e-06,
0.01288983,
0.0008440519,
0,
0.0002253821,
8.013966e-05,
0,
0,
1.815996e-06,
0.0001268885,
0.0476012,
0.544637,
0,
0,
1.287372e-06,
0,
0.05228029,
1.014907e-06,
0.315647,
0.02916873,
0,
0,
1.142246e-06,
0,
0,
1.287373e-06,
0.04904974,
0.007548807,
0,
4.689799e-06,
1.976674e-06,
0,
0,
9.940628e-07,
1.203586e-06,
0.001654836,
0.9691218,
0,
0,
8.987923e-12,
0,
0.001148052,
8.525629e-14,
0.01655364,
0.0001431681,
0,
0,
4.457144e-13,
0,
0,
1.615316e-12,
0.0002996289,
3.21425e-06,
0,
2.065381e-11,
2.293224e-11,
0,
0,
1.433426e-12,
3.965021e-13,
0.0127305,
0.6822901,
0,
0,
1.333646e-06,
0,
0.01517692,
0.07192092,
0.1268714,
0.004813375,
0,
0,
0.01176759,
0,
0,
1.333646e-06,
0.009137262,
0.0005592242,
0,
0.04288455,
0.001854888,
0,
0,
8.967294e-07,
0.02389942,
0.00882085,
0.04994981,
0,
0,
8.929994e-07,
0,
0.05695777,
0.004453114,
0.4057925,
0.09034057,
0,
0,
0.004385147,
0,
0,
8.929994e-07,
0.1814287,
0.1132764,
0,
0.01038476,
0.004825017,
0,
0,
0.0001492827,
0.0750126,
0.00304254,
0.276161,
0,
0,
9.267722e-07,
0,
0.07041503,
0.002420891,
0.3695933,
0.05665461,
0,
0,
0.002746536,
0,
0,
9.267722e-07,
0.1054383,
0.0339072,
0,
0.0101212,
0.007206908,
0,
0,
0.0004346817,
0.05013097,
0.01476746,
0.6574836,
0,
0,
1.587473e-06,
0,
0.02714832,
0.02657613,
0.2039418,
0.01122412,
0,
0,
0.008399609,
0,
0,
1.587473e-06,
0.02062711,
0.001916179,
0,
0.03646831,
0.004037553,
0,
0,
3.178572e-06,
0.0001610091,
0.002009894,
0.5879298,
0,
0,
1.1274e-06,
0,
0.005066934,
0.1214549,
0.05177143,
0.001118313,
0,
0,
0.023826,
0,
0,
1.1274e-06,
0.002088957,
6.269551e-05,
0,
0.1690629,
0.0149354,
0,
0,
2.615044e-06,
0.02262704,
5.078325e-05,
0.09609608,
0,
0,
1.004589e-06,
0,
0.08755937,
0.001748274,
0.4054231,
0.1185634,
0,
0,
0.001947436,
0,
0,
1.004589e-06,
0.1778661,
0.09534387,
0,
0.004018344,
0.002342167,
0,
0,
0.0001372719,
0.008927277,
2.522822e-05,
0.2094228,
0,
0,
1.099934e-06,
0,
0.08849256,
0.0002692837,
0.4313477,
0.08623582,
0,
0,
0.0001219476,
0,
0,
1.099934e-06,
0.1347446,
0.04749772,
0,
0.0009806461,
0.0003481699,
0,
0,
2.99561e-06,
4.866673e-05,
0.0004848251,
0.7999234,
0,
0,
1.94219e-06,
0,
0.01710329,
1.621726e-06,
0.1521547,
0.005422762,
0,
0,
1.621726e-06,
0,
0,
1.94219e-06,
0.009729201,
0.0005214001,
0,
1.621725e-06,
1.621726e-06,
0,
0,
1.621727e-06,
0.004552728,
0.01058064,
0.7024677,
0,
0,
1.681536e-06,
0,
0.03141636,
0.003501511,
0.2221876,
0.01302274,
0,
0,
0.000640895,
0,
0,
1.681536e-06,
0.02199268,
0.00196803,
0,
0.002564984,
0.000214757,
0,
0,
1.481024e-06,
8.301202e-07,
1.699695e-05,
2026, 
0.1224599,
0,
0,
1.173449e-06,
0,
0.06596328,
0.007464024,
0.4072583,
0.07935027,
0,
0,
0.008075588,
0,
0,
1.17345e-06,
0.1405744,
0.05953836,
0,
0.02288704,
0.01336441,
0,
0,
0.0007458382,
0.07206311,
0.0002530585,
0.3090319,
0,
0,
1.038975e-06,
0,
0.06352677,
0.008910092,
0.3493667,
0.05001586,
0,
0,
0.01122876,
0,
0,
1.038976e-06,
0.06737693,
0.01364683,
0,
0.03972692,
0.03627241,
0,
0,
0.003249913,
0.04698458,
0.0006602915,
0.7132602,
0,
0,
2.142146e-06,
0,
0.03001566,
2.029891e-10,
0.2213005,
0.01349119,
0,
0,
2.216888e-09,
0,
0,
2.142146e-06,
0.01996837,
0.001678683,
0,
4.38911e-08,
2.94654e-07,
0,
0,
1.086357e-06,
1.095652e-06,
0.0002786219,
0.4030438,
0,
0,
1.234219e-06,
0,
0.06775623,
0.0006627975,
0.3884327,
0.04824831,
0,
0,
9.78368e-05,
0,
0,
1.23422e-06,
0.07574596,
0.01551495,
0,
0.0003022515,
4.977436e-05,
0,
0,
1.457749e-06,
1.12554e-06,
0.00014041,
0.2162973,
0,
0,
8.777184e-07,
0,
0.05148273,
0.1187296,
0.2740472,
0.04091578,
0,
0,
0.05493965,
0,
0,
8.777181e-07,
0.07201953,
0.02074067,
0,
0.1147216,
0.02478535,
0,
0,
0.0002610163,
8.777181e-07,
0.01105698,
0.659969,
0,
0,
1.987865e-06,
0,
0.02510888,
0.02323846,
0.1995529,
0.01042912,
0,
0,
0.00732846,
0,
0,
1.987865e-06,
0.01998982,
0.001854546,
0,
0.02636701,
0.002912294,
0,
0,
2.5873e-06,
0.0009109635,
0.02233201,
0.991512,
0,
0,
5.2121e-09,
0,
0.0002148223,
3.217907e-08,
0.005011772,
1.388753e-05,
0,
0,
5.741372e-09,
0,
0,
6.106805e-11,
3.931831e-05,
5.537195e-08,
0,
9.176851e-08,
3.319397e-09,
0,
0,
2.387855e-12,
2.307403e-13,
0.003208017,
0.7655289,
0,
0,
2.310689e-06,
0,
0.02294075,
7.103645e-05,
0.1860958,
0.008905693,
0,
0,
1.147307e-05,
0,
0,
1.4967e-06,
0.01527619,
0.001127561,
0,
3.49998e-05,
3.600711e-06,
0,
0,
2.419768e-07,
4.467153e-08,
0,
0.8218468,
0,
0,
2.487306e-06,
0,
0.01559933,
0.0005174462,
0.1465511,
0.004987419,
0,
0,
9.338454e-05,
0,
0,
2.338209e-06,
0.009548503,
0.0005256779,
0,
0.000309516,
1.486499e-05,
0,
0,
9.037459e-07,
2.288361e-07,
0,
0.2820657,
0,
0,
1.126636e-06,
0,
0.07210656,
0.01770776,
0.3876467,
0.06100883,
0,
0,
0.01770777,
0,
0,
1.126636e-06,
0.09880564,
0.02737513,
0,
0.01770777,
0.01770777,
0,
0,
1.126636e-06,
0.0001562104,
8.233423e-07,
0.1116791,
0,
0,
1.084693e-06,
0,
0.0727236,
0.01245429,
0.3637228,
0.08887219,
0,
0,
0.01531539,
0,
0,
1.084694e-06,
0.1517696,
0.07746243,
0,
0.03791963,
0.02544761,
0,
0,
0.002140167,
0.03933061,
0.001160332,
0.1444854,
0,
0,
1.112739e-06,
0,
0.07419069,
0.007547937,
0.3762519,
0.0813298,
0,
0,
0.01067147,
0,
0,
1.112739e-06,
0.1419185,
0.06402499,
0,
0.03092326,
0.0259021,
0,
0,
0.003064695,
0.03890597,
0.0007810544,
0.05685786,
0,
0,
1.547813e-06,
0,
0.04962412,
0.0005417136,
0.4989284,
0.07968218,
0,
0,
0.0006334955,
0,
0,
1.547813e-06,
0.1955915,
0.114081,
0,
0.002300223,
0.001611498,
0,
0,
9.433427e-05,
1.547813e-06,
4.904756e-05,
0.4663504,
0,
0,
1.379716e-06,
0,
0.05812048,
0.001418051,
0.3516138,
0.03663248,
0,
0,
0.0009414335,
0,
0,
1.379716e-06,
0.06444079,
0.01217815,
0,
0.004137114,
0.002053805,
0,
0,
5.115852e-05,
0.001054154,
0.00100537,
0.7385067,
0,
0,
2.324412e-06,
0,
0.02020588,
2.611577e-05,
0.1773135,
0.007315571,
0,
0,
2.805446e-05,
0,
0,
2.324412e-06,
0.01343057,
0.000889845,
0,
0.0002403276,
8.545387e-05,
0,
0,
2.260075e-06,
0.0001092492,
0.04184188,
0.5380248,
0,
0,
1.609596e-06,
0,
0.05008541,
1.078948e-06,
0.3232748,
0.02931226,
0,
0,
1.214454e-06,
0,
0,
1.609597e-06,
0.0500953,
0.007827219,
0,
4.987645e-06,
2.102406e-06,
0,
0,
1.316287e-06,
1.481892e-06,
0.001364835,
0.9702686,
0,
0,
9.277196e-12,
0,
0.001140045,
3.82278e-13,
0.01700948,
0.0001476419,
0,
0,
2.864805e-12,
0,
0,
2.728842e-12,
0.0003113667,
3.390033e-06,
0,
9.263978e-11,
8.647225e-11,
0,
0,
5.122429e-12,
1.772391e-12,
0.01111945,
0.6775262,
0,
0,
1.798651e-06,
0,
0.01477975,
0.07258231,
0.1313507,
0.004937619,
0,
0,
0.01193754,
0,
0,
1.798651e-06,
0.009481281,
0.0005890394,
0,
0.04349111,
0.001883658,
0,
0,
1.361735e-06,
0.02389989,
0.007535939,
0.04515779,
0,
0,
1.168088e-06,
0,
0.05146481,
0.004693646,
0.4105828,
0.08867367,
0,
0,
0.004631106,
0,
0,
1.168088e-06,
0.1835154,
0.1179119,
0,
0.01072123,
0.004937545,
0,
0,
0.0001554531,
0.07501458,
0.002537817,
0.2626652,
0,
0,
1.17784e-06,
0,
0.06828974,
0.002301959,
0.3798237,
0.05771228,
0,
0,
0.002896221,
0,
0,
1.17784e-06,
0.1086988,
0.03547129,
0,
0.01050574,
0.007589859,
0,
0,
0.0004575176,
0.05105964,
0.01252572,
0.6518707,
0,
0,
1.977981e-06,
0,
0.02674692,
0.02747479,
0.2101595,
0.01149277,
0,
0,
0.008768508,
0,
0,
1.977981e-06,
0.02130167,
0.002001476,
0,
0.03492502,
0.003910551,
0,
0,
3.213407e-06,
0.0001685831,
0.001172286,
0.5788922,
0,
0,
1.522336e-06,
0,
0.004922381,
0.1258835,
0.05331575,
0.001145774,
0,
0,
0.02477651,
0,
0,
1.522336e-06,
0.002163152,
6.602918e-05,
0,
0.1711005,
0.01507686,
0,
0,
2.79108e-06,
0.02262744,
2.410817e-05,
0.0916682,
0,
0,
1.261629e-06,
0,
0.08292396,
0.001810576,
0.4104372,
0.1175224,
0,
0,
0.002029072,
0,
0,
1.261629e-06,
0.1796371,
0.09858489,
0,
0.004003527,
0.002293986,
0,
0,
0.0001393906,
0.008927534,
1.963634e-05,
0.202467,
0,
0,
1.375235e-06,
0,
0.08418418,
0.00021365,
0.4393239,
0.08607084,
0,
0,
0.0001149118,
0,
0,
1.375235e-06,
0.1370402,
0.04927594,
0,
0.0006597962,
0.0002546565,
0,
0,
2.815345e-06,
5.101512e-05,
0.0003383486,
0.7959129,
0,
0,
2.428309e-06,
0,
0.01685322,
2.107845e-06,
0.1571591,
0.005566024,
0,
0,
2.107845e-06,
0,
0,
2.428309e-06,
0.01006835,
0.0005457385,
0,
2.107844e-06,
2.107845e-06,
0,
0,
2.107846e-06,
0.004767253,
0.009111968,
0.6974265,
0,
0,
2.102418e-06,
0,
0.03020142,
0.003188415,
0.2279416,
0.01315574,
0,
0,
0.0006735192,
0,
0,
2.102418e-06,
0.02256553,
0.002048307,
0,
0.002558789,
0.000223299,
0,
0,
1.901905e-06,
1.251001e-06,
9.498154e-06,
2027, 
0.1203261,
0,
0,
0.0002856897,
0,
0.06237972,
0.006946254,
0.4083191,
0.07820166,
0,
0,
0.008727281,
0,
0,
0.0005511935,
0.1407828,
0.0615379,
0,
0.02393652,
0.01469194,
0,
0,
0.001215088,
0.07186306,
0.000235702,
0.3092703,
0,
0,
1.822248e-05,
0,
0.06036066,
0.007233877,
0.3530598,
0.04950329,
0,
0,
0.0112808,
0,
0,
5.416507e-05,
0.06774123,
0.01419844,
0,
0.03953444,
0.03714814,
0,
0,
0.003379836,
0.04660665,
0.0006101768,
0.7146564,
0,
0,
1.251056e-05,
0,
0.02844566,
2.028605e-10,
0.2218022,
0.01325572,
0,
0,
2.311193e-09,
0,
0,
6.24767e-06,
0.01986091,
0.001695015,
0,
4.603467e-08,
3.228088e-07,
0,
0,
1.218836e-06,
1.295091e-06,
0.0002625282,
0.3959059,
0,
0,
0.001025205,
0,
0.06563661,
0.0004351559,
0.3931519,
0.04859352,
0,
0,
0.0002259431,
0,
0,
0.000515791,
0.07717288,
0.01642617,
0,
0.0005661239,
0.0001865617,
0,
0,
2.076752e-05,
6.794334e-05,
6.951238e-05,
0.2093703,
0,
0,
0.0006996812,
0,
0.04848104,
0.1178282,
0.2757175,
0.04057981,
0,
0,
0.05625661,
0,
0,
0.0004783279,
0.07274753,
0.02177443,
0,
0.1171688,
0.02632733,
0,
0,
0.0004902825,
0.0001415191,
0.01193861,
0.658384,
0,
0,
4.570795e-05,
0,
0.02413689,
0.02199912,
0.2023976,
0.01048482,
0,
0,
0.00750893,
0,
0,
2.449936e-05,
0.02037771,
0.002022366,
0,
0.02666038,
0.003082588,
0,
0,
1.178353e-05,
0.0009122895,
0.02195131,
0.9916914,
0,
0,
5.546678e-09,
0,
0.0002012214,
3.480821e-08,
0.004894704,
1.347496e-05,
0,
0,
6.237258e-09,
0,
0,
6.606751e-11,
3.840326e-05,
5.984841e-08,
0,
9.96765e-08,
3.599977e-09,
0,
0,
2.583802e-12,
2.497253e-13,
0.003160626,
0.7675638,
0,
0,
3.568328e-06,
0,
0.02165815,
7.557365e-05,
0.1856536,
0.008697296,
0,
0,
2.278875e-05,
0,
0,
2.015407e-06,
0.01509822,
0.001127949,
0,
8.575337e-05,
1.079332e-05,
0,
0,
3.587651e-07,
7.876459e-08,
0,
0.8217917,
0,
0,
6.920465e-06,
0,
0.01487207,
0.0005795751,
0.1471002,
0.004927674,
0,
0,
0.0001172415,
0,
0,
3.538651e-06,
0.009582298,
0.0005457801,
0,
0.000435808,
3.533785e-05,
0,
0,
1.390775e-06,
4.244211e-07,
0,
0.2809929,
0,
0,
7.256583e-05,
0,
0.06830249,
0.01834079,
0.3894778,
0.05991742,
0,
0,
0.0183675,
0,
0,
0.0001047622,
0.09867063,
0.02800688,
0,
0.01916197,
0.01830974,
0,
0,
7.518641e-05,
0.0001988138,
5.353778e-07,
0.1072354,
0,
0,
2.71748e-05,
0,
0.06891384,
0.01228874,
0.3640135,
0.08788307,
0,
0,
0.01615763,
0,
0,
0.000171699,
0.1522156,
0.08023286,
0,
0.03948577,
0.02739097,
0,
0,
0.003038488,
0.03985891,
0.001086256,
0.1380821,
0,
0,
0.0001075136,
0,
0.07043186,
0.007436571,
0.3776523,
0.08095919,
0,
0,
0.01108147,
0,
0,
0.000365094,
0.1433585,
0.06721372,
0,
0.03200209,
0.02729113,
0,
0,
0.003802003,
0.03951184,
0.000704578,
0.05237832,
0,
0,
0.0007857569,
0,
0.0456064,
0.0005371709,
0.4968931,
0.07855202,
0,
0,
0.0009427379,
0,
0,
0.0016405,
0.1959039,
0.1181887,
0,
0.003018353,
0.002680456,
0,
0,
0.0009771764,
0.001846889,
4.846665e-05,
0.4612703,
0,
0,
2.196671e-05,
0,
0.05614586,
0.001149243,
0.35664,
0.03688879,
0,
0,
0.0009911013,
0,
0,
3.99243e-05,
0.06562813,
0.01284524,
0,
0.004196565,
0.002214885,
0,
0,
8.880674e-05,
0.0009329406,
0.0009462594,
0.7369455,
0,
0,
7.829196e-06,
0,
0.01954128,
2.803216e-05,
0.180183,
0.007387682,
0,
0,
3.168302e-05,
0,
0,
6.62109e-06,
0.01377443,
0.000985796,
0,
0.0002641576,
0.000100371,
0,
0,
4.442687e-06,
9.166195e-05,
0.04064751,
0.5378082,
0,
0,
1.828043e-05,
0,
0.04757592,
5.173219e-06,
0.3258523,
0.02895087,
0,
0,
1.185021e-05,
0,
0,
2.089308e-05,
0.05032819,
0.008115414,
0,
5.599874e-05,
4.727283e-05,
0,
0,
1.309715e-05,
1.370187e-05,
0.001182804,
0.9712213,
0,
0,
9.68376e-12,
0,
0.001068588,
4.128718e-13,
0.01650408,
0.000142432,
0,
0,
3.094063e-12,
0,
0,
2.931779e-12,
0.0003024863,
3.315146e-06,
0,
1.000538e-10,
9.33928e-11,
0,
0,
5.532374e-12,
1.914226e-12,
0.01075784,
0.6762334,
0,
0,
7.272829e-06,
0,
0.01404149,
0.07285429,
0.1326634,
0.004915191,
0,
0,
0.01207997,
0,
0,
4.299824e-06,
0.009555511,
0.0006164534,
0,
0.04398207,
0.001929374,
0,
0,
2.07799e-06,
0.02390016,
0.007215112,
0.04205811,
0,
0,
0.0003570398,
0,
0.04742451,
0.00604452,
0.4070255,
0.08642277,
0,
0,
0.00669478,
0,
0,
0.000855732,
0.1822297,
0.120477,
0,
0.01432006,
0.007498391,
0,
0,
0.001039268,
0.07514827,
0.002404302,
0.25283,
0,
0,
0.0001892687,
0,
0.06588589,
0.002284581,
0.3846197,
0.05836984,
0,
0,
0.003164873,
0,
0,
0.0003346835,
0.1110236,
0.03766543,
0,
0.01126828,
0.008490496,
0,
0,
0.0008503976,
0.05139454,
0.01162838,
0.6508655,
0,
0,
2.823151e-05,
0,
0.02589934,
0.02781077,
0.2131811,
0.01156827,
0,
0,
0.008971081,
0,
0,
1.660971e-05,
0.02168817,
0.002134653,
0,
0.03304079,
0.003774006,
0,
0,
8.476483e-06,
0.000175331,
0.0008376957,
0.5792467,
0,
0,
1.715444e-06,
0,
0.004652503,
0.1280749,
0.05373209,
0.001139324,
0,
0,
0.02504333,
0,
0,
1.700976e-06,
0.002181696,
7.046253e-05,
0,
0.168752,
0.01446734,
0,
0,
2.700567e-06,
0.02262753,
5.990545e-06,
0.08863898,
0,
0,
9.034164e-05,
0,
0.07899421,
0.002775185,
0.4095256,
0.1156941,
0,
0,
0.003654893,
0,
0,
0.0003703425,
0.1789626,
0.1005367,
0,
0.006657073,
0.004068933,
0,
0,
0.0007080244,
0.009304381,
1.859373e-05,
0.1970892,
0,
0,
0.0004634281,
0,
0.08027633,
0.001210433,
0.4400241,
0.08511039,
0,
0,
0.001532665,
0,
0,
0.0006456402,
0.1373037,
0.05071178,
0,
0.003121867,
0.001696144,
0,
0,
0.0003360363,
0.0002566349,
0.000221672,
0.7944047,
0,
0,
1.657181e-05,
0,
0.01622985,
6.026962e-05,
0.1588336,
0.00556943,
0,
0,
3.307073e-05,
0,
0,
6.556664e-06,
0.01021433,
0.0005852088,
0,
0.0001382401,
3.026361e-05,
0,
0,
3.080167e-06,
0.004881055,
0.008993686,
0.698931,
0,
0,
4.705817e-06,
0,
0.02853801,
0.002893297,
0.2284695,
0.01289986,
0,
0,
0.0007273803,
0,
0,
3.799391e-06,
0.02251692,
0.002087305,
0,
0.002658746,
0.0002601848,
0,
0,
3.08657e-06,
1.805776e-06,
4.347482e-06,
2028, 
0.1206848,
0,
0,
0.0006072724,
0,
0.05994158,
0.006784335,
0.4068823,
0.07739504,
0,
0,
0.009282609,
0,
0,
0.001361396,
0.1403461,
0.06319422,
0,
0.02494596,
0.01599819,
0,
0,
0.001780802,
0.07057665,
0.0002187028,
0.313327,
0,
0,
3.38451e-05,
0,
0.05781087,
0.006315768,
0.3542361,
0.04892395,
0,
0,
0.01110888,
0,
0,
0.0001259408,
0.06760459,
0.01467349,
0,
0.03889161,
0.03752157,
0,
0,
0.003479514,
0.04539594,
0.0005509816,
0.7209897,
0,
0,
2.382078e-05,
0,
0.02666984,
2.027516e-10,
0.2183657,
0.01273855,
0,
0,
2.550456e-09,
0,
0,
1.224114e-05,
0.01929715,
0.001667095,
0,
4.998987e-08,
3.591429e-07,
0,
0,
1.352794e-06,
1.522217e-06,
0.0002325692,
0.3932984,
0,
0,
0.002341652,
0,
0.06348167,
0.0004193978,
0.3938161,
0.04854091,
0,
0,
0.0003172695,
0,
0,
0.001301159,
0.07787654,
0.01731374,
0,
0.0007641078,
0.0002884489,
0,
0,
3.551375e-05,
0.0001650276,
4.007414e-05,
0.2062908,
0,
0,
0.001591153,
0,
0.04635275,
0.1155615,
0.2749435,
0.04020862,
0,
0,
0.05722732,
0,
0,
0.001199263,
0.07292828,
0.02273902,
0,
0.1190222,
0.02802439,
0,
0,
0.0008013414,
0.0003615917,
0.01274821,
0.6592008,
0,
0,
0.0001106213,
0,
0.02301622,
0.02108468,
0.2028317,
0.01044984,
0,
0,
0.007637915,
0,
0,
7.026977e-05,
0.02058837,
0.002234757,
0,
0.02691185,
0.00329535,
0,
0,
2.788986e-05,
0.0009111445,
0.02162862,
0.9919825,
0,
0,
5.876366e-09,
0,
0.0001836859,
3.898077e-08,
0.004677039,
1.280356e-05,
0,
0,
7.712747e-09,
0,
0,
9.091082e-11,
3.665546e-05,
6.73469e-08,
0,
1.16915e-07,
4.280581e-09,
0,
0,
3.175892e-12,
3.592368e-13,
0.003107064,
0.7733269,
0,
0,
5.85525e-06,
0,
0.02020198,
0.0001088197,
0.1820771,
0.008312122,
0,
0,
4.551051e-05,
0,
0,
3.545405e-06,
0.01460494,
0.001106132,
0,
0.0001803192,
2.580678e-05,
0,
0,
6.544616e-07,
2.015178e-07,
0,
0.8247514,
0,
0,
1.149091e-05,
0,
0.01399472,
0.0006213382,
0.145064,
0.004767654,
0,
0,
0.0001417222,
0,
0,
5.412981e-06,
0.009437491,
0.0005629034,
0,
0.0005761933,
6.261618e-05,
0,
0,
2.19862e-06,
8.569512e-07,
0,
0.2839708,
0,
0,
0.0001159168,
0,
0.06522812,
0.01894981,
0.3878098,
0.05860055,
0,
0,
0.01912928,
0,
0,
0.0002026489,
0.09746766,
0.02823181,
0,
0.02084776,
0.01902895,
0,
0,
0.0001627992,
0.0002536593,
5.287117e-07,
0.1048884,
0,
0,
4.915718e-05,
0,
0.06601408,
0.01241017,
0.3620999,
0.08698307,
0,
0,
0.01695273,
0,
0,
0.0003851074,
0.1518529,
0.0825305,
0,
0.0411698,
0.02945367,
0,
0,
0.004133321,
0.04004659,
0.0010306,
0.1344518,
0,
0,
0.0002082338,
0,
0.0675583,
0.007399185,
0.3764528,
0.08063172,
0,
0,
0.01138783,
0,
0,
0.0008532751,
0.1440615,
0.07031719,
0,
0.03285106,
0.02858758,
0,
0,
0.004731466,
0.03987356,
0.0006344928,
0.05016995,
0,
0,
0.001449543,
0,
0.04309424,
0.0006354336,
0.4904687,
0.07785976,
0,
0,
0.001312828,
0,
0,
0.00360208,
0.1949876,
0.1217012,
0,
0.003938718,
0.004031687,
0,
0,
0.002122307,
0.004578081,
4.788411e-05,
0.4609175,
0,
0,
3.555387e-05,
0,
0.05419967,
0.000869131,
0.3580565,
0.03685116,
0,
0,
0.001030166,
0,
0,
7.99883e-05,
0.06609926,
0.01343213,
0,
0.00421332,
0.002362507,
0,
0,
0.0001318383,
0.0008529912,
0.0008682638,
0.7375646,
0,
0,
1.500368e-05,
0,
0.01874096,
3.128203e-05,
0.1810395,
0.007424298,
0,
0,
4.02782e-05,
0,
0,
1.63115e-05,
0.01405657,
0.001127903,
0,
0.0003095577,
0.0001296841,
0,
0,
8.844989e-06,
7.454971e-05,
0.03942074,
0.5425158,
0,
0,
3.315111e-05,
0,
0.04515921,
1.103951e-05,
0.3244872,
0.0282723,
0,
0,
3.094474e-05,
0,
0,
4.714658e-05,
0.049839,
0.008300705,
0,
0.0001406386,
0.0001174776,
0,
0,
2.946941e-05,
3.028639e-05,
0.000985601,
0.972725,
0,
0,
9.947368e-12,
0,
0.0009726125,
4.427402e-13,
0.01552789,
0.000133529,
0,
0,
3.320171e-12,
0,
0,
3.121179e-12,
0.0002854701,
3.159193e-06,
0,
1.072826e-10,
1.00178e-10,
0,
0,
5.941516e-12,
2.056229e-12,
0.01035233,
0.6780387,
0,
0,
1.489985e-05,
0,
0.01317249,
0.07289487,
0.1316834,
0.004804999,
0,
0,
0.01219809,
0,
0,
9.360125e-06,
0.009449403,
0.0006408726,
0,
0.0443957,
0.001985555,
0,
0,
3.193363e-06,
0.02390065,
0.006807807,
0.04052262,
0,
0,
0.0006940067,
0,
0.04479221,
0.007519526,
0.4006561,
0.08457852,
0,
0,
0.009208159,
0,
0,
0.002024161,
0.179883,
0.1219952,
0,
0.01871176,
0.01058672,
0,
0,
0.002052956,
0.07446632,
0.002308711,
0.2473445,
0,
0,
0.0003501954,
0,
0.06370368,
0.002383874,
0.3857369,
0.05874335,
0,
0,
0.003572494,
0,
0,
0.0007429592,
0.1124383,
0.03982681,
0,
0.01242637,
0.009721484,
0,
0,
0.001377023,
0.05097579,
0.0106562,
0.6526416,
0,
0,
6.724985e-05,
0,
0.02482306,
0.0279648,
0.2134448,
0.01150226,
0,
0,
0.009093183,
0,
0,
4.634021e-05,
0.02180033,
0.002275635,
0,
0.03175433,
0.003641176,
0,
0,
1.608184e-05,
0.0001827282,
0.0007464773,
0.5825001,
0,
0,
2.06463e-06,
0,
0.004327085,
0.1292668,
0.05346329,
0.001130924,
0,
0,
0.0251027,
0,
0,
2.204556e-06,
0.002199068,
8.314888e-05,
0,
0.1655532,
0.01373431,
0,
0,
2.661317e-06,
0.0226277,
4.75857e-06,
0.08704045,
0,
0,
0.0001840204,
0,
0.07598207,
0.003857205,
0.4060629,
0.1139518,
0,
0,
0.005679165,
0,
0,
0.0009201556,
0.1773202,
0.1016571,
0,
0.009925691,
0.006235383,
0,
0,
0.001359161,
0.009806849,
1.770184e-05,
0.1935699,
0,
0,
0.001062362,
0,
0.07708002,
0.002589175,
0.4363927,
0.08386873,
0,
0,
0.003651376,
0,
0,
0.001661543,
0.1363095,
0.051677,
0,
0.006848131,
0.003796104,
0,
0,
0.0007827488,
0.0005613112,
0.0001494343,
0.7955917,
0,
0,
3.663557e-05,
0,
0.01545139,
0.0001160413,
0.1581818,
0.005491373,
0,
0,
7.114671e-05,
0,
0,
1.516528e-05,
0.01021902,
0.0006293799,
0,
0.0002978574,
6.578593e-05,
0,
0,
4.379102e-06,
0.004953198,
0.008875073,
0.7050922,
0,
0,
7.26485e-06,
0,
0.02678487,
0.002549959,
0.2252247,
0.01240785,
0,
0,
0.000768994,
0,
0,
6.240596e-06,
0.02202867,
0.002086792,
0,
0.002733762,
0.0002990169,
0,
0,
4.56396e-06,
2.63878e-06,
2.476333e-06,
2029, 
0.1233315,
0,
0,
0.000931324,
0,
0.05830699,
0.006700963,
0.4042137,
0.07707608,
0,
0,
0.009717291,
0,
0,
0.002366076,
0.1396959,
0.06453678,
0,
0.02579927,
0.01721929,
0,
0,
0.002400819,
0.06750518,
0.0001987379,
0.3211874,
0,
0,
4.686962e-05,
0,
0.05576336,
0.005666895,
0.3536854,
0.04840037,
0,
0,
0.01075043,
0,
0,
0.0002000781,
0.0671313,
0.01501045,
0,
0.03782582,
0.0373886,
0,
0,
0.003539297,
0.04291764,
0.0004861351,
0.7313973,
0,
0,
3.404334e-05,
0,
0.02487884,
2.024083e-10,
0.211433,
0.01204158,
0,
0,
2.88179e-09,
0,
0,
1.860329e-05,
0.01839237,
0.001605783,
0,
5.497087e-08,
3.960571e-07,
0,
0,
1.466097e-06,
1.73349e-06,
0.0001948099,
0.3948233,
0,
0,
0.003756249,
0,
0.06133972,
0.0004561641,
0.3910821,
0.04817425,
0,
0,
0.0003923229,
0,
0,
0.00226436,
0.07792666,
0.01810706,
0,
0.0009375014,
0.0003756177,
0,
0,
4.848091e-05,
0.0002839655,
3.232173e-05,
0.2068218,
0,
0,
0.002590616,
0,
0.04502289,
0.1112752,
0.2736549,
0.04007702,
0,
0,
0.05737314,
0,
0,
0.002128374,
0.07307456,
0.02369689,
0,
0.119382,
0.02962475,
0,
0,
0.001177344,
0.0006541922,
0.01344632,
0.6631091,
0,
0,
0.0001668591,
0,
0.02188175,
0.02028648,
0.2009342,
0.01032432,
0,
0,
0.007656009,
0,
0,
0.0001191146,
0.02058253,
0.002438447,
0,
0.02694106,
0.003481155,
0,
0,
4.463875e-05,
0.0009040799,
0.02113029,
0.9924302,
0,
0,
6.063305e-09,
0,
0.0001663222,
4.171475e-08,
0.004388845,
1.196563e-05,
0,
0,
8.529152e-09,
0,
0,
1.073389e-10,
3.440425e-05,
7.331952e-08,
0,
1.271085e-07,
4.684359e-09,
0,
0,
3.524592e-12,
4.502887e-13,
0.002967984,
0.7825539,
0,
0,
7.80562e-06,
0,
0.01874592,
0.000128769,
0.1754814,
0.007810607,
0,
0,
6.0444e-05,
0,
0,
5.139926e-06,
0.01385684,
0.001062693,
0,
0.0002479485,
3.732679e-05,
0,
0,
9.000074e-07,
3.28457e-07,
0,
0.8305715,
0,
0,
1.498528e-05,
0,
0.01307547,
0.0006373472,
0.1405553,
0.004532568,
0,
0,
0.0001569421,
0,
0,
7.044991e-06,
0.009119632,
0.0005681434,
0,
0.0006736232,
8.325831e-05,
0,
0,
2.860944e-06,
1.278833e-06,
0,
0.2928432,
0,
0,
0.0001522109,
0,
0.06305667,
0.01780405,
0.3862516,
0.05761119,
0,
0,
0.01816143,
0,
0,
0.0002893685,
0.09618958,
0.02826416,
0,
0.02071627,
0.01809461,
0,
0,
0.0002491153,
0.0003159834,
5.220182e-07,
0.1042616,
0,
0,
6.897745e-05,
0,
0.06381826,
0.01232054,
0.3591224,
0.08643351,
0,
0,
0.01765668,
0,
0,
0.0006325871,
0.1512036,
0.08444663,
0,
0.04261347,
0.03154506,
0,
0,
0.005392664,
0.03950579,
0.0009781697,
0.1329973,
0,
0,
0.0003028945,
0,
0.0653026,
0.007313563,
0.3739202,
0.08058128,
0,
0,
0.01151445,
0,
0,
0.001439934,
0.14449,
0.07334589,
0,
0.03326105,
0.02959973,
0,
0,
0.005763277,
0.03959428,
0.0005734992,
0.04945484,
0,
0,
0.002091242,
0,
0.0415167,
0.000717916,
0.4807875,
0.07769067,
0,
0,
0.001696491,
0,
0,
0.005937518,
0.1932797,
0.1246044,
0,
0.004903596,
0.005573403,
0,
0,
0.003507938,
0.00819067,
4.72992e-05,
0.4644803,
0,
0,
4.707194e-05,
0,
0.05227793,
0.000835399,
0.3562658,
0.03657696,
0,
0,
0.001053623,
0,
0,
0.0001190355,
0.06591969,
0.01389755,
0,
0.004291196,
0.002478751,
0,
0,
0.0001732807,
0.0008094626,
0.0007739634,
0.7421091,
0,
0,
2.064828e-05,
0,
0.01790292,
3.33191e-05,
0.179761,
0.007385031,
0,
0,
4.685673e-05,
0,
0,
2.581994e-05,
0.014176,
0.001261675,
0,
0.0003456556,
0.0001547916,
0,
0,
1.279727e-05,
6.273424e-05,
0.03670172,
0.5513883,
0,
0,
4.653291e-05,
0,
0.04289131,
1.534827e-05,
0.3196961,
0.02737574,
0,
0,
4.770101e-05,
0,
0,
7.637562e-05,
0.04875338,
0.008370084,
0,
0.0002179949,
0.000185635,
0,
0,
4.595749e-05,
4.990706e-05,
0.000839609,
0.9745868,
0,
0,
9.964982e-12,
0,
0.0008753777,
4.703474e-13,
0.01432402,
0.0001230913,
0,
0,
3.535095e-12,
0,
0,
3.256414e-12,
0.0002648981,
2.964548e-06,
0,
1.139371e-10,
1.063767e-10,
0,
0,
6.336505e-12,
2.196089e-12,
0.009822831,
0.6899583,
0,
0,
2.193232e-05,
0,
0.01242252,
0.06828399,
0.1299398,
0.004677556,
0,
0,
0.01154183,
0,
0,
1.513516e-05,
0.009281136,
0.0006614701,
0,
0.04203748,
0.001921459,
0,
0,
4.288501e-06,
0.02294276,
0.006290358,
0.04018841,
0,
0,
0.001038534,
0,
0.0430766,
0.008857946,
0.3933611,
0.0834714,
0,
0,
0.01173057,
0,
0,
0.003582187,
0.1773804,
0.1229305,
0,
0.02309508,
0.01369261,
0,
0,
0.003052167,
0.07237443,
0.002168097,
0.2451843,
0,
0,
0.0005054902,
0,
0.06177125,
0.002561904,
0.3840978,
0.0590036,
0,
0,
0.004145341,
0,
0,
0.001228842,
0.1131497,
0.04186236,
0,
0.01400335,
0.01124953,
0,
0,
0.001993428,
0.04952377,
0.009719362,
0.6579028,
0,
0,
0.0001053203,
0,
0.02365053,
0.02771714,
0.2110485,
0.0113087,
0,
0,
0.009050835,
0,
0,
8.200365e-05,
0.02163236,
0.002397087,
0,
0.0306671,
0.003488373,
0,
0,
2.321982e-05,
0.0001894522,
0.0007365998,
0.5898554,
0,
0,
2.294251e-06,
0,
0.004000558,
0.1291651,
0.05242113,
0.001110629,
0,
0,
0.02485359,
0,
0,
2.654275e-06,
0.002187917,
9.520245e-05,
0,
0.1617388,
0.01288744,
0,
0,
2.553736e-06,
0.02167316,
3.526463e-06,
0.08663186,
0,
0,
0.0002747074,
0,
0.07347865,
0.004858905,
0.4014178,
0.1125393,
0,
0,
0.007701028,
0,
0,
0.001626933,
0.1752954,
0.1022086,
0,
0.01321703,
0.008402479,
0,
0,
0.00197698,
0.01035353,
1.67522e-05,
0.1910859,
0,
0,
0.001743681,
0,
0.07428097,
0.004231658,
0.4294552,
0.08255659,
0,
0,
0.006369473,
0,
0,
0.003028373,
0.1344671,
0.05223192,
0,
0.01171299,
0.006473915,
0,
0,
0.001310451,
0.0009572067,
9.456907e-05,
0.7997229,
0,
0,
5.512236e-05,
0,
0.0146038,
0.0001556141,
0.1551504,
0.00533528,
0,
0,
9.921291e-05,
0,
0,
2.472875e-05,
0.01006509,
0.0006648022,
0,
0.0004206692,
9.455613e-05,
0,
0,
5.468321e-06,
0.004983309,
0.0086191,
0.7152078,
0,
0,
9.506951e-06,
0,
0.02507185,
0.002312342,
0.2185114,
0.01176021,
0,
0,
0.0007920309,
0,
0,
8.75538e-06,
0.02116961,
0.002044919,
0,
0.002771683,
0.0003284306,
0,
0,
5.837224e-06,
3.475092e-06,
2.165655e-06,
2030, 
0.127742,
0,
0,
0.001265277,
0,
0.05696514,
0.006693736,
0.4014238,
0.07721028,
0,
0,
0.01002465,
0,
0,
0.003583809,
0.1392136,
0.06575231,
0,
0.02656002,
0.01833482,
0,
0,
0.003049933,
0.0620039,
0.0001767558,
0.3321058,
0,
0,
5.926001e-05,
0,
0.05395859,
0.00526176,
0.3524184,
0.04804532,
0,
0,
0.01019871,
0,
0,
0.0002790025,
0.0666536,
0.01528711,
0,
0.03638422,
0.03662936,
0,
0,
0.003547184,
0.03874729,
0.0004243977,
0.7440313,
0,
0,
4.362143e-05,
0,
0.02320473,
2.015436e-10,
0.2023838,
0.0112975,
0,
0,
3.076353e-09,
0,
0,
2.513079e-05,
0.01733009,
0.001522804,
0,
5.797603e-08,
4.202073e-07,
0,
0,
1.532599e-06,
1.918319e-06,
0.0001570487,
0.3993035,
0,
0,
0.005208562,
0,
0.0591036,
0.0005179526,
0.386025,
0.04760833,
0,
0,
0.0004614803,
0,
0,
0.003369514,
0.07752817,
0.01879642,
0,
0.001105856,
0.0004544131,
0,
0,
5.994976e-05,
0.0004253987,
3.187417e-05,
0.209242,
0,
0,
0.003650305,
0,
0.0438604,
0.1065078,
0.2719772,
0.04004913,
0,
0,
0.05675943,
0,
0,
0.003243975,
0.07319112,
0.02462844,
0,
0.1189856,
0.03111685,
0,
0,
0.001594794,
0.001012587,
0.01418039,
0.6692557,
0,
0,
0.0002177502,
0,
0.02082591,
0.01948994,
0.1976277,
0.01017906,
0,
0,
0.007535201,
0,
0,
0.0001682896,
0.02047605,
0.002631663,
0,
0.02667873,
0.00362295,
0,
0,
6.157235e-05,
0.0008918539,
0.02033764,
0.9930592,
0,
0,
6.097536e-09,
0,
0.0001514008,
4.382032e-08,
0.004058498,
1.104834e-05,
0,
0,
9.243712e-09,
0,
0,
1.204387e-10,
3.178171e-05,
7.748084e-08,
0,
1.355185e-07,
5.018431e-09,
0,
0,
3.825675e-12,
5.354914e-13,
0.002687837,
0.7935787,
0,
0,
9.54723e-06,
0,
0.01742079,
0.0001473926,
0.1671123,
0.007288883,
0,
0,
7.340564e-05,
0,
0,
6.723963e-06,
0.01300144,
0.001005101,
0,
0.0003068261,
4.733066e-05,
0,
0,
1.11558e-06,
4.644518e-07,
0,
0.8381594,
0,
0,
1.827334e-05,
0,
0.0122025,
0.0006496524,
0.1343965,
0.004268467,
0,
0,
0.0001695008,
0,
0,
8.613431e-06,
0.00869801,
0.0005642333,
0,
0.0007581532,
0.0001015407,
0,
0,
3.431284e-06,
1.681128e-06,
0,
0.304925,
0,
0,
0.0001875392,
0,
0.06094671,
0.01662124,
0.382621,
0.05655743,
0,
0,
0.01712009,
0,
0,
0.000370932,
0.09441026,
0.0279963,
0,
0.02042126,
0.01710414,
0,
0,
0.0003333643,
0.0003842119,
5.153033e-07,
0.1046638,
0,
0,
9.029424e-05,
0,
0.06182691,
0.01216012,
0.3557707,
0.08617879,
0,
0,
0.01827257,
0,
0,
0.0009636016,
0.1505373,
0.08615929,
0,
0.04404039,
0.03371782,
0,
0,
0.006804523,
0.03791314,
0.0009007041,
0.1330283,
0,
0,
0.0004102739,
0,
0.06327566,
0.007164765,
0.3710181,
0.08084272,
0,
0,
0.01144494,
0,
0,
0.002242689,
0.1449979,
0.07643795,
0,
0.03317516,
0.03020514,
0,
0,
0.006843029,
0.03840277,
0.0005105914,
0.04952909,
0,
0,
0.002762191,
0,
0.04026884,
0.0007852594,
0.4687077,
0.07790786,
0,
0,
0.002074712,
0,
0,
0.008802975,
0.191052,
0.1269786,
0,
0.005863142,
0.007276868,
0,
0,
0.005182721,
0.01276128,
4.671241e-05,
0.4711026,
0,
0,
5.844072e-05,
0,
0.05031202,
0.0008233929,
0.3522213,
0.03616207,
0,
0,
0.001057632,
0,
0,
0.0001621782,
0.06529456,
0.01424554,
0,
0.004321345,
0.002552273,
0,
0,
0.0002117744,
0.000791436,
0.0006834654,
0.750333,
0,
0,
2.593421e-05,
0,
0.01710526,
3.490425e-05,
0.1771681,
0.007314517,
0,
0,
5.215986e-05,
0,
0,
3.566365e-05,
0.01420152,
0.0013885,
0,
0.0003745202,
0.0001762411,
0,
0,
1.645286e-05,
6.399956e-05,
0.0317092,
0.562691,
0,
0,
5.953433e-05,
0,
0.04077081,
1.907057e-05,
0.3127114,
0.02644793,
0,
0,
6.194548e-05,
0,
0,
0.0001089573,
0.04740399,
0.008360327,
0,
0.0002847941,
0.0002472328,
0,
0,
6.173176e-05,
7.184725e-05,
0.0006994426,
0.9767578,
0,
0,
9.89017e-12,
0,
0.00079271,
4.93149e-13,
0.01301807,
0.0001122321,
0,
0,
3.723521e-12,
0,
0,
3.327764e-12,
0.0002419655,
2.731235e-06,
0,
1.194634e-10,
1.112031e-10,
0,
0,
6.615581e-12,
2.301866e-12,
0.009074513,
0.7046663,
0,
0,
2.848213e-05,
0,
0.01173544,
0.06367902,
0.1269202,
0.004529663,
0,
0,
0.01084686,
0,
0,
2.125317e-05,
0.009032696,
0.0006753298,
0,
0.03959152,
0.001853231,
0,
0,
5.363013e-06,
0.02077069,
0.005643923,
0.04057461,
0,
0,
0.001399242,
0,
0.04171838,
0.01019976,
0.3856211,
0.08289079,
0,
0,
0.01448058,
0,
0,
0.005550214,
0.1748847,
0.1233531,
0,
0.02792902,
0.0171461,
0,
0,
0.004132093,
0.06815206,
0.001968329,
0.2451329,
0,
0,
0.0006650469,
0,
0.05997531,
0.002739348,
0.3811304,
0.05934411,
0,
0,
0.004872489,
0,
0,
0.001817057,
0.1135921,
0.04383071,
0,
0.01585916,
0.01297107,
0,
0,
0.002688948,
0.04676703,
0.008614331,
0.6655793,
0,
0,
0.0001419163,
0,
0.02247146,
0.02698571,
0.2068553,
0.0110571,
0,
0,
0.008818437,
0,
0,
0.0001216786,
0.02130073,
0.002504371,
0,
0.02982082,
0.003390481,
0,
0,
3.031608e-05,
0.0001957059,
0.0007266907,
0.6066872,
0,
0,
2.509482e-06,
0,
0.003755823,
0.1248097,
0.05158835,
0.001100698,
0,
0,
0.02373192,
0,
0,
3.121439e-06,
0.002190033,
0.0001079571,
0,
0.154438,
0.01196357,
0,
0,
2.447091e-06,
0.01961635,
2.294254e-06,
0.08690356,
0,
0,
0.0003682729,
0,
0.07097273,
0.005874693,
0.3957738,
0.1112521,
0,
0,
0.009890393,
0,
0,
0.002520012,
0.1729579,
0.1022859,
0,
0.01686557,
0.01082138,
0,
0,
0.002630519,
0.01086775,
1.539295e-05,
0.1887671,
0,
0,
0.002482504,
0,
0.07147532,
0.006075618,
0.4200633,
0.08121344,
0,
0,
0.00963956,
0,
0,
0.004754717,
0.132101,
0.05252684,
0,
0.01769612,
0.009754329,
0,
0,
0.001927848,
0.001474712,
4.756514e-05,
0.8058653,
0,
0,
7.236755e-05,
0,
0.01376905,
0.0001932471,
0.1504388,
0.005141004,
0,
0,
0.0001246301,
0,
0,
3.467426e-05,
0.009814559,
0.0006945307,
0,
0.0005319169,
0.000120756,
0,
0,
6.49179e-06,
0.004971497,
0.008221163,
0.7275883,
0,
0,
1.156212e-05,
0,
0.02346009,
0.002290702,
0.2094967,
0.01106341,
0,
0,
0.0007986798,
0,
0,
1.124716e-05,
0.02010458,
0.001972432,
0,
0.002837104,
0.0003520131,
0,
0,
6.979178e-06,
4.31078e-06,
1.915127e-06,
2031, 
0.1326034,
0,
0,
0.001628303,
0,
0.05542749,
0.006529038,
0.3986406,
0.07749993,
0,
0,
0.0101222,
0,
0,
0.005023252,
0.1388897,
0.06714407,
0,
0.02677242,
0.01917905,
0,
0,
0.003761628,
0.05662569,
0.0001531926,
0.3438074,
0,
0,
7.181439e-05,
0,
0.05209386,
0.004871628,
0.3515838,
0.04784527,
0,
0,
0.009540866,
0,
0,
0.0003657202,
0.06641185,
0.01565741,
0,
0.03433327,
0.03502385,
0,
0,
0.003472822,
0.03455506,
0.0003654188,
0.7562015,
0,
0,
5.360477e-05,
0,
0.02163577,
2.003774e-10,
0.1935791,
0.0106035,
0,
0,
3.265896e-09,
0,
0,
3.250939e-05,
0.0163298,
0.00144238,
0,
6.071433e-08,
4.380738e-07,
0,
0,
1.560645e-06,
2.102111e-06,
0.0001176715,
0.404232,
0,
0,
0.0067718,
0,
0.05666094,
0.0005692685,
0.3804298,
0.04700631,
0,
0,
0.000525003,
0,
0,
0.004644193,
0.07710829,
0.0195595,
0,
0.001261282,
0.0005304326,
0,
0,
7.137238e-05,
0.0006016276,
2.813469e-05,
0.2105082,
0,
0,
0.004809589,
0,
0.04216941,
0.1032685,
0.2680827,
0.03975305,
0,
0,
0.0568498,
0,
0,
0.004559764,
0.07285473,
0.02556405,
0,
0.1198989,
0.03292402,
0,
0,
0.002070779,
0.001461305,
0.01522517,
0.6750076,
0,
0,
0.0002685473,
0,
0.0198411,
0.01852665,
0.1948428,
0.01009888,
0,
0,
0.007365923,
0,
0,
0.0002205513,
0.02050848,
0.002859815,
0,
0.02617839,
0.0037544,
0,
0,
8.06451e-05,
0.0008578441,
0.01958834,
0.9936525,
0,
0,
6.058024e-09,
0,
0.0001382077,
4.428181e-08,
0.003777236,
1.016095e-05,
0,
0,
9.609301e-09,
0,
0,
1.305783e-10,
2.920478e-05,
7.944023e-08,
0,
1.38905e-07,
5.155307e-09,
0,
0,
3.960848e-12,
6.201138e-13,
0.002392356,
0.8041525,
0,
0,
1.133853e-05,
0,
0.01619712,
0.0001721442,
0.1589733,
0.006808296,
0,
0,
8.767853e-05,
0,
0,
8.490229e-06,
0.01221094,
0.0009513465,
0,
0.0003676575,
5.719867e-05,
0,
0,
1.328401e-06,
6.406796e-07,
0,
0.8457,
0,
0,
2.156342e-05,
0,
0.01137379,
0.00066012,
0.1282334,
0.004014222,
0,
0,
0.0001814465,
0,
0,
1.024598e-05,
0.008281836,
0.0005596925,
0,
0.0008383723,
0.0001192472,
0,
0,
3.95582e-06,
2.100291e-06,
0,
0.3181875,
0,
0,
0.0002229234,
0,
0.05858793,
0.01543589,
0.3783912,
0.05543865,
0,
0,
0.01606247,
0,
0,
0.000456795,
0.0924825,
0.02768372,
0,
0.02007872,
0.01608951,
0,
0,
0.0004201715,
0.0004614994,
4.917096e-07,
0.1051855,
0,
0,
0.0001154444,
0,
0.05964412,
0.01177074,
0.3524845,
0.08604983,
0,
0,
0.01867674,
0,
0,
0.001404385,
0.1500125,
0.08811145,
0,
0.04494646,
0.03568685,
0,
0,
0.008379804,
0.03671857,
0.000813055,
0.1333171,
0,
0,
0.0005469526,
0,
0.06105681,
0.006877829,
0.3682341,
0.0812163,
0,
0,
0.01112169,
0,
0,
0.00333148,
0.1456973,
0.07991653,
0,
0.03232302,
0.0301274,
0,
0,
0.007969017,
0.03781518,
0.0004492425,
0.04979501,
0,
0,
0.003504642,
0,
0.03895742,
0.0008365214,
0.4550014,
0.07830908,
0,
0,
0.002403882,
0,
0,
0.01230069,
0.1885209,
0.1294122,
0,
0.00668162,
0.008841567,
0,
0,
0.006873326,
0.01851564,
4.61249e-05,
0.4784407,
0,
0,
7.011449e-05,
0,
0.04818956,
0.0008056397,
0.3477395,
0.03572806,
0,
0,
0.001046257,
0,
0,
0.000212317,
0.06461314,
0.01461507,
0,
0.004276634,
0.002576772,
0,
0,
0.000250435,
0.0008350419,
0.0006007202,
0.7582569,
0,
0,
3.133934e-05,
0,
0.01632893,
3.621252e-05,
0.1747105,
0.007266776,
0,
0,
5.697617e-05,
0,
0,
4.666294e-05,
0.01427183,
0.001529761,
0,
0.0003996518,
0.0001958842,
0,
0,
2.013936e-05,
6.618883e-05,
0.02678227,
0.5736777,
0,
0,
7.324864e-05,
0,
0.038683,
2.274001e-05,
0.3056677,
0.02561656,
0,
0,
7.547905e-05,
0,
0,
0.0001474302,
0.0462091,
0.008401673,
0,
0.000347942,
0.0003058378,
0,
0,
7.781931e-05,
9.819366e-05,
0.0005955233,
0.9789619,
0,
0,
9.788938e-12,
0,
0.0007220495,
4.889436e-13,
0.01190385,
0.0001021306,
0,
0,
3.691993e-12,
0,
0,
3.297848e-12,
0.0002202291,
2.482761e-06,
0,
1.184443e-10,
1.10252e-10,
0,
0,
6.559226e-12,
2.282578e-12,
0.008087324,
0.7199661,
0,
0,
3.534025e-05,
0,
0.01111117,
0.05841328,
0.12435,
0.004408219,
0,
0,
0.01005269,
0,
0,
2.829523e-05,
0.008832535,
0.0006946015,
0,
0.03673016,
0.001772396,
0,
0,
6.565918e-06,
0.01859874,
0.004999991,
0.04112748,
0,
0,
0.001816272,
0,
0.04021314,
0.01151947,
0.3766046,
0.08233306,
0,
0,
0.01735601,
0,
0,
0.008050794,
0.1719654,
0.1234913,
0,
0.03299641,
0.02085922,
0,
0,
0.005304528,
0.06460281,
0.001759615,
0.245005,
0,
0,
0.0008372849,
0,
0.05794997,
0.002950606,
0.377443,
0.05967722,
0,
0,
0.005776283,
0,
0,
0.002515351,
0.1138996,
0.04588949,
0,
0.01806164,
0.01492948,
0,
0,
0.0034957,
0.04404918,
0.007520273,
0.6739076,
0,
0,
0.0001814739,
0,
0.02133005,
0.02549898,
0.2030711,
0.01085164,
0,
0,
0.008438988,
0,
0,
0.0001689199,
0.02106304,
0.002639798,
0,
0.02859923,
0.003351092,
0,
0,
3.825618e-05,
0.0001975326,
0.0006622938,
0.6309249,
0,
0,
2.69199e-06,
0,
0.003580979,
0.1165733,
0.05169626,
0.001111181,
0,
0,
0.02201491,
0,
0,
3.614099e-06,
0.002234933,
0.0001242354,
0,
0.1432868,
0.0108822,
0,
0,
2.322237e-06,
0.01755954,
2.025087e-06,
0.08732002,
0,
0,
0.0004720684,
0,
0.06812906,
0.006836214,
0.3898176,
0.1099864,
0,
0,
0.0120222,
0,
0,
0.003633278,
0.1705651,
0.1024512,
0,
0.02045091,
0.01324636,
0,
0,
0.003291532,
0.01176352,
1.452867e-05,
0.1854784,
0,
0,
0.003305505,
0,
0.06829941,
0.008153985,
0.4091737,
0.07973418,
0,
0,
0.0134524,
0,
0,
0.006838734,
0.1294347,
0.05283988,
0,
0.0247521,
0.01368238,
0,
0,
0.002678714,
0.002144253,
3.16247e-05,
0.8120018,
0,
0,
9.048637e-05,
0,
0.01296103,
0.0002307636,
0.1457893,
0.004957553,
0,
0,
0.0001496678,
0,
0,
4.60049e-05,
0.009590122,
0.0007304628,
0,
0.0006410796,
0.0001462486,
0,
0,
7.507863e-06,
0.004918019,
0.007740028,
0.740188,
0,
0,
1.363438e-05,
0,
0.02191504,
0.002208307,
0.2003069,
0.01039707,
0,
0,
0.0007860172,
0,
0,
1.394264e-05,
0.01905677,
0.001899145,
0,
0.002831896,
0.0003683279,
0,
0,
8.095035e-06,
5.254432e-06,
1.536181e-06,
2032, 
0.1374661,
0,
0,
0.001994015,
0,
0.05366953,
0.006253888,
0.395951,
0.07797103,
0,
0,
0.01004909,
0,
0,
0.006643023,
0.1389024,
0.06883435,
0,
0.02653531,
0.01973401,
0,
0,
0.004474798,
0.05139597,
0.0001254547,
0.354802,
0,
0,
8.300923e-05,
0,
0.05023057,
0.004604185,
0.3510649,
0.04788533,
0,
0,
0.008964762,
0,
0,
0.0004559285,
0.06658816,
0.01619487,
0,
0.03222492,
0.03292372,
0,
0,
0.003313975,
0.03036761,
0.0002961493,
0.7663901,
0,
0,
6.30938e-05,
0,
0.02034263,
1.977536e-10,
0.1860342,
0.01007785,
0,
0,
3.453813e-09,
0,
0,
4.051701e-05,
0.0155785,
0.001390241,
0,
6.327038e-08,
4.532644e-07,
0,
0,
1.576815e-06,
2.325188e-06,
7.841507e-05,
0.4089142,
0,
0,
0.008323107,
0,
0.05414289,
0.0006079215,
0.3747454,
0.04648932,
0,
0,
0.0005763092,
0,
0,
0.006029979,
0.07684717,
0.02042439,
0,
0.001387494,
0.0005936817,
0,
0,
8.103638e-05,
0.0008129437,
2.409555e-05,
0.2116809,
0,
0,
0.005968,
0,
0.04047596,
0.09918234,
0.2645441,
0.03958586,
0,
0,
0.05667489,
0,
0,
0.005999143,
0.07278161,
0.02664971,
0,
0.1203708,
0.03478336,
0,
0,
0.002605012,
0.001993502,
0.01670482,
0.679581,
0,
0,
0.0003152655,
0,
0.01903254,
0.01755918,
0.1930312,
0.01014187,
0,
0,
0.00720216,
0,
0,
0.0002731403,
0.0207845,
0.00313151,
0,
0.02562529,
0.003889143,
0,
0,
0.0001011167,
0.0008197706,
0.01851224,
0.994204,
0,
0,
5.980441e-09,
0,
0.0001321274,
4.448838e-08,
0.00364998,
9.82697e-06,
0,
0,
9.928582e-09,
0,
0,
1.403866e-10,
2.818173e-05,
8.114711e-08,
0,
1.415472e-07,
5.266445e-09,
0,
0,
4.078241e-12,
7.264696e-13,
0.001975578,
0.8130845,
0,
0,
1.309411e-05,
0,
0.01520075,
0.0001939296,
0.1519213,
0.006445618,
0,
0,
0.0001007236,
0,
0,
1.043077e-05,
0.01161997,
0.0009179002,
0,
0.0004230888,
6.630558e-05,
0,
0,
1.535061e-06,
8.689981e-07,
0,
0.8522122,
0,
0,
2.448198e-05,
0,
0.01069413,
0.0006584474,
0.1228195,
0.003820296,
0,
0,
0.0001901851,
0,
0,
1.186086e-05,
0.007963793,
0.0005611161,
0,
0.0009022394,
0.0001347869,
0,
0,
4.432953e-06,
2.527008e-06,
0,
0.3317961,
0,
0,
0.0002519006,
0,
0.05608987,
0.01419294,
0.3739504,
0.05439364,
0,
0,
0.01494283,
0,
0,
0.0005378221,
0.09071388,
0.02746615,
0,
0.01959584,
0.01501195,
0,
0,
0.0005022053,
0.000553998,
4.310929e-07,
0.1055229,
0,
0,
0.0001403632,
0,
0.05724182,
0.01129223,
0.3489055,
0.08602344,
0,
0,
0.0190207,
0,
0,
0.001917795,
0.1496145,
0.09028883,
0,
0.04570718,
0.03766174,
0,
0,
0.0100758,
0.0358999,
0.0006872449,
0.1336749,
0,
0,
0.0006895652,
0,
0.05869078,
0.006484563,
0.3656777,
0.08177382,
0,
0,
0.0106126,
0,
0,
0.004610876,
0.1466526,
0.08366106,
0,
0.0309095,
0.02950546,
0,
0,
0.009051919,
0.03762667,
0.0003780258,
0.05014431,
0,
0,
0.004244545,
0,
0.03757885,
0.0008751224,
0.4398227,
0.07882056,
0,
0,
0.002713286,
0,
0,
0.01626119,
0.1857225,
0.1317352,
0,
0.007455343,
0.01047,
0,
0,
0.008854283,
0.02526131,
4.082709e-05,
0.4856323,
0,
0,
8.029673e-05,
0,
0.04605543,
0.0007794658,
0.3432246,
0.03538577,
0,
0,
0.001022731,
0,
0,
0.0002670026,
0.06408755,
0.01505014,
0,
0.004179326,
0.002565972,
0,
0,
0.0002862455,
0.0008873508,
0.0004957499,
0.765563,
0,
0,
3.639105e-05,
0,
0.01569828,
3.607929e-05,
0.1731337,
0.007300449,
0,
0,
6.007748e-05,
0,
0,
5.848088e-05,
0.01448992,
0.001690601,
0,
0.0004107464,
0.0002097141,
0,
0,
2.365097e-05,
6.884305e-05,
0.02122006,
0.5831354,
0,
0,
8.620284e-05,
0,
0.03675553,
2.602921e-05,
0.2993677,
0.02498633,
0,
0,
8.793879e-05,
0,
0,
0.000190575,
0.04537711,
0.008534659,
0,
0.0004057574,
0.0003592923,
0,
0,
9.310182e-05,
0.0001287237,
0.0004656069,
0.9809247,
0,
0,
9.620207e-12,
0,
0.0006886369,
4.8196e-13,
0.01129602,
9.784862e-05,
0,
0,
3.639645e-12,
0,
0,
3.248093e-12,
0.0002107496,
2.392063e-06,
0,
1.167519e-10,
1.086724e-10,
0,
0,
6.465642e-12,
2.250466e-12,
0.006779714,
0.7347294,
0,
0,
4.196586e-05,
0,
0.01066124,
0.05269281,
0.122934,
0.004367158,
0,
0,
0.009186964,
0,
0,
3.598889e-05,
0.008787081,
0.0007285388,
0,
0.03358414,
0.001682343,
0,
0,
7.885755e-06,
0.01642696,
0.004133559,
0.04173743,
0,
0,
0.002251852,
0,
0.03857558,
0.0128706,
0.3663523,
0.08181578,
0,
0,
0.02053084,
0,
0,
0.01096014,
0.1687057,
0.1232976,
0,
0.03856996,
0.02495672,
0,
0,
0.006566754,
0.06136553,
0.001443259,
0.2444403,
0,
0,
0.001005726,
0,
0.05580756,
0.003209133,
0.3733987,
0.06011029,
0,
0,
0.006854389,
0,
0,
0.003302157,
0.1142935,
0.04807653,
0,
0.02065277,
0.01714204,
0,
0,
0.004387834,
0.041142,
0.006177099,
0.6810511,
0,
0,
0.0002213807,
0,
0.02037626,
0.02374013,
0.2004083,
0.01078052,
0,
0,
0.008002419,
0,
0,
0.0002226799,
0.02108105,
0.002823249,
0,
0.02716539,
0.003310107,
0,
0,
4.671568e-05,
0.0001978669,
0.0005728565,
0.6540987,
0,
0,
2.854526e-06,
0,
0.0034739,
0.1072763,
0.0525578,
0.001147956,
0,
0,
0.02037207,
0,
0,
4.137968e-06,
0.002337196,
0.0001456321,
0,
0.1327892,
0.01028723,
0,
0,
2.407907e-06,
0.01550282,
1.73435e-06,
0.08769523,
0,
0,
0.0005771023,
0,
0.06499699,
0.007726311,
0.3834647,
0.1087833,
0,
0,
0.01409778,
0,
0,
0.004924701,
0.1682636,
0.1028511,
0,
0.02397331,
0.01565893,
0,
0,
0.003944448,
0.01302991,
1.257292e-05,
0.1809937,
0,
0,
0.00415682,
0,
0.06485174,
0.01034111,
0.3971345,
0.07825284,
0,
0,
0.01764155,
0,
0,
0.009221083,
0.1267616,
0.05333098,
0,
0.03259737,
0.01814149,
0,
0,
0.003557009,
0.002991084,
2.708445e-05,
0.8178576,
0,
0,
0.0001079944,
0,
0.01229184,
0.0002629914,
0.1419701,
0.004835757,
0,
0,
0.0001718586,
0,
0,
5.820212e-05,
0.009479063,
0.0007775008,
0,
0.0007376005,
0.0001689796,
0,
0,
8.458889e-06,
0.004611456,
0.006660515,
0.7516707,
0,
0,
1.551393e-05,
0,
0.02058211,
0.002090365,
0.1917914,
0.009857234,
0,
0,
0.0007607319,
0,
0,
1.67114e-05,
0.01819516,
0.00184834,
0,
0.002777079,
0.0003780377,
0,
0,
9.10927e-06,
6.322465e-06,
1.126856e-06,
2033, 
0.1427384,
0,
0,
0.002360408,
0,
0.05164369,
0.005937865,
0.3929639,
0.078473,
0,
0,
0.009901514,
0,
0,
0.008437388,
0.1389657,
0.07070006,
0,
0.0261104,
0.02016362,
0,
0,
0.005197817,
0.04630572,
0.0001005404,
0.3665713,
0,
0,
9.301573e-05,
0,
0.04822072,
0.004325177,
0.3505336,
0.04797109,
0,
0,
0.008331062,
0,
0,
0.0005495764,
0.06691176,
0.01682204,
0,
0.0297966,
0.03035428,
0,
0,
0.003098511,
0.02618215,
0.0002391175,
0.7762363,
0,
0,
7.208152e-05,
0,
0.01910618,
1.793619e-10,
0.1785987,
0.009607978,
0,
0,
3.578538e-09,
0,
0,
4.927855e-05,
0.01491419,
0.001351987,
0,
6.3966e-08,
4.580913e-07,
0,
0,
1.579244e-06,
2.620709e-06,
5.865026e-05,
0.413973,
0,
0,
0.009812769,
0,
0.05142912,
0.0006365186,
0.3687134,
0.04596695,
0,
0,
0.0006178786,
0,
0,
0.007493872,
0.0766485,
0.02139342,
0,
0.001490273,
0.0006469166,
0,
0,
8.93357e-05,
0.00106818,
1.975684e-05,
0.2131216,
0,
0,
0.007089536,
0,
0.03867535,
0.0943704,
0.2610275,
0.03946435,
0,
0,
0.05627123,
0,
0,
0.007528231,
0.07284547,
0.02788543,
0,
0.1204884,
0.03672084,
0,
0,
0.003202682,
0.002620424,
0.01868858,
0.6842167,
0,
0,
0.0003559396,
0,
0.01824419,
0.016513,
0.1914164,
0.01022529,
0,
0,
0.007014174,
0,
0,
0.0003234269,
0.02115905,
0.003428358,
0,
0.02494937,
0.004017363,
0,
0,
0.0001226658,
0.0007713314,
0.01724274,
0.9947391,
0,
0,
5.786763e-09,
0,
0.0001270898,
4.41314e-08,
0.003561349,
9.541494e-06,
0,
0,
1.009877e-08,
0,
0,
1.480608e-10,
2.734469e-05,
8.226007e-08,
0,
1.423134e-07,
5.312397e-09,
0,
0,
4.14185e-12,
8.746968e-13,
0.001535285,
0.8218071,
0,
0,
1.468637e-05,
0,
0.01425612,
0.0002116423,
0.1449305,
0.006120753,
0,
0,
0.0001115227,
0,
0,
1.246411e-05,
0.01109531,
0.0008936437,
0,
0.0004693744,
7.397674e-05,
0,
0,
1.722984e-06,
1.170051e-06,
0,
0.858741,
0,
0,
2.697554e-05,
0,
0.01003998,
0.0006559605,
0.117345,
0.003641187,
0,
0,
0.0001975117,
0,
0,
1.337359e-05,
0.007665319,
0.0005635772,
0,
0.0009543784,
0.0001479131,
0,
0,
4.837314e-06,
2.94589e-06,
0,
0.3467051,
0,
0,
0.0002770484,
0,
0.05334099,
0.01289466,
0.3689072,
0.05326858,
0,
0,
0.01375384,
0,
0,
0.0006160239,
0.08887869,
0.02728681,
0,
0.01895914,
0.0138685,
0,
0,
0.0005793843,
0.0006637395,
3.659804e-07,
0.1058129,
0,
0,
0.0001654416,
0,
0.05457363,
0.01073624,
0.3449338,
0.08602212,
0,
0,
0.01931832,
0,
0,
0.002505402,
0.149241,
0.09271012,
0,
0.04636226,
0.03968623,
0,
0,
0.01191131,
0.03546456,
0.0005566811,
0.1341727,
0,
0,
0.000837324,
0,
0.0561428,
0.005950901,
0.3632383,
0.08246425,
0,
0,
0.009874782,
0,
0,
0.006066875,
0.1478766,
0.08782849,
0,
0.02883179,
0.02830871,
0,
0,
0.01013445,
0.03796536,
0.0003065969,
0.0505464,
0,
0,
0.005019045,
0,
0.03606702,
0.0008982119,
0.4232932,
0.07942496,
0,
0,
0.002979208,
0,
0,
0.0208115,
0.1827631,
0.1342981,
0,
0.008110709,
0.0119503,
0,
0,
0.01073495,
0.0330681,
3.513634e-05,
0.4934005,
0,
0,
8.983975e-05,
0,
0.04377972,
0.0007360213,
0.3383529,
0.03504516,
0,
0,
0.0009769417,
0,
0,
0.0003291975,
0.06358994,
0.01553516,
0,
0.003991858,
0.002502273,
0,
0,
0.0003190079,
0.0009454075,
0.0004060904,
0.7730666,
0,
0,
4.094711e-05,
0,
0.01507692,
3.525784e-05,
0.1716552,
0.007354629,
0,
0,
6.197448e-05,
0,
0,
7.093033e-05,
0.01475881,
0.001862289,
0,
0.0004140846,
0.0002195735,
0,
0,
2.682893e-05,
7.315052e-05,
0.01528283,
0.592607,
0,
0,
9.874115e-05,
0,
0.03476927,
2.876967e-05,
0.2929041,
0.02439823,
0,
0,
9.863726e-05,
0,
0,
0.0002392375,
0.04465039,
0.008717235,
0,
0.0004557339,
0.0004061258,
0,
0,
0.0001070161,
0.0001643581,
0.0003551198,
0.9827254,
0,
0,
9.087568e-12,
0,
0.0006602938,
4.722013e-13,
0.01081175,
9.398509e-05,
0,
0,
3.566503e-12,
0,
0,
3.164837e-12,
0.0002023734,
2.300313e-06,
0,
1.143871e-10,
1.064651e-10,
0,
0,
6.334876e-12,
2.205635e-12,
0.005503932,
0.7495861,
0,
0,
4.811776e-05,
0,
0.01024161,
0.04674213,
0.1216986,
0.004349375,
0,
0,
0.008286094,
0,
0,
4.412434e-05,
0.00879302,
0.0007700516,
0,
0.03027912,
0.00158752,
0,
0,
9.303667e-06,
0.01425541,
0.003309364,
0.04251171,
0,
0,
0.002726746,
0,
0.03678967,
0.01412624,
0.3551544,
0.08136273,
0,
0,
0.02369473,
0,
0,
0.01437235,
0.1652538,
0.1231248,
0,
0.04412466,
0.02912261,
0,
0,
0.007875159,
0.05863037,
0.001130036,
0.2436977,
0,
0,
0.001177064,
0,
0.05345016,
0.003464041,
0.3689157,
0.06059399,
0,
0,
0.007988877,
0,
0,
0.004200802,
0.1147442,
0.05045154,
0,
0.02335379,
0.01943817,
0,
0,
0.005331877,
0.03824485,
0.004947252,
0.6881223,
0,
0,
0.0002606472,
0,
0.019439,
0.021808,
0.1979734,
0.01075906,
0,
0,
0.007523479,
0,
0,
0.0002827946,
0.02121807,
0.003043992,
0,
0.02557662,
0.003260765,
0,
0,
5.579967e-05,
0.0001992544,
0.0004767861,
0.6802648,
0,
0,
2.941732e-06,
0,
0.003418817,
0.09647778,
0.05411618,
0.00120526,
0,
0,
0.01843891,
0,
0,
4.574186e-06,
0.002489446,
0.0001722136,
0,
0.1204139,
0.009545092,
0,
0,
2.452058e-06,
0.01344623,
1.42205e-06,
0.08822035,
0,
0,
0.000684338,
0,
0.06156673,
0.008526025,
0.3768598,
0.1076042,
0,
0,
0.01605198,
0,
0,
0.006404789,
0.1660107,
0.1035064,
0,
0.02731915,
0.01798324,
0,
0,
0.004578994,
0.01467282,
1.047212e-05,
0.1757457,
0,
0,
0.00500847,
0,
0.06108952,
0.01256352,
0.3840228,
0.07672115,
0,
0,
0.02209352,
0,
0,
0.01185861,
0.1240413,
0.0540479,
0,
0.04106037,
0.02308846,
0,
0,
0.004579225,
0.004057216,
2.220749e-05,
0.8238249,
0,
0,
0.0001242515,
0,
0.01163858,
0.0002901161,
0.13815,
0.004728484,
0,
0,
0.0001905509,
0,
0,
7.081948e-05,
0.009401538,
0.0008304925,
0,
0.0008195674,
0.0001884251,
0,
0,
9.289463e-06,
0.004232012,
0.005500929,
0.7634536,
0,
0,
1.717419e-05,
0,
0.0192613,
0.001962919,
0.1829527,
0.009340405,
0,
0,
0.0007311881,
0,
0,
1.948447e-05,
0.01736136,
0.001804314,
0,
0.002694061,
0.0003830373,
0,
0,
9.985397e-06,
7.547804e-06,
9.389146e-07,
2034, 
0.1484925,
0,
0,
0.002729254,
0,
0.04940467,
0.005551741,
0.3898128,
0.07899414,
0,
0,
0.00964445,
0,
0,
0.0104118,
0.1390475,
0.0726993,
0,
0.02541007,
0.02042981,
0,
0,
0.005933215,
0.04136129,
7.75543e-05,
0.3792861,
0,
0,
0.0001021573,
0,
0.04606432,
0.003998261,
0.3500154,
0.04805172,
0,
0,
0.007609488,
0,
0,
0.000649268,
0.0673157,
0.01751691,
0,
0.02701749,
0.02734969,
0,
0,
0.002830999,
0.02200343,
0.0001890611,
0.7863204,
0,
0,
8.082878e-05,
0,
0.0178218,
1.702878e-10,
0.1709967,
0.009119946,
0,
0,
4.204765e-09,
0,
0,
5.92705e-05,
0.0142335,
0.001313161,
0,
6.86969e-08,
4.609715e-07,
0,
0,
1.566052e-06,
3.054993e-06,
4.924858e-05,
0.4194998,
0,
0,
0.01121267,
0,
0.04851377,
0.0006563306,
0.3623226,
0.04541586,
0,
0,
0.0006511626,
0,
0,
0.009009361,
0.07648854,
0.0224699,
0,
0.001573204,
0.0006934605,
0,
0,
0.0001007652,
0.001377479,
1.511874e-05,
0.2141498,
0,
0,
0.00815155,
0,
0.03655376,
0.08985061,
0.2563195,
0.03918942,
0,
0,
0.05609405,
0,
0,
0.009119667,
0.07269514,
0.02917554,
0,
0.121188,
0.03892569,
0,
0,
0.003867921,
0.003360888,
0.02135851,
0.6894732,
0,
0,
0.0003917251,
0,
0.01738923,
0.01535574,
0.189643,
0.0102917,
0,
0,
0.006784557,
0,
0,
0.0003721922,
0.02153233,
0.003736667,
0,
0.02412709,
0.004133746,
0,
0,
0.0001456162,
0.0007134191,
0.01590984,
0.9952518,
0,
0,
5.514977e-09,
0,
0.0001196888,
4.335731e-08,
0.003423898,
9.069477e-06,
0,
0,
1.01778e-08,
0,
0,
1.544319e-10,
2.599279e-05,
8.284692e-08,
0,
1.417504e-07,
5.31397e-09,
0,
0,
4.173377e-12,
1.133644e-12,
0.00116924,
0.8310265,
0,
0,
1.615291e-05,
0,
0.0132576,
0.0002265321,
0.1375713,
0.005771181,
0,
0,
0.0001207355,
0,
0,
1.462559e-05,
0.0105358,
0.0008666501,
0,
0.0005088841,
8.05427e-05,
0,
0,
1.901922e-06,
1.583068e-06,
0,
0.8657953,
0,
0,
2.914018e-05,
0,
0.009341773,
0.0006483788,
0.1114622,
0.003445071,
0,
0,
0.0002028724,
0,
0,
1.480208e-05,
0.007334373,
0.0005630489,
0,
0.0009955028,
0.0001590693,
0,
0,
5.182752e-06,
3.366728e-06,
0,
0.3629953,
0,
0,
0.0002990847,
0,
0.05034154,
0.01155424,
0.3632694,
0.05201298,
0,
0,
0.01250657,
0,
0,
0.0006946926,
0.08690938,
0.02711364,
0,
0.01818846,
0.01266547,
0,
0,
0.0006532678,
0.000795769,
2.963748e-07,
0.1060718,
0,
0,
0.0001922939,
0,
0.05164581,
0.01012819,
0.3405316,
0.08599514,
0,
0,
0.01958639,
0,
0,
0.003196789,
0.1488268,
0.09533617,
0,
0.0469584,
0.04177567,
0,
0,
0.01387901,
0.03544476,
0.0004312431,
0.1347023,
0,
0,
0.0009957214,
0,
0.05336498,
0.005361428,
0.3605399,
0.08317298,
0,
0,
0.00902767,
0,
0,
0.007732336,
0.1491923,
0.09233355,
0,
0.02641355,
0.02679444,
0,
0,
0.01126856,
0.03886259,
0.0002377996,
0.05095338,
0,
0,
0.005852393,
0,
0.03440389,
0.0009136841,
0.4053725,
0.08001032,
0,
0,
0.003232594,
0,
0,
0.02600247,
0.1795074,
0.1369617,
0,
0.008743209,
0.01346197,
0,
0,
0.01272887,
0.04182652,
2.905288e-05,
0.5018927,
0,
0,
9.934652e-05,
0,
0.04133349,
0.0006773848,
0.333073,
0.0346657,
0,
0,
0.0009116151,
0,
0,
0.0004034703,
0.06307065,
0.01606057,
0,
0.003725228,
0.002393032,
0,
0,
0.0003509483,
0.001012534,
0.0003303016,
0.7798809,
0,
0,
4.521179e-05,
0,
0.01435753,
3.386812e-05,
0.1696034,
0.007379707,
0,
0,
6.28628e-05,
0,
0,
8.453104e-05,
0.01499646,
0.002039779,
0,
0.0004106259,
0.0002259645,
0,
0,
2.978773e-05,
7.818186e-05,
0.01077118,
0.6024004,
0,
0,
0.0001113429,
0,
0.03269589,
3.110155e-05,
0.2861142,
0.02380826,
0,
0,
0.0001077948,
0,
0,
0.0002955789,
0.04395268,
0.00893415,
0,
0.0004986091,
0.0004467762,
0,
0,
0.0001195855,
0.0002070145,
0.0002767138,
0.9846441,
0,
0,
8.361844e-12,
0,
0.0006195335,
4.59039e-13,
0.01016394,
8.82092e-05,
0,
0,
3.469868e-12,
0,
0,
3.049871e-12,
0.0001899246,
2.159217e-06,
0,
1.111891e-10,
1.035132e-10,
0,
0,
6.166353e-12,
2.148669e-12,
0.004292107,
0.7649297,
0,
0,
5.379537e-05,
0,
0.00977884,
0.0406028,
0.1202719,
0.004318546,
0,
0,
0.007354534,
0,
0,
5.264105e-05,
0.008787197,
0.000813472,
0,
0.02683531,
0.001488149,
0,
0,
1.082723e-05,
0.01208416,
0.002618254,
0.04356724,
0,
0,
0.003291672,
0,
0.03487334,
0.01520826,
0.343523,
0.08106155,
0,
0,
0.02649399,
0,
0,
0.01857366,
0.1618098,
0.123187,
0,
0.04903965,
0.03284599,
0,
0,
0.009064342,
0.05656211,
0.0008983506,
0.2428797,
0,
0,
0.001356134,
0,
0.05087466,
0.003705743,
0.3640153,
0.0610911,
0,
0,
0.009157598,
0,
0,
0.005231564,
0.1152173,
0.05300181,
0,
0.02613148,
0.02182057,
0,
0,
0.006341615,
0.03542713,
0.003748234,
0.695717,
0,
0,
0.0002996249,
0,
0.01845072,
0.01965877,
0.1955756,
0.01074235,
0,
0,
0.006973143,
0,
0,
0.0003503758,
0.02140644,
0.003295343,
0,
0.02370948,
0.003178671,
0,
0,
6.504414e-05,
0.0002033341,
0.0003740862,
0.7095236,
0,
0,
2.967141e-06,
0,
0.003354607,
0.08429296,
0.05590134,
0.001264449,
0,
0,
0.01627833,
0,
0,
4.912307e-06,
0.002660771,
0.0002040272,
0,
0.1064528,
0.008665722,
0,
0,
2.445516e-06,
0.01138992,
1.088201e-06,
0.089095,
0,
0,
0.0007972675,
0,
0.05790079,
0.009169741,
0.3705381,
0.1065533,
0,
0,
0.01763959,
0,
0,
0.0081256,
0.163966,
0.1045115,
0,
0.03001509,
0.01984871,
0,
0,
0.005091025,
0.01673999,
8.29604e-06,
0.169941,
0,
0,
0.005838217,
0,
0.05703267,
0.01476866,
0.3699929,
0.07511884,
0,
0,
0.02671178,
0,
0,
0.01470288,
0.1212629,
0.05499583,
0,
0.04998378,
0.02847984,
0,
0,
0.005763497,
0.005390262,
1.699398e-05,
0.8302267,
0,
0,
0.00013934,
0,
0.01093573,
0.0003136031,
0.1339831,
0.004604653,
0,
0,
0.0002066501,
0,
0,
8.378363e-05,
0.009306313,
0.0008855737,
0,
0.0008903415,
0.0002052373,
0,
0,
1.002711e-05,
0.003779814,
0.004429089,
0.7760536,
0,
0,
1.864875e-05,
0,
0.01786806,
0.00180683,
0.1735446,
0.008789681,
0,
0,
0.0006911156,
0,
0,
2.230402e-05,
0.01647576,
0.001755879,
0,
0.002570586,
0.0003823932,
0,
0,
1.073511e-05,
9.002267e-06,
7.392933e-07,
2035, 
0.1548251,
0,
0,
0.003101642,
0,
0.04699452,
0.005102187,
0.3864629,
0.07950188,
0,
0,
0.00929054,
0,
0,
0.01257193,
0.139058,
0.07476161,
0,
0.02446764,
0.02056346,
0,
0,
0.006685782,
0.03655311,
5.96781e-05,
0.3930288,
0,
0,
0.0001105936,
0,
0.0437106,
0.003623198,
0.3492486,
0.04804152,
0,
0,
0.006830286,
0,
0,
0.0007579297,
0.06768468,
0.01825156,
0,
0.02405821,
0.02413917,
0,
0,
0.00253142,
0.01783621,
0.0001471583,
0.7973583,
0,
0,
8.956633e-05,
0,
0.01638263,
2.340531e-10,
0.1627814,
0.00855118,
0,
0,
5.934612e-09,
0,
0,
7.11117e-05,
0.01345418,
0.001266337,
0,
8.111775e-08,
4.625776e-07,
0,
0,
1.528276e-06,
3.753842e-06,
3.945881e-05,
0.4255637,
0,
0,
0.01250193,
0,
0.04538567,
0.0006675499,
0.3555188,
0.04480876,
0,
0,
0.0006766639,
0,
0,
0.01054572,
0.07637692,
0.02368759,
0,
0.001637885,
0.0007352119,
0,
0,
0.00011759,
0.001765852,
1.018137e-05,
0.2153686,
0,
0,
0.009143562,
0,
0.0341888,
0.0852431,
0.2510621,
0.03884323,
0,
0,
0.05583797,
0,
0,
0.01076682,
0.07250361,
0.03060869,
0,
0.1217949,
0.0411283,
0,
0,
0.004556247,
0.004258621,
0.02469544,
0.695666,
0,
0,
0.0004231745,
0,
0.0163942,
0.01414899,
0.187309,
0.01030015,
0,
0,
0.006531717,
0,
0,
0.0004199326,
0.02183092,
0.004048486,
0,
0.02326069,
0.004247655,
0,
0,
0.0001701481,
0.0006467992,
0.01460214,
0.9956824,
0,
0,
5.097943e-09,
0,
0.0001096365,
4.196558e-08,
0.003221665,
8.402816e-06,
0,
0,
1.013633e-08,
0,
0,
1.594286e-10,
2.409691e-05,
8.257771e-08,
0,
1.392844e-07,
5.251942e-09,
0,
0,
4.169675e-12,
1.662559e-12,
0.0009535143,
0.8414195,
0,
0,
1.751611e-05,
0,
0.0121197,
0.0002387569,
0.1293686,
0.005354925,
0,
0,
0.0001285376,
0,
0,
1.694996e-05,
0.009871836,
0.0008308545,
0,
0.0005424303,
8.617193e-05,
0,
0,
2.082761e-06,
2.139799e-06,
0,
0.873822,
0,
0,
3.098967e-05,
0,
0.008547321,
0.000631878,
0.1048408,
0.003211136,
0,
0,
0.0002056348,
0,
0,
1.615454e-05,
0.006934852,
0.0005572592,
0,
0.001024372,
0.0001683596,
0,
0,
5.4726e-06,
3.800457e-06,
0,
0.3808401,
0,
0,
0.0003182156,
0,
0.04707921,
0.010175,
0.3569919,
0.05056695,
0,
0,
0.01120785,
0,
0,
0.000777162,
0.08473134,
0.02691699,
0,
0.01729975,
0.01141142,
0,
0,
0.000726652,
0.0009572258,
2.222778e-07,
0.1063903,
0,
0,
0.0002217329,
0,
0.04848403,
0.009465107,
0.3358515,
0.08594202,
0,
0,
0.01979083,
0,
0,
0.004011859,
0.1483756,
0.09815896,
0,
0.04741903,
0.04381976,
0,
0,
0.01589764,
0.03583708,
0.0003346335,
0.135216,
0,
0,
0.00116191,
0,
0.05034259,
0.004736965,
0.3573895,
0.08382581,
0,
0,
0.008133103,
0,
0,
0.009586691,
0.1504717,
0.09707911,
0,
0.02385831,
0.02522592,
0,
0,
0.01253325,
0.04025854,
0.0001805702,
0.05130061,
0,
0,
0.006759037,
0,
0.03256935,
0.0009302839,
0.3859192,
0.08042509,
0,
0,
0.003569088,
0,
0,
0.03180337,
0.1757548,
0.1395082,
0,
0.00960351,
0.01541151,
0,
0,
0.01514992,
0.05127354,
2.257689e-05,
0.5112883,
0,
0,
0.0001095125,
0,
0.03867693,
0.0006089844,
0.3273012,
0.03419997,
0,
0,
0.0008334444,
0,
0,
0.0004952361,
0.06247189,
0.01661574,
0,
0.003405761,
0.002254951,
0,
0,
0.0003853129,
0.001092859,
0.0002598728,
0.7849315,
0,
0,
4.929528e-05,
0,
0.01347616,
3.19301e-05,
0.1665068,
0.007349495,
0,
0,
6.283879e-05,
0,
0,
9.986084e-05,
0.0151596,
0.002221933,
0,
0.0004008769,
0.0002293249,
0,
0,
3.271421e-05,
8.625856e-05,
0.009361404,
0.6130671,
0,
0,
0.0001245205,
0,
0.03044052,
3.313837e-05,
0.2787863,
0.02312945,
0,
0,
0.0001157174,
0,
0,
0.0003625228,
0.04315014,
0.009155401,
0,
0.0005357219,
0.0004824101,
0,
0,
0.0001314786,
0.0002594673,
0.0002261794,
0.9866121,
0,
0,
7.3525e-12,
0,
0.0005647665,
4.411255e-13,
0.009293768,
8.042789e-05,
0,
0,
3.342697e-12,
0,
0,
2.867545e-12,
0.0001731642,
1.968784e-06,
0,
1.068165e-10,
9.942041e-11,
0,
0,
5.948375e-12,
2.079882e-12,
0.003273787,
0.7815506,
0,
0,
5.897033e-05,
0,
0.009219045,
0.0340669,
0.1183388,
0.00425037,
0,
0,
0.006352111,
0,
0,
6.144124e-05,
0.008726715,
0.0008554496,
0,
0.02313741,
0.00137779,
0,
0,
1.245289e-05,
0.009913259,
0.002078671,
0.04472205,
0,
0,
0.00392754,
0,
0.03279891,
0.01623891,
0.330949,
0.08064247,
0,
0,
0.02938444,
0,
0,
0.02334087,
0.1579921,
0.1230995,
0,
0.05414557,
0.03682049,
0,
0,
0.01037666,
0.05483618,
0.0007253067,
0.2418442,
0,
0,
0.001547755,
0,
0.04801079,
0.003965615,
0.3583078,
0.06150222,
0,
0,
0.01039219,
0,
0,
0.006415403,
0.1155595,
0.05567177,
0,
0.02914032,
0.02442694,
0,
0,
0.007441448,
0.03279888,
0.002975137,
0.7039136,
0,
0,
0.0003383711,
0,
0.01733654,
0.01750002,
0.1928333,
0.010688,
0,
0,
0.006407556,
0,
0,
0.0004262032,
0.02157825,
0.003571551,
0,
0.02176345,
0.003090404,
0,
0,
7.64118e-05,
0.0002116233,
0.0002647598,
0.7395511,
0,
0,
2.932998e-06,
0,
0.003246879,
0.07202942,
0.05751276,
0.001318035,
0,
0,
0.01410366,
0,
0,
5.156355e-06,
0.002838529,
0.0002419832,
0,
0.09213341,
0.007678969,
0,
0,
2.445571e-06,
0.009334022,
7.3281e-07,
0.08995431,
0,
0,
0.0009118194,
0,
0.05395072,
0.009804107,
0.363362,
0.1052351,
0,
0,
0.01948206,
0,
0,
0.009985182,
0.1615279,
0.1053618,
0,
0.03329296,
0.02230708,
0,
0,
0.005823211,
0.01899528,
6.481827e-06,
0.1638138,
0,
0,
0.006626362,
0,
0.05269628,
0.01691669,
0.3551807,
0.07342355,
0,
0,
0.0314077,
0,
0,
0.0176906,
0.1184217,
0.05618613,
0,
0.0592109,
0.03425805,
0,
0,
0.007122275,
0.007033759,
1.144408e-05,
0.8374743,
0,
0,
0.0001531856,
0,
0.01013269,
0.0003336187,
0.1291534,
0.004442286,
0,
0,
0.0002203896,
0,
0,
9.692302e-05,
0.009154798,
0.00093879,
0,
0.0009509862,
0.0002197086,
0,
0,
1.069741e-05,
0.003254747,
0.003463432,
0.789977,
0,
0,
1.99569e-05,
0,
0.01632014,
0.001642022,
0.1632193,
0.008157572,
0,
0,
0.0006470725,
0,
0,
2.521818e-05,
0.01546683,
0.001694786,
0,
0.002428924,
0.0003784803,
0,
0,
1.139049e-05,
1.075027e-05,
5.279976e-07,
2036, 
0.1618688,
0,
0,
0.003476256,
0,
0.04439652,
0.004657378,
0.3825673,
0.07988212,
0,
0,
0.008934324,
0,
0,
0.01491978,
0.1387908,
0.07676384,
0,
0.02353822,
0.02073273,
0,
0,
0.007472223,
0.0319516,
4.812021e-05,
0.4081693,
0,
0,
0.000118448,
0,
0.04106357,
0.003189602,
0.3478512,
0.04781786,
0,
0,
0.005994043,
0,
0,
0.0008790768,
0.06785799,
0.01898506,
0,
0.02102715,
0.02097707,
0,
0,
0.002236541,
0.01371787,
0.0001151912,
0.8101603,
0,
0,
9.845794e-05,
0,
0.01469394,
9.658967e-08,
0.1533366,
0.007856283,
0,
0,
7.167396e-07,
0,
0,
8.553273e-05,
0.01251205,
0.001207916,
0,
4.827427e-06,
3.128319e-06,
0,
0,
1.739112e-06,
4.88756e-06,
3.355043e-05,
0.43254,
0,
0,
0.01367528,
0,
0.04197855,
0.0006809746,
0.3481236,
0.04406256,
0,
0,
0.0007006523,
0,
0,
0.01209491,
0.07622419,
0.02502882,
0,
0.0017004,
0.0007820408,
0,
0,
0.0001465536,
0.002252553,
8.983478e-06,
0.2172274,
0,
0,
0.01005842,
0,
0.0316722,
0.08005606,
0.245717,
0.03846912,
0,
0,
0.05530727,
0,
0,
0.01245353,
0.07235335,
0.03219952,
0,
0.1219726,
0.04332422,
0,
0,
0.005294488,
0.005327129,
0.02856778,
0.7033992,
0,
0,
0.0004503348,
0,
0.01520421,
0.01286277,
0.184047,
0.01022162,
0,
0,
0.006238667,
0,
0,
0.0004669476,
0.02200321,
0.004359544,
0,
0.02233272,
0.004354309,
0,
0,
0.0001965619,
0.0006213731,
0.01324145,
0.9961714,
0,
0,
4.508156e-09,
0,
9.69234e-05,
3.971449e-08,
0.002953234,
7.541868e-06,
0,
0,
9.924948e-09,
0,
0,
1.625136e-10,
2.166215e-05,
8.094365e-08,
0,
1.341878e-07,
5.088918e-09,
0,
0,
4.111629e-12,
2.865664e-12,
0.0007489736,
0.8535334,
0,
0,
1.877661e-05,
0,
0.01078624,
0.0002493267,
0.1198953,
0.004848686,
0,
0,
0.0001351934,
0,
0,
1.946417e-05,
0.009062595,
0.0007835077,
0,
0.0005711928,
9.11163e-05,
0,
0,
2.285458e-06,
2.870984e-06,
0,
0.8831951,
0,
0,
3.252048e-05,
0,
0.007620136,
0.0006097637,
0.09717581,
0.002926341,
0,
0,
0.0002063685,
0,
0,
1.743253e-05,
0.006442055,
0.0005448227,
0,
0.001043687,
0.0001760024,
0,
0,
5.697391e-06,
4.257466e-06,
0,
0.4006283,
0,
0,
0.0003346225,
0,
0.04351804,
0.008757204,
0.3499178,
0.04885126,
0,
0,
0.009860474,
0,
0,
0.0008668448,
0.0822266,
0.0266506,
0,
0.01630467,
0.01012183,
0,
0,
0.0008050609,
0.001156518,
1.643915e-07,
0.1067559,
0,
0,
0.0002544221,
0,
0.04502944,
0.008847012,
0.330472,
0.08569714,
0,
0,
0.02009554,
0,
0,
0.004963117,
0.1476173,
0.1009767,
0,
0.04817439,
0.04617013,
0,
0,
0.01804052,
0.03664557,
0.0002607853,
0.1356622,
0,
0,
0.001331299,
0,
0.04701233,
0.004137506,
0.3533196,
0.08426798,
0,
0,
0.007346116,
0,
0,
0.01159408,
0.1514457,
0.1018652,
0,
0.02165196,
0.02413165,
0,
0,
0.01402107,
0.04206969,
0.0001435766,
0.05157437,
0,
0,
0.007757704,
0,
0.03055343,
0.0009695224,
0.3649626,
0.08059768,
0,
0,
0.004093367,
0,
0,
0.03822733,
0.1714437,
0.1418936,
0,
0.01090131,
0.01789355,
0,
0,
0.0178381,
0.06127805,
1.570841e-05,
0.5219353,
0,
0,
0.0001213125,
0,
0.03574707,
0.0005353275,
0.320801,
0.03357939,
0,
0,
0.0007512026,
0,
0,
0.0006105252,
0.06169462,
0.01717641,
0,
0.00307693,
0.00212447,
0,
0,
0.00042818,
0.001224878,
0.0001933752,
0.7910364,
0,
0,
5.328636e-05,
0,
0.0124408,
2.944993e-05,
0.1626275,
0.007263866,
0,
0,
6.197215e-05,
0,
0,
0.0001175809,
0.01525509,
0.002410061,
0,
0.0003854782,
0.0002307106,
0,
0,
3.60146e-05,
9.648584e-05,
0.007955343,
0.6253653,
0,
0,
0.0001388268,
0,
0.02789901,
3.482469e-05,
0.2705073,
0.02228049,
0,
0,
0.0001225548,
0,
0,
0.000443533,
0.04211355,
0.009359473,
0,
0.0005682988,
0.0005158056,
0,
0,
0.0001443585,
0.0003253245,
0.0001813807,
0.9884957,
0,
0,
6.194668e-12,
0,
0.0004959763,
4.162196e-13,
0.008199183,
7.064138e-05,
0,
0,
3.1715e-12,
0,
0,
2.609373e-12,
0.0001520939,
1.729034e-06,
0,
1.007815e-10,
9.349507e-11,
0,
0,
5.591456e-12,
1.979537e-12,
0.002584686,
0.7988549,
0,
0,
6.356416e-05,
0,
0.00850537,
0.02789661,
0.1153538,
0.004123323,
0,
0,
0.005397628,
0,
0,
7.039892e-05,
0.008568555,
0.0008932728,
0,
0.01965048,
0.001274782,
0,
0,
1.418501e-05,
0.007742773,
0.001590296,
0.04595089,
0,
0,
0.00463071,
0,
0.03055925,
0.01727008,
0.3173039,
0.07999144,
0,
0,
0.03249622,
0,
0,
0.0285904,
0.153656,
0.1227375,
0,
0.05972736,
0.04128467,
0,
0,
0.01190387,
0.05334291,
0.0005547587,
0.2410142,
0,
0,
0.001757448,
0,
0.0448938,
0.004216357,
0.3520631,
0.06183285,
0,
0,
0.01162879,
0,
0,
0.007778703,
0.1158106,
0.05847378,
0,
0.03222294,
0.02716821,
0,
0,
0.008617194,
0.03015863,
0.002363415,
0.712631,
0,
0,
0.0003760772,
0,
0.01601835,
0.01565354,
0.1891909,
0.01055458,
0,
0,
0.005906778,
0,
0,
0.0005098869,
0.02166054,
0.003865812,
0,
0.02008515,
0.003011927,
0,
0,
8.778797e-05,
0.0002319894,
0.0002156524,
0.7661518,
0,
0,
2.835626e-06,
0,
0.003078014,
0.06201046,
0.05866798,
0.001362808,
0,
0,
0.01216549,
0,
0,
5.305501e-06,
0.003017227,
0.0002869367,
0,
0.07933477,
0.006634621,
0,
0,
2.351258e-06,
0.007278735,
6.465859e-07,
0.09104588,
0,
0,
0.001029814,
0,
0.04975381,
0.01038686,
0.3557823,
0.103712,
0,
0,
0.02135365,
0,
0,
0.01202248,
0.1588269,
0.1061507,
0,
0.03672693,
0.02503205,
0,
0,
0.006689022,
0.02148277,
4.788107e-06,
0.1576364,
0,
0,
0.007367752,
0,
0.04808519,
0.01897434,
0.339678,
0.07160559,
0,
0,
0.03609994,
0,
0,
0.02080442,
0.1154921,
0.05761315,
0,
0.06859333,
0.04035232,
0,
0,
0.008659134,
0.009028179,
1.009758e-05,
0.8460103,
0,
0,
0.0001655821,
0,
0.009191482,
0.0003501828,
0.1233589,
0.00422598,
0,
0,
0.0002318295,
0,
0,
0.0001100347,
0.00892015,
0.0009881376,
0,
0.00100191,
0.0002321934,
0,
0,
1.137479e-05,
0.002656861,
0.002545073,
0.8057589,
0,
0,
2.110057e-05,
0,
0.01454611,
0.001492204,
0.1515497,
0.007407557,
0,
0,
0.0006060506,
0,
0,
2.826499e-05,
0.01427405,
0.001615043,
0,
0.002301091,
0.0003745612,
0,
0,
1.200759e-05,
1.288823e-05,
4.625799e-07,
2037, 
0.1698216,
0,
0,
0.003851804,
0,
0.04163626,
0.004193643,
0.3781761,
0.08010454,
0,
0,
0.008556979,
0,
0,
0.01745786,
0.1381892,
0.07866555,
0,
0.02257471,
0.02092748,
0,
0,
0.008300091,
0.02750262,
4.159698e-05,
0.4255011,
0,
0,
0.0001258964,
0,
0.03805708,
0.002677142,
0.3456934,
0.04730104,
0,
0,
0.00504345,
0,
0,
0.0010176,
0.0677269,
0.01969425,
0,
0.01771932,
0.01775031,
0,
0,
0.00196798,
0.009624862,
9.963084e-05,
0.8252382,
0,
0,
0.0001076946,
0,
0.01270815,
7.700676e-07,
0.1422332,
0.007017907,
0,
0,
3.440559e-06,
0,
0,
0.00010346,
0.0113805,
0.00113786,
0,
2.111677e-05,
1.024046e-05,
0,
0,
2.248279e-06,
6.695783e-06,
2.853834e-05,
0.4406498,
0,
0,
0.01472513,
0,
0.03825796,
0.0006867197,
0.3400437,
0.04313608,
0,
0,
0.0007196792,
0,
0,
0.01364687,
0.07598581,
0.02648796,
0,
0.001757989,
0.0008458343,
0,
0,
0.0001946455,
0.002854041,
7.785585e-06,
0.21994,
0,
0,
0.01088928,
0,
0.02905098,
0.07398747,
0.2404886,
0.03808279,
0,
0,
0.05441095,
0,
0,
0.01416243,
0.07226931,
0.03394969,
0,
0.1215897,
0.04558434,
0,
0,
0.00612977,
0.006573654,
0.03289099,
0.7130538,
0,
0,
0.0004732679,
0,
0.01380685,
0.01137062,
0.1797919,
0.01005015,
0,
0,
0.005862925,
0,
0,
0.0005137952,
0.02204046,
0.004670693,
0,
0.02117091,
0.004436863,
0,
0,
0.0002252674,
0.0005939459,
0.01193861,
0.9966267,
0,
0,
3.814176e-09,
0,
8.155269e-05,
3.571046e-08,
0.002619227,
6.48774e-06,
0,
0,
9.326185e-09,
0,
0,
1.636945e-10,
1.869795e-05,
7.751198e-08,
0,
1.2361e-07,
4.713243e-09,
0,
0,
3.969812e-12,
5.803474e-12,
0.0006470989,
0.8677537,
0,
0,
1.99355e-05,
0,
0.009225311,
0.0002573391,
0.108831,
0.004240936,
0,
0,
0.0001406302,
0,
0,
2.219376e-05,
0.008087006,
0.0007236548,
0,
0.000595864,
9.59896e-05,
0,
0,
2.556942e-06,
3.847759e-06,
0,
0.8942016,
0,
0,
3.37325e-05,
0,
0.006537283,
0.0005823183,
0.08822402,
0.002583341,
0,
0,
0.0002051361,
0,
0,
1.864675e-05,
0.005841026,
0.0005251282,
0,
0.001054838,
0.0001822967,
0,
0,
5.866939e-06,
4.768247e-06,
0,
0.4227253,
0,
0,
0.0003485589,
0,
0.03960848,
0.007301583,
0.3418838,
0.04679053,
0,
0,
0.008472652,
0,
0,
0.0009675807,
0.07927546,
0.02626906,
0,
0.01523948,
0.008831247,
0,
0,
0.0008951458,
0.00139102,
1.434569e-07,
0.1073831,
0,
0,
0.0002917355,
0,
0.04138299,
0.008130961,
0.3249154,
0.08535177,
0,
0,
0.02032871,
0,
0,
0.006075334,
0.1467032,
0.103848,
0,
0.04878952,
0.04853391,
0,
0,
0.02028377,
0.03775538,
0.0002261654,
0.1361085,
0,
0,
0.001500298,
0,
0.04341659,
0.003515175,
0.3484177,
0.08448646,
0,
0,
0.006663885,
0,
0,
0.01372001,
0.152104,
0.1066618,
0,
0.01976788,
0.02352675,
0,
0,
0.01575226,
0.04423423,
0.000124448,
0.05177603,
0,
0,
0.008908835,
0,
0.02835006,
0.00102932,
0.3428802,
0.08058502,
0,
0,
0.004697473,
0,
0,
0.04551905,
0.166775,
0.144428,
0,
0.01232825,
0.02037007,
0,
0,
0.02034384,
0.07199514,
1.374468e-05,
0.5340821,
0,
0,
0.0001362918,
0,
0.03250502,
0.0004521403,
0.3134216,
0.03276314,
0,
0,
0.0006674331,
0,
0,
0.0007576108,
0.06067595,
0.01772993,
0,
0.002752997,
0.002020308,
0,
0,
0.0004848166,
0.001382957,
0.0001677958,
0.798139,
0,
0,
5.73321e-05,
0,
0.01122713,
2.781418e-05,
0.1577742,
0.007114601,
0,
0,
6.22472e-05,
0,
0,
0.0001387629,
0.01526933,
0.002605359,
0,
0.0003809627,
0.000238359,
0,
0,
4.042395e-05,
0.0001098614,
0.006814711,
0.6398826,
0,
0,
0.0001550791,
0,
0.0249941,
3.623185e-05,
0.2608728,
0.02121112,
0,
0,
0.00012922,
0,
0,
0.0005435802,
0.0407599,
0.009539151,
0,
0.0006014249,
0.0005512361,
0,
0,
0.0001581204,
0.0004094214,
0.0001560195,
0.9902785,
0,
0,
4.946239e-12,
0,
0.0004131645,
3.647951e-13,
0.006880958,
5.885011e-05,
0,
0,
2.786132e-12,
0,
0,
2.243322e-12,
0.0001267175,
1.440024e-06,
0,
8.831983e-11,
8.186501e-11,
0,
0,
4.903423e-12,
1.806109e-12,
0.002240328,
0.8175213,
0,
0,
6.753318e-05,
0,
0.007620991,
0.02168329,
0.1111578,
0.003932184,
0,
0,
0.004425532,
0,
0,
7.949206e-05,
0.008302293,
0.000926965,
0,
0.01614683,
0.001169456,
0,
0,
1.606352e-05,
0.005572861,
0.001377388,
0.04732074,
0,
0,
0.005426355,
0,
0.02816685,
0.01820641,
0.3029761,
0.07915536,
0,
0,
0.03558953,
0,
0,
0.03443943,
0.1489475,
0.1222897,
0,
0.06534867,
0.04591867,
0,
0,
0.01355544,
0.05217935,
0.0004798284,
0.2405252,
0,
0,
0.001992179,
0,
0.04150499,
0.004423289,
0.345278,
0.06204771,
0,
0,
0.01279805,
0,
0,
0.00935432,
0.1159278,
0.06139405,
0,
0.03516143,
0.02988235,
0,
0,
0.009846888,
0.02782058,
0.002043185,
0.7232901,
0,
0,
0.0004119891,
0,
0.01447134,
0.01358903,
0.1845242,
0.01032876,
0,
0,
0.005324405,
0,
0,
0.0006012131,
0.02163102,
0.004177997,
0,
0.01818256,
0.002913144,
0,
0,
0.0001023794,
0.0002644239,
0.0001874545,
0.7950783,
0,
0,
2.67742e-06,
0,
0.00285334,
0.05134555,
0.05948958,
0.001401035,
0,
0,
0.01005337,
0,
0,
5.360564e-06,
0.00320341,
0.0003405772,
0,
0.06554563,
0.00545406,
0,
0,
2.201061e-06,
0.005224373,
5.603619e-07,
0.09248554,
0,
0,
0.001152081,
0,
0.04533858,
0.0108867,
0.3479923,
0.1019957,
0,
0,
0.02317218,
0,
0,
0.01425561,
0.1558887,
0.1068941,
0,
0.04016242,
0.02791616,
0,
0,
0.007665947,
0.0241898,
4.169515e-06,
0.1516227,
0,
0,
0.008054879,
0,
0.04321188,
0.02090683,
0.3236085,
0.0696602,
0,
0,
0.04071152,
0,
0,
0.02401891,
0.1124746,
0.0592853,
0,
0.07798232,
0.04668286,
0,
0,
0.010371,
0.0113997,
8.751076e-06,
0.855377,
0,
0,
0.0001764077,
0,
0.008083919,
0.000363298,
0.1163038,
0.003946065,
0,
0,
0.0002411064,
0,
0,
0.0001230382,
0.008584077,
0.001032886,
0,
0.001044608,
0.0002436622,
0,
0,
1.215633e-05,
0.002252489,
0.002215517,
0.8239591,
0,
0,
2.208424e-05,
0,
0.01249744,
0.001325967,
0.1381664,
0.00651773,
0,
0,
0.000558321,
0,
0,
3.149829e-05,
0.01285678,
0.001513242,
0,
0.002154651,
0.0003681737,
0,
0,
1.267707e-05,
1.555534e-05,
3.971623e-07,
2038, 
0.1778389,
0,
0,
0.004111563,
0,
0.03895227,
0.003677871,
0.3743415,
0.08027646,
0,
0,
0.008043136,
0,
0,
0.01996005,
0.1376071,
0.08034007,
0,
0.02130662,
0.02082287,
0,
0,
0.008988644,
0.02369791,
3.507375e-05,
0.4423125,
0,
0,
0.0001262831,
0,
0.03507296,
0.002208198,
0.3431737,
0.04665243,
0,
0,
0.004171037,
0,
0,
0.001156564,
0.06752663,
0.02035651,
0,
0.01467806,
0.01477881,
0,
0,
0.001721354,
0.005980838,
8.407049e-05,
0.8392921,
0,
0,
0.0001133237,
0,
0.01085561,
3.057056e-06,
0.131815,
0.006238215,
0,
0,
9.896356e-06,
0,
0,
0.0001241074,
0.01035088,
0.00108056,
0,
5.727433e-05,
2.387404e-05,
0,
0,
3.189966e-06,
9.40237e-06,
2.352626e-05,
0.4491822,
0,
0,
0.01523749,
0,
0.03467631,
0.0006386192,
0.3324299,
0.04218661,
0,
0,
0.0006810075,
0,
0,
0.01498902,
0.07578339,
0.02791107,
0,
0.001671773,
0.0008288644,
0,
0,
0.0002152013,
0.003562032,
6.587692e-06,
0.2231703,
0,
0,
0.01135764,
0,
0.02655856,
0.06784697,
0.2358848,
0.03773198,
0,
0,
0.05321334,
0,
0,
0.01571302,
0.07230829,
0.03568746,
0,
0.1206005,
0.04751388,
0,
0,
0.006953243,
0.007972852,
0.0374871,
0.7229871,
0,
0,
0.0004747406,
0,
0.01244462,
0.009930694,
0.1753701,
0.009837594,
0,
0,
0.005470581,
0,
0,
0.0005524834,
0.0220002,
0.004943256,
0,
0.01995455,
0.004477987,
0,
0,
0.0002528057,
0.0005787431,
0.01072456,
0.9970492,
0,
0,
3.171582e-09,
0,
6.754907e-05,
3.149873e-08,
0.002316233,
5.529672e-06,
0,
0,
8.642033e-09,
0,
0,
1.683335e-10,
1.603889e-05,
7.465202e-08,
0,
1.119396e-07,
4.293444e-09,
0,
0,
3.730604e-12,
1.209905e-11,
0.0005452241,
0.8811617,
0,
0,
2.061931e-05,
0,
0.007777397,
0.0002512304,
0.09838803,
0.003675274,
0,
0,
0.0001404502,
0,
0,
2.503363e-05,
0.007183471,
0.0006693503,
0,
0.0006001143,
9.931058e-05,
0,
0,
2.913256e-06,
5.100129e-06,
0,
0.9049619,
0,
0,
3.299869e-05,
0,
0.005521239,
0.0005301483,
0.0795328,
0.002254248,
0,
0,
0.0001941402,
0,
0,
1.9451e-05,
0.005248466,
0.0004999214,
0,
0.001013587,
0.0001798534,
0,
0,
5.87461e-06,
5.305079e-06,
0,
0.4453197,
0,
0,
0.00033175,
0,
0.03587292,
0.005561428,
0.3343513,
0.04475314,
0,
0,
0.006806558,
0,
0,
0.001040273,
0.07648344,
0.02588982,
0,
0.01361891,
0.007350918,
0,
0,
0.0009720053,
0.001647789,
1.225223e-07,
0.1081855,
0,
0,
0.0003253758,
0,
0.0378891,
0.007392752,
0.3198706,
0.08501644,
0,
0,
0.02045727,
0,
0,
0.007315761,
0.1458218,
0.1064064,
0,
0.04916637,
0.05054506,
0,
0,
0.02225898,
0.03915709,
0.0001915457,
0.1364596,
0,
0,
0.001623127,
0,
0.03987283,
0.003014179,
0.3430331,
0.08442282,
0,
0,
0.00630723,
0,
0,
0.01578534,
0.1522684,
0.1107155,
0,
0.01873183,
0.0235685,
0,
0,
0.01746231,
0.04662983,
0.0001053193,
0.05183853,
0,
0,
0.009844986,
0,
0.02614951,
0.001184649,
0.3216513,
0.08024412,
0,
0,
0.005631789,
0,
0,
0.05264672,
0.1619209,
0.1461581,
0,
0.0144284,
0.02329764,
0,
0,
0.02283499,
0.0821566,
1.178095e-05,
0.5462793,
0,
0,
0.0001477005,
0,
0.0293485,
0.000382533,
0.3059169,
0.03185995,
0,
0,
0.0006116538,
0,
0,
0.0009280205,
0.05957357,
0.0181941,
0,
0.002542323,
0.001964942,
0,
0,
0.0005375315,
0.001570764,
0.0001422164,
0.8051128,
0,
0,
5.946373e-05,
0,
0.01006424,
2.645493e-05,
0.1530169,
0.006955025,
0,
0,
6.468991e-05,
0,
0,
0.0001627078,
0.01525879,
0.002786526,
0,
0.0003913314,
0.0002534682,
0,
0,
4.59795e-05,
0.0001276299,
0.005674079,
0.6537286,
0,
0,
0.0001674164,
0,
0.02222871,
3.594039e-05,
0.2516785,
0.02018512,
0,
0,
0.0001314551,
0,
0,
0.0006599437,
0.03948396,
0.00971385,
0,
0.0006129643,
0.000564797,
0,
0,
0.0001650867,
0.0005129476,
0.0001306584,
0.9919313,
0,
0,
3.993997e-12,
0,
0.0003377906,
3.105936e-13,
0.005681996,
4.812321e-05,
0,
0,
2.38037e-12,
0,
0,
1.880898e-12,
0.0001036408,
1.177387e-06,
0,
7.523757e-11,
6.967889e-11,
0,
0,
4.184881e-12,
1.771551e-12,
0.001895969,
0.8359527,
0,
0,
6.877675e-05,
0,
0.006791223,
0.01554453,
0.1071046,
0.003744024,
0,
0,
0.003442667,
0,
0,
8.775453e-05,
0.008050318,
0.000958859,
0,
0.01261562,
0.00105285,
0,
0,
1.794197e-05,
0.003403671,
0.001164479,
0.04887893,
0,
0,
0.006175809,
0,
0.02593793,
0.01860246,
0.2902337,
0.07851503,
0,
0,
0.03791164,
0,
0,
0.0405402,
0.1448139,
0.1219998,
0,
0.06965382,
0.04969349,
0,
0,
0.014968,
0.0516704,
0.0004048981,
0.2404753,
0,
0,
0.002180294,
0,
0.03821319,
0.004585731,
0.3387602,
0.06215211,
0,
0,
0.01384477,
0,
0,
0.011028,
0.115905,
0.0640016,
0,
0.03779857,
0.03232254,
0,
0,
0.01096392,
0.02604588,
0.001722956,
0.7338635,
0,
0,
0.0004347739,
0,
0.01300742,
0.01144125,
0.1801489,
0.01011019,
0,
0,
0.00468831,
0,
0,
0.000693141,
0.02163649,
0.004493325,
0,
0.01610813,
0.00278477,
0,
0,
0.0001208594,
0.0003097558,
0.0001592565,
0.8223636,
0,
0,
2.503543e-06,
0,
0.002657415,
0.04114894,
0.0606038,
0.001450746,
0,
0,
0.008037359,
0,
0,
5.37283e-06,
0.003429509,
0.0004039737,
0,
0.05238799,
0.004334304,
0,
0,
2.656295e-06,
0.003171355,
4.741378e-07,
0.09427669,
0,
0,
0.001241656,
0,
0.04119208,
0.01094071,
0.3414449,
0.1005166,
0,
0,
0.02433115,
0,
0,
0.01652029,
0.1534024,
0.1077194,
0,
0.04258109,
0.03028487,
0,
0,
0.008558873,
0.02698574,
3.550924e-06,
0.1461062,
0,
0,
0.008498748,
0,
0.03860998,
0.02228151,
0.3088481,
0.06790807,
0,
0,
0.0446215,
0,
0,
0.02706138,
0.1099113,
0.0611584,
0,
0.08620571,
0.05257649,
0,
0,
0.01211759,
0.01408768,
7.404574e-06,
0.8646909,
0,
0,
0.0001800243,
0,
0.007031458,
0.0003500962,
0.1093589,
0.00366582,
0,
0,
0.0002366945,
0,
0,
0.0001342639,
0.008232658,
0.001067508,
0,
0.001030588,
0.0002450485,
0,
0,
1.291363e-05,
0.001877205,
0.001885962,
0.8415912,
0,
0,
2.198922e-05,
0,
0.01057416,
0.001144012,
0.1252258,
0.005670136,
0,
0,
0.0004985617,
0,
0,
3.438091e-05,
0.01149396,
0.001409136,
0,
0.001954772,
0.000349773,
0,
0,
1.312608e-05,
1.870679e-05,
3.317446e-07,
2039, 
0.1856119,
0,
0,
0.004281809,
0,
0.03635694,
0.00315658,
0.3706819,
0.08029503,
0,
0,
0.007455401,
0,
0,
0.02239768,
0.1368976,
0.08170181,
0,
0.01988608,
0.02052248,
0,
0,
0.009563664,
0.02116266,
2.855052e-05,
0.4581252,
0,
0,
0.0001230475,
0,
0.03216919,
0.001785161,
0.3402436,
0.04586101,
0,
0,
0.003382026,
0,
0,
0.001300584,
0.06724951,
0.02097115,
0,
0.011922,
0.01208211,
0,
0,
0.001501371,
0.003215517,
6.851014e-05,
0.8519917,
0,
0,
0.0001165752,
0,
0.009169623,
7.571865e-06,
0.1223311,
0.005531169,
0,
0,
2.073044e-05,
0,
0,
0.0001479445,
0.009447472,
0.00103919,
0,
0.0001160746,
4.461439e-05,
0,
0,
4.624143e-06,
1.318345e-05,
1.851418e-05,
0.4576043,
0,
0,
0.01525417,
0,
0.03130149,
0.0005774697,
0.3252344,
0.04120438,
0,
0,
0.0006426027,
0,
0,
0.01608294,
0.07560071,
0.02928653,
0,
0.001628454,
0.0008978312,
0,
0,
0.0002934672,
0.004385856,
5.389799e-06,
0.2269722,
0,
0,
0.01150142,
0,
0.02425566,
0.06167603,
0.2321624,
0.03744899,
0,
0,
0.05160475,
0,
0,
0.01710787,
0.07254478,
0.03745202,
0,
0.1186787,
0.04889674,
0,
0,
0.007705134,
0.009563101,
0.04243023,
0.7332557,
0,
0,
0.0004532084,
0,
0.01114173,
0.008538459,
0.1708368,
0.009572854,
0,
0,
0.005042737,
0,
0,
0.0005776302,
0.02186586,
0.005166092,
0,
0.01863306,
0.004459187,
0,
0,
0.0002780251,
0.0005767965,
0.009601858,
0.9974508,
0,
0,
2.528019e-09,
0,
5.492528e-05,
2.640484e-08,
0.002032496,
4.638328e-06,
0,
0,
7.482597e-09,
0,
0,
1.742493e-10,
1.362982e-05,
7.155367e-08,
0,
9.549353e-08,
3.673247e-09,
0,
0,
3.299871e-12,
2.500279e-11,
0.0004433493,
0.8937863,
0,
0,
2.056458e-05,
0,
0.006452897,
0.0002333892,
0.08853597,
0.003148937,
0,
0,
0.0001336022,
0,
0,
2.763105e-05,
0.006344741,
0.0006182209,
0,
0.0005870626,
0.0001006576,
0,
0,
3.337708e-06,
6.647985e-06,
0,
0.9153522,
0,
0,
3.092623e-05,
0,
0.004585227,
0.0004652927,
0.07119224,
0.001940814,
0,
0,
0.0001751624,
0,
0,
1.973575e-05,
0.004666225,
0.0004680615,
0,
0.0009253346,
0.0001674254,
0,
0,
5.547326e-06,
5.841644e-06,
0,
0.4677581,
0,
0,
0.0003068813,
0,
0.03237686,
0.003668443,
0.3272361,
0.04273523,
0,
0,
0.004967272,
0,
0,
0.001104317,
0.07386264,
0.0255206,
0,
0.01171677,
0.005775552,
0,
0,
0.00104414,
0.001927031,
1.015877e-07,
0.1090636,
0,
0,
0.0003614394,
0,
0.03458882,
0.006664622,
0.3152325,
0.08464548,
0,
0,
0.02046567,
0,
0,
0.008708598,
0.1449272,
0.1086283,
0,
0.04927986,
0.05214671,
0,
0,
0.02394026,
0.04119009,
0.0001569259,
0.1367144,
0,
0,
0.001716884,
0,
0.03646583,
0.002622959,
0.3373235,
0.08408248,
0,
0,
0.006213912,
0,
0,
0.0177912,
0.1519824,
0.1140367,
0,
0.0183506,
0.02400252,
0,
0,
0.01902594,
0.04958449,
8.619063e-05,
0.0517387,
0,
0,
0.01074194,
0,
0.02400184,
0.001434092,
0.3014725,
0.07955617,
0,
0,
0.006815673,
0,
0,
0.05978196,
0.1569328,
0.1471036,
0,
0.01701291,
0.02645029,
0,
0,
0.02519217,
0.09175555,
9.817219e-06,
0.5581511,
0,
0,
0.0001623766,
0,
0.02635177,
0.0003323789,
0.2984556,
0.03088631,
0,
0,
0.00058736,
0,
0,
0.00113238,
0.05844421,
0.01859604,
0,
0.00245083,
0.0019495,
0,
0,
0.0005846336,
0.001798828,
0.000116637,
0.8120813,
0,
0,
5.989692e-05,
0,
0.00895898,
2.860411e-05,
0.1482616,
0.006761544,
0,
0,
7.402302e-05,
0,
0,
0.0001886862,
0.01518735,
0.002940606,
0,
0.0004410811,
0.0002803812,
0,
0,
5.23938e-05,
0.0001501605,
0.004533447,
0.6664405,
0,
0,
0.0001796628,
0,
0.01965742,
3.927612e-05,
0.2430978,
0.01921512,
0,
0,
0.0001431665,
0,
0,
0.0007972757,
0.03833686,
0.009906106,
0,
0.0006670729,
0.0005956351,
0,
0,
0.0001750197,
0.0006437804,
0.0001052973,
0.993444,
0,
0,
3.155329e-12,
0,
0.0002706961,
2.546104e-13,
0.004610992,
3.857937e-05,
0,
0,
1.974719e-12,
0,
0,
1.548506e-12,
8.312624e-05,
9.44255e-07,
0,
6.307975e-11,
5.77364e-11,
0,
0,
3.455861e-12,
2.084877e-12,
0.001551611,
0.8540528,
0,
0,
6.726367e-05,
0,
0.00603141,
0.009491473,
0.1032818,
0.003558188,
0,
0,
0.002443883,
0,
0,
9.460043e-05,
0.007814538,
0.0009882492,
0,
0.009046873,
0.000922105,
0,
0,
1.98284e-05,
0.001235437,
0.0009515703,
0.05043658,
0,
0,
0.006921609,
0,
0.02383953,
0.01862595,
0.27835,
0.07781681,
0,
0,
0.03971701,
0,
0,
0.04674036,
0.1408553,
0.1214874,
0,
0.07317885,
0.05307734,
0,
0,
0.01635079,
0.05227249,
0.0003299678,
0.2407277,
0,
0,
0.002362241,
0,
0.03508409,
0.004692811,
0.3325487,
0.06212596,
0,
0,
0.01472227,
0,
0,
0.01283006,
0.1157436,
0.06629402,
0,
0.04002487,
0.03441456,
0,
0,
0.01196623,
0.02506009,
0.001402727,
0.7438945,
0,
0,
0.0004426619,
0,
0.01163771,
0.009437826,
0.1760192,
0.009886825,
0,
0,
0.004062274,
0,
0,
0.0007803795,
0.02166441,
0.004808979,
0,
0.0140806,
0.002641211,
0,
0,
0.0001417396,
0.0003706471,
0.0001310585,
0.8474197,
0,
0,
2.248081e-06,
0,
0.002478584,
0.03175779,
0.06175093,
0.001499957,
0,
0,
0.006185422,
0,
0,
5.208085e-06,
0.003673873,
0.0004749399,
0,
0.04031143,
0.003315744,
0,
0,
3.5244e-06,
0.001120201,
3.879137e-07,
0.09632083,
0,
0,
0.00130904,
0,
0.03736039,
0.01064699,
0.335937,
0.09918173,
0,
0,
0.02491028,
0,
0,
0.01878633,
0.1512675,
0.1085317,
0,
0.04414606,
0.03225579,
0,
0,
0.009423897,
0.02991951,
2.932333e-06,
0.1411295,
0,
0,
0.008715909,
0,
0.03436299,
0.0230978,
0.2955934,
0.06635836,
0,
0,
0.04772773,
0,
0,
0.02987815,
0.1078404,
0.06322914,
0,
0.09310328,
0.0579513,
0,
0,
0.01389953,
0.01710653,
6.058073e-06,
0.8738448,
0,
0,
0.0001761888,
0,
0.00604743,
0.0003220102,
0.1025784,
0.003382249,
0,
0,
0.0002222588,
0,
0,
0.0001424012,
0.007865038,
0.001090905,
0,
0.0009831418,
0.00024043,
0,
0,
1.377014e-05,
0.001534534,
0.001556406,
0.8583406,
0,
0,
2.120722e-05,
0,
0.008806061,
0.0009618336,
0.1129305,
0.004875244,
0,
0,
0.0004324448,
0,
0,
3.685209e-05,
0.01020531,
0.001304834,
0,
0.001726152,
0.0003229928,
0,
0,
1.336446e-05,
2.242589e-05,
2.66327e-07,
2040, 
0.1926915,
0,
0,
0.004389796,
0,
0.03386601,
0.002655158,
0.3668249,
0.08008289,
0,
0,
0.006845088,
0,
0,
0.02477016,
0.1359644,
0.08273202,
0,
0.01842954,
0.02011346,
0,
0,
0.01005577,
0.02055728,
2.202729e-05,
0.472115,
0,
0,
0.0001186651,
0,
0.02942105,
0.001410448,
0.336971,
0.04497796,
0,
0,
0.002682137,
0,
0,
0.001459981,
0.06697011,
0.02158516,
0,
0.009471486,
0.009683209,
0,
0,
0.001315657,
0.001765188,
5.29498e-05,
0.8629035,
0,
0,
0.0001189296,
0,
0.007686649,
1.383229e-05,
0.1141317,
0.004917615,
0,
0,
3.522116e-05,
0,
0,
0.0001759658,
0.00869818,
0.00101602,
0,
0.0001932617,
7.116309e-05,
0,
0,
6.472316e-06,
1.793119e-05,
1.35021e-05,
0.4655524,
0,
0,
0.01488157,
0,
0.02822533,
0.0005110429,
0.3187423,
0.04024531,
0,
0,
0.0005937765,
0,
0,
0.01695631,
0.07550247,
0.0306289,
0,
0.001552497,
0.000934133,
0,
0,
0.0003536862,
0.00531609,
4.191907e-06,
0.2305362,
0,
0,
0.01136817,
0,
0.02215751,
0.05574904,
0.2288807,
0.03715933,
0,
0,
0.04986265,
0,
0,
0.01830919,
0.07281736,
0.03913325,
0,
0.1165682,
0.05018071,
0,
0,
0.008527328,
0.01129152,
0.04745876,
0.7432027,
0,
0,
0.0004196478,
0,
0.009945504,
0.007234496,
0.1664978,
0.009286538,
0,
0,
0.004600138,
0,
0,
0.0005941278,
0.02169749,
0.005359561,
0,
0.01726646,
0.004399388,
0,
0,
0.0003029221,
0.0005915175,
0.008601612,
0.9978163,
0,
0,
1.985521e-09,
0,
4.395943e-05,
2.141104e-08,
0.001782691,
3.85257e-06,
0,
0,
6.308769e-09,
0,
0,
1.989043e-10,
1.157385e-05,
7.005677e-08,
0,
7.971628e-08,
3.165767e-09,
0,
0,
5.456852e-12,
5.067516e-11,
0.0003414746,
0.9052032,
0,
0,
2.015312e-05,
0,
0.00527919,
0.0002170734,
0.07957708,
0.002676229,
0,
0,
0.0001267257,
0,
0,
3.014706e-05,
0.005597166,
0.00057352,
0,
0.0005834245,
0.0001035782,
0,
0,
3.903775e-06,
8.569983e-06,
0,
0.9249794,
0,
0,
2.836387e-05,
0,
0.003750211,
0.0003999182,
0.06347384,
0.001653422,
0,
0,
0.0001541913,
0,
0,
1.979292e-05,
0.004120996,
0.000434221,
0,
0.0008226983,
0.0001513384,
0,
0,
5.090689e-06,
6.492678e-06,
0,
0.4872125,
0,
0,
0.0002790688,
0,
0.02873417,
0.003361399,
0.3178266,
0.04035969,
0,
0,
0.004700942,
0,
0,
0.001172827,
0.07077401,
0.02499045,
0,
0.01143073,
0.005806887,
0,
0,
0.001120024,
0.002230563,
8.065315e-08,
0.1098072,
0,
0,
0.0004008573,
0,
0.03151885,
0.005972218,
0.3107248,
0.08415509,
0,
0,
0.02040316,
0,
0,
0.01023886,
0.1439031,
0.1104327,
0,
0.04925734,
0.05348983,
0,
0,
0.02542983,
0.04414384,
0.0001223061,
0.1367445,
0,
0,
0.001792609,
0,
0.03325772,
0.002310918,
0.3313,
0.08345555,
0,
0,
0.006301282,
0,
0,
0.01975988,
0.1512618,
0.1166564,
0,
0.01843972,
0.02472697,
0,
0,
0.02045271,
0.05347289,
6.706196e-05,
0.0514296,
0,
0,
0.01165814,
0,
0.02195877,
0.001735006,
0.2825255,
0.07851169,
0,
0,
0.008153101,
0,
0,
0.06700058,
0.1518684,
0.1473079,
0,
0.01990901,
0.02972354,
0,
0,
0.02740035,
0.1008105,
7.853487e-06,
0.5690529,
0,
0,
0.0001821685,
0,
0.02359894,
0.0003053049,
0.2913238,
0.02989396,
0,
0,
0.0006000068,
0,
0,
0.001378742,
0.05738065,
0.01897761,
0,
0.002502269,
0.001996731,
0,
0,
0.0006348012,
0.002080991,
9.105763e-05,
0.8184828,
0,
0,
6.002516e-05,
0,
0.007955813,
3.79609e-05,
0.1438864,
0.006564549,
0,
0,
9.385711e-05,
0,
0,
0.0002187798,
0.01511458,
0.003084485,
0,
0.0005447763,
0.0003237779,
0,
0,
6.030213e-05,
0.0001790356,
0.003392816,
0.6772303,
0,
0,
0.0001940115,
0,
0.01734916,
5.797284e-05,
0.2354753,
0.01834668,
0,
0,
0.0001873666,
0,
0,
0.0009615584,
0.03740527,
0.01014946,
0,
0.0008590604,
0.0006931623,
0,
0,
0.0001978938,
0.0008128615,
7.99361e-05,
0.9947961,
0,
0,
2.552857e-12,
0,
0.0002127954,
2.017183e-13,
0.003687314,
3.035085e-05,
0,
0,
1.668745e-12,
0,
0,
1.382814e-12,
6.546049e-05,
7.439384e-07,
0,
5.780289e-11,
4.827237e-11,
0,
0,
2.775951e-12,
3.314379e-12,
0.001207252,
0.8645255,
0,
0,
6.405074e-05,
0,
0.005218563,
0.007803672,
0.09854198,
0.003335325,
0,
0,
0.002150083,
0,
0,
0.0001004991,
0.007519028,
0.001013958,
0,
0.008044843,
0.0008948861,
0,
0,
2.192013e-05,
2.703618e-05,
0.0007386617,
0.05184215,
0,
0,
0.007710449,
0,
0.02185342,
0.0183963,
0.2668186,
0.07687897,
0,
0,
0.04110866,
0,
0,
0.05308223,
0.1368117,
0.1205408,
0,
0.07611945,
0.05621284,
0,
0,
0.01776988,
0.05459946,
0.0002550374,
0.2410289,
0,
0,
0.002551239,
0,
0.03218045,
0.004735603,
0.3267018,
0.06197134,
0,
0,
0.01538395,
0,
0,
0.01477448,
0.1154771,
0.06830565,
0,
0.04173587,
0.03610246,
0,
0,
0.01286026,
0.02510845,
0.001082497,
0.7527456,
0,
0,
0.0004400027,
0,
0.01040725,
0.007629548,
0.172441,
0.009685793,
0,
0,
0.003472897,
0,
0,
0.0008629746,
0.02176786,
0.005141168,
0,
0.01218241,
0.00250244,
0,
0,
0.0001668028,
0.0004513405,
0.0001028605,
0.8688672,
0,
0,
1.981678e-06,
0,
0.002323179,
0.02327488,
0.06304209,
0.001554739,
0,
0,
0.0045202,
0,
0,
4.937318e-06,
0.003950427,
0.0005569099,
0,
0.02945916,
0.002412731,
0,
0,
4.962684e-06,
2.631627e-05,
3.016896e-07,
0.09838911,
0,
0,
0.001362613,
0,
0.03387624,
0.01013876,
0.3310469,
0.09785756,
0,
0,
0.02509364,
0,
0,
0.02103474,
0.1493365,
0.1092458,
0,
0.04516403,
0.03403724,
0,
0,
0.01033856,
0.03307596,
2.313741e-06,
0.1366022,
0,
0,
0.00873995,
0,
0.03054083,
0.0233996,
0.2839235,
0.06500959,
0,
0,
0.04999099,
0,
0,
0.03245649,
0.1062771,
0.06549224,
0,
0.09859785,
0.062766,
0,
0,
0.0157247,
0.02047421,
4.71157e-06,
0.8823645,
0,
0,
0.000167791,
0,
0.00516012,
0.0002918332,
0.09627611,
0.003111162,
0,
0,
0.0002067376,
0,
0,
0.000148194,
0.007516041,
0.001110172,
0,
0.000939317,
0.0002376719,
0,
0,
1.510225e-05,
0.001228366,
0.00122685,
0.8736644,
0,
0,
2.007813e-05,
0,
0.007229843,
0.0007936101,
0.1016418,
0.004154352,
0,
0,
0.0003691873,
0,
0,
3.913075e-05,
0.009032643,
0.001207495,
0,
0.001510011,
0.000296504,
0,
0,
1.37669e-05,
2.693652e-05,
2.009093e-07,
2041, 
0.1986174,
0,
0,
0.004447011,
0,
0.03150077,
0.002184536,
0.3624945,
0.07958566,
0,
0,
0.006246225,
0,
0,
0.02706139,
0.1347343,
0.0834137,
0,
0.01701731,
0.0196605,
0,
0,
0.01048786,
0.02253342,
1.550406e-05,
0.4834335,
0,
0,
0.0001138274,
0,
0.02689431,
0.001086474,
0.3334833,
0.04405735,
0,
0,
0.00207702,
0,
0,
0.001640893,
0.06675417,
0.02223327,
0,
0.007346752,
0.007604096,
0,
0,
0.001170322,
0.002067336,
3.738944e-05,
0.8716619,
0,
0,
0.0001207038,
0,
0.006436972,
2.112063e-05,
0.1075215,
0.004414436,
0,
0,
5.232073e-05,
0,
0,
0.0002082318,
0.008124207,
0.001012212,
0,
0.0002835919,
0.0001020541,
0,
0,
8.670626e-06,
2.358458e-05,
8.490013e-06,
0.4720793,
0,
0,
0.01419942,
0,
0.02551875,
0.0004547785,
0.3129759,
0.03933484,
0,
0,
0.0006042574,
0,
0,
0.01761233,
0.07549128,
0.03192588,
0,
0.001728045,
0.001206887,
0,
0,
0.0005196936,
0.006345634,
2.994014e-06,
0.2337868,
0,
0,
0.0110105,
0,
0.02034257,
0.05008023,
0.2263804,
0.03693055,
0,
0,
0.04787488,
0,
0,
0.01934831,
0.07325687,
0.04081298,
0,
0.1138715,
0.05111995,
0,
0,
0.009347967,
0.01321932,
0.05261717,
0.7521933,
0,
0,
0.0003792919,
0,
0.008895935,
0.006055455,
0.1626763,
0.0090071,
0,
0,
0.004163335,
0,
0,
0.0006060648,
0.02154925,
0.005539344,
0,
0.0159156,
0.004314723,
0,
0,
0.0003288453,
0.0006260797,
0.0077494,
0.9981346,
0,
0,
1.589421e-09,
0,
3.486895e-05,
1.684226e-08,
0.001577697,
3.197677e-06,
0,
0,
5.182178e-09,
0,
0,
2.625515e-10,
9.943615e-06,
7.190715e-08,
0,
6.546674e-08,
2.80275e-09,
0,
0,
1.060987e-11,
1.011641e-10,
0.0002395999,
0.9150867,
0,
0,
1.955984e-05,
0,
0.004279283,
0.0002002679,
0.07178453,
0.002269087,
0,
0,
0.0001196655,
0,
0,
3.271141e-05,
0.004962046,
0.0005374316,
0,
0.0005851911,
0.0001079187,
0,
0,
4.630605e-06,
1.095684e-05,
0,
0.9335425,
0,
0,
2.547315e-05,
0,
0.003033214,
0.0003354597,
0.05661814,
0.001400293,
0,
0,
0.0001323766,
0,
0,
1.972793e-05,
0.003633195,
0.0004012994,
0,
0.0007130399,
0.0001333048,
0,
0,
4.585193e-06,
7.363164e-06,
0,
0.5048511,
0,
0,
0.0002489312,
0,
0.02550723,
0.003032204,
0.3092093,
0.03812769,
0,
0,
0.004416087,
0,
0,
0.001251706,
0.06802899,
0.02454321,
0,
0.01116588,
0.005851275,
0,
0,
0.001202701,
0.002563649,
5.971856e-08,
0.1103005,
0,
0,
0.0004408626,
0,
0.02873297,
0.005327355,
0.3063848,
0.08354869,
0,
0,
0.02023572,
0,
0,
0.01186295,
0.1427659,
0.1118338,
0,
0.04900894,
0.05445102,
0,
0,
0.02666895,
0.04834991,
8.768628e-05,
0.136342,
0,
0,
0.001848556,
0,
0.03030039,
0.002075918,
0.324863,
0.08250733,
0,
0,
0.006579362,
0,
0,
0.0216434,
0.150048,
0.1185189,
0,
0.01903635,
0.02581161,
0,
0,
0.02179728,
0.05857993,
4.79333e-05,
0.05082843,
0,
0,
0.01257173,
0,
0.02006345,
0.002098555,
0.2649308,
0.07707659,
0,
0,
0.009687267,
0,
0,
0.07415979,
0.146725,
0.1467276,
0,
0.02323364,
0.03322578,
0,
0,
0.02949687,
0.1091686,
5.889755e-06,
0.5783632,
0,
0,
0.0002070801,
0,
0.02116683,
0.0002966646,
0.2848542,
0.02893715,
0,
0,
0.0006474881,
0,
0,
0.001669611,
0.05647058,
0.01937161,
0,
0.002698912,
0.002124609,
0,
0,
0.0006971669,
0.002429319,
6.547823e-05,
0.8238592,
0,
0,
6.018633e-05,
0,
0.007089535,
5.077714e-05,
0.1402453,
0.006388361,
0,
0,
0.0001213244,
0,
0,
0.0002541674,
0.01508535,
0.003228542,
0,
0.0006923314,
0.0003860132,
0,
0,
7.10053e-05,
0.0002157063,
0.002252184,
0.6854715,
0,
0,
0.000211444,
0,
0.0153664,
8.440796e-05,
0.2292124,
0.01762636,
0,
0,
0.0002554672,
0,
0,
0.001158371,
0.03677978,
0.01047737,
0,
0.001163958,
0.0008624535,
0,
0,
0.0002408102,
0.001034699,
5.457495e-05,
0.9959685,
0,
0,
2.040658e-12,
0,
0.0001649872,
1.533111e-13,
0.002928596,
2.356734e-05,
0,
0,
1.452994e-12,
0,
0,
1.622312e-12,
5.092804e-05,
5.798181e-07,
0,
5.856415e-11,
4.24299e-11,
0,
0,
2.321981e-12,
6.943704e-12,
0.0008628942,
0.8727507,
0,
0,
5.977961e-05,
0,
0.004505513,
0.006287387,
0.09442258,
0.003136895,
0,
0,
0.001866993,
0,
0,
0.0001060651,
0.007283817,
0.00104663,
0,
0.007084811,
0.0008637221,
0,
0,
2.444754e-05,
3.490606e-05,
0.0005257532,
0.05296993,
0,
0,
0.00855341,
0,
0.01998845,
0.0179476,
0.2553867,
0.07561137,
0,
0,
0.04208475,
0,
0,
0.0595214,
0.1325578,
0.1190721,
0,
0.07847431,
0.05911233,
0,
0,
0.01925507,
0.05928469,
0.0001801071,
0.2410997,
0,
0,
0.002748172,
0,
0.02956025,
0.004708558,
0.3212833,
0.06169277,
0,
0,
0.01579565,
0,
0,
0.01684926,
0.1151254,
0.07004784,
0,
0.04286512,
0.037373,
0,
0,
0.01366721,
0.02642151,
0.000762268,
0.759883,
0,
0,
0.000429754,
0,
0.009357281,
0.00602444,
0.1697507,
0.00953402,
0,
0,
0.002930305,
0,
0,
0.000942331,
0.02199445,
0.005501992,
0,
0.01044383,
0.002379019,
0,
0,
0.0001976059,
0.0005566246,
7.466256e-05,
0.8815585,
0,
0,
1.691857e-06,
0,
0.002160837,
0.01769335,
0.06416653,
0.001610798,
0,
0,
0.003453706,
0,
0,
4.561475e-06,
0.00425118,
0.0006516484,
0,
0.02252416,
0.001877615,
0,
0,
7.113413e-06,
3.813799e-05,
2.154655e-07,
0.1003024,
0,
0,
0.001404262,
0,
0.03080274,
0.00946983,
0.3266616,
0.09651216,
0,
0,
0.02494927,
0,
0,
0.02323105,
0.1475715,
0.1098328,
0,
0.04574093,
0.0356876,
0,
0,
0.01132106,
0.03651112,
1.695149e-06,
0.1324404,
0,
0,
0.008597362,
0,
0.02721529,
0.0232353,
0.2739691,
0.06387204,
0,
0,
0.05138936,
0,
0,
0.0347694,
0.1052349,
0.06792457,
0,
0.1026127,
0.0669572,
0,
0,
0.01758678,
0.02419235,
3.365067e-06,
0.8898721,
0,
0,
0.0001564316,
0,
0.00439321,
0.0002589619,
0.09075736,
0.002866582,
0,
0,
0.0001902747,
0,
0,
0.0001523886,
0.007212567,
0.001129648,
0,
0.0008966477,
0.0002369523,
0,
0,
1.700438e-05,
0.0009626171,
0.0008972943,
0.8871306,
0,
0,
1.875061e-05,
0,
0.005876346,
0.0006417115,
0.09169149,
0.003525391,
0,
0,
0.0003105361,
0,
0,
4.137685e-05,
0.008010034,
0.001121948,
0,
0.001312901,
0.0002719328,
0,
0,
1.43897e-05,
3.242245e-05,
1.354917e-07,
2042, 
0.2035641,
0,
0,
0.004450609,
0,
0.02945867,
0.001770883,
0.3588617,
0.07902184,
0,
0,
0.005709572,
0,
0,
0.0292486,
0.1336152,
0.08391261,
0,
0.01577944,
0.01924576,
0,
0,
0.01085718,
0.02449487,
8.980826e-06,
0.4923247,
0,
0,
0.0001086241,
0,
0.02473315,
0.000830646,
0.3304902,
0.04321348,
0,
0,
0.001600479,
0,
0,
0.001846842,
0.06674597,
0.02294515,
0,
0.005664056,
0.005956958,
0,
0,
0.001078678,
0.002439343,
2.18291e-05,
0.8781359,
0,
0,
0.0001214123,
0,
0.005440352,
2.92318e-05,
0.1026054,
0.004029725,
0,
0,
7.157909e-05,
0,
0,
0.0002439188,
0.007730898,
0.001026449,
0,
0.000384329,
0.0001362174,
0,
0,
1.111992e-05,
2.994407e-05,
3.47793e-06,
0.4771518,
0,
0,
0.01322664,
0,
0.02322071,
0.0004095275,
0.3080461,
0.03848847,
0,
0,
0.0006632492,
0,
0,
0.01804745,
0.07557562,
0.03316654,
0,
0.002106602,
0.001649492,
0,
0,
0.0007561838,
0.00748981,
1.796121e-06,
0.2365751,
0,
0,
0.01043735,
0,
0.01883535,
0.04476889,
0.2246196,
0.03675184,
0,
0,
0.04572263,
0,
0,
0.02020732,
0.07382678,
0.04244569,
0,
0.110765,
0.05178594,
0,
0,
0.01018755,
0.01534154,
0.05772944,
0.7600518,
0,
0,
0.0003331594,
0,
0.008009369,
0.005020916,
0.1594493,
0.00874077,
0,
0,
0.003740947,
0,
0,
0.0006148625,
0.02142845,
0.005705196,
0,
0.01460465,
0.004207298,
0,
0,
0.0003560075,
0.0006837343,
0.007053511,
0.9984,
0,
0,
1.269592e-09,
0,
2.782663e-05,
1.384813e-08,
0.001422766,
2.687972e-06,
0,
0,
4.38277e-09,
0,
0,
3.954991e-10,
8.787022e-06,
7.882613e-08,
0,
5.65959e-08,
2.772585e-09,
0,
0,
2.094928e-11,
1.987564e-10,
0.0001377251,
0.9232892,
0,
0,
1.878113e-05,
0,
0.003469211,
0.0001828242,
0.06527363,
0.001934137,
0,
0,
0.0001124108,
0,
0,
3.532014e-05,
0.004448645,
0.0005103268,
0,
0.0005923039,
0.0001137432,
0,
0,
5.52742e-06,
1.388113e-05,
0,
0.9409088,
0,
0,
2.226706e-05,
0,
0.00244575,
0.0002723313,
0.05073152,
0.001185668,
0,
0,
0.0001098847,
0,
0,
1.955112e-05,
0.00321083,
0.0003698319,
0,
0.0005974056,
0.0001136161,
0,
0,
4.052986e-06,
8.49249e-06,
0,
0.5204045,
0,
0,
0.0002163295,
0,
0.02274122,
0.00268122,
0.3014952,
0.03607222,
0,
0,
0.00412088,
0,
0,
0.001339608,
0.06565792,
0.02417862,
0,
0.01094777,
0.005925324,
0,
0,
0.001292865,
0.002926262,
3.878397e-08,
0.1106796,
0,
0,
0.0004760984,
0,
0.02637338,
0.004755124,
0.3027999,
0.08295794,
0,
0,
0.02002713,
0,
0,
0.01348525,
0.1417347,
0.1128917,
0,
0.04866869,
0.05511963,
0,
0,
0.02766155,
0.05231631,
5.306649e-05,
0.1357395,
0,
0,
0.001877594,
0,
0.0277413,
0.001929924,
0.3187343,
0.08138911,
0,
0,
0.007046408,
0,
0,
0.02339921,
0.1485846,
0.1196881,
0,
0.02014217,
0.0272482,
0,
0,
0.02301589,
0.06343488,
2.880463e-05,
0.04993284,
0,
0,
0.01345513,
0,
0.01833603,
0.002512401,
0.2488952,
0.07525504,
0,
0,
0.01139036,
0,
0,
0.08117659,
0.1415358,
0.1453146,
0,
0.02695562,
0.03699401,
0,
0,
0.03154066,
0.1167016,
3.926023e-06,
0.5859492,
0,
0,
0.0002366891,
0,
0.01909139,
0.0003027534,
0.2791679,
0.028034,
0,
0,
0.0007197442,
0,
0,
0.002006566,
0.05573784,
0.01978037,
0,
0.00300049,
0.00230991,
0,
0,
0.0007666852,
0.00285659,
3.989884e-05,
0.8281029,
0,
0,
6.037081e-05,
0,
0.006374871,
6.534508e-05,
0.1374355,
0.006238793,
0,
0,
0.0001537426,
0,
0,
0.0002955552,
0.01510751,
0.003373412,
0,
0.0008708311,
0.0004634037,
0,
0,
8.437893e-05,
0.0002618451,
0.001111552,
0.6909766,
0,
0,
0.0002322088,
0,
0.01374037,
0.0001144029,
0.2244364,
0.01707103,
0,
0,
0.0003385798,
0,
0,
0.001392729,
0.0364937,
0.01090342,
0,
0.00154651,
0.001091188,
0,
0,
0.0003053989,
0.001328173,
2.921382e-05,
0.9969441,
0,
0,
1.555497e-12,
0,
0.0001281604,
1.342151e-13,
0.002350558,
1.835701e-05,
0,
0,
1.565817e-12,
0,
0,
2.820921e-12,
3.981287e-05,
4.55381e-07,
0,
7.307559e-11,
4.642749e-11,
0,
0,
2.476271e-12,
1.640795e-11,
0.0005185357,
0.8795167,
0,
0,
5.450986e-05,
0,
0.003926039,
0.004964971,
0.09123222,
0.00297595,
0,
0,
0.001599414,
0,
0,
0.0001116169,
0.007133862,
0.001088813,
0,
0.006180798,
0.0008291241,
0,
0,
2.75512e-05,
4.564643e-05,
0.0003128446,
0.05391546,
0,
0,
0.009443639,
0,
0.01840419,
0.01729777,
0.2454338,
0.07428209,
0,
0,
0.04263612,
0,
0,
0.06601033,
0.1286978,
0.1174655,
0,
0.08021522,
0.06172854,
0,
0,
0.02078916,
0.06357523,
0.0001051768,
0.2412337,
0,
0,
0.00294771,
0,
0.02733272,
0.004599744,
0.316838,
0.06136827,
0,
0,
0.01592373,
0,
0,
0.01904117,
0.1148332,
0.07154878,
0,
0.04333256,
0.03817072,
0,
0,
0.01436647,
0.02802109,
0.0004420386,
0.7650782,
0,
0,
0.0004118903,
0,
0.008502658,
0.004676426,
0.1679988,
0.00943619,
0,
0,
0.002454748,
0,
0,
0.001018286,
0.02234687,
0.005891115,
0,
0.008931263,
0.002279889,
0,
0,
0.0002352116,
0.0006920055,
4.646458e-05,
0.8910937,
0,
0,
1.418601e-06,
0,
0.002046109,
0.01306614,
0.06574869,
0.001682552,
0,
0,
0.00258412,
0,
0,
4.117916e-06,
0.00460323,
0.0007610046,
0,
0.01687878,
0.001465328,
0,
0,
1.0231e-05,
5.446521e-05,
1.292415e-07,
0.1020025,
0,
0,
0.00143167,
0,
0.02819794,
0.008689068,
0.3228248,
0.09515882,
0,
0,
0.02458786,
0,
0,
0.02533991,
0.1459799,
0.1102507,
0,
0.04604355,
0.0372784,
0,
0,
0.01236798,
0.03984582,
1.076558e-06,
0.1287254,
0,
0,
0.008292179,
0,
0.02443397,
0.02260714,
0.2658817,
0.06296134,
0,
0,
0.05189483,
0,
0,
0.03679795,
0.1047218,
0.07048301,
0,
0.1050514,
0.07042881,
0,
0,
0.01945904,
0.02825933,
2.018565e-06,
0.8962313,
0,
0,
0.0001422285,
0,
0.003759289,
0.0002231226,
0.0861317,
0.002653461,
0,
0,
0.0001727225,
0,
0,
0.0001551238,
0.006960996,
0.001149474,
0,
0.000853813,
0.0002382891,
0,
0,
1.955963e-05,
0.0007411776,
0.0005677387,
0.8985363,
0,
0,
1.722885e-05,
0,
0.004766758,
0.0005080857,
0.08322563,
0.002998457,
0,
0,
0.0002573857,
0,
0,
4.358209e-05,
0.007152531,
0.001049201,
0,
0.001139921,
0.0002504789,
0,
0,
1.531714e-05,
3.900769e-05,
7.007404e-08,
2043, 
0.2074535,
0,
0,
0.004433571,
0,
0.02769343,
0.001426566,
0.3556033,
0.07836729,
0,
0,
0.005284004,
0,
0,
0.03137654,
0.1325407,
0.08427583,
0,
0.01483397,
0.01900001,
0,
0,
0.01122176,
0.02648506,
4.51596e-06,
0.4988701,
0,
0,
0.0001052646,
0,
0.02291188,
0.0006201463,
0.3280708,
0.04247502,
0,
0,
0.001220905,
0,
0,
0.002087869,
0.0669624,
0.02374695,
0,
0.004328246,
0.004660268,
0,
0,
0.001036975,
0.002891693,
1.140927e-05,
0.8827243,
0,
0,
0.0001218623,
0,
0.004638741,
3.736467e-05,
0.09913523,
0.003736697,
0,
0,
9.10853e-05,
0,
0,
0.0002822895,
0.007472703,
0.001052902,
0,
0.0004852493,
0.0001700991,
0,
0,
1.350747e-05,
3.662011e-05,
1.379625e-06,
0.4806432,
0,
0,
0.01211487,
0,
0.02127493,
0.0003948944,
0.3037778,
0.03770098,
0,
0,
0.0007915429,
0,
0,
0.018323,
0.0757468,
0.03437973,
0,
0.002743535,
0.002281382,
0,
0,
0.001064868,
0.008761557,
8.979006e-07,
0.2386508,
0,
0,
0.009755494,
0,
0.0175648,
0.03992721,
0.2232516,
0.03658568,
0,
0,
0.04353775,
0,
0,
0.02094153,
0.07445204,
0.04403734,
0,
0.1075384,
0.05233385,
0,
0,
0.01108468,
0.01767166,
0.06266729,
0.7667557,
0,
0,
0.0002873767,
0,
0.007259939,
0.004112757,
0.1568236,
0.008492728,
0,
0,
0.00333635,
0,
0,
0.000624553,
0.021351,
0.005871062,
0,
0.01334757,
0.004089288,
0,
0,
0.0003857294,
0.0007668405,
0.006495533,
0.9986008,
0,
0,
9.930111e-10,
0,
2.193266e-05,
1.104881e-08,
0.001300099,
2.25834e-06,
0,
0,
3.611538e-09,
0,
0,
6.39638e-10,
7.930871e-06,
8.987017e-08,
0,
4.895893e-08,
2.947634e-09,
0,
0,
3.978586e-11,
3.886297e-10,
6.677921e-05,
0.9301888,
0,
0,
1.792849e-05,
0,
0.00279872,
0.00016843,
0.05976384,
0.001650418,
0,
0,
0.0001064157,
0,
0,
3.798442e-05,
0.004021679,
0.0004893117,
0,
0.0006106304,
0.0001217431,
0,
0,
6.606474e-06,
1.744359e-05,
0,
0.9472528,
0,
0,
1.927193e-05,
0,
0.001956534,
0.0002176799,
0.04566032,
0.001000812,
0,
0,
8.946124e-05,
0,
0,
1.937646e-05,
0.002843732,
0.0003409641,
0,
0.0004907445,
9.480683e-05,
0,
0,
3.514138e-06,
9.947493e-06,
0,
0.5338303,
0,
0,
0.0001901576,
0,
0.02036866,
0.002386997,
0.2944741,
0.0341641,
0,
0,
0.003894549,
0,
0,
0.001448034,
0.06358352,
0.02388751,
0,
0.01094737,
0.006101559,
0,
0,
0.001399812,
0.003323312,
2.234679e-08,
0.1108649,
0,
0,
0.0005064972,
0,
0.02436773,
0.004276148,
0.2996979,
0.08234014,
0,
0,
0.01984658,
0,
0,
0.01503516,
0.1407315,
0.1136564,
0,
0.04839373,
0.05566393,
0,
0,
0.02849606,
0.05609556,
2.77822e-05,
0.1348433,
0,
0,
0.001894614,
0,
0.02551831,
0.001860543,
0.3127166,
0.08009432,
0,
0,
0.007676946,
0,
0,
0.02507651,
0.1468892,
0.1203285,
0,
0.02170102,
0.02903966,
0,
0,
0.02418173,
0.0681638,
1.496045e-05,
0.04875114,
0,
0,
0.01438259,
0,
0.01675966,
0.002961285,
0.2340579,
0.07309536,
0,
0,
0.01322604,
0,
0,
0.08819775,
0.1362745,
0.1432233,
0,
0.03099582,
0.04099005,
0,
0,
0.03351249,
0.1235697,
2.355367e-06,
0.5917942,
0,
0,
0.0002729034,
0,
0.01733037,
0.0003197881,
0.2742459,
0.02719571,
0,
0,
0.0008132734,
0,
0,
0.002394387,
0.05519795,
0.02023719,
0,
0.003394854,
0.002554051,
0,
0,
0.0008498775,
0.003377354,
2.210931e-05,
0.8309348,
0,
0,
6.120529e-05,
0,
0.005777582,
8.115372e-05,
0.1353455,
0.006113782,
0,
0,
0.0001903656,
0,
0,
0.0003441574,
0.01518583,
0.003527436,
0,
0.001077023,
0.0005566478,
0,
0,
0.0001011758,
0.0003195656,
0.0003837142,
0.6938848,
0,
0,
0.0002585676,
0,
0.01241458,
0.0001475932,
0.2210108,
0.01666319,
0,
0,
0.0004359812,
0,
0,
0.001672182,
0.03653792,
0.01145173,
0,
0.002005954,
0.001386563,
0,
0,
0.0003985365,
0.001718058,
1.349455e-05,
0.9977027,
0,
0,
1.139633e-12,
0,
9.741852e-05,
1.208348e-13,
0.001883738,
1.398439e-05,
0,
0,
1.848797e-12,
0,
0,
5.980925e-12,
3.056262e-05,
3.518765e-07,
0,
9.803233e-11,
5.720145e-11,
0,
0,
3.198548e-12,
3.872421e-11,
0.0002712074,
0.8848487,
0,
0,
4.897235e-05,
0,
0.0034515,
0.003830869,
0.0888955,
0.002848334,
0,
0,
0.001352889,
0,
0,
0.0001179571,
0.007063412,
0.001143381,
0,
0.005347898,
0.0007946039,
0,
0,
3.144341e-05,
6.037846e-05,
0.0001642333,
0.05462245,
0,
0,
0.01039026,
0,
0.01703273,
0.01655408,
0.2364178,
0.0728029,
0,
0,
0.04287049,
0,
0,
0.07254594,
0.125056,
0.1157374,
0,
0.08155163,
0.06422847,
0,
0,
0.02245919,
0.06767693,
5.372395e-05,
0.2412547,
0,
0,
0.003167228,
0,
0.02544104,
0.00440971,
0.3131933,
0.06100988,
0,
0,
0.01577658,
0,
0,
0.02137126,
0.1146169,
0.07290746,
0,
0.04316399,
0.03854986,
0,
0,
0.01500078,
0.02991583,
0.0002214827,
0.7684438,
0,
0,
0.0003898334,
0,
0.007811367,
0.003543855,
0.1671396,
0.009390624,
0,
0,
0.002039734,
0,
0,
0.001093247,
0.02282554,
0.006317769,
0,
0.007623882,
0.002210243,
0,
0,
0.0002812795,
0.0008643065,
2.490222e-05,
0.8980786,
0,
0,
1.151231e-06,
0,
0.001969334,
0.009260359,
0.06776019,
0.001769129,
0,
0,
0.00186416,
0,
0,
3.595906e-06,
0.005004652,
0.0008860287,
0,
0.01219447,
0.001117259,
0,
0,
1.448972e-05,
7.65414e-05,
6.458775e-08,
0.1033719,
0,
0,
0.001454299,
0,
0.02596819,
0.007924071,
0.3190837,
0.09369002,
0,
0,
0.02422403,
0,
0,
0.02737795,
0.144364,
0.1104207,
0,
0.04642834,
0.03904209,
0,
0,
0.0135518,
0.04309838,
6.030816e-07,
0.1253571,
0,
0,
0.007889902,
0,
0.02210813,
0.0216531,
0.2592959,
0.06221575,
0,
0,
0.05166207,
0,
0,
0.03860864,
0.1046108,
0.07313459,
0,
0.1061552,
0.07326666,
0,
0,
0.02134978,
0.03269143,
1.008911e-06,
0.9014468,
0,
0,
0.0001271125,
0,
0.003230347,
0.0001914454,
0.08231702,
0.002467946,
0,
0,
0.0001576256,
0,
0,
0.0001571959,
0.006760516,
0.001173067,
0,
0.0008255714,
0.0002447457,
0,
0,
2.292917e-05,
0.0005593972,
0.0003182855,
0.9081804,
0,
0,
1.580456e-05,
0,
0.003846361,
0.0003985168,
0.07602444,
0.002551139,
0,
0,
0.0002134267,
0,
0,
4.590804e-05,
0.006428863,
0.000988249,
0,
0.001007454,
0.0002358795,
0,
0,
1.666298e-05,
4.685879e-05,
3.503419e-08,
2044, 
0.2102827,
0,
0,
0.004402933,
0,
0.02618509,
0.001147617,
0.3526157,
0.07762556,
0,
0,
0.004976321,
0,
0,
0.0334613,
0.1314934,
0.08452634,
0,
0.01419722,
0.01895412,
0,
0,
0.01159916,
0.02853077,
1.746486e-06,
0.5031047,
0,
0,
0.0001039386,
0,
0.02140673,
0.0004482393,
0.3262235,
0.04185309,
0,
0,
0.0009294603,
0,
0,
0.002370369,
0.06739919,
0.02464645,
0,
0.003318254,
0.003705746,
0,
0,
0.001048265,
0.003437235,
4.83868e-06,
0.8856971,
0,
0,
0.0001219742,
0,
0.003998609,
4.601596e-05,
0.09692405,
0.003518212,
0,
0,
0.0001122984,
0,
0,
0.0003220999,
0.007315364,
0.001086023,
0,
0.0005929,
0.0002056519,
0,
0,
1.593823e-05,
4.327734e-05,
5.315435e-07,
0.4825721,
0,
0,
0.01094436,
0,
0.01964865,
0.0004128503,
0.300078,
0.0369667,
0,
0,
0.0009936123,
0,
0,
0.01848086,
0.07597619,
0.03555553,
0,
0.003657257,
0.003105807,
0,
0,
0.001444597,
0.01016318,
2.992407e-07,
0.2400194,
0,
0,
0.009022264,
0,
0.01650544,
0.03558495,
0.2222012,
0.036426,
0,
0,
0.04136475,
0,
0,
0.02159637,
0.07511409,
0.04559109,
0,
0.1042568,
0.05277421,
0,
0,
0.01203262,
0.02023189,
0.06727893,
0.7722077,
0,
0,
0.0002459396,
0,
0.006634024,
0.003332512,
0.15481,
0.008270224,
0,
0,
0.002961166,
0,
0,
0.000639627,
0.02132908,
0.006045953,
0,
0.01218096,
0.003973446,
0,
0,
0.0004190926,
0.0008790074,
0.00607128,
0.9987388,
0,
0,
7.678687e-10,
0,
1.694803e-05,
8.660683e-09,
0.001208556,
1.905581e-06,
0,
0,
2.995633e-09,
0,
0,
1.066911e-09,
7.370651e-06,
1.069098e-07,
0,
4.384145e-08,
3.4273e-09,
0,
0,
7.317288e-11,
7.648713e-10,
2.620119e-05,
0.9359161,
0,
0,
1.715013e-05,
0,
0.002244718,
0.0001589138,
0.05516175,
0.001409872,
0,
0,
0.000103112,
0,
0,
4.081879e-05,
0.003667269,
0.0004734668,
0,
0.0006445272,
0.0001326827,
0,
0,
7.897042e-06,
2.177496e-05,
0,
0.9526494,
0,
0,
1.660783e-05,
0,
0.001550295,
0.0001712608,
0.041343,
0.0008421993,
0,
0,
7.189115e-05,
0,
0,
1.932359e-05,
0.002528848,
0.0003157814,
0,
0.0003982927,
7.828488e-05,
0,
0,
3.025664e-06,
1.182754e-05,
0,
0.5451828,
0,
0,
0.000168217,
0,
0.01835841,
0.002156515,
0.2881096,
0.03240005,
0,
0,
0.00375506,
0,
0,
0.001576408,
0.06176612,
0.02365475,
0,
0.01119499,
0.006394008,
0,
0,
0.001525726,
0.003757447,
1.040536e-08,
0.1108696,
0,
0,
0.0005308965,
0,
0.02268751,
0.003890095,
0.2970426,
0.08169764,
0,
0,
0.0197122,
0,
0,
0.01645186,
0.1397428,
0.1141456,
0,
0.04821944,
0.05612077,
0,
0,
0.02918382,
0.05969369,
1.149019e-05,
0.1336334,
0,
0,
0.001902299,
0,
0.02360027,
0.001862181,
0.3067529,
0.07863503,
0,
0,
0.008463015,
0,
0,
0.02669872,
0.1449555,
0.1204685,
0,
0.02370362,
0.03121505,
0,
0,
0.02534131,
0.07276206,
6.022558e-06,
0.04729904,
0,
0,
0.01532339,
0,
0.01532531,
0.003430554,
0.2203145,
0.07063615,
0,
0,
0.01516521,
0,
0,
0.09518524,
0.1309425,
0.1405146,
0,
0.03530627,
0.04524248,
0,
0,
0.03552766,
0.1297858,
1.177638e-06,
0.5958902,
0,
0,
0.0003146829,
0,
0.01585671,
0.0003484679,
0.2700603,
0.02642694,
0,
0,
0.000931913,
0,
0,
0.00283365,
0.05484252,
0.02074675,
0,
0.003901664,
0.002876172,
0,
0,
0.0009558254,
0.004003813,
1.039283e-05,
0.832301,
0,
0,
6.297312e-05,
0,
0.005288845,
9.732385e-05,
0.134018,
0.006022296,
0,
0,
0.0002293572,
0,
0,
0.0004014671,
0.01533759,
0.003698952,
0,
0.001300456,
0.0006628419,
0,
0,
0.0001215864,
0.0003916039,
6.572346e-05,
0.6942934,
0,
0,
0.0002907937,
0,
0.01135757,
0.0001833694,
0.2188558,
0.01639463,
0,
0,
0.0005466135,
0,
0,
0.002003522,
0.0368964,
0.01212885,
0,
0.002538074,
0.001751477,
0,
0,
0.0005261218,
0.002228169,
5.256672e-06,
0.9982803,
0,
0,
7.949135e-13,
0,
7.124071e-05,
1.138603e-13,
0.001503891,
1.025984e-05,
0,
0,
2.351824e-12,
0,
0,
1.328343e-11,
2.276498e-05,
2.662118e-07,
0,
1.365275e-10,
7.76577e-11,
0,
0,
4.959422e-12,
8.912832e-11,
0.0001113138,
0.8887343,
0,
0,
4.360896e-05,
0,
0.00306896,
0.002887863,
0.08740465,
0.002754757,
0,
0,
0.001133706,
0,
0,
0.0001259624,
0.007074417,
0.001213281,
0,
0.004606159,
0.0007633098,
0,
0,
3.638269e-05,
8.065077e-05,
7.199204e-05,
0.05506647,
0,
0,
0.01132867,
0,
0.01584557,
0.01577504,
0.2281778,
0.07115378,
0,
0,
0.04289293,
0,
0,
0.07895074,
0.121573,
0.1138938,
0,
0.08264825,
0.06670552,
0,
0,
0.0242957,
0.07166895,
2.376578e-05,
0.2410547,
0,
0,
0.0033995,
0,
0.02385147,
0.004158792,
0.310206,
0.06061184,
0,
0,
0.01540876,
0,
0,
0.0238243,
0.1144491,
0.07413566,
0,
0.04248983,
0.03861042,
0,
0,
0.01560379,
0.03211115,
8.47604e-05,
0.7699764,
0,
0,
0.0003658317,
0,
0.007264616,
0.00262927,
0.167135,
0.00939828,
0,
0,
0.001692917,
0,
0,
0.001170519,
0.0234274,
0.00678616,
0,
0.006546114,
0.002178509,
0,
0,
0.0003375028,
0.001081584,
9.972993e-06,
0.9024894,
0,
0,
9.181833e-07,
0,
0.001925951,
0.006276684,
0.07021375,
0.001872913,
0,
0,
0.001294697,
0,
0,
3.065413e-06,
0.005458695,
0.001028346,
0,
0.008474995,
0.0008346118,
0,
0,
2.013629e-05,
0.0001058621,
2.149632e-08,
0.1043518,
0,
0,
0.001472508,
0,
0.02407278,
0.007221092,
0.3152601,
0.09207539,
0,
0,
0.02395677,
0,
0,
0.02934083,
0.1426468,
0.1103112,
0,
0.04704888,
0.04107083,
0,
0,
0.01489751,
0.04627323,
2.746659e-07,
0.1223243,
0,
0,
0.007427088,
0,
0.02019369,
0.02045811,
0.2540376,
0.06160153,
0,
0,
0.05079846,
0,
0,
0.04025266,
0.1048152,
0.07582287,
0,
0.106062,
0.07548241,
0,
0,
0.02324011,
0.03748364,
3.359819e-07,
0.9055085,
0,
0,
0.0001122928,
0,
0.002794374,
0.0001646626,
0.07931867,
0.002311463,
0,
0,
0.0001461299,
0,
0,
0.0001596816,
0.006615245,
0.001203016,
0,
0.0008146459,
0.0002570514,
0,
0,
2.72492e-05,
0.0004181665,
0.000148905,
0.9162339,
0,
0,
1.452463e-05,
0,
0.003087074,
0.0003109789,
0.0699732,
0.002172288,
0,
0,
0.0001788106,
0,
0,
4.845234e-05,
0.005821651,
0.0009379148,
0,
0.0009174884,
0.0002290217,
0,
0,
1.849331e-05,
5.616073e-05,
1.168029e-08,
2045, 
0.2121357,
0,
0,
0.004359002,
0,
0.02490842,
0.0009284987,
0.34984,
0.07680459,
0,
0,
0.004780584,
0,
0,
0.03550715,
0.1304599,
0.08467378,
0,
0.01385429,
0.01910526,
0,
0,
0.01199338,
0.030649,
4.02789e-07,
0.5052195,
0,
0,
0.0001044641,
0,
0.02018049,
0.0003112381,
0.3248844,
0.04133785,
0,
0,
0.0007188724,
0,
0,
0.002697589,
0.06802145,
0.02563183,
0,
0.002612185,
0.003078373,
0,
0,
0.001113149,
0.004087293,
1.312526e-06,
0.8873592,
0,
0,
0.0001214061,
0,
0.003493137,
5.462536e-05,
0.09575658,
0.003360343,
0,
0,
0.0001339072,
0,
0,
0.0003617014,
0.007229179,
0.001121043,
0,
0.0007003911,
0.0002405644,
0,
0,
1.824701e-05,
4.963666e-05,
7.172659e-08,
0.4831411,
0,
0,
0.009766222,
0,
0.0183037,
0.0004599708,
0.2968698,
0.03627423,
0,
0,
0.001256758,
0,
0,
0.01855586,
0.07623277,
0.03667926,
0,
0.004799609,
0.004082624,
0,
0,
0.001878832,
0.01169928,
0,
0.2407974,
0,
0,
0.00827843,
0,
0.01564564,
0.03168538,
0.2214809,
0.03627754,
0,
0,
0.0392104,
0,
0,
0.02221026,
0.07581138,
0.04710487,
0,
0.1009169,
0.05310109,
0,
0,
0.0130239,
0.02303739,
0.07141852,
0.7764692,
0,
0,
0.0002088169,
0,
0.006116673,
0.002673715,
0.1533628,
0.008073414,
0,
0,
0.002619443,
0,
0,
0.0006615737,
0.02136015,
0.006230888,
0,
0.01111859,
0.00386399,
0,
0,
0.0004563745,
0.001023778,
0.005760572,
0.9988213,
0,
0,
5.967591e-10,
0,
1.285333e-05,
6.583383e-09,
0.001148715,
1.631743e-06,
0,
0,
2.476686e-09,
0,
0,
1.789647e-09,
7.130074e-06,
1.318201e-07,
0,
4.061584e-08,
4.223198e-09,
0,
0,
1.301114e-10,
1.506749e-09,
8.216682e-06,
0.940648,
0,
0,
1.642775e-05,
0,
0.001789509,
0.0001524014,
0.05133571,
0.001206079,
0,
0,
0.0001015948,
0,
0,
4.381992e-05,
0.003372821,
0.0004616153,
0,
0.0006896441,
0.0001459672,
0,
0,
9.400821e-06,
2.701896e-05,
0,
0.9572125,
0,
0,
1.420319e-05,
0,
0.001215343,
0.0001312283,
0.03769229,
0.0007066165,
0,
0,
5.652257e-05,
0,
0,
1.939531e-05,
0.002260261,
0.0002940289,
0,
0.0003171474,
6.365256e-05,
0,
0,
2.582776e-06,
1.419911e-05,
0,
0.5546882,
0,
0,
0.0001497422,
0,
0.01667271,
0.001974104,
0.2823625,
0.03077076,
0,
0,
0.003687877,
0,
0,
0.001722007,
0.06016254,
0.02346097,
0,
0.01165473,
0.006792468,
0,
0,
0.001670183,
0.004231271,
2.957191e-09,
0.1107373,
0,
0,
0.0005482642,
0,
0.02130253,
0.003588545,
0.2948305,
0.08104127,
0,
0,
0.0196287,
0,
0,
0.01768208,
0.138765,
0.114371,
0,
0.04815247,
0.05650856,
0,
0,
0.02973116,
0.06310943,
3.138801e-06,
0.1321992,
0,
0,
0.001901007,
0,
0.02196448,
0.001917635,
0.300979,
0.07706822,
0,
0,
0.009342263,
0,
0,
0.02829552,
0.1428592,
0.1201917,
0,
0.02598438,
0.03360612,
0,
0,
0.02641071,
0.0772791,
1.429383e-06,
0.04562424,
0,
0,
0.01624557,
0,
0.01402595,
0.003910721,
0.2076496,
0.06794936,
0,
0,
0.01717854,
0,
0,
0.1020888,
0.1255941,
0.1372893,
0,
0.03982109,
0.04969162,
0,
0,
0.03756198,
0.1353688,
3.926215e-07,
0.5984564,
0,
0,
0.0003613354,
0,
0.01463987,
0.0003816551,
0.2665941,
0.02572829,
0,
0,
0.001056592,
0,
0,
0.00332526,
0.05466123,
0.02131037,
0,
0.004439318,
0.003222564,
0,
0,
0.001067785,
0.00475195,
3.267121e-06,
0.8323984,
0,
0,
6.551234e-05,
0,
0.004897913,
0.0001128706,
0.1334177,
0.005963861,
0,
0,
0.0002687366,
0,
0,
0.0004682865,
0.01556104,
0.00388873,
0,
0.00153068,
0.0007783608,
0,
0,
0.0001456828,
0.000481023,
2.124388e-05,
0.69244,
0,
0,
0.0003288774,
0,
0.01053336,
0.0002193721,
0.2178397,
0.01624999,
0,
0,
0.0006646026,
0,
0,
0.002393013,
0.03753883,
0.01293218,
0,
0.003116542,
0.002172604,
0,
0,
0.0006884382,
0.002880913,
1.562142e-06,
0.998691,
0,
0,
5.249898e-13,
0,
4.950431e-05,
1.138075e-13,
0.001208071,
7.179041e-06,
0,
0,
3.131104e-12,
0,
0,
2.912302e-11,
1.642621e-05,
1.995612e-07,
0,
1.922675e-10,
1.121759e-10,
0,
0,
8.711033e-12,
2.028662e-10,
2.758214e-05,
0.8912449,
0,
0,
3.851372e-05,
0,
0.002767536,
0.002125531,
0.08671428,
0.002694412,
0,
0,
0.0009427581,
0,
0,
0.0001363817,
0.00716573,
0.001300285,
0,
0.003960425,
0.0007361602,
0,
0,
4.259951e-05,
0.0001084526,
2.204077e-05,
0.05521934,
0,
0,
0.01218548,
0,
0.01481408,
0.01502562,
0.2204873,
0.06930494,
0,
0,
0.04287824,
0,
0,
0.08494904,
0.1181551,
0.1118886,
0,
0.0837891,
0.06935033,
0,
0,
0.02635455,
0.07559066,
7.649831e-06,
0.2406181,
0,
0,
0.003636989,
0,
0.02252955,
0.003865429,
0.3077755,
0.06017493,
0,
0,
0.0148638,
0,
0,
0.02638056,
0.11431,
0.0752392,
0,
0.04140132,
0.03839703,
0,
0,
0.01617492,
0.03460942,
2.332484e-05,
0.7697968,
0,
0,
0.0003403631,
0,
0.006843349,
0.001917027,
0.167892,
0.009455028,
0,
0,
0.001413812,
0,
0,
0.001252733,
0.02413943,
0.007295604,
0,
0.005703039,
0.002190319,
0,
0,
0.0004056924,
0.001353125,
1.67324e-06,
0.9044478,
0,
0,
7.138205e-07,
0,
0.001912059,
0.004089172,
0.07307192,
0.00199375,
0,
0,
0.0008675891,
0,
0,
2.552227e-06,
0.005962894,
0.001188287,
0,
0.005676381,
0.0006151839,
0,
0,
2.744514e-05,
0.000144283,
0,
0.1049016,
0,
0,
0.001484354,
0,
0.02246745,
0.006609899,
0.3111885,
0.09028612,
0,
0,
0.02388193,
0,
0,
0.03121251,
0.1407552,
0.1098863,
0,
0.0480644,
0.04346291,
0,
0,
0.01642346,
0.0493752,
8.606072e-08,
0.1196385,
0,
0,
0.006932894,
0,
0.01864547,
0.01909269,
0.2499477,
0.06108918,
0,
0,
0.04940823,
0,
0,
0.04178301,
0.105254,
0.07848676,
0,
0.1049116,
0.07708423,
0,
0,
0.02510345,
0.04262223,
0,
0.9084889,
0,
0,
9.799016e-05,
0,
0.002440439,
0.0001411456,
0.07709678,
0.00218317,
0,
0,
0.0001370646,
0,
0,
0.0001632238,
0.006523933,
0.001240086,
0,
0.0008151902,
0.0002738575,
0,
0,
3.254988e-05,
0.0003185454,
4.710966e-05,
0.9229119,
0,
0,
1.337549e-05,
0,
0.002465439,
0.0002431809,
0.06492002,
0.001852174,
0,
0,
0.0001523153,
0,
0,
5.121547e-05,
0.005312759,
0.0008961571,
0,
0.0008646649,
0.0002289322,
0,
0,
2.079106e-05,
6.708968e-05,
5.870859e-12,
2046, 
0.2131522,
0,
0,
0.004305386,
0,
0.02383824,
0.0007635819,
0.3472597,
0.07594381,
0,
0,
0.004685431,
0,
0,
0.03751197,
0.129451,
0.08472802,
0,
0.01377123,
0.01942576,
0,
0,
0.01239119,
0.03277235,
0,
0.5054793,
0,
0,
0.0001070717,
0,
0.01920012,
0.0002056292,
0.3239796,
0.04093659,
0,
0,
0.000579544,
0,
0,
0.003071075,
0.06879867,
0.02668271,
0,
0.002173041,
0.002742239,
0,
0,
0.001225962,
0.004818419,
0,
0.887951,
0,
0,
0.0001200283,
0,
0.003105918,
6.307122e-05,
0.09544596,
0.003256873,
0,
0,
0.0001556952,
0,
0,
0.0004001734,
0.00719215,
0.00115381,
0,
0.0008056468,
0.0002740179,
0,
0,
2.036572e-05,
5.53155e-05,
4.916955e-12,
0.482567,
0,
0,
0.008619286,
0,
0.01720333,
0.0005393255,
0.2940479,
0.03562357,
0,
0,
0.001586921,
0,
0,
0.01857874,
0.07647153,
0.0377126,
0,
0.00618367,
0.005212535,
0,
0,
0.002359151,
0.01329449,
0,
0.2409848,
0,
0,
0.007555129,
0,
0.01496198,
0.02823355,
0.2209662,
0.03613551,
0,
0,
0.0371684,
0,
0,
0.02280913,
0.07649896,
0.04853901,
0,
0.09773218,
0.05340723,
0,
0,
0.01405,
0.02598309,
0.07497481,
0.7796333,
0,
0,
0.0001758542,
0,
0.005698789,
0.002122477,
0.1524359,
0.00790759,
0,
0,
0.002311321,
0,
0,
0.0006910605,
0.02144472,
0.006424686,
0,
0.01015906,
0.003761868,
0,
0,
0.0004963742,
0.001193962,
0.005542991,
0.9988586,
0,
0,
4.936473e-10,
0,
9.664645e-06,
4.81687e-09,
0.001122863,
1.445433e-06,
0,
0,
2.058747e-09,
0,
0,
3.008789e-09,
7.256961e-06,
1.672777e-07,
0,
3.937299e-08,
5.395832e-09,
0,
0,
2.172554e-10,
2.697418e-09,
1.38607e-09,
0.9445061,
0,
0,
1.576528e-05,
0,
0.001422944,
0.0001486239,
0.04818676,
0.001036256,
0,
0,
0.0001016613,
0,
0,
4.698611e-05,
0.003132139,
0.0004531507,
0,
0.0007443834,
0.0001612516,
0,
0,
1.106697e-05,
3.289261e-05,
0,
0.9610264,
0,
0,
1.206168e-05,
0,
0.0009445171,
9.732439e-05,
0.03463842,
0.0005924544,
0,
0,
4.320554e-05,
0,
0,
1.961271e-05,
0.002034331,
0.00027547,
0,
0.0002464299,
5.073985e-05,
0,
0,
2.180926e-06,
1.690806e-05,
0,
0.5625782,
0,
0,
0.0001346488,
0,
0.0152742,
0.001834917,
0.2771721,
0.02927649,
0,
0,
0.00368444,
0,
0,
0.0018817,
0.05874027,
0.02328849,
0,
0.01229829,
0.007283459,
0,
0,
0.001828363,
0.004724408,
3.268496e-13,
0.1105122,
0,
0,
0.0005580217,
0,
0.02018103,
0.003362974,
0.2930396,
0.08040303,
0,
0,
0.01961475,
0,
0,
0.01868741,
0.1377998,
0.1143361,
0,
0.04822787,
0.05688701,
0,
0,
0.03016271,
0.06622747,
0,
0.1306003,
0,
0,
0.001895769,
0,
0.02058242,
0.00202157,
0.2954317,
0.07544937,
0,
0,
0.0103073,
0,
0,
0.02989162,
0.1406485,
0.1195477,
0,
0.02851252,
0.03616799,
0,
0,
0.02737502,
0.08156812,
0,
0.04381391,
0,
0,
0.01715009,
0,
0.01286276,
0.004394138,
0.196158,
0.06516948,
0,
0,
0.01921291,
0,
0,
0.1088999,
0.120374,
0.1337389,
0,
0.04438616,
0.05412271,
0,
0,
0.03945925,
0.1402578,
1.455476e-10,
0.5996279,
0,
0,
0.0004134278,
0,
0.01365113,
0.0004203749,
0.2637581,
0.02510704,
0,
0,
0.001191719,
0,
0,
0.003867009,
0.05463373,
0.02191631,
0,
0.005025917,
0.003605896,
0,
0,
0.001189294,
0.005592116,
0,
0.8315333,
0,
0,
6.894289e-05,
0,
0.004599189,
0.0001275775,
0.1335051,
0.005942027,
0,
0,
0.0003078155,
0,
0,
0.0005453041,
0.01585508,
0.00409543,
0,
0.001762651,
0.0009005294,
0,
0,
0.0001727657,
0.0005843172,
4.252797e-09,
0.6885881,
0,
0,
0.0003742072,
0,
0.009914901,
0.0002550497,
0.2178077,
0.01622723,
0,
0,
0.0007886024,
0,
0,
0.002845619,
0.03843752,
0.01385012,
0,
0.003732141,
0.002644321,
0,
0,
0.0008826807,
0.003651837,
6.750838e-09,
0.9989528,
0,
0,
3.427698e-13,
0,
3.222422e-05,
1.222487e-13,
0.0009984613,
4.750001e-06,
0,
0,
4.314505e-12,
0,
0,
6.23804e-11,
1.158418e-05,
1.534527e-07,
0,
2.710177e-10,
1.665093e-10,
0,
0,
1.540672e-11,
4.027881e-10,
0,
0.8922723,
0,
0,
3.385505e-05,
0,
0.002545194,
0.001547165,
0.08688194,
0.002676953,
0,
0,
0.0007831886,
0,
0,
0.0001513104,
0.007358613,
0.001412471,
0,
0.003424356,
0.0007163346,
0,
0,
5.063138e-05,
0.000145678,
0,
0.0551626,
0,
0,
0.01293374,
0,
0.01393121,
0.01428663,
0.2134921,
0.06737089,
0,
0,
0.04275832,
0,
0,
0.09042651,
0.1149257,
0.1098708,
0,
0.08481549,
0.0720068,
0,
0,
0.02855863,
0.07946057,
0,
0.2399934,
0,
0,
0.003877875,
0,
0.02144978,
0.003544328,
0.3058582,
0.05973222,
0,
0,
0.01418635,
0,
0,
0.02901341,
0.1142062,
0.07622284,
0,
0.03998376,
0.03794271,
0,
0,
0.0166975,
0.03729144,
0,
0.7680808,
0,
0,
0.0003137928,
0,
0.006536054,
0.001374967,
0.1693265,
0.009566156,
0,
0,
0.001194211,
0,
0,
0.001341788,
0.02495625,
0.007843792,
0,
0.005068392,
0.002242148,
0,
0,
0.0004847104,
0.001670445,
7.923973e-11,
0.9042517,
0,
0,
5.374818e-07,
0,
0.001927472,
0.002577108,
0.07631445,
0.002134864,
0,
0,
0.0005596488,
0,
0,
2.075352e-06,
0.006517525,
0.001365694,
0,
0.003667289,
0.0004545994,
0,
0,
3.63977e-05,
0.0001906315,
0,
0.1051865,
0,
0,
0.001492007,
0,
0.02114137,
0.006051289,
0.3072672,
0.08848504,
0,
0,
0.02381961,
0,
0,
0.03302302,
0.1388903,
0.1093175,
0,
0.04908662,
0.04585781,
0,
0,
0.01799103,
0.05239075,
2.914646e-11,
0.117318,
0,
0,
0.006436655,
0,
0.01742147,
0.01761715,
0.2468963,
0.06068036,
0,
0,
0.04760473,
0,
0,
0.04326155,
0.1058753,
0.08107623,
0,
0.102869,
0.0780983,
0,
0,
0.02689468,
0.04795027,
0,
0.9104346,
0,
0,
8.438951e-05,
0,
0.002162207,
0.0001206796,
0.07562039,
0.002085015,
0,
0,
0.0001301043,
0,
0,
0.0001684911,
0.006490515,
0.001285762,
0,
0.0008249637,
0.000294431,
0,
0,
3.869385e-05,
0.00025974,
0,
0.9283951,
0,
0,
1.236078e-05,
0,
0.001965447,
0.000192701,
0.0607296,
0.001585072,
0,
0,
0.0001329422,
0,
0,
5.418972e-05,
0.0048898,
0.000861425,
0,
0.0008443134,
0.0002346932,
0,
0,
2.343099e-05,
7.895995e-05,
5.87086e-12,
2047, 
0.2134445,
0,
0,
0.004244654,
0,
0.02295471,
0.0006427178,
0.3448906,
0.07507426,
0,
0,
0.00466739,
0,
0,
0.0394753,
0.1284883,
0.08471106,
0,
0.01388362,
0.01986476,
0,
0,
0.01278369,
0.03487447,
0,
0.5040927,
0,
0,
0.0001118642,
0,
0.01844413,
0.0001287245,
0.3234764,
0.04065514,
0,
0,
0.000500747,
0,
0,
0.003491912,
0.06971595,
0.02778847,
0,
0.001952974,
0.002640611,
0,
0,
0.001379156,
0.00562126,
0,
0.8876225,
0,
0,
0.0001177165,
0,
0.002829083,
7.116549e-05,
0.09587822,
0.003204514,
0,
0,
0.0001770409,
0,
0,
0.0004366686,
0.007190187,
0.001181326,
0,
0.0009049085,
0.0003043666,
0,
0,
2.215145e-05,
6.011659e-05,
4.916955e-12,
0.481561,
0,
0,
0.007537522,
0,
0.01633833,
0.000600885,
0.2918984,
0.03505579,
0,
0,
0.001853302,
0,
0,
0.01859841,
0.07675739,
0.03868033,
0,
0.007304473,
0.006130109,
0,
0,
0.002744397,
0.01493969,
0,
0.2406527,
0,
0,
0.006876847,
0,
0.01443237,
0.02522445,
0.2206019,
0.03599939,
0,
0,
0.03526994,
0,
0,
0.02341675,
0.07715816,
0.04987805,
0,
0.09476386,
0.05371201,
0,
0,
0.01510267,
0.02902299,
0.07788792,
0.7817231,
0,
0,
0.0001471841,
0,
0.005377118,
0.001668953,
0.1520276,
0.007778401,
0,
0,
0.002038218,
0,
0,
0.0007287344,
0.0215862,
0.006626537,
0,
0.009302731,
0.003668875,
0,
0,
0.0005383135,
0.001382515,
0.005405523,
0.9988492,
0,
0,
4.79152e-10,
0,
7.403575e-06,
3.360692e-09,
0.001133965,
1.356898e-06,
0,
0,
1.744367e-09,
0,
0,
5.044509e-09,
7.81033e-06,
2.171265e-07,
0,
4.019359e-08,
7.030538e-09,
0,
0,
3.484641e-10,
4.554989e-09,
1.38607e-09,
0.9475479,
0,
0,
1.516703e-05,
0,
0.001140335,
0.0001472999,
0.04566705,
0.0008997674,
0,
0,
0.0001031417,
0,
0,
5.029977e-05,
0.002943448,
0.000447941,
0,
0.0008072561,
0.0001781788,
0,
0,
1.286636e-05,
3.932793e-05,
0,
0.9641227,
0,
0,
1.019754e-05,
0,
0.0007343329,
6.955641e-05,
0.03214888,
0.0004993846,
0,
0,
3.216167e-05,
0,
0,
1.999972e-05,
0.001850219,
0.0002601707,
0,
0.0001899926,
4.055379e-05,
0,
0,
1.940467e-06,
1.993671e-05,
0,
0.5690177,
0,
0,
0.0001227843,
0,
0.01413347,
0.001736442,
0.2725002,
0.02791868,
0,
0,
0.003737828,
0,
0,
0.002052481,
0.05748018,
0.0231288,
0,
0.01309879,
0.007848995,
0,
0,
0.001995578,
0.005228087,
3.268496e-13,
0.1102369,
0,
0,
0.0005598576,
0,
0.01930208,
0.003193181,
0.291712,
0.07982131,
0,
0,
0.01963875,
0,
0,
0.01944865,
0.1368911,
0.1140966,
0,
0.04837012,
0.05721523,
0,
0,
0.0304806,
0.06903364,
0,
0.1288885,
0,
0,
0.001893689,
0,
0.01943632,
0.002158582,
0.2902091,
0.07383741,
0,
0,
0.01130265,
0,
0,
0.03153846,
0.138413,
0.1186438,
0,
0.03112705,
0.03871936,
0,
0,
0.02819289,
0.08563926,
0,
0.04193279,
0,
0,
0.01801694,
0,
0.01183617,
0.004863407,
0.185904,
0.06240324,
0,
0,
0.02117884,
0,
0,
0.1156002,
0.1154035,
0.1300415,
0,
0.0487942,
0.05832943,
0,
0,
0.04116514,
0.1445307,
1.455476e-10,
0.5994894,
0,
0,
0.0004706439,
0,
0.0128726,
0.0004628505,
0.2615345,
0.02457523,
0,
0,
0.00133309,
0,
0,
0.004456723,
0.05475818,
0.02256312,
0,
0.005642318,
0.004010917,
0,
0,
0.001316582,
0.006513875,
0,
0.8297554,
0,
0,
7.329346e-05,
0,
0.004387849,
0.000141313,
0.1342415,
0.005959072,
0,
0,
0.000346033,
0,
0,
0.0006332129,
0.01621975,
0.004318986,
0,
0.001992739,
0.00102723,
0,
0,
0.0002024903,
0.0007011432,
4.252797e-09,
0.682885,
0,
0,
0.0004273376,
0,
0.009486097,
0.0002899595,
0.2186644,
0.01632685,
0,
0,
0.0009169315,
0,
0,
0.0033657,
0.03957817,
0.01487753,
0,
0.004375627,
0.003160272,
0,
0,
0.001107706,
0.004538411,
6.750838e-09,
0.9990914,
0,
0,
2.780495e-13,
0,
1.941999e-05,
1.407328e-13,
0.0008777152,
2.982298e-06,
0,
0,
6.05179e-12,
0,
0,
1.303171e-10,
8.285034e-06,
1.300334e-07,
0,
3.796561e-10,
2.486923e-10,
0,
0,
2.672514e-11,
7.362056e-10,
0,
0.8916828,
0,
0,
2.993834e-05,
0,
0.002406538,
0.001100162,
0.0880459,
0.002716483,
0,
0,
0.0006496662,
0,
0,
0.0001743663,
0.007686581,
0.001562607,
0,
0.002979004,
0.0007072812,
0,
0,
6.160642e-05,
0.0001970949,
0,
0.05497365,
0,
0,
0.0135498,
0,
0.01319385,
0.01353291,
0.2073493,
0.0654612,
0,
0,
0.04243353,
0,
0,
0.0953251,
0.1120132,
0.1079974,
0,
0.08550731,
0.07446716,
0,
0,
0.03081762,
0.08337799,
0,
0.2391544,
0,
0,
0.004116227,
0,
0.02058666,
0.003213133,
0.3043841,
0.05930052,
0,
0,
0.01342293,
0,
0,
0.0316944,
0.1141379,
0.07709879,
0,
0.03833075,
0.03728266,
0,
0,
0.0171562,
0.04012129,
0,
0.7649364,
0,
0,
0.0002869963,
0,
0.006338632,
0.0009529812,
0.1714189,
0.009737558,
0,
0,
0.001024026,
0,
0,
0.001440388,
0.02587999,
0.008431023,
0,
0.004608355,
0.002336982,
0,
0,
0.0005753777,
0.002032307,
7.923973e-11,
0.9024354,
0,
0,
3.899194e-07,
0,
0.001972906,
0.001474407,
0.07994749,
0.00229838,
0,
0,
0.0003345261,
0,
0,
1.6804e-06,
0.007123082,
0.001560743,
0,
0.002211112,
0.0003476265,
0,
0,
4.714713e-05,
0.0002451662,
0,
0.1052523,
0,
0,
0.001496107,
0,
0.020069,
0.005542194,
0.303597,
0.08673587,
0,
0,
0.02373159,
0,
0,
0.03478268,
0.1371176,
0.1086767,
0,
0.05001231,
0.04812911,
0,
0,
0.019537,
0.05532056,
2.914646e-11,
0.115323,
0,
0,
0.005960154,
0,
0.01648209,
0.0160908,
0.2447288,
0.06036342,
0,
0,
0.04549436,
0,
0,
0.04473508,
0.1066253,
0.08355,
0,
0.1001035,
0.07856965,
0,
0,
0.02858743,
0.05338626,
0,
0.9113442,
0,
0,
7.183247e-05,
0,
0.001957082,
0.0001032301,
0.0748913,
0.002019544,
0,
0,
0.0001251095,
0,
0,
0.0001762502,
0.006520955,
0.001341913,
0,
0.0008427654,
0.0003182291,
0,
0,
4.563813e-05,
0.0002419073,
0,
0.9327942,
0,
0,
1.148873e-05,
0,
0.001578316,
0.0001556502,
0.05732163,
0.001368672,
0,
0,
0.0001193408,
0,
0,
5.736313e-05,
0.004546977,
0.0008330893,
0,
0.0008501656,
0.0002452692,
0,
0,
2.633173e-05,
9.152514e-05,
5.870859e-12,
2048, 
0.2131166,
0,
0,
0.004179345,
0,
0.02223844,
0.0005581481,
0.3427571,
0.07422916,
0,
0,
0.004702902,
0,
0,
0.04139611,
0.1275983,
0.08464596,
0,
0.01412565,
0.02036386,
0,
0,
0.01315754,
0.03693085,
0,
0.5012094,
0,
0,
0.0001189004,
0,
0.01789616,
7.977569e-05,
0.3233378,
0.04050095,
0,
0,
0.000477905,
0,
0,
0.00395968,
0.070766,
0.02894134,
0,
0.001926667,
0.002731773,
0,
0,
0.001564513,
0.006489157,
0,
0.8864792,
0,
0,
0.0001143455,
0,
0.002658736,
7.860073e-05,
0.09697451,
0.00320125,
0,
0,
0.0001970316,
0,
0,
0.0004703349,
0.007213913,
0.001201287,
0,
0.0009934104,
0.0003300577,
0,
0,
2.351434e-05,
6.383611e-05,
4.916956e-12,
0.4796068,
0,
0,
0.006540217,
0,
0.01566856,
0.0007007048,
0.2899831,
0.03453305,
0,
0,
0.002204419,
0,
0,
0.0186057,
0.07696323,
0.03950032,
0,
0.008728815,
0.007236217,
0,
0,
0.00318197,
0.0165469,
0,
0.2399212,
0,
0,
0.006260536,
0,
0.0140366,
0.02265,
0.2203857,
0.03587799,
0,
0,
0.03351071,
0,
0,
0.02405437,
0.07779329,
0.05112293,
0,
0.09196912,
0.05396369,
0,
0,
0.01615077,
0.03211684,
0.08018635,
0.7827505,
0,
0,
0.0001228574,
0,
0.005149106,
0.001311836,
0.152131,
0.007690649,
0,
0,
0.00180316,
0,
0,
0.0007749003,
0.0217874,
0.006835575,
0,
0.008558394,
0.003587167,
0,
0,
0.0005814966,
0.00158633,
0.005329572,
0.9987983,
0,
0,
5.867465e-10,
0,
6.095357e-06,
2.215334e-09,
0.001185042,
1.379333e-06,
0,
0,
1.540742e-09,
0,
0,
8.407998e-09,
8.861733e-06,
2.863716e-07,
0,
4.33158e-08,
9.26947e-09,
0,
0,
5.442931e-10,
7.373831e-09,
1.38607e-09,
0.9497993,
0,
0,
1.463188e-05,
0,
0.000939708,
0.0001482363,
0.04375568,
0.0007968575,
0,
0,
0.0001058569,
0,
0,
5.372697e-05,
0.002806534,
0.0004458814,
0,
0.0008764295,
0.0001961831,
0,
0,
1.475298e-05,
4.622473e-05,
0,
0.9665197,
0,
0,
8.616752e-06,
0,
0.0005831659,
4.760177e-05,
0.03020758,
0.0004275236,
0,
0,
2.335654e-05,
0,
0,
2.056119e-05,
0.001707609,
0.0002480834,
0,
0.0001479541,
3.316459e-05,
0,
0,
1.879984e-06,
2.322282e-05,
0,
0.5741377,
0,
0,
0.0001139553,
0,
0.0132273,
0.00167622,
0.2683308,
0.02670503,
0,
0,
0.003839545,
0,
0,
0.002230871,
0.05637833,
0.02298055,
0,
0.01401988,
0.008460796,
0,
0,
0.002165308,
0.005733815,
3.268496e-13,
0.1099347,
0,
0,
0.000553196,
0,
0.01863868,
0.003070894,
0.2908511,
0.07932662,
0,
0,
0.01967722,
0,
0,
0.01995309,
0.1360761,
0.1137125,
0,
0.04852583,
0.0574597,
0,
0,
0.03068256,
0.07153782,
0,
0.1271275,
0,
0,
0.001901045,
0,
0.01850938,
0.002314274,
0.2854386,
0.07229872,
0,
0,
0.01225948,
0,
0,
0.03328445,
0.136247,
0.1175813,
0,
0.03363972,
0.04107482,
0,
0,
0.02883171,
0.08949187,
0,
0.0399946,
0,
0,
0.01879412,
0,
0.01093348,
0.005310893,
0.1767341,
0.05967424,
0,
0,
0.0230904,
0,
0,
0.1220177,
0.1106587,
0.1262025,
0,
0.05310414,
0.06248957,
0,
0,
0.04289696,
0.1480987,
1.455476e-10,
0.5980877,
0,
0,
0.0005321854,
0,
0.01228977,
0.0005090775,
0.2599017,
0.02414513,
0,
0,
0.001479921,
0,
0,
0.00508954,
0.05503401,
0.02324853,
0,
0.006285496,
0.004436272,
0,
0,
0.001454044,
0.007506647,
0,
0.8271362,
0,
0,
7.85586e-05,
0,
0.004260673,
0.000153858,
0.1355908,
0.006016793,
0,
0,
0.0003826083,
0,
0,
0.0007324669,
0.01665412,
0.004558677,
0,
0.002215313,
0.001154807,
0,
0,
0.0002342769,
0.0008308594,
4.252797e-09,
0.6754526,
0,
0,
0.0004885183,
0,
0.009237238,
0.0003236558,
0.2203422,
0.01655195,
0,
0,
0.001047638,
0,
0,
0.003955984,
0.0409494,
0.01600691,
0,
0.005035986,
0.003712202,
0,
0,
0.001361848,
0.005533853,
6.750838e-09,
0.9991317,
0,
0,
3.96233e-13,
0,
1.111644e-05,
1.706941e-13,
0.0008485971,
1.888832e-06,
0,
0,
8.522535e-12,
0,
0,
2.6444e-10,
6.587999e-06,
1.323287e-07,
0,
5.260373e-10,
3.694614e-10,
0,
0,
4.531277e-11,
1.277901e-09,
0,
0.8893515,
0,
0,
2.710848e-05,
0,
0.002356127,
0.0007649049,
0.09030239,
0.002826079,
0,
0,
0.0005415122,
0,
0,
0.0002099412,
0.008178339,
0.001762773,
0,
0.002621686,
0.0007131011,
0,
0,
7.678725e-05,
0.0002677423,
0,
0.05467375,
0,
0,
0.01402801,
0,
0.01258767,
0.01278618,
0.2019883,
0.06361361,
0,
0,
0.04195067,
0,
0,
0.09963906,
0.1094098,
0.1062708,
0,
0.08591136,
0.0767322,
0,
0,
0.03310471,
0.08730397,
0,
0.2380401,
0,
0,
0.00434376,
0,
0.01991515,
0.002890274,
0.3032395,
0.05888791,
0,
0,
0.0126319,
0,
0,
0.03437793,
0.1140893,
0.07786523,
0,
0.03658717,
0.03652357,
0,
0,
0.0175822,
0.04302597,
0,
0.7604021,
0,
0,
0.0002609354,
0,
0.006248885,
0.0006407949,
0.1741533,
0.009975103,
0,
0,
0.0009009641,
0,
0,
0.001551447,
0.0269134,
0.009057218,
0,
0.004310357,
0.002471719,
0,
0,
0.000676891,
0.002436838,
7.923973e-11,
0.8991097,
0,
0,
2.717271e-07,
0,
0.002048627,
0.000736448,
0.08396008,
0.002485927,
0,
0,
0.000186315,
0,
0,
1.711569e-06,
0.007779025,
0.001773365,
0,
0.001257331,
0.0002933395,
0,
0,
5.980541e-05,
0.0003080661,
0,
0.1051005,
0,
0,
0.001496721,
0,
0.01921813,
0.005090858,
0.3001527,
0.08506509,
0,
0,
0.02363412,
0,
0,
0.03648585,
0.1354524,
0.1079977,
0,
0.05085482,
0.05025968,
0,
0,
0.0210394,
0.05815193,
2.914646e-11,
0.1135896,
0,
0,
0.005520566,
0,
0.01578978,
0.01456513,
0.2432934,
0.06013058,
0,
0,
0.04317728,
0,
0,
0.0462442,
0.107461,
0.08587834,
0,
0.09678349,
0.07855643,
0,
0,
0.03016118,
0.05884904,
0,
0.9112712,
0,
0,
6.059612e-05,
0,
0.001824231,
8.879029e-05,
0.07491617,
0.001989135,
0,
0,
0.0001219908,
0,
0,
0.0001872073,
0.006620037,
0.001409786,
0,
0.0008676116,
0.0003446594,
0,
0,
5.332978e-05,
0.0002453215,
0,
0.9361741,
0,
0,
1.076497e-05,
0,
0.001299427,
0.0001307691,
0.05464609,
0.001202314,
0,
0,
0.0001109879,
0,
0,
6.071011e-05,
0.004281716,
0.0008107799,
0,
0.0008786998,
0.0002597309,
0,
0,
2.938852e-05,
0.0001045007,
5.870859e-12,
2049, 
0.2123075,
0,
0,
0.00411291,
0,
0.02166734,
0.0005037166,
0.3408558,
0.07343205,
0,
0,
0.004772172,
0,
0,
0.04327751,
0.1267869,
0.08454725,
0,
0.01444227,
0.02087568,
0,
0,
0.01350245,
0.03891641,
0,
0.4971105,
0,
0,
0.0001282443,
0,
0.01752419,
5.309911e-05,
0.3234953,
0.0404657,
0,
0,
0.0004990053,
0,
0,
0.004473675,
0.07191752,
0.03012476,
0,
0.002051788,
0.002972632,
0,
0,
0.001774352,
0.007409181,
0,
0.884756,
0,
0,
0.0001098664,
0,
0.002573586,
8.470846e-05,
0.09856468,
0.003236752,
0,
0,
0.0002142424,
0,
0,
0.0005006649,
0.007244512,
0.001211028,
0,
0.001064207,
0.0003491369,
0,
0,
2.434206e-05,
6.627061e-05,
4.916956e-12,
0.4771046,
0,
0,
0.005643837,
0,
0.01516792,
0.0008159982,
0.2883755,
0.03406983,
0,
0,
0.002583131,
0,
0,
0.01862404,
0.07710532,
0.0401775,
0,
0.01023859,
0.008384447,
0,
0,
0.003624305,
0.01808499,
0,
0.2388832,
0,
0,
0.0057157,
0,
0.01375173,
0.02047465,
0.2202756,
0.03577198,
0,
0,
0.03190249,
0,
0,
0.02472953,
0.07839251,
0.05226684,
0,
0.08937254,
0.05417088,
0,
0,
0.01718049,
0.03521558,
0.0818963,
0.7828336,
0,
0,
0.000102853,
0,
0.00500105,
0.001038348,
0.152682,
0.007643884,
0,
0,
0.00160444,
0,
0,
0.0008295163,
0.02204258,
0.007050479,
0,
0.007921834,
0.003517583,
0,
0,
0.0006252239,
0.001801238,
0.0053053,
0.9987065,
0,
0,
8.624768e-10,
0,
5.606338e-06,
1.367217e-09,
0.001275424,
1.518611e-06,
0,
0,
1.456574e-09,
0,
0,
1.390081e-08,
1.046916e-05,
3.817671e-07,
0,
4.901671e-08,
1.229859e-08,
0,
0,
8.334114e-10,
1.156531e-08,
1.38607e-09,
0.9514047,
0,
0,
1.416433e-05,
0,
0.0008057548,
0.0001510711,
0.0423456,
0.0007217919,
0,
0,
0.0001093856,
0,
0,
5.725466e-05,
0.0027116,
0.0004461876,
0,
0.0009480461,
0.0002142993,
0,
0,
1.667296e-05,
5.347832e-05,
0,
0.9683263,
0,
0,
7.319601e-06,
0,
0.0004804258,
3.084934e-05,
0.02873119,
0.0003736632,
0,
0,
1.648434e-05,
0,
0,
2.129324e-05,
0.001600216,
0.0002387994,
0,
0.0001170779,
2.779924e-05,
0,
0,
1.93088e-06,
2.668646e-05,
0,
0.578171,
0,
0,
0.0001079718,
0,
0.01252136,
0.001649379,
0.2646375,
0.0256315,
0,
0,
0.003972292,
0,
0,
0.002413854,
0.05541869,
0.02284132,
0,
0.01499324,
0.009076908,
0,
0,
0.002330788,
0.006234237,
3.268497e-13,
0.109632,
0,
0,
0.0005370047,
0,
0.01815925,
0.002984783,
0.2904348,
0.07893803,
0,
0,
0.01971067,
0,
0,
0.02018621,
0.1353762,
0.1132391,
0,
0.04865345,
0.05761013,
0,
0,
0.03078448,
0.07375395,
0,
0.1253914,
0,
0,
0.001923571,
0,
0.01778035,
0.002461004,
0.2812344,
0.07089213,
0,
0,
0.01308815,
0,
0,
0.03517197,
0.1342459,
0.116479,
0,
0.03582551,
0.04306754,
0,
0,
0.02929097,
0.09314805,
0,
0.03808605,
0,
0,
0.01947807,
0,
0.01015643,
0.00568921,
0.1687872,
0.0571084,
0,
0,
0.02478679,
0,
0,
0.1282407,
0.1063107,
0.1224745,
0,
0.05696614,
0.06626693,
0,
0,
0.04448481,
0.1511641,
1.455476e-10,
0.595632,
0,
0,
0.0005970909,
0,
0.01187642,
0.0005533401,
0.2588366,
0.02382213,
0,
0,
0.001615788,
0,
0,
0.005761047,
0.05545416,
0.02397131,
0,
0.006886633,
0.00484088,
0,
0,
0.0015929,
0.00855971,
0,
0.8238114,
0,
0,
8.473218e-05,
0,
0.004204615,
0.0001648633,
0.1374582,
0.006113197,
0,
0,
0.0004159168,
0,
0,
0.0008434328,
0.017152,
0.00481397,
0,
0.002420003,
0.001277543,
0,
0,
0.0002674393,
0.0009726728,
4.252797e-09,
0.6665583,
0,
0,
0.0005576883,
0,
0.009138322,
0.0003556937,
0.2226821,
0.0168904,
0,
0,
0.001179085,
0,
0,
0.004617386,
0.04251574,
0.01722701,
0,
0.005704812,
0.004295817,
0,
0,
0.001645242,
0.006632364,
6.750838e-09,
0.9990856,
0,
0,
8.042853e-13,
0,
6.467787e-06,
2.130511e-13,
0.0009000762,
1.361404e-06,
0,
0,
1.192039e-11,
0,
0,
5.200413e-10,
6.299765e-06,
1.615152e-07,
0,
7.182786e-10,
5.425774e-10,
0,
0,
7.532625e-11,
2.146932e-09,
0,
0.8853495,
0,
0,
2.564252e-05,
0,
0.002385031,
0.0005242768,
0.09358838,
0.0030088,
0,
0,
0.0004574494,
0,
0,
0.0002613359,
0.008838259,
0.002018143,
0,
0.002349881,
0.0007362334,
0,
0,
9.688917e-05,
0.0003601659,
0,
0.05429131,
0,
0,
0.01438652,
0,
0.0120954,
0.01205257,
0.1973359,
0.06186023,
0,
0,
0.04132349,
0,
0,
0.103473,
0.1071049,
0.1047065,
0,
0.08601927,
0.07876861,
0,
0,
0.03538086,
0.09120138,
0,
0.2366668,
0,
0,
0.004553934,
0,
0.01940522,
0.002584309,
0.3023611,
0.05850944,
0,
0,
0.01184118,
0,
0,
0.03702965,
0.1140642,
0.07854261,
0,
0.0348157,
0.03569966,
0,
0,
0.01797021,
0.04595593,
0,
0.7546297,
0,
0,
0.0002367239,
0,
0.00625015,
0.0004326737,
0.1774312,
0.01027738,
0,
0,
0.0008228836,
0,
0,
0.001678335,
0.02804742,
0.009721108,
0,
0.004163729,
0.002640422,
0,
0,
0.0007872907,
0.002880991,
7.923973e-11,
0.8944947,
0,
0,
1.889919e-07,
0,
0.002150919,
0.0003014535,
0.08830155,
0.002698256,
0,
0,
0.0001021997,
0,
0,
4.075356e-06,
0.008483957,
0.00200393,
0,
0.0007215579,
0.0002832536,
0,
0,
7.428024e-05,
0.0003796908,
0,
0.1047764,
0,
0,
0.001494967,
0,
0.0185573,
0.004697179,
0.2969838,
0.08351169,
0,
0,
0.02351052,
0,
0,
0.03814366,
0.133931,
0.107333,
0,
0.05155862,
0.05216947,
0,
0,
0.02244998,
0.06088232,
2.914646e-11,
0.112084,
0,
0,
0.005130342,
0,
0.0153013,
0.01308002,
0.242441,
0.05997168,
0,
0,
0.04073841,
0,
0,
0.04781925,
0.108342,
0.0880455,
0,
0.09305824,
0.07812065,
0,
0,
0.03160255,
0.06426514,
0,
0.9103104,
0,
0,
5.092575e-05,
0,
0.001753057,
7.72714e-05,
0.075621,
0.001992156,
0,
0,
0.0001204471,
0,
0,
0.0002020591,
0.006785202,
0.001489916,
0,
0.0008968378,
0.0003726106,
0,
0,
6.166547e-05,
0.0002664505,
0,
0.938724,
0,
0,
1.01952e-05,
0,
0.001108731,
0.0001161736,
0.05256855,
0.001077456,
0,
0,
0.0001070082,
0,
0,
6.421045e-05,
0.00407926,
0.0007929957,
0,
0.0009247135,
0.0002766836,
0,
0,
3.247296e-05,
0.000117584,
5.870859e-12,
2050, 
0.2111393,
0,
0,
0.004049929,
0,
0.02121864,
0.0004725462,
0.3391723,
0.07270475,
0,
0,
0.004856438,
0,
0,
0.04512746,
0.1260614,
0.08443389,
0,
0.01478175,
0.02135944,
0,
0,
0.01381176,
0.04081037,
0,
0.4920629,
0,
0,
0.0001400214,
0,
0.01729701,
4.297711e-05,
0.3238911,
0.04054373,
0,
0,
0.0005516236,
0,
0,
0.005033705,
0.073144,
0.03132401,
0,
0.00228442,
0.003318599,
0,
0,
0.002000444,
0.008365382,
0,
0.8826606,
0,
0,
0.000104325,
0,
0.002552971,
8.88471e-05,
0.1004956,
0.0033017,
0,
0,
0.0002275599,
0,
0,
0.0005275685,
0.007267623,
0.001208936,
0,
0.001112182,
0.0003602867,
0,
0,
2.455375e-05,
6.724709e-05,
4.916956e-12,
0.4741144,
0,
0,
0.004858548,
0,
0.01480195,
0.000956438,
0.2869658,
0.03366205,
0,
0,
0.003013541,
0,
0,
0.01865898,
0.07715751,
0.0406964,
0,
0.01191623,
0.009616954,
0,
0,
0.004076965,
0.01950418,
0,
0.2375287,
0,
0,
0.005246242,
0,
0.01355036,
0.01867892,
0.2201523,
0.03567117,
0,
0,
0.03049469,
0,
0,
0.02543606,
0.07892076,
0.05328974,
0,
0.08711326,
0.05442206,
0,
0,
0.01820348,
0.03825749,
0.08303478,
0.7820904,
0,
0,
8.719945e-05,
0,
0.004919392,
0.0008347402,
0.1536202,
0.007637983,
0,
0,
0.001439467,
0,
0,
0.0008926758,
0.02234694,
0.007270212,
0,
0.007385738,
0.003460484,
0,
0,
0.0006687028,
0.002022189,
0.005323709,
0.9985742,
0,
0,
1.384546e-09,
0,
5.810038e-06,
8.069301e-10,
0.001404857,
1.786347e-06,
0,
0,
1.500834e-09,
0,
0,
2.275942e-08,
1.271548e-05,
5.124483e-07,
0,
5.753127e-08,
1.631341e-08,
0,
0,
1.251211e-09,
1.77187e-08,
1.38607e-09,
0.9525087,
0,
0,
1.377642e-05,
0,
0.0007232398,
0.0001545899,
0.04133372,
0.0006689209,
0,
0,
0.0001128543,
0,
0,
6.08895e-05,
0.002649376,
0.0004482031,
0,
0.00101498,
0.0002312412,
0,
0,
1.856916e-05,
6.096649e-05,
0,
0.9696452,
0,
0,
6.304561e-06,
0,
0.000415511,
1.893661e-05,
0.02763678,
0.0003345832,
0,
0,
1.156432e-05,
0,
0,
2.218454e-05,
0.001521846,
0.000231933,
0,
9.806797e-05,
2.476816e-05,
0,
0,
2.112034e-06,
3.023235e-05,
0,
0.5813702,
0,
0,
0.0001046985,
0,
0.01198232,
0.00164351,
0.2614169,
0.02469646,
0,
0,
0.004107203,
0,
0,
0.002599429,
0.05459346,
0.02271376,
0,
0.01591446,
0.009648915,
0,
0,
0.002486034,
0.006722607,
3.268497e-13,
0.109335,
0,
0,
0.0005107827,
0,
0.01783003,
0.002924509,
0.2903995,
0.07866388,
0,
0,
0.01973359,
0,
0,
0.02014444,
0.1347932,
0.1127155,
0,
0.04874493,
0.05769621,
0,
0,
0.03082432,
0.07568415,
0,
0.1236958,
0,
0,
0.001966271,
0,
0.01721796,
0.002577821,
0.2775764,
0.0696412,
0,
0,
0.01374605,
0,
0,
0.03723,
0.1324425,
0.115406,
0,
0.03758936,
0.04467711,
0,
0,
0.0296336,
0.09659985,
0,
0.03624754,
0,
0,
0.02006015,
0,
0.009494293,
0.005975624,
0.1620001,
0.0547617,
0,
0,
0.02621348,
0,
0,
0.1342682,
0.1024085,
0.1189795,
0,
0.06026822,
0.06958586,
0,
0,
0.04591591,
0.1538209,
1.455476e-10,
0.5922918,
0,
0,
0.0006644474,
0,
0.01160449,
0.0005904498,
0.2582845,
0.0236077,
0,
0,
0.001732533,
0,
0,
0.006466445,
0.05600453,
0.02472692,
0,
0.00741642,
0.005216855,
0,
0,
0.001735043,
0.009657878,
0,
0.8199198,
0,
0,
9.18354e-05,
0,
0.004206914,
0.0001726587,
0.1397559,
0.006246834,
0,
0,
0.0004424529,
0,
0,
0.0009664861,
0.01770877,
0.005084875,
0,
0.002588014,
0.001388554,
0,
0,
0.0003014388,
0.001125543,
4.252797e-09,
0.6565042,
0,
0,
0.0006346934,
0,
0.009159786,
0.0003836231,
0.2255372,
0.01733086,
0,
0,
0.001303855,
0,
0,
0.005349782,
0.04424537,
0.01852848,
0,
0.006348144,
0.004891179,
0,
0,
0.001954522,
0.00782838,
6.750838e-09,
0.9989652,
0,
0,
1.754631e-12,
0,
4.634274e-06,
2.67548e-13,
0.001021416,
1.29705e-06,
0,
0,
1.641337e-11,
0,
0,
9.919583e-10,
7.245685e-06,
2.202498e-07,
0,
9.625474e-10,
7.836308e-10,
0,
0,
1.227935e-10,
3.519919e-09,
0,
0.8799546,
0,
0,
2.555513e-05,
0,
0.002479537,
0.0003598182,
0.0977455,
0.003257579,
0,
0,
0.0003922079,
0,
0,
0.0003282373,
0.00964509,
0.002322361,
0,
0.00213753,
0.0007628737,
0,
0,
0.000117546,
0.0004715526,
0,
0.05390456,
0,
0,
0.01468098,
0,
0.01170973,
0.01130077,
0.193495,
0.0602857,
0,
0,
0.04043789,
0,
0,
0.1071086,
0.1051828,
0.1034133,
0,
0.08556496,
0.08030734,
0,
0,
0.0374998,
0.09510855,
0,
0.2350519,
0,
0,
0.004742357,
0,
0.01902662,
0.002300647,
0.301685,
0.05817942,
0,
0,
0.01107364,
0,
0,
0.03961993,
0.1140664,
0.07915156,
0,
0.03307127,
0.03485031,
0,
0,
0.01832444,
0.04885655,
0,
0.7477992,
0,
0,
0.0002155262,
0,
0.006326851,
0.0003061346,
0.1811624,
0.01064335,
0,
0,
0.0007823482,
0,
0,
0.001824842,
0.02927401,
0.0104214,
0,
0.004141768,
0.002837076,
0,
0,
0.0009045773,
0.0033606,
7.923973e-11,
0.8888547,
0,
0,
2.414449e-07,
0,
0.002276528,
8.704644e-05,
0.09292658,
0.002936338,
0,
0,
6.515744e-05,
0,
0,
1.335578e-05,
0.009237023,
0.002252901,
0,
0.0004922347,
0.0003069383,
0,
0,
9.063935e-05,
0.0004602959,
0,
0.1043366,
0,
0,
0.001492794,
0,
0.01805663,
0.004353621,
0.2941647,
0.08212049,
0,
0,
0.02332794,
0,
0,
0.03977501,
0.1325948,
0.106734,
0,
0.05204349,
0.05377324,
0,
0,
0.02372551,
0.06350122,
2.914646e-11,
0.1107707,
0,
0,
0.004797836,
0,
0.01497393,
0.01166737,
0.2420335,
0.05988044,
0,
0,
0.03825192,
0,
0,
0.04947954,
0.1092381,
0.09004818,
0,
0.08906282,
0.07732666,
0,
0,
0.03290337,
0.06956559,
0,
0.9085746,
0,
0,
4.30347e-05,
0,
0.001732623,
6.815161e-05,
0.07692116,
0.002026526,
0,
0,
0.0001197303,
0,
0,
0.0002215003,
0.007012546,
0.001582458,
0,
0.0009249229,
0.0004005843,
0,
0,
7.053329e-05,
0.0003015574,
0,
0.9406283,
0,
0,
9.788916e-06,
0,
0.000986275,
0.0001097869,
0.05095929,
0.000985682,
0,
0,
0.0001063777,
0,
0,
6.785618e-05,
0.003925508,
0.0007784177,
0,
0.0009819764,
0.0002948223,
0,
0,
3.550097e-05,
0.0001304376,
5.870859e-12,
2051, 
0.209699,
0,
0,
0.003995556,
0,
0.02086815,
0.0004579948,
0.3376838,
0.07206938,
0,
0,
0.004939717,
0,
0,
0.04696507,
0.125428,
0.08432777,
0,
0.01509994,
0.02178361,
0,
0,
0.01408224,
0.04259984,
0,
0.4862633,
0,
0,
0.0001544587,
0,
0.01718556,
4.368945e-05,
0.3244879,
0.04073775,
0,
0,
0.000623355,
0,
0,
0.005643121,
0.07443434,
0.03253589,
0,
0.002580706,
0.003726208,
0,
0,
0.002235976,
0.009347778,
0,
0.8803878,
0,
0,
9.780609e-05,
0,
0.002576606,
9.020951e-05,
0.1026275,
0.003387325,
0,
0,
0.0002339827,
0,
0,
0.000550869,
0.007273844,
0.00119495,
0,
0.001127243,
0.0003610683,
0,
0,
2.408479e-05,
6.675359e-05,
4.916956e-12,
0.4708559,
0,
0,
0.004190088,
0,
0.01454192,
0.00110717,
0.2857663,
0.0333198,
0,
0,
0.003460861,
0,
0,
0.01872059,
0.07714663,
0.0410827,
0,
0.01363513,
0.01085907,
0,
0,
0.004521142,
0.02079272,
0,
0.2360998,
0,
0,
0.004856621,
0,
0.01342048,
0.01715887,
0.2201439,
0.03560654,
0,
0,
0.0292007,
0,
0,
0.02618555,
0.07943463,
0.05423499,
0,
0.08495234,
0.05458125,
0,
0,
0.01916748,
0.04122085,
0.08373603,
0.7806466,
0,
0,
7.594036e-05,
0,
0.004890291,
0.0006865636,
0.1548837,
0.007672227,
0,
0,
0.001304859,
0,
0,
0.0009645325,
0.02269513,
0.007493644,
0,
0.006939828,
0.003415596,
0,
0,
0.0007111524,
0.002244275,
0.005375674,
0.9984006,
0,
0,
2.272289e-09,
0,
6.592063e-06,
5.053312e-10,
0.001574041,
2.20346e-06,
0,
0,
1.679327e-09,
0,
0,
3.695968e-08,
1.57257e-05,
6.916213e-07,
0,
6.89791e-08,
2.162602e-08,
0,
0,
1.867274e-09,
2.675525e-08,
1.38607e-09,
0.953206,
0,
0,
1.35087e-05,
0,
0.0006777247,
0.0001573303,
0.0406557,
0.0006335277,
0,
0,
0.0001157046,
0,
0,
6.487749e-05,
0.002614615,
0.000452271,
0,
0.001072782,
0.0002466255,
0,
0,
2.04751e-05,
6.888415e-05,
0,
0.9705506,
0,
0,
5.57656e-06,
0,
0.0003782114,
1.151343e-05,
0.02686567,
0.0003074493,
0,
0,
8.572186e-06,
0,
0,
2.329749e-05,
0.001469019,
0.0002277862,
0,
9.140368e-05,
2.434502e-05,
0,
0,
2.479084e-06,
3.406333e-05,
0,
0.5837844,
0,
0,
0.0001041654,
0,
0.01158105,
0.001644881,
0.2587222,
0.02391079,
0,
0,
0.004223604,
0,
0,
0.002790681,
0.05392338,
0.02261947,
0,
0.01670802,
0.01015198,
0,
0,
0.002630771,
0.007204604,
3.268496e-13,
0.109107,
0,
0,
0.0004751824,
0,
0.01762213,
0.002875766,
0.2907689,
0.07852497,
0,
0,
0.01970854,
0,
0,
0.0198457,
0.1343603,
0.1122023,
0,
0.04871599,
0.0576521,
0,
0,
0.03078801,
0.07735313,
0,
0.1220298,
0,
0,
0.002031868,
0,
0.01678299,
0.002663935,
0.2743292,
0.06853142,
0,
0,
0.0142562,
0,
0,
0.0394522,
0.1308037,
0.1143665,
0,
0.03899597,
0.04600944,
0,
0,
0.02995934,
0.09978739,
0,
0.03449672,
0,
0,
0.02053039,
0,
0.008928857,
0.006184274,
0.1561844,
0.0526416,
0,
0,
0.0274202,
0,
0,
0.1400178,
0.09891299,
0.115728,
0,
0.06311478,
0.07256191,
0,
0,
0.04726221,
0.1560158,
1.455476e-10,
0.5881928,
0,
0,
0.0007333079,
0,
0.01144273,
0.0006183152,
0.2581417,
0.02349546,
0,
0,
0.001834193,
0,
0,
0.007199179,
0.05665787,
0.02550447,
0,
0.007899177,
0.005597847,
0,
0,
0.001900388,
0.01078256,
0,
0.8156617,
0,
0,
9.991683e-05,
0,
0.004255041,
0.0001742744,
0.1424094,
0.006416513,
0,
0,
0.0004540307,
0,
0,
0.001102166,
0.01832161,
0.005372028,
0,
0.002669409,
0.001451765,
0,
0,
0.0003235046,
0.001288656,
4.252797e-09,
0.6456275,
0,
0,
0.000719188,
0,
0.009271756,
0.0004016346,
0.2287672,
0.01786061,
0,
0,
0.001408901,
0,
0,
0.006151552,
0.04610699,
0.01990243,
0,
0.006909645,
0.00546856,
0,
0,
0.002285287,
0.009118697,
6.750838e-09,
0.998782,
0,
0,
3.72148e-12,
0,
4.781135e-06,
3.309145e-13,
0.001201972,
1.598249e-06,
0,
0,
2.204888e-11,
0,
0,
1.83625e-09,
9.268e-06,
3.128e-07,
0,
1.258846e-09,
1.107219e-09,
0,
0,
1.958214e-10,
5.646245e-09,
0,
0.873475,
0,
0,
2.673765e-05,
0,
0.00262456,
0.0002529511,
0.1025896,
0.003562333,
0,
0,
0.00034124,
0,
0,
0.0004089066,
0.01057082,
0.002666097,
0,
0.001964156,
0.0007839008,
0,
0,
0.000135871,
0.0005978288,
0,
0.0535154,
0,
0,
0.01496258,
0,
0.0114056,
0.01054675,
0.1902829,
0.05888057,
0,
0,
0.03934776,
0,
0,
0.1106971,
0.1035681,
0.1023415,
0,
0.08463551,
0.0814138,
0,
0,
0.03947724,
0.09892515,
0,
0.2332169,
0,
0,
0.004906701,
0,
0.01874815,
0.002042884,
0.3011418,
0.05790791,
0,
0,
0.01034947,
0,
0,
0.0421254,
0.1140945,
0.07970876,
0,
0.03140593,
0.0340207,
0,
0,
0.01865689,
0.05167398,
0,
0.7400837,
0,
0,
0.0001983878,
0,
0.00646264,
0.000239193,
0.1852462,
0.01107022,
0,
0,
0.0007739046,
0,
0,
0.001994782,
0.03058206,
0.01115542,
0,
0.004228569,
0.003064099,
0,
0,
0.001029902,
0.003870918,
7.923973e-11,
0.8824571,
0,
0,
7.393265e-07,
0,
0.002421997,
1.071864e-05,
0.09778722,
0.003200771,
0,
0,
5.810049e-05,
0,
0,
3.493287e-05,
0.01003713,
0.002520775,
0,
0.0004574169,
0.0003538367,
0,
0,
0.000108958,
0.0005502746,
0,
0.1038605,
0,
0,
0.001493069,
0,
0.01768687,
0.004061261,
0.2918043,
0.08093695,
0,
0,
0.02306242,
0,
0,
0.04142594,
0.1314887,
0.1062498,
0,
0.05222001,
0.05492749,
0,
0,
0.02476869,
0.06601401,
2.914646e-11,
0.10962,
0,
0,
0.004526855,
0,
0.01476516,
0.01035346,
0.2419444,
0.05985104,
0,
0,
0.03578323,
0,
0,
0.05122802,
0.1101256,
0.09189042,
0,
0.08492114,
0.07623936,
0,
0,
0.03405971,
0.07469166,
0,
0.9061719,
0,
0,
3.70804e-05,
0,
0.001752081,
6.068546e-05,
0.07873502,
0.002090449,
0,
0,
0.000119147,
0,
0,
0.0002463537,
0.007298311,
0.001687677,
0,
0.0009469436,
0.0004274909,
0,
0,
7.986532e-05,
0.0003470611,
0,
0.9420201,
0,
0,
9.578644e-06,
0,
0.000913015,
0.000109343,
0.04973079,
0.0009196688,
0,
0,
0.0001080775,
0,
0,
7.18799e-05,
0.003811209,
0.0007670524,
0,
0.001044424,
0.0003131561,
0,
0,
3.845745e-05,
0.0001432101,
5.870859e-12,
2052, 
0.2080708,
0,
0,
0.003955442,
0,
0.02059023,
0.0004539428,
0.3363509,
0.07154175,
0,
0,
0.005010289,
0,
0,
0.04881039,
0.1248871,
0.08424812,
0,
0.01536462,
0.02212876,
0,
0,
0.01431409,
0.04427354,
0,
0.4799296,
0,
0,
0.0001718184,
0,
0.01715973,
4.953778e-05,
0.3252445,
0.04104658,
0,
0,
0.0007018179,
0,
0,
0.006304581,
0.07577288,
0.03375342,
0,
0.002897059,
0.004152053,
0,
0,
0.002473907,
0.01034254,
0,
0.8780786,
0,
0,
9.059149e-05,
0,
0.002624782,
8.951057e-05,
0.104836,
0.003485842,
0,
0,
0.0002359659,
0,
0,
0.0005708745,
0.0072573,
0.001169954,
0,
0.001118568,
0.0003540322,
0,
0,
2.304228e-05,
6.485733e-05,
4.916955e-12,
0.4673441,
0,
0,
0.003644285,
0,
0.01435289,
0.001278089,
0.2846647,
0.03303822,
0,
0,
0.00394758,
0,
0,
0.01881121,
0.07706683,
0.04134519,
0,
0.01547015,
0.01214781,
0,
0,
0.004963333,
0.02192564,
0,
0.2346343,
0,
0,
0.004549181,
0,
0.01333825,
0.01586475,
0.220198,
0.03557985,
0,
0,
0.028025,
0,
0,
0.02697538,
0.07992919,
0.05510765,
0,
0.08291306,
0.05467841,
0,
0,
0.02007213,
0.04406213,
0.08407272,
0.7786228,
0,
0,
6.913774e-05,
0,
0.004899962,
0.0005789517,
0.156414,
0.007746017,
0,
0,
0.001196761,
0,
0,
0.001045373,
0.02308376,
0.007720882,
0,
0.006572356,
0.00338272,
0,
0,
0.0007519887,
0.002463055,
0.00545227,
0.9981846,
0,
0,
3.707875e-09,
0,
7.846672e-06,
4.124326e-10,
0.001783981,
2.799568e-06,
0,
0,
2.000627e-09,
0,
0,
5.946406e-08,
1.965478e-05,
9.360215e-07,
0,
8.36136e-08,
2.86171e-08,
0,
0,
2.767399e-09,
3.991946e-08,
1.38607e-09,
0.953608,
0,
0,
1.339483e-05,
0,
0.0006542984,
0.0001596044,
0.0402258,
0.0006103726,
0,
0,
0.0001181473,
0,
0,
6.93929e-05,
0.002600061,
0.0004582916,
0,
0.001122337,
0.000260633,
0,
0,
2.240676e-05,
7.728654e-05,
0,
0.9711374,
0,
0,
5.131303e-06,
0,
0.0003580195,
8.142923e-06,
0.02634311,
0.0002891417,
0,
0,
7.402257e-06,
0,
0,
2.463817e-05,
0.001436662,
0.0002262925,
0,
9.635552e-05,
2.643706e-05,
0,
0,
3.030457e-06,
3.820953e-05,
0,
0.5854926,
0,
0,
0.0001064138,
0,
0.01128271,
0.001653613,
0.2565205,
0.02327088,
0,
0,
0.004321627,
0,
0,
0.002989256,
0.05340273,
0.0225668,
0,
0.0173652,
0.01058283,
0,
0,
0.002765014,
0.0076798,
3.268496e-13,
0.1089627,
0,
0,
0.0004320494,
0,
0.01750125,
0.002827689,
0.2914865,
0.07852556,
0,
0,
0.01962061,
0,
0,
0.01932279,
0.1340795,
0.11174,
0,
0.04853696,
0.0574804,
0,
0,
0.03070157,
0.07878232,
0,
0.1204265,
0,
0,
0.00212362,
0,
0.0164433,
0.002710122,
0.2714894,
0.06758355,
0,
0,
0.01458194,
0,
0,
0.0418612,
0.1293787,
0.1134586,
0,
0.03994373,
0.04696299,
0,
0,
0.03022719,
0.1028092,
0,
0.03286828,
0,
0,
0.02091233,
0,
0.008447697,
0.006311484,
0.1512461,
0.05079184,
0,
0,
0.02837072,
0,
0,
0.1456098,
0.09585249,
0.1128188,
0,
0.06540709,
0.07506914,
0,
0,
0.04843082,
0.1578634,
1.455476e-10,
0.5837305,
0,
0,
0.0008038903,
0,
0.01136583,
0.0006289323,
0.2584417,
0.02349215,
0,
0,
0.001885846,
0,
0,
0.007962548,
0.05742348,
0.02631276,
0,
0.008168758,
0.005836775,
0,
0,
0.002021261,
0.01192548,
0,
0.8110984,
0,
0,
0.0001090445,
0,
0.004336174,
0.0001704379,
0.1453314,
0.006620714,
0,
0,
0.0004535117,
0,
0,
0.00125095,
0.01898683,
0.005676036,
0,
0.002682567,
0.001483024,
0,
0,
0.0003399008,
0.001461033,
4.252797e-09,
0.6343702,
0,
0,
0.0008114789,
0,
0.009448076,
0.0004069292,
0.2323128,
0.01847552,
0,
0,
0.001473181,
0,
0,
0.007026578,
0.04808753,
0.02134743,
0,
0.007276594,
0.005902865,
0,
0,
0.002561166,
0.01049967,
6.750839e-09,
0.9985476,
0,
0,
7.569247e-12,
0,
6.082001e-06,
3.99715e-13,
0.001431503,
2.17545e-06,
0,
0,
2.879921e-11,
0,
0,
3.30291e-09,
1.223431e-05,
4.457581e-07,
0,
1.604248e-09,
1.526675e-09,
0,
0,
3.051741e-10,
8.883297e-09,
0,
0.8662893,
0,
0,
2.896586e-05,
0,
0.002802339,
0.0001852237,
0.1078806,
0.003907303,
0,
0,
0.0003011468,
0,
0,
0.0004996314,
0.01157446,
0.003034845,
0,
0.001816442,
0.0007959034,
0,
0,
0.0001508387,
0.0007330811,
0,
0.05313876,
0,
0,
0.01529639,
0,
0.0111596,
0.00980851,
0.1875544,
0.05764339,
0,
0,
0.0380911,
0,
0,
0.1144285,
0.1022082,
0.10147,
0,
0.0832645,
0.08206406,
0,
0,
0.04125761,
0.102615,
0,
0.231204,
0,
0,
0.005047488,
0,
0.01854018,
0.001811862,
0.3006936,
0.05771023,
0,
0,
0.009677032,
0,
0,
0.04453608,
0.1141583,
0.08023873,
0,
0.02983776,
0.03322283,
0,
0,
0.01896293,
0.05435894,
0,
0.7316808,
0,
0,
0.0001861083,
0,
0.00664112,
0.0002111685,
0.1895875,
0.01155522,
0,
0,
0.0007898206,
0,
0,
0.002191669,
0.03196068,
0.01192024,
0,
0.004395115,
0.003313656,
0,
0,
0.001160921,
0.004406034,
7.923973e-11,
0.8755147,
0,
0,
1.966428e-06,
0,
0.002583525,
1.146022e-05,
0.1028345,
0.003492213,
0,
0,
6.833709e-05,
0,
0,
7.188905e-05,
0.01088376,
0.002808373,
0,
0.0005338577,
0.0004159222,
0,
0,
0.0001293098,
0.0006501046,
0,
0.1033366,
0,
0,
0.001497303,
0,
0.01740351,
0.00382645,
0.2897505,
0.07993335,
0,
0,
0.0227702,
0,
0,
0.04309015,
0.1305449,
0.1058418,
0,
0.05221364,
0.05577831,
0,
0,
0.02564815,
0.06836509,
2.914646e-11,
0.1086009,
0,
0,
0.00432119,
0,
0.01463267,
0.009160887,
0.2420555,
0.0598799,
0,
0,
0.03339225,
0,
0,
0.05307101,
0.1109848,
0.09358031,
0,
0.0807496,
0.0749239,
0,
0,
0.035068,
0.07957911,
0,
0.9032208,
0,
0,
3.317301e-05,
0,
0.001800029,
5.520183e-05,
0.0809648,
0.002181288,
0,
0,
0.0001190502,
0,
0,
0.0002772897,
0.007636248,
0.001805048,
0,
0.000964809,
0.0004536351,
0,
0,
8.959666e-05,
0.0003990675,
0,
0.9430538,
0,
0,
9.590402e-06,
0,
0.0008693994,
0.0001129679,
0.04877438,
0.0008714937,
0,
0,
0.0001114665,
0,
0,
7.642857e-05,
0.0037249,
0.0007583686,
0,
0.001108809,
0.0003312426,
0,
0,
4.131831e-05,
0.0001558122,
5.87086e-12,
2053, 
0.2063323,
0,
0,
0.003935572,
0,
0.02035836,
0.0004546187,
0.335128,
0.07113511,
0,
0,
0.00505898,
0,
0,
0.05068722,
0.1244359,
0.08421237,
0,
0.01555064,
0.02238254,
0,
0,
0.01450908,
0.04581925,
0,
0.4732739,
0,
0,
0.0001924267,
0,
0.0171896,
5.48334e-05,
0.3261269,
0.04146982,
0,
0,
0.0007738317,
0,
0,
0.007021465,
0.07714775,
0.034972,
0,
0.003186873,
0.004549597,
0,
0,
0.002705941,
0.01133505,
0,
0.8758542,
0,
0,
8.313121e-05,
0,
0.002678548,
8.70786e-05,
0.107018,
0.003590778,
0,
0,
0.0002344015,
0,
0,
0.0005885609,
0.007215157,
0.001135648,
0,
0.001090565,
0.0003407167,
0,
0,
2.153154e-05,
6.172415e-05,
4.916955e-12,
0.4638485,
0,
0,
0.003227824,
0,
0.01420789,
0.001452044,
0.2837164,
0.03283168,
0,
0,
0.004427584,
0,
0,
0.018948,
0.07695603,
0.04151598,
0,
0.01724798,
0.01336426,
0,
0,
0.005362996,
0.02289282,
0,
0.2331694,
0,
0,
0.004327726,
0,
0.01328043,
0.01474313,
0.2202757,
0.03559595,
0,
0,
0.02696365,
0,
0,
0.02780983,
0.08040828,
0.0559218,
0,
0.08099327,
0.05472713,
0,
0,
0.0209111,
0.04674544,
0.0841272,
0.776142,
0,
0,
6.686946e-05,
0,
0.00493468,
0.0004966925,
0.1581561,
0.007858877,
0,
0,
0.001110609,
0,
0,
0.001135614,
0.02351012,
0.007952339,
0,
0.006267964,
0.003359783,
0,
0,
0.0007901035,
0.002673754,
0.005544457,
0.9979244,
0,
0,
5.980809e-09,
0,
9.480005e-06,
3.953272e-10,
0.002036246,
3.616087e-06,
0,
0,
2.446223e-09,
0,
0,
9.473182e-08,
2.470061e-05,
1.267489e-06,
0,
1.01142e-07,
3.762511e-08,
0,
0,
4.059276e-09,
5.89439e-08,
1.38607e-09,
0.953824,
0,
0,
1.347675e-05,
0,
0.0006380587,
0.0001616529,
0.03995954,
0.0005942399,
0,
0,
0.0001203834,
0,
0,
7.466196e-05,
0.002598827,
0.0004663041,
0,
0.001164659,
0.000273565,
0,
0,
2.439523e-05,
8.62615e-05,
0,
0.9714996,
0,
0,
4.971888e-06,
0,
0.0003444125,
8.39622e-06,
0.02599436,
0.0002765286,
0,
0,
7.958679e-06,
0,
0,
2.624018e-05,
0.001420136,
0.0002275452,
0,
0.0001123531,
3.101414e-05,
0,
0,
3.773937e-06,
4.276285e-05,
0,
0.586575,
0,
0,
0.000111565,
0,
0.01105173,
0.001669572,
0.2547723,
0.02277133,
0,
0,
0.004401608,
0,
0,
0.003197927,
0.05302471,
0.02256433,
0,
0.01788001,
0.01094188,
0,
0,
0.002889721,
0.008148351,
3.268496e-13,
0.1089207,
0,
0,
0.000384661,
0,
0.01743288,
0.002769639,
0.2925061,
0.07867161,
0,
0,
0.01944863,
0,
0,
0.01863575,
0.1339557,
0.1113713,
0,
0.04816211,
0.05716226,
0,
0,
0.03057926,
0.07999932,
0,
0.1188279,
0,
0,
0.002240359,
0,
0.01615346,
0.002719668,
0.2688338,
0.06676034,
0,
0,
0.01477166,
0,
0,
0.04441389,
0.1281015,
0.1126704,
0,
0.04056961,
0.04772673,
0,
0,
0.03057784,
0.105633,
0,
0.03137532,
0,
0,
0.02122035,
0,
0.008032805,
0.006373036,
0.146975,
0.0492165,
0,
0,
0.02911588,
0,
0,
0.1510282,
0.09318338,
0.1102661,
0,
0.06724013,
0.07718237,
0,
0,
0.04943811,
0.1593529,
1.455476e-10,
0.5787886,
0,
0,
0.0008754051,
0,
0.0113363,
0.0006317872,
0.2589554,
0.0235774,
0,
0,
0.001930921,
0,
0,
0.008746592,
0.05824663,
0.02712855,
0,
0.008425985,
0.006115743,
0,
0,
0.002183979,
0.01305666,
0,
0.8063112,
0,
0,
0.0001193436,
0,
0.004437962,
0.0001619818,
0.1484483,
0.006858798,
0,
0,
0.0004418065,
0,
0,
0.001413705,
0.01970311,
0.005998361,
0,
0.002631065,
0.001482387,
0,
0,
0.0003501297,
0.001641766,
4.252797e-09,
0.6228639,
0,
0,
0.0009110146,
0,
0.009656225,
0.0004028994,
0.2359732,
0.01915737,
0,
0,
0.001511217,
0,
0,
0.007969812,
0.05013878,
0.02284355,
0,
0.007520197,
0.006268729,
0,
0,
0.002829886,
0.0119532,
6.750838e-09,
0.9982725,
0,
0,
1.480144e-11,
0,
7.719338e-06,
4.695303e-13,
0.001700074,
2.948451e-06,
0,
0,
3.664259e-11,
0,
0,
5.785883e-09,
1.603989e-05,
6.285084e-07,
0,
1.996195e-09,
2.057733e-09,
0,
0,
4.656036e-10,
1.37308e-08,
0,
0.8587133,
0,
0,
3.20923e-05,
0,
0.002996393,
0.0001384515,
0.1134038,
0.004279457,
0,
0,
0.0002700202,
0,
0,
0.0005977488,
0.01262218,
0.003417514,
0,
0.001690343,
0.0008022656,
0,
0,
0.0001634166,
0.0008730302,
0,
0.05277732,
0,
0,
0.01571242,
0,
0.01094188,
0.009108393,
0.1851635,
0.0565573,
0,
0,
0.03672771,
0,
0,
0.1184103,
0.1010372,
0.1007644,
0,
0.08155014,
0.08230185,
0,
0,
0.0428159,
0.1061317,
0,
0.2290453,
0,
0,
0.005167512,
0,
0.01837201,
0.001608395,
0.3002912,
0.05759848,
0,
0,
0.009066664,
0,
0,
0.04684953,
0.1142609,
0.08076067,
0,
0.02839294,
0.03248207,
0,
0,
0.01924828,
0.0568561,
0,
0.7227879,
0,
0,
0.0001792976,
0,
0.006845938,
0.0001993985,
0.1940931,
0.01209535,
0,
0,
0.0008224116,
0,
0,
0.002418581,
0.03339789,
0.01271175,
0,
0.004614097,
0.003580386,
0,
0,
0.001295904,
0.004957965,
7.923973e-11,
0.8682804,
0,
0,
3.933288e-06,
0,
0.002757574,
1.29105e-05,
0.108024,
0.00381124,
0,
0,
7.998342e-05,
0,
0,
0.0001248162,
0.01177636,
0.003116392,
0,
0.000617429,
0.0004831059,
0,
0,
0.0001517352,
0.0007601044,
0,
0.1027951,
0,
0,
0.001507834,
0,
0.01716808,
0.003648369,
0.2879615,
0.07910977,
0,
0,
0.02246069,
0,
0,
0.04478673,
0.1297463,
0.1055151,
0,
0.05204114,
0.0563501,
0,
0,
0.02637306,
0.07053631,
2.914646e-11,
0.1076826,
0,
0,
0.00418401,
0,
0.01453363,
0.008110593,
0.2422445,
0.05996078,
0,
0,
0.03113645,
0,
0,
0.05501061,
0.1117961,
0.09512819,
0,
0.07666437,
0.07344943,
0,
0,
0.03592885,
0.08416992,
0,
0.8998402,
0,
0,
3.139906e-05,
0,
0.001865024,
5.20459e-05,
0.08351208,
0.002296377,
0,
0,
0.0001198661,
0,
0,
0.0003149751,
0.008020115,
0.001934046,
0,
0.0009810746,
0.0004795818,
0,
0,
9.966949e-05,
0.0004535787,
0,
0.9438812,
0,
0,
9.854606e-06,
0,
0.0008358968,
0.0001187396,
0.0479838,
0.0008332542,
0,
0,
0.0001158717,
0,
0,
8.168376e-05,
0.00365544,
0.0007519516,
0,
0.001171528,
0.0003485849,
0,
0,
4.405176e-05,
0.0001681544,
5.870859e-12,
2054, 
0.2045504,
0,
0,
0.003931504,
0,
0.02016598,
0.0004531691,
0.3340558,
0.07086523,
0,
0,
0.005070616,
0,
0,
0.0526006,
0.1240859,
0.08421832,
0,
0.01562077,
0.02251414,
0,
0,
0.01465539,
0.0472122,
0,
0.4664336,
0,
0,
0.0002160351,
0,
0.01726031,
5.930726e-05,
0.3270944,
0.04200138,
0,
0,
0.0008364509,
0,
0,
0.007795624,
0.07854229,
0.03617882,
0,
0.003438664,
0.004906376,
0,
0,
0.002926946,
0.01230974,
0,
0.8737153,
0,
0,
7.55842e-05,
0,
0.002735708,
8.355494e-05,
0.1091477,
0.003702584,
0,
0,
0.000230856,
0,
0,
0.0006051953,
0.007155803,
0.001094998,
0,
0.001051321,
0.0003239025,
0,
0,
1.975968e-05,
5.765252e-05,
4.916956e-12,
0.4605095,
0,
0,
0.002909691,
0,
0.01409914,
0.001618053,
0.2829513,
0.03270641,
0,
0,
0.00488198,
0,
0,
0.01912643,
0.07682998,
0.04160431,
0,
0.0189035,
0.01447088,
0,
0,
0.005708349,
0.0236805,
0,
0.2318052,
0,
0,
0.004171784,
0,
0.01324463,
0.01375274,
0.2204324,
0.03566751,
0,
0,
0.02598644,
0,
0,
0.02868223,
0.08089167,
0.05668573,
0,
0.07911947,
0.0546836,
0,
0,
0.02166151,
0.04923608,
0.08397903,
0.7733131,
0,
0,
6.765232e-05,
0,
0.004988611,
0.0004349981,
0.160058,
0.008008425,
0,
0,
0.001042758,
0,
0,
0.001235021,
0.02396575,
0.008184251,
0,
0.006012459,
0.003339965,
0,
0,
0.0008234787,
0.002872037,
0.005653479,
0.9976126,
0,
0,
9.589078e-09,
0,
1.158735e-05,
4.458576e-10,
0.00233779,
4.729422e-06,
0,
0,
3.040152e-09,
0,
0,
1.501219e-07,
3.118175e-05,
1.717819e-06,
0,
1.220844e-07,
4.928421e-08,
0,
0,
5.916208e-09,
8.642439e-08,
1.38607e-09,
0.9538463,
0,
0,
1.376174e-05,
0,
0.0006284116,
0.0001626265,
0.03986224,
0.0005855419,
0,
0,
0.0001222258,
0,
0,
8.093983e-05,
0.002613285,
0.0004770277,
0,
0.001199517,
0.0002856843,
0,
0,
2.648412e-05,
9.592215e-05,
0,
0.9716668,
0,
0,
4.951565e-06,
0,
0.0003359279,
1.003778e-05,
0.02580078,
0.0002689576,
0,
0,
9.449284e-06,
0,
0,
2.812096e-05,
0.001418146,
0.0002314112,
0,
0.0001353315,
3.751085e-05,
0,
0,
4.725408e-06,
4.784034e-05,
0,
0.5870682,
0,
0,
0.0001172223,
0,
0.01088154,
0.001670776,
0.2535164,
0.02241969,
0,
0,
0.004443944,
0,
0,
0.003416768,
0.05280566,
0.02262061,
0,
0.01820961,
0.01121633,
0,
0,
0.003004139,
0.00860908,
3.268497e-13,
0.1090162,
0,
0,
0.0003359561,
0,
0.01740956,
0.002693905,
0.2938528,
0.07897562,
0,
0,
0.01916753,
0,
0,
0.0178634,
0.1340042,
0.111105,
0,
0.04753318,
0.05664321,
0,
0,
0.03040182,
0.08099754,
0,
0.1172711,
0,
0,
0.002379028,
0,
0.01590332,
0.002698135,
0.266369,
0.06606688,
0,
0,
0.01484804,
0,
0,
0.04709702,
0.126967,
0.1119822,
0,
0.04092147,
0.04832294,
0,
0,
0.03098491,
0.108189,
0,
0.03002458,
0,
0,
0.02144408,
0,
0.007675386,
0.006389058,
0.143327,
0.04790556,
0,
0,
0.02971538,
0,
0,
0.156215,
0.0908797,
0.1080306,
0,
0.06872637,
0.07897893,
0,
0,
0.05029114,
0.1603973,
1.455476e-10,
0.5736401,
0,
0,
0.0009480157,
0,
0.01134493,
0.0006234622,
0.2596928,
0.02375108,
0,
0,
0.001950855,
0,
0,
0.009554784,
0.05912397,
0.02794629,
0,
0.008578721,
0.006343203,
0,
0,
0.002340657,
0.0141612,
0,
0.8013527,
0,
0,
0.000130798,
0,
0.004556456,
0.0001496705,
0.1517101,
0.007130304,
0,
0,
0.0004200179,
0,
0,
0.001591498,
0.02046652,
0.006338243,
0,
0.002519877,
0.001450392,
0,
0,
0.0003535797,
0.001829804,
4.252797e-09,
0.6112672,
0,
0,
0.001017185,
0,
0.009886245,
0.0003907281,
0.239657,
0.0198989,
0,
0,
0.001525218,
0,
0,
0.008978876,
0.05223219,
0.02437397,
0,
0.007647524,
0.006568137,
0,
0,
0.003093097,
0.01346374,
6.750838e-09,
0.9979526,
0,
0,
2.797044e-11,
0,
9.761302e-06,
5.391466e-13,
0.002011895,
3.973583e-06,
0,
0,
4.567197e-11,
0,
0,
9.896984e-09,
2.088074e-05,
8.769079e-07,
0,
2.436326e-09,
2.723614e-09,
0,
0,
6.977041e-10,
2.087389e-08,
0,
0.8508298,
0,
0,
3.590553e-05,
0,
0.003201368,
0.0001084603,
0.1190377,
0.004673711,
0,
0,
0.0002521383,
0,
0,
0.0007028045,
0.01369839,
0.003809405,
0,
0.001620706,
0.0008315752,
0,
0,
0.0001820159,
0.001016043,
0,
0.05245528,
0,
0,
0.0162134,
0,
0.01075176,
0.008428657,
0.1831769,
0.05564483,
0,
0,
0.0352568,
0,
0,
0.1226681,
0.1000796,
0.1002309,
0,
0.07948218,
0.08209413,
0,
0,
0.04410692,
0.1094106,
0,
0.2268253,
0,
0,
0.005264715,
0,
0.01823542,
0.001431947,
0.299952,
0.05758093,
0,
0,
0.008520206,
0,
0,
0.0490608,
0.1144,
0.0812594,
0,
0.02707213,
0.0317887,
0,
0,
0.01949489,
0.05911358,
0,
0.7135472,
0,
0,
0.0001774487,
0,
0.007071077,
0.0001986283,
0.1986896,
0.01268792,
0,
0,
0.0008677739,
0,
0,
0.002677683,
0.03487976,
0.0135226,
0,
0.004870845,
0.003858904,
0,
0,
0.001433082,
0.005517557,
7.923973e-11,
0.860783,
0,
0,
6.635798e-06,
0,
0.00294352,
1.492356e-05,
0.1133239,
0.004159225,
0,
0,
9.293387e-05,
0,
0,
0.0001946684,
0.01271575,
0.003445828,
0,
0.0007073095,
0.0005553354,
0,
0,
0.0001763728,
0.000880539,
0,
0.1022816,
0,
0,
0.001523556,
0,
0.01697788,
0.003494991,
0.2865073,
0.07849048,
0,
0,
0.0220971,
0,
0,
0.04651662,
0.1291197,
0.10528,
0,
0.05164737,
0.05662633,
0,
0,
0.02694402,
0.07249303,
2.914646e-11,
0.1068945,
0,
0,
0.004101464,
0,
0.01446186,
0.007185926,
0.2425295,
0.06010468,
0,
0,
0.02902352,
0,
0,
0.05702389,
0.1125721,
0.09653828,
0,
0.07269251,
0.07183804,
0,
0,
0.03663415,
0.08839947,
0,
0.8961071,
0,
0,
3.132249e-05,
0,
0.001944027,
4.942751e-05,
0.08631626,
0.002434529,
0,
0,
0.0001209503,
0,
0,
0.0003599618,
0.008444314,
0.002073291,
0,
0.0009938476,
0.0005050874,
0,
0,
0.0001100002,
0.0005098544,
0,
0.9445419,
0,
0,
1.031883e-05,
0,
0.0008098258,
0.0001241235,
0.04733654,
0.0008036497,
0,
0,
0.0001199755,
0,
0,
8.780946e-05,
0.003601098,
0.0007475875,
0,
0.001226374,
0.0003640615,
0,
0,
4.66222e-05,
0.0001801429,
5.870859e-12,
2055, 
0.2027788,
0,
0,
0.003941225,
0,
0.02000893,
0.0004464191,
0.3331622,
0.07074218,
0,
0,
0.005037577,
0,
0,
0.05455456,
0.1238403,
0.08425752,
0,
0.01555653,
0.02250759,
0,
0,
0.01474465,
0.04842152,
0,
0.4595271,
0,
0,
0.0002427186,
0,
0.01736156,
6.271443e-05,
0.328113,
0.0426349,
0,
0,
0.0008873802,
0,
0,
0.008629073,
0.07994127,
0.03736189,
0,
0.003643448,
0.005212915,
0,
0,
0.003132479,
0.01324959,
0,
0.8716481,
0,
0,
6.822943e-05,
0,
0.002795476,
7.919152e-05,
0.1112183,
0.003822556,
0,
0,
0.0002256563,
0,
0,
0.0006224631,
0.007089859,
0.00105147,
0,
0.001003262,
0.0003045748,
0,
0,
1.78268e-05,
5.300634e-05,
4.916956e-12,
0.4574994,
0,
0,
0.00266298,
0,
0.01402346,
0.001763047,
0.282429,
0.03267086,
0,
0,
0.005280609,
0,
0,
0.01934331,
0.07671308,
0.04162537,
0,
0.02032785,
0.01540216,
0,
0,
0.005980351,
0.02427856,
0,
0.2306208,
0,
0,
0.00406446,
0,
0.01323051,
0.01285503,
0.2207201,
0.0358066,
0,
0,
0.02506195,
0,
0,
0.02958636,
0.08139893,
0.05740897,
0,
0.07721911,
0.05450914,
0,
0,
0.02230481,
0.05149881,
0.08371447,
0.7702505,
0,
0,
6.986574e-05,
0,
0.005056626,
0.0003874913,
0.1620648,
0.008190705,
0,
0,
0.0009883855,
0,
0,
0.001342869,
0.02444078,
0.008412533,
0,
0.005791881,
0.003319023,
0,
0,
0.000851311,
0.003053674,
0.005779614,
0.99724,
0,
0,
1.542258e-08,
0,
1.429394e-05,
5.036521e-10,
0.002696939,
6.252534e-06,
0,
0,
3.822336e-09,
0,
0,
2.38505e-07,
3.955864e-05,
2.33635e-06,
0,
1.479318e-07,
6.497444e-08,
0,
0,
8.655254e-09,
1.266036e-07,
1.38607e-09,
0.9536814,
0,
0,
1.424006e-05,
0,
0.0006242834,
0.000161959,
0.03992673,
0.0005839017,
0,
0,
0.0001234551,
0,
0,
8.850836e-05,
0.002644452,
0.0004910047,
0,
0.001227556,
0.0002973572,
0,
0,
2.872954e-05,
0.0001064136,
0,
0.971666,
0,
0,
4.981974e-06,
0,
0.0003313253,
1.189662e-05,
0.02574463,
0.0002656379,
0,
0,
1.123788e-05,
0,
0,
3.031561e-05,
0.001429484,
0.0002378287,
0,
0.0001617761,
4.530181e-05,
0,
0,
5.90971e-06,
5.37016e-05,
0,
0.5869572,
0,
0,
0.0001231542,
0,
0.01076702,
0.001648623,
0.2527656,
0.02221956,
0,
0,
0.00444194,
0,
0,
0.003649309,
0.05275782,
0.02274384,
0,
0.01834875,
0.01140778,
0,
0,
0.003108933,
0.009060554,
3.268497e-13,
0.1092719,
0,
0,
0.0002888021,
0,
0.01742621,
0.002595921,
0.2955351,
0.07944427,
0,
0,
0.01875889,
0,
0,
0.0170906,
0.1342343,
0.1109479,
0,
0.04660622,
0.05587679,
0,
0,
0.03015216,
0.081771,
0,
0.1157808,
0,
0,
0.002537285,
0,
0.01568547,
0.002653667,
0.2640842,
0.06550113,
0,
0,
0.01483713,
0,
0,
0.04988594,
0.1259668,
0.1113789,
0,
0.04105543,
0.04877742,
0,
0,
0.03142799,
0.1104278,
0,
0.02881929,
0,
0,
0.0215918,
0,
0.007368534,
0.006380109,
0.1402544,
0.04684587,
0,
0,
0.03022082,
0,
0,
0.1611453,
0.08891515,
0.106078,
0,
0.06995995,
0.08051096,
0,
0,
0.05098239,
0.1609275,
1.455476e-10,
0.5683346,
0,
0,
0.001022131,
0,
0.01138207,
0.0006069423,
0.2605777,
0.02400445,
0,
0,
0.001955661,
0,
0,
0.01038671,
0.06003487,
0.02875336,
0,
0.008668291,
0.006551147,
0,
0,
0.002504442,
0.01521752,
0,
0.7962781,
0,
0,
0.0001434761,
0,
0.004687454,
0.0001346986,
0.1550581,
0.007433135,
0,
0,
0.0003902768,
0,
0,
0.001785912,
0.02127108,
0.00669449,
0,
0.002359835,
0.00138966,
0,
0,
0.0003497739,
0.002024041,
4.252797e-09,
0.5997002,
0,
0,
0.001129967,
0,
0.01013071,
0.0003719277,
0.2432834,
0.0206935,
0,
0,
0.001518705,
0,
0,
0.0100526,
0.05434556,
0.02592614,
0,
0.007672282,
0.006807262,
0,
0,
0.00335287,
0.01501481,
6.750839e-09,
0.9975833,
0,
0,
5.124909e-11,
0,
1.228346e-05,
6.088759e-13,
0.002370881,
5.319961e-06,
0,
0,
5.620182e-11,
0,
0,
1.656322e-08,
2.698809e-05,
1.211059e-06,
0,
2.934626e-09,
3.562728e-09,
0,
0,
1.031138e-09,
3.125102e-08,
0,
0.8426592,
0,
0,
4.04118e-05,
0,
0.003418009,
8.855292e-05,
0.1247901,
0.005096628,
0,
0,
0.0002415787,
0,
0,
0.0008184774,
0.0148162,
0.00421749,
0,
0.001578554,
0.0008676599,
0,
0,
0.0002022533,
0.001164904,
0,
0.05218525,
0,
0,
0.01680853,
0,
0.0105881,
0.007766258,
0.1815929,
0.05491123,
0,
0,
0.03370584,
0,
0,
0.127211,
0.09932821,
0.09984493,
0,
0.07711214,
0.08146763,
0,
0,
0.04511496,
0.112363,
0,
0.2246174,
0,
0,
0.005341647,
0,
0.01812607,
0.001281075,
0.2996985,
0.05766466,
0,
0,
0.008036348,
0,
0,
0.0511725,
0.1145749,
0.08172228,
0,
0.02586942,
0.03113008,
0,
0,
0.01968639,
0.06107873,
0,
0.7041008,
0,
0,
0.0001798401,
0,
0.007311577,
0.0002035805,
0.2033089,
0.01332978,
0,
0,
0.0009211238,
0,
0,
0.002970511,
0.0363926,
0.01434541,
0,
0.005148232,
0.004142799,
0,
0,
0.001570445,
0.006074417,
7.923973e-11,
0.8530715,
0,
0,
1.014589e-05,
0,
0.003139951,
1.716781e-05,
0.1186856,
0.00453674,
0,
0,
0.0001069469,
0,
0,
0.0002831414,
0.01370145,
0.003797699,
0,
0.0008021915,
0.0006325257,
0,
0,
0.0002033778,
0.001011622,
0,
0.101838,
0,
0,
0.001544401,
0,
0.01683149,
0.003343262,
0.2854447,
0.07809198,
0,
0,
0.02164892,
0,
0,
0.04828161,
0.1286865,
0.1051442,
0,
0.05098868,
0.05659223,
0,
0,
0.02735944,
0.07420451,
2.914646e-11,
0.1062608,
0,
0,
0.00406144,
0,
0.01441406,
0.006370993,
0.2429277,
0.06032033,
0,
0,
0.02705708,
0,
0,
0.05908522,
0.1133251,
0.09781559,
0,
0.06886108,
0.07011792,
0,
0,
0.03717991,
0.09220281,
0,
0.8920932,
0,
0,
3.248792e-05,
0,
0.002034306,
4.655361e-05,
0.0893178,
0.002594284,
0,
0,
0.0001219774,
0,
0,
0.0004128006,
0.008903584,
0.002221631,
0,
0.001003373,
0.000530342,
0,
0,
0.0001205278,
0.0005671612,
0,
0.9450614,
0,
0,
1.095488e-05,
0,
0.0007893408,
0.0001279676,
0.04681709,
0.0007814845,
0,
0,
0.000123031,
0,
0,
9.494233e-05,
0.003560732,
0.00074521,
0,
0.001270111,
0.0003770741,
0,
0,
4.9005e-05,
0.0001916872,
5.87086e-12,
2056, 
0.2010573,
0,
0,
0.003965089,
0,
0.01988542,
0.0004338919,
0.3324637,
0.07077103,
0,
0,
0.004959874,
0,
0,
0.05655131,
0.1236956,
0.08431692,
0,
0.01535807,
0.02236162,
0,
0,
0.01477144,
0.0494086,
0,
0.4526259,
0,
0,
0.000272786,
0,
0.01748873,
6.489642e-05,
0.329162,
0.04336801,
0,
0,
0.0009253835,
0,
0,
0.00952416,
0.08133759,
0.03851426,
0,
0.003796153,
0.005463902,
0,
0,
0.003319288,
0.01413697,
0,
0.8696111,
0,
0,
6.144235e-05,
0,
0.002858443,
7.440821e-05,
0.1132421,
0.003952904,
0,
0,
0.0002196376,
0,
0,
0.0006423706,
0.007029411,
0.001008637,
0,
0.0009510895,
0.0002843938,
0,
0,
1.586902e-05,
4.813829e-05,
4.916956e-12,
0.4548733,
0,
0,
0.002470098,
0,
0.01397948,
0.001882362,
0.2821679,
0.03272977,
0,
0,
0.005614756,
0,
0,
0.01959547,
0.07661987,
0.04158955,
0,
0.0214895,
0.01614141,
0,
0,
0.006173858,
0.02467271,
0,
0.2296065,
0,
0,
0.003993392,
0,
0.01323584,
0.01203391,
0.22113,
0.03601526,
0,
0,
0.02418905,
0,
0,
0.03051331,
0.08193053,
0.05809106,
0,
0.07530671,
0.05422162,
0,
0,
0.0228413,
0.05349438,
0.08339717,
0.7670216,
0,
0,
7.288797e-05,
0,
0.005136338,
0.0003500601,
0.1641414,
0.008403781,
0,
0,
0.0009442311,
0,
0,
0.00145882,
0.02493053,
0.008635371,
0,
0.005597344,
0.003295222,
0,
0,
0.0008732473,
0.00321454,
0.005924629,
0.9967911,
0,
0,
2.516654e-08,
0,
1.781695e-05,
5.854173e-10,
0.003128082,
8.378651e-06,
0,
0,
4.993563e-09,
0,
0,
3.840753e-07,
5.058361e-05,
3.207796e-06,
0,
1.833908e-07,
8.781205e-08,
0,
0,
1.29191e-08,
1.871979e-07,
1.38607e-09,
0.9533058,
0,
0,
1.494952e-05,
0,
0.0006257185,
0.0001604205,
0.04016535,
0.0005898034,
0,
0,
0.000124534,
0,
0,
9.77754e-05,
0.002695329,
0.0005092036,
0,
0.00125252,
0.000309444,
0,
0,
3.121763e-05,
0.0001179495,
0,
0.9715129,
0,
0,
5.057216e-06,
0,
0.0003303234,
1.332214e-05,
0.02582704,
0.0002664772,
0,
0,
1.258175e-05,
0,
0,
3.293565e-05,
0.001453463,
0.0002465312,
0,
0.0001816344,
5.102914e-05,
0,
0,
6.750971e-06,
6.001913e-05,
0,
0.5861628,
0,
0,
0.0001296669,
0,
0.01070577,
0.001607733,
0.2525137,
0.02217421,
0,
0,
0.004404102,
0,
0,
0.003901497,
0.05289205,
0.02294289,
0,
0.01832881,
0.01153047,
0,
0,
0.003205857,
0.009500353,
3.268497e-13,
0.1096845,
0,
0,
0.0002454786,
0,
0.01747843,
0.002475544,
0.2975212,
0.08007345,
0,
0,
0.01822197,
0,
0,
0.01639533,
0.1346386,
0.1108967,
0,
0.04537806,
0.05485502,
0,
0,
0.02982862,
0.08230712,
0,
0.1143496,
0,
0,
0.002713335,
0,
0.01549339,
0.002594784,
0.261926,
0.06505042,
0,
0,
0.01477329,
0,
0,
0.05274945,
0.1250768,
0.110838,
0,
0.04105583,
0.04916044,
0,
0,
0.03192363,
0.1122951,
0,
0.02775375,
0,
0,
0.02167786,
0,
0.007106738,
0.006360766,
0.1376941,
0.04601812,
0,
0,
0.03067202,
0,
0,
0.1658077,
0.0872594,
0.1043805,
0,
0.07101683,
0.0818266,
0,
0,
0.05151392,
0.1609118,
1.455476e-10,
0.5628707,
0,
0,
0.001098729,
0,
0.01144359,
0.000586528,
0.2615678,
0.02433512,
0,
0,
0.001955242,
0,
0,
0.01124595,
0.06097251,
0.02954587,
0,
0.008732556,
0.006759924,
0,
0,
0.002678737,
0.01620671,
0,
0.7910632,
0,
0,
0.0001576667,
0,
0.004830171,
0.0001187447,
0.1584715,
0.007769197,
0,
0,
0.0003561937,
0,
0,
0.001999742,
0.02211888,
0.00706895,
0,
0.002170837,
0.001310206,
0,
0,
0.000341047,
0.002223682,
4.252797e-09,
0.5881963,
0,
0,
0.001249933,
0,
0.0103863,
0.0003494761,
0.2467994,
0.0215393,
0,
0,
0.001498271,
0,
0,
0.01119253,
0.05646908,
0.02749569,
0,
0.007621485,
0.006998347,
0,
0,
0.003610724,
0.01659322,
6.750838e-09,
0.9971597,
0,
0,
9.116639e-11,
0,
1.537426e-05,
6.826989e-13,
0.002781435,
7.071692e-06,
0,
0,
6.907858e-11,
0,
0,
2.714258e-08,
3.46353e-05,
1.656585e-06,
0,
3.520888e-09,
4.648705e-09,
0,
0,
1.513088e-09,
4.618717e-08,
0,
0.8342597,
0,
0,
4.559946e-05,
0,
0.003644983,
7.531435e-05,
0.1306105,
0.00554856,
0,
0,
0.0002371128,
0,
0,
0.0009462258,
0.01597251,
0.004641674,
0,
0.001561839,
0.000912092,
0,
0,
0.0002247065,
0.001319188,
0,
0.05195166,
0,
0,
0.01750725,
0,
0.01044508,
0.007127167,
0.1803167,
0.05433072,
0,
0,
0.03210859,
0,
0,
0.1320259,
0.09874617,
0.09958104,
0,
0.07451443,
0.08048443,
0,
0,
0.04586775,
0.1149931,
0,
0.2224653,
0,
0,
0.005402902,
0,
0.01804271,
0.001153934,
0.2995501,
0.05785612,
0,
0,
0.007612524,
0,
0,
0.05319331,
0.1147874,
0.08214238,
0,
0.02477905,
0.03049935,
0,
0,
0.01981312,
0.06270179,
0,
0.6945446,
0,
0,
0.0001861008,
0,
0.007565068,
0.000211517,
0.2079066,
0.01401976,
0,
0,
0.0009793255,
0,
0,
0.003298161,
0.03792833,
0.0151753,
0,
0.00543397,
0.004426966,
0,
0,
0.001706059,
0.006618218,
7.923973e-11,
0.8451699,
0,
0,
1.452692e-05,
0,
0.003346491,
1.958321e-05,
0.1240797,
0.004945195,
0,
0,
0.0001220415,
0,
0,
0.0003917593,
0.01473456,
0.004173236,
0,
0.0009019109,
0.0007149624,
0,
0,
0.0002329228,
0.001153261,
0,
0.101484,
0,
0,
0.001571168,
0,
0.01672631,
0.003185131,
0.2847781,
0.07791411,
0,
0,
0.021111,
0,
0,
0.05008552,
0.1284497,
0.1051088,
0,
0.05006534,
0.05625511,
0,
0,
0.0276185,
0.07564723,
2.914646e-11,
0.1057879,
0,
0,
0.004055058,
0,
0.01438846,
0.005653948,
0.2434425,
0.06061231,
0,
0,
0.02524032,
0,
0,
0.06116878,
0.1140647,
0.09896785,
0,
0.06520056,
0.06832553,
0,
0,
0.03756902,
0.09552306,
0,
0.8878266,
0,
0,
3.472462e-05,
0,
0.00213491,
4.37873e-05,
0.09248444,
0.002775873,
0,
0,
0.0001234416,
0,
0,
0.0004743979,
0.009396811,
0.002379109,
0,
0.001013407,
0.0005564152,
0,
0,
0.0001312725,
0.000624847,
0,
0.9454322,
0,
0,
1.175826e-05,
0,
0.0007740203,
0.0001303973,
0.04642975,
0.0007666238,
0,
0,
0.0001251799,
0,
0,
0.0001032375,
0.003535651,
0.0007453274,
0,
0.00130397,
0.0003879952,
0,
0,
5.122296e-05,
0.0002027035,
5.870859e-12,
2057, 
0.1993885,
0,
0,
0.004002706,
0,
0.01979314,
0.0004162734,
0.3319514,
0.07094167,
0,
0,
0.004842061,
0,
0,
0.05859514,
0.1236404,
0.08438806,
0,
0.01503877,
0.02208852,
0,
0,
0.01473929,
0.0501741,
0,
0.4457561,
0,
0,
0.000306489,
0,
0.01763949,
6.580585e-05,
0.3302335,
0.04419399,
0,
0,
0.0009502279,
0,
0,
0.01048397,
0.08272802,
0.03963442,
0,
0.003896072,
0.005658759,
0,
0,
0.003486509,
0.01496666,
0,
0.8675477,
0,
0,
5.550362e-05,
0,
0.002925587,
6.949622e-05,
0.1152481,
0.004095525,
0,
0,
0.0002134318,
0,
0,
0.0006668533,
0.006986816,
0.0009700097,
0,
0.0008986993,
0.0002648292,
0,
0,
1.400832e-05,
4.34234e-05,
4.916956e-12,
0.4525737,
0,
0,
0.00231925,
0,
0.01396462,
0.001975192,
0.2821411,
0.03287656,
0,
0,
0.005890612,
0,
0,
0.01987898,
0.07655222,
0.04150536,
0,
0.02241706,
0.01672349,
0,
0,
0.006306916,
0.02487503,
0,
0.2287419,
0,
0,
0.003949353,
0,
0.01325971,
0.01127309,
0.2216638,
0.03629202,
0,
0,
0.02335449,
0,
0,
0.03145885,
0.08249133,
0.05874045,
0,
0.07336705,
0.05382453,
0,
0,
0.02327549,
0.05523131,
0.08307653,
0.7636569,
0,
0,
7.653014e-05,
0,
0.005226559,
0.0003203448,
0.1662726,
0.008645483,
0,
0,
0.0009079973,
0,
0,
0.00158299,
0.02543349,
0.008853181,
0,
0.005422595,
0.003267723,
0,
0,
0.0008894257,
0.003354995,
0.006089173,
0.996242,
0,
0,
4.209048e-08,
0,
2.250014e-05,
7.267262e-10,
0.00365279,
1.14322e-05,
0,
0,
7.004215e-09,
0,
0,
6.335958e-07,
6.547382e-05,
4.481576e-06,
0,
2.382695e-07,
1.2475e-07,
0,
0,
2.025438e-08,
2.832394e-07,
1.38607e-09,
0.9526898,
0,
0,
1.593825e-05,
0,
0.0006331215,
0.0001584768,
0.04059688,
0.000603906,
0,
0,
0.0001258186,
0,
0,
0.0001092054,
0.002769123,
0.0005326588,
0,
0.001277333,
0.0003227428,
0,
0,
3.40569e-05,
0.0001309041,
0,
0.9711841,
0,
0,
5.190457e-06,
0,
0.0003331251,
1.460866e-05,
0.02606148,
0.0002717688,
0,
0,
1.380702e-05,
0,
0,
3.617291e-05,
0.001491419,
0.0002578727,
0,
0.0001997337,
5.629958e-05,
0,
0,
7.53399e-06,
6.686767e-05,
0,
0.5845858,
0,
0,
0.0001371239,
0,
0.0106971,
0.001552566,
0.2527549,
0.02228389,
0,
0,
0.004339901,
0,
0,
0.004181203,
0.05321832,
0.02322872,
0,
0.01818392,
0.01160203,
0,
0,
0.003298733,
0.009935744,
3.268497e-13,
0.1102291,
0,
0,
0.0002075125,
0,
0.01756142,
0.00233445,
0.2997522,
0.08084231,
0,
0,
0.01755923,
0,
0,
0.0158434,
0.1351997,
0.1109511,
0,
0.04385643,
0.05357941,
0,
0,
0.02943638,
0.08264741,
0,
0.1129878,
0,
0,
0.002905836,
0,
0.01532658,
0.002527799,
0.2599156,
0.06471295,
0,
0,
0.01468364,
0,
0,
0.0556838,
0.1242808,
0.1103252,
0,
0.04098323,
0.04950935,
0,
0,
0.0324504,
0.1137071,
0,
0.02679783,
0,
0,
0.02169437,
0,
0.006880154,
0.006351103,
0.1354983,
0.0453626,
0,
0,
0.03115094,
0,
0,
0.1700902,
0.08582451,
0.1028522,
0,
0.07208231,
0.08310858,
0,
0,
0.05197534,
0.1603315,
1.455476e-10,
0.557151,
0,
0,
0.001178378,
0,
0.01152654,
0.0005664016,
0.2626163,
0.02473727,
0,
0,
0.001964361,
0,
0,
0.01213712,
0.06193069,
0.03032439,
0,
0.008834697,
0.007020482,
0,
0,
0.002884808,
0.01712752,
0,
0.7856486,
0,
0,
0.0001736984,
0,
0.004985063,
0.0001029167,
0.1619551,
0.00814084,
0,
0,
0.0003209367,
0,
0,
0.002236835,
0.02301529,
0.007465324,
0,
0.001971375,
0.00122307,
0,
0,
0.0003305144,
0.002430481,
4.252797e-09,
0.576721,
0,
0,
0.001377513,
0,
0.01065086,
0.0003254441,
0.2501704,
0.02243267,
0,
0,
0.00147005,
0,
0,
0.01240257,
0.05859931,
0.02908562,
0,
0.007523771,
0.007160733,
0,
0,
0.003874445,
0.01820569,
6.750838e-09,
0.9966767,
0,
0,
1.577237e-10,
0,
1.913404e-05,
7.704668e-13,
0.003248344,
9.330615e-06,
0,
0,
8.607539e-11,
0,
0,
4.360785e-08,
4.414672e-05,
2.246355e-06,
0,
4.256233e-09,
6.113191e-09,
0,
0,
2.218411e-09,
6.75611e-08,
0,
0.8256929,
0,
0,
5.153439e-05,
0,
0.003880835,
6.700735e-05,
0.1364434,
0.006029048,
0,
0,
0.000238115,
0,
0,
0.001088115,
0.01716227,
0.005081678,
0,
0.001569601,
0.0009663838,
0,
0,
0.0002499913,
0.001479134,
0,
0.05173047,
0,
0,
0.01832464,
0,
0.01031633,
0.006518212,
0.1792457,
0.05386546,
0,
0,
0.03049563,
0,
0,
0.1371615,
0.09827975,
0.09939376,
0,
0.0717624,
0.07920763,
0,
0,
0.04639086,
0.1173076,
0,
0.2203802,
0,
0,
0.005451165,
0,
0.01798415,
0.001047975,
0.299514,
0.05815057,
0,
0,
0.007242513,
0,
0,
0.055136,
0.1150343,
0.08251768,
0,
0.02379051,
0.02989249,
0,
0,
0.01987587,
0.06398258,
0,
0.6849233,
0,
0,
0.0001961011,
0,
0.00783023,
0.000221105,
0.2124623,
0.01475609,
0,
0,
0.001040551,
0,
0,
0.003662697,
0.03948256,
0.01601052,
0,
0.005720631,
0.004708719,
0,
0,
0.00183924,
0.007145934,
7.923973e-11,
0.8370838,
0,
0,
1.983054e-05,
0,
0.00356298,
2.218111e-05,
0.129493,
0.005385674,
0,
0,
0.0001383721,
0,
0,
0.0005221814,
0.01581638,
0.004573878,
0,
0.001007,
0.0008032985,
0,
0,
0.0002652821,
0.001306149,
0,
0.1012071,
0,
0,
0.001603976,
0,
0.01665716,
0.003019153,
0.2844434,
0.07792833,
0,
0,
0.02049457,
0,
0,
0.0519269,
0.1283853,
0.1051646,
0,
0.04891704,
0.05566261,
0,
0,
0.02774456,
0.07684526,
2.914646e-11,
0.1054584,
0,
0,
0.004074151,
0,
0.01438235,
0.005026055,
0.2440486,
0.06096982,
0,
0,
0.02357179,
0,
0,
0.06324831,
0.1147888,
0.1000029,
0,
0.06173631,
0.06650034,
0,
0,
0.03781889,
0.09837312,
0,
0.8833101,
0,
0,
3.801975e-05,
0,
0.002245693,
4.135233e-05,
0.09580402,
0.002980078,
0,
0,
0.0001257516,
0,
0,
0.0005460944,
0.00992517,
0.002546738,
0,
0.001026956,
0.0005844323,
0,
0,
0.0001423908,
0.0006832215,
0,
0.9456368,
0,
0,
1.271342e-05,
0,
0.0007639602,
0.0001316118,
0.04618657,
0.0007591685,
0,
0,
0.0001266267,
0,
0,
0.0001127795,
0.00352759,
0.0007485665,
0,
0.001329576,
0.0003973081,
0,
0,
5.333246e-05,
0.0002133768,
5.870859e-12,
2058, 
0.1977739,
0,
0,
0.004052984,
0,
0.01972908,
0.000394725,
0.3316084,
0.07124043,
0,
0,
0.004692112,
0,
0,
0.06068439,
0.1236596,
0.08446047,
0,
0.01462098,
0.02170835,
0,
0,
0.01465307,
0.05072156,
0,
0.4389247,
0,
0,
0.0003440427,
0,
0.01781156,
6.557759e-05,
0.3313195,
0.0451063,
0,
0,
0.0009633712,
0,
0,
0.01151133,
0.08411025,
0.04072194,
0,
0.003948641,
0.005802829,
0,
0,
0.003634837,
0.01573512,
0,
0.8654048,
0,
0,
5.060039e-05,
0,
0.002997808,
6.469593e-05,
0.1172642,
0.004252193,
0,
0,
0.0002075672,
0,
0,
0.0006976497,
0.006973691,
0.0009387472,
0,
0.0008493673,
0.0002471075,
0,
0,
1.233873e-05,
3.915993e-05,
4.916956e-12,
0.4503699,
0,
0,
0.002199597,
0,
0.01397118,
0.002057961,
0.2822168,
0.03309288,
0,
0,
0.006154032,
0,
0,
0.020184,
0.07648381,
0.04136646,
0,
0.02329202,
0.01728516,
0,
0,
0.006434594,
0.02489168,
0,
0.2279915,
0,
0,
0.003924167,
0,
0.01330024,
0.01056266,
0.2223109,
0.03663289,
0,
0,
0.02255235,
0,
0,
0.03241915,
0.08308184,
0.05936353,
0,
0.07140239,
0.05332944,
0,
0,
0.02361407,
0.05672285,
0.08279195,
0.7601766,
0,
0,
8.069562e-05,
0,
0.005326122,
0.0002963913,
0.1684441,
0.008913643,
0,
0,
0.000877968,
0,
0,
0.001715652,
0.02594953,
0.009067487,
0,
0.005263878,
0.00323715,
0,
0,
0.000900525,
0.003476773,
0.00627343,
0.9955546,
0,
0,
7.320588e-08,
0,
2.893365e-05,
1.040906e-09,
0.004305417,
1.601106e-05,
0,
0,
1.107244e-08,
0,
0,
1.086685e-06,
8.6391e-05,
6.450295e-06,
0,
3.359416e-07,
1.913573e-07,
0,
0,
3.40025e-08,
4.477756e-07,
1.38607e-09,
0.951804,
0,
0,
1.726551e-05,
0,
0.0006469096,
0.0001565663,
0.04123947,
0.0006269392,
0,
0,
0.0001276713,
0,
0,
0.0001233606,
0.00286908,
0.000562468,
0,
0.001304996,
0.0003381237,
0,
0,
3.737417e-05,
0.0001457207,
0,
0.970663,
0,
0,
5.399159e-06,
0,
0.0003400316,
1.559239e-05,
0.02646421,
0.0002819681,
0,
0,
1.477462e-05,
0,
0,
4.027459e-05,
0.001545171,
0.0002723446,
0,
0.0002140791,
6.0582e-05,
0,
0,
8.192806e-06,
7.438241e-05,
0,
0.5821253,
0,
0,
0.0001460025,
0,
0.01073982,
0.001487845,
0.2534741,
0.02254803,
0,
0,
0.00426042,
0,
0,
0.004498183,
0.05374394,
0.02361133,
0,
0.01795405,
0.0116439,
0,
0,
0.003392047,
0.010375,
3.268496e-13,
0.1108732,
0,
0,
0.0001756485,
0,
0.01766969,
0.002176577,
0.3021613,
0.08172833,
0,
0,
0.01678512,
0,
0,
0.0154829,
0.1358928,
0.1111014,
0,
0.04207465,
0.05207209,
0,
0,
0.02898297,
0.08282331,
0,
0.1116965,
0,
0,
0.003112717,
0,
0.01518384,
0.0024583,
0.2580643,
0.06448502,
0,
0,
0.01458989,
0,
0,
0.0586826,
0.1235644,
0.1098165,
0,
0.04088451,
0.04984821,
0,
0,
0.03298497,
0.1146282,
0,
0.0259342,
0,
0,
0.02166178,
0,
0.006682136,
0.00635073,
0.1336095,
0.04484889,
0,
0,
0.03164589,
0,
0,
0.1741074,
0.08457838,
0.1014768,
0,
0.07313879,
0.08432719,
0,
0,
0.0523446,
0.1592938,
1.455476e-10,
0.5511443,
0,
0,
0.00126228,
0,
0.01163054,
0.0005480465,
0.2637268,
0.02521157,
0,
0,
0.001984669,
0,
0,
0.01307143,
0.0629186,
0.03109897,
0,
0.008976254,
0.007325079,
0,
0,
0.003114354,
0.01798707,
0,
0.7798904,
0,
0,
0.0001920011,
0,
0.005152565,
8.903609e-05,
0.1655069,
0.008550783,
0,
0,
0.0002935333,
0,
0,
0.002502109,
0.02396608,
0.007888063,
0,
0.001815289,
0.001171882,
0,
0,
0.0003345101,
0.002646934,
4.252797e-09,
0.565226,
0,
0,
0.001513621,
0,
0.01092293,
0.0003012391,
0.253373,
0.0233719,
0,
0,
0.001438566,
0,
0,
0.01369029,
0.06073856,
0.0307037,
0,
0.00740006,
0.007307645,
0,
0,
0.004147588,
0.01986483,
6.750838e-09,
0.9961284,
0,
0,
2.658589e-10,
0,
2.367574e-05,
8.943683e-13,
0.003776583,
1.221905e-05,
0,
0,
1.105599e-10,
0,
0,
6.876972e-08,
5.590032e-05,
3.021522e-06,
0,
5.250593e-09,
8.17354e-09,
0,
0,
3.261849e-09,
9.795349e-08,
0,
0.817045,
0,
0,
5.830182e-05,
0,
0.004123386,
6.218935e-05,
0.1422168,
0.006536502,
0,
0,
0.0002439056,
0,
0,
0.00124651,
0.01837704,
0.005536146,
0,
0.001599764,
0.001031173,
0,
0,
0.0002784963,
0.001644718,
0,
0.05149505,
0,
0,
0.0192716,
0,
0.01019526,
0.005945044,
0.1782701,
0.05347598,
0,
0,
0.02889538,
0,
0,
0.142663,
0.09787358,
0.09923873,
0,
0.06892679,
0.07770372,
0,
0,
0.04671719,
0.1193286,
0,
0.2183623,
0,
0,
0.005489198,
0,
0.01794863,
0.0009595088,
0.2995895,
0.05854184,
0,
0,
0.00691889,
0,
0,
0.05701605,
0.1153122,
0.08284811,
0,
0.02289241,
0.02930972,
0,
0,
0.01988132,
0.06493035,
0,
0.6752576,
0,
0,
0.0002097468,
0,
0.008105888,
0.0002315097,
0.216959,
0.01553739,
0,
0,
0.001103855,
0,
0,
0.004066721,
0.04105453,
0.01685256,
0,
0.006004623,
0.004987791,
0,
0,
0.001970392,
0.0076584,
7.923973e-11,
0.8287983,
0,
0,
2.614499e-05,
0,
0.003789712,
2.503622e-05,
0.1349233,
0.005860307,
0,
0,
0.0001563261,
0,
0,
0.0006768093,
0.01695084,
0.005002383,
0,
0.001119239,
0.0008989893,
0,
0,
0.0003009572,
0.001471699,
0,
0.1009811,
0,
0,
0.001642768,
0,
0.01661677,
0.002849177,
0.2843464,
0.07809744,
0,
0,
0.01982711,
0,
0,
0.05380275,
0.1284558,
0.1052932,
0,
0.04761313,
0.05488335,
0,
0,
0.02776655,
0.07782446,
2.914646e-11,
0.1052546,
0,
0,
0.004111196,
0,
0.01439287,
0.004478288,
0.2447204,
0.06138135,
0,
0,
0.02204882,
0,
0,
0.06530012,
0.1154941,
0.1009278,
0,
0.05848948,
0.06468005,
0,
0,
0.0379481,
0.1007727,
0,
0.8785313,
0,
0,
4.241089e-05,
0,
0.002366904,
3.94075e-05,
0.09927439,
0.003208512,
0,
0,
0.0001293077,
0,
0,
0.0006297816,
0.01049186,
0.002726384,
0,
0.001046859,
0.0006157163,
0,
0,
0.0001541366,
0.0007430175,
0,
0.9456564,
0,
0,
1.379444e-05,
0,
0.0007592805,
0.000131886,
0.04609996,
0.0007592788,
0,
0,
0.0001276417,
0,
0,
0.0001236196,
0.003538339,
0.0007555799,
0,
0.001349208,
0.0004056847,
0,
0,
5.541148e-05,
0.0002239492,
5.870859e-12,
2059, 
0.1962047,
0,
0,
0.004114809,
0,
0.01968957,
0.0003706024,
0.3314102,
0.07165224,
0,
0,
0.004520101,
0,
0,
0.06281964,
0.1237364,
0.08452334,
0,
0.01413291,
0.0212477,
0,
0,
0.01451963,
0.05105819,
0,
0.4321299,
0,
0,
0.0003856124,
0,
0.01800266,
6.442906e-05,
0.332414,
0.04609827,
0,
0,
0.0009672649,
0,
0,
0.0126087,
0.08548091,
0.0417754,
0,
0.003962779,
0.005905095,
0,
0,
0.003765844,
0.01643908,
0,
0.8631354,
0,
0,
4.684193e-05,
0,
0.003075973,
6.014064e-05,
0.119319,
0.004424635,
0,
0,
0.0002023255,
0,
0,
0.0007363115,
0.006999079,
0.0009171701,
0,
0.0008048132,
0.0002318561,
0,
0,
1.090313e-05,
3.554813e-05,
4.916956e-12,
0.4482999,
0,
0,
0.002103669,
0,
0.01399889,
0.002122839,
0.2824239,
0.03337678,
0,
0,
0.006389651,
0,
0,
0.0205126,
0.07643292,
0.04119292,
0,
0.02405615,
0.01779159,
0,
0,
0.006545198,
0.024753,
0,
0.2273114,
0,
0,
0.003911422,
0,
0.01335497,
0.009896188,
0.2230514,
0.03703192,
0,
0,
0.02178106,
0,
0,
0.03339114,
0.0836993,
0.05996498,
0,
0.0694274,
0.05275593,
0,
0,
0.02386807,
0.05798715,
0.08256765,
0.756564,
0,
0,
8.533777e-05,
0,
0.005433633,
0.0002775284,
0.1706366,
0.009205608,
0,
0,
0.0008562449,
0,
0,
0.001857092,
0.02647793,
0.009279842,
0,
0.005137966,
0.003217974,
0,
0,
0.0009114351,
0.003582236,
0.006476623,
0.9946786,
0,
0,
1.31746e-07,
0,
3.798098e-05,
1.876935e-09,
0.005130309,
2.308137e-05,
0,
0,
2.045403e-08,
0,
0,
1.933751e-06,
0.000116652,
9.623112e-06,
0,
5.315616e-07,
3.234889e-07,
0,
0,
6.188505e-08,
7.473753e-07,
1.38607e-09,
0.9506336,
0,
0,
1.897618e-05,
0,
0.0006672337,
0.0001550103,
0.0421005,
0.0006592934,
0,
0,
0.0001303499,
0,
0,
0.0001407122,
0.002997024,
0.0005993432,
0,
0.001337693,
0.0003562104,
0,
0,
4.126143e-05,
0.0001627188,
0,
0.9699297,
0,
0,
5.710592e-06,
0,
0.0003514173,
1.615623e-05,
0.02705282,
0.0002976718,
0,
0,
1.537485e-05,
0,
0,
4.557085e-05,
0.00161703,
0.0002906028,
0,
0.0002230697,
6.342946e-05,
0,
0,
8.667732e-06,
8.278415e-05,
0,
0.578693,
0,
0,
0.000157095,
0,
0.01083206,
0.001418092,
0.2546462,
0.0229644,
0,
0,
0.004176461,
0,
0,
0.004866345,
0.05447254,
0.02409909,
0,
0.01767873,
0.01167795,
0,
0,
0.003490632,
0.01082738,
3.268497e-13,
0.1115771,
0,
0,
0.000150098,
0,
0.01779665,
0.002006694,
0.3046664,
0.08270435,
0,
0,
0.0159205,
0,
0,
0.01534233,
0.136689,
0.1113379,
0,
0.04008116,
0.05037102,
0,
0,
0.02848182,
0.08287492,
0,
0.1104469,
0,
0,
0.003330921,
0,
0.01505995,
0.002391131,
0.2563184,
0.06434608,
0,
0,
0.01450982,
0,
0,
0.06172442,
0.1229067,
0.1093067,
0,
0.04080315,
0.05020984,
0,
0,
0.03353063,
0.1151154,
0,
0.02514529,
0,
0,
0.02159894,
0,
0.006506546,
0.006360224,
0.1319532,
0.0444433,
0,
0,
0.03215439,
0,
0,
0.1779415,
0.08348119,
0.1002287,
0,
0.07418899,
0.08548068,
0,
0,
0.05261642,
0.1579006,
1.455476e-10,
0.5447771,
0,
0,
0.001351956,
0,
0.01175486,
0.0005338179,
0.2648912,
0.02575852,
0,
0,
0.002022133,
0,
0,
0.01406286,
0.06394408,
0.03188014,
0,
0.009177007,
0.007683447,
0,
0,
0.003367751,
0.01879511,
0,
0.7737269,
0,
0,
0.0002132421,
0,
0.005334665,
7.772056e-05,
0.1691627,
0.009005208,
0,
0,
0.0002744402,
0,
0,
0.002803236,
0.02498425,
0.008344669,
0,
0.001701161,
0.001148066,
0,
0,
0.0003468702,
0.002876922,
4.252797e-09,
0.5535936,
0,
0,
0.001659477,
0,
0.01120008,
0.0002788082,
0.2563614,
0.02435328,
0,
0,
0.001413531,
0,
0,
0.01506465,
0.06288528,
0.03235742,
0,
0.007297119,
0.007487557,
0,
0,
0.004461658,
0.02158615,
6.750839e-09,
0.9955091,
0,
0,
4.374806e-10,
0,
2.912565e-05,
1.101003e-12,
0.00437129,
1.588277e-05,
0,
0,
1.48532e-10,
0,
0,
1.065777e-07,
7.033419e-05,
4.033364e-06,
0,
6.68762e-09,
1.116989e-08,
0,
0,
4.814852e-09,
1.40895e-07,
0,
0.8084077,
0,
0,
6.600012e-05,
0,
0.004370331,
5.967922e-05,
0.1478627,
0.007068899,
0,
0,
0.0002533348,
0,
0,
0.001424034,
0.01960773,
0.00600337,
0,
0.001646447,
0.001104153,
0,
0,
0.000309785,
0.001815848,
0,
0.05122164,
0,
0,
0.02034468,
0,
0.0100759,
0.005408865,
0.1772985,
0.05312793,
0,
0,
0.02732555,
0,
0,
0.1485261,
0.09748592,
0.09909063,
0,
0.06606323,
0.07603489,
0,
0,
0.04688506,
0.1211111,
0,
0.2164133,
0,
0,
0.005520283,
0,
0.0179348,
0.0008838201,
0.2997864,
0.05902594,
0,
0,
0.006629538,
0,
0,
0.05885661,
0.1156232,
0.08313984,
0,
0.0220583,
0.0287346,
0,
0,
0.01982643,
0.065567,
0,
0.6655462,
0,
0,
0.0002270069,
0,
0.008391085,
0.0002423226,
0.2213845,
0.01636285,
0,
0,
0.001169174,
0,
0,
0.00451366,
0.04264597,
0.01770506,
0,
0.006286047,
0.00526615,
0,
0,
0.002100744,
0.008159169,
7.923973e-11,
0.8202979,
0,
0,
3.359999e-05,
0,
0.004026863,
2.827634e-05,
0.1403683,
0.006370954,
0,
0,
0.0001764623,
0,
0,
0.000858456,
0.01814106,
0.005461221,
0,
0.001241255,
0.001003888,
0,
0,
0.000340494,
0.001651291,
0,
0.1007784,
0,
0,
0.001687468,
0,
0.016598,
0.002679531,
0.2843973,
0.07838594,
0,
0,
0.01913545,
0,
0,
0.05571337,
0.1286249,
0.1054766,
0,
0.04621924,
0.05397947,
0,
0,
0.02770917,
0.07861523,
2.914646e-11,
0.1051569,
0,
0,
0.004159772,
0,
0.01441698,
0.004001702,
0.2454309,
0.06183487,
0,
0,
0.02066742,
0,
0,
0.06730634,
0.1161753,
0.1017487,
0,
0.05547599,
0.06289899,
0,
0,
0.03797606,
0.1027501,
0,
0.8734614,
0,
0,
4.800343e-05,
0,
0.00249922,
3.807512e-05,
0.1029038,
0.003463715,
0,
0,
0.0001345169,
0,
0,
0.0007280532,
0.01110234,
0.002920901,
0,
0.001075829,
0.000651784,
0,
0,
0.0001668719,
0.0008054776,
0,
0.945474,
0,
0,
1.496318e-05,
0,
0.0007600709,
0.0001315021,
0.04618056,
0.0007670979,
0,
0,
0.0001284862,
0,
0,
0.0001357436,
0.003569423,
0.0007669459,
0,
0.001365148,
0.0004137908,
0,
0,
5.753899e-05,
0.0002346758,
5.870859e-12,
2060, 
0.1946684,
0,
0,
0.004186681,
0,
0.01967037,
0.0003452242,
0.3313263,
0.07215965,
0,
0,
0.004336229,
0,
0,
0.06499974,
0.1238533,
0.08456795,
0,
0.01360362,
0.02073507,
0,
0,
0.01434773,
0.05119978,
0,
0.4253623,
0,
0,
0.0004312815,
0,
0.01821013,
6.267857e-05,
0.3335078,
0.04716178,
0,
0,
0.000965318,
0,
0,
0.01377768,
0.08683676,
0.04279456,
0,
0.003950773,
0.005977964,
0,
0,
0.003882373,
0.01707868,
0,
0.8607,
0,
0,
4.426947e-05,
0,
0.00316074,
5.601809e-05,
0.1214368,
0.004614251,
0,
0,
0.0001981607,
0,
0,
0.0007841205,
0.007069294,
0.0009068495,
0,
0.0007673319,
0.0002198239,
0,
0,
9.747339e-06,
3.271896e-05,
4.916956e-12,
0.4463413,
0,
0,
0.002025672,
0,
0.01404589,
0.002169617,
0.2827584,
0.03372322,
0,
0,
0.006593819,
0,
0,
0.02086712,
0.07640897,
0.0410001,
0,
0.02470056,
0.01823658,
0,
0,
0.006638945,
0.02448974,
0,
0.2266637,
0,
0,
0.003906544,
0,
0.0134214,
0.00926804,
0.2238678,
0.03748269,
0,
0,
0.02103772,
0,
0,
0.03437399,
0.08434118,
0.06055006,
0,
0.0674517,
0.05211931,
0,
0,
0.02404838,
0.0590497,
0.08241779,
0.7528437,
0,
0,
9.045199e-05,
0,
0.005548106,
0.0002622695,
0.1728438,
0.00951943,
0,
0,
0.0008401427,
0,
0,
0.002007967,
0.02702024,
0.009492798,
0,
0.005033238,
0.003204257,
0,
0,
0.0009208884,
0.003674812,
0.006697916,
0.9935505,
0,
0,
2.408081e-07,
0,
5.084505e-05,
4.087473e-09,
0.006181837,
3.413046e-05,
0,
0,
4.23361e-08,
0,
0,
3.516929e-06,
0.0001611173,
1.484942e-05,
0,
9.313226e-07,
5.919573e-07,
0,
0,
1.202617e-07,
1.311889e-06,
1.38607e-09,
0.9491605,
0,
0,
2.112863e-05,
0,
0.000694318,
0.00015413,
0.04318945,
0.0007015064,
0,
0,
0.0001341326,
0,
0,
0.0001618626,
0.00315515,
0.0006441454,
0,
0.0013778,
0.0003777355,
0,
0,
4.583805e-05,
0.0001823273,
0,
0.9689643,
0,
0,
6.161197e-06,
0,
0.000367677,
1.628616e-05,
0.02784406,
0.0003195558,
0,
0,
1.55823e-05,
0,
0,
5.247127e-05,
0.0017088,
0.0003130815,
0,
0.000226318,
6.46987e-05,
0,
0,
8.931974e-06,
9.210476e-05,
0,
0.574225,
0,
0,
0.0001712934,
0,
0.01097125,
0.001347369,
0.2562386,
0.02352881,
0,
0,
0.004097615,
0,
0,
0.005300235,
0.05540318,
0.02469767,
0,
0.0173936,
0.01172409,
0,
0,
0.003599074,
0.0113022,
3.268496e-13,
0.1123084,
0,
0,
0.000130855,
0,
0.01793649,
0.001829616,
0.3072008,
0.08374588,
0,
0,
0.01498843,
0,
0,
0.01543606,
0.1375585,
0.1116436,
0,
0.03792917,
0.04851816,
0,
0,
0.02794409,
0.08282991,
0,
0.1092195,
0,
0,
0.003558001,
0,
0.0149509,
0.002330807,
0.254646,
0.0642807,
0,
0,
0.01446028,
0,
0,
0.06479939,
0.1222885,
0.1087846,
0,
0.04077826,
0.05061897,
0,
0,
0.03407928,
0.1152048,
0,
0.02441164,
0,
0,
0.02151516,
0,
0.006346975,
0.006379998,
0.1304445,
0.04410945,
0,
0,
0.03267799,
0,
0,
0.1816275,
0.08248734,
0.09907655,
0,
0.07524886,
0.08659711,
0,
0,
0.05282056,
0.1562563,
1.455476e-10,
0.537957,
0,
0,
0.00144912,
0,
0.01189807,
0.000527327,
0.2660885,
0.02637714,
0,
0,
0.00208678,
0,
0,
0.01512703,
0.06501052,
0.03267607,
0,
0.009473435,
0.0081177,
0,
0,
0.003649902,
0.01956145,
0,
0.7670677,
0,
0,
0.0002381291,
0,
0.00553274,
6.996602e-05,
0.1729439,
0.009509213,
0,
0,
0.0002671153,
0,
0,
0.003148312,
0.02607947,
0.008841404,
0,
0.001646008,
0.001161963,
0,
0,
0.0003701029,
0.003124001,
4.252797e-09,
0.5417556,
0,
0,
0.001816953,
0,
0.01148128,
0.0002594027,
0.2591216,
0.02537641,
0,
0,
0.00139908,
0,
0,
0.0165397,
0.06504582,
0.03405881,
0,
0.007231957,
0.007708658,
0,
0,
0.00481447,
0.02339026,
6.750839e-09,
0.9948124,
0,
0,
7.043724e-10,
0,
3.56245e-05,
1.477364e-12,
0.005037765,
2.049466e-05,
0,
0,
2.097119e-10,
0,
0,
1.625321e-07,
8.795232e-05,
5.345113e-06,
0,
8.844984e-09,
1.559686e-08,
0,
0,
7.124089e-09,
2.01145e-07,
0,
0.7998409,
0,
0,
7.475325e-05,
0,
0.004619865,
5.870302e-05,
0.1533313,
0.007624881,
0,
0,
0.0002657851,
0,
0,
0.00162374,
0.02084829,
0.006482886,
0,
0.001706648,
0.001184942,
0,
0,
0.0003440717,
0.001993201,
0,
0.05088871,
0,
0,
0.02152097,
0,
0.009952421,
0.004912082,
0.1762506,
0.052789,
0,
0,
0.02580743,
0,
0,
0.1546687,
0.09708171,
0.09893315,
0,
0.06323659,
0.07427591,
0,
0,
0.04694488,
0.1227378,
0,
0.2145164,
0,
0,
0.005547491,
0,
0.01793989,
0.0008176597,
0.3000942,
0.05959454,
0,
0,
0.006367586,
0,
0,
0.06068187,
0.1159629,
0.08339595,
0,
0.02127649,
0.02816608,
0,
0,
0.01971821,
0.06592082,
0,
0.6557754,
0,
0,
0.0002478719,
0,
0.008684722,
0.0002535584,
0.2257263,
0.01723119,
0,
0,
0.001237379,
0,
0,
0.005007243,
0.04425931,
0.01857293,
0,
0.006569079,
0.005548181,
0,
0,
0.002232392,
0.008654431,
7.923973e-11,
0.8115638,
0,
0,
4.236458e-05,
0,
0.004274591,
3.209011e-05,
0.1458279,
0.006919464,
0,
0,
0.0001995441,
0,
0,
0.001069847,
0.01938978,
0.005952762,
0,
0.001376629,
0.001120332,
0,
0,
0.0003845108,
0.00184638,
0,
0.1005685,
0,
0,
0.001737753,
0,
0.01659312,
0.002515582,
0.2844988,
0.07875576,
0,
0,
0.01845039,
0,
0,
0.05765667,
0.1288512,
0.1056922,
0,
0.04480938,
0.05302145,
0,
0,
0.02760113,
0.07924803,
2.914646e-11,
0.1051467,
0,
0,
0.004214562,
0,
0.01445143,
0.00358827,
0.2461522,
0.06231726,
0,
0,
0.01942282,
0,
0,
0.06925289,
0.1168254,
0.1024703,
0,
0.05270706,
0.06118658,
0,
0,
0.03792212,
0.1043425,
0,
0.8680652,
0,
0,
5.495592e-05,
0,
0.002643455,
3.746396e-05,
0.1067039,
0.0037486,
0,
0,
0.0001418033,
0,
0,
0.0008440464,
0.0117629,
0.003133622,
0,
0.001116488,
0.0006942761,
0,
0,
0.0001810407,
0.0008722048,
0,
0.9450759,
0,
0,
1.620558e-05,
0,
0.0007663653,
0.0001307425,
0.04643657,
0.0007827157,
0,
0,
0.0001294099,
0,
0,
0.0001492473,
0.003622061,
0.0007831715,
0,
0.001379684,
0.0004222927,
0,
0,
5.980037e-05,
0.0002458491,
5.870859e-12,
2061, 
0.1931506,
0,
0,
0.004266871,
0,
0.0196667,
0.0003197708,
0.3313192,
0.07274245,
0,
0,
0.004149959,
0,
0,
0.0672228,
0.1239935,
0.08458881,
0,
0.01306061,
0.02019854,
0,
0,
0.01414764,
0.05117264,
0,
0.4186133,
0,
0,
0.0004810177,
0,
0.01843062,
6.075047e-05,
0.3345864,
0.04828612,
0,
0,
0.0009618795,
0,
0,
0.01501839,
0.08817258,
0.04377888,
0,
0.003928031,
0.006036767,
0,
0,
0.003988217,
0.01765705,
0,
0.8580738,
0,
0,
4.286488e-05,
0,
0.003252375,
5.24562e-05,
0.1236332,
0.004821723,
0,
0,
0.0001953988,
0,
0,
0.0008419497,
0.0071879,
0.0009087138,
0,
0.0007384262,
0.0002114724,
0,
0,
8.896841e-06,
3.075935e-05,
4.916956e-12,
0.4445017,
0,
0,
0.001961714,
0,
0.01411066,
0.002195508,
0.2832289,
0.03412735,
0,
0,
0.00675668,
0,
0,
0.02125193,
0.07642397,
0.04080515,
0,
0.0251919,
0.01859692,
0,
0,
0.006709505,
0.02413816,
0,
0.2260151,
0,
0,
0.003906458,
0,
0.01349675,
0.008674162,
0.2247414,
0.03797755,
0,
0,
0.02032002,
0,
0,
0.03536894,
0.08500325,
0.06112276,
0,
0.06548536,
0.05143412,
0,
0,
0.02416673,
0.05994188,
0.08234553,
0.7490219,
0,
0,
9.603147e-05,
0,
0.005668287,
0.0002499543,
0.1750549,
0.009852557,
0,
0,
0.0008291967,
0,
0,
0.002168889,
0.0275771,
0.009708783,
0,
0.004950012,
0.00319793,
0,
0,
0.0009300533,
0.003758763,
0.00693562,
0.9920888,
0,
0,
4.40942e-07,
0,
6.921068e-05,
9.583577e-09,
0.007527638,
5.14465e-05,
0,
0,
9.176885e-08,
0,
0,
6.44843e-06,
0.0002268943,
2.353391e-05,
0,
1.731524e-06,
1.132605e-06,
0,
0,
2.43088e-07,
2.390616e-06,
1.38607e-09,
0.947366,
0,
0,
2.378629e-05,
0,
0.0007284064,
0.0001542177,
0.04451549,
0.0007542046,
0,
0,
0.0001392927,
0,
0,
0.0001875181,
0.003345787,
0.0006978364,
0,
0.001427655,
0.0004034828,
0,
0,
5.124729e-05,
0.0002050815,
0,
0.9677433,
0,
0,
6.796421e-06,
0,
0.0003892319,
1.60319e-05,
0.02885408,
0.0003483893,
0,
0,
1.544243e-05,
0,
0,
6.147638e-05,
0.001823532,
0.0003407696,
0,
0.0002244817,
6.458915e-05,
0,
0,
9.017409e-06,
0.0001028047,
0,
0.5686805,
0,
0,
0.0001897309,
0,
0.01115397,
0.001279311,
0.2582095,
0.02423459,
0,
0,
0.004032289,
0,
0,
0.005816374,
0.05653049,
0.02541041,
0,
0.01713082,
0.01180045,
0,
0,
0.003721872,
0.01180965,
3.268496e-13,
0.1130433,
0,
0,
0.0001177651,
0,
0.01808384,
0.001649783,
0.3097074,
0.08482838,
0,
0,
0.01401106,
0,
0,
0.01576557,
0.1384722,
0.112,
0,
0.03567004,
0.04655424,
0,
0,
0.02738008,
0.08271638,
0,
0.1080069,
0,
0,
0.003791795,
0,
0.01485381,
0.002281114,
0.2530355,
0.06427712,
0,
0,
0.01445367,
0,
0,
0.06790415,
0.1216963,
0.1082402,
0,
0.04083562,
0.05108114,
0,
0,
0.03460724,
0.1149355,
0,
0.0237177,
0,
0,
0.02141264,
0,
0.006198106,
0.006409072,
0.1290116,
0.0438158,
0,
0,
0.03321328,
0,
0,
0.1851672,
0.08155908,
0.09799647,
0,
0.07632539,
0.08770131,
0,
0,
0.05299171,
0.1544807,
1.455476e-10,
0.5306086,
0,
0,
0.001555842,
0,
0.01205879,
0.0005312374,
0.2673015,
0.02706658,
0,
0,
0.002185881,
0,
0,
0.01628237,
0.06612156,
0.03349538,
0,
0.009889077,
0.008641311,
0,
0,
0.003963069,
0.02029878,
0,
0.7598117,
0,
0,
0.0002675391,
0,
0.005748481,
6.672632e-05,
0.1768761,
0.01006906,
0,
0,
0.000274859,
0,
0,
0.003547465,
0.02726359,
0.009386122,
0,
0.001665012,
0.001223356,
0,
0,
0.0004068784,
0.003393144,
4.252797e-09,
0.5296356,
0,
0,
0.00198789,
0,
0.01176457,
0.0002447029,
0.2616285,
0.02643819,
0,
0,
0.001402218,
0,
0,
0.01812883,
0.0672186,
0.03581368,
0,
0.00723421,
0.007995251,
0,
0,
0.005215622,
0.02529215,
6.750838e-09,
0.994032,
0,
0,
1.112277e-09,
0,
4.332849e-05,
2.15461e-12,
0.005781457,
2.625876e-05,
0,
0,
3.075067e-10,
0,
0,
2.442313e-07,
0.0001093296,
7.03383e-06,
0,
1.207968e-08,
2.209618e-08,
0,
0,
1.052574e-08,
2.850017e-07,
0,
0.7913145,
0,
0,
8.480655e-05,
0,
0.004872128,
5.90395e-05,
0.1586173,
0.00820697,
0,
0,
0.0002821728,
0,
0,
0.001850452,
0.02210366,
0.006979249,
0,
0.001786372,
0.001279599,
0,
0,
0.0003836858,
0.002180075,
0,
0.05048597,
0,
0,
0.02276603,
0,
0.009820756,
0.004464384,
0.1750856,
0.05243776,
0,
0,
0.02439016,
0,
0,
0.1609886,
0.0966274,
0.09872729,
0,
0.06056309,
0.07253926,
0,
0,
0.04693519,
0.1241685,
0,
0.2126564,
0,
0,
0.005573457,
0,
0.01796055,
0.0007586424,
0.3004955,
0.06023622,
0,
0,
0.006127228,
0,
0,
0.06251459,
0.1163246,
0.08361915,
0,
0.02053697,
0.02760272,
0,
0,
0.01956412,
0.06602989,
0,
0.6459197,
0,
0,
0.0002723655,
0,
0.008985563,
0.0002657842,
0.229972,
0.01814073,
0,
0,
0.00131076,
0,
0,
0.005551757,
0.04589586,
0.01946052,
0,
0.006863952,
0.005841668,
0,
0,
0.002368246,
0.009151088,
7.923973e-11,
0.8025836,
0,
0,
5.260851e-05,
0,
0.004532721,
3.672591e-05,
0.1512977,
0.007506895,
0,
0,
0.0002265015,
0,
0,
0.001312633,
0.02069841,
0.006479028,
0,
0.001529727,
0.001251039,
0,
0,
0.0004337091,
0.002058673,
0,
0.1003202,
0,
0,
0.001792992,
0,
0.01659385,
0.002364678,
0.2845474,
0.07916535,
0,
0,
0.01780961,
0,
0,
0.05962774,
0.129087,
0.1059095,
0,
0.04347007,
0.05208924,
0,
0,
0.02747335,
0.07974906,
2.914646e-11,
0.1052094,
0,
0,
0.004271586,
0,
0.01449323,
0.003231185,
0.2468624,
0.06281586,
0,
0,
0.01831019,
0,
0,
0.07113262,
0.1174359,
0.1030932,
0,
0.0501901,
0.05956601,
0,
0,
0.03780215,
0.1055862,
0,
0.8622968,
0,
0,
6.348819e-05,
0,
0.002800664,
3.768914e-05,
0.1106921,
0.004066719,
0,
0,
0.0001516435,
0,
0,
0.0009816282,
0.01248141,
0.00336872,
0,
0.00117153,
0.0007450429,
0,
0,
0.0001972064,
0.0009453786,
0,
0.944453,
0,
0,
1.750761e-05,
0,
0.0007780985,
0.0001298563,
0.04687223,
0.0008061042,
0,
0,
0.0001306269,
0,
0,
0.0001642297,
0.003696973,
0.0008046408,
0,
0.001394869,
0.0004317924,
0,
0,
6.227989e-05,
0.0002577898,
5.87086e-12,
2062, 
0.191649,
0,
0,
0.004353906,
0,
0.01967466,
0.0002952695,
0.3313572,
0.07338234,
0,
0,
0.003969685,
0,
0,
0.06948456,
0.124141,
0.08457879,
0,
0.0125282,
0.01966256,
0,
0,
0.01392763,
0.05099525,
0,
0.4118896,
0,
0,
0.0005346825,
0,
0.0186602,
5.919401e-05,
0.3356258,
0.04945833,
0,
0,
0.0009623066,
0,
0,
0.01632853,
0.08947976,
0.04472569,
0,
0.00391291,
0.006099153,
0,
0,
0.004087501,
0.01817637,
0,
0.8552317,
0,
0,
4.260201e-05,
0,
0.003351233,
4.977215e-05,
0.1259234,
0.00504801,
0,
0,
0.0001952139,
0,
0,
0.0009106674,
0.007356311,
0.0009230998,
0,
0.0007221493,
0.0002078039,
0,
0,
8.380676e-06,
2.970133e-05,
4.916956e-12,
0.4427144,
0,
0,
0.001909484,
0,
0.01418956,
0.002205398,
0.2837943,
0.03457952,
0,
0,
0.00688851,
0,
0,
0.02166892,
0.07647446,
0.04061478,
0,
0.02557067,
0.01889978,
0,
0,
0.00676717,
0.02372306,
0,
0.2253233,
0,
0,
0.003909654,
0,
0.01357789,
0.008116048,
0.2256441,
0.03850817,
0,
0,
0.0196324,
0,
0,
0.03637823,
0.08567861,
0.06168517,
0,
0.06355284,
0.05072058,
0,
0,
0.02423486,
0.06069106,
0.08234716,
0.7450967,
0,
0,
0.0001020831,
0,
0.005793252,
0.0002402202,
0.1772623,
0.01020317,
0,
0,
0.0008232812,
0,
0,
0.002340581,
0.02815027,
0.009930598,
0,
0.004889677,
0.00320121,
0,
0,
0.0009401008,
0.003838096,
0.007188421,
0.9902024,
0,
0,
7.96259e-07,
0,
9.515684e-05,
2.268623e-08,
0.009240264,
7.815541e-05,
0,
0,
1.994595e-07,
0,
0,
1.171139e-05,
0.000323145,
3.773135e-05,
0,
3.289317e-06,
2.191578e-06,
0,
0,
4.939684e-07,
4.406239e-06,
1.38607e-09,
0.9452552,
0,
0,
2.700623e-05,
0,
0.0007693643,
0.0001554759,
0.04606909,
0.0008175951,
0,
0,
0.0001460129,
0,
0,
0.0002183365,
0.003569351,
0.0007609141,
0,
0.001488767,
0.0004339718,
0,
0,
5.759822e-05,
0.000231373,
0,
0.9662415,
0,
0,
7.647612e-06,
0,
0.0004159982,
1.680495e-05,
0.03007365,
0.0003843491,
0,
0,
1.690141e-05,
0,
0,
7.294111e-05,
0.001961396,
0.0003739174,
0,
0.0002389607,
7.073503e-05,
0,
0,
1.018394e-05,
0.0001150392,
0,
0.5621114,
0,
0,
0.0002138281,
0,
0.01137451,
0.001217044,
0.2604851,
0.02506828,
0,
0,
0.003986969,
0,
0,
0.006431665,
0.05783328,
0.02622981,
0,
0.016916,
0.01191928,
0,
0,
0.003860983,
0.01235187,
3.268497e-13,
0.1137553,
0,
0,
0.0001105523,
0,
0.01823461,
0.001471522,
0.3121453,
0.08593683,
0,
0,
0.01301188,
0,
0,
0.01632283,
0.1394055,
0.1123871,
0,
0.03335612,
0.04452172,
0,
0,
0.02679836,
0.0825424,
0,
0.1067915,
0,
0,
0.004030048,
0,
0.01476566,
0.002244938,
0.2514659,
0.06432449,
0,
0,
0.01449552,
0,
0,
0.07103325,
0.1211259,
0.1076838,
0,
0.04098375,
0.05158266,
0,
0,
0.03508553,
0.1143871,
0,
0.02305817,
0,
0,
0.0212961,
0,
0.006058452,
0.006440796,
0.1276451,
0.04355756,
0,
0,
0.03372285,
0,
0,
0.1886097,
0.08070079,
0.09701377,
0,
0.07734052,
0.08871503,
0,
0,
0.05310036,
0.1527408,
1.455476e-10,
0.5227191,
0,
0,
0.001674077,
0,
0.01223637,
0.0005468348,
0.2685303,
0.02782711,
0,
0,
0.002321047,
0,
0,
0.01754591,
0.0672803,
0.03434322,
0,
0.010421,
0.009244092,
0,
0,
0.004297921,
0.0210127,
0,
0.7518771,
0,
0,
0.0003021808,
0,
0.005982379,
6.897611e-05,
0.1809614,
0.01068802,
0,
0,
0.0003020917,
0,
0,
0.004008872,
0.02854113,
0.009982857,
0,
0.001782353,
0.001351505,
0,
0,
0.0004639728,
0.003687106,
4.252797e-09,
0.5171621,
0,
0,
0.002174126,
0,
0.01204799,
0.0002368227,
0.2638549,
0.02753499,
0,
0,
0.001431272,
0,
0,
0.01984408,
0.06939913,
0.03762496,
0,
0.007337407,
0.008374188,
0,
0,
0.005675062,
0.02730301,
6.750838e-09,
0.993161,
0,
0,
1.726526e-09,
0,
5.241197e-05,
3.314694e-12,
0.006608083,
3.341554e-05,
0,
0,
4.596652e-10,
0,
0,
3.620961e-07,
0.0001351231,
9.193157e-06,
0,
1.683724e-08,
3.148815e-08,
0,
0,
1.547429e-08,
4.007474e-07,
0,
0.7827215,
0,
0,
9.65311e-05,
0,
0.005129241,
6.0811e-05,
0.1637576,
0.008821715,
0,
0,
0.0003042394,
0,
0,
0.002110772,
0.02338932,
0.007501707,
0,
0.001895798,
0.001396902,
0,
0,
0.0004317869,
0.00238204,
0,
0.05001634,
0,
0,
0.02402652,
0,
0.00968011,
0.004068872,
0.1738081,
0.05206896,
0,
0,
0.02309382,
0,
0,
0.1673263,
0.09612481,
0.09848013,
0,
0.05809593,
0.07087864,
0,
0,
0.0468779,
0.1254536,
0,
0.2110452,
0,
0,
0.005608627,
0,
0.01801643,
0.0006980514,
0.3013465,
0.06102667,
0,
0,
0.005818192,
0,
0,
0.06448264,
0.1168509,
0.08391799,
0,
0.01954598,
0.02660215,
0,
0,
0.01903809,
0.06600267,
0,
0.6359558,
0,
0,
0.0003005002,
0,
0.009292479,
0.0002796326,
0.2341097,
0.01908978,
0,
0,
0.001391433,
0,
0,
0.006151043,
0.04755762,
0.02037275,
0,
0.007179291,
0.006152748,
0,
0,
0.00251057,
0.009656673,
7.923973e-11,
0.7933351,
0,
0,
6.450551e-05,
0,
0.004801315,
4.248761e-05,
0.1567773,
0.008134851,
0,
0,
0.0002584337,
0,
0,
0.001588579,
0.02206985,
0.007042996,
0,
0.001705685,
0.001399293,
0,
0,
0.0004890291,
0.002290614,
0,
0.09999383,
0,
0,
0.001852238,
0,
0.01659154,
0.002232317,
0.2844231,
0.07957219,
0,
0,
0.01725419,
0,
0,
0.06161019,
0.1292773,
0.1060898,
0,
0.04230338,
0.05129649,
0,
0,
0.02738059,
0.08012284,
2.914646e-11,
0.1053241,
0,
0,
0.004328816,
0,
0.01453937,
0.002925061,
0.2475345,
0.0633195,
0,
0,
0.01732609,
0,
0,
0.07294581,
0.1179984,
0.1036195,
0,
0.04793169,
0.05805828,
0,
0,
0.0376317,
0.1065172,
0,
0.8561233,
0,
0,
7.384953e-05,
0,
0.002971595,
3.886534e-05,
0.1148765,
0.004421076,
0,
0,
0.0001645023,
0,
0,
0.001144798,
0.01326396,
0.003629716,
0,
0.001243311,
0.0008057375,
0,
0,
0.0002158779,
0.001026877,
0,
0.9436128,
0,
0,
1.886396e-05,
0,
0.0007949667,
0.0001290526,
0.04747868,
0.0008370018,
0,
0,
0.0001323052,
0,
0,
0.0001808289,
0.003793526,
0.000831369,
0,
0.001412299,
0.0004427123,
0,
0,
6.502568e-05,
0.0002706475,
5.870859e-12,
2063, 
0.1901567,
0,
0,
0.004444246,
0,
0.01969076,
0.0002726268,
0.3314126,
0.07406396,
0,
0,
0.003803209,
0,
0,
0.07176638,
0.1242855,
0.08453672,
0,
0.01202905,
0.01915079,
0,
0,
0.01369677,
0.05069077,
0,
0.4051969,
0,
0,
0.0005920307,
0,
0.01889476,
5.873252e-05,
0.3365986,
0.05066465,
0,
0,
0.0009731406,
0,
0,
0.01770411,
0.09074887,
0.04563219,
0,
0.003926831,
0.006184925,
0,
0,
0.004184659,
0.01863964,
0,
0.852161,
0,
0,
4.343914e-05,
0,
0.003457543,
4.802793e-05,
0.1283179,
0.005293902,
0,
0,
0.0001978298,
0,
0,
0.0009911177,
0.007573503,
0.0009497321,
0,
0.0007191774,
0.0002090155,
0,
0,
8.204674e-06,
2.953847e-05,
4.916956e-12,
0.4410569,
0,
0,
0.001868072,
0,
0.01428329,
0.002192233,
0.2845006,
0.03508032,
0,
0,
0.006966265,
0,
0,
0.02212644,
0.07657992,
0.0404475,
0,
0.0257516,
0.01908188,
0,
0,
0.006789197,
0.02327585,
0,
0.2245494,
0,
0,
0.003915358,
0,
0.0136617,
0.007596538,
0.2265463,
0.03906595,
0,
0,
0.01898138,
0,
0,
0.03740485,
0.08635867,
0.06223717,
0,
0.06168288,
0.05000063,
0,
0,
0.02426438,
0.06132122,
0.08241363,
0.741065,
0,
0,
0.0001086176,
0,
0.005922177,
0.000232878,
0.1794595,
0.01056964,
0,
0,
0.0008224298,
0,
0,
0.002523833,
0.02874132,
0.01016079,
0,
0.004853927,
0.003216194,
0,
0,
0.0009521113,
0.003916546,
0.007455032,
0.9878086,
0,
0,
1.387225e-06,
0,
0.0001307945,
4.996053e-08,
0.01138175,
0.0001178037,
0,
0,
4.101459e-07,
0,
0,
2.059935e-05,
0.0004595809,
5.990716e-05,
0,
6.065868e-06,
4.102054e-06,
0,
0,
9.66395e-07,
7.939208e-06,
1.38607e-09,
0.9428363,
0,
0,
3.084743e-05,
0,
0.0008170083,
0.0001580844,
0.04783795,
0.0008918523,
0,
0,
0.0001544611,
0,
0,
0.000255028,
0.003825918,
0.0008337913,
0,
0.001562468,
0.0004696694,
0,
0,
6.499454e-05,
0.0002615686,
0,
0.9644808,
0,
0,
8.75354e-06,
0,
0.0004479355,
1.796903e-05,
0.03149546,
0.0004276789,
0,
0,
1.907075e-05,
0,
0,
8.728576e-05,
0.002122543,
0.0004127243,
0,
0.000259509,
7.949031e-05,
0,
0,
1.183447e-05,
0.0001289064,
0,
0.5545912,
0,
0,
0.0002453238,
0,
0.01162678,
0.001163428,
0.2629883,
0.0260149,
0,
0,
0.003967408,
0,
0,
0.007164264,
0.05928603,
0.02714463,
0,
0.01677219,
0.01209042,
0,
0,
0.004017198,
0.01292794,
3.268497e-13,
0.1144222,
0,
0,
0.000108775,
0,
0.01838493,
0.001298967,
0.3144734,
0.08705526,
0,
0,
0.01201472,
0,
0,
0.01708991,
0.1403347,
0.1127864,
0,
0.03104074,
0.04246481,
0,
0,
0.02620842,
0.08231682,
0,
0.1055492,
0,
0,
0.004270419,
0,
0.01468236,
0.002227586,
0.2498943,
0.06440649,
0,
0,
0.01460773,
0,
0,
0.07417528,
0.1205535,
0.107098,
0,
0.04127533,
0.05216264,
0,
0,
0.03551884,
0.1135784,
0,
0.02242745,
0,
0,
0.02112862,
0,
0.005927522,
0.006482188,
0.1263003,
0.04332446,
0,
0,
0.03423652,
0,
0,
0.1917026,
0.07989804,
0.09612555,
0,
0.07836043,
0.08972751,
0,
0,
0.05322539,
0.1511334,
1.455476e-10,
0.5141993,
0,
0,
0.001805312,
0,
0.01242796,
0.0005779983,
0.2697277,
0.02865363,
0,
0,
0.002506855,
0,
0,
0.01893017,
0.06847581,
0.03521625,
0,
0.01112883,
0.009973987,
0,
0,
0.004673584,
0.02170272,
0,
0.7432228,
0,
0,
0.0003428108,
0,
0.006235,
7.714292e-05,
0.1852058,
0.01136948,
0,
0,
0.000350179,
0,
0,
0.004541221,
0.0299169,
0.01063582,
0,
0.002002498,
0.001549245,
0,
0,
0.0005421202,
0.004008931,
4.252797e-09,
0.50423,
0,
0,
0.002377126,
0,
0.01232834,
0.0002383826,
0.2657502,
0.02865983,
0,
0,
0.001499246,
0,
0,
0.02169425,
0.07157349,
0.03948833,
0,
0.007601339,
0.008906571,
0,
0,
0.006227713,
0.02942519,
6.750838e-09,
0.9921919,
0,
0,
2.639894e-09,
0,
6.306823e-05,
5.200148e-12,
0.007523554,
4.224681e-05,
0,
0,
6.892936e-10,
0,
0,
5.303235e-07,
0.0001660849,
1.193742e-05,
0,
2.366991e-08,
4.482187e-08,
0,
0,
2.25874e-08,
5.593782e-07,
0,
0.773886,
0,
0,
0.0001104064,
0,
0.005395454,
6.419365e-05,
0.1688367,
0.009479925,
0,
0,
0.0003335513,
0,
0,
0.002412996,
0.02473125,
0.008063786,
0,
0.00204369,
0.001544425,
0,
0,
0.0004911601,
0.002606424,
0,
0.04948978,
0,
0,
0.02523697,
0,
0.009531396,
0.003726459,
0.1724468,
0.05168615,
0,
0,
0.02193477,
0,
0,
0.1735004,
0.09558604,
0.09820394,
0,
0.05588342,
0.06935014,
0,
0,
0.04679943,
0.1266243,
0,
0.2095114,
0,
0,
0.005651013,
0,
0.01809059,
0.0006395082,
0.3023941,
0.06190549,
0,
0,
0.00549107,
0,
0,
0.06654665,
0.1174466,
0.08423369,
0,
0.01847719,
0.02543477,
0,
0,
0.01834843,
0.06582952,
0,
0.6258597,
0,
0,
0.0003322929,
0,
0.009604299,
0.0002959946,
0.2381278,
0.02007624,
0,
0,
0.001482182,
0,
0,
0.006808603,
0.04924487,
0.02131296,
0,
0.007526711,
0.00648916,
0,
0,
0.002661884,
0.01017724,
7.923973e-11,
0.783796,
0,
0,
7.830857e-05,
0,
0.005080335,
4.969877e-05,
0.1622639,
0.008804687,
0,
0,
0.0002964783,
0,
0,
0.001900972,
0.02350675,
0.007647851,
0,
0.00190976,
0.001568564,
0,
0,
0.000551563,
0.002545154,
0,
0.09958537,
0,
0,
0.001914877,
0,
0.01658353,
0.002119363,
0.2841054,
0.07996176,
0,
0,
0.01678988,
0,
0,
0.06360235,
0.1294104,
0.1062276,
0,
0.04132529,
0.05065623,
0,
0,
0.02732629,
0.08039169,
2.914646e-11,
0.1054617,
0,
0,
0.004385527,
0,
0.01458647,
0.002665649,
0.2481336,
0.0638169,
0,
0,
0.01646806,
0,
0,
0.0747007,
0.1185034,
0.1040524,
0,
0.04593797,
0.05668318,
0,
0,
0.03742729,
0.1071772,
0,
0.8495172,
0,
0,
8.631273e-05,
0,
0.00315684,
4.108678e-05,
0.1192624,
0.004814357,
0,
0,
0.0001807757,
0,
0,
0.001337701,
0.0141159,
0.003919903,
0,
0.001333643,
0.0008777635,
0,
0,
0.0002375397,
0.001118545,
0,
0.9425664,
0,
0,
2.027766e-05,
0,
0.0008166056,
0.0001285242,
0.04824388,
0.000875076,
0,
0,
0.0001345964,
0,
0,
0.0001992334,
0.003910702,
0.0008632586,
0,
0.00143343,
0.0004554219,
0,
0,
6.807668e-05,
0.0002845378,
5.870859e-12,
2064, 
0.1886806,
0,
0,
0.004527809,
0,
0.01971279,
0.0002525674,
0.3314746,
0.07477597,
0,
0,
0.003656986,
0,
0,
0.07399476,
0.1244275,
0.08447153,
0,
0.01158247,
0.01868482,
0,
0,
0.01346559,
0.05029195,
0,
0.3985437,
0,
0,
0.0006526978,
0,
0.01912976,
5.997446e-05,
0.3374831,
0.05189136,
0,
0,
0.0009993858,
0,
0,
0.01914036,
0.09197241,
0.04649716,
0,
0.003986082,
0.006308857,
0,
0,
0.004283295,
0.01905177,
0,
0.8488621,
0,
0,
4.531555e-05,
0,
0.003571279,
4.717546e-05,
0.1308201,
0.005559793,
0,
0,
0.0002029745,
0,
0,
0.001084078,
0.007837435,
0.0009881543,
0,
0.0007282917,
0.0002146925,
0,
0,
8.348036e-06,
3.025899e-05,
4.916956e-12,
0.4394809,
0,
0,
0.001836315,
0,
0.01438857,
0.002160883,
0.2853106,
0.03562081,
0,
0,
0.006999458,
0,
0,
0.02262615,
0.07673447,
0.04030602,
0,
0.02577157,
0.01916588,
0,
0,
0.006783348,
0.02281506,
0,
0.2236668,
0,
0,
0.003923267,
0,
0.01374548,
0.007116562,
0.2274247,
0.03964313,
0,
0,
0.01837067,
0,
0,
0.03845218,
0.08703608,
0.06277855,
0,
0.05989557,
0.04929074,
0,
0,
0.024265,
0.06185481,
0.08253654,
0.7369249,
0,
0,
0.0001156479,
0,
0.006054325,
0.0002278072,
0.1816406,
0.01095056,
0,
0,
0.00082663,
0,
0,
0.002719496,
0.02935155,
0.01040161,
0,
0.004843823,
0.003244299,
0,
0,
0.0009669166,
0.00399756,
0.007734313,
0.9848301,
0,
0,
2.309537e-06,
0,
0.0001782729,
1.002842e-07,
0.01400658,
0.0001743493,
0,
0,
7.834855e-07,
0,
0,
3.47344e-05,
0.0006464105,
9.29195e-05,
0,
1.062055e-05,
7.285932e-06,
0,
0,
1.787153e-06,
1.373583e-05,
1.38607e-09,
0.9401044,
0,
0,
3.541824e-05,
0,
0.0008714528,
0.0001623186,
0.04981801,
0.0009777001,
0,
0,
0.0001649325,
0,
0,
0.0002987411,
0.004117174,
0.0009174738,
0,
0.001650994,
0.0005114293,
0,
0,
7.363001e-05,
0.0002963569,
0,
0.9624713,
0,
0,
1.014976e-05,
0,
0.0004849091,
1.966123e-05,
0.03310763,
0.00047851,
0,
0,
2.210505e-05,
0,
0,
0.0001049208,
0.002306351,
0.00045714,
0,
0.000287639,
9.12961e-05,
0,
0,
1.402218e-05,
0.0001443646,
0,
0.5462152,
0,
0,
0.0002852062,
0,
0.01190466,
0.001121103,
0.2656436,
0.02705887,
0,
0,
0.003978745,
0,
0,
0.008023688,
0.06086118,
0.02814133,
0,
0.01672004,
0.01232129,
0,
0,
0.004190363,
0.01353473,
3.268497e-13,
0.1150338,
0,
0,
0.0001118802,
0,
0.01853251,
0.001135726,
0.3166742,
0.08817393,
0,
0,
0.01104133,
0,
0,
0.0180464,
0.1412391,
0.1131744,
0,
0.02877196,
0.04042103,
0,
0,
0.0256135,
0.08203014,
0,
0.1042942,
0,
0,
0.004512387,
0,
0.01460517,
0.002230289,
0.2483638,
0.06452944,
0,
0,
0.01478866,
0,
0,
0.07734543,
0.1199885,
0.1064856,
0,
0.04169608,
0.05277972,
0,
0,
0.03585928,
0.1125214,
0,
0.0218245,
0,
0,
0.02088472,
0,
0.005806147,
0.006535259,
0.1249631,
0.04311703,
0,
0,
0.03476005,
0,
0,
0.1942534,
0.07915381,
0.09534706,
0,
0.07939705,
0.0907712,
0,
0,
0.05341779,
0.1497689,
1.455476e-10,
0.5051203,
0,
0,
0.001950875,
0,
0.0126335,
0.0006236401,
0.2709147,
0.02954636,
0,
0,
0.002736083,
0,
0,
0.02044765,
0.06971121,
0.03611679,
0,
0.01197182,
0.01078876,
0,
0,
0.005066844,
0.0223715,
0,
0.7338381,
0,
0,
0.0003900396,
0,
0.006506181,
9.109139e-05,
0.1896036,
0.01211485,
0,
0,
0.0004191204,
0,
0,
0.005151811,
0.0313921,
0.01134746,
0,
0.00232461,
0.001817546,
0,
0,
0.0006423251,
0.004361078,
4.252797e-09,
0.4908383,
0,
0,
0.002598168,
0,
0.01260406,
0.0002503851,
0.2673061,
0.02980859,
0,
0,
0.001609133,
0,
0,
0.02368757,
0.07373505,
0.04140094,
0,
0.008034561,
0.009596231,
0,
0,
0.006872068,
0.03165884,
6.750838e-09,
0.9911173,
0,
0,
3.983367e-09,
0,
7.551078e-05,
8.132789e-12,
0.008533969,
5.308119e-05,
0,
0,
1.026499e-09,
0,
0,
7.681277e-07,
0.0002030546,
1.540151e-05,
0,
3.325895e-08,
6.341794e-08,
0,
0,
3.267111e-08,
7.747295e-07,
0,
0.7646182,
0,
0,
0.0001269396,
0,
0.005675694,
6.924886e-05,
0.173956,
0.01019365,
0,
0,
0.000370895,
0,
0,
0.002765944,
0.02615858,
0.00868014,
0,
0.002233919,
0.001726153,
0,
0,
0.0005635665,
0.002861013,
0,
0.04892133,
0,
0,
0.02634049,
0,
0.00937804,
0.003437719,
0.1710269,
0.05129811,
0,
0,
0.02092699,
0,
0,
0.1793499,
0.09502494,
0.09791012,
0,
0.05396349,
0.06799965,
0,
0,
0.0467235,
0.1276988,
0,
0.2080298,
0,
0,
0.00570229,
0,
0.01817985,
0.0005826181,
0.3036105,
0.06286272,
0,
0,
0.005145118,
0,
0,
0.06872353,
0.1181058,
0.08457059,
0,
0.01733189,
0.02410538,
0,
0,
0.01750364,
0.06554629,
0,
0.615607,
0,
0,
0.0003678007,
0,
0.009919903,
0.0003157547,
0.2420156,
0.02109801,
0,
0,
0.001585667,
0,
0,
0.007527974,
0.05095819,
0.02228469,
0,
0.007917074,
0.006858209,
0,
0,
0.002824733,
0.01071929,
7.923972e-11,
0.7739432,
0,
0,
9.43961e-05,
0,
0.005369714,
5.866591e-05,
0.1677547,
0.009517702,
0,
0,
0.0003417083,
0,
0,
0.002254647,
0.02501152,
0.008296796,
0,
0.002146788,
0.001762207,
0,
0,
0.000622475,
0.002825502,
0,
0.09909396,
0,
0,
0.001980118,
0,
0.01656774,
0.002026711,
0.2835809,
0.08032206,
0,
0,
0.0164215,
0,
0,
0.06559971,
0.1294767,
0.1063176,
0,
0.04054891,
0.0501782,
0,
0,
0.02731244,
0.08057344,
2.914646e-11,
0.10559,
0,
0,
0.004441846,
0,
0.01463117,
0.002449329,
0.2486226,
0.06429747,
0,
0,
0.01573355,
0,
0,
0.07641077,
0.1189417,
0.1043962,
0,
0.04421242,
0.05545731,
0,
0,
0.037205,
0.1076105,
0,
0.8424613,
0,
0,
0.0001011494,
0,
0.003356686,
4.440447e-05,
0.1238487,
0.005248578,
0,
0,
0.0002007166,
0,
0,
0.001564368,
0.01504134,
0.004242188,
0,
0.001443518,
0.0009621371,
0,
0,
0.000262642,
0.001222205,
0,
0.9413267,
0,
0,
2.176701e-05,
0,
0.0008426384,
0.000128461,
0.04915444,
0.0009199982,
0,
0,
0.0001376491,
0,
0,
0.0002197408,
0.004047377,
0.0009001854,
0,
0.001459685,
0.0004702711,
0,
0,
7.147106e-05,
0.0002995799,
5.870859e-12,
2065, 
0.1872418,
0,
0,
0.004588989,
0,
0.01974035,
0.0002356675,
0.3315592,
0.07551441,
0,
0,
0.003536518,
0,
0,
0.0760362,
0.1245784,
0.08439957,
0,
0.01120514,
0.01828436,
0,
0,
0.01324483,
0.04983461,
0,
0.3919478,
0,
0,
0.0007161666,
0,
0.01936025,
6.306767e-05,
0.3382696,
0.0531252,
0,
0,
0.00104239,
0,
0,
0.02063177,
0.09314559,
0.04732105,
0,
0.004095994,
0.006476501,
0,
0,
0.004385379,
0.01941924,
0,
0.8453403,
0,
0,
4.815962e-05,
0,
0.003692298,
4.713992e-05,
0.1334291,
0.005845907,
0,
0,
0.0002103938,
0,
0,
0.001190339,
0.008145384,
0.001037761,
0,
0.0007481438,
0.0002243933,
0,
0,
8.787115e-06,
3.183974e-05,
4.916956e-12,
0.4379623,
0,
0,
0.001813174,
0,
0.01450251,
0.002114648,
0.2861954,
0.03619274,
0,
0,
0.006994124,
0,
0,
0.02316872,
0.07693306,
0.04019241,
0,
0.02565391,
0.01916558,
0,
0,
0.006754504,
0.02235687,
0,
0.2226521,
0,
0,
0.003933253,
0,
0.0138268,
0.006677433,
0.2282543,
0.04023217,
0,
0,
0.0178051,
0,
0,
0.03952315,
0.08770286,
0.06330816,
0,
0.0582126,
0.04860812,
0,
0,
0.02424628,
0.06231232,
0.0827053,
0.7326698,
0,
0,
0.0001231838,
0,
0.006189015,
0.000225048,
0.1837996,
0.01134463,
0,
0,
0.0008363759,
0,
0,
0.002928434,
0.02998189,
0.01065498,
0,
0.004863077,
0.003288676,
0,
0,
0.0009858435,
0.004084256,
0.008025247,
0.9812002,
0,
0,
3.666152e-06,
0,
0.0002396396,
1.861185e-07,
0.01715793,
0.0002519384,
0,
0,
1.399109e-06,
0,
0,
5.599481e-05,
0.0008936066,
0.000139822,
0,
1.764444e-05,
1.226139e-05,
0,
0,
3.113641e-06,
2.26606e-05,
1.38607e-09,
0.9370653,
0,
0,
4.081483e-05,
0,
0.0009326124,
0.0001683707,
0.05199723,
0.001075597,
0,
0,
0.0001776269,
0,
0,
0.0003505785,
0.004443682,
0.001012646,
0,
0.001755742,
0.0005598424,
0,
0,
8.366686e-05,
0.000336311,
0,
0.9602269,
0,
0,
1.186904e-05,
0,
0.0005267136,
2.199575e-05,
0.03489498,
0.000536887,
0,
0,
2.613714e-05,
0,
0,
0.000126253,
0.002511935,
0.000507071,
0,
0.0003245742,
0.0001065335,
0,
0,
1.679931e-05,
0.0001613834,
0,
0.5370974,
0,
0,
0.0003342061,
0,
0.01220199,
0.001092142,
0.2683767,
0.02818397,
0,
0,
0.004024448,
0,
0,
0.009016526,
0.06253009,
0.02920513,
0,
0.01677405,
0.01261568,
0,
0,
0.004379641,
0.01416805,
3.268497e-13,
0.1155811,
0,
0,
0.0001191657,
0,
0.01867497,
0.0009848833,
0.3187262,
0.08928167,
0,
0,
0.01011233,
0,
0,
0.01916818,
0.142099,
0.113531,
0,
0.02659619,
0.03842869,
0,
0,
0.0250187,
0.08167796,
0,
0.1030322,
0,
0,
0.004755233,
0,
0.01453417,
0.002252472,
0.246894,
0.06469412,
0,
0,
0.01503347,
0,
0,
0.08055194,
0.1194343,
0.1058487,
0,
0.04223074,
0.05341079,
0,
0,
0.03608959,
0.1112382,
0,
0.02124949,
0,
0,
0.02055665,
0,
0.005694983,
0.006596769,
0.1236299,
0.04293609,
0,
0,
0.03528151,
0,
0,
0.1961695,
0.0784734,
0.09469383,
0,
0.08042802,
0.09184265,
0,
0,
0.05370504,
0.1487421,
1.455476e-10,
0.4954973,
0,
0,
0.002111451,
0,
0.01285127,
0.0006838751,
0.2720775,
0.03050135,
0,
0,
0.003009646,
0,
0,
0.02210593,
0.07097983,
0.03704152,
0,
0.01295265,
0.01169073,
0,
0,
0.005478418,
0.0230185,
0,
0.7237217,
0,
0,
0.000444427,
0,
0.006795347,
0.0001109284,
0.1941415,
0.01292452,
0,
0,
0.000509439,
0,
0,
0.00584745,
0.0329658,
0.01211931,
0,
0.002749893,
0.002158244,
0,
0,
0.0007657165,
0.004745754,
4.252797e-09,
0.477004,
0,
0,
0.002838153,
0,
0.01287374,
0.0002733947,
0.2685199,
0.030977,
0,
0,
0.001762424,
0,
0,
0.02583016,
0.07587624,
0.04335779,
0,
0.008639835,
0.01044252,
0,
0,
0.007604699,
0.03400017,
6.750838e-09,
0.9899292,
0,
0,
5.940206e-09,
0,
8.997225e-05,
1.254981e-11,
0.009645481,
6.629733e-05,
0,
0,
1.511051e-09,
0,
0,
1.101238e-06,
0.0002469603,
1.974312e-05,
0,
4.645802e-08,
8.894742e-08,
0,
0,
4.676891e-08,
1.064004e-06,
0,
0.7547983,
0,
0,
0.0001466037,
0,
0.005973872,
7.553669e-05,
0.1791976,
0.01097271,
0,
0,
0.00041434,
0,
0,
0.003177847,
0.02769462,
0.009362773,
0,
0.002452839,
0.00193334,
0,
0,
0.0006470855,
0.003152464,
0,
0.04832682,
0,
0,
0.0272998,
0,
0.009223635,
0.003201534,
0.1695763,
0.05091516,
0,
0,
0.0200786,
0,
0,
0.1847787,
0.09445336,
0.09760299,
0,
0.05235884,
0.06685655,
0,
0,
0.04666143,
0.1286663,
0,
0.2065777,
0,
0,
0.005763248,
0,
0.01828114,
0.0005272088,
0.3049659,
0.06388803,
0,
0,
0.004780436,
0,
0,
0.07102445,
0.1188222,
0.08493315,
0,
0.01611354,
0.02262092,
0,
0,
0.01651334,
0.06518888,
0,
0.6051766,
0,
0,
0.0004071499,
0,
0.01023832,
0.0003396129,
0.2457644,
0.02215321,
0,
0,
0.001703947,
0,
0,
0.008313004,
0.05269826,
0.02329127,
0,
0.008358415,
0.007265464,
0,
0,
0.003001286,
0.01128904,
7.923973e-11,
0.7637565,
0,
0,
0.0001132918,
0,
0.005669257,
6.964598e-05,
0.1732438,
0.0102749,
0,
0,
0.0003950303,
0,
0,
0.002655949,
0.0265862,
0.008993163,
0,
0.002420677,
0.001983216,
0,
0,
0.0007030094,
0.003135362,
0,
0.09852602,
0,
0,
0.002047212,
0,
0.01654348,
0.001954396,
0.2828568,
0.08064774,
0,
0,
0.01614786,
0,
0,
0.06759978,
0.1294747,
0.1063588,
0,
0.03997243,
0.04985538,
0,
0,
0.02733248,
0.08068295,
2.914646e-11,
0.1056754,
0,
0,
0.004498632,
0,
0.01467031,
0.002272593,
0.2489667,
0.0647526,
0,
0,
0.01511907,
0,
0,
0.07809561,
0.1193055,
0.1046563,
0,
0.04275426,
0.05439316,
0,
0,
0.0369794,
0.1078605,
0,
0.8349448,
0,
0,
0.0001186492,
0,
0.003571267,
4.881748e-05,
0.1286311,
0.005725435,
0,
0,
0.0002244232,
0,
0,
0.001828965,
0.01604358,
0.004599188,
0,
0.001573047,
0.001059473,
0,
0,
0.0002915928,
0.00133961,
0,
0.9399087,
0,
0,
2.334246e-05,
0,
0.0008726752,
0.000129036,
0.05019544,
0.0009714396,
0,
0,
0.0001415874,
0,
0,
0.000242622,
0.0042023,
0.0009419893,
0,
0.001492252,
0.000487527,
0,
0,
7.524079e-05,
0.0003158839,
5.870859e-12,
2066, 
0.1858691,
0,
0,
0.004612469,
0,
0.01977385,
0.000222394,
0.3316913,
0.07627782,
0,
0,
0.003446525,
0,
0,
0.07771605,
0.124757,
0.08434454,
0,
0.01091186,
0.01796836,
0,
0,
0.01304673,
0.049362,
0,
0.3854347,
0,
0,
0.0007820745,
0,
0.0195829,
6.758614e-05,
0.3389535,
0.05435602,
0,
0,
0.001099293,
0,
0,
0.02217464,
0.09426773,
0.04810712,
0,
0.004249357,
0.006683291,
0,
0,
0.004491378,
0.01975045,
0,
0.841608,
0,
0,
5.189403e-05,
0,
0.003820268,
4.783575e-05,
0.1361389,
0.006152112,
0,
0,
0.0002199236,
0,
0,
0.001310677,
0.008493719,
0.001097722,
0,
0.0007775399,
0.0002377005,
0,
0,
9.493412e-06,
3.423421e-05,
4.916955e-12,
0.4364477,
0,
0,
0.001797463,
0,
0.01462124,
0.002060141,
0.2871044,
0.03678535,
0,
0,
0.006966244,
0,
0,
0.02375167,
0.07716211,
0.04010231,
0,
0.02545757,
0.0191186,
0,
0,
0.006714647,
0.02191056,
0,
0.2214824,
0,
0,
0.00394501,
0,
0.01390307,
0.006282787,
0.2290039,
0.04082429,
0,
0,
0.01729369,
0,
0,
0.04061828,
0.08834786,
0.06382174,
0,
0.05666678,
0.04797644,
0,
0,
0.0242191,
0.0627102,
0.0829045,
0.7282971,
0,
0,
0.0001312358,
0,
0.006325642,
0.0002245776,
0.1859313,
0.01175071,
0,
0,
0.0008519043,
0,
0,
0.00315153,
0.03063278,
0.01092233,
0,
0.004913654,
0.003351281,
0,
0,
0.00100983,
0.004179236,
0.00832695,
0.9768771,
0,
0,
5.53775e-06,
0,
0.0003164662,
3.211887e-07,
0.02085716,
0.0003542358,
0,
0,
2.342425e-06,
0,
0,
8.616506e-05,
0.001209227,
0.0002033852,
0,
2.78207e-05,
1.955134e-05,
0,
0,
5.110739e-06,
3.557234e-05,
1.38607e-09,
0.9337239,
0,
0,
4.714964e-05,
0,
0.001000476,
0.0001763346,
0.05436441,
0.001186199,
0,
0,
0.0001926989,
0,
0,
0.0004118663,
0.004806322,
0.001120148,
0,
0.001877627,
0.0006154883,
0,
0,
9.529448e-05,
0.0003820987,
0,
0.9577617,
0,
0,
1.394613e-05,
0,
0.0005731594,
2.509212e-05,
0.03684203,
0.0006029085,
0,
0,
3.132178e-05,
0,
0,
0.0001517491,
0.002738296,
0.000562384,
0,
0.0003716623,
0.0001256425,
0,
0,
2.022432e-05,
0.0001798861,
0,
0.5273775,
0,
0,
0.0003925214,
0,
0.01251289,
0.001077073,
0.2711204,
0.02937413,
0,
0,
0.004104513,
0,
0,
0.01014413,
0.06426399,
0.03032006,
0,
0.01693636,
0.01297144,
0,
0,
0.004583162,
0.0148219,
3.268497e-13,
0.1160607,
0,
0,
0.0001298319,
0,
0.01881026,
0.0008489321,
0.3206092,
0.09036648,
0,
0,
0.009247059,
0,
0,
0.02042865,
0.1428945,
0.1138345,
0,
0.0245581,
0.03652776,
0,
0,
0.02443099,
0.0812531,
0,
0.1017759,
0,
0,
0.004998446,
0,
0.01447016,
0.002290578,
0.245513,
0.06490351,
0,
0,
0.0153289,
0,
0,
0.08380415,
0.1188976,
0.1051909,
0,
0.04284746,
0.05402872,
0,
0,
0.03620104,
0.1097496,
0,
0.02070283,
0,
0,
0.02014344,
0,
0.005594375,
0.006661877,
0.1223045,
0.04278304,
0,
0,
0.0357881,
0,
0,
0.1974192,
0.07786096,
0.09417383,
0,
0.08142942,
0.09293343,
0,
0,
0.05410125,
0.1481037,
1.455476e-10,
0.4854106,
0,
0,
0.002286557,
0,
0.01307919,
0.0007574959,
0.27321,
0.0315118,
0,
0,
0.003323014,
0,
0,
0.02390396,
0.07227376,
0.03798535,
0,
0.01405161,
0.01266271,
0,
0,
0.00590023,
0.02364362,
0,
0.7129185,
0,
0,
0.0005061097,
0,
0.007100792,
0.0001363951,
0.1987907,
0.01379553,
0,
0,
0.0006206162,
0,
0,
0.006631102,
0.03463039,
0.01294893,
0,
0.003274918,
0.002570499,
0,
0,
0.000912698,
0.00516284,
4.252797e-09,
0.4627711,
0,
0,
0.003097488,
0,
0.01313603,
0.0003072688,
0.2693937,
0.03216016,
0,
0,
0.001958256,
0,
0,
0.02812499,
0.07798859,
0.04535177,
0,
0.009410939,
0.01143803,
0,
0,
0.008419473,
0.03644223,
6.750838e-09,
0.98862,
0,
0,
8.761393e-09,
0,
0.0001066948,
1.90785e-11,
0.01086375,
8.231649e-05,
0,
0,
2.197008e-09,
0,
0,
1.563302e-06,
0.0002987971,
2.514245e-05,
0,
6.437468e-08,
1.235554e-07,
0,
0,
6.622518e-08,
1.448304e-06,
0,
0.7443973,
0,
0,
0.0001697332,
0,
0.006290395,
8.296268e-05,
0.1845705,
0.01181926,
0,
0,
0.0004637135,
0,
0,
0.003654346,
0.02934444,
0.010116,
0,
0.002698887,
0.002165771,
0,
0,
0.000742216,
0.003484446,
0,
0.04772237,
0,
0,
0.02809813,
0,
0.009071201,
0.003012772,
0.1681297,
0.05054741,
0,
0,
0.01938147,
0,
0,
0.1897563,
0.09388499,
0.09728903,
0,
0.0510571,
0.06591703,
0,
0,
0.04661049,
0.129522,
0,
0.2051424,
0,
0,
0.00583389,
0,
0.01839137,
0.0004732902,
0.3064268,
0.06496866,
0,
0,
0.004398923,
0,
0,
0.07345125,
0.1195855,
0.08532044,
0,
0.01483114,
0.02099694,
0,
0,
0.0153936,
0.06478573,
0,
0.5945548,
0,
0,
0.0004505207,
0,
0.01055837,
0.0003680131,
0.2493633,
0.02323923,
0,
0,
0.001838279,
0,
0,
0.009167387,
0.0544656,
0.02433636,
0,
0.008855773,
0.007714895,
0,
0,
0.003193641,
0.01189381,
7.923973e-11,
0.7532389,
0,
0,
0.0001355405,
0,
0.005978102,
8.278313e-05,
0.1787153,
0.01107541,
0,
0,
0.0004569384,
0,
0,
0.003111179,
0.02822904,
0.00973832,
0,
0.00273336,
0.002233345,
0,
0,
0.0007941148,
0.003477601,
0,
0.09789281,
0,
0,
0.002115453,
0,
0.01651084,
0.001901882,
0.2819509,
0.08093675,
0,
0,
0.01596457,
0,
0,
0.06960008,
0.1294063,
0.1063515,
0,
0.03958643,
0.04967352,
0,
0,
0.02737701,
0.08073208,
2.914646e-11,
0.1056823,
0,
0,
0.00455726,
0,
0.01470082,
0.002131763,
0.2491302,
0.06517436,
0,
0,
0.01461936,
0,
0,
0.07977837,
0.1195883,
0.1048406,
0,
0.04155729,
0.05349898,
0,
0,
0.03676522,
0.1079751,
0,
0.8269589,
0,
0,
0.0001391485,
0,
0.003800709,
5.424429e-05,
0.133604,
0.006246735,
0,
0,
0.0002518383,
0,
0,
0.00213619,
0.01712574,
0.004993554,
0,
0.001721434,
0.001170093,
0,
0,
0.0003247969,
0.00147257,
0,
0.938318,
0,
0,
2.503773e-05,
0,
0.0009065435,
0.0001304318,
0.05135824,
0.001029452,
0,
0,
0.0001465619,
0,
0,
0.0002683858,
0.004375287,
0.0009888442,
0,
0.001532474,
0.0005075861,
0,
0,
7.945641e-05,
0.0003336998,
5.870859e-12,
2067, 
0.1845765,
0,
0,
0.004588459,
0,
0.01981336,
0.0002131557,
0.3318883,
0.0770657,
0,
0,
0.003391345,
0,
0,
0.07885963,
0.1249852,
0.08433623,
0,
0.01071639,
0.01775569,
0,
0,
0.01288523,
0.04892479,
0,
0.3790242,
0,
0,
0.0008501064,
0,
0.01979537,
7.284165e-05,
0.3395407,
0.05557743,
0,
0,
0.001164723,
0,
0,
0.02376713,
0.09534262,
0.04886131,
0,
0.00443106,
0.006917331,
0,
0,
0.004600325,
0.02005492,
0,
0.8376766,
0,
0,
5.644312e-05,
0,
0.003954933,
4.914128e-05,
0.1389439,
0.00647848,
0,
0,
0.0002312777,
0,
0,
0.001445993,
0.008879112,
0.001167281,
0,
0.0008148683,
0.000254124,
0,
0,
1.043856e-05,
3.739627e-05,
4.916956e-12,
0.4348975,
0,
0,
0.001787929,
0,
0.01474153,
0.002002079,
0.2879968,
0.03738953,
0,
0,
0.00692742,
0,
0,
0.02437183,
0.07741228,
0.04003412,
0,
0.02522574,
0.01905338,
0,
0,
0.006673458,
0.02148647,
0,
0.2201509,
0,
0,
0.003958293,
0,
0.01397283,
0.00593248,
0.2296576,
0.0414139,
0,
0,
0.01683922,
0,
0,
0.04173889,
0.08896489,
0.06431719,
0,
0.05527114,
0.04740638,
0,
0,
0.02418918,
0.06306183,
0.08312532,
0.7238035,
0,
0,
0.0001398195,
0,
0.006463804,
0.0002263093,
0.1880334,
0.01216809,
0,
0,
0.0008732218,
0,
0,
0.003389791,
0.0313049,
0.01120499,
0,
0.004995977,
0.003433062,
0,
0,
0.001039505,
0.004284784,
0.008638908,
0.9718416,
0,
0,
7.967056e-06,
0,
0.000409879,
5.190958e-07,
0.02510693,
0.000484388,
0,
0,
3.697711e-06,
0,
0,
0.0001267678,
0.001599512,
0.0002860594,
0,
4.177638e-05,
2.965354e-05,
0,
0,
7.943856e-06,
5.330274e-05,
1.38607e-09,
0.9300917,
0,
0,
5.452825e-05,
0,
0.001074904,
0.0001861288,
0.05690441,
0.001309955,
0,
0,
0.0002101969,
0,
0,
0.0004839127,
0.005205208,
0.001240573,
0,
0.002016716,
0.0006787396,
0,
0,
0.0001086781,
0.0004342961,
0,
0.955078,
0,
0,
1.643525e-05,
0,
0.0006242222,
2.91987e-05,
0.03893885,
0.0006769521,
0,
0,
3.795084e-05,
0,
0,
0.0001820904,
0.002985846,
0.0006234375,
0,
0.0004325111,
0.0001498583,
0,
0,
2.451754e-05,
0.0002001084,
0,
0.5171981,
0,
0,
0.0004597398,
0,
0.01283228,
0.001074721,
0.2738214,
0.03061484,
0,
0,
0.004215974,
0,
0,
0.01140216,
0.066038,
0.03147186,
0,
0.01719868,
0.01338251,
0,
0,
0.004798816,
0.01549093,
3.268496e-13,
0.1164767,
0,
0,
0.0001430637,
0,
0.01893711,
0.0007292005,
0.3223144,
0.09141888,
0,
0,
0.008458944,
0,
0,
0.02180051,
0.143611,
0.1140677,
0,
0.02268969,
0.03474837,
0,
0,
0.02385492,
0.0807496,
0,
0.1005422,
0,
0,
0.005241297,
0,
0.01441429,
0.002339946,
0.2442516,
0.06516156,
0,
0,
0.01565927,
0,
0,
0.08711016,
0.1183849,
0.1045131,
0,
0.04351136,
0.0546109,
0,
0,
0.03619303,
0.1080664,
0,
0.02017573,
0,
0,
0.0196434,
0,
0.00550092,
0.006729284,
0.1209515,
0.04263883,
0,
0,
0.03629316,
0,
0,
0.1979641,
0.07728873,
0.09375479,
0,
0.08244476,
0.09411589,
0,
0,
0.05466519,
0.1478337,
1.455476e-10,
0.4749328,
0,
0,
0.002475658,
0,
0.01331511,
0.0008433131,
0.2743012,
0.03257089,
0,
0,
0.003672893,
0,
0,
0.02584041,
0.07358339,
0.03894184,
0,
0.015255,
0.01369431,
0,
0,
0.00632788,
0.02424535,
0,
0.7014809,
0,
0,
0.000575433,
0,
0.007420959,
0.0001670049,
0.2035229,
0.01472551,
0,
0,
0.000751328,
0,
0,
0.007507497,
0.03637943,
0.01383487,
0,
0.00389037,
0.00304873,
0,
0,
0.001081879,
0.005613106,
4.252797e-09,
0.4482131,
0,
0,
0.003376196,
0,
0.01338986,
0.0003508756,
0.2699377,
0.03335348,
0,
0,
0.00219327,
0,
0,
0.03057325,
0.08006224,
0.04737208,
0,
0.01033201,
0.0125692,
0,
0,
0.009307727,
0.03896901,
6.750838e-09,
0.9871818,
0,
0,
1.279052e-08,
0,
0.0001259428,
2.858871e-11,
0.01219463,
0.0001016215,
0,
0,
3.156284e-09,
0,
0,
2.19854e-06,
0.0003596707,
3.18106e-05,
0,
8.841037e-08,
1.699686e-07,
0,
0,
9.278315e-08,
1.953949e-06,
0,
0.7334151,
0,
0,
0.0001966243,
0,
0.006624991,
9.130628e-05,
0.190071,
0.01273389,
0,
0,
0.0005182492,
0,
0,
0.004200532,
0.03110912,
0.01094226,
0,
0.002967341,
0.002420966,
0,
0,
0.000848835,
0.003859792,
0,
0.04712764,
0,
0,
0.02873891,
0,
0.008924123,
0.002866006,
0.1667379,
0.050209,
0,
0,
0.01882722,
0,
0,
0.1943279,
0.09333016,
0.09695822,
0,
0.0500411,
0.06516732,
0,
0,
0.04655073,
0.1301938,
0,
0.2036828,
0,
0,
0.005912018,
0,
0.01850439,
0.0004219773,
0.3079058,
0.06607924,
0,
0,
0.004016078,
0,
0,
0.07598121,
0.1203634,
0.08571477,
0,
0.01353824,
0.01931798,
0,
0,
0.01421169,
0.06435042,
0,
0.583729,
0,
0,
0.0004981727,
0,
0.01087907,
0.0004012219,
0.2528028,
0.02435393,
0,
0,
0.001989529,
0,
0,
0.01009546,
0.0562607,
0.02542333,
0,
0.009412662,
0.008209822,
0,
0,
0.003403871,
0.01254042,
7.923973e-11,
0.7423913,
0,
0,
0.000161748,
0,
0.006295466,
9.81656e-05,
0.1841543,
0.01191859,
0,
0,
0.0005277636,
0,
0,
0.003627524,
0.02993874,
0.01053402,
0,
0.003085893,
0.00251402,
0,
0,
0.0008968134,
0.003855546,
0,
0.09721077,
0,
0,
0.002184202,
0,
0.01647096,
0.001867559,
0.2808955,
0.08119202,
0,
0,
0.01586188,
0,
0,
0.07159935,
0.129279,
0.1062985,
0,
0.03936923,
0.04960801,
0,
0,
0.02743333,
0.08072973,
2.914646e-11,
0.105581,
0,
0,
0.004619233,
0,
0.01472044,
0.002022848,
0.2490884,
0.0655582,
0,
0,
0.01422689,
0,
0,
0.08148416,
0.1197873,
0.1049579,
0,
0.04060818,
0.0527758,
0,
0,
0.03657347,
0.1079962,
0,
0.8185093,
0,
0,
0.0001629718,
0,
0.004044733,
6.051261e-05,
0.1387533,
0.006813382,
0,
0,
0.0002827443,
0,
0,
0.002490544,
0.01828898,
0.005427228,
0,
0.001887052,
0.001293954,
0,
0,
0.0003626057,
0.00162273,
0,
0.9365668,
0,
0,
2.688921e-05,
0,
0.0009439655,
0.0001327319,
0.05263034,
0.001093908,
0,
0,
0.0001526268,
0,
0,
0.000297511,
0.004565566,
0.001040738,
0,
0.001580912,
0.0005306263,
0,
0,
8.416351e-05,
0.0003532029,
5.870859e-12,
2068, 
0.1833756,
0,
0,
0.004511771,
0,
0.01985921,
0.0002081964,
0.3321675,
0.07787901,
0,
0,
0.003373649,
0,
0,
0.07928706,
0.1252882,
0.08440845,
0,
0.010628,
0.01766119,
0,
0,
0.01277433,
0.04857778,
0,
0.3727327,
0,
0,
0.0009200246,
0,
0.01999596,
7.817102e-05,
0.3400427,
0.05678545,
0,
0,
0.001232179,
0,
0,
0.02540917,
0.09637687,
0.04959133,
0,
0.00462169,
0.007160984,
0,
0,
0.004709771,
0.020343,
0,
0.8335576,
0,
0,
6.174626e-05,
0,
0.004095998,
5.101752e-05,
0.1418367,
0.006825041,
0,
0,
0.0002444349,
0,
0,
0.001597289,
0.009298575,
0.001245804,
0,
0.0008594618,
0.0002734179,
0,
0,
1.160333e-05,
4.128877e-05,
4.916955e-12,
0.4332915,
0,
0,
0.001783404,
0,
0.01486101,
0.001944198,
0.2888446,
0.03799827,
0,
0,
0.006885242,
0,
0,
0.0250258,
0.07767785,
0.03998778,
0,
0.02498612,
0.01898509,
0,
0,
0.006635192,
0.02109393,
0,
0.218654,
0,
0,
0.003972757,
0,
0.01403483,
0.005626222,
0.2302013,
0.04199594,
0,
0,
0.01644409,
0,
0,
0.04288531,
0.0895483,
0.06479249,
0,
0.05403679,
0.04690762,
0,
0,
0.02416209,
0.0633793,
0.08335902,
0.7191851,
0,
0,
0.0001489544,
0,
0.00660319,
0.0002301291,
0.1901041,
0.0125963,
0,
0,
0.0009002479,
0,
0,
0.003644282,
0.0319992,
0.01150443,
0,
0.005109942,
0.003534716,
0,
0,
0.001075472,
0.004403199,
0.008960797,
0.966087,
0,
0,
1.097296e-05,
0,
0.0005207702,
7.935411e-07,
0.02989831,
0.0006453718,
0,
0,
5.551448e-06,
0,
0,
0.0001792082,
0.00206993,
0.0003902774,
0,
6.012132e-05,
4.307798e-05,
0,
0,
1.179472e-05,
7.675323e-05,
1.38607e-09,
0.9261829,
0,
0,
6.305213e-05,
0,
0.001155703,
0.000197671,
0.05960044,
0.001447228,
0,
0,
0.0002301552,
0,
0,
0.0005680523,
0.005640122,
0.001374418,
0,
0.002172908,
0.0007499019,
0,
0,
0.0001239776,
0.0004934589,
0,
0.9521885,
0,
0,
1.938564e-05,
0,
0.0006797597,
3.44001e-05,
0.04117066,
0.0007592463,
0,
0,
4.615211e-05,
0,
0,
0.0002179503,
0.00325421,
0.0006903379,
0,
0.0005080269,
0.0001795203,
0,
0,
2.973203e-05,
0.0002221512,
0,
0.5067055,
0,
0,
0.0005348361,
0,
0.01315551,
0.001083507,
0.2764345,
0.03189228,
0,
0,
0.004354793,
0,
0,
0.0127802,
0.06782907,
0.03264685,
0,
0.01754832,
0.01384066,
0,
0,
0.00502419,
0.01616974,
3.268497e-13,
0.116843,
0,
0,
0.0001581419,
0,
0.01905531,
0.0006260364,
0.3238474,
0.09243257,
0,
0,
0.007755687,
0,
0,
0.02325759,
0.144238,
0.1142146,
0,
0.0210102,
0.03311051,
0,
0,
0.02329309,
0.08015783,
0,
0.09934695,
0,
0,
0.005482086,
0,
0.01436722,
0.002394217,
0.2431295,
0.06546892,
0,
0,
0.0159991,
0,
0,
0.09046634,
0.1179081,
0.1038319,
0,
0.04416667,
0.05511938,
0,
0,
0.03606934,
0.1062503,
0,
0.01967384,
0,
0,
0.01908225,
0,
0.005415523,
0.006784941,
0.119614,
0.04251473,
0,
0,
0.03673765,
0,
0,
0.1980049,
0.0767796,
0.09346295,
0,
0.08335035,
0.09526291,
0,
0,
0.05532974,
0.1479867,
1.455476e-10,
0.4642022,
0,
0,
0.002677765,
0,
0.01355757,
0.0009384946,
0.2753611,
0.03367256,
0,
0,
0.00404853,
0,
0,
0.02791095,
0.0749016,
0.03990431,
0,
0.01651591,
0.01474514,
0,
0,
0.006742965,
0.02482095,
0,
0.6895028,
0,
0,
0.0006523725,
0,
0.0077533,
0.0002021463,
0.2082972,
0.01570903,
0,
0,
0.0008996556,
0,
0,
0.008477779,
0.03819988,
0.01477138,
0,
0.004584338,
0.003585045,
0,
0,
0.001270826,
0.006094283,
4.252798e-09,
0.4334331,
0,
0,
0.00367364,
0,
0.01363416,
0.0004030697,
0.2701673,
0.03455156,
0,
0,
0.002462729,
0,
0,
0.0331719,
0.0820869,
0.04940676,
0,
0.01137888,
0.01381218,
0,
0,
0.01025398,
0.04156389,
6.750838e-09,
0.9856065,
0,
0,
1.84919e-08,
0,
0.0001479973,
4.228804e-11,
0.0136438,
0.0001247545,
0,
0,
4.48405e-09,
0,
0,
3.064277e-06,
0.0004307852,
3.999136e-05,
0,
1.203324e-07,
2.316262e-07,
0,
0,
1.286825e-07,
2.613486e-06,
0,
0.7218926,
0,
0,
0.0002275037,
0,
0.006976159,
0.0001003304,
0.1956722,
0.01371427,
0,
0,
0.0005770052,
0,
0,
0.004820346,
0.03298341,
0.01184118,
0,
0.00325253,
0.002695569,
0,
0,
0.0009665405,
0.004280351,
0,
0.04656269,
0,
0,
0.02923421,
0,
0.008785879,
0.002755002,
0.1654494,
0.04991385,
0,
0,
0.0184014,
0,
0,
0.1985566,
0.09280006,
0.09660322,
0,
0.04927899,
0.06457976,
0,
0,
0.04645922,
0.1306197,
0,
0.2020205,
0,
0,
0.005989864,
0,
0.0185995,
0.0003790408,
0.3090739,
0.06713544,
0,
0,
0.0037072,
0,
0,
0.07850606,
0.1210257,
0.08602872,
0,
0.01247981,
0.01796294,
0,
0,
0.01324568,
0.06384559,
0,
0.5726913,
0,
0,
0.0005504467,
0,
0.01119949,
0.000439319,
0.2560736,
0.02549535,
0,
0,
0.002158042,
0,
0,
0.01110223,
0.05808358,
0.02655517,
0,
0.01003025,
0.00875221,
0,
0,
0.003633762,
0.0132353,
7.923973e-11,
0.7312164,
0,
0,
0.0001925732,
0,
0.006620595,
0.0001158422,
0.1895457,
0.01280389,
0,
0,
0.0006077188,
0,
0,
0.004212785,
0.03171372,
0.01138174,
0,
0.003478502,
0.002826195,
0,
0,
0.001012031,
0.00427227,
0,
0.09649792,
0,
0,
0.002252838,
0,
0.01642521,
0.00184955,
0.2797242,
0.08141722,
0,
0,
0.0158305,
0,
0,
0.07359488,
0.1290987,
0.1061992,
0,
0.03930096,
0.04963974,
0,
0,
0.02749294,
0.08067609,
2.914646e-11,
0.1053497,
0,
0,
0.004686083,
0,
0.01472779,
0.001941578,
0.2488294,
0.06590281,
0,
0,
0.01393183,
0,
0,
0.08323812,
0.1199032,
0.1050174,
0,
0.0398866,
0.05221722,
0,
0,
0.03641099,
0.1079574,
0,
0.8096112,
0,
0,
0.0001904517,
0,
0.004302769,
6.750061e-05,
0.144058,
0.007425698,
0,
0,
0.0003169986,
0,
0,
0.002896601,
0.0195327,
0.005901461,
0,
0.002068685,
0.001431067,
0,
0,
0.0004053348,
0.001791464,
0,
0.9346647,
0,
0,
2.894904e-05,
0,
0.0009847272,
0.0001359981,
0.05400114,
0.001164773,
0,
0,
0.0001598315,
0,
0,
0.0003305832,
0.004772671,
0.001097751,
0,
0.001638056,
0.0005568408,
0,
0,
8.941713e-05,
0.0003746084,
5.87086e-12,
2069, 
0.1822598,
0,
0,
0.004383794,
0,
0.0199104,
0.0002075724,
0.3325222,
0.07871433,
0,
0,
0.003394223,
0,
0,
0.0789092,
0.1256799,
0.08458562,
0,
0.01065035,
0.01769286,
0,
0,
0.01272447,
0.04836535,
0,
0.3665731,
0,
0,
0.0009915887,
0,
0.02018326,
8.317812e-05,
0.3404701,
0.05797672,
0,
0,
0.001296322,
0,
0,
0.02710061,
0.09737748,
0.05030522,
0,
0.004804302,
0.007396337,
0,
0,
0.004816541,
0.02062524,
0,
0.8292615,
0,
0,
6.77717e-05,
0,
0.004243207,
5.346646e-05,
0.1448098,
0.007191914,
0,
0,
0.0002594938,
0,
0,
0.00176574,
0.009749047,
0.00133264,
0,
0.0009110704,
0.0002954452,
0,
0,
1.297308e-05,
4.587103e-05,
4.916956e-12,
0.4316093,
0,
0,
0.001782904,
0,
0.0149778,
0.001889405,
0.2896249,
0.0386061,
0,
0,
0.006845735,
0,
0,
0.02571061,
0.0779561,
0.03996519,
0,
0.0247605,
0.0189258,
0,
0,
0.006603343,
0.02074233,
0,
0.2169961,
0,
0,
0.003988191,
0,
0.0140885,
0.005362215,
0.2306276,
0.04256715,
0,
0,
0.01610758,
0,
0,
0.04405838,
0.09009527,
0.06524713,
0,
0.05296465,
0.04648307,
0,
0,
0.02414091,
0.06367345,
0.08359981,
0.7144387,
0,
0,
0.0001586653,
0,
0.006743596,
0.0002358692,
0.1921427,
0.01303508,
0,
0,
0.0009327124,
0,
0,
0.003916138,
0.03271677,
0.01182207,
0,
0.005254282,
0.003656225,
0,
0,
0.001118149,
0.004536634,
0.009292508,
0.9596244,
0,
0,
1.455583e-05,
0,
0.0006497012,
1.15771e-06,
0.03520691,
0.000839852,
0,
0,
7.989397e-06,
0,
0,
0.0002447699,
0.00262477,
0.0005183733,
0,
8.342638e-05,
6.033434e-05,
0,
0,
1.686052e-05,
0.0001068882,
1.38607e-09,
0.9220148,
0,
0,
7.281474e-05,
0,
0.001242604,
0.0002108583,
0.06243376,
0.00159825,
0,
0,
0.0002525758,
0,
0,
0.0006656151,
0.006110346,
0.001522,
0,
0.002345797,
0.0008291558,
0,
0,
0.0001413317,
0.0005600615,
0,
0.9491028,
0,
0,
2.286412e-05,
0,
0.000739703,
4.079689e-05,
0.04352443,
0.0008501799,
0,
0,
5.608716e-05,
0,
0,
0.0002602047,
0.003543302,
0.0007632772,
0,
0.0005992978,
0.0002150525,
0,
0,
3.593497e-05,
0.0002461276,
0,
0.4960436,
0,
0,
0.0006170635,
0,
0.01347828,
0.001101465,
0.2789201,
0.03319307,
0,
0,
0.004515846,
0,
0,
0.01426933,
0.06961577,
0.03383197,
0,
0.01796836,
0.01433551,
0,
0,
0.005256601,
0.01685297,
3.268497e-13,
0.1171833,
0,
0,
0.0001744102,
0,
0.01916561,
0.0005389053,
0.325227,
0.09340407,
0,
0,
0.00713986,
0,
0,
0.02476949,
0.14477,
0.1142619,
0,
0.0195275,
0.03162496,
0,
0,
0.02274612,
0.07946694,
0,
0.09820084,
0,
0,
0.005717861,
0,
0.01432837,
0.002448461,
0.2421418,
0.06581911,
0,
0,
0.01632891,
0,
0,
0.09385116,
0.117471,
0.1031602,
0,
0.04477558,
0.05553789,
0,
0,
0.03585072,
0.1043681,
0,
0.01919433,
0,
0,
0.0184769,
0,
0.005336042,
0.006820856,
0.1182947,
0.04240376,
0,
0,
0.03709743,
0,
0,
0.1976898,
0.07632588,
0.09328599,
0,
0.08410604,
0.09634226,
0,
0,
0.05607804,
0.148548,
1.455476e-10,
0.4533311,
0,
0,
0.002891188,
0,
0.01380373,
0.001041456,
0.2763743,
0.03480672,
0,
0,
0.004445346,
0,
0,
0.03010529,
0.07621267,
0.04086048,
0,
0.01781804,
0.0158042,
0,
0,
0.007142141,
0.02536341,
0,
0.677146,
0,
0,
0.0007364677,
0,
0.008094531,
0.0002407195,
0.2130681,
0.01673792,
0,
0,
0.001060548,
0,
0,
0.009538947,
0.0400735,
0.01574892,
0,
0.005327021,
0.004155478,
0,
0,
0.001470569,
0.006601377,
4.252798e-09,
0.4185383,
0,
0,
0.00398847,
0,
0.01386748,
0.0004628978,
0.2700929,
0.03574752,
0,
0,
0.002762872,
0,
0,
0.0359134,
0.0840489,
0.0514404,
0,
0.01253319,
0.01515011,
0,
0,
0.01124799,
0.04420562,
6.750838e-09,
0.9838859,
0,
0,
2.648397e-08,
0,
0.0001731546,
6.186336e-11,
0.01521673,
0.0001523205,
0,
0,
6.306486e-09,
0,
0,
4.233957e-06,
0.0005134997,
4.997942e-05,
0,
1.624101e-07,
3.129983e-07,
0,
0,
1.769772e-07,
3.470386e-06,
0,
0.7099087,
0,
0,
0.000262507,
0,
0.007341188,
0.0001098464,
0.2013254,
0.01475503,
0,
0,
0.0006391587,
0,
0,
0.005516219,
0.03495538,
0.01280923,
0,
0.00354945,
0.002986394,
0,
0,
0.001094848,
0.004746589,
0,
0.04604865,
0,
0,
0.02960158,
0,
0.008659672,
0.002673733,
0.1643187,
0.04967634,
0,
0,
0.01808794,
0,
0,
0.2025227,
0.09230634,
0.09621517,
0,
0.04873388,
0.06411956,
0,
0,
0.04630748,
0.1307282,
0,
0.2002665,
0,
0,
0.006069692,
0,
0.01868577,
0.0003416941,
0.3100879,
0.06816965,
0,
0,
0.003435184,
0,
0,
0.08106989,
0.1216339,
0.08630718,
0,
0.01153427,
0.01673496,
0,
0,
0.01234566,
0.06331772,
0,
0.5614505,
0,
0,
0.0006076543,
0,
0.01151847,
0.0004821238,
0.2591638,
0.02666059,
0,
0,
0.002343339,
0,
0,
0.01219199,
0.05993187,
0.02773311,
0,
0.01070647,
0.009341951,
0,
0,
0.00388458,
0.01398358,
7.923973e-11,
0.7197182,
0,
0,
0.0002288419,
0,
0.006952671,
0.000135843,
0.1948713,
0.01373077,
0,
0,
0.0006969557,
0,
0,
0.004876249,
0.03355223,
0.01228322,
0,
0.003910902,
0.003170681,
0,
0,
0.001140804,
0.00473129,
0,
0.09577622,
0,
0,
0.002320786,
0,
0.01637556,
0.001845269,
0.2784776,
0.08161838,
0,
0,
0.01585802,
0,
0,
0.0755835,
0.1288742,
0.1060542,
0,
0.03935511,
0.04974528,
0,
0,
0.02754716,
0.08056871,
2.914646e-11,
0.1049725,
0,
0,
0.004759323,
0,
0.01472208,
0.001883583,
0.2483489,
0.0662087,
0,
0,
0.01372254,
0,
0,
0.08506409,
0.1199395,
0.1050293,
0,
0.03936673,
0.05181109,
0,
0,
0.03628232,
0.1078893,
0,
0.8002851,
0,
0,
0.0002219613,
0,
0.00457408,
7.517303e-05,
0.1494929,
0.008083729,
0,
0,
0.0003546629,
0,
0,
0.003359366,
0.02085497,
0.006416977,
0,
0.002266085,
0.001581797,
0,
0,
0.0004533084,
0.001979902,
0,
0.9326198,
0,
0,
3.128524e-05,
0,
0.001028655,
0.0001402569,
0.05546112,
0.001242075,
0,
0,
0.0001682064,
0,
0,
0.0003682963,
0.004996317,
0.001160019,
0,
0.001704197,
0.0005863961,
0,
0,
9.527599e-05,
0.0003981541,
5.870859e-12,
2070, 
0.1812067,
0,
0,
0.004207573,
0,
0.01996449,
0.0002111502,
0.3329186,
0.07956249,
0,
0,
0.003451951,
0,
0,
0.0777009,
0.1261682,
0.08489096,
0,
0.01078211,
0.01785413,
0,
0,
0.01274604,
0.04833464,
0,
0.3605507,
0,
0,
0.001064576,
0,
0.02035605,
8.768301e-05,
0.3408283,
0.05914817,
0,
0,
0.001354045,
0,
0,
0.02884115,
0.09835041,
0.0510102,
0,
0.004968452,
0.007610916,
0,
0,
0.004918215,
0.02091113,
0,
0.8247969,
0,
0,
7.452252e-05,
0,
0.004396339,
5.653075e-05,
0.1478557,
0.007579311,
0,
0,
0.0002766628,
0,
0,
0.001952737,
0.01022808,
0.001427326,
0,
0.0009699871,
0.0003202631,
0,
0,
1.454818e-05,
5.112185e-05,
4.916956e-12,
0.4298582,
0,
0,
0.001785728,
0,
0.01509143,
0.001838208,
0.2903371,
0.03921135,
0,
0,
0.006807418,
0,
0,
0.02642517,
0.07824986,
0.03997036,
0,
0.02454318,
0.01886776,
0,
0,
0.006574614,
0.02043956,
0,
0.2151849,
0,
0,
0.004004585,
0,
0.01413363,
0.005137309,
0.2309342,
0.0431256,
0,
0,
0.01582666,
0,
0,
0.04525956,
0.09060498,
0.06568177,
0,
0.05204831,
0.04613155,
0,
0,
0.02412762,
0.06395355,
0.08384576,
0.7095739,
0,
0,
0.0001689852,
0,
0.00688503,
0.0002429865,
0.1941523,
0.01348463,
0,
0,
0.0009688192,
0,
0,
0.004206619,
0.03345926,
0.01215947,
0,
0.00541897,
0.003791492,
0,
0,
0.001166121,
0.004687105,
0.009634292,
0.9524837,
0,
0,
1.870127e-05,
0,
0.0007968299,
1.623592e-06,
0.04099214,
0.00107003,
0,
0,
1.109285e-05,
0,
0,
0.0003246042,
0.003266692,
0.0006724324,
0,
0.0001121893,
8.190537e-05,
0,
0,
2.33454e-05,
0.0001446862,
1.38607e-09,
0.9176006,
0,
0,
8.391758e-05,
0,
0.001335415,
0.0002256117,
0.06538906,
0.001763349,
0,
0,
0.0002774812,
0,
0,
0.0007780517,
0.006615492,
0.001683719,
0,
0.002535116,
0.000916724,
0,
0,
0.0001608897,
0.0006346138,
0,
0.9458325,
0,
0,
2.694536e-05,
0,
0.0008039477,
4.848715e-05,
0.04598564,
0.0009501196,
0,
0,
6.792413e-05,
0,
0,
0.0003098372,
0.003852723,
0.0008423411,
0,
0.00070738,
0.0002568744,
0,
0,
4.319095e-05,
0.0002720796,
0,
0.4853489,
0,
0,
0.0007054661,
0,
0.01379691,
0.00112643,
0.2812478,
0.03450527,
0,
0,
0.004693442,
0,
0,
0.01585778,
0.07137935,
0.03501521,
0,
0.01843953,
0.01485552,
0,
0,
0.005493191,
0.01753519,
3.268497e-13,
0.1175299,
0,
0,
0.0001912871,
0,
0.0192697,
0.0004665434,
0.3264854,
0.09433307,
0,
0,
0.006608768,
0,
0,
0.02630324,
0.1452066,
0.1141997,
0,
0.01823712,
0.03029099,
0,
0,
0.02221186,
0.07866578,
0,
0.09712803,
0,
0,
0.005945609,
0,
0.01429856,
0.002498471,
0.2413051,
0.06621057,
0,
0,
0.01663141,
0,
0,
0.09724186,
0.1170805,
0.1025056,
0,
0.04530355,
0.05584755,
0,
0,
0.03554782,
0.1024553,
0,
0.01873949,
0,
0,
0.0178393,
0,
0.005262224,
0.006831086,
0.1170151,
0.04230865,
0,
0,
0.03735217,
0,
0,
0.1971382,
0.0759314,
0.0932202,
0,
0.08467246,
0.0973161,
0,
0,
0.05688469,
0.1494889,
1.455476e-10,
0.4424641,
0,
0,
0.003113743,
0,
0.0140508,
0.001149852,
0.2773319,
0.03596259,
0,
0,
0.004855636,
0,
0,
0.03240919,
0.07750079,
0.04179706,
0,
0.01913236,
0.01684982,
0,
0,
0.007517647,
0.02586444,
0,
0.6645541,
0,
0,
0.0008272115,
0,
0.008441007,
0.0002818684,
0.2177816,
0.01780307,
0,
0,
0.001230824,
0,
0,
0.01068735,
0.04198009,
0.01675691,
0,
0.006101022,
0.00474841,
0,
0,
0.001677699,
0.007128784,
4.252797e-09,
0.4036671,
0,
0,
0.004318725,
0,
0.01408877,
0.0005291307,
0.2697353,
0.03693474,
0,
0,
0.00308769,
0,
0,
0.03878669,
0.08593586,
0.05345691,
0,
0.01376602,
0.01655271,
0,
0,
0.01226954,
0.04687075,
6.750838e-09,
0.9820119,
0,
0,
3.758126e-08,
0,
0.0002017274,
8.966376e-11,
0.01691863,
0.0001849921,
0,
0,
8.790207e-09,
0,
0,
5.800887e-06,
0.0006093314,
6.212657e-05,
0,
2.175413e-07,
4.198503e-07,
0,
0,
2.417824e-07,
4.581733e-06,
0,
0.6975569,
0,
0,
0.0003016762,
0,
0.007716564,
0.0001198657,
0.206969,
0.01584853,
0,
0,
0.0007047898,
0,
0,
0.006289086,
0.03700845,
0.01384042,
0,
0.003858756,
0.00329401,
0,
0,
0.001234195,
0.005257809,
0,
0.04560719,
0,
0,
0.02986039,
0,
0.008548579,
0.002616643,
0.1634015,
0.04951077,
0,
0,
0.01787013,
0,
0,
0.2063085,
0.09186126,
0.09578604,
0,
0.04836623,
0.06374817,
0,
0,
0.04606589,
0.1304487,
0,
0.1984281,
0,
0,
0.006149651,
0,
0.01876135,
0.0003106606,
0.3109219,
0.06917047,
0,
0,
0.003207676,
0,
0,
0.08365366,
0.1221742,
0.08653964,
0,
0.01072466,
0.01566209,
0,
0,
0.01152727,
0.06276875,
0,
0.5500305,
0,
0,
0.0006700809,
0,
0.01183472,
0.0005292412,
0.262061,
0.02784614,
0,
0,
0.002544211,
0,
0,
0.01336837,
0.0618009,
0.0289564,
0,
0.01143623,
0.009976806,
0,
0,
0.004156878,
0.01478853,
7.923973e-11,
0.7079437,
0,
0,
0.0002715958,
0,
0.00729186,
0.000156715,
0.2001337,
0.01470114,
0,
0,
0.0007889012,
0,
0,
0.005629887,
0.03545773,
0.0132428,
0,
0.004349459,
0.003521133,
0,
0,
0.001273717,
0.00523775,
0,
0.09506798,
0,
0,
0.002387407,
0,
0.01632394,
0.001851625,
0.2771924,
0.08180062,
0,
0,
0.01592974,
0,
0,
0.07755812,
0.1286158,
0.1058674,
0,
0.03950144,
0.04990118,
0,
0,
0.02759107,
0.08041123,
2.914646e-11,
0.1044402,
0,
0,
0.004840349,
0,
0.01470311,
0.001844608,
0.2476498,
0.06647791,
0,
0,
0.01358623,
0,
0,
0.08698323,
0.119902,
0.1050043,
0,
0.03901913,
0.0515407,
0,
0,
0.03618976,
0.1078186,
0,
0.790568,
0,
0,
0.0002578237,
0,
0.004857393,
8.356247e-05,
0.1550219,
0.008786241,
0,
0,
0.0003959328,
0,
0,
0.003883243,
0.02225091,
0.006973239,
0,
0.002479618,
0.00174663,
0,
0,
0.0005067899,
0.002188675,
0,
0.930438,
0,
0,
3.39857e-05,
0,
0.001075636,
0.000145513,
0.05700253,
0.00132593,
0,
0,
0.0001777774,
0,
0,
0.0004114929,
0.005236499,
0.001227763,
0,
0.001779535,
0.0006194641,
0,
0,
0.0001018063,
0.000424108,
5.87086e-12,
2071, 
0.1801951,
0,
0,
0.00398678,
0,
0.02001918,
0.0002186304,
0.3333222,
0.08041412,
0,
0,
0.003544132,
0,
0,
0.07567195,
0.1267567,
0.0853416,
0,
0.01101743,
0.01814286,
0,
0,
0.01284634,
0.04852305,
0,
0.3546655,
0,
0,
0.0011388,
0,
0.02051337,
9.152795e-05,
0.3411201,
0.06029715,
0,
0,
0.001403127,
0,
0,
0.03063053,
0.09930118,
0.05171308,
0,
0.005106659,
0.007796205,
0,
0,
0.005013472,
0.02120931,
0,
0.8201734,
0,
0,
8.203449e-05,
0,
0.004555138,
6.022216e-05,
0.1509655,
0.00798732,
0,
0,
0.0002960499,
0,
0,
0.002159832,
0.01073354,
0.001529523,
0,
0.001036213,
0.0003478715,
0,
0,
1.63301e-05,
5.703613e-05,
4.916956e-12,
0.4280314,
0,
0,
0.00179129,
0,
0.01520125,
0.001791527,
0.2909735,
0.03981202,
0,
0,
0.006771933,
0,
0,
0.0271677,
0.0785601,
0.0400059,
0,
0.02433984,
0.01881358,
0,
0,
0.006549635,
0.02019038,
0,
0.2132252,
0,
0,
0.004021965,
0,
0.01416987,
0.004948665,
0.2311148,
0.04366886,
0,
0,
0.01560022,
0,
0,
0.04648873,
0.09107491,
0.06609534,
0,
0.051287,
0.04585833,
0,
0,
0.02412781,
0.06422398,
0.08409429,
0.7045889,
0,
0,
0.0001799487,
0,
0.007027444,
0.0002512394,
0.1961332,
0.01394503,
0,
0,
0.001007992,
0,
0,
0.004516937,
0.0342281,
0.01251819,
0,
0.005600999,
0.003939388,
0,
0,
0.001219537,
0.004856681,
0.009986371,
0.944714,
0,
0,
2.33834e-05,
0,
0.0009618695,
2.201741e-06,
0.04719791,
0.00133753,
0,
0,
1.493676e-05,
0,
0,
0.0004197329,
0.003996533,
0.0008542318,
0,
0.0001468241,
0.000108239,
0,
0,
3.146003e-05,
0.000191137,
1.38607e-09,
0.9129454,
0,
0,
9.64858e-05,
0,
0.001434124,
0.0002418807,
0.0684563,
0.001943195,
0,
0,
0.0003049481,
0,
0,
0.0009071506,
0.007155948,
0.001860229,
0,
0.002740846,
0.001012956,
0,
0,
0.0001828312,
0.0007177154,
0,
0.9423826,
0,
0,
3.172688e-05,
0,
0.0008725302,
5.759054e-05,
0.04854416,
0.001059708,
0,
0,
8.187888e-05,
0,
0,
0.0003681258,
0.004182919,
0.0009278929,
0,
0.0008335949,
0.0003055317,
0,
0,
5.158807e-05,
0.0003001757,
0,
0.4747418,
0,
0,
0.000798975,
0,
0.0141084,
0.001156316,
0.2833952,
0.03581858,
0,
0,
0.00488207,
0,
0,
0.01753237,
0.07310434,
0.03618635,
0,
0.01894313,
0.01538965,
0,
0,
0.005731324,
0.0182115,
3.268497e-13,
0.1179218,
0,
0,
0.0002082535,
0,
0.01936988,
0.0004072911,
0.3276616,
0.0952206,
0,
0,
0.006156126,
0,
0,
0.02782603,
0.1455511,
0.1140211,
0,
0.01712603,
0.0290995,
0,
0,
0.0216865,
0.0777441,
0,
0.09615744,
0,
0,
0.006162409,
0,
0.01427885,
0.002541022,
0.2406362,
0.06664076,
0,
0,
0.01689268,
0,
0,
0.1006102,
0.1167423,
0.1018727,
0,
0.04572368,
0.05603341,
0,
0,
0.03516965,
0.1005386,
0,
0.01831405,
0,
0,
0.01718092,
0,
0.005194699,
0.006812295,
0.1158014,
0.04223523,
0,
0,
0.03748904,
0,
0,
0.1964504,
0.07560199,
0.09326014,
0,
0.08502192,
0.09815439,
0,
0,
0.05772616,
0.1507573,
1.455476e-10,
0.4317559,
0,
0,
0.003343054,
0,
0.01429607,
0.001261149,
0.278228,
0.03712901,
0,
0,
0.00527142,
0,
0,
0.03480614,
0.07874804,
0.04269766,
0,
0.02042977,
0.01786074,
0,
0,
0.00786202,
0.02631102,
0,
0.6518524,
0,
0,
0.000924285,
0,
0.008789551,
0.0003247668,
0.2223898,
0.0188967,
0,
0,
0.001407434,
0,
0,
0.01192113,
0.04390272,
0.01778694,
0,
0.006889705,
0.005352955,
0,
0,
0.001889186,
0.007672458,
4.252797e-09,
0.3889574,
0,
0,
0.004661731,
0,
0.01429662,
0.000600589,
0.2691118,
0.038105,
0,
0,
0.00343187,
0,
0,
0.04177548,
0.08773299,
0.05543743,
0,
0.01505364,
0.01799757,
0,
0,
0.01330588,
0.0495319,
6.750838e-09,
0.9799764,
0,
0,
5.28511e-08,
0,
0.0002340349,
1.28903e-10,
0.01875418,
0.0002235011,
0,
0,
1.215114e-08,
0,
0,
7.882358e-06,
0.0007199066,
7.683665e-05,
0,
2.893448e-07,
5.594164e-07,
0,
0,
3.284432e-07,
6.019277e-06,
0,
0.6849318,
0,
0,
0.0003449784,
0,
0.008098845,
0.0001303967,
0.2125478,
0.01698662,
0,
0,
0.0007738263,
0,
0,
0.007138766,
0.03912533,
0.0149276,
0,
0.004179723,
0.003617616,
0,
0,
0.001384369,
0.005812275,
0,
0.04526238,
0,
0,
0.03003206,
0,
0.008456073,
0.002578825,
0.1627581,
0.04943318,
0,
0,
0.0177321,
0,
0,
0.2100018,
0.09147817,
0.09530661,
0,
0.04813623,
0.06342392,
0,
0,
0.04570087,
0.1296997,
0,
0.1965249,
0,
0,
0.00622786,
0,
0.01882501,
0.000286781,
0.311557,
0.07012694,
0,
0,
0.003032475,
0,
0,
0.08623376,
0.1226326,
0.08671311,
0,
0.01007349,
0.01476973,
0,
0,
0.01080301,
0.06219327,
0,
0.5385355,
0,
0,
0.0007381989,
0,
0.01214906,
0.0005769944,
0.2647952,
0.02905374,
0,
0,
0.002744949,
0,
0,
0.01463839,
0.0636957,
0.03022834,
0,
0.01215653,
0.01060361,
0,
0,
0.004428984,
0.01565481,
7.923973e-11,
0.6957994,
0,
0,
0.0003219811,
0,
0.007636595,
0.0001807909,
0.2052887,
0.01571332,
0,
0,
0.0008943899,
0,
0,
0.006485358,
0.03742482,
0.01426161,
0,
0.004845941,
0.003922025,
0,
0,
0.001429365,
0.005795662,
0,
0.09439659,
0,
0,
0.002452099,
0,
0.01627248,
0.001865301,
0.2759065,
0.08196971,
0,
0,
0.01603,
0,
0,
0.07951041,
0.1283346,
0.1056439,
0,
0.03970777,
0.05008353,
0,
0,
0.02762084,
0.08020623,
2.914646e-11,
0.1037499,
0,
0,
0.004930447,
0,
0.01467121,
0.001820704,
0.2467414,
0.06671371,
0,
0,
0.01350992,
0,
0,
0.08901343,
0.1197982,
0.1049529,
0,
0.03881302,
0.05138652,
0,
0,
0.03613342,
0.1077653,
0,
0.7805099,
0,
0,
0.0002982709,
0,
0.005151026,
9.276321e-05,
0.1606026,
0.009530889,
0,
0,
0.0004411322,
0,
0,
0.004471737,
0.02371312,
0.007568504,
0,
0.002710175,
0.001926136,
0,
0,
0.0005659634,
0.002417848,
0,
0.9281183,
0,
0,
3.714944e-05,
0,
0.001125713,
0.0001517725,
0.05862237,
0.001416727,
0,
0,
0.0001885972,
0,
0,
0.000461203,
0.005494016,
0.001301471,
0,
0.001864414,
0.0006563267,
0,
0,
0.0001091049,
0.0004528506,
5.87086e-12,
2072, 
0.1792036,
0,
0,
0.003725543,
0,
0.02007264,
0.0002295315,
0.3337034,
0.08126261,
0,
0,
0.003666525,
0,
0,
0.07285115,
0.1274477,
0.08595083,
0,
0.01134586,
0.01855177,
0,
0,
0.01302983,
0.04895893,
0,
0.3489134,
0,
0,
0.001214109,
0,
0.02065476,
9.452133e-05,
0.3413493,
0.06142247,
0,
0,
0.00144124,
0,
0,
0.03246889,
0.1002361,
0.05242089,
0,
0.005211197,
0.007944257,
0,
0,
0.005101345,
0.0215275,
0,
0.8153954,
0,
0,
9.037862e-05,
0,
0.00471952,
6.453426e-05,
0.1541335,
0.00841642,
0,
0,
0.0003177017,
0,
0,
0.002388964,
0.01126442,
0.001639204,
0,
0.001109668,
0.0003783049,
0,
0,
1.832997e-05,
6.364298e-05,
4.916956e-12,
0.4261262,
0,
0,
0.001799235,
0,
0.01530728,
0.001749609,
0.2915339,
0.04040821,
0,
0,
0.006739676,
0,
0,
0.02793773,
0.07888836,
0.04007329,
0,
0.02415108,
0.01876277,
0,
0,
0.006527772,
0.01999496,
0,
0.2111284,
0,
0,
0.004040668,
0,
0.01419772,
0.004792249,
0.2311741,
0.04419749,
0,
0,
0.01542301,
0,
0,
0.04774854,
0.09150755,
0.06649033,
0,
0.05066587,
0.04565597,
0,
0,
0.02414017,
0.06448928,
0.08434867,
0.6994801,
0,
0,
0.0001915976,
0,
0.007170899,
0.0002603977,
0.1980858,
0.01441663,
0,
0,
0.001049675,
0,
0,
0.004848398,
0.03502502,
0.01289998,
0,
0.005797424,
0.004098832,
0,
0,
0.001278576,
0.005047405,
0.01034923,
0.9363803,
0,
0,
2.857556e-05,
0,
0.001144134,
2.902159e-06,
0.05375494,
0.001643482,
0,
0,
1.959472e-05,
0,
0,
0.0005312008,
0.004813448,
0.001065297,
0,
0.0001876904,
0.0001397707,
0,
0,
4.143025e-05,
0.0002472729,
1.38607e-09,
0.9080538,
0,
0,
0.0001106673,
0,
0.001538719,
0.0002596386,
0.07162594,
0.002138469,
0,
0,
0.000335073,
0,
0,
0.001054913,
0.007732055,
0.002052168,
0,
0.002963063,
0.00111822,
0,
0,
0.0002073395,
0.0008099548,
0,
0.938759,
0,
0,
3.732935e-05,
0,
0.000945505,
6.817302e-05,
0.0511906,
0.001179651,
0,
0,
9.811579e-05,
0,
0,
0.0004365939,
0.004533936,
0.00102011,
0,
0.0009782036,
0.0003612121,
0,
0,
6.114643e-05,
0.0003304152,
0,
0.464321,
0,
0,
0.0008964397,
0,
0.01441059,
0.001189331,
0.2853488,
0.03712497,
0,
0,
0.005077036,
0,
0,
0.01927918,
0.0747788,
0.0373369,
0,
0.01946305,
0.01592831,
0,
0,
0.005968591,
0.018877,
3.268496e-13,
0.118393,
0,
0,
0.000224846,
0,
0.01946824,
0.0003593959,
0.3287888,
0.09606788,
0,
0,
0.005774051,
0,
0,
0.02930807,
0.1458097,
0.1137253,
0,
0.01617721,
0.02803778,
0,
0,
0.02116702,
0.07669857,
0,
0.09531159,
0,
0,
0.006365975,
0,
0.01426968,
0.002573772,
0.2401396,
0.06710481,
0,
0,
0.01710278,
0,
0,
0.1039287,
0.1164583,
0.1012649,
0,
0.04601903,
0.05608997,
0,
0,
0.03472951,
0.09864127,
0,
0.01792708,
0,
0,
0.01651582,
0,
0.005135677,
0.006762375,
0.1147077,
0.04220188,
0,
0,
0.03749347,
0,
0,
0.1957588,
0.07535898,
0.09341255,
0,
0.08511207,
0.09879207,
0,
0,
0.05854056,
0.1522809,
1.455476e-10,
0.4213538,
0,
0,
0.003576238,
0,
0.01453681,
0.001372702,
0.2790553,
0.03829441,
0,
0,
0.005684516,
0,
0,
0.03727576,
0.07993849,
0.0435481,
0,
0.02168301,
0.01881817,
0,
0,
0.008169708,
0.02669297,
0,
0.639181,
0,
0,
0.001027129,
0,
0.009136633,
0.0003684605,
0.2268424,
0.02000948,
0,
0,
0.00158694,
0,
0,
0.01323591,
0.04582195,
0.01882862,
0,
0.007675588,
0.00595745,
0,
0,
0.002101624,
0.008226871,
4.252797e-09,
0.3745287,
0,
0,
0.005014685,
0,
0.0144898,
0.0006759519,
0.2682374,
0.03925063,
0,
0,
0.00378949,
0,
0,
0.04486242,
0.08942937,
0.05736834,
0,
0.01637087,
0.01946246,
0,
0,
0.01434717,
0.05217268,
6.750839e-09,
0.9777713,
0,
0,
7.370056e-08,
0,
0.0002704158,
1.839119e-10,
0.02072791,
0.0002686601,
0,
0,
1.666732e-08,
0,
0,
1.062677e-05,
0.0008470076,
9.457853e-05,
0,
3.823143e-07,
7.40755e-07,
0,
0,
4.438908e-07,
7.87328e-06,
0,
0.6721207,
0,
0,
0.0003923576,
0,
0.008484824,
0.0001415149,
0.2180128,
0.01816139,
0,
0,
0.0008464336,
0,
0,
0.008064797,
0.04128921,
0.01606341,
0,
0.004512626,
0.003956927,
0,
0,
0.001545178,
0.006407878,
0,
0.04502799,
0,
0,
0.03013368,
0,
0.008383892,
0.002555564,
0.1624153,
0.04945035,
0,
0,
0.01765642,
0,
0,
0.2136574,
0.091164,
0.09477556,
0,
0.04800367,
0.0631118,
0,
0,
0.04519995,
0.1284644,
0,
0.1945714,
0,
0,
0.00630281,
0,
0.01887604,
0.000270951,
0.3119802,
0.07103163,
0,
0,
0.002917042,
0,
0,
0.08879084,
0.1229985,
0.08681659,
0,
0.009601081,
0.01407917,
0,
0,
0.01018172,
0.06158201,
0,
0.5269732,
0,
0,
0.0008121478,
0,
0.0124592,
0.0006260936,
0.2673354,
0.03027667,
0,
0,
0.002949731,
0,
0,
0.01600269,
0.06560407,
0.03154324,
0,
0.01288453,
0.01124056,
0,
0,
0.004710646,
0.01658183,
7.923973e-11,
0.683292,
0,
0,
0.0003815328,
0,
0.0079874,
0.0002070922,
0.2103377,
0.01677074,
0,
0,
0.001009352,
0,
0,
0.007459193,
0.03945849,
0.01534556,
0,
0.005378565,
0.004357794,
0,
0,
0.001603081,
0.006411525,
0,
0.093783,
0,
0,
0.002514409,
0,
0.01622334,
0.001882964,
0.2746556,
0.08213241,
0,
0,
0.01614248,
0,
0,
0.08143348,
0.1280438,
0.1053917,
0,
0.03994003,
0.05026645,
0,
0,
0.02763216,
0.07995825,
2.914646e-11,
0.1029012,
0,
0,
0.005030843,
0,
0.01462689,
0.001808322,
0.2456336,
0.06691971,
0,
0,
0.01348113,
0,
0,
0.09116995,
0.119636,
0.1048855,
0,
0.03871839,
0.05132868,
0,
0,
0.03611297,
0.1077469,
0,
0.7701638,
0,
0,
0.0003435424,
0,
0.005453145,
0.0001029362,
0.1661901,
0.01031486,
0,
0,
0.0004907496,
0,
0,
0.005128346,
0.0252332,
0.008200537,
0,
0.002959304,
0.002121145,
0,
0,
0.0006310256,
0.002667282,
0,
0.9256585,
0,
0,
4.088149e-05,
0,
0.00117896,
0.000159041,
0.06031861,
0.001514894,
0,
0,
0.0002007234,
0,
0,
0.0005185415,
0.005769767,
0.001381655,
0,
0.001959175,
0.000697272,
0,
0,
0.0001172711,
0.0004847573,
5.870859e-12,
2073, 
0.1782067,
0,
0,
0.003428307,
0,
0.02012258,
0.0002433316,
0.3340253,
0.08209915,
0,
0,
0.003814437,
0,
0,
0.06930472,
0.1282379,
0.08672614,
0,
0.01175558,
0.01907146,
0,
0,
0.0132994,
0.04966504,
0,
0.3432848,
0,
0,
0.00129044,
0,
0.02077981,
9.644056e-05,
0.3415173,
0.06252312,
0,
0,
0.00146607,
0,
0,
0.03435751,
0.1011624,
0.05314203,
0,
0.00527468,
0.008048565,
0,
0,
0.005181846,
0.021875,
0,
0.8104661,
0,
0,
9.964613e-05,
0,
0.004889392,
6.945855e-05,
0.1573537,
0.008867073,
0,
0,
0.0003416794,
0,
0,
0.002642332,
0.01182033,
0.001756577,
0,
0.001190458,
0.0004117097,
0,
0,
2.057096e-05,
7.100469e-05,
4.916956e-12,
0.4241385,
0,
0,
0.001809273,
0,
0.01540968,
0.001712435,
0.2920198,
0.04100047,
0,
0,
0.006711136,
0,
0,
0.02873548,
0.07923542,
0.04017292,
0,
0.02397795,
0.0187161,
0,
0,
0.006509032,
0.01985186,
0,
0.2089031,
0,
0,
0.004060942,
0,
0.0142175,
0.004664567,
0.2311147,
0.0447116,
0,
0,
0.01529115,
0,
0,
0.04904106,
0.09190418,
0.06686811,
0,
0.05017429,
0.0455207,
0,
0,
0.02416517,
0.06475215,
0.08461085,
0.6942461,
0,
0,
0.0002039764,
0,
0.007315455,
0.0002702402,
0.200011,
0.01489979,
0,
0,
0.001093312,
0,
0,
0.005202387,
0.03585087,
0.0133059,
0,
0.006005168,
0.004268494,
0,
0,
0.001343254,
0.005260696,
0.01072334,
0.9275627,
0,
0,
3.424286e-05,
0,
0.001342484,
3.733757e-06,
0.06058276,
0.001988324,
0,
0,
2.513476e-05,
0,
0,
0.0006599764,
0.005714478,
0.001306685,
0,
0.0002350477,
0.0001768849,
0,
0,
5.348279e-05,
0.0003140832,
1.38607e-09,
0.9029302,
0,
0,
0.0001266145,
0,
0.001649179,
0.0002788493,
0.07488905,
0.002349818,
0,
0,
0.000367938,
0,
0,
0.001223455,
0.008343936,
0.00226005,
0,
0.003201697,
0.0012328,
0,
0,
0.0002345722,
0.000911816,
0,
0.9349674,
0,
0,
4.391883e-05,
0,
0.001023183,
7.979599e-05,
0.05392513,
0.001311097,
0,
0,
0.000116104,
0,
0,
0.0005172491,
0.004907125,
0.001119577,
0,
0.001133658,
0.0004213493,
0,
0,
7.144521e-05,
0.000362961,
0,
0.454161,
0,
0,
0.00099664,
0,
0.01470195,
0.001224046,
0.2871026,
0.03841843,
0,
0,
0.005274663,
0,
0,
0.02108412,
0.0763943,
0.03846052,
0,
0.01998665,
0.01646404,
0,
0,
0.006203111,
0.01952791,
3.268496e-13,
0.1189728,
0,
0,
0.0002406797,
0,
0.01956646,
0.0003211979,
0.3298935,
0.09687531,
0,
0,
0.005454667,
0,
0,
0.03072522,
0.145988,
0.1133132,
0,
0.01537372,
0.02709324,
0,
0,
0.0206514,
0.07553057,
0,
0.09461356,
0,
0,
0.006555704,
0,
0.01427185,
0.002595225,
0.2398261,
0.06759991,
0,
0,
0.01725597,
0,
0,
0.107184,
0.1162285,
0.1006781,
0,
0.04618037,
0.05601458,
0,
0,
0.03423426,
0.09676182,
0,
0.01758236,
0,
0,
0.01585076,
0,
0.005085933,
0.006684721,
0.1137549,
0.04221505,
0,
0,
0.03737935,
0,
0,
0.1951079,
0.07520327,
0.09366088,
0,
0.08496554,
0.09923802,
0,
0,
0.05931182,
0.1539595,
1.455476e-10,
0.411376,
0,
0,
0.003810474,
0,
0.01477043,
0.001482073,
0.2798046,
0.0394478,
0,
0,
0.006087888,
0,
0,
0.03979804,
0.08105949,
0.04433791,
0,
0.0228714,
0.01970998,
0,
0,
0.008438905,
0.02700505,
0,
0.6266555,
0,
0,
0.001135283,
0,
0.009479311,
0.0004120597,
0.2310998,
0.02113344,
0,
0,
0.001766243,
0,
0,
0.01462838,
0.04772171,
0.0198733,
0,
0.008443511,
0.006551876,
0,
0,
0.002312142,
0.008787484,
4.252798e-09,
0.3604888,
0,
0,
0.005375253,
0,
0.01466773,
0.0007536256,
0.2671344,
0.04036621,
0,
0,
0.004153786,
0,
0,
0.04803351,
0.09101776,
0.05923817,
0,
0.01768936,
0.0209227,
0,
0,
0.0153825,
0.05477622,
6.750838e-09,
0.9753883,
0,
0,
1.01972e-07,
0,
0.0003112206,
2.60318e-10,
0.022844,
0.0003213586,
0,
0,
2.268652e-08,
0,
0,
1.422023e-05,
0.0009925569,
0.0001158896,
0,
5.018744e-07,
9.749591e-07,
0,
0,
5.969709e-07,
1.025589e-05,
0,
0.6592031,
0,
0,
0.0004437774,
0,
0.008871539,
0.0001533084,
0.2233194,
0.01936539,
0,
0,
0.000922826,
0,
0,
0.009067019,
0.04348417,
0.01724078,
0,
0.004857819,
0.004311765,
0,
0,
0.00171648,
0.007042583,
0,
0.04491382,
0,
0,
0.03018367,
0,
0.00833308,
0.002542569,
0.1623909,
0.04956646,
0,
0,
0.01762655,
0,
0,
0.2173371,
0.09092169,
0.09418957,
0,
0.0479303,
0.06277832,
0,
0,
0.04455301,
0.1267329,
0,
0.1925014,
0,
0,
0.006370913,
0,
0.01890649,
0.0002663463,
0.3120593,
0.07185148,
0,
0,
0.002896019,
0,
0,
0.09127752,
0.1232141,
0.0868056,
0,
0.009418461,
0.01375243,
0,
0,
0.009779911,
0.0609,
0,
0.5153866,
0,
0,
0.0008921053,
0,
0.01276391,
0.0006755996,
0.2696726,
0.03151071,
0,
0,
0.003155704,
0,
0,
0.01746294,
0.06751891,
0.03289769,
0,
0.01360931,
0.01188191,
0,
0,
0.005001686,
0.01757036,
7.923973e-11,
0.6704074,
0,
0,
0.0004518795,
0,
0.008344154,
0.0002353617,
0.2152684,
0.01787536,
0,
0,
0.001133287,
0,
0,
0.008567924,
0.04155952,
0.01649848,
0,
0.005943286,
0.004827969,
0,
0,
0.001796345,
0.007090698,
0,
0.09324142,
0,
0,
0.002573932,
0,
0.01617785,
0.001901531,
0.2734617,
0.08229212,
0,
0,
0.0162517,
0,
0,
0.08331995,
0.1277547,
0.1051221,
0,
0.04016693,
0.05042806,
0,
0,
0.02762478,
0.07968323,
2.914646e-11,
0.1018953,
0,
0,
0.005145701,
0,
0.01457044,
0.001804231,
0.244333,
0.0670975,
0,
0,
0.01348768,
0,
0,
0.09348902,
0.1194196,
0.1048077,
0,
0.03870555,
0.05134561,
0,
0,
0.03612563,
0.107773,
0,
0.7595813,
0,
0,
0.0003938727,
0,
0.005761896,
0.0001142639,
0.1717417,
0.01113511,
0,
0,
0.0005453053,
0,
0,
0.005856517,
0.0268027,
0.008867094,
0,
0.003228621,
0.002332534,
0,
0,
0.0007022097,
0.002936943,
0,
0.9230565,
0,
0,
4.528696e-05,
0,
0.001235446,
0.0001673119,
0.06208917,
0.001620859,
0,
0,
0.0002142052,
0,
0,
0.0005846915,
0.006064568,
0.001468799,
0,
0.002064044,
0.0007425581,
0,
0,
0.0001264004,
0.0005201874,
5.87086e-12,
2074, 
0.1771828,
0,
0,
0.003100103,
0,
0.02016673,
0.0002594834,
0.3342512,
0.08291415,
0,
0,
0.003982789,
0,
0,
0.06511233,
0.1291201,
0.08767016,
0,
0.01223359,
0.01969066,
0,
0,
0.01365655,
0.0506594,
0,
0.3377705,
0,
0,
0.001367839,
0,
0.02088853,
9.69773e-05,
0.3416295,
0.06359946,
0,
0,
0.001475128,
0,
0,
0.03629946,
0.1020852,
0.05388178,
0,
0.005289625,
0.008103755,
0,
0,
0.005255105,
0.02225712,
0,
0.8053874,
0,
0,
0.0001099443,
0,
0.00506465,
7.49454e-05,
0.1606202,
0.009339709,
0,
0,
0.0003678617,
0,
0,
0.002922377,
0.01240204,
0.001882231,
0,
0.001278226,
0.0004481473,
0,
0,
2.308279e-05,
7.923447e-05,
4.916956e-12,
0.4220526,
0,
0,
0.001821058,
0,
0.01550819,
0.001681107,
0.2924243,
0.04158847,
0,
0,
0.006689964,
0,
0,
0.02956052,
0.07959864,
0.0403026,
0,
0.02383414,
0.01868388,
0,
0,
0.006497245,
0.01975726,
0,
0.206558,
0,
0,
0.004083016,
0,
0.01422955,
0.004562246,
0.23094,
0.04521157,
0,
0,
0.0152007,
0,
0,
0.05036871,
0.09226619,
0.06722993,
0,
0.04980125,
0.04544837,
0,
0,
0.02420298,
0.06501452,
0.08488299,
0.6888881,
0,
0,
0.0002171328,
0,
0.007461176,
0.0002805752,
0.2019099,
0.01539489,
0,
0,
0.001138409,
0,
0,
0.005580387,
0.03670549,
0.01373611,
0,
0.006221299,
0.0044469,
0,
0,
0.001413382,
0.005497061,
0.01110922,
0.9183441,
0,
0,
4.034513e-05,
0,
0.001555566,
4.705457e-06,
0.0676004,
0.002372107,
0,
0,
3.162565e-05,
0,
0,
0.0008070344,
0.006695494,
0.00157916,
0,
0.0002891065,
0.0002199487,
0,
0,
6.785437e-05,
0.0003925525,
1.38607e-09,
0.8975766,
0,
0,
0.0001444972,
0,
0.001765522,
0.0002994879,
0.07823862,
0.002577956,
0,
0,
0.0004036388,
0,
0,
0.00141512,
0.008991877,
0.002484433,
0,
0.003456756,
0.001357006,
0,
0,
0.000264693,
0.001023796,
0,
0.9309953,
0,
0,
5.169934e-05,
0,
0.001105985,
9.252639e-05,
0.05675182,
0.001455425,
0,
0,
0.0001360179,
0,
0,
0.0006125082,
0.005304582,
0.001227161,
0,
0.001300171,
0.0004861755,
0,
0,
8.253503e-05,
0.0003981257,
0,
0.4443117,
0,
0,
0.001098195,
0,
0.01498164,
0.001259447,
0.2886576,
0.03969508,
0,
0,
0.005472452,
0,
0,
0.02293272,
0.07794598,
0.03955307,
0,
0.02050527,
0.01699181,
0,
0,
0.00643356,
0.02016154,
3.268497e-13,
0.11968,
0,
0,
0.0002555894,
0,
0.01966531,
0.0002911708,
0.3309869,
0.09764061,
0,
0,
0.005190141,
0,
0,
0.03206643,
0.146091,
0.1127901,
0,
0.01469878,
0.0262537,
0,
0,
0.02013949,
0.07425083,
0,
0.09408224,
0,
0,
0.006732868,
0,
0.01428611,
0.002603784,
0.2397064,
0.06812448,
0,
0,
0.01734648,
0,
0,
0.110379,
0.1160523,
0.1001069,
0,
0.04619751,
0.05580304,
0,
0,
0.03368787,
0.09489098,
0,
0.01727774,
0,
0,
0.01520269,
0,
0.005044204,
0.006583096,
0.1129376,
0.04226883,
0,
0,
0.03716988,
0,
0,
0.194572,
0.07511616,
0.09396445,
0,
0.08463091,
0.09953559,
0,
0,
0.06004374,
0.1556531,
1.455476e-10,
0.4019114,
0,
0,
0.004043253,
0,
0.01499482,
0.001587027,
0.2804691,
0.04057994,
0,
0,
0.00647514,
0,
0,
0.04235523,
0.08210298,
0.04506109,
0,
0.0239774,
0.02052661,
0,
0,
0.008669074,
0.02724691,
0,
0.6143386,
0,
0,
0.001248763,
0,
0.009815589,
0.0004550011,
0.2351336,
0.02226352,
0,
0,
0.001943833,
0,
0,
0.01609968,
0.04959192,
0.02091617,
0,
0.009186896,
0.00713334,
0,
0,
0.002520655,
0.009352376,
4.252797e-09,
0.3469291,
0,
0,
0.005740172,
0,
0.01482796,
0.0008315578,
0.2658375,
0.0414449,
0,
0,
0.004516876,
0,
0,
0.05127697,
0.09249377,
0.06103758,
0,
0.01897998,
0.02235312,
0,
0,
0.01640013,
0.05733044,
6.750838e-09,
0.9728194,
0,
0,
1.400584e-07,
0,
0.000356811,
3.651542e-10,
0.02510619,
0.0003825647,
0,
0,
3.063144e-08,
0,
0,
1.889439e-05,
0.001158564,
0.0001413647,
0,
6.543426e-07,
1.275132e-06,
0,
0,
7.984946e-07,
1.329992e-05,
0,
0.6462438,
0,
0,
0.0004993056,
0,
0.009256462,
0.0001658721,
0.2284285,
0.02059251,
0,
0,
0.001003279,
0,
0,
0.01014676,
0.04569691,
0.01845432,
0,
0.00521582,
0.004682343,
0,
0,
0.00189847,
0.007715634,
0,
0.04492262,
0,
0,
0.03020023,
0,
0.00830349,
0.002535949,
0.1626848,
0.04978048,
0,
0,
0.0176268,
0,
0,
0.2210998,
0.09074869,
0.09354563,
0,
0.04788114,
0.06239516,
0,
0,
0.04375756,
0.1245176,
0,
0.190327,
0,
0,
0.006431714,
0,
0.01891652,
0.0002733249,
0.3117971,
0.07258466,
0,
0,
0.002971816,
0,
0,
0.09368815,
0.1232765,
0.08667552,
0,
0.009529427,
0.01379107,
0,
0,
0.009595729,
0.06014141,
0,
0.5038876,
0,
0,
0.000978657,
0,
0.0130651,
0.0007207866,
0.2718541,
0.0327606,
0,
0,
0.003342716,
0,
0,
0.01902819,
0.06945092,
0.0342984,
0,
0.01425221,
0.01245973,
0,
0,
0.005272971,
0.01862801,
7.923973e-11,
0.6571981,
0,
0,
0.000534264,
0,
0.008707909,
0.0002633499,
0.220096,
0.01903191,
0,
0,
0.001256575,
0,
0,
0.0098266,
0.04373411,
0.01772644,
0,
0.006494187,
0.005295801,
0,
0,
0.001995153,
0.007839618,
0,
0.09278077,
0,
0,
0.002630477,
0,
0.0161369,
0.001918441,
0.2723397,
0.0824514,
0,
0,
0.01634484,
0,
0,
0.0851663,
0.1274768,
0.1048452,
0,
0.04036253,
0.0505508,
0,
0,
0.02759932,
0.07939646,
2.914646e-11,
0.1007395,
0,
0,
0.00527798,
0,
0.01450253,
0.001805612,
0.2428512,
0.06724915,
0,
0,
0.01351846,
0,
0,
0.09599604,
0.1191541,
0.1047243,
0,
0.03874741,
0.05141676,
0,
0,
0.03616769,
0.1078493,
0,
0.7488098,
0,
0,
0.0004494906,
0,
0.006075493,
0.0001269095,
0.177218,
0.01198854,
0,
0,
0.000605239,
0,
0,
0.006659651,
0.02841363,
0.009566076,
0,
0.003519369,
0.00256103,
0,
0,
0.0007797718,
0.003226971,
0,
0.9203062,
0,
0,
5.047872e-05,
0,
0.001295322,
0.0001765953,
0.06393459,
0.001735209,
0,
0,
0.0002291201,
0,
0,
0.0006610058,
0.006379697,
0.001563565,
0,
0.002179441,
0.0007925426,
0,
0,
0.0001366163,
0.000559602,
5.870859e-12,
2075, 
0.1761118,
0,
0,
0.002748964,
0,
0.0202029,
0.0002774173,
0.3343461,
0.08369823,
0,
0,
0.004166237,
0,
0,
0.06038712,
0.1300806,
0.0887755,
0,
0.0127655,
0.020395,
0,
0,
0.01409898,
0.05194566,
0,
0.3323586,
0,
0,
0.001446494,
0,
0.02098146,
9.578912e-05,
0.3416907,
0.06465297,
0,
0,
0.001466034,
0,
0,
0.03829973,
0.1030093,
0.0546447,
0,
0.005249198,
0.008105539,
0,
0,
0.005321449,
0.02267803,
0,
0.8001605,
0,
0,
0.0001213942,
0,
0.005245176,
8.094867e-05,
0.1639268,
0.009834729,
0,
0,
0.0003961558,
0,
0,
0.003231761,
0.01301064,
0.002016902,
0,
0.001372791,
0.0004877722,
0,
0,
2.590595e-05,
8.847339e-05,
4.916955e-12,
0.4198569,
0,
0,
0.001834334,
0,
0.01560272,
0.001655834,
0.2927442,
0.04217221,
0,
0,
0.00667813,
0,
0,
0.03041287,
0.07997695,
0.04046149,
0,
0.02372707,
0.01867308,
0,
0,
0.006495249,
0.01970897,
0,
0.2041073,
0,
0,
0.004107008,
0,
0.01423447,
0.004481658,
0.2306578,
0.04569833,
0,
0,
0.01514667,
0,
0,
0.05173334,
0.09259578,
0.06757689,
0,
0.04953264,
0.04543241,
0,
0,
0.02425273,
0.06527663,
0.08516628,
0.6834062,
0,
0,
0.0002311184,
0,
0.0076081,
0.0002913488,
0.2037826,
0.01590224,
0,
0,
0.001184971,
0,
0,
0.005983973,
0.03758756,
0.01418988,
0,
0.006445494,
0.004634122,
0,
0,
0.001489049,
0.005755979,
0.01150734,
0.9088027,
0,
0,
4.683785e-05,
0,
0.00178197,
5.82744e-06,
0.07473183,
0.002794736,
0,
0,
3.914416e-05,
0,
0,
0.0009734127,
0.007752057,
0.001883465,
0,
0.0003500897,
0.0002693632,
0,
0,
8.481578e-05,
0.0004837803,
1.38607e-09,
0.8920001,
0,
0,
0.0001644842,
0,
0.001887646,
0.000321489,
0.08166441,
0.002823402,
0,
0,
0.0004422205,
0,
0,
0.001632334,
0.009675442,
0.002725622,
0,
0.003727834,
0.001490977,
0,
0,
0.0002978317,
0.001146259,
0,
0.9268162,
0,
0,
6.095252e-05,
0,
0.001194619,
0.0001064788,
0.05968333,
0.001614586,
0,
0,
0.0001581202,
0,
0,
0.0007255808,
0.005730118,
0.001344363,
0,
0.001478443,
0.0005561975,
0,
0,
9.453749e-05,
0.0004365331,
0,
0.4347996,
0,
0,
0.001199951,
0,
0.01524935,
0.001294854,
0.2900189,
0.04095274,
0,
0,
0.005668862,
0,
0,
0.02481395,
0.07943187,
0.04061238,
0,
0.02101347,
0.01750862,
0,
0,
0.006659155,
0.02077638,
3.268497e-13,
0.120522,
0,
0,
0.0002696013,
0,
0.01976451,
0.000267983,
0.3320639,
0.09835875,
0,
0,
0.00497356,
0,
0,
0.03333203,
0.1461221,
0.1121648,
0,
0.01413787,
0.0255098,
0,
0,
0.0196338,
0.07287932,
0,
0.09372461,
0,
0,
0.006900077,
0,
0.01431217,
0.002598288,
0.2397741,
0.0686736,
0,
0,
0.01737036,
0,
0,
0.1135254,
0.1159255,
0.0995473,
0,
0.04606494,
0.05545624,
0,
0,
0.03309793,
0.09302948,
0,
0.01701049,
0,
0,
0.01459715,
0,
0.005008858,
0.006457382,
0.112262,
0.04236012,
0,
0,
0.03686543,
0,
0,
0.1943201,
0.07508743,
0.09429764,
0,
0.08410689,
0.09966511,
0,
0,
0.06069828,
0.1572632,
1.455476e-10,
0.3930172,
0,
0,
0.004272494,
0,
0.01520841,
0.001685656,
0.2810446,
0.04168366,
0,
0,
0.006840778,
0,
0,
0.04493278,
0.08306576,
0.04571621,
0,
0.02498723,
0.02126133,
0,
0,
0.008860868,
0.027423,
0,
0.6022772,
0,
0,
0.001367599,
0,
0.01014389,
0.000496911,
0.2389236,
0.02339548,
0,
0,
0.002118574,
0,
0,
0.01765116,
0.05142492,
0.02195366,
0,
0.009900872,
0.007699048,
0,
0,
0.002726666,
0.009920401,
4.252797e-09,
0.3338944,
0,
0,
0.006107416,
0,
0.01496865,
0.0009080113,
0.2643696,
0.04248178,
0,
0,
0.004872641,
0,
0,
0.05458696,
0.09385659,
0.06276359,
0,
0.02022139,
0.02373782,
0,
0,
0.01739583,
0.05983538,
6.750838e-09,
0.9700568,
0,
0,
1.910378e-07,
0,
0.0004075558,
5.069012e-10,
0.02751767,
0.0004533251,
0,
0,
4.100273e-08,
0,
0,
2.493518e-05,
0.001347091,
0.0001716485,
0,
8.468555e-07,
1.656315e-06,
0,
0,
1.061257e-06,
1.715767e-05,
0,
0.6332892,
0,
0,
0.0005591729,
0,
0.009637582,
0.0001793177,
0.2333063,
0.0218383,
0,
0,
0.001088191,
0,
0,
0.01130761,
0.04791714,
0.01970066,
0,
0.005587519,
0.005069451,
0,
0,
0.002091762,
0.008427721,
0,
0.04504986,
0,
0,
0.03020029,
0,
0.008293799,
0.00253233,
0.1632799,
0.05008632,
0,
0,
0.01764298,
0,
0,
0.2249979,
0.09063756,
0.09284176,
0,
0.04782619,
0.06194063,
0,
0,
0.04281871,
0.1218519,
0,
0.1880524,
0,
0,
0.006485374,
0,
0.01890632,
0.0002920037,
0.3111974,
0.07323094,
0,
0,
0.003145348,
0,
0,
0.09602461,
0.1231849,
0.08642449,
0,
0.009933532,
0.01419326,
0,
0,
0.009626796,
0.05930265,
0,
0.4924615,
0,
0,
0.001071843,
0,
0.01336036,
0.0007627162,
0.2738461,
0.03401875,
0,
0,
0.003517443,
0,
0,
0.02069727,
0.07138647,
0.03573866,
0,
0.01484063,
0.0130035,
0,
0,
0.005540682,
0.01975411,
7.923973e-11,
0.643701,
0,
0,
0.0006277992,
0,
0.009079215,
0.0002898104,
0.2248264,
0.02024383,
0,
0,
0.00137408,
0,
0,
0.0112354,
0.04598452,
0.01903306,
0,
0.007007659,
0.005742367,
0,
0,
0.002192143,
0.008662746,
0,
0.09240348,
0,
0,
0.002684065,
0,
0.01610083,
0.001931675,
0.2712951,
0.08261143,
0,
0,
0.01641179,
0,
0,
0.08697262,
0.127217,
0.1045711,
0,
0.04050656,
0.05062181,
0,
0,
0.02755772,
0.07911481,
2.914646e-11,
0.0994507,
0,
0,
0.005427754,
0,
0.01442451,
0.001810016,
0.2412112,
0.06737842,
0,
0,
0.01356344,
0,
0,
0.09869305,
0.1188472,
0.1046394,
0,
0.03881976,
0.05152281,
0,
0,
0.03623442,
0.1079774,
0,
0.7378775,
0,
0,
0.0005107723,
0,
0.006392673,
0.0001410464,
0.1825906,
0.01287326,
0,
0,
0.000671055,
0,
0,
0.007542755,
0.03006064,
0.0102966,
0,
0.003833059,
0.002807681,
0,
0,
0.000864138,
0.003538134,
0,
0.9173973,
0,
0,
5.657868e-05,
0,
0.00135883,
0.0001869253,
0.06585813,
0.001858719,
0,
0,
0.0002455825,
0,
0,
0.0007490418,
0.006716878,
0.001666774,
0,
0.002306001,
0.0008476853,
0,
0,
0.0001480666,
0.0006035417,
5.870859e-12,
2076, 
0.1749706,
0,
0,
0.002387065,
0,
0.0202283,
0.0002965451,
0.3342646,
0.08443867,
0,
0,
0.00435909,
0,
0,
0.05529124,
0.1310968,
0.09002515,
0,
0.01333568,
0.02116745,
0,
0,
0.01462163,
0.05351722,
0,
0.3270321,
0,
0,
0.001526744,
0,
0.02105975,
9.267921e-05,
0.3417014,
0.06568619,
0,
0,
0.001437664,
0,
0,
0.04036505,
0.1039384,
0.05543448,
0,
0.005150341,
0.008052736,
0,
0,
0.005381629,
0.02314077,
0,
0.7947899,
0,
0,
0.0001341193,
0,
0.005430697,
8.741512e-05,
0.1672652,
0.01035209,
0,
0,
0.0004264264,
0,
0,
0.003573102,
0.01364709,
0.002161359,
0,
0.001473905,
0.0005307353,
0,
0,
2.908741e-05,
9.888767e-05,
4.916956e-12,
0.4175482,
0,
0,
0.001848936,
0,
0.01569348,
0.001636393,
0.2929811,
0.04275238,
0,
0,
0.00667624,
0,
0,
0.03129329,
0.08036906,
0.04064773,
0,
0.023659,
0.01868662,
0,
0,
0.006504271,
0.01970325,
0,
0.2015911,
0,
0,
0.004133538,
0,
0.01423477,
0.00441597,
0.2303061,
0.04617924,
0,
0,
0.01511193,
0,
0,
0.05314478,
0.09290689,
0.06791808,
0,
0.04931575,
0.04543005,
0,
0,
0.02429428,
0.06554496,
0.08547258,
0.6778076,
0,
0,
0.0002459895,
0,
0.007756261,
0.0003025015,
0.20563,
0.01642213,
0,
0,
0.001232904,
0,
0,
0.006414811,
0.03849415,
0.01466491,
0,
0.00667653,
0.004829178,
0,
0,
0.001569699,
0.006035083,
0.01191818,
0.8990102,
0,
0,
5.36716e-05,
0,
0.002020262,
7.110388e-06,
0.08190814,
0.00325593,
0,
0,
4.777021e-05,
0,
0,
0.00116015,
0.008879358,
0.002220159,
0,
0.0004181926,
0.0003255232,
0,
0,
0.0001046497,
0.0005888657,
1.38607e-09,
0.8861986,
0,
0,
0.000186784,
0,
0.002015627,
0.0003448184,
0.08516103,
0.003087078,
0,
0,
0.0004837968,
0,
0,
0.001878089,
0.01039539,
0.002984479,
0,
0.004014979,
0.001635156,
0,
0,
0.000334234,
0.001279988,
0,
0.9223897,
0,
0,
7.205237e-05,
0,
0.001290081,
0.0001218282,
0.06274037,
0.001791177,
0,
0,
0.0001827848,
0,
0,
0.0008606443,
0.006189183,
0.001473315,
0,
0.001669777,
0.0006322475,
0,
0,
0.0001076554,
0.0004791067,
0,
0.4256319,
0,
0,
0.001300979,
0,
0.01550524,
0.001329798,
0.2911963,
0.04219083,
0,
0,
0.005862961,
0,
0,
0.02671995,
0.08085253,
0.04163789,
0,
0.02150779,
0.01801275,
0,
0,
0.006879448,
0.02137167,
3.268497e-13,
0.1214984,
0,
0,
0.0002828708,
0,
0.01986303,
0.0002504699,
0.3331068,
0.09902215,
0,
0,
0.004798763,
0,
0,
0.03452923,
0.1460841,
0.1114495,
0,
0.0136784,
0.02485454,
0,
0,
0.01913889,
0.07144278,
0,
0.09353949,
0,
0,
0.007061093,
0,
0.01434901,
0.002578156,
0.2400107,
0.06923993,
0,
0,
0.01732577,
0,
0,
0.1166418,
0.1158411,
0.09899546,
0,
0.04578206,
0.054979,
0,
0,
0.03247341,
0.0911831,
0,
0.01677721,
0,
0,
0.01405482,
0,
0.004978158,
0.006307589,
0.1117318,
0.04248559,
0,
0,
0.03646644,
0,
0,
0.194505,
0.07510774,
0.09463883,
0,
0.08339267,
0.09960721,
0,
0,
0.06123852,
0.1587084,
1.455476e-10,
0.3847194,
0,
0,
0.004496572,
0,
0.01540993,
0.001776794,
0.2815253,
0.04275305,
0,
0,
0.007181491,
0,
0,
0.04751887,
0.08394725,
0.04630475,
0,
0.02589538,
0.02191338,
0,
0,
0.009017104,
0.02754079,
0,
0.5904949,
0,
0,
0.001492027,
0,
0.01046332,
0.0005375014,
0.2424598,
0.02452695,
0,
0,
0.00228969,
0,
0,
0.01928627,
0.05321601,
0.02298355,
0,
0.01058219,
0.008247185,
0,
0,
0.002929872,
0.01049078,
4.252797e-09,
0.321396,
0,
0,
0.006476147,
0,
0.01508837,
0.0009815918,
0.2627468,
0.04347343,
0,
0,
0.005216325,
0,
0,
0.05796384,
0.09510832,
0.06441794,
0,
0.02139756,
0.02506557,
0,
0,
0.01836804,
0.06230008,
6.750838e-09,
0.9670932,
0,
0,
2.588143e-07,
0,
0.0004638248,
6.954318e-10,
0.03008093,
0.0005347561,
0,
0,
5.437776e-08,
0,
0,
3.269108e-05,
0.001560244,
0.0002074373,
0,
1.087273e-06,
2.135479e-06,
0,
0,
1.400263e-06,
2.200327e-05,
0,
0.6203696,
0,
0,
0.0006237949,
0,
0.0100133,
0.0001937835,
0.2379236,
0.02309963,
0,
0,
0.001178109,
0,
0,
0.01255545,
0.05013717,
0.02097826,
0,
0.005974337,
0.00547455,
0,
0,
0.002297423,
0.009181053,
0,
0.04528507,
0,
0,
0.03019829,
0,
0.008301692,
0.002528952,
0.1641437,
0.05047345,
0,
0,
0.01766293,
0,
0,
0.2290702,
0.09057675,
0.09207731,
0,
0.04774154,
0.06140069,
0,
0,
0.04174945,
0.11879,
0,
0.1856739,
0,
0,
0.006532842,
0,
0.01887593,
0.0003223173,
0.3102623,
0.07379104,
0,
0,
0.003416467,
0,
0,
0.09829693,
0.1229398,
0.08605264,
0,
0.01062755,
0.01495538,
0,
0,
0.009870864,
0.05838206,
0,
0.4810149,
0,
0,
0.001171098,
0,
0.01364376,
0.0008063487,
0.2755549,
0.03526696,
0,
0,
0.003705622,
0,
0,
0.02245822,
0.07329133,
0.03719907,
0,
0.01547642,
0.01361505,
0,
0,
0.005857943,
0.02093841,
7.923973e-11,
0.6299159,
0,
0,
0.0007303932,
0,
0.00945698,
0.0003153379,
0.2294361,
0.02150979,
0,
0,
0.001489554,
0,
0,
0.01278325,
0.04830339,
0.02041656,
0,
0.007500458,
0.006184892,
0,
0,
0.00239617,
0.009561216,
0,
0.09210533,
0,
0,
0.002734863,
0,
0.0160693,
0.001939793,
0.2703225,
0.08277123,
0,
0,
0.01644536,
0,
0,
0.08874097,
0.1269796,
0.1043096,
0,
0.04058504,
0.05063383,
0,
0,
0.02750406,
0.07885856,
2.914646e-11,
0.09805436,
0,
0,
0.005590728,
0,
0.0143384,
0.001815437,
0.2394462,
0.06749088,
0,
0,
0.01361408,
0,
0,
0.1015484,
0.1185102,
0.1045595,
0,
0.03890264,
0.05164762,
0,
0,
0.03632192,
0.1081597,
0,
0.726795,
0,
0,
0.0005782404,
0,
0.006712599,
0.0001568612,
0.1878392,
0.01378846,
0,
0,
0.0007433367,
0,
0,
0.008512408,
0.03174095,
0.01105921,
0,
0.004171615,
0.003074001,
0,
0,
0.000955991,
0.003872137,
0,
0.9143101,
0,
0,
6.37416e-05,
0,
0.001426412,
0.0001983825,
0.06786845,
0.001992586,
0,
0,
0.0002637853,
0,
0,
0.0008508198,
0.007078875,
0.001779639,
0,
0.002444842,
0.0009086815,
0,
0,
0.0001609569,
0.000652744,
5.870859e-12,
2077, 
0.1737259,
0,
0,
0.00202918,
0,
0.02023919,
0.0003162467,
0.3339458,
0.08511921,
0,
0,
0.004555287,
0,
0,
0.05004078,
0.1321378,
0.09139499,
0,
0.01392717,
0.02198888,
0,
0,
0.01521786,
0.05536183,
0,
0.3217666,
0,
0,
0.001609002,
0,
0.02112432,
8.777333e-05,
0.3416568,
0.06670122,
0,
0,
0.001391441,
0,
0,
0.04250313,
0.104874,
0.05625316,
0,
0.004997561,
0.007950518,
0,
0,
0.00543745,
0.02364707,
0,
0.7892751,
0,
0,
0.0001482547,
0,
0.00562107,
9.428366e-05,
0.1706294,
0.01089208,
0,
0,
0.0004585185,
0,
0,
0.003949335,
0.01431335,
0.002316733,
0,
0.00158132,
0.0005772566,
0,
0,
3.269143e-05,
0.0001107068,
4.916956e-12,
0.4151284,
0,
0,
0.001864758,
0,
0.01578087,
0.001621837,
0.2931413,
0.04333029,
0,
0,
0.006682894,
0,
0,
0.03220291,
0.08077549,
0.04086086,
0,
0.0236252,
0.01872302,
0,
0,
0.006524337,
0.01973787,
0,
0.199016,
0,
0,
0.004162398,
0,
0.01423047,
0.004362606,
0.2298844,
0.04665332,
0,
0,
0.01509531,
0,
0,
0.05460135,
0.09319744,
0.06825078,
0,
0.04914917,
0.04544838,
0,
0,
0.0243352,
0.06581445,
0.0857987,
0.6721001,
0,
0,
0.0002618149,
0,
0.00790579,
0.0003140146,
0.2074549,
0.01695513,
0,
0,
0.001282222,
0,
0,
0.006874877,
0.03942146,
0.01515792,
0,
0.006913424,
0.0050309,
0,
0,
0.001654442,
0.006330588,
0.01234247,
0.8890249,
0,
0,
6.080461e-05,
0,
0.002269162,
8.56467e-06,
0.08907332,
0.003755459,
0,
0,
5.758395e-05,
0,
0,
0.001368398,
0.01007302,
0.002589786,
0,
0.000493584,
0.000388817,
0,
0,
0.0001276506,
0.0007089292,
1.38607e-09,
0.8801805,
0,
0,
0.0002115644,
0,
0.002149288,
0.0003693724,
0.0887178,
0.003369346,
0,
0,
0.0005283565,
0,
0,
0.002155039,
0.01115096,
0.003261228,
0,
0.004317476,
0.00178958,
0,
0,
0.0003740389,
0.001425395,
0,
0.9176769,
0,
0,
8.542425e-05,
0,
0.001393313,
0.00013875,
0.06594177,
0.001987764,
0,
0,
0.0002103898,
0,
0,
0.001022357,
0.006687301,
0.001616318,
0,
0.001875424,
0.0007152031,
0,
0,
0.000122126,
0.000526947,
0,
0.4168012,
0,
0,
0.00140064,
0,
0.01574973,
0.001363946,
0.2922017,
0.04340953,
0,
0,
0.006054128,
0,
0,
0.0286458,
0.08221056,
0.0426306,
0,
0.02198611,
0.01850348,
0,
0,
0.007094454,
0.0219481,
3.268497e-13,
0.1226021,
0,
0,
0.0002956084,
0,
0.01995964,
0.0002375874,
0.3340953,
0.09962469,
0,
0,
0.004660036,
0,
0,
0.03566861,
0.1459806,
0.1106579,
0,
0.01330857,
0.02428151,
0,
0,
0.01865947,
0.06996848,
0,
0.09351639,
0,
0,
0.00722015,
0,
0.01439485,
0.002543844,
0.2403863,
0.06981447,
0,
0,
0.01721475,
0,
0,
0.1197501,
0.1157892,
0.09844743,
0,
0.04535659,
0.05438206,
0,
0,
0.03182406,
0.08935986,
0,
0.01662098,
0,
0,
0.0136253,
0,
0.00496481,
0.006099101,
0.111683,
0.04277647,
0,
0,
0.03571146,
0,
0,
0.1959005,
0.07540182,
0.09527106,
0,
0.08186597,
0.09852774,
0,
0,
0.06110019,
0.1604516,
1.455476e-10,
0.3770045,
0,
0,
0.004714679,
0,
0.01559889,
0.001859759,
0.2819079,
0.04378561,
0,
0,
0.007495611,
0,
0,
0.050108,
0.08475172,
0.04683255,
0,
0.02670153,
0.02248609,
0,
0,
0.009142155,
0.02761097,
0,
0.5789866,
0,
0,
0.001622568,
0,
0.01077373,
0.0005766351,
0.2457425,
0.02565758,
0,
0,
0.002456917,
0,
0,
0.02101103,
0.05496465,
0.02400597,
0,
0.01122991,
0.00877747,
0,
0,
0.00313044,
0.01106406,
4.252797e-09,
0.3094267,
0,
0,
0.006846134,
0,
0.0151862,
0.001051284,
0.2609863,
0.04441842,
0,
0,
0.005544745,
0,
0,
0.06141281,
0.09625239,
0.06600275,
0,
0.02249824,
0.02632922,
0,
0,
0.01931516,
0.06472964,
6.750838e-09,
0.9639211,
0,
0,
3.482807e-07,
0,
0.000525997,
9.534508e-10,
0.03279813,
0.0006280597,
0,
0,
7.187678e-08,
0,
0,
4.258407e-05,
0.001800189,
0.0002494829,
0,
1.39088e-06,
2.740163e-06,
0,
0,
1.83525e-06,
2.803388e-05,
0,
0.607495,
0,
0,
0.0006936972,
0,
0.01038247,
0.0002094561,
0.2422578,
0.02437466,
0,
0,
0.001273827,
0,
0,
0.01389763,
0.05235223,
0.02228749,
0,
0.00637889,
0.005900239,
0,
0,
0.002517138,
0.009979478,
0,
0.04561463,
0,
0,
0.03020545,
0,
0.008324402,
0.002523888,
0.1652377,
0.05092952,
0,
0,
0.01767798,
0,
0,
0.2333415,
0.09055321,
0.09125219,
0,
0.04761219,
0.06077042,
0,
0,
0.04056701,
0.1153899,
0,
0.183175,
0,
0,
0.006575803,
0,
0.01882534,
0.0003640073,
0.3089938,
0.07426813,
0,
0,
0.00378362,
0,
0,
0.1005259,
0.1225449,
0.08556482,
0,
0.01160394,
0.01606899,
0,
0,
0.01032313,
0.05738271,
0,
0.4696412,
0,
0,
0.001276807,
0,
0.01391738,
0.0008475058,
0.2770294,
0.03650999,
0,
0,
0.003889731,
0,
0,
0.02431786,
0.07517483,
0.0386839,
0,
0.01609222,
0.01423555,
0,
0,
0.006199048,
0.02218457,
7.923973e-11,
0.6157883,
0,
0,
0.000838852,
0,
0.009838129,
0.0003426662,
0.2338674,
0.0228225,
0,
0,
0.001617911,
0,
0,
0.01444631,
0.05067201,
0.02186875,
0,
0.008038573,
0.006687534,
0,
0,
0.002638939,
0.01053213,
0,
0.09187853,
0,
0,
0.002783056,
0,
0.01604155,
0.001941898,
0.2694099,
0.08292838,
0,
0,
0.01644108,
0,
0,
0.09047336,
0.1267667,
0.1040696,
0,
0.04058976,
0.05058417,
0,
0,
0.02744354,
0.07864843,
2.914646e-11,
0.09658486,
0,
0,
0.005757114,
0,
0.01424713,
0.001820333,
0.237604,
0.06759543,
0,
0,
0.01366376,
0,
0,
0.1044875,
0.1181602,
0.1044938,
0,
0.03898103,
0.05177892,
0,
0,
0.03642702,
0.1083989,
0,
0.7155697,
0,
0,
0.0006524427,
0,
0.007034456,
0.0001745481,
0.1929459,
0.01473315,
0,
0,
0.0008226812,
0,
0,
0.0095753,
0.03345187,
0.0118544,
0,
0.004537094,
0.003361566,
0,
0,
0.00105605,
0.00423077,
0,
0.911028,
0,
0,
7.214164e-05,
0,
0.001498442,
0.0002110533,
0.06997162,
0.002137947,
0,
0,
0.0002839282,
0,
0,
0.0009685981,
0.007468136,
0.00190332,
0,
0.002597068,
0.0009762312,
0,
0,
0.0001755019,
0.0007079603,
5.870859e-12,
2078, 
0.1723474,
0,
0,
0.001689494,
0,
0.02023202,
0.0003358782,
0.3333325,
0.08572415,
0,
0,
0.004748538,
0,
0,
0.04486782,
0.1331695,
0.09285528,
0,
0.01452203,
0.02283814,
0,
0,
0.01587867,
0.05745864,
0,
0.3165397,
0,
0,
0.001693663,
0,
0.02117599,
8.149815e-05,
0.3415485,
0.06769928,
0,
0,
0.001331267,
0,
0,
0.04472105,
0.105813,
0.05709816,
0,
0.004802701,
0.007810019,
0,
0,
0.005491107,
0.02419406,
0,
0.7836102,
0,
0,
0.0001639543,
0,
0.005816231,
0.0001015046,
0.1740146,
0.01145523,
0,
0,
0.0004923343,
0,
0,
0.004363787,
0.01501316,
0.002484933,
0,
0.001695173,
0.0006278041,
0,
0,
3.682579e-05,
0.0001243144,
4.916956e-12,
0.4125971,
0,
0,
0.001881778,
0,
0.0158654,
0.001611284,
0.2932314,
0.04390759,
0,
0,
0.006696814,
0,
0,
0.0331436,
0.08119672,
0.04110021,
0,
0.02362129,
0.01878104,
0,
0,
0.006555543,
0.01981029,
0,
0.1964007,
0,
0,
0.004193645,
0,
0.01422256,
0.004317093,
0.2294077,
0.047123,
0,
0,
0.01508857,
0,
0,
0.05610577,
0.09347226,
0.06857771,
0,
0.04900946,
0.04547463,
0,
0,
0.02437325,
0.06608625,
0.08614735,
0.6662912,
0,
0,
0.0002786762,
0,
0.008056861,
0.0003259012,
0.2092602,
0.01750194,
0,
0,
0.001333022,
0,
0,
0.007366434,
0.04036544,
0.01566529,
0,
0.007155451,
0.005238112,
0,
0,
0.001742258,
0.006638156,
0.01278112,
0.8788868,
0,
0,
6.821963e-05,
0,
0.002527683,
1.020179e-05,
0.09618685,
0.004293422,
0,
0,
6.867401e-05,
0,
0,
0.001599616,
0.01132986,
0.002993153,
0,
0.0005764825,
0.0004596851,
0,
0,
0.0001541472,
0.0008452284,
1.38607e-09,
0.8739499,
0,
0,
0.0002390348,
0,
0.002288532,
0.0003950808,
0.09232629,
0.00367075,
0,
0,
0.0005759373,
0,
0,
0.002466297,
0.01194193,
0.003556345,
0,
0.00463494,
0.001954459,
0,
0,
0.0004174451,
0.001583093,
0,
0.9126426,
0,
0,
0.0001015197,
0,
0.001505041,
0.0001575622,
0.06929899,
0.0022066,
0,
0,
0.000241513,
0,
0,
0.001215629,
0.007229328,
0.001775642,
0,
0.00209901,
0.000806866,
0,
0,
0.0001383774,
0.0005812994,
0,
0.4082932,
0,
0,
0.001498664,
0,
0.01598325,
0.001397051,
0.2930458,
0.04460914,
0,
0,
0.006241872,
0,
0,
0.03059006,
0.08350916,
0.04359229,
0,
0.02244706,
0.01898063,
0,
0,
0.007304492,
0.02250727,
3.268497e-13,
0.1238204,
0,
0,
0.0003080236,
0,
0.02005279,
0.0002283832,
0.3350042,
0.1001601,
0,
0,
0.004551707,
0,
0,
0.03676029,
0.1458164,
0.1098074,
0,
0.01301654,
0.02378434,
0,
0,
0.01820112,
0.06848837,
0,
0.09363828,
0,
0,
0.007381399,
0,
0.01444738,
0.002496606,
0.2408616,
0.07038638,
0,
0,
0.0170415,
0,
0,
0.12287,
0.115759,
0.09790172,
0,
0.04480084,
0.05367877,
0,
0,
0.03115997,
0.08757659,
0,
0.01650782,
0,
0,
0.01328907,
0,
0.004958533,
0.005856262,
0.1118803,
0.04313917,
0,
0,
0.03477905,
0,
0,
0.1980865,
0.07580838,
0.09598912,
0,
0.07995045,
0.09697555,
0,
0,
0.06063526,
0.1621445,
1.455476e-10,
0.3698474,
0,
0,
0.004926206,
0,
0.01577513,
0.0019341,
0.2821917,
0.04477999,
0,
0,
0.007782018,
0,
0,
0.05269605,
0.08548512,
0.04730682,
0,
0.02740676,
0.02298343,
0,
0,
0.009240287,
0.02764499,
0,
0.5677307,
0,
0,
0.001759915,
0,
0.01107522,
0.0006143109,
0.2487752,
0.02678785,
0,
0,
0.002620525,
0,
0,
0.02283294,
0.0566721,
0.02502235,
0,
0.01184588,
0.009291808,
0,
0,
0.003329376,
0.01164184,
4.252797e-09,
0.2979602,
0,
0,
0.007217034,
0,
0.01526096,
0.001116526,
0.2590962,
0.04531444,
0,
0,
0.005856244,
0,
0,
0.06493758,
0.09729256,
0.0675228,
0,
0.02351993,
0.02752758,
0,
0,
0.02023944,
0.06713849,
6.750838e-09,
0.9605336,
0,
0,
4.655654e-07,
0,
0.0005944509,
1.322562e-09,
0.03567082,
0.0007345113,
0,
0,
9.531308e-08,
0,
0,
5.512275e-05,
0.002069183,
0.0002986145,
0,
1.781655e-06,
3.51022e-06,
0,
0,
2.39204e-06,
3.548155e-05,
0,
0.594662,
0,
0,
0.0007694453,
0,
0.01074426,
0.0002266285,
0.2462927,
0.0256621,
0,
0,
0.001376565,
0,
0,
0.0153419,
0.05455887,
0.02362925,
0,
0.006805771,
0.006350457,
0,
0,
0.002752962,
0.01082714,
0,
0.04602416,
0,
0,
0.03022818,
0,
0.008359061,
0.002515782,
0.1665209,
0.05144148,
0,
0,
0.01768146,
0,
0,
0.2378159,
0.09055457,
0.09036938,
0,
0.04742826,
0.06004981,
0,
0,
0.03929147,
0.1117196,
0,
0.1805737,
0,
0,
0.006617183,
0,
0.018758,
0.00041556,
0.3074515,
0.07467868,
0,
0,
0.004230687,
0,
0,
0.1027492,
0.1220285,
0.08498459,
0,
0.01280805,
0.01745464,
0,
0,
0.01092678,
0.05632288,
0,
0.4583818,
0,
0,
0.001388865,
0,
0.01418112,
0.0008848096,
0.2782813,
0.03774622,
0,
0,
0.004065026,
0,
0,
0.02627577,
0.07703348,
0.0401893,
0,
0.01667104,
0.01485208,
0,
0,
0.006559629,
0.02348959,
7.923972e-11,
0.6014123,
0,
0,
0.0009501184,
0,
0.01022323,
0.0003698865,
0.2381394,
0.02418399,
0,
0,
0.001750671,
0,
0,
0.01620417,
0.05309106,
0.02339044,
0,
0.008583328,
0.007217268,
0,
0,
0.002906858,
0.01157729,
0,
0.09171267,
0,
0,
0.002828819,
0,
0.01601649,
0.001937937,
0.2685388,
0.08307902,
0,
0,
0.01639959,
0,
0,
0.09217124,
0.1265762,
0.1038549,
0,
0.04052347,
0.05047996,
0,
0,
0.02738367,
0.07849725,
2.914646e-11,
0.09508829,
0,
0,
0.005905701,
0,
0.01415526,
0.001823827,
0.2357586,
0.06770872,
0,
0,
0.01370916,
0,
0,
0.1073363,
0.117827,
0.1044629,
0,
0.03904893,
0.05191378,
0,
0,
0.03655145,
0.10871,
0,
0.704204,
0,
0,
0.000733961,
0,
0.007357507,
0.000194374,
0.1978958,
0.01570636,
0,
0,
0.000909885,
0,
0,
0.01073836,
0.03519104,
0.0126828,
0,
0.004932459,
0.003672428,
0,
0,
0.001165142,
0.004615997,
0,
0.9075314,
0,
0,
8.198724e-05,
0,
0.001575356,
0.0002250604,
0.07217482,
0.002296122,
0,
0,
0.0003062634,
0,
0,
0.001105055,
0.007887457,
0.002039155,
0,
0.002764078,
0.001051178,
0,
0,
0.0001919548,
0.0007700614,
5.870859e-12,
2079, 
0.1708066,
0,
0,
0.001379928,
0,
0.02020341,
0.0003548033,
0.3323703,
0.08623832,
0,
0,
0.004932742,
0,
0,
0.04001585,
0.1341558,
0.09437229,
0,
0.01510252,
0.02369358,
0,
0,
0.01659348,
0.05978032,
0,
0.3113261,
0,
0,
0.001781075,
0,
0.02121507,
7.447436e-05,
0.3413592,
0.06867962,
0,
0,
0.001263153,
0,
0,
0.0470244,
0.1067506,
0.05796669,
0,
0.004584197,
0.007648911,
0,
0,
0.005546514,
0.02478003,
0,
0.7777878,
0,
0,
0.0001813702,
0,
0.006016037,
0.0001090151,
0.1774148,
0.01204186,
0,
0,
0.000527737,
0,
0,
0.00481979,
0.01575195,
0.002668811,
0,
0.001815755,
0.0006831017,
0,
0,
4.16649e-05,
0.0001403358,
4.916956e-12,
0.4099552,
0,
0,
0.0019001,
0,
0.01594779,
0.001603419,
0.2932612,
0.04448663,
0,
0,
0.006715363,
0,
0,
0.03411844,
0.08163495,
0.04136653,
0,
0.02363794,
0.01885605,
0,
0,
0.006596972,
0.01991941,
0,
0.1937825,
0,
0,
0.004227859,
0,
0.01421363,
0.004272166,
0.2289167,
0.04759677,
0,
0,
0.0150721,
0,
0,
0.05766936,
0.09374779,
0.06891074,
0,
0.04883749,
0.04546176,
0,
0,
0.02438802,
0.06637145,
0.08653168,
0.6603875,
0,
0,
0.0002966723,
0,
0.008209697,
0.0003381953,
0.2110498,
0.01806345,
0,
0,
0.001385453,
0,
0,
0.0078921,
0.0413219,
0.01618309,
0,
0.007402053,
0.005449616,
0,
0,
0.00183204,
0.006953087,
0.01323531,
0.8686249,
0,
0,
7.592001e-05,
0,
0.002794986,
1.203252e-05,
0.1032186,
0.004869939,
0,
0,
8.112573e-05,
0,
0,
0.001855437,
0.01264704,
0.003430966,
0,
0.0006670791,
0.0005385416,
0,
0,
0.0001844637,
0.0009989691,
1.38607e-09,
0.8675076,
0,
0,
0.0002694356,
0,
0.002433304,
0.0004218928,
0.0959795,
0.003991932,
0,
0,
0.0006266037,
0,
0,
0.002815357,
0.01276831,
0.003870416,
0,
0.004967142,
0.00213008,
0,
0,
0.0004646797,
0.001753779,
0,
0.9072638,
0,
0,
0.0001207809,
0,
0.001625719,
0.000178455,
0.07281618,
0.002449424,
0,
0,
0.0002765498,
0,
0,
0.001445282,
0.007819088,
0.001953351,
0,
0.002342621,
0.0009085409,
0,
0,
0.0001567916,
0.0006434743,
0,
0.4000875,
0,
0,
0.001595246,
0,
0.01620618,
0.001428912,
0.2937376,
0.04578982,
0,
0,
0.006425702,
0,
0,
0.03255525,
0.08475202,
0.04452553,
0,
0.02288971,
0.01944439,
0,
0,
0.007510224,
0.02305188,
3.268497e-13,
0.1251387,
0,
0,
0.000320243,
0,
0.020141,
0.0002220442,
0.33581,
0.1006238,
0,
0,
0.004468533,
0,
0,
0.03781055,
0.1455977,
0.1089165,
0,
0.01279114,
0.0233567,
0,
0,
0.01776919,
0.06703398,
0,
0.0938821,
0,
0,
0.007548412,
0,
0.01450355,
0.002439413,
0.2413861,
0.07094205,
0,
0,
0.01681738,
0,
0,
0.126014,
0.115735,
0.09735337,
0,
0.0441433,
0.05289482,
0,
0,
0.03049388,
0.0858466,
0,
0.01643533,
0,
0,
0.0130372,
0,
0.004959002,
0.005583695,
0.1123079,
0.04356951,
0,
0,
0.03369059,
0,
0,
0.2009796,
0.07631899,
0.09678323,
0,
0.07769174,
0.09499945,
0,
0,
0.05987078,
0.163773,
1.455476e-10,
0.3632042,
0,
0,
0.005130721,
0,
0.01593857,
0.001999883,
0.2823729,
0.04573545,
0,
0,
0.008041419,
0,
0,
0.05527998,
0.08615386,
0.04773546,
0,
0.02801942,
0.0234152,
0,
0,
0.009318179,
0.02765469,
0,
0.5566695,
0,
0,
0.001905342,
0,
0.01136858,
0.0006507926,
0.2515669,
0.02792065,
0,
0,
0.002781694,
0,
0,
0.02476463,
0.05834491,
0.02603832,
0,
0.01243546,
0.00979495,
0,
0,
0.003528948,
0.01222932,
4.252797e-09,
0.2869584,
0,
0,
0.007588391,
0,
0.01531178,
0.001177071,
0.2570797,
0.04615948,
0,
0,
0.006150516,
0,
0,
0.06854027,
0.09823243,
0.06898307,
0,
0.02446527,
0.02866544,
0,
0,
0.02114654,
0.06954167,
6.750838e-09,
0.9569235,
0,
0,
6.184355e-07,
0,
0.0006695614,
1.883004e-09,
0.0386999,
0.0008554551,
0,
0,
1.27718e-07,
0,
0,
7.092238e-05,
0.002369588,
0.0003557513,
0,
2.298231e-06,
4.50467e-06,
0,
0,
3.105017e-06,
4.46221e-05,
0,
0.5818545,
0,
0,
0.0008516067,
0,
0.01109816,
0.0002457017,
0.2500196,
0.02696118,
0,
0,
0.001487945,
0,
0,
0.01689593,
0.05675478,
0.02500444,
0,
0.007261258,
0.006830149,
0,
0,
0.003007061,
0.01172773,
0,
0.0465001,
0,
0,
0.03026805,
0,
0.008402952,
0.00250403,
0.1679549,
0.05199697,
0,
0,
0.01766989,
0,
0,
0.2424811,
0.09056964,
0.08943259,
0,
0.04718714,
0.05924453,
0,
0,
0.03794332,
0.1078448,
0,
0.1779404,
0,
0,
0.006662027,
0,
0.01868304,
0.0004736792,
0.3057879,
0.07506241,
0,
0,
0.004718547,
0,
0,
0.1050381,
0.1214565,
0.08436192,
0,
0.01411199,
0.01892023,
0,
0,
0.01154466,
0.05523854,
0,
0.4472685,
0,
0,
0.001506862,
0,
0.01443434,
0.0009177589,
0.2793135,
0.03897212,
0,
0,
0.004230413,
0,
0,
0.02832783,
0.0788596,
0.04170795,
0,
0.01721029,
0.01546391,
0,
0,
0.006940413,
0.02484651,
7.923973e-11,
0.5868421,
0,
0,
0.001062254,
0,
0.01061146,
0.0003965252,
0.2422469,
0.02559219,
0,
0,
0.001886063,
0,
0,
0.01804217,
0.05555367,
0.02497816,
0,
0.009126846,
0.007767959,
0,
0,
0.003198011,
0.01269577,
0,
0.09159359,
0,
0,
0.002872189,
0,
0.0159924,
0.001928237,
0.2676809,
0.08321606,
0,
0,
0.0163231,
0,
0,
0.09383172,
0.1264041,
0.103671,
0,
0.04039295,
0.05033223,
0,
0,
0.02733477,
0.07842676,
2.914646e-11,
0.09361037,
0,
0,
0.006019037,
0,
0.0140672,
0.001825508,
0.2339814,
0.06784658,
0,
0,
0.01374878,
0,
0,
0.1099165,
0.1175394,
0.1044858,
0,
0.0391049,
0.05205251,
0,
0,
0.03669714,
0.109105,
0,
0.692695,
0,
0,
0.0008234102,
0,
0.00768108,
0.0002167136,
0.202676,
0.01670712,
0,
0,
0.001006029,
0,
0,
0.01200871,
0.03695618,
0.01354491,
0,
0.005361781,
0.004009172,
0,
0,
0.001284159,
0.005029718,
0,
0.9038056,
0,
0,
9.349026e-05,
0,
0.001657483,
0.0002405092,
0.07448193,
0.002468252,
0,
0,
0.0003310167,
0,
0,
0.001262945,
0.008338933,
0.002188232,
0,
0.002947009,
0.001134235,
0,
0,
0.0002105372,
0.0008397811,
5.870859e-12,
2080, 
0.1690837,
0,
0,
0.001107869,
0,
0.0201509,
0.0003724394,
0.3310195,
0.08665011,
0,
0,
0.005102493,
0,
0,
0.03569013,
0.135066,
0.09591552,
0,
0.01565276,
0.02453564,
0,
0,
0.01735235,
0.06230058,
0,
0.3061007,
0,
0,
0.001871573,
0,
0.02124164,
6.732925e-05,
0.3410688,
0.06964074,
0,
0,
0.001193776,
0,
0,
0.04941829,
0.1076804,
0.05885483,
0,
0.004362844,
0.007488072,
0,
0,
0.005608456,
0.02540252,
0,
0.7717959,
0,
0,
0.0002006651,
0,
0.006220337,
0.0001167386,
0.1808233,
0.0126523,
0,
0,
0.0005645403,
0,
0,
0.005320909,
0.01653768,
0.002872626,
0,
0.001943529,
0.0007442219,
0,
0,
4.749015e-05,
0.000159797,
4.916955e-12,
0.4072045,
0,
0,
0.001919893,
0,
0.01602887,
0.001597027,
0.2932419,
0.04507013,
0,
0,
0.006736071,
0,
0,
0.03513132,
0.08209157,
0.0416595,
0,
0.02366607,
0.01894314,
0,
0,
0.006647316,
0.02006273,
0,
0.19116,
0,
0,
0.004264752,
0,
0.01420326,
0.004225835,
0.2284051,
0.04807249,
0,
0,
0.01504564,
0,
0,
0.05928953,
0.09402104,
0.06924786,
0,
0.04863566,
0.04542148,
0,
0,
0.02439108,
0.06666898,
0.08694727,
0.6543933,
0,
0,
0.0003159222,
0,
0.008364566,
0.0003509487,
0.2128278,
0.01864073,
0,
0,
0.001439725,
0,
0,
0.008454912,
0.04228698,
0.01670766,
0,
0.007652942,
0.005664391,
0,
0,
0.001922737,
0.007270843,
0.01370652,
0.8582462,
0,
0,
8.396088e-05,
0,
0.003070665,
1.407349e-05,
0.1101527,
0.005485959,
0,
0,
9.506055e-05,
0,
0,
0.002138394,
0.01402454,
0.003905215,
0,
0.0007658314,
0.000626093,
0,
0,
0.0002191102,
0.001172234,
1.38607e-09,
0.8608496,
0,
0,
0.0003030535,
0,
0.002583644,
0.0004497971,
0.09967326,
0.004333734,
0,
0,
0.0006804757,
0,
0,
0.003206224,
0.01363064,
0.004204249,
0,
0.005314203,
0.002316888,
0,
0,
0.0005160146,
0.001938289,
0,
0.9014875,
0,
0,
0.0001439464,
0,
0.001756407,
0.0002018676,
0.0765103,
0.002719507,
0,
0,
0.0003163009,
0,
0,
0.00171892,
0.008464377,
0.002153325,
0,
0.002610793,
0.001022777,
0,
0,
0.0001780781,
0.0007158778,
0,
0.3921553,
0,
0,
0.001690777,
0,
0.016419,
0.001459435,
0.2942845,
0.04695233,
0,
0,
0.006605428,
0,
0,
0.03454608,
0.08594385,
0.04543424,
0,
0.02331422,
0.0198959,
0,
0,
0.007712835,
0.02358609,
3.268497e-13,
0.1265383,
0,
0,
0.0003323411,
0,
0.02022263,
0.0002178893,
0.3364868,
0.1010112,
0,
0,
0.004405522,
0,
0,
0.03882347,
0.1453324,
0.1080065,
0,
0.01262151,
0.02299218,
0,
0,
0.01736941,
0.06563992,
0,
0.09422368,
0,
0,
0.007724415,
0,
0.01456044,
0.002375603,
0.241911,
0.07146881,
0,
0,
0.01655533,
0,
0,
0.1291936,
0.1157023,
0.09679778,
0,
0.04341491,
0.0520559,
0,
0,
0.02983556,
0.08418065,
0,
0.01640437,
0,
0,
0.01285169,
0,
0.004967415,
0.005288409,
0.1129546,
0.04406881,
0,
0,
0.03247472,
0,
0,
0.2044155,
0.07693213,
0.09765211,
0,
0.0751467,
0.09266059,
0,
0,
0.0588458,
0.1653372,
1.455476e-10,
0.3570245,
0,
0,
0.005328123,
0,
0.01608948,
0.002057314,
0.2824508,
0.04665249,
0,
0,
0.008274615,
0,
0,
0.05785894,
0.08676612,
0.04812786,
0,
0.02854648,
0.02378932,
0,
0,
0.00938118,
0.0276528,
0,
0.5457006,
0,
0,
0.002061088,
0,
0.01165544,
0.0006866628,
0.2541313,
0.02906219,
0,
0,
0.002942782,
0,
0,
0.02682705,
0.05999586,
0.0270647,
0,
0.01300806,
0.01029517,
0,
0,
0.00373304,
0.01283614,
4.252798e-09,
0.2763848,
0,
0,
0.007959655,
0,
0.01533834,
0.001232839,
0.2549421,
0.04695237,
0,
0,
0.006427721,
0,
0,
0.07222179,
0.099076,
0.07038762,
0,
0.02533826,
0.02974785,
0,
0,
0.02204086,
0.07194974,
6.750838e-09,
0.9530845,
0,
0,
8.167597e-07,
0,
0.0007516959,
2.797704e-09,
0.04188553,
0.0009922972,
0,
0,
1.743127e-07,
0,
0,
9.072589e-05,
0.002703776,
0.0004218761,
0,
3.004146e-06,
5.811759e-06,
0,
0,
4.019362e-06,
5.576987e-05,
0,
0.569029,
0,
0,
0.0009409506,
0,
0.01144431,
0.0002672147,
0.2534395,
0.02827292,
0,
0,
0.001610134,
0,
0,
0.01856979,
0.05894141,
0.02641632,
0,
0.007753549,
0.007345886,
0,
0,
0.003282301,
0.01268676,
0,
0.04702998,
0,
0,
0.03032274,
0,
0.008453699,
0.002488675,
0.169503,
0.05258472,
0,
0,
0.01764255,
0,
0,
0.2473125,
0.09058818,
0.08844592,
0,
0.04689182,
0.05836446,
0,
0,
0.03654335,
0.1038283,
0,
0.1752723,
0,
0,
0.006712632,
0,
0.01860203,
0.0005371954,
0.3040308,
0.07542904,
0,
0,
0.005236391,
0,
0,
0.1074224,
0.1208457,
0.0837129,
0,
0.01548115,
0.02042187,
0,
0,
0.0121516,
0.05414385,
0,
0.4363272,
0,
0,
0.001630367,
0,
0.01467664,
0.0009459754,
0.2801314,
0.04018497,
0,
0,
0.004384797,
0,
0,
0.03047016,
0.08064734,
0.04323394,
0,
0.01770713,
0.0160691,
0,
0,
0.007341235,
0.02624979,
7.923973e-11,
0.5721055,
0,
0,
0.001176546,
0,
0.01100111,
0.0004224649,
0.2461684,
0.02704237,
0,
0,
0.002024054,
0,
0,
0.01997276,
0.05804898,
0.02662675,
0,
0.009669358,
0.008340996,
0,
0,
0.003514219,
0.01388647,
0,
0.09150869,
0,
0,
0.002913277,
0,
0.01596786,
0.001913491,
0.266813,
0.08333425,
0,
0,
0.01621574,
0,
0,
0.09545433,
0.126246,
0.10352,
0,
0.04020809,
0.05015247,
0,
0,
0.02730408,
0.07844884,
2.914646e-11,
0.09218946,
0,
0,
0.006085472,
0,
0.01398666,
0.001825426,
0.2323315,
0.0680222,
0,
0,
0.01378312,
0,
0,
0.112073,
0.1173202,
0.1045765,
0,
0.03915192,
0.05219829,
0,
0,
0.03686554,
0.1095908,
0,
0.6810212,
0,
0,
0.0009216904,
0,
0.008004845,
0.0002421213,
0.2072782,
0.01773559,
0,
0,
0.001112722,
0,
0,
0.01339623,
0.03874757,
0.01444309,
0,
0.005831115,
0.004375806,
0,
0,
0.001414527,
0.005475308,
0,
0.899844,
0,
0,
0.0001068459,
0,
0.001744975,
0.0002574625,
0.07689214,
0.002655133,
0,
0,
0.0003583472,
0,
0,
0.001444882,
0.008823586,
0.002351231,
0,
0.003146501,
0.001225876,
0,
0,
0.000231411,
0.0009176288,
5.87086e-12,
2081, 
0.1671703,
0,
0,
0.0008765436,
0,
0.02007317,
0.0003882906,
0.32926,
0.08695235,
0,
0,
0.005253364,
0,
0,
0.03203601,
0.1358767,
0.0974598,
0,
0.01615963,
0.02534805,
0,
0,
0.01814717,
0.06499863,
0,
0.3008413,
0,
0,
0.001965451,
0,
0.02125574,
6.057298e-05,
0.3406601,
0.0705812,
0,
0,
0.00112902,
0,
0,
0.0519077,
0.108596,
0.0597583,
0,
0.004157225,
0.007347226,
0,
0,
0.005681696,
0.02605853,
0,
0.7656195,
0,
0,
0.0002220186,
0,
0.006428875,
0.0001245957,
0.1842314,
0.01328659,
0,
0,
0.0006025387,
0,
0,
0.005870891,
0.01738053,
0.003102152,
0,
0.002079244,
0.0008126649,
0,
0,
5.473649e-05,
0.0001843048,
4.916955e-12,
0.4043327,
0,
0,
0.001941547,
0,
0.01610943,
0.001591182,
0.2931808,
0.04566124,
0,
0,
0.006757224,
0,
0,
0.03618877,
0.08256987,
0.04198132,
0,
0.02369921,
0.0190396,
0,
0,
0.006706368,
0.02024073,
0,
0.1885219,
0,
0,
0.004303798,
0,
0.01419013,
0.00417777,
0.2278522,
0.0485446,
0,
0,
0.01501431,
0,
0,
0.06095889,
0.09428372,
0.06958374,
0,
0.04842352,
0.04538164,
0,
0,
0.0244031,
0.06697676,
0.08738387,
0.6483095,
0,
0,
0.000336566,
0,
0.008521728,
0.0003642312,
0.2145977,
0.01923488,
0,
0,
0.001496113,
0,
0,
0.009058286,
0.04325745,
0.01723586,
0,
0.007908289,
0.005881817,
0,
0,
0.002013517,
0.007587533,
0.01419644,
0.8477526,
0,
0,
9.242017e-05,
0,
0.003354388,
1.634066e-05,
0.1169796,
0.006142344,
0,
0,
0.0001105958,
0,
0,
0.002451288,
0.01546179,
0.004417313,
0,
0.0008731306,
0.0007229404,
0,
0,
0.0002585261,
0.001366685,
1.38607e-09,
0.8539592,
0,
0,
0.0003402643,
0,
0.002739848,
0.0004788498,
0.103409,
0.004697645,
0,
0,
0.0007378078,
0,
0,
0.003643993,
0.0145311,
0.00455948,
0,
0.005677032,
0.002515828,
0,
0,
0.0005719076,
0.002138092,
0,
0.8952778,
0,
0,
0.000171734,
0,
0.001897732,
0.0002281328,
0.08038627,
0.003019294,
0,
0,
0.0003614155,
0,
0,
0.002043935,
0.009171274,
0.002379134,
0,
0.002907213,
0.001151936,
0,
0,
0.0002029985,
0.0008011099,
0,
0.3844655,
0,
0,
0.001785745,
0,
0.01662215,
0.001488556,
0.294693,
0.0480974,
0,
0,
0.006780868,
0,
0,
0.03656807,
0.08708962,
0.04632284,
0,
0.02372109,
0.02033658,
0,
0,
0.007913766,
0.02411481,
3.268496e-13,
0.1280017,
0,
0,
0.0003444143,
0,
0.02029642,
0.0002153898,
0.3370154,
0.1013207,
0,
0,
0.004358311,
0,
0,
0.03980526,
0.1450276,
0.1070951,
0,
0.01249772,
0.02268375,
0,
0,
0.01700544,
0.06433281,
0,
0.0946405,
0,
0,
0.007912099,
0,
0.0146153,
0.002308538,
0.242391,
0.071955,
0,
0,
0.01626874,
0,
0,
0.1324171,
0.1156471,
0.09623022,
0,
0.04264715,
0.05118759,
0,
0,
0.02919337,
0.08258628,
0,
0.01641651,
0,
0,
0.0127112,
0,
0.0049854,
0.004978642,
0.1138072,
0.04463888,
0,
0,
0.03116437,
0,
0,
0.2081891,
0.07764699,
0.09859635,
0,
0.07238062,
0.09002991,
0,
0,
0.05760869,
0.1668461,
1.455476e-10,
0.3512544,
0,
0,
0.005518296,
0,
0.01622817,
0.00210672,
0.2824247,
0.04753185,
0,
0,
0.008482833,
0,
0,
0.06043176,
0.0873301,
0.04849328,
0,
0.02899654,
0.02411488,
0,
0,
0.009434985,
0.02765144,
0,
0.5346895,
0,
0,
0.002230224,
0,
0.01193782,
0.0007227767,
0.2564816,
0.03022073,
0,
0,
0.003107156,
0,
0,
0.02904807,
0.06164176,
0.02811654,
0,
0.01357647,
0.01080386,
0,
0,
0.003947142,
0.01347629,
4.252797e-09,
0.2662087,
0,
0,
0.008330048,
0,
0.01534082,
0.001283832,
0.2526924,
0.0476927,
0,
0,
0.006688144,
0,
0,
0.07598078,
0.09982764,
0.07173935,
0,
0.02614319,
0.03077905,
0,
0,
0.02292508,
0.07436822,
6.750838e-09,
0.9490102,
0,
0,
1.072901e-06,
0,
0.0008412105,
4.415688e-09,
0.04522717,
0.001146499,
0,
0,
2.443614e-07,
0,
0,
0.0001154206,
0.003074105,
0.0004980322,
0,
4.006381e-06,
7.565579e-06,
0,
0,
5.194881e-06,
6.928114e-05,
0,
0.5561474,
0,
0,
0.001038142,
0,
0.01178279,
0.0002916737,
0.2565569,
0.02959754,
0,
0,
0.001745002,
0,
0,
0.02037179,
0.06111966,
0.02786726,
0,
0.008288993,
0.007902764,
0,
0,
0.003581045,
0.01370908,
0,
0.04760263,
0,
0,
0.0303877,
0,
0.008509276,
0.002470226,
0.1711315,
0.05319467,
0,
0,
0.01760072,
0,
0,
0.2522782,
0.09060099,
0.08741353,
0,
0.04654922,
0.05742208,
0,
0,
0.03511155,
0.09972766,
0,
0.1725694,
0,
0,
0.006771151,
0,
0.01851656,
0.0006048316,
0.3022086,
0.07578803,
0,
0,
0.005772477,
0,
0,
0.1099305,
0.1202137,
0.08305448,
0,
0.01687885,
0.02191402,
0,
0,
0.01272264,
0.05305474,
0,
0.4255896,
0,
0,
0.001758992,
0,
0.01490819,
0.0009689236,
0.2807495,
0.04138374,
0,
0,
0.004525652,
0,
0,
0.03269991,
0.08239315,
0.04476197,
0,
0.01815254,
0.01665807,
0,
0,
0.00775701,
0.02769276,
7.923972e-11,
0.5572534,
0,
0,
0.00129539,
0,
0.01139072,
0.0004470142,
0.2498908,
0.02853004,
0,
0,
0.002160994,
0,
0,
0.02201806,
0.06056732,
0.02833106,
0,
0.01019756,
0.008921904,
0,
0,
0.003847777,
0.01514803,
0,
0.09144336,
0,
0,
0.002952161,
0,
0.01594126,
0.001894565,
0.2659087,
0.08342756,
0,
0,
0.0160823,
0,
0,
0.09703764,
0.126097,
0.1034047,
0,
0.03998009,
0.04995289,
0,
0,
0.02729913,
0.07857864,
2.914646e-11,
0.09085696,
0,
0,
0.006098234,
0,
0.0139167,
0.001824017,
0.2308581,
0.06824686,
0,
0,
0.01381442,
0,
0,
0.113689,
0.1171865,
0.1047424,
0,
0.03919618,
0.05235533,
0,
0,
0.03705496,
0.1101604,
0,
0.6691618,
0,
0,
0.001029727,
0,
0.008328401,
0.0002712276,
0.2116936,
0.01879155,
0,
0,
0.001231702,
0,
0,
0.0149107,
0.04056494,
0.01537934,
0,
0.00634674,
0.004776455,
0,
0,
0.001557712,
0.00595609,
0,
0.8956438,
0,
0,
0.0001222323,
0,
0.001837896,
0.0002759488,
0.07940242,
0.002857396,
0,
0,
0.0003883688,
0,
0,
0.001653422,
0.009341898,
0.002528632,
0,
0.003362863,
0.001326429,
0,
0,
0.0002547071,
0.001004001,
5.870859e-12,
2082, 
0.165067,
0,
0,
0.0006859889,
0,
0.01997014,
0.0004019869,
0.3270917,
0.08714344,
0,
0,
0.005382288,
0,
0,
0.02913894,
0.136573,
0.09898566,
0,
0.01661359,
0.02611854,
0,
0,
0.01897124,
0.06785652,
0,
0.2955294,
0,
0,
0.002063072,
0,
0.02125744,
5.457248e-05,
0.3401188,
0.07150007,
0,
0,
0.001073421,
0,
0,
0.05449869,
0.1094916,
0.06067318,
0,
0.003981783,
0.007242424,
0,
0,
0.005770317,
0.0267452,
0,
0.7592314,
0,
0,
0.000245656,
0,
0.006641615,
0.000132529,
0.1876335,
0.01394548,
0,
0,
0.0006416147,
0,
0,
0.006474409,
0.01829353,
0.003365066,
0,
0.002224207,
0.0008905152,
0,
0,
6.406239e-05,
0.0002163149,
4.916956e-12,
0.401332,
0,
0,
0.00196534,
0,
0.01619004,
0.001585236,
0.2930832,
0.04626212,
0,
0,
0.006777751,
0,
0,
0.03729581,
0.08307129,
0.04233275,
0,
0.02373331,
0.01914397,
0,
0,
0.006774163,
0.02045295,
0,
0.1858862,
0,
0,
0.004345397,
0,
0.01417557,
0.004123715,
0.2272797,
0.04901767,
0,
0,
0.01496593,
0,
0,
0.06268539,
0.09454592,
0.06992703,
0,
0.04816505,
0.04531403,
0,
0,
0.02441301,
0.06730615,
0.08784919,
0.6421326,
0,
0,
0.0003587658,
0,
0.008681482,
0.0003781175,
0.2163631,
0.01984718,
0,
0,
0.001554929,
0,
0,
0.009706089,
0.04423106,
0.01776545,
0,
0.008168589,
0.006101681,
0,
0,
0.002103801,
0.007900131,
0.01470704,
0.8371353,
0,
0,
0.0001014225,
0,
0.003646055,
1.885214e-05,
0.1236982,
0.006840364,
0,
0,
0.000127864,
0,
0,
0.002797778,
0.01695895,
0.004968815,
0,
0.0009894334,
0.0008297318,
0,
0,
0.0003031671,
0.001583992,
1.38607e-09,
0.8468225,
0,
0,
0.0003814786,
0,
0.002902111,
0.0005091103,
0.1071858,
0.005084942,
0,
0,
0.0007988403,
0,
0,
0.004134059,
0.01547149,
0.004937682,
0,
0.006056521,
0.002727849,
0,
0,
0.0006328503,
0.00235477,
0,
0.8886279,
0,
0,
0.0002047167,
0,
0.002049609,
0.0002573662,
0.08443208,
0.003349675,
0,
0,
0.0004121957,
0,
0,
0.002426294,
0.009942243,
0.002633113,
0,
0.003233609,
0.001297575,
0,
0,
0.0002322009,
0.0009014099,
0,
0.376985,
0,
0,
0.001880739,
0,
0.01681612,
0.001516239,
0.2949689,
0.0492262,
0,
0,
0.00695195,
0,
0,
0.038628,
0.08819436,
0.0471959,
0,
0.02411112,
0.02076802,
0,
0,
0.008114498,
0.02464294,
3.268496e-13,
0.1295066,
0,
0,
0.0003566027,
0,
0.02036093,
0.0002141491,
0.3373736,
0.1015507,
0,
0,
0.004323232,
0,
0,
0.04076476,
0.1446906,
0.106201,
0,
0.01241131,
0.02242547,
0,
0,
0.01668123,
0.06313985,
0,
0.09510751,
0,
0,
0.008113592,
0,
0.01466556,
0.002241188,
0.2427843,
0.07239096,
0,
0,
0.01597013,
0,
0,
0.1356924,
0.1155576,
0.09564814,
0,
0.04186887,
0.05031393,
0,
0,
0.02857506,
0.08107083,
0,
0.01646961,
0,
0,
0.01259127,
0,
0.005013498,
0.004665259,
0.1148256,
0.0452713,
0,
0,
0.02981193,
0,
0,
0.2120369,
0.07844564,
0.09959625,
0,
0.06950531,
0.08723889,
0,
0,
0.05624792,
0.1682806,
1.455476e-10,
0.3458401,
0,
0,
0.00570102,
0,
0.01635502,
0.002148418,
0.2822945,
0.04837443,
0,
0,
0.008667227,
0,
0,
0.06299656,
0.08785445,
0.04884145,
0,
0.02937782,
0.02440065,
0,
0,
0.009485138,
0.02766327,
0,
0.523487,
0,
0,
0.002416805,
0,
0.01221761,
0.0007602626,
0.2586232,
0.03140491,
0,
0,
0.003279124,
0,
0,
0.03146231,
0.06330022,
0.02921137,
0,
0.01415631,
0.01133509,
0,
0,
0.004178264,
0.01416748,
4.252797e-09,
0.2563983,
0,
0,
0.008698747,
0,
0.01531973,
0.001330081,
0.25034,
0.04838083,
0,
0,
0.006932113,
0,
0,
0.07981534,
0.1004925,
0.07304154,
0,
0.02688427,
0.03176298,
0,
0,
0.0238014,
0.07680216,
6.750838e-09,
0.9446945,
0,
0,
1.402188e-06,
0,
0.0009384512,
7.187384e-09,
0.04872364,
0.001319577,
0,
0,
3.480786e-07,
0,
0,
0.000146058,
0.003483054,
0.0005853871,
0,
5.414445e-06,
9.901819e-06,
0,
0,
6.698192e-06,
8.558766e-05,
0,
0.5431688,
0,
0,
0.001143856,
0,
0.01211386,
0.0003195698,
0.2593784,
0.03093575,
0,
0,
0.001894335,
0,
0,
0.0223105,
0.06329104,
0.02935982,
0,
0.008873244,
0.008505533,
0,
0,
0.00390564,
0.01479954,
0,
0.04820595,
0,
0,
0.03045731,
0,
0.008567618,
0.002449387,
0.1728048,
0.05381658,
0,
0,
0.01754656,
0,
0,
0.2573427,
0.09059915,
0.08634062,
0,
0.04616836,
0.05643193,
0,
0,
0.03366832,
0.09560069,
0,
0.1698281,
0,
0,
0.006839628,
0,
0.01842811,
0.0006752197,
0.3003472,
0.07614874,
0,
0,
0.006314642,
0,
0,
0.1125904,
0.1195784,
0.08240519,
0,
0.01826792,
0.02335207,
0,
0,
0.01323469,
0.05198962,
0,
0.4150391,
0,
0,
0.001892282,
0,
0.01512811,
0.0009879632,
0.281159,
0.04256493,
0,
0,
0.004658552,
0,
0,
0.03501277,
0.084089,
0.04628561,
0,
0.01856915,
0.01724896,
0,
0,
0.008194914,
0.02916972,
7.923973e-11,
0.5423126,
0,
0,
0.001422551,
0,
0.01177663,
0.0004705271,
0.2533669,
0.03004369,
0,
0,
0.002300196,
0,
0,
0.02420471,
0.06308635,
0.03007827,
0,
0.01072475,
0.009528194,
0,
0,
0.004210988,
0.01647372,
0,
0.0913846,
0,
0,
0.002989095,
0,
0.01591141,
0.001872466,
0.264949,
0.08349244,
0,
0,
0.01592826,
0,
0,
0.09858476,
0.1259526,
0.1033251,
0,
0.03972059,
0.04974388,
0,
0,
0.02732377,
0.0788221,
2.914646e-11,
0.08963232,
0,
0,
0.006054084,
0,
0.01385921,
0.001821917,
0.229591,
0.06852747,
0,
0,
0.01384577,
0,
0,
0.1146899,
0.1171478,
0.1049863,
0,
0.0392455,
0.05252905,
0,
0,
0.0372641,
0.1108056,
0,
0.6570836,
0,
0,
0.001148681,
0,
0.008651603,
0.0003047378,
0.2159175,
0.01987555,
0,
0,
0.001364888,
0,
0,
0.01656402,
0.04240971,
0.01635684,
0,
0.00691526,
0.005215739,
0,
0,
0.001715517,
0.006476422,
0,
0.8912154,
0,
0,
0.0001397802,
0,
0.001936026,
0.0002959234,
0.08200282,
0.003075041,
0,
0,
0.0004210699,
0,
0,
0.001890599,
0.009892575,
0.002720172,
0,
0.00359556,
0.001435775,
0,
0,
0.0002804318,
0.001098844,
5.870859e-12,
2083, 
0.1627833,
0,
0,
0.0005341794,
0,
0.01984276,
0.0004133363,
0.3245313,
0.08722627,
0,
0,
0.005487888,
0,
0,
0.02703487,
0.1371463,
0.1004773,
0,
0.0170095,
0.02683923,
0,
0,
0.01981848,
0.07085528,
0,
0.290148,
0,
0,
0.002164857,
0,
0.02124682,
4.956856e-05,
0.3394334,
0.07239681,
0,
0,
0.001030309,
0,
0,
0.0571985,
0.1103629,
0.06159679,
0,
0.003847183,
0.007186192,
0,
0,
0.005877819,
0.02746082,
0,
0.7526035,
0,
0,
0.000271817,
0,
0.006858457,
0.0001404949,
0.1910226,
0.01462955,
0,
0,
0.0006816909,
0,
0,
0.007136362,
0.01928992,
0.003670007,
0,
0.002379928,
0.0009801815,
0,
0,
7.63538e-05,
0.000259179,
4.916956e-12,
0.398198,
0,
0,
0.001991443,
0,
0.01627093,
0.001578812,
0.2929507,
0.04687383,
0,
0,
0.00679718,
0,
0,
0.03845606,
0.08359607,
0.04271394,
0,
0.02376669,
0.01925622,
0,
0,
0.006851182,
0.02069894,
0,
0.1832553,
0,
0,
0.004389586,
0,
0.01415964,
0.004062082,
0.2266886,
0.04949166,
0,
0,
0.01489711,
0,
0,
0.06447087,
0.09480928,
0.07028027,
0,
0.04785164,
0.04521528,
0,
0,
0.02442256,
0.06766314,
0.08834295,
0.6358569,
0,
0,
0.0003827033,
0,
0.008844118,
0.000392677,
0.2181269,
0.02047893,
0,
0,
0.001616481,
0,
0,
0.01040256,
0.04520609,
0.01829462,
0,
0.008434414,
0.006323944,
0,
0,
0.002193144,
0.008206073,
0.01524046,
0.8263803,
0,
0,
0.0001111137,
0,
0.003945664,
2.162605e-05,
0.1303111,
0.007581397,
0,
0,
0.0001470012,
0,
0,
0.003182024,
0.0185166,
0.005561389,
0,
0.001115205,
0.000947139,
0,
0,
0.0003535207,
0.001825939,
1.38607e-09,
0.8394243,
0,
0,
0.0004271538,
0,
0.003070615,
0.0005406407,
0.1110024,
0.005496933,
0,
0,
0.0008638249,
0,
0,
0.004682361,
0.0164538,
0.005340634,
0,
0.006453654,
0.002954026,
0,
0,
0.000699423,
0.002590208,
0,
0.8815641,
0,
0,
0.0002431878,
0,
0.002211171,
0.0002893923,
0.08861926,
0.003709639,
0,
0,
0.0004684656,
0,
0,
0.00286941,
0.01077555,
0.002915922,
0,
0.003589335,
0.001460141,
0,
0,
0.0002661185,
0.00101831,
0,
0.3696799,
0,
0,
0.001976416,
0,
0.01700145,
0.001542451,
0.2951175,
0.05034022,
0,
0,
0.007118645,
0,
0,
0.04073371,
0.08926299,
0.04805801,
0,
0.02448507,
0.02119178,
0,
0,
0.008316497,
0.02517526,
3.268496e-13,
0.1310284,
0,
0,
0.0003690837,
0,
0.02041469,
0.0002138801,
0.3375399,
0.1017005,
0,
0,
0.00429741,
0,
0,
0.04171326,
0.144328,
0.1053412,
0,
0.01235556,
0.0222127,
0,
0,
0.01640036,
0.0620851,
0,
0.09560215,
0,
0,
0.008330212,
0,
0.01470922,
0.002175979,
0.2430584,
0.07277018,
0,
0,
0.01567031,
0,
0,
0.1390259,
0.1154251,
0.09504981,
0,
0.04110446,
0.04945511,
0,
0,
0.02798607,
0.07963711,
0,
0.01656154,
0,
0,
0.01247064,
0,
0.005052151,
0.004356817,
0.1159773,
0.04595991,
0,
0,
0.02845636,
0,
0,
0.2157334,
0.0793161,
0.1006425,
0,
0.06660427,
0.08438496,
0,
0,
0.05483294,
0.1696512,
1.455476e-10,
0.340721,
0,
0,
0.005876549,
0,
0.01647059,
0.002182862,
0.2820599,
0.04918215,
0,
0,
0.008829409,
0,
0,
0.06555488,
0.08834823,
0.04918236,
0,
0.02969918,
0.02465561,
0,
0,
0.009536941,
0.02770038,
0,
0.5119441,
0,
0,
0.002625489,
0,
0.01249637,
0.0008003593,
0.2605546,
0.03262272,
0,
0,
0.00346337,
0,
0,
0.03410756,
0.06498746,
0.030367,
0,
0.01476394,
0.01190387,
0,
0,
0.004434178,
0.01492907,
4.252797e-09,
0.2469293,
0,
0,
0.009064921,
0,
0.01527602,
0.001371531,
0.2478982,
0.049018,
0,
0,
0.007159622,
0,
0,
0.0837233,
0.1010759,
0.07429615,
0,
0.02756425,
0.03270158,
0,
0,
0.02466995,
0.07925129,
6.750838e-09,
0.9401317,
0,
0,
1.823054e-06,
0,
0.001043749,
1.165275e-08,
0.05237308,
0.001513098,
0,
0,
4.967225e-07,
0,
0,
0.0001838599,
0.003932996,
0.0006851371,
0,
7.342175e-06,
1.296245e-05,
0,
0,
8.602442e-06,
0.0001051582,
0,
0.5300574,
0,
0,
0.001258734,
0,
0.01243778,
0.0003512442,
0.2619112,
0.03228816,
0,
0,
0.002059362,
0,
0,
0.024394,
0.06545705,
0.03089655,
0,
0.009509622,
0.009157555,
0,
0,
0.004258265,
0.01596309,
0,
0.04882824,
0,
0,
0.03052625,
0,
0.008626811,
0.002426867,
0.1744901,
0.05444103,
0,
0,
0.01748243,
0,
0,
0.2624726,
0.09057513,
0.08523301,
0,
0.04575843,
0.05540842,
0,
0,
0.03223198,
0.09149875,
0,
0.1670455,
0,
0,
0.006919848,
0,
0.01833794,
0.0007469358,
0.2984698,
0.07651951,
0,
0,
0.006851042,
0,
0,
0.1154277,
0.1189565,
0.08178202,
0,
0.01961309,
0.02469579,
0,
0,
0.01366858,
0.05096563,
0,
0.4046737,
0,
0,
0.002029954,
0,
0.01533641,
0.001003707,
0.281365,
0.04372758,
0,
0,
0.004785413,
0,
0,
0.03740696,
0.08573109,
0.04780049,
0,
0.01896387,
0.0178453,
0,
0,
0.008655176,
0.03067532,
7.923972e-11,
0.5273497,
0,
0,
0.001564072,
0,
0.01215652,
0.0004919851,
0.2565749,
0.03157537,
0,
0,
0.002436495,
0,
0,
0.02657466,
0.0655918,
0.03186007,
0,
0.01122993,
0.01013957,
0,
0,
0.004594606,
0.01786035,
0,
0.09131952,
0,
0,
0.003024403,
0,
0.01587722,
0.001848184,
0.2639164,
0.08352607,
0,
0,
0.01575917,
0,
0,
0.1001007,
0.125808,
0.1032804,
0,
0.03944093,
0.0495352,
0,
0,
0.02738108,
0.07918277,
2.914646e-11,
0.08852322,
0,
0,
0.005954213,
0,
0.01381472,
0.001819738,
0.2285384,
0.06886541,
0,
0,
0.01387987,
0,
0,
0.1150718,
0.1172034,
0.1053028,
0,
0.03930598,
0.05272206,
0,
0,
0.03748901,
0.1115092,
0,
0.6447525,
0,
0,
0.00127987,
0,
0.008974399,
0.0003432608,
0.2199463,
0.02098837,
0,
0,
0.001513915,
0,
0,
0.01836928,
0.04428346,
0.01737888,
0,
0.007541682,
0.005697611,
0,
0,
0.001889746,
0.007040795,
0,
0.886577,
0,
0,
0.0001595791,
0,
0.00203897,
0.0003172842,
0.08467961,
0.003307657,
0,
0,
0.0004563452,
0,
0,
0.002158049,
0.01047322,
0.002925111,
0,
0.003843459,
0.001553478,
0,
0,
0.0003085042,
0.0012018,
5.87086e-12,
2084, 
0.1603403,
0,
0,
0.0004178121,
0,
0.01969343,
0.0004219578,
0.3216197,
0.08721042,
0,
0,
0.005567473,
0,
0,
0.0257104,
0.1375984,
0.1019257,
0,
0.0173381,
0.02749773,
0,
0,
0.02068096,
0.07397765,
0,
0.284686,
0,
0,
0.002271264,
0,
0.0212242,
4.567204e-05,
0.3385976,
0.07327167,
0,
0,
0.001001464,
0,
0,
0.06001516,
0.1112064,
0.06252649,
0,
0.003759092,
0.007185525,
0,
0,
0.006006136,
0.02820334,
0,
0.7456959,
0,
0,
0.0003008295,
0,
0.007079571,
0.0001484881,
0.1943949,
0.01534031,
0,
0,
0.0007228389,
0,
0,
0.007863197,
0.02038396,
0.004026845,
0,
0.002548389,
0.001084529,
0,
0,
9.278931e-05,
0.0003173931,
4.916956e-12,
0.3949343,
0,
0,
0.002019916,
0,
0.01635212,
0.001571578,
0.2927842,
0.04749647,
0,
0,
0.006814921,
0,
0,
0.0396715,
0.0841431,
0.04312385,
0,
0.0237974,
0.01937563,
0,
0,
0.006937448,
0.02097751,
0,
0.180628,
0,
0,
0.004436355,
0,
0.01414212,
0.003992368,
0.2260759,
0.04996557,
0,
0,
0.01480711,
0,
0,
0.06631625,
0.09507325,
0.07064411,
0,
0.0474823,
0.04508718,
0,
0,
0.02443511,
0.06805126,
0.08886322,
0.6294727,
0,
0,
0.0004085751,
0,
0.00900986,
0.0004079628,
0.2198903,
0.02113132,
0,
0,
0.001681045,
0,
0,
0.01115218,
0.04618235,
0.01882311,
0,
0.008706528,
0.006549083,
0,
0,
0.002281544,
0.008504506,
0.01579884,
0.8154585,
0,
0,
0.000121683,
0,
0.004253573,
2.468814e-05,
0.1368286,
0.008367783,
0,
0,
0.0001681942,
0,
0,
0.003609389,
0.02013734,
0.006197731,
0,
0.001251176,
0.001076114,
0,
0,
0.0004102369,
0.002094963,
1.38607e-09,
0.8317478,
0,
0,
0.0004778021,
0,
0.003245549,
0.0005735082,
0.1148574,
0.005934967,
0,
0,
0.0009330291,
0,
0,
0.005295439,
0.01748018,
0.005770324,
0,
0.006869529,
0.003195561,
0,
0,
0.0007722963,
0.002846605,
0,
0.8741525,
0,
0,
0.0002870371,
0,
0.00238069,
0.000323665,
0.09290217,
0.004095956,
0,
0,
0.0005294369,
0,
0,
0.003373063,
0.01166417,
0.003225845,
0,
0.003970332,
0.001638376,
0,
0,
0.0003047655,
0.001152007,
0,
0.3625178,
0,
0,
0.002073427,
0,
0.01717873,
0.001567122,
0.2951436,
0.05144127,
0,
0,
0.007280861,
0,
0,
0.04289342,
0.09030019,
0.04891361,
0,
0.02484333,
0.0216092,
0,
0,
0.008521145,
0.02571625,
3.268496e-13,
0.1325428,
0,
0,
0.0003820029,
0,
0.02045631,
0.0002143483,
0.3374935,
0.1017695,
0,
0,
0.004278326,
0,
0,
0.04266074,
0.1439464,
0.1045321,
0,
0.01232459,
0.02204142,
0,
0,
0.01616634,
0.06119157,
0,
0.09610315,
0,
0,
0.008562113,
0,
0.01474465,
0.002114563,
0.243188,
0.07308859,
0,
0,
0.01537721,
0,
0,
0.1424183,
0.1152448,
0.09443695,
0,
0.0403717,
0.04862697,
0,
0,
0.02743161,
0.07829136,
0,
0.01669001,
0,
0,
0.01233428,
0,
0.005101567,
0.004059216,
0.117234,
0.04669897,
0,
0,
0.02712522,
0,
0,
0.2191076,
0.08024829,
0.1017285,
0,
0.06373772,
0.08154099,
0,
0,
0.05341878,
0.1709749,
1.455476e-10,
0.3358402,
0,
0,
0.006045369,
0,
0.01657566,
0.002210453,
0.2817234,
0.0499577,
0,
0,
0.008970771,
0,
0,
0.06811015,
0.08881998,
0.04952491,
0,
0.0299677,
0.02488672,
0,
0,
0.009594331,
0.02777268,
0,
0.4999415,
0,
0,
0.002860766,
0,
0.01277495,
0.0008441292,
0.2622678,
0.03387958,
0,
0,
0.003663941,
0,
0,
0.03701822,
0.06671464,
0.03159784,
0,
0.01541305,
0.0125232,
0,
0,
0.004722018,
0.01577845,
4.252797e-09,
0.2377845,
0,
0,
0.009427645,
0,
0.01521081,
0.001408026,
0.2453825,
0.04960576,
0,
0,
0.007370269,
0,
0,
0.0877017,
0.101583,
0.07550414,
0,
0.02818455,
0.03359525,
0,
0,
0.02552956,
0.08171219,
6.750838e-09,
0.9353169,
0,
0,
2.356982e-06,
0,
0.001157422,
1.833096e-08,
0.05617298,
0.001728676,
0,
0,
7.009094e-07,
0,
0,
0.0002302193,
0.004426103,
0.0007984636,
0,
9.8896e-06,
1.68792e-05,
0,
0,
1.098239e-05,
0.0001284762,
0,
0.5167953,
0,
0,
0.00138318,
0,
0.01275464,
0.0003867022,
0.2641629,
0.0336545,
0,
0,
0.002240115,
0,
0,
0.02662773,
0.0676176,
0.03247831,
0,
0.01019699,
0.009859046,
0,
0,
0.004640148,
0.01720294,
0,
0.04945982,
0,
0,
0.03058939,
0,
0.00868529,
0.002403247,
0.1761593,
0.05506014,
0,
0,
0.01741015,
0,
0,
0.267635,
0.09052329,
0.08409692,
0,
0.04532731,
0.05436458,
0,
0,
0.03081863,
0.0874669,
0,
0.1642033,
0,
0,
0.00701224,
0,
0.01824521,
0.0008191073,
0.2965633,
0.07689894,
0,
0,
0.007378351,
0,
0,
0.1184499,
0.118349,
0.08119053,
0,
0.02090797,
0.02595101,
0,
0,
0.01403908,
0.04999191,
0,
0.3944831,
0,
0,
0.002171873,
0,
0.01553321,
0.001016986,
0.2813728,
0.04487141,
0,
0,
0.004908822,
0,
0,
0.03988225,
0.08731654,
0.04930307,
0,
0.0193454,
0.01845164,
0,
0,
0.009138051,
0.0322048,
7.923973e-11,
0.5124171,
0,
0,
0.001725525,
0,
0.01252734,
0.0005110748,
0.2594828,
0.03311474,
0,
0,
0.002568292,
0,
0,
0.02916019,
0.06806615,
0.03366647,
0,
0.01170779,
0.01075091,
0,
0,
0.004997242,
0.01930438,
0,
0.09123962,
0,
0,
0.003058477,
0,
0.01583823,
0.001822611,
0.2628045,
0.08352877,
0,
0,
0.0155802,
0,
0,
0.1015935,
0.1256595,
0.1032667,
0,
0.03915069,
0.04933349,
0,
0,
0.02747038,
0.07965341,
2.914646e-11,
0.08753408,
0,
0,
0.005799639,
0,
0.01378352,
0.001817973,
0.2277045,
0.06926127,
0,
0,
0.0139189,
0,
0,
0.114843,
0.1173515,
0.1056863,
0,
0.03938226,
0.05293595,
0,
0,
0.03772582,
0.1122553,
0,
0.6321474,
0,
0,
0.001424519,
0,
0.009296549,
0.00038705,
0.2237759,
0.02213002,
0,
0,
0.001679466,
0,
0,
0.02033835,
0.04618651,
0.01844788,
0,
0.008227158,
0.006224043,
0,
0,
0.002081906,
0.007653334,
0,
0.8817509,
0,
0,
0.0001816939,
0,
0.002146233,
0.0003398969,
0.08741716,
0.003554578,
0,
0,
0.0004940329,
0,
0,
0.002457172,
0.01108081,
0.003142413,
0,
0.004105084,
0.001678914,
0,
0,
0.0003387872,
0.001312316,
5.870859e-12,
2085, 
0.1577649,
0,
0,
0.0003332552,
0,
0.01952534,
0.0004275102,
0.3184095,
0.08710902,
0,
0,
0.005618644,
0,
0,
0.02512142,
0.1379366,
0.1033258,
0,
0.0175905,
0.02808143,
0,
0,
0.0215499,
0.07720614,
0,
0.2791367,
0,
0,
0.002382769,
0,
0.02118991,
4.291239e-05,
0.3376078,
0.07412507,
0,
0,
0.0009874342,
0,
0,
0.06295702,
0.1120198,
0.06346093,
0,
0.003719094,
0.007242573,
0,
0,
0.006155979,
0.02897203,
0,
0.7384675,
0,
0,
0.000333068,
0,
0.007305138,
0.0001565171,
0.1977468,
0.01607934,
0,
0,
0.000765177,
0,
0,
0.008662097,
0.02158893,
0.004445856,
0,
0.002731574,
0.00120658,
0,
0,
0.0001148263,
0.0003965858,
4.916956e-12,
0.3915517,
0,
0,
0.002050733,
0,
0.01643347,
0.001563293,
0.2925842,
0.04812937,
0,
0,
0.00683043,
0,
0,
0.04094287,
0.08471006,
0.0435602,
0,
0.02382372,
0.01950108,
0,
0,
0.007032581,
0.0212863,
0,
0.1780031,
0,
0,
0.004485701,
0,
0.01412275,
0.003914514,
0.2254375,
0.05043815,
0,
0,
0.01469576,
0,
0,
0.06822228,
0.09533712,
0.07101925,
0,
0.04705734,
0.04493126,
0,
0,
0.02445313,
0.06847462,
0.08940762,
0.6229674,
0,
0,
0.0004365903,
0,
0.009178857,
0.0004239975,
0.2216531,
0.02180535,
0,
0,
0.001748817,
0,
0,
0.01195964,
0.04716094,
0.019352,
0,
0.008985668,
0.006777931,
0,
0,
0.002369398,
0.00879618,
0.01638421,
0.8043536,
0,
0,
0.0001332995,
0,
0.004569866,
2.805276e-05,
0.1432574,
0.00920098,
0,
0,
0.0001915698,
0,
0,
0.004084838,
0.02182097,
0.006878769,
0,
0.001397634,
0.001217141,
0,
0,
0.0004736836,
0.002392151,
1.38607e-09,
0.8237763,
0,
0,
0.0005339861,
0,
0.003427072,
0.0006077758,
0.1187486,
0.006400386,
0,
0,
0.001006722,
0,
0,
0.005980401,
0.01855268,
0.00622877,
0,
0.007305202,
0.003453678,
0,
0,
0.0008521803,
0.003126268,
0,
0.8665004,
0,
0,
0.0003356803,
0,
0.002555552,
0.0003592654,
0.09721841,
0.004503021,
0,
0,
0.0005936827,
0,
0,
0.003932673,
0.01259563,
0.003558622,
0,
0.004369007,
0.001829196,
0,
0,
0.0003476812,
0.001301183,
0,
0.355472,
0,
0,
0.002172355,
0,
0.01734842,
0.001590073,
0.2950513,
0.05253083,
0,
0,
0.007438154,
0,
0,
0.04511466,
0.09131001,
0.04976662,
0,
0.02518519,
0.02202083,
0,
0,
0.008729616,
0.02627,
3.268497e-13,
0.1340311,
0,
0,
0.0003953887,
0,
0.020485,
0.000215355,
0.3372237,
0.1017594,
0,
0,
0.004263793,
0,
0,
0.04361193,
0.143552,
0.1037862,
0,
0.01231313,
0.02190746,
0,
0,
0.01598101,
0.06047458,
0,
0.09659329,
0,
0,
0.008807864,
0,
0.01477078,
0.002058118,
0.2431566,
0.07334451,
0,
0,
0.01509689,
0,
0,
0.1458608,
0.115015,
0.0938132,
0,
0.03968411,
0.0478421,
0,
0,
0.02691622,
0.07704052,
0,
0.01685335,
0,
0,
0.01217369,
0,
0.005161877,
0.003774857,
0.1185785,
0.04748548,
0,
0,
0.02582876,
0,
0,
0.222059,
0.08123832,
0.1028563,
0,
0.06092934,
0.07873923,
0,
0,
0.05203683,
0.1722845,
1.455476e-10,
0.3311494,
0,
0,
0.006207963,
0,
0.01667101,
0.002231521,
0.2812891,
0.05070386,
0,
0,
0.009092453,
0,
0,
0.07066601,
0.08927682,
0.0498761,
0,
0.03018901,
0.02509932,
0,
0,
0.009660173,
0.02788727,
0,
0.4874203,
0,
0,
0.003125986,
0,
0.01305315,
0.0008921259,
0.2637506,
0.03517646,
0,
0,
0.003882977,
0,
0,
0.04021798,
0.06848495,
0.03291149,
0,
0.01611019,
0.0132,
0,
0,
0.005046372,
0.01672747,
4.252797e-09,
0.2289512,
0,
0,
0.009786339,
0,
0.01512629,
0.001439501,
0.2428049,
0.05014693,
0,
0,
0.007563825,
0,
0,
0.0917464,
0.1020189,
0.07666637,
0,
0.02874648,
0.03444415,
0,
0,
0.02637907,
0.08417959,
6.750838e-09,
0.9302449,
0,
0,
3.02862e-06,
0,
0.001279769,
2.757199e-08,
0.06012021,
0.001967968,
0,
0,
9.685601e-07,
0,
0,
0.0002867088,
0.004964732,
0.0009267133,
0,
1.312578e-05,
2.176371e-05,
0,
0,
1.392072e-05,
0.0001561364,
0,
0.5033997,
0,
0,
0.001517102,
0,
0.01306418,
0.0004254217,
0.2661419,
0.03503254,
0,
0,
0.002434755,
0,
0,
0.02901145,
0.06976916,
0.03410216,
0,
0.01092763,
0.01060519,
0,
0,
0.005050615,
0.01851819,
0,
0.05009325,
0,
0,
0.03064119,
0,
0.008741856,
0.002379013,
0.1777883,
0.05566701,
0,
0,
0.01733113,
0,
0,
0.2727914,
0.09044081,
0.08294087,
0,
0.04488219,
0.05331317,
0,
0,
0.02944314,
0.0835467,
0,
0.1613049,
0,
0,
0.007116649,
0,
0.01815042,
0.0008903803,
0.2946368,
0.07728923,
0,
0,
0.007888641,
0,
0,
0.1216598,
0.1177637,
0.08063922,
0,
0.02213284,
0.02710331,
0,
0,
0.01434557,
0.04907857,
0,
0.3844385,
0,
0,
0.0023175,
0,
0.01571745,
0.001030122,
0.2811689,
0.04599229,
0,
0,
0.005038085,
0,
0,
0.0424329,
0.08883467,
0.05078389,
0,
0.01974864,
0.01909598,
0,
0,
0.009653967,
0.03374711,
7.923973e-11,
0.4975679,
0,
0,
0.001909207,
0,
0.0128857,
0.0005283831,
0.2620561,
0.03464961,
0,
0,
0.002697862,
0,
0,
0.03196851,
0.0704888,
0.03548418,
0,
0.01217088,
0.01137156,
0,
0,
0.005422867,
0.0207985,
0,
0.09113868,
0,
0,
0.003091552,
0,
0.01579413,
0.001796484,
0.2616084,
0.08350071,
0,
0,
0.01539559,
0,
0,
0.1030679,
0.1255041,
0.1032808,
0,
0.03885774,
0.04914407,
0,
0,
0.02759125,
0.08022869,
2.914646e-11,
0.08666608,
0,
0,
0.005591724,
0,
0.01376546,
0.00181698,
0.2270861,
0.0697135,
0,
0,
0.01396423,
0,
0,
0.1140229,
0.1175883,
0.1061309,
0,
0.03947752,
0.05317161,
0,
0,
0.037972,
0.1130328,
0,
0.6192731,
0,
0,
0.001583484,
0,
0.009617508,
0.0004357476,
0.227402,
0.02329904,
0,
0,
0.001860648,
0,
0,
0.02247943,
0.04811626,
0.01956379,
0,
0.008966837,
0.006793465,
0,
0,
0.002292576,
0.008316106,
0,
0.8767616,
0,
0,
0.0002061848,
0,
0.002257275,
0.0003636151,
0.09019909,
0.003815014,
0,
0,
0.0005339459,
0,
0,
0.002789335,
0.01171201,
0.0033709,
0,
0.004378814,
0.001811367,
0,
0,
0.0003711158,
0.001429742,
5.870859e-12,
2086, 
0.1550858,
0,
0,
0.0002767963,
0,
0.01934185,
0.0004297117,
0.3149566,
0.08693612,
0,
0,
0.005639215,
0,
0,
0.02520465,
0.1381721,
0.1046766,
0,
0.01775821,
0.02857772,
0,
0,
0.02241676,
0.08052792,
0,
0.2734984,
0,
0,
0.002499781,
0,
0.02114435,
4.126618e-05,
0.3364633,
0.07495752,
0,
0,
0.0009878413,
0,
0,
0.06603163,
0.1128019,
0.0643993,
0,
0.003725667,
0.007355525,
0,
0,
0.00632689,
0.02976666,
0,
0.7308742,
0,
0,
0.0003690238,
0,
0.007535495,
0.0001646153,
0.2010761,
0.0168488,
0,
0,
0.0008089215,
0,
0,
0.009541974,
0.02291614,
0.004936813,
0,
0.002931413,
0.001349292,
0,
0,
0.0001441038,
0.0005031232,
4.916956e-12,
0.3880853,
0,
0,
0.00208357,
0,
0.01651462,
0.001553445,
0.292354,
0.04877025,
0,
0,
0.006841925,
0,
0,
0.04226657,
0.08529168,
0.04401723,
0,
0.02383991,
0.0196276,
0,
0,
0.007134336,
0.02161952,
0,
0.1753748,
0,
0,
0.004537542,
0,
0.01410082,
0.003829528,
0.2247626,
0.05090633,
0,
0,
0.01456643,
0,
0,
0.07018723,
0.09559668,
0.07140337,
0,
0.04658777,
0.04475847,
0,
0,
0.02448361,
0.06893373,
0.08997107,
0.6163275,
0,
0,
0.000466966,
0,
0.009351154,
0.0004407287,
0.2234127,
0.02250173,
0,
0,
0.001819747,
0,
0,
0.01282969,
0.04814411,
0.01988366,
0,
0.009271671,
0.007011096,
0,
0,
0.00245735,
0.009083494,
0.01699839,
0.7930394,
0,
0,
0.0001461821,
0,
0.004894828,
3.173813e-05,
0.1496068,
0.01008309,
0,
0,
0.0002172878,
0,
0,
0.004614638,
0.02356919,
0.007606668,
0,
0.001555058,
0.001370989,
0,
0,
0.000544459,
0.002719621,
1.38607e-09,
0.8154777,
0,
0,
0.0005964836,
0,
0.003615691,
0.0006436221,
0.1226794,
0.006895553,
0,
0,
0.001085424,
0,
0,
0.00674672,
0.01967521,
0.006718966,
0,
0.00776282,
0.00373027,
0,
0,
0.0009400037,
0.003432119,
0,
0.8587005,
0,
0,
0.0003886889,
0,
0.002733497,
0.000395411,
0.1015137,
0.004926044,
0,
0,
0.0006599941,
0,
0,
0.004545014,
0.01355887,
0.003910467,
0,
0.004778764,
0.002029907,
0,
0,
0.0003944566,
0.001464609,
0,
0.3485223,
0,
0,
0.002273347,
0,
0.01750929,
0.001610807,
0.2948507,
0.05360825,
0,
0,
0.007589107,
0,
0,
0.04740411,
0.09229545,
0.05061993,
0,
0.02550813,
0.0224259,
0,
0,
0.008942424,
0.02684021,
3.268497e-13,
0.1354773,
0,
0,
0.0004090946,
0,
0.02050009,
0.0002167069,
0.3367218,
0.1016715,
0,
0,
0.004251637,
0,
0,
0.04456212,
0.1431519,
0.1031166,
0,
0.01231604,
0.02180696,
0,
0,
0.01584677,
0.0599515,
0,
0.09706213,
0,
0,
0.009064427,
0,
0.01478724,
0.002007495,
0.2429594,
0.07353906,
0,
0,
0.01483402,
0,
0,
0.1493344,
0.114737,
0.09318246,
0,
0.03905189,
0.04710985,
0,
0,
0.02644263,
0.07588797,
0,
0.0170496,
0,
0,
0.01198332,
0,
0.005232977,
0.003504657,
0.1199956,
0.04831636,
0,
0,
0.02457132,
0,
0,
0.2245202,
0.08228251,
0.1040276,
0,
0.05819121,
0.07600077,
0,
0,
0.05071247,
0.1736114,
1.455476e-10,
0.3266017,
0,
0,
0.006365088,
0,
0.01675757,
0.00224648,
0.2807611,
0.05142402,
0,
0,
0.009195861,
0,
0,
0.0732286,
0.08972495,
0.05024181,
0,
0.03036857,
0.02529819,
0,
0,
0.009736742,
0.02804932,
0,
0.4743517,
0,
0,
0.003423869,
0,
0.01333038,
0.000944608,
0.2649896,
0.0365125,
0,
0,
0.004121649,
0,
0,
0.04372515,
0.07029739,
0.03431177,
0,
0.01685833,
0.0139382,
0,
0,
0.005410544,
0.01778432,
4.252797e-09,
0.2204262,
0,
0,
0.01014027,
0,
0.01502512,
0.001465885,
0.2401792,
0.05064512,
0,
0,
0.007739868,
0,
0,
0.09585197,
0.1023888,
0.07778252,
0,
0.02924988,
0.03524634,
0,
0,
0.02721527,
0.08664362,
6.750839e-09,
0.9249104,
0,
0,
3.866292e-06,
0,
0.001411094,
3.902579e-08,
0.06421147,
0.002232714,
0,
0,
1.296242e-06,
0,
0,
0.0003551109,
0.005551514,
0.001071442,
0,
1.700484e-05,
2.762857e-05,
0,
0,
1.749314e-05,
0.0001888737,
0,
0.4899195,
0,
0,
0.001660095,
0,
0.01336581,
0.0004663466,
0.2678579,
0.03641845,
0,
0,
0.00263955,
0,
0,
0.03154102,
0.07190517,
0.03576175,
0,
0.01168738,
0.01138611,
0,
0,
0.005487039,
0.0199039,
0,
0.05072395,
0,
0,
0.03067612,
0,
0.0087958,
0.002354558,
0.1793597,
0.05625686,
0,
0,
0.01724644,
0,
0,
0.2779021,
0.09032758,
0.08177404,
0,
0.04442925,
0.05226539,
0,
0,
0.02811732,
0.07977083,
0,
0.1583688,
0,
0,
0.007231831,
0,
0.0180547,
0.0009592216,
0.2927078,
0.07769261,
0,
0,
0.008373325,
0,
0,
0.1250478,
0.1172075,
0.08013344,
0,
0.02326753,
0.02813787,
0,
0,
0.01458651,
0.04823102,
0,
0.3745488,
0,
0,
0.002466109,
0,
0.01588895,
0.001043917,
0.2807598,
0.04708786,
0,
0,
0.005175431,
0,
0,
0.04505167,
0.09028082,
0.05223692,
0,
0.02018118,
0.01978149,
0,
0,
0.01020229,
0.03529485,
7.923973e-11,
0.4828563,
0,
0,
0.002117013,
0,
0.01322808,
0.0005446321,
0.2642623,
0.03616684,
0,
0,
0.002828048,
0,
0,
0.0350037,
0.07283854,
0.03729865,
0,
0.01263334,
0.01201248,
0,
0,
0.005876235,
0.02233385,
0,
0.09101691,
0,
0,
0.003123787,
0,
0.01574538,
0.001770433,
0.2603361,
0.08344549,
0,
0,
0.01520915,
0,
0,
0.1045294,
0.1253402,
0.103316,
0,
0.03856811,
0.04896894,
0,
0,
0.02773911,
0.08089088,
2.914646e-11,
0.08591559,
0,
0,
0.005332857,
0,
0.01375967,
0.001816967,
0.2266687,
0.07021698,
0,
0,
0.01401624,
0,
0,
0.1126405,
0.1179074,
0.106632,
0,
0.03959323,
0.05342974,
0,
0,
0.03822814,
0.1138419,
0,
0.6061592,
0,
0,
0.001757332,
0,
0.009936486,
0.0004882897,
0.23082,
0.02449277,
0,
0,
0.002054785,
0,
0,
0.02479785,
0.05006783,
0.02072454,
0,
0.009749404,
0.007400556,
0,
0,
0.002521425,
0.009029478,
0,
0.8716297,
0,
0,
0.0002331387,
0,
0.002371627,
0.000388309,
0.09301087,
0.004088344,
0,
0,
0.0005759295,
0,
0,
0.003156291,
0.01236391,
0.003609564,
0,
0.004663217,
0.001950226,
0,
0,
0.0004053525,
0.00155352,
5.870859e-12,
2087, 
0.1523266,
0,
0,
0.0002446891,
0,
0.01914629,
0.0004283736,
0.3113165,
0.08670712,
0,
0,
0.005627503,
0,
0,
0.02588543,
0.138319,
0.1059818,
0,
0.01783384,
0.02897475,
0,
0,
0.02327342,
0.08393466,
0,
0.2677686,
0,
0,
0.002622826,
0,
0.0210877,
4.069e-05,
0.3351617,
0.07576904,
0,
0,
0.001001962,
0,
0,
0.0692481,
0.113552,
0.06534226,
0,
0.003776172,
0.007521288,
0,
0,
0.006518392,
0.03058925,
0,
0.72289,
0,
0,
0.0004091062,
0,
0.007770627,
0.0001727634,
0.204377,
0.01764968,
0,
0,
0.0008540764,
0,
0,
0.01051034,
0.02437135,
0.005506818,
0,
0.00314851,
0.001514618,
0,
0,
0.0001821326,
0.0006430121,
4.916955e-12,
0.3845596,
0,
0,
0.00211833,
0,
0.01659537,
0.001541689,
0.292097,
0.04941777,
0,
0,
0.00684812,
0,
0,
0.04364197,
0.08588386,
0.04449032,
0,
0.02384164,
0.01975125,
0,
0,
0.007240845,
0.02197223,
0,
0.1727365,
0,
0,
0.004591995,
0,
0.01407587,
0.003738582,
0.2240441,
0.0513686,
0,
0,
0.01442117,
0,
0,
0.07221346,
0.09585027,
0.07179676,
0,
0.04607964,
0.0445716,
0,
0,
0.02452709,
0.06943264,
0.09055177,
0.6095361,
0,
0,
0.0004999307,
0,
0.009526735,
0.0004580533,
0.2251657,
0.02322105,
0,
0,
0.001893654,
0,
0,
0.01376728,
0.04913557,
0.02042193,
0,
0.009564131,
0.00724946,
0,
0,
0.002546494,
0.00937075,
0.0176431,
0.781478,
0,
0,
0.0001605604,
0,
0.005229057,
3.577163e-05,
0.1558891,
0.01101731,
0,
0,
0.0002455751,
0,
0,
0.005205937,
0.0253861,
0.008385212,
0,
0.001724256,
0.001538861,
0,
0,
0.0006234719,
0.003080779,
1.38607e-09,
0.8068134,
0,
0,
0.0006662988,
0,
0.003811959,
0.0006813247,
0.1266533,
0.007423127,
0,
0,
0.001169834,
0,
0,
0.007605847,
0.02085232,
0.007244541,
0,
0.008245399,
0.004027816,
0,
0,
0.001036966,
0.003767889,
0,
0.8508247,
0,
0,
0.0004459013,
0,
0.002912731,
0.0004314953,
0.105744,
0.005361376,
0,
0,
0.0007274565,
0,
0,
0.005209256,
0.0145451,
0.004278553,
0,
0.00519454,
0.002238533,
0,
0,
0.0004448497,
0.001641538,
0,
0.3416464,
0,
0,
0.002376552,
0,
0.0176598,
0.001628823,
0.2945501,
0.05467258,
0,
0,
0.007732327,
0,
0,
0.04976958,
0.09325979,
0.05147732,
0,
0.02580989,
0.02282415,
0,
0,
0.009160547,
0.02743216,
3.268497e-13,
0.136868,
0,
0,
0.0004228456,
0,
0.02050147,
0.0002182117,
0.3359883,
0.1015099,
0,
0,
0.004239783,
0,
0,
0.0455007,
0.1427538,
0.102534,
0,
0.01232816,
0.02173551,
0,
0,
0.01576474,
0.05963446,
0,
0.09750196,
0,
0,
0.009327698,
0,
0.01479415,
0.001963464,
0.2425995,
0.07367577,
0,
0,
0.01459302,
0,
0,
0.1528152,
0.114414,
0.09254834,
0,
0.0384842,
0.046438,
0,
0,
0.02601191,
0.0748328,
0,
0.01727649,
0,
0,
0.01175973,
0,
0.005314538,
0.003248874,
0.1214705,
0.04918776,
0,
0,
0.02335623,
0,
0,
0.2264472,
0.08337511,
0.1052398,
0,
0.05553417,
0.07334803,
0,
0,
0.04947186,
0.1749698,
1.455476e-10,
0.3221523,
0,
0,
0.006517798,
0,
0.01683619,
0.002255882,
0.2801427,
0.05212175,
0,
0,
0.00928279,
0,
0,
0.07580642,
0.09016933,
0.05062675,
0,
0.03051206,
0.02548785,
0,
0,
0.009825819,
0.02826231,
0,
0.4607607,
0,
0,
0.003755391,
0,
0.01360533,
0.001001328,
0.2659732,
0.03788291,
0,
0,
0.004379244,
0,
0,
0.04754397,
0.07214478,
0.03579583,
0,
0.01765479,
0.01473657,
0,
0,
0.005815286,
0.01895065,
4.252797e-09,
0.2122204,
0,
0,
0.01048834,
0,
0.01491021,
0.001487131,
0.2375221,
0.05110405,
0,
0,
0.007897858,
0,
0,
0.10001,
0.1026969,
0.07884999,
0,
0.02969391,
0.03599834,
0,
0,
0.02803294,
0.08908794,
6.750838e-09,
0.9193088,
0,
0,
4.903224e-06,
0,
0.001551677,
5.230433e-08,
0.06844289,
0.002524683,
0,
0,
1.679365e-06,
0,
0,
0.0004374581,
0.00618869,
0.001234093,
0,
2.146811e-05,
3.446631e-05,
0,
0,
2.17685e-05,
0.0002273929,
0,
0.4764248,
0,
0,
0.001811471,
0,
0.01365887,
0.0005079181,
0.2693225,
0.03780774,
0,
0,
0.002848936,
0,
0,
0.03420936,
0.07401787,
0.03744907,
0,
0.01245586,
0.01218727,
0,
0,
0.005945323,
0.02135309,
0,
0.05135109,
0,
0,
0.0306897,
0,
0.008846993,
0.00233027,
0.180865,
0.05682744,
0,
0,
0.01715737,
0,
0,
0.2829334,
0.09018532,
0.08060373,
0,
0.04397385,
0.05122973,
0,
0,
0.02684824,
0.07615786,
0,
0.1554259,
0,
0,
0.007355416,
0,
0.01795975,
0.001023934,
0.2908022,
0.07811198,
0,
0,
0.008823242,
0,
0,
0.1285937,
0.1166876,
0.07967576,
0,
0.02429143,
0.0290394,
0,
0,
0.01475939,
0.04745019,
0,
0.364882,
0,
0,
0.002617118,
0,
0.01604982,
0.001056418,
0.2801941,
0.04816228,
0,
0,
0.005309977,
0,
0,
0.0477354,
0.0916636,
0.05366342,
0,
0.02059943,
0.02046282,
0,
0,
0.01075848,
0.03684509,
7.923973e-11,
0.4683447,
0,
0,
0.002350607,
0,
0.01355188,
0.0005600195,
0.266085,
0.03765546,
0,
0,
0.002958881,
0,
0,
0.0382699,
0.07509897,
0.0390975,
0,
0.01309668,
0.01267236,
0,
0,
0.006355865,
0.02390228,
0,
0.09087546,
0,
0,
0.003155131,
0,
0.01569235,
0.001744945,
0.2589941,
0.08336541,
0,
0,
0.01502373,
0,
0,
0.1059788,
0.1251668,
0.1033676,
0,
0.03828648,
0.04880974,
0,
0,
0.02791098,
0.08162838,
2.914646e-11,
0.085277,
0,
0,
0.005027452,
0,
0.01376519,
0.001818089,
0.2264357,
0.07076631,
0,
0,
0.01407509,
0,
0,
0.1107405,
0.1183007,
0.1071828,
0,
0.03973002,
0.0537097,
0,
0,
0.0384933,
0.1146782,
0,
0.5928624,
0,
0,
0.001946186,
0,
0.01025247,
0.0005428732,
0.2340264,
0.02570744,
0,
0,
0.002257248,
0,
0,
0.02729505,
0.05203378,
0.02192562,
0,
0.01055649,
0.008035642,
0,
0,
0.002766933,
0.009791465,
0,
0.8663773,
0,
0,
0.000262664,
0,
0.002488772,
0.0004138554,
0.0958368,
0.004373839,
0,
0,
0.0006198272,
0,
0,
0.003559993,
0.0130334,
0.003857339,
0,
0.004956878,
0.002094871,
0,
0,
0.0004413602,
0.00168309,
5.870859e-12,
2088, 
0.1495061,
0,
0,
0.0002331362,
0,
0.0189418,
0.0004234001,
0.3075418,
0.08643792,
0,
0,
0.0055823,
0,
0,
0.02707961,
0.138394,
0.1072493,
0,
0.01781115,
0.02926159,
0,
0,
0.02411273,
0.08742509,
0,
0.2619432,
0,
0,
0.00275257,
0,
0.02101992,
4.111958e-05,
0.3336992,
0.07655928,
0,
0,
0.001028785,
0,
0,
0.07261754,
0.1142702,
0.06629166,
0,
0.00386705,
0.007735815,
0,
0,
0.006730048,
0.03144359,
0,
0.7145012,
0,
0,
0.0004536947,
0,
0.008010345,
0.0001809107,
0.2076417,
0.01848235,
0,
0,
0.0009005142,
0,
0,
0.01157413,
0.02595624,
0.006160761,
0,
0.003382504,
0.00170367,
0,
0,
0.000230254,
0.0008217218,
4.916955e-12,
0.3809956,
0,
0,
0.00215505,
0,
0.01667557,
0.001527739,
0.291816,
0.05007084,
0,
0,
0.006847858,
0,
0,
0.04507006,
0.08648282,
0.04497516,
0,
0.02382496,
0.01986835,
0,
0,
0.007350332,
0.02233976,
0,
0.1700767,
0,
0,
0.00464901,
0,
0.01404692,
0.003643372,
0.2232669,
0.05182122,
0,
0,
0.01426473,
0,
0,
0.07429932,
0.09609319,
0.07219783,
0,
0.04554757,
0.04438315,
0,
0,
0.02459047,
0.06997508,
0.0911446,
0.6025739,
0,
0,
0.0005357196,
0,
0.009705478,
0.0004758093,
0.2269061,
0.02396358,
0,
0,
0.001970192,
0,
0,
0.01477742,
0.05014036,
0.02097226,
0,
0.009862338,
0.007494181,
0,
0,
0.002638434,
0.009664441,
0.0183198,
0.7696162,
0,
0,
0.0001767545,
0,
0.005573566,
4.019844e-05,
0.16212,
0.01200836,
0,
0,
0.000276777,
0,
0,
0.005868328,
0.0272784,
0.009219939,
0,
0.00190656,
0.00172254,
0,
0,
0.0007119784,
0.0034803,
1.38607e-09,
0.797726,
0,
0,
0.0007448337,
0,
0.004016788,
0.0007213718,
0.1306784,
0.007986927,
0,
0,
0.001261057,
0,
0,
0.008572915,
0.02209064,
0.007810415,
0,
0.008757767,
0.004349884,
0,
0,
0.001144649,
0.004138342,
0,
0.8429058,
0,
0,
0.0005076435,
0,
0.003092314,
0.0004671951,
0.1098834,
0.005807548,
0,
0,
0.0007956606,
0,
0,
0.005929162,
0.0155499,
0.004661881,
0,
0.005613955,
0.002454408,
0,
0,
0.0004989339,
0.001832148,
0,
0.3348153,
0,
0,
0.002482358,
0,
0.01779876,
0.001643824,
0.2941511,
0.05572334,
0,
0,
0.00786708,
0,
0,
0.05222067,
0.09420695,
0.05234437,
0,
0.02608977,
0.02321687,
0,
0,
0.009385995,
0.0280536,
3.268497e-13,
0.138193,
0,
0,
0.0004362859,
0,
0.02048946,
0.0002196809,
0.335031,
0.1012806,
0,
0,
0.004226269,
0,
0,
0.04641318,
0.1423653,
0.1020468,
0,
0.01234432,
0.02168826,
0,
0,
0.01573488,
0.05953085,
0,
0.09790682,
0,
0,
0.009592842,
0,
0.01479182,
0.00192689,
0.2420834,
0.07375903,
0,
0,
0.01437868,
0,
0,
0.1562748,
0.1140498,
0.09191401,
0,
0.03799089,
0.04583432,
0,
0,
0.02562451,
0.07387212,
0,
0.01751739,
0,
0,
0.01148855,
0,
0.005401778,
0.00301933,
0.1228834,
0.05005408,
0,
0,
0.02227231,
0,
0,
0.2275949,
0.08443696,
0.1063942,
0,
0.05317102,
0.07106207,
0,
0,
0.04850187,
0.1762021,
1.455476e-10,
0.3177676,
0,
0,
0.006666973,
0,
0.0169076,
0.002260342,
0.2794368,
0.05279991,
0,
0,
0.009355105,
0,
0,
0.07840665,
0.09061293,
0.05103357,
0,
0.03062483,
0.02567189,
0,
0,
0.009928435,
0.02852743,
0,
0.4467022,
0,
0,
0.004120388,
0,
0.01387629,
0.001061826,
0.2666912,
0.03928082,
0,
0,
0.004654172,
0,
0,
0.05166993,
0.07401656,
0.03735704,
0,
0.0184943,
0.01559121,
0,
0,
0.006259877,
0.02022417,
4.252797e-09,
0.2043493,
0,
0,
0.01082912,
0,
0.01478443,
0.001503286,
0.2348492,
0.05152695,
0,
0,
0.008037414,
0,
0,
0.104209,
0.1029469,
0.07986587,
0,
0.03007809,
0.03669693,
0,
0,
0.02882711,
0.09149644,
6.750838e-09,
0.9134353,
0,
0,
6.179873e-06,
0,
0.001701784,
6.68587e-08,
0.07281011,
0.002845689,
0,
0,
2.109233e-06,
0,
0,
0.0005361162,
0.006878498,
0.001416187,
0,
2.641554e-05,
4.222129e-05,
0,
0,
2.680928e-05,
0.0002724713,
0,
0.4630041,
0,
0,
0.001970361,
0,
0.01394264,
0.0005482535,
0.2705489,
0.03919536,
0,
0,
0.003055903,
0,
0,
0.03700729,
0.07609839,
0.03915446,
0,
0.01320785,
0.01299002,
0,
0,
0.006419882,
0.02285659,
0,
0.05197402,
0,
0,
0.0306784,
0,
0.008895354,
0.002306567,
0.1822973,
0.05737689,
0,
0,
0.01706543,
0,
0,
0.2878562,
0.09001621,
0.07943676,
0,
0.04352158,
0.05021393,
0,
0,
0.02564088,
0.07272048,
0,
0.1525173,
0,
0,
0.007484111,
0,
0.01786766,
0.001082751,
0.2889518,
0.07855039,
0,
0,
0.009228949,
0,
0,
0.1322674,
0.1162107,
0.0792667,
0,
0.02518421,
0.02979274,
0,
0,
0.01486123,
0.04673397,
0,
0.355454,
0,
0,
0.00276965,
0,
0.0162001,
0.001068023,
0.2794831,
0.04921365,
0,
0,
0.005441775,
0,
0,
0.05047529,
0.09298194,
0.0550605,
0,
0.02100315,
0.02113556,
0,
0,
0.01131828,
0.03839499,
7.923973e-11,
0.4541191,
0,
0,
0.002611889,
0,
0.01385597,
0.0005735765,
0.2675347,
0.03910858,
0,
0,
0.003084355,
0,
0,
0.04177579,
0.07726161,
0.04087184,
0,
0.01353476,
0.01332378,
0,
0,
0.006847505,
0.02549658,
0,
0.09071674,
0,
0,
0.003185539,
0,
0.01563565,
0.001720539,
0.2575926,
0.08326416,
0,
0,
0.01484245,
0,
0,
0.1074182,
0.1249829,
0.1034294,
0,
0.03801784,
0.04866769,
0,
0,
0.02810234,
0.08242401,
2.914646e-11,
0.08473904,
0,
0,
0.004682791,
0,
0.01378033,
0.001820522,
0.2263593,
0.07135305,
0,
0,
0.01414091,
0,
0,
0.1083813,
0.1187567,
0.1077755,
0,
0.03988859,
0.05401153,
0,
0,
0.03876828,
0.1155422,
0,
0.5794566,
0,
0,
0.00214979,
0,
0.01056437,
0.0005971884,
0.2370188,
0.02693862,
0,
0,
0.002461846,
0,
0,
0.02996936,
0.05400585,
0.02316153,
0,
0.01136434,
0.008685647,
0,
0,
0.003026814,
0.01059923,
0,
0.8610221,
0,
0,
0.0002949239,
0,
0.002608267,
0.0004401674,
0.09866312,
0.004670963,
0,
0,
0.0006655373,
0,
0,
0.004003016,
0.01371787,
0.004113383,
0,
0.005258719,
0.002244852,
0,
0,
0.0004790472,
0.001818039,
5.870859e-12,
2089, 
0.1466275,
0,
0,
0.0002383234,
0,
0.01873007,
0.0004151139,
0.3036627,
0.08613903,
0,
0,
0.005506409,
0,
0,
0.02870277,
0.1384081,
0.1084875,
0,
0.0176963,
0.02944304,
0,
0,
0.02493573,
0.09100743,
0,
0.2560124,
0,
0,
0.002889893,
0,
0.02094053,
4.248463e-05,
0.3320673,
0.07732704,
0,
0,
0.001067287,
0,
0,
0.076154,
0.1149571,
0.06725191,
0,
0.003994768,
0.007995533,
0,
0,
0.006962316,
0.03233747,
0,
0.7057149,
0,
0,
0.0005030587,
0,
0.008254075,
0.0001889619,
0.2108587,
0.0193458,
0,
0,
0.0009479017,
0,
0,
0.0127384,
0.02766688,
0.00690029,
0,
0.003631747,
0.001916358,
0,
0,
0.0002894462,
0.001043463,
4.916956e-12,
0.3776686,
0,
0,
0.002195846,
0,
0.0167682,
0.001496412,
0.2917293,
0.05077137,
0,
0,
0.006763364,
0,
0,
0.04660003,
0.08715402,
0.04550478,
0,
0.02351878,
0.01973203,
0,
0,
0.007360602,
0.02273671,
0,
0.1673866,
0,
0,
0.004708668,
0,
0.01401327,
0.003545375,
0.2224202,
0.05226153,
0,
0,
0.01410055,
0,
0,
0.07644521,
0.0963223,
0.07260596,
0,
0.04500163,
0.04420016,
0,
0,
0.02467684,
0.07056503,
0.09174662,
0.5954211,
0,
0,
0.0005745736,
0,
0.009887168,
0.0004937883,
0.2286266,
0.02472937,
0,
0,
0.002048879,
0,
0,
0.01586517,
0.05116403,
0.02154078,
0,
0.01016522,
0.00774643,
0,
0,
0.002735021,
0.009972174,
0.0190297,
0.7573891,
0,
0,
0.000195216,
0,
0.005929673,
4.508477e-05,
0.1683156,
0.01306238,
0,
0,
0.0003113771,
0,
0,
0.006614572,
0.02925484,
0.01011803,
0,
0.002103856,
0.001924435,
0,
0,
0.0008116221,
0.003924187,
1.38607e-09,
0.7881383,
0,
0,
0.000833993,
0,
0.00423141,
0.0007644896,
0.1347664,
0.008591969,
0,
0,
0.001360683,
0,
0,
0.00966756,
0.02339897,
0.008423087,
0,
0.009306819,
0.004701412,
0,
0,
0.001265186,
0.004549775,
0,
0.8349239,
0,
0,
0.0005750182,
0,
0.003272477,
0.000502534,
0.1139297,
0.006266188,
0,
0,
0.0008648587,
0,
0,
0.00671567,
0.01657525,
0.005062357,
0,
0.006037761,
0.002678626,
0,
0,
0.0005572945,
0.002038328,
0,
0.3279985,
0,
0,
0.002591202,
0,
0.01792488,
0.001655653,
0.2936536,
0.05675985,
0,
0,
0.00799311,
0,
0,
0.05476797,
0.09514038,
0.05322665,
0,
0.02634829,
0.02360621,
0,
0,
0.00962104,
0.02871269,
3.268496e-13,
0.1394385,
0,
0,
0.0004490486,
0,
0.02046442,
0.0002209652,
0.3338584,
0.1009907,
0,
0,
0.004209665,
0,
0,
0.04728512,
0.1419937,
0.1016624,
0,
0.01236053,
0.02166155,
0,
0,
0.01575735,
0.05964755,
0,
0.09827425,
0,
0,
0.009855054,
0,
0.01478103,
0.001898324,
0.2414252,
0.07379523,
0,
0,
0.01419442,
0,
0,
0.159688,
0.1136494,
0.09128158,
0,
0.03757817,
0.0453029,
0,
0,
0.0252786,
0.07299794,
0,
0.01777354,
0,
0,
0.01117262,
0,
0.005495236,
0.002813546,
0.1242478,
0.05092152,
0,
0,
0.02130375,
0,
0,
0.2280077,
0.08547837,
0.1075055,
0,
0.0510657,
0.06909941,
0,
0,
0.04777797,
0.1773373,
1.455476e-10,
0.3134169,
0,
0,
0.006813533,
0,
0.01697231,
0.002260634,
0.2786439,
0.05346074,
0,
0,
0.009415071,
0,
0,
0.0810364,
0.09105761,
0.05146432,
0,
0.03071296,
0.02585421,
0,
0,
0.01004565,
0.02884579,
0,
0.4322514,
0,
0,
0.004517779,
0,
0.01414133,
0.00112558,
0.2671346,
0.04069777,
0,
0,
0.004944445,
0,
0,
0.05609136,
0.07589982,
0.03898606,
0,
0.01937049,
0.01649677,
0,
0,
0.006742643,
0.02159989,
4.252797e-09,
0.1968305,
0,
0,
0.0111612,
0,
0.01465067,
0.001514547,
0.2321757,
0.05191712,
0,
0,
0.008158604,
0,
0,
0.1084367,
0.1031423,
0.08082666,
0,
0.03040292,
0.03733945,
0,
0,
0.0295926,
0.09385109,
6.750838e-09,
0.9072855,
0,
0,
7.744525e-06,
0,
0.001861666,
8.206617e-08,
0.07730836,
0.00319758,
0,
0,
2.573921e-06,
0,
0,
0.0006538016,
0.007623175,
0.001619327,
0,
3.17144e-05,
5.079201e-05,
0,
0,
3.267049e-05,
0.0003249701,
0,
0.4497487,
0,
0,
0.002135979,
0,
0.0142165,
0.0005853813,
0.2715524,
0.04057655,
0,
0,
0.003252638,
0,
0,
0.03992639,
0.07813857,
0.04086859,
0,
0.01391544,
0.01377308,
0,
0,
0.006904377,
0.02440533,
0,
0.05258984,
0,
0,
0.03064031,
0,
0.008940525,
0.00228382,
0.1836483,
0.05790276,
0,
0,
0.01697221,
0,
0,
0.2926529,
0.08982192,
0.07827936,
0,
0.04307781,
0.04922496,
0,
0,
0.02449845,
0.06946685,
0,
0.1496779,
0,
0,
0.007614077,
0,
0.01777988,
0.00113424,
0.287177,
0.07900831,
0,
0,
0.009584513,
0,
0,
0.136032,
0.1157778,
0.07890157,
0,
0.02593724,
0.03039966,
0,
0,
0.01490078,
0.04607511,
0,
0.3462711,
0,
0,
0.002922866,
0,
0.01633956,
0.001079371,
0.2786326,
0.05023938,
0,
0,
0.005572053,
0,
0,
0.05326227,
0.09423442,
0.05642579,
0,
0.02139682,
0.02180021,
0,
0,
0.01188018,
0.03994339,
7.923973e-11,
0.440216,
0,
0,
0.002903864,
0,
0.01413874,
0.0005855125,
0.2686082,
0.04051807,
0,
0,
0.003204243,
0,
0,
0.04553712,
0.07931456,
0.04261062,
0,
0.01394711,
0.01396243,
0,
0,
0.007346889,
0.0271067,
0,
0.09053946,
0,
0,
0.003215034,
0,
0.01557557,
0.00169772,
0.2561372,
0.08314441,
0,
0,
0.0146684,
0,
0,
0.1088507,
0.1247871,
0.1034964,
0,
0.03776751,
0.04854526,
0,
0,
0.02831019,
0.08326498,
2.914646e-11,
0.0842795,
0,
0,
0.004313158,
0,
0.0138021,
0.00182439,
0.2263899,
0.0719629,
0,
0,
0.01421336,
0,
0,
0.1056808,
0.1192542,
0.1083957,
0,
0.04006805,
0.05433322,
0,
0,
0.0390527,
0.11643,
0,
0.5660214,
0,
0,
0.002367738,
0,
0.01087122,
0.0006487347,
0.2397986,
0.02818213,
0,
0,
0.002661454,
0,
0,
0.03281825,
0.05597599,
0.02442642,
0,
0.01214578,
0.009334917,
0,
0,
0.003298103,
0.01144922,
0,
0.8555734,
0,
0,
0.0003301808,
0,
0.00272983,
0.0004672281,
0.1014795,
0.004979589,
0,
0,
0.0007130698,
0,
0,
0.004489046,
0.01441574,
0.004377324,
0,
0.005568328,
0.002400061,
0,
0,
0.0005184184,
0.001958273,
5.870859e-12,
2090, 
0.1436893,
0,
0,
0.0002566191,
0,
0.01851271,
0.0004039282,
0.2997081,
0.08582231,
0,
0,
0.005403823,
0,
0,
0.03068043,
0.1383713,
0.1097024,
0,
0.01749912,
0.02952872,
0,
0,
0.02574329,
0.09467802,
0,
0.2499626,
0,
0,
0.003035942,
0,
0.02084875,
4.469013e-05,
0.3302543,
0.07807052,
0,
0,
0.00111627,
0,
0,
0.07987507,
0.1156136,
0.06822872,
0,
0.004155306,
0.008296808,
0,
0,
0.007216221,
0.03328121,
0,
0.6965538,
0,
0,
0.0005574027,
0,
0.008501115,
0.0001968027,
0.2140165,
0.02023843,
0,
0,
0.0009958004,
0,
0,
0.01400717,
0.02949386,
0.007723432,
0,
0.003893564,
0.0021514,
0,
0,
0.0003601763,
0.001310525,
4.916956e-12,
0.3744138,
0,
0,
0.002239673,
0,
0.01686438,
0.001458241,
0.2916924,
0.0514904,
0,
0,
0.006647064,
0,
0,
0.04820541,
0.08784701,
0.04604974,
0,
0.02310514,
0.01950474,
0,
0,
0.007337105,
0.02314487,
0,
0.1646463,
0,
0,
0.004770725,
0,
0.01397325,
0.00344777,
0.2214782,
0.05268314,
0,
0,
0.01393897,
0,
0,
0.07864574,
0.0965273,
0.07301474,
0,
0.04447351,
0.04405091,
0,
0,
0.02480096,
0.07119984,
0.09234861,
0.5880603,
0,
0,
0.0006167398,
0,
0.01007152,
0.0005117676,
0.2303187,
0.02551822,
0,
0,
0.002129181,
0,
0,
0.01703568,
0.05221183,
0.02213358,
0,
0.01047153,
0.008007281,
0,
0,
0.002838143,
0.01030175,
0.01977381,
0.7447106,
0,
0,
0.0002165854,
0,
0.006299166,
5.053544e-05,
0.1744936,
0.01418756,
0,
0,
0.0003500974,
0,
0,
0.007461869,
0.03132771,
0.01108957,
0,
0.002319052,
0.002148087,
0,
0,
0.0009247498,
0.004420926,
1.38607e-09,
0.7779523,
0,
0,
0.0009362854,
0,
0.00445731,
0.0008116687,
0.13893,
0.00924438,
0,
0,
0.001470846,
0,
0,
0.01091457,
0.02478838,
0.009091055,
0,
0.009901799,
0.005089079,
0,
0,
0.00140153,
0.005010856,
0,
0.826851,
0,
0,
0.0006493782,
0,
0.003453636,
0.0005375936,
0.1178849,
0.006739439,
0,
0,
0.0009354248,
0,
0,
0.007581852,
0.01762333,
0.005481854,
0,
0.006467011,
0.002912341,
0,
0,
0.0006204859,
0.002261727,
0,
0.3211674,
0,
0,
0.0027035,
0,
0.01803683,
0.001664305,
0.2930561,
0.05778122,
0,
0,
0.00811061,
0,
0,
0.05742205,
0.09606257,
0.05412893,
0,
0.02658707,
0.02399476,
0,
0,
0.009867824,
0.02941682,
3.268497e-13,
0.1405906,
0,
0,
0.0004608384,
0,
0.02042705,
0.0002219705,
0.3324858,
0.1006497,
0,
0,
0.004189243,
0,
0,
0.04810668,
0.1416445,
0.1013839,
0,
0.0123742,
0.02165245,
0,
0,
0.01583063,
0.05998247,
0,
0.09860058,
0,
0,
0.01011011,
0,
0.01476251,
0.001878096,
0.2406385,
0.0737909,
0,
0,
0.01404278,
0,
0,
0.163035,
0.1132178,
0.09065334,
0,
0.03725005,
0.04484618,
0,
0,
0.02497199,
0.07220226,
0,
0.018044,
0,
0,
0.01081626,
0,
0.005594715,
0.002629707,
0.1255675,
0.05179162,
0,
0,
0.02043879,
0,
0,
0.2277373,
0.08650366,
0.1085828,
0,
0.04919109,
0.06742378,
0,
0,
0.04727585,
0.1784029,
1.455476e-10,
0.3090683,
0,
0,
0.00695866,
0,
0.01703072,
0.002257715,
0.277762,
0.0541063,
0,
0,
0.009465533,
0,
0,
0.08370452,
0.09150464,
0.05192094,
0,
0.03078376,
0.02603948,
0,
0,
0.0101787,
0.02921873,
0,
0.4174962,
0,
0,
0.004945925,
0,
0.01439831,
0.001192099,
0.2672949,
0.04212418,
0,
0,
0.005248015,
0,
0,
0.06079178,
0.07777993,
0.04067179,
0,
0.02027677,
0.01744733,
0,
0,
0.007261464,
0.02307133,
4.252797e-09,
0.1896837,
0,
0,
0.01148366,
0,
0.01451187,
0.00152067,
0.2295224,
0.05227926,
0,
0,
0.008259949,
0,
0,
0.112686,
0.1032881,
0.08172943,
0,
0.03066361,
0.03791869,
0,
0,
0.03032186,
0.09613082,
6.750838e-09,
0.9008554,
0,
0,
9.654944e-06,
0,
0.002031554,
9.72796e-08,
0.08193252,
0.003582234,
0,
0,
3.058794e-06,
0,
0,
0.0007936322,
0.008424588,
0.001844998,
0,
3.720218e-05,
6.002283e-05,
0,
0,
3.938385e-05,
0.0003857071,
0,
0.4367495,
0,
0,
0.002307465,
0,
0.01447999,
0.0006174544,
0.2723508,
0.04194698,
0,
0,
0.00343117,
0,
0,
0.04295776,
0.08013116,
0.04258236,
0,
0.01455014,
0.01451364,
0,
0,
0.007391696,
0.02598994,
0,
0.05319268,
0,
0,
0.03057589,
0,
0.008981804,
0.002262259,
0.1849087,
0.05840241,
0,
0,
0.01687897,
0,
0,
0.2973264,
0.08960243,
0.07713518,
0,
0.04264637,
0.04826731,
0,
0,
0.02342152,
0.06639814,
0,
0.1469376,
0,
0,
0.007741798,
0,
0.0176977,
0.001177195,
0.2854959,
0.07948652,
0,
0,
0.009885094,
0,
0,
0.1398547,
0.1153887,
0.07857491,
0,
0.02654438,
0.03086367,
0,
0,
0.01488676,
0.04546504,
0,
0.3373394,
0,
0,
0.003076016,
0,
0.01646766,
0.001090574,
0.2776542,
0.05123717,
0,
0,
0.005699775,
0,
0,
0.05609006,
0.09542289,
0.05776027,
0,
0.02177676,
0.02245047,
0,
0,
0.01244015,
0.04149462,
7.923973e-11,
0.4266531,
0,
0,
0.003229515,
0,
0.01439912,
0.0005960277,
0.2693067,
0.0418778,
0,
0,
0.003318476,
0,
0,
0.04957118,
0.08124947,
0.04430545,
0,
0.01433328,
0.01458475,
0,
0,
0.007850453,
0.02872471,
0,
0.09033933,
0,
0,
0.003243887,
0,
0.01551233,
0.001676947,
0.2546327,
0.0830097,
0,
0,
0.01450466,
0,
0,
0.1102855,
0.124578,
0.1035639,
0,
0.03754053,
0.04844471,
0,
0,
0.02853112,
0.08413676,
2.914646e-11,
0.08386917,
0,
0,
0.003935806,
0,
0.01382672,
0.001829711,
0.2264666,
0.07257869,
0,
0,
0.01429157,
0,
0,
0.1027991,
0.1197665,
0.109024,
0,
0.04026547,
0.05467032,
0,
0,
0.03934427,
0.1173321,
0,
0.5526441,
0,
0,
0.002599273,
0,
0.01117211,
0.0006950489,
0.2423693,
0.0294336,
0,
0,
0.002848388,
0,
0,
0.03583661,
0.05793608,
0.02571392,
0,
0.01287158,
0.009965641,
0,
0,
0.003577158,
0.01233722,
0,
0.8500333,
0,
0,
0.0003687813,
0,
0.002853306,
0.0004950744,
0.1042788,
0.005299907,
0,
0,
0.0007625208,
0,
0,
0.005022719,
0.01512625,
0.004649192,
0,
0.005885823,
0.00256067,
0,
0,
0.0005595635,
0.002103979,
5.870859e-12,
2091, 
0.1406894,
0,
0,
0.0002850256,
0,
0.01829157,
0.0003903572,
0.2957111,
0.08550218,
0,
0,
0.005279826,
0,
0,
0.03295772,
0.1382922,
0.1108943,
0,
0.01723319,
0.02953262,
0,
0,
0.0265334,
0.09840714,
0,
0.243774,
0,
0,
0.003192249,
0,
0.02074333,
4.762886e-05,
0.328243,
0.07878701,
0,
0,
0.001174571,
0,
0,
0.0838033,
0.1162404,
0.06922966,
0,
0.004344851,
0.008636923,
0,
0,
0.007493935,
0.03428908,
0,
0.6870706,
0,
0,
0.0006167267,
0,
0.008750193,
0.000204285,
0.2170986,
0.02115643,
0,
0,
0.001043561,
0,
0,
0.01538091,
0.03142034,
0.008623473,
0,
0.004163948,
0.00240599,
0,
0,
0.0004422375,
0.001622678,
4.916956e-12,
0.3712277,
0,
0,
0.002286827,
0,
0.01696362,
0.001413816,
0.2916984,
0.05222636,
0,
0,
0.006501494,
0,
0,
0.04989028,
0.08855713,
0.04660625,
0,
0.02259256,
0.01919307,
0,
0,
0.007281919,
0.02356058,
0,
0.1618512,
0,
0,
0.004835532,
0,
0.01392655,
0.00335177,
0.2204362,
0.05308491,
0,
0,
0.013782,
0,
0,
0.08090488,
0.09670665,
0.0734238,
0,
0.04396785,
0.04393558,
0,
0,
0.02496054,
0.07188099,
0.09295151,
0.5804741,
0,
0,
0.0006625013,
0,
0.01025824,
0.0005295651,
0.2319739,
0.02632999,
0,
0,
0.002210668,
0,
0,
0.01829464,
0.05328847,
0.0227563,
0,
0.01078037,
0.008277864,
0,
0,
0.002949582,
0.01066043,
0.02055341,
0.7314899,
0,
0,
0.0002416488,
0,
0.006683809,
5.668819e-05,
0.1806655,
0.01539273,
0,
0,
0.0003938562,
0,
0,
0.008430599,
0.03350995,
0.01214624,
0,
0.002555776,
0.002397912,
0,
0,
0.001054347,
0.004981069,
1.38607e-09,
0.7670627,
0,
0,
0.001054639,
0,
0.004695987,
0.0008640145,
0.1431788,
0.009950766,
0,
0,
0.001594006,
0,
0,
0.0123424,
0.02627042,
0.009823822,
0,
0.01055286,
0.005520524,
0,
0,
0.001557217,
0.005531792,
0,
0.8186631,
0,
0,
0.0007322138,
0,
0.00363609,
0.0005724236,
0.1217479,
0.00722926,
0,
0,
0.001007707,
0,
0,
0.008541891,
0.01869548,
0.005921975,
0,
0.006902382,
0.003156577,
0,
0,
0.0006890708,
0.002503951,
0,
0.3143017,
0,
0,
0.00281958,
0,
0.01813347,
0.001669888,
0.2923578,
0.05878634,
0,
0,
0.00822006,
0,
0,
0.06019192,
0.09697426,
0.05505373,
0,
0.02680817,
0.02438466,
0,
0,
0.01012775,
0.03017067,
3.268497e-13,
0.1416371,
0,
0,
0.0004714987,
0,
0.02037852,
0.0002226921,
0.330935,
0.1002693,
0,
0,
0.004165331,
0,
0,
0.04887586,
0.1413209,
0.1012075,
0,
0.01238507,
0.02165954,
0,
0,
0.015951,
0.06052074,
0,
0.09887895,
0,
0,
0.01035502,
0,
0.01473679,
0.001866417,
0.239734,
0.07375214,
0,
0,
0.01392588,
0,
0,
0.1663063,
0.1127591,
0.09003115,
0,
0.03700937,
0.04446573,
0,
0,
0.02470225,
0.07147688,
0,
0.01832642,
0,
0,
0.01042603,
0,
0.005699506,
0.002466021,
0.1268426,
0.05266373,
0,
0,
0.01966625,
0,
0,
0.2268571,
0.08751441,
0.1096326,
0,
0.04752108,
0.06599626,
0,
0,
0.04696382,
0.1794242,
1.455476e-10,
0.3047007,
0,
0,
0.007102424,
0,
0.0170814,
0.002252166,
0.2767974,
0.0547361,
0,
0,
0.00950831,
0,
0,
0.08641949,
0.09195327,
0.05240276,
0,
0.0308427,
0.02623043,
0,
0,
0.01032748,
0.02964536,
0,
0.4025474,
0,
0,
0.005402019,
0,
0.01464488,
0.001260753,
0.2671662,
0.04354896,
0,
0,
0.00556225,
0,
0,
0.06574618,
0.07963978,
0.04240002,
0,
0.02120479,
0.01843506,
0,
0,
0.007813063,
0.02462869,
4.252797e-09,
0.1829213,
0,
0,
0.01179602,
0,
0.01437063,
0.001521332,
0.2269088,
0.0526182,
0,
0,
0.008339729,
0,
0,
0.1169539,
0.1033898,
0.08257286,
0,
0.03085446,
0.03842719,
0,
0,
0.03100794,
0.09831791,
6.750838e-09,
0.8941393,
0,
0,
1.198122e-05,
0,
0.002211718,
1.123021e-07,
0.08667824,
0.004001696,
0,
0,
3.559003e-06,
0,
0,
0.0009592429,
0.009284424,
0.002094605,
0,
4.281065e-05,
6.986197e-05,
0,
0,
4.700691e-05,
0.0004554439,
0,
0.4240939,
0,
0,
0.002483936,
0,
0.01473271,
0.0006429374,
0.2729621,
0.04330246,
0,
0,
0.003584206,
0,
0,
0.04609216,
0.08206921,
0.04428654,
0,
0.01508582,
0.0151894,
0,
0,
0.007874317,
0.02760035,
0,
0.05377015,
0,
0,
0.03048702,
0,
0.00901769,
0.002241931,
0.1860605,
0.05887064,
0,
0,
0.01678641,
0,
0,
0.3018928,
0.08935643,
0.07600943,
0,
0.04223044,
0.04734607,
0,
0,
0.02241142,
0.06351903,
0,
0.1443182,
0,
0,
0.007864413,
0,
0.01762196,
0.001210736,
0.28392,
0.07998501,
0,
0,
0.01012746,
0,
0,
0.1437087,
0.1150424,
0.07828164,
0,
0.02700324,
0.03119128,
0,
0,
0.01482868,
0.04489625,
0,
0.3286574,
0,
0,
0.003228352,
0,
0.01658284,
0.001101803,
0.2765601,
0.05220377,
0,
0,
0.005824514,
0,
0,
0.05895554,
0.0965485,
0.05906434,
0,
0.0221423,
0.02308295,
0,
0,
0.01299511,
0.04305244,
7.923973e-11,
0.4134435,
0,
0,
0.003590575,
0,
0.01463672,
0.0006052338,
0.26964,
0.04318396,
0,
0,
0.003426607,
0,
0,
0.05388532,
0.08306214,
0.04595089,
0,
0.01469063,
0.01518543,
0,
0,
0.008353958,
0.03034508,
0,
0.09010625,
0,
0,
0.003272624,
0,
0.01544565,
0.001658658,
0.2530761,
0.08286205,
0,
0,
0.01435423,
0,
0,
0.1117362,
0.1243529,
0.1036288,
0,
0.03734212,
0.04836974,
0,
0,
0.0287638,
0.08503098,
2.914646e-11,
0.08347481,
0,
0,
0.003567631,
0,
0.01384997,
0.001836421,
0.2265207,
0.07318108,
0,
0,
0.01437425,
0,
0,
0.09991772,
0.1202638,
0.1096394,
0,
0.04047678,
0.05501748,
0,
0,
0.03964081,
0.1182392,
0,
0.5394132,
0,
0,
0.002843433,
0,
0.01146613,
0.0007339726,
0.2447353,
0.03068865,
0,
0,
0.003015203,
0,
0,
0.03901788,
0.05987792,
0.02701737,
0,
0.01351319,
0.0105593,
0,
0,
0.003859909,
0.01325861,
0,
0.8443978,
0,
0,
0.000411141,
0,
0.002978674,
0.0005237877,
0.1070573,
0.00563243,
0,
0,
0.0008140626,
0,
0,
0.005609513,
0.01584935,
0.004929244,
0,
0.006211703,
0.002727022,
0,
0,
0.0006026,
0.002255413,
5.870859e-12,
2092, 
0.1376274,
0,
0,
0.0003216944,
0,
0.01806883,
0.0003750057,
0.2917104,
0.08519574,
0,
0,
0.005140841,
0,
0,
0.03550659,
0.1381773,
0.1120557,
0,
0.01691519,
0.0294718,
0,
0,
0.02729951,
0.1021339,
0,
0.2374313,
0,
0,
0.003360451,
0,
0.02062303,
5.117528e-05,
0.3260163,
0.07947314,
0,
0,
0.00124088,
0,
0,
0.08796137,
0.116837,
0.07026106,
0,
0.00455913,
0.009012736,
0,
0,
0.007797535,
0.03537482,
0,
0.6772931,
0,
0,
0.0006813253,
0,
0.009000853,
0.0002113458,
0.2200988,
0.02209883,
0,
0,
0.001090917,
0,
0,
0.01686501,
0.0334314,
0.009594552,
0,
0.00444006,
0.002677998,
0,
0,
0.0005356091,
0.001980169,
4.916956e-12,
0.3680989,
0,
0,
0.002337685,
0,
0.01706552,
0.0013638,
0.2917392,
0.05297823,
0,
0,
0.006329644,
0,
0,
0.05166022,
0.08928034,
0.04717144,
0,
0.02199104,
0.01880507,
0,
0,
0.007197763,
0.02398107,
0,
0.1589983,
0,
0,
0.004903838,
0,
0.01387318,
0.003257667,
0.2192956,
0.05346749,
0,
0,
0.01362843,
0,
0,
0.08323193,
0.09686169,
0.07383537,
0,
0.04347854,
0.0438445,
0,
0,
0.02514816,
0.07261272,
0.09356258,
0.5726294,
0,
0,
0.000712327,
0,
0.01044734,
0.0005471582,
0.2335851,
0.02716576,
0,
0,
0.002293439,
0,
0,
0.01965093,
0.05439992,
0.02341559,
0,
0.01109271,
0.008560525,
0,
0,
0.003071467,
0.01105608,
0.02137223,
0.7176378,
0,
0,
0.0002714055,
0,
0.00708512,
6.371619e-05,
0.1868352,
0.01668654,
0,
0,
0.0004437661,
0,
0,
0.009544875,
0.03581366,
0.01330025,
0,
0.002818284,
0.002679026,
0,
0,
0.001203887,
0.005616435,
1.38607e-09,
0.7553807,
0,
0,
0.001192184,
0,
0.004948451,
0.0009226105,
0.147512,
0.01071662,
0,
0,
0.001732592,
0,
0,
0.01398035,
0.02785368,
0.01062986,
0,
0.01126938,
0.006003099,
0,
0,
0.001735845,
0.006122631,
0,
0.8103302,
0,
0,
0.0008252487,
0,
0.003820246,
0.0006071534,
0.1255202,
0.007737899,
0,
0,
0.001082186,
0,
0,
0.009611821,
0.0197931,
0.006384283,
0,
0.007345012,
0.003412484,
0,
0,
0.000763615,
0.002766486,
0,
0.307383,
0,
0,
0.002939781,
0,
0.01821387,
0.001672677,
0.2915574,
0.05977426,
0,
0,
0.008322466,
0,
0,
0.0630869,
0.09787516,
0.05600236,
0,
0.0270147,
0.02477832,
0,
0,
0.01040185,
0.03097722,
3.268497e-13,
0.1425633,
0,
0,
0.000480996,
0,
0.02031987,
0.0002232027,
0.3292266,
0.0998614,
0,
0,
0.004139124,
0,
0,
0.04959706,
0.141024,
0.1011275,
0,
0.01239508,
0.02168366,
0,
0,
0.01611467,
0.06124356,
0,
0.09910178,
0,
0,
0.0105879,
0,
0.01470436,
0.001863097,
0.2387219,
0.07368497,
0,
0,
0.0138441,
0,
0,
0.1695013,
0.1122774,
0.089417,
0,
0.0368551,
0.04416034,
0,
0,
0.0244666,
0.07081421,
0,
0.0186159,
0,
0,
0.01000981,
0,
0.005808022,
0.002320875,
0.1280629,
0.05353202,
0,
0,
0.01897754,
0,
0,
0.2254496,
0.08850557,
0.1106558,
0,
0.04603624,
0.06478623,
0,
0,
0.04681391,
0.1804256,
1.455476e-10,
0.3002859,
0,
0,
0.007245714,
0,
0.0171237,
0.002244896,
0.2757489,
0.05535059,
0,
0,
0.009546204,
0,
0,
0.08919191,
0.09240315,
0.05291053,
0,
0.03089719,
0.02643159,
0,
0,
0.01049291,
0.03012674,
0,
0.3875342,
0,
0,
0.005882654,
0,
0.01487854,
0.001330869,
0.2667453,
0.04495983,
0,
0,
0.005884207,
0,
0,
0.070924,
0.08145985,
0.04415345,
0,
0.02214503,
0.01945058,
0,
0,
0.008392963,
0.02625849,
4.252797e-09,
0.1765469,
0,
0,
0.01209846,
0,
0.01422916,
0.001516177,
0.2243514,
0.05293881,
0,
0,
0.008396083,
0,
0,
0.1212416,
0.1034535,
0.08335725,
0,
0.0309693,
0.03885759,
0,
0,
0.03164491,
0.1003989,
6.750838e-09,
0.8871307,
0,
0,
1.480503e-05,
0,
0.002402426,
1.269062e-07,
0.09154111,
0.004458096,
0,
0,
4.069956e-06,
0,
0,
0.001154742,
0.01020464,
0.002369779,
0,
4.847251e-05,
8.027434e-05,
0,
0,
5.56223e-05,
0.0005351135,
0,
0.411848,
0,
0,
0.002664655,
0,
0.01497466,
0.0006606707,
0.2734056,
0.04464055,
0,
0,
0.003705815,
0,
0,
0.04932283,
0.08394814,
0.04597387,
0,
0.01550113,
0.01578106,
0,
0,
0.008345352,
0.02922768,
0,
0.05430725,
0,
0,
0.03037733,
0,
0.009046321,
0.002222792,
0.1870829,
0.05930119,
0,
0,
0.01669496,
0,
0,
0.306383,
0.08908093,
0.07490572,
0,
0.04183236,
0.04646514,
0,
0,
0.02146846,
0.06083169,
0,
0.1418292,
0,
0,
0.007979828,
0,
0.01755287,
0.001234344,
0.2824515,
0.08050288,
0,
0,
0.01031031,
0,
0,
0.1475754,
0.1147368,
0.07801783,
0,
0.02731581,
0.03139282,
0,
0,
0.01473723,
0.04436329,
0,
0.3201946,
0,
0,
0.003379742,
0,
0.01668356,
0.00111402,
0.2753454,
0.05313555,
0,
0,
0.005949785,
0,
0,
0.06185936,
0.09761019,
0.06033886,
0,
0.02250724,
0.02370896,
0,
0,
0.01355001,
0.04462279,
7.923973e-11,
0.4005716,
0,
0,
0.003987725,
0,
0.01485133,
0.000613828,
0.2696138,
0.0444339,
0,
0,
0.003531344,
0,
0,
0.05847774,
0.08474959,
0.04754329,
0,
0.01502957,
0.01577223,
0,
0,
0.00885987,
0.03196422,
0,
0.08982849,
0,
0,
0.003302083,
0,
0.01537522,
0.00164329,
0.2514647,
0.08270404,
0,
0,
0.01422024,
0,
0,
0.1132226,
0.124109,
0.1036871,
0,
0.03717747,
0.04832377,
0,
0,
0.02900602,
0.08593597,
2.914646e-11,
0.08305926,
0,
0,
0.003223351,
0,
0.01386719,
0.001844408,
0.2264774,
0.07374908,
0,
0,
0.01445993,
0,
0,
0.09722031,
0.1207152,
0.1102227,
0,
0.04069764,
0.05537038,
0,
0,
0.03994274,
0.1191505,
0,
0.5264069,
0,
0,
0.003099206,
0,
0.01175258,
0.0007637603,
0.2469026,
0.03194349,
0,
0,
0.003155284,
0,
0,
0.0423556,
0.06179454,
0.02833091,
0,
0.01404516,
0.01109834,
0,
0,
0.004142323,
0.0142093,
0,
0.8386519,
0,
0,
0.0004578028,
0,
0.003106104,
0.0005535417,
0.1098153,
0.005978139,
0,
0,
0.0008680071,
0,
0,
0.006256253,
0.01658622,
0.005218356,
0,
0.006547341,
0.002899912,
0,
0,
0.0006477828,
0.00241329,
5.870859e-12,
2093, 
0.1345026,
0,
0,
0.0003663457,
0,
0.01784645,
0.0003585725,
0.2877403,
0.08491901,
0,
0,
0.004994363,
0,
0,
0.03833205,
0.1380287,
0.1131719,
0,
0.01656476,
0.02936623,
0,
0,
0.02803225,
0.1057765,
0,
0.2309233,
0,
0,
0.003542211,
0,
0.02048662,
5.520704e-05,
0.3235566,
0.0801247,
0,
0,
0.001313864,
0,
0,
0.09237081,
0.1174018,
0.0713284,
0,
0.004793791,
0.009420969,
0,
0,
0.008129169,
0.03655249,
0,
0.6672287,
0,
0,
0.0007518773,
0,
0.009253334,
0.0002180086,
0.2230185,
0.02306718,
0,
0,
0.001138007,
0,
0,
0.01847082,
0.03551297,
0.01063093,
0,
0.004720238,
0.002965883,
0,
0,
0.0006403649,
0.002383226,
4.916956e-12,
0.3649967,
0,
0,
0.002392925,
0,
0.01716985,
0.001309013,
0.2918041,
0.0537464,
0,
0,
0.006135249,
0,
0,
0.05352535,
0.09001537,
0.04774579,
0,
0.0213128,
0.01835102,
0,
0,
0.007088467,
0.02440701,
0,
0.15607,
0,
0,
0.004976557,
0,
0.01381223,
0.003167039,
0.2180432,
0.05382869,
0,
0,
0.01348228,
0,
0,
0.08563701,
0.09698787,
0.07424788,
0,
0.04301529,
0.04378317,
0,
0,
0.02536432,
0.07339563,
0.09418884,
0.5644724,
0,
0,
0.0007669996,
0,
0.01063924,
0.0005647637,
0.2351478,
0.02802852,
0,
0,
0.002378397,
0,
0,
0.02111853,
0.0555531,
0.02411868,
0,
0.01141212,
0.008859135,
0,
0,
0.003206147,
0.01149625,
0.02223793,
0.7030711,
0,
0,
0.0003070431,
0,
0.007504207,
7.183164e-05,
0.1929967,
0.01807683,
0,
0,
0.0005011371,
0,
0,
0.01083161,
0.03824922,
0.01456402,
0,
0.003111441,
0.002997244,
0,
0,
0.001377384,
0.006340211,
1.38607e-09,
0.7428296,
0,
0,
0.001352204,
0,
0.005215309,
0.0009884986,
0.1519205,
0.0115465,
0,
0,
0.001888997,
0,
0,
0.01585834,
0.02954447,
0.01151692,
0,
0.01206001,
0.006543958,
0,
0,
0.00194116,
0.00679358,
0,
0.8018059,
0,
0,
0.0009305397,
0,
0.004006824,
0.0006420979,
0.1292104,
0.008268423,
0,
0,
0.00115965,
0,
0,
0.01081044,
0.02091914,
0.006871042,
0,
0.00779751,
0.003681884,
0,
0,
0.000844848,
0.003051223,
0,
0.3003926,
0,
0,
0.003064607,
0,
0.01827708,
0.0016731,
0.2906533,
0.06074438,
0,
0,
0.008419428,
0,
0,
0.06611893,
0.09876391,
0.05697486,
0,
0.02721093,
0.02517855,
0,
0,
0.01069074,
0.03183748,
3.268497e-13,
0.143356,
0,
0,
0.000489426,
0,
0.02025238,
0.0002236458,
0.3273847,
0.099439,
0,
0,
0.00411261,
0,
0,
0.0502816,
0.140753,
0.1011335,
0,
0.01240807,
0.02172701,
0,
0,
0.01631634,
0.06212268,
0,
0.09926024,
0,
0,
0.0108083,
0,
0.01466562,
0.001867495,
0.2376105,
0.07359503,
0,
0,
0.01379592,
0,
0,
0.1726302,
0.1117763,
0.08881302,
0,
0.0367818,
0.04392581,
0,
0,
0.02426201,
0.07020776,
0,
0.01891039,
0,
0,
0.009579647,
0,
0.005919599,
0.002189345,
0.1292454,
0.05440094,
0,
0,
0.01834122,
0,
0,
0.2236649,
0.0894903,
0.111677,
0,
0.04466316,
0.06369338,
0,
0,
0.04675232,
0.1814724,
1.455476e-10,
0.2957897,
0,
0,
0.007389782,
0,
0.01715689,
0.002236878,
0.2746131,
0.05595033,
0,
0,
0.009582328,
0,
0,
0.09203557,
0.09285414,
0.05344578,
0,
0.03095539,
0.02664833,
0,
0,
0.01067646,
0.03066534,
0,
0.3726004,
0,
0,
0.00638374,
0,
0.01509677,
0.00140162,
0.266033,
0.04634359,
0,
0,
0.006210377,
0,
0,
0.07628896,
0.08321924,
0.0459126,
0,
0.02308625,
0.02048281,
0,
0,
0.008995801,
0.0279448,
4.252797e-09,
0.1705561,
0,
0,
0.01239183,
0,
0.01408936,
0.001504807,
0.2218647,
0.05324616,
0,
0,
0.008426984,
0,
0,
0.1255558,
0.1034854,
0.08408437,
0,
0.03100139,
0.0392024,
0,
0,
0.03222742,
0.1023633,
6.750838e-09,
0.8798212,
0,
0,
1.821823e-05,
0,
0.002603992,
1.40881e-07,
0.09651756,
0.004953758,
0,
0,
4.58902e-06,
0,
0,
0.001384704,
0.01118722,
0.002672185,
0,
5.413837e-05,
9.125951e-05,
0,
0,
6.533237e-05,
0.0006256724,
0,
0.4000569,
0,
0,
0.00284904,
0,
0.01520607,
0.0006698369,
0.2736993,
0.04596014,
0,
0,
0.003791621,
0,
0,
0.05264531,
0.08576523,
0.04763894,
0,
0.01578051,
0.01627364,
0,
0,
0.008799028,
0.03086438,
0,
0.05478647,
0,
0,
0.03025112,
0,
0.009065496,
0.00220466,
0.1879502,
0.05968633,
0,
0,
0.01660442,
0,
0,
0.3108329,
0.08877251,
0.07382881,
0,
0.04145375,
0.04562865,
0,
0,
0.02059364,
0.05834106,
0,
0.1396651,
0,
0,
0.0081001,
0,
0.01751708,
0.001230093,
0.2815126,
0.08117414,
0,
0,
0.01025835,
0,
0,
0.1517337,
0.1146455,
0.07789896,
0,
0.02703413,
0.03093551,
0,
0,
0.01437106,
0.04392374,
0,
0.3119248,
0,
0,
0.003530353,
0,
0.01676848,
0.001127754,
0.2740095,
0.05402996,
0,
0,
0.00607748,
0,
0,
0.06480625,
0.09860817,
0.06158531,
0,
0.02287889,
0.02433446,
0,
0,
0.01410739,
0.04621131,
7.923973e-11,
0.3880238,
0,
0,
0.004420529,
0,
0.01504357,
0.0006221987,
0.2692448,
0.04562797,
0,
0,
0.003633525,
0,
0,
0.06333843,
0.08631476,
0.04908377,
0,
0.01535243,
0.01634442,
0,
0,
0.009366172,
0.03358364,
0,
0.08949215,
0,
0,
0.003333296,
0,
0.01530045,
0.001631211,
0.2497909,
0.0825369,
0,
0,
0.01410536,
0,
0,
0.1147673,
0.1238426,
0.1037364,
0,
0.03705109,
0.04831049,
0,
0,
0.02925701,
0.0868448,
2.914646e-11,
0.08258662,
0,
0,
0.002914712,
0,
0.01387394,
0.001853568,
0.2262662,
0.07426295,
0,
0,
0.01454735,
0,
0,
0.09487755,
0.1210918,
0.1107567,
0,
0.04092417,
0.0557256,
0,
0,
0.04025134,
0.1200676,
0,
0.5136966,
0,
0,
0.003365433,
0,
0.01203079,
0.0007830437,
0.2488776,
0.03319445,
0,
0,
0.00326306,
0,
0,
0.04584233,
0.06367926,
0.02964877,
0,
0.01444604,
0.01156693,
0,
0,
0.004420442,
0.01518522,
0,
0.8327609,
0,
0,
0.0005095473,
0,
0.003236147,
0.0005846882,
0.1125617,
0.006339024,
0,
0,
0.0009249529,
0,
0,
0.006972305,
0.01734059,
0.005518605,
0,
0.006895774,
0.003081021,
0,
0,
0.0006956286,
0.002579175,
5.870859e-12,
2094, 
0.1313172,
0,
0,
0.0004204971,
0,
0.01762648,
0.0003416625,
0.2838363,
0.08468848,
0,
0,
0.004846864,
0,
0,
0.04147778,
0.1378459,
0.1142216,
0,
0.01619785,
0.02922985,
0,
0,
0.0287156,
0.109234,
0,
0.224245,
0,
0,
0.003739195,
0,
0.02033298,
5.962902e-05,
0.3208484,
0.08073716,
0,
0,
0.001392359,
0,
0,
0.09705178,
0.1179315,
0.07243465,
0,
0.005044908,
0.009858403,
0,
0,
0.008490544,
0.03783349,
0,
0.6568494,
0,
0,
0.0008297336,
0,
0.009508898,
0.0002244263,
0.2258696,
0.02406704,
0,
0,
0.001185597,
0,
0,
0.02021968,
0.03765416,
0.01172819,
0,
0.005004843,
0.003269342,
0,
0,
0.0007568238,
0.002832356,
4.916956e-12,
0.3618433,
0,
0,
0.002453671,
0,
0.01727574,
0.001251592,
0.2918625,
0.05453034,
0,
0,
0.005928509,
0,
0,
0.05550064,
0.0907597,
0.04833194,
0,
0.02059205,
0.01786108,
0,
0,
0.006966279,
0.02484273,
0,
0.1530395,
0,
0,
0.005055053,
0,
0.01374222,
0.003081542,
0.2166577,
0.05416495,
0,
0,
0.01334814,
0,
0,
0.08813454,
0.09707902,
0.07466058,
0,
0.04258924,
0.04375917,
0,
0,
0.02561148,
0.07423564,
0.09484126,
0.5559199,
0,
0,
0.000827778,
0,
0.01083479,
0.0005829138,
0.2366577,
0.02892349,
0,
0,
0.002467529,
0,
0,
0.02271875,
0.05675679,
0.02487461,
0,
0.01174573,
0.009179994,
0,
0,
0.003356698,
0.01198968,
0.02316363,
0.6877186,
0,
0,
0.0003498814,
0,
0.00794156,
8.128496e-05,
0.1991336,
0.01956975,
0,
0,
0.0005674483,
0,
0,
0.01231892,
0.04082418,
0.01594939,
0,
0.00344057,
0.003358904,
0,
0,
0.001579317,
0.007166587,
1.38607e-09,
0.7293445,
0,
0,
0.001538147,
0,
0.005496798,
0.001062691,
0.1563883,
0.01244402,
0,
0,
0.00206559,
0,
0,
0.01800676,
0.0313468,
0.01249188,
0,
0.01293263,
0.007150004,
0,
0,
0.002177012,
0.0075548,
0,
0.7930182,
0,
0,
0.001050649,
0,
0.004197012,
0.0006778878,
0.1328357,
0.008825195,
0,
0,
0.001241406,
0,
0,
0.01216069,
0.02207941,
0.007385967,
0,
0.008265077,
0.003967903,
0,
0,
0.0009338692,
0.003361088,
0,
0.2933016,
0,
0,
0.003194869,
0,
0.01832171,
0.001671744,
0.2896366,
0.06169522,
0,
0,
0.00851322,
0,
0,
0.06930415,
0.09963936,
0.05797371,
0,
0.02740319,
0.02559056,
0,
0,
0.01099674,
0.03275734,
3.268497e-13,
0.143999,
0,
0,
0.0004969935,
0,
0.02017672,
0.0002242044,
0.3254236,
0.09901143,
0,
0,
0.004088083,
0,
0,
0.05094471,
0.1405057,
0.1012167,
0,
0.01242904,
0.02179362,
0,
0,
0.01655289,
0.06313734,
0,
0.09934372,
0,
0,
0.01101722,
0,
0.01462071,
0.001878795,
0.2364048,
0.07348692,
0,
0,
0.01377886,
0,
0,
0.175713,
0.1112584,
0.08822101,
0,
0.03678204,
0.04375662,
0,
0,
0.02408564,
0.06965225,
0,
0.01920363,
0,
0,
0.009144709,
0,
0.006032286,
0.002069327,
0.1303783,
0.05526347,
0,
0,
0.01774636,
0,
0,
0.221602,
0.09046324,
0.1126988,
0,
0.04337693,
0.06267878,
0,
0,
0.04674283,
0.1825994,
1.455476e-10,
0.2911776,
0,
0,
0.007536002,
0,
0.01718011,
0.002229054,
0.2733854,
0.05653568,
0,
0,
0.009619781,
0,
0,
0.09496584,
0.09330565,
0.05400991,
0,
0.03102529,
0.02688604,
0,
0,
0.01087971,
0.03126386,
0,
0.3579069,
0,
0,
0.006899118,
0,
0.01529541,
0.001471578,
0.2650456,
0.0476848,
0,
0,
0.006535438,
0,
0,
0.08180152,
0.08489569,
0.04765412,
0,
0.02401331,
0.02151677,
0,
0,
0.009613384,
0.02966636,
4.252797e-09,
0.1650974,
0,
0,
0.01269705,
0,
0.01396934,
0.001475676,
0.2197181,
0.05361775,
0,
0,
0.008352688,
0,
0,
0.13013,
0.1036242,
0.08487195,
0,
0.03066105,
0.03905238,
0,
0,
0.03237848,
0.104354,
6.750838e-09,
0.8722,
0,
0,
2.232936e-05,
0,
0.002816788,
1.54084e-07,
0.1016051,
0.005491271,
0,
0,
5.117202e-06,
0,
0,
0.001654386,
0.01223428,
0.003003595,
0,
5.979243e-05,
0.0001028733,
0,
0,
7.626904e-05,
0.0007281258,
0,
0.3887423,
0,
0,
0.003036656,
0,
0.0154273,
0.0006699946,
0.2738582,
0.04726108,
0,
0,
0.00383923,
0,
0,
0.05605717,
0.08751912,
0.04927818,
0,
0.01591594,
0.01665849,
0,
0,
0.009231524,
0.0325048,
0,
0.05519055,
0,
0,
0.0301134,
0,
0.00907308,
0.002187436,
0.1886384,
0.06001861,
0,
0,
0.01651506,
0,
0,
0.3152856,
0.0884267,
0.072781,
0,
0.04109652,
0.04483976,
0,
0,
0.01978648,
0.05604735,
0,
0.1376845,
0,
0,
0.008215679,
0,
0.01749548,
0.00121076,
0.2807988,
0.08190438,
0,
0,
0.01009437,
0,
0,
0.1559883,
0.1146441,
0.07784185,
0,
0.0264787,
0.0302018,
0,
0,
0.01390801,
0.04353329,
0,
0.3038234,
0,
0,
0.003680536,
0,
0.01683627,
0.001143295,
0.2725528,
0.05488472,
0,
0,
0.006208762,
0,
0,
0.06780357,
0.09954284,
0.06280539,
0,
0.02326184,
0.0249636,
0,
0,
0.01466926,
0.04782381,
7.923973e-11,
0.3757732,
0,
0,
0.004887109,
0,
0.01521413,
0.0006310701,
0.2685466,
0.04676712,
0,
0,
0.00373597,
0,
0,
0.06844641,
0.0877613,
0.05057495,
0,
0.01566926,
0.0169098,
0,
0,
0.009875852,
0.03520726,
0,
0.08908416,
0,
0,
0.003367488,
0,
0.01522075,
0.001622858,
0.2480475,
0.08236177,
0,
0,
0.01401255,
0,
0,
0.1163958,
0.1235497,
0.1037729,
0,
0.03696801,
0.04833359,
0,
0,
0.02951527,
0.08774768,
2.914646e-11,
0.08202483,
0,
0,
0.002648916,
0,
0.01386637,
0.001864009,
0.2258262,
0.07470573,
0,
0,
0.01463654,
0,
0,
0.09301802,
0.1213699,
0.1112295,
0,
0.0411558,
0.05608388,
0,
0,
0.04057076,
0.1209995,
0,
0.5013451,
0,
0,
0.003640734,
0,
0.01230009,
0.0007908153,
0.2506656,
0.03443781,
0,
0,
0.00333422,
0,
0,
0.04946908,
0.06552578,
0.03096562,
0,
0.0146996,
0.01195207,
0,
0,
0.004690747,
0.01618277,
0,
0.8266616,
0,
0,
0.000567554,
0,
0.003369896,
0.0006178626,
0.1153153,
0.006718597,
0,
0,
0.0009859585,
0,
0,
0.007771184,
0.01811957,
0.005833774,
0,
0.007262542,
0.003273356,
0,
0,
0.0007470419,
0.002755838,
5.870859e-12,
2095, 
0.1280688,
0,
0,
0.0004874772,
0,
0.01740984,
0.0003249861,
0.2800152,
0.08451407,
0,
0,
0.00470548,
0,
0,
0.04502192,
0.1376208,
0.115179,
0,
0.01583225,
0.02907808,
0,
0,
0.02933444,
0.1124075,
0,
0.2173972,
0,
0,
0.003953054,
0,
0.02016124,
6.439227e-05,
0.3178789,
0.08130596,
0,
0,
0.001475635,
0,
0,
0.1020231,
0.1184209,
0.07357956,
0,
0.005309776,
0.01032266,
0,
0,
0.008882775,
0.03922489,
0,
0.6460807,
0,
0,
0.0009172557,
0,
0.009769809,
0.0002309215,
0.2286701,
0.02510833,
0,
0,
0.001235283,
0,
0,
0.02214683,
0.03985038,
0.012886,
0,
0.005297252,
0.003590451,
0,
0,
0.0008861574,
0.003330451,
4.916955e-12,
0.3585398,
0,
0,
0.002521997,
0,
0.01738324,
0.001193074,
0.2918885,
0.05533412,
0,
0,
0.005716432,
0,
0,
0.05761461,
0.09151937,
0.04894125,
0,
0.01985103,
0.01735526,
0,
0,
0.006839955,
0.02530131,
0,
0.1498729,
0,
0,
0.005141396,
0,
0.01366128,
0.003002464,
0.2151126,
0.05447211,
0,
0,
0.01322958,
0,
0,
0.09074619,
0.09712837,
0.07507439,
0,
0.04220768,
0.04377722,
0,
0,
0.02589139,
0.07514471,
0.09553769,
0.5468524,
0,
0,
0.0008966171,
0,
0.01103529,
0.0006025436,
0.2381086,
0.0298583,
0,
0,
0.002564199,
0,
0,
0.02448262,
0.05802197,
0.02569515,
0,
0.01210501,
0.009532658,
0,
0,
0.003527442,
0.01254772,
0.0241695,
0.6715227,
0,
0,
0.000401437,
0,
0.008397036,
9.237856e-05,
0.205219,
0.02116966,
0,
0,
0.0006444037,
0,
0,
0.01403677,
0.04354249,
0.01746696,
0,
0.00381155,
0.003770883,
0,
0,
0.00181456,
0.008110153,
1.38607e-09,
0.7148675,
0,
0,
0.001753784,
0,
0.005792873,
0.00114625,
0.1608938,
0.01341217,
0,
0,
0.002264868,
0,
0,
0.02045756,
0.0332628,
0.01356105,
0,
0.01389498,
0.007828222,
0,
0,
0.002447457,
0.008416596,
0,
0.7838535,
0,
0,
0.001189016,
0,
0.004392712,
0.00071565,
0.1364253,
0.009414715,
0,
0,
0.001329614,
0,
0,
0.01369253,
0.0232845,
0.007935503,
0,
0.008757166,
0.004276008,
0,
0,
0.00103252,
0.003701174,
0,
0.2860665,
0,
0,
0.003332095,
0,
0.0183459,
0.00166948,
0.2884914,
0.06262536,
0,
0,
0.008607421,
0,
0,
0.07266907,
0.1004996,
0.05900238,
0,
0.02760089,
0.02602224,
0,
0,
0.0113232,
0.03374446,
3.268497e-13,
0.1444747,
0,
0,
0.000504063,
0,
0.02009341,
0.0002250989,
0.323355,
0.09858724,
0,
0,
0.004068174,
0,
0,
0.05160881,
0.1402782,
0.1013669,
0,
0.01246385,
0.02188834,
0,
0,
0.01682115,
0.06426504,
0,
0.09934235,
0,
0,
0.01121735,
0,
0.01456986,
0.001895903,
0.2351104,
0.07336547,
0,
0,
0.01378918,
0,
0,
0.1787827,
0.1107253,
0.0876408,
0,
0.03684499,
0.04364401,
0,
0,
0.02393299,
0.06913864,
0,
0.01948617,
0,
0,
0.008712231,
0,
0.00614258,
0.001958912,
0.1314492,
0.05610883,
0,
0,
0.01718447,
0,
0,
0.2193657,
0.09141445,
0.1137182,
0,
0.04216008,
0.06171518,
0,
0,
0.0467559,
0.1838282,
1.455476e-10,
0.2864171,
0,
0,
0.007685719,
0,
0.01719235,
0.002222338,
0.27206,
0.05710647,
0,
0,
0.009661579,
0,
0,
0.09799836,
0.09375664,
0.05460429,
0,
0.03111477,
0.02715018,
0,
0,
0.01110444,
0.03192575,
0,
0.3436027,
0,
0,
0.007422736,
0,
0.01547122,
0.001539397,
0.263804,
0.04896993,
0,
0,
0.00685433,
0,
0,
0.08742246,
0.08646949,
0.04935565,
0,
0.02491182,
0.02253781,
0,
0,
0.01023734,
0.03140119,
4.252797e-09,
0.1600339,
0,
0,
0.01300206,
0,
0.01385821,
0.001437464,
0.2177316,
0.05400611,
0,
0,
0.008229684,
0,
0,
0.134823,
0.1037801,
0.08564137,
0,
0.03015307,
0.03869017,
0,
0,
0.03235272,
0.1062605,
6.750838e-09,
0.8642501,
0,
0,
2.72657e-05,
0,
0.003041257,
1.668906e-07,
0.106802,
0.006073527,
0,
0,
5.671395e-06,
0,
0,
0.001969812,
0.01334949,
0.003366772,
0,
6.556955e-05,
0.0001154071,
0,
0,
8.871434e-05,
0.0008441955,
0,
0.3778976,
0,
0,
0.003227523,
0,
0.01563878,
0.0006611113,
0.2738914,
0.04854427,
0,
0,
0.003848427,
0,
0,
0.05956068,
0.08920995,
0.05089053,
0,
0.0159076,
0.01693425,
0,
0,
0.00964164,
0.03414635,
0,
0.05550153,
0,
0,
0.02996851,
0,
0.009066816,
0.00217113,
0.1891194,
0.06028926,
0,
0,
0.01642747,
0,
0,
0.319777,
0.08803952,
0.07176683,
0,
0.04076435,
0.04410407,
0,
0,
0.01904831,
0.05395578,
0,
0.1358716,
0,
0,
0.008326406,
0,
0.01748637,
0.00117722,
0.2802841,
0.08268656,
0,
0,
0.009826076,
0,
0,
0.1603339,
0.1147252,
0.07784398,
0,
0.02567119,
0.02921652,
0,
0,
0.01335853,
0.04319245,
0,
0.2958688,
0,
0,
0.003830742,
0,
0.01688566,
0.001160731,
0.2709766,
0.05569787,
0,
0,
0.006344203,
0,
0,
0.07086057,
0.1004145,
0.06400049,
0,
0.02365843,
0.02559907,
0,
0,
0.01523715,
0.0494652,
7.923973e-11,
0.3638511,
0,
0,
0.005387938,
0,
0.01536785,
0.0006382004,
0.2675946,
0.04786725,
0,
0,
0.003823137,
0,
0,
0.07381095,
0.0891187,
0.05203741,
0,
0.01591887,
0.01739265,
0,
0,
0.01033634,
0.03685509,
0,
0.08859194,
0,
0,
0.003406014,
0,
0.01513544,
0.001618789,
0.2462258,
0.08217882,
0,
0,
0.0139452,
0,
0,
0.118135,
0.1232253,
0.1037922,
0,
0.03693435,
0.04839758,
0,
0,
0.02977937,
0.08863427,
2.914646e-11,
0.08134218,
0,
0,
0.002429967,
0,
0.01384074,
0.001876218,
0.2250994,
0.07506138,
0,
0,
0.01472955,
0,
0,
0.09173413,
0.1215287,
0.1116337,
0,
0.04139707,
0.05645201,
0,
0,
0.04090951,
0.1219655,
0,
0.4894021,
0,
0,
0.003923569,
0,
0.01255991,
0.0007864824,
0.252272,
0.03567024,
0,
0,
0.003365989,
0,
0,
0.05322591,
0.06732839,
0.03227636,
0,
0.01479591,
0.01224454,
0,
0,
0.00495029,
0.01719835,
0,
0.8202482,
0,
0,
0.0006337202,
0,
0.003509237,
0.0006541798,
0.1181086,
0.007122757,
0,
0,
0.001052865,
0,
0,
0.008673607,
0.01893541,
0.006170359,
0,
0.007657249,
0.003482123,
0,
0,
0.0008035888,
0.002948059,
5.870859e-12,
2096, 
0.1247509,
0,
0,
0.0005723858,
0,
0.01719617,
0.0003093181,
0.2762722,
0.08439745,
0,
0,
0.004577623,
0,
0,
0.04907058,
0.137338,
0.1160149,
0,
0.01548677,
0.02892745,
0,
0,
0.02987643,
0.1152098,
0,
0.2103865,
0,
0,
0.004185386,
0,
0.01997071,
6.948255e-05,
0.3146386,
0.08182654,
0,
0,
0.001563334,
0,
0,
0.1073015,
0.1188635,
0.07475995,
0,
0.00558677,
0.01081213,
0,
0,
0.009306361,
0.04072936,
0,
0.6347986,
0,
0,
0.001018212,
0,
0.01003907,
0.0002380466,
0.2314383,
0.02620496,
0,
0,
0.001289738,
0,
0,
0.02430454,
0.04210433,
0.01410964,
0,
0.005604771,
0.003934616,
0,
0,
0.001030891,
0.0038843,
4.916956e-12,
0.3549571,
0,
0,
0.002601064,
0,
0.01749261,
0.001135201,
0.2918492,
0.05616408,
0,
0,
0.005506652,
0,
0,
0.05990895,
0.0923041,
0.04959105,
0,
0.01911301,
0.01685464,
0,
0,
0.006719228,
0.02580308,
0,
0.1465291,
0,
0,
0.005238228,
0,
0.01356691,
0.002931258,
0.2133721,
0.05474383,
0,
0,
0.01313131,
0,
0,
0.0934979,
0.09712587,
0.07548947,
0,
0.04188107,
0.04384613,
0,
0,
0.026209,
0.07613837,
0.09629946,
0.5371163,
0,
0,
0.0009763713,
0,
0.01124211,
0.000625058,
0.2394868,
0.03084224,
0,
0,
0.002673328,
0,
0,
0.02645221,
0.05936086,
0.02659501,
0,
0.01250605,
0.009930403,
0,
0,
0.003724386,
0.01318543,
0.02528345,
0.654428,
0,
0,
0.0004635477,
0,
0.008870059,
0.0001054899,
0.2112186,
0.02287973,
0,
0,
0.0007340387,
0,
0,
0.01601854,
0.04640639,
0.01912742,
0,
0.004231249,
0.004241086,
0,
0,
0.002088724,
0.009187095,
1.38607e-09,
0.6993238,
0,
0,
0.002003789,
0,
0.006103544,
0.001240574,
0.1654125,
0.01445458,
0,
0,
0.00249009,
0,
0,
0.02324878,
0.03529542,
0.01473241,
0,
0.01495709,
0.008587612,
0,
0,
0.002757731,
0.009392091,
0,
0.7741373,
0,
0,
0.001350476,
0,
0.004596904,
0.0007572192,
0.1400256,
0.01004682,
0,
0,
0.001427703,
0,
0,
0.01544705,
0.02455223,
0.008530322,
0,
0.009289349,
0.004615208,
0,
0,
0.001143823,
0.004080013,
0,
0.2786214,
0,
0,
0.003478768,
0,
0.01834676,
0.001667539,
0.2871871,
0.06353175,
0,
0,
0.008707266,
0,
0,
0.07625265,
0.1013421,
0.06006837,
0,
0.02781795,
0.02648653,
0,
0,
0.01167674,
0.03481514,
3.268497e-13,
0.1447625,
0,
0,
0.0005111602,
0,
0.02000235,
0.0002265364,
0.3211808,
0.09817154,
0,
0,
0.004055245,
0,
0,
0.05230213,
0.1400655,
0.1015767,
0,
0.01251792,
0.02201618,
0,
0,
0.01711981,
0.06549166,
0,
0.09924665,
0,
0,
0.01141288,
0,
0.01451322,
0.001917401,
0.233732,
0.07323483,
0,
0,
0.01382161,
0,
0,
0.1818824,
0.1101777,
0.08707154,
0,
0.03695627,
0.04357655,
0,
0,
0.02379909,
0.06865782,
0,
0.01974908,
0,
0,
0.008288681,
0,
0.006247465,
0.001857137,
0.1324411,
0.05692619,
0,
0,
0.01665188,
0,
0,
0.2170486,
0.09233214,
0.1147289,
0,
0.04100469,
0.06078509,
0,
0,
0.04676674,
0.1851723,
1.455476e-10,
0.281471,
0,
0,
0.007840555,
0,
0.01719242,
0.002217756,
0.2706268,
0.05766204,
0,
0,
0.009711102,
0,
0,
0.1011508,
0.09420591,
0.05523128,
0,
0.03123276,
0.02744745,
0,
0,
0.01135337,
0.03265681,
0,
0.3298054,
0,
0,
0.007949196,
0,
0.01562195,
0.001604006,
0.2623306,
0.0501885,
0,
0,
0.007162964,
0,
0,
0.09311753,
0.08792579,
0.05099887,
0,
0.02577045,
0.02353389,
0,
0,
0.01086048,
0.03313045,
4.252797e-09,
0.1553331,
0,
0,
0.01330753,
0,
0.0137557,
0.001391192,
0.2158933,
0.05441058,
0,
0,
0.008062787,
0,
0,
0.1396364,
0.1039503,
0.08639032,
0,
0.02949405,
0.03813504,
0,
0,
0.03216418,
0.1080754,
6.750839e-09,
0.8559529,
0,
0,
3.317495e-05,
0,
0.003277932,
1.800805e-07,
0.1121081,
0.006703801,
0,
0,
6.278145e-06,
0,
0,
0.002337856,
0.01453619,
0.003764283,
0,
7.167771e-05,
0.0001292408,
0,
0,
0.0001029722,
0.0009754212,
0,
0.3675237,
0,
0,
0.003422977,
0,
0.01584334,
0.0006429302,
0.2738375,
0.04981982,
0,
0,
0.003813682,
0,
0,
0.06317738,
0.09085398,
0.05248757,
0,
0.01573182,
0.01705788,
0,
0,
0.009988768,
0.03579869,
0,
0.05570317,
0,
0,
0.02982117,
0,
0.009044737,
0.002155872,
0.1893695,
0.06049083,
0,
0,
0.01634291,
0,
0,
0.324349,
0.08760607,
0.07078738,
0,
0.04046121,
0.04342559,
0,
0,
0.01837819,
0.05206436,
0,
0.1342063,
0,
0,
0.00843282,
0,
0.01748775,
0.001130644,
0.2799368,
0.08351223,
0,
0,
0.009463065,
0,
0,
0.1647697,
0.114879,
0.07790144,
0,
0.02463724,
0.02800793,
0,
0,
0.01273415,
0.04290097,
0,
0.288062,
0,
0,
0.00398232,
0,
0.01691744,
0.001178383,
0.2693103,
0.0564753,
0,
0,
0.006474792,
0,
0,
0.07400206,
0.1012366,
0.06518196,
0,
0.02403642,
0.02620479,
0,
0,
0.01578759,
0.05115008,
7.923972e-11,
0.3521441,
0,
0,
0.005919649,
0,
0.0155015,
0.0006473421,
0.2663349,
0.04891641,
0,
0,
0.003916848,
0,
0,
0.07938747,
0.09036772,
0.05346097,
0,
0.01618387,
0.01788712,
0,
0,
0.01080877,
0.03852337,
0,
0.08800488,
0,
0,
0.003450394,
0,
0.01504395,
0.001619644,
0.2443179,
0.08198813,
0,
0,
0.01390699,
0,
0,
0.1200134,
0.1228642,
0.1037888,
0,
0.03695672,
0.04850681,
0,
0,
0.03004701,
0.08949117,
2.914646e-11,
0.08050921,
0,
0,
0.002259811,
0,
0.01379362,
0.00189102,
0.2240335,
0.07531552,
0,
0,
0.01483021,
0,
0,
0.09108809,
0.1215495,
0.1119646,
0,
0.04165661,
0.05684119,
0,
0,
0.04127839,
0.1229888,
0,
0.4778966,
0,
0,
0.00421234,
0,
0.01280987,
0.0007699842,
0.2537023,
0.03688912,
0,
0,
0.003357419,
0,
0,
0.05710294,
0.06908309,
0.03357734,
0,
0.01473241,
0.01243987,
0,
0,
0.005197179,
0.01822954,
0,
0.813364,
0,
0,
0.0007110069,
0,
0.00365692,
0.0006954136,
0.1209869,
0.007560246,
0,
0,
0.001128593,
0,
0,
0.009710405,
0.01980633,
0.006538374,
0,
0.008094829,
0.003715554,
0,
0,
0.000867816,
0.003163528,
5.870859e-12,
2097, 
0.1213551,
0,
0,
0.0006818507,
0,
0.0169841,
0.0002954301,
0.2725863,
0.08433355,
0,
0,
0.004470432,
0,
0,
0.05374417,
0.1369768,
0.1166995,
0,
0.01517988,
0.0287945,
0,
0,
0.0303321,
0.1175662,
0,
0.2032249,
0,
0,
0.004437616,
0,
0.01976093,
7.491015e-05,
0.3111208,
0.08229429,
0,
0,
0.001655425,
0,
0,
0.1128998,
0.1192518,
0.07597045,
0,
0.005875289,
0.01132609,
0,
0,
0.009761442,
0.04234632,
0,
0.6228564,
0,
0,
0.001137877,
0,
0.01031988,
0.0002465967,
0.2341857,
0.02737289,
0,
0,
0.001352719,
0,
0,
0.0267605,
0.04441978,
0.01540554,
0,
0.005937847,
0.004309484,
0,
0,
0.001194048,
0.004500748,
4.916956e-12,
0.3508303,
0,
0,
0.00269327,
0,
0.01759647,
0.001087435,
0.291589,
0.05700054,
0,
0,
0.005348383,
0,
0,
0.06239616,
0.09308469,
0.05027961,
0,
0.01853864,
0.01651589,
0,
0,
0.006677864,
0.02636179,
0,
0.1429637,
0,
0,
0.005348486,
0,
0.01345605,
0.002869563,
0.2113916,
0.05497133,
0,
0,
0.01305949,
0,
0,
0.09641597,
0.09705787,
0.07590429,
0,
0.04162412,
0.0439807,
0,
0,
0.02657428,
0.07723448,
0.09714808,
0.5265503,
0,
0,
0.001070715,
0,
0.01145621,
0.0006522465,
0.2407673,
0.03188394,
0,
0,
0.002801006,
0,
0,
0.02867688,
0.06078316,
0.02758917,
0,
0.0129677,
0.01038881,
0,
0,
0.003954726,
0.01391989,
0.02653793,
0.6363966,
0,
0,
0.0005382977,
0,
0.009359236,
0.0001210487,
0.2170876,
0.02470037,
0,
0,
0.0008385676,
0,
0,
0.01829849,
0.04941363,
0.02093962,
0,
0.004706808,
0.004777749,
0,
0,
0.002407851,
0.01041406,
1.38607e-09,
0.6826463,
0,
0,
0.00229357,
0,
0.006428339,
0.001347273,
0.1699101,
0.01557376,
0,
0,
0.002744916,
0,
0,
0.02642122,
0.03744494,
0.01601328,
0,
0.01612956,
0.009437832,
0,
0,
0.003113654,
0.01049524,
0,
0.7636697,
0,
0,
0.001540947,
0,
0.004812781,
0.0008048663,
0.1436825,
0.01073239,
0,
0,
0.001539883,
0,
0,
0.01747272,
0.02590292,
0.009183329,
0,
0.009880656,
0.004996789,
0,
0,
0.001271751,
0.004508773,
0,
0.2708901,
0,
0,
0.003638438,
0,
0.0183214,
0.001667558,
0.2856792,
0.06441066,
0,
0,
0.008819714,
0,
0,
0.08010515,
0.102162,
0.06117972,
0,
0.02807184,
0.02699979,
0,
0,
0.01206574,
0.03598868,
3.268496e-13,
0.1448433,
0,
0,
0.0005189817,
0,
0.01990356,
0.0002287048,
0.3189047,
0.09776977,
0,
0,
0.00405143,
0,
0,
0.05306008,
0.1398618,
0.1018361,
0,
0.01259589,
0.02218087,
0,
0,
0.01744629,
0.06679862,
0,
0.09904533,
0,
0,
0.01160635,
0,
0.01444808,
0.001941062,
0.2322853,
0.07309535,
0,
0,
0.01386788,
0,
0,
0.1850768,
0.1096149,
0.08650944,
0,
0.03709728,
0.04353861,
0,
0,
0.02367568,
0.06819781,
0,
0.01998398,
0,
0,
0.007878651,
0,
0.006344256,
0.001764168,
0.1333327,
0.0577039,
0,
0,
0.01615184,
0,
0,
0.2147154,
0.09320162,
0.1157195,
0,
0.03991809,
0.05989083,
0,
0,
0.04676453,
0.1866305,
1.455476e-10,
0.2763078,
0,
0,
0.008001926,
0,
0.01717895,
0.002216312,
0.2690732,
0.0582005,
0,
0,
0.009771564,
0,
0,
0.1044383,
0.09465145,
0.05589309,
0,
0.03138808,
0.02778473,
0,
0,
0.01162969,
0.03346439,
0,
0.3166072,
0,
0,
0.008473479,
0,
0.01574593,
0.001664581,
0.2606514,
0.05133215,
0,
0,
0.007458031,
0,
0,
0.09885645,
0.08925372,
0.05256828,
0,
0.02658072,
0.024495,
0,
0,
0.01147619,
0.03483688,
4.252797e-09,
0.1509608,
0,
0,
0.0136142,
0,
0.01366121,
0.001338102,
0.2141877,
0.05482942,
0,
0,
0.007857798,
0,
0,
0.1445709,
0.1041305,
0.08711578,
0,
0.02870374,
0.03740944,
0,
0,
0.03182863,
0.1097917,
6.750838e-09,
0.847288,
0,
0,
4.024029e-05,
0,
0.003527344,
1.956558e-07,
0.1175224,
0.007385507,
0,
0,
6.98948e-06,
0,
0,
0.002766577,
0.0157976,
0.004198751,
0,
7.853375e-05,
0.0001450054,
0,
0,
0.0001194398,
0.001123421,
0,
0.3575035,
0,
0,
0.003622856,
0,
0.01603773,
0.0006175156,
0.2736376,
0.05107719,
0,
0,
0.003750634,
0,
0,
0.06689739,
0.09243277,
0.05406027,
0,
0.01545275,
0.01711405,
0,
0,
0.0103383,
0.03745738,
0,
0.05578122,
0,
0,
0.02967552,
0,
0.009005105,
0.002141838,
0.1893664,
0.06061613,
0,
0,
0.01626266,
0,
0,
0.3290357,
0.08712242,
0.06984448,
0,
0.04019152,
0.04280896,
0,
0,
0.01777571,
0.05037237,
0,
0.1326575,
0,
0,
0.008535567,
0,
0.01749648,
0.001072894,
0.2797084,
0.08436824,
0,
0,
0.009020384,
0,
0,
0.1692901,
0.115092,
0.0780098,
0,
0.02341563,
0.02661884,
0,
0,
0.01205279,
0.04266129,
0,
0.2803618,
0,
0,
0.004135739,
0,
0.01692967,
0.001197127,
0.2675375,
0.05721242,
0,
0,
0.006606135,
0,
0,
0.07723543,
0.1020026,
0.06634659,
0,
0.02441575,
0.02680482,
0,
0,
0.01633652,
0.05287788,
7.923972e-11,
0.3406366,
0,
0,
0.006481148,
0,
0.01561413,
0.0006576228,
0.264812,
0.04991785,
0,
0,
0.004011384,
0,
0,
0.08518691,
0.09152082,
0.05485448,
0,
0.01644298,
0.01836636,
0,
0,
0.01127359,
0.04022414,
0,
0.08731253,
0,
0,
0.003502166,
0,
0.01494551,
0.001626061,
0.2423134,
0.08178851,
0,
0,
0.01390137,
0,
0,
0.1220585,
0.1224611,
0.103758,
0,
0.03704156,
0.04866583,
0,
0,
0.03031687,
0.09030854,
2.914646e-11,
0.07950108,
0,
0,
0.002139182,
0,
0.0137222,
0.00190948,
0.222586,
0.07545668,
0,
0,
0.01494365,
0,
0,
0.09111866,
0.1214171,
0.1122183,
0,
0.04194558,
0.05726466,
0,
0,
0.04168788,
0.1240895,
0,
0.4668411,
0,
0,
0.004505237,
0,
0.01304972,
0.0007418839,
0.2549624,
0.03809227,
0,
0,
0.003309483,
0,
0,
0.06108887,
0.07078683,
0.03486544,
0,
0.01451407,
0.0125382,
0,
0,
0.005430365,
0.01927408,
0,
0.8058183,
0,
0,
0.0008035221,
0,
0.003816158,
0.0007439692,
0.1239983,
0.00804175,
0,
0,
0.001217092,
0,
0,
0.01092229,
0.02075387,
0.006950298,
0,
0.008594571,
0.003984432,
0,
0,
0.0009431322,
0.003412243,
5.870859e-12,
2098, 
0.1178743,
0,
0,
0.0008238599,
0,
0.01677198,
0.0002840697,
0.2689311,
0.08431407,
0,
0,
0.004390823,
0,
0,
0.0591693,
0.1365146,
0.1172016,
0,
0.01492966,
0.02869551,
0,
0,
0.03069293,
0.1194063,
0,
0.1959322,
0,
0,
0.004710722,
0,
0.01953185,
8.069252e-05,
0.3073244,
0.08270476,
0,
0,
0.001751987,
0,
0,
0.118824,
0.1195781,
0.07720333,
0,
0.006175134,
0.01186399,
0,
0,
0.01024748,
0.04407142,
0,
0.6100911,
0,
0,
0.001283091,
0,
0.01061487,
0.0002576472,
0.2369074,
0.0286275,
0,
0,
0.001429098,
0,
0,
0.02959431,
0.04680342,
0.01678423,
0,
0.006310586,
0.004726042,
0,
0,
0.001380159,
0.005190502,
4.916956e-12,
0.3461051,
0,
0,
0.002801982,
0,
0.01769362,
0.001047115,
0.2911488,
0.05785688,
0,
0,
0.005225124,
0,
0,
0.06514601,
0.09388909,
0.05103539,
0,
0.01807044,
0.01628179,
0,
0,
0.00669021,
0.02700845,
0,
0.1391463,
0,
0,
0.005476776,
0,
0.01332698,
0.002816483,
0.2091478,
0.05515238,
0,
0,
0.01300803,
0,
0,
0.09955052,
0.09692174,
0.07632778,
0,
0.04141339,
0.04415267,
0,
0,
0.02696862,
0.07846622,
0.09812431,
0.5149975,
0,
0,
0.001184135,
0,
0.01167774,
0.0006862283,
0.2419107,
0.03298979,
0,
0,
0.002954224,
0,
0,
0.03121075,
0.06229462,
0.02869235,
0,
0.01351055,
0.01092535,
0,
0,
0.004227089,
0.01477103,
0.02796792,
0.6174196,
0,
0,
0.0006279334,
0,
0.009862211,
0.0001395063,
0.222771,
0.02662832,
0,
0,
0.0009602094,
0,
0,
0.02090964,
0.05255565,
0.02290866,
0,
0.00524485,
0.00538856,
0,
0,
0.002777839,
0.01180606,
1.38607e-09,
0.6647788,
0,
0,
0.002629194,
0,
0.006766261,
0.001468132,
0.1743427,
0.0167708,
0,
0,
0.003033364,
0,
0,
0.03001727,
0.0397085,
0.01741016,
0,
0.0174231,
0.01038907,
0,
0,
0.003521694,
0.01174092,
0,
0.7522519,
0,
0,
0.001767157,
0,
0.005043205,
0.0008610731,
0.1474322,
0.0114819,
0,
0,
0.001670768,
0,
0,
0.01982239,
0.02735589,
0.009907983,
0,
0.01055128,
0.005433148,
0,
0,
0.00142092,
0.005000208,
0,
0.2627946,
0,
0,
0.003815424,
0,
0.01826648,
0.00167145,
0.2839069,
0.06525504,
0,
0,
0.008952805,
0,
0,
0.08428144,
0.1029513,
0.06234589,
0,
0.02838262,
0.02758197,
0,
0,
0.01250182,
0.03729233,
3.268497e-13,
0.1446989,
0,
0,
0.0005283434,
0,
0.01979666,
0.0002317494,
0.3165239,
0.09738434,
0,
0,
0.004058328,
0,
0,
0.05392093,
0.1396606,
0.1021369,
0,
0.0127012,
0.02238531,
0,
0,
0.01779916,
0.06817365,
0,
0.09872944,
0,
0,
0.01180108,
0,
0.0143722,
0.001964872,
0.230783,
0.07294682,
0,
0,
0.01392017,
0,
0,
0.1884324,
0.109035,
0.08594961,
0,
0.03725001,
0.04351474,
0,
0,
0.0235547,
0.06774593,
0,
0.02018349,
0,
0,
0.00748591,
0,
0.006430523,
0.001680225,
0.1341036,
0.05843089,
0,
0,
0.01568668,
0,
0,
0.2124293,
0.09400935,
0.1166799,
0,
0.03890523,
0.05903193,
0,
0,
0.04673825,
0.1882047,
1.455476e-10,
0.2709065,
0,
0,
0.008170758,
0,
0.01715048,
0.002218923,
0.267386,
0.05871866,
0,
0,
0.009845771,
0,
0,
0.1078713,
0.09509016,
0.05659115,
0,
0.03158879,
0.02816838,
0,
0,
0.01193672,
0.03435629,
0,
0.3040642,
0,
0,
0.008991372,
0,
0.01584225,
0.001720696,
0.2587934,
0.05239555,
0,
0,
0.007737569,
0,
0,
0.1046163,
0.09044739,
0.05405265,
0,
0.02733844,
0.02541456,
0,
0,
0.01207911,
0.03650647,
4.252797e-09,
0.1468807,
0,
0,
0.01392213,
0,
0.01357314,
0.001279537,
0.2125992,
0.05525904,
0,
0,
0.007620974,
0,
0,
0.1496294,
0.1043149,
0.08781391,
0,
0.02780365,
0.03653733,
0,
0,
0.03136202,
0.1114041,
6.750838e-09,
0.8382322,
0,
0,
4.868256e-05,
0,
0.003790012,
2.175603e-07,
0.1230431,
0.008122174,
0,
0,
7.894301e-06,
0,
0,
0.003265237,
0.01713759,
0.004673409,
0,
8.683602e-05,
0.0001636815,
0,
0,
0.0001386796,
0.001290334,
0,
0.3478344,
0,
0,
0.003828348,
0,
0.01622368,
0.0005851613,
0.2733501,
0.05232839,
0,
0,
0.003652881,
0,
0,
0.07075381,
0.09397013,
0.05562609,
0,
0.01504146,
0.01704056,
0,
0,
0.01062549,
0.03913944,
0,
0.05572441,
0,
0,
0.02953531,
0,
0.008946605,
0.002129212,
0.1890932,
0.06065963,
0,
0,
0.01618802,
0,
0,
0.3338696,
0.08658491,
0.06893818,
0,
0.03995901,
0.04225727,
0,
0,
0.01723923,
0.04887531,
0,
0.1311757,
0,
0,
0.008634908,
0,
0.01750724,
0.001007499,
0.2795155,
0.08523098,
0,
0,
0.008527291,
0,
0,
0.1738736,
0.1153365,
0.07815592,
0,
0.02208063,
0.02513219,
0,
0,
0.01135002,
0.04247193,
0,
0.2728173,
0,
0,
0.004294059,
0,
0.01692785,
0.001211668,
0.265751,
0.05793324,
0,
0,
0.006709241,
0,
0,
0.08061944,
0.102754,
0.06752513,
0,
0.02469339,
0.02728087,
0,
0,
0.01680451,
0.05467822,
7.923972e-11,
0.3292877,
0,
0,
0.007072797,
0,
0.01570483,
0.0006688805,
0.2630466,
0.05087271,
0,
0,
0.004105611,
0,
0,
0.0912228,
0.09258455,
0.05622387,
0,
0.01669225,
0.01882447,
0,
0,
0.0117254,
0.04196748,
0,
0.08650726,
0,
0,
0.003562874,
0,
0.01483961,
0.001638622,
0.2402052,
0.08157925,
0,
0,
0.01393145,
0,
0,
0.1242976,
0.1220109,
0.1036948,
0,
0.03719434,
0.04887784,
0,
0,
0.03058652,
0.09107387,
2.914646e-11,
0.07829719,
0,
0,
0.00206819,
0,
0.01362409,
0.001932763,
0.2207216,
0.07547506,
0,
0,
0.0150755,
0,
0,
0.09184732,
0.1211182,
0.1123921,
0,
0.04227604,
0.05773642,
0,
0,
0.04214852,
0.125287,
0,
0.4562325,
0,
0,
0.004800282,
0,
0.0132793,
0.0007034372,
0.2560578,
0.03927794,
0,
0,
0.003225122,
0,
0,
0.06517126,
0.07243747,
0.03613811,
0,
0.01415326,
0.01254413,
0,
0,
0.005649565,
0.02032983,
0,
0.7973978,
0,
0,
0.0009166217,
0,
0.003990309,
0.0008028816,
0.1271869,
0.008579122,
0,
0,
0.001323332,
0,
0,
0.01235957,
0.02180114,
0.007420533,
0,
0.009179531,
0.004301939,
0,
0,
0.001033857,
0.003706492,
5.870859e-12,
2099, 
0.114307,
0,
0,
0.001006248,
0,
0.01655805,
0.000275906,
0.2652778,
0.08432783,
0,
0,
0.00434503,
0,
0,
0.06544834,
0.1359296,
0.1174937,
0,
0.01475311,
0.02864691,
0,
0,
0.03095443,
0.1206761,
0,
0.1885322,
0,
0,
0.005005667,
0,
0.01928353,
8.685199e-05,
0.3032502,
0.08305333,
0,
0,
0.001853192,
0,
0,
0.1250771,
0.1198339,
0.07844955,
0,
0.006486463,
0.01242559,
0,
0,
0.01076377,
0.04589869,
0,
0.5963438,
0,
0,
0.001462164,
0,
0.0109257,
0.0002725561,
0.2395809,
0.02998164,
0,
0,
0.001524759,
0,
0,
0.03289295,
0.04926041,
0.01825709,
0,
0.006739834,
0.005197636,
0,
0,
0.001594725,
0.005965832,
4.916956e-12,
0.3406564,
0,
0,
0.002930223,
0,
0.01777953,
0.00101622,
0.290488,
0.05873086,
0,
0,
0.005145487,
0,
0,
0.0682088,
0.09472007,
0.05187426,
0,
0.0177346,
0.01617705,
0,
0,
0.006768744,
0.02776976,
0,
0.1350371,
0,
0,
0.005626445,
0,
0.01317592,
0.002774266,
0.206585,
0.05527334,
0,
0,
0.01298743,
0,
0,
0.1029237,
0.09669508,
0.07675022,
0,
0.04127636,
0.04439293,
0,
0,
0.02741319,
0.07984327,
0.09924572,
0.5023178,
0,
0,
0.001321839,
0,
0.01190578,
0.0007293651,
0.2428638,
0.03416272,
0,
0,
0.00314052,
0,
0,
0.03410925,
0.0638956,
0.02991777,
0,
0.01415575,
0.01155856,
0,
0,
0.004551438,
0.01576122,
0.0296085,
0.5975252,
0,
0,
0.0007347519,
0,
0.01037552,
0.0001612839,
0.2282043,
0.02865583,
0,
0,
0.001100925,
0,
0,
0.02388116,
0.05581661,
0.02503474,
0,
0.005850542,
0.006079768,
0,
0,
0.003203993,
0.01337535,
1.38607e-09,
0.6456917,
0,
0,
0.003016938,
0,
0.007115543,
0.001604924,
0.1786557,
0.01804439,
0,
0,
0.003359398,
0,
0,
0.03407677,
0.04207837,
0.01892716,
0,
0.01884681,
0.01145075,
0,
0,
0.003988397,
0.01314322,
0,
0.7397197,
0,
0,
0.002035957,
0,
0.005290044,
0.0009281738,
0.1512896,
0.01230333,
0,
0,
0.001824722,
0,
0,
0.02254726,
0.02892555,
0.01071626,
0,
0.01131946,
0.005936148,
0,
0,
0.001596187,
0.005567487,
0,
0.2542726,
0,
0,
0.004014528,
0,
0.01817861,
0.001681254,
0.2818062,
0.06605566,
0,
0,
0.00911509,
0,
0,
0.08883824,
0.1036967,
0.06357169,
0,
0.02877048,
0.02825275,
0,
0,
0.01299609,
0.03875016,
3.268497e-13,
0.1443228,
0,
0,
0.0005401571,
0,
0.0196823,
0.0002357529,
0.3140509,
0.09702145,
0,
0,
0.004076988,
0,
0,
0.05492726,
0.1394551,
0.1024648,
0,
0.01283526,
0.02262861,
0,
0,
0.01817199,
0.06958664,
0,
0.09829318,
0,
0,
0.01200109,
0,
0.01428406,
0.001987124,
0.2292337,
0.07278904,
0,
0,
0.01397161,
0,
0,
0.1920122,
0.1084353,
0.08538637,
0,
0.03739803,
0.04349044,
0,
0,
0.02342871,
0.06728914,
0,
0.02031411,
0,
0,
0.00710676,
0,
0.006495227,
0.001617031,
0.1345485,
0.0590108,
0,
0,
0.01537129,
0,
0,
0.2099668,
0.09460541,
0.1174239,
0,
0.03825362,
0.0586523,
0,
0,
0.04704793,
0.1895863,
1.455476e-10,
0.2652539,
0,
0,
0.008347644,
0,
0.01710552,
0.002226428,
0.2655517,
0.05921241,
0,
0,
0.009936173,
0,
0,
0.1114565,
0.09551819,
0.05732625,
0,
0.03184222,
0.02860435,
0,
0,
0.01227791,
0.03534083,
0,
0.2921993,
0,
0,
0.009499584,
0,
0.01591073,
0.001772321,
0.2567818,
0.05337617,
0,
0,
0.008000948,
0,
0,
0.1103809,
0.09150541,
0.05544525,
0,
0.02804344,
0.02628949,
0,
0,
0.01266547,
0.03812923,
4.252797e-09,
0.1430443,
0,
0,
0.01422707,
0,
0.01348586,
0.001217475,
0.211102,
0.05568645,
0,
0,
0.00736346,
0,
0,
0.1548123,
0.1044867,
0.08846983,
0,
0.02683487,
0.03557014,
0,
0,
0.030804,
0.1128956,
6.750838e-09,
0.8287609,
0,
0,
5.875976e-05,
0,
0.004066428,
2.533526e-07,
0.1286671,
0.008917399,
0,
0,
9.140564e-06,
0,
0,
0.003844238,
0.0185599,
0.005191581,
0,
9.76978e-05,
0.0001867157,
0,
0,
0.0001614164,
0.00147844,
0,
0.3384283,
0,
0,
0.004038509,
0,
0.01639696,
0.0005481471,
0.2729514,
0.053565,
0,
0,
0.003532368,
0,
0,
0.07474595,
0.09545663,
0.05718047,
0,
0.01454455,
0.01688682,
0,
0,
0.01088036,
0.04084452,
0,
0.05552439,
0,
0,
0.02940301,
0,
0.008868309,
0.002117991,
0.1885366,
0.06061675,
0,
0,
0.01611926,
0,
0,
0.3388707,
0.08599215,
0.0680708,
0,
0.03976578,
0.04177338,
0,
0,
0.01676827,
0.04757259,
0,
0.1297181,
0,
0,
0.008732064,
0,
0.01751574,
0.0009372871,
0.2792913,
0.086082,
0,
0,
0.008004809,
0,
0,
0.1785125,
0.1155947,
0.07833538,
0,
0.02068448,
0.02360345,
0,
0,
0.01064869,
0.0423395,
0,
0.2654669,
0,
0,
0.004460159,
0,
0.01691705,
0.001217309,
0.2640327,
0.05866028,
0,
0,
0.006758563,
0,
0,
0.08421124,
0.103527,
0.06874418,
0,
0.02477988,
0.02752945,
0,
0,
0.0171208,
0.0565745,
7.923973e-11,
0.3180633,
0,
0,
0.007696554,
0,
0.0157734,
0.0006805368,
0.2610586,
0.05178316,
0,
0,
0.00419635,
0,
0,
0.09751734,
0.09356666,
0.05757619,
0,
0.01692008,
0.01924804,
0,
0,
0.01215485,
0.04376491,
0,
0.08558512,
0,
0,
0.003633979,
0,
0.014726,
0.001657694,
0.2379902,
0.08136041,
0,
0,
0.01399911,
0,
0,
0.126756,
0.1215102,
0.1035939,
0,
0.03741778,
0.04914341,
0,
0,
0.03085256,
0.09177367,
2.914646e-11,
0.07688235,
0,
0,
0.002046746,
0,
0.01349744,
0.001961861,
0.2184138,
0.07536284,
0,
0,
0.01523053,
0,
0,
0.09328702,
0.1206416,
0.112483,
0,
0.0426578,
0.05826816,
0,
0,
0.04266939,
0.1265975,
0,
0.4460553,
0,
0,
0.005095405,
0,
0.01349862,
0.0006565246,
0.2569943,
0.04044479,
0,
0,
0.003108992,
0,
0,
0.06933694,
0.07403334,
0.0373928,
0,
0.01366859,
0.01246565,
0,
0,
0.005854858,
0.0213939,
0,
0.7878883,
0,
0,
0.001056715,
0,
0.004182375,
0.0008756336,
0.1305839,
0.009183932,
0,
0,
0.001452989,
0,
0,
0.01407907,
0.02297,
0.007964169,
0,
0.009874674,
0.004682833,
0,
0,
0.001145094,
0.004060373,
5.870859e-12,
2100, 
0.1106659,
0,
0,
0.001234514,
0,
0.01634184,
0.0002713609,
0.2616174,
0.08436789,
0,
0,
0.004337057,
0,
0,
0.07263688,
0.1352092,
0.1175553,
0,
0.01466111,
0.02865878,
0,
0,
0.03111161,
0.1213311,
0,
0.1810596,
0,
0,
0.00531922,
0,
0.01901702,
9.34101e-05,
0.2989137,
0.08333876,
0,
0,
0.001959244,
0,
0,
0.131622,
0.1200166,
0.07970364,
0,
0.006809685,
0.01301126,
0,
0,
0.01131039,
0.04782552,
0,
0.5814768,
0,
0,
0.00168438,
0,
0.01125274,
0.0002929033,
0.2421668,
0.03144373,
0,
0,
0.001646218,
0,
0,
0.0367429,
0.05179248,
0.01983468,
0,
0.007243831,
0.005738927,
0,
0,
0.001843902,
0.006839737,
4.916956e-12,
0.3342756,
0,
0,
0.003080182,
0,
0.01784476,
0.001002753,
0.2894732,
0.05960107,
0,
0,
0.005148756,
0,
0,
0.07161104,
0.09554937,
0.05279506,
0,
0.01766364,
0.01632336,
0,
0,
0.006966441,
0.02866481,
0,
0.1306075,
0,
0,
0.005800612,
0,
0.01299936,
0.002745349,
0.2036512,
0.05531976,
0,
0,
0.01300942,
0,
0,
0.1065508,
0.09635383,
0.07715804,
0,
0.04124327,
0.04473641,
0,
0,
0.02793246,
0.08136746,
0.1005246,
0.4884,
0,
0,
0.001489582,
0,
0.01213834,
0.0007841334,
0.2435621,
0.0354014,
0,
0,
0.003367525,
0,
0,
0.03742533,
0.06558011,
0.03127579,
0,
0.0149235,
0.01230694,
0,
0,
0.004938717,
0.01691427,
0.03149224,
0.5767953,
0,
0,
0.0008606894,
0,
0.01089451,
0.0001866612,
0.2333182,
0.03076951,
0,
0,
0.001261874,
0,
0,
0.02723217,
0.05917214,
0.02731078,
0,
0.006525809,
0.006854284,
0,
0,
0.003689827,
0.01512821,
1.38607e-09,
0.6253924,
0,
0,
0.003462851,
0,
0.007473533,
0.001759266,
0.1827835,
0.01939013,
0,
0,
0.003726593,
0,
0,
0.0386332,
0.0445411,
0.02056515,
0,
0.02040699,
0.01263068,
0,
0,
0.004520058,
0.0147146,
0,
0.7259767,
0,
0,
0.002353413,
0,
0.00555362,
0.001007945,
0.1552422,
0.01320029,
0,
0,
0.002005105,
0,
0,
0.02568978,
0.03061755,
0.01161622,
0,
0.01219799,
0.00651503,
0,
0,
0.001801951,
0.006222168,
0,
0.2452831,
0,
0,
0.004240416,
0,
0.01805448,
0.00169892,
0.2793111,
0.06680017,
0,
0,
0.009314562,
0,
0,
0.09382395,
0.1043816,
0.06485904,
0,
0.02925385,
0.02903087,
0,
0,
0.01356037,
0.04038761,
3.268497e-13,
0.1437178,
0,
0,
0.0005552502,
0,
0.01956138,
0.0002407427,
0.3115012,
0.09668615,
0,
0,
0.004107832,
0,
0,
0.05611604,
0.139239,
0.1028046,
0,
0.01299793,
0.022908,
0,
0,
0.01855754,
0.07100639,
0,
0.09773398,
0,
0,
0.01220981,
0,
0.01418231,
0.00200649,
0.2276451,
0.07262075,
0,
0,
0.01401672,
0,
0,
0.1958715,
0.1078123,
0.08481324,
0,
0.03752845,
0.04345362,
0,
0,
0.02329101,
0.06681467,
0,
0.02038739,
0,
0,
0.006745472,
0,
0.006542221,
0.001569421,
0.1347586,
0.05948512,
0,
0,
0.01515279,
0,
0,
0.2075024,
0.09505589,
0.1180367,
0,
0.03782695,
0.05852653,
0,
0,
0.04749109,
0.1909195,
1.455476e-10,
0.2593522,
0,
0,
0.008532844,
0,
0.01704304,
0.002239481,
0.2635632,
0.05967821,
0,
0,
0.01004463,
0,
0,
0.1151975,
0.09593034,
0.05809553,
0,
0.03215336,
0.02909574,
0,
0,
0.0126544,
0.03641953,
0,
0.2810102,
0,
0,
0.009995648,
0,
0.0159519,
0.001819684,
0.2546411,
0.05427396,
0,
0,
0.008248466,
0,
0,
0.1161397,
0.09242985,
0.0567425,
0,
0.02869814,
0.02711897,
0,
0,
0.01323246,
0.03969739,
4.252797e-09,
0.1394137,
0,
0,
0.01452818,
0,
0.01339642,
0.001153097,
0.2096784,
0.05610498,
0,
0,
0.007091412,
0,
0,
0.1601289,
0.1046372,
0.08907764,
0,
0.02581975,
0.03453464,
0,
0,
0.03017399,
0.1142617,
6.750838e-09,
0.8188523,
0,
0,
7.078173e-05,
0,
0.004357062,
3.121689e-07,
0.1343909,
0.009774846,
0,
0,
1.088641e-05,
0,
0,
0.004515443,
0.02006671,
0.005755635,
0,
0.0001122164,
0.0002154522,
0,
0,
0.0001882573,
0.001689218,
0,
0.3292227,
0,
0,
0.004253076,
0,
0.01655605,
0.0005085294,
0.2724344,
0.05478468,
0,
0,
0.003397217,
0,
0,
0.07887819,
0.09689135,
0.0587243,
0,
0.01399171,
0.01667436,
0,
0,
0.01110773,
0.04257575,
0,
0.05517831,
0,
0,
0.02928022,
0,
0.008770047,
0.002108042,
0.1876932,
0.06048605,
0,
0,
0.01605598,
0,
0,
0.3440529,
0.08534432,
0.06724297,
0,
0.03961143,
0.04135709,
0,
0,
0.01636066,
0.04645887,
0,
0.1282434,
0,
0,
0.008828524,
0,
0.01751778,
0.0008651012,
0.2789708,
0.08690301,
0,
0,
0.007473061,
0,
0,
0.1832002,
0.1158496,
0.07854501,
0,
0.01927672,
0.02208418,
0,
0,
0.009969997,
0.04227256,
0,
0.2581327,
0,
0,
0.004629433,
0,
0.01688436,
0.001225692,
0.2621876,
0.05934277,
0,
0,
0.006820063,
0,
0,
0.08792119,
0.1042327,
0.0699368,
0,
0.02490677,
0.02781881,
0,
0,
0.01746362,
0.05849754,
7.923973e-11,
0.3069067,
0,
0,
0.008351986,
0,
0.01581741,
0.0006935892,
0.2588318,
0.05264191,
0,
0,
0.004290781,
0,
0,
0.1040659,
0.09445937,
0.05890736,
0,
0.01715418,
0.01967266,
0,
0,
0.01258818,
0.04561822,
0,
0.08454603,
0,
0,
0.003716666,
0,
0.01460462,
0.001683344,
0.2356683,
0.08113167,
0,
0,
0.01410448,
0,
0,
0.129453,
0.1209568,
0.103452,
0,
0.0377113,
0.04946079,
0,
0,
0.03111218,
0.09239884,
2.914646e-11,
0.07524917,
0,
0,
0.002074264,
0,
0.01334126,
0.001997487,
0.2156487,
0.07511517,
0,
0,
0.01541213,
0,
0,
0.09543979,
0.1199802,
0.1124883,
0,
0.04309733,
0.05886779,
0,
0,
0.04325695,
0.1280315,
0,
0.436287,
0,
0,
0.005388413,
0,
0.01370762,
0.000603462,
0.257777,
0.04159144,
0,
0,
0.002967009,
0,
0,
0.07357121,
0.07557317,
0.03862718,
0,
0.01308316,
0.01231328,
0,
0,
0.006046654,
0.02246349,
0,
0.7771027,
0,
0,
0.001230756,
0,
0.00439452,
0.0009658144,
0.1342013,
0.009865834,
0,
0,
0.001611884,
0,
0,
0.01613889,
0.02427757,
0.008594883,
0,
0.01070386,
0.005141732,
0,
0,
0.001282188,
0.004488086,
5.870859e-12];
